ISO-10303-21;
HEADER;
FILE_DESCRIPTION(('KiCad electronic assembly'),'2;1');
FILE_NAME('reel_right.step','2026-07-14T22:35:12',('Pcbnew'),('Kicad'),
  'Open CASCADE STEP processor 7.9','KiCad to STEP converter','Unknown'
  );
FILE_SCHEMA(('AUTOMOTIVE_DESIGN { 1 0 10303 214 1 1 1 1 }'));
ENDSEC;
DATA;
#1 = APPLICATION_PROTOCOL_DEFINITION('international standard',
  'automotive_design',2000,#2);
#2 = APPLICATION_CONTEXT(
  'core data for automotive mechanical design processes');
#3 = SHAPE_DEFINITION_REPRESENTATION(#4,#10);
#4 = PRODUCT_DEFINITION_SHAPE('','',#5);
#5 = PRODUCT_DEFINITION('design','',#6,#9);
#6 = PRODUCT_DEFINITION_FORMATION('','',#7);
#7 = PRODUCT('reel_right 1','reel_right 1','',(#8));
#8 = PRODUCT_CONTEXT('',#2,'mechanical');
#9 = PRODUCT_DEFINITION_CONTEXT('part definition',#2,'design');
#10 = SHAPE_REPRESENTATION('',(#11,#15),#19);
#11 = AXIS2_PLACEMENT_3D('',#12,#13,#14);
#12 = CARTESIAN_POINT('',(0.,0.,0.));
#13 = DIRECTION('',(0.,0.,1.));
#14 = DIRECTION('',(1.,0.,-0.));
#15 = AXIS2_PLACEMENT_3D('',#16,#17,#18);
#16 = CARTESIAN_POINT('',(0.,0.,0.));
#17 = DIRECTION('',(0.,0.,1.));
#18 = DIRECTION('',(1.,0.,-0.));
#19 = ( GEOMETRIC_REPRESENTATION_CONTEXT(3) 
GLOBAL_UNCERTAINTY_ASSIGNED_CONTEXT((#23)) GLOBAL_UNIT_ASSIGNED_CONTEXT(
(#20,#21,#22)) REPRESENTATION_CONTEXT('Context #1',
  '3D Context with UNIT and UNCERTAINTY') );
#20 = ( LENGTH_UNIT() NAMED_UNIT(*) SI_UNIT(.MILLI.,.METRE.) );
#21 = ( NAMED_UNIT(*) PLANE_ANGLE_UNIT() SI_UNIT($,.RADIAN.) );
#22 = ( NAMED_UNIT(*) SI_UNIT($,.STERADIAN.) SOLID_ANGLE_UNIT() );
#23 = UNCERTAINTY_MEASURE_WITH_UNIT(LENGTH_MEASURE(1.E-07),#20,
  'distance_accuracy_value','confusion accuracy');
#24 = PRODUCT_RELATED_PRODUCT_CATEGORY('part',$,(#7));
#25 = SHAPE_DEFINITION_REPRESENTATION(#26,#32);
#26 = PRODUCT_DEFINITION_SHAPE('','',#27);
#27 = PRODUCT_DEFINITION('design','',#28,#31);
#28 = PRODUCT_DEFINITION_FORMATION('','',#29);
#29 = PRODUCT('reel-right_PCB','reel-right_PCB','',(#30));
#30 = PRODUCT_CONTEXT('',#2,'mechanical');
#31 = PRODUCT_DEFINITION_CONTEXT('part definition',#2,'design');
#32 = ADVANCED_BREP_SHAPE_REPRESENTATION('',(#11,#33),#8071);
#33 = MANIFOLD_SOLID_BREP('',#34);
#34 = CLOSED_SHELL('',(#35,#77,#108,#141,#2315,#4489,#4506,#4523,#4540,
    #4557,#4574,#4591,#4608,#4625,#4642,#4659,#4676,#4693,#4710,#4727,
    #4744,#4761,#4778,#4795,#4812,#4829,#4846,#4863,#4880,#4897,#4914,
    #4931,#4948,#4965,#4982,#4999,#5016,#5033,#5050,#5067,#5084,#5101,
    #5118,#5135,#5152,#5169,#5186,#5203,#5220,#5232,#5249,#5266,#5283,
    #5300,#5317,#5334,#5351,#5368,#5385,#5402,#5419,#5436,#5453,#5470,
    #5487,#5504,#5521,#5538,#5555,#5572,#5589,#5606,#5623,#5640,#5657,
    #5674,#5691,#5708,#5725,#5742,#5759,#5776,#5793,#5810,#5827,#5844,
    #5861,#5878,#5895,#5912,#5929,#5946,#5963,#5980,#5997,#6014,#6031,
    #6048,#6065,#6082,#6099,#6116,#6133,#6150,#6167,#6184,#6201,#6218,
    #6235,#6252,#6269,#6286,#6303,#6320,#6337,#6354,#6371,#6388,#6410,
    #6427,#6444,#6461,#6478,#6495,#6512,#6529,#6546,#6558,#6575,#6592,
    #6609,#6626,#6643,#6660,#6677,#6694,#6711,#6728,#6745,#6762,#6779,
    #6796,#6813,#6830,#6852,#6869,#6886,#6903,#6920,#6937,#6954,#6971,
    #6988,#7005,#7017,#7034,#7051,#7068,#7085,#7102,#7119,#7136,#7153,
    #7170,#7187,#7204,#7221,#7238,#7255,#7272,#7289,#7306,#7323,#7340,
    #7357,#7374,#7391,#7408,#7425,#7442,#7459,#7476,#7493,#7510,#7527,
    #7544,#7561,#7578,#7595,#7612,#7629,#7646,#7663,#7680,#7697,#7714,
    #7731,#7748,#7765,#7782,#7799,#7816,#7833,#7850,#7867,#7884,#7901,
    #7918,#7935,#7952,#7969,#7986,#8003,#8020,#8037,#8054));
#35 = ADVANCED_FACE('',(#36),#72,.T.);
#36 = FACE_BOUND('',#37,.T.);
#37 = EDGE_LOOP('',(#38,#48,#57,#65));
#38 = ORIENTED_EDGE('',*,*,#39,.T.);
#39 = EDGE_CURVE('',#40,#42,#44,.T.);
#40 = VERTEX_POINT('',#41);
#41 = CARTESIAN_POINT('',(126.,-45.5,0.));
#42 = VERTEX_POINT('',#43);
#43 = CARTESIAN_POINT('',(126.,-45.5,1.6));
#44 = LINE('',#45,#46);
#45 = CARTESIAN_POINT('',(126.,-45.5,0.));
#46 = VECTOR('',#47,1.);
#47 = DIRECTION('',(0.,0.,1.));
#48 = ORIENTED_EDGE('',*,*,#49,.T.);
#49 = EDGE_CURVE('',#42,#50,#52,.T.);
#50 = VERTEX_POINT('',#51);
#51 = CARTESIAN_POINT('',(126.5,-46.,1.6));
#52 = CIRCLE('',#53,0.500001333575);
#53 = AXIS2_PLACEMENT_3D('',#54,#55,#56);
#54 = CARTESIAN_POINT('',(125.99999866642,-46.00000133357,1.6));
#55 = DIRECTION('',(0.,0.,-1.));
#56 = DIRECTION('',(2.667139162621E-06,0.999999999996,0.));
#57 = ORIENTED_EDGE('',*,*,#58,.F.);
#58 = EDGE_CURVE('',#59,#50,#61,.T.);
#59 = VERTEX_POINT('',#60);
#60 = CARTESIAN_POINT('',(126.5,-46.,0.));
#61 = LINE('',#62,#63);
#62 = CARTESIAN_POINT('',(126.5,-46.,0.));
#63 = VECTOR('',#64,1.);
#64 = DIRECTION('',(0.,0.,1.));
#65 = ORIENTED_EDGE('',*,*,#66,.F.);
#66 = EDGE_CURVE('',#40,#59,#67,.T.);
#67 = CIRCLE('',#68,0.500001333575);
#68 = AXIS2_PLACEMENT_3D('',#69,#70,#71);
#69 = CARTESIAN_POINT('',(125.99999866642,-46.00000133357,0.));
#70 = DIRECTION('',(0.,0.,-1.));
#71 = DIRECTION('',(2.667139162621E-06,0.999999999996,0.));
#72 = CYLINDRICAL_SURFACE('',#73,0.500001333575);
#73 = AXIS2_PLACEMENT_3D('',#74,#75,#76);
#74 = CARTESIAN_POINT('',(125.99999866642,-46.00000133357,0.));
#75 = DIRECTION('',(0.,0.,-1.));
#76 = DIRECTION('',(2.667139162621E-06,0.999999999996,0.));
#77 = ADVANCED_FACE('',(#78),#103,.T.);
#78 = FACE_BOUND('',#79,.T.);
#79 = EDGE_LOOP('',(#80,#90,#96,#97));
#80 = ORIENTED_EDGE('',*,*,#81,.T.);
#81 = EDGE_CURVE('',#82,#84,#86,.T.);
#82 = VERTEX_POINT('',#83);
#83 = CARTESIAN_POINT('',(106.5,-45.5,0.));
#84 = VERTEX_POINT('',#85);
#85 = CARTESIAN_POINT('',(106.5,-45.5,1.6));
#86 = LINE('',#87,#88);
#87 = CARTESIAN_POINT('',(106.5,-45.5,0.));
#88 = VECTOR('',#89,1.);
#89 = DIRECTION('',(0.,0.,1.));
#90 = ORIENTED_EDGE('',*,*,#91,.T.);
#91 = EDGE_CURVE('',#84,#42,#92,.T.);
#92 = LINE('',#93,#94);
#93 = CARTESIAN_POINT('',(106.5,-45.5,1.6));
#94 = VECTOR('',#95,1.);
#95 = DIRECTION('',(1.,0.,0.));
#96 = ORIENTED_EDGE('',*,*,#39,.F.);
#97 = ORIENTED_EDGE('',*,*,#98,.F.);
#98 = EDGE_CURVE('',#82,#40,#99,.T.);
#99 = LINE('',#100,#101);
#100 = CARTESIAN_POINT('',(106.5,-45.5,0.));
#101 = VECTOR('',#102,1.);
#102 = DIRECTION('',(1.,0.,0.));
#103 = PLANE('',#104);
#104 = AXIS2_PLACEMENT_3D('',#105,#106,#107);
#105 = CARTESIAN_POINT('',(106.5,-45.5,0.));
#106 = DIRECTION('',(0.,1.,0.));
#107 = DIRECTION('',(1.,0.,0.));
#108 = ADVANCED_FACE('',(#109),#136,.F.);
#109 = FACE_BOUND('',#110,.T.);
#110 = EDGE_LOOP('',(#111,#112,#121,#129));
#111 = ORIENTED_EDGE('',*,*,#58,.T.);
#112 = ORIENTED_EDGE('',*,*,#113,.T.);
#113 = EDGE_CURVE('',#50,#114,#116,.T.);
#114 = VERTEX_POINT('',#115);
#115 = CARTESIAN_POINT('',(127.,-46.5,1.6));
#116 = CIRCLE('',#117,0.500001333575);
#117 = AXIS2_PLACEMENT_3D('',#118,#119,#120);
#118 = CARTESIAN_POINT('',(127.00000133357,-45.99999866642,1.6));
#119 = DIRECTION('',(0.,0.,1.));
#120 = DIRECTION('',(-0.999999999996,-2.667139162621E-06,0.));
#121 = ORIENTED_EDGE('',*,*,#122,.F.);
#122 = EDGE_CURVE('',#123,#114,#125,.T.);
#123 = VERTEX_POINT('',#124);
#124 = CARTESIAN_POINT('',(127.,-46.5,0.));
#125 = LINE('',#126,#127);
#126 = CARTESIAN_POINT('',(127.,-46.5,0.));
#127 = VECTOR('',#128,1.);
#128 = DIRECTION('',(0.,0.,1.));
#129 = ORIENTED_EDGE('',*,*,#130,.F.);
#130 = EDGE_CURVE('',#59,#123,#131,.T.);
#131 = CIRCLE('',#132,0.500001333575);
#132 = AXIS2_PLACEMENT_3D('',#133,#134,#135);
#133 = CARTESIAN_POINT('',(127.00000133357,-45.99999866642,0.));
#134 = DIRECTION('',(0.,0.,1.));
#135 = DIRECTION('',(-0.999999999996,-2.667139162621E-06,0.));
#136 = CYLINDRICAL_SURFACE('',#137,0.500001333575);
#137 = AXIS2_PLACEMENT_3D('',#138,#139,#140);
#138 = CARTESIAN_POINT('',(127.00000133357,-45.99999866642,0.));
#139 = DIRECTION('',(-0.,-0.,-1.));
#140 = DIRECTION('',(-0.999999999996,-2.667139162621E-06,0.));
#141 = ADVANCED_FACE('',(#142,#519,#530,#541,#552,#563,#574,#585,#596,
    #607,#618,#629,#640,#651,#662,#673,#684,#695,#706,#717,#728,#739,
    #750,#761,#772,#783,#794,#805,#816,#827,#838,#849,#860,#871,#882,
    #893,#904,#915,#926,#937,#948,#959,#970,#981,#992,#1003,#1014,#1025,
    #1036,#1047,#1058,#1069,#1080,#1091,#1102,#1113,#1124,#1135,#1146,
    #1157,#1168,#1179,#1190,#1201,#1212,#1223,#1234,#1245,#1256,#1267,
    #1355,#1366,#1377,#1388,#1399,#1410,#1421,#1432,#1443,#1454,#1465,
    #1476,#1487,#1498,#1509,#1520,#1531,#1628,#1639,#1650,#1661,#1672,
    #1683,#1694,#1705,#1716,#1727,#1738,#1749,#1760,#1771,#1782,#1793,
    #1804,#1815,#1826,#1837,#1848,#1859,#1870,#1881,#1892,#1903,#1914,
    #1925,#1936,#1947,#1958,#1969,#1980,#1991,#2002,#2013,#2024,#2035,
    #2046,#2057,#2068,#2079,#2090,#2101,#2112,#2123,#2134,#2145,#2156,
    #2167,#2178,#2189,#2200,#2211,#2222,#2233,#2244,#2255,#2266,#2277,
    #2288,#2299),#2310,.F.);
#142 = FACE_BOUND('',#143,.F.);
#143 = EDGE_LOOP('',(#144,#145,#146,#155,#163,#172,#180,#189,#197,#206,
    #214,#223,#231,#240,#248,#257,#265,#274,#282,#291,#299,#308,#316,
    #325,#333,#342,#350,#359,#367,#376,#384,#393,#401,#410,#418,#427,
    #435,#444,#452,#461,#469,#478,#486,#495,#503,#512,#518));
#144 = ORIENTED_EDGE('',*,*,#66,.F.);
#145 = ORIENTED_EDGE('',*,*,#98,.F.);
#146 = ORIENTED_EDGE('',*,*,#147,.F.);
#147 = EDGE_CURVE('',#148,#82,#150,.T.);
#148 = VERTEX_POINT('',#149);
#149 = CARTESIAN_POINT('',(105.5,-46.5,0.));
#150 = CIRCLE('',#151,0.999999252925);
#151 = AXIS2_PLACEMENT_3D('',#152,#153,#154);
#152 = CARTESIAN_POINT('',(106.49999925292,-46.49999925292,0.));
#153 = DIRECTION('',(0.,0.,-1.));
#154 = DIRECTION('',(-1.,-7.470757349539E-07,-0.));
#155 = ORIENTED_EDGE('',*,*,#156,.F.);
#156 = EDGE_CURVE('',#157,#148,#159,.T.);
#157 = VERTEX_POINT('',#158);
#158 = CARTESIAN_POINT('',(105.5,-47.,0.));
#159 = LINE('',#160,#161);
#160 = CARTESIAN_POINT('',(105.5,-47.,0.));
#161 = VECTOR('',#162,1.);
#162 = DIRECTION('',(0.,1.,0.));
#163 = ORIENTED_EDGE('',*,*,#164,.F.);
#164 = EDGE_CURVE('',#165,#157,#167,.T.);
#165 = VERTEX_POINT('',#166);
#166 = CARTESIAN_POINT('',(104.5,-48.,0.));
#167 = CIRCLE('',#168,0.999999252925);
#168 = AXIS2_PLACEMENT_3D('',#169,#170,#171);
#169 = CARTESIAN_POINT('',(104.50000074707,-47.00000074707,0.));
#170 = DIRECTION('',(0.,0.,1.));
#171 = DIRECTION('',(-7.470757349539E-07,-1.,0.));
#172 = ORIENTED_EDGE('',*,*,#173,.F.);
#173 = EDGE_CURVE('',#174,#165,#176,.T.);
#174 = VERTEX_POINT('',#175);
#175 = CARTESIAN_POINT('',(86.25,-48.,0.));
#176 = LINE('',#177,#178);
#177 = CARTESIAN_POINT('',(86.25,-48.,0.));
#178 = VECTOR('',#179,1.);
#179 = DIRECTION('',(1.,0.,0.));
#180 = ORIENTED_EDGE('',*,*,#181,.F.);
#181 = EDGE_CURVE('',#182,#174,#184,.T.);
#182 = VERTEX_POINT('',#183);
#183 = CARTESIAN_POINT('',(85.25,-49.,0.));
#184 = CIRCLE('',#185,0.999999252925);
#185 = AXIS2_PLACEMENT_3D('',#186,#187,#188);
#186 = CARTESIAN_POINT('',(86.249999252925,-48.99999925292,0.));
#187 = DIRECTION('',(0.,0.,-1.));
#188 = DIRECTION('',(-1.,-7.470757349539E-07,-0.));
#189 = ORIENTED_EDGE('',*,*,#190,.F.);
#190 = EDGE_CURVE('',#191,#182,#193,.T.);
#191 = VERTEX_POINT('',#192);
#192 = CARTESIAN_POINT('',(85.25,-49.5,0.));
#193 = LINE('',#194,#195);
#194 = CARTESIAN_POINT('',(85.25,-49.5,0.));
#195 = VECTOR('',#196,1.);
#196 = DIRECTION('',(0.,1.,0.));
#197 = ORIENTED_EDGE('',*,*,#198,.F.);
#198 = EDGE_CURVE('',#199,#191,#201,.T.);
#199 = VERTEX_POINT('',#200);
#200 = CARTESIAN_POINT('',(84.25,-50.5,0.));
#201 = CIRCLE('',#202,0.999999252925);
#202 = AXIS2_PLACEMENT_3D('',#203,#204,#205);
#203 = CARTESIAN_POINT('',(84.250000747075,-49.50000074707,0.));
#204 = DIRECTION('',(0.,0.,1.));
#205 = DIRECTION('',(-7.470757349539E-07,-1.,0.));
#206 = ORIENTED_EDGE('',*,*,#207,.F.);
#207 = EDGE_CURVE('',#208,#199,#210,.T.);
#208 = VERTEX_POINT('',#209);
#209 = CARTESIAN_POINT('',(50.5,-50.5,0.));
#210 = LINE('',#211,#212);
#211 = CARTESIAN_POINT('',(50.5,-50.5,0.));
#212 = VECTOR('',#213,1.);
#213 = DIRECTION('',(1.,0.,0.));
#214 = ORIENTED_EDGE('',*,*,#215,.F.);
#215 = EDGE_CURVE('',#216,#208,#218,.T.);
#216 = VERTEX_POINT('',#217);
#217 = CARTESIAN_POINT('',(49.5,-51.5,0.));
#218 = CIRCLE('',#219,0.999999252925);
#219 = AXIS2_PLACEMENT_3D('',#220,#221,#222);
#220 = CARTESIAN_POINT('',(50.499999252925,-51.49999925292,0.));
#221 = DIRECTION('',(0.,0.,-1.));
#222 = DIRECTION('',(-1.,-7.470757491648E-07,-0.));
#223 = ORIENTED_EDGE('',*,*,#224,.F.);
#224 = EDGE_CURVE('',#225,#216,#227,.T.);
#225 = VERTEX_POINT('',#226);
#226 = CARTESIAN_POINT('',(49.5,-112.92265,0.));
#227 = LINE('',#228,#229);
#228 = CARTESIAN_POINT('',(49.5,-112.92265,0.));
#229 = VECTOR('',#230,1.);
#230 = DIRECTION('',(0.,1.,0.));
#231 = ORIENTED_EDGE('',*,*,#232,.F.);
#232 = EDGE_CURVE('',#233,#225,#235,.T.);
#233 = VERTEX_POINT('',#234);
#234 = CARTESIAN_POINT('',(49.,-113.788675,0.));
#235 = CIRCLE('',#236,1.000000955365);
#236 = AXIS2_PLACEMENT_3D('',#237,#238,#239);
#237 = CARTESIAN_POINT('',(48.499999044635,-112.9226490446,0.));
#238 = DIRECTION('',(0.,0.,1.));
#239 = DIRECTION('',(0.500000477682,-0.866025127995,0.));
#240 = ORIENTED_EDGE('',*,*,#241,.F.);
#241 = EDGE_CURVE('',#242,#233,#244,.T.);
#242 = VERTEX_POINT('',#243);
#243 = CARTESIAN_POINT('',(46.35288,-115.31699,0.));
#244 = LINE('',#245,#246);
#245 = CARTESIAN_POINT('',(46.35288,-115.31699,0.));
#246 = VECTOR('',#247,1.);
#247 = DIRECTION('',(0.866025466765,0.499999890915,0.));
#248 = ORIENTED_EDGE('',*,*,#249,.F.);
#249 = EDGE_CURVE('',#250,#242,#252,.T.);
#250 = VERTEX_POINT('',#251);
#251 = CARTESIAN_POINT('',(45.986856,-116.683017,0.));
#252 = CIRCLE('',#253,0.999999282748);
#253 = AXIS2_PLACEMENT_3D('',#254,#255,#256);
#254 = CARTESIAN_POINT('',(46.852879381868,-116.1830149324,0.));
#255 = DIRECTION('',(0.,0.,-1.));
#256 = DIRECTION('',(-0.866024003026,-0.500002426177,-0.));
#257 = ORIENTED_EDGE('',*,*,#258,.F.);
#258 = EDGE_CURVE('',#259,#250,#261,.T.);
#259 = VERTEX_POINT('',#260);
#260 = CARTESIAN_POINT('',(54.503472,-131.434154,0.));
#261 = LINE('',#262,#263);
#262 = CARTESIAN_POINT('',(54.503472,-131.434154,0.));
#263 = VECTOR('',#264,1.);
#264 = DIRECTION('',(-0.500001896983,0.866024308558,0.));
#265 = ORIENTED_EDGE('',*,*,#266,.F.);
#266 = EDGE_CURVE('',#267,#259,#269,.T.);
#267 = VERTEX_POINT('',#268);
#268 = CARTESIAN_POINT('',(56.753158,-132.366002,0.));
#269 = CIRCLE('',#270,1.999999134954);
#270 = AXIS2_PLACEMENT_3D('',#271,#272,#273);
#271 = CARTESIAN_POINT('',(56.235520175783,-130.4341511717,0.));
#272 = DIRECTION('',(0.,0.,-1.));
#273 = DIRECTION('',(0.258819024054,-0.965925831929,0.));
#274 = ORIENTED_EDGE('',*,*,#275,.F.);
#275 = EDGE_CURVE('',#276,#267,#278,.T.);
#276 = VERTEX_POINT('',#277);
#277 = CARTESIAN_POINT('',(91.871403,-122.956097,0.));
#278 = LINE('',#279,#280);
#279 = CARTESIAN_POINT('',(91.871403,-122.956097,0.));
#280 = VECTOR('',#281,1.);
#281 = DIRECTION('',(-0.965925828953,-0.258819035162,0.));
#282 = ORIENTED_EDGE('',*,*,#283,.F.);
#283 = EDGE_CURVE('',#284,#276,#286,.T.);
#284 = VERTEX_POINT('',#285);
#285 = CARTESIAN_POINT('',(93.19777,-120.532314,0.));
#286 = CIRCLE('',#287,1.999903938058);
#287 = AXIS2_PLACEMENT_3D('',#288,#289,#290);
#288 = CARTESIAN_POINT('',(91.266034893959,-121.0500158848,0.));
#289 = DIRECTION('',(0.,0.,-1.));
#290 = DIRECTION('',(0.965913946806,0.258863375869,0.));
#291 = ORIENTED_EDGE('',*,*,#292,.F.);
#292 = EDGE_CURVE('',#293,#284,#295,.T.);
#293 = VERTEX_POINT('',#294);
#294 = CARTESIAN_POINT('',(90.052523,-108.794095,0.));
#295 = LINE('',#296,#297);
#296 = CARTESIAN_POINT('',(90.052523,-108.794095,0.));
#297 = VECTOR('',#298,1.);
#298 = DIRECTION('',(0.258819098721,-0.965925811922,0.));
#299 = ORIENTED_EDGE('',*,*,#300,.F.);
#300 = EDGE_CURVE('',#301,#293,#303,.T.);
#301 = VERTEX_POINT('',#302);
#302 = CARTESIAN_POINT('',(94.882152,-102.5,0.));
#303 = CIRCLE('',#304,5.000000766444);
#304 = AXIS2_PLACEMENT_3D('',#305,#306,#307);
#305 = CARTESIAN_POINT('',(94.882153190721,-107.5000007664,0.));
#306 = DIRECTION('',(0.,0.,1.));
#307 = DIRECTION('',(-2.381440855174E-07,1.,0.));
#308 = ORIENTED_EDGE('',*,*,#309,.F.);
#309 = EDGE_CURVE('',#310,#301,#312,.T.);
#310 = VERTEX_POINT('',#311);
#311 = CARTESIAN_POINT('',(135.,-102.5,0.));
#312 = LINE('',#313,#314);
#313 = CARTESIAN_POINT('',(135.,-102.5,0.));
#314 = VECTOR('',#315,1.);
#315 = DIRECTION('',(-1.,0.,0.));
#316 = ORIENTED_EDGE('',*,*,#317,.F.);
#317 = EDGE_CURVE('',#318,#310,#320,.T.);
#318 = VERTEX_POINT('',#319);
#319 = CARTESIAN_POINT('',(136.,-103.5,0.));
#320 = CIRCLE('',#321,0.999999252925);
#321 = AXIS2_PLACEMENT_3D('',#322,#323,#324);
#322 = CARTESIAN_POINT('',(135.00000074707,-103.4999992529,0.));
#323 = DIRECTION('',(0.,0.,1.));
#324 = DIRECTION('',(1.,-7.470757491648E-07,0.));
#325 = ORIENTED_EDGE('',*,*,#326,.F.);
#326 = EDGE_CURVE('',#327,#318,#329,.T.);
#327 = VERTEX_POINT('',#328);
#328 = CARTESIAN_POINT('',(136.,-125.5,0.));
#329 = LINE('',#330,#331);
#330 = CARTESIAN_POINT('',(136.,-125.5,0.));
#331 = VECTOR('',#332,1.);
#332 = DIRECTION('',(0.,1.,0.));
#333 = ORIENTED_EDGE('',*,*,#334,.F.);
#334 = EDGE_CURVE('',#335,#327,#337,.T.);
#335 = VERTEX_POINT('',#336);
#336 = CARTESIAN_POINT('',(137.,-126.5,0.));
#337 = CIRCLE('',#338,0.999999252925);
#338 = AXIS2_PLACEMENT_3D('',#339,#340,#341);
#339 = CARTESIAN_POINT('',(136.99999925292,-125.500000747,0.));
#340 = DIRECTION('',(0.,0.,-1.));
#341 = DIRECTION('',(7.470757349539E-07,-1.,0.));
#342 = ORIENTED_EDGE('',*,*,#343,.F.);
#343 = EDGE_CURVE('',#344,#335,#346,.T.);
#344 = VERTEX_POINT('',#345);
#345 = CARTESIAN_POINT('',(142.,-126.5,0.));
#346 = LINE('',#347,#348);
#347 = CARTESIAN_POINT('',(142.,-126.5,0.));
#348 = VECTOR('',#349,1.);
#349 = DIRECTION('',(-1.,0.,0.));
#350 = ORIENTED_EDGE('',*,*,#351,.F.);
#351 = EDGE_CURVE('',#352,#344,#354,.T.);
#352 = VERTEX_POINT('',#353);
#353 = CARTESIAN_POINT('',(143.,-125.5,0.));
#354 = CIRCLE('',#355,0.999999252925);
#355 = AXIS2_PLACEMENT_3D('',#356,#357,#358);
#356 = CARTESIAN_POINT('',(142.00000074707,-125.500000747,0.));
#357 = DIRECTION('',(0.,0.,-1.));
#358 = DIRECTION('',(1.,7.470757491648E-07,0.));
#359 = ORIENTED_EDGE('',*,*,#360,.F.);
#360 = EDGE_CURVE('',#361,#352,#363,.T.);
#361 = VERTEX_POINT('',#362);
#362 = CARTESIAN_POINT('',(143.,-111.5,0.));
#363 = LINE('',#364,#365);
#364 = CARTESIAN_POINT('',(143.,-111.5,0.));
#365 = VECTOR('',#366,1.);
#366 = DIRECTION('',(0.,-1.,0.));
#367 = ORIENTED_EDGE('',*,*,#368,.F.);
#368 = EDGE_CURVE('',#369,#361,#371,.T.);
#369 = VERTEX_POINT('',#370);
#370 = CARTESIAN_POINT('',(144.,-110.5,0.));
#371 = CIRCLE('',#372,0.999999252925);
#372 = AXIS2_PLACEMENT_3D('',#373,#374,#375);
#373 = CARTESIAN_POINT('',(143.99999925292,-111.4999992529,0.));
#374 = DIRECTION('',(0.,0.,1.));
#375 = DIRECTION('',(7.470757349539E-07,1.,-0.));
#376 = ORIENTED_EDGE('',*,*,#377,.F.);
#377 = EDGE_CURVE('',#378,#369,#380,.T.);
#378 = VERTEX_POINT('',#379);
#379 = CARTESIAN_POINT('',(165.5,-110.5,0.));
#380 = LINE('',#381,#382);
#381 = CARTESIAN_POINT('',(165.5,-110.5,0.));
#382 = VECTOR('',#383,1.);
#383 = DIRECTION('',(-1.,0.,0.));
#384 = ORIENTED_EDGE('',*,*,#385,.F.);
#385 = EDGE_CURVE('',#386,#378,#388,.T.);
#386 = VERTEX_POINT('',#387);
#387 = CARTESIAN_POINT('',(166.5,-109.5,0.));
#388 = CIRCLE('',#389,0.999999252925);
#389 = AXIS2_PLACEMENT_3D('',#390,#391,#392);
#390 = CARTESIAN_POINT('',(165.50000074707,-109.500000747,0.));
#391 = DIRECTION('',(0.,0.,-1.));
#392 = DIRECTION('',(1.,7.470757491648E-07,0.));
#393 = ORIENTED_EDGE('',*,*,#394,.F.);
#394 = EDGE_CURVE('',#395,#386,#397,.T.);
#395 = VERTEX_POINT('',#396);
#396 = CARTESIAN_POINT('',(166.5,-107.5,0.));
#397 = LINE('',#398,#399);
#398 = CARTESIAN_POINT('',(166.5,-107.5,0.));
#399 = VECTOR('',#400,1.);
#400 = DIRECTION('',(0.,-1.,0.));
#401 = ORIENTED_EDGE('',*,*,#402,.F.);
#402 = EDGE_CURVE('',#403,#395,#405,.T.);
#403 = VERTEX_POINT('',#404);
#404 = CARTESIAN_POINT('',(167.5,-106.5,0.));
#405 = CIRCLE('',#406,0.999999252925);
#406 = AXIS2_PLACEMENT_3D('',#407,#408,#409);
#407 = CARTESIAN_POINT('',(167.49999925292,-107.4999992529,0.));
#408 = DIRECTION('',(0.,0.,1.));
#409 = DIRECTION('',(7.470757349539E-07,1.,-0.));
#410 = ORIENTED_EDGE('',*,*,#411,.F.);
#411 = EDGE_CURVE('',#412,#403,#414,.T.);
#412 = VERTEX_POINT('',#413);
#413 = CARTESIAN_POINT('',(179.5,-106.5,0.));
#414 = LINE('',#415,#416);
#415 = CARTESIAN_POINT('',(179.5,-106.5,0.));
#416 = VECTOR('',#417,1.);
#417 = DIRECTION('',(-1.,0.,0.));
#418 = ORIENTED_EDGE('',*,*,#419,.F.);
#419 = EDGE_CURVE('',#420,#412,#422,.T.);
#420 = VERTEX_POINT('',#421);
#421 = CARTESIAN_POINT('',(180.5,-105.5,0.));
#422 = CIRCLE('',#423,0.999999252925);
#423 = AXIS2_PLACEMENT_3D('',#424,#425,#426);
#424 = CARTESIAN_POINT('',(179.50000074707,-105.500000747,0.));
#425 = DIRECTION('',(0.,0.,-1.));
#426 = DIRECTION('',(1.,7.470757491648E-07,0.));
#427 = ORIENTED_EDGE('',*,*,#428,.F.);
#428 = EDGE_CURVE('',#429,#420,#431,.T.);
#429 = VERTEX_POINT('',#430);
#430 = CARTESIAN_POINT('',(180.5,-70.5,0.));
#431 = LINE('',#432,#433);
#432 = CARTESIAN_POINT('',(180.5,-70.5,0.));
#433 = VECTOR('',#434,1.);
#434 = DIRECTION('',(0.,-1.,0.));
#435 = ORIENTED_EDGE('',*,*,#436,.F.);
#436 = EDGE_CURVE('',#437,#429,#439,.T.);
#437 = VERTEX_POINT('',#438);
#438 = CARTESIAN_POINT('',(179.5,-69.5,0.));
#439 = CIRCLE('',#440,0.999999252925);
#440 = AXIS2_PLACEMENT_3D('',#441,#442,#443);
#441 = CARTESIAN_POINT('',(179.50000074707,-70.49999925292,0.));
#442 = DIRECTION('',(0.,0.,-1.));
#443 = DIRECTION('',(-7.470757349539E-07,1.,0.));
#444 = ORIENTED_EDGE('',*,*,#445,.F.);
#445 = EDGE_CURVE('',#446,#437,#448,.T.);
#446 = VERTEX_POINT('',#447);
#447 = CARTESIAN_POINT('',(163.5,-69.5,0.));
#448 = LINE('',#449,#450);
#449 = CARTESIAN_POINT('',(163.5,-69.5,0.));
#450 = VECTOR('',#451,1.);
#451 = DIRECTION('',(1.,0.,0.));
#452 = ORIENTED_EDGE('',*,*,#453,.F.);
#453 = EDGE_CURVE('',#454,#446,#456,.T.);
#454 = VERTEX_POINT('',#455);
#455 = CARTESIAN_POINT('',(162.5,-68.5,0.));
#456 = CIRCLE('',#457,0.999999252925);
#457 = AXIS2_PLACEMENT_3D('',#458,#459,#460);
#458 = CARTESIAN_POINT('',(163.49999925292,-68.50000074707,0.));
#459 = DIRECTION('',(0.,0.,1.));
#460 = DIRECTION('',(-1.,7.470757491648E-07,0.));
#461 = ORIENTED_EDGE('',*,*,#462,.F.);
#462 = EDGE_CURVE('',#463,#454,#465,.T.);
#463 = VERTEX_POINT('',#464);
#464 = CARTESIAN_POINT('',(162.5,-57.5,0.));
#465 = LINE('',#466,#467);
#466 = CARTESIAN_POINT('',(162.5,-57.5,0.));
#467 = VECTOR('',#468,1.);
#468 = DIRECTION('',(0.,-1.,0.));
#469 = ORIENTED_EDGE('',*,*,#470,.F.);
#470 = EDGE_CURVE('',#471,#463,#473,.T.);
#471 = VERTEX_POINT('',#472);
#472 = CARTESIAN_POINT('',(161.5,-56.5,0.));
#473 = CIRCLE('',#474,0.999999252925);
#474 = AXIS2_PLACEMENT_3D('',#475,#476,#477);
#475 = CARTESIAN_POINT('',(161.50000074707,-57.49999925292,0.));
#476 = DIRECTION('',(0.,0.,-1.));
#477 = DIRECTION('',(-7.470757633756E-07,1.,0.));
#478 = ORIENTED_EDGE('',*,*,#479,.F.);
#479 = EDGE_CURVE('',#480,#471,#482,.T.);
#480 = VERTEX_POINT('',#481);
#481 = CARTESIAN_POINT('',(149.5,-56.5,0.));
#482 = LINE('',#483,#484);
#483 = CARTESIAN_POINT('',(149.5,-56.5,0.));
#484 = VECTOR('',#485,1.);
#485 = DIRECTION('',(1.,0.,0.));
#486 = ORIENTED_EDGE('',*,*,#487,.F.);
#487 = EDGE_CURVE('',#488,#480,#490,.T.);
#488 = VERTEX_POINT('',#489);
#489 = CARTESIAN_POINT('',(148.5,-55.5,0.));
#490 = CIRCLE('',#491,0.999999252925);
#491 = AXIS2_PLACEMENT_3D('',#492,#493,#494);
#492 = CARTESIAN_POINT('',(149.49999925292,-55.50000074707,0.));
#493 = DIRECTION('',(0.,0.,1.));
#494 = DIRECTION('',(-1.,7.470757562702E-07,0.));
#495 = ORIENTED_EDGE('',*,*,#496,.F.);
#496 = EDGE_CURVE('',#497,#488,#499,.T.);
#497 = VERTEX_POINT('',#498);
#498 = CARTESIAN_POINT('',(148.5,-47.5,0.));
#499 = LINE('',#500,#501);
#500 = CARTESIAN_POINT('',(148.5,-47.5,0.));
#501 = VECTOR('',#502,1.);
#502 = DIRECTION('',(0.,-1.,0.));
#503 = ORIENTED_EDGE('',*,*,#504,.F.);
#504 = EDGE_CURVE('',#505,#497,#507,.T.);
#505 = VERTEX_POINT('',#506);
#506 = CARTESIAN_POINT('',(147.5,-46.5,0.));
#507 = CIRCLE('',#508,0.999999252925);
#508 = AXIS2_PLACEMENT_3D('',#509,#510,#511);
#509 = CARTESIAN_POINT('',(147.50000074707,-47.49999925292,0.));
#510 = DIRECTION('',(0.,0.,-1.));
#511 = DIRECTION('',(-7.470757633756E-07,1.,0.));
#512 = ORIENTED_EDGE('',*,*,#513,.F.);
#513 = EDGE_CURVE('',#123,#505,#514,.T.);
#514 = LINE('',#515,#516);
#515 = CARTESIAN_POINT('',(127.,-46.5,0.));
#516 = VECTOR('',#517,1.);
#517 = DIRECTION('',(1.,0.,0.));
#518 = ORIENTED_EDGE('',*,*,#130,.F.);
#519 = FACE_BOUND('',#520,.F.);
#520 = EDGE_LOOP('',(#521));
#521 = ORIENTED_EDGE('',*,*,#522,.T.);
#522 = EDGE_CURVE('',#523,#523,#525,.T.);
#523 = VERTEX_POINT('',#524);
#524 = CARTESIAN_POINT('',(55.89045,-123.475,0.));
#525 = CIRCLE('',#526,1.525);
#526 = AXIS2_PLACEMENT_3D('',#527,#528,#529);
#527 = CARTESIAN_POINT('',(55.89045,-121.95,0.));
#528 = DIRECTION('',(-0.,0.,-1.));
#529 = DIRECTION('',(-0.,-1.,0.));
#530 = FACE_BOUND('',#531,.F.);
#531 = EDGE_LOOP('',(#532));
#532 = ORIENTED_EDGE('',*,*,#533,.T.);
#533 = EDGE_CURVE('',#534,#534,#536,.T.);
#534 = VERTEX_POINT('',#535);
#535 = CARTESIAN_POINT('',(63.75,-124.71314,0.));
#536 = CIRCLE('',#537,0.95);
#537 = AXIS2_PLACEMENT_3D('',#538,#539,#540);
#538 = CARTESIAN_POINT('',(63.75,-123.76314,0.));
#539 = DIRECTION('',(-0.,0.,-1.));
#540 = DIRECTION('',(-0.,-1.,0.));
#541 = FACE_BOUND('',#542,.F.);
#542 = EDGE_LOOP('',(#543));
#543 = ORIENTED_EDGE('',*,*,#544,.T.);
#544 = EDGE_CURVE('',#545,#545,#547,.T.);
#545 = VERTEX_POINT('',#546);
#546 = CARTESIAN_POINT('',(55.209103,-118.094873,0.));
#547 = CIRCLE('',#548,1.525);
#548 = AXIS2_PLACEMENT_3D('',#549,#550,#551);
#549 = CARTESIAN_POINT('',(55.209103,-116.569873,0.));
#550 = DIRECTION('',(-0.,0.,-1.));
#551 = DIRECTION('',(-0.,-1.,0.));
#552 = FACE_BOUND('',#553,.F.);
#553 = EDGE_LOOP('',(#554));
#554 = ORIENTED_EDGE('',*,*,#555,.T.);
#555 = EDGE_CURVE('',#556,#556,#558,.T.);
#556 = VERTEX_POINT('',#557);
#557 = CARTESIAN_POINT('',(61.,-121.525,0.));
#558 = CIRCLE('',#559,2.525);
#559 = AXIS2_PLACEMENT_3D('',#560,#561,#562);
#560 = CARTESIAN_POINT('',(61.,-119.,0.));
#561 = DIRECTION('',(-0.,0.,-1.));
#562 = DIRECTION('',(-0.,-1.,0.));
#563 = FACE_BOUND('',#564,.F.);
#564 = EDGE_LOOP('',(#565));
#565 = ORIENTED_EDGE('',*,*,#566,.T.);
#566 = EDGE_CURVE('',#567,#567,#569,.T.);
#567 = VERTEX_POINT('',#568);
#568 = CARTESIAN_POINT('',(67.960031,-121.555127,0.));
#569 = CIRCLE('',#570,0.8);
#570 = AXIS2_PLACEMENT_3D('',#571,#572,#573);
#571 = CARTESIAN_POINT('',(67.960031,-120.755127,0.));
#572 = DIRECTION('',(-0.,0.,-1.));
#573 = DIRECTION('',(-0.,-1.,0.));
#574 = FACE_BOUND('',#575,.F.);
#575 = EDGE_LOOP('',(#576));
#576 = ORIENTED_EDGE('',*,*,#577,.T.);
#577 = EDGE_CURVE('',#578,#578,#580,.T.);
#578 = VERTEX_POINT('',#579);
#579 = CARTESIAN_POINT('',(77.153883,-121.989613,0.));
#580 = CIRCLE('',#581,1.525);
#581 = AXIS2_PLACEMENT_3D('',#582,#583,#584);
#582 = CARTESIAN_POINT('',(77.153883,-120.464613,0.));
#583 = DIRECTION('',(-0.,0.,-1.));
#584 = DIRECTION('',(-9.31859325587E-15,-1.,0.));
#585 = FACE_BOUND('',#586,.F.);
#586 = EDGE_LOOP('',(#587));
#587 = ORIENTED_EDGE('',*,*,#588,.T.);
#588 = EDGE_CURVE('',#589,#589,#591,.T.);
#589 = VERTEX_POINT('',#590);
#590 = CARTESIAN_POINT('',(75.687408,-117.873505,0.));
#591 = CIRCLE('',#592,0.95);
#592 = AXIS2_PLACEMENT_3D('',#593,#594,#595);
#593 = CARTESIAN_POINT('',(75.687408,-116.923505,0.));
#594 = DIRECTION('',(-0.,0.,-1.));
#595 = DIRECTION('',(-0.,-1.,0.));
#596 = FACE_BOUND('',#597,.F.);
#597 = EDGE_LOOP('',(#598));
#598 = ORIENTED_EDGE('',*,*,#599,.T.);
#599 = EDGE_CURVE('',#600,#600,#602,.T.);
#600 = VERTEX_POINT('',#601);
#601 = CARTESIAN_POINT('',(81.,-118.025,0.));
#602 = CIRCLE('',#603,2.525);
#603 = AXIS2_PLACEMENT_3D('',#604,#605,#606);
#604 = CARTESIAN_POINT('',(81.,-115.5,0.));
#605 = DIRECTION('',(-0.,0.,-1.));
#606 = DIRECTION('',(-0.,-1.,0.));
#607 = FACE_BOUND('',#608,.F.);
#608 = EDGE_LOOP('',(#609));
#609 = ORIENTED_EDGE('',*,*,#610,.T.);
#610 = EDGE_CURVE('',#611,#611,#613,.T.);
#611 = VERTEX_POINT('',#612);
#612 = CARTESIAN_POINT('',(58.25,-115.18686,0.));
#613 = CIRCLE('',#614,0.95);
#614 = AXIS2_PLACEMENT_3D('',#615,#616,#617);
#615 = CARTESIAN_POINT('',(58.25,-114.23686,0.));
#616 = DIRECTION('',(-0.,0.,-1.));
#617 = DIRECTION('',(-0.,-1.,0.));
#618 = FACE_BOUND('',#619,.F.);
#619 = EDGE_LOOP('',(#620));
#620 = ORIENTED_EDGE('',*,*,#621,.T.);
#621 = EDGE_CURVE('',#622,#622,#624,.T.);
#622 = VERTEX_POINT('',#623);
#623 = CARTESIAN_POINT('',(68.,-109.65,0.));
#624 = CIRCLE('',#625,2.15);
#625 = AXIS2_PLACEMENT_3D('',#626,#627,#628);
#626 = CARTESIAN_POINT('',(68.,-107.5,0.));
#627 = DIRECTION('',(-0.,0.,-1.));
#628 = DIRECTION('',(-0.,-1.,0.));
#629 = FACE_BOUND('',#630,.F.);
#630 = EDGE_LOOP('',(#631));
#631 = ORIENTED_EDGE('',*,*,#632,.T.);
#632 = EDGE_CURVE('',#633,#633,#635,.T.);
#633 = VERTEX_POINT('',#634);
#634 = CARTESIAN_POINT('',(82.527032,-122.723962,0.));
#635 = CIRCLE('',#636,1.525);
#636 = AXIS2_PLACEMENT_3D('',#637,#638,#639);
#637 = CARTESIAN_POINT('',(82.527032,-121.198962,0.));
#638 = DIRECTION('',(-0.,0.,-1.));
#639 = DIRECTION('',(9.31859325587E-15,-1.,-0.));
#640 = FACE_BOUND('',#641,.F.);
#641 = EDGE_LOOP('',(#642));
#642 = ORIENTED_EDGE('',*,*,#643,.T.);
#643 = EDGE_CURVE('',#644,#644,#646,.T.);
#644 = VERTEX_POINT('',#645);
#645 = CARTESIAN_POINT('',(86.312592,-115.026495,0.));
#646 = CIRCLE('',#647,0.95);
#647 = AXIS2_PLACEMENT_3D('',#648,#649,#650);
#648 = CARTESIAN_POINT('',(86.312592,-114.076495,0.));
#649 = DIRECTION('',(-0.,0.,-1.));
#650 = DIRECTION('',(-0.,-1.,0.));
#651 = FACE_BOUND('',#652,.F.);
#652 = EDGE_LOOP('',(#653));
#653 = ORIENTED_EDGE('',*,*,#654,.T.);
#654 = EDGE_CURVE('',#655,#655,#657,.T.);
#655 = VERTEX_POINT('',#656);
#656 = CARTESIAN_POINT('',(84.496711,-110.031387,0.));
#657 = CIRCLE('',#658,0.8);
#658 = AXIS2_PLACEMENT_3D('',#659,#660,#661);
#659 = CARTESIAN_POINT('',(84.496711,-109.231387,0.));
#660 = DIRECTION('',(-0.,0.,-1.));
#661 = DIRECTION('',(-0.,-1.,0.));
#662 = FACE_BOUND('',#663,.F.);
#663 = EDGE_LOOP('',(#664));
#664 = ORIENTED_EDGE('',*,*,#665,.T.);
#665 = EDGE_CURVE('',#666,#666,#668,.T.);
#666 = VERTEX_POINT('',#667);
#667 = CARTESIAN_POINT('',(80.,-101.925,0.));
#668 = CIRCLE('',#669,1.525);
#669 = AXIS2_PLACEMENT_3D('',#670,#671,#672);
#670 = CARTESIAN_POINT('',(80.,-100.4,0.));
#671 = DIRECTION('',(-0.,0.,-1.));
#672 = DIRECTION('',(-0.,-1.,0.));
#673 = FACE_BOUND('',#674,.F.);
#674 = EDGE_LOOP('',(#675));
#675 = ORIENTED_EDGE('',*,*,#676,.T.);
#676 = EDGE_CURVE('',#677,#677,#679,.T.);
#677 = VERTEX_POINT('',#678);
#678 = CARTESIAN_POINT('',(75.,-99.825,0.));
#679 = CIRCLE('',#680,1.525);
#680 = AXIS2_PLACEMENT_3D('',#681,#682,#683);
#681 = CARTESIAN_POINT('',(75.,-98.3,0.));
#682 = DIRECTION('',(-0.,0.,-1.));
#683 = DIRECTION('',(-0.,-1.,0.));
#684 = FACE_BOUND('',#685,.F.);
#685 = EDGE_LOOP('',(#686));
#686 = ORIENTED_EDGE('',*,*,#687,.T.);
#687 = EDGE_CURVE('',#688,#688,#690,.T.);
#688 = VERTEX_POINT('',#689);
#689 = CARTESIAN_POINT('',(74.5,-95.45,0.));
#690 = CIRCLE('',#691,0.95);
#691 = AXIS2_PLACEMENT_3D('',#692,#693,#694);
#692 = CARTESIAN_POINT('',(74.5,-94.5,0.));
#693 = DIRECTION('',(-0.,0.,-1.));
#694 = DIRECTION('',(-0.,-1.,0.));
#695 = FACE_BOUND('',#696,.F.);
#696 = EDGE_LOOP('',(#697));
#697 = ORIENTED_EDGE('',*,*,#698,.T.);
#698 = EDGE_CURVE('',#699,#699,#701,.T.);
#699 = VERTEX_POINT('',#700);
#700 = CARTESIAN_POINT('',(80.,-97.025,0.));
#701 = CIRCLE('',#702,2.525);
#702 = AXIS2_PLACEMENT_3D('',#703,#704,#705);
#703 = CARTESIAN_POINT('',(80.,-94.5,0.));
#704 = DIRECTION('',(-0.,0.,-1.));
#705 = DIRECTION('',(-0.,-1.,0.));
#706 = FACE_BOUND('',#707,.F.);
#707 = EDGE_LOOP('',(#708));
#708 = ORIENTED_EDGE('',*,*,#709,.T.);
#709 = EDGE_CURVE('',#710,#710,#712,.T.);
#710 = VERTEX_POINT('',#711);
#711 = CARTESIAN_POINT('',(93.,-97.825,0.));
#712 = CIRCLE('',#713,1.525);
#713 = AXIS2_PLACEMENT_3D('',#714,#715,#716);
#714 = CARTESIAN_POINT('',(93.,-96.3,0.));
#715 = DIRECTION('',(-0.,0.,-1.));
#716 = DIRECTION('',(-0.,-1.,0.));
#717 = FACE_BOUND('',#718,.F.);
#718 = EDGE_LOOP('',(#719));
#719 = ORIENTED_EDGE('',*,*,#720,.T.);
#720 = EDGE_CURVE('',#721,#721,#723,.T.);
#721 = VERTEX_POINT('',#722);
#722 = CARTESIAN_POINT('',(98.,-99.925,0.));
#723 = CIRCLE('',#724,1.525);
#724 = AXIS2_PLACEMENT_3D('',#725,#726,#727);
#725 = CARTESIAN_POINT('',(98.,-98.4,0.));
#726 = DIRECTION('',(-0.,0.,-1.));
#727 = DIRECTION('',(-0.,-1.,0.));
#728 = FACE_BOUND('',#729,.F.);
#729 = EDGE_LOOP('',(#730));
#730 = ORIENTED_EDGE('',*,*,#731,.T.);
#731 = EDGE_CURVE('',#732,#732,#734,.T.);
#732 = VERTEX_POINT('',#733);
#733 = CARTESIAN_POINT('',(85.5,-95.45,0.));
#734 = CIRCLE('',#735,0.95);
#735 = AXIS2_PLACEMENT_3D('',#736,#737,#738);
#736 = CARTESIAN_POINT('',(85.5,-94.5,0.));
#737 = DIRECTION('',(-0.,0.,-1.));
#738 = DIRECTION('',(-0.,-1.,0.));
#739 = FACE_BOUND('',#740,.F.);
#740 = EDGE_LOOP('',(#741));
#741 = ORIENTED_EDGE('',*,*,#742,.T.);
#742 = EDGE_CURVE('',#743,#743,#745,.T.);
#743 = VERTEX_POINT('',#744);
#744 = CARTESIAN_POINT('',(92.5,-93.45,0.));
#745 = CIRCLE('',#746,0.95);
#746 = AXIS2_PLACEMENT_3D('',#747,#748,#749);
#747 = CARTESIAN_POINT('',(92.5,-92.5,0.));
#748 = DIRECTION('',(-0.,0.,-1.));
#749 = DIRECTION('',(-0.,-1.,0.));
#750 = FACE_BOUND('',#751,.F.);
#751 = EDGE_LOOP('',(#752));
#752 = ORIENTED_EDGE('',*,*,#753,.T.);
#753 = EDGE_CURVE('',#754,#754,#756,.T.);
#754 = VERTEX_POINT('',#755);
#755 = CARTESIAN_POINT('',(85.,-90.15,0.));
#756 = CIRCLE('',#757,0.8);
#757 = AXIS2_PLACEMENT_3D('',#758,#759,#760);
#758 = CARTESIAN_POINT('',(85.,-89.35,0.));
#759 = DIRECTION('',(-0.,0.,-1.));
#760 = DIRECTION('',(-0.,-1.,0.));
#761 = FACE_BOUND('',#762,.F.);
#762 = EDGE_LOOP('',(#763));
#763 = ORIENTED_EDGE('',*,*,#764,.T.);
#764 = EDGE_CURVE('',#765,#765,#767,.T.);
#765 = VERTEX_POINT('',#766);
#766 = CARTESIAN_POINT('',(98.,-95.025,0.));
#767 = CIRCLE('',#768,2.525);
#768 = AXIS2_PLACEMENT_3D('',#769,#770,#771);
#769 = CARTESIAN_POINT('',(98.,-92.5,0.));
#770 = DIRECTION('',(-0.,0.,-1.));
#771 = DIRECTION('',(-0.,-1.,0.));
#772 = FACE_BOUND('',#773,.F.);
#773 = EDGE_LOOP('',(#774));
#774 = ORIENTED_EDGE('',*,*,#775,.T.);
#775 = EDGE_CURVE('',#776,#776,#778,.T.);
#776 = VERTEX_POINT('',#777);
#777 = CARTESIAN_POINT('',(103.5,-93.45,0.));
#778 = CIRCLE('',#779,0.95);
#779 = AXIS2_PLACEMENT_3D('',#780,#781,#782);
#780 = CARTESIAN_POINT('',(103.5,-92.5,0.));
#781 = DIRECTION('',(-0.,0.,-1.));
#782 = DIRECTION('',(-0.,-1.,0.));
#783 = FACE_BOUND('',#784,.F.);
#784 = EDGE_LOOP('',(#785));
#785 = ORIENTED_EDGE('',*,*,#786,.T.);
#786 = EDGE_CURVE('',#787,#787,#789,.T.);
#787 = VERTEX_POINT('',#788);
#788 = CARTESIAN_POINT('',(111.,-94.825,0.));
#789 = CIRCLE('',#790,1.525);
#790 = AXIS2_PLACEMENT_3D('',#791,#792,#793);
#791 = CARTESIAN_POINT('',(111.,-93.3,0.));
#792 = DIRECTION('',(-0.,0.,-1.));
#793 = DIRECTION('',(-0.,-1.,0.));
#794 = FACE_BOUND('',#795,.F.);
#795 = EDGE_LOOP('',(#796));
#796 = ORIENTED_EDGE('',*,*,#797,.T.);
#797 = EDGE_CURVE('',#798,#798,#800,.T.);
#798 = VERTEX_POINT('',#799);
#799 = CARTESIAN_POINT('',(103.,-88.15,0.));
#800 = CIRCLE('',#801,0.8);
#801 = AXIS2_PLACEMENT_3D('',#802,#803,#804);
#802 = CARTESIAN_POINT('',(103.,-87.35,0.));
#803 = DIRECTION('',(-0.,0.,-1.));
#804 = DIRECTION('',(-0.,-1.,0.));
#805 = FACE_BOUND('',#806,.F.);
#806 = EDGE_LOOP('',(#807));
#807 = ORIENTED_EDGE('',*,*,#808,.T.);
#808 = EDGE_CURVE('',#809,#809,#811,.T.);
#809 = VERTEX_POINT('',#810);
#810 = CARTESIAN_POINT('',(110.5,-90.45,0.));
#811 = CIRCLE('',#812,0.95);
#812 = AXIS2_PLACEMENT_3D('',#813,#814,#815);
#813 = CARTESIAN_POINT('',(110.5,-89.5,0.));
#814 = DIRECTION('',(-0.,0.,-1.));
#815 = DIRECTION('',(-0.,-1.,0.));
#816 = FACE_BOUND('',#817,.F.);
#817 = EDGE_LOOP('',(#818));
#818 = ORIENTED_EDGE('',*,*,#819,.T.);
#819 = EDGE_CURVE('',#820,#820,#822,.T.);
#820 = VERTEX_POINT('',#821);
#821 = CARTESIAN_POINT('',(139.,-124.44,0.));
#822 = CIRCLE('',#823,0.5);
#823 = AXIS2_PLACEMENT_3D('',#824,#825,#826);
#824 = CARTESIAN_POINT('',(139.,-123.94,0.));
#825 = DIRECTION('',(-0.,0.,-1.));
#826 = DIRECTION('',(-0.,-1.,0.));
#827 = FACE_BOUND('',#828,.F.);
#828 = EDGE_LOOP('',(#829));
#829 = ORIENTED_EDGE('',*,*,#830,.T.);
#830 = EDGE_CURVE('',#831,#831,#833,.T.);
#831 = VERTEX_POINT('',#832);
#832 = CARTESIAN_POINT('',(139.,-121.9,0.));
#833 = CIRCLE('',#834,0.5);
#834 = AXIS2_PLACEMENT_3D('',#835,#836,#837);
#835 = CARTESIAN_POINT('',(139.,-121.4,0.));
#836 = DIRECTION('',(-0.,0.,-1.));
#837 = DIRECTION('',(-0.,-1.,0.));
#838 = FACE_BOUND('',#839,.F.);
#839 = EDGE_LOOP('',(#840));
#840 = ORIENTED_EDGE('',*,*,#841,.T.);
#841 = EDGE_CURVE('',#842,#842,#844,.T.);
#842 = VERTEX_POINT('',#843);
#843 = CARTESIAN_POINT('',(139.,-119.36,0.));
#844 = CIRCLE('',#845,0.5);
#845 = AXIS2_PLACEMENT_3D('',#846,#847,#848);
#846 = CARTESIAN_POINT('',(139.,-118.86,0.));
#847 = DIRECTION('',(-0.,0.,-1.));
#848 = DIRECTION('',(-0.,-1.,0.));
#849 = FACE_BOUND('',#850,.F.);
#850 = EDGE_LOOP('',(#851));
#851 = ORIENTED_EDGE('',*,*,#852,.T.);
#852 = EDGE_CURVE('',#853,#853,#855,.T.);
#853 = VERTEX_POINT('',#854);
#854 = CARTESIAN_POINT('',(139.,-116.82,0.));
#855 = CIRCLE('',#856,0.5);
#856 = AXIS2_PLACEMENT_3D('',#857,#858,#859);
#857 = CARTESIAN_POINT('',(139.,-116.32,0.));
#858 = DIRECTION('',(-0.,0.,-1.));
#859 = DIRECTION('',(-0.,-1.,0.));
#860 = FACE_BOUND('',#861,.F.);
#861 = EDGE_LOOP('',(#862));
#862 = ORIENTED_EDGE('',*,*,#863,.T.);
#863 = EDGE_CURVE('',#864,#864,#866,.T.);
#864 = VERTEX_POINT('',#865);
#865 = CARTESIAN_POINT('',(139.,-114.28,0.));
#866 = CIRCLE('',#867,0.5);
#867 = AXIS2_PLACEMENT_3D('',#868,#869,#870);
#868 = CARTESIAN_POINT('',(139.,-113.78,0.));
#869 = DIRECTION('',(-0.,0.,-1.));
#870 = DIRECTION('',(-0.,-1.,0.));
#871 = FACE_BOUND('',#872,.F.);
#872 = EDGE_LOOP('',(#873));
#873 = ORIENTED_EDGE('',*,*,#874,.T.);
#874 = EDGE_CURVE('',#875,#875,#877,.T.);
#875 = VERTEX_POINT('',#876);
#876 = CARTESIAN_POINT('',(139.,-111.74,0.));
#877 = CIRCLE('',#878,0.5);
#878 = AXIS2_PLACEMENT_3D('',#879,#880,#881);
#879 = CARTESIAN_POINT('',(139.,-111.24,0.));
#880 = DIRECTION('',(-0.,0.,-1.));
#881 = DIRECTION('',(-0.,-1.,0.));
#882 = FACE_BOUND('',#883,.F.);
#883 = EDGE_LOOP('',(#884));
#884 = ORIENTED_EDGE('',*,*,#885,.T.);
#885 = EDGE_CURVE('',#886,#886,#888,.T.);
#886 = VERTEX_POINT('',#887);
#887 = CARTESIAN_POINT('',(139.,-109.2,0.));
#888 = CIRCLE('',#889,0.5);
#889 = AXIS2_PLACEMENT_3D('',#890,#891,#892);
#890 = CARTESIAN_POINT('',(139.,-108.7,0.));
#891 = DIRECTION('',(-0.,0.,-1.));
#892 = DIRECTION('',(-0.,-1.,0.));
#893 = FACE_BOUND('',#894,.F.);
#894 = EDGE_LOOP('',(#895));
#895 = ORIENTED_EDGE('',*,*,#896,.T.);
#896 = EDGE_CURVE('',#897,#897,#899,.T.);
#897 = VERTEX_POINT('',#898);
#898 = CARTESIAN_POINT('',(152.,-107.925,0.));
#899 = CIRCLE('',#900,1.525);
#900 = AXIS2_PLACEMENT_3D('',#901,#902,#903);
#901 = CARTESIAN_POINT('',(152.,-106.4,0.));
#902 = DIRECTION('',(-0.,0.,-1.));
#903 = DIRECTION('',(-0.,-1.,0.));
#904 = FACE_BOUND('',#905,.F.);
#905 = EDGE_LOOP('',(#906));
#906 = ORIENTED_EDGE('',*,*,#907,.T.);
#907 = EDGE_CURVE('',#908,#908,#910,.T.);
#908 = VERTEX_POINT('',#909);
#909 = CARTESIAN_POINT('',(163.5,-109.65,0.));
#910 = CIRCLE('',#911,2.15);
#911 = AXIS2_PLACEMENT_3D('',#912,#913,#914);
#912 = CARTESIAN_POINT('',(163.5,-107.5,0.));
#913 = DIRECTION('',(-0.,0.,-1.));
#914 = DIRECTION('',(-0.,-1.,0.));
#915 = FACE_BOUND('',#916,.F.);
#916 = EDGE_LOOP('',(#917));
#917 = ORIENTED_EDGE('',*,*,#918,.T.);
#918 = EDGE_CURVE('',#919,#919,#921,.T.);
#919 = VERTEX_POINT('',#920);
#920 = CARTESIAN_POINT('',(134.,-97.925,0.));
#921 = CIRCLE('',#922,1.525);
#922 = AXIS2_PLACEMENT_3D('',#923,#924,#925);
#923 = CARTESIAN_POINT('',(134.,-96.4,0.));
#924 = DIRECTION('',(-0.,0.,-1.));
#925 = DIRECTION('',(-0.,-1.,0.));
#926 = FACE_BOUND('',#927,.F.);
#927 = EDGE_LOOP('',(#928));
#928 = ORIENTED_EDGE('',*,*,#929,.T.);
#929 = EDGE_CURVE('',#930,#930,#932,.T.);
#930 = VERTEX_POINT('',#931);
#931 = CARTESIAN_POINT('',(116.,-96.925,0.));
#932 = CIRCLE('',#933,1.525);
#933 = AXIS2_PLACEMENT_3D('',#934,#935,#936);
#934 = CARTESIAN_POINT('',(116.,-95.4,0.));
#935 = DIRECTION('',(-0.,0.,-1.));
#936 = DIRECTION('',(-0.,-1.,0.));
#937 = FACE_BOUND('',#938,.F.);
#938 = EDGE_LOOP('',(#939));
#939 = ORIENTED_EDGE('',*,*,#940,.T.);
#940 = EDGE_CURVE('',#941,#941,#943,.T.);
#941 = VERTEX_POINT('',#942);
#942 = CARTESIAN_POINT('',(129.,-95.825,0.));
#943 = CIRCLE('',#944,1.525);
#944 = AXIS2_PLACEMENT_3D('',#945,#946,#947);
#945 = CARTESIAN_POINT('',(129.,-94.3,0.));
#946 = DIRECTION('',(-0.,0.,-1.));
#947 = DIRECTION('',(-0.,-1.,0.));
#948 = FACE_BOUND('',#949,.F.);
#949 = EDGE_LOOP('',(#950));
#950 = ORIENTED_EDGE('',*,*,#951,.T.);
#951 = EDGE_CURVE('',#952,#952,#954,.T.);
#952 = VERTEX_POINT('',#953);
#953 = CARTESIAN_POINT('',(116.,-92.025,0.));
#954 = CIRCLE('',#955,2.525);
#955 = AXIS2_PLACEMENT_3D('',#956,#957,#958);
#956 = CARTESIAN_POINT('',(116.,-89.5,0.));
#957 = DIRECTION('',(-0.,0.,-1.));
#958 = DIRECTION('',(-0.,-1.,0.));
#959 = FACE_BOUND('',#960,.F.);
#960 = EDGE_LOOP('',(#961));
#961 = ORIENTED_EDGE('',*,*,#962,.T.);
#962 = EDGE_CURVE('',#963,#963,#965,.T.);
#963 = VERTEX_POINT('',#964);
#964 = CARTESIAN_POINT('',(121.5,-90.45,0.));
#965 = CIRCLE('',#966,0.95);
#966 = AXIS2_PLACEMENT_3D('',#967,#968,#969);
#967 = CARTESIAN_POINT('',(121.5,-89.5,0.));
#968 = DIRECTION('',(-0.,0.,-1.));
#969 = DIRECTION('',(-0.,-1.,0.));
#970 = FACE_BOUND('',#971,.F.);
#971 = EDGE_LOOP('',(#972));
#972 = ORIENTED_EDGE('',*,*,#973,.T.);
#973 = EDGE_CURVE('',#974,#974,#976,.T.);
#974 = VERTEX_POINT('',#975);
#975 = CARTESIAN_POINT('',(128.5,-91.45,0.));
#976 = CIRCLE('',#977,0.95);
#977 = AXIS2_PLACEMENT_3D('',#978,#979,#980);
#978 = CARTESIAN_POINT('',(128.5,-90.5,0.));
#979 = DIRECTION('',(-0.,0.,-1.));
#980 = DIRECTION('',(-0.,-1.,0.));
#981 = FACE_BOUND('',#982,.F.);
#982 = EDGE_LOOP('',(#983));
#983 = ORIENTED_EDGE('',*,*,#984,.T.);
#984 = EDGE_CURVE('',#985,#985,#987,.T.);
#985 = VERTEX_POINT('',#986);
#986 = CARTESIAN_POINT('',(134.,-93.025,0.));
#987 = CIRCLE('',#988,2.525);
#988 = AXIS2_PLACEMENT_3D('',#989,#990,#991);
#989 = CARTESIAN_POINT('',(134.,-90.5,0.));
#990 = DIRECTION('',(-0.,0.,-1.));
#991 = DIRECTION('',(-0.,-1.,0.));
#992 = FACE_BOUND('',#993,.F.);
#993 = EDGE_LOOP('',(#994));
#994 = ORIENTED_EDGE('',*,*,#995,.T.);
#995 = EDGE_CURVE('',#996,#996,#998,.T.);
#996 = VERTEX_POINT('',#997);
#997 = CARTESIAN_POINT('',(139.5,-91.45,0.));
#998 = CIRCLE('',#999,0.95);
#999 = AXIS2_PLACEMENT_3D('',#1000,#1001,#1002);
#1000 = CARTESIAN_POINT('',(139.5,-90.5,0.));
#1001 = DIRECTION('',(-0.,0.,-1.));
#1002 = DIRECTION('',(-0.,-1.,0.));
#1003 = FACE_BOUND('',#1004,.F.);
#1004 = EDGE_LOOP('',(#1005));
#1005 = ORIENTED_EDGE('',*,*,#1006,.T.);
#1006 = EDGE_CURVE('',#1007,#1007,#1009,.T.);
#1007 = VERTEX_POINT('',#1008);
#1008 = CARTESIAN_POINT('',(147.,-105.825,0.));
#1009 = CIRCLE('',#1010,1.525);
#1010 = AXIS2_PLACEMENT_3D('',#1011,#1012,#1013);
#1011 = CARTESIAN_POINT('',(147.,-104.3,0.));
#1012 = DIRECTION('',(-0.,0.,-1.));
#1013 = DIRECTION('',(-0.,-1.,0.));
#1014 = FACE_BOUND('',#1015,.F.);
#1015 = EDGE_LOOP('',(#1016));
#1016 = ORIENTED_EDGE('',*,*,#1017,.T.);
#1017 = EDGE_CURVE('',#1018,#1018,#1020,.T.);
#1018 = VERTEX_POINT('',#1019);
#1019 = CARTESIAN_POINT('',(146.5,-101.45,0.));
#1020 = CIRCLE('',#1021,0.95);
#1021 = AXIS2_PLACEMENT_3D('',#1022,#1023,#1024);
#1022 = CARTESIAN_POINT('',(146.5,-100.5,0.));
#1023 = DIRECTION('',(-0.,0.,-1.));
#1024 = DIRECTION('',(-0.,-1.,0.));
#1025 = FACE_BOUND('',#1026,.F.);
#1026 = EDGE_LOOP('',(#1027));
#1027 = ORIENTED_EDGE('',*,*,#1028,.T.);
#1028 = EDGE_CURVE('',#1029,#1029,#1031,.T.);
#1029 = VERTEX_POINT('',#1030);
#1030 = CARTESIAN_POINT('',(152.,-103.025,0.));
#1031 = CIRCLE('',#1032,2.525);
#1032 = AXIS2_PLACEMENT_3D('',#1033,#1034,#1035);
#1033 = CARTESIAN_POINT('',(152.,-100.5,0.));
#1034 = DIRECTION('',(-0.,0.,-1.));
#1035 = DIRECTION('',(-0.,-1.,0.));
#1036 = FACE_BOUND('',#1037,.F.);
#1037 = EDGE_LOOP('',(#1038));
#1038 = ORIENTED_EDGE('',*,*,#1039,.T.);
#1039 = EDGE_CURVE('',#1040,#1040,#1042,.T.);
#1040 = VERTEX_POINT('',#1041);
#1041 = CARTESIAN_POINT('',(157.5,-101.45,0.));
#1042 = CIRCLE('',#1043,0.95);
#1043 = AXIS2_PLACEMENT_3D('',#1044,#1045,#1046);
#1044 = CARTESIAN_POINT('',(157.5,-100.5,0.));
#1045 = DIRECTION('',(-0.,0.,-1.));
#1046 = DIRECTION('',(-0.,-1.,0.));
#1047 = FACE_BOUND('',#1048,.F.);
#1048 = EDGE_LOOP('',(#1049));
#1049 = ORIENTED_EDGE('',*,*,#1050,.T.);
#1050 = EDGE_CURVE('',#1051,#1051,#1053,.T.);
#1051 = VERTEX_POINT('',#1052);
#1052 = CARTESIAN_POINT('',(170.,-103.925,0.));
#1053 = CIRCLE('',#1054,1.525);
#1054 = AXIS2_PLACEMENT_3D('',#1055,#1056,#1057);
#1055 = CARTESIAN_POINT('',(170.,-102.4,0.));
#1056 = DIRECTION('',(-0.,0.,-1.));
#1057 = DIRECTION('',(-0.,-1.,0.));
#1058 = FACE_BOUND('',#1059,.F.);
#1059 = EDGE_LOOP('',(#1060));
#1060 = ORIENTED_EDGE('',*,*,#1061,.T.);
#1061 = EDGE_CURVE('',#1062,#1062,#1064,.T.);
#1062 = VERTEX_POINT('',#1063);
#1063 = CARTESIAN_POINT('',(165.,-101.825,0.));
#1064 = CIRCLE('',#1065,1.525);
#1065 = AXIS2_PLACEMENT_3D('',#1066,#1067,#1068);
#1066 = CARTESIAN_POINT('',(165.,-100.3,0.));
#1067 = DIRECTION('',(-0.,0.,-1.));
#1068 = DIRECTION('',(-0.,-1.,0.));
#1069 = FACE_BOUND('',#1070,.F.);
#1070 = EDGE_LOOP('',(#1071));
#1071 = ORIENTED_EDGE('',*,*,#1072,.T.);
#1072 = EDGE_CURVE('',#1073,#1073,#1075,.T.);
#1073 = VERTEX_POINT('',#1074);
#1074 = CARTESIAN_POINT('',(164.5,-97.45,0.));
#1075 = CIRCLE('',#1076,0.95);
#1076 = AXIS2_PLACEMENT_3D('',#1077,#1078,#1079);
#1077 = CARTESIAN_POINT('',(164.5,-96.5,0.));
#1078 = DIRECTION('',(-0.,0.,-1.));
#1079 = DIRECTION('',(-0.,-1.,0.));
#1080 = FACE_BOUND('',#1081,.F.);
#1081 = EDGE_LOOP('',(#1082));
#1082 = ORIENTED_EDGE('',*,*,#1083,.T.);
#1083 = EDGE_CURVE('',#1084,#1084,#1086,.T.);
#1084 = VERTEX_POINT('',#1085);
#1085 = CARTESIAN_POINT('',(170.,-99.025,0.));
#1086 = CIRCLE('',#1087,2.525);
#1087 = AXIS2_PLACEMENT_3D('',#1088,#1089,#1090);
#1088 = CARTESIAN_POINT('',(170.,-96.5,0.));
#1089 = DIRECTION('',(-0.,0.,-1.));
#1090 = DIRECTION('',(-0.,-1.,0.));
#1091 = FACE_BOUND('',#1092,.F.);
#1092 = EDGE_LOOP('',(#1093));
#1093 = ORIENTED_EDGE('',*,*,#1094,.T.);
#1094 = EDGE_CURVE('',#1095,#1095,#1097,.T.);
#1095 = VERTEX_POINT('',#1096);
#1096 = CARTESIAN_POINT('',(175.5,-97.45,0.));
#1097 = CIRCLE('',#1098,0.95);
#1098 = AXIS2_PLACEMENT_3D('',#1099,#1100,#1101);
#1099 = CARTESIAN_POINT('',(175.5,-96.5,0.));
#1100 = DIRECTION('',(-0.,0.,-1.));
#1101 = DIRECTION('',(-0.,-1.,0.));
#1102 = FACE_BOUND('',#1103,.F.);
#1103 = EDGE_LOOP('',(#1104));
#1104 = ORIENTED_EDGE('',*,*,#1105,.T.);
#1105 = EDGE_CURVE('',#1106,#1106,#1108,.T.);
#1106 = VERTEX_POINT('',#1107);
#1107 = CARTESIAN_POINT('',(157.,-96.15,0.));
#1108 = CIRCLE('',#1109,0.8);
#1109 = AXIS2_PLACEMENT_3D('',#1110,#1111,#1112);
#1110 = CARTESIAN_POINT('',(157.,-95.35,0.));
#1111 = DIRECTION('',(-0.,0.,-1.));
#1112 = DIRECTION('',(-0.,-1.,0.));
#1113 = FACE_BOUND('',#1114,.F.);
#1114 = EDGE_LOOP('',(#1115));
#1115 = ORIENTED_EDGE('',*,*,#1116,.T.);
#1116 = EDGE_CURVE('',#1117,#1117,#1119,.T.);
#1117 = VERTEX_POINT('',#1118);
#1118 = CARTESIAN_POINT('',(152.,-90.925,0.));
#1119 = CIRCLE('',#1120,1.525);
#1120 = AXIS2_PLACEMENT_3D('',#1121,#1122,#1123);
#1121 = CARTESIAN_POINT('',(152.,-89.4,0.));
#1122 = DIRECTION('',(-0.,0.,-1.));
#1123 = DIRECTION('',(-0.,-1.,0.));
#1124 = FACE_BOUND('',#1125,.F.);
#1125 = EDGE_LOOP('',(#1126));
#1126 = ORIENTED_EDGE('',*,*,#1127,.T.);
#1127 = EDGE_CURVE('',#1128,#1128,#1130,.T.);
#1128 = VERTEX_POINT('',#1129);
#1129 = CARTESIAN_POINT('',(147.,-88.825,0.));
#1130 = CIRCLE('',#1131,1.525);
#1131 = AXIS2_PLACEMENT_3D('',#1132,#1133,#1134);
#1132 = CARTESIAN_POINT('',(147.,-87.3,0.));
#1133 = DIRECTION('',(-0.,0.,-1.));
#1134 = DIRECTION('',(-0.,-1.,0.));
#1135 = FACE_BOUND('',#1136,.F.);
#1136 = EDGE_LOOP('',(#1137));
#1137 = ORIENTED_EDGE('',*,*,#1138,.T.);
#1138 = EDGE_CURVE('',#1139,#1139,#1141,.T.);
#1139 = VERTEX_POINT('',#1140);
#1140 = CARTESIAN_POINT('',(175.,-92.15,0.));
#1141 = CIRCLE('',#1142,0.8);
#1142 = AXIS2_PLACEMENT_3D('',#1143,#1144,#1145);
#1143 = CARTESIAN_POINT('',(175.,-91.35,0.));
#1144 = DIRECTION('',(-0.,0.,-1.));
#1145 = DIRECTION('',(-0.,-1.,0.));
#1146 = FACE_BOUND('',#1147,.F.);
#1147 = EDGE_LOOP('',(#1148));
#1148 = ORIENTED_EDGE('',*,*,#1149,.T.);
#1149 = EDGE_CURVE('',#1150,#1150,#1152,.T.);
#1150 = VERTEX_POINT('',#1151);
#1151 = CARTESIAN_POINT('',(51.17,-84.45,0.));
#1152 = CIRCLE('',#1153,0.45);
#1153 = AXIS2_PLACEMENT_3D('',#1154,#1155,#1156);
#1154 = CARTESIAN_POINT('',(51.17,-84.,0.));
#1155 = DIRECTION('',(-0.,0.,-1.));
#1156 = DIRECTION('',(-0.,-1.,0.));
#1157 = FACE_BOUND('',#1158,.F.);
#1158 = EDGE_LOOP('',(#1159));
#1159 = ORIENTED_EDGE('',*,*,#1160,.T.);
#1160 = EDGE_CURVE('',#1161,#1161,#1163,.T.);
#1161 = VERTEX_POINT('',#1162);
#1162 = CARTESIAN_POINT('',(51.17,-81.45,0.));
#1163 = CIRCLE('',#1164,0.45);
#1164 = AXIS2_PLACEMENT_3D('',#1165,#1166,#1167);
#1165 = CARTESIAN_POINT('',(51.17,-81.,0.));
#1166 = DIRECTION('',(-0.,0.,-1.));
#1167 = DIRECTION('',(-0.,-1.,0.));
#1168 = FACE_BOUND('',#1169,.F.);
#1169 = EDGE_LOOP('',(#1170));
#1170 = ORIENTED_EDGE('',*,*,#1171,.T.);
#1171 = EDGE_CURVE('',#1172,#1172,#1174,.T.);
#1172 = VERTEX_POINT('',#1173);
#1173 = CARTESIAN_POINT('',(80.,-84.925,0.));
#1174 = CIRCLE('',#1175,1.525);
#1175 = AXIS2_PLACEMENT_3D('',#1176,#1177,#1178);
#1176 = CARTESIAN_POINT('',(80.,-83.4,0.));
#1177 = DIRECTION('',(-0.,0.,-1.));
#1178 = DIRECTION('',(-0.,-1.,0.));
#1179 = FACE_BOUND('',#1180,.F.);
#1180 = EDGE_LOOP('',(#1181));
#1181 = ORIENTED_EDGE('',*,*,#1182,.T.);
#1182 = EDGE_CURVE('',#1183,#1183,#1185,.T.);
#1183 = VERTEX_POINT('',#1184);
#1184 = CARTESIAN_POINT('',(75.,-82.825,0.));
#1185 = CIRCLE('',#1186,1.525);
#1186 = AXIS2_PLACEMENT_3D('',#1187,#1188,#1189);
#1187 = CARTESIAN_POINT('',(75.,-81.3,0.));
#1188 = DIRECTION('',(-0.,0.,-1.));
#1189 = DIRECTION('',(-0.,-1.,0.));
#1190 = FACE_BOUND('',#1191,.F.);
#1191 = EDGE_LOOP('',(#1192));
#1192 = ORIENTED_EDGE('',*,*,#1193,.T.);
#1193 = EDGE_CURVE('',#1194,#1194,#1196,.T.);
#1194 = VERTEX_POINT('',#1195);
#1195 = CARTESIAN_POINT('',(74.5,-78.45,0.));
#1196 = CIRCLE('',#1197,0.95);
#1197 = AXIS2_PLACEMENT_3D('',#1198,#1199,#1200);
#1198 = CARTESIAN_POINT('',(74.5,-77.5,0.));
#1199 = DIRECTION('',(-0.,0.,-1.));
#1200 = DIRECTION('',(-0.,-1.,0.));
#1201 = FACE_BOUND('',#1202,.F.);
#1202 = EDGE_LOOP('',(#1203));
#1203 = ORIENTED_EDGE('',*,*,#1204,.T.);
#1204 = EDGE_CURVE('',#1205,#1205,#1207,.T.);
#1205 = VERTEX_POINT('',#1206);
#1206 = CARTESIAN_POINT('',(80.,-80.025,0.));
#1207 = CIRCLE('',#1208,2.525);
#1208 = AXIS2_PLACEMENT_3D('',#1209,#1210,#1211);
#1209 = CARTESIAN_POINT('',(80.,-77.5,0.));
#1210 = DIRECTION('',(-0.,0.,-1.));
#1211 = DIRECTION('',(-0.,-1.,0.));
#1212 = FACE_BOUND('',#1213,.F.);
#1213 = EDGE_LOOP('',(#1214));
#1214 = ORIENTED_EDGE('',*,*,#1215,.T.);
#1215 = EDGE_CURVE('',#1216,#1216,#1218,.T.);
#1216 = VERTEX_POINT('',#1217);
#1217 = CARTESIAN_POINT('',(57.,-75.875,0.));
#1218 = CIRCLE('',#1219,0.375);
#1219 = AXIS2_PLACEMENT_3D('',#1220,#1221,#1222);
#1220 = CARTESIAN_POINT('',(57.,-75.5,0.));
#1221 = DIRECTION('',(-0.,0.,-1.));
#1222 = DIRECTION('',(-0.,-1.,0.));
#1223 = FACE_BOUND('',#1224,.F.);
#1224 = EDGE_LOOP('',(#1225));
#1225 = ORIENTED_EDGE('',*,*,#1226,.T.);
#1226 = EDGE_CURVE('',#1227,#1227,#1229,.T.);
#1227 = VERTEX_POINT('',#1228);
#1228 = CARTESIAN_POINT('',(59.,-75.875,0.));
#1229 = CIRCLE('',#1230,0.375);
#1230 = AXIS2_PLACEMENT_3D('',#1231,#1232,#1233);
#1231 = CARTESIAN_POINT('',(59.,-75.5,0.));
#1232 = DIRECTION('',(-0.,0.,-1.));
#1233 = DIRECTION('',(-0.,-1.,0.));
#1234 = FACE_BOUND('',#1235,.F.);
#1235 = EDGE_LOOP('',(#1236));
#1236 = ORIENTED_EDGE('',*,*,#1237,.T.);
#1237 = EDGE_CURVE('',#1238,#1238,#1240,.T.);
#1238 = VERTEX_POINT('',#1239);
#1239 = CARTESIAN_POINT('',(62.96,-75.9064,0.));
#1240 = CIRCLE('',#1241,0.4064);
#1241 = AXIS2_PLACEMENT_3D('',#1242,#1243,#1244);
#1242 = CARTESIAN_POINT('',(62.96,-75.5,0.));
#1243 = DIRECTION('',(-0.,0.,-1.));
#1244 = DIRECTION('',(-0.,-1.,0.));
#1245 = FACE_BOUND('',#1246,.F.);
#1246 = EDGE_LOOP('',(#1247));
#1247 = ORIENTED_EDGE('',*,*,#1248,.T.);
#1248 = EDGE_CURVE('',#1249,#1249,#1251,.T.);
#1249 = VERTEX_POINT('',#1250);
#1250 = CARTESIAN_POINT('',(65.5,-75.881,0.));
#1251 = CIRCLE('',#1252,0.381);
#1252 = AXIS2_PLACEMENT_3D('',#1253,#1254,#1255);
#1253 = CARTESIAN_POINT('',(65.5,-75.5,0.));
#1254 = DIRECTION('',(-0.,0.,-1.));
#1255 = DIRECTION('',(-0.,-1.,0.));
#1256 = FACE_BOUND('',#1257,.F.);
#1257 = EDGE_LOOP('',(#1258));
#1258 = ORIENTED_EDGE('',*,*,#1259,.T.);
#1259 = EDGE_CURVE('',#1260,#1260,#1262,.T.);
#1260 = VERTEX_POINT('',#1261);
#1261 = CARTESIAN_POINT('',(52.38,-69.0264,0.));
#1262 = CIRCLE('',#1263,0.4064);
#1263 = AXIS2_PLACEMENT_3D('',#1264,#1265,#1266);
#1264 = CARTESIAN_POINT('',(52.38,-68.62,0.));
#1265 = DIRECTION('',(-0.,0.,-1.));
#1266 = DIRECTION('',(1.748382715945E-14,-1.,-0.));
#1267 = FACE_BOUND('',#1268,.F.);
#1268 = EDGE_LOOP('',(#1269,#1280,#1288,#1297,#1305,#1314,#1323,#1331,
    #1340,#1349));
#1269 = ORIENTED_EDGE('',*,*,#1270,.F.);
#1270 = EDGE_CURVE('',#1271,#1273,#1275,.T.);
#1271 = VERTEX_POINT('',#1272);
#1272 = CARTESIAN_POINT('',(63.953247,-67.910753,0.));
#1273 = VERTEX_POINT('',#1274);
#1274 = CARTESIAN_POINT('',(63.572247,-68.291753,0.));
#1275 = CIRCLE('',#1276,0.380992091699);
#1276 = AXIS2_PLACEMENT_3D('',#1277,#1278,#1279);
#1277 = CARTESIAN_POINT('',(63.953239091617,-68.29174509161,0.));
#1278 = DIRECTION('',(0.,0.,1.));
#1279 = DIRECTION('',(2.075734151478E-05,0.999999999785,-0.));
#1280 = ORIENTED_EDGE('',*,*,#1281,.F.);
#1281 = EDGE_CURVE('',#1282,#1271,#1284,.T.);
#1282 = VERTEX_POINT('',#1283);
#1283 = CARTESIAN_POINT('',(65.604247,-67.910753,0.));
#1284 = LINE('',#1285,#1286);
#1285 = CARTESIAN_POINT('',(65.604247,-67.910753,0.));
#1286 = VECTOR('',#1287,1.);
#1287 = DIRECTION('',(-1.,0.,0.));
#1288 = ORIENTED_EDGE('',*,*,#1289,.F.);
#1289 = EDGE_CURVE('',#1290,#1282,#1292,.T.);
#1290 = VERTEX_POINT('',#1291);
#1291 = CARTESIAN_POINT('',(65.985247,-68.291753,0.));
#1292 = CIRCLE('',#1293,0.380995505729);
#1293 = AXIS2_PLACEMENT_3D('',#1294,#1295,#1296);
#1294 = CARTESIAN_POINT('',(65.604251494297,-68.2917485057,0.));
#1295 = DIRECTION('',(0.,0.,1.));
#1296 = DIRECTION('',(0.99999999993,-1.179619483088E-05,0.));
#1297 = ORIENTED_EDGE('',*,*,#1298,.F.);
#1298 = EDGE_CURVE('',#1299,#1290,#1301,.T.);
#1299 = VERTEX_POINT('',#1300);
#1300 = CARTESIAN_POINT('',(65.985247,-69.89132606571,0.));
#1301 = LINE('',#1302,#1303);
#1302 = CARTESIAN_POINT('',(65.985247,-69.891953,0.));
#1303 = VECTOR('',#1304,1.);
#1304 = DIRECTION('',(0.,1.,0.));
#1305 = ORIENTED_EDGE('',*,*,#1306,.T.);
#1306 = EDGE_CURVE('',#1299,#1307,#1309,.T.);
#1307 = VERTEX_POINT('',#1308);
#1308 = CARTESIAN_POINT('',(65.715,-70.812,0.));
#1309 = CIRCLE('',#1310,0.5);
#1310 = AXIS2_PLACEMENT_3D('',#1311,#1312,#1313);
#1311 = CARTESIAN_POINT('',(65.715,-70.312,0.));
#1312 = DIRECTION('',(-0.,0.,-1.));
#1313 = DIRECTION('',(-0.,-1.,0.));
#1314 = ORIENTED_EDGE('',*,*,#1315,.T.);
#1315 = EDGE_CURVE('',#1307,#1316,#1318,.T.);
#1316 = VERTEX_POINT('',#1317);
#1317 = CARTESIAN_POINT('',(65.291472736424,-70.577753,0.));
#1318 = CIRCLE('',#1319,0.5);
#1319 = AXIS2_PLACEMENT_3D('',#1320,#1321,#1322);
#1320 = CARTESIAN_POINT('',(65.715,-70.312,0.));
#1321 = DIRECTION('',(-0.,0.,-1.));
#1322 = DIRECTION('',(-0.,-1.,0.));
#1323 = ORIENTED_EDGE('',*,*,#1324,.F.);
#1324 = EDGE_CURVE('',#1325,#1316,#1327,.T.);
#1325 = VERTEX_POINT('',#1326);
#1326 = CARTESIAN_POINT('',(64.258927263574,-70.577753,0.));
#1327 = LINE('',#1328,#1329);
#1328 = CARTESIAN_POINT('',(64.258047,-70.577753,0.));
#1329 = VECTOR('',#1330,1.);
#1330 = DIRECTION('',(1.,0.,0.));
#1331 = ORIENTED_EDGE('',*,*,#1332,.T.);
#1332 = EDGE_CURVE('',#1325,#1333,#1335,.T.);
#1333 = VERTEX_POINT('',#1334);
#1334 = CARTESIAN_POINT('',(63.8354,-70.812,0.));
#1335 = CIRCLE('',#1336,0.5);
#1336 = AXIS2_PLACEMENT_3D('',#1337,#1338,#1339);
#1337 = CARTESIAN_POINT('',(63.8354,-70.312,0.));
#1338 = DIRECTION('',(-0.,0.,-1.));
#1339 = DIRECTION('',(-1.42108547152E-14,-1.,0.));
#1340 = ORIENTED_EDGE('',*,*,#1341,.T.);
#1341 = EDGE_CURVE('',#1333,#1342,#1344,.T.);
#1342 = VERTEX_POINT('',#1343);
#1343 = CARTESIAN_POINT('',(63.572247,-69.88685238023,0.));
#1344 = CIRCLE('',#1345,0.5);
#1345 = AXIS2_PLACEMENT_3D('',#1346,#1347,#1348);
#1346 = CARTESIAN_POINT('',(63.8354,-70.312,0.));
#1347 = DIRECTION('',(-0.,0.,-1.));
#1348 = DIRECTION('',(-1.42108547152E-14,-1.,0.));
#1349 = ORIENTED_EDGE('',*,*,#1350,.F.);
#1350 = EDGE_CURVE('',#1273,#1342,#1351,.T.);
#1351 = LINE('',#1352,#1353);
#1352 = CARTESIAN_POINT('',(63.572247,-68.291753,0.));
#1353 = VECTOR('',#1354,1.);
#1354 = DIRECTION('',(0.,-1.,0.));
#1355 = FACE_BOUND('',#1356,.F.);
#1356 = EDGE_LOOP('',(#1357));
#1357 = ORIENTED_EDGE('',*,*,#1358,.T.);
#1358 = EDGE_CURVE('',#1359,#1359,#1361,.T.);
#1359 = VERTEX_POINT('',#1360);
#1360 = CARTESIAN_POINT('',(68.04,-75.9064,0.));
#1361 = CIRCLE('',#1362,0.4064);
#1362 = AXIS2_PLACEMENT_3D('',#1363,#1364,#1365);
#1363 = CARTESIAN_POINT('',(68.04,-75.5,0.));
#1364 = DIRECTION('',(-0.,0.,-1.));
#1365 = DIRECTION('',(3.49676543189E-14,-1.,-0.));
#1366 = FACE_BOUND('',#1367,.F.);
#1367 = EDGE_LOOP('',(#1368));
#1368 = ORIENTED_EDGE('',*,*,#1369,.T.);
#1369 = EDGE_CURVE('',#1370,#1370,#1372,.T.);
#1370 = VERTEX_POINT('',#1371);
#1371 = CARTESIAN_POINT('',(67.62,-69.0264,0.));
#1372 = CIRCLE('',#1373,0.4064);
#1373 = AXIS2_PLACEMENT_3D('',#1374,#1375,#1376);
#1374 = CARTESIAN_POINT('',(67.62,-68.62,0.));
#1375 = DIRECTION('',(-0.,0.,-1.));
#1376 = DIRECTION('',(-0.,-1.,0.));
#1377 = FACE_BOUND('',#1378,.F.);
#1378 = EDGE_LOOP('',(#1379));
#1379 = ORIENTED_EDGE('',*,*,#1380,.T.);
#1380 = EDGE_CURVE('',#1381,#1381,#1383,.T.);
#1381 = VERTEX_POINT('',#1382);
#1382 = CARTESIAN_POINT('',(85.5,-78.45,0.));
#1383 = CIRCLE('',#1384,0.95);
#1384 = AXIS2_PLACEMENT_3D('',#1385,#1386,#1387);
#1385 = CARTESIAN_POINT('',(85.5,-77.5,0.));
#1386 = DIRECTION('',(-0.,0.,-1.));
#1387 = DIRECTION('',(-0.,-1.,0.));
#1388 = FACE_BOUND('',#1389,.F.);
#1389 = EDGE_LOOP('',(#1390));
#1390 = ORIENTED_EDGE('',*,*,#1391,.T.);
#1391 = EDGE_CURVE('',#1392,#1392,#1394,.T.);
#1392 = VERTEX_POINT('',#1393);
#1393 = CARTESIAN_POINT('',(93.,-80.825,0.));
#1394 = CIRCLE('',#1395,1.525);
#1395 = AXIS2_PLACEMENT_3D('',#1396,#1397,#1398);
#1396 = CARTESIAN_POINT('',(93.,-79.3,0.));
#1397 = DIRECTION('',(-0.,0.,-1.));
#1398 = DIRECTION('',(-0.,-1.,0.));
#1399 = FACE_BOUND('',#1400,.F.);
#1400 = EDGE_LOOP('',(#1401));
#1401 = ORIENTED_EDGE('',*,*,#1402,.T.);
#1402 = EDGE_CURVE('',#1403,#1403,#1405,.T.);
#1403 = VERTEX_POINT('',#1404);
#1404 = CARTESIAN_POINT('',(98.,-82.925,0.));
#1405 = CIRCLE('',#1406,1.525);
#1406 = AXIS2_PLACEMENT_3D('',#1407,#1408,#1409);
#1407 = CARTESIAN_POINT('',(98.,-81.4,0.));
#1408 = DIRECTION('',(-0.,0.,-1.));
#1409 = DIRECTION('',(-0.,-1.,0.));
#1410 = FACE_BOUND('',#1411,.F.);
#1411 = EDGE_LOOP('',(#1412));
#1412 = ORIENTED_EDGE('',*,*,#1413,.T.);
#1413 = EDGE_CURVE('',#1414,#1414,#1416,.T.);
#1414 = VERTEX_POINT('',#1415);
#1415 = CARTESIAN_POINT('',(85.,-73.15,0.));
#1416 = CIRCLE('',#1417,0.8);
#1417 = AXIS2_PLACEMENT_3D('',#1418,#1419,#1420);
#1418 = CARTESIAN_POINT('',(85.,-72.35,0.));
#1419 = DIRECTION('',(-0.,0.,-1.));
#1420 = DIRECTION('',(-0.,-1.,0.));
#1421 = FACE_BOUND('',#1422,.F.);
#1422 = EDGE_LOOP('',(#1423));
#1423 = ORIENTED_EDGE('',*,*,#1424,.T.);
#1424 = EDGE_CURVE('',#1425,#1425,#1427,.T.);
#1425 = VERTEX_POINT('',#1426);
#1426 = CARTESIAN_POINT('',(92.5,-76.45,0.));
#1427 = CIRCLE('',#1428,0.95);
#1428 = AXIS2_PLACEMENT_3D('',#1429,#1430,#1431);
#1429 = CARTESIAN_POINT('',(92.5,-75.5,0.));
#1430 = DIRECTION('',(-0.,0.,-1.));
#1431 = DIRECTION('',(-0.,-1.,0.));
#1432 = FACE_BOUND('',#1433,.F.);
#1433 = EDGE_LOOP('',(#1434));
#1434 = ORIENTED_EDGE('',*,*,#1435,.T.);
#1435 = EDGE_CURVE('',#1436,#1436,#1438,.T.);
#1436 = VERTEX_POINT('',#1437);
#1437 = CARTESIAN_POINT('',(98.,-78.025,0.));
#1438 = CIRCLE('',#1439,2.525);
#1439 = AXIS2_PLACEMENT_3D('',#1440,#1441,#1442);
#1440 = CARTESIAN_POINT('',(98.,-75.5,0.));
#1441 = DIRECTION('',(-0.,0.,-1.));
#1442 = DIRECTION('',(-0.,-1.,0.));
#1443 = FACE_BOUND('',#1444,.F.);
#1444 = EDGE_LOOP('',(#1445));
#1445 = ORIENTED_EDGE('',*,*,#1446,.T.);
#1446 = EDGE_CURVE('',#1447,#1447,#1449,.T.);
#1447 = VERTEX_POINT('',#1448);
#1448 = CARTESIAN_POINT('',(103.5,-76.45,0.));
#1449 = CIRCLE('',#1450,0.95);
#1450 = AXIS2_PLACEMENT_3D('',#1451,#1452,#1453);
#1451 = CARTESIAN_POINT('',(103.5,-75.5,0.));
#1452 = DIRECTION('',(-0.,0.,-1.));
#1453 = DIRECTION('',(-0.,-1.,0.));
#1454 = FACE_BOUND('',#1455,.F.);
#1455 = EDGE_LOOP('',(#1456));
#1456 = ORIENTED_EDGE('',*,*,#1457,.T.);
#1457 = EDGE_CURVE('',#1458,#1458,#1460,.T.);
#1458 = VERTEX_POINT('',#1459);
#1459 = CARTESIAN_POINT('',(111.,-77.825,0.));
#1460 = CIRCLE('',#1461,1.525);
#1461 = AXIS2_PLACEMENT_3D('',#1462,#1463,#1464);
#1462 = CARTESIAN_POINT('',(111.,-76.3,0.));
#1463 = DIRECTION('',(-0.,0.,-1.));
#1464 = DIRECTION('',(-0.,-1.,0.));
#1465 = FACE_BOUND('',#1466,.F.);
#1466 = EDGE_LOOP('',(#1467));
#1467 = ORIENTED_EDGE('',*,*,#1468,.T.);
#1468 = EDGE_CURVE('',#1469,#1469,#1471,.T.);
#1469 = VERTEX_POINT('',#1470);
#1470 = CARTESIAN_POINT('',(110.5,-73.45,0.));
#1471 = CIRCLE('',#1472,0.95);
#1472 = AXIS2_PLACEMENT_3D('',#1473,#1474,#1475);
#1473 = CARTESIAN_POINT('',(110.5,-72.5,0.));
#1474 = DIRECTION('',(-0.,0.,-1.));
#1475 = DIRECTION('',(-0.,-1.,0.));
#1476 = FACE_BOUND('',#1477,.F.);
#1477 = EDGE_LOOP('',(#1478));
#1478 = ORIENTED_EDGE('',*,*,#1479,.T.);
#1479 = EDGE_CURVE('',#1480,#1480,#1482,.T.);
#1480 = VERTEX_POINT('',#1481);
#1481 = CARTESIAN_POINT('',(103.,-71.15,0.));
#1482 = CIRCLE('',#1483,0.8);
#1483 = AXIS2_PLACEMENT_3D('',#1484,#1485,#1486);
#1484 = CARTESIAN_POINT('',(103.,-70.35,0.));
#1485 = DIRECTION('',(-0.,0.,-1.));
#1486 = DIRECTION('',(-0.,-1.,0.));
#1487 = FACE_BOUND('',#1488,.F.);
#1488 = EDGE_LOOP('',(#1489));
#1489 = ORIENTED_EDGE('',*,*,#1490,.T.);
#1490 = EDGE_CURVE('',#1491,#1491,#1493,.T.);
#1491 = VERTEX_POINT('',#1492);
#1492 = CARTESIAN_POINT('',(52.38,-66.4864,0.));
#1493 = CIRCLE('',#1494,0.4064);
#1494 = AXIS2_PLACEMENT_3D('',#1495,#1496,#1497);
#1495 = CARTESIAN_POINT('',(52.38,-66.08,0.));
#1496 = DIRECTION('',(-0.,0.,-1.));
#1497 = DIRECTION('',(1.748382715945E-14,-1.,-0.));
#1498 = FACE_BOUND('',#1499,.F.);
#1499 = EDGE_LOOP('',(#1500));
#1500 = ORIENTED_EDGE('',*,*,#1501,.T.);
#1501 = EDGE_CURVE('',#1502,#1502,#1504,.T.);
#1502 = VERTEX_POINT('',#1503);
#1503 = CARTESIAN_POINT('',(52.38,-63.9464,0.));
#1504 = CIRCLE('',#1505,0.4064);
#1505 = AXIS2_PLACEMENT_3D('',#1506,#1507,#1508);
#1506 = CARTESIAN_POINT('',(52.38,-63.54,0.));
#1507 = DIRECTION('',(-0.,0.,-1.));
#1508 = DIRECTION('',(1.748382715945E-14,-1.,-0.));
#1509 = FACE_BOUND('',#1510,.F.);
#1510 = EDGE_LOOP('',(#1511));
#1511 = ORIENTED_EDGE('',*,*,#1512,.T.);
#1512 = EDGE_CURVE('',#1513,#1513,#1515,.T.);
#1513 = VERTEX_POINT('',#1514);
#1514 = CARTESIAN_POINT('',(52.38,-61.4064,0.));
#1515 = CIRCLE('',#1516,0.4064);
#1516 = AXIS2_PLACEMENT_3D('',#1517,#1518,#1519);
#1517 = CARTESIAN_POINT('',(52.38,-61.,0.));
#1518 = DIRECTION('',(-0.,0.,-1.));
#1519 = DIRECTION('',(1.748382715945E-14,-1.,-0.));
#1520 = FACE_BOUND('',#1521,.F.);
#1521 = EDGE_LOOP('',(#1522));
#1522 = ORIENTED_EDGE('',*,*,#1523,.T.);
#1523 = EDGE_CURVE('',#1524,#1524,#1526,.T.);
#1524 = VERTEX_POINT('',#1525);
#1525 = CARTESIAN_POINT('',(52.38,-58.8664,0.));
#1526 = CIRCLE('',#1527,0.4064);
#1527 = AXIS2_PLACEMENT_3D('',#1528,#1529,#1530);
#1528 = CARTESIAN_POINT('',(52.38,-58.46,0.));
#1529 = DIRECTION('',(-0.,0.,-1.));
#1530 = DIRECTION('',(1.748382715945E-14,-1.,-0.));
#1531 = FACE_BOUND('',#1532,.F.);
#1532 = EDGE_LOOP('',(#1533,#1544,#1553,#1561,#1570,#1578,#1587,#1595,
    #1604,#1613,#1622));
#1533 = ORIENTED_EDGE('',*,*,#1534,.F.);
#1534 = EDGE_CURVE('',#1535,#1537,#1539,.T.);
#1535 = VERTEX_POINT('',#1536);
#1536 = CARTESIAN_POINT('',(55.400622295303,-59.25357073531,0.));
#1537 = VERTEX_POINT('',#1538);
#1538 = CARTESIAN_POINT('',(55.292247,-59.208047,0.));
#1539 = CIRCLE('',#1540,0.503256025803);
#1540 = AXIS2_PLACEMENT_3D('',#1541,#1542,#1543);
#1541 = CARTESIAN_POINT('',(55.540000251482,-58.77000025148,0.));
#1542 = DIRECTION('',(0.,0.,-1.));
#1543 = DIRECTION('',(0.870425242935,0.492300615946,0.));
#1544 = ORIENTED_EDGE('',*,*,#1545,.T.);
#1545 = EDGE_CURVE('',#1535,#1546,#1548,.T.);
#1546 = VERTEX_POINT('',#1547);
#1547 = CARTESIAN_POINT('',(55.984639852654,-58.522247,0.));
#1548 = CIRCLE('',#1549,0.5);
#1549 = AXIS2_PLACEMENT_3D('',#1550,#1551,#1552);
#1550 = CARTESIAN_POINT('',(55.555,-58.778,0.));
#1551 = DIRECTION('',(-0.,0.,-1.));
#1552 = DIRECTION('',(-0.,-1.,0.));
#1553 = ORIENTED_EDGE('',*,*,#1554,.F.);
#1554 = EDGE_CURVE('',#1555,#1546,#1557,.T.);
#1555 = VERTEX_POINT('',#1556);
#1556 = CARTESIAN_POINT('',(57.578247,-58.522247,0.));
#1557 = LINE('',#1558,#1559);
#1558 = CARTESIAN_POINT('',(57.578247,-58.522247,0.));
#1559 = VECTOR('',#1560,1.);
#1560 = DIRECTION('',(-1.,0.,0.));
#1561 = ORIENTED_EDGE('',*,*,#1562,.F.);
#1562 = EDGE_CURVE('',#1563,#1555,#1565,.T.);
#1563 = VERTEX_POINT('',#1564);
#1564 = CARTESIAN_POINT('',(57.959247,-58.903247,0.));
#1565 = CIRCLE('',#1566,0.380992091699);
#1566 = AXIS2_PLACEMENT_3D('',#1567,#1568,#1569);
#1567 = CARTESIAN_POINT('',(57.578254908383,-58.90323909161,0.));
#1568 = DIRECTION('',(0.,0.,1.));
#1569 = DIRECTION('',(0.999999999785,-2.075734157073E-05,0.));
#1570 = ORIENTED_EDGE('',*,*,#1571,.F.);
#1571 = EDGE_CURVE('',#1572,#1563,#1574,.T.);
#1572 = VERTEX_POINT('',#1573);
#1573 = CARTESIAN_POINT('',(57.959247,-60.554247,0.));
#1574 = LINE('',#1575,#1576);
#1575 = CARTESIAN_POINT('',(57.959247,-60.554247,0.));
#1576 = VECTOR('',#1577,1.);
#1577 = DIRECTION('',(0.,1.,0.));
#1578 = ORIENTED_EDGE('',*,*,#1579,.F.);
#1579 = EDGE_CURVE('',#1580,#1572,#1582,.T.);
#1580 = VERTEX_POINT('',#1581);
#1581 = CARTESIAN_POINT('',(57.578247,-60.935247,0.));
#1582 = CIRCLE('',#1583,0.380995505729);
#1583 = AXIS2_PLACEMENT_3D('',#1584,#1585,#1586);
#1584 = CARTESIAN_POINT('',(57.578251494297,-60.55425149429,0.));
#1585 = DIRECTION('',(0.,0.,1.));
#1586 = DIRECTION('',(-1.179619490548E-05,-0.99999999993,0.));
#1587 = ORIENTED_EDGE('',*,*,#1588,.F.);
#1588 = EDGE_CURVE('',#1589,#1580,#1591,.T.);
#1589 = VERTEX_POINT('',#1590);
#1590 = CARTESIAN_POINT('',(55.98670759895,-60.935247,0.));
#1591 = LINE('',#1592,#1593);
#1592 = CARTESIAN_POINT('',(55.978047,-60.935247,0.));
#1593 = VECTOR('',#1594,1.);
#1594 = DIRECTION('',(1.,0.,0.));
#1595 = ORIENTED_EDGE('',*,*,#1596,.T.);
#1596 = EDGE_CURVE('',#1589,#1597,#1599,.T.);
#1597 = VERTEX_POINT('',#1598);
#1598 = CARTESIAN_POINT('',(55.555,-61.183,0.));
#1599 = CIRCLE('',#1600,0.5);
#1600 = AXIS2_PLACEMENT_3D('',#1601,#1602,#1603);
#1601 = CARTESIAN_POINT('',(55.555,-60.683,0.));
#1602 = DIRECTION('',(-0.,0.,-1.));
#1603 = DIRECTION('',(-0.,-1.,0.));
#1604 = ORIENTED_EDGE('',*,*,#1605,.T.);
#1605 = EDGE_CURVE('',#1597,#1606,#1608,.T.);
#1606 = VERTEX_POINT('',#1607);
#1607 = CARTESIAN_POINT('',(55.50661268491,-60.18534683992,0.));
#1608 = CIRCLE('',#1609,0.5);
#1609 = AXIS2_PLACEMENT_3D('',#1610,#1611,#1612);
#1610 = CARTESIAN_POINT('',(55.555,-60.683,0.));
#1611 = DIRECTION('',(-0.,0.,-1.));
#1612 = DIRECTION('',(-0.,-1.,0.));
#1613 = ORIENTED_EDGE('',*,*,#1614,.F.);
#1614 = EDGE_CURVE('',#1615,#1606,#1617,.T.);
#1615 = VERTEX_POINT('',#1616);
#1616 = CARTESIAN_POINT('',(55.292247,-60.249447,0.));
#1617 = CIRCLE('',#1618,0.503256283864);
#1618 = AXIS2_PLACEMENT_3D('',#1619,#1620,#1621);
#1619 = CARTESIAN_POINT('',(55.539999569008,-60.68749443099,0.));
#1620 = DIRECTION('',(0.,0.,-1.));
#1621 = DIRECTION('',(-0.492299007388,0.870426152712,0.));
#1622 = ORIENTED_EDGE('',*,*,#1623,.F.);
#1623 = EDGE_CURVE('',#1537,#1615,#1624,.T.);
#1624 = LINE('',#1625,#1626);
#1625 = CARTESIAN_POINT('',(55.292247,-59.208047,0.));
#1626 = VECTOR('',#1627,1.);
#1627 = DIRECTION('',(0.,-1.,0.));
#1628 = FACE_BOUND('',#1629,.F.);
#1629 = EDGE_LOOP('',(#1630));
#1630 = ORIENTED_EDGE('',*,*,#1631,.T.);
#1631 = EDGE_CURVE('',#1632,#1632,#1634,.T.);
#1632 = VERTEX_POINT('',#1633);
#1633 = CARTESIAN_POINT('',(67.62,-66.4864,0.));
#1634 = CIRCLE('',#1635,0.4064);
#1635 = AXIS2_PLACEMENT_3D('',#1636,#1637,#1638);
#1636 = CARTESIAN_POINT('',(67.62,-66.08,0.));
#1637 = DIRECTION('',(-0.,0.,-1.));
#1638 = DIRECTION('',(-0.,-1.,0.));
#1639 = FACE_BOUND('',#1640,.F.);
#1640 = EDGE_LOOP('',(#1641));
#1641 = ORIENTED_EDGE('',*,*,#1642,.T.);
#1642 = EDGE_CURVE('',#1643,#1643,#1645,.T.);
#1643 = VERTEX_POINT('',#1644);
#1644 = CARTESIAN_POINT('',(67.62,-63.9464,0.));
#1645 = CIRCLE('',#1646,0.4064);
#1646 = AXIS2_PLACEMENT_3D('',#1647,#1648,#1649);
#1647 = CARTESIAN_POINT('',(67.62,-63.54,0.));
#1648 = DIRECTION('',(-0.,0.,-1.));
#1649 = DIRECTION('',(-0.,-1.,0.));
#1650 = FACE_BOUND('',#1651,.F.);
#1651 = EDGE_LOOP('',(#1652));
#1652 = ORIENTED_EDGE('',*,*,#1653,.T.);
#1653 = EDGE_CURVE('',#1654,#1654,#1656,.T.);
#1654 = VERTEX_POINT('',#1655);
#1655 = CARTESIAN_POINT('',(80.,-67.925,0.));
#1656 = CIRCLE('',#1657,1.525);
#1657 = AXIS2_PLACEMENT_3D('',#1658,#1659,#1660);
#1658 = CARTESIAN_POINT('',(80.,-66.4,0.));
#1659 = DIRECTION('',(-0.,0.,-1.));
#1660 = DIRECTION('',(-0.,-1.,0.));
#1661 = FACE_BOUND('',#1662,.F.);
#1662 = EDGE_LOOP('',(#1663));
#1663 = ORIENTED_EDGE('',*,*,#1664,.T.);
#1664 = EDGE_CURVE('',#1665,#1665,#1667,.T.);
#1665 = VERTEX_POINT('',#1666);
#1666 = CARTESIAN_POINT('',(75.,-65.825,0.));
#1667 = CIRCLE('',#1668,1.525);
#1668 = AXIS2_PLACEMENT_3D('',#1669,#1670,#1671);
#1669 = CARTESIAN_POINT('',(75.,-64.3,0.));
#1670 = DIRECTION('',(-0.,0.,-1.));
#1671 = DIRECTION('',(-0.,-1.,0.));
#1672 = FACE_BOUND('',#1673,.F.);
#1673 = EDGE_LOOP('',(#1674));
#1674 = ORIENTED_EDGE('',*,*,#1675,.T.);
#1675 = EDGE_CURVE('',#1676,#1676,#1678,.T.);
#1676 = VERTEX_POINT('',#1677);
#1677 = CARTESIAN_POINT('',(67.62,-61.4064,0.));
#1678 = CIRCLE('',#1679,0.4064);
#1679 = AXIS2_PLACEMENT_3D('',#1680,#1681,#1682);
#1680 = CARTESIAN_POINT('',(67.62,-61.,0.));
#1681 = DIRECTION('',(-0.,0.,-1.));
#1682 = DIRECTION('',(-0.,-1.,0.));
#1683 = FACE_BOUND('',#1684,.F.);
#1684 = EDGE_LOOP('',(#1685));
#1685 = ORIENTED_EDGE('',*,*,#1686,.T.);
#1686 = EDGE_CURVE('',#1687,#1687,#1689,.T.);
#1687 = VERTEX_POINT('',#1688);
#1688 = CARTESIAN_POINT('',(67.62,-58.8664,0.));
#1689 = CIRCLE('',#1690,0.4064);
#1690 = AXIS2_PLACEMENT_3D('',#1691,#1692,#1693);
#1691 = CARTESIAN_POINT('',(67.62,-58.46,0.));
#1692 = DIRECTION('',(-0.,0.,-1.));
#1693 = DIRECTION('',(-0.,-1.,0.));
#1694 = FACE_BOUND('',#1695,.F.);
#1695 = EDGE_LOOP('',(#1696));
#1696 = ORIENTED_EDGE('',*,*,#1697,.T.);
#1697 = EDGE_CURVE('',#1698,#1698,#1700,.T.);
#1698 = VERTEX_POINT('',#1699);
#1699 = CARTESIAN_POINT('',(74.5,-61.45,0.));
#1700 = CIRCLE('',#1701,0.95);
#1701 = AXIS2_PLACEMENT_3D('',#1702,#1703,#1704);
#1702 = CARTESIAN_POINT('',(74.5,-60.5,0.));
#1703 = DIRECTION('',(-0.,0.,-1.));
#1704 = DIRECTION('',(-0.,-1.,0.));
#1705 = FACE_BOUND('',#1706,.F.);
#1706 = EDGE_LOOP('',(#1707));
#1707 = ORIENTED_EDGE('',*,*,#1708,.T.);
#1708 = EDGE_CURVE('',#1709,#1709,#1711,.T.);
#1709 = VERTEX_POINT('',#1710);
#1710 = CARTESIAN_POINT('',(80.,-63.025,0.));
#1711 = CIRCLE('',#1712,2.525);
#1712 = AXIS2_PLACEMENT_3D('',#1713,#1714,#1715);
#1713 = CARTESIAN_POINT('',(80.,-60.5,0.));
#1714 = DIRECTION('',(-0.,0.,-1.));
#1715 = DIRECTION('',(-0.,-1.,0.));
#1716 = FACE_BOUND('',#1717,.F.);
#1717 = EDGE_LOOP('',(#1718));
#1718 = ORIENTED_EDGE('',*,*,#1719,.T.);
#1719 = EDGE_CURVE('',#1720,#1720,#1722,.T.);
#1720 = VERTEX_POINT('',#1721);
#1721 = CARTESIAN_POINT('',(52.38,-56.3264,0.));
#1722 = CIRCLE('',#1723,0.4064);
#1723 = AXIS2_PLACEMENT_3D('',#1724,#1725,#1726);
#1724 = CARTESIAN_POINT('',(52.38,-55.92,0.));
#1725 = DIRECTION('',(-0.,0.,-1.));
#1726 = DIRECTION('',(1.748382715945E-14,-1.,-0.));
#1727 = FACE_BOUND('',#1728,.F.);
#1728 = EDGE_LOOP('',(#1729));
#1729 = ORIENTED_EDGE('',*,*,#1730,.T.);
#1730 = EDGE_CURVE('',#1731,#1731,#1733,.T.);
#1731 = VERTEX_POINT('',#1732);
#1732 = CARTESIAN_POINT('',(52.38,-53.7864,0.));
#1733 = CIRCLE('',#1734,0.4064);
#1734 = AXIS2_PLACEMENT_3D('',#1735,#1736,#1737);
#1735 = CARTESIAN_POINT('',(52.38,-53.38,0.));
#1736 = DIRECTION('',(-0.,0.,-1.));
#1737 = DIRECTION('',(1.748382715945E-14,-1.,-0.));
#1738 = FACE_BOUND('',#1739,.F.);
#1739 = EDGE_LOOP('',(#1740));
#1740 = ORIENTED_EDGE('',*,*,#1741,.T.);
#1741 = EDGE_CURVE('',#1742,#1742,#1744,.T.);
#1742 = VERTEX_POINT('',#1743);
#1743 = CARTESIAN_POINT('',(67.62,-56.3264,0.));
#1744 = CIRCLE('',#1745,0.4064);
#1745 = AXIS2_PLACEMENT_3D('',#1746,#1747,#1748);
#1746 = CARTESIAN_POINT('',(67.62,-55.92,0.));
#1747 = DIRECTION('',(-0.,0.,-1.));
#1748 = DIRECTION('',(-0.,-1.,0.));
#1749 = FACE_BOUND('',#1750,.F.);
#1750 = EDGE_LOOP('',(#1751));
#1751 = ORIENTED_EDGE('',*,*,#1752,.T.);
#1752 = EDGE_CURVE('',#1753,#1753,#1755,.T.);
#1753 = VERTEX_POINT('',#1754);
#1754 = CARTESIAN_POINT('',(67.62,-53.7864,0.));
#1755 = CIRCLE('',#1756,0.4064);
#1756 = AXIS2_PLACEMENT_3D('',#1757,#1758,#1759);
#1757 = CARTESIAN_POINT('',(67.62,-53.38,0.));
#1758 = DIRECTION('',(-0.,0.,-1.));
#1759 = DIRECTION('',(-0.,-1.,0.));
#1760 = FACE_BOUND('',#1761,.F.);
#1761 = EDGE_LOOP('',(#1762));
#1762 = ORIENTED_EDGE('',*,*,#1763,.T.);
#1763 = EDGE_CURVE('',#1764,#1764,#1766,.T.);
#1764 = VERTEX_POINT('',#1765);
#1765 = CARTESIAN_POINT('',(85.5,-61.45,0.));
#1766 = CIRCLE('',#1767,0.95);
#1767 = AXIS2_PLACEMENT_3D('',#1768,#1769,#1770);
#1768 = CARTESIAN_POINT('',(85.5,-60.5,0.));
#1769 = DIRECTION('',(-0.,0.,-1.));
#1770 = DIRECTION('',(-0.,-1.,0.));
#1771 = FACE_BOUND('',#1772,.F.);
#1772 = EDGE_LOOP('',(#1773));
#1773 = ORIENTED_EDGE('',*,*,#1774,.T.);
#1774 = EDGE_CURVE('',#1775,#1775,#1777,.T.);
#1775 = VERTEX_POINT('',#1776);
#1776 = CARTESIAN_POINT('',(93.,-63.825,0.));
#1777 = CIRCLE('',#1778,1.525);
#1778 = AXIS2_PLACEMENT_3D('',#1779,#1780,#1781);
#1779 = CARTESIAN_POINT('',(93.,-62.3,0.));
#1780 = DIRECTION('',(-0.,0.,-1.));
#1781 = DIRECTION('',(-0.,-1.,0.));
#1782 = FACE_BOUND('',#1783,.F.);
#1783 = EDGE_LOOP('',(#1784));
#1784 = ORIENTED_EDGE('',*,*,#1785,.T.);
#1785 = EDGE_CURVE('',#1786,#1786,#1788,.T.);
#1786 = VERTEX_POINT('',#1787);
#1787 = CARTESIAN_POINT('',(92.5,-59.45,0.));
#1788 = CIRCLE('',#1789,0.95);
#1789 = AXIS2_PLACEMENT_3D('',#1790,#1791,#1792);
#1790 = CARTESIAN_POINT('',(92.5,-58.5,0.));
#1791 = DIRECTION('',(-0.,0.,-1.));
#1792 = DIRECTION('',(-0.,-1.,0.));
#1793 = FACE_BOUND('',#1794,.F.);
#1794 = EDGE_LOOP('',(#1795));
#1795 = ORIENTED_EDGE('',*,*,#1796,.T.);
#1796 = EDGE_CURVE('',#1797,#1797,#1799,.T.);
#1797 = VERTEX_POINT('',#1798);
#1798 = CARTESIAN_POINT('',(98.,-65.925,0.));
#1799 = CIRCLE('',#1800,1.525);
#1800 = AXIS2_PLACEMENT_3D('',#1801,#1802,#1803);
#1801 = CARTESIAN_POINT('',(98.,-64.4,0.));
#1802 = DIRECTION('',(-0.,0.,-1.));
#1803 = DIRECTION('',(-0.,-1.,0.));
#1804 = FACE_BOUND('',#1805,.F.);
#1805 = EDGE_LOOP('',(#1806));
#1806 = ORIENTED_EDGE('',*,*,#1807,.T.);
#1807 = EDGE_CURVE('',#1808,#1808,#1810,.T.);
#1808 = VERTEX_POINT('',#1809);
#1809 = CARTESIAN_POINT('',(98.,-61.025,0.));
#1810 = CIRCLE('',#1811,2.525);
#1811 = AXIS2_PLACEMENT_3D('',#1812,#1813,#1814);
#1812 = CARTESIAN_POINT('',(98.,-58.5,0.));
#1813 = DIRECTION('',(-0.,0.,-1.));
#1814 = DIRECTION('',(-0.,-1.,0.));
#1815 = FACE_BOUND('',#1816,.F.);
#1816 = EDGE_LOOP('',(#1817));
#1817 = ORIENTED_EDGE('',*,*,#1818,.T.);
#1818 = EDGE_CURVE('',#1819,#1819,#1821,.T.);
#1819 = VERTEX_POINT('',#1820);
#1820 = CARTESIAN_POINT('',(103.5,-59.45,0.));
#1821 = CIRCLE('',#1822,0.95);
#1822 = AXIS2_PLACEMENT_3D('',#1823,#1824,#1825);
#1823 = CARTESIAN_POINT('',(103.5,-58.5,0.));
#1824 = DIRECTION('',(-0.,0.,-1.));
#1825 = DIRECTION('',(-0.,-1.,0.));
#1826 = FACE_BOUND('',#1827,.F.);
#1827 = EDGE_LOOP('',(#1828));
#1828 = ORIENTED_EDGE('',*,*,#1829,.T.);
#1829 = EDGE_CURVE('',#1830,#1830,#1832,.T.);
#1830 = VERTEX_POINT('',#1831);
#1831 = CARTESIAN_POINT('',(111.,-60.825,0.));
#1832 = CIRCLE('',#1833,1.525);
#1833 = AXIS2_PLACEMENT_3D('',#1834,#1835,#1836);
#1834 = CARTESIAN_POINT('',(111.,-59.3,0.));
#1835 = DIRECTION('',(-0.,0.,-1.));
#1836 = DIRECTION('',(-0.,-1.,0.));
#1837 = FACE_BOUND('',#1838,.F.);
#1838 = EDGE_LOOP('',(#1839));
#1839 = ORIENTED_EDGE('',*,*,#1840,.T.);
#1840 = EDGE_CURVE('',#1841,#1841,#1843,.T.);
#1841 = VERTEX_POINT('',#1842);
#1842 = CARTESIAN_POINT('',(85.,-56.15,0.));
#1843 = CIRCLE('',#1844,0.8);
#1844 = AXIS2_PLACEMENT_3D('',#1845,#1846,#1847);
#1845 = CARTESIAN_POINT('',(85.,-55.35,0.));
#1846 = DIRECTION('',(-0.,0.,-1.));
#1847 = DIRECTION('',(-0.,-1.,0.));
#1848 = FACE_BOUND('',#1849,.F.);
#1849 = EDGE_LOOP('',(#1850));
#1850 = ORIENTED_EDGE('',*,*,#1851,.T.);
#1851 = EDGE_CURVE('',#1852,#1852,#1854,.T.);
#1852 = VERTEX_POINT('',#1853);
#1853 = CARTESIAN_POINT('',(88.,-52.9,0.));
#1854 = CIRCLE('',#1855,2.15);
#1855 = AXIS2_PLACEMENT_3D('',#1856,#1857,#1858);
#1856 = CARTESIAN_POINT('',(88.,-50.75,0.));
#1857 = DIRECTION('',(-0.,0.,-1.));
#1858 = DIRECTION('',(-0.,-1.,0.));
#1859 = FACE_BOUND('',#1860,.F.);
#1860 = EDGE_LOOP('',(#1861));
#1861 = ORIENTED_EDGE('',*,*,#1862,.T.);
#1862 = EDGE_CURVE('',#1863,#1863,#1865,.T.);
#1863 = VERTEX_POINT('',#1864);
#1864 = CARTESIAN_POINT('',(103.,-54.15,0.));
#1865 = CIRCLE('',#1866,0.8);
#1866 = AXIS2_PLACEMENT_3D('',#1867,#1868,#1869);
#1867 = CARTESIAN_POINT('',(103.,-53.35,0.));
#1868 = DIRECTION('',(-0.,0.,-1.));
#1869 = DIRECTION('',(-0.,-1.,0.));
#1870 = FACE_BOUND('',#1871,.F.);
#1871 = EDGE_LOOP('',(#1872));
#1872 = ORIENTED_EDGE('',*,*,#1873,.T.);
#1873 = EDGE_CURVE('',#1874,#1874,#1876,.T.);
#1874 = VERTEX_POINT('',#1875);
#1875 = CARTESIAN_POINT('',(110.5,-56.45,0.));
#1876 = CIRCLE('',#1877,0.95);
#1877 = AXIS2_PLACEMENT_3D('',#1878,#1879,#1880);
#1878 = CARTESIAN_POINT('',(110.5,-55.5,0.));
#1879 = DIRECTION('',(-0.,0.,-1.));
#1880 = DIRECTION('',(-0.,-1.,0.));
#1881 = FACE_BOUND('',#1882,.F.);
#1882 = EDGE_LOOP('',(#1883));
#1883 = ORIENTED_EDGE('',*,*,#1884,.T.);
#1884 = EDGE_CURVE('',#1885,#1885,#1887,.T.);
#1885 = VERTEX_POINT('',#1886);
#1886 = CARTESIAN_POINT('',(121.,-85.15,0.));
#1887 = CIRCLE('',#1888,0.8);
#1888 = AXIS2_PLACEMENT_3D('',#1889,#1890,#1891);
#1889 = CARTESIAN_POINT('',(121.,-84.35,0.));
#1890 = DIRECTION('',(-0.,0.,-1.));
#1891 = DIRECTION('',(-0.,-1.,0.));
#1892 = FACE_BOUND('',#1893,.F.);
#1893 = EDGE_LOOP('',(#1894));
#1894 = ORIENTED_EDGE('',*,*,#1895,.T.);
#1895 = EDGE_CURVE('',#1896,#1896,#1898,.T.);
#1896 = VERTEX_POINT('',#1897);
#1897 = CARTESIAN_POINT('',(116.,-79.925,0.));
#1898 = CIRCLE('',#1899,1.525);
#1899 = AXIS2_PLACEMENT_3D('',#1900,#1901,#1902);
#1900 = CARTESIAN_POINT('',(116.,-78.4,0.));
#1901 = DIRECTION('',(-0.,0.,-1.));
#1902 = DIRECTION('',(-0.,-1.,0.));
#1903 = FACE_BOUND('',#1904,.F.);
#1904 = EDGE_LOOP('',(#1905));
#1905 = ORIENTED_EDGE('',*,*,#1906,.T.);
#1906 = EDGE_CURVE('',#1907,#1907,#1909,.T.);
#1907 = VERTEX_POINT('',#1908);
#1908 = CARTESIAN_POINT('',(129.,-78.825,0.));
#1909 = CIRCLE('',#1910,1.525);
#1910 = AXIS2_PLACEMENT_3D('',#1911,#1912,#1913);
#1911 = CARTESIAN_POINT('',(129.,-77.3,0.));
#1912 = DIRECTION('',(-0.,0.,-1.));
#1913 = DIRECTION('',(-0.,-1.,0.));
#1914 = FACE_BOUND('',#1915,.F.);
#1915 = EDGE_LOOP('',(#1916));
#1916 = ORIENTED_EDGE('',*,*,#1917,.T.);
#1917 = EDGE_CURVE('',#1918,#1918,#1920,.T.);
#1918 = VERTEX_POINT('',#1919);
#1919 = CARTESIAN_POINT('',(139.,-86.15,0.));
#1920 = CIRCLE('',#1921,0.8);
#1921 = AXIS2_PLACEMENT_3D('',#1922,#1923,#1924);
#1922 = CARTESIAN_POINT('',(139.,-85.35,0.));
#1923 = DIRECTION('',(-0.,0.,-1.));
#1924 = DIRECTION('',(-0.,-1.,0.));
#1925 = FACE_BOUND('',#1926,.F.);
#1926 = EDGE_LOOP('',(#1927));
#1927 = ORIENTED_EDGE('',*,*,#1928,.T.);
#1928 = EDGE_CURVE('',#1929,#1929,#1931,.T.);
#1929 = VERTEX_POINT('',#1930);
#1930 = CARTESIAN_POINT('',(134.,-80.925,0.));
#1931 = CIRCLE('',#1932,1.525);
#1932 = AXIS2_PLACEMENT_3D('',#1933,#1934,#1935);
#1933 = CARTESIAN_POINT('',(134.,-79.4,0.));
#1934 = DIRECTION('',(-0.,0.,-1.));
#1935 = DIRECTION('',(-0.,-1.,0.));
#1936 = FACE_BOUND('',#1937,.F.);
#1937 = EDGE_LOOP('',(#1938));
#1938 = ORIENTED_EDGE('',*,*,#1939,.T.);
#1939 = EDGE_CURVE('',#1940,#1940,#1942,.T.);
#1940 = VERTEX_POINT('',#1941);
#1941 = CARTESIAN_POINT('',(116.,-75.025,0.));
#1942 = CIRCLE('',#1943,2.525);
#1943 = AXIS2_PLACEMENT_3D('',#1944,#1945,#1946);
#1944 = CARTESIAN_POINT('',(116.,-72.5,0.));
#1945 = DIRECTION('',(-0.,0.,-1.));
#1946 = DIRECTION('',(-0.,-1.,0.));
#1947 = FACE_BOUND('',#1948,.F.);
#1948 = EDGE_LOOP('',(#1949));
#1949 = ORIENTED_EDGE('',*,*,#1950,.T.);
#1950 = EDGE_CURVE('',#1951,#1951,#1953,.T.);
#1951 = VERTEX_POINT('',#1952);
#1952 = CARTESIAN_POINT('',(121.5,-73.45,0.));
#1953 = CIRCLE('',#1954,0.95);
#1954 = AXIS2_PLACEMENT_3D('',#1955,#1956,#1957);
#1955 = CARTESIAN_POINT('',(121.5,-72.5,0.));
#1956 = DIRECTION('',(-0.,0.,-1.));
#1957 = DIRECTION('',(-0.,-1.,0.));
#1958 = FACE_BOUND('',#1959,.F.);
#1959 = EDGE_LOOP('',(#1960));
#1960 = ORIENTED_EDGE('',*,*,#1961,.T.);
#1961 = EDGE_CURVE('',#1962,#1962,#1964,.T.);
#1962 = VERTEX_POINT('',#1963);
#1963 = CARTESIAN_POINT('',(128.5,-74.45,0.));
#1964 = CIRCLE('',#1965,0.95);
#1965 = AXIS2_PLACEMENT_3D('',#1966,#1967,#1968);
#1966 = CARTESIAN_POINT('',(128.5,-73.5,0.));
#1967 = DIRECTION('',(-0.,0.,-1.));
#1968 = DIRECTION('',(-0.,-1.,0.));
#1969 = FACE_BOUND('',#1970,.F.);
#1970 = EDGE_LOOP('',(#1971));
#1971 = ORIENTED_EDGE('',*,*,#1972,.T.);
#1972 = EDGE_CURVE('',#1973,#1973,#1975,.T.);
#1973 = VERTEX_POINT('',#1974);
#1974 = CARTESIAN_POINT('',(134.,-76.025,0.));
#1975 = CIRCLE('',#1976,2.525);
#1976 = AXIS2_PLACEMENT_3D('',#1977,#1978,#1979);
#1977 = CARTESIAN_POINT('',(134.,-73.5,0.));
#1978 = DIRECTION('',(-0.,0.,-1.));
#1979 = DIRECTION('',(-0.,-1.,0.));
#1980 = FACE_BOUND('',#1981,.F.);
#1981 = EDGE_LOOP('',(#1982));
#1982 = ORIENTED_EDGE('',*,*,#1983,.T.);
#1983 = EDGE_CURVE('',#1984,#1984,#1986,.T.);
#1984 = VERTEX_POINT('',#1985);
#1985 = CARTESIAN_POINT('',(139.5,-74.45,0.));
#1986 = CIRCLE('',#1987,0.95);
#1987 = AXIS2_PLACEMENT_3D('',#1988,#1989,#1990);
#1988 = CARTESIAN_POINT('',(139.5,-73.5,0.));
#1989 = DIRECTION('',(-0.,0.,-1.));
#1990 = DIRECTION('',(-0.,-1.,0.));
#1991 = FACE_BOUND('',#1992,.F.);
#1992 = EDGE_LOOP('',(#1993));
#1993 = ORIENTED_EDGE('',*,*,#1994,.T.);
#1994 = EDGE_CURVE('',#1995,#1995,#1997,.T.);
#1995 = VERTEX_POINT('',#1996);
#1996 = CARTESIAN_POINT('',(139.,-69.15,0.));
#1997 = CIRCLE('',#1998,0.8);
#1998 = AXIS2_PLACEMENT_3D('',#1999,#2000,#2001);
#1999 = CARTESIAN_POINT('',(139.,-68.35,0.));
#2000 = DIRECTION('',(-0.,0.,-1.));
#2001 = DIRECTION('',(-0.,-1.,0.));
#2002 = FACE_BOUND('',#2003,.F.);
#2003 = EDGE_LOOP('',(#2004));
#2004 = ORIENTED_EDGE('',*,*,#2005,.T.);
#2005 = EDGE_CURVE('',#2006,#2006,#2008,.T.);
#2006 = VERTEX_POINT('',#2007);
#2007 = CARTESIAN_POINT('',(146.5,-84.45,0.));
#2008 = CIRCLE('',#2009,0.95);
#2009 = AXIS2_PLACEMENT_3D('',#2010,#2011,#2012);
#2010 = CARTESIAN_POINT('',(146.5,-83.5,0.));
#2011 = DIRECTION('',(-0.,0.,-1.));
#2012 = DIRECTION('',(-0.,-1.,0.));
#2013 = FACE_BOUND('',#2014,.F.);
#2014 = EDGE_LOOP('',(#2015));
#2015 = ORIENTED_EDGE('',*,*,#2016,.T.);
#2016 = EDGE_CURVE('',#2017,#2017,#2019,.T.);
#2017 = VERTEX_POINT('',#2018);
#2018 = CARTESIAN_POINT('',(152.,-86.025,0.));
#2019 = CIRCLE('',#2020,2.525);
#2020 = AXIS2_PLACEMENT_3D('',#2021,#2022,#2023);
#2021 = CARTESIAN_POINT('',(152.,-83.5,0.));
#2022 = DIRECTION('',(-0.,0.,-1.));
#2023 = DIRECTION('',(-0.,-1.,0.));
#2024 = FACE_BOUND('',#2025,.F.);
#2025 = EDGE_LOOP('',(#2026));
#2026 = ORIENTED_EDGE('',*,*,#2027,.T.);
#2027 = EDGE_CURVE('',#2028,#2028,#2030,.T.);
#2028 = VERTEX_POINT('',#2029);
#2029 = CARTESIAN_POINT('',(157.5,-84.45,0.));
#2030 = CIRCLE('',#2031,0.95);
#2031 = AXIS2_PLACEMENT_3D('',#2032,#2033,#2034);
#2032 = CARTESIAN_POINT('',(157.5,-83.5,0.));
#2033 = DIRECTION('',(-0.,0.,-1.));
#2034 = DIRECTION('',(-0.,-1.,0.));
#2035 = FACE_BOUND('',#2036,.F.);
#2036 = EDGE_LOOP('',(#2037));
#2037 = ORIENTED_EDGE('',*,*,#2038,.T.);
#2038 = EDGE_CURVE('',#2039,#2039,#2041,.T.);
#2039 = VERTEX_POINT('',#2040);
#2040 = CARTESIAN_POINT('',(157.,-79.15,0.));
#2041 = CIRCLE('',#2042,0.8);
#2042 = AXIS2_PLACEMENT_3D('',#2043,#2044,#2045);
#2043 = CARTESIAN_POINT('',(157.,-78.35,0.));
#2044 = DIRECTION('',(-0.,0.,-1.));
#2045 = DIRECTION('',(-0.,-1.,0.));
#2046 = FACE_BOUND('',#2047,.F.);
#2047 = EDGE_LOOP('',(#2048));
#2048 = ORIENTED_EDGE('',*,*,#2049,.T.);
#2049 = EDGE_CURVE('',#2050,#2050,#2052,.T.);
#2050 = VERTEX_POINT('',#2051);
#2051 = CARTESIAN_POINT('',(165.,-84.825,0.));
#2052 = CIRCLE('',#2053,1.525);
#2053 = AXIS2_PLACEMENT_3D('',#2054,#2055,#2056);
#2054 = CARTESIAN_POINT('',(165.,-83.3,0.));
#2055 = DIRECTION('',(-0.,0.,-1.));
#2056 = DIRECTION('',(-0.,-1.,0.));
#2057 = FACE_BOUND('',#2058,.F.);
#2058 = EDGE_LOOP('',(#2059));
#2059 = ORIENTED_EDGE('',*,*,#2060,.T.);
#2060 = EDGE_CURVE('',#2061,#2061,#2063,.T.);
#2061 = VERTEX_POINT('',#2062);
#2062 = CARTESIAN_POINT('',(170.,-86.925,0.));
#2063 = CIRCLE('',#2064,1.525);
#2064 = AXIS2_PLACEMENT_3D('',#2065,#2066,#2067);
#2065 = CARTESIAN_POINT('',(170.,-85.4,0.));
#2066 = DIRECTION('',(-0.,0.,-1.));
#2067 = DIRECTION('',(-0.,-1.,0.));
#2068 = FACE_BOUND('',#2069,.F.);
#2069 = EDGE_LOOP('',(#2070));
#2070 = ORIENTED_EDGE('',*,*,#2071,.T.);
#2071 = EDGE_CURVE('',#2072,#2072,#2074,.T.);
#2072 = VERTEX_POINT('',#2073);
#2073 = CARTESIAN_POINT('',(164.5,-80.45,0.));
#2074 = CIRCLE('',#2075,0.95);
#2075 = AXIS2_PLACEMENT_3D('',#2076,#2077,#2078);
#2076 = CARTESIAN_POINT('',(164.5,-79.5,0.));
#2077 = DIRECTION('',(-0.,0.,-1.));
#2078 = DIRECTION('',(-0.,-1.,0.));
#2079 = FACE_BOUND('',#2080,.F.);
#2080 = EDGE_LOOP('',(#2081));
#2081 = ORIENTED_EDGE('',*,*,#2082,.T.);
#2082 = EDGE_CURVE('',#2083,#2083,#2085,.T.);
#2083 = VERTEX_POINT('',#2084);
#2084 = CARTESIAN_POINT('',(170.,-82.025,0.));
#2085 = CIRCLE('',#2086,2.525);
#2086 = AXIS2_PLACEMENT_3D('',#2087,#2088,#2089);
#2087 = CARTESIAN_POINT('',(170.,-79.5,0.));
#2088 = DIRECTION('',(-0.,0.,-1.));
#2089 = DIRECTION('',(-0.,-1.,0.));
#2090 = FACE_BOUND('',#2091,.F.);
#2091 = EDGE_LOOP('',(#2092));
#2092 = ORIENTED_EDGE('',*,*,#2093,.T.);
#2093 = EDGE_CURVE('',#2094,#2094,#2096,.T.);
#2094 = VERTEX_POINT('',#2095);
#2095 = CARTESIAN_POINT('',(175.5,-80.45,0.));
#2096 = CIRCLE('',#2097,0.95);
#2097 = AXIS2_PLACEMENT_3D('',#2098,#2099,#2100);
#2098 = CARTESIAN_POINT('',(175.5,-79.5,0.));
#2099 = DIRECTION('',(-0.,0.,-1.));
#2100 = DIRECTION('',(-0.,-1.,0.));
#2101 = FACE_BOUND('',#2102,.F.);
#2102 = EDGE_LOOP('',(#2103));
#2103 = ORIENTED_EDGE('',*,*,#2104,.T.);
#2104 = EDGE_CURVE('',#2105,#2105,#2107,.T.);
#2105 = VERTEX_POINT('',#2106);
#2106 = CARTESIAN_POINT('',(152.,-73.925,0.));
#2107 = CIRCLE('',#2108,1.525);
#2108 = AXIS2_PLACEMENT_3D('',#2109,#2110,#2111);
#2109 = CARTESIAN_POINT('',(152.,-72.4,0.));
#2110 = DIRECTION('',(-0.,0.,-1.));
#2111 = DIRECTION('',(-0.,-1.,0.));
#2112 = FACE_BOUND('',#2113,.F.);
#2113 = EDGE_LOOP('',(#2114));
#2114 = ORIENTED_EDGE('',*,*,#2115,.T.);
#2115 = EDGE_CURVE('',#2116,#2116,#2118,.T.);
#2116 = VERTEX_POINT('',#2117);
#2117 = CARTESIAN_POINT('',(147.,-71.825,0.));
#2118 = CIRCLE('',#2119,1.525);
#2119 = AXIS2_PLACEMENT_3D('',#2120,#2121,#2122);
#2120 = CARTESIAN_POINT('',(147.,-70.3,0.));
#2121 = DIRECTION('',(-0.,0.,-1.));
#2122 = DIRECTION('',(-0.,-1.,0.));
#2123 = FACE_BOUND('',#2124,.F.);
#2124 = EDGE_LOOP('',(#2125));
#2125 = ORIENTED_EDGE('',*,*,#2126,.T.);
#2126 = EDGE_CURVE('',#2127,#2127,#2129,.T.);
#2127 = VERTEX_POINT('',#2128);
#2128 = CARTESIAN_POINT('',(175.,-75.15,0.));
#2129 = CIRCLE('',#2130,0.8);
#2130 = AXIS2_PLACEMENT_3D('',#2131,#2132,#2133);
#2131 = CARTESIAN_POINT('',(175.,-74.35,0.));
#2132 = DIRECTION('',(-0.,0.,-1.));
#2133 = DIRECTION('',(-0.,-1.,0.));
#2134 = FACE_BOUND('',#2135,.F.);
#2135 = EDGE_LOOP('',(#2136));
#2136 = ORIENTED_EDGE('',*,*,#2137,.T.);
#2137 = EDGE_CURVE('',#2138,#2138,#2140,.T.);
#2138 = VERTEX_POINT('',#2139);
#2139 = CARTESIAN_POINT('',(121.,-68.15,0.));
#2140 = CIRCLE('',#2141,0.8);
#2141 = AXIS2_PLACEMENT_3D('',#2142,#2143,#2144);
#2142 = CARTESIAN_POINT('',(121.,-67.35,0.));
#2143 = DIRECTION('',(-0.,0.,-1.));
#2144 = DIRECTION('',(-0.,-1.,0.));
#2145 = FACE_BOUND('',#2146,.F.);
#2146 = EDGE_LOOP('',(#2147));
#2147 = ORIENTED_EDGE('',*,*,#2148,.T.);
#2148 = EDGE_CURVE('',#2149,#2149,#2151,.T.);
#2149 = VERTEX_POINT('',#2150);
#2150 = CARTESIAN_POINT('',(116.,-62.925,0.));
#2151 = CIRCLE('',#2152,1.525);
#2152 = AXIS2_PLACEMENT_3D('',#2153,#2154,#2155);
#2153 = CARTESIAN_POINT('',(116.,-61.4,0.));
#2154 = DIRECTION('',(-0.,0.,-1.));
#2155 = DIRECTION('',(-0.,-1.,0.));
#2156 = FACE_BOUND('',#2157,.F.);
#2157 = EDGE_LOOP('',(#2158));
#2158 = ORIENTED_EDGE('',*,*,#2159,.T.);
#2159 = EDGE_CURVE('',#2160,#2160,#2162,.T.);
#2160 = VERTEX_POINT('',#2161);
#2161 = CARTESIAN_POINT('',(129.,-61.825,0.));
#2162 = CIRCLE('',#2163,1.525);
#2163 = AXIS2_PLACEMENT_3D('',#2164,#2165,#2166);
#2164 = CARTESIAN_POINT('',(129.,-60.3,0.));
#2165 = DIRECTION('',(-0.,0.,-1.));
#2166 = DIRECTION('',(-0.,-1.,0.));
#2167 = FACE_BOUND('',#2168,.F.);
#2168 = EDGE_LOOP('',(#2169));
#2169 = ORIENTED_EDGE('',*,*,#2170,.T.);
#2170 = EDGE_CURVE('',#2171,#2171,#2173,.T.);
#2171 = VERTEX_POINT('',#2172);
#2172 = CARTESIAN_POINT('',(134.,-63.925,0.));
#2173 = CIRCLE('',#2174,1.525);
#2174 = AXIS2_PLACEMENT_3D('',#2175,#2176,#2177);
#2175 = CARTESIAN_POINT('',(134.,-62.4,0.));
#2176 = DIRECTION('',(-0.,0.,-1.));
#2177 = DIRECTION('',(-0.,-1.,0.));
#2178 = FACE_BOUND('',#2179,.F.);
#2179 = EDGE_LOOP('',(#2180));
#2180 = ORIENTED_EDGE('',*,*,#2181,.T.);
#2181 = EDGE_CURVE('',#2182,#2182,#2184,.T.);
#2182 = VERTEX_POINT('',#2183);
#2183 = CARTESIAN_POINT('',(116.,-58.025,0.));
#2184 = CIRCLE('',#2185,2.525);
#2185 = AXIS2_PLACEMENT_3D('',#2186,#2187,#2188);
#2186 = CARTESIAN_POINT('',(116.,-55.5,0.));
#2187 = DIRECTION('',(-0.,0.,-1.));
#2188 = DIRECTION('',(-0.,-1.,0.));
#2189 = FACE_BOUND('',#2190,.F.);
#2190 = EDGE_LOOP('',(#2191));
#2191 = ORIENTED_EDGE('',*,*,#2192,.T.);
#2192 = EDGE_CURVE('',#2193,#2193,#2195,.T.);
#2193 = VERTEX_POINT('',#2194);
#2194 = CARTESIAN_POINT('',(128.5,-57.45,0.));
#2195 = CIRCLE('',#2196,0.95);
#2196 = AXIS2_PLACEMENT_3D('',#2197,#2198,#2199);
#2197 = CARTESIAN_POINT('',(128.5,-56.5,0.));
#2198 = DIRECTION('',(-0.,0.,-1.));
#2199 = DIRECTION('',(-0.,-1.,0.));
#2200 = FACE_BOUND('',#2201,.F.);
#2201 = EDGE_LOOP('',(#2202));
#2202 = ORIENTED_EDGE('',*,*,#2203,.T.);
#2203 = EDGE_CURVE('',#2204,#2204,#2206,.T.);
#2204 = VERTEX_POINT('',#2205);
#2205 = CARTESIAN_POINT('',(121.5,-56.45,0.));
#2206 = CIRCLE('',#2207,0.95);
#2207 = AXIS2_PLACEMENT_3D('',#2208,#2209,#2210);
#2208 = CARTESIAN_POINT('',(121.5,-55.5,0.));
#2209 = DIRECTION('',(-0.,0.,-1.));
#2210 = DIRECTION('',(-0.,-1.,0.));
#2211 = FACE_BOUND('',#2212,.F.);
#2212 = EDGE_LOOP('',(#2213));
#2213 = ORIENTED_EDGE('',*,*,#2214,.T.);
#2214 = EDGE_CURVE('',#2215,#2215,#2217,.T.);
#2215 = VERTEX_POINT('',#2216);
#2216 = CARTESIAN_POINT('',(121.,-51.15,0.));
#2217 = CIRCLE('',#2218,0.8);
#2218 = AXIS2_PLACEMENT_3D('',#2219,#2220,#2221);
#2219 = CARTESIAN_POINT('',(121.,-50.35,0.));
#2220 = DIRECTION('',(-0.,0.,-1.));
#2221 = DIRECTION('',(-0.,-1.,0.));
#2222 = FACE_BOUND('',#2223,.F.);
#2223 = EDGE_LOOP('',(#2224));
#2224 = ORIENTED_EDGE('',*,*,#2225,.T.);
#2225 = EDGE_CURVE('',#2226,#2226,#2228,.T.);
#2226 = VERTEX_POINT('',#2227);
#2227 = CARTESIAN_POINT('',(134.,-59.025,0.));
#2228 = CIRCLE('',#2229,2.525);
#2229 = AXIS2_PLACEMENT_3D('',#2230,#2231,#2232);
#2230 = CARTESIAN_POINT('',(134.,-56.5,0.));
#2231 = DIRECTION('',(-0.,0.,-1.));
#2232 = DIRECTION('',(-0.,-1.,0.));
#2233 = FACE_BOUND('',#2234,.F.);
#2234 = EDGE_LOOP('',(#2235));
#2235 = ORIENTED_EDGE('',*,*,#2236,.T.);
#2236 = EDGE_CURVE('',#2237,#2237,#2239,.T.);
#2237 = VERTEX_POINT('',#2238);
#2238 = CARTESIAN_POINT('',(139.5,-57.45,0.));
#2239 = CIRCLE('',#2240,0.95);
#2240 = AXIS2_PLACEMENT_3D('',#2241,#2242,#2243);
#2241 = CARTESIAN_POINT('',(139.5,-56.5,0.));
#2242 = DIRECTION('',(-0.,0.,-1.));
#2243 = DIRECTION('',(-0.,-1.,0.));
#2244 = FACE_BOUND('',#2245,.F.);
#2245 = EDGE_LOOP('',(#2246));
#2246 = ORIENTED_EDGE('',*,*,#2247,.T.);
#2247 = EDGE_CURVE('',#2248,#2248,#2250,.T.);
#2248 = VERTEX_POINT('',#2249);
#2249 = CARTESIAN_POINT('',(139.,-52.15,0.));
#2250 = CIRCLE('',#2251,0.8);
#2251 = AXIS2_PLACEMENT_3D('',#2252,#2253,#2254);
#2252 = CARTESIAN_POINT('',(139.,-51.35,0.));
#2253 = DIRECTION('',(-0.,0.,-1.));
#2254 = DIRECTION('',(-0.,-1.,0.));
#2255 = FACE_BOUND('',#2256,.F.);
#2256 = EDGE_LOOP('',(#2257));
#2257 = ORIENTED_EDGE('',*,*,#2258,.T.);
#2258 = EDGE_CURVE('',#2259,#2259,#2261,.T.);
#2259 = VERTEX_POINT('',#2260);
#2260 = CARTESIAN_POINT('',(146.5,-67.45,0.));
#2261 = CIRCLE('',#2262,0.95);
#2262 = AXIS2_PLACEMENT_3D('',#2263,#2264,#2265);
#2263 = CARTESIAN_POINT('',(146.5,-66.5,0.));
#2264 = DIRECTION('',(-0.,0.,-1.));
#2265 = DIRECTION('',(-0.,-1.,0.));
#2266 = FACE_BOUND('',#2267,.F.);
#2267 = EDGE_LOOP('',(#2268));
#2268 = ORIENTED_EDGE('',*,*,#2269,.T.);
#2269 = EDGE_CURVE('',#2270,#2270,#2272,.T.);
#2270 = VERTEX_POINT('',#2271);
#2271 = CARTESIAN_POINT('',(152.,-69.025,0.));
#2272 = CIRCLE('',#2273,2.525);
#2273 = AXIS2_PLACEMENT_3D('',#2274,#2275,#2276);
#2274 = CARTESIAN_POINT('',(152.,-66.5,0.));
#2275 = DIRECTION('',(-0.,0.,-1.));
#2276 = DIRECTION('',(-0.,-1.,0.));
#2277 = FACE_BOUND('',#2278,.F.);
#2278 = EDGE_LOOP('',(#2279));
#2279 = ORIENTED_EDGE('',*,*,#2280,.T.);
#2280 = EDGE_CURVE('',#2281,#2281,#2283,.T.);
#2281 = VERTEX_POINT('',#2282);
#2282 = CARTESIAN_POINT('',(157.5,-67.45,0.));
#2283 = CIRCLE('',#2284,0.95);
#2284 = AXIS2_PLACEMENT_3D('',#2285,#2286,#2287);
#2285 = CARTESIAN_POINT('',(157.5,-66.5,0.));
#2286 = DIRECTION('',(-0.,0.,-1.));
#2287 = DIRECTION('',(-0.,-1.,0.));
#2288 = FACE_BOUND('',#2289,.F.);
#2289 = EDGE_LOOP('',(#2290));
#2290 = ORIENTED_EDGE('',*,*,#2291,.T.);
#2291 = EDGE_CURVE('',#2292,#2292,#2294,.T.);
#2292 = VERTEX_POINT('',#2293);
#2293 = CARTESIAN_POINT('',(157.,-62.15,0.));
#2294 = CIRCLE('',#2295,0.8);
#2295 = AXIS2_PLACEMENT_3D('',#2296,#2297,#2298);
#2296 = CARTESIAN_POINT('',(157.,-61.35,0.));
#2297 = DIRECTION('',(-0.,0.,-1.));
#2298 = DIRECTION('',(-0.,-1.,0.));
#2299 = FACE_BOUND('',#2300,.F.);
#2300 = EDGE_LOOP('',(#2301));
#2301 = ORIENTED_EDGE('',*,*,#2302,.T.);
#2302 = EDGE_CURVE('',#2303,#2303,#2305,.T.);
#2303 = VERTEX_POINT('',#2304);
#2304 = CARTESIAN_POINT('',(145.5,-52.65,0.));
#2305 = CIRCLE('',#2306,2.15);
#2306 = AXIS2_PLACEMENT_3D('',#2307,#2308,#2309);
#2307 = CARTESIAN_POINT('',(145.5,-50.5,0.));
#2308 = DIRECTION('',(-0.,0.,-1.));
#2309 = DIRECTION('',(-0.,-1.,0.));
#2310 = PLANE('',#2311);
#2311 = AXIS2_PLACEMENT_3D('',#2312,#2313,#2314);
#2312 = CARTESIAN_POINT('',(0.,0.,0.));
#2313 = DIRECTION('',(0.,0.,1.));
#2314 = DIRECTION('',(1.,0.,-0.));
#2315 = ADVANCED_FACE('',(#2316,#2693,#2704,#2715,#2726,#2737,#2748,
    #2759,#2770,#2781,#2792,#2803,#2814,#2825,#2836,#2847,#2858,#2869,
    #2880,#2891,#2902,#2913,#2924,#2935,#2946,#2957,#2968,#2979,#2990,
    #3001,#3012,#3023,#3034,#3045,#3056,#3067,#3078,#3089,#3100,#3111,
    #3122,#3133,#3144,#3155,#3166,#3177,#3188,#3199,#3210,#3221,#3232,
    #3243,#3254,#3265,#3276,#3287,#3298,#3309,#3320,#3331,#3342,#3353,
    #3364,#3375,#3386,#3397,#3408,#3419,#3430,#3441,#3529,#3540,#3551,
    #3562,#3573,#3584,#3595,#3606,#3617,#3628,#3639,#3650,#3661,#3672,
    #3683,#3694,#3705,#3802,#3813,#3824,#3835,#3846,#3857,#3868,#3879,
    #3890,#3901,#3912,#3923,#3934,#3945,#3956,#3967,#3978,#3989,#4000,
    #4011,#4022,#4033,#4044,#4055,#4066,#4077,#4088,#4099,#4110,#4121,
    #4132,#4143,#4154,#4165,#4176,#4187,#4198,#4209,#4220,#4231,#4242,
    #4253,#4264,#4275,#4286,#4297,#4308,#4319,#4330,#4341,#4352,#4363,
    #4374,#4385,#4396,#4407,#4418,#4429,#4440,#4451,#4462,#4473),#4484,
  .T.);
#2316 = FACE_BOUND('',#2317,.T.);
#2317 = EDGE_LOOP('',(#2318,#2319,#2320,#2329,#2337,#2346,#2354,#2363,
    #2371,#2380,#2388,#2397,#2405,#2414,#2422,#2431,#2439,#2448,#2456,
    #2465,#2473,#2482,#2490,#2499,#2507,#2516,#2524,#2533,#2541,#2550,
    #2558,#2567,#2575,#2584,#2592,#2601,#2609,#2618,#2626,#2635,#2643,
    #2652,#2660,#2669,#2677,#2686,#2692));
#2318 = ORIENTED_EDGE('',*,*,#49,.F.);
#2319 = ORIENTED_EDGE('',*,*,#91,.F.);
#2320 = ORIENTED_EDGE('',*,*,#2321,.F.);
#2321 = EDGE_CURVE('',#2322,#84,#2324,.T.);
#2322 = VERTEX_POINT('',#2323);
#2323 = CARTESIAN_POINT('',(105.5,-46.5,1.6));
#2324 = CIRCLE('',#2325,0.999999252925);
#2325 = AXIS2_PLACEMENT_3D('',#2326,#2327,#2328);
#2326 = CARTESIAN_POINT('',(106.49999925292,-46.49999925292,1.6));
#2327 = DIRECTION('',(0.,0.,-1.));
#2328 = DIRECTION('',(-1.,-7.470757349539E-07,-0.));
#2329 = ORIENTED_EDGE('',*,*,#2330,.F.);
#2330 = EDGE_CURVE('',#2331,#2322,#2333,.T.);
#2331 = VERTEX_POINT('',#2332);
#2332 = CARTESIAN_POINT('',(105.5,-47.,1.6));
#2333 = LINE('',#2334,#2335);
#2334 = CARTESIAN_POINT('',(105.5,-47.,1.6));
#2335 = VECTOR('',#2336,1.);
#2336 = DIRECTION('',(0.,1.,0.));
#2337 = ORIENTED_EDGE('',*,*,#2338,.F.);
#2338 = EDGE_CURVE('',#2339,#2331,#2341,.T.);
#2339 = VERTEX_POINT('',#2340);
#2340 = CARTESIAN_POINT('',(104.5,-48.,1.6));
#2341 = CIRCLE('',#2342,0.999999252925);
#2342 = AXIS2_PLACEMENT_3D('',#2343,#2344,#2345);
#2343 = CARTESIAN_POINT('',(104.50000074707,-47.00000074707,1.6));
#2344 = DIRECTION('',(0.,0.,1.));
#2345 = DIRECTION('',(-7.470757349539E-07,-1.,0.));
#2346 = ORIENTED_EDGE('',*,*,#2347,.F.);
#2347 = EDGE_CURVE('',#2348,#2339,#2350,.T.);
#2348 = VERTEX_POINT('',#2349);
#2349 = CARTESIAN_POINT('',(86.25,-48.,1.6));
#2350 = LINE('',#2351,#2352);
#2351 = CARTESIAN_POINT('',(86.25,-48.,1.6));
#2352 = VECTOR('',#2353,1.);
#2353 = DIRECTION('',(1.,0.,0.));
#2354 = ORIENTED_EDGE('',*,*,#2355,.F.);
#2355 = EDGE_CURVE('',#2356,#2348,#2358,.T.);
#2356 = VERTEX_POINT('',#2357);
#2357 = CARTESIAN_POINT('',(85.25,-49.,1.6));
#2358 = CIRCLE('',#2359,0.999999252925);
#2359 = AXIS2_PLACEMENT_3D('',#2360,#2361,#2362);
#2360 = CARTESIAN_POINT('',(86.249999252925,-48.99999925292,1.6));
#2361 = DIRECTION('',(0.,0.,-1.));
#2362 = DIRECTION('',(-1.,-7.470757349539E-07,-0.));
#2363 = ORIENTED_EDGE('',*,*,#2364,.F.);
#2364 = EDGE_CURVE('',#2365,#2356,#2367,.T.);
#2365 = VERTEX_POINT('',#2366);
#2366 = CARTESIAN_POINT('',(85.25,-49.5,1.6));
#2367 = LINE('',#2368,#2369);
#2368 = CARTESIAN_POINT('',(85.25,-49.5,1.6));
#2369 = VECTOR('',#2370,1.);
#2370 = DIRECTION('',(0.,1.,0.));
#2371 = ORIENTED_EDGE('',*,*,#2372,.F.);
#2372 = EDGE_CURVE('',#2373,#2365,#2375,.T.);
#2373 = VERTEX_POINT('',#2374);
#2374 = CARTESIAN_POINT('',(84.25,-50.5,1.6));
#2375 = CIRCLE('',#2376,0.999999252925);
#2376 = AXIS2_PLACEMENT_3D('',#2377,#2378,#2379);
#2377 = CARTESIAN_POINT('',(84.250000747075,-49.50000074707,1.6));
#2378 = DIRECTION('',(0.,0.,1.));
#2379 = DIRECTION('',(-7.470757349539E-07,-1.,0.));
#2380 = ORIENTED_EDGE('',*,*,#2381,.F.);
#2381 = EDGE_CURVE('',#2382,#2373,#2384,.T.);
#2382 = VERTEX_POINT('',#2383);
#2383 = CARTESIAN_POINT('',(50.5,-50.5,1.6));
#2384 = LINE('',#2385,#2386);
#2385 = CARTESIAN_POINT('',(50.5,-50.5,1.6));
#2386 = VECTOR('',#2387,1.);
#2387 = DIRECTION('',(1.,0.,0.));
#2388 = ORIENTED_EDGE('',*,*,#2389,.F.);
#2389 = EDGE_CURVE('',#2390,#2382,#2392,.T.);
#2390 = VERTEX_POINT('',#2391);
#2391 = CARTESIAN_POINT('',(49.5,-51.5,1.6));
#2392 = CIRCLE('',#2393,0.999999252925);
#2393 = AXIS2_PLACEMENT_3D('',#2394,#2395,#2396);
#2394 = CARTESIAN_POINT('',(50.499999252925,-51.49999925292,1.6));
#2395 = DIRECTION('',(0.,0.,-1.));
#2396 = DIRECTION('',(-1.,-7.470757491648E-07,-0.));
#2397 = ORIENTED_EDGE('',*,*,#2398,.F.);
#2398 = EDGE_CURVE('',#2399,#2390,#2401,.T.);
#2399 = VERTEX_POINT('',#2400);
#2400 = CARTESIAN_POINT('',(49.5,-112.92265,1.6));
#2401 = LINE('',#2402,#2403);
#2402 = CARTESIAN_POINT('',(49.5,-112.92265,1.6));
#2403 = VECTOR('',#2404,1.);
#2404 = DIRECTION('',(0.,1.,0.));
#2405 = ORIENTED_EDGE('',*,*,#2406,.F.);
#2406 = EDGE_CURVE('',#2407,#2399,#2409,.T.);
#2407 = VERTEX_POINT('',#2408);
#2408 = CARTESIAN_POINT('',(49.,-113.788675,1.6));
#2409 = CIRCLE('',#2410,1.000000955365);
#2410 = AXIS2_PLACEMENT_3D('',#2411,#2412,#2413);
#2411 = CARTESIAN_POINT('',(48.499999044635,-112.9226490446,1.6));
#2412 = DIRECTION('',(0.,0.,1.));
#2413 = DIRECTION('',(0.500000477682,-0.866025127995,0.));
#2414 = ORIENTED_EDGE('',*,*,#2415,.F.);
#2415 = EDGE_CURVE('',#2416,#2407,#2418,.T.);
#2416 = VERTEX_POINT('',#2417);
#2417 = CARTESIAN_POINT('',(46.35288,-115.31699,1.6));
#2418 = LINE('',#2419,#2420);
#2419 = CARTESIAN_POINT('',(46.35288,-115.31699,1.6));
#2420 = VECTOR('',#2421,1.);
#2421 = DIRECTION('',(0.866025466765,0.499999890915,0.));
#2422 = ORIENTED_EDGE('',*,*,#2423,.F.);
#2423 = EDGE_CURVE('',#2424,#2416,#2426,.T.);
#2424 = VERTEX_POINT('',#2425);
#2425 = CARTESIAN_POINT('',(45.986856,-116.683017,1.6));
#2426 = CIRCLE('',#2427,0.999999282748);
#2427 = AXIS2_PLACEMENT_3D('',#2428,#2429,#2430);
#2428 = CARTESIAN_POINT('',(46.852879381868,-116.1830149324,1.6));
#2429 = DIRECTION('',(0.,0.,-1.));
#2430 = DIRECTION('',(-0.866024003026,-0.500002426177,-0.));
#2431 = ORIENTED_EDGE('',*,*,#2432,.F.);
#2432 = EDGE_CURVE('',#2433,#2424,#2435,.T.);
#2433 = VERTEX_POINT('',#2434);
#2434 = CARTESIAN_POINT('',(54.503472,-131.434154,1.6));
#2435 = LINE('',#2436,#2437);
#2436 = CARTESIAN_POINT('',(54.503472,-131.434154,1.6));
#2437 = VECTOR('',#2438,1.);
#2438 = DIRECTION('',(-0.500001896983,0.866024308558,0.));
#2439 = ORIENTED_EDGE('',*,*,#2440,.F.);
#2440 = EDGE_CURVE('',#2441,#2433,#2443,.T.);
#2441 = VERTEX_POINT('',#2442);
#2442 = CARTESIAN_POINT('',(56.753158,-132.366002,1.6));
#2443 = CIRCLE('',#2444,1.999999134954);
#2444 = AXIS2_PLACEMENT_3D('',#2445,#2446,#2447);
#2445 = CARTESIAN_POINT('',(56.235520175783,-130.4341511717,1.6));
#2446 = DIRECTION('',(0.,0.,-1.));
#2447 = DIRECTION('',(0.258819024054,-0.965925831929,0.));
#2448 = ORIENTED_EDGE('',*,*,#2449,.F.);
#2449 = EDGE_CURVE('',#2450,#2441,#2452,.T.);
#2450 = VERTEX_POINT('',#2451);
#2451 = CARTESIAN_POINT('',(91.871403,-122.956097,1.6));
#2452 = LINE('',#2453,#2454);
#2453 = CARTESIAN_POINT('',(91.871403,-122.956097,1.6));
#2454 = VECTOR('',#2455,1.);
#2455 = DIRECTION('',(-0.965925828953,-0.258819035162,0.));
#2456 = ORIENTED_EDGE('',*,*,#2457,.F.);
#2457 = EDGE_CURVE('',#2458,#2450,#2460,.T.);
#2458 = VERTEX_POINT('',#2459);
#2459 = CARTESIAN_POINT('',(93.19777,-120.532314,1.6));
#2460 = CIRCLE('',#2461,1.999903938058);
#2461 = AXIS2_PLACEMENT_3D('',#2462,#2463,#2464);
#2462 = CARTESIAN_POINT('',(91.266034893959,-121.0500158848,1.6));
#2463 = DIRECTION('',(0.,0.,-1.));
#2464 = DIRECTION('',(0.965913946806,0.258863375869,0.));
#2465 = ORIENTED_EDGE('',*,*,#2466,.F.);
#2466 = EDGE_CURVE('',#2467,#2458,#2469,.T.);
#2467 = VERTEX_POINT('',#2468);
#2468 = CARTESIAN_POINT('',(90.052523,-108.794095,1.6));
#2469 = LINE('',#2470,#2471);
#2470 = CARTESIAN_POINT('',(90.052523,-108.794095,1.6));
#2471 = VECTOR('',#2472,1.);
#2472 = DIRECTION('',(0.258819098721,-0.965925811922,0.));
#2473 = ORIENTED_EDGE('',*,*,#2474,.F.);
#2474 = EDGE_CURVE('',#2475,#2467,#2477,.T.);
#2475 = VERTEX_POINT('',#2476);
#2476 = CARTESIAN_POINT('',(94.882152,-102.5,1.6));
#2477 = CIRCLE('',#2478,5.000000766444);
#2478 = AXIS2_PLACEMENT_3D('',#2479,#2480,#2481);
#2479 = CARTESIAN_POINT('',(94.882153190721,-107.5000007664,1.6));
#2480 = DIRECTION('',(0.,0.,1.));
#2481 = DIRECTION('',(-2.381440855174E-07,1.,0.));
#2482 = ORIENTED_EDGE('',*,*,#2483,.F.);
#2483 = EDGE_CURVE('',#2484,#2475,#2486,.T.);
#2484 = VERTEX_POINT('',#2485);
#2485 = CARTESIAN_POINT('',(135.,-102.5,1.6));
#2486 = LINE('',#2487,#2488);
#2487 = CARTESIAN_POINT('',(135.,-102.5,1.6));
#2488 = VECTOR('',#2489,1.);
#2489 = DIRECTION('',(-1.,0.,0.));
#2490 = ORIENTED_EDGE('',*,*,#2491,.F.);
#2491 = EDGE_CURVE('',#2492,#2484,#2494,.T.);
#2492 = VERTEX_POINT('',#2493);
#2493 = CARTESIAN_POINT('',(136.,-103.5,1.6));
#2494 = CIRCLE('',#2495,0.999999252925);
#2495 = AXIS2_PLACEMENT_3D('',#2496,#2497,#2498);
#2496 = CARTESIAN_POINT('',(135.00000074707,-103.4999992529,1.6));
#2497 = DIRECTION('',(0.,0.,1.));
#2498 = DIRECTION('',(1.,-7.470757491648E-07,0.));
#2499 = ORIENTED_EDGE('',*,*,#2500,.F.);
#2500 = EDGE_CURVE('',#2501,#2492,#2503,.T.);
#2501 = VERTEX_POINT('',#2502);
#2502 = CARTESIAN_POINT('',(136.,-125.5,1.6));
#2503 = LINE('',#2504,#2505);
#2504 = CARTESIAN_POINT('',(136.,-125.5,1.6));
#2505 = VECTOR('',#2506,1.);
#2506 = DIRECTION('',(0.,1.,0.));
#2507 = ORIENTED_EDGE('',*,*,#2508,.F.);
#2508 = EDGE_CURVE('',#2509,#2501,#2511,.T.);
#2509 = VERTEX_POINT('',#2510);
#2510 = CARTESIAN_POINT('',(137.,-126.5,1.6));
#2511 = CIRCLE('',#2512,0.999999252925);
#2512 = AXIS2_PLACEMENT_3D('',#2513,#2514,#2515);
#2513 = CARTESIAN_POINT('',(136.99999925292,-125.500000747,1.6));
#2514 = DIRECTION('',(0.,0.,-1.));
#2515 = DIRECTION('',(7.470757349539E-07,-1.,0.));
#2516 = ORIENTED_EDGE('',*,*,#2517,.F.);
#2517 = EDGE_CURVE('',#2518,#2509,#2520,.T.);
#2518 = VERTEX_POINT('',#2519);
#2519 = CARTESIAN_POINT('',(142.,-126.5,1.6));
#2520 = LINE('',#2521,#2522);
#2521 = CARTESIAN_POINT('',(142.,-126.5,1.6));
#2522 = VECTOR('',#2523,1.);
#2523 = DIRECTION('',(-1.,0.,0.));
#2524 = ORIENTED_EDGE('',*,*,#2525,.F.);
#2525 = EDGE_CURVE('',#2526,#2518,#2528,.T.);
#2526 = VERTEX_POINT('',#2527);
#2527 = CARTESIAN_POINT('',(143.,-125.5,1.6));
#2528 = CIRCLE('',#2529,0.999999252925);
#2529 = AXIS2_PLACEMENT_3D('',#2530,#2531,#2532);
#2530 = CARTESIAN_POINT('',(142.00000074707,-125.500000747,1.6));
#2531 = DIRECTION('',(0.,0.,-1.));
#2532 = DIRECTION('',(1.,7.470757491648E-07,0.));
#2533 = ORIENTED_EDGE('',*,*,#2534,.F.);
#2534 = EDGE_CURVE('',#2535,#2526,#2537,.T.);
#2535 = VERTEX_POINT('',#2536);
#2536 = CARTESIAN_POINT('',(143.,-111.5,1.6));
#2537 = LINE('',#2538,#2539);
#2538 = CARTESIAN_POINT('',(143.,-111.5,1.6));
#2539 = VECTOR('',#2540,1.);
#2540 = DIRECTION('',(0.,-1.,0.));
#2541 = ORIENTED_EDGE('',*,*,#2542,.F.);
#2542 = EDGE_CURVE('',#2543,#2535,#2545,.T.);
#2543 = VERTEX_POINT('',#2544);
#2544 = CARTESIAN_POINT('',(144.,-110.5,1.6));
#2545 = CIRCLE('',#2546,0.999999252925);
#2546 = AXIS2_PLACEMENT_3D('',#2547,#2548,#2549);
#2547 = CARTESIAN_POINT('',(143.99999925292,-111.4999992529,1.6));
#2548 = DIRECTION('',(0.,0.,1.));
#2549 = DIRECTION('',(7.470757349539E-07,1.,-0.));
#2550 = ORIENTED_EDGE('',*,*,#2551,.F.);
#2551 = EDGE_CURVE('',#2552,#2543,#2554,.T.);
#2552 = VERTEX_POINT('',#2553);
#2553 = CARTESIAN_POINT('',(165.5,-110.5,1.6));
#2554 = LINE('',#2555,#2556);
#2555 = CARTESIAN_POINT('',(165.5,-110.5,1.6));
#2556 = VECTOR('',#2557,1.);
#2557 = DIRECTION('',(-1.,0.,0.));
#2558 = ORIENTED_EDGE('',*,*,#2559,.F.);
#2559 = EDGE_CURVE('',#2560,#2552,#2562,.T.);
#2560 = VERTEX_POINT('',#2561);
#2561 = CARTESIAN_POINT('',(166.5,-109.5,1.6));
#2562 = CIRCLE('',#2563,0.999999252925);
#2563 = AXIS2_PLACEMENT_3D('',#2564,#2565,#2566);
#2564 = CARTESIAN_POINT('',(165.50000074707,-109.500000747,1.6));
#2565 = DIRECTION('',(0.,0.,-1.));
#2566 = DIRECTION('',(1.,7.470757491648E-07,0.));
#2567 = ORIENTED_EDGE('',*,*,#2568,.F.);
#2568 = EDGE_CURVE('',#2569,#2560,#2571,.T.);
#2569 = VERTEX_POINT('',#2570);
#2570 = CARTESIAN_POINT('',(166.5,-107.5,1.6));
#2571 = LINE('',#2572,#2573);
#2572 = CARTESIAN_POINT('',(166.5,-107.5,1.6));
#2573 = VECTOR('',#2574,1.);
#2574 = DIRECTION('',(0.,-1.,0.));
#2575 = ORIENTED_EDGE('',*,*,#2576,.F.);
#2576 = EDGE_CURVE('',#2577,#2569,#2579,.T.);
#2577 = VERTEX_POINT('',#2578);
#2578 = CARTESIAN_POINT('',(167.5,-106.5,1.6));
#2579 = CIRCLE('',#2580,0.999999252925);
#2580 = AXIS2_PLACEMENT_3D('',#2581,#2582,#2583);
#2581 = CARTESIAN_POINT('',(167.49999925292,-107.4999992529,1.6));
#2582 = DIRECTION('',(0.,0.,1.));
#2583 = DIRECTION('',(7.470757349539E-07,1.,-0.));
#2584 = ORIENTED_EDGE('',*,*,#2585,.F.);
#2585 = EDGE_CURVE('',#2586,#2577,#2588,.T.);
#2586 = VERTEX_POINT('',#2587);
#2587 = CARTESIAN_POINT('',(179.5,-106.5,1.6));
#2588 = LINE('',#2589,#2590);
#2589 = CARTESIAN_POINT('',(179.5,-106.5,1.6));
#2590 = VECTOR('',#2591,1.);
#2591 = DIRECTION('',(-1.,0.,0.));
#2592 = ORIENTED_EDGE('',*,*,#2593,.F.);
#2593 = EDGE_CURVE('',#2594,#2586,#2596,.T.);
#2594 = VERTEX_POINT('',#2595);
#2595 = CARTESIAN_POINT('',(180.5,-105.5,1.6));
#2596 = CIRCLE('',#2597,0.999999252925);
#2597 = AXIS2_PLACEMENT_3D('',#2598,#2599,#2600);
#2598 = CARTESIAN_POINT('',(179.50000074707,-105.500000747,1.6));
#2599 = DIRECTION('',(0.,0.,-1.));
#2600 = DIRECTION('',(1.,7.470757491648E-07,0.));
#2601 = ORIENTED_EDGE('',*,*,#2602,.F.);
#2602 = EDGE_CURVE('',#2603,#2594,#2605,.T.);
#2603 = VERTEX_POINT('',#2604);
#2604 = CARTESIAN_POINT('',(180.5,-70.5,1.6));
#2605 = LINE('',#2606,#2607);
#2606 = CARTESIAN_POINT('',(180.5,-70.5,1.6));
#2607 = VECTOR('',#2608,1.);
#2608 = DIRECTION('',(0.,-1.,0.));
#2609 = ORIENTED_EDGE('',*,*,#2610,.F.);
#2610 = EDGE_CURVE('',#2611,#2603,#2613,.T.);
#2611 = VERTEX_POINT('',#2612);
#2612 = CARTESIAN_POINT('',(179.5,-69.5,1.6));
#2613 = CIRCLE('',#2614,0.999999252925);
#2614 = AXIS2_PLACEMENT_3D('',#2615,#2616,#2617);
#2615 = CARTESIAN_POINT('',(179.50000074707,-70.49999925292,1.6));
#2616 = DIRECTION('',(0.,0.,-1.));
#2617 = DIRECTION('',(-7.470757349539E-07,1.,0.));
#2618 = ORIENTED_EDGE('',*,*,#2619,.F.);
#2619 = EDGE_CURVE('',#2620,#2611,#2622,.T.);
#2620 = VERTEX_POINT('',#2621);
#2621 = CARTESIAN_POINT('',(163.5,-69.5,1.6));
#2622 = LINE('',#2623,#2624);
#2623 = CARTESIAN_POINT('',(163.5,-69.5,1.6));
#2624 = VECTOR('',#2625,1.);
#2625 = DIRECTION('',(1.,0.,0.));
#2626 = ORIENTED_EDGE('',*,*,#2627,.F.);
#2627 = EDGE_CURVE('',#2628,#2620,#2630,.T.);
#2628 = VERTEX_POINT('',#2629);
#2629 = CARTESIAN_POINT('',(162.5,-68.5,1.6));
#2630 = CIRCLE('',#2631,0.999999252925);
#2631 = AXIS2_PLACEMENT_3D('',#2632,#2633,#2634);
#2632 = CARTESIAN_POINT('',(163.49999925292,-68.50000074707,1.6));
#2633 = DIRECTION('',(0.,0.,1.));
#2634 = DIRECTION('',(-1.,7.470757491648E-07,0.));
#2635 = ORIENTED_EDGE('',*,*,#2636,.F.);
#2636 = EDGE_CURVE('',#2637,#2628,#2639,.T.);
#2637 = VERTEX_POINT('',#2638);
#2638 = CARTESIAN_POINT('',(162.5,-57.5,1.6));
#2639 = LINE('',#2640,#2641);
#2640 = CARTESIAN_POINT('',(162.5,-57.5,1.6));
#2641 = VECTOR('',#2642,1.);
#2642 = DIRECTION('',(0.,-1.,0.));
#2643 = ORIENTED_EDGE('',*,*,#2644,.F.);
#2644 = EDGE_CURVE('',#2645,#2637,#2647,.T.);
#2645 = VERTEX_POINT('',#2646);
#2646 = CARTESIAN_POINT('',(161.5,-56.5,1.6));
#2647 = CIRCLE('',#2648,0.999999252925);
#2648 = AXIS2_PLACEMENT_3D('',#2649,#2650,#2651);
#2649 = CARTESIAN_POINT('',(161.50000074707,-57.49999925292,1.6));
#2650 = DIRECTION('',(0.,0.,-1.));
#2651 = DIRECTION('',(-7.470757633756E-07,1.,0.));
#2652 = ORIENTED_EDGE('',*,*,#2653,.F.);
#2653 = EDGE_CURVE('',#2654,#2645,#2656,.T.);
#2654 = VERTEX_POINT('',#2655);
#2655 = CARTESIAN_POINT('',(149.5,-56.5,1.6));
#2656 = LINE('',#2657,#2658);
#2657 = CARTESIAN_POINT('',(149.5,-56.5,1.6));
#2658 = VECTOR('',#2659,1.);
#2659 = DIRECTION('',(1.,0.,0.));
#2660 = ORIENTED_EDGE('',*,*,#2661,.F.);
#2661 = EDGE_CURVE('',#2662,#2654,#2664,.T.);
#2662 = VERTEX_POINT('',#2663);
#2663 = CARTESIAN_POINT('',(148.5,-55.5,1.6));
#2664 = CIRCLE('',#2665,0.999999252925);
#2665 = AXIS2_PLACEMENT_3D('',#2666,#2667,#2668);
#2666 = CARTESIAN_POINT('',(149.49999925292,-55.50000074707,1.6));
#2667 = DIRECTION('',(0.,0.,1.));
#2668 = DIRECTION('',(-1.,7.470757562702E-07,0.));
#2669 = ORIENTED_EDGE('',*,*,#2670,.F.);
#2670 = EDGE_CURVE('',#2671,#2662,#2673,.T.);
#2671 = VERTEX_POINT('',#2672);
#2672 = CARTESIAN_POINT('',(148.5,-47.5,1.6));
#2673 = LINE('',#2674,#2675);
#2674 = CARTESIAN_POINT('',(148.5,-47.5,1.6));
#2675 = VECTOR('',#2676,1.);
#2676 = DIRECTION('',(0.,-1.,0.));
#2677 = ORIENTED_EDGE('',*,*,#2678,.F.);
#2678 = EDGE_CURVE('',#2679,#2671,#2681,.T.);
#2679 = VERTEX_POINT('',#2680);
#2680 = CARTESIAN_POINT('',(147.5,-46.5,1.6));
#2681 = CIRCLE('',#2682,0.999999252925);
#2682 = AXIS2_PLACEMENT_3D('',#2683,#2684,#2685);
#2683 = CARTESIAN_POINT('',(147.50000074707,-47.49999925292,1.6));
#2684 = DIRECTION('',(0.,0.,-1.));
#2685 = DIRECTION('',(-7.470757633756E-07,1.,0.));
#2686 = ORIENTED_EDGE('',*,*,#2687,.F.);
#2687 = EDGE_CURVE('',#114,#2679,#2688,.T.);
#2688 = LINE('',#2689,#2690);
#2689 = CARTESIAN_POINT('',(127.,-46.5,1.6));
#2690 = VECTOR('',#2691,1.);
#2691 = DIRECTION('',(1.,0.,0.));
#2692 = ORIENTED_EDGE('',*,*,#113,.F.);
#2693 = FACE_BOUND('',#2694,.T.);
#2694 = EDGE_LOOP('',(#2695));
#2695 = ORIENTED_EDGE('',*,*,#2696,.T.);
#2696 = EDGE_CURVE('',#2697,#2697,#2699,.T.);
#2697 = VERTEX_POINT('',#2698);
#2698 = CARTESIAN_POINT('',(55.89045,-123.475,1.6));
#2699 = CIRCLE('',#2700,1.525);
#2700 = AXIS2_PLACEMENT_3D('',#2701,#2702,#2703);
#2701 = CARTESIAN_POINT('',(55.89045,-121.95,1.6));
#2702 = DIRECTION('',(-0.,0.,-1.));
#2703 = DIRECTION('',(-0.,-1.,0.));
#2704 = FACE_BOUND('',#2705,.T.);
#2705 = EDGE_LOOP('',(#2706));
#2706 = ORIENTED_EDGE('',*,*,#2707,.T.);
#2707 = EDGE_CURVE('',#2708,#2708,#2710,.T.);
#2708 = VERTEX_POINT('',#2709);
#2709 = CARTESIAN_POINT('',(63.75,-124.71314,1.6));
#2710 = CIRCLE('',#2711,0.95);
#2711 = AXIS2_PLACEMENT_3D('',#2712,#2713,#2714);
#2712 = CARTESIAN_POINT('',(63.75,-123.76314,1.6));
#2713 = DIRECTION('',(-0.,0.,-1.));
#2714 = DIRECTION('',(-0.,-1.,0.));
#2715 = FACE_BOUND('',#2716,.T.);
#2716 = EDGE_LOOP('',(#2717));
#2717 = ORIENTED_EDGE('',*,*,#2718,.T.);
#2718 = EDGE_CURVE('',#2719,#2719,#2721,.T.);
#2719 = VERTEX_POINT('',#2720);
#2720 = CARTESIAN_POINT('',(55.209103,-118.094873,1.6));
#2721 = CIRCLE('',#2722,1.525);
#2722 = AXIS2_PLACEMENT_3D('',#2723,#2724,#2725);
#2723 = CARTESIAN_POINT('',(55.209103,-116.569873,1.6));
#2724 = DIRECTION('',(-0.,0.,-1.));
#2725 = DIRECTION('',(-0.,-1.,0.));
#2726 = FACE_BOUND('',#2727,.T.);
#2727 = EDGE_LOOP('',(#2728));
#2728 = ORIENTED_EDGE('',*,*,#2729,.T.);
#2729 = EDGE_CURVE('',#2730,#2730,#2732,.T.);
#2730 = VERTEX_POINT('',#2731);
#2731 = CARTESIAN_POINT('',(61.,-121.525,1.6));
#2732 = CIRCLE('',#2733,2.525);
#2733 = AXIS2_PLACEMENT_3D('',#2734,#2735,#2736);
#2734 = CARTESIAN_POINT('',(61.,-119.,1.6));
#2735 = DIRECTION('',(-0.,0.,-1.));
#2736 = DIRECTION('',(-0.,-1.,0.));
#2737 = FACE_BOUND('',#2738,.T.);
#2738 = EDGE_LOOP('',(#2739));
#2739 = ORIENTED_EDGE('',*,*,#2740,.T.);
#2740 = EDGE_CURVE('',#2741,#2741,#2743,.T.);
#2741 = VERTEX_POINT('',#2742);
#2742 = CARTESIAN_POINT('',(67.960031,-121.555127,1.6));
#2743 = CIRCLE('',#2744,0.8);
#2744 = AXIS2_PLACEMENT_3D('',#2745,#2746,#2747);
#2745 = CARTESIAN_POINT('',(67.960031,-120.755127,1.6));
#2746 = DIRECTION('',(-0.,0.,-1.));
#2747 = DIRECTION('',(-0.,-1.,0.));
#2748 = FACE_BOUND('',#2749,.T.);
#2749 = EDGE_LOOP('',(#2750));
#2750 = ORIENTED_EDGE('',*,*,#2751,.T.);
#2751 = EDGE_CURVE('',#2752,#2752,#2754,.T.);
#2752 = VERTEX_POINT('',#2753);
#2753 = CARTESIAN_POINT('',(77.153883,-121.989613,1.6));
#2754 = CIRCLE('',#2755,1.525);
#2755 = AXIS2_PLACEMENT_3D('',#2756,#2757,#2758);
#2756 = CARTESIAN_POINT('',(77.153883,-120.464613,1.6));
#2757 = DIRECTION('',(-0.,0.,-1.));
#2758 = DIRECTION('',(-9.31859325587E-15,-1.,0.));
#2759 = FACE_BOUND('',#2760,.T.);
#2760 = EDGE_LOOP('',(#2761));
#2761 = ORIENTED_EDGE('',*,*,#2762,.T.);
#2762 = EDGE_CURVE('',#2763,#2763,#2765,.T.);
#2763 = VERTEX_POINT('',#2764);
#2764 = CARTESIAN_POINT('',(75.687408,-117.873505,1.6));
#2765 = CIRCLE('',#2766,0.95);
#2766 = AXIS2_PLACEMENT_3D('',#2767,#2768,#2769);
#2767 = CARTESIAN_POINT('',(75.687408,-116.923505,1.6));
#2768 = DIRECTION('',(-0.,0.,-1.));
#2769 = DIRECTION('',(-0.,-1.,0.));
#2770 = FACE_BOUND('',#2771,.T.);
#2771 = EDGE_LOOP('',(#2772));
#2772 = ORIENTED_EDGE('',*,*,#2773,.T.);
#2773 = EDGE_CURVE('',#2774,#2774,#2776,.T.);
#2774 = VERTEX_POINT('',#2775);
#2775 = CARTESIAN_POINT('',(81.,-118.025,1.6));
#2776 = CIRCLE('',#2777,2.525);
#2777 = AXIS2_PLACEMENT_3D('',#2778,#2779,#2780);
#2778 = CARTESIAN_POINT('',(81.,-115.5,1.6));
#2779 = DIRECTION('',(-0.,0.,-1.));
#2780 = DIRECTION('',(-0.,-1.,0.));
#2781 = FACE_BOUND('',#2782,.T.);
#2782 = EDGE_LOOP('',(#2783));
#2783 = ORIENTED_EDGE('',*,*,#2784,.T.);
#2784 = EDGE_CURVE('',#2785,#2785,#2787,.T.);
#2785 = VERTEX_POINT('',#2786);
#2786 = CARTESIAN_POINT('',(58.25,-115.18686,1.6));
#2787 = CIRCLE('',#2788,0.95);
#2788 = AXIS2_PLACEMENT_3D('',#2789,#2790,#2791);
#2789 = CARTESIAN_POINT('',(58.25,-114.23686,1.6));
#2790 = DIRECTION('',(-0.,0.,-1.));
#2791 = DIRECTION('',(-0.,-1.,0.));
#2792 = FACE_BOUND('',#2793,.T.);
#2793 = EDGE_LOOP('',(#2794));
#2794 = ORIENTED_EDGE('',*,*,#2795,.T.);
#2795 = EDGE_CURVE('',#2796,#2796,#2798,.T.);
#2796 = VERTEX_POINT('',#2797);
#2797 = CARTESIAN_POINT('',(68.,-109.65,1.6));
#2798 = CIRCLE('',#2799,2.15);
#2799 = AXIS2_PLACEMENT_3D('',#2800,#2801,#2802);
#2800 = CARTESIAN_POINT('',(68.,-107.5,1.6));
#2801 = DIRECTION('',(-0.,0.,-1.));
#2802 = DIRECTION('',(-0.,-1.,0.));
#2803 = FACE_BOUND('',#2804,.T.);
#2804 = EDGE_LOOP('',(#2805));
#2805 = ORIENTED_EDGE('',*,*,#2806,.T.);
#2806 = EDGE_CURVE('',#2807,#2807,#2809,.T.);
#2807 = VERTEX_POINT('',#2808);
#2808 = CARTESIAN_POINT('',(82.527032,-122.723962,1.6));
#2809 = CIRCLE('',#2810,1.525);
#2810 = AXIS2_PLACEMENT_3D('',#2811,#2812,#2813);
#2811 = CARTESIAN_POINT('',(82.527032,-121.198962,1.6));
#2812 = DIRECTION('',(-0.,0.,-1.));
#2813 = DIRECTION('',(9.31859325587E-15,-1.,-0.));
#2814 = FACE_BOUND('',#2815,.T.);
#2815 = EDGE_LOOP('',(#2816));
#2816 = ORIENTED_EDGE('',*,*,#2817,.T.);
#2817 = EDGE_CURVE('',#2818,#2818,#2820,.T.);
#2818 = VERTEX_POINT('',#2819);
#2819 = CARTESIAN_POINT('',(86.312592,-115.026495,1.6));
#2820 = CIRCLE('',#2821,0.95);
#2821 = AXIS2_PLACEMENT_3D('',#2822,#2823,#2824);
#2822 = CARTESIAN_POINT('',(86.312592,-114.076495,1.6));
#2823 = DIRECTION('',(-0.,0.,-1.));
#2824 = DIRECTION('',(-0.,-1.,0.));
#2825 = FACE_BOUND('',#2826,.T.);
#2826 = EDGE_LOOP('',(#2827));
#2827 = ORIENTED_EDGE('',*,*,#2828,.T.);
#2828 = EDGE_CURVE('',#2829,#2829,#2831,.T.);
#2829 = VERTEX_POINT('',#2830);
#2830 = CARTESIAN_POINT('',(84.496711,-110.031387,1.6));
#2831 = CIRCLE('',#2832,0.8);
#2832 = AXIS2_PLACEMENT_3D('',#2833,#2834,#2835);
#2833 = CARTESIAN_POINT('',(84.496711,-109.231387,1.6));
#2834 = DIRECTION('',(-0.,0.,-1.));
#2835 = DIRECTION('',(-0.,-1.,0.));
#2836 = FACE_BOUND('',#2837,.T.);
#2837 = EDGE_LOOP('',(#2838));
#2838 = ORIENTED_EDGE('',*,*,#2839,.T.);
#2839 = EDGE_CURVE('',#2840,#2840,#2842,.T.);
#2840 = VERTEX_POINT('',#2841);
#2841 = CARTESIAN_POINT('',(80.,-101.925,1.6));
#2842 = CIRCLE('',#2843,1.525);
#2843 = AXIS2_PLACEMENT_3D('',#2844,#2845,#2846);
#2844 = CARTESIAN_POINT('',(80.,-100.4,1.6));
#2845 = DIRECTION('',(-0.,0.,-1.));
#2846 = DIRECTION('',(-0.,-1.,0.));
#2847 = FACE_BOUND('',#2848,.T.);
#2848 = EDGE_LOOP('',(#2849));
#2849 = ORIENTED_EDGE('',*,*,#2850,.T.);
#2850 = EDGE_CURVE('',#2851,#2851,#2853,.T.);
#2851 = VERTEX_POINT('',#2852);
#2852 = CARTESIAN_POINT('',(75.,-99.825,1.6));
#2853 = CIRCLE('',#2854,1.525);
#2854 = AXIS2_PLACEMENT_3D('',#2855,#2856,#2857);
#2855 = CARTESIAN_POINT('',(75.,-98.3,1.6));
#2856 = DIRECTION('',(-0.,0.,-1.));
#2857 = DIRECTION('',(-0.,-1.,0.));
#2858 = FACE_BOUND('',#2859,.T.);
#2859 = EDGE_LOOP('',(#2860));
#2860 = ORIENTED_EDGE('',*,*,#2861,.T.);
#2861 = EDGE_CURVE('',#2862,#2862,#2864,.T.);
#2862 = VERTEX_POINT('',#2863);
#2863 = CARTESIAN_POINT('',(74.5,-95.45,1.6));
#2864 = CIRCLE('',#2865,0.95);
#2865 = AXIS2_PLACEMENT_3D('',#2866,#2867,#2868);
#2866 = CARTESIAN_POINT('',(74.5,-94.5,1.6));
#2867 = DIRECTION('',(-0.,0.,-1.));
#2868 = DIRECTION('',(-0.,-1.,0.));
#2869 = FACE_BOUND('',#2870,.T.);
#2870 = EDGE_LOOP('',(#2871));
#2871 = ORIENTED_EDGE('',*,*,#2872,.T.);
#2872 = EDGE_CURVE('',#2873,#2873,#2875,.T.);
#2873 = VERTEX_POINT('',#2874);
#2874 = CARTESIAN_POINT('',(80.,-97.025,1.6));
#2875 = CIRCLE('',#2876,2.525);
#2876 = AXIS2_PLACEMENT_3D('',#2877,#2878,#2879);
#2877 = CARTESIAN_POINT('',(80.,-94.5,1.6));
#2878 = DIRECTION('',(-0.,0.,-1.));
#2879 = DIRECTION('',(-0.,-1.,0.));
#2880 = FACE_BOUND('',#2881,.T.);
#2881 = EDGE_LOOP('',(#2882));
#2882 = ORIENTED_EDGE('',*,*,#2883,.T.);
#2883 = EDGE_CURVE('',#2884,#2884,#2886,.T.);
#2884 = VERTEX_POINT('',#2885);
#2885 = CARTESIAN_POINT('',(93.,-97.825,1.6));
#2886 = CIRCLE('',#2887,1.525);
#2887 = AXIS2_PLACEMENT_3D('',#2888,#2889,#2890);
#2888 = CARTESIAN_POINT('',(93.,-96.3,1.6));
#2889 = DIRECTION('',(-0.,0.,-1.));
#2890 = DIRECTION('',(-0.,-1.,0.));
#2891 = FACE_BOUND('',#2892,.T.);
#2892 = EDGE_LOOP('',(#2893));
#2893 = ORIENTED_EDGE('',*,*,#2894,.T.);
#2894 = EDGE_CURVE('',#2895,#2895,#2897,.T.);
#2895 = VERTEX_POINT('',#2896);
#2896 = CARTESIAN_POINT('',(98.,-99.925,1.6));
#2897 = CIRCLE('',#2898,1.525);
#2898 = AXIS2_PLACEMENT_3D('',#2899,#2900,#2901);
#2899 = CARTESIAN_POINT('',(98.,-98.4,1.6));
#2900 = DIRECTION('',(-0.,0.,-1.));
#2901 = DIRECTION('',(-0.,-1.,0.));
#2902 = FACE_BOUND('',#2903,.T.);
#2903 = EDGE_LOOP('',(#2904));
#2904 = ORIENTED_EDGE('',*,*,#2905,.T.);
#2905 = EDGE_CURVE('',#2906,#2906,#2908,.T.);
#2906 = VERTEX_POINT('',#2907);
#2907 = CARTESIAN_POINT('',(85.5,-95.45,1.6));
#2908 = CIRCLE('',#2909,0.95);
#2909 = AXIS2_PLACEMENT_3D('',#2910,#2911,#2912);
#2910 = CARTESIAN_POINT('',(85.5,-94.5,1.6));
#2911 = DIRECTION('',(-0.,0.,-1.));
#2912 = DIRECTION('',(-0.,-1.,0.));
#2913 = FACE_BOUND('',#2914,.T.);
#2914 = EDGE_LOOP('',(#2915));
#2915 = ORIENTED_EDGE('',*,*,#2916,.T.);
#2916 = EDGE_CURVE('',#2917,#2917,#2919,.T.);
#2917 = VERTEX_POINT('',#2918);
#2918 = CARTESIAN_POINT('',(92.5,-93.45,1.6));
#2919 = CIRCLE('',#2920,0.95);
#2920 = AXIS2_PLACEMENT_3D('',#2921,#2922,#2923);
#2921 = CARTESIAN_POINT('',(92.5,-92.5,1.6));
#2922 = DIRECTION('',(-0.,0.,-1.));
#2923 = DIRECTION('',(-0.,-1.,0.));
#2924 = FACE_BOUND('',#2925,.T.);
#2925 = EDGE_LOOP('',(#2926));
#2926 = ORIENTED_EDGE('',*,*,#2927,.T.);
#2927 = EDGE_CURVE('',#2928,#2928,#2930,.T.);
#2928 = VERTEX_POINT('',#2929);
#2929 = CARTESIAN_POINT('',(85.,-90.15,1.6));
#2930 = CIRCLE('',#2931,0.8);
#2931 = AXIS2_PLACEMENT_3D('',#2932,#2933,#2934);
#2932 = CARTESIAN_POINT('',(85.,-89.35,1.6));
#2933 = DIRECTION('',(-0.,0.,-1.));
#2934 = DIRECTION('',(-0.,-1.,0.));
#2935 = FACE_BOUND('',#2936,.T.);
#2936 = EDGE_LOOP('',(#2937));
#2937 = ORIENTED_EDGE('',*,*,#2938,.T.);
#2938 = EDGE_CURVE('',#2939,#2939,#2941,.T.);
#2939 = VERTEX_POINT('',#2940);
#2940 = CARTESIAN_POINT('',(98.,-95.025,1.6));
#2941 = CIRCLE('',#2942,2.525);
#2942 = AXIS2_PLACEMENT_3D('',#2943,#2944,#2945);
#2943 = CARTESIAN_POINT('',(98.,-92.5,1.6));
#2944 = DIRECTION('',(-0.,0.,-1.));
#2945 = DIRECTION('',(-0.,-1.,0.));
#2946 = FACE_BOUND('',#2947,.T.);
#2947 = EDGE_LOOP('',(#2948));
#2948 = ORIENTED_EDGE('',*,*,#2949,.T.);
#2949 = EDGE_CURVE('',#2950,#2950,#2952,.T.);
#2950 = VERTEX_POINT('',#2951);
#2951 = CARTESIAN_POINT('',(103.5,-93.45,1.6));
#2952 = CIRCLE('',#2953,0.95);
#2953 = AXIS2_PLACEMENT_3D('',#2954,#2955,#2956);
#2954 = CARTESIAN_POINT('',(103.5,-92.5,1.6));
#2955 = DIRECTION('',(-0.,0.,-1.));
#2956 = DIRECTION('',(-0.,-1.,0.));
#2957 = FACE_BOUND('',#2958,.T.);
#2958 = EDGE_LOOP('',(#2959));
#2959 = ORIENTED_EDGE('',*,*,#2960,.T.);
#2960 = EDGE_CURVE('',#2961,#2961,#2963,.T.);
#2961 = VERTEX_POINT('',#2962);
#2962 = CARTESIAN_POINT('',(111.,-94.825,1.6));
#2963 = CIRCLE('',#2964,1.525);
#2964 = AXIS2_PLACEMENT_3D('',#2965,#2966,#2967);
#2965 = CARTESIAN_POINT('',(111.,-93.3,1.6));
#2966 = DIRECTION('',(-0.,0.,-1.));
#2967 = DIRECTION('',(-0.,-1.,0.));
#2968 = FACE_BOUND('',#2969,.T.);
#2969 = EDGE_LOOP('',(#2970));
#2970 = ORIENTED_EDGE('',*,*,#2971,.T.);
#2971 = EDGE_CURVE('',#2972,#2972,#2974,.T.);
#2972 = VERTEX_POINT('',#2973);
#2973 = CARTESIAN_POINT('',(103.,-88.15,1.6));
#2974 = CIRCLE('',#2975,0.8);
#2975 = AXIS2_PLACEMENT_3D('',#2976,#2977,#2978);
#2976 = CARTESIAN_POINT('',(103.,-87.35,1.6));
#2977 = DIRECTION('',(-0.,0.,-1.));
#2978 = DIRECTION('',(-0.,-1.,0.));
#2979 = FACE_BOUND('',#2980,.T.);
#2980 = EDGE_LOOP('',(#2981));
#2981 = ORIENTED_EDGE('',*,*,#2982,.T.);
#2982 = EDGE_CURVE('',#2983,#2983,#2985,.T.);
#2983 = VERTEX_POINT('',#2984);
#2984 = CARTESIAN_POINT('',(110.5,-90.45,1.6));
#2985 = CIRCLE('',#2986,0.95);
#2986 = AXIS2_PLACEMENT_3D('',#2987,#2988,#2989);
#2987 = CARTESIAN_POINT('',(110.5,-89.5,1.6));
#2988 = DIRECTION('',(-0.,0.,-1.));
#2989 = DIRECTION('',(-0.,-1.,0.));
#2990 = FACE_BOUND('',#2991,.T.);
#2991 = EDGE_LOOP('',(#2992));
#2992 = ORIENTED_EDGE('',*,*,#2993,.T.);
#2993 = EDGE_CURVE('',#2994,#2994,#2996,.T.);
#2994 = VERTEX_POINT('',#2995);
#2995 = CARTESIAN_POINT('',(139.,-124.44,1.6));
#2996 = CIRCLE('',#2997,0.5);
#2997 = AXIS2_PLACEMENT_3D('',#2998,#2999,#3000);
#2998 = CARTESIAN_POINT('',(139.,-123.94,1.6));
#2999 = DIRECTION('',(-0.,0.,-1.));
#3000 = DIRECTION('',(-0.,-1.,0.));
#3001 = FACE_BOUND('',#3002,.T.);
#3002 = EDGE_LOOP('',(#3003));
#3003 = ORIENTED_EDGE('',*,*,#3004,.T.);
#3004 = EDGE_CURVE('',#3005,#3005,#3007,.T.);
#3005 = VERTEX_POINT('',#3006);
#3006 = CARTESIAN_POINT('',(139.,-121.9,1.6));
#3007 = CIRCLE('',#3008,0.5);
#3008 = AXIS2_PLACEMENT_3D('',#3009,#3010,#3011);
#3009 = CARTESIAN_POINT('',(139.,-121.4,1.6));
#3010 = DIRECTION('',(-0.,0.,-1.));
#3011 = DIRECTION('',(-0.,-1.,0.));
#3012 = FACE_BOUND('',#3013,.T.);
#3013 = EDGE_LOOP('',(#3014));
#3014 = ORIENTED_EDGE('',*,*,#3015,.T.);
#3015 = EDGE_CURVE('',#3016,#3016,#3018,.T.);
#3016 = VERTEX_POINT('',#3017);
#3017 = CARTESIAN_POINT('',(139.,-119.36,1.6));
#3018 = CIRCLE('',#3019,0.5);
#3019 = AXIS2_PLACEMENT_3D('',#3020,#3021,#3022);
#3020 = CARTESIAN_POINT('',(139.,-118.86,1.6));
#3021 = DIRECTION('',(-0.,0.,-1.));
#3022 = DIRECTION('',(-0.,-1.,0.));
#3023 = FACE_BOUND('',#3024,.T.);
#3024 = EDGE_LOOP('',(#3025));
#3025 = ORIENTED_EDGE('',*,*,#3026,.T.);
#3026 = EDGE_CURVE('',#3027,#3027,#3029,.T.);
#3027 = VERTEX_POINT('',#3028);
#3028 = CARTESIAN_POINT('',(139.,-116.82,1.6));
#3029 = CIRCLE('',#3030,0.5);
#3030 = AXIS2_PLACEMENT_3D('',#3031,#3032,#3033);
#3031 = CARTESIAN_POINT('',(139.,-116.32,1.6));
#3032 = DIRECTION('',(-0.,0.,-1.));
#3033 = DIRECTION('',(-0.,-1.,0.));
#3034 = FACE_BOUND('',#3035,.T.);
#3035 = EDGE_LOOP('',(#3036));
#3036 = ORIENTED_EDGE('',*,*,#3037,.T.);
#3037 = EDGE_CURVE('',#3038,#3038,#3040,.T.);
#3038 = VERTEX_POINT('',#3039);
#3039 = CARTESIAN_POINT('',(139.,-114.28,1.6));
#3040 = CIRCLE('',#3041,0.5);
#3041 = AXIS2_PLACEMENT_3D('',#3042,#3043,#3044);
#3042 = CARTESIAN_POINT('',(139.,-113.78,1.6));
#3043 = DIRECTION('',(-0.,0.,-1.));
#3044 = DIRECTION('',(-0.,-1.,0.));
#3045 = FACE_BOUND('',#3046,.T.);
#3046 = EDGE_LOOP('',(#3047));
#3047 = ORIENTED_EDGE('',*,*,#3048,.T.);
#3048 = EDGE_CURVE('',#3049,#3049,#3051,.T.);
#3049 = VERTEX_POINT('',#3050);
#3050 = CARTESIAN_POINT('',(139.,-111.74,1.6));
#3051 = CIRCLE('',#3052,0.5);
#3052 = AXIS2_PLACEMENT_3D('',#3053,#3054,#3055);
#3053 = CARTESIAN_POINT('',(139.,-111.24,1.6));
#3054 = DIRECTION('',(-0.,0.,-1.));
#3055 = DIRECTION('',(-0.,-1.,0.));
#3056 = FACE_BOUND('',#3057,.T.);
#3057 = EDGE_LOOP('',(#3058));
#3058 = ORIENTED_EDGE('',*,*,#3059,.T.);
#3059 = EDGE_CURVE('',#3060,#3060,#3062,.T.);
#3060 = VERTEX_POINT('',#3061);
#3061 = CARTESIAN_POINT('',(139.,-109.2,1.6));
#3062 = CIRCLE('',#3063,0.5);
#3063 = AXIS2_PLACEMENT_3D('',#3064,#3065,#3066);
#3064 = CARTESIAN_POINT('',(139.,-108.7,1.6));
#3065 = DIRECTION('',(-0.,0.,-1.));
#3066 = DIRECTION('',(-0.,-1.,0.));
#3067 = FACE_BOUND('',#3068,.T.);
#3068 = EDGE_LOOP('',(#3069));
#3069 = ORIENTED_EDGE('',*,*,#3070,.T.);
#3070 = EDGE_CURVE('',#3071,#3071,#3073,.T.);
#3071 = VERTEX_POINT('',#3072);
#3072 = CARTESIAN_POINT('',(152.,-107.925,1.6));
#3073 = CIRCLE('',#3074,1.525);
#3074 = AXIS2_PLACEMENT_3D('',#3075,#3076,#3077);
#3075 = CARTESIAN_POINT('',(152.,-106.4,1.6));
#3076 = DIRECTION('',(-0.,0.,-1.));
#3077 = DIRECTION('',(-0.,-1.,0.));
#3078 = FACE_BOUND('',#3079,.T.);
#3079 = EDGE_LOOP('',(#3080));
#3080 = ORIENTED_EDGE('',*,*,#3081,.T.);
#3081 = EDGE_CURVE('',#3082,#3082,#3084,.T.);
#3082 = VERTEX_POINT('',#3083);
#3083 = CARTESIAN_POINT('',(163.5,-109.65,1.6));
#3084 = CIRCLE('',#3085,2.15);
#3085 = AXIS2_PLACEMENT_3D('',#3086,#3087,#3088);
#3086 = CARTESIAN_POINT('',(163.5,-107.5,1.6));
#3087 = DIRECTION('',(-0.,0.,-1.));
#3088 = DIRECTION('',(-0.,-1.,0.));
#3089 = FACE_BOUND('',#3090,.T.);
#3090 = EDGE_LOOP('',(#3091));
#3091 = ORIENTED_EDGE('',*,*,#3092,.T.);
#3092 = EDGE_CURVE('',#3093,#3093,#3095,.T.);
#3093 = VERTEX_POINT('',#3094);
#3094 = CARTESIAN_POINT('',(134.,-97.925,1.6));
#3095 = CIRCLE('',#3096,1.525);
#3096 = AXIS2_PLACEMENT_3D('',#3097,#3098,#3099);
#3097 = CARTESIAN_POINT('',(134.,-96.4,1.6));
#3098 = DIRECTION('',(-0.,0.,-1.));
#3099 = DIRECTION('',(-0.,-1.,0.));
#3100 = FACE_BOUND('',#3101,.T.);
#3101 = EDGE_LOOP('',(#3102));
#3102 = ORIENTED_EDGE('',*,*,#3103,.T.);
#3103 = EDGE_CURVE('',#3104,#3104,#3106,.T.);
#3104 = VERTEX_POINT('',#3105);
#3105 = CARTESIAN_POINT('',(116.,-96.925,1.6));
#3106 = CIRCLE('',#3107,1.525);
#3107 = AXIS2_PLACEMENT_3D('',#3108,#3109,#3110);
#3108 = CARTESIAN_POINT('',(116.,-95.4,1.6));
#3109 = DIRECTION('',(-0.,0.,-1.));
#3110 = DIRECTION('',(-0.,-1.,0.));
#3111 = FACE_BOUND('',#3112,.T.);
#3112 = EDGE_LOOP('',(#3113));
#3113 = ORIENTED_EDGE('',*,*,#3114,.T.);
#3114 = EDGE_CURVE('',#3115,#3115,#3117,.T.);
#3115 = VERTEX_POINT('',#3116);
#3116 = CARTESIAN_POINT('',(129.,-95.825,1.6));
#3117 = CIRCLE('',#3118,1.525);
#3118 = AXIS2_PLACEMENT_3D('',#3119,#3120,#3121);
#3119 = CARTESIAN_POINT('',(129.,-94.3,1.6));
#3120 = DIRECTION('',(-0.,0.,-1.));
#3121 = DIRECTION('',(-0.,-1.,0.));
#3122 = FACE_BOUND('',#3123,.T.);
#3123 = EDGE_LOOP('',(#3124));
#3124 = ORIENTED_EDGE('',*,*,#3125,.T.);
#3125 = EDGE_CURVE('',#3126,#3126,#3128,.T.);
#3126 = VERTEX_POINT('',#3127);
#3127 = CARTESIAN_POINT('',(116.,-92.025,1.6));
#3128 = CIRCLE('',#3129,2.525);
#3129 = AXIS2_PLACEMENT_3D('',#3130,#3131,#3132);
#3130 = CARTESIAN_POINT('',(116.,-89.5,1.6));
#3131 = DIRECTION('',(-0.,0.,-1.));
#3132 = DIRECTION('',(-0.,-1.,0.));
#3133 = FACE_BOUND('',#3134,.T.);
#3134 = EDGE_LOOP('',(#3135));
#3135 = ORIENTED_EDGE('',*,*,#3136,.T.);
#3136 = EDGE_CURVE('',#3137,#3137,#3139,.T.);
#3137 = VERTEX_POINT('',#3138);
#3138 = CARTESIAN_POINT('',(121.5,-90.45,1.6));
#3139 = CIRCLE('',#3140,0.95);
#3140 = AXIS2_PLACEMENT_3D('',#3141,#3142,#3143);
#3141 = CARTESIAN_POINT('',(121.5,-89.5,1.6));
#3142 = DIRECTION('',(-0.,0.,-1.));
#3143 = DIRECTION('',(-0.,-1.,0.));
#3144 = FACE_BOUND('',#3145,.T.);
#3145 = EDGE_LOOP('',(#3146));
#3146 = ORIENTED_EDGE('',*,*,#3147,.T.);
#3147 = EDGE_CURVE('',#3148,#3148,#3150,.T.);
#3148 = VERTEX_POINT('',#3149);
#3149 = CARTESIAN_POINT('',(128.5,-91.45,1.6));
#3150 = CIRCLE('',#3151,0.95);
#3151 = AXIS2_PLACEMENT_3D('',#3152,#3153,#3154);
#3152 = CARTESIAN_POINT('',(128.5,-90.5,1.6));
#3153 = DIRECTION('',(-0.,0.,-1.));
#3154 = DIRECTION('',(-0.,-1.,0.));
#3155 = FACE_BOUND('',#3156,.T.);
#3156 = EDGE_LOOP('',(#3157));
#3157 = ORIENTED_EDGE('',*,*,#3158,.T.);
#3158 = EDGE_CURVE('',#3159,#3159,#3161,.T.);
#3159 = VERTEX_POINT('',#3160);
#3160 = CARTESIAN_POINT('',(134.,-93.025,1.6));
#3161 = CIRCLE('',#3162,2.525);
#3162 = AXIS2_PLACEMENT_3D('',#3163,#3164,#3165);
#3163 = CARTESIAN_POINT('',(134.,-90.5,1.6));
#3164 = DIRECTION('',(-0.,0.,-1.));
#3165 = DIRECTION('',(-0.,-1.,0.));
#3166 = FACE_BOUND('',#3167,.T.);
#3167 = EDGE_LOOP('',(#3168));
#3168 = ORIENTED_EDGE('',*,*,#3169,.T.);
#3169 = EDGE_CURVE('',#3170,#3170,#3172,.T.);
#3170 = VERTEX_POINT('',#3171);
#3171 = CARTESIAN_POINT('',(139.5,-91.45,1.6));
#3172 = CIRCLE('',#3173,0.95);
#3173 = AXIS2_PLACEMENT_3D('',#3174,#3175,#3176);
#3174 = CARTESIAN_POINT('',(139.5,-90.5,1.6));
#3175 = DIRECTION('',(-0.,0.,-1.));
#3176 = DIRECTION('',(-0.,-1.,0.));
#3177 = FACE_BOUND('',#3178,.T.);
#3178 = EDGE_LOOP('',(#3179));
#3179 = ORIENTED_EDGE('',*,*,#3180,.T.);
#3180 = EDGE_CURVE('',#3181,#3181,#3183,.T.);
#3181 = VERTEX_POINT('',#3182);
#3182 = CARTESIAN_POINT('',(147.,-105.825,1.6));
#3183 = CIRCLE('',#3184,1.525);
#3184 = AXIS2_PLACEMENT_3D('',#3185,#3186,#3187);
#3185 = CARTESIAN_POINT('',(147.,-104.3,1.6));
#3186 = DIRECTION('',(-0.,0.,-1.));
#3187 = DIRECTION('',(-0.,-1.,0.));
#3188 = FACE_BOUND('',#3189,.T.);
#3189 = EDGE_LOOP('',(#3190));
#3190 = ORIENTED_EDGE('',*,*,#3191,.T.);
#3191 = EDGE_CURVE('',#3192,#3192,#3194,.T.);
#3192 = VERTEX_POINT('',#3193);
#3193 = CARTESIAN_POINT('',(146.5,-101.45,1.6));
#3194 = CIRCLE('',#3195,0.95);
#3195 = AXIS2_PLACEMENT_3D('',#3196,#3197,#3198);
#3196 = CARTESIAN_POINT('',(146.5,-100.5,1.6));
#3197 = DIRECTION('',(-0.,0.,-1.));
#3198 = DIRECTION('',(-0.,-1.,0.));
#3199 = FACE_BOUND('',#3200,.T.);
#3200 = EDGE_LOOP('',(#3201));
#3201 = ORIENTED_EDGE('',*,*,#3202,.T.);
#3202 = EDGE_CURVE('',#3203,#3203,#3205,.T.);
#3203 = VERTEX_POINT('',#3204);
#3204 = CARTESIAN_POINT('',(152.,-103.025,1.6));
#3205 = CIRCLE('',#3206,2.525);
#3206 = AXIS2_PLACEMENT_3D('',#3207,#3208,#3209);
#3207 = CARTESIAN_POINT('',(152.,-100.5,1.6));
#3208 = DIRECTION('',(-0.,0.,-1.));
#3209 = DIRECTION('',(-0.,-1.,0.));
#3210 = FACE_BOUND('',#3211,.T.);
#3211 = EDGE_LOOP('',(#3212));
#3212 = ORIENTED_EDGE('',*,*,#3213,.T.);
#3213 = EDGE_CURVE('',#3214,#3214,#3216,.T.);
#3214 = VERTEX_POINT('',#3215);
#3215 = CARTESIAN_POINT('',(157.5,-101.45,1.6));
#3216 = CIRCLE('',#3217,0.95);
#3217 = AXIS2_PLACEMENT_3D('',#3218,#3219,#3220);
#3218 = CARTESIAN_POINT('',(157.5,-100.5,1.6));
#3219 = DIRECTION('',(-0.,0.,-1.));
#3220 = DIRECTION('',(-0.,-1.,0.));
#3221 = FACE_BOUND('',#3222,.T.);
#3222 = EDGE_LOOP('',(#3223));
#3223 = ORIENTED_EDGE('',*,*,#3224,.T.);
#3224 = EDGE_CURVE('',#3225,#3225,#3227,.T.);
#3225 = VERTEX_POINT('',#3226);
#3226 = CARTESIAN_POINT('',(170.,-103.925,1.6));
#3227 = CIRCLE('',#3228,1.525);
#3228 = AXIS2_PLACEMENT_3D('',#3229,#3230,#3231);
#3229 = CARTESIAN_POINT('',(170.,-102.4,1.6));
#3230 = DIRECTION('',(-0.,0.,-1.));
#3231 = DIRECTION('',(-0.,-1.,0.));
#3232 = FACE_BOUND('',#3233,.T.);
#3233 = EDGE_LOOP('',(#3234));
#3234 = ORIENTED_EDGE('',*,*,#3235,.T.);
#3235 = EDGE_CURVE('',#3236,#3236,#3238,.T.);
#3236 = VERTEX_POINT('',#3237);
#3237 = CARTESIAN_POINT('',(165.,-101.825,1.6));
#3238 = CIRCLE('',#3239,1.525);
#3239 = AXIS2_PLACEMENT_3D('',#3240,#3241,#3242);
#3240 = CARTESIAN_POINT('',(165.,-100.3,1.6));
#3241 = DIRECTION('',(-0.,0.,-1.));
#3242 = DIRECTION('',(-0.,-1.,0.));
#3243 = FACE_BOUND('',#3244,.T.);
#3244 = EDGE_LOOP('',(#3245));
#3245 = ORIENTED_EDGE('',*,*,#3246,.T.);
#3246 = EDGE_CURVE('',#3247,#3247,#3249,.T.);
#3247 = VERTEX_POINT('',#3248);
#3248 = CARTESIAN_POINT('',(164.5,-97.45,1.6));
#3249 = CIRCLE('',#3250,0.95);
#3250 = AXIS2_PLACEMENT_3D('',#3251,#3252,#3253);
#3251 = CARTESIAN_POINT('',(164.5,-96.5,1.6));
#3252 = DIRECTION('',(-0.,0.,-1.));
#3253 = DIRECTION('',(-0.,-1.,0.));
#3254 = FACE_BOUND('',#3255,.T.);
#3255 = EDGE_LOOP('',(#3256));
#3256 = ORIENTED_EDGE('',*,*,#3257,.T.);
#3257 = EDGE_CURVE('',#3258,#3258,#3260,.T.);
#3258 = VERTEX_POINT('',#3259);
#3259 = CARTESIAN_POINT('',(170.,-99.025,1.6));
#3260 = CIRCLE('',#3261,2.525);
#3261 = AXIS2_PLACEMENT_3D('',#3262,#3263,#3264);
#3262 = CARTESIAN_POINT('',(170.,-96.5,1.6));
#3263 = DIRECTION('',(-0.,0.,-1.));
#3264 = DIRECTION('',(-0.,-1.,0.));
#3265 = FACE_BOUND('',#3266,.T.);
#3266 = EDGE_LOOP('',(#3267));
#3267 = ORIENTED_EDGE('',*,*,#3268,.T.);
#3268 = EDGE_CURVE('',#3269,#3269,#3271,.T.);
#3269 = VERTEX_POINT('',#3270);
#3270 = CARTESIAN_POINT('',(175.5,-97.45,1.6));
#3271 = CIRCLE('',#3272,0.95);
#3272 = AXIS2_PLACEMENT_3D('',#3273,#3274,#3275);
#3273 = CARTESIAN_POINT('',(175.5,-96.5,1.6));
#3274 = DIRECTION('',(-0.,0.,-1.));
#3275 = DIRECTION('',(-0.,-1.,0.));
#3276 = FACE_BOUND('',#3277,.T.);
#3277 = EDGE_LOOP('',(#3278));
#3278 = ORIENTED_EDGE('',*,*,#3279,.T.);
#3279 = EDGE_CURVE('',#3280,#3280,#3282,.T.);
#3280 = VERTEX_POINT('',#3281);
#3281 = CARTESIAN_POINT('',(157.,-96.15,1.6));
#3282 = CIRCLE('',#3283,0.8);
#3283 = AXIS2_PLACEMENT_3D('',#3284,#3285,#3286);
#3284 = CARTESIAN_POINT('',(157.,-95.35,1.6));
#3285 = DIRECTION('',(-0.,0.,-1.));
#3286 = DIRECTION('',(-0.,-1.,0.));
#3287 = FACE_BOUND('',#3288,.T.);
#3288 = EDGE_LOOP('',(#3289));
#3289 = ORIENTED_EDGE('',*,*,#3290,.T.);
#3290 = EDGE_CURVE('',#3291,#3291,#3293,.T.);
#3291 = VERTEX_POINT('',#3292);
#3292 = CARTESIAN_POINT('',(152.,-90.925,1.6));
#3293 = CIRCLE('',#3294,1.525);
#3294 = AXIS2_PLACEMENT_3D('',#3295,#3296,#3297);
#3295 = CARTESIAN_POINT('',(152.,-89.4,1.6));
#3296 = DIRECTION('',(-0.,0.,-1.));
#3297 = DIRECTION('',(-0.,-1.,0.));
#3298 = FACE_BOUND('',#3299,.T.);
#3299 = EDGE_LOOP('',(#3300));
#3300 = ORIENTED_EDGE('',*,*,#3301,.T.);
#3301 = EDGE_CURVE('',#3302,#3302,#3304,.T.);
#3302 = VERTEX_POINT('',#3303);
#3303 = CARTESIAN_POINT('',(147.,-88.825,1.6));
#3304 = CIRCLE('',#3305,1.525);
#3305 = AXIS2_PLACEMENT_3D('',#3306,#3307,#3308);
#3306 = CARTESIAN_POINT('',(147.,-87.3,1.6));
#3307 = DIRECTION('',(-0.,0.,-1.));
#3308 = DIRECTION('',(-0.,-1.,0.));
#3309 = FACE_BOUND('',#3310,.T.);
#3310 = EDGE_LOOP('',(#3311));
#3311 = ORIENTED_EDGE('',*,*,#3312,.T.);
#3312 = EDGE_CURVE('',#3313,#3313,#3315,.T.);
#3313 = VERTEX_POINT('',#3314);
#3314 = CARTESIAN_POINT('',(175.,-92.15,1.6));
#3315 = CIRCLE('',#3316,0.8);
#3316 = AXIS2_PLACEMENT_3D('',#3317,#3318,#3319);
#3317 = CARTESIAN_POINT('',(175.,-91.35,1.6));
#3318 = DIRECTION('',(-0.,0.,-1.));
#3319 = DIRECTION('',(-0.,-1.,0.));
#3320 = FACE_BOUND('',#3321,.T.);
#3321 = EDGE_LOOP('',(#3322));
#3322 = ORIENTED_EDGE('',*,*,#3323,.T.);
#3323 = EDGE_CURVE('',#3324,#3324,#3326,.T.);
#3324 = VERTEX_POINT('',#3325);
#3325 = CARTESIAN_POINT('',(51.17,-84.45,1.6));
#3326 = CIRCLE('',#3327,0.45);
#3327 = AXIS2_PLACEMENT_3D('',#3328,#3329,#3330);
#3328 = CARTESIAN_POINT('',(51.17,-84.,1.6));
#3329 = DIRECTION('',(-0.,0.,-1.));
#3330 = DIRECTION('',(-0.,-1.,0.));
#3331 = FACE_BOUND('',#3332,.T.);
#3332 = EDGE_LOOP('',(#3333));
#3333 = ORIENTED_EDGE('',*,*,#3334,.T.);
#3334 = EDGE_CURVE('',#3335,#3335,#3337,.T.);
#3335 = VERTEX_POINT('',#3336);
#3336 = CARTESIAN_POINT('',(51.17,-81.45,1.6));
#3337 = CIRCLE('',#3338,0.45);
#3338 = AXIS2_PLACEMENT_3D('',#3339,#3340,#3341);
#3339 = CARTESIAN_POINT('',(51.17,-81.,1.6));
#3340 = DIRECTION('',(-0.,0.,-1.));
#3341 = DIRECTION('',(-0.,-1.,0.));
#3342 = FACE_BOUND('',#3343,.T.);
#3343 = EDGE_LOOP('',(#3344));
#3344 = ORIENTED_EDGE('',*,*,#3345,.T.);
#3345 = EDGE_CURVE('',#3346,#3346,#3348,.T.);
#3346 = VERTEX_POINT('',#3347);
#3347 = CARTESIAN_POINT('',(80.,-84.925,1.6));
#3348 = CIRCLE('',#3349,1.525);
#3349 = AXIS2_PLACEMENT_3D('',#3350,#3351,#3352);
#3350 = CARTESIAN_POINT('',(80.,-83.4,1.6));
#3351 = DIRECTION('',(-0.,0.,-1.));
#3352 = DIRECTION('',(-0.,-1.,0.));
#3353 = FACE_BOUND('',#3354,.T.);
#3354 = EDGE_LOOP('',(#3355));
#3355 = ORIENTED_EDGE('',*,*,#3356,.T.);
#3356 = EDGE_CURVE('',#3357,#3357,#3359,.T.);
#3357 = VERTEX_POINT('',#3358);
#3358 = CARTESIAN_POINT('',(75.,-82.825,1.6));
#3359 = CIRCLE('',#3360,1.525);
#3360 = AXIS2_PLACEMENT_3D('',#3361,#3362,#3363);
#3361 = CARTESIAN_POINT('',(75.,-81.3,1.6));
#3362 = DIRECTION('',(-0.,0.,-1.));
#3363 = DIRECTION('',(-0.,-1.,0.));
#3364 = FACE_BOUND('',#3365,.T.);
#3365 = EDGE_LOOP('',(#3366));
#3366 = ORIENTED_EDGE('',*,*,#3367,.T.);
#3367 = EDGE_CURVE('',#3368,#3368,#3370,.T.);
#3368 = VERTEX_POINT('',#3369);
#3369 = CARTESIAN_POINT('',(74.5,-78.45,1.6));
#3370 = CIRCLE('',#3371,0.95);
#3371 = AXIS2_PLACEMENT_3D('',#3372,#3373,#3374);
#3372 = CARTESIAN_POINT('',(74.5,-77.5,1.6));
#3373 = DIRECTION('',(-0.,0.,-1.));
#3374 = DIRECTION('',(-0.,-1.,0.));
#3375 = FACE_BOUND('',#3376,.T.);
#3376 = EDGE_LOOP('',(#3377));
#3377 = ORIENTED_EDGE('',*,*,#3378,.T.);
#3378 = EDGE_CURVE('',#3379,#3379,#3381,.T.);
#3379 = VERTEX_POINT('',#3380);
#3380 = CARTESIAN_POINT('',(80.,-80.025,1.6));
#3381 = CIRCLE('',#3382,2.525);
#3382 = AXIS2_PLACEMENT_3D('',#3383,#3384,#3385);
#3383 = CARTESIAN_POINT('',(80.,-77.5,1.6));
#3384 = DIRECTION('',(-0.,0.,-1.));
#3385 = DIRECTION('',(-0.,-1.,0.));
#3386 = FACE_BOUND('',#3387,.T.);
#3387 = EDGE_LOOP('',(#3388));
#3388 = ORIENTED_EDGE('',*,*,#3389,.T.);
#3389 = EDGE_CURVE('',#3390,#3390,#3392,.T.);
#3390 = VERTEX_POINT('',#3391);
#3391 = CARTESIAN_POINT('',(57.,-75.875,1.6));
#3392 = CIRCLE('',#3393,0.375);
#3393 = AXIS2_PLACEMENT_3D('',#3394,#3395,#3396);
#3394 = CARTESIAN_POINT('',(57.,-75.5,1.6));
#3395 = DIRECTION('',(-0.,0.,-1.));
#3396 = DIRECTION('',(-0.,-1.,0.));
#3397 = FACE_BOUND('',#3398,.T.);
#3398 = EDGE_LOOP('',(#3399));
#3399 = ORIENTED_EDGE('',*,*,#3400,.T.);
#3400 = EDGE_CURVE('',#3401,#3401,#3403,.T.);
#3401 = VERTEX_POINT('',#3402);
#3402 = CARTESIAN_POINT('',(59.,-75.875,1.6));
#3403 = CIRCLE('',#3404,0.375);
#3404 = AXIS2_PLACEMENT_3D('',#3405,#3406,#3407);
#3405 = CARTESIAN_POINT('',(59.,-75.5,1.6));
#3406 = DIRECTION('',(-0.,0.,-1.));
#3407 = DIRECTION('',(-0.,-1.,0.));
#3408 = FACE_BOUND('',#3409,.T.);
#3409 = EDGE_LOOP('',(#3410));
#3410 = ORIENTED_EDGE('',*,*,#3411,.T.);
#3411 = EDGE_CURVE('',#3412,#3412,#3414,.T.);
#3412 = VERTEX_POINT('',#3413);
#3413 = CARTESIAN_POINT('',(62.96,-75.9064,1.6));
#3414 = CIRCLE('',#3415,0.4064);
#3415 = AXIS2_PLACEMENT_3D('',#3416,#3417,#3418);
#3416 = CARTESIAN_POINT('',(62.96,-75.5,1.6));
#3417 = DIRECTION('',(-0.,0.,-1.));
#3418 = DIRECTION('',(-0.,-1.,0.));
#3419 = FACE_BOUND('',#3420,.T.);
#3420 = EDGE_LOOP('',(#3421));
#3421 = ORIENTED_EDGE('',*,*,#3422,.T.);
#3422 = EDGE_CURVE('',#3423,#3423,#3425,.T.);
#3423 = VERTEX_POINT('',#3424);
#3424 = CARTESIAN_POINT('',(65.5,-75.881,1.6));
#3425 = CIRCLE('',#3426,0.381);
#3426 = AXIS2_PLACEMENT_3D('',#3427,#3428,#3429);
#3427 = CARTESIAN_POINT('',(65.5,-75.5,1.6));
#3428 = DIRECTION('',(-0.,0.,-1.));
#3429 = DIRECTION('',(-0.,-1.,0.));
#3430 = FACE_BOUND('',#3431,.T.);
#3431 = EDGE_LOOP('',(#3432));
#3432 = ORIENTED_EDGE('',*,*,#3433,.T.);
#3433 = EDGE_CURVE('',#3434,#3434,#3436,.T.);
#3434 = VERTEX_POINT('',#3435);
#3435 = CARTESIAN_POINT('',(52.38,-69.0264,1.6));
#3436 = CIRCLE('',#3437,0.4064);
#3437 = AXIS2_PLACEMENT_3D('',#3438,#3439,#3440);
#3438 = CARTESIAN_POINT('',(52.38,-68.62,1.6));
#3439 = DIRECTION('',(-0.,0.,-1.));
#3440 = DIRECTION('',(1.748382715945E-14,-1.,-0.));
#3441 = FACE_BOUND('',#3442,.T.);
#3442 = EDGE_LOOP('',(#3443,#3454,#3462,#3471,#3479,#3488,#3497,#3505,
    #3514,#3523));
#3443 = ORIENTED_EDGE('',*,*,#3444,.F.);
#3444 = EDGE_CURVE('',#3445,#3447,#3449,.T.);
#3445 = VERTEX_POINT('',#3446);
#3446 = CARTESIAN_POINT('',(63.953247,-67.910753,1.6));
#3447 = VERTEX_POINT('',#3448);
#3448 = CARTESIAN_POINT('',(63.572247,-68.291753,1.6));
#3449 = CIRCLE('',#3450,0.380992091699);
#3450 = AXIS2_PLACEMENT_3D('',#3451,#3452,#3453);
#3451 = CARTESIAN_POINT('',(63.953239091617,-68.29174509161,1.6));
#3452 = DIRECTION('',(0.,0.,1.));
#3453 = DIRECTION('',(2.075734151478E-05,0.999999999785,-0.));
#3454 = ORIENTED_EDGE('',*,*,#3455,.F.);
#3455 = EDGE_CURVE('',#3456,#3445,#3458,.T.);
#3456 = VERTEX_POINT('',#3457);
#3457 = CARTESIAN_POINT('',(65.604247,-67.910753,1.6));
#3458 = LINE('',#3459,#3460);
#3459 = CARTESIAN_POINT('',(65.604247,-67.910753,1.6));
#3460 = VECTOR('',#3461,1.);
#3461 = DIRECTION('',(-1.,0.,0.));
#3462 = ORIENTED_EDGE('',*,*,#3463,.F.);
#3463 = EDGE_CURVE('',#3464,#3456,#3466,.T.);
#3464 = VERTEX_POINT('',#3465);
#3465 = CARTESIAN_POINT('',(65.985247,-68.291753,1.6));
#3466 = CIRCLE('',#3467,0.380995505729);
#3467 = AXIS2_PLACEMENT_3D('',#3468,#3469,#3470);
#3468 = CARTESIAN_POINT('',(65.604251494297,-68.2917485057,1.6));
#3469 = DIRECTION('',(0.,0.,1.));
#3470 = DIRECTION('',(0.99999999993,-1.179619483088E-05,0.));
#3471 = ORIENTED_EDGE('',*,*,#3472,.F.);
#3472 = EDGE_CURVE('',#3473,#3464,#3475,.T.);
#3473 = VERTEX_POINT('',#3474);
#3474 = CARTESIAN_POINT('',(65.985247,-69.89132606571,1.6));
#3475 = LINE('',#3476,#3477);
#3476 = CARTESIAN_POINT('',(65.985247,-69.891953,1.6));
#3477 = VECTOR('',#3478,1.);
#3478 = DIRECTION('',(0.,1.,0.));
#3479 = ORIENTED_EDGE('',*,*,#3480,.T.);
#3480 = EDGE_CURVE('',#3473,#3481,#3483,.T.);
#3481 = VERTEX_POINT('',#3482);
#3482 = CARTESIAN_POINT('',(65.715,-70.812,1.6));
#3483 = CIRCLE('',#3484,0.5);
#3484 = AXIS2_PLACEMENT_3D('',#3485,#3486,#3487);
#3485 = CARTESIAN_POINT('',(65.715,-70.312,1.6));
#3486 = DIRECTION('',(-0.,0.,-1.));
#3487 = DIRECTION('',(-0.,-1.,0.));
#3488 = ORIENTED_EDGE('',*,*,#3489,.T.);
#3489 = EDGE_CURVE('',#3481,#3490,#3492,.T.);
#3490 = VERTEX_POINT('',#3491);
#3491 = CARTESIAN_POINT('',(65.291472736424,-70.577753,1.6));
#3492 = CIRCLE('',#3493,0.5);
#3493 = AXIS2_PLACEMENT_3D('',#3494,#3495,#3496);
#3494 = CARTESIAN_POINT('',(65.715,-70.312,1.6));
#3495 = DIRECTION('',(-0.,0.,-1.));
#3496 = DIRECTION('',(-0.,-1.,0.));
#3497 = ORIENTED_EDGE('',*,*,#3498,.F.);
#3498 = EDGE_CURVE('',#3499,#3490,#3501,.T.);
#3499 = VERTEX_POINT('',#3500);
#3500 = CARTESIAN_POINT('',(64.258927263574,-70.577753,1.6));
#3501 = LINE('',#3502,#3503);
#3502 = CARTESIAN_POINT('',(64.258047,-70.577753,1.6));
#3503 = VECTOR('',#3504,1.);
#3504 = DIRECTION('',(1.,0.,0.));
#3505 = ORIENTED_EDGE('',*,*,#3506,.T.);
#3506 = EDGE_CURVE('',#3499,#3507,#3509,.T.);
#3507 = VERTEX_POINT('',#3508);
#3508 = CARTESIAN_POINT('',(63.8354,-70.812,1.6));
#3509 = CIRCLE('',#3510,0.5);
#3510 = AXIS2_PLACEMENT_3D('',#3511,#3512,#3513);
#3511 = CARTESIAN_POINT('',(63.8354,-70.312,1.6));
#3512 = DIRECTION('',(-0.,0.,-1.));
#3513 = DIRECTION('',(-1.42108547152E-14,-1.,0.));
#3514 = ORIENTED_EDGE('',*,*,#3515,.T.);
#3515 = EDGE_CURVE('',#3507,#3516,#3518,.T.);
#3516 = VERTEX_POINT('',#3517);
#3517 = CARTESIAN_POINT('',(63.572247,-69.88685238023,1.6));
#3518 = CIRCLE('',#3519,0.5);
#3519 = AXIS2_PLACEMENT_3D('',#3520,#3521,#3522);
#3520 = CARTESIAN_POINT('',(63.8354,-70.312,1.6));
#3521 = DIRECTION('',(-0.,0.,-1.));
#3522 = DIRECTION('',(-1.42108547152E-14,-1.,0.));
#3523 = ORIENTED_EDGE('',*,*,#3524,.F.);
#3524 = EDGE_CURVE('',#3447,#3516,#3525,.T.);
#3525 = LINE('',#3526,#3527);
#3526 = CARTESIAN_POINT('',(63.572247,-68.291753,1.6));
#3527 = VECTOR('',#3528,1.);
#3528 = DIRECTION('',(0.,-1.,0.));
#3529 = FACE_BOUND('',#3530,.T.);
#3530 = EDGE_LOOP('',(#3531));
#3531 = ORIENTED_EDGE('',*,*,#3532,.T.);
#3532 = EDGE_CURVE('',#3533,#3533,#3535,.T.);
#3533 = VERTEX_POINT('',#3534);
#3534 = CARTESIAN_POINT('',(68.04,-75.9064,1.6));
#3535 = CIRCLE('',#3536,0.4064);
#3536 = AXIS2_PLACEMENT_3D('',#3537,#3538,#3539);
#3537 = CARTESIAN_POINT('',(68.04,-75.5,1.6));
#3538 = DIRECTION('',(-0.,0.,-1.));
#3539 = DIRECTION('',(3.49676543189E-14,-1.,-0.));
#3540 = FACE_BOUND('',#3541,.T.);
#3541 = EDGE_LOOP('',(#3542));
#3542 = ORIENTED_EDGE('',*,*,#3543,.T.);
#3543 = EDGE_CURVE('',#3544,#3544,#3546,.T.);
#3544 = VERTEX_POINT('',#3545);
#3545 = CARTESIAN_POINT('',(67.62,-69.0264,1.6));
#3546 = CIRCLE('',#3547,0.4064);
#3547 = AXIS2_PLACEMENT_3D('',#3548,#3549,#3550);
#3548 = CARTESIAN_POINT('',(67.62,-68.62,1.6));
#3549 = DIRECTION('',(-0.,0.,-1.));
#3550 = DIRECTION('',(-0.,-1.,0.));
#3551 = FACE_BOUND('',#3552,.T.);
#3552 = EDGE_LOOP('',(#3553));
#3553 = ORIENTED_EDGE('',*,*,#3554,.T.);
#3554 = EDGE_CURVE('',#3555,#3555,#3557,.T.);
#3555 = VERTEX_POINT('',#3556);
#3556 = CARTESIAN_POINT('',(85.5,-78.45,1.6));
#3557 = CIRCLE('',#3558,0.95);
#3558 = AXIS2_PLACEMENT_3D('',#3559,#3560,#3561);
#3559 = CARTESIAN_POINT('',(85.5,-77.5,1.6));
#3560 = DIRECTION('',(-0.,0.,-1.));
#3561 = DIRECTION('',(-0.,-1.,0.));
#3562 = FACE_BOUND('',#3563,.T.);
#3563 = EDGE_LOOP('',(#3564));
#3564 = ORIENTED_EDGE('',*,*,#3565,.T.);
#3565 = EDGE_CURVE('',#3566,#3566,#3568,.T.);
#3566 = VERTEX_POINT('',#3567);
#3567 = CARTESIAN_POINT('',(93.,-80.825,1.6));
#3568 = CIRCLE('',#3569,1.525);
#3569 = AXIS2_PLACEMENT_3D('',#3570,#3571,#3572);
#3570 = CARTESIAN_POINT('',(93.,-79.3,1.6));
#3571 = DIRECTION('',(-0.,0.,-1.));
#3572 = DIRECTION('',(-0.,-1.,0.));
#3573 = FACE_BOUND('',#3574,.T.);
#3574 = EDGE_LOOP('',(#3575));
#3575 = ORIENTED_EDGE('',*,*,#3576,.T.);
#3576 = EDGE_CURVE('',#3577,#3577,#3579,.T.);
#3577 = VERTEX_POINT('',#3578);
#3578 = CARTESIAN_POINT('',(98.,-82.925,1.6));
#3579 = CIRCLE('',#3580,1.525);
#3580 = AXIS2_PLACEMENT_3D('',#3581,#3582,#3583);
#3581 = CARTESIAN_POINT('',(98.,-81.4,1.6));
#3582 = DIRECTION('',(-0.,0.,-1.));
#3583 = DIRECTION('',(-0.,-1.,0.));
#3584 = FACE_BOUND('',#3585,.T.);
#3585 = EDGE_LOOP('',(#3586));
#3586 = ORIENTED_EDGE('',*,*,#3587,.T.);
#3587 = EDGE_CURVE('',#3588,#3588,#3590,.T.);
#3588 = VERTEX_POINT('',#3589);
#3589 = CARTESIAN_POINT('',(85.,-73.15,1.6));
#3590 = CIRCLE('',#3591,0.8);
#3591 = AXIS2_PLACEMENT_3D('',#3592,#3593,#3594);
#3592 = CARTESIAN_POINT('',(85.,-72.35,1.6));
#3593 = DIRECTION('',(-0.,0.,-1.));
#3594 = DIRECTION('',(-0.,-1.,0.));
#3595 = FACE_BOUND('',#3596,.T.);
#3596 = EDGE_LOOP('',(#3597));
#3597 = ORIENTED_EDGE('',*,*,#3598,.T.);
#3598 = EDGE_CURVE('',#3599,#3599,#3601,.T.);
#3599 = VERTEX_POINT('',#3600);
#3600 = CARTESIAN_POINT('',(92.5,-76.45,1.6));
#3601 = CIRCLE('',#3602,0.95);
#3602 = AXIS2_PLACEMENT_3D('',#3603,#3604,#3605);
#3603 = CARTESIAN_POINT('',(92.5,-75.5,1.6));
#3604 = DIRECTION('',(-0.,0.,-1.));
#3605 = DIRECTION('',(-0.,-1.,0.));
#3606 = FACE_BOUND('',#3607,.T.);
#3607 = EDGE_LOOP('',(#3608));
#3608 = ORIENTED_EDGE('',*,*,#3609,.T.);
#3609 = EDGE_CURVE('',#3610,#3610,#3612,.T.);
#3610 = VERTEX_POINT('',#3611);
#3611 = CARTESIAN_POINT('',(98.,-78.025,1.6));
#3612 = CIRCLE('',#3613,2.525);
#3613 = AXIS2_PLACEMENT_3D('',#3614,#3615,#3616);
#3614 = CARTESIAN_POINT('',(98.,-75.5,1.6));
#3615 = DIRECTION('',(-0.,0.,-1.));
#3616 = DIRECTION('',(-0.,-1.,0.));
#3617 = FACE_BOUND('',#3618,.T.);
#3618 = EDGE_LOOP('',(#3619));
#3619 = ORIENTED_EDGE('',*,*,#3620,.T.);
#3620 = EDGE_CURVE('',#3621,#3621,#3623,.T.);
#3621 = VERTEX_POINT('',#3622);
#3622 = CARTESIAN_POINT('',(103.5,-76.45,1.6));
#3623 = CIRCLE('',#3624,0.95);
#3624 = AXIS2_PLACEMENT_3D('',#3625,#3626,#3627);
#3625 = CARTESIAN_POINT('',(103.5,-75.5,1.6));
#3626 = DIRECTION('',(-0.,0.,-1.));
#3627 = DIRECTION('',(-0.,-1.,0.));
#3628 = FACE_BOUND('',#3629,.T.);
#3629 = EDGE_LOOP('',(#3630));
#3630 = ORIENTED_EDGE('',*,*,#3631,.T.);
#3631 = EDGE_CURVE('',#3632,#3632,#3634,.T.);
#3632 = VERTEX_POINT('',#3633);
#3633 = CARTESIAN_POINT('',(111.,-77.825,1.6));
#3634 = CIRCLE('',#3635,1.525);
#3635 = AXIS2_PLACEMENT_3D('',#3636,#3637,#3638);
#3636 = CARTESIAN_POINT('',(111.,-76.3,1.6));
#3637 = DIRECTION('',(-0.,0.,-1.));
#3638 = DIRECTION('',(-0.,-1.,0.));
#3639 = FACE_BOUND('',#3640,.T.);
#3640 = EDGE_LOOP('',(#3641));
#3641 = ORIENTED_EDGE('',*,*,#3642,.T.);
#3642 = EDGE_CURVE('',#3643,#3643,#3645,.T.);
#3643 = VERTEX_POINT('',#3644);
#3644 = CARTESIAN_POINT('',(110.5,-73.45,1.6));
#3645 = CIRCLE('',#3646,0.95);
#3646 = AXIS2_PLACEMENT_3D('',#3647,#3648,#3649);
#3647 = CARTESIAN_POINT('',(110.5,-72.5,1.6));
#3648 = DIRECTION('',(-0.,0.,-1.));
#3649 = DIRECTION('',(-0.,-1.,0.));
#3650 = FACE_BOUND('',#3651,.T.);
#3651 = EDGE_LOOP('',(#3652));
#3652 = ORIENTED_EDGE('',*,*,#3653,.T.);
#3653 = EDGE_CURVE('',#3654,#3654,#3656,.T.);
#3654 = VERTEX_POINT('',#3655);
#3655 = CARTESIAN_POINT('',(103.,-71.15,1.6));
#3656 = CIRCLE('',#3657,0.8);
#3657 = AXIS2_PLACEMENT_3D('',#3658,#3659,#3660);
#3658 = CARTESIAN_POINT('',(103.,-70.35,1.6));
#3659 = DIRECTION('',(-0.,0.,-1.));
#3660 = DIRECTION('',(-0.,-1.,0.));
#3661 = FACE_BOUND('',#3662,.T.);
#3662 = EDGE_LOOP('',(#3663));
#3663 = ORIENTED_EDGE('',*,*,#3664,.T.);
#3664 = EDGE_CURVE('',#3665,#3665,#3667,.T.);
#3665 = VERTEX_POINT('',#3666);
#3666 = CARTESIAN_POINT('',(52.38,-66.4864,1.6));
#3667 = CIRCLE('',#3668,0.4064);
#3668 = AXIS2_PLACEMENT_3D('',#3669,#3670,#3671);
#3669 = CARTESIAN_POINT('',(52.38,-66.08,1.6));
#3670 = DIRECTION('',(-0.,0.,-1.));
#3671 = DIRECTION('',(1.748382715945E-14,-1.,-0.));
#3672 = FACE_BOUND('',#3673,.T.);
#3673 = EDGE_LOOP('',(#3674));
#3674 = ORIENTED_EDGE('',*,*,#3675,.T.);
#3675 = EDGE_CURVE('',#3676,#3676,#3678,.T.);
#3676 = VERTEX_POINT('',#3677);
#3677 = CARTESIAN_POINT('',(52.38,-63.9464,1.6));
#3678 = CIRCLE('',#3679,0.4064);
#3679 = AXIS2_PLACEMENT_3D('',#3680,#3681,#3682);
#3680 = CARTESIAN_POINT('',(52.38,-63.54,1.6));
#3681 = DIRECTION('',(-0.,0.,-1.));
#3682 = DIRECTION('',(1.748382715945E-14,-1.,-0.));
#3683 = FACE_BOUND('',#3684,.T.);
#3684 = EDGE_LOOP('',(#3685));
#3685 = ORIENTED_EDGE('',*,*,#3686,.T.);
#3686 = EDGE_CURVE('',#3687,#3687,#3689,.T.);
#3687 = VERTEX_POINT('',#3688);
#3688 = CARTESIAN_POINT('',(52.38,-61.4064,1.6));
#3689 = CIRCLE('',#3690,0.4064);
#3690 = AXIS2_PLACEMENT_3D('',#3691,#3692,#3693);
#3691 = CARTESIAN_POINT('',(52.38,-61.,1.6));
#3692 = DIRECTION('',(-0.,0.,-1.));
#3693 = DIRECTION('',(1.748382715945E-14,-1.,-0.));
#3694 = FACE_BOUND('',#3695,.T.);
#3695 = EDGE_LOOP('',(#3696));
#3696 = ORIENTED_EDGE('',*,*,#3697,.T.);
#3697 = EDGE_CURVE('',#3698,#3698,#3700,.T.);
#3698 = VERTEX_POINT('',#3699);
#3699 = CARTESIAN_POINT('',(52.38,-58.8664,1.6));
#3700 = CIRCLE('',#3701,0.4064);
#3701 = AXIS2_PLACEMENT_3D('',#3702,#3703,#3704);
#3702 = CARTESIAN_POINT('',(52.38,-58.46,1.6));
#3703 = DIRECTION('',(-0.,0.,-1.));
#3704 = DIRECTION('',(1.748382715945E-14,-1.,-0.));
#3705 = FACE_BOUND('',#3706,.T.);
#3706 = EDGE_LOOP('',(#3707,#3718,#3727,#3735,#3744,#3752,#3761,#3769,
    #3778,#3787,#3796));
#3707 = ORIENTED_EDGE('',*,*,#3708,.F.);
#3708 = EDGE_CURVE('',#3709,#3711,#3713,.T.);
#3709 = VERTEX_POINT('',#3710);
#3710 = CARTESIAN_POINT('',(55.400622295303,-59.25357073531,1.6));
#3711 = VERTEX_POINT('',#3712);
#3712 = CARTESIAN_POINT('',(55.292247,-59.208047,1.6));
#3713 = CIRCLE('',#3714,0.503256025803);
#3714 = AXIS2_PLACEMENT_3D('',#3715,#3716,#3717);
#3715 = CARTESIAN_POINT('',(55.540000251482,-58.77000025148,1.6));
#3716 = DIRECTION('',(0.,0.,-1.));
#3717 = DIRECTION('',(0.870425242935,0.492300615946,0.));
#3718 = ORIENTED_EDGE('',*,*,#3719,.T.);
#3719 = EDGE_CURVE('',#3709,#3720,#3722,.T.);
#3720 = VERTEX_POINT('',#3721);
#3721 = CARTESIAN_POINT('',(55.984639852654,-58.522247,1.6));
#3722 = CIRCLE('',#3723,0.5);
#3723 = AXIS2_PLACEMENT_3D('',#3724,#3725,#3726);
#3724 = CARTESIAN_POINT('',(55.555,-58.778,1.6));
#3725 = DIRECTION('',(-0.,0.,-1.));
#3726 = DIRECTION('',(-0.,-1.,0.));
#3727 = ORIENTED_EDGE('',*,*,#3728,.F.);
#3728 = EDGE_CURVE('',#3729,#3720,#3731,.T.);
#3729 = VERTEX_POINT('',#3730);
#3730 = CARTESIAN_POINT('',(57.578247,-58.522247,1.6));
#3731 = LINE('',#3732,#3733);
#3732 = CARTESIAN_POINT('',(57.578247,-58.522247,1.6));
#3733 = VECTOR('',#3734,1.);
#3734 = DIRECTION('',(-1.,0.,0.));
#3735 = ORIENTED_EDGE('',*,*,#3736,.F.);
#3736 = EDGE_CURVE('',#3737,#3729,#3739,.T.);
#3737 = VERTEX_POINT('',#3738);
#3738 = CARTESIAN_POINT('',(57.959247,-58.903247,1.6));
#3739 = CIRCLE('',#3740,0.380992091699);
#3740 = AXIS2_PLACEMENT_3D('',#3741,#3742,#3743);
#3741 = CARTESIAN_POINT('',(57.578254908383,-58.90323909161,1.6));
#3742 = DIRECTION('',(0.,0.,1.));
#3743 = DIRECTION('',(0.999999999785,-2.075734157073E-05,0.));
#3744 = ORIENTED_EDGE('',*,*,#3745,.F.);
#3745 = EDGE_CURVE('',#3746,#3737,#3748,.T.);
#3746 = VERTEX_POINT('',#3747);
#3747 = CARTESIAN_POINT('',(57.959247,-60.554247,1.6));
#3748 = LINE('',#3749,#3750);
#3749 = CARTESIAN_POINT('',(57.959247,-60.554247,1.6));
#3750 = VECTOR('',#3751,1.);
#3751 = DIRECTION('',(0.,1.,0.));
#3752 = ORIENTED_EDGE('',*,*,#3753,.F.);
#3753 = EDGE_CURVE('',#3754,#3746,#3756,.T.);
#3754 = VERTEX_POINT('',#3755);
#3755 = CARTESIAN_POINT('',(57.578247,-60.935247,1.6));
#3756 = CIRCLE('',#3757,0.380995505729);
#3757 = AXIS2_PLACEMENT_3D('',#3758,#3759,#3760);
#3758 = CARTESIAN_POINT('',(57.578251494297,-60.55425149429,1.6));
#3759 = DIRECTION('',(0.,0.,1.));
#3760 = DIRECTION('',(-1.179619490548E-05,-0.99999999993,0.));
#3761 = ORIENTED_EDGE('',*,*,#3762,.F.);
#3762 = EDGE_CURVE('',#3763,#3754,#3765,.T.);
#3763 = VERTEX_POINT('',#3764);
#3764 = CARTESIAN_POINT('',(55.98670759895,-60.935247,1.6));
#3765 = LINE('',#3766,#3767);
#3766 = CARTESIAN_POINT('',(55.978047,-60.935247,1.6));
#3767 = VECTOR('',#3768,1.);
#3768 = DIRECTION('',(1.,0.,0.));
#3769 = ORIENTED_EDGE('',*,*,#3770,.T.);
#3770 = EDGE_CURVE('',#3763,#3771,#3773,.T.);
#3771 = VERTEX_POINT('',#3772);
#3772 = CARTESIAN_POINT('',(55.555,-61.183,1.6));
#3773 = CIRCLE('',#3774,0.5);
#3774 = AXIS2_PLACEMENT_3D('',#3775,#3776,#3777);
#3775 = CARTESIAN_POINT('',(55.555,-60.683,1.6));
#3776 = DIRECTION('',(-0.,0.,-1.));
#3777 = DIRECTION('',(-0.,-1.,0.));
#3778 = ORIENTED_EDGE('',*,*,#3779,.T.);
#3779 = EDGE_CURVE('',#3771,#3780,#3782,.T.);
#3780 = VERTEX_POINT('',#3781);
#3781 = CARTESIAN_POINT('',(55.50661268491,-60.18534683992,1.6));
#3782 = CIRCLE('',#3783,0.5);
#3783 = AXIS2_PLACEMENT_3D('',#3784,#3785,#3786);
#3784 = CARTESIAN_POINT('',(55.555,-60.683,1.6));
#3785 = DIRECTION('',(-0.,0.,-1.));
#3786 = DIRECTION('',(-0.,-1.,0.));
#3787 = ORIENTED_EDGE('',*,*,#3788,.F.);
#3788 = EDGE_CURVE('',#3789,#3780,#3791,.T.);
#3789 = VERTEX_POINT('',#3790);
#3790 = CARTESIAN_POINT('',(55.292247,-60.249447,1.6));
#3791 = CIRCLE('',#3792,0.503256283864);
#3792 = AXIS2_PLACEMENT_3D('',#3793,#3794,#3795);
#3793 = CARTESIAN_POINT('',(55.539999569008,-60.68749443099,1.6));
#3794 = DIRECTION('',(0.,0.,-1.));
#3795 = DIRECTION('',(-0.492299007388,0.870426152712,0.));
#3796 = ORIENTED_EDGE('',*,*,#3797,.F.);
#3797 = EDGE_CURVE('',#3711,#3789,#3798,.T.);
#3798 = LINE('',#3799,#3800);
#3799 = CARTESIAN_POINT('',(55.292247,-59.208047,1.6));
#3800 = VECTOR('',#3801,1.);
#3801 = DIRECTION('',(0.,-1.,0.));
#3802 = FACE_BOUND('',#3803,.T.);
#3803 = EDGE_LOOP('',(#3804));
#3804 = ORIENTED_EDGE('',*,*,#3805,.T.);
#3805 = EDGE_CURVE('',#3806,#3806,#3808,.T.);
#3806 = VERTEX_POINT('',#3807);
#3807 = CARTESIAN_POINT('',(67.62,-66.4864,1.6));
#3808 = CIRCLE('',#3809,0.4064);
#3809 = AXIS2_PLACEMENT_3D('',#3810,#3811,#3812);
#3810 = CARTESIAN_POINT('',(67.62,-66.08,1.6));
#3811 = DIRECTION('',(-0.,0.,-1.));
#3812 = DIRECTION('',(-0.,-1.,0.));
#3813 = FACE_BOUND('',#3814,.T.);
#3814 = EDGE_LOOP('',(#3815));
#3815 = ORIENTED_EDGE('',*,*,#3816,.T.);
#3816 = EDGE_CURVE('',#3817,#3817,#3819,.T.);
#3817 = VERTEX_POINT('',#3818);
#3818 = CARTESIAN_POINT('',(67.62,-63.9464,1.6));
#3819 = CIRCLE('',#3820,0.4064);
#3820 = AXIS2_PLACEMENT_3D('',#3821,#3822,#3823);
#3821 = CARTESIAN_POINT('',(67.62,-63.54,1.6));
#3822 = DIRECTION('',(-0.,0.,-1.));
#3823 = DIRECTION('',(-0.,-1.,0.));
#3824 = FACE_BOUND('',#3825,.T.);
#3825 = EDGE_LOOP('',(#3826));
#3826 = ORIENTED_EDGE('',*,*,#3827,.T.);
#3827 = EDGE_CURVE('',#3828,#3828,#3830,.T.);
#3828 = VERTEX_POINT('',#3829);
#3829 = CARTESIAN_POINT('',(80.,-67.925,1.6));
#3830 = CIRCLE('',#3831,1.525);
#3831 = AXIS2_PLACEMENT_3D('',#3832,#3833,#3834);
#3832 = CARTESIAN_POINT('',(80.,-66.4,1.6));
#3833 = DIRECTION('',(-0.,0.,-1.));
#3834 = DIRECTION('',(-0.,-1.,0.));
#3835 = FACE_BOUND('',#3836,.T.);
#3836 = EDGE_LOOP('',(#3837));
#3837 = ORIENTED_EDGE('',*,*,#3838,.T.);
#3838 = EDGE_CURVE('',#3839,#3839,#3841,.T.);
#3839 = VERTEX_POINT('',#3840);
#3840 = CARTESIAN_POINT('',(75.,-65.825,1.6));
#3841 = CIRCLE('',#3842,1.525);
#3842 = AXIS2_PLACEMENT_3D('',#3843,#3844,#3845);
#3843 = CARTESIAN_POINT('',(75.,-64.3,1.6));
#3844 = DIRECTION('',(-0.,0.,-1.));
#3845 = DIRECTION('',(-0.,-1.,0.));
#3846 = FACE_BOUND('',#3847,.T.);
#3847 = EDGE_LOOP('',(#3848));
#3848 = ORIENTED_EDGE('',*,*,#3849,.T.);
#3849 = EDGE_CURVE('',#3850,#3850,#3852,.T.);
#3850 = VERTEX_POINT('',#3851);
#3851 = CARTESIAN_POINT('',(67.62,-61.4064,1.6));
#3852 = CIRCLE('',#3853,0.4064);
#3853 = AXIS2_PLACEMENT_3D('',#3854,#3855,#3856);
#3854 = CARTESIAN_POINT('',(67.62,-61.,1.6));
#3855 = DIRECTION('',(-0.,0.,-1.));
#3856 = DIRECTION('',(-0.,-1.,0.));
#3857 = FACE_BOUND('',#3858,.T.);
#3858 = EDGE_LOOP('',(#3859));
#3859 = ORIENTED_EDGE('',*,*,#3860,.T.);
#3860 = EDGE_CURVE('',#3861,#3861,#3863,.T.);
#3861 = VERTEX_POINT('',#3862);
#3862 = CARTESIAN_POINT('',(67.62,-58.8664,1.6));
#3863 = CIRCLE('',#3864,0.4064);
#3864 = AXIS2_PLACEMENT_3D('',#3865,#3866,#3867);
#3865 = CARTESIAN_POINT('',(67.62,-58.46,1.6));
#3866 = DIRECTION('',(-0.,0.,-1.));
#3867 = DIRECTION('',(-0.,-1.,0.));
#3868 = FACE_BOUND('',#3869,.T.);
#3869 = EDGE_LOOP('',(#3870));
#3870 = ORIENTED_EDGE('',*,*,#3871,.T.);
#3871 = EDGE_CURVE('',#3872,#3872,#3874,.T.);
#3872 = VERTEX_POINT('',#3873);
#3873 = CARTESIAN_POINT('',(74.5,-61.45,1.6));
#3874 = CIRCLE('',#3875,0.95);
#3875 = AXIS2_PLACEMENT_3D('',#3876,#3877,#3878);
#3876 = CARTESIAN_POINT('',(74.5,-60.5,1.6));
#3877 = DIRECTION('',(-0.,0.,-1.));
#3878 = DIRECTION('',(-0.,-1.,0.));
#3879 = FACE_BOUND('',#3880,.T.);
#3880 = EDGE_LOOP('',(#3881));
#3881 = ORIENTED_EDGE('',*,*,#3882,.T.);
#3882 = EDGE_CURVE('',#3883,#3883,#3885,.T.);
#3883 = VERTEX_POINT('',#3884);
#3884 = CARTESIAN_POINT('',(80.,-63.025,1.6));
#3885 = CIRCLE('',#3886,2.525);
#3886 = AXIS2_PLACEMENT_3D('',#3887,#3888,#3889);
#3887 = CARTESIAN_POINT('',(80.,-60.5,1.6));
#3888 = DIRECTION('',(-0.,0.,-1.));
#3889 = DIRECTION('',(-0.,-1.,0.));
#3890 = FACE_BOUND('',#3891,.T.);
#3891 = EDGE_LOOP('',(#3892));
#3892 = ORIENTED_EDGE('',*,*,#3893,.T.);
#3893 = EDGE_CURVE('',#3894,#3894,#3896,.T.);
#3894 = VERTEX_POINT('',#3895);
#3895 = CARTESIAN_POINT('',(52.38,-56.3264,1.6));
#3896 = CIRCLE('',#3897,0.4064);
#3897 = AXIS2_PLACEMENT_3D('',#3898,#3899,#3900);
#3898 = CARTESIAN_POINT('',(52.38,-55.92,1.6));
#3899 = DIRECTION('',(-0.,0.,-1.));
#3900 = DIRECTION('',(1.748382715945E-14,-1.,-0.));
#3901 = FACE_BOUND('',#3902,.T.);
#3902 = EDGE_LOOP('',(#3903));
#3903 = ORIENTED_EDGE('',*,*,#3904,.T.);
#3904 = EDGE_CURVE('',#3905,#3905,#3907,.T.);
#3905 = VERTEX_POINT('',#3906);
#3906 = CARTESIAN_POINT('',(52.38,-53.7864,1.6));
#3907 = CIRCLE('',#3908,0.4064);
#3908 = AXIS2_PLACEMENT_3D('',#3909,#3910,#3911);
#3909 = CARTESIAN_POINT('',(52.38,-53.38,1.6));
#3910 = DIRECTION('',(-0.,0.,-1.));
#3911 = DIRECTION('',(1.748382715945E-14,-1.,-0.));
#3912 = FACE_BOUND('',#3913,.T.);
#3913 = EDGE_LOOP('',(#3914));
#3914 = ORIENTED_EDGE('',*,*,#3915,.T.);
#3915 = EDGE_CURVE('',#3916,#3916,#3918,.T.);
#3916 = VERTEX_POINT('',#3917);
#3917 = CARTESIAN_POINT('',(67.62,-56.3264,1.6));
#3918 = CIRCLE('',#3919,0.4064);
#3919 = AXIS2_PLACEMENT_3D('',#3920,#3921,#3922);
#3920 = CARTESIAN_POINT('',(67.62,-55.92,1.6));
#3921 = DIRECTION('',(-0.,0.,-1.));
#3922 = DIRECTION('',(-0.,-1.,0.));
#3923 = FACE_BOUND('',#3924,.T.);
#3924 = EDGE_LOOP('',(#3925));
#3925 = ORIENTED_EDGE('',*,*,#3926,.T.);
#3926 = EDGE_CURVE('',#3927,#3927,#3929,.T.);
#3927 = VERTEX_POINT('',#3928);
#3928 = CARTESIAN_POINT('',(67.62,-53.7864,1.6));
#3929 = CIRCLE('',#3930,0.4064);
#3930 = AXIS2_PLACEMENT_3D('',#3931,#3932,#3933);
#3931 = CARTESIAN_POINT('',(67.62,-53.38,1.6));
#3932 = DIRECTION('',(-0.,0.,-1.));
#3933 = DIRECTION('',(-0.,-1.,0.));
#3934 = FACE_BOUND('',#3935,.T.);
#3935 = EDGE_LOOP('',(#3936));
#3936 = ORIENTED_EDGE('',*,*,#3937,.T.);
#3937 = EDGE_CURVE('',#3938,#3938,#3940,.T.);
#3938 = VERTEX_POINT('',#3939);
#3939 = CARTESIAN_POINT('',(85.5,-61.45,1.6));
#3940 = CIRCLE('',#3941,0.95);
#3941 = AXIS2_PLACEMENT_3D('',#3942,#3943,#3944);
#3942 = CARTESIAN_POINT('',(85.5,-60.5,1.6));
#3943 = DIRECTION('',(-0.,0.,-1.));
#3944 = DIRECTION('',(-0.,-1.,0.));
#3945 = FACE_BOUND('',#3946,.T.);
#3946 = EDGE_LOOP('',(#3947));
#3947 = ORIENTED_EDGE('',*,*,#3948,.T.);
#3948 = EDGE_CURVE('',#3949,#3949,#3951,.T.);
#3949 = VERTEX_POINT('',#3950);
#3950 = CARTESIAN_POINT('',(93.,-63.825,1.6));
#3951 = CIRCLE('',#3952,1.525);
#3952 = AXIS2_PLACEMENT_3D('',#3953,#3954,#3955);
#3953 = CARTESIAN_POINT('',(93.,-62.3,1.6));
#3954 = DIRECTION('',(-0.,0.,-1.));
#3955 = DIRECTION('',(-0.,-1.,0.));
#3956 = FACE_BOUND('',#3957,.T.);
#3957 = EDGE_LOOP('',(#3958));
#3958 = ORIENTED_EDGE('',*,*,#3959,.T.);
#3959 = EDGE_CURVE('',#3960,#3960,#3962,.T.);
#3960 = VERTEX_POINT('',#3961);
#3961 = CARTESIAN_POINT('',(92.5,-59.45,1.6));
#3962 = CIRCLE('',#3963,0.95);
#3963 = AXIS2_PLACEMENT_3D('',#3964,#3965,#3966);
#3964 = CARTESIAN_POINT('',(92.5,-58.5,1.6));
#3965 = DIRECTION('',(-0.,0.,-1.));
#3966 = DIRECTION('',(-0.,-1.,0.));
#3967 = FACE_BOUND('',#3968,.T.);
#3968 = EDGE_LOOP('',(#3969));
#3969 = ORIENTED_EDGE('',*,*,#3970,.T.);
#3970 = EDGE_CURVE('',#3971,#3971,#3973,.T.);
#3971 = VERTEX_POINT('',#3972);
#3972 = CARTESIAN_POINT('',(98.,-65.925,1.6));
#3973 = CIRCLE('',#3974,1.525);
#3974 = AXIS2_PLACEMENT_3D('',#3975,#3976,#3977);
#3975 = CARTESIAN_POINT('',(98.,-64.4,1.6));
#3976 = DIRECTION('',(-0.,0.,-1.));
#3977 = DIRECTION('',(-0.,-1.,0.));
#3978 = FACE_BOUND('',#3979,.T.);
#3979 = EDGE_LOOP('',(#3980));
#3980 = ORIENTED_EDGE('',*,*,#3981,.T.);
#3981 = EDGE_CURVE('',#3982,#3982,#3984,.T.);
#3982 = VERTEX_POINT('',#3983);
#3983 = CARTESIAN_POINT('',(98.,-61.025,1.6));
#3984 = CIRCLE('',#3985,2.525);
#3985 = AXIS2_PLACEMENT_3D('',#3986,#3987,#3988);
#3986 = CARTESIAN_POINT('',(98.,-58.5,1.6));
#3987 = DIRECTION('',(-0.,0.,-1.));
#3988 = DIRECTION('',(-0.,-1.,0.));
#3989 = FACE_BOUND('',#3990,.T.);
#3990 = EDGE_LOOP('',(#3991));
#3991 = ORIENTED_EDGE('',*,*,#3992,.T.);
#3992 = EDGE_CURVE('',#3993,#3993,#3995,.T.);
#3993 = VERTEX_POINT('',#3994);
#3994 = CARTESIAN_POINT('',(103.5,-59.45,1.6));
#3995 = CIRCLE('',#3996,0.95);
#3996 = AXIS2_PLACEMENT_3D('',#3997,#3998,#3999);
#3997 = CARTESIAN_POINT('',(103.5,-58.5,1.6));
#3998 = DIRECTION('',(-0.,0.,-1.));
#3999 = DIRECTION('',(-0.,-1.,0.));
#4000 = FACE_BOUND('',#4001,.T.);
#4001 = EDGE_LOOP('',(#4002));
#4002 = ORIENTED_EDGE('',*,*,#4003,.T.);
#4003 = EDGE_CURVE('',#4004,#4004,#4006,.T.);
#4004 = VERTEX_POINT('',#4005);
#4005 = CARTESIAN_POINT('',(111.,-60.825,1.6));
#4006 = CIRCLE('',#4007,1.525);
#4007 = AXIS2_PLACEMENT_3D('',#4008,#4009,#4010);
#4008 = CARTESIAN_POINT('',(111.,-59.3,1.6));
#4009 = DIRECTION('',(-0.,0.,-1.));
#4010 = DIRECTION('',(-0.,-1.,0.));
#4011 = FACE_BOUND('',#4012,.T.);
#4012 = EDGE_LOOP('',(#4013));
#4013 = ORIENTED_EDGE('',*,*,#4014,.T.);
#4014 = EDGE_CURVE('',#4015,#4015,#4017,.T.);
#4015 = VERTEX_POINT('',#4016);
#4016 = CARTESIAN_POINT('',(85.,-56.15,1.6));
#4017 = CIRCLE('',#4018,0.8);
#4018 = AXIS2_PLACEMENT_3D('',#4019,#4020,#4021);
#4019 = CARTESIAN_POINT('',(85.,-55.35,1.6));
#4020 = DIRECTION('',(-0.,0.,-1.));
#4021 = DIRECTION('',(-0.,-1.,0.));
#4022 = FACE_BOUND('',#4023,.T.);
#4023 = EDGE_LOOP('',(#4024));
#4024 = ORIENTED_EDGE('',*,*,#4025,.T.);
#4025 = EDGE_CURVE('',#4026,#4026,#4028,.T.);
#4026 = VERTEX_POINT('',#4027);
#4027 = CARTESIAN_POINT('',(88.,-52.9,1.6));
#4028 = CIRCLE('',#4029,2.15);
#4029 = AXIS2_PLACEMENT_3D('',#4030,#4031,#4032);
#4030 = CARTESIAN_POINT('',(88.,-50.75,1.6));
#4031 = DIRECTION('',(-0.,0.,-1.));
#4032 = DIRECTION('',(-0.,-1.,0.));
#4033 = FACE_BOUND('',#4034,.T.);
#4034 = EDGE_LOOP('',(#4035));
#4035 = ORIENTED_EDGE('',*,*,#4036,.T.);
#4036 = EDGE_CURVE('',#4037,#4037,#4039,.T.);
#4037 = VERTEX_POINT('',#4038);
#4038 = CARTESIAN_POINT('',(103.,-54.15,1.6));
#4039 = CIRCLE('',#4040,0.8);
#4040 = AXIS2_PLACEMENT_3D('',#4041,#4042,#4043);
#4041 = CARTESIAN_POINT('',(103.,-53.35,1.6));
#4042 = DIRECTION('',(-0.,0.,-1.));
#4043 = DIRECTION('',(-0.,-1.,0.));
#4044 = FACE_BOUND('',#4045,.T.);
#4045 = EDGE_LOOP('',(#4046));
#4046 = ORIENTED_EDGE('',*,*,#4047,.T.);
#4047 = EDGE_CURVE('',#4048,#4048,#4050,.T.);
#4048 = VERTEX_POINT('',#4049);
#4049 = CARTESIAN_POINT('',(110.5,-56.45,1.6));
#4050 = CIRCLE('',#4051,0.95);
#4051 = AXIS2_PLACEMENT_3D('',#4052,#4053,#4054);
#4052 = CARTESIAN_POINT('',(110.5,-55.5,1.6));
#4053 = DIRECTION('',(-0.,0.,-1.));
#4054 = DIRECTION('',(-0.,-1.,0.));
#4055 = FACE_BOUND('',#4056,.T.);
#4056 = EDGE_LOOP('',(#4057));
#4057 = ORIENTED_EDGE('',*,*,#4058,.T.);
#4058 = EDGE_CURVE('',#4059,#4059,#4061,.T.);
#4059 = VERTEX_POINT('',#4060);
#4060 = CARTESIAN_POINT('',(121.,-85.15,1.6));
#4061 = CIRCLE('',#4062,0.8);
#4062 = AXIS2_PLACEMENT_3D('',#4063,#4064,#4065);
#4063 = CARTESIAN_POINT('',(121.,-84.35,1.6));
#4064 = DIRECTION('',(-0.,0.,-1.));
#4065 = DIRECTION('',(-0.,-1.,0.));
#4066 = FACE_BOUND('',#4067,.T.);
#4067 = EDGE_LOOP('',(#4068));
#4068 = ORIENTED_EDGE('',*,*,#4069,.T.);
#4069 = EDGE_CURVE('',#4070,#4070,#4072,.T.);
#4070 = VERTEX_POINT('',#4071);
#4071 = CARTESIAN_POINT('',(116.,-79.925,1.6));
#4072 = CIRCLE('',#4073,1.525);
#4073 = AXIS2_PLACEMENT_3D('',#4074,#4075,#4076);
#4074 = CARTESIAN_POINT('',(116.,-78.4,1.6));
#4075 = DIRECTION('',(-0.,0.,-1.));
#4076 = DIRECTION('',(-0.,-1.,0.));
#4077 = FACE_BOUND('',#4078,.T.);
#4078 = EDGE_LOOP('',(#4079));
#4079 = ORIENTED_EDGE('',*,*,#4080,.T.);
#4080 = EDGE_CURVE('',#4081,#4081,#4083,.T.);
#4081 = VERTEX_POINT('',#4082);
#4082 = CARTESIAN_POINT('',(129.,-78.825,1.6));
#4083 = CIRCLE('',#4084,1.525);
#4084 = AXIS2_PLACEMENT_3D('',#4085,#4086,#4087);
#4085 = CARTESIAN_POINT('',(129.,-77.3,1.6));
#4086 = DIRECTION('',(-0.,0.,-1.));
#4087 = DIRECTION('',(-0.,-1.,0.));
#4088 = FACE_BOUND('',#4089,.T.);
#4089 = EDGE_LOOP('',(#4090));
#4090 = ORIENTED_EDGE('',*,*,#4091,.T.);
#4091 = EDGE_CURVE('',#4092,#4092,#4094,.T.);
#4092 = VERTEX_POINT('',#4093);
#4093 = CARTESIAN_POINT('',(139.,-86.15,1.6));
#4094 = CIRCLE('',#4095,0.8);
#4095 = AXIS2_PLACEMENT_3D('',#4096,#4097,#4098);
#4096 = CARTESIAN_POINT('',(139.,-85.35,1.6));
#4097 = DIRECTION('',(-0.,0.,-1.));
#4098 = DIRECTION('',(-0.,-1.,0.));
#4099 = FACE_BOUND('',#4100,.T.);
#4100 = EDGE_LOOP('',(#4101));
#4101 = ORIENTED_EDGE('',*,*,#4102,.T.);
#4102 = EDGE_CURVE('',#4103,#4103,#4105,.T.);
#4103 = VERTEX_POINT('',#4104);
#4104 = CARTESIAN_POINT('',(134.,-80.925,1.6));
#4105 = CIRCLE('',#4106,1.525);
#4106 = AXIS2_PLACEMENT_3D('',#4107,#4108,#4109);
#4107 = CARTESIAN_POINT('',(134.,-79.4,1.6));
#4108 = DIRECTION('',(-0.,0.,-1.));
#4109 = DIRECTION('',(-0.,-1.,0.));
#4110 = FACE_BOUND('',#4111,.T.);
#4111 = EDGE_LOOP('',(#4112));
#4112 = ORIENTED_EDGE('',*,*,#4113,.T.);
#4113 = EDGE_CURVE('',#4114,#4114,#4116,.T.);
#4114 = VERTEX_POINT('',#4115);
#4115 = CARTESIAN_POINT('',(116.,-75.025,1.6));
#4116 = CIRCLE('',#4117,2.525);
#4117 = AXIS2_PLACEMENT_3D('',#4118,#4119,#4120);
#4118 = CARTESIAN_POINT('',(116.,-72.5,1.6));
#4119 = DIRECTION('',(-0.,0.,-1.));
#4120 = DIRECTION('',(-0.,-1.,0.));
#4121 = FACE_BOUND('',#4122,.T.);
#4122 = EDGE_LOOP('',(#4123));
#4123 = ORIENTED_EDGE('',*,*,#4124,.T.);
#4124 = EDGE_CURVE('',#4125,#4125,#4127,.T.);
#4125 = VERTEX_POINT('',#4126);
#4126 = CARTESIAN_POINT('',(121.5,-73.45,1.6));
#4127 = CIRCLE('',#4128,0.95);
#4128 = AXIS2_PLACEMENT_3D('',#4129,#4130,#4131);
#4129 = CARTESIAN_POINT('',(121.5,-72.5,1.6));
#4130 = DIRECTION('',(-0.,0.,-1.));
#4131 = DIRECTION('',(-0.,-1.,0.));
#4132 = FACE_BOUND('',#4133,.T.);
#4133 = EDGE_LOOP('',(#4134));
#4134 = ORIENTED_EDGE('',*,*,#4135,.T.);
#4135 = EDGE_CURVE('',#4136,#4136,#4138,.T.);
#4136 = VERTEX_POINT('',#4137);
#4137 = CARTESIAN_POINT('',(128.5,-74.45,1.6));
#4138 = CIRCLE('',#4139,0.95);
#4139 = AXIS2_PLACEMENT_3D('',#4140,#4141,#4142);
#4140 = CARTESIAN_POINT('',(128.5,-73.5,1.6));
#4141 = DIRECTION('',(-0.,0.,-1.));
#4142 = DIRECTION('',(-0.,-1.,0.));
#4143 = FACE_BOUND('',#4144,.T.);
#4144 = EDGE_LOOP('',(#4145));
#4145 = ORIENTED_EDGE('',*,*,#4146,.T.);
#4146 = EDGE_CURVE('',#4147,#4147,#4149,.T.);
#4147 = VERTEX_POINT('',#4148);
#4148 = CARTESIAN_POINT('',(134.,-76.025,1.6));
#4149 = CIRCLE('',#4150,2.525);
#4150 = AXIS2_PLACEMENT_3D('',#4151,#4152,#4153);
#4151 = CARTESIAN_POINT('',(134.,-73.5,1.6));
#4152 = DIRECTION('',(-0.,0.,-1.));
#4153 = DIRECTION('',(-0.,-1.,0.));
#4154 = FACE_BOUND('',#4155,.T.);
#4155 = EDGE_LOOP('',(#4156));
#4156 = ORIENTED_EDGE('',*,*,#4157,.T.);
#4157 = EDGE_CURVE('',#4158,#4158,#4160,.T.);
#4158 = VERTEX_POINT('',#4159);
#4159 = CARTESIAN_POINT('',(139.5,-74.45,1.6));
#4160 = CIRCLE('',#4161,0.95);
#4161 = AXIS2_PLACEMENT_3D('',#4162,#4163,#4164);
#4162 = CARTESIAN_POINT('',(139.5,-73.5,1.6));
#4163 = DIRECTION('',(-0.,0.,-1.));
#4164 = DIRECTION('',(-0.,-1.,0.));
#4165 = FACE_BOUND('',#4166,.T.);
#4166 = EDGE_LOOP('',(#4167));
#4167 = ORIENTED_EDGE('',*,*,#4168,.T.);
#4168 = EDGE_CURVE('',#4169,#4169,#4171,.T.);
#4169 = VERTEX_POINT('',#4170);
#4170 = CARTESIAN_POINT('',(139.,-69.15,1.6));
#4171 = CIRCLE('',#4172,0.8);
#4172 = AXIS2_PLACEMENT_3D('',#4173,#4174,#4175);
#4173 = CARTESIAN_POINT('',(139.,-68.35,1.6));
#4174 = DIRECTION('',(-0.,0.,-1.));
#4175 = DIRECTION('',(-0.,-1.,0.));
#4176 = FACE_BOUND('',#4177,.T.);
#4177 = EDGE_LOOP('',(#4178));
#4178 = ORIENTED_EDGE('',*,*,#4179,.T.);
#4179 = EDGE_CURVE('',#4180,#4180,#4182,.T.);
#4180 = VERTEX_POINT('',#4181);
#4181 = CARTESIAN_POINT('',(146.5,-84.45,1.6));
#4182 = CIRCLE('',#4183,0.95);
#4183 = AXIS2_PLACEMENT_3D('',#4184,#4185,#4186);
#4184 = CARTESIAN_POINT('',(146.5,-83.5,1.6));
#4185 = DIRECTION('',(-0.,0.,-1.));
#4186 = DIRECTION('',(-0.,-1.,0.));
#4187 = FACE_BOUND('',#4188,.T.);
#4188 = EDGE_LOOP('',(#4189));
#4189 = ORIENTED_EDGE('',*,*,#4190,.T.);
#4190 = EDGE_CURVE('',#4191,#4191,#4193,.T.);
#4191 = VERTEX_POINT('',#4192);
#4192 = CARTESIAN_POINT('',(152.,-86.025,1.6));
#4193 = CIRCLE('',#4194,2.525);
#4194 = AXIS2_PLACEMENT_3D('',#4195,#4196,#4197);
#4195 = CARTESIAN_POINT('',(152.,-83.5,1.6));
#4196 = DIRECTION('',(-0.,0.,-1.));
#4197 = DIRECTION('',(-0.,-1.,0.));
#4198 = FACE_BOUND('',#4199,.T.);
#4199 = EDGE_LOOP('',(#4200));
#4200 = ORIENTED_EDGE('',*,*,#4201,.T.);
#4201 = EDGE_CURVE('',#4202,#4202,#4204,.T.);
#4202 = VERTEX_POINT('',#4203);
#4203 = CARTESIAN_POINT('',(157.5,-84.45,1.6));
#4204 = CIRCLE('',#4205,0.95);
#4205 = AXIS2_PLACEMENT_3D('',#4206,#4207,#4208);
#4206 = CARTESIAN_POINT('',(157.5,-83.5,1.6));
#4207 = DIRECTION('',(-0.,0.,-1.));
#4208 = DIRECTION('',(-0.,-1.,0.));
#4209 = FACE_BOUND('',#4210,.T.);
#4210 = EDGE_LOOP('',(#4211));
#4211 = ORIENTED_EDGE('',*,*,#4212,.T.);
#4212 = EDGE_CURVE('',#4213,#4213,#4215,.T.);
#4213 = VERTEX_POINT('',#4214);
#4214 = CARTESIAN_POINT('',(157.,-79.15,1.6));
#4215 = CIRCLE('',#4216,0.8);
#4216 = AXIS2_PLACEMENT_3D('',#4217,#4218,#4219);
#4217 = CARTESIAN_POINT('',(157.,-78.35,1.6));
#4218 = DIRECTION('',(-0.,0.,-1.));
#4219 = DIRECTION('',(-0.,-1.,0.));
#4220 = FACE_BOUND('',#4221,.T.);
#4221 = EDGE_LOOP('',(#4222));
#4222 = ORIENTED_EDGE('',*,*,#4223,.T.);
#4223 = EDGE_CURVE('',#4224,#4224,#4226,.T.);
#4224 = VERTEX_POINT('',#4225);
#4225 = CARTESIAN_POINT('',(165.,-84.825,1.6));
#4226 = CIRCLE('',#4227,1.525);
#4227 = AXIS2_PLACEMENT_3D('',#4228,#4229,#4230);
#4228 = CARTESIAN_POINT('',(165.,-83.3,1.6));
#4229 = DIRECTION('',(-0.,0.,-1.));
#4230 = DIRECTION('',(-0.,-1.,0.));
#4231 = FACE_BOUND('',#4232,.T.);
#4232 = EDGE_LOOP('',(#4233));
#4233 = ORIENTED_EDGE('',*,*,#4234,.T.);
#4234 = EDGE_CURVE('',#4235,#4235,#4237,.T.);
#4235 = VERTEX_POINT('',#4236);
#4236 = CARTESIAN_POINT('',(170.,-86.925,1.6));
#4237 = CIRCLE('',#4238,1.525);
#4238 = AXIS2_PLACEMENT_3D('',#4239,#4240,#4241);
#4239 = CARTESIAN_POINT('',(170.,-85.4,1.6));
#4240 = DIRECTION('',(-0.,0.,-1.));
#4241 = DIRECTION('',(-0.,-1.,0.));
#4242 = FACE_BOUND('',#4243,.T.);
#4243 = EDGE_LOOP('',(#4244));
#4244 = ORIENTED_EDGE('',*,*,#4245,.T.);
#4245 = EDGE_CURVE('',#4246,#4246,#4248,.T.);
#4246 = VERTEX_POINT('',#4247);
#4247 = CARTESIAN_POINT('',(164.5,-80.45,1.6));
#4248 = CIRCLE('',#4249,0.95);
#4249 = AXIS2_PLACEMENT_3D('',#4250,#4251,#4252);
#4250 = CARTESIAN_POINT('',(164.5,-79.5,1.6));
#4251 = DIRECTION('',(-0.,0.,-1.));
#4252 = DIRECTION('',(-0.,-1.,0.));
#4253 = FACE_BOUND('',#4254,.T.);
#4254 = EDGE_LOOP('',(#4255));
#4255 = ORIENTED_EDGE('',*,*,#4256,.T.);
#4256 = EDGE_CURVE('',#4257,#4257,#4259,.T.);
#4257 = VERTEX_POINT('',#4258);
#4258 = CARTESIAN_POINT('',(170.,-82.025,1.6));
#4259 = CIRCLE('',#4260,2.525);
#4260 = AXIS2_PLACEMENT_3D('',#4261,#4262,#4263);
#4261 = CARTESIAN_POINT('',(170.,-79.5,1.6));
#4262 = DIRECTION('',(-0.,0.,-1.));
#4263 = DIRECTION('',(-0.,-1.,0.));
#4264 = FACE_BOUND('',#4265,.T.);
#4265 = EDGE_LOOP('',(#4266));
#4266 = ORIENTED_EDGE('',*,*,#4267,.T.);
#4267 = EDGE_CURVE('',#4268,#4268,#4270,.T.);
#4268 = VERTEX_POINT('',#4269);
#4269 = CARTESIAN_POINT('',(175.5,-80.45,1.6));
#4270 = CIRCLE('',#4271,0.95);
#4271 = AXIS2_PLACEMENT_3D('',#4272,#4273,#4274);
#4272 = CARTESIAN_POINT('',(175.5,-79.5,1.6));
#4273 = DIRECTION('',(-0.,0.,-1.));
#4274 = DIRECTION('',(-0.,-1.,0.));
#4275 = FACE_BOUND('',#4276,.T.);
#4276 = EDGE_LOOP('',(#4277));
#4277 = ORIENTED_EDGE('',*,*,#4278,.T.);
#4278 = EDGE_CURVE('',#4279,#4279,#4281,.T.);
#4279 = VERTEX_POINT('',#4280);
#4280 = CARTESIAN_POINT('',(152.,-73.925,1.6));
#4281 = CIRCLE('',#4282,1.525);
#4282 = AXIS2_PLACEMENT_3D('',#4283,#4284,#4285);
#4283 = CARTESIAN_POINT('',(152.,-72.4,1.6));
#4284 = DIRECTION('',(-0.,0.,-1.));
#4285 = DIRECTION('',(-0.,-1.,0.));
#4286 = FACE_BOUND('',#4287,.T.);
#4287 = EDGE_LOOP('',(#4288));
#4288 = ORIENTED_EDGE('',*,*,#4289,.T.);
#4289 = EDGE_CURVE('',#4290,#4290,#4292,.T.);
#4290 = VERTEX_POINT('',#4291);
#4291 = CARTESIAN_POINT('',(147.,-71.825,1.6));
#4292 = CIRCLE('',#4293,1.525);
#4293 = AXIS2_PLACEMENT_3D('',#4294,#4295,#4296);
#4294 = CARTESIAN_POINT('',(147.,-70.3,1.6));
#4295 = DIRECTION('',(-0.,0.,-1.));
#4296 = DIRECTION('',(-0.,-1.,0.));
#4297 = FACE_BOUND('',#4298,.T.);
#4298 = EDGE_LOOP('',(#4299));
#4299 = ORIENTED_EDGE('',*,*,#4300,.T.);
#4300 = EDGE_CURVE('',#4301,#4301,#4303,.T.);
#4301 = VERTEX_POINT('',#4302);
#4302 = CARTESIAN_POINT('',(175.,-75.15,1.6));
#4303 = CIRCLE('',#4304,0.8);
#4304 = AXIS2_PLACEMENT_3D('',#4305,#4306,#4307);
#4305 = CARTESIAN_POINT('',(175.,-74.35,1.6));
#4306 = DIRECTION('',(-0.,0.,-1.));
#4307 = DIRECTION('',(-0.,-1.,0.));
#4308 = FACE_BOUND('',#4309,.T.);
#4309 = EDGE_LOOP('',(#4310));
#4310 = ORIENTED_EDGE('',*,*,#4311,.T.);
#4311 = EDGE_CURVE('',#4312,#4312,#4314,.T.);
#4312 = VERTEX_POINT('',#4313);
#4313 = CARTESIAN_POINT('',(121.,-68.15,1.6));
#4314 = CIRCLE('',#4315,0.8);
#4315 = AXIS2_PLACEMENT_3D('',#4316,#4317,#4318);
#4316 = CARTESIAN_POINT('',(121.,-67.35,1.6));
#4317 = DIRECTION('',(-0.,0.,-1.));
#4318 = DIRECTION('',(-0.,-1.,0.));
#4319 = FACE_BOUND('',#4320,.T.);
#4320 = EDGE_LOOP('',(#4321));
#4321 = ORIENTED_EDGE('',*,*,#4322,.T.);
#4322 = EDGE_CURVE('',#4323,#4323,#4325,.T.);
#4323 = VERTEX_POINT('',#4324);
#4324 = CARTESIAN_POINT('',(116.,-62.925,1.6));
#4325 = CIRCLE('',#4326,1.525);
#4326 = AXIS2_PLACEMENT_3D('',#4327,#4328,#4329);
#4327 = CARTESIAN_POINT('',(116.,-61.4,1.6));
#4328 = DIRECTION('',(-0.,0.,-1.));
#4329 = DIRECTION('',(-0.,-1.,0.));
#4330 = FACE_BOUND('',#4331,.T.);
#4331 = EDGE_LOOP('',(#4332));
#4332 = ORIENTED_EDGE('',*,*,#4333,.T.);
#4333 = EDGE_CURVE('',#4334,#4334,#4336,.T.);
#4334 = VERTEX_POINT('',#4335);
#4335 = CARTESIAN_POINT('',(129.,-61.825,1.6));
#4336 = CIRCLE('',#4337,1.525);
#4337 = AXIS2_PLACEMENT_3D('',#4338,#4339,#4340);
#4338 = CARTESIAN_POINT('',(129.,-60.3,1.6));
#4339 = DIRECTION('',(-0.,0.,-1.));
#4340 = DIRECTION('',(-0.,-1.,0.));
#4341 = FACE_BOUND('',#4342,.T.);
#4342 = EDGE_LOOP('',(#4343));
#4343 = ORIENTED_EDGE('',*,*,#4344,.T.);
#4344 = EDGE_CURVE('',#4345,#4345,#4347,.T.);
#4345 = VERTEX_POINT('',#4346);
#4346 = CARTESIAN_POINT('',(134.,-63.925,1.6));
#4347 = CIRCLE('',#4348,1.525);
#4348 = AXIS2_PLACEMENT_3D('',#4349,#4350,#4351);
#4349 = CARTESIAN_POINT('',(134.,-62.4,1.6));
#4350 = DIRECTION('',(-0.,0.,-1.));
#4351 = DIRECTION('',(-0.,-1.,0.));
#4352 = FACE_BOUND('',#4353,.T.);
#4353 = EDGE_LOOP('',(#4354));
#4354 = ORIENTED_EDGE('',*,*,#4355,.T.);
#4355 = EDGE_CURVE('',#4356,#4356,#4358,.T.);
#4356 = VERTEX_POINT('',#4357);
#4357 = CARTESIAN_POINT('',(116.,-58.025,1.6));
#4358 = CIRCLE('',#4359,2.525);
#4359 = AXIS2_PLACEMENT_3D('',#4360,#4361,#4362);
#4360 = CARTESIAN_POINT('',(116.,-55.5,1.6));
#4361 = DIRECTION('',(-0.,0.,-1.));
#4362 = DIRECTION('',(-0.,-1.,0.));
#4363 = FACE_BOUND('',#4364,.T.);
#4364 = EDGE_LOOP('',(#4365));
#4365 = ORIENTED_EDGE('',*,*,#4366,.T.);
#4366 = EDGE_CURVE('',#4367,#4367,#4369,.T.);
#4367 = VERTEX_POINT('',#4368);
#4368 = CARTESIAN_POINT('',(128.5,-57.45,1.6));
#4369 = CIRCLE('',#4370,0.95);
#4370 = AXIS2_PLACEMENT_3D('',#4371,#4372,#4373);
#4371 = CARTESIAN_POINT('',(128.5,-56.5,1.6));
#4372 = DIRECTION('',(-0.,0.,-1.));
#4373 = DIRECTION('',(-0.,-1.,0.));
#4374 = FACE_BOUND('',#4375,.T.);
#4375 = EDGE_LOOP('',(#4376));
#4376 = ORIENTED_EDGE('',*,*,#4377,.T.);
#4377 = EDGE_CURVE('',#4378,#4378,#4380,.T.);
#4378 = VERTEX_POINT('',#4379);
#4379 = CARTESIAN_POINT('',(121.5,-56.45,1.6));
#4380 = CIRCLE('',#4381,0.95);
#4381 = AXIS2_PLACEMENT_3D('',#4382,#4383,#4384);
#4382 = CARTESIAN_POINT('',(121.5,-55.5,1.6));
#4383 = DIRECTION('',(-0.,0.,-1.));
#4384 = DIRECTION('',(-0.,-1.,0.));
#4385 = FACE_BOUND('',#4386,.T.);
#4386 = EDGE_LOOP('',(#4387));
#4387 = ORIENTED_EDGE('',*,*,#4388,.T.);
#4388 = EDGE_CURVE('',#4389,#4389,#4391,.T.);
#4389 = VERTEX_POINT('',#4390);
#4390 = CARTESIAN_POINT('',(121.,-51.15,1.6));
#4391 = CIRCLE('',#4392,0.8);
#4392 = AXIS2_PLACEMENT_3D('',#4393,#4394,#4395);
#4393 = CARTESIAN_POINT('',(121.,-50.35,1.6));
#4394 = DIRECTION('',(-0.,0.,-1.));
#4395 = DIRECTION('',(-0.,-1.,0.));
#4396 = FACE_BOUND('',#4397,.T.);
#4397 = EDGE_LOOP('',(#4398));
#4398 = ORIENTED_EDGE('',*,*,#4399,.T.);
#4399 = EDGE_CURVE('',#4400,#4400,#4402,.T.);
#4400 = VERTEX_POINT('',#4401);
#4401 = CARTESIAN_POINT('',(134.,-59.025,1.6));
#4402 = CIRCLE('',#4403,2.525);
#4403 = AXIS2_PLACEMENT_3D('',#4404,#4405,#4406);
#4404 = CARTESIAN_POINT('',(134.,-56.5,1.6));
#4405 = DIRECTION('',(-0.,0.,-1.));
#4406 = DIRECTION('',(-0.,-1.,0.));
#4407 = FACE_BOUND('',#4408,.T.);
#4408 = EDGE_LOOP('',(#4409));
#4409 = ORIENTED_EDGE('',*,*,#4410,.T.);
#4410 = EDGE_CURVE('',#4411,#4411,#4413,.T.);
#4411 = VERTEX_POINT('',#4412);
#4412 = CARTESIAN_POINT('',(139.5,-57.45,1.6));
#4413 = CIRCLE('',#4414,0.95);
#4414 = AXIS2_PLACEMENT_3D('',#4415,#4416,#4417);
#4415 = CARTESIAN_POINT('',(139.5,-56.5,1.6));
#4416 = DIRECTION('',(-0.,0.,-1.));
#4417 = DIRECTION('',(-0.,-1.,0.));
#4418 = FACE_BOUND('',#4419,.T.);
#4419 = EDGE_LOOP('',(#4420));
#4420 = ORIENTED_EDGE('',*,*,#4421,.T.);
#4421 = EDGE_CURVE('',#4422,#4422,#4424,.T.);
#4422 = VERTEX_POINT('',#4423);
#4423 = CARTESIAN_POINT('',(139.,-52.15,1.6));
#4424 = CIRCLE('',#4425,0.8);
#4425 = AXIS2_PLACEMENT_3D('',#4426,#4427,#4428);
#4426 = CARTESIAN_POINT('',(139.,-51.35,1.6));
#4427 = DIRECTION('',(-0.,0.,-1.));
#4428 = DIRECTION('',(-0.,-1.,0.));
#4429 = FACE_BOUND('',#4430,.T.);
#4430 = EDGE_LOOP('',(#4431));
#4431 = ORIENTED_EDGE('',*,*,#4432,.T.);
#4432 = EDGE_CURVE('',#4433,#4433,#4435,.T.);
#4433 = VERTEX_POINT('',#4434);
#4434 = CARTESIAN_POINT('',(146.5,-67.45,1.6));
#4435 = CIRCLE('',#4436,0.95);
#4436 = AXIS2_PLACEMENT_3D('',#4437,#4438,#4439);
#4437 = CARTESIAN_POINT('',(146.5,-66.5,1.6));
#4438 = DIRECTION('',(-0.,0.,-1.));
#4439 = DIRECTION('',(-0.,-1.,0.));
#4440 = FACE_BOUND('',#4441,.T.);
#4441 = EDGE_LOOP('',(#4442));
#4442 = ORIENTED_EDGE('',*,*,#4443,.T.);
#4443 = EDGE_CURVE('',#4444,#4444,#4446,.T.);
#4444 = VERTEX_POINT('',#4445);
#4445 = CARTESIAN_POINT('',(152.,-69.025,1.6));
#4446 = CIRCLE('',#4447,2.525);
#4447 = AXIS2_PLACEMENT_3D('',#4448,#4449,#4450);
#4448 = CARTESIAN_POINT('',(152.,-66.5,1.6));
#4449 = DIRECTION('',(-0.,0.,-1.));
#4450 = DIRECTION('',(-0.,-1.,0.));
#4451 = FACE_BOUND('',#4452,.T.);
#4452 = EDGE_LOOP('',(#4453));
#4453 = ORIENTED_EDGE('',*,*,#4454,.T.);
#4454 = EDGE_CURVE('',#4455,#4455,#4457,.T.);
#4455 = VERTEX_POINT('',#4456);
#4456 = CARTESIAN_POINT('',(157.5,-67.45,1.6));
#4457 = CIRCLE('',#4458,0.95);
#4458 = AXIS2_PLACEMENT_3D('',#4459,#4460,#4461);
#4459 = CARTESIAN_POINT('',(157.5,-66.5,1.6));
#4460 = DIRECTION('',(-0.,0.,-1.));
#4461 = DIRECTION('',(-0.,-1.,0.));
#4462 = FACE_BOUND('',#4463,.T.);
#4463 = EDGE_LOOP('',(#4464));
#4464 = ORIENTED_EDGE('',*,*,#4465,.T.);
#4465 = EDGE_CURVE('',#4466,#4466,#4468,.T.);
#4466 = VERTEX_POINT('',#4467);
#4467 = CARTESIAN_POINT('',(157.,-62.15,1.6));
#4468 = CIRCLE('',#4469,0.8);
#4469 = AXIS2_PLACEMENT_3D('',#4470,#4471,#4472);
#4470 = CARTESIAN_POINT('',(157.,-61.35,1.6));
#4471 = DIRECTION('',(-0.,0.,-1.));
#4472 = DIRECTION('',(-0.,-1.,0.));
#4473 = FACE_BOUND('',#4474,.T.);
#4474 = EDGE_LOOP('',(#4475));
#4475 = ORIENTED_EDGE('',*,*,#4476,.T.);
#4476 = EDGE_CURVE('',#4477,#4477,#4479,.T.);
#4477 = VERTEX_POINT('',#4478);
#4478 = CARTESIAN_POINT('',(145.5,-52.65,1.6));
#4479 = CIRCLE('',#4480,2.15);
#4480 = AXIS2_PLACEMENT_3D('',#4481,#4482,#4483);
#4481 = CARTESIAN_POINT('',(145.5,-50.5,1.6));
#4482 = DIRECTION('',(-0.,0.,-1.));
#4483 = DIRECTION('',(-0.,-1.,0.));
#4484 = PLANE('',#4485);
#4485 = AXIS2_PLACEMENT_3D('',#4486,#4487,#4488);
#4486 = CARTESIAN_POINT('',(0.,0.,1.6));
#4487 = DIRECTION('',(0.,0.,1.));
#4488 = DIRECTION('',(1.,0.,-0.));
#4489 = ADVANCED_FACE('',(#4490),#4501,.T.);
#4490 = FACE_BOUND('',#4491,.T.);
#4491 = EDGE_LOOP('',(#4492,#4498,#4499,#4500));
#4492 = ORIENTED_EDGE('',*,*,#4493,.T.);
#4493 = EDGE_CURVE('',#148,#2322,#4494,.T.);
#4494 = LINE('',#4495,#4496);
#4495 = CARTESIAN_POINT('',(105.5,-46.5,0.));
#4496 = VECTOR('',#4497,1.);
#4497 = DIRECTION('',(0.,0.,1.));
#4498 = ORIENTED_EDGE('',*,*,#2321,.T.);
#4499 = ORIENTED_EDGE('',*,*,#81,.F.);
#4500 = ORIENTED_EDGE('',*,*,#147,.F.);
#4501 = CYLINDRICAL_SURFACE('',#4502,0.999999252925);
#4502 = AXIS2_PLACEMENT_3D('',#4503,#4504,#4505);
#4503 = CARTESIAN_POINT('',(106.49999925292,-46.49999925292,0.));
#4504 = DIRECTION('',(0.,0.,-1.));
#4505 = DIRECTION('',(-1.,-7.470757349539E-07,-0.));
#4506 = ADVANCED_FACE('',(#4507),#4518,.T.);
#4507 = FACE_BOUND('',#4508,.T.);
#4508 = EDGE_LOOP('',(#4509,#4510,#4511,#4517));
#4509 = ORIENTED_EDGE('',*,*,#122,.T.);
#4510 = ORIENTED_EDGE('',*,*,#2687,.T.);
#4511 = ORIENTED_EDGE('',*,*,#4512,.F.);
#4512 = EDGE_CURVE('',#505,#2679,#4513,.T.);
#4513 = LINE('',#4514,#4515);
#4514 = CARTESIAN_POINT('',(147.5,-46.5,0.));
#4515 = VECTOR('',#4516,1.);
#4516 = DIRECTION('',(0.,0.,1.));
#4517 = ORIENTED_EDGE('',*,*,#513,.F.);
#4518 = PLANE('',#4519);
#4519 = AXIS2_PLACEMENT_3D('',#4520,#4521,#4522);
#4520 = CARTESIAN_POINT('',(127.,-46.5,0.));
#4521 = DIRECTION('',(0.,1.,0.));
#4522 = DIRECTION('',(1.,0.,0.));
#4523 = ADVANCED_FACE('',(#4524),#4535,.T.);
#4524 = FACE_BOUND('',#4525,.T.);
#4525 = EDGE_LOOP('',(#4526,#4532,#4533,#4534));
#4526 = ORIENTED_EDGE('',*,*,#4527,.T.);
#4527 = EDGE_CURVE('',#157,#2331,#4528,.T.);
#4528 = LINE('',#4529,#4530);
#4529 = CARTESIAN_POINT('',(105.5,-47.,0.));
#4530 = VECTOR('',#4531,1.);
#4531 = DIRECTION('',(0.,0.,1.));
#4532 = ORIENTED_EDGE('',*,*,#2330,.T.);
#4533 = ORIENTED_EDGE('',*,*,#4493,.F.);
#4534 = ORIENTED_EDGE('',*,*,#156,.F.);
#4535 = PLANE('',#4536);
#4536 = AXIS2_PLACEMENT_3D('',#4537,#4538,#4539);
#4537 = CARTESIAN_POINT('',(105.5,-47.,0.));
#4538 = DIRECTION('',(-1.,0.,0.));
#4539 = DIRECTION('',(0.,1.,0.));
#4540 = ADVANCED_FACE('',(#4541),#4552,.T.);
#4541 = FACE_BOUND('',#4542,.T.);
#4542 = EDGE_LOOP('',(#4543,#4544,#4545,#4551));
#4543 = ORIENTED_EDGE('',*,*,#4512,.T.);
#4544 = ORIENTED_EDGE('',*,*,#2678,.T.);
#4545 = ORIENTED_EDGE('',*,*,#4546,.F.);
#4546 = EDGE_CURVE('',#497,#2671,#4547,.T.);
#4547 = LINE('',#4548,#4549);
#4548 = CARTESIAN_POINT('',(148.5,-47.5,0.));
#4549 = VECTOR('',#4550,1.);
#4550 = DIRECTION('',(0.,0.,1.));
#4551 = ORIENTED_EDGE('',*,*,#504,.F.);
#4552 = CYLINDRICAL_SURFACE('',#4553,0.999999252925);
#4553 = AXIS2_PLACEMENT_3D('',#4554,#4555,#4556);
#4554 = CARTESIAN_POINT('',(147.50000074707,-47.49999925292,0.));
#4555 = DIRECTION('',(0.,0.,-1.));
#4556 = DIRECTION('',(-7.470757633756E-07,1.,0.));
#4557 = ADVANCED_FACE('',(#4558),#4569,.F.);
#4558 = FACE_BOUND('',#4559,.T.);
#4559 = EDGE_LOOP('',(#4560,#4566,#4567,#4568));
#4560 = ORIENTED_EDGE('',*,*,#4561,.T.);
#4561 = EDGE_CURVE('',#165,#2339,#4562,.T.);
#4562 = LINE('',#4563,#4564);
#4563 = CARTESIAN_POINT('',(104.5,-48.,0.));
#4564 = VECTOR('',#4565,1.);
#4565 = DIRECTION('',(0.,0.,1.));
#4566 = ORIENTED_EDGE('',*,*,#2338,.T.);
#4567 = ORIENTED_EDGE('',*,*,#4527,.F.);
#4568 = ORIENTED_EDGE('',*,*,#164,.F.);
#4569 = CYLINDRICAL_SURFACE('',#4570,0.999999252925);
#4570 = AXIS2_PLACEMENT_3D('',#4571,#4572,#4573);
#4571 = CARTESIAN_POINT('',(104.50000074707,-47.00000074707,0.));
#4572 = DIRECTION('',(-0.,-0.,-1.));
#4573 = DIRECTION('',(-7.470757349539E-07,-1.,0.));
#4574 = ADVANCED_FACE('',(#4575),#4586,.T.);
#4575 = FACE_BOUND('',#4576,.T.);
#4576 = EDGE_LOOP('',(#4577,#4578,#4579,#4585));
#4577 = ORIENTED_EDGE('',*,*,#4546,.T.);
#4578 = ORIENTED_EDGE('',*,*,#2670,.T.);
#4579 = ORIENTED_EDGE('',*,*,#4580,.F.);
#4580 = EDGE_CURVE('',#488,#2662,#4581,.T.);
#4581 = LINE('',#4582,#4583);
#4582 = CARTESIAN_POINT('',(148.5,-55.5,0.));
#4583 = VECTOR('',#4584,1.);
#4584 = DIRECTION('',(0.,0.,1.));
#4585 = ORIENTED_EDGE('',*,*,#496,.F.);
#4586 = PLANE('',#4587);
#4587 = AXIS2_PLACEMENT_3D('',#4588,#4589,#4590);
#4588 = CARTESIAN_POINT('',(148.5,-47.5,0.));
#4589 = DIRECTION('',(1.,0.,-0.));
#4590 = DIRECTION('',(0.,-1.,0.));
#4591 = ADVANCED_FACE('',(#4592),#4603,.T.);
#4592 = FACE_BOUND('',#4593,.T.);
#4593 = EDGE_LOOP('',(#4594,#4600,#4601,#4602));
#4594 = ORIENTED_EDGE('',*,*,#4595,.T.);
#4595 = EDGE_CURVE('',#174,#2348,#4596,.T.);
#4596 = LINE('',#4597,#4598);
#4597 = CARTESIAN_POINT('',(86.25,-48.,0.));
#4598 = VECTOR('',#4599,1.);
#4599 = DIRECTION('',(0.,0.,1.));
#4600 = ORIENTED_EDGE('',*,*,#2347,.T.);
#4601 = ORIENTED_EDGE('',*,*,#4561,.F.);
#4602 = ORIENTED_EDGE('',*,*,#173,.F.);
#4603 = PLANE('',#4604);
#4604 = AXIS2_PLACEMENT_3D('',#4605,#4606,#4607);
#4605 = CARTESIAN_POINT('',(86.25,-48.,0.));
#4606 = DIRECTION('',(0.,1.,0.));
#4607 = DIRECTION('',(1.,0.,0.));
#4608 = ADVANCED_FACE('',(#4609),#4620,.F.);
#4609 = FACE_BOUND('',#4610,.T.);
#4610 = EDGE_LOOP('',(#4611,#4612,#4613,#4619));
#4611 = ORIENTED_EDGE('',*,*,#4580,.T.);
#4612 = ORIENTED_EDGE('',*,*,#2661,.T.);
#4613 = ORIENTED_EDGE('',*,*,#4614,.F.);
#4614 = EDGE_CURVE('',#480,#2654,#4615,.T.);
#4615 = LINE('',#4616,#4617);
#4616 = CARTESIAN_POINT('',(149.5,-56.5,0.));
#4617 = VECTOR('',#4618,1.);
#4618 = DIRECTION('',(0.,0.,1.));
#4619 = ORIENTED_EDGE('',*,*,#487,.F.);
#4620 = CYLINDRICAL_SURFACE('',#4621,0.999999252925);
#4621 = AXIS2_PLACEMENT_3D('',#4622,#4623,#4624);
#4622 = CARTESIAN_POINT('',(149.49999925292,-55.50000074707,0.));
#4623 = DIRECTION('',(-0.,-0.,-1.));
#4624 = DIRECTION('',(-1.,7.470757562702E-07,0.));
#4625 = ADVANCED_FACE('',(#4626),#4637,.T.);
#4626 = FACE_BOUND('',#4627,.T.);
#4627 = EDGE_LOOP('',(#4628,#4634,#4635,#4636));
#4628 = ORIENTED_EDGE('',*,*,#4629,.T.);
#4629 = EDGE_CURVE('',#182,#2356,#4630,.T.);
#4630 = LINE('',#4631,#4632);
#4631 = CARTESIAN_POINT('',(85.25,-49.,0.));
#4632 = VECTOR('',#4633,1.);
#4633 = DIRECTION('',(0.,0.,1.));
#4634 = ORIENTED_EDGE('',*,*,#2355,.T.);
#4635 = ORIENTED_EDGE('',*,*,#4595,.F.);
#4636 = ORIENTED_EDGE('',*,*,#181,.F.);
#4637 = CYLINDRICAL_SURFACE('',#4638,0.999999252925);
#4638 = AXIS2_PLACEMENT_3D('',#4639,#4640,#4641);
#4639 = CARTESIAN_POINT('',(86.249999252925,-48.99999925292,0.));
#4640 = DIRECTION('',(0.,0.,-1.));
#4641 = DIRECTION('',(-1.,-7.470757349539E-07,-0.));
#4642 = ADVANCED_FACE('',(#4643),#4654,.T.);
#4643 = FACE_BOUND('',#4644,.T.);
#4644 = EDGE_LOOP('',(#4645,#4646,#4647,#4653));
#4645 = ORIENTED_EDGE('',*,*,#4614,.T.);
#4646 = ORIENTED_EDGE('',*,*,#2653,.T.);
#4647 = ORIENTED_EDGE('',*,*,#4648,.F.);
#4648 = EDGE_CURVE('',#471,#2645,#4649,.T.);
#4649 = LINE('',#4650,#4651);
#4650 = CARTESIAN_POINT('',(161.5,-56.5,0.));
#4651 = VECTOR('',#4652,1.);
#4652 = DIRECTION('',(0.,0.,1.));
#4653 = ORIENTED_EDGE('',*,*,#479,.F.);
#4654 = PLANE('',#4655);
#4655 = AXIS2_PLACEMENT_3D('',#4656,#4657,#4658);
#4656 = CARTESIAN_POINT('',(149.5,-56.5,0.));
#4657 = DIRECTION('',(0.,1.,0.));
#4658 = DIRECTION('',(1.,0.,0.));
#4659 = ADVANCED_FACE('',(#4660),#4671,.T.);
#4660 = FACE_BOUND('',#4661,.T.);
#4661 = EDGE_LOOP('',(#4662,#4668,#4669,#4670));
#4662 = ORIENTED_EDGE('',*,*,#4663,.T.);
#4663 = EDGE_CURVE('',#191,#2365,#4664,.T.);
#4664 = LINE('',#4665,#4666);
#4665 = CARTESIAN_POINT('',(85.25,-49.5,0.));
#4666 = VECTOR('',#4667,1.);
#4667 = DIRECTION('',(0.,0.,1.));
#4668 = ORIENTED_EDGE('',*,*,#2364,.T.);
#4669 = ORIENTED_EDGE('',*,*,#4629,.F.);
#4670 = ORIENTED_EDGE('',*,*,#190,.F.);
#4671 = PLANE('',#4672);
#4672 = AXIS2_PLACEMENT_3D('',#4673,#4674,#4675);
#4673 = CARTESIAN_POINT('',(85.25,-49.5,0.));
#4674 = DIRECTION('',(-1.,0.,0.));
#4675 = DIRECTION('',(0.,1.,0.));
#4676 = ADVANCED_FACE('',(#4677),#4688,.T.);
#4677 = FACE_BOUND('',#4678,.T.);
#4678 = EDGE_LOOP('',(#4679,#4680,#4681,#4687));
#4679 = ORIENTED_EDGE('',*,*,#4648,.T.);
#4680 = ORIENTED_EDGE('',*,*,#2644,.T.);
#4681 = ORIENTED_EDGE('',*,*,#4682,.F.);
#4682 = EDGE_CURVE('',#463,#2637,#4683,.T.);
#4683 = LINE('',#4684,#4685);
#4684 = CARTESIAN_POINT('',(162.5,-57.5,0.));
#4685 = VECTOR('',#4686,1.);
#4686 = DIRECTION('',(0.,0.,1.));
#4687 = ORIENTED_EDGE('',*,*,#470,.F.);
#4688 = CYLINDRICAL_SURFACE('',#4689,0.999999252925);
#4689 = AXIS2_PLACEMENT_3D('',#4690,#4691,#4692);
#4690 = CARTESIAN_POINT('',(161.50000074707,-57.49999925292,0.));
#4691 = DIRECTION('',(0.,0.,-1.));
#4692 = DIRECTION('',(-7.470757633756E-07,1.,0.));
#4693 = ADVANCED_FACE('',(#4694),#4705,.F.);
#4694 = FACE_BOUND('',#4695,.T.);
#4695 = EDGE_LOOP('',(#4696,#4702,#4703,#4704));
#4696 = ORIENTED_EDGE('',*,*,#4697,.T.);
#4697 = EDGE_CURVE('',#199,#2373,#4698,.T.);
#4698 = LINE('',#4699,#4700);
#4699 = CARTESIAN_POINT('',(84.25,-50.5,0.));
#4700 = VECTOR('',#4701,1.);
#4701 = DIRECTION('',(0.,0.,1.));
#4702 = ORIENTED_EDGE('',*,*,#2372,.T.);
#4703 = ORIENTED_EDGE('',*,*,#4663,.F.);
#4704 = ORIENTED_EDGE('',*,*,#198,.F.);
#4705 = CYLINDRICAL_SURFACE('',#4706,0.999999252925);
#4706 = AXIS2_PLACEMENT_3D('',#4707,#4708,#4709);
#4707 = CARTESIAN_POINT('',(84.250000747075,-49.50000074707,0.));
#4708 = DIRECTION('',(-0.,-0.,-1.));
#4709 = DIRECTION('',(-7.470757349539E-07,-1.,0.));
#4710 = ADVANCED_FACE('',(#4711),#4722,.T.);
#4711 = FACE_BOUND('',#4712,.T.);
#4712 = EDGE_LOOP('',(#4713,#4714,#4715,#4721));
#4713 = ORIENTED_EDGE('',*,*,#4682,.T.);
#4714 = ORIENTED_EDGE('',*,*,#2636,.T.);
#4715 = ORIENTED_EDGE('',*,*,#4716,.F.);
#4716 = EDGE_CURVE('',#454,#2628,#4717,.T.);
#4717 = LINE('',#4718,#4719);
#4718 = CARTESIAN_POINT('',(162.5,-68.5,0.));
#4719 = VECTOR('',#4720,1.);
#4720 = DIRECTION('',(0.,0.,1.));
#4721 = ORIENTED_EDGE('',*,*,#462,.F.);
#4722 = PLANE('',#4723);
#4723 = AXIS2_PLACEMENT_3D('',#4724,#4725,#4726);
#4724 = CARTESIAN_POINT('',(162.5,-57.5,0.));
#4725 = DIRECTION('',(1.,0.,-0.));
#4726 = DIRECTION('',(0.,-1.,0.));
#4727 = ADVANCED_FACE('',(#4728),#4739,.T.);
#4728 = FACE_BOUND('',#4729,.T.);
#4729 = EDGE_LOOP('',(#4730,#4736,#4737,#4738));
#4730 = ORIENTED_EDGE('',*,*,#4731,.T.);
#4731 = EDGE_CURVE('',#208,#2382,#4732,.T.);
#4732 = LINE('',#4733,#4734);
#4733 = CARTESIAN_POINT('',(50.5,-50.5,0.));
#4734 = VECTOR('',#4735,1.);
#4735 = DIRECTION('',(0.,0.,1.));
#4736 = ORIENTED_EDGE('',*,*,#2381,.T.);
#4737 = ORIENTED_EDGE('',*,*,#4697,.F.);
#4738 = ORIENTED_EDGE('',*,*,#207,.F.);
#4739 = PLANE('',#4740);
#4740 = AXIS2_PLACEMENT_3D('',#4741,#4742,#4743);
#4741 = CARTESIAN_POINT('',(50.5,-50.5,0.));
#4742 = DIRECTION('',(0.,1.,0.));
#4743 = DIRECTION('',(1.,0.,0.));
#4744 = ADVANCED_FACE('',(#4745),#4756,.F.);
#4745 = FACE_BOUND('',#4746,.T.);
#4746 = EDGE_LOOP('',(#4747,#4748,#4749,#4755));
#4747 = ORIENTED_EDGE('',*,*,#4716,.T.);
#4748 = ORIENTED_EDGE('',*,*,#2627,.T.);
#4749 = ORIENTED_EDGE('',*,*,#4750,.F.);
#4750 = EDGE_CURVE('',#446,#2620,#4751,.T.);
#4751 = LINE('',#4752,#4753);
#4752 = CARTESIAN_POINT('',(163.5,-69.5,0.));
#4753 = VECTOR('',#4754,1.);
#4754 = DIRECTION('',(0.,0.,1.));
#4755 = ORIENTED_EDGE('',*,*,#453,.F.);
#4756 = CYLINDRICAL_SURFACE('',#4757,0.999999252925);
#4757 = AXIS2_PLACEMENT_3D('',#4758,#4759,#4760);
#4758 = CARTESIAN_POINT('',(163.49999925292,-68.50000074707,0.));
#4759 = DIRECTION('',(-0.,-0.,-1.));
#4760 = DIRECTION('',(-1.,7.470757491648E-07,0.));
#4761 = ADVANCED_FACE('',(#4762),#4773,.T.);
#4762 = FACE_BOUND('',#4763,.T.);
#4763 = EDGE_LOOP('',(#4764,#4770,#4771,#4772));
#4764 = ORIENTED_EDGE('',*,*,#4765,.T.);
#4765 = EDGE_CURVE('',#216,#2390,#4766,.T.);
#4766 = LINE('',#4767,#4768);
#4767 = CARTESIAN_POINT('',(49.5,-51.5,0.));
#4768 = VECTOR('',#4769,1.);
#4769 = DIRECTION('',(0.,0.,1.));
#4770 = ORIENTED_EDGE('',*,*,#2389,.T.);
#4771 = ORIENTED_EDGE('',*,*,#4731,.F.);
#4772 = ORIENTED_EDGE('',*,*,#215,.F.);
#4773 = CYLINDRICAL_SURFACE('',#4774,0.999999252925);
#4774 = AXIS2_PLACEMENT_3D('',#4775,#4776,#4777);
#4775 = CARTESIAN_POINT('',(50.499999252925,-51.49999925292,0.));
#4776 = DIRECTION('',(0.,0.,-1.));
#4777 = DIRECTION('',(-1.,-7.470757491648E-07,-0.));
#4778 = ADVANCED_FACE('',(#4779),#4790,.T.);
#4779 = FACE_BOUND('',#4780,.T.);
#4780 = EDGE_LOOP('',(#4781,#4782,#4783,#4789));
#4781 = ORIENTED_EDGE('',*,*,#4750,.T.);
#4782 = ORIENTED_EDGE('',*,*,#2619,.T.);
#4783 = ORIENTED_EDGE('',*,*,#4784,.F.);
#4784 = EDGE_CURVE('',#437,#2611,#4785,.T.);
#4785 = LINE('',#4786,#4787);
#4786 = CARTESIAN_POINT('',(179.5,-69.5,0.));
#4787 = VECTOR('',#4788,1.);
#4788 = DIRECTION('',(0.,0.,1.));
#4789 = ORIENTED_EDGE('',*,*,#445,.F.);
#4790 = PLANE('',#4791);
#4791 = AXIS2_PLACEMENT_3D('',#4792,#4793,#4794);
#4792 = CARTESIAN_POINT('',(163.5,-69.5,0.));
#4793 = DIRECTION('',(0.,1.,0.));
#4794 = DIRECTION('',(1.,0.,0.));
#4795 = ADVANCED_FACE('',(#4796),#4807,.T.);
#4796 = FACE_BOUND('',#4797,.T.);
#4797 = EDGE_LOOP('',(#4798,#4804,#4805,#4806));
#4798 = ORIENTED_EDGE('',*,*,#4799,.T.);
#4799 = EDGE_CURVE('',#225,#2399,#4800,.T.);
#4800 = LINE('',#4801,#4802);
#4801 = CARTESIAN_POINT('',(49.5,-112.92265,0.));
#4802 = VECTOR('',#4803,1.);
#4803 = DIRECTION('',(0.,0.,1.));
#4804 = ORIENTED_EDGE('',*,*,#2398,.T.);
#4805 = ORIENTED_EDGE('',*,*,#4765,.F.);
#4806 = ORIENTED_EDGE('',*,*,#224,.F.);
#4807 = PLANE('',#4808);
#4808 = AXIS2_PLACEMENT_3D('',#4809,#4810,#4811);
#4809 = CARTESIAN_POINT('',(49.5,-112.92265,0.));
#4810 = DIRECTION('',(-1.,0.,0.));
#4811 = DIRECTION('',(0.,1.,0.));
#4812 = ADVANCED_FACE('',(#4813),#4824,.T.);
#4813 = FACE_BOUND('',#4814,.T.);
#4814 = EDGE_LOOP('',(#4815,#4816,#4817,#4823));
#4815 = ORIENTED_EDGE('',*,*,#4784,.T.);
#4816 = ORIENTED_EDGE('',*,*,#2610,.T.);
#4817 = ORIENTED_EDGE('',*,*,#4818,.F.);
#4818 = EDGE_CURVE('',#429,#2603,#4819,.T.);
#4819 = LINE('',#4820,#4821);
#4820 = CARTESIAN_POINT('',(180.5,-70.5,0.));
#4821 = VECTOR('',#4822,1.);
#4822 = DIRECTION('',(0.,0.,1.));
#4823 = ORIENTED_EDGE('',*,*,#436,.F.);
#4824 = CYLINDRICAL_SURFACE('',#4825,0.999999252925);
#4825 = AXIS2_PLACEMENT_3D('',#4826,#4827,#4828);
#4826 = CARTESIAN_POINT('',(179.50000074707,-70.49999925292,0.));
#4827 = DIRECTION('',(0.,0.,-1.));
#4828 = DIRECTION('',(-7.470757349539E-07,1.,0.));
#4829 = ADVANCED_FACE('',(#4830),#4841,.F.);
#4830 = FACE_BOUND('',#4831,.T.);
#4831 = EDGE_LOOP('',(#4832,#4838,#4839,#4840));
#4832 = ORIENTED_EDGE('',*,*,#4833,.T.);
#4833 = EDGE_CURVE('',#233,#2407,#4834,.T.);
#4834 = LINE('',#4835,#4836);
#4835 = CARTESIAN_POINT('',(49.,-113.788675,0.));
#4836 = VECTOR('',#4837,1.);
#4837 = DIRECTION('',(0.,0.,1.));
#4838 = ORIENTED_EDGE('',*,*,#2406,.T.);
#4839 = ORIENTED_EDGE('',*,*,#4799,.F.);
#4840 = ORIENTED_EDGE('',*,*,#232,.F.);
#4841 = CYLINDRICAL_SURFACE('',#4842,1.000000955365);
#4842 = AXIS2_PLACEMENT_3D('',#4843,#4844,#4845);
#4843 = CARTESIAN_POINT('',(48.499999044635,-112.9226490446,0.));
#4844 = DIRECTION('',(-0.,-0.,-1.));
#4845 = DIRECTION('',(0.500000477682,-0.866025127995,0.));
#4846 = ADVANCED_FACE('',(#4847),#4858,.T.);
#4847 = FACE_BOUND('',#4848,.T.);
#4848 = EDGE_LOOP('',(#4849,#4850,#4851,#4857));
#4849 = ORIENTED_EDGE('',*,*,#4818,.T.);
#4850 = ORIENTED_EDGE('',*,*,#2602,.T.);
#4851 = ORIENTED_EDGE('',*,*,#4852,.F.);
#4852 = EDGE_CURVE('',#420,#2594,#4853,.T.);
#4853 = LINE('',#4854,#4855);
#4854 = CARTESIAN_POINT('',(180.5,-105.5,0.));
#4855 = VECTOR('',#4856,1.);
#4856 = DIRECTION('',(0.,0.,1.));
#4857 = ORIENTED_EDGE('',*,*,#428,.F.);
#4858 = PLANE('',#4859);
#4859 = AXIS2_PLACEMENT_3D('',#4860,#4861,#4862);
#4860 = CARTESIAN_POINT('',(180.5,-70.5,0.));
#4861 = DIRECTION('',(1.,0.,-0.));
#4862 = DIRECTION('',(0.,-1.,0.));
#4863 = ADVANCED_FACE('',(#4864),#4875,.T.);
#4864 = FACE_BOUND('',#4865,.T.);
#4865 = EDGE_LOOP('',(#4866,#4872,#4873,#4874));
#4866 = ORIENTED_EDGE('',*,*,#4867,.T.);
#4867 = EDGE_CURVE('',#242,#2416,#4868,.T.);
#4868 = LINE('',#4869,#4870);
#4869 = CARTESIAN_POINT('',(46.35288,-115.31699,0.));
#4870 = VECTOR('',#4871,1.);
#4871 = DIRECTION('',(0.,0.,1.));
#4872 = ORIENTED_EDGE('',*,*,#2415,.T.);
#4873 = ORIENTED_EDGE('',*,*,#4833,.F.);
#4874 = ORIENTED_EDGE('',*,*,#241,.F.);
#4875 = PLANE('',#4876);
#4876 = AXIS2_PLACEMENT_3D('',#4877,#4878,#4879);
#4877 = CARTESIAN_POINT('',(46.35288,-115.31699,0.));
#4878 = DIRECTION('',(-0.499999890915,0.866025466765,0.));
#4879 = DIRECTION('',(0.866025466765,0.499999890915,0.));
#4880 = ADVANCED_FACE('',(#4881),#4892,.T.);
#4881 = FACE_BOUND('',#4882,.T.);
#4882 = EDGE_LOOP('',(#4883,#4884,#4885,#4891));
#4883 = ORIENTED_EDGE('',*,*,#4852,.T.);
#4884 = ORIENTED_EDGE('',*,*,#2593,.T.);
#4885 = ORIENTED_EDGE('',*,*,#4886,.F.);
#4886 = EDGE_CURVE('',#412,#2586,#4887,.T.);
#4887 = LINE('',#4888,#4889);
#4888 = CARTESIAN_POINT('',(179.5,-106.5,0.));
#4889 = VECTOR('',#4890,1.);
#4890 = DIRECTION('',(0.,0.,1.));
#4891 = ORIENTED_EDGE('',*,*,#419,.F.);
#4892 = CYLINDRICAL_SURFACE('',#4893,0.999999252925);
#4893 = AXIS2_PLACEMENT_3D('',#4894,#4895,#4896);
#4894 = CARTESIAN_POINT('',(179.50000074707,-105.500000747,0.));
#4895 = DIRECTION('',(0.,0.,-1.));
#4896 = DIRECTION('',(1.,7.470757491648E-07,0.));
#4897 = ADVANCED_FACE('',(#4898),#4909,.T.);
#4898 = FACE_BOUND('',#4899,.T.);
#4899 = EDGE_LOOP('',(#4900,#4906,#4907,#4908));
#4900 = ORIENTED_EDGE('',*,*,#4901,.T.);
#4901 = EDGE_CURVE('',#250,#2424,#4902,.T.);
#4902 = LINE('',#4903,#4904);
#4903 = CARTESIAN_POINT('',(45.986856,-116.683017,0.));
#4904 = VECTOR('',#4905,1.);
#4905 = DIRECTION('',(0.,0.,1.));
#4906 = ORIENTED_EDGE('',*,*,#2423,.T.);
#4907 = ORIENTED_EDGE('',*,*,#4867,.F.);
#4908 = ORIENTED_EDGE('',*,*,#249,.F.);
#4909 = CYLINDRICAL_SURFACE('',#4910,0.999999282748);
#4910 = AXIS2_PLACEMENT_3D('',#4911,#4912,#4913);
#4911 = CARTESIAN_POINT('',(46.852879381868,-116.1830149324,0.));
#4912 = DIRECTION('',(0.,0.,-1.));
#4913 = DIRECTION('',(-0.866024003026,-0.500002426177,-0.));
#4914 = ADVANCED_FACE('',(#4915),#4926,.T.);
#4915 = FACE_BOUND('',#4916,.T.);
#4916 = EDGE_LOOP('',(#4917,#4918,#4919,#4925));
#4917 = ORIENTED_EDGE('',*,*,#4886,.T.);
#4918 = ORIENTED_EDGE('',*,*,#2585,.T.);
#4919 = ORIENTED_EDGE('',*,*,#4920,.F.);
#4920 = EDGE_CURVE('',#403,#2577,#4921,.T.);
#4921 = LINE('',#4922,#4923);
#4922 = CARTESIAN_POINT('',(167.5,-106.5,0.));
#4923 = VECTOR('',#4924,1.);
#4924 = DIRECTION('',(0.,0.,1.));
#4925 = ORIENTED_EDGE('',*,*,#411,.F.);
#4926 = PLANE('',#4927);
#4927 = AXIS2_PLACEMENT_3D('',#4928,#4929,#4930);
#4928 = CARTESIAN_POINT('',(179.5,-106.5,0.));
#4929 = DIRECTION('',(0.,-1.,0.));
#4930 = DIRECTION('',(-1.,0.,0.));
#4931 = ADVANCED_FACE('',(#4932),#4943,.T.);
#4932 = FACE_BOUND('',#4933,.T.);
#4933 = EDGE_LOOP('',(#4934,#4940,#4941,#4942));
#4934 = ORIENTED_EDGE('',*,*,#4935,.T.);
#4935 = EDGE_CURVE('',#259,#2433,#4936,.T.);
#4936 = LINE('',#4937,#4938);
#4937 = CARTESIAN_POINT('',(54.503472,-131.434154,0.));
#4938 = VECTOR('',#4939,1.);
#4939 = DIRECTION('',(0.,0.,1.));
#4940 = ORIENTED_EDGE('',*,*,#2432,.T.);
#4941 = ORIENTED_EDGE('',*,*,#4901,.F.);
#4942 = ORIENTED_EDGE('',*,*,#258,.F.);
#4943 = PLANE('',#4944);
#4944 = AXIS2_PLACEMENT_3D('',#4945,#4946,#4947);
#4945 = CARTESIAN_POINT('',(54.503472,-131.434154,0.));
#4946 = DIRECTION('',(-0.866024308558,-0.500001896983,0.));
#4947 = DIRECTION('',(-0.500001896983,0.866024308558,0.));
#4948 = ADVANCED_FACE('',(#4949),#4960,.F.);
#4949 = FACE_BOUND('',#4950,.T.);
#4950 = EDGE_LOOP('',(#4951,#4952,#4953,#4959));
#4951 = ORIENTED_EDGE('',*,*,#4920,.T.);
#4952 = ORIENTED_EDGE('',*,*,#2576,.T.);
#4953 = ORIENTED_EDGE('',*,*,#4954,.F.);
#4954 = EDGE_CURVE('',#395,#2569,#4955,.T.);
#4955 = LINE('',#4956,#4957);
#4956 = CARTESIAN_POINT('',(166.5,-107.5,0.));
#4957 = VECTOR('',#4958,1.);
#4958 = DIRECTION('',(0.,0.,1.));
#4959 = ORIENTED_EDGE('',*,*,#402,.F.);
#4960 = CYLINDRICAL_SURFACE('',#4961,0.999999252925);
#4961 = AXIS2_PLACEMENT_3D('',#4962,#4963,#4964);
#4962 = CARTESIAN_POINT('',(167.49999925292,-107.4999992529,0.));
#4963 = DIRECTION('',(-0.,-0.,-1.));
#4964 = DIRECTION('',(7.470757349539E-07,1.,-0.));
#4965 = ADVANCED_FACE('',(#4966),#4977,.T.);
#4966 = FACE_BOUND('',#4967,.T.);
#4967 = EDGE_LOOP('',(#4968,#4974,#4975,#4976));
#4968 = ORIENTED_EDGE('',*,*,#4969,.T.);
#4969 = EDGE_CURVE('',#267,#2441,#4970,.T.);
#4970 = LINE('',#4971,#4972);
#4971 = CARTESIAN_POINT('',(56.753158,-132.366002,0.));
#4972 = VECTOR('',#4973,1.);
#4973 = DIRECTION('',(0.,0.,1.));
#4974 = ORIENTED_EDGE('',*,*,#2440,.T.);
#4975 = ORIENTED_EDGE('',*,*,#4935,.F.);
#4976 = ORIENTED_EDGE('',*,*,#266,.F.);
#4977 = CYLINDRICAL_SURFACE('',#4978,1.999999134954);
#4978 = AXIS2_PLACEMENT_3D('',#4979,#4980,#4981);
#4979 = CARTESIAN_POINT('',(56.235520175783,-130.4341511717,0.));
#4980 = DIRECTION('',(0.,0.,-1.));
#4981 = DIRECTION('',(0.258819024054,-0.965925831929,0.));
#4982 = ADVANCED_FACE('',(#4983),#4994,.T.);
#4983 = FACE_BOUND('',#4984,.T.);
#4984 = EDGE_LOOP('',(#4985,#4986,#4987,#4993));
#4985 = ORIENTED_EDGE('',*,*,#4954,.T.);
#4986 = ORIENTED_EDGE('',*,*,#2568,.T.);
#4987 = ORIENTED_EDGE('',*,*,#4988,.F.);
#4988 = EDGE_CURVE('',#386,#2560,#4989,.T.);
#4989 = LINE('',#4990,#4991);
#4990 = CARTESIAN_POINT('',(166.5,-109.5,0.));
#4991 = VECTOR('',#4992,1.);
#4992 = DIRECTION('',(0.,0.,1.));
#4993 = ORIENTED_EDGE('',*,*,#394,.F.);
#4994 = PLANE('',#4995);
#4995 = AXIS2_PLACEMENT_3D('',#4996,#4997,#4998);
#4996 = CARTESIAN_POINT('',(166.5,-107.5,0.));
#4997 = DIRECTION('',(1.,0.,-0.));
#4998 = DIRECTION('',(0.,-1.,0.));
#4999 = ADVANCED_FACE('',(#5000),#5011,.T.);
#5000 = FACE_BOUND('',#5001,.T.);
#5001 = EDGE_LOOP('',(#5002,#5008,#5009,#5010));
#5002 = ORIENTED_EDGE('',*,*,#5003,.T.);
#5003 = EDGE_CURVE('',#276,#2450,#5004,.T.);
#5004 = LINE('',#5005,#5006);
#5005 = CARTESIAN_POINT('',(91.871403,-122.956097,0.));
#5006 = VECTOR('',#5007,1.);
#5007 = DIRECTION('',(0.,0.,1.));
#5008 = ORIENTED_EDGE('',*,*,#2449,.T.);
#5009 = ORIENTED_EDGE('',*,*,#4969,.F.);
#5010 = ORIENTED_EDGE('',*,*,#275,.F.);
#5011 = PLANE('',#5012);
#5012 = AXIS2_PLACEMENT_3D('',#5013,#5014,#5015);
#5013 = CARTESIAN_POINT('',(91.871403,-122.956097,0.));
#5014 = DIRECTION('',(0.258819035162,-0.965925828953,0.));
#5015 = DIRECTION('',(-0.965925828953,-0.258819035162,0.));
#5016 = ADVANCED_FACE('',(#5017),#5028,.T.);
#5017 = FACE_BOUND('',#5018,.T.);
#5018 = EDGE_LOOP('',(#5019,#5020,#5021,#5027));
#5019 = ORIENTED_EDGE('',*,*,#4988,.T.);
#5020 = ORIENTED_EDGE('',*,*,#2559,.T.);
#5021 = ORIENTED_EDGE('',*,*,#5022,.F.);
#5022 = EDGE_CURVE('',#378,#2552,#5023,.T.);
#5023 = LINE('',#5024,#5025);
#5024 = CARTESIAN_POINT('',(165.5,-110.5,0.));
#5025 = VECTOR('',#5026,1.);
#5026 = DIRECTION('',(0.,0.,1.));
#5027 = ORIENTED_EDGE('',*,*,#385,.F.);
#5028 = CYLINDRICAL_SURFACE('',#5029,0.999999252925);
#5029 = AXIS2_PLACEMENT_3D('',#5030,#5031,#5032);
#5030 = CARTESIAN_POINT('',(165.50000074707,-109.500000747,0.));
#5031 = DIRECTION('',(0.,0.,-1.));
#5032 = DIRECTION('',(1.,7.470757491648E-07,0.));
#5033 = ADVANCED_FACE('',(#5034),#5045,.T.);
#5034 = FACE_BOUND('',#5035,.T.);
#5035 = EDGE_LOOP('',(#5036,#5042,#5043,#5044));
#5036 = ORIENTED_EDGE('',*,*,#5037,.T.);
#5037 = EDGE_CURVE('',#284,#2458,#5038,.T.);
#5038 = LINE('',#5039,#5040);
#5039 = CARTESIAN_POINT('',(93.19777,-120.532314,0.));
#5040 = VECTOR('',#5041,1.);
#5041 = DIRECTION('',(0.,0.,1.));
#5042 = ORIENTED_EDGE('',*,*,#2457,.T.);
#5043 = ORIENTED_EDGE('',*,*,#5003,.F.);
#5044 = ORIENTED_EDGE('',*,*,#283,.F.);
#5045 = CYLINDRICAL_SURFACE('',#5046,1.999903938058);
#5046 = AXIS2_PLACEMENT_3D('',#5047,#5048,#5049);
#5047 = CARTESIAN_POINT('',(91.266034893959,-121.0500158848,0.));
#5048 = DIRECTION('',(0.,0.,-1.));
#5049 = DIRECTION('',(0.965913946806,0.258863375869,0.));
#5050 = ADVANCED_FACE('',(#5051),#5062,.T.);
#5051 = FACE_BOUND('',#5052,.T.);
#5052 = EDGE_LOOP('',(#5053,#5054,#5055,#5061));
#5053 = ORIENTED_EDGE('',*,*,#5022,.T.);
#5054 = ORIENTED_EDGE('',*,*,#2551,.T.);
#5055 = ORIENTED_EDGE('',*,*,#5056,.F.);
#5056 = EDGE_CURVE('',#369,#2543,#5057,.T.);
#5057 = LINE('',#5058,#5059);
#5058 = CARTESIAN_POINT('',(144.,-110.5,0.));
#5059 = VECTOR('',#5060,1.);
#5060 = DIRECTION('',(0.,0.,1.));
#5061 = ORIENTED_EDGE('',*,*,#377,.F.);
#5062 = PLANE('',#5063);
#5063 = AXIS2_PLACEMENT_3D('',#5064,#5065,#5066);
#5064 = CARTESIAN_POINT('',(165.5,-110.5,0.));
#5065 = DIRECTION('',(0.,-1.,0.));
#5066 = DIRECTION('',(-1.,0.,0.));
#5067 = ADVANCED_FACE('',(#5068),#5079,.T.);
#5068 = FACE_BOUND('',#5069,.T.);
#5069 = EDGE_LOOP('',(#5070,#5076,#5077,#5078));
#5070 = ORIENTED_EDGE('',*,*,#5071,.T.);
#5071 = EDGE_CURVE('',#293,#2467,#5072,.T.);
#5072 = LINE('',#5073,#5074);
#5073 = CARTESIAN_POINT('',(90.052523,-108.794095,0.));
#5074 = VECTOR('',#5075,1.);
#5075 = DIRECTION('',(0.,0.,1.));
#5076 = ORIENTED_EDGE('',*,*,#2466,.T.);
#5077 = ORIENTED_EDGE('',*,*,#5037,.F.);
#5078 = ORIENTED_EDGE('',*,*,#292,.F.);
#5079 = PLANE('',#5080);
#5080 = AXIS2_PLACEMENT_3D('',#5081,#5082,#5083);
#5081 = CARTESIAN_POINT('',(90.052523,-108.794095,0.));
#5082 = DIRECTION('',(0.965925811922,0.258819098721,-0.));
#5083 = DIRECTION('',(0.258819098721,-0.965925811922,0.));
#5084 = ADVANCED_FACE('',(#5085),#5096,.F.);
#5085 = FACE_BOUND('',#5086,.T.);
#5086 = EDGE_LOOP('',(#5087,#5088,#5089,#5095));
#5087 = ORIENTED_EDGE('',*,*,#5056,.T.);
#5088 = ORIENTED_EDGE('',*,*,#2542,.T.);
#5089 = ORIENTED_EDGE('',*,*,#5090,.F.);
#5090 = EDGE_CURVE('',#361,#2535,#5091,.T.);
#5091 = LINE('',#5092,#5093);
#5092 = CARTESIAN_POINT('',(143.,-111.5,0.));
#5093 = VECTOR('',#5094,1.);
#5094 = DIRECTION('',(0.,0.,1.));
#5095 = ORIENTED_EDGE('',*,*,#368,.F.);
#5096 = CYLINDRICAL_SURFACE('',#5097,0.999999252925);
#5097 = AXIS2_PLACEMENT_3D('',#5098,#5099,#5100);
#5098 = CARTESIAN_POINT('',(143.99999925292,-111.4999992529,0.));
#5099 = DIRECTION('',(-0.,-0.,-1.));
#5100 = DIRECTION('',(7.470757349539E-07,1.,-0.));
#5101 = ADVANCED_FACE('',(#5102),#5113,.F.);
#5102 = FACE_BOUND('',#5103,.T.);
#5103 = EDGE_LOOP('',(#5104,#5110,#5111,#5112));
#5104 = ORIENTED_EDGE('',*,*,#5105,.T.);
#5105 = EDGE_CURVE('',#301,#2475,#5106,.T.);
#5106 = LINE('',#5107,#5108);
#5107 = CARTESIAN_POINT('',(94.882152,-102.5,0.));
#5108 = VECTOR('',#5109,1.);
#5109 = DIRECTION('',(0.,0.,1.));
#5110 = ORIENTED_EDGE('',*,*,#2474,.T.);
#5111 = ORIENTED_EDGE('',*,*,#5071,.F.);
#5112 = ORIENTED_EDGE('',*,*,#300,.F.);
#5113 = CYLINDRICAL_SURFACE('',#5114,5.000000766444);
#5114 = AXIS2_PLACEMENT_3D('',#5115,#5116,#5117);
#5115 = CARTESIAN_POINT('',(94.882153190721,-107.5000007664,0.));
#5116 = DIRECTION('',(-0.,-0.,-1.));
#5117 = DIRECTION('',(-2.381440855174E-07,1.,0.));
#5118 = ADVANCED_FACE('',(#5119),#5130,.T.);
#5119 = FACE_BOUND('',#5120,.T.);
#5120 = EDGE_LOOP('',(#5121,#5122,#5123,#5129));
#5121 = ORIENTED_EDGE('',*,*,#5090,.T.);
#5122 = ORIENTED_EDGE('',*,*,#2534,.T.);
#5123 = ORIENTED_EDGE('',*,*,#5124,.F.);
#5124 = EDGE_CURVE('',#352,#2526,#5125,.T.);
#5125 = LINE('',#5126,#5127);
#5126 = CARTESIAN_POINT('',(143.,-125.5,0.));
#5127 = VECTOR('',#5128,1.);
#5128 = DIRECTION('',(0.,0.,1.));
#5129 = ORIENTED_EDGE('',*,*,#360,.F.);
#5130 = PLANE('',#5131);
#5131 = AXIS2_PLACEMENT_3D('',#5132,#5133,#5134);
#5132 = CARTESIAN_POINT('',(143.,-111.5,0.));
#5133 = DIRECTION('',(1.,0.,-0.));
#5134 = DIRECTION('',(0.,-1.,0.));
#5135 = ADVANCED_FACE('',(#5136),#5147,.T.);
#5136 = FACE_BOUND('',#5137,.T.);
#5137 = EDGE_LOOP('',(#5138,#5144,#5145,#5146));
#5138 = ORIENTED_EDGE('',*,*,#5139,.T.);
#5139 = EDGE_CURVE('',#310,#2484,#5140,.T.);
#5140 = LINE('',#5141,#5142);
#5141 = CARTESIAN_POINT('',(135.,-102.5,0.));
#5142 = VECTOR('',#5143,1.);
#5143 = DIRECTION('',(0.,0.,1.));
#5144 = ORIENTED_EDGE('',*,*,#2483,.T.);
#5145 = ORIENTED_EDGE('',*,*,#5105,.F.);
#5146 = ORIENTED_EDGE('',*,*,#309,.F.);
#5147 = PLANE('',#5148);
#5148 = AXIS2_PLACEMENT_3D('',#5149,#5150,#5151);
#5149 = CARTESIAN_POINT('',(135.,-102.5,0.));
#5150 = DIRECTION('',(0.,-1.,0.));
#5151 = DIRECTION('',(-1.,0.,0.));
#5152 = ADVANCED_FACE('',(#5153),#5164,.T.);
#5153 = FACE_BOUND('',#5154,.T.);
#5154 = EDGE_LOOP('',(#5155,#5156,#5157,#5163));
#5155 = ORIENTED_EDGE('',*,*,#5124,.T.);
#5156 = ORIENTED_EDGE('',*,*,#2525,.T.);
#5157 = ORIENTED_EDGE('',*,*,#5158,.F.);
#5158 = EDGE_CURVE('',#344,#2518,#5159,.T.);
#5159 = LINE('',#5160,#5161);
#5160 = CARTESIAN_POINT('',(142.,-126.5,0.));
#5161 = VECTOR('',#5162,1.);
#5162 = DIRECTION('',(0.,0.,1.));
#5163 = ORIENTED_EDGE('',*,*,#351,.F.);
#5164 = CYLINDRICAL_SURFACE('',#5165,0.999999252925);
#5165 = AXIS2_PLACEMENT_3D('',#5166,#5167,#5168);
#5166 = CARTESIAN_POINT('',(142.00000074707,-125.500000747,0.));
#5167 = DIRECTION('',(0.,0.,-1.));
#5168 = DIRECTION('',(1.,7.470757491648E-07,0.));
#5169 = ADVANCED_FACE('',(#5170),#5181,.F.);
#5170 = FACE_BOUND('',#5171,.T.);
#5171 = EDGE_LOOP('',(#5172,#5178,#5179,#5180));
#5172 = ORIENTED_EDGE('',*,*,#5173,.T.);
#5173 = EDGE_CURVE('',#318,#2492,#5174,.T.);
#5174 = LINE('',#5175,#5176);
#5175 = CARTESIAN_POINT('',(136.,-103.5,0.));
#5176 = VECTOR('',#5177,1.);
#5177 = DIRECTION('',(0.,0.,1.));
#5178 = ORIENTED_EDGE('',*,*,#2491,.T.);
#5179 = ORIENTED_EDGE('',*,*,#5139,.F.);
#5180 = ORIENTED_EDGE('',*,*,#317,.F.);
#5181 = CYLINDRICAL_SURFACE('',#5182,0.999999252925);
#5182 = AXIS2_PLACEMENT_3D('',#5183,#5184,#5185);
#5183 = CARTESIAN_POINT('',(135.00000074707,-103.4999992529,0.));
#5184 = DIRECTION('',(-0.,-0.,-1.));
#5185 = DIRECTION('',(1.,-7.470757491648E-07,0.));
#5186 = ADVANCED_FACE('',(#5187),#5198,.T.);
#5187 = FACE_BOUND('',#5188,.T.);
#5188 = EDGE_LOOP('',(#5189,#5190,#5191,#5197));
#5189 = ORIENTED_EDGE('',*,*,#5158,.T.);
#5190 = ORIENTED_EDGE('',*,*,#2517,.T.);
#5191 = ORIENTED_EDGE('',*,*,#5192,.F.);
#5192 = EDGE_CURVE('',#335,#2509,#5193,.T.);
#5193 = LINE('',#5194,#5195);
#5194 = CARTESIAN_POINT('',(137.,-126.5,0.));
#5195 = VECTOR('',#5196,1.);
#5196 = DIRECTION('',(0.,0.,1.));
#5197 = ORIENTED_EDGE('',*,*,#343,.F.);
#5198 = PLANE('',#5199);
#5199 = AXIS2_PLACEMENT_3D('',#5200,#5201,#5202);
#5200 = CARTESIAN_POINT('',(142.,-126.5,0.));
#5201 = DIRECTION('',(0.,-1.,0.));
#5202 = DIRECTION('',(-1.,0.,0.));
#5203 = ADVANCED_FACE('',(#5204),#5215,.T.);
#5204 = FACE_BOUND('',#5205,.T.);
#5205 = EDGE_LOOP('',(#5206,#5212,#5213,#5214));
#5206 = ORIENTED_EDGE('',*,*,#5207,.T.);
#5207 = EDGE_CURVE('',#327,#2501,#5208,.T.);
#5208 = LINE('',#5209,#5210);
#5209 = CARTESIAN_POINT('',(136.,-125.5,0.));
#5210 = VECTOR('',#5211,1.);
#5211 = DIRECTION('',(0.,0.,1.));
#5212 = ORIENTED_EDGE('',*,*,#2500,.T.);
#5213 = ORIENTED_EDGE('',*,*,#5173,.F.);
#5214 = ORIENTED_EDGE('',*,*,#326,.F.);
#5215 = PLANE('',#5216);
#5216 = AXIS2_PLACEMENT_3D('',#5217,#5218,#5219);
#5217 = CARTESIAN_POINT('',(136.,-125.5,0.));
#5218 = DIRECTION('',(-1.,0.,0.));
#5219 = DIRECTION('',(0.,1.,0.));
#5220 = ADVANCED_FACE('',(#5221),#5227,.T.);
#5221 = FACE_BOUND('',#5222,.T.);
#5222 = EDGE_LOOP('',(#5223,#5224,#5225,#5226));
#5223 = ORIENTED_EDGE('',*,*,#5192,.T.);
#5224 = ORIENTED_EDGE('',*,*,#2508,.T.);
#5225 = ORIENTED_EDGE('',*,*,#5207,.F.);
#5226 = ORIENTED_EDGE('',*,*,#334,.F.);
#5227 = CYLINDRICAL_SURFACE('',#5228,0.999999252925);
#5228 = AXIS2_PLACEMENT_3D('',#5229,#5230,#5231);
#5229 = CARTESIAN_POINT('',(136.99999925292,-125.500000747,0.));
#5230 = DIRECTION('',(0.,0.,-1.));
#5231 = DIRECTION('',(7.470757349539E-07,-1.,0.));
#5232 = ADVANCED_FACE('',(#5233),#5244,.F.);
#5233 = FACE_BOUND('',#5234,.T.);
#5234 = EDGE_LOOP('',(#5235,#5236,#5242,#5243));
#5235 = ORIENTED_EDGE('',*,*,#522,.T.);
#5236 = ORIENTED_EDGE('',*,*,#5237,.T.);
#5237 = EDGE_CURVE('',#523,#2697,#5238,.T.);
#5238 = LINE('',#5239,#5240);
#5239 = CARTESIAN_POINT('',(55.89045,-123.475,-4.6E-02));
#5240 = VECTOR('',#5241,1.);
#5241 = DIRECTION('',(0.,0.,1.));
#5242 = ORIENTED_EDGE('',*,*,#2696,.F.);
#5243 = ORIENTED_EDGE('',*,*,#5237,.F.);
#5244 = CYLINDRICAL_SURFACE('',#5245,1.525);
#5245 = AXIS2_PLACEMENT_3D('',#5246,#5247,#5248);
#5246 = CARTESIAN_POINT('',(55.89045,-121.95,-4.6E-02));
#5247 = DIRECTION('',(-0.,-0.,-1.));
#5248 = DIRECTION('',(-0.,-1.,0.));
#5249 = ADVANCED_FACE('',(#5250),#5261,.F.);
#5250 = FACE_BOUND('',#5251,.T.);
#5251 = EDGE_LOOP('',(#5252,#5253,#5259,#5260));
#5252 = ORIENTED_EDGE('',*,*,#533,.T.);
#5253 = ORIENTED_EDGE('',*,*,#5254,.T.);
#5254 = EDGE_CURVE('',#534,#2708,#5255,.T.);
#5255 = LINE('',#5256,#5257);
#5256 = CARTESIAN_POINT('',(63.75,-124.71314,-4.6E-02));
#5257 = VECTOR('',#5258,1.);
#5258 = DIRECTION('',(0.,0.,1.));
#5259 = ORIENTED_EDGE('',*,*,#2707,.F.);
#5260 = ORIENTED_EDGE('',*,*,#5254,.F.);
#5261 = CYLINDRICAL_SURFACE('',#5262,0.95);
#5262 = AXIS2_PLACEMENT_3D('',#5263,#5264,#5265);
#5263 = CARTESIAN_POINT('',(63.75,-123.76314,-4.6E-02));
#5264 = DIRECTION('',(-0.,-0.,-1.));
#5265 = DIRECTION('',(-0.,-1.,0.));
#5266 = ADVANCED_FACE('',(#5267),#5278,.F.);
#5267 = FACE_BOUND('',#5268,.T.);
#5268 = EDGE_LOOP('',(#5269,#5270,#5276,#5277));
#5269 = ORIENTED_EDGE('',*,*,#544,.T.);
#5270 = ORIENTED_EDGE('',*,*,#5271,.T.);
#5271 = EDGE_CURVE('',#545,#2719,#5272,.T.);
#5272 = LINE('',#5273,#5274);
#5273 = CARTESIAN_POINT('',(55.209103,-118.094873,-4.6E-02));
#5274 = VECTOR('',#5275,1.);
#5275 = DIRECTION('',(0.,0.,1.));
#5276 = ORIENTED_EDGE('',*,*,#2718,.F.);
#5277 = ORIENTED_EDGE('',*,*,#5271,.F.);
#5278 = CYLINDRICAL_SURFACE('',#5279,1.525);
#5279 = AXIS2_PLACEMENT_3D('',#5280,#5281,#5282);
#5280 = CARTESIAN_POINT('',(55.209103,-116.569873,-4.6E-02));
#5281 = DIRECTION('',(-0.,-0.,-1.));
#5282 = DIRECTION('',(-0.,-1.,0.));
#5283 = ADVANCED_FACE('',(#5284),#5295,.F.);
#5284 = FACE_BOUND('',#5285,.T.);
#5285 = EDGE_LOOP('',(#5286,#5287,#5293,#5294));
#5286 = ORIENTED_EDGE('',*,*,#555,.T.);
#5287 = ORIENTED_EDGE('',*,*,#5288,.T.);
#5288 = EDGE_CURVE('',#556,#2730,#5289,.T.);
#5289 = LINE('',#5290,#5291);
#5290 = CARTESIAN_POINT('',(61.,-121.525,-4.6E-02));
#5291 = VECTOR('',#5292,1.);
#5292 = DIRECTION('',(0.,0.,1.));
#5293 = ORIENTED_EDGE('',*,*,#2729,.F.);
#5294 = ORIENTED_EDGE('',*,*,#5288,.F.);
#5295 = CYLINDRICAL_SURFACE('',#5296,2.525);
#5296 = AXIS2_PLACEMENT_3D('',#5297,#5298,#5299);
#5297 = CARTESIAN_POINT('',(61.,-119.,-4.6E-02));
#5298 = DIRECTION('',(-0.,-0.,-1.));
#5299 = DIRECTION('',(-0.,-1.,0.));
#5300 = ADVANCED_FACE('',(#5301),#5312,.F.);
#5301 = FACE_BOUND('',#5302,.T.);
#5302 = EDGE_LOOP('',(#5303,#5304,#5310,#5311));
#5303 = ORIENTED_EDGE('',*,*,#566,.T.);
#5304 = ORIENTED_EDGE('',*,*,#5305,.T.);
#5305 = EDGE_CURVE('',#567,#2741,#5306,.T.);
#5306 = LINE('',#5307,#5308);
#5307 = CARTESIAN_POINT('',(67.960031,-121.555127,-4.6E-02));
#5308 = VECTOR('',#5309,1.);
#5309 = DIRECTION('',(0.,0.,1.));
#5310 = ORIENTED_EDGE('',*,*,#2740,.F.);
#5311 = ORIENTED_EDGE('',*,*,#5305,.F.);
#5312 = CYLINDRICAL_SURFACE('',#5313,0.8);
#5313 = AXIS2_PLACEMENT_3D('',#5314,#5315,#5316);
#5314 = CARTESIAN_POINT('',(67.960031,-120.755127,-4.6E-02));
#5315 = DIRECTION('',(-0.,-0.,-1.));
#5316 = DIRECTION('',(-0.,-1.,0.));
#5317 = ADVANCED_FACE('',(#5318),#5329,.F.);
#5318 = FACE_BOUND('',#5319,.T.);
#5319 = EDGE_LOOP('',(#5320,#5321,#5327,#5328));
#5320 = ORIENTED_EDGE('',*,*,#577,.T.);
#5321 = ORIENTED_EDGE('',*,*,#5322,.T.);
#5322 = EDGE_CURVE('',#578,#2752,#5323,.T.);
#5323 = LINE('',#5324,#5325);
#5324 = CARTESIAN_POINT('',(77.153883,-121.989613,-4.6E-02));
#5325 = VECTOR('',#5326,1.);
#5326 = DIRECTION('',(0.,0.,1.));
#5327 = ORIENTED_EDGE('',*,*,#2751,.F.);
#5328 = ORIENTED_EDGE('',*,*,#5322,.F.);
#5329 = CYLINDRICAL_SURFACE('',#5330,1.525);
#5330 = AXIS2_PLACEMENT_3D('',#5331,#5332,#5333);
#5331 = CARTESIAN_POINT('',(77.153883,-120.464613,-4.6E-02));
#5332 = DIRECTION('',(-0.,-0.,-1.));
#5333 = DIRECTION('',(-9.31859325587E-15,-1.,0.));
#5334 = ADVANCED_FACE('',(#5335),#5346,.F.);
#5335 = FACE_BOUND('',#5336,.T.);
#5336 = EDGE_LOOP('',(#5337,#5338,#5344,#5345));
#5337 = ORIENTED_EDGE('',*,*,#588,.T.);
#5338 = ORIENTED_EDGE('',*,*,#5339,.T.);
#5339 = EDGE_CURVE('',#589,#2763,#5340,.T.);
#5340 = LINE('',#5341,#5342);
#5341 = CARTESIAN_POINT('',(75.687408,-117.873505,-4.6E-02));
#5342 = VECTOR('',#5343,1.);
#5343 = DIRECTION('',(0.,0.,1.));
#5344 = ORIENTED_EDGE('',*,*,#2762,.F.);
#5345 = ORIENTED_EDGE('',*,*,#5339,.F.);
#5346 = CYLINDRICAL_SURFACE('',#5347,0.95);
#5347 = AXIS2_PLACEMENT_3D('',#5348,#5349,#5350);
#5348 = CARTESIAN_POINT('',(75.687408,-116.923505,-4.6E-02));
#5349 = DIRECTION('',(-0.,-0.,-1.));
#5350 = DIRECTION('',(-0.,-1.,0.));
#5351 = ADVANCED_FACE('',(#5352),#5363,.F.);
#5352 = FACE_BOUND('',#5353,.T.);
#5353 = EDGE_LOOP('',(#5354,#5355,#5361,#5362));
#5354 = ORIENTED_EDGE('',*,*,#599,.T.);
#5355 = ORIENTED_EDGE('',*,*,#5356,.T.);
#5356 = EDGE_CURVE('',#600,#2774,#5357,.T.);
#5357 = LINE('',#5358,#5359);
#5358 = CARTESIAN_POINT('',(81.,-118.025,-4.6E-02));
#5359 = VECTOR('',#5360,1.);
#5360 = DIRECTION('',(0.,0.,1.));
#5361 = ORIENTED_EDGE('',*,*,#2773,.F.);
#5362 = ORIENTED_EDGE('',*,*,#5356,.F.);
#5363 = CYLINDRICAL_SURFACE('',#5364,2.525);
#5364 = AXIS2_PLACEMENT_3D('',#5365,#5366,#5367);
#5365 = CARTESIAN_POINT('',(81.,-115.5,-4.6E-02));
#5366 = DIRECTION('',(-0.,-0.,-1.));
#5367 = DIRECTION('',(-0.,-1.,0.));
#5368 = ADVANCED_FACE('',(#5369),#5380,.F.);
#5369 = FACE_BOUND('',#5370,.T.);
#5370 = EDGE_LOOP('',(#5371,#5372,#5378,#5379));
#5371 = ORIENTED_EDGE('',*,*,#610,.T.);
#5372 = ORIENTED_EDGE('',*,*,#5373,.T.);
#5373 = EDGE_CURVE('',#611,#2785,#5374,.T.);
#5374 = LINE('',#5375,#5376);
#5375 = CARTESIAN_POINT('',(58.25,-115.18686,-4.6E-02));
#5376 = VECTOR('',#5377,1.);
#5377 = DIRECTION('',(0.,0.,1.));
#5378 = ORIENTED_EDGE('',*,*,#2784,.F.);
#5379 = ORIENTED_EDGE('',*,*,#5373,.F.);
#5380 = CYLINDRICAL_SURFACE('',#5381,0.95);
#5381 = AXIS2_PLACEMENT_3D('',#5382,#5383,#5384);
#5382 = CARTESIAN_POINT('',(58.25,-114.23686,-4.6E-02));
#5383 = DIRECTION('',(-0.,-0.,-1.));
#5384 = DIRECTION('',(-0.,-1.,0.));
#5385 = ADVANCED_FACE('',(#5386),#5397,.F.);
#5386 = FACE_BOUND('',#5387,.T.);
#5387 = EDGE_LOOP('',(#5388,#5389,#5395,#5396));
#5388 = ORIENTED_EDGE('',*,*,#621,.T.);
#5389 = ORIENTED_EDGE('',*,*,#5390,.T.);
#5390 = EDGE_CURVE('',#622,#2796,#5391,.T.);
#5391 = LINE('',#5392,#5393);
#5392 = CARTESIAN_POINT('',(68.,-109.65,-4.6E-02));
#5393 = VECTOR('',#5394,1.);
#5394 = DIRECTION('',(0.,0.,1.));
#5395 = ORIENTED_EDGE('',*,*,#2795,.F.);
#5396 = ORIENTED_EDGE('',*,*,#5390,.F.);
#5397 = CYLINDRICAL_SURFACE('',#5398,2.15);
#5398 = AXIS2_PLACEMENT_3D('',#5399,#5400,#5401);
#5399 = CARTESIAN_POINT('',(68.,-107.5,-4.6E-02));
#5400 = DIRECTION('',(-0.,-0.,-1.));
#5401 = DIRECTION('',(-0.,-1.,0.));
#5402 = ADVANCED_FACE('',(#5403),#5414,.F.);
#5403 = FACE_BOUND('',#5404,.T.);
#5404 = EDGE_LOOP('',(#5405,#5406,#5412,#5413));
#5405 = ORIENTED_EDGE('',*,*,#632,.T.);
#5406 = ORIENTED_EDGE('',*,*,#5407,.T.);
#5407 = EDGE_CURVE('',#633,#2807,#5408,.T.);
#5408 = LINE('',#5409,#5410);
#5409 = CARTESIAN_POINT('',(82.527032,-122.723962,-4.6E-02));
#5410 = VECTOR('',#5411,1.);
#5411 = DIRECTION('',(0.,0.,1.));
#5412 = ORIENTED_EDGE('',*,*,#2806,.F.);
#5413 = ORIENTED_EDGE('',*,*,#5407,.F.);
#5414 = CYLINDRICAL_SURFACE('',#5415,1.525);
#5415 = AXIS2_PLACEMENT_3D('',#5416,#5417,#5418);
#5416 = CARTESIAN_POINT('',(82.527032,-121.198962,-4.6E-02));
#5417 = DIRECTION('',(-0.,0.,-1.));
#5418 = DIRECTION('',(9.31859325587E-15,-1.,-0.));
#5419 = ADVANCED_FACE('',(#5420),#5431,.F.);
#5420 = FACE_BOUND('',#5421,.T.);
#5421 = EDGE_LOOP('',(#5422,#5423,#5429,#5430));
#5422 = ORIENTED_EDGE('',*,*,#643,.T.);
#5423 = ORIENTED_EDGE('',*,*,#5424,.T.);
#5424 = EDGE_CURVE('',#644,#2818,#5425,.T.);
#5425 = LINE('',#5426,#5427);
#5426 = CARTESIAN_POINT('',(86.312592,-115.026495,-4.6E-02));
#5427 = VECTOR('',#5428,1.);
#5428 = DIRECTION('',(0.,0.,1.));
#5429 = ORIENTED_EDGE('',*,*,#2817,.F.);
#5430 = ORIENTED_EDGE('',*,*,#5424,.F.);
#5431 = CYLINDRICAL_SURFACE('',#5432,0.95);
#5432 = AXIS2_PLACEMENT_3D('',#5433,#5434,#5435);
#5433 = CARTESIAN_POINT('',(86.312592,-114.076495,-4.6E-02));
#5434 = DIRECTION('',(-0.,-0.,-1.));
#5435 = DIRECTION('',(-0.,-1.,0.));
#5436 = ADVANCED_FACE('',(#5437),#5448,.F.);
#5437 = FACE_BOUND('',#5438,.T.);
#5438 = EDGE_LOOP('',(#5439,#5440,#5446,#5447));
#5439 = ORIENTED_EDGE('',*,*,#654,.T.);
#5440 = ORIENTED_EDGE('',*,*,#5441,.T.);
#5441 = EDGE_CURVE('',#655,#2829,#5442,.T.);
#5442 = LINE('',#5443,#5444);
#5443 = CARTESIAN_POINT('',(84.496711,-110.031387,-4.6E-02));
#5444 = VECTOR('',#5445,1.);
#5445 = DIRECTION('',(0.,0.,1.));
#5446 = ORIENTED_EDGE('',*,*,#2828,.F.);
#5447 = ORIENTED_EDGE('',*,*,#5441,.F.);
#5448 = CYLINDRICAL_SURFACE('',#5449,0.8);
#5449 = AXIS2_PLACEMENT_3D('',#5450,#5451,#5452);
#5450 = CARTESIAN_POINT('',(84.496711,-109.231387,-4.6E-02));
#5451 = DIRECTION('',(-0.,-0.,-1.));
#5452 = DIRECTION('',(-0.,-1.,0.));
#5453 = ADVANCED_FACE('',(#5454),#5465,.F.);
#5454 = FACE_BOUND('',#5455,.T.);
#5455 = EDGE_LOOP('',(#5456,#5457,#5463,#5464));
#5456 = ORIENTED_EDGE('',*,*,#665,.T.);
#5457 = ORIENTED_EDGE('',*,*,#5458,.T.);
#5458 = EDGE_CURVE('',#666,#2840,#5459,.T.);
#5459 = LINE('',#5460,#5461);
#5460 = CARTESIAN_POINT('',(80.,-101.925,-4.6E-02));
#5461 = VECTOR('',#5462,1.);
#5462 = DIRECTION('',(0.,0.,1.));
#5463 = ORIENTED_EDGE('',*,*,#2839,.F.);
#5464 = ORIENTED_EDGE('',*,*,#5458,.F.);
#5465 = CYLINDRICAL_SURFACE('',#5466,1.525);
#5466 = AXIS2_PLACEMENT_3D('',#5467,#5468,#5469);
#5467 = CARTESIAN_POINT('',(80.,-100.4,-4.6E-02));
#5468 = DIRECTION('',(-0.,-0.,-1.));
#5469 = DIRECTION('',(-0.,-1.,0.));
#5470 = ADVANCED_FACE('',(#5471),#5482,.F.);
#5471 = FACE_BOUND('',#5472,.T.);
#5472 = EDGE_LOOP('',(#5473,#5474,#5480,#5481));
#5473 = ORIENTED_EDGE('',*,*,#676,.T.);
#5474 = ORIENTED_EDGE('',*,*,#5475,.T.);
#5475 = EDGE_CURVE('',#677,#2851,#5476,.T.);
#5476 = LINE('',#5477,#5478);
#5477 = CARTESIAN_POINT('',(75.,-99.825,-4.6E-02));
#5478 = VECTOR('',#5479,1.);
#5479 = DIRECTION('',(0.,0.,1.));
#5480 = ORIENTED_EDGE('',*,*,#2850,.F.);
#5481 = ORIENTED_EDGE('',*,*,#5475,.F.);
#5482 = CYLINDRICAL_SURFACE('',#5483,1.525);
#5483 = AXIS2_PLACEMENT_3D('',#5484,#5485,#5486);
#5484 = CARTESIAN_POINT('',(75.,-98.3,-4.6E-02));
#5485 = DIRECTION('',(-0.,-0.,-1.));
#5486 = DIRECTION('',(-0.,-1.,0.));
#5487 = ADVANCED_FACE('',(#5488),#5499,.F.);
#5488 = FACE_BOUND('',#5489,.T.);
#5489 = EDGE_LOOP('',(#5490,#5491,#5497,#5498));
#5490 = ORIENTED_EDGE('',*,*,#687,.T.);
#5491 = ORIENTED_EDGE('',*,*,#5492,.T.);
#5492 = EDGE_CURVE('',#688,#2862,#5493,.T.);
#5493 = LINE('',#5494,#5495);
#5494 = CARTESIAN_POINT('',(74.5,-95.45,-4.6E-02));
#5495 = VECTOR('',#5496,1.);
#5496 = DIRECTION('',(0.,0.,1.));
#5497 = ORIENTED_EDGE('',*,*,#2861,.F.);
#5498 = ORIENTED_EDGE('',*,*,#5492,.F.);
#5499 = CYLINDRICAL_SURFACE('',#5500,0.95);
#5500 = AXIS2_PLACEMENT_3D('',#5501,#5502,#5503);
#5501 = CARTESIAN_POINT('',(74.5,-94.5,-4.6E-02));
#5502 = DIRECTION('',(-0.,-0.,-1.));
#5503 = DIRECTION('',(-0.,-1.,0.));
#5504 = ADVANCED_FACE('',(#5505),#5516,.F.);
#5505 = FACE_BOUND('',#5506,.T.);
#5506 = EDGE_LOOP('',(#5507,#5508,#5514,#5515));
#5507 = ORIENTED_EDGE('',*,*,#698,.T.);
#5508 = ORIENTED_EDGE('',*,*,#5509,.T.);
#5509 = EDGE_CURVE('',#699,#2873,#5510,.T.);
#5510 = LINE('',#5511,#5512);
#5511 = CARTESIAN_POINT('',(80.,-97.025,-4.6E-02));
#5512 = VECTOR('',#5513,1.);
#5513 = DIRECTION('',(0.,0.,1.));
#5514 = ORIENTED_EDGE('',*,*,#2872,.F.);
#5515 = ORIENTED_EDGE('',*,*,#5509,.F.);
#5516 = CYLINDRICAL_SURFACE('',#5517,2.525);
#5517 = AXIS2_PLACEMENT_3D('',#5518,#5519,#5520);
#5518 = CARTESIAN_POINT('',(80.,-94.5,-4.6E-02));
#5519 = DIRECTION('',(-0.,-0.,-1.));
#5520 = DIRECTION('',(-0.,-1.,0.));
#5521 = ADVANCED_FACE('',(#5522),#5533,.F.);
#5522 = FACE_BOUND('',#5523,.T.);
#5523 = EDGE_LOOP('',(#5524,#5525,#5531,#5532));
#5524 = ORIENTED_EDGE('',*,*,#709,.T.);
#5525 = ORIENTED_EDGE('',*,*,#5526,.T.);
#5526 = EDGE_CURVE('',#710,#2884,#5527,.T.);
#5527 = LINE('',#5528,#5529);
#5528 = CARTESIAN_POINT('',(93.,-97.825,-4.6E-02));
#5529 = VECTOR('',#5530,1.);
#5530 = DIRECTION('',(0.,0.,1.));
#5531 = ORIENTED_EDGE('',*,*,#2883,.F.);
#5532 = ORIENTED_EDGE('',*,*,#5526,.F.);
#5533 = CYLINDRICAL_SURFACE('',#5534,1.525);
#5534 = AXIS2_PLACEMENT_3D('',#5535,#5536,#5537);
#5535 = CARTESIAN_POINT('',(93.,-96.3,-4.6E-02));
#5536 = DIRECTION('',(-0.,-0.,-1.));
#5537 = DIRECTION('',(-0.,-1.,0.));
#5538 = ADVANCED_FACE('',(#5539),#5550,.F.);
#5539 = FACE_BOUND('',#5540,.T.);
#5540 = EDGE_LOOP('',(#5541,#5542,#5548,#5549));
#5541 = ORIENTED_EDGE('',*,*,#720,.T.);
#5542 = ORIENTED_EDGE('',*,*,#5543,.T.);
#5543 = EDGE_CURVE('',#721,#2895,#5544,.T.);
#5544 = LINE('',#5545,#5546);
#5545 = CARTESIAN_POINT('',(98.,-99.925,-4.6E-02));
#5546 = VECTOR('',#5547,1.);
#5547 = DIRECTION('',(0.,0.,1.));
#5548 = ORIENTED_EDGE('',*,*,#2894,.F.);
#5549 = ORIENTED_EDGE('',*,*,#5543,.F.);
#5550 = CYLINDRICAL_SURFACE('',#5551,1.525);
#5551 = AXIS2_PLACEMENT_3D('',#5552,#5553,#5554);
#5552 = CARTESIAN_POINT('',(98.,-98.4,-4.6E-02));
#5553 = DIRECTION('',(-0.,-0.,-1.));
#5554 = DIRECTION('',(-0.,-1.,0.));
#5555 = ADVANCED_FACE('',(#5556),#5567,.F.);
#5556 = FACE_BOUND('',#5557,.T.);
#5557 = EDGE_LOOP('',(#5558,#5559,#5565,#5566));
#5558 = ORIENTED_EDGE('',*,*,#731,.T.);
#5559 = ORIENTED_EDGE('',*,*,#5560,.T.);
#5560 = EDGE_CURVE('',#732,#2906,#5561,.T.);
#5561 = LINE('',#5562,#5563);
#5562 = CARTESIAN_POINT('',(85.5,-95.45,-4.6E-02));
#5563 = VECTOR('',#5564,1.);
#5564 = DIRECTION('',(0.,0.,1.));
#5565 = ORIENTED_EDGE('',*,*,#2905,.F.);
#5566 = ORIENTED_EDGE('',*,*,#5560,.F.);
#5567 = CYLINDRICAL_SURFACE('',#5568,0.95);
#5568 = AXIS2_PLACEMENT_3D('',#5569,#5570,#5571);
#5569 = CARTESIAN_POINT('',(85.5,-94.5,-4.6E-02));
#5570 = DIRECTION('',(-0.,-0.,-1.));
#5571 = DIRECTION('',(-0.,-1.,0.));
#5572 = ADVANCED_FACE('',(#5573),#5584,.F.);
#5573 = FACE_BOUND('',#5574,.T.);
#5574 = EDGE_LOOP('',(#5575,#5576,#5582,#5583));
#5575 = ORIENTED_EDGE('',*,*,#742,.T.);
#5576 = ORIENTED_EDGE('',*,*,#5577,.T.);
#5577 = EDGE_CURVE('',#743,#2917,#5578,.T.);
#5578 = LINE('',#5579,#5580);
#5579 = CARTESIAN_POINT('',(92.5,-93.45,-4.6E-02));
#5580 = VECTOR('',#5581,1.);
#5581 = DIRECTION('',(0.,0.,1.));
#5582 = ORIENTED_EDGE('',*,*,#2916,.F.);
#5583 = ORIENTED_EDGE('',*,*,#5577,.F.);
#5584 = CYLINDRICAL_SURFACE('',#5585,0.95);
#5585 = AXIS2_PLACEMENT_3D('',#5586,#5587,#5588);
#5586 = CARTESIAN_POINT('',(92.5,-92.5,-4.6E-02));
#5587 = DIRECTION('',(-0.,-0.,-1.));
#5588 = DIRECTION('',(-0.,-1.,0.));
#5589 = ADVANCED_FACE('',(#5590),#5601,.F.);
#5590 = FACE_BOUND('',#5591,.T.);
#5591 = EDGE_LOOP('',(#5592,#5593,#5599,#5600));
#5592 = ORIENTED_EDGE('',*,*,#753,.T.);
#5593 = ORIENTED_EDGE('',*,*,#5594,.T.);
#5594 = EDGE_CURVE('',#754,#2928,#5595,.T.);
#5595 = LINE('',#5596,#5597);
#5596 = CARTESIAN_POINT('',(85.,-90.15,-4.6E-02));
#5597 = VECTOR('',#5598,1.);
#5598 = DIRECTION('',(0.,0.,1.));
#5599 = ORIENTED_EDGE('',*,*,#2927,.F.);
#5600 = ORIENTED_EDGE('',*,*,#5594,.F.);
#5601 = CYLINDRICAL_SURFACE('',#5602,0.8);
#5602 = AXIS2_PLACEMENT_3D('',#5603,#5604,#5605);
#5603 = CARTESIAN_POINT('',(85.,-89.35,-4.6E-02));
#5604 = DIRECTION('',(-0.,-0.,-1.));
#5605 = DIRECTION('',(-0.,-1.,0.));
#5606 = ADVANCED_FACE('',(#5607),#5618,.F.);
#5607 = FACE_BOUND('',#5608,.T.);
#5608 = EDGE_LOOP('',(#5609,#5610,#5616,#5617));
#5609 = ORIENTED_EDGE('',*,*,#764,.T.);
#5610 = ORIENTED_EDGE('',*,*,#5611,.T.);
#5611 = EDGE_CURVE('',#765,#2939,#5612,.T.);
#5612 = LINE('',#5613,#5614);
#5613 = CARTESIAN_POINT('',(98.,-95.025,-4.6E-02));
#5614 = VECTOR('',#5615,1.);
#5615 = DIRECTION('',(0.,0.,1.));
#5616 = ORIENTED_EDGE('',*,*,#2938,.F.);
#5617 = ORIENTED_EDGE('',*,*,#5611,.F.);
#5618 = CYLINDRICAL_SURFACE('',#5619,2.525);
#5619 = AXIS2_PLACEMENT_3D('',#5620,#5621,#5622);
#5620 = CARTESIAN_POINT('',(98.,-92.5,-4.6E-02));
#5621 = DIRECTION('',(-0.,-0.,-1.));
#5622 = DIRECTION('',(-0.,-1.,0.));
#5623 = ADVANCED_FACE('',(#5624),#5635,.F.);
#5624 = FACE_BOUND('',#5625,.T.);
#5625 = EDGE_LOOP('',(#5626,#5627,#5633,#5634));
#5626 = ORIENTED_EDGE('',*,*,#775,.T.);
#5627 = ORIENTED_EDGE('',*,*,#5628,.T.);
#5628 = EDGE_CURVE('',#776,#2950,#5629,.T.);
#5629 = LINE('',#5630,#5631);
#5630 = CARTESIAN_POINT('',(103.5,-93.45,-4.6E-02));
#5631 = VECTOR('',#5632,1.);
#5632 = DIRECTION('',(0.,0.,1.));
#5633 = ORIENTED_EDGE('',*,*,#2949,.F.);
#5634 = ORIENTED_EDGE('',*,*,#5628,.F.);
#5635 = CYLINDRICAL_SURFACE('',#5636,0.95);
#5636 = AXIS2_PLACEMENT_3D('',#5637,#5638,#5639);
#5637 = CARTESIAN_POINT('',(103.5,-92.5,-4.6E-02));
#5638 = DIRECTION('',(-0.,-0.,-1.));
#5639 = DIRECTION('',(-0.,-1.,0.));
#5640 = ADVANCED_FACE('',(#5641),#5652,.F.);
#5641 = FACE_BOUND('',#5642,.T.);
#5642 = EDGE_LOOP('',(#5643,#5644,#5650,#5651));
#5643 = ORIENTED_EDGE('',*,*,#786,.T.);
#5644 = ORIENTED_EDGE('',*,*,#5645,.T.);
#5645 = EDGE_CURVE('',#787,#2961,#5646,.T.);
#5646 = LINE('',#5647,#5648);
#5647 = CARTESIAN_POINT('',(111.,-94.825,-4.6E-02));
#5648 = VECTOR('',#5649,1.);
#5649 = DIRECTION('',(0.,0.,1.));
#5650 = ORIENTED_EDGE('',*,*,#2960,.F.);
#5651 = ORIENTED_EDGE('',*,*,#5645,.F.);
#5652 = CYLINDRICAL_SURFACE('',#5653,1.525);
#5653 = AXIS2_PLACEMENT_3D('',#5654,#5655,#5656);
#5654 = CARTESIAN_POINT('',(111.,-93.3,-4.6E-02));
#5655 = DIRECTION('',(-0.,-0.,-1.));
#5656 = DIRECTION('',(-0.,-1.,0.));
#5657 = ADVANCED_FACE('',(#5658),#5669,.F.);
#5658 = FACE_BOUND('',#5659,.T.);
#5659 = EDGE_LOOP('',(#5660,#5661,#5667,#5668));
#5660 = ORIENTED_EDGE('',*,*,#797,.T.);
#5661 = ORIENTED_EDGE('',*,*,#5662,.T.);
#5662 = EDGE_CURVE('',#798,#2972,#5663,.T.);
#5663 = LINE('',#5664,#5665);
#5664 = CARTESIAN_POINT('',(103.,-88.15,-4.6E-02));
#5665 = VECTOR('',#5666,1.);
#5666 = DIRECTION('',(0.,0.,1.));
#5667 = ORIENTED_EDGE('',*,*,#2971,.F.);
#5668 = ORIENTED_EDGE('',*,*,#5662,.F.);
#5669 = CYLINDRICAL_SURFACE('',#5670,0.8);
#5670 = AXIS2_PLACEMENT_3D('',#5671,#5672,#5673);
#5671 = CARTESIAN_POINT('',(103.,-87.35,-4.6E-02));
#5672 = DIRECTION('',(-0.,-0.,-1.));
#5673 = DIRECTION('',(-0.,-1.,0.));
#5674 = ADVANCED_FACE('',(#5675),#5686,.F.);
#5675 = FACE_BOUND('',#5676,.T.);
#5676 = EDGE_LOOP('',(#5677,#5678,#5684,#5685));
#5677 = ORIENTED_EDGE('',*,*,#808,.T.);
#5678 = ORIENTED_EDGE('',*,*,#5679,.T.);
#5679 = EDGE_CURVE('',#809,#2983,#5680,.T.);
#5680 = LINE('',#5681,#5682);
#5681 = CARTESIAN_POINT('',(110.5,-90.45,-4.6E-02));
#5682 = VECTOR('',#5683,1.);
#5683 = DIRECTION('',(0.,0.,1.));
#5684 = ORIENTED_EDGE('',*,*,#2982,.F.);
#5685 = ORIENTED_EDGE('',*,*,#5679,.F.);
#5686 = CYLINDRICAL_SURFACE('',#5687,0.95);
#5687 = AXIS2_PLACEMENT_3D('',#5688,#5689,#5690);
#5688 = CARTESIAN_POINT('',(110.5,-89.5,-4.6E-02));
#5689 = DIRECTION('',(-0.,-0.,-1.));
#5690 = DIRECTION('',(-0.,-1.,0.));
#5691 = ADVANCED_FACE('',(#5692),#5703,.F.);
#5692 = FACE_BOUND('',#5693,.T.);
#5693 = EDGE_LOOP('',(#5694,#5695,#5701,#5702));
#5694 = ORIENTED_EDGE('',*,*,#819,.T.);
#5695 = ORIENTED_EDGE('',*,*,#5696,.T.);
#5696 = EDGE_CURVE('',#820,#2994,#5697,.T.);
#5697 = LINE('',#5698,#5699);
#5698 = CARTESIAN_POINT('',(139.,-124.44,-4.6E-02));
#5699 = VECTOR('',#5700,1.);
#5700 = DIRECTION('',(0.,0.,1.));
#5701 = ORIENTED_EDGE('',*,*,#2993,.F.);
#5702 = ORIENTED_EDGE('',*,*,#5696,.F.);
#5703 = CYLINDRICAL_SURFACE('',#5704,0.5);
#5704 = AXIS2_PLACEMENT_3D('',#5705,#5706,#5707);
#5705 = CARTESIAN_POINT('',(139.,-123.94,-4.6E-02));
#5706 = DIRECTION('',(-0.,-0.,-1.));
#5707 = DIRECTION('',(-0.,-1.,0.));
#5708 = ADVANCED_FACE('',(#5709),#5720,.F.);
#5709 = FACE_BOUND('',#5710,.T.);
#5710 = EDGE_LOOP('',(#5711,#5712,#5718,#5719));
#5711 = ORIENTED_EDGE('',*,*,#830,.T.);
#5712 = ORIENTED_EDGE('',*,*,#5713,.T.);
#5713 = EDGE_CURVE('',#831,#3005,#5714,.T.);
#5714 = LINE('',#5715,#5716);
#5715 = CARTESIAN_POINT('',(139.,-121.9,-4.6E-02));
#5716 = VECTOR('',#5717,1.);
#5717 = DIRECTION('',(0.,0.,1.));
#5718 = ORIENTED_EDGE('',*,*,#3004,.F.);
#5719 = ORIENTED_EDGE('',*,*,#5713,.F.);
#5720 = CYLINDRICAL_SURFACE('',#5721,0.5);
#5721 = AXIS2_PLACEMENT_3D('',#5722,#5723,#5724);
#5722 = CARTESIAN_POINT('',(139.,-121.4,-4.6E-02));
#5723 = DIRECTION('',(-0.,-0.,-1.));
#5724 = DIRECTION('',(-0.,-1.,0.));
#5725 = ADVANCED_FACE('',(#5726),#5737,.F.);
#5726 = FACE_BOUND('',#5727,.T.);
#5727 = EDGE_LOOP('',(#5728,#5729,#5735,#5736));
#5728 = ORIENTED_EDGE('',*,*,#841,.T.);
#5729 = ORIENTED_EDGE('',*,*,#5730,.T.);
#5730 = EDGE_CURVE('',#842,#3016,#5731,.T.);
#5731 = LINE('',#5732,#5733);
#5732 = CARTESIAN_POINT('',(139.,-119.36,-4.6E-02));
#5733 = VECTOR('',#5734,1.);
#5734 = DIRECTION('',(0.,0.,1.));
#5735 = ORIENTED_EDGE('',*,*,#3015,.F.);
#5736 = ORIENTED_EDGE('',*,*,#5730,.F.);
#5737 = CYLINDRICAL_SURFACE('',#5738,0.5);
#5738 = AXIS2_PLACEMENT_3D('',#5739,#5740,#5741);
#5739 = CARTESIAN_POINT('',(139.,-118.86,-4.6E-02));
#5740 = DIRECTION('',(-0.,-0.,-1.));
#5741 = DIRECTION('',(-0.,-1.,0.));
#5742 = ADVANCED_FACE('',(#5743),#5754,.F.);
#5743 = FACE_BOUND('',#5744,.T.);
#5744 = EDGE_LOOP('',(#5745,#5746,#5752,#5753));
#5745 = ORIENTED_EDGE('',*,*,#852,.T.);
#5746 = ORIENTED_EDGE('',*,*,#5747,.T.);
#5747 = EDGE_CURVE('',#853,#3027,#5748,.T.);
#5748 = LINE('',#5749,#5750);
#5749 = CARTESIAN_POINT('',(139.,-116.82,-4.6E-02));
#5750 = VECTOR('',#5751,1.);
#5751 = DIRECTION('',(0.,0.,1.));
#5752 = ORIENTED_EDGE('',*,*,#3026,.F.);
#5753 = ORIENTED_EDGE('',*,*,#5747,.F.);
#5754 = CYLINDRICAL_SURFACE('',#5755,0.5);
#5755 = AXIS2_PLACEMENT_3D('',#5756,#5757,#5758);
#5756 = CARTESIAN_POINT('',(139.,-116.32,-4.6E-02));
#5757 = DIRECTION('',(-0.,-0.,-1.));
#5758 = DIRECTION('',(-0.,-1.,0.));
#5759 = ADVANCED_FACE('',(#5760),#5771,.F.);
#5760 = FACE_BOUND('',#5761,.T.);
#5761 = EDGE_LOOP('',(#5762,#5763,#5769,#5770));
#5762 = ORIENTED_EDGE('',*,*,#863,.T.);
#5763 = ORIENTED_EDGE('',*,*,#5764,.T.);
#5764 = EDGE_CURVE('',#864,#3038,#5765,.T.);
#5765 = LINE('',#5766,#5767);
#5766 = CARTESIAN_POINT('',(139.,-114.28,-4.6E-02));
#5767 = VECTOR('',#5768,1.);
#5768 = DIRECTION('',(0.,0.,1.));
#5769 = ORIENTED_EDGE('',*,*,#3037,.F.);
#5770 = ORIENTED_EDGE('',*,*,#5764,.F.);
#5771 = CYLINDRICAL_SURFACE('',#5772,0.5);
#5772 = AXIS2_PLACEMENT_3D('',#5773,#5774,#5775);
#5773 = CARTESIAN_POINT('',(139.,-113.78,-4.6E-02));
#5774 = DIRECTION('',(-0.,-0.,-1.));
#5775 = DIRECTION('',(-0.,-1.,0.));
#5776 = ADVANCED_FACE('',(#5777),#5788,.F.);
#5777 = FACE_BOUND('',#5778,.T.);
#5778 = EDGE_LOOP('',(#5779,#5780,#5786,#5787));
#5779 = ORIENTED_EDGE('',*,*,#874,.T.);
#5780 = ORIENTED_EDGE('',*,*,#5781,.T.);
#5781 = EDGE_CURVE('',#875,#3049,#5782,.T.);
#5782 = LINE('',#5783,#5784);
#5783 = CARTESIAN_POINT('',(139.,-111.74,-4.6E-02));
#5784 = VECTOR('',#5785,1.);
#5785 = DIRECTION('',(0.,0.,1.));
#5786 = ORIENTED_EDGE('',*,*,#3048,.F.);
#5787 = ORIENTED_EDGE('',*,*,#5781,.F.);
#5788 = CYLINDRICAL_SURFACE('',#5789,0.5);
#5789 = AXIS2_PLACEMENT_3D('',#5790,#5791,#5792);
#5790 = CARTESIAN_POINT('',(139.,-111.24,-4.6E-02));
#5791 = DIRECTION('',(-0.,-0.,-1.));
#5792 = DIRECTION('',(-0.,-1.,0.));
#5793 = ADVANCED_FACE('',(#5794),#5805,.F.);
#5794 = FACE_BOUND('',#5795,.T.);
#5795 = EDGE_LOOP('',(#5796,#5797,#5803,#5804));
#5796 = ORIENTED_EDGE('',*,*,#885,.T.);
#5797 = ORIENTED_EDGE('',*,*,#5798,.T.);
#5798 = EDGE_CURVE('',#886,#3060,#5799,.T.);
#5799 = LINE('',#5800,#5801);
#5800 = CARTESIAN_POINT('',(139.,-109.2,-4.6E-02));
#5801 = VECTOR('',#5802,1.);
#5802 = DIRECTION('',(0.,0.,1.));
#5803 = ORIENTED_EDGE('',*,*,#3059,.F.);
#5804 = ORIENTED_EDGE('',*,*,#5798,.F.);
#5805 = CYLINDRICAL_SURFACE('',#5806,0.5);
#5806 = AXIS2_PLACEMENT_3D('',#5807,#5808,#5809);
#5807 = CARTESIAN_POINT('',(139.,-108.7,-4.6E-02));
#5808 = DIRECTION('',(-0.,-0.,-1.));
#5809 = DIRECTION('',(-0.,-1.,0.));
#5810 = ADVANCED_FACE('',(#5811),#5822,.F.);
#5811 = FACE_BOUND('',#5812,.T.);
#5812 = EDGE_LOOP('',(#5813,#5814,#5820,#5821));
#5813 = ORIENTED_EDGE('',*,*,#896,.T.);
#5814 = ORIENTED_EDGE('',*,*,#5815,.T.);
#5815 = EDGE_CURVE('',#897,#3071,#5816,.T.);
#5816 = LINE('',#5817,#5818);
#5817 = CARTESIAN_POINT('',(152.,-107.925,-4.6E-02));
#5818 = VECTOR('',#5819,1.);
#5819 = DIRECTION('',(0.,0.,1.));
#5820 = ORIENTED_EDGE('',*,*,#3070,.F.);
#5821 = ORIENTED_EDGE('',*,*,#5815,.F.);
#5822 = CYLINDRICAL_SURFACE('',#5823,1.525);
#5823 = AXIS2_PLACEMENT_3D('',#5824,#5825,#5826);
#5824 = CARTESIAN_POINT('',(152.,-106.4,-4.6E-02));
#5825 = DIRECTION('',(-0.,-0.,-1.));
#5826 = DIRECTION('',(-0.,-1.,0.));
#5827 = ADVANCED_FACE('',(#5828),#5839,.F.);
#5828 = FACE_BOUND('',#5829,.T.);
#5829 = EDGE_LOOP('',(#5830,#5831,#5837,#5838));
#5830 = ORIENTED_EDGE('',*,*,#907,.T.);
#5831 = ORIENTED_EDGE('',*,*,#5832,.T.);
#5832 = EDGE_CURVE('',#908,#3082,#5833,.T.);
#5833 = LINE('',#5834,#5835);
#5834 = CARTESIAN_POINT('',(163.5,-109.65,-4.6E-02));
#5835 = VECTOR('',#5836,1.);
#5836 = DIRECTION('',(0.,0.,1.));
#5837 = ORIENTED_EDGE('',*,*,#3081,.F.);
#5838 = ORIENTED_EDGE('',*,*,#5832,.F.);
#5839 = CYLINDRICAL_SURFACE('',#5840,2.15);
#5840 = AXIS2_PLACEMENT_3D('',#5841,#5842,#5843);
#5841 = CARTESIAN_POINT('',(163.5,-107.5,-4.6E-02));
#5842 = DIRECTION('',(-0.,-0.,-1.));
#5843 = DIRECTION('',(-0.,-1.,0.));
#5844 = ADVANCED_FACE('',(#5845),#5856,.F.);
#5845 = FACE_BOUND('',#5846,.T.);
#5846 = EDGE_LOOP('',(#5847,#5848,#5854,#5855));
#5847 = ORIENTED_EDGE('',*,*,#918,.T.);
#5848 = ORIENTED_EDGE('',*,*,#5849,.T.);
#5849 = EDGE_CURVE('',#919,#3093,#5850,.T.);
#5850 = LINE('',#5851,#5852);
#5851 = CARTESIAN_POINT('',(134.,-97.925,-4.6E-02));
#5852 = VECTOR('',#5853,1.);
#5853 = DIRECTION('',(0.,0.,1.));
#5854 = ORIENTED_EDGE('',*,*,#3092,.F.);
#5855 = ORIENTED_EDGE('',*,*,#5849,.F.);
#5856 = CYLINDRICAL_SURFACE('',#5857,1.525);
#5857 = AXIS2_PLACEMENT_3D('',#5858,#5859,#5860);
#5858 = CARTESIAN_POINT('',(134.,-96.4,-4.6E-02));
#5859 = DIRECTION('',(-0.,-0.,-1.));
#5860 = DIRECTION('',(-0.,-1.,0.));
#5861 = ADVANCED_FACE('',(#5862),#5873,.F.);
#5862 = FACE_BOUND('',#5863,.T.);
#5863 = EDGE_LOOP('',(#5864,#5865,#5871,#5872));
#5864 = ORIENTED_EDGE('',*,*,#929,.T.);
#5865 = ORIENTED_EDGE('',*,*,#5866,.T.);
#5866 = EDGE_CURVE('',#930,#3104,#5867,.T.);
#5867 = LINE('',#5868,#5869);
#5868 = CARTESIAN_POINT('',(116.,-96.925,-4.6E-02));
#5869 = VECTOR('',#5870,1.);
#5870 = DIRECTION('',(0.,0.,1.));
#5871 = ORIENTED_EDGE('',*,*,#3103,.F.);
#5872 = ORIENTED_EDGE('',*,*,#5866,.F.);
#5873 = CYLINDRICAL_SURFACE('',#5874,1.525);
#5874 = AXIS2_PLACEMENT_3D('',#5875,#5876,#5877);
#5875 = CARTESIAN_POINT('',(116.,-95.4,-4.6E-02));
#5876 = DIRECTION('',(-0.,-0.,-1.));
#5877 = DIRECTION('',(-0.,-1.,0.));
#5878 = ADVANCED_FACE('',(#5879),#5890,.F.);
#5879 = FACE_BOUND('',#5880,.T.);
#5880 = EDGE_LOOP('',(#5881,#5882,#5888,#5889));
#5881 = ORIENTED_EDGE('',*,*,#940,.T.);
#5882 = ORIENTED_EDGE('',*,*,#5883,.T.);
#5883 = EDGE_CURVE('',#941,#3115,#5884,.T.);
#5884 = LINE('',#5885,#5886);
#5885 = CARTESIAN_POINT('',(129.,-95.825,-4.6E-02));
#5886 = VECTOR('',#5887,1.);
#5887 = DIRECTION('',(0.,0.,1.));
#5888 = ORIENTED_EDGE('',*,*,#3114,.F.);
#5889 = ORIENTED_EDGE('',*,*,#5883,.F.);
#5890 = CYLINDRICAL_SURFACE('',#5891,1.525);
#5891 = AXIS2_PLACEMENT_3D('',#5892,#5893,#5894);
#5892 = CARTESIAN_POINT('',(129.,-94.3,-4.6E-02));
#5893 = DIRECTION('',(-0.,-0.,-1.));
#5894 = DIRECTION('',(-0.,-1.,0.));
#5895 = ADVANCED_FACE('',(#5896),#5907,.F.);
#5896 = FACE_BOUND('',#5897,.T.);
#5897 = EDGE_LOOP('',(#5898,#5899,#5905,#5906));
#5898 = ORIENTED_EDGE('',*,*,#951,.T.);
#5899 = ORIENTED_EDGE('',*,*,#5900,.T.);
#5900 = EDGE_CURVE('',#952,#3126,#5901,.T.);
#5901 = LINE('',#5902,#5903);
#5902 = CARTESIAN_POINT('',(116.,-92.025,-4.6E-02));
#5903 = VECTOR('',#5904,1.);
#5904 = DIRECTION('',(0.,0.,1.));
#5905 = ORIENTED_EDGE('',*,*,#3125,.F.);
#5906 = ORIENTED_EDGE('',*,*,#5900,.F.);
#5907 = CYLINDRICAL_SURFACE('',#5908,2.525);
#5908 = AXIS2_PLACEMENT_3D('',#5909,#5910,#5911);
#5909 = CARTESIAN_POINT('',(116.,-89.5,-4.6E-02));
#5910 = DIRECTION('',(-0.,-0.,-1.));
#5911 = DIRECTION('',(-0.,-1.,0.));
#5912 = ADVANCED_FACE('',(#5913),#5924,.F.);
#5913 = FACE_BOUND('',#5914,.T.);
#5914 = EDGE_LOOP('',(#5915,#5916,#5922,#5923));
#5915 = ORIENTED_EDGE('',*,*,#962,.T.);
#5916 = ORIENTED_EDGE('',*,*,#5917,.T.);
#5917 = EDGE_CURVE('',#963,#3137,#5918,.T.);
#5918 = LINE('',#5919,#5920);
#5919 = CARTESIAN_POINT('',(121.5,-90.45,-4.6E-02));
#5920 = VECTOR('',#5921,1.);
#5921 = DIRECTION('',(0.,0.,1.));
#5922 = ORIENTED_EDGE('',*,*,#3136,.F.);
#5923 = ORIENTED_EDGE('',*,*,#5917,.F.);
#5924 = CYLINDRICAL_SURFACE('',#5925,0.95);
#5925 = AXIS2_PLACEMENT_3D('',#5926,#5927,#5928);
#5926 = CARTESIAN_POINT('',(121.5,-89.5,-4.6E-02));
#5927 = DIRECTION('',(-0.,-0.,-1.));
#5928 = DIRECTION('',(-0.,-1.,0.));
#5929 = ADVANCED_FACE('',(#5930),#5941,.F.);
#5930 = FACE_BOUND('',#5931,.T.);
#5931 = EDGE_LOOP('',(#5932,#5933,#5939,#5940));
#5932 = ORIENTED_EDGE('',*,*,#973,.T.);
#5933 = ORIENTED_EDGE('',*,*,#5934,.T.);
#5934 = EDGE_CURVE('',#974,#3148,#5935,.T.);
#5935 = LINE('',#5936,#5937);
#5936 = CARTESIAN_POINT('',(128.5,-91.45,-4.6E-02));
#5937 = VECTOR('',#5938,1.);
#5938 = DIRECTION('',(0.,0.,1.));
#5939 = ORIENTED_EDGE('',*,*,#3147,.F.);
#5940 = ORIENTED_EDGE('',*,*,#5934,.F.);
#5941 = CYLINDRICAL_SURFACE('',#5942,0.95);
#5942 = AXIS2_PLACEMENT_3D('',#5943,#5944,#5945);
#5943 = CARTESIAN_POINT('',(128.5,-90.5,-4.6E-02));
#5944 = DIRECTION('',(-0.,-0.,-1.));
#5945 = DIRECTION('',(-0.,-1.,0.));
#5946 = ADVANCED_FACE('',(#5947),#5958,.F.);
#5947 = FACE_BOUND('',#5948,.T.);
#5948 = EDGE_LOOP('',(#5949,#5950,#5956,#5957));
#5949 = ORIENTED_EDGE('',*,*,#984,.T.);
#5950 = ORIENTED_EDGE('',*,*,#5951,.T.);
#5951 = EDGE_CURVE('',#985,#3159,#5952,.T.);
#5952 = LINE('',#5953,#5954);
#5953 = CARTESIAN_POINT('',(134.,-93.025,-4.6E-02));
#5954 = VECTOR('',#5955,1.);
#5955 = DIRECTION('',(0.,0.,1.));
#5956 = ORIENTED_EDGE('',*,*,#3158,.F.);
#5957 = ORIENTED_EDGE('',*,*,#5951,.F.);
#5958 = CYLINDRICAL_SURFACE('',#5959,2.525);
#5959 = AXIS2_PLACEMENT_3D('',#5960,#5961,#5962);
#5960 = CARTESIAN_POINT('',(134.,-90.5,-4.6E-02));
#5961 = DIRECTION('',(-0.,-0.,-1.));
#5962 = DIRECTION('',(-0.,-1.,0.));
#5963 = ADVANCED_FACE('',(#5964),#5975,.F.);
#5964 = FACE_BOUND('',#5965,.T.);
#5965 = EDGE_LOOP('',(#5966,#5967,#5973,#5974));
#5966 = ORIENTED_EDGE('',*,*,#995,.T.);
#5967 = ORIENTED_EDGE('',*,*,#5968,.T.);
#5968 = EDGE_CURVE('',#996,#3170,#5969,.T.);
#5969 = LINE('',#5970,#5971);
#5970 = CARTESIAN_POINT('',(139.5,-91.45,-4.6E-02));
#5971 = VECTOR('',#5972,1.);
#5972 = DIRECTION('',(0.,0.,1.));
#5973 = ORIENTED_EDGE('',*,*,#3169,.F.);
#5974 = ORIENTED_EDGE('',*,*,#5968,.F.);
#5975 = CYLINDRICAL_SURFACE('',#5976,0.95);
#5976 = AXIS2_PLACEMENT_3D('',#5977,#5978,#5979);
#5977 = CARTESIAN_POINT('',(139.5,-90.5,-4.6E-02));
#5978 = DIRECTION('',(-0.,-0.,-1.));
#5979 = DIRECTION('',(-0.,-1.,0.));
#5980 = ADVANCED_FACE('',(#5981),#5992,.F.);
#5981 = FACE_BOUND('',#5982,.T.);
#5982 = EDGE_LOOP('',(#5983,#5984,#5990,#5991));
#5983 = ORIENTED_EDGE('',*,*,#1006,.T.);
#5984 = ORIENTED_EDGE('',*,*,#5985,.T.);
#5985 = EDGE_CURVE('',#1007,#3181,#5986,.T.);
#5986 = LINE('',#5987,#5988);
#5987 = CARTESIAN_POINT('',(147.,-105.825,-4.6E-02));
#5988 = VECTOR('',#5989,1.);
#5989 = DIRECTION('',(0.,0.,1.));
#5990 = ORIENTED_EDGE('',*,*,#3180,.F.);
#5991 = ORIENTED_EDGE('',*,*,#5985,.F.);
#5992 = CYLINDRICAL_SURFACE('',#5993,1.525);
#5993 = AXIS2_PLACEMENT_3D('',#5994,#5995,#5996);
#5994 = CARTESIAN_POINT('',(147.,-104.3,-4.6E-02));
#5995 = DIRECTION('',(-0.,-0.,-1.));
#5996 = DIRECTION('',(-0.,-1.,0.));
#5997 = ADVANCED_FACE('',(#5998),#6009,.F.);
#5998 = FACE_BOUND('',#5999,.T.);
#5999 = EDGE_LOOP('',(#6000,#6001,#6007,#6008));
#6000 = ORIENTED_EDGE('',*,*,#1017,.T.);
#6001 = ORIENTED_EDGE('',*,*,#6002,.T.);
#6002 = EDGE_CURVE('',#1018,#3192,#6003,.T.);
#6003 = LINE('',#6004,#6005);
#6004 = CARTESIAN_POINT('',(146.5,-101.45,-4.6E-02));
#6005 = VECTOR('',#6006,1.);
#6006 = DIRECTION('',(0.,0.,1.));
#6007 = ORIENTED_EDGE('',*,*,#3191,.F.);
#6008 = ORIENTED_EDGE('',*,*,#6002,.F.);
#6009 = CYLINDRICAL_SURFACE('',#6010,0.95);
#6010 = AXIS2_PLACEMENT_3D('',#6011,#6012,#6013);
#6011 = CARTESIAN_POINT('',(146.5,-100.5,-4.6E-02));
#6012 = DIRECTION('',(-0.,-0.,-1.));
#6013 = DIRECTION('',(-0.,-1.,0.));
#6014 = ADVANCED_FACE('',(#6015),#6026,.F.);
#6015 = FACE_BOUND('',#6016,.T.);
#6016 = EDGE_LOOP('',(#6017,#6018,#6024,#6025));
#6017 = ORIENTED_EDGE('',*,*,#1028,.T.);
#6018 = ORIENTED_EDGE('',*,*,#6019,.T.);
#6019 = EDGE_CURVE('',#1029,#3203,#6020,.T.);
#6020 = LINE('',#6021,#6022);
#6021 = CARTESIAN_POINT('',(152.,-103.025,-4.6E-02));
#6022 = VECTOR('',#6023,1.);
#6023 = DIRECTION('',(0.,0.,1.));
#6024 = ORIENTED_EDGE('',*,*,#3202,.F.);
#6025 = ORIENTED_EDGE('',*,*,#6019,.F.);
#6026 = CYLINDRICAL_SURFACE('',#6027,2.525);
#6027 = AXIS2_PLACEMENT_3D('',#6028,#6029,#6030);
#6028 = CARTESIAN_POINT('',(152.,-100.5,-4.6E-02));
#6029 = DIRECTION('',(-0.,-0.,-1.));
#6030 = DIRECTION('',(-0.,-1.,0.));
#6031 = ADVANCED_FACE('',(#6032),#6043,.F.);
#6032 = FACE_BOUND('',#6033,.T.);
#6033 = EDGE_LOOP('',(#6034,#6035,#6041,#6042));
#6034 = ORIENTED_EDGE('',*,*,#1039,.T.);
#6035 = ORIENTED_EDGE('',*,*,#6036,.T.);
#6036 = EDGE_CURVE('',#1040,#3214,#6037,.T.);
#6037 = LINE('',#6038,#6039);
#6038 = CARTESIAN_POINT('',(157.5,-101.45,-4.6E-02));
#6039 = VECTOR('',#6040,1.);
#6040 = DIRECTION('',(0.,0.,1.));
#6041 = ORIENTED_EDGE('',*,*,#3213,.F.);
#6042 = ORIENTED_EDGE('',*,*,#6036,.F.);
#6043 = CYLINDRICAL_SURFACE('',#6044,0.95);
#6044 = AXIS2_PLACEMENT_3D('',#6045,#6046,#6047);
#6045 = CARTESIAN_POINT('',(157.5,-100.5,-4.6E-02));
#6046 = DIRECTION('',(-0.,-0.,-1.));
#6047 = DIRECTION('',(-0.,-1.,0.));
#6048 = ADVANCED_FACE('',(#6049),#6060,.F.);
#6049 = FACE_BOUND('',#6050,.T.);
#6050 = EDGE_LOOP('',(#6051,#6052,#6058,#6059));
#6051 = ORIENTED_EDGE('',*,*,#1050,.T.);
#6052 = ORIENTED_EDGE('',*,*,#6053,.T.);
#6053 = EDGE_CURVE('',#1051,#3225,#6054,.T.);
#6054 = LINE('',#6055,#6056);
#6055 = CARTESIAN_POINT('',(170.,-103.925,-4.6E-02));
#6056 = VECTOR('',#6057,1.);
#6057 = DIRECTION('',(0.,0.,1.));
#6058 = ORIENTED_EDGE('',*,*,#3224,.F.);
#6059 = ORIENTED_EDGE('',*,*,#6053,.F.);
#6060 = CYLINDRICAL_SURFACE('',#6061,1.525);
#6061 = AXIS2_PLACEMENT_3D('',#6062,#6063,#6064);
#6062 = CARTESIAN_POINT('',(170.,-102.4,-4.6E-02));
#6063 = DIRECTION('',(-0.,-0.,-1.));
#6064 = DIRECTION('',(-0.,-1.,0.));
#6065 = ADVANCED_FACE('',(#6066),#6077,.F.);
#6066 = FACE_BOUND('',#6067,.T.);
#6067 = EDGE_LOOP('',(#6068,#6069,#6075,#6076));
#6068 = ORIENTED_EDGE('',*,*,#1061,.T.);
#6069 = ORIENTED_EDGE('',*,*,#6070,.T.);
#6070 = EDGE_CURVE('',#1062,#3236,#6071,.T.);
#6071 = LINE('',#6072,#6073);
#6072 = CARTESIAN_POINT('',(165.,-101.825,-4.6E-02));
#6073 = VECTOR('',#6074,1.);
#6074 = DIRECTION('',(0.,0.,1.));
#6075 = ORIENTED_EDGE('',*,*,#3235,.F.);
#6076 = ORIENTED_EDGE('',*,*,#6070,.F.);
#6077 = CYLINDRICAL_SURFACE('',#6078,1.525);
#6078 = AXIS2_PLACEMENT_3D('',#6079,#6080,#6081);
#6079 = CARTESIAN_POINT('',(165.,-100.3,-4.6E-02));
#6080 = DIRECTION('',(-0.,-0.,-1.));
#6081 = DIRECTION('',(-0.,-1.,0.));
#6082 = ADVANCED_FACE('',(#6083),#6094,.F.);
#6083 = FACE_BOUND('',#6084,.T.);
#6084 = EDGE_LOOP('',(#6085,#6086,#6092,#6093));
#6085 = ORIENTED_EDGE('',*,*,#1072,.T.);
#6086 = ORIENTED_EDGE('',*,*,#6087,.T.);
#6087 = EDGE_CURVE('',#1073,#3247,#6088,.T.);
#6088 = LINE('',#6089,#6090);
#6089 = CARTESIAN_POINT('',(164.5,-97.45,-4.6E-02));
#6090 = VECTOR('',#6091,1.);
#6091 = DIRECTION('',(0.,0.,1.));
#6092 = ORIENTED_EDGE('',*,*,#3246,.F.);
#6093 = ORIENTED_EDGE('',*,*,#6087,.F.);
#6094 = CYLINDRICAL_SURFACE('',#6095,0.95);
#6095 = AXIS2_PLACEMENT_3D('',#6096,#6097,#6098);
#6096 = CARTESIAN_POINT('',(164.5,-96.5,-4.6E-02));
#6097 = DIRECTION('',(-0.,-0.,-1.));
#6098 = DIRECTION('',(-0.,-1.,0.));
#6099 = ADVANCED_FACE('',(#6100),#6111,.F.);
#6100 = FACE_BOUND('',#6101,.T.);
#6101 = EDGE_LOOP('',(#6102,#6103,#6109,#6110));
#6102 = ORIENTED_EDGE('',*,*,#1083,.T.);
#6103 = ORIENTED_EDGE('',*,*,#6104,.T.);
#6104 = EDGE_CURVE('',#1084,#3258,#6105,.T.);
#6105 = LINE('',#6106,#6107);
#6106 = CARTESIAN_POINT('',(170.,-99.025,-4.6E-02));
#6107 = VECTOR('',#6108,1.);
#6108 = DIRECTION('',(0.,0.,1.));
#6109 = ORIENTED_EDGE('',*,*,#3257,.F.);
#6110 = ORIENTED_EDGE('',*,*,#6104,.F.);
#6111 = CYLINDRICAL_SURFACE('',#6112,2.525);
#6112 = AXIS2_PLACEMENT_3D('',#6113,#6114,#6115);
#6113 = CARTESIAN_POINT('',(170.,-96.5,-4.6E-02));
#6114 = DIRECTION('',(-0.,-0.,-1.));
#6115 = DIRECTION('',(-0.,-1.,0.));
#6116 = ADVANCED_FACE('',(#6117),#6128,.F.);
#6117 = FACE_BOUND('',#6118,.T.);
#6118 = EDGE_LOOP('',(#6119,#6120,#6126,#6127));
#6119 = ORIENTED_EDGE('',*,*,#1094,.T.);
#6120 = ORIENTED_EDGE('',*,*,#6121,.T.);
#6121 = EDGE_CURVE('',#1095,#3269,#6122,.T.);
#6122 = LINE('',#6123,#6124);
#6123 = CARTESIAN_POINT('',(175.5,-97.45,-4.6E-02));
#6124 = VECTOR('',#6125,1.);
#6125 = DIRECTION('',(0.,0.,1.));
#6126 = ORIENTED_EDGE('',*,*,#3268,.F.);
#6127 = ORIENTED_EDGE('',*,*,#6121,.F.);
#6128 = CYLINDRICAL_SURFACE('',#6129,0.95);
#6129 = AXIS2_PLACEMENT_3D('',#6130,#6131,#6132);
#6130 = CARTESIAN_POINT('',(175.5,-96.5,-4.6E-02));
#6131 = DIRECTION('',(-0.,-0.,-1.));
#6132 = DIRECTION('',(-0.,-1.,0.));
#6133 = ADVANCED_FACE('',(#6134),#6145,.F.);
#6134 = FACE_BOUND('',#6135,.T.);
#6135 = EDGE_LOOP('',(#6136,#6137,#6143,#6144));
#6136 = ORIENTED_EDGE('',*,*,#1105,.T.);
#6137 = ORIENTED_EDGE('',*,*,#6138,.T.);
#6138 = EDGE_CURVE('',#1106,#3280,#6139,.T.);
#6139 = LINE('',#6140,#6141);
#6140 = CARTESIAN_POINT('',(157.,-96.15,-4.6E-02));
#6141 = VECTOR('',#6142,1.);
#6142 = DIRECTION('',(0.,0.,1.));
#6143 = ORIENTED_EDGE('',*,*,#3279,.F.);
#6144 = ORIENTED_EDGE('',*,*,#6138,.F.);
#6145 = CYLINDRICAL_SURFACE('',#6146,0.8);
#6146 = AXIS2_PLACEMENT_3D('',#6147,#6148,#6149);
#6147 = CARTESIAN_POINT('',(157.,-95.35,-4.6E-02));
#6148 = DIRECTION('',(-0.,-0.,-1.));
#6149 = DIRECTION('',(-0.,-1.,0.));
#6150 = ADVANCED_FACE('',(#6151),#6162,.F.);
#6151 = FACE_BOUND('',#6152,.T.);
#6152 = EDGE_LOOP('',(#6153,#6154,#6160,#6161));
#6153 = ORIENTED_EDGE('',*,*,#1116,.T.);
#6154 = ORIENTED_EDGE('',*,*,#6155,.T.);
#6155 = EDGE_CURVE('',#1117,#3291,#6156,.T.);
#6156 = LINE('',#6157,#6158);
#6157 = CARTESIAN_POINT('',(152.,-90.925,-4.6E-02));
#6158 = VECTOR('',#6159,1.);
#6159 = DIRECTION('',(0.,0.,1.));
#6160 = ORIENTED_EDGE('',*,*,#3290,.F.);
#6161 = ORIENTED_EDGE('',*,*,#6155,.F.);
#6162 = CYLINDRICAL_SURFACE('',#6163,1.525);
#6163 = AXIS2_PLACEMENT_3D('',#6164,#6165,#6166);
#6164 = CARTESIAN_POINT('',(152.,-89.4,-4.6E-02));
#6165 = DIRECTION('',(-0.,-0.,-1.));
#6166 = DIRECTION('',(-0.,-1.,0.));
#6167 = ADVANCED_FACE('',(#6168),#6179,.F.);
#6168 = FACE_BOUND('',#6169,.T.);
#6169 = EDGE_LOOP('',(#6170,#6171,#6177,#6178));
#6170 = ORIENTED_EDGE('',*,*,#1127,.T.);
#6171 = ORIENTED_EDGE('',*,*,#6172,.T.);
#6172 = EDGE_CURVE('',#1128,#3302,#6173,.T.);
#6173 = LINE('',#6174,#6175);
#6174 = CARTESIAN_POINT('',(147.,-88.825,-4.6E-02));
#6175 = VECTOR('',#6176,1.);
#6176 = DIRECTION('',(0.,0.,1.));
#6177 = ORIENTED_EDGE('',*,*,#3301,.F.);
#6178 = ORIENTED_EDGE('',*,*,#6172,.F.);
#6179 = CYLINDRICAL_SURFACE('',#6180,1.525);
#6180 = AXIS2_PLACEMENT_3D('',#6181,#6182,#6183);
#6181 = CARTESIAN_POINT('',(147.,-87.3,-4.6E-02));
#6182 = DIRECTION('',(-0.,-0.,-1.));
#6183 = DIRECTION('',(-0.,-1.,0.));
#6184 = ADVANCED_FACE('',(#6185),#6196,.F.);
#6185 = FACE_BOUND('',#6186,.T.);
#6186 = EDGE_LOOP('',(#6187,#6188,#6194,#6195));
#6187 = ORIENTED_EDGE('',*,*,#1138,.T.);
#6188 = ORIENTED_EDGE('',*,*,#6189,.T.);
#6189 = EDGE_CURVE('',#1139,#3313,#6190,.T.);
#6190 = LINE('',#6191,#6192);
#6191 = CARTESIAN_POINT('',(175.,-92.15,-4.6E-02));
#6192 = VECTOR('',#6193,1.);
#6193 = DIRECTION('',(0.,0.,1.));
#6194 = ORIENTED_EDGE('',*,*,#3312,.F.);
#6195 = ORIENTED_EDGE('',*,*,#6189,.F.);
#6196 = CYLINDRICAL_SURFACE('',#6197,0.8);
#6197 = AXIS2_PLACEMENT_3D('',#6198,#6199,#6200);
#6198 = CARTESIAN_POINT('',(175.,-91.35,-4.6E-02));
#6199 = DIRECTION('',(-0.,-0.,-1.));
#6200 = DIRECTION('',(-0.,-1.,0.));
#6201 = ADVANCED_FACE('',(#6202),#6213,.F.);
#6202 = FACE_BOUND('',#6203,.T.);
#6203 = EDGE_LOOP('',(#6204,#6205,#6211,#6212));
#6204 = ORIENTED_EDGE('',*,*,#1149,.T.);
#6205 = ORIENTED_EDGE('',*,*,#6206,.T.);
#6206 = EDGE_CURVE('',#1150,#3324,#6207,.T.);
#6207 = LINE('',#6208,#6209);
#6208 = CARTESIAN_POINT('',(51.17,-84.45,-4.6E-02));
#6209 = VECTOR('',#6210,1.);
#6210 = DIRECTION('',(0.,0.,1.));
#6211 = ORIENTED_EDGE('',*,*,#3323,.F.);
#6212 = ORIENTED_EDGE('',*,*,#6206,.F.);
#6213 = CYLINDRICAL_SURFACE('',#6214,0.45);
#6214 = AXIS2_PLACEMENT_3D('',#6215,#6216,#6217);
#6215 = CARTESIAN_POINT('',(51.17,-84.,-4.6E-02));
#6216 = DIRECTION('',(-0.,-0.,-1.));
#6217 = DIRECTION('',(-0.,-1.,0.));
#6218 = ADVANCED_FACE('',(#6219),#6230,.F.);
#6219 = FACE_BOUND('',#6220,.T.);
#6220 = EDGE_LOOP('',(#6221,#6222,#6228,#6229));
#6221 = ORIENTED_EDGE('',*,*,#1160,.T.);
#6222 = ORIENTED_EDGE('',*,*,#6223,.T.);
#6223 = EDGE_CURVE('',#1161,#3335,#6224,.T.);
#6224 = LINE('',#6225,#6226);
#6225 = CARTESIAN_POINT('',(51.17,-81.45,-4.6E-02));
#6226 = VECTOR('',#6227,1.);
#6227 = DIRECTION('',(0.,0.,1.));
#6228 = ORIENTED_EDGE('',*,*,#3334,.F.);
#6229 = ORIENTED_EDGE('',*,*,#6223,.F.);
#6230 = CYLINDRICAL_SURFACE('',#6231,0.45);
#6231 = AXIS2_PLACEMENT_3D('',#6232,#6233,#6234);
#6232 = CARTESIAN_POINT('',(51.17,-81.,-4.6E-02));
#6233 = DIRECTION('',(-0.,-0.,-1.));
#6234 = DIRECTION('',(-0.,-1.,0.));
#6235 = ADVANCED_FACE('',(#6236),#6247,.F.);
#6236 = FACE_BOUND('',#6237,.T.);
#6237 = EDGE_LOOP('',(#6238,#6239,#6245,#6246));
#6238 = ORIENTED_EDGE('',*,*,#1171,.T.);
#6239 = ORIENTED_EDGE('',*,*,#6240,.T.);
#6240 = EDGE_CURVE('',#1172,#3346,#6241,.T.);
#6241 = LINE('',#6242,#6243);
#6242 = CARTESIAN_POINT('',(80.,-84.925,-4.6E-02));
#6243 = VECTOR('',#6244,1.);
#6244 = DIRECTION('',(0.,0.,1.));
#6245 = ORIENTED_EDGE('',*,*,#3345,.F.);
#6246 = ORIENTED_EDGE('',*,*,#6240,.F.);
#6247 = CYLINDRICAL_SURFACE('',#6248,1.525);
#6248 = AXIS2_PLACEMENT_3D('',#6249,#6250,#6251);
#6249 = CARTESIAN_POINT('',(80.,-83.4,-4.6E-02));
#6250 = DIRECTION('',(-0.,-0.,-1.));
#6251 = DIRECTION('',(-0.,-1.,0.));
#6252 = ADVANCED_FACE('',(#6253),#6264,.F.);
#6253 = FACE_BOUND('',#6254,.T.);
#6254 = EDGE_LOOP('',(#6255,#6256,#6262,#6263));
#6255 = ORIENTED_EDGE('',*,*,#1182,.T.);
#6256 = ORIENTED_EDGE('',*,*,#6257,.T.);
#6257 = EDGE_CURVE('',#1183,#3357,#6258,.T.);
#6258 = LINE('',#6259,#6260);
#6259 = CARTESIAN_POINT('',(75.,-82.825,-4.6E-02));
#6260 = VECTOR('',#6261,1.);
#6261 = DIRECTION('',(0.,0.,1.));
#6262 = ORIENTED_EDGE('',*,*,#3356,.F.);
#6263 = ORIENTED_EDGE('',*,*,#6257,.F.);
#6264 = CYLINDRICAL_SURFACE('',#6265,1.525);
#6265 = AXIS2_PLACEMENT_3D('',#6266,#6267,#6268);
#6266 = CARTESIAN_POINT('',(75.,-81.3,-4.6E-02));
#6267 = DIRECTION('',(-0.,-0.,-1.));
#6268 = DIRECTION('',(-0.,-1.,0.));
#6269 = ADVANCED_FACE('',(#6270),#6281,.F.);
#6270 = FACE_BOUND('',#6271,.T.);
#6271 = EDGE_LOOP('',(#6272,#6273,#6279,#6280));
#6272 = ORIENTED_EDGE('',*,*,#1193,.T.);
#6273 = ORIENTED_EDGE('',*,*,#6274,.T.);
#6274 = EDGE_CURVE('',#1194,#3368,#6275,.T.);
#6275 = LINE('',#6276,#6277);
#6276 = CARTESIAN_POINT('',(74.5,-78.45,-4.6E-02));
#6277 = VECTOR('',#6278,1.);
#6278 = DIRECTION('',(0.,0.,1.));
#6279 = ORIENTED_EDGE('',*,*,#3367,.F.);
#6280 = ORIENTED_EDGE('',*,*,#6274,.F.);
#6281 = CYLINDRICAL_SURFACE('',#6282,0.95);
#6282 = AXIS2_PLACEMENT_3D('',#6283,#6284,#6285);
#6283 = CARTESIAN_POINT('',(74.5,-77.5,-4.6E-02));
#6284 = DIRECTION('',(-0.,-0.,-1.));
#6285 = DIRECTION('',(-0.,-1.,0.));
#6286 = ADVANCED_FACE('',(#6287),#6298,.F.);
#6287 = FACE_BOUND('',#6288,.T.);
#6288 = EDGE_LOOP('',(#6289,#6290,#6296,#6297));
#6289 = ORIENTED_EDGE('',*,*,#1204,.T.);
#6290 = ORIENTED_EDGE('',*,*,#6291,.T.);
#6291 = EDGE_CURVE('',#1205,#3379,#6292,.T.);
#6292 = LINE('',#6293,#6294);
#6293 = CARTESIAN_POINT('',(80.,-80.025,-4.6E-02));
#6294 = VECTOR('',#6295,1.);
#6295 = DIRECTION('',(0.,0.,1.));
#6296 = ORIENTED_EDGE('',*,*,#3378,.F.);
#6297 = ORIENTED_EDGE('',*,*,#6291,.F.);
#6298 = CYLINDRICAL_SURFACE('',#6299,2.525);
#6299 = AXIS2_PLACEMENT_3D('',#6300,#6301,#6302);
#6300 = CARTESIAN_POINT('',(80.,-77.5,-4.6E-02));
#6301 = DIRECTION('',(-0.,-0.,-1.));
#6302 = DIRECTION('',(-0.,-1.,0.));
#6303 = ADVANCED_FACE('',(#6304),#6315,.F.);
#6304 = FACE_BOUND('',#6305,.T.);
#6305 = EDGE_LOOP('',(#6306,#6307,#6313,#6314));
#6306 = ORIENTED_EDGE('',*,*,#1215,.T.);
#6307 = ORIENTED_EDGE('',*,*,#6308,.T.);
#6308 = EDGE_CURVE('',#1216,#3390,#6309,.T.);
#6309 = LINE('',#6310,#6311);
#6310 = CARTESIAN_POINT('',(57.,-75.875,-4.6E-02));
#6311 = VECTOR('',#6312,1.);
#6312 = DIRECTION('',(0.,0.,1.));
#6313 = ORIENTED_EDGE('',*,*,#3389,.F.);
#6314 = ORIENTED_EDGE('',*,*,#6308,.F.);
#6315 = CYLINDRICAL_SURFACE('',#6316,0.375);
#6316 = AXIS2_PLACEMENT_3D('',#6317,#6318,#6319);
#6317 = CARTESIAN_POINT('',(57.,-75.5,-4.6E-02));
#6318 = DIRECTION('',(-0.,-0.,-1.));
#6319 = DIRECTION('',(-0.,-1.,0.));
#6320 = ADVANCED_FACE('',(#6321),#6332,.F.);
#6321 = FACE_BOUND('',#6322,.T.);
#6322 = EDGE_LOOP('',(#6323,#6324,#6330,#6331));
#6323 = ORIENTED_EDGE('',*,*,#1226,.T.);
#6324 = ORIENTED_EDGE('',*,*,#6325,.T.);
#6325 = EDGE_CURVE('',#1227,#3401,#6326,.T.);
#6326 = LINE('',#6327,#6328);
#6327 = CARTESIAN_POINT('',(59.,-75.875,-4.6E-02));
#6328 = VECTOR('',#6329,1.);
#6329 = DIRECTION('',(0.,0.,1.));
#6330 = ORIENTED_EDGE('',*,*,#3400,.F.);
#6331 = ORIENTED_EDGE('',*,*,#6325,.F.);
#6332 = CYLINDRICAL_SURFACE('',#6333,0.375);
#6333 = AXIS2_PLACEMENT_3D('',#6334,#6335,#6336);
#6334 = CARTESIAN_POINT('',(59.,-75.5,-4.6E-02));
#6335 = DIRECTION('',(-0.,-0.,-1.));
#6336 = DIRECTION('',(-0.,-1.,0.));
#6337 = ADVANCED_FACE('',(#6338),#6349,.F.);
#6338 = FACE_BOUND('',#6339,.T.);
#6339 = EDGE_LOOP('',(#6340,#6341,#6347,#6348));
#6340 = ORIENTED_EDGE('',*,*,#1237,.T.);
#6341 = ORIENTED_EDGE('',*,*,#6342,.T.);
#6342 = EDGE_CURVE('',#1238,#3412,#6343,.T.);
#6343 = LINE('',#6344,#6345);
#6344 = CARTESIAN_POINT('',(62.96,-75.9064,-4.6E-02));
#6345 = VECTOR('',#6346,1.);
#6346 = DIRECTION('',(0.,0.,1.));
#6347 = ORIENTED_EDGE('',*,*,#3411,.F.);
#6348 = ORIENTED_EDGE('',*,*,#6342,.F.);
#6349 = CYLINDRICAL_SURFACE('',#6350,0.4064);
#6350 = AXIS2_PLACEMENT_3D('',#6351,#6352,#6353);
#6351 = CARTESIAN_POINT('',(62.96,-75.5,-4.6E-02));
#6352 = DIRECTION('',(-0.,-0.,-1.));
#6353 = DIRECTION('',(-0.,-1.,0.));
#6354 = ADVANCED_FACE('',(#6355),#6366,.F.);
#6355 = FACE_BOUND('',#6356,.T.);
#6356 = EDGE_LOOP('',(#6357,#6358,#6364,#6365));
#6357 = ORIENTED_EDGE('',*,*,#1248,.T.);
#6358 = ORIENTED_EDGE('',*,*,#6359,.T.);
#6359 = EDGE_CURVE('',#1249,#3423,#6360,.T.);
#6360 = LINE('',#6361,#6362);
#6361 = CARTESIAN_POINT('',(65.5,-75.881,-4.6E-02));
#6362 = VECTOR('',#6363,1.);
#6363 = DIRECTION('',(0.,0.,1.));
#6364 = ORIENTED_EDGE('',*,*,#3422,.F.);
#6365 = ORIENTED_EDGE('',*,*,#6359,.F.);
#6366 = CYLINDRICAL_SURFACE('',#6367,0.381);
#6367 = AXIS2_PLACEMENT_3D('',#6368,#6369,#6370);
#6368 = CARTESIAN_POINT('',(65.5,-75.5,-4.6E-02));
#6369 = DIRECTION('',(-0.,-0.,-1.));
#6370 = DIRECTION('',(-0.,-1.,0.));
#6371 = ADVANCED_FACE('',(#6372),#6383,.F.);
#6372 = FACE_BOUND('',#6373,.T.);
#6373 = EDGE_LOOP('',(#6374,#6375,#6381,#6382));
#6374 = ORIENTED_EDGE('',*,*,#1259,.T.);
#6375 = ORIENTED_EDGE('',*,*,#6376,.T.);
#6376 = EDGE_CURVE('',#1260,#3434,#6377,.T.);
#6377 = LINE('',#6378,#6379);
#6378 = CARTESIAN_POINT('',(52.38,-69.0264,-4.6E-02));
#6379 = VECTOR('',#6380,1.);
#6380 = DIRECTION('',(0.,0.,1.));
#6381 = ORIENTED_EDGE('',*,*,#3433,.F.);
#6382 = ORIENTED_EDGE('',*,*,#6376,.F.);
#6383 = CYLINDRICAL_SURFACE('',#6384,0.4064);
#6384 = AXIS2_PLACEMENT_3D('',#6385,#6386,#6387);
#6385 = CARTESIAN_POINT('',(52.38,-68.62,-4.6E-02));
#6386 = DIRECTION('',(-0.,0.,-1.));
#6387 = DIRECTION('',(1.748382715945E-14,-1.,-0.));
#6388 = ADVANCED_FACE('',(#6389),#6405,.F.);
#6389 = FACE_BOUND('',#6390,.T.);
#6390 = EDGE_LOOP('',(#6391,#6397,#6398,#6404));
#6391 = ORIENTED_EDGE('',*,*,#6392,.T.);
#6392 = EDGE_CURVE('',#1271,#3445,#6393,.T.);
#6393 = LINE('',#6394,#6395);
#6394 = CARTESIAN_POINT('',(63.953247,-67.910753,0.));
#6395 = VECTOR('',#6396,1.);
#6396 = DIRECTION('',(0.,0.,1.));
#6397 = ORIENTED_EDGE('',*,*,#3444,.T.);
#6398 = ORIENTED_EDGE('',*,*,#6399,.F.);
#6399 = EDGE_CURVE('',#1273,#3447,#6400,.T.);
#6400 = LINE('',#6401,#6402);
#6401 = CARTESIAN_POINT('',(63.572247,-68.291753,0.));
#6402 = VECTOR('',#6403,1.);
#6403 = DIRECTION('',(0.,0.,1.));
#6404 = ORIENTED_EDGE('',*,*,#1270,.F.);
#6405 = CYLINDRICAL_SURFACE('',#6406,0.380992091699);
#6406 = AXIS2_PLACEMENT_3D('',#6407,#6408,#6409);
#6407 = CARTESIAN_POINT('',(63.953239091617,-68.29174509161,0.));
#6408 = DIRECTION('',(-0.,-0.,-1.));
#6409 = DIRECTION('',(2.075734151478E-05,0.999999999785,-0.));
#6410 = ADVANCED_FACE('',(#6411),#6422,.T.);
#6411 = FACE_BOUND('',#6412,.T.);
#6412 = EDGE_LOOP('',(#6413,#6414,#6415,#6416));
#6413 = ORIENTED_EDGE('',*,*,#1350,.F.);
#6414 = ORIENTED_EDGE('',*,*,#6399,.T.);
#6415 = ORIENTED_EDGE('',*,*,#3524,.T.);
#6416 = ORIENTED_EDGE('',*,*,#6417,.T.);
#6417 = EDGE_CURVE('',#3516,#1342,#6418,.T.);
#6418 = LINE('',#6419,#6420);
#6419 = CARTESIAN_POINT('',(63.572247,-69.88685238023,-4.6E-02));
#6420 = VECTOR('',#6421,1.);
#6421 = DIRECTION('',(-0.,-0.,-1.));
#6422 = PLANE('',#6423);
#6423 = AXIS2_PLACEMENT_3D('',#6424,#6425,#6426);
#6424 = CARTESIAN_POINT('',(63.572247,-68.291753,0.));
#6425 = DIRECTION('',(1.,0.,-0.));
#6426 = DIRECTION('',(0.,-1.,0.));
#6427 = ADVANCED_FACE('',(#6428),#6439,.F.);
#6428 = FACE_BOUND('',#6429,.T.);
#6429 = EDGE_LOOP('',(#6430,#6436,#6437,#6438));
#6430 = ORIENTED_EDGE('',*,*,#6431,.F.);
#6431 = EDGE_CURVE('',#1333,#3507,#6432,.T.);
#6432 = LINE('',#6433,#6434);
#6433 = CARTESIAN_POINT('',(63.8354,-70.812,-4.6E-02));
#6434 = VECTOR('',#6435,1.);
#6435 = DIRECTION('',(0.,0.,1.));
#6436 = ORIENTED_EDGE('',*,*,#1341,.T.);
#6437 = ORIENTED_EDGE('',*,*,#6417,.F.);
#6438 = ORIENTED_EDGE('',*,*,#3515,.F.);
#6439 = CYLINDRICAL_SURFACE('',#6440,0.5);
#6440 = AXIS2_PLACEMENT_3D('',#6441,#6442,#6443);
#6441 = CARTESIAN_POINT('',(63.8354,-70.312,-4.6E-02));
#6442 = DIRECTION('',(-0.,-0.,-1.));
#6443 = DIRECTION('',(-1.42108547152E-14,-1.,0.));
#6444 = ADVANCED_FACE('',(#6445),#6456,.F.);
#6445 = FACE_BOUND('',#6446,.T.);
#6446 = EDGE_LOOP('',(#6447,#6448,#6449,#6450));
#6447 = ORIENTED_EDGE('',*,*,#1332,.T.);
#6448 = ORIENTED_EDGE('',*,*,#6431,.T.);
#6449 = ORIENTED_EDGE('',*,*,#3506,.F.);
#6450 = ORIENTED_EDGE('',*,*,#6451,.T.);
#6451 = EDGE_CURVE('',#3499,#1325,#6452,.T.);
#6452 = LINE('',#6453,#6454);
#6453 = CARTESIAN_POINT('',(64.258927263575,-70.577753,-4.6E-02));
#6454 = VECTOR('',#6455,1.);
#6455 = DIRECTION('',(-0.,-0.,-1.));
#6456 = CYLINDRICAL_SURFACE('',#6457,0.5);
#6457 = AXIS2_PLACEMENT_3D('',#6458,#6459,#6460);
#6458 = CARTESIAN_POINT('',(63.8354,-70.312,-4.6E-02));
#6459 = DIRECTION('',(-0.,-0.,-1.));
#6460 = DIRECTION('',(-1.42108547152E-14,-1.,0.));
#6461 = ADVANCED_FACE('',(#6462),#6473,.T.);
#6462 = FACE_BOUND('',#6463,.T.);
#6463 = EDGE_LOOP('',(#6464,#6465,#6466,#6467));
#6464 = ORIENTED_EDGE('',*,*,#1324,.F.);
#6465 = ORIENTED_EDGE('',*,*,#6451,.F.);
#6466 = ORIENTED_EDGE('',*,*,#3498,.T.);
#6467 = ORIENTED_EDGE('',*,*,#6468,.T.);
#6468 = EDGE_CURVE('',#3490,#1316,#6469,.T.);
#6469 = LINE('',#6470,#6471);
#6470 = CARTESIAN_POINT('',(65.291472736425,-70.577753,-4.6E-02));
#6471 = VECTOR('',#6472,1.);
#6472 = DIRECTION('',(-0.,-0.,-1.));
#6473 = PLANE('',#6474);
#6474 = AXIS2_PLACEMENT_3D('',#6475,#6476,#6477);
#6475 = CARTESIAN_POINT('',(64.258047,-70.577753,0.));
#6476 = DIRECTION('',(0.,1.,0.));
#6477 = DIRECTION('',(1.,0.,0.));
#6478 = ADVANCED_FACE('',(#6479),#6490,.F.);
#6479 = FACE_BOUND('',#6480,.T.);
#6480 = EDGE_LOOP('',(#6481,#6487,#6488,#6489));
#6481 = ORIENTED_EDGE('',*,*,#6482,.F.);
#6482 = EDGE_CURVE('',#1307,#3481,#6483,.T.);
#6483 = LINE('',#6484,#6485);
#6484 = CARTESIAN_POINT('',(65.715,-70.812,-4.6E-02));
#6485 = VECTOR('',#6486,1.);
#6486 = DIRECTION('',(0.,0.,1.));
#6487 = ORIENTED_EDGE('',*,*,#1315,.T.);
#6488 = ORIENTED_EDGE('',*,*,#6468,.F.);
#6489 = ORIENTED_EDGE('',*,*,#3489,.F.);
#6490 = CYLINDRICAL_SURFACE('',#6491,0.5);
#6491 = AXIS2_PLACEMENT_3D('',#6492,#6493,#6494);
#6492 = CARTESIAN_POINT('',(65.715,-70.312,-4.6E-02));
#6493 = DIRECTION('',(-0.,-0.,-1.));
#6494 = DIRECTION('',(-0.,-1.,0.));
#6495 = ADVANCED_FACE('',(#6496),#6507,.F.);
#6496 = FACE_BOUND('',#6497,.T.);
#6497 = EDGE_LOOP('',(#6498,#6499,#6500,#6501));
#6498 = ORIENTED_EDGE('',*,*,#1306,.T.);
#6499 = ORIENTED_EDGE('',*,*,#6482,.T.);
#6500 = ORIENTED_EDGE('',*,*,#3480,.F.);
#6501 = ORIENTED_EDGE('',*,*,#6502,.T.);
#6502 = EDGE_CURVE('',#3473,#1299,#6503,.T.);
#6503 = LINE('',#6504,#6505);
#6504 = CARTESIAN_POINT('',(65.985247,-69.89132606571,-4.6E-02));
#6505 = VECTOR('',#6506,1.);
#6506 = DIRECTION('',(-0.,-0.,-1.));
#6507 = CYLINDRICAL_SURFACE('',#6508,0.5);
#6508 = AXIS2_PLACEMENT_3D('',#6509,#6510,#6511);
#6509 = CARTESIAN_POINT('',(65.715,-70.312,-4.6E-02));
#6510 = DIRECTION('',(-0.,-0.,-1.));
#6511 = DIRECTION('',(-0.,-1.,0.));
#6512 = ADVANCED_FACE('',(#6513),#6524,.T.);
#6513 = FACE_BOUND('',#6514,.T.);
#6514 = EDGE_LOOP('',(#6515,#6516,#6517,#6518));
#6515 = ORIENTED_EDGE('',*,*,#1298,.F.);
#6516 = ORIENTED_EDGE('',*,*,#6502,.F.);
#6517 = ORIENTED_EDGE('',*,*,#3472,.T.);
#6518 = ORIENTED_EDGE('',*,*,#6519,.F.);
#6519 = EDGE_CURVE('',#1290,#3464,#6520,.T.);
#6520 = LINE('',#6521,#6522);
#6521 = CARTESIAN_POINT('',(65.985247,-68.291753,0.));
#6522 = VECTOR('',#6523,1.);
#6523 = DIRECTION('',(0.,0.,1.));
#6524 = PLANE('',#6525);
#6525 = AXIS2_PLACEMENT_3D('',#6526,#6527,#6528);
#6526 = CARTESIAN_POINT('',(65.985247,-69.891953,0.));
#6527 = DIRECTION('',(-1.,0.,0.));
#6528 = DIRECTION('',(0.,1.,0.));
#6529 = ADVANCED_FACE('',(#6530),#6541,.F.);
#6530 = FACE_BOUND('',#6531,.T.);
#6531 = EDGE_LOOP('',(#6532,#6533,#6534,#6540));
#6532 = ORIENTED_EDGE('',*,*,#6519,.T.);
#6533 = ORIENTED_EDGE('',*,*,#3463,.T.);
#6534 = ORIENTED_EDGE('',*,*,#6535,.F.);
#6535 = EDGE_CURVE('',#1282,#3456,#6536,.T.);
#6536 = LINE('',#6537,#6538);
#6537 = CARTESIAN_POINT('',(65.604247,-67.910753,0.));
#6538 = VECTOR('',#6539,1.);
#6539 = DIRECTION('',(0.,0.,1.));
#6540 = ORIENTED_EDGE('',*,*,#1289,.F.);
#6541 = CYLINDRICAL_SURFACE('',#6542,0.380995505729);
#6542 = AXIS2_PLACEMENT_3D('',#6543,#6544,#6545);
#6543 = CARTESIAN_POINT('',(65.604251494297,-68.2917485057,0.));
#6544 = DIRECTION('',(-0.,-0.,-1.));
#6545 = DIRECTION('',(0.99999999993,-1.179619483088E-05,0.));
#6546 = ADVANCED_FACE('',(#6547),#6553,.T.);
#6547 = FACE_BOUND('',#6548,.T.);
#6548 = EDGE_LOOP('',(#6549,#6550,#6551,#6552));
#6549 = ORIENTED_EDGE('',*,*,#6535,.T.);
#6550 = ORIENTED_EDGE('',*,*,#3455,.T.);
#6551 = ORIENTED_EDGE('',*,*,#6392,.F.);
#6552 = ORIENTED_EDGE('',*,*,#1281,.F.);
#6553 = PLANE('',#6554);
#6554 = AXIS2_PLACEMENT_3D('',#6555,#6556,#6557);
#6555 = CARTESIAN_POINT('',(65.604247,-67.910753,0.));
#6556 = DIRECTION('',(0.,-1.,0.));
#6557 = DIRECTION('',(-1.,0.,0.));
#6558 = ADVANCED_FACE('',(#6559),#6570,.F.);
#6559 = FACE_BOUND('',#6560,.T.);
#6560 = EDGE_LOOP('',(#6561,#6562,#6568,#6569));
#6561 = ORIENTED_EDGE('',*,*,#1358,.T.);
#6562 = ORIENTED_EDGE('',*,*,#6563,.T.);
#6563 = EDGE_CURVE('',#1359,#3533,#6564,.T.);
#6564 = LINE('',#6565,#6566);
#6565 = CARTESIAN_POINT('',(68.04,-75.9064,-4.6E-02));
#6566 = VECTOR('',#6567,1.);
#6567 = DIRECTION('',(0.,0.,1.));
#6568 = ORIENTED_EDGE('',*,*,#3532,.F.);
#6569 = ORIENTED_EDGE('',*,*,#6563,.F.);
#6570 = CYLINDRICAL_SURFACE('',#6571,0.4064);
#6571 = AXIS2_PLACEMENT_3D('',#6572,#6573,#6574);
#6572 = CARTESIAN_POINT('',(68.04,-75.5,-4.6E-02));
#6573 = DIRECTION('',(-0.,0.,-1.));
#6574 = DIRECTION('',(3.49676543189E-14,-1.,-0.));
#6575 = ADVANCED_FACE('',(#6576),#6587,.F.);
#6576 = FACE_BOUND('',#6577,.T.);
#6577 = EDGE_LOOP('',(#6578,#6579,#6585,#6586));
#6578 = ORIENTED_EDGE('',*,*,#1369,.T.);
#6579 = ORIENTED_EDGE('',*,*,#6580,.T.);
#6580 = EDGE_CURVE('',#1370,#3544,#6581,.T.);
#6581 = LINE('',#6582,#6583);
#6582 = CARTESIAN_POINT('',(67.62,-69.0264,-4.6E-02));
#6583 = VECTOR('',#6584,1.);
#6584 = DIRECTION('',(0.,0.,1.));
#6585 = ORIENTED_EDGE('',*,*,#3543,.F.);
#6586 = ORIENTED_EDGE('',*,*,#6580,.F.);
#6587 = CYLINDRICAL_SURFACE('',#6588,0.4064);
#6588 = AXIS2_PLACEMENT_3D('',#6589,#6590,#6591);
#6589 = CARTESIAN_POINT('',(67.62,-68.62,-4.6E-02));
#6590 = DIRECTION('',(-0.,-0.,-1.));
#6591 = DIRECTION('',(-0.,-1.,0.));
#6592 = ADVANCED_FACE('',(#6593),#6604,.F.);
#6593 = FACE_BOUND('',#6594,.T.);
#6594 = EDGE_LOOP('',(#6595,#6596,#6602,#6603));
#6595 = ORIENTED_EDGE('',*,*,#1380,.T.);
#6596 = ORIENTED_EDGE('',*,*,#6597,.T.);
#6597 = EDGE_CURVE('',#1381,#3555,#6598,.T.);
#6598 = LINE('',#6599,#6600);
#6599 = CARTESIAN_POINT('',(85.5,-78.45,-4.6E-02));
#6600 = VECTOR('',#6601,1.);
#6601 = DIRECTION('',(0.,0.,1.));
#6602 = ORIENTED_EDGE('',*,*,#3554,.F.);
#6603 = ORIENTED_EDGE('',*,*,#6597,.F.);
#6604 = CYLINDRICAL_SURFACE('',#6605,0.95);
#6605 = AXIS2_PLACEMENT_3D('',#6606,#6607,#6608);
#6606 = CARTESIAN_POINT('',(85.5,-77.5,-4.6E-02));
#6607 = DIRECTION('',(-0.,-0.,-1.));
#6608 = DIRECTION('',(-0.,-1.,0.));
#6609 = ADVANCED_FACE('',(#6610),#6621,.F.);
#6610 = FACE_BOUND('',#6611,.T.);
#6611 = EDGE_LOOP('',(#6612,#6613,#6619,#6620));
#6612 = ORIENTED_EDGE('',*,*,#1391,.T.);
#6613 = ORIENTED_EDGE('',*,*,#6614,.T.);
#6614 = EDGE_CURVE('',#1392,#3566,#6615,.T.);
#6615 = LINE('',#6616,#6617);
#6616 = CARTESIAN_POINT('',(93.,-80.825,-4.6E-02));
#6617 = VECTOR('',#6618,1.);
#6618 = DIRECTION('',(0.,0.,1.));
#6619 = ORIENTED_EDGE('',*,*,#3565,.F.);
#6620 = ORIENTED_EDGE('',*,*,#6614,.F.);
#6621 = CYLINDRICAL_SURFACE('',#6622,1.525);
#6622 = AXIS2_PLACEMENT_3D('',#6623,#6624,#6625);
#6623 = CARTESIAN_POINT('',(93.,-79.3,-4.6E-02));
#6624 = DIRECTION('',(-0.,-0.,-1.));
#6625 = DIRECTION('',(-0.,-1.,0.));
#6626 = ADVANCED_FACE('',(#6627),#6638,.F.);
#6627 = FACE_BOUND('',#6628,.T.);
#6628 = EDGE_LOOP('',(#6629,#6630,#6636,#6637));
#6629 = ORIENTED_EDGE('',*,*,#1402,.T.);
#6630 = ORIENTED_EDGE('',*,*,#6631,.T.);
#6631 = EDGE_CURVE('',#1403,#3577,#6632,.T.);
#6632 = LINE('',#6633,#6634);
#6633 = CARTESIAN_POINT('',(98.,-82.925,-4.6E-02));
#6634 = VECTOR('',#6635,1.);
#6635 = DIRECTION('',(0.,0.,1.));
#6636 = ORIENTED_EDGE('',*,*,#3576,.F.);
#6637 = ORIENTED_EDGE('',*,*,#6631,.F.);
#6638 = CYLINDRICAL_SURFACE('',#6639,1.525);
#6639 = AXIS2_PLACEMENT_3D('',#6640,#6641,#6642);
#6640 = CARTESIAN_POINT('',(98.,-81.4,-4.6E-02));
#6641 = DIRECTION('',(-0.,-0.,-1.));
#6642 = DIRECTION('',(-0.,-1.,0.));
#6643 = ADVANCED_FACE('',(#6644),#6655,.F.);
#6644 = FACE_BOUND('',#6645,.T.);
#6645 = EDGE_LOOP('',(#6646,#6647,#6653,#6654));
#6646 = ORIENTED_EDGE('',*,*,#1413,.T.);
#6647 = ORIENTED_EDGE('',*,*,#6648,.T.);
#6648 = EDGE_CURVE('',#1414,#3588,#6649,.T.);
#6649 = LINE('',#6650,#6651);
#6650 = CARTESIAN_POINT('',(85.,-73.15,-4.6E-02));
#6651 = VECTOR('',#6652,1.);
#6652 = DIRECTION('',(0.,0.,1.));
#6653 = ORIENTED_EDGE('',*,*,#3587,.F.);
#6654 = ORIENTED_EDGE('',*,*,#6648,.F.);
#6655 = CYLINDRICAL_SURFACE('',#6656,0.8);
#6656 = AXIS2_PLACEMENT_3D('',#6657,#6658,#6659);
#6657 = CARTESIAN_POINT('',(85.,-72.35,-4.6E-02));
#6658 = DIRECTION('',(-0.,-0.,-1.));
#6659 = DIRECTION('',(-0.,-1.,0.));
#6660 = ADVANCED_FACE('',(#6661),#6672,.F.);
#6661 = FACE_BOUND('',#6662,.T.);
#6662 = EDGE_LOOP('',(#6663,#6664,#6670,#6671));
#6663 = ORIENTED_EDGE('',*,*,#1424,.T.);
#6664 = ORIENTED_EDGE('',*,*,#6665,.T.);
#6665 = EDGE_CURVE('',#1425,#3599,#6666,.T.);
#6666 = LINE('',#6667,#6668);
#6667 = CARTESIAN_POINT('',(92.5,-76.45,-4.6E-02));
#6668 = VECTOR('',#6669,1.);
#6669 = DIRECTION('',(0.,0.,1.));
#6670 = ORIENTED_EDGE('',*,*,#3598,.F.);
#6671 = ORIENTED_EDGE('',*,*,#6665,.F.);
#6672 = CYLINDRICAL_SURFACE('',#6673,0.95);
#6673 = AXIS2_PLACEMENT_3D('',#6674,#6675,#6676);
#6674 = CARTESIAN_POINT('',(92.5,-75.5,-4.6E-02));
#6675 = DIRECTION('',(-0.,-0.,-1.));
#6676 = DIRECTION('',(-0.,-1.,0.));
#6677 = ADVANCED_FACE('',(#6678),#6689,.F.);
#6678 = FACE_BOUND('',#6679,.T.);
#6679 = EDGE_LOOP('',(#6680,#6681,#6687,#6688));
#6680 = ORIENTED_EDGE('',*,*,#1435,.T.);
#6681 = ORIENTED_EDGE('',*,*,#6682,.T.);
#6682 = EDGE_CURVE('',#1436,#3610,#6683,.T.);
#6683 = LINE('',#6684,#6685);
#6684 = CARTESIAN_POINT('',(98.,-78.025,-4.6E-02));
#6685 = VECTOR('',#6686,1.);
#6686 = DIRECTION('',(0.,0.,1.));
#6687 = ORIENTED_EDGE('',*,*,#3609,.F.);
#6688 = ORIENTED_EDGE('',*,*,#6682,.F.);
#6689 = CYLINDRICAL_SURFACE('',#6690,2.525);
#6690 = AXIS2_PLACEMENT_3D('',#6691,#6692,#6693);
#6691 = CARTESIAN_POINT('',(98.,-75.5,-4.6E-02));
#6692 = DIRECTION('',(-0.,-0.,-1.));
#6693 = DIRECTION('',(-0.,-1.,0.));
#6694 = ADVANCED_FACE('',(#6695),#6706,.F.);
#6695 = FACE_BOUND('',#6696,.T.);
#6696 = EDGE_LOOP('',(#6697,#6698,#6704,#6705));
#6697 = ORIENTED_EDGE('',*,*,#1446,.T.);
#6698 = ORIENTED_EDGE('',*,*,#6699,.T.);
#6699 = EDGE_CURVE('',#1447,#3621,#6700,.T.);
#6700 = LINE('',#6701,#6702);
#6701 = CARTESIAN_POINT('',(103.5,-76.45,-4.6E-02));
#6702 = VECTOR('',#6703,1.);
#6703 = DIRECTION('',(0.,0.,1.));
#6704 = ORIENTED_EDGE('',*,*,#3620,.F.);
#6705 = ORIENTED_EDGE('',*,*,#6699,.F.);
#6706 = CYLINDRICAL_SURFACE('',#6707,0.95);
#6707 = AXIS2_PLACEMENT_3D('',#6708,#6709,#6710);
#6708 = CARTESIAN_POINT('',(103.5,-75.5,-4.6E-02));
#6709 = DIRECTION('',(-0.,-0.,-1.));
#6710 = DIRECTION('',(-0.,-1.,0.));
#6711 = ADVANCED_FACE('',(#6712),#6723,.F.);
#6712 = FACE_BOUND('',#6713,.T.);
#6713 = EDGE_LOOP('',(#6714,#6715,#6721,#6722));
#6714 = ORIENTED_EDGE('',*,*,#1457,.T.);
#6715 = ORIENTED_EDGE('',*,*,#6716,.T.);
#6716 = EDGE_CURVE('',#1458,#3632,#6717,.T.);
#6717 = LINE('',#6718,#6719);
#6718 = CARTESIAN_POINT('',(111.,-77.825,-4.6E-02));
#6719 = VECTOR('',#6720,1.);
#6720 = DIRECTION('',(0.,0.,1.));
#6721 = ORIENTED_EDGE('',*,*,#3631,.F.);
#6722 = ORIENTED_EDGE('',*,*,#6716,.F.);
#6723 = CYLINDRICAL_SURFACE('',#6724,1.525);
#6724 = AXIS2_PLACEMENT_3D('',#6725,#6726,#6727);
#6725 = CARTESIAN_POINT('',(111.,-76.3,-4.6E-02));
#6726 = DIRECTION('',(-0.,-0.,-1.));
#6727 = DIRECTION('',(-0.,-1.,0.));
#6728 = ADVANCED_FACE('',(#6729),#6740,.F.);
#6729 = FACE_BOUND('',#6730,.T.);
#6730 = EDGE_LOOP('',(#6731,#6732,#6738,#6739));
#6731 = ORIENTED_EDGE('',*,*,#1468,.T.);
#6732 = ORIENTED_EDGE('',*,*,#6733,.T.);
#6733 = EDGE_CURVE('',#1469,#3643,#6734,.T.);
#6734 = LINE('',#6735,#6736);
#6735 = CARTESIAN_POINT('',(110.5,-73.45,-4.6E-02));
#6736 = VECTOR('',#6737,1.);
#6737 = DIRECTION('',(0.,0.,1.));
#6738 = ORIENTED_EDGE('',*,*,#3642,.F.);
#6739 = ORIENTED_EDGE('',*,*,#6733,.F.);
#6740 = CYLINDRICAL_SURFACE('',#6741,0.95);
#6741 = AXIS2_PLACEMENT_3D('',#6742,#6743,#6744);
#6742 = CARTESIAN_POINT('',(110.5,-72.5,-4.6E-02));
#6743 = DIRECTION('',(-0.,-0.,-1.));
#6744 = DIRECTION('',(-0.,-1.,0.));
#6745 = ADVANCED_FACE('',(#6746),#6757,.F.);
#6746 = FACE_BOUND('',#6747,.T.);
#6747 = EDGE_LOOP('',(#6748,#6749,#6755,#6756));
#6748 = ORIENTED_EDGE('',*,*,#1479,.T.);
#6749 = ORIENTED_EDGE('',*,*,#6750,.T.);
#6750 = EDGE_CURVE('',#1480,#3654,#6751,.T.);
#6751 = LINE('',#6752,#6753);
#6752 = CARTESIAN_POINT('',(103.,-71.15,-4.6E-02));
#6753 = VECTOR('',#6754,1.);
#6754 = DIRECTION('',(0.,0.,1.));
#6755 = ORIENTED_EDGE('',*,*,#3653,.F.);
#6756 = ORIENTED_EDGE('',*,*,#6750,.F.);
#6757 = CYLINDRICAL_SURFACE('',#6758,0.8);
#6758 = AXIS2_PLACEMENT_3D('',#6759,#6760,#6761);
#6759 = CARTESIAN_POINT('',(103.,-70.35,-4.6E-02));
#6760 = DIRECTION('',(-0.,-0.,-1.));
#6761 = DIRECTION('',(-0.,-1.,0.));
#6762 = ADVANCED_FACE('',(#6763),#6774,.F.);
#6763 = FACE_BOUND('',#6764,.T.);
#6764 = EDGE_LOOP('',(#6765,#6766,#6772,#6773));
#6765 = ORIENTED_EDGE('',*,*,#1490,.T.);
#6766 = ORIENTED_EDGE('',*,*,#6767,.T.);
#6767 = EDGE_CURVE('',#1491,#3665,#6768,.T.);
#6768 = LINE('',#6769,#6770);
#6769 = CARTESIAN_POINT('',(52.38,-66.4864,-4.6E-02));
#6770 = VECTOR('',#6771,1.);
#6771 = DIRECTION('',(0.,0.,1.));
#6772 = ORIENTED_EDGE('',*,*,#3664,.F.);
#6773 = ORIENTED_EDGE('',*,*,#6767,.F.);
#6774 = CYLINDRICAL_SURFACE('',#6775,0.4064);
#6775 = AXIS2_PLACEMENT_3D('',#6776,#6777,#6778);
#6776 = CARTESIAN_POINT('',(52.38,-66.08,-4.6E-02));
#6777 = DIRECTION('',(-0.,0.,-1.));
#6778 = DIRECTION('',(1.748382715945E-14,-1.,-0.));
#6779 = ADVANCED_FACE('',(#6780),#6791,.F.);
#6780 = FACE_BOUND('',#6781,.T.);
#6781 = EDGE_LOOP('',(#6782,#6783,#6789,#6790));
#6782 = ORIENTED_EDGE('',*,*,#1501,.T.);
#6783 = ORIENTED_EDGE('',*,*,#6784,.T.);
#6784 = EDGE_CURVE('',#1502,#3676,#6785,.T.);
#6785 = LINE('',#6786,#6787);
#6786 = CARTESIAN_POINT('',(52.38,-63.9464,-4.6E-02));
#6787 = VECTOR('',#6788,1.);
#6788 = DIRECTION('',(0.,0.,1.));
#6789 = ORIENTED_EDGE('',*,*,#3675,.F.);
#6790 = ORIENTED_EDGE('',*,*,#6784,.F.);
#6791 = CYLINDRICAL_SURFACE('',#6792,0.4064);
#6792 = AXIS2_PLACEMENT_3D('',#6793,#6794,#6795);
#6793 = CARTESIAN_POINT('',(52.38,-63.54,-4.6E-02));
#6794 = DIRECTION('',(-0.,0.,-1.));
#6795 = DIRECTION('',(1.748382715945E-14,-1.,-0.));
#6796 = ADVANCED_FACE('',(#6797),#6808,.F.);
#6797 = FACE_BOUND('',#6798,.T.);
#6798 = EDGE_LOOP('',(#6799,#6800,#6806,#6807));
#6799 = ORIENTED_EDGE('',*,*,#1512,.T.);
#6800 = ORIENTED_EDGE('',*,*,#6801,.T.);
#6801 = EDGE_CURVE('',#1513,#3687,#6802,.T.);
#6802 = LINE('',#6803,#6804);
#6803 = CARTESIAN_POINT('',(52.38,-61.4064,-4.6E-02));
#6804 = VECTOR('',#6805,1.);
#6805 = DIRECTION('',(0.,0.,1.));
#6806 = ORIENTED_EDGE('',*,*,#3686,.F.);
#6807 = ORIENTED_EDGE('',*,*,#6801,.F.);
#6808 = CYLINDRICAL_SURFACE('',#6809,0.4064);
#6809 = AXIS2_PLACEMENT_3D('',#6810,#6811,#6812);
#6810 = CARTESIAN_POINT('',(52.38,-61.,-4.6E-02));
#6811 = DIRECTION('',(-0.,0.,-1.));
#6812 = DIRECTION('',(1.748382715945E-14,-1.,-0.));
#6813 = ADVANCED_FACE('',(#6814),#6825,.F.);
#6814 = FACE_BOUND('',#6815,.T.);
#6815 = EDGE_LOOP('',(#6816,#6817,#6823,#6824));
#6816 = ORIENTED_EDGE('',*,*,#1523,.T.);
#6817 = ORIENTED_EDGE('',*,*,#6818,.T.);
#6818 = EDGE_CURVE('',#1524,#3698,#6819,.T.);
#6819 = LINE('',#6820,#6821);
#6820 = CARTESIAN_POINT('',(52.38,-58.8664,-4.6E-02));
#6821 = VECTOR('',#6822,1.);
#6822 = DIRECTION('',(0.,0.,1.));
#6823 = ORIENTED_EDGE('',*,*,#3697,.F.);
#6824 = ORIENTED_EDGE('',*,*,#6818,.F.);
#6825 = CYLINDRICAL_SURFACE('',#6826,0.4064);
#6826 = AXIS2_PLACEMENT_3D('',#6827,#6828,#6829);
#6827 = CARTESIAN_POINT('',(52.38,-58.46,-4.6E-02));
#6828 = DIRECTION('',(-0.,0.,-1.));
#6829 = DIRECTION('',(1.748382715945E-14,-1.,-0.));
#6830 = ADVANCED_FACE('',(#6831),#6847,.T.);
#6831 = FACE_BOUND('',#6832,.T.);
#6832 = EDGE_LOOP('',(#6833,#6834,#6840,#6841));
#6833 = ORIENTED_EDGE('',*,*,#1534,.F.);
#6834 = ORIENTED_EDGE('',*,*,#6835,.F.);
#6835 = EDGE_CURVE('',#3709,#1535,#6836,.T.);
#6836 = LINE('',#6837,#6838);
#6837 = CARTESIAN_POINT('',(55.400622295284,-59.25357073531,0.));
#6838 = VECTOR('',#6839,1.);
#6839 = DIRECTION('',(0.,0.,-1.));
#6840 = ORIENTED_EDGE('',*,*,#3708,.T.);
#6841 = ORIENTED_EDGE('',*,*,#6842,.F.);
#6842 = EDGE_CURVE('',#1537,#3711,#6843,.T.);
#6843 = LINE('',#6844,#6845);
#6844 = CARTESIAN_POINT('',(55.292247,-59.208047,0.));
#6845 = VECTOR('',#6846,1.);
#6846 = DIRECTION('',(0.,0.,1.));
#6847 = CYLINDRICAL_SURFACE('',#6848,0.503256025803);
#6848 = AXIS2_PLACEMENT_3D('',#6849,#6850,#6851);
#6849 = CARTESIAN_POINT('',(55.540000251482,-58.77000025148,0.));
#6850 = DIRECTION('',(0.,0.,-1.));
#6851 = DIRECTION('',(0.870425242935,0.492300615946,0.));
#6852 = ADVANCED_FACE('',(#6853),#6864,.T.);
#6853 = FACE_BOUND('',#6854,.T.);
#6854 = EDGE_LOOP('',(#6855,#6856,#6857,#6863));
#6855 = ORIENTED_EDGE('',*,*,#6842,.T.);
#6856 = ORIENTED_EDGE('',*,*,#3797,.T.);
#6857 = ORIENTED_EDGE('',*,*,#6858,.F.);
#6858 = EDGE_CURVE('',#1615,#3789,#6859,.T.);
#6859 = LINE('',#6860,#6861);
#6860 = CARTESIAN_POINT('',(55.292247,-60.249447,0.));
#6861 = VECTOR('',#6862,1.);
#6862 = DIRECTION('',(0.,0.,1.));
#6863 = ORIENTED_EDGE('',*,*,#1623,.F.);
#6864 = PLANE('',#6865);
#6865 = AXIS2_PLACEMENT_3D('',#6866,#6867,#6868);
#6866 = CARTESIAN_POINT('',(55.292247,-59.208047,0.));
#6867 = DIRECTION('',(1.,0.,-0.));
#6868 = DIRECTION('',(0.,-1.,0.));
#6869 = ADVANCED_FACE('',(#6870),#6881,.T.);
#6870 = FACE_BOUND('',#6871,.T.);
#6871 = EDGE_LOOP('',(#6872,#6873,#6874,#6875));
#6872 = ORIENTED_EDGE('',*,*,#1614,.F.);
#6873 = ORIENTED_EDGE('',*,*,#6858,.T.);
#6874 = ORIENTED_EDGE('',*,*,#3788,.T.);
#6875 = ORIENTED_EDGE('',*,*,#6876,.T.);
#6876 = EDGE_CURVE('',#3780,#1606,#6877,.T.);
#6877 = LINE('',#6878,#6879);
#6878 = CARTESIAN_POINT('',(55.506612684873,-60.18534683992,0.));
#6879 = VECTOR('',#6880,1.);
#6880 = DIRECTION('',(0.,0.,-1.));
#6881 = CYLINDRICAL_SURFACE('',#6882,0.503256283864);
#6882 = AXIS2_PLACEMENT_3D('',#6883,#6884,#6885);
#6883 = CARTESIAN_POINT('',(55.539999569008,-60.68749443099,0.));
#6884 = DIRECTION('',(0.,0.,-1.));
#6885 = DIRECTION('',(-0.492299007388,0.870426152712,0.));
#6886 = ADVANCED_FACE('',(#6887),#6898,.F.);
#6887 = FACE_BOUND('',#6888,.T.);
#6888 = EDGE_LOOP('',(#6889,#6895,#6896,#6897));
#6889 = ORIENTED_EDGE('',*,*,#6890,.F.);
#6890 = EDGE_CURVE('',#1597,#3771,#6891,.T.);
#6891 = LINE('',#6892,#6893);
#6892 = CARTESIAN_POINT('',(55.555,-61.183,-4.6E-02));
#6893 = VECTOR('',#6894,1.);
#6894 = DIRECTION('',(0.,0.,1.));
#6895 = ORIENTED_EDGE('',*,*,#1605,.T.);
#6896 = ORIENTED_EDGE('',*,*,#6876,.F.);
#6897 = ORIENTED_EDGE('',*,*,#3779,.F.);
#6898 = CYLINDRICAL_SURFACE('',#6899,0.5);
#6899 = AXIS2_PLACEMENT_3D('',#6900,#6901,#6902);
#6900 = CARTESIAN_POINT('',(55.555,-60.683,-4.6E-02));
#6901 = DIRECTION('',(-0.,-0.,-1.));
#6902 = DIRECTION('',(-0.,-1.,0.));
#6903 = ADVANCED_FACE('',(#6904),#6915,.F.);
#6904 = FACE_BOUND('',#6905,.T.);
#6905 = EDGE_LOOP('',(#6906,#6907,#6908,#6909));
#6906 = ORIENTED_EDGE('',*,*,#1596,.T.);
#6907 = ORIENTED_EDGE('',*,*,#6890,.T.);
#6908 = ORIENTED_EDGE('',*,*,#3770,.F.);
#6909 = ORIENTED_EDGE('',*,*,#6910,.T.);
#6910 = EDGE_CURVE('',#3763,#1589,#6911,.T.);
#6911 = LINE('',#6912,#6913);
#6912 = CARTESIAN_POINT('',(55.98670759895,-60.935247,-4.6E-02));
#6913 = VECTOR('',#6914,1.);
#6914 = DIRECTION('',(-0.,-0.,-1.));
#6915 = CYLINDRICAL_SURFACE('',#6916,0.5);
#6916 = AXIS2_PLACEMENT_3D('',#6917,#6918,#6919);
#6917 = CARTESIAN_POINT('',(55.555,-60.683,-4.6E-02));
#6918 = DIRECTION('',(-0.,-0.,-1.));
#6919 = DIRECTION('',(-0.,-1.,0.));
#6920 = ADVANCED_FACE('',(#6921),#6932,.T.);
#6921 = FACE_BOUND('',#6922,.T.);
#6922 = EDGE_LOOP('',(#6923,#6924,#6925,#6926));
#6923 = ORIENTED_EDGE('',*,*,#1588,.F.);
#6924 = ORIENTED_EDGE('',*,*,#6910,.F.);
#6925 = ORIENTED_EDGE('',*,*,#3762,.T.);
#6926 = ORIENTED_EDGE('',*,*,#6927,.F.);
#6927 = EDGE_CURVE('',#1580,#3754,#6928,.T.);
#6928 = LINE('',#6929,#6930);
#6929 = CARTESIAN_POINT('',(57.578247,-60.935247,0.));
#6930 = VECTOR('',#6931,1.);
#6931 = DIRECTION('',(0.,0.,1.));
#6932 = PLANE('',#6933);
#6933 = AXIS2_PLACEMENT_3D('',#6934,#6935,#6936);
#6934 = CARTESIAN_POINT('',(55.978047,-60.935247,0.));
#6935 = DIRECTION('',(0.,1.,0.));
#6936 = DIRECTION('',(1.,0.,0.));
#6937 = ADVANCED_FACE('',(#6938),#6949,.F.);
#6938 = FACE_BOUND('',#6939,.T.);
#6939 = EDGE_LOOP('',(#6940,#6941,#6942,#6948));
#6940 = ORIENTED_EDGE('',*,*,#6927,.T.);
#6941 = ORIENTED_EDGE('',*,*,#3753,.T.);
#6942 = ORIENTED_EDGE('',*,*,#6943,.F.);
#6943 = EDGE_CURVE('',#1572,#3746,#6944,.T.);
#6944 = LINE('',#6945,#6946);
#6945 = CARTESIAN_POINT('',(57.959247,-60.554247,0.));
#6946 = VECTOR('',#6947,1.);
#6947 = DIRECTION('',(0.,0.,1.));
#6948 = ORIENTED_EDGE('',*,*,#1579,.F.);
#6949 = CYLINDRICAL_SURFACE('',#6950,0.380995505729);
#6950 = AXIS2_PLACEMENT_3D('',#6951,#6952,#6953);
#6951 = CARTESIAN_POINT('',(57.578251494297,-60.55425149429,0.));
#6952 = DIRECTION('',(-0.,-0.,-1.));
#6953 = DIRECTION('',(-1.179619490548E-05,-0.99999999993,0.));
#6954 = ADVANCED_FACE('',(#6955),#6966,.T.);
#6955 = FACE_BOUND('',#6956,.T.);
#6956 = EDGE_LOOP('',(#6957,#6958,#6959,#6965));
#6957 = ORIENTED_EDGE('',*,*,#6943,.T.);
#6958 = ORIENTED_EDGE('',*,*,#3745,.T.);
#6959 = ORIENTED_EDGE('',*,*,#6960,.F.);
#6960 = EDGE_CURVE('',#1563,#3737,#6961,.T.);
#6961 = LINE('',#6962,#6963);
#6962 = CARTESIAN_POINT('',(57.959247,-58.903247,0.));
#6963 = VECTOR('',#6964,1.);
#6964 = DIRECTION('',(0.,0.,1.));
#6965 = ORIENTED_EDGE('',*,*,#1571,.F.);
#6966 = PLANE('',#6967);
#6967 = AXIS2_PLACEMENT_3D('',#6968,#6969,#6970);
#6968 = CARTESIAN_POINT('',(57.959247,-60.554247,0.));
#6969 = DIRECTION('',(-1.,0.,0.));
#6970 = DIRECTION('',(0.,1.,0.));
#6971 = ADVANCED_FACE('',(#6972),#6983,.F.);
#6972 = FACE_BOUND('',#6973,.T.);
#6973 = EDGE_LOOP('',(#6974,#6975,#6976,#6982));
#6974 = ORIENTED_EDGE('',*,*,#6960,.T.);
#6975 = ORIENTED_EDGE('',*,*,#3736,.T.);
#6976 = ORIENTED_EDGE('',*,*,#6977,.F.);
#6977 = EDGE_CURVE('',#1555,#3729,#6978,.T.);
#6978 = LINE('',#6979,#6980);
#6979 = CARTESIAN_POINT('',(57.578247,-58.522247,0.));
#6980 = VECTOR('',#6981,1.);
#6981 = DIRECTION('',(0.,0.,1.));
#6982 = ORIENTED_EDGE('',*,*,#1562,.F.);
#6983 = CYLINDRICAL_SURFACE('',#6984,0.380992091699);
#6984 = AXIS2_PLACEMENT_3D('',#6985,#6986,#6987);
#6985 = CARTESIAN_POINT('',(57.578254908383,-58.90323909161,0.));
#6986 = DIRECTION('',(-0.,-0.,-1.));
#6987 = DIRECTION('',(0.999999999785,-2.075734157073E-05,0.));
#6988 = ADVANCED_FACE('',(#6989),#7000,.T.);
#6989 = FACE_BOUND('',#6990,.T.);
#6990 = EDGE_LOOP('',(#6991,#6992,#6993,#6994));
#6991 = ORIENTED_EDGE('',*,*,#1554,.F.);
#6992 = ORIENTED_EDGE('',*,*,#6977,.T.);
#6993 = ORIENTED_EDGE('',*,*,#3728,.T.);
#6994 = ORIENTED_EDGE('',*,*,#6995,.T.);
#6995 = EDGE_CURVE('',#3720,#1546,#6996,.T.);
#6996 = LINE('',#6997,#6998);
#6997 = CARTESIAN_POINT('',(55.984639852657,-58.522247,-4.6E-02));
#6998 = VECTOR('',#6999,1.);
#6999 = DIRECTION('',(-0.,-0.,-1.));
#7000 = PLANE('',#7001);
#7001 = AXIS2_PLACEMENT_3D('',#7002,#7003,#7004);
#7002 = CARTESIAN_POINT('',(57.578247,-58.522247,0.));
#7003 = DIRECTION('',(0.,-1.,0.));
#7004 = DIRECTION('',(-1.,0.,0.));
#7005 = ADVANCED_FACE('',(#7006),#7012,.F.);
#7006 = FACE_BOUND('',#7007,.T.);
#7007 = EDGE_LOOP('',(#7008,#7009,#7010,#7011));
#7008 = ORIENTED_EDGE('',*,*,#3719,.F.);
#7009 = ORIENTED_EDGE('',*,*,#6835,.T.);
#7010 = ORIENTED_EDGE('',*,*,#1545,.T.);
#7011 = ORIENTED_EDGE('',*,*,#6995,.F.);
#7012 = CYLINDRICAL_SURFACE('',#7013,0.5);
#7013 = AXIS2_PLACEMENT_3D('',#7014,#7015,#7016);
#7014 = CARTESIAN_POINT('',(55.555,-58.778,-4.6E-02));
#7015 = DIRECTION('',(-0.,-0.,-1.));
#7016 = DIRECTION('',(-0.,-1.,0.));
#7017 = ADVANCED_FACE('',(#7018),#7029,.F.);
#7018 = FACE_BOUND('',#7019,.T.);
#7019 = EDGE_LOOP('',(#7020,#7021,#7027,#7028));
#7020 = ORIENTED_EDGE('',*,*,#1631,.T.);
#7021 = ORIENTED_EDGE('',*,*,#7022,.T.);
#7022 = EDGE_CURVE('',#1632,#3806,#7023,.T.);
#7023 = LINE('',#7024,#7025);
#7024 = CARTESIAN_POINT('',(67.62,-66.4864,-4.6E-02));
#7025 = VECTOR('',#7026,1.);
#7026 = DIRECTION('',(0.,0.,1.));
#7027 = ORIENTED_EDGE('',*,*,#3805,.F.);
#7028 = ORIENTED_EDGE('',*,*,#7022,.F.);
#7029 = CYLINDRICAL_SURFACE('',#7030,0.4064);
#7030 = AXIS2_PLACEMENT_3D('',#7031,#7032,#7033);
#7031 = CARTESIAN_POINT('',(67.62,-66.08,-4.6E-02));
#7032 = DIRECTION('',(-0.,-0.,-1.));
#7033 = DIRECTION('',(-0.,-1.,0.));
#7034 = ADVANCED_FACE('',(#7035),#7046,.F.);
#7035 = FACE_BOUND('',#7036,.T.);
#7036 = EDGE_LOOP('',(#7037,#7038,#7044,#7045));
#7037 = ORIENTED_EDGE('',*,*,#1642,.T.);
#7038 = ORIENTED_EDGE('',*,*,#7039,.T.);
#7039 = EDGE_CURVE('',#1643,#3817,#7040,.T.);
#7040 = LINE('',#7041,#7042);
#7041 = CARTESIAN_POINT('',(67.62,-63.9464,-4.6E-02));
#7042 = VECTOR('',#7043,1.);
#7043 = DIRECTION('',(0.,0.,1.));
#7044 = ORIENTED_EDGE('',*,*,#3816,.F.);
#7045 = ORIENTED_EDGE('',*,*,#7039,.F.);
#7046 = CYLINDRICAL_SURFACE('',#7047,0.4064);
#7047 = AXIS2_PLACEMENT_3D('',#7048,#7049,#7050);
#7048 = CARTESIAN_POINT('',(67.62,-63.54,-4.6E-02));
#7049 = DIRECTION('',(-0.,-0.,-1.));
#7050 = DIRECTION('',(-0.,-1.,0.));
#7051 = ADVANCED_FACE('',(#7052),#7063,.F.);
#7052 = FACE_BOUND('',#7053,.T.);
#7053 = EDGE_LOOP('',(#7054,#7055,#7061,#7062));
#7054 = ORIENTED_EDGE('',*,*,#1653,.T.);
#7055 = ORIENTED_EDGE('',*,*,#7056,.T.);
#7056 = EDGE_CURVE('',#1654,#3828,#7057,.T.);
#7057 = LINE('',#7058,#7059);
#7058 = CARTESIAN_POINT('',(80.,-67.925,-4.6E-02));
#7059 = VECTOR('',#7060,1.);
#7060 = DIRECTION('',(0.,0.,1.));
#7061 = ORIENTED_EDGE('',*,*,#3827,.F.);
#7062 = ORIENTED_EDGE('',*,*,#7056,.F.);
#7063 = CYLINDRICAL_SURFACE('',#7064,1.525);
#7064 = AXIS2_PLACEMENT_3D('',#7065,#7066,#7067);
#7065 = CARTESIAN_POINT('',(80.,-66.4,-4.6E-02));
#7066 = DIRECTION('',(-0.,-0.,-1.));
#7067 = DIRECTION('',(-0.,-1.,0.));
#7068 = ADVANCED_FACE('',(#7069),#7080,.F.);
#7069 = FACE_BOUND('',#7070,.T.);
#7070 = EDGE_LOOP('',(#7071,#7072,#7078,#7079));
#7071 = ORIENTED_EDGE('',*,*,#1664,.T.);
#7072 = ORIENTED_EDGE('',*,*,#7073,.T.);
#7073 = EDGE_CURVE('',#1665,#3839,#7074,.T.);
#7074 = LINE('',#7075,#7076);
#7075 = CARTESIAN_POINT('',(75.,-65.825,-4.6E-02));
#7076 = VECTOR('',#7077,1.);
#7077 = DIRECTION('',(0.,0.,1.));
#7078 = ORIENTED_EDGE('',*,*,#3838,.F.);
#7079 = ORIENTED_EDGE('',*,*,#7073,.F.);
#7080 = CYLINDRICAL_SURFACE('',#7081,1.525);
#7081 = AXIS2_PLACEMENT_3D('',#7082,#7083,#7084);
#7082 = CARTESIAN_POINT('',(75.,-64.3,-4.6E-02));
#7083 = DIRECTION('',(-0.,-0.,-1.));
#7084 = DIRECTION('',(-0.,-1.,0.));
#7085 = ADVANCED_FACE('',(#7086),#7097,.F.);
#7086 = FACE_BOUND('',#7087,.T.);
#7087 = EDGE_LOOP('',(#7088,#7089,#7095,#7096));
#7088 = ORIENTED_EDGE('',*,*,#1675,.T.);
#7089 = ORIENTED_EDGE('',*,*,#7090,.T.);
#7090 = EDGE_CURVE('',#1676,#3850,#7091,.T.);
#7091 = LINE('',#7092,#7093);
#7092 = CARTESIAN_POINT('',(67.62,-61.4064,-4.6E-02));
#7093 = VECTOR('',#7094,1.);
#7094 = DIRECTION('',(0.,0.,1.));
#7095 = ORIENTED_EDGE('',*,*,#3849,.F.);
#7096 = ORIENTED_EDGE('',*,*,#7090,.F.);
#7097 = CYLINDRICAL_SURFACE('',#7098,0.4064);
#7098 = AXIS2_PLACEMENT_3D('',#7099,#7100,#7101);
#7099 = CARTESIAN_POINT('',(67.62,-61.,-4.6E-02));
#7100 = DIRECTION('',(-0.,-0.,-1.));
#7101 = DIRECTION('',(-0.,-1.,0.));
#7102 = ADVANCED_FACE('',(#7103),#7114,.F.);
#7103 = FACE_BOUND('',#7104,.T.);
#7104 = EDGE_LOOP('',(#7105,#7106,#7112,#7113));
#7105 = ORIENTED_EDGE('',*,*,#1686,.T.);
#7106 = ORIENTED_EDGE('',*,*,#7107,.T.);
#7107 = EDGE_CURVE('',#1687,#3861,#7108,.T.);
#7108 = LINE('',#7109,#7110);
#7109 = CARTESIAN_POINT('',(67.62,-58.8664,-4.6E-02));
#7110 = VECTOR('',#7111,1.);
#7111 = DIRECTION('',(0.,0.,1.));
#7112 = ORIENTED_EDGE('',*,*,#3860,.F.);
#7113 = ORIENTED_EDGE('',*,*,#7107,.F.);
#7114 = CYLINDRICAL_SURFACE('',#7115,0.4064);
#7115 = AXIS2_PLACEMENT_3D('',#7116,#7117,#7118);
#7116 = CARTESIAN_POINT('',(67.62,-58.46,-4.6E-02));
#7117 = DIRECTION('',(-0.,-0.,-1.));
#7118 = DIRECTION('',(-0.,-1.,0.));
#7119 = ADVANCED_FACE('',(#7120),#7131,.F.);
#7120 = FACE_BOUND('',#7121,.T.);
#7121 = EDGE_LOOP('',(#7122,#7123,#7129,#7130));
#7122 = ORIENTED_EDGE('',*,*,#1697,.T.);
#7123 = ORIENTED_EDGE('',*,*,#7124,.T.);
#7124 = EDGE_CURVE('',#1698,#3872,#7125,.T.);
#7125 = LINE('',#7126,#7127);
#7126 = CARTESIAN_POINT('',(74.5,-61.45,-4.6E-02));
#7127 = VECTOR('',#7128,1.);
#7128 = DIRECTION('',(0.,0.,1.));
#7129 = ORIENTED_EDGE('',*,*,#3871,.F.);
#7130 = ORIENTED_EDGE('',*,*,#7124,.F.);
#7131 = CYLINDRICAL_SURFACE('',#7132,0.95);
#7132 = AXIS2_PLACEMENT_3D('',#7133,#7134,#7135);
#7133 = CARTESIAN_POINT('',(74.5,-60.5,-4.6E-02));
#7134 = DIRECTION('',(-0.,-0.,-1.));
#7135 = DIRECTION('',(-0.,-1.,0.));
#7136 = ADVANCED_FACE('',(#7137),#7148,.F.);
#7137 = FACE_BOUND('',#7138,.T.);
#7138 = EDGE_LOOP('',(#7139,#7140,#7146,#7147));
#7139 = ORIENTED_EDGE('',*,*,#1708,.T.);
#7140 = ORIENTED_EDGE('',*,*,#7141,.T.);
#7141 = EDGE_CURVE('',#1709,#3883,#7142,.T.);
#7142 = LINE('',#7143,#7144);
#7143 = CARTESIAN_POINT('',(80.,-63.025,-4.6E-02));
#7144 = VECTOR('',#7145,1.);
#7145 = DIRECTION('',(0.,0.,1.));
#7146 = ORIENTED_EDGE('',*,*,#3882,.F.);
#7147 = ORIENTED_EDGE('',*,*,#7141,.F.);
#7148 = CYLINDRICAL_SURFACE('',#7149,2.525);
#7149 = AXIS2_PLACEMENT_3D('',#7150,#7151,#7152);
#7150 = CARTESIAN_POINT('',(80.,-60.5,-4.6E-02));
#7151 = DIRECTION('',(-0.,-0.,-1.));
#7152 = DIRECTION('',(-0.,-1.,0.));
#7153 = ADVANCED_FACE('',(#7154),#7165,.F.);
#7154 = FACE_BOUND('',#7155,.T.);
#7155 = EDGE_LOOP('',(#7156,#7157,#7163,#7164));
#7156 = ORIENTED_EDGE('',*,*,#1719,.T.);
#7157 = ORIENTED_EDGE('',*,*,#7158,.T.);
#7158 = EDGE_CURVE('',#1720,#3894,#7159,.T.);
#7159 = LINE('',#7160,#7161);
#7160 = CARTESIAN_POINT('',(52.38,-56.3264,-4.6E-02));
#7161 = VECTOR('',#7162,1.);
#7162 = DIRECTION('',(0.,0.,1.));
#7163 = ORIENTED_EDGE('',*,*,#3893,.F.);
#7164 = ORIENTED_EDGE('',*,*,#7158,.F.);
#7165 = CYLINDRICAL_SURFACE('',#7166,0.4064);
#7166 = AXIS2_PLACEMENT_3D('',#7167,#7168,#7169);
#7167 = CARTESIAN_POINT('',(52.38,-55.92,-4.6E-02));
#7168 = DIRECTION('',(-0.,0.,-1.));
#7169 = DIRECTION('',(1.748382715945E-14,-1.,-0.));
#7170 = ADVANCED_FACE('',(#7171),#7182,.F.);
#7171 = FACE_BOUND('',#7172,.T.);
#7172 = EDGE_LOOP('',(#7173,#7174,#7180,#7181));
#7173 = ORIENTED_EDGE('',*,*,#1730,.T.);
#7174 = ORIENTED_EDGE('',*,*,#7175,.T.);
#7175 = EDGE_CURVE('',#1731,#3905,#7176,.T.);
#7176 = LINE('',#7177,#7178);
#7177 = CARTESIAN_POINT('',(52.38,-53.7864,-4.6E-02));
#7178 = VECTOR('',#7179,1.);
#7179 = DIRECTION('',(0.,0.,1.));
#7180 = ORIENTED_EDGE('',*,*,#3904,.F.);
#7181 = ORIENTED_EDGE('',*,*,#7175,.F.);
#7182 = CYLINDRICAL_SURFACE('',#7183,0.4064);
#7183 = AXIS2_PLACEMENT_3D('',#7184,#7185,#7186);
#7184 = CARTESIAN_POINT('',(52.38,-53.38,-4.6E-02));
#7185 = DIRECTION('',(-0.,0.,-1.));
#7186 = DIRECTION('',(1.748382715945E-14,-1.,-0.));
#7187 = ADVANCED_FACE('',(#7188),#7199,.F.);
#7188 = FACE_BOUND('',#7189,.T.);
#7189 = EDGE_LOOP('',(#7190,#7191,#7197,#7198));
#7190 = ORIENTED_EDGE('',*,*,#1741,.T.);
#7191 = ORIENTED_EDGE('',*,*,#7192,.T.);
#7192 = EDGE_CURVE('',#1742,#3916,#7193,.T.);
#7193 = LINE('',#7194,#7195);
#7194 = CARTESIAN_POINT('',(67.62,-56.3264,-4.6E-02));
#7195 = VECTOR('',#7196,1.);
#7196 = DIRECTION('',(0.,0.,1.));
#7197 = ORIENTED_EDGE('',*,*,#3915,.F.);
#7198 = ORIENTED_EDGE('',*,*,#7192,.F.);
#7199 = CYLINDRICAL_SURFACE('',#7200,0.4064);
#7200 = AXIS2_PLACEMENT_3D('',#7201,#7202,#7203);
#7201 = CARTESIAN_POINT('',(67.62,-55.92,-4.6E-02));
#7202 = DIRECTION('',(-0.,-0.,-1.));
#7203 = DIRECTION('',(-0.,-1.,0.));
#7204 = ADVANCED_FACE('',(#7205),#7216,.F.);
#7205 = FACE_BOUND('',#7206,.T.);
#7206 = EDGE_LOOP('',(#7207,#7208,#7214,#7215));
#7207 = ORIENTED_EDGE('',*,*,#1752,.T.);
#7208 = ORIENTED_EDGE('',*,*,#7209,.T.);
#7209 = EDGE_CURVE('',#1753,#3927,#7210,.T.);
#7210 = LINE('',#7211,#7212);
#7211 = CARTESIAN_POINT('',(67.62,-53.7864,-4.6E-02));
#7212 = VECTOR('',#7213,1.);
#7213 = DIRECTION('',(0.,0.,1.));
#7214 = ORIENTED_EDGE('',*,*,#3926,.F.);
#7215 = ORIENTED_EDGE('',*,*,#7209,.F.);
#7216 = CYLINDRICAL_SURFACE('',#7217,0.4064);
#7217 = AXIS2_PLACEMENT_3D('',#7218,#7219,#7220);
#7218 = CARTESIAN_POINT('',(67.62,-53.38,-4.6E-02));
#7219 = DIRECTION('',(-0.,-0.,-1.));
#7220 = DIRECTION('',(-0.,-1.,0.));
#7221 = ADVANCED_FACE('',(#7222),#7233,.F.);
#7222 = FACE_BOUND('',#7223,.T.);
#7223 = EDGE_LOOP('',(#7224,#7225,#7231,#7232));
#7224 = ORIENTED_EDGE('',*,*,#1763,.T.);
#7225 = ORIENTED_EDGE('',*,*,#7226,.T.);
#7226 = EDGE_CURVE('',#1764,#3938,#7227,.T.);
#7227 = LINE('',#7228,#7229);
#7228 = CARTESIAN_POINT('',(85.5,-61.45,-4.6E-02));
#7229 = VECTOR('',#7230,1.);
#7230 = DIRECTION('',(0.,0.,1.));
#7231 = ORIENTED_EDGE('',*,*,#3937,.F.);
#7232 = ORIENTED_EDGE('',*,*,#7226,.F.);
#7233 = CYLINDRICAL_SURFACE('',#7234,0.95);
#7234 = AXIS2_PLACEMENT_3D('',#7235,#7236,#7237);
#7235 = CARTESIAN_POINT('',(85.5,-60.5,-4.6E-02));
#7236 = DIRECTION('',(-0.,-0.,-1.));
#7237 = DIRECTION('',(-0.,-1.,0.));
#7238 = ADVANCED_FACE('',(#7239),#7250,.F.);
#7239 = FACE_BOUND('',#7240,.T.);
#7240 = EDGE_LOOP('',(#7241,#7242,#7248,#7249));
#7241 = ORIENTED_EDGE('',*,*,#1774,.T.);
#7242 = ORIENTED_EDGE('',*,*,#7243,.T.);
#7243 = EDGE_CURVE('',#1775,#3949,#7244,.T.);
#7244 = LINE('',#7245,#7246);
#7245 = CARTESIAN_POINT('',(93.,-63.825,-4.6E-02));
#7246 = VECTOR('',#7247,1.);
#7247 = DIRECTION('',(0.,0.,1.));
#7248 = ORIENTED_EDGE('',*,*,#3948,.F.);
#7249 = ORIENTED_EDGE('',*,*,#7243,.F.);
#7250 = CYLINDRICAL_SURFACE('',#7251,1.525);
#7251 = AXIS2_PLACEMENT_3D('',#7252,#7253,#7254);
#7252 = CARTESIAN_POINT('',(93.,-62.3,-4.6E-02));
#7253 = DIRECTION('',(-0.,-0.,-1.));
#7254 = DIRECTION('',(-0.,-1.,0.));
#7255 = ADVANCED_FACE('',(#7256),#7267,.F.);
#7256 = FACE_BOUND('',#7257,.T.);
#7257 = EDGE_LOOP('',(#7258,#7259,#7265,#7266));
#7258 = ORIENTED_EDGE('',*,*,#1785,.T.);
#7259 = ORIENTED_EDGE('',*,*,#7260,.T.);
#7260 = EDGE_CURVE('',#1786,#3960,#7261,.T.);
#7261 = LINE('',#7262,#7263);
#7262 = CARTESIAN_POINT('',(92.5,-59.45,-4.6E-02));
#7263 = VECTOR('',#7264,1.);
#7264 = DIRECTION('',(0.,0.,1.));
#7265 = ORIENTED_EDGE('',*,*,#3959,.F.);
#7266 = ORIENTED_EDGE('',*,*,#7260,.F.);
#7267 = CYLINDRICAL_SURFACE('',#7268,0.95);
#7268 = AXIS2_PLACEMENT_3D('',#7269,#7270,#7271);
#7269 = CARTESIAN_POINT('',(92.5,-58.5,-4.6E-02));
#7270 = DIRECTION('',(-0.,-0.,-1.));
#7271 = DIRECTION('',(-0.,-1.,0.));
#7272 = ADVANCED_FACE('',(#7273),#7284,.F.);
#7273 = FACE_BOUND('',#7274,.T.);
#7274 = EDGE_LOOP('',(#7275,#7276,#7282,#7283));
#7275 = ORIENTED_EDGE('',*,*,#1796,.T.);
#7276 = ORIENTED_EDGE('',*,*,#7277,.T.);
#7277 = EDGE_CURVE('',#1797,#3971,#7278,.T.);
#7278 = LINE('',#7279,#7280);
#7279 = CARTESIAN_POINT('',(98.,-65.925,-4.6E-02));
#7280 = VECTOR('',#7281,1.);
#7281 = DIRECTION('',(0.,0.,1.));
#7282 = ORIENTED_EDGE('',*,*,#3970,.F.);
#7283 = ORIENTED_EDGE('',*,*,#7277,.F.);
#7284 = CYLINDRICAL_SURFACE('',#7285,1.525);
#7285 = AXIS2_PLACEMENT_3D('',#7286,#7287,#7288);
#7286 = CARTESIAN_POINT('',(98.,-64.4,-4.6E-02));
#7287 = DIRECTION('',(-0.,-0.,-1.));
#7288 = DIRECTION('',(-0.,-1.,0.));
#7289 = ADVANCED_FACE('',(#7290),#7301,.F.);
#7290 = FACE_BOUND('',#7291,.T.);
#7291 = EDGE_LOOP('',(#7292,#7293,#7299,#7300));
#7292 = ORIENTED_EDGE('',*,*,#1807,.T.);
#7293 = ORIENTED_EDGE('',*,*,#7294,.T.);
#7294 = EDGE_CURVE('',#1808,#3982,#7295,.T.);
#7295 = LINE('',#7296,#7297);
#7296 = CARTESIAN_POINT('',(98.,-61.025,-4.6E-02));
#7297 = VECTOR('',#7298,1.);
#7298 = DIRECTION('',(0.,0.,1.));
#7299 = ORIENTED_EDGE('',*,*,#3981,.F.);
#7300 = ORIENTED_EDGE('',*,*,#7294,.F.);
#7301 = CYLINDRICAL_SURFACE('',#7302,2.525);
#7302 = AXIS2_PLACEMENT_3D('',#7303,#7304,#7305);
#7303 = CARTESIAN_POINT('',(98.,-58.5,-4.6E-02));
#7304 = DIRECTION('',(-0.,-0.,-1.));
#7305 = DIRECTION('',(-0.,-1.,0.));
#7306 = ADVANCED_FACE('',(#7307),#7318,.F.);
#7307 = FACE_BOUND('',#7308,.T.);
#7308 = EDGE_LOOP('',(#7309,#7310,#7316,#7317));
#7309 = ORIENTED_EDGE('',*,*,#1818,.T.);
#7310 = ORIENTED_EDGE('',*,*,#7311,.T.);
#7311 = EDGE_CURVE('',#1819,#3993,#7312,.T.);
#7312 = LINE('',#7313,#7314);
#7313 = CARTESIAN_POINT('',(103.5,-59.45,-4.6E-02));
#7314 = VECTOR('',#7315,1.);
#7315 = DIRECTION('',(0.,0.,1.));
#7316 = ORIENTED_EDGE('',*,*,#3992,.F.);
#7317 = ORIENTED_EDGE('',*,*,#7311,.F.);
#7318 = CYLINDRICAL_SURFACE('',#7319,0.95);
#7319 = AXIS2_PLACEMENT_3D('',#7320,#7321,#7322);
#7320 = CARTESIAN_POINT('',(103.5,-58.5,-4.6E-02));
#7321 = DIRECTION('',(-0.,-0.,-1.));
#7322 = DIRECTION('',(-0.,-1.,0.));
#7323 = ADVANCED_FACE('',(#7324),#7335,.F.);
#7324 = FACE_BOUND('',#7325,.T.);
#7325 = EDGE_LOOP('',(#7326,#7327,#7333,#7334));
#7326 = ORIENTED_EDGE('',*,*,#1829,.T.);
#7327 = ORIENTED_EDGE('',*,*,#7328,.T.);
#7328 = EDGE_CURVE('',#1830,#4004,#7329,.T.);
#7329 = LINE('',#7330,#7331);
#7330 = CARTESIAN_POINT('',(111.,-60.825,-4.6E-02));
#7331 = VECTOR('',#7332,1.);
#7332 = DIRECTION('',(0.,0.,1.));
#7333 = ORIENTED_EDGE('',*,*,#4003,.F.);
#7334 = ORIENTED_EDGE('',*,*,#7328,.F.);
#7335 = CYLINDRICAL_SURFACE('',#7336,1.525);
#7336 = AXIS2_PLACEMENT_3D('',#7337,#7338,#7339);
#7337 = CARTESIAN_POINT('',(111.,-59.3,-4.6E-02));
#7338 = DIRECTION('',(-0.,-0.,-1.));
#7339 = DIRECTION('',(-0.,-1.,0.));
#7340 = ADVANCED_FACE('',(#7341),#7352,.F.);
#7341 = FACE_BOUND('',#7342,.T.);
#7342 = EDGE_LOOP('',(#7343,#7344,#7350,#7351));
#7343 = ORIENTED_EDGE('',*,*,#1840,.T.);
#7344 = ORIENTED_EDGE('',*,*,#7345,.T.);
#7345 = EDGE_CURVE('',#1841,#4015,#7346,.T.);
#7346 = LINE('',#7347,#7348);
#7347 = CARTESIAN_POINT('',(85.,-56.15,-4.6E-02));
#7348 = VECTOR('',#7349,1.);
#7349 = DIRECTION('',(0.,0.,1.));
#7350 = ORIENTED_EDGE('',*,*,#4014,.F.);
#7351 = ORIENTED_EDGE('',*,*,#7345,.F.);
#7352 = CYLINDRICAL_SURFACE('',#7353,0.8);
#7353 = AXIS2_PLACEMENT_3D('',#7354,#7355,#7356);
#7354 = CARTESIAN_POINT('',(85.,-55.35,-4.6E-02));
#7355 = DIRECTION('',(-0.,-0.,-1.));
#7356 = DIRECTION('',(-0.,-1.,0.));
#7357 = ADVANCED_FACE('',(#7358),#7369,.F.);
#7358 = FACE_BOUND('',#7359,.T.);
#7359 = EDGE_LOOP('',(#7360,#7361,#7367,#7368));
#7360 = ORIENTED_EDGE('',*,*,#1851,.T.);
#7361 = ORIENTED_EDGE('',*,*,#7362,.T.);
#7362 = EDGE_CURVE('',#1852,#4026,#7363,.T.);
#7363 = LINE('',#7364,#7365);
#7364 = CARTESIAN_POINT('',(88.,-52.9,-4.6E-02));
#7365 = VECTOR('',#7366,1.);
#7366 = DIRECTION('',(0.,0.,1.));
#7367 = ORIENTED_EDGE('',*,*,#4025,.F.);
#7368 = ORIENTED_EDGE('',*,*,#7362,.F.);
#7369 = CYLINDRICAL_SURFACE('',#7370,2.15);
#7370 = AXIS2_PLACEMENT_3D('',#7371,#7372,#7373);
#7371 = CARTESIAN_POINT('',(88.,-50.75,-4.6E-02));
#7372 = DIRECTION('',(-0.,-0.,-1.));
#7373 = DIRECTION('',(-0.,-1.,0.));
#7374 = ADVANCED_FACE('',(#7375),#7386,.F.);
#7375 = FACE_BOUND('',#7376,.T.);
#7376 = EDGE_LOOP('',(#7377,#7378,#7384,#7385));
#7377 = ORIENTED_EDGE('',*,*,#1862,.T.);
#7378 = ORIENTED_EDGE('',*,*,#7379,.T.);
#7379 = EDGE_CURVE('',#1863,#4037,#7380,.T.);
#7380 = LINE('',#7381,#7382);
#7381 = CARTESIAN_POINT('',(103.,-54.15,-4.6E-02));
#7382 = VECTOR('',#7383,1.);
#7383 = DIRECTION('',(0.,0.,1.));
#7384 = ORIENTED_EDGE('',*,*,#4036,.F.);
#7385 = ORIENTED_EDGE('',*,*,#7379,.F.);
#7386 = CYLINDRICAL_SURFACE('',#7387,0.8);
#7387 = AXIS2_PLACEMENT_3D('',#7388,#7389,#7390);
#7388 = CARTESIAN_POINT('',(103.,-53.35,-4.6E-02));
#7389 = DIRECTION('',(-0.,-0.,-1.));
#7390 = DIRECTION('',(-0.,-1.,0.));
#7391 = ADVANCED_FACE('',(#7392),#7403,.F.);
#7392 = FACE_BOUND('',#7393,.T.);
#7393 = EDGE_LOOP('',(#7394,#7395,#7401,#7402));
#7394 = ORIENTED_EDGE('',*,*,#1873,.T.);
#7395 = ORIENTED_EDGE('',*,*,#7396,.T.);
#7396 = EDGE_CURVE('',#1874,#4048,#7397,.T.);
#7397 = LINE('',#7398,#7399);
#7398 = CARTESIAN_POINT('',(110.5,-56.45,-4.6E-02));
#7399 = VECTOR('',#7400,1.);
#7400 = DIRECTION('',(0.,0.,1.));
#7401 = ORIENTED_EDGE('',*,*,#4047,.F.);
#7402 = ORIENTED_EDGE('',*,*,#7396,.F.);
#7403 = CYLINDRICAL_SURFACE('',#7404,0.95);
#7404 = AXIS2_PLACEMENT_3D('',#7405,#7406,#7407);
#7405 = CARTESIAN_POINT('',(110.5,-55.5,-4.6E-02));
#7406 = DIRECTION('',(-0.,-0.,-1.));
#7407 = DIRECTION('',(-0.,-1.,0.));
#7408 = ADVANCED_FACE('',(#7409),#7420,.F.);
#7409 = FACE_BOUND('',#7410,.T.);
#7410 = EDGE_LOOP('',(#7411,#7412,#7418,#7419));
#7411 = ORIENTED_EDGE('',*,*,#1884,.T.);
#7412 = ORIENTED_EDGE('',*,*,#7413,.T.);
#7413 = EDGE_CURVE('',#1885,#4059,#7414,.T.);
#7414 = LINE('',#7415,#7416);
#7415 = CARTESIAN_POINT('',(121.,-85.15,-4.6E-02));
#7416 = VECTOR('',#7417,1.);
#7417 = DIRECTION('',(0.,0.,1.));
#7418 = ORIENTED_EDGE('',*,*,#4058,.F.);
#7419 = ORIENTED_EDGE('',*,*,#7413,.F.);
#7420 = CYLINDRICAL_SURFACE('',#7421,0.8);
#7421 = AXIS2_PLACEMENT_3D('',#7422,#7423,#7424);
#7422 = CARTESIAN_POINT('',(121.,-84.35,-4.6E-02));
#7423 = DIRECTION('',(-0.,-0.,-1.));
#7424 = DIRECTION('',(-0.,-1.,0.));
#7425 = ADVANCED_FACE('',(#7426),#7437,.F.);
#7426 = FACE_BOUND('',#7427,.T.);
#7427 = EDGE_LOOP('',(#7428,#7429,#7435,#7436));
#7428 = ORIENTED_EDGE('',*,*,#1895,.T.);
#7429 = ORIENTED_EDGE('',*,*,#7430,.T.);
#7430 = EDGE_CURVE('',#1896,#4070,#7431,.T.);
#7431 = LINE('',#7432,#7433);
#7432 = CARTESIAN_POINT('',(116.,-79.925,-4.6E-02));
#7433 = VECTOR('',#7434,1.);
#7434 = DIRECTION('',(0.,0.,1.));
#7435 = ORIENTED_EDGE('',*,*,#4069,.F.);
#7436 = ORIENTED_EDGE('',*,*,#7430,.F.);
#7437 = CYLINDRICAL_SURFACE('',#7438,1.525);
#7438 = AXIS2_PLACEMENT_3D('',#7439,#7440,#7441);
#7439 = CARTESIAN_POINT('',(116.,-78.4,-4.6E-02));
#7440 = DIRECTION('',(-0.,-0.,-1.));
#7441 = DIRECTION('',(-0.,-1.,0.));
#7442 = ADVANCED_FACE('',(#7443),#7454,.F.);
#7443 = FACE_BOUND('',#7444,.T.);
#7444 = EDGE_LOOP('',(#7445,#7446,#7452,#7453));
#7445 = ORIENTED_EDGE('',*,*,#1906,.T.);
#7446 = ORIENTED_EDGE('',*,*,#7447,.T.);
#7447 = EDGE_CURVE('',#1907,#4081,#7448,.T.);
#7448 = LINE('',#7449,#7450);
#7449 = CARTESIAN_POINT('',(129.,-78.825,-4.6E-02));
#7450 = VECTOR('',#7451,1.);
#7451 = DIRECTION('',(0.,0.,1.));
#7452 = ORIENTED_EDGE('',*,*,#4080,.F.);
#7453 = ORIENTED_EDGE('',*,*,#7447,.F.);
#7454 = CYLINDRICAL_SURFACE('',#7455,1.525);
#7455 = AXIS2_PLACEMENT_3D('',#7456,#7457,#7458);
#7456 = CARTESIAN_POINT('',(129.,-77.3,-4.6E-02));
#7457 = DIRECTION('',(-0.,-0.,-1.));
#7458 = DIRECTION('',(-0.,-1.,0.));
#7459 = ADVANCED_FACE('',(#7460),#7471,.F.);
#7460 = FACE_BOUND('',#7461,.T.);
#7461 = EDGE_LOOP('',(#7462,#7463,#7469,#7470));
#7462 = ORIENTED_EDGE('',*,*,#1917,.T.);
#7463 = ORIENTED_EDGE('',*,*,#7464,.T.);
#7464 = EDGE_CURVE('',#1918,#4092,#7465,.T.);
#7465 = LINE('',#7466,#7467);
#7466 = CARTESIAN_POINT('',(139.,-86.15,-4.6E-02));
#7467 = VECTOR('',#7468,1.);
#7468 = DIRECTION('',(0.,0.,1.));
#7469 = ORIENTED_EDGE('',*,*,#4091,.F.);
#7470 = ORIENTED_EDGE('',*,*,#7464,.F.);
#7471 = CYLINDRICAL_SURFACE('',#7472,0.8);
#7472 = AXIS2_PLACEMENT_3D('',#7473,#7474,#7475);
#7473 = CARTESIAN_POINT('',(139.,-85.35,-4.6E-02));
#7474 = DIRECTION('',(-0.,-0.,-1.));
#7475 = DIRECTION('',(-0.,-1.,0.));
#7476 = ADVANCED_FACE('',(#7477),#7488,.F.);
#7477 = FACE_BOUND('',#7478,.T.);
#7478 = EDGE_LOOP('',(#7479,#7480,#7486,#7487));
#7479 = ORIENTED_EDGE('',*,*,#1928,.T.);
#7480 = ORIENTED_EDGE('',*,*,#7481,.T.);
#7481 = EDGE_CURVE('',#1929,#4103,#7482,.T.);
#7482 = LINE('',#7483,#7484);
#7483 = CARTESIAN_POINT('',(134.,-80.925,-4.6E-02));
#7484 = VECTOR('',#7485,1.);
#7485 = DIRECTION('',(0.,0.,1.));
#7486 = ORIENTED_EDGE('',*,*,#4102,.F.);
#7487 = ORIENTED_EDGE('',*,*,#7481,.F.);
#7488 = CYLINDRICAL_SURFACE('',#7489,1.525);
#7489 = AXIS2_PLACEMENT_3D('',#7490,#7491,#7492);
#7490 = CARTESIAN_POINT('',(134.,-79.4,-4.6E-02));
#7491 = DIRECTION('',(-0.,-0.,-1.));
#7492 = DIRECTION('',(-0.,-1.,0.));
#7493 = ADVANCED_FACE('',(#7494),#7505,.F.);
#7494 = FACE_BOUND('',#7495,.T.);
#7495 = EDGE_LOOP('',(#7496,#7497,#7503,#7504));
#7496 = ORIENTED_EDGE('',*,*,#1939,.T.);
#7497 = ORIENTED_EDGE('',*,*,#7498,.T.);
#7498 = EDGE_CURVE('',#1940,#4114,#7499,.T.);
#7499 = LINE('',#7500,#7501);
#7500 = CARTESIAN_POINT('',(116.,-75.025,-4.6E-02));
#7501 = VECTOR('',#7502,1.);
#7502 = DIRECTION('',(0.,0.,1.));
#7503 = ORIENTED_EDGE('',*,*,#4113,.F.);
#7504 = ORIENTED_EDGE('',*,*,#7498,.F.);
#7505 = CYLINDRICAL_SURFACE('',#7506,2.525);
#7506 = AXIS2_PLACEMENT_3D('',#7507,#7508,#7509);
#7507 = CARTESIAN_POINT('',(116.,-72.5,-4.6E-02));
#7508 = DIRECTION('',(-0.,-0.,-1.));
#7509 = DIRECTION('',(-0.,-1.,0.));
#7510 = ADVANCED_FACE('',(#7511),#7522,.F.);
#7511 = FACE_BOUND('',#7512,.T.);
#7512 = EDGE_LOOP('',(#7513,#7514,#7520,#7521));
#7513 = ORIENTED_EDGE('',*,*,#1950,.T.);
#7514 = ORIENTED_EDGE('',*,*,#7515,.T.);
#7515 = EDGE_CURVE('',#1951,#4125,#7516,.T.);
#7516 = LINE('',#7517,#7518);
#7517 = CARTESIAN_POINT('',(121.5,-73.45,-4.6E-02));
#7518 = VECTOR('',#7519,1.);
#7519 = DIRECTION('',(0.,0.,1.));
#7520 = ORIENTED_EDGE('',*,*,#4124,.F.);
#7521 = ORIENTED_EDGE('',*,*,#7515,.F.);
#7522 = CYLINDRICAL_SURFACE('',#7523,0.95);
#7523 = AXIS2_PLACEMENT_3D('',#7524,#7525,#7526);
#7524 = CARTESIAN_POINT('',(121.5,-72.5,-4.6E-02));
#7525 = DIRECTION('',(-0.,-0.,-1.));
#7526 = DIRECTION('',(-0.,-1.,0.));
#7527 = ADVANCED_FACE('',(#7528),#7539,.F.);
#7528 = FACE_BOUND('',#7529,.T.);
#7529 = EDGE_LOOP('',(#7530,#7531,#7537,#7538));
#7530 = ORIENTED_EDGE('',*,*,#1961,.T.);
#7531 = ORIENTED_EDGE('',*,*,#7532,.T.);
#7532 = EDGE_CURVE('',#1962,#4136,#7533,.T.);
#7533 = LINE('',#7534,#7535);
#7534 = CARTESIAN_POINT('',(128.5,-74.45,-4.6E-02));
#7535 = VECTOR('',#7536,1.);
#7536 = DIRECTION('',(0.,0.,1.));
#7537 = ORIENTED_EDGE('',*,*,#4135,.F.);
#7538 = ORIENTED_EDGE('',*,*,#7532,.F.);
#7539 = CYLINDRICAL_SURFACE('',#7540,0.95);
#7540 = AXIS2_PLACEMENT_3D('',#7541,#7542,#7543);
#7541 = CARTESIAN_POINT('',(128.5,-73.5,-4.6E-02));
#7542 = DIRECTION('',(-0.,-0.,-1.));
#7543 = DIRECTION('',(-0.,-1.,0.));
#7544 = ADVANCED_FACE('',(#7545),#7556,.F.);
#7545 = FACE_BOUND('',#7546,.T.);
#7546 = EDGE_LOOP('',(#7547,#7548,#7554,#7555));
#7547 = ORIENTED_EDGE('',*,*,#1972,.T.);
#7548 = ORIENTED_EDGE('',*,*,#7549,.T.);
#7549 = EDGE_CURVE('',#1973,#4147,#7550,.T.);
#7550 = LINE('',#7551,#7552);
#7551 = CARTESIAN_POINT('',(134.,-76.025,-4.6E-02));
#7552 = VECTOR('',#7553,1.);
#7553 = DIRECTION('',(0.,0.,1.));
#7554 = ORIENTED_EDGE('',*,*,#4146,.F.);
#7555 = ORIENTED_EDGE('',*,*,#7549,.F.);
#7556 = CYLINDRICAL_SURFACE('',#7557,2.525);
#7557 = AXIS2_PLACEMENT_3D('',#7558,#7559,#7560);
#7558 = CARTESIAN_POINT('',(134.,-73.5,-4.6E-02));
#7559 = DIRECTION('',(-0.,-0.,-1.));
#7560 = DIRECTION('',(-0.,-1.,0.));
#7561 = ADVANCED_FACE('',(#7562),#7573,.F.);
#7562 = FACE_BOUND('',#7563,.T.);
#7563 = EDGE_LOOP('',(#7564,#7565,#7571,#7572));
#7564 = ORIENTED_EDGE('',*,*,#1983,.T.);
#7565 = ORIENTED_EDGE('',*,*,#7566,.T.);
#7566 = EDGE_CURVE('',#1984,#4158,#7567,.T.);
#7567 = LINE('',#7568,#7569);
#7568 = CARTESIAN_POINT('',(139.5,-74.45,-4.6E-02));
#7569 = VECTOR('',#7570,1.);
#7570 = DIRECTION('',(0.,0.,1.));
#7571 = ORIENTED_EDGE('',*,*,#4157,.F.);
#7572 = ORIENTED_EDGE('',*,*,#7566,.F.);
#7573 = CYLINDRICAL_SURFACE('',#7574,0.95);
#7574 = AXIS2_PLACEMENT_3D('',#7575,#7576,#7577);
#7575 = CARTESIAN_POINT('',(139.5,-73.5,-4.6E-02));
#7576 = DIRECTION('',(-0.,-0.,-1.));
#7577 = DIRECTION('',(-0.,-1.,0.));
#7578 = ADVANCED_FACE('',(#7579),#7590,.F.);
#7579 = FACE_BOUND('',#7580,.T.);
#7580 = EDGE_LOOP('',(#7581,#7582,#7588,#7589));
#7581 = ORIENTED_EDGE('',*,*,#1994,.T.);
#7582 = ORIENTED_EDGE('',*,*,#7583,.T.);
#7583 = EDGE_CURVE('',#1995,#4169,#7584,.T.);
#7584 = LINE('',#7585,#7586);
#7585 = CARTESIAN_POINT('',(139.,-69.15,-4.6E-02));
#7586 = VECTOR('',#7587,1.);
#7587 = DIRECTION('',(0.,0.,1.));
#7588 = ORIENTED_EDGE('',*,*,#4168,.F.);
#7589 = ORIENTED_EDGE('',*,*,#7583,.F.);
#7590 = CYLINDRICAL_SURFACE('',#7591,0.8);
#7591 = AXIS2_PLACEMENT_3D('',#7592,#7593,#7594);
#7592 = CARTESIAN_POINT('',(139.,-68.35,-4.6E-02));
#7593 = DIRECTION('',(-0.,-0.,-1.));
#7594 = DIRECTION('',(-0.,-1.,0.));
#7595 = ADVANCED_FACE('',(#7596),#7607,.F.);
#7596 = FACE_BOUND('',#7597,.T.);
#7597 = EDGE_LOOP('',(#7598,#7599,#7605,#7606));
#7598 = ORIENTED_EDGE('',*,*,#2005,.T.);
#7599 = ORIENTED_EDGE('',*,*,#7600,.T.);
#7600 = EDGE_CURVE('',#2006,#4180,#7601,.T.);
#7601 = LINE('',#7602,#7603);
#7602 = CARTESIAN_POINT('',(146.5,-84.45,-4.6E-02));
#7603 = VECTOR('',#7604,1.);
#7604 = DIRECTION('',(0.,0.,1.));
#7605 = ORIENTED_EDGE('',*,*,#4179,.F.);
#7606 = ORIENTED_EDGE('',*,*,#7600,.F.);
#7607 = CYLINDRICAL_SURFACE('',#7608,0.95);
#7608 = AXIS2_PLACEMENT_3D('',#7609,#7610,#7611);
#7609 = CARTESIAN_POINT('',(146.5,-83.5,-4.6E-02));
#7610 = DIRECTION('',(-0.,-0.,-1.));
#7611 = DIRECTION('',(-0.,-1.,0.));
#7612 = ADVANCED_FACE('',(#7613),#7624,.F.);
#7613 = FACE_BOUND('',#7614,.T.);
#7614 = EDGE_LOOP('',(#7615,#7616,#7622,#7623));
#7615 = ORIENTED_EDGE('',*,*,#2016,.T.);
#7616 = ORIENTED_EDGE('',*,*,#7617,.T.);
#7617 = EDGE_CURVE('',#2017,#4191,#7618,.T.);
#7618 = LINE('',#7619,#7620);
#7619 = CARTESIAN_POINT('',(152.,-86.025,-4.6E-02));
#7620 = VECTOR('',#7621,1.);
#7621 = DIRECTION('',(0.,0.,1.));
#7622 = ORIENTED_EDGE('',*,*,#4190,.F.);
#7623 = ORIENTED_EDGE('',*,*,#7617,.F.);
#7624 = CYLINDRICAL_SURFACE('',#7625,2.525);
#7625 = AXIS2_PLACEMENT_3D('',#7626,#7627,#7628);
#7626 = CARTESIAN_POINT('',(152.,-83.5,-4.6E-02));
#7627 = DIRECTION('',(-0.,-0.,-1.));
#7628 = DIRECTION('',(-0.,-1.,0.));
#7629 = ADVANCED_FACE('',(#7630),#7641,.F.);
#7630 = FACE_BOUND('',#7631,.T.);
#7631 = EDGE_LOOP('',(#7632,#7633,#7639,#7640));
#7632 = ORIENTED_EDGE('',*,*,#2027,.T.);
#7633 = ORIENTED_EDGE('',*,*,#7634,.T.);
#7634 = EDGE_CURVE('',#2028,#4202,#7635,.T.);
#7635 = LINE('',#7636,#7637);
#7636 = CARTESIAN_POINT('',(157.5,-84.45,-4.6E-02));
#7637 = VECTOR('',#7638,1.);
#7638 = DIRECTION('',(0.,0.,1.));
#7639 = ORIENTED_EDGE('',*,*,#4201,.F.);
#7640 = ORIENTED_EDGE('',*,*,#7634,.F.);
#7641 = CYLINDRICAL_SURFACE('',#7642,0.95);
#7642 = AXIS2_PLACEMENT_3D('',#7643,#7644,#7645);
#7643 = CARTESIAN_POINT('',(157.5,-83.5,-4.6E-02));
#7644 = DIRECTION('',(-0.,-0.,-1.));
#7645 = DIRECTION('',(-0.,-1.,0.));
#7646 = ADVANCED_FACE('',(#7647),#7658,.F.);
#7647 = FACE_BOUND('',#7648,.T.);
#7648 = EDGE_LOOP('',(#7649,#7650,#7656,#7657));
#7649 = ORIENTED_EDGE('',*,*,#2038,.T.);
#7650 = ORIENTED_EDGE('',*,*,#7651,.T.);
#7651 = EDGE_CURVE('',#2039,#4213,#7652,.T.);
#7652 = LINE('',#7653,#7654);
#7653 = CARTESIAN_POINT('',(157.,-79.15,-4.6E-02));
#7654 = VECTOR('',#7655,1.);
#7655 = DIRECTION('',(0.,0.,1.));
#7656 = ORIENTED_EDGE('',*,*,#4212,.F.);
#7657 = ORIENTED_EDGE('',*,*,#7651,.F.);
#7658 = CYLINDRICAL_SURFACE('',#7659,0.8);
#7659 = AXIS2_PLACEMENT_3D('',#7660,#7661,#7662);
#7660 = CARTESIAN_POINT('',(157.,-78.35,-4.6E-02));
#7661 = DIRECTION('',(-0.,-0.,-1.));
#7662 = DIRECTION('',(-0.,-1.,0.));
#7663 = ADVANCED_FACE('',(#7664),#7675,.F.);
#7664 = FACE_BOUND('',#7665,.T.);
#7665 = EDGE_LOOP('',(#7666,#7667,#7673,#7674));
#7666 = ORIENTED_EDGE('',*,*,#2049,.T.);
#7667 = ORIENTED_EDGE('',*,*,#7668,.T.);
#7668 = EDGE_CURVE('',#2050,#4224,#7669,.T.);
#7669 = LINE('',#7670,#7671);
#7670 = CARTESIAN_POINT('',(165.,-84.825,-4.6E-02));
#7671 = VECTOR('',#7672,1.);
#7672 = DIRECTION('',(0.,0.,1.));
#7673 = ORIENTED_EDGE('',*,*,#4223,.F.);
#7674 = ORIENTED_EDGE('',*,*,#7668,.F.);
#7675 = CYLINDRICAL_SURFACE('',#7676,1.525);
#7676 = AXIS2_PLACEMENT_3D('',#7677,#7678,#7679);
#7677 = CARTESIAN_POINT('',(165.,-83.3,-4.6E-02));
#7678 = DIRECTION('',(-0.,-0.,-1.));
#7679 = DIRECTION('',(-0.,-1.,0.));
#7680 = ADVANCED_FACE('',(#7681),#7692,.F.);
#7681 = FACE_BOUND('',#7682,.T.);
#7682 = EDGE_LOOP('',(#7683,#7684,#7690,#7691));
#7683 = ORIENTED_EDGE('',*,*,#2060,.T.);
#7684 = ORIENTED_EDGE('',*,*,#7685,.T.);
#7685 = EDGE_CURVE('',#2061,#4235,#7686,.T.);
#7686 = LINE('',#7687,#7688);
#7687 = CARTESIAN_POINT('',(170.,-86.925,-4.6E-02));
#7688 = VECTOR('',#7689,1.);
#7689 = DIRECTION('',(0.,0.,1.));
#7690 = ORIENTED_EDGE('',*,*,#4234,.F.);
#7691 = ORIENTED_EDGE('',*,*,#7685,.F.);
#7692 = CYLINDRICAL_SURFACE('',#7693,1.525);
#7693 = AXIS2_PLACEMENT_3D('',#7694,#7695,#7696);
#7694 = CARTESIAN_POINT('',(170.,-85.4,-4.6E-02));
#7695 = DIRECTION('',(-0.,-0.,-1.));
#7696 = DIRECTION('',(-0.,-1.,0.));
#7697 = ADVANCED_FACE('',(#7698),#7709,.F.);
#7698 = FACE_BOUND('',#7699,.T.);
#7699 = EDGE_LOOP('',(#7700,#7701,#7707,#7708));
#7700 = ORIENTED_EDGE('',*,*,#2071,.T.);
#7701 = ORIENTED_EDGE('',*,*,#7702,.T.);
#7702 = EDGE_CURVE('',#2072,#4246,#7703,.T.);
#7703 = LINE('',#7704,#7705);
#7704 = CARTESIAN_POINT('',(164.5,-80.45,-4.6E-02));
#7705 = VECTOR('',#7706,1.);
#7706 = DIRECTION('',(0.,0.,1.));
#7707 = ORIENTED_EDGE('',*,*,#4245,.F.);
#7708 = ORIENTED_EDGE('',*,*,#7702,.F.);
#7709 = CYLINDRICAL_SURFACE('',#7710,0.95);
#7710 = AXIS2_PLACEMENT_3D('',#7711,#7712,#7713);
#7711 = CARTESIAN_POINT('',(164.5,-79.5,-4.6E-02));
#7712 = DIRECTION('',(-0.,-0.,-1.));
#7713 = DIRECTION('',(-0.,-1.,0.));
#7714 = ADVANCED_FACE('',(#7715),#7726,.F.);
#7715 = FACE_BOUND('',#7716,.T.);
#7716 = EDGE_LOOP('',(#7717,#7718,#7724,#7725));
#7717 = ORIENTED_EDGE('',*,*,#2082,.T.);
#7718 = ORIENTED_EDGE('',*,*,#7719,.T.);
#7719 = EDGE_CURVE('',#2083,#4257,#7720,.T.);
#7720 = LINE('',#7721,#7722);
#7721 = CARTESIAN_POINT('',(170.,-82.025,-4.6E-02));
#7722 = VECTOR('',#7723,1.);
#7723 = DIRECTION('',(0.,0.,1.));
#7724 = ORIENTED_EDGE('',*,*,#4256,.F.);
#7725 = ORIENTED_EDGE('',*,*,#7719,.F.);
#7726 = CYLINDRICAL_SURFACE('',#7727,2.525);
#7727 = AXIS2_PLACEMENT_3D('',#7728,#7729,#7730);
#7728 = CARTESIAN_POINT('',(170.,-79.5,-4.6E-02));
#7729 = DIRECTION('',(-0.,-0.,-1.));
#7730 = DIRECTION('',(-0.,-1.,0.));
#7731 = ADVANCED_FACE('',(#7732),#7743,.F.);
#7732 = FACE_BOUND('',#7733,.T.);
#7733 = EDGE_LOOP('',(#7734,#7735,#7741,#7742));
#7734 = ORIENTED_EDGE('',*,*,#2093,.T.);
#7735 = ORIENTED_EDGE('',*,*,#7736,.T.);
#7736 = EDGE_CURVE('',#2094,#4268,#7737,.T.);
#7737 = LINE('',#7738,#7739);
#7738 = CARTESIAN_POINT('',(175.5,-80.45,-4.6E-02));
#7739 = VECTOR('',#7740,1.);
#7740 = DIRECTION('',(0.,0.,1.));
#7741 = ORIENTED_EDGE('',*,*,#4267,.F.);
#7742 = ORIENTED_EDGE('',*,*,#7736,.F.);
#7743 = CYLINDRICAL_SURFACE('',#7744,0.95);
#7744 = AXIS2_PLACEMENT_3D('',#7745,#7746,#7747);
#7745 = CARTESIAN_POINT('',(175.5,-79.5,-4.6E-02));
#7746 = DIRECTION('',(-0.,-0.,-1.));
#7747 = DIRECTION('',(-0.,-1.,0.));
#7748 = ADVANCED_FACE('',(#7749),#7760,.F.);
#7749 = FACE_BOUND('',#7750,.T.);
#7750 = EDGE_LOOP('',(#7751,#7752,#7758,#7759));
#7751 = ORIENTED_EDGE('',*,*,#2104,.T.);
#7752 = ORIENTED_EDGE('',*,*,#7753,.T.);
#7753 = EDGE_CURVE('',#2105,#4279,#7754,.T.);
#7754 = LINE('',#7755,#7756);
#7755 = CARTESIAN_POINT('',(152.,-73.925,-4.6E-02));
#7756 = VECTOR('',#7757,1.);
#7757 = DIRECTION('',(0.,0.,1.));
#7758 = ORIENTED_EDGE('',*,*,#4278,.F.);
#7759 = ORIENTED_EDGE('',*,*,#7753,.F.);
#7760 = CYLINDRICAL_SURFACE('',#7761,1.525);
#7761 = AXIS2_PLACEMENT_3D('',#7762,#7763,#7764);
#7762 = CARTESIAN_POINT('',(152.,-72.4,-4.6E-02));
#7763 = DIRECTION('',(-0.,-0.,-1.));
#7764 = DIRECTION('',(-0.,-1.,0.));
#7765 = ADVANCED_FACE('',(#7766),#7777,.F.);
#7766 = FACE_BOUND('',#7767,.T.);
#7767 = EDGE_LOOP('',(#7768,#7769,#7775,#7776));
#7768 = ORIENTED_EDGE('',*,*,#2115,.T.);
#7769 = ORIENTED_EDGE('',*,*,#7770,.T.);
#7770 = EDGE_CURVE('',#2116,#4290,#7771,.T.);
#7771 = LINE('',#7772,#7773);
#7772 = CARTESIAN_POINT('',(147.,-71.825,-4.6E-02));
#7773 = VECTOR('',#7774,1.);
#7774 = DIRECTION('',(0.,0.,1.));
#7775 = ORIENTED_EDGE('',*,*,#4289,.F.);
#7776 = ORIENTED_EDGE('',*,*,#7770,.F.);
#7777 = CYLINDRICAL_SURFACE('',#7778,1.525);
#7778 = AXIS2_PLACEMENT_3D('',#7779,#7780,#7781);
#7779 = CARTESIAN_POINT('',(147.,-70.3,-4.6E-02));
#7780 = DIRECTION('',(-0.,-0.,-1.));
#7781 = DIRECTION('',(-0.,-1.,0.));
#7782 = ADVANCED_FACE('',(#7783),#7794,.F.);
#7783 = FACE_BOUND('',#7784,.T.);
#7784 = EDGE_LOOP('',(#7785,#7786,#7792,#7793));
#7785 = ORIENTED_EDGE('',*,*,#2126,.T.);
#7786 = ORIENTED_EDGE('',*,*,#7787,.T.);
#7787 = EDGE_CURVE('',#2127,#4301,#7788,.T.);
#7788 = LINE('',#7789,#7790);
#7789 = CARTESIAN_POINT('',(175.,-75.15,-4.6E-02));
#7790 = VECTOR('',#7791,1.);
#7791 = DIRECTION('',(0.,0.,1.));
#7792 = ORIENTED_EDGE('',*,*,#4300,.F.);
#7793 = ORIENTED_EDGE('',*,*,#7787,.F.);
#7794 = CYLINDRICAL_SURFACE('',#7795,0.8);
#7795 = AXIS2_PLACEMENT_3D('',#7796,#7797,#7798);
#7796 = CARTESIAN_POINT('',(175.,-74.35,-4.6E-02));
#7797 = DIRECTION('',(-0.,-0.,-1.));
#7798 = DIRECTION('',(-0.,-1.,0.));
#7799 = ADVANCED_FACE('',(#7800),#7811,.F.);
#7800 = FACE_BOUND('',#7801,.T.);
#7801 = EDGE_LOOP('',(#7802,#7803,#7809,#7810));
#7802 = ORIENTED_EDGE('',*,*,#2137,.T.);
#7803 = ORIENTED_EDGE('',*,*,#7804,.T.);
#7804 = EDGE_CURVE('',#2138,#4312,#7805,.T.);
#7805 = LINE('',#7806,#7807);
#7806 = CARTESIAN_POINT('',(121.,-68.15,-4.6E-02));
#7807 = VECTOR('',#7808,1.);
#7808 = DIRECTION('',(0.,0.,1.));
#7809 = ORIENTED_EDGE('',*,*,#4311,.F.);
#7810 = ORIENTED_EDGE('',*,*,#7804,.F.);
#7811 = CYLINDRICAL_SURFACE('',#7812,0.8);
#7812 = AXIS2_PLACEMENT_3D('',#7813,#7814,#7815);
#7813 = CARTESIAN_POINT('',(121.,-67.35,-4.6E-02));
#7814 = DIRECTION('',(-0.,-0.,-1.));
#7815 = DIRECTION('',(-0.,-1.,0.));
#7816 = ADVANCED_FACE('',(#7817),#7828,.F.);
#7817 = FACE_BOUND('',#7818,.T.);
#7818 = EDGE_LOOP('',(#7819,#7820,#7826,#7827));
#7819 = ORIENTED_EDGE('',*,*,#2148,.T.);
#7820 = ORIENTED_EDGE('',*,*,#7821,.T.);
#7821 = EDGE_CURVE('',#2149,#4323,#7822,.T.);
#7822 = LINE('',#7823,#7824);
#7823 = CARTESIAN_POINT('',(116.,-62.925,-4.6E-02));
#7824 = VECTOR('',#7825,1.);
#7825 = DIRECTION('',(0.,0.,1.));
#7826 = ORIENTED_EDGE('',*,*,#4322,.F.);
#7827 = ORIENTED_EDGE('',*,*,#7821,.F.);
#7828 = CYLINDRICAL_SURFACE('',#7829,1.525);
#7829 = AXIS2_PLACEMENT_3D('',#7830,#7831,#7832);
#7830 = CARTESIAN_POINT('',(116.,-61.4,-4.6E-02));
#7831 = DIRECTION('',(-0.,-0.,-1.));
#7832 = DIRECTION('',(-0.,-1.,0.));
#7833 = ADVANCED_FACE('',(#7834),#7845,.F.);
#7834 = FACE_BOUND('',#7835,.T.);
#7835 = EDGE_LOOP('',(#7836,#7837,#7843,#7844));
#7836 = ORIENTED_EDGE('',*,*,#2159,.T.);
#7837 = ORIENTED_EDGE('',*,*,#7838,.T.);
#7838 = EDGE_CURVE('',#2160,#4334,#7839,.T.);
#7839 = LINE('',#7840,#7841);
#7840 = CARTESIAN_POINT('',(129.,-61.825,-4.6E-02));
#7841 = VECTOR('',#7842,1.);
#7842 = DIRECTION('',(0.,0.,1.));
#7843 = ORIENTED_EDGE('',*,*,#4333,.F.);
#7844 = ORIENTED_EDGE('',*,*,#7838,.F.);
#7845 = CYLINDRICAL_SURFACE('',#7846,1.525);
#7846 = AXIS2_PLACEMENT_3D('',#7847,#7848,#7849);
#7847 = CARTESIAN_POINT('',(129.,-60.3,-4.6E-02));
#7848 = DIRECTION('',(-0.,-0.,-1.));
#7849 = DIRECTION('',(-0.,-1.,0.));
#7850 = ADVANCED_FACE('',(#7851),#7862,.F.);
#7851 = FACE_BOUND('',#7852,.T.);
#7852 = EDGE_LOOP('',(#7853,#7854,#7860,#7861));
#7853 = ORIENTED_EDGE('',*,*,#2170,.T.);
#7854 = ORIENTED_EDGE('',*,*,#7855,.T.);
#7855 = EDGE_CURVE('',#2171,#4345,#7856,.T.);
#7856 = LINE('',#7857,#7858);
#7857 = CARTESIAN_POINT('',(134.,-63.925,-4.6E-02));
#7858 = VECTOR('',#7859,1.);
#7859 = DIRECTION('',(0.,0.,1.));
#7860 = ORIENTED_EDGE('',*,*,#4344,.F.);
#7861 = ORIENTED_EDGE('',*,*,#7855,.F.);
#7862 = CYLINDRICAL_SURFACE('',#7863,1.525);
#7863 = AXIS2_PLACEMENT_3D('',#7864,#7865,#7866);
#7864 = CARTESIAN_POINT('',(134.,-62.4,-4.6E-02));
#7865 = DIRECTION('',(-0.,-0.,-1.));
#7866 = DIRECTION('',(-0.,-1.,0.));
#7867 = ADVANCED_FACE('',(#7868),#7879,.F.);
#7868 = FACE_BOUND('',#7869,.T.);
#7869 = EDGE_LOOP('',(#7870,#7871,#7877,#7878));
#7870 = ORIENTED_EDGE('',*,*,#2181,.T.);
#7871 = ORIENTED_EDGE('',*,*,#7872,.T.);
#7872 = EDGE_CURVE('',#2182,#4356,#7873,.T.);
#7873 = LINE('',#7874,#7875);
#7874 = CARTESIAN_POINT('',(116.,-58.025,-4.6E-02));
#7875 = VECTOR('',#7876,1.);
#7876 = DIRECTION('',(0.,0.,1.));
#7877 = ORIENTED_EDGE('',*,*,#4355,.F.);
#7878 = ORIENTED_EDGE('',*,*,#7872,.F.);
#7879 = CYLINDRICAL_SURFACE('',#7880,2.525);
#7880 = AXIS2_PLACEMENT_3D('',#7881,#7882,#7883);
#7881 = CARTESIAN_POINT('',(116.,-55.5,-4.6E-02));
#7882 = DIRECTION('',(-0.,-0.,-1.));
#7883 = DIRECTION('',(-0.,-1.,0.));
#7884 = ADVANCED_FACE('',(#7885),#7896,.F.);
#7885 = FACE_BOUND('',#7886,.T.);
#7886 = EDGE_LOOP('',(#7887,#7888,#7894,#7895));
#7887 = ORIENTED_EDGE('',*,*,#2192,.T.);
#7888 = ORIENTED_EDGE('',*,*,#7889,.T.);
#7889 = EDGE_CURVE('',#2193,#4367,#7890,.T.);
#7890 = LINE('',#7891,#7892);
#7891 = CARTESIAN_POINT('',(128.5,-57.45,-4.6E-02));
#7892 = VECTOR('',#7893,1.);
#7893 = DIRECTION('',(0.,0.,1.));
#7894 = ORIENTED_EDGE('',*,*,#4366,.F.);
#7895 = ORIENTED_EDGE('',*,*,#7889,.F.);
#7896 = CYLINDRICAL_SURFACE('',#7897,0.95);
#7897 = AXIS2_PLACEMENT_3D('',#7898,#7899,#7900);
#7898 = CARTESIAN_POINT('',(128.5,-56.5,-4.6E-02));
#7899 = DIRECTION('',(-0.,-0.,-1.));
#7900 = DIRECTION('',(-0.,-1.,0.));
#7901 = ADVANCED_FACE('',(#7902),#7913,.F.);
#7902 = FACE_BOUND('',#7903,.T.);
#7903 = EDGE_LOOP('',(#7904,#7905,#7911,#7912));
#7904 = ORIENTED_EDGE('',*,*,#2203,.T.);
#7905 = ORIENTED_EDGE('',*,*,#7906,.T.);
#7906 = EDGE_CURVE('',#2204,#4378,#7907,.T.);
#7907 = LINE('',#7908,#7909);
#7908 = CARTESIAN_POINT('',(121.5,-56.45,-4.6E-02));
#7909 = VECTOR('',#7910,1.);
#7910 = DIRECTION('',(0.,0.,1.));
#7911 = ORIENTED_EDGE('',*,*,#4377,.F.);
#7912 = ORIENTED_EDGE('',*,*,#7906,.F.);
#7913 = CYLINDRICAL_SURFACE('',#7914,0.95);
#7914 = AXIS2_PLACEMENT_3D('',#7915,#7916,#7917);
#7915 = CARTESIAN_POINT('',(121.5,-55.5,-4.6E-02));
#7916 = DIRECTION('',(-0.,-0.,-1.));
#7917 = DIRECTION('',(-0.,-1.,0.));
#7918 = ADVANCED_FACE('',(#7919),#7930,.F.);
#7919 = FACE_BOUND('',#7920,.T.);
#7920 = EDGE_LOOP('',(#7921,#7922,#7928,#7929));
#7921 = ORIENTED_EDGE('',*,*,#2214,.T.);
#7922 = ORIENTED_EDGE('',*,*,#7923,.T.);
#7923 = EDGE_CURVE('',#2215,#4389,#7924,.T.);
#7924 = LINE('',#7925,#7926);
#7925 = CARTESIAN_POINT('',(121.,-51.15,-4.6E-02));
#7926 = VECTOR('',#7927,1.);
#7927 = DIRECTION('',(0.,0.,1.));
#7928 = ORIENTED_EDGE('',*,*,#4388,.F.);
#7929 = ORIENTED_EDGE('',*,*,#7923,.F.);
#7930 = CYLINDRICAL_SURFACE('',#7931,0.8);
#7931 = AXIS2_PLACEMENT_3D('',#7932,#7933,#7934);
#7932 = CARTESIAN_POINT('',(121.,-50.35,-4.6E-02));
#7933 = DIRECTION('',(-0.,-0.,-1.));
#7934 = DIRECTION('',(-0.,-1.,0.));
#7935 = ADVANCED_FACE('',(#7936),#7947,.F.);
#7936 = FACE_BOUND('',#7937,.T.);
#7937 = EDGE_LOOP('',(#7938,#7939,#7945,#7946));
#7938 = ORIENTED_EDGE('',*,*,#2225,.T.);
#7939 = ORIENTED_EDGE('',*,*,#7940,.T.);
#7940 = EDGE_CURVE('',#2226,#4400,#7941,.T.);
#7941 = LINE('',#7942,#7943);
#7942 = CARTESIAN_POINT('',(134.,-59.025,-4.6E-02));
#7943 = VECTOR('',#7944,1.);
#7944 = DIRECTION('',(0.,0.,1.));
#7945 = ORIENTED_EDGE('',*,*,#4399,.F.);
#7946 = ORIENTED_EDGE('',*,*,#7940,.F.);
#7947 = CYLINDRICAL_SURFACE('',#7948,2.525);
#7948 = AXIS2_PLACEMENT_3D('',#7949,#7950,#7951);
#7949 = CARTESIAN_POINT('',(134.,-56.5,-4.6E-02));
#7950 = DIRECTION('',(-0.,-0.,-1.));
#7951 = DIRECTION('',(-0.,-1.,0.));
#7952 = ADVANCED_FACE('',(#7953),#7964,.F.);
#7953 = FACE_BOUND('',#7954,.T.);
#7954 = EDGE_LOOP('',(#7955,#7956,#7962,#7963));
#7955 = ORIENTED_EDGE('',*,*,#2236,.T.);
#7956 = ORIENTED_EDGE('',*,*,#7957,.T.);
#7957 = EDGE_CURVE('',#2237,#4411,#7958,.T.);
#7958 = LINE('',#7959,#7960);
#7959 = CARTESIAN_POINT('',(139.5,-57.45,-4.6E-02));
#7960 = VECTOR('',#7961,1.);
#7961 = DIRECTION('',(0.,0.,1.));
#7962 = ORIENTED_EDGE('',*,*,#4410,.F.);
#7963 = ORIENTED_EDGE('',*,*,#7957,.F.);
#7964 = CYLINDRICAL_SURFACE('',#7965,0.95);
#7965 = AXIS2_PLACEMENT_3D('',#7966,#7967,#7968);
#7966 = CARTESIAN_POINT('',(139.5,-56.5,-4.6E-02));
#7967 = DIRECTION('',(-0.,-0.,-1.));
#7968 = DIRECTION('',(-0.,-1.,0.));
#7969 = ADVANCED_FACE('',(#7970),#7981,.F.);
#7970 = FACE_BOUND('',#7971,.T.);
#7971 = EDGE_LOOP('',(#7972,#7973,#7979,#7980));
#7972 = ORIENTED_EDGE('',*,*,#2247,.T.);
#7973 = ORIENTED_EDGE('',*,*,#7974,.T.);
#7974 = EDGE_CURVE('',#2248,#4422,#7975,.T.);
#7975 = LINE('',#7976,#7977);
#7976 = CARTESIAN_POINT('',(139.,-52.15,-4.6E-02));
#7977 = VECTOR('',#7978,1.);
#7978 = DIRECTION('',(0.,0.,1.));
#7979 = ORIENTED_EDGE('',*,*,#4421,.F.);
#7980 = ORIENTED_EDGE('',*,*,#7974,.F.);
#7981 = CYLINDRICAL_SURFACE('',#7982,0.8);
#7982 = AXIS2_PLACEMENT_3D('',#7983,#7984,#7985);
#7983 = CARTESIAN_POINT('',(139.,-51.35,-4.6E-02));
#7984 = DIRECTION('',(-0.,-0.,-1.));
#7985 = DIRECTION('',(-0.,-1.,0.));
#7986 = ADVANCED_FACE('',(#7987),#7998,.F.);
#7987 = FACE_BOUND('',#7988,.T.);
#7988 = EDGE_LOOP('',(#7989,#7990,#7996,#7997));
#7989 = ORIENTED_EDGE('',*,*,#2258,.T.);
#7990 = ORIENTED_EDGE('',*,*,#7991,.T.);
#7991 = EDGE_CURVE('',#2259,#4433,#7992,.T.);
#7992 = LINE('',#7993,#7994);
#7993 = CARTESIAN_POINT('',(146.5,-67.45,-4.6E-02));
#7994 = VECTOR('',#7995,1.);
#7995 = DIRECTION('',(0.,0.,1.));
#7996 = ORIENTED_EDGE('',*,*,#4432,.F.);
#7997 = ORIENTED_EDGE('',*,*,#7991,.F.);
#7998 = CYLINDRICAL_SURFACE('',#7999,0.95);
#7999 = AXIS2_PLACEMENT_3D('',#8000,#8001,#8002);
#8000 = CARTESIAN_POINT('',(146.5,-66.5,-4.6E-02));
#8001 = DIRECTION('',(-0.,-0.,-1.));
#8002 = DIRECTION('',(-0.,-1.,0.));
#8003 = ADVANCED_FACE('',(#8004),#8015,.F.);
#8004 = FACE_BOUND('',#8005,.T.);
#8005 = EDGE_LOOP('',(#8006,#8007,#8013,#8014));
#8006 = ORIENTED_EDGE('',*,*,#2269,.T.);
#8007 = ORIENTED_EDGE('',*,*,#8008,.T.);
#8008 = EDGE_CURVE('',#2270,#4444,#8009,.T.);
#8009 = LINE('',#8010,#8011);
#8010 = CARTESIAN_POINT('',(152.,-69.025,-4.6E-02));
#8011 = VECTOR('',#8012,1.);
#8012 = DIRECTION('',(0.,0.,1.));
#8013 = ORIENTED_EDGE('',*,*,#4443,.F.);
#8014 = ORIENTED_EDGE('',*,*,#8008,.F.);
#8015 = CYLINDRICAL_SURFACE('',#8016,2.525);
#8016 = AXIS2_PLACEMENT_3D('',#8017,#8018,#8019);
#8017 = CARTESIAN_POINT('',(152.,-66.5,-4.6E-02));
#8018 = DIRECTION('',(-0.,-0.,-1.));
#8019 = DIRECTION('',(-0.,-1.,0.));
#8020 = ADVANCED_FACE('',(#8021),#8032,.F.);
#8021 = FACE_BOUND('',#8022,.T.);
#8022 = EDGE_LOOP('',(#8023,#8024,#8030,#8031));
#8023 = ORIENTED_EDGE('',*,*,#2280,.T.);
#8024 = ORIENTED_EDGE('',*,*,#8025,.T.);
#8025 = EDGE_CURVE('',#2281,#4455,#8026,.T.);
#8026 = LINE('',#8027,#8028);
#8027 = CARTESIAN_POINT('',(157.5,-67.45,-4.6E-02));
#8028 = VECTOR('',#8029,1.);
#8029 = DIRECTION('',(0.,0.,1.));
#8030 = ORIENTED_EDGE('',*,*,#4454,.F.);
#8031 = ORIENTED_EDGE('',*,*,#8025,.F.);
#8032 = CYLINDRICAL_SURFACE('',#8033,0.95);
#8033 = AXIS2_PLACEMENT_3D('',#8034,#8035,#8036);
#8034 = CARTESIAN_POINT('',(157.5,-66.5,-4.6E-02));
#8035 = DIRECTION('',(-0.,-0.,-1.));
#8036 = DIRECTION('',(-0.,-1.,0.));
#8037 = ADVANCED_FACE('',(#8038),#8049,.F.);
#8038 = FACE_BOUND('',#8039,.T.);
#8039 = EDGE_LOOP('',(#8040,#8041,#8047,#8048));
#8040 = ORIENTED_EDGE('',*,*,#2291,.T.);
#8041 = ORIENTED_EDGE('',*,*,#8042,.T.);
#8042 = EDGE_CURVE('',#2292,#4466,#8043,.T.);
#8043 = LINE('',#8044,#8045);
#8044 = CARTESIAN_POINT('',(157.,-62.15,-4.6E-02));
#8045 = VECTOR('',#8046,1.);
#8046 = DIRECTION('',(0.,0.,1.));
#8047 = ORIENTED_EDGE('',*,*,#4465,.F.);
#8048 = ORIENTED_EDGE('',*,*,#8042,.F.);
#8049 = CYLINDRICAL_SURFACE('',#8050,0.8);
#8050 = AXIS2_PLACEMENT_3D('',#8051,#8052,#8053);
#8051 = CARTESIAN_POINT('',(157.,-61.35,-4.6E-02));
#8052 = DIRECTION('',(-0.,-0.,-1.));
#8053 = DIRECTION('',(-0.,-1.,0.));
#8054 = ADVANCED_FACE('',(#8055),#8066,.F.);
#8055 = FACE_BOUND('',#8056,.T.);
#8056 = EDGE_LOOP('',(#8057,#8058,#8064,#8065));
#8057 = ORIENTED_EDGE('',*,*,#2302,.T.);
#8058 = ORIENTED_EDGE('',*,*,#8059,.T.);
#8059 = EDGE_CURVE('',#2303,#4477,#8060,.T.);
#8060 = LINE('',#8061,#8062);
#8061 = CARTESIAN_POINT('',(145.5,-52.65,-4.6E-02));
#8062 = VECTOR('',#8063,1.);
#8063 = DIRECTION('',(0.,0.,1.));
#8064 = ORIENTED_EDGE('',*,*,#4476,.F.);
#8065 = ORIENTED_EDGE('',*,*,#8059,.F.);
#8066 = CYLINDRICAL_SURFACE('',#8067,2.15);
#8067 = AXIS2_PLACEMENT_3D('',#8068,#8069,#8070);
#8068 = CARTESIAN_POINT('',(145.5,-50.5,-4.6E-02));
#8069 = DIRECTION('',(-0.,-0.,-1.));
#8070 = DIRECTION('',(-0.,-1.,0.));
#8071 = ( GEOMETRIC_REPRESENTATION_CONTEXT(3)
GLOBAL_UNCERTAINTY_ASSIGNED_CONTEXT((#8075))
GLOBAL_UNIT_ASSIGNED_CONTEXT((#8072,#8073,#8074)) REPRESENTATION_CONTEXT
('Context #1','3D Context with UNIT and UNCERTAINTY') );
#8072 = ( LENGTH_UNIT() NAMED_UNIT(*) SI_UNIT(.MILLI.,.METRE.) );
#8073 = ( NAMED_UNIT(*) PLANE_ANGLE_UNIT() SI_UNIT($,.RADIAN.) );
#8074 = ( NAMED_UNIT(*) SI_UNIT($,.STERADIAN.) SOLID_ANGLE_UNIT() );
#8075 = UNCERTAINTY_MEASURE_WITH_UNIT(LENGTH_MEASURE(1.E-07),#8072,
  'distance_accuracy_value','confusion accuracy');
#8076 = CONTEXT_DEPENDENT_SHAPE_REPRESENTATION(#8077,#8079);
#8077 = ( REPRESENTATION_RELATIONSHIP('','',#32,#10)
REPRESENTATION_RELATIONSHIP_WITH_TRANSFORMATION(#8078)
SHAPE_REPRESENTATION_RELATIONSHIP() );
#8078 = ITEM_DEFINED_TRANSFORMATION('','',#11,#15);
#8079 = PRODUCT_DEFINITION_SHAPE('Placement','Placement of an item',
  #8080);
#8080 = NEXT_ASSEMBLY_USAGE_OCCURRENCE('1','=>[0:1:1:2]','',#5,#27,$);
#8081 = PRODUCT_RELATED_PRODUCT_CATEGORY('part',$,(#29));
#8082 = MECHANICAL_DESIGN_GEOMETRIC_PRESENTATION_REPRESENTATION('',(
    #8083),#8071);
#8083 = STYLED_ITEM('color',(#8084),#33);
#8084 = PRESENTATION_STYLE_ASSIGNMENT((#8085));
#8085 = SURFACE_STYLE_USAGE(.BOTH.,#8086);
#8086 = SURFACE_SIDE_STYLE('',(#8087));
#8087 = SURFACE_STYLE_FILL_AREA(#8088);
#8088 = FILL_AREA_STYLE('',(#8089));
#8089 = FILL_AREA_STYLE_COLOUR('',#8090);
#8090 = COLOUR_RGB('',0.313304153717,0.484529207832,0.410020903123);
ENDSEC;
END-ISO-10303-21;
