ISO-10303-21;
HEADER;
/* Generated by software containing ST-Developer
 * from STEP Tools, Inc. (www.steptools.com) 
 */

FILE_DESCRIPTION(
/* description */ ('KiCad electronic assembly'),
/* implementation_level */ '2;1');

FILE_NAME(
/* name */ 'reel_right_top_neo2.step',
/* time_stamp */ '2026-08-20T19:41:33+09:00',
/* author */ (''),
/* organization */ (''),
/* preprocessor_version */ 'ST-DEVELOPER v20.1',
/* originating_system */ 'Autodesk Translation Framework v15.8.0.0',
/* authorisation */ '');

FILE_SCHEMA (('AUTOMOTIVE_DESIGN { 1 0 10303 214 3 1 1 }'));
ENDSEC;

DATA;
#10=MECHANICAL_DESIGN_GEOMETRIC_PRESENTATION_REPRESENTATION('',(#19,#20),
#10968);
#11=ITEM_DEFINED_TRANSFORMATION($,$,#6528,#7148);
#12=(
REPRESENTATION_RELATIONSHIP($,$,#10979,#10978)
REPRESENTATION_RELATIONSHIP_WITH_TRANSFORMATION(#11)
SHAPE_REPRESENTATION_RELATIONSHIP()
);
#13=CONTEXT_DEPENDENT_SHAPE_REPRESENTATION(#12,#10977);
#14=NEXT_ASSEMBLY_USAGE_OCCURRENCE('reel_right_top_PCB:1',
'reel_right_top_PCB:1','reel_right_top_PCB:1',#10981,#10982,
'reel_right_top_PCB:1');
#15=SHAPE_REPRESENTATION_RELATIONSHIP('SRR','None',#10979,#17);
#16=SHAPE_REPRESENTATION_RELATIONSHIP('SRR','None',#10978,#18);
#17=ADVANCED_BREP_SHAPE_REPRESENTATION('',(#21),#10967);
#18=ADVANCED_BREP_SHAPE_REPRESENTATION('',(#22),#10966);
#19=STYLED_ITEM('',(#10993),#21);
#20=STYLED_ITEM('',(#10992),#22);
#21=MANIFOLD_SOLID_BREP('\X2\30DC30C730A3\X0\1',#6513);
#22=MANIFOLD_SOLID_BREP('\X2\30DC30C730A3\X0\1',#6514);
#23=CYLINDRICAL_SURFACE('',#6644,1.39999925292523);
#24=CYLINDRICAL_SURFACE('',#6647,4.600003276822);
#25=CYLINDRICAL_SURFACE('',#6650,1.39999842918541);
#26=CYLINDRICAL_SURFACE('',#6653,1.400030788176);
#27=CYLINDRICAL_SURFACE('',#6657,1.4000166599527);
#28=CYLINDRICAL_SURFACE('',#6660,4.59999981922);
#29=CYLINDRICAL_SURFACE('',#6663,1.3999992529302);
#30=CYLINDRICAL_SURFACE('',#6665,0.599999252925);
#31=CYLINDRICAL_SURFACE('',#6668,0.599999252924997);
#32=CYLINDRICAL_SURFACE('',#6671,1.3999992529252);
#33=CYLINDRICAL_SURFACE('',#6674,1.3999992529302);
#34=CYLINDRICAL_SURFACE('',#6677,0.599999252924997);
#35=CYLINDRICAL_SURFACE('',#6680,1.39999925293021);
#36=CYLINDRICAL_SURFACE('',#6683,0.599999252925);
#37=CYLINDRICAL_SURFACE('',#6686,1.3999992529302);
#38=CYLINDRICAL_SURFACE('',#6689,1.39999925292519);
#39=CYLINDRICAL_SURFACE('',#6692,0.599999252925006);
#40=CYLINDRICAL_SURFACE('',#6695,1.39999925292521);
#41=CYLINDRICAL_SURFACE('',#6698,0.599999252924997);
#42=CYLINDRICAL_SURFACE('',#6701,1.3999992529252);
#43=CYLINDRICAL_SURFACE('',#6704,0.100001333574558);
#44=CYLINDRICAL_SURFACE('',#6706,0.900001333575002);
#45=CYLINDRICAL_SURFACE('',#6709,1.39999925292522);
#46=CYLINDRICAL_SURFACE('',#6712,0.599999252925006);
#47=CYLINDRICAL_SURFACE('',#6715,1.3999992529252);
#48=CYLINDRICAL_SURFACE('',#6717,0.599999252925006);
#49=CYLINDRICAL_SURFACE('',#6801,0.36000313088);
#50=CYLINDRICAL_SURFACE('',#6804,0.36000313088);
#51=CYLINDRICAL_SURFACE('',#6805,0.36000313088);
#52=CYLINDRICAL_SURFACE('',#6808,0.36000313088);
#53=CYLINDRICAL_SURFACE('',#6809,0.359999449958);
#54=CYLINDRICAL_SURFACE('',#6812,0.359999449958);
#55=CYLINDRICAL_SURFACE('',#6813,0.359999449958);
#56=CYLINDRICAL_SURFACE('',#6816,0.359999449958);
#57=CYLINDRICAL_SURFACE('',#6817,1.1);
#58=CYLINDRICAL_SURFACE('',#6818,0.360001506454);
#59=CYLINDRICAL_SURFACE('',#6821,0.360001506455);
#60=CYLINDRICAL_SURFACE('',#6822,0.360001506454);
#61=CYLINDRICAL_SURFACE('',#6825,0.360001506455);
#62=CYLINDRICAL_SURFACE('',#6826,0.360001506455);
#63=CYLINDRICAL_SURFACE('',#6829,0.360001506455);
#64=CYLINDRICAL_SURFACE('',#6830,0.360001506455);
#65=CYLINDRICAL_SURFACE('',#6833,0.360001506455);
#66=CYLINDRICAL_SURFACE('',#6834,0.360001506455);
#67=CYLINDRICAL_SURFACE('',#6837,0.360001506455);
#68=CYLINDRICAL_SURFACE('',#6838,0.360001506455);
#69=CYLINDRICAL_SURFACE('',#6841,0.360001506455);
#70=CYLINDRICAL_SURFACE('',#6842,0.360001506455);
#71=CYLINDRICAL_SURFACE('',#6845,0.360001506455);
#72=CYLINDRICAL_SURFACE('',#6846,0.360001506455);
#73=CYLINDRICAL_SURFACE('',#6849,0.360001506455);
#74=CYLINDRICAL_SURFACE('',#6850,0.360001506454);
#75=CYLINDRICAL_SURFACE('',#6853,0.360001506455);
#76=CYLINDRICAL_SURFACE('',#6854,0.360001506454);
#77=CYLINDRICAL_SURFACE('',#6857,0.360001506455);
#78=CYLINDRICAL_SURFACE('',#6858,0.360001506454);
#79=CYLINDRICAL_SURFACE('',#6861,0.360001506454);
#80=CYLINDRICAL_SURFACE('',#6862,0.360001506454);
#81=CYLINDRICAL_SURFACE('',#6865,0.360001506454);
#82=CYLINDRICAL_SURFACE('',#6866,0.360001506454);
#83=CYLINDRICAL_SURFACE('',#6869,0.360001506455);
#84=CYLINDRICAL_SURFACE('',#6870,0.360001506454);
#85=CYLINDRICAL_SURFACE('',#6873,0.360001506455);
#86=CYLINDRICAL_SURFACE('',#6874,0.360001506455);
#87=CYLINDRICAL_SURFACE('',#6877,0.360001506455);
#88=CYLINDRICAL_SURFACE('',#6878,0.360001506455);
#89=CYLINDRICAL_SURFACE('',#6881,0.360001506455);
#90=CYLINDRICAL_SURFACE('',#6882,1.1);
#91=CYLINDRICAL_SURFACE('',#6883,0.360001506455);
#92=CYLINDRICAL_SURFACE('',#6886,0.360001506455);
#93=CYLINDRICAL_SURFACE('',#6887,0.360001506454);
#94=CYLINDRICAL_SURFACE('',#6890,0.360001506455);
#95=CYLINDRICAL_SURFACE('',#6891,0.360001506455);
#96=CYLINDRICAL_SURFACE('',#6894,0.360001506455);
#97=CYLINDRICAL_SURFACE('',#6895,0.360001506455);
#98=CYLINDRICAL_SURFACE('',#6898,0.360001506455);
#99=CYLINDRICAL_SURFACE('',#6899,0.360001506455);
#100=CYLINDRICAL_SURFACE('',#6902,0.360001506455);
#101=CYLINDRICAL_SURFACE('',#6903,0.360001506455);
#102=CYLINDRICAL_SURFACE('',#6906,0.360001506455);
#103=CYLINDRICAL_SURFACE('',#6907,0.360001506455);
#104=CYLINDRICAL_SURFACE('',#6910,0.360001506455);
#105=CYLINDRICAL_SURFACE('',#6911,0.360001506455);
#106=CYLINDRICAL_SURFACE('',#6914,0.360001506455);
#107=CYLINDRICAL_SURFACE('',#6915,0.360001506454);
#108=CYLINDRICAL_SURFACE('',#6918,0.360001506455);
#109=CYLINDRICAL_SURFACE('',#6919,0.360001506454);
#110=CYLINDRICAL_SURFACE('',#6922,0.360001506455);
#111=CYLINDRICAL_SURFACE('',#6923,1.1);
#112=CYLINDRICAL_SURFACE('',#6924,0.360001506454);
#113=CYLINDRICAL_SURFACE('',#6927,0.360001506454);
#114=CYLINDRICAL_SURFACE('',#6928,0.360001506454);
#115=CYLINDRICAL_SURFACE('',#6931,0.360001506454);
#116=CYLINDRICAL_SURFACE('',#6932,1.1);
#117=CYLINDRICAL_SURFACE('',#6933,0.360001506455);
#118=CYLINDRICAL_SURFACE('',#6936,0.360001506455);
#119=CYLINDRICAL_SURFACE('',#6937,0.360001506455);
#120=CYLINDRICAL_SURFACE('',#6940,0.360001506455);
#121=CYLINDRICAL_SURFACE('',#6941,0.360001506455);
#122=CYLINDRICAL_SURFACE('',#6944,0.360001506455);
#123=CYLINDRICAL_SURFACE('',#6945,0.360001506455);
#124=CYLINDRICAL_SURFACE('',#6948,0.360001506455);
#125=CYLINDRICAL_SURFACE('',#6949,0.360001506455);
#126=CYLINDRICAL_SURFACE('',#6952,0.360001506455);
#127=CYLINDRICAL_SURFACE('',#6953,0.360001506454);
#128=CYLINDRICAL_SURFACE('',#6956,0.360001506455);
#129=CYLINDRICAL_SURFACE('',#7030,0.999999999999996);
#130=CYLINDRICAL_SURFACE('',#7033,0.999999999999994);
#131=CYLINDRICAL_SURFACE('',#7039,1.3999992529302);
#132=CYLINDRICAL_SURFACE('',#7042,0.599999252924997);
#133=CYLINDRICAL_SURFACE('',#7045,1.39999925293021);
#134=CYLINDRICAL_SURFACE('',#7048,0.599999252925);
#135=CYLINDRICAL_SURFACE('',#7051,1.3999992529302);
#136=CYLINDRICAL_SURFACE('',#7054,1.39999925292519);
#137=CYLINDRICAL_SURFACE('',#7057,0.599999252925006);
#138=CYLINDRICAL_SURFACE('',#7060,1.39999925292521);
#139=CYLINDRICAL_SURFACE('',#7063,0.599999252924997);
#140=CYLINDRICAL_SURFACE('',#7066,1.3999992529252);
#141=CYLINDRICAL_SURFACE('',#7069,0.100001333574558);
#142=CYLINDRICAL_SURFACE('',#7071,0.900001333575002);
#143=CYLINDRICAL_SURFACE('',#7074,1.39999925292522);
#144=CYLINDRICAL_SURFACE('',#7077,0.599999252925006);
#145=CYLINDRICAL_SURFACE('',#7080,1.3999992529252);
#146=CYLINDRICAL_SURFACE('',#7082,0.599999252925006);
#147=CYLINDRICAL_SURFACE('',#7084,1.39999925292523);
#148=CYLINDRICAL_SURFACE('',#7085,4.600003276822);
#149=CYLINDRICAL_SURFACE('',#7087,1.39999842918541);
#150=CYLINDRICAL_SURFACE('',#7089,1.400030788176);
#151=CYLINDRICAL_SURFACE('',#7092,1.4000166599527);
#152=CYLINDRICAL_SURFACE('',#7094,4.59999981922);
#153=CYLINDRICAL_SURFACE('',#7096,1.3999992529302);
#154=CYLINDRICAL_SURFACE('',#7097,0.599999252925);
#155=CYLINDRICAL_SURFACE('',#7101,0.0999992529249995);
#156=CYLINDRICAL_SURFACE('',#7102,1.89999925293014);
#157=CYLINDRICAL_SURFACE('',#7104,4.09999981922);
#158=CYLINDRICAL_SURFACE('',#7106,2.5);
#159=CYLINDRICAL_SURFACE('',#7109,2.99999999999998);
#160=CYLINDRICAL_SURFACE('',#7111,4.39999842918517);
#161=CYLINDRICAL_SURFACE('',#7113,1.600003276822);
#162=CYLINDRICAL_SURFACE('',#7115,4.39999925292509);
#163=CYLINDRICAL_SURFACE('',#7117,4.39999925292506);
#164=CYLINDRICAL_SURFACE('',#7120,4.39999925292508);
#165=CYLINDRICAL_SURFACE('',#7123,3.900001333575);
#166=CYLINDRICAL_SURFACE('',#7126,4.39999925292507);
#167=CYLINDRICAL_SURFACE('',#7130,4.39999925292507);
#168=CYLINDRICAL_SURFACE('',#7134,4.39999925292505);
#169=CYLINDRICAL_SURFACE('',#7137,4.39999925293007);
#170=CYLINDRICAL_SURFACE('',#7141,4.39999925293007);
#171=CYLINDRICAL_SURFACE('',#7145,4.39999925293007);
#172=FACE_BOUND('',#849,.T.);
#173=FACE_BOUND('',#850,.T.);
#174=FACE_BOUND('',#851,.T.);
#175=FACE_BOUND('',#852,.T.);
#176=FACE_BOUND('',#853,.T.);
#177=FACE_BOUND('',#854,.T.);
#178=FACE_BOUND('',#855,.T.);
#179=FACE_BOUND('',#856,.T.);
#180=FACE_BOUND('',#857,.T.);
#181=FACE_BOUND('',#858,.T.);
#182=FACE_BOUND('',#859,.T.);
#183=FACE_BOUND('',#860,.T.);
#184=FACE_BOUND('',#861,.T.);
#185=FACE_BOUND('',#862,.T.);
#186=FACE_BOUND('',#863,.T.);
#187=FACE_BOUND('',#864,.T.);
#188=FACE_BOUND('',#865,.T.);
#189=FACE_BOUND('',#866,.T.);
#190=FACE_BOUND('',#867,.T.);
#191=FACE_BOUND('',#868,.T.);
#192=FACE_BOUND('',#869,.T.);
#193=FACE_BOUND('',#870,.T.);
#194=FACE_BOUND('',#871,.T.);
#195=FACE_BOUND('',#872,.T.);
#196=FACE_BOUND('',#924,.T.);
#197=FACE_BOUND('',#925,.T.);
#198=FACE_BOUND('',#926,.T.);
#199=FACE_BOUND('',#927,.T.);
#200=FACE_BOUND('',#928,.T.);
#201=FACE_BOUND('',#929,.T.);
#202=FACE_BOUND('',#930,.T.);
#203=FACE_BOUND('',#931,.T.);
#204=FACE_BOUND('',#932,.T.);
#205=FACE_BOUND('',#933,.T.);
#206=FACE_BOUND('',#934,.T.);
#207=FACE_BOUND('',#935,.T.);
#208=FACE_BOUND('',#936,.T.);
#209=FACE_BOUND('',#937,.T.);
#210=FACE_BOUND('',#938,.T.);
#211=FACE_BOUND('',#939,.T.);
#212=FACE_BOUND('',#940,.T.);
#213=FACE_BOUND('',#941,.T.);
#214=FACE_BOUND('',#942,.T.);
#215=FACE_BOUND('',#943,.T.);
#216=FACE_BOUND('',#944,.T.);
#217=FACE_BOUND('',#945,.T.);
#218=FACE_BOUND('',#946,.T.);
#219=FACE_BOUND('',#947,.T.);
#220=FACE_BOUND('',#1185,.T.);
#221=CIRCLE('',#6538,0.599999252925006);
#222=CIRCLE('',#6539,1.3999992529252);
#223=CIRCLE('',#6540,0.599999252925006);
#224=CIRCLE('',#6541,1.39999925292522);
#225=CIRCLE('',#6542,0.900001333575002);
#226=CIRCLE('',#6543,0.100001333574558);
#227=CIRCLE('',#6544,1.3999992529252);
#228=CIRCLE('',#6545,0.599999252924997);
#229=CIRCLE('',#6546,1.39999925292521);
#230=CIRCLE('',#6547,0.599999252925006);
#231=CIRCLE('',#6548,1.39999925292519);
#232=CIRCLE('',#6549,1.3999992529302);
#233=CIRCLE('',#6550,0.599999252925);
#234=CIRCLE('',#6551,1.39999925293021);
#235=CIRCLE('',#6552,0.599999252924997);
#236=CIRCLE('',#6553,1.3999992529302);
#237=CIRCLE('',#6554,1.3999992529252);
#238=CIRCLE('',#6555,0.599999252924997);
#239=CIRCLE('',#6556,0.599999252925);
#240=CIRCLE('',#6557,1.3999992529302);
#241=CIRCLE('',#6558,4.59999981922);
#242=CIRCLE('',#6559,1.4000166599527);
#243=CIRCLE('',#6560,1.400030788176);
#244=CIRCLE('',#6561,1.39999842918541);
#245=CIRCLE('',#6562,4.600003276822);
#246=CIRCLE('',#6563,1.39999925292523);
#247=CIRCLE('',#6564,0.360001506455);
#248=CIRCLE('',#6565,0.360001506454);
#249=CIRCLE('',#6566,0.360001506455);
#250=CIRCLE('',#6567,0.360001506455);
#251=CIRCLE('',#6568,0.360001506455);
#252=CIRCLE('',#6569,0.360001506455);
#253=CIRCLE('',#6570,0.360001506455);
#254=CIRCLE('',#6571,0.360001506455);
#255=CIRCLE('',#6572,0.360001506455);
#256=CIRCLE('',#6573,0.360001506455);
#257=CIRCLE('',#6574,0.360001506455);
#258=CIRCLE('',#6575,0.360001506455);
#259=CIRCLE('',#6576,1.1);
#260=CIRCLE('',#6577,0.360001506454);
#261=CIRCLE('',#6578,0.360001506454);
#262=CIRCLE('',#6579,0.360001506454);
#263=CIRCLE('',#6580,0.360001506454);
#264=CIRCLE('',#6581,1.1);
#265=CIRCLE('',#6582,0.360001506454);
#266=CIRCLE('',#6583,0.360001506454);
#267=CIRCLE('',#6584,0.360001506455);
#268=CIRCLE('',#6585,0.360001506455);
#269=CIRCLE('',#6586,0.360001506455);
#270=CIRCLE('',#6587,0.360001506455);
#271=CIRCLE('',#6588,0.360001506455);
#272=CIRCLE('',#6589,0.360001506455);
#273=CIRCLE('',#6590,0.360001506455);
#274=CIRCLE('',#6591,0.360001506455);
#275=CIRCLE('',#6592,0.360001506455);
#276=CIRCLE('',#6593,0.360001506455);
#277=CIRCLE('',#6594,0.360001506455);
#278=CIRCLE('',#6595,0.360001506455);
#279=CIRCLE('',#6596,0.360001506455);
#280=CIRCLE('',#6597,0.360001506455);
#281=CIRCLE('',#6598,0.360001506455);
#282=CIRCLE('',#6599,0.360001506454);
#283=CIRCLE('',#6600,0.360001506455);
#284=CIRCLE('',#6601,0.360001506455);
#285=CIRCLE('',#6602,1.1);
#286=CIRCLE('',#6603,0.360001506455);
#287=CIRCLE('',#6604,0.360001506455);
#288=CIRCLE('',#6605,0.360001506455);
#289=CIRCLE('',#6606,0.360001506455);
#290=CIRCLE('',#6607,0.360001506454);
#291=CIRCLE('',#6608,0.360001506454);
#292=CIRCLE('',#6609,0.360001506455);
#293=CIRCLE('',#6610,0.360001506455);
#294=CIRCLE('',#6611,0.360001506454);
#295=CIRCLE('',#6612,0.360001506454);
#296=CIRCLE('',#6613,0.360001506454);
#297=CIRCLE('',#6614,0.360001506454);
#298=CIRCLE('',#6615,0.360001506454);
#299=CIRCLE('',#6616,0.360001506454);
#300=CIRCLE('',#6617,0.360001506455);
#301=CIRCLE('',#6618,0.360001506455);
#302=CIRCLE('',#6619,0.360001506455);
#303=CIRCLE('',#6620,0.360001506455);
#304=CIRCLE('',#6621,0.360001506455);
#305=CIRCLE('',#6622,0.360001506455);
#306=CIRCLE('',#6623,0.360001506455);
#307=CIRCLE('',#6624,0.360001506455);
#308=CIRCLE('',#6625,0.360001506455);
#309=CIRCLE('',#6626,0.360001506455);
#310=CIRCLE('',#6627,0.360001506455);
#311=CIRCLE('',#6628,0.360001506455);
#312=CIRCLE('',#6629,0.360001506455);
#313=CIRCLE('',#6630,0.360001506455);
#314=CIRCLE('',#6631,0.360001506454);
#315=CIRCLE('',#6632,0.360001506454);
#316=CIRCLE('',#6633,0.360001506455);
#317=CIRCLE('',#6634,0.360001506455);
#318=CIRCLE('',#6635,1.1);
#319=CIRCLE('',#6636,0.359999449958);
#320=CIRCLE('',#6637,0.359999449958);
#321=CIRCLE('',#6638,0.359999449958);
#322=CIRCLE('',#6639,0.359999449958);
#323=CIRCLE('',#6640,0.36000313088);
#324=CIRCLE('',#6641,0.36000313088);
#325=CIRCLE('',#6642,0.36000313088);
#326=CIRCLE('',#6643,0.36000313088);
#327=CIRCLE('',#6645,1.39999925292523);
#328=CIRCLE('',#6648,4.600003276822);
#329=CIRCLE('',#6651,1.39999842918541);
#330=CIRCLE('',#6654,1.400030788176);
#331=CIRCLE('',#6658,1.4000166599527);
#332=CIRCLE('',#6661,4.59999981922);
#333=CIRCLE('',#6664,1.3999992529302);
#334=CIRCLE('',#6666,0.599999252925);
#335=CIRCLE('',#6669,0.599999252924997);
#336=CIRCLE('',#6672,1.3999992529252);
#337=CIRCLE('',#6675,1.3999992529302);
#338=CIRCLE('',#6678,0.599999252924997);
#339=CIRCLE('',#6681,1.39999925293021);
#340=CIRCLE('',#6684,0.599999252925);
#341=CIRCLE('',#6687,1.3999992529302);
#342=CIRCLE('',#6690,1.39999925292519);
#343=CIRCLE('',#6693,0.599999252925006);
#344=CIRCLE('',#6696,1.39999925292521);
#345=CIRCLE('',#6699,0.599999252924997);
#346=CIRCLE('',#6702,1.3999992529252);
#347=CIRCLE('',#6705,0.100001333574558);
#348=CIRCLE('',#6707,0.900001333575002);
#349=CIRCLE('',#6710,1.39999925292522);
#350=CIRCLE('',#6713,0.599999252925006);
#351=CIRCLE('',#6716,1.3999992529252);
#352=CIRCLE('',#6718,0.599999252925006);
#353=CIRCLE('',#6721,0.360001506455);
#354=CIRCLE('',#6722,0.360001506455);
#355=CIRCLE('',#6723,0.360001506455);
#356=CIRCLE('',#6724,0.360001506454);
#357=CIRCLE('',#6725,0.360001506455);
#358=CIRCLE('',#6726,0.360001506455);
#359=CIRCLE('',#6727,0.360001506455);
#360=CIRCLE('',#6728,0.360001506455);
#361=CIRCLE('',#6729,0.360001506455);
#362=CIRCLE('',#6730,0.360001506455);
#363=CIRCLE('',#6731,0.360001506455);
#364=CIRCLE('',#6732,0.360001506455);
#365=CIRCLE('',#6733,1.1);
#366=CIRCLE('',#6734,0.360001506454);
#367=CIRCLE('',#6735,0.360001506454);
#368=CIRCLE('',#6736,0.360001506454);
#369=CIRCLE('',#6737,0.360001506454);
#370=CIRCLE('',#6738,1.1);
#371=CIRCLE('',#6739,0.360001506454);
#372=CIRCLE('',#6740,0.360001506455);
#373=CIRCLE('',#6741,0.360001506455);
#374=CIRCLE('',#6742,0.360001506454);
#375=CIRCLE('',#6743,0.360001506455);
#376=CIRCLE('',#6744,0.360001506455);
#377=CIRCLE('',#6745,0.360001506455);
#378=CIRCLE('',#6746,0.360001506455);
#379=CIRCLE('',#6747,0.360001506455);
#380=CIRCLE('',#6748,0.360001506455);
#381=CIRCLE('',#6749,0.360001506455);
#382=CIRCLE('',#6750,0.360001506455);
#383=CIRCLE('',#6751,0.360001506455);
#384=CIRCLE('',#6752,0.360001506455);
#385=CIRCLE('',#6753,0.360001506455);
#386=CIRCLE('',#6754,0.360001506455);
#387=CIRCLE('',#6755,0.360001506455);
#388=CIRCLE('',#6756,0.360001506455);
#389=CIRCLE('',#6757,0.360001506455);
#390=CIRCLE('',#6758,0.360001506454);
#391=CIRCLE('',#6759,1.1);
#392=CIRCLE('',#6760,0.360001506455);
#393=CIRCLE('',#6761,0.360001506455);
#394=CIRCLE('',#6762,0.360001506455);
#395=CIRCLE('',#6763,0.360001506455);
#396=CIRCLE('',#6764,0.360001506454);
#397=CIRCLE('',#6765,0.360001506455);
#398=CIRCLE('',#6766,0.360001506455);
#399=CIRCLE('',#6767,0.360001506454);
#400=CIRCLE('',#6768,0.360001506454);
#401=CIRCLE('',#6769,0.360001506454);
#402=CIRCLE('',#6770,0.360001506454);
#403=CIRCLE('',#6771,0.360001506454);
#404=CIRCLE('',#6772,0.360001506454);
#405=CIRCLE('',#6773,0.360001506455);
#406=CIRCLE('',#6774,0.360001506455);
#407=CIRCLE('',#6775,0.360001506454);
#408=CIRCLE('',#6776,0.360001506455);
#409=CIRCLE('',#6777,0.360001506455);
#410=CIRCLE('',#6778,0.360001506455);
#411=CIRCLE('',#6779,0.360001506455);
#412=CIRCLE('',#6780,0.360001506455);
#413=CIRCLE('',#6781,0.360001506455);
#414=CIRCLE('',#6782,0.360001506455);
#415=CIRCLE('',#6783,0.360001506455);
#416=CIRCLE('',#6784,0.360001506455);
#417=CIRCLE('',#6785,0.360001506455);
#418=CIRCLE('',#6786,0.360001506455);
#419=CIRCLE('',#6787,0.360001506455);
#420=CIRCLE('',#6788,0.360001506454);
#421=CIRCLE('',#6789,0.360001506455);
#422=CIRCLE('',#6790,0.360001506455);
#423=CIRCLE('',#6791,0.360001506454);
#424=CIRCLE('',#6792,1.1);
#425=CIRCLE('',#6793,0.359999449958);
#426=CIRCLE('',#6794,0.359999449958);
#427=CIRCLE('',#6795,0.359999449958);
#428=CIRCLE('',#6796,0.359999449958);
#429=CIRCLE('',#6797,0.36000313088);
#430=CIRCLE('',#6798,0.36000313088);
#431=CIRCLE('',#6799,0.36000313088);
#432=CIRCLE('',#6800,0.36000313088);
#433=CIRCLE('',#6966,0.999999999999994);
#434=CIRCLE('',#6967,0.999999999999996);
#435=CIRCLE('',#6969,4.600003276822);
#436=CIRCLE('',#6970,1.39999842918541);
#437=CIRCLE('',#6971,1.400030788176);
#438=CIRCLE('',#6972,1.4000166599527);
#439=CIRCLE('',#6973,4.59999981922);
#440=CIRCLE('',#6974,1.3999992529302);
#441=CIRCLE('',#6975,0.599999252925);
#442=CIRCLE('',#6976,0.0999992529249995);
#443=CIRCLE('',#6977,1.89999925293014);
#444=CIRCLE('',#6978,4.09999981922);
#445=CIRCLE('',#6979,2.5);
#446=CIRCLE('',#6980,2.99999999999998);
#447=CIRCLE('',#6981,4.39999842918517);
#448=CIRCLE('',#6982,1.600003276822);
#449=CIRCLE('',#6983,4.39999925292509);
#450=CIRCLE('',#6984,4.39999925292506);
#451=CIRCLE('',#6985,4.39999925292508);
#452=CIRCLE('',#6986,3.900001333575);
#453=CIRCLE('',#6987,4.39999925292507);
#454=CIRCLE('',#6988,4.39999925292507);
#455=CIRCLE('',#6989,4.39999925292505);
#456=CIRCLE('',#6990,4.39999925293007);
#457=CIRCLE('',#6991,4.39999925293007);
#458=CIRCLE('',#6992,4.39999925293007);
#459=CIRCLE('',#6993,1.3999992529302);
#460=CIRCLE('',#6994,0.599999252924997);
#461=CIRCLE('',#6995,1.39999925293021);
#462=CIRCLE('',#6996,0.599999252925);
#463=CIRCLE('',#6997,1.3999992529302);
#464=CIRCLE('',#6998,1.39999925292519);
#465=CIRCLE('',#6999,0.599999252925006);
#466=CIRCLE('',#7000,1.39999925292521);
#467=CIRCLE('',#7001,0.599999252924997);
#468=CIRCLE('',#7002,1.3999992529252);
#469=CIRCLE('',#7003,0.100001333574558);
#470=CIRCLE('',#7004,0.900001333575002);
#471=CIRCLE('',#7005,1.39999925292522);
#472=CIRCLE('',#7006,0.599999252925006);
#473=CIRCLE('',#7007,1.3999992529252);
#474=CIRCLE('',#7008,0.599999252925006);
#475=CIRCLE('',#7009,1.39999925292523);
#476=CIRCLE('',#7013,4.39999925292509);
#477=CIRCLE('',#7014,1.600003276822);
#478=CIRCLE('',#7015,4.39999842918517);
#479=CIRCLE('',#7016,2.99999999999998);
#480=CIRCLE('',#7017,2.5);
#481=CIRCLE('',#7018,4.09999981922);
#482=CIRCLE('',#7019,1.89999925293014);
#483=CIRCLE('',#7020,0.0999992529249995);
#484=CIRCLE('',#7021,0.599999252925);
#485=CIRCLE('',#7022,1.3999992529302);
#486=CIRCLE('',#7023,4.59999981922);
#487=CIRCLE('',#7024,1.4000166599527);
#488=CIRCLE('',#7025,1.400030788176);
#489=CIRCLE('',#7026,1.39999842918541);
#490=CIRCLE('',#7027,4.600003276822);
#491=CIRCLE('',#7028,1.39999925292523);
#492=CIRCLE('',#7031,0.999999999999996);
#493=CIRCLE('',#7034,0.999999999999994);
#494=CIRCLE('',#7040,1.3999992529302);
#495=CIRCLE('',#7043,0.599999252924997);
#496=CIRCLE('',#7046,1.39999925293021);
#497=CIRCLE('',#7049,0.599999252925);
#498=CIRCLE('',#7052,1.3999992529302);
#499=CIRCLE('',#7055,1.39999925292519);
#500=CIRCLE('',#7058,0.599999252925006);
#501=CIRCLE('',#7061,1.39999925292521);
#502=CIRCLE('',#7064,0.599999252924997);
#503=CIRCLE('',#7067,1.3999992529252);
#504=CIRCLE('',#7070,0.100001333574558);
#505=CIRCLE('',#7072,0.900001333575002);
#506=CIRCLE('',#7075,1.39999925292522);
#507=CIRCLE('',#7078,0.599999252925006);
#508=CIRCLE('',#7081,1.3999992529252);
#509=CIRCLE('',#7083,0.599999252925006);
#510=CIRCLE('',#7118,4.39999925292506);
#511=CIRCLE('',#7121,4.39999925292508);
#512=CIRCLE('',#7124,3.900001333575);
#513=CIRCLE('',#7127,4.39999925292507);
#514=CIRCLE('',#7131,4.39999925292507);
#515=CIRCLE('',#7135,4.39999925292505);
#516=CIRCLE('',#7138,4.39999925293007);
#517=CIRCLE('',#7142,4.39999925293007);
#518=CIRCLE('',#7146,4.39999925293007);
#519=FACE_OUTER_BOUND('',#840,.T.);
#520=FACE_OUTER_BOUND('',#841,.T.);
#521=FACE_OUTER_BOUND('',#842,.T.);
#522=FACE_OUTER_BOUND('',#843,.T.);
#523=FACE_OUTER_BOUND('',#844,.T.);
#524=FACE_OUTER_BOUND('',#845,.T.);
#525=FACE_OUTER_BOUND('',#846,.T.);
#526=FACE_OUTER_BOUND('',#847,.T.);
#527=FACE_OUTER_BOUND('',#848,.T.);
#528=FACE_OUTER_BOUND('',#873,.T.);
#529=FACE_OUTER_BOUND('',#874,.T.);
#530=FACE_OUTER_BOUND('',#875,.T.);
#531=FACE_OUTER_BOUND('',#876,.T.);
#532=FACE_OUTER_BOUND('',#877,.T.);
#533=FACE_OUTER_BOUND('',#878,.T.);
#534=FACE_OUTER_BOUND('',#879,.T.);
#535=FACE_OUTER_BOUND('',#880,.T.);
#536=FACE_OUTER_BOUND('',#881,.T.);
#537=FACE_OUTER_BOUND('',#882,.T.);
#538=FACE_OUTER_BOUND('',#883,.T.);
#539=FACE_OUTER_BOUND('',#884,.T.);
#540=FACE_OUTER_BOUND('',#885,.T.);
#541=FACE_OUTER_BOUND('',#886,.T.);
#542=FACE_OUTER_BOUND('',#887,.T.);
#543=FACE_OUTER_BOUND('',#888,.T.);
#544=FACE_OUTER_BOUND('',#889,.T.);
#545=FACE_OUTER_BOUND('',#890,.T.);
#546=FACE_OUTER_BOUND('',#891,.T.);
#547=FACE_OUTER_BOUND('',#892,.T.);
#548=FACE_OUTER_BOUND('',#893,.T.);
#549=FACE_OUTER_BOUND('',#894,.T.);
#550=FACE_OUTER_BOUND('',#895,.T.);
#551=FACE_OUTER_BOUND('',#896,.T.);
#552=FACE_OUTER_BOUND('',#897,.T.);
#553=FACE_OUTER_BOUND('',#898,.T.);
#554=FACE_OUTER_BOUND('',#899,.T.);
#555=FACE_OUTER_BOUND('',#900,.T.);
#556=FACE_OUTER_BOUND('',#901,.T.);
#557=FACE_OUTER_BOUND('',#902,.T.);
#558=FACE_OUTER_BOUND('',#903,.T.);
#559=FACE_OUTER_BOUND('',#904,.T.);
#560=FACE_OUTER_BOUND('',#905,.T.);
#561=FACE_OUTER_BOUND('',#906,.T.);
#562=FACE_OUTER_BOUND('',#907,.T.);
#563=FACE_OUTER_BOUND('',#908,.T.);
#564=FACE_OUTER_BOUND('',#909,.T.);
#565=FACE_OUTER_BOUND('',#910,.T.);
#566=FACE_OUTER_BOUND('',#911,.T.);
#567=FACE_OUTER_BOUND('',#912,.T.);
#568=FACE_OUTER_BOUND('',#913,.T.);
#569=FACE_OUTER_BOUND('',#914,.T.);
#570=FACE_OUTER_BOUND('',#915,.T.);
#571=FACE_OUTER_BOUND('',#916,.T.);
#572=FACE_OUTER_BOUND('',#917,.T.);
#573=FACE_OUTER_BOUND('',#918,.T.);
#574=FACE_OUTER_BOUND('',#919,.T.);
#575=FACE_OUTER_BOUND('',#920,.T.);
#576=FACE_OUTER_BOUND('',#921,.T.);
#577=FACE_OUTER_BOUND('',#922,.T.);
#578=FACE_OUTER_BOUND('',#923,.T.);
#579=FACE_OUTER_BOUND('',#948,.T.);
#580=FACE_OUTER_BOUND('',#949,.T.);
#581=FACE_OUTER_BOUND('',#950,.T.);
#582=FACE_OUTER_BOUND('',#951,.T.);
#583=FACE_OUTER_BOUND('',#952,.T.);
#584=FACE_OUTER_BOUND('',#953,.T.);
#585=FACE_OUTER_BOUND('',#954,.T.);
#586=FACE_OUTER_BOUND('',#955,.T.);
#587=FACE_OUTER_BOUND('',#956,.T.);
#588=FACE_OUTER_BOUND('',#957,.T.);
#589=FACE_OUTER_BOUND('',#958,.T.);
#590=FACE_OUTER_BOUND('',#959,.T.);
#591=FACE_OUTER_BOUND('',#960,.T.);
#592=FACE_OUTER_BOUND('',#961,.T.);
#593=FACE_OUTER_BOUND('',#962,.T.);
#594=FACE_OUTER_BOUND('',#963,.T.);
#595=FACE_OUTER_BOUND('',#964,.T.);
#596=FACE_OUTER_BOUND('',#965,.T.);
#597=FACE_OUTER_BOUND('',#966,.T.);
#598=FACE_OUTER_BOUND('',#967,.T.);
#599=FACE_OUTER_BOUND('',#968,.T.);
#600=FACE_OUTER_BOUND('',#969,.T.);
#601=FACE_OUTER_BOUND('',#970,.T.);
#602=FACE_OUTER_BOUND('',#971,.T.);
#603=FACE_OUTER_BOUND('',#972,.T.);
#604=FACE_OUTER_BOUND('',#973,.T.);
#605=FACE_OUTER_BOUND('',#974,.T.);
#606=FACE_OUTER_BOUND('',#975,.T.);
#607=FACE_OUTER_BOUND('',#976,.T.);
#608=FACE_OUTER_BOUND('',#977,.T.);
#609=FACE_OUTER_BOUND('',#978,.T.);
#610=FACE_OUTER_BOUND('',#979,.T.);
#611=FACE_OUTER_BOUND('',#980,.T.);
#612=FACE_OUTER_BOUND('',#981,.T.);
#613=FACE_OUTER_BOUND('',#982,.T.);
#614=FACE_OUTER_BOUND('',#983,.T.);
#615=FACE_OUTER_BOUND('',#984,.T.);
#616=FACE_OUTER_BOUND('',#985,.T.);
#617=FACE_OUTER_BOUND('',#986,.T.);
#618=FACE_OUTER_BOUND('',#987,.T.);
#619=FACE_OUTER_BOUND('',#988,.T.);
#620=FACE_OUTER_BOUND('',#989,.T.);
#621=FACE_OUTER_BOUND('',#990,.T.);
#622=FACE_OUTER_BOUND('',#991,.T.);
#623=FACE_OUTER_BOUND('',#992,.T.);
#624=FACE_OUTER_BOUND('',#993,.T.);
#625=FACE_OUTER_BOUND('',#994,.T.);
#626=FACE_OUTER_BOUND('',#995,.T.);
#627=FACE_OUTER_BOUND('',#996,.T.);
#628=FACE_OUTER_BOUND('',#997,.T.);
#629=FACE_OUTER_BOUND('',#998,.T.);
#630=FACE_OUTER_BOUND('',#999,.T.);
#631=FACE_OUTER_BOUND('',#1000,.T.);
#632=FACE_OUTER_BOUND('',#1001,.T.);
#633=FACE_OUTER_BOUND('',#1002,.T.);
#634=FACE_OUTER_BOUND('',#1003,.T.);
#635=FACE_OUTER_BOUND('',#1004,.T.);
#636=FACE_OUTER_BOUND('',#1005,.T.);
#637=FACE_OUTER_BOUND('',#1006,.T.);
#638=FACE_OUTER_BOUND('',#1007,.T.);
#639=FACE_OUTER_BOUND('',#1008,.T.);
#640=FACE_OUTER_BOUND('',#1009,.T.);
#641=FACE_OUTER_BOUND('',#1010,.T.);
#642=FACE_OUTER_BOUND('',#1011,.T.);
#643=FACE_OUTER_BOUND('',#1012,.T.);
#644=FACE_OUTER_BOUND('',#1013,.T.);
#645=FACE_OUTER_BOUND('',#1014,.T.);
#646=FACE_OUTER_BOUND('',#1015,.T.);
#647=FACE_OUTER_BOUND('',#1016,.T.);
#648=FACE_OUTER_BOUND('',#1017,.T.);
#649=FACE_OUTER_BOUND('',#1018,.T.);
#650=FACE_OUTER_BOUND('',#1019,.T.);
#651=FACE_OUTER_BOUND('',#1020,.T.);
#652=FACE_OUTER_BOUND('',#1021,.T.);
#653=FACE_OUTER_BOUND('',#1022,.T.);
#654=FACE_OUTER_BOUND('',#1023,.T.);
#655=FACE_OUTER_BOUND('',#1024,.T.);
#656=FACE_OUTER_BOUND('',#1025,.T.);
#657=FACE_OUTER_BOUND('',#1026,.T.);
#658=FACE_OUTER_BOUND('',#1027,.T.);
#659=FACE_OUTER_BOUND('',#1028,.T.);
#660=FACE_OUTER_BOUND('',#1029,.T.);
#661=FACE_OUTER_BOUND('',#1030,.T.);
#662=FACE_OUTER_BOUND('',#1031,.T.);
#663=FACE_OUTER_BOUND('',#1032,.T.);
#664=FACE_OUTER_BOUND('',#1033,.T.);
#665=FACE_OUTER_BOUND('',#1034,.T.);
#666=FACE_OUTER_BOUND('',#1035,.T.);
#667=FACE_OUTER_BOUND('',#1036,.T.);
#668=FACE_OUTER_BOUND('',#1037,.T.);
#669=FACE_OUTER_BOUND('',#1038,.T.);
#670=FACE_OUTER_BOUND('',#1039,.T.);
#671=FACE_OUTER_BOUND('',#1040,.T.);
#672=FACE_OUTER_BOUND('',#1041,.T.);
#673=FACE_OUTER_BOUND('',#1042,.T.);
#674=FACE_OUTER_BOUND('',#1043,.T.);
#675=FACE_OUTER_BOUND('',#1044,.T.);
#676=FACE_OUTER_BOUND('',#1045,.T.);
#677=FACE_OUTER_BOUND('',#1046,.T.);
#678=FACE_OUTER_BOUND('',#1047,.T.);
#679=FACE_OUTER_BOUND('',#1048,.T.);
#680=FACE_OUTER_BOUND('',#1049,.T.);
#681=FACE_OUTER_BOUND('',#1050,.T.);
#682=FACE_OUTER_BOUND('',#1051,.T.);
#683=FACE_OUTER_BOUND('',#1052,.T.);
#684=FACE_OUTER_BOUND('',#1053,.T.);
#685=FACE_OUTER_BOUND('',#1054,.T.);
#686=FACE_OUTER_BOUND('',#1055,.T.);
#687=FACE_OUTER_BOUND('',#1056,.T.);
#688=FACE_OUTER_BOUND('',#1057,.T.);
#689=FACE_OUTER_BOUND('',#1058,.T.);
#690=FACE_OUTER_BOUND('',#1059,.T.);
#691=FACE_OUTER_BOUND('',#1060,.T.);
#692=FACE_OUTER_BOUND('',#1061,.T.);
#693=FACE_OUTER_BOUND('',#1062,.T.);
#694=FACE_OUTER_BOUND('',#1063,.T.);
#695=FACE_OUTER_BOUND('',#1064,.T.);
#696=FACE_OUTER_BOUND('',#1065,.T.);
#697=FACE_OUTER_BOUND('',#1066,.T.);
#698=FACE_OUTER_BOUND('',#1067,.T.);
#699=FACE_OUTER_BOUND('',#1068,.T.);
#700=FACE_OUTER_BOUND('',#1069,.T.);
#701=FACE_OUTER_BOUND('',#1070,.T.);
#702=FACE_OUTER_BOUND('',#1071,.T.);
#703=FACE_OUTER_BOUND('',#1072,.T.);
#704=FACE_OUTER_BOUND('',#1073,.T.);
#705=FACE_OUTER_BOUND('',#1074,.T.);
#706=FACE_OUTER_BOUND('',#1075,.T.);
#707=FACE_OUTER_BOUND('',#1076,.T.);
#708=FACE_OUTER_BOUND('',#1077,.T.);
#709=FACE_OUTER_BOUND('',#1078,.T.);
#710=FACE_OUTER_BOUND('',#1079,.T.);
#711=FACE_OUTER_BOUND('',#1080,.T.);
#712=FACE_OUTER_BOUND('',#1081,.T.);
#713=FACE_OUTER_BOUND('',#1082,.T.);
#714=FACE_OUTER_BOUND('',#1083,.T.);
#715=FACE_OUTER_BOUND('',#1084,.T.);
#716=FACE_OUTER_BOUND('',#1085,.T.);
#717=FACE_OUTER_BOUND('',#1086,.T.);
#718=FACE_OUTER_BOUND('',#1087,.T.);
#719=FACE_OUTER_BOUND('',#1088,.T.);
#720=FACE_OUTER_BOUND('',#1089,.T.);
#721=FACE_OUTER_BOUND('',#1090,.T.);
#722=FACE_OUTER_BOUND('',#1091,.T.);
#723=FACE_OUTER_BOUND('',#1092,.T.);
#724=FACE_OUTER_BOUND('',#1093,.T.);
#725=FACE_OUTER_BOUND('',#1094,.T.);
#726=FACE_OUTER_BOUND('',#1095,.T.);
#727=FACE_OUTER_BOUND('',#1096,.T.);
#728=FACE_OUTER_BOUND('',#1097,.T.);
#729=FACE_OUTER_BOUND('',#1098,.T.);
#730=FACE_OUTER_BOUND('',#1099,.T.);
#731=FACE_OUTER_BOUND('',#1100,.T.);
#732=FACE_OUTER_BOUND('',#1101,.T.);
#733=FACE_OUTER_BOUND('',#1102,.T.);
#734=FACE_OUTER_BOUND('',#1103,.T.);
#735=FACE_OUTER_BOUND('',#1104,.T.);
#736=FACE_OUTER_BOUND('',#1105,.T.);
#737=FACE_OUTER_BOUND('',#1106,.T.);
#738=FACE_OUTER_BOUND('',#1107,.T.);
#739=FACE_OUTER_BOUND('',#1108,.T.);
#740=FACE_OUTER_BOUND('',#1109,.T.);
#741=FACE_OUTER_BOUND('',#1110,.T.);
#742=FACE_OUTER_BOUND('',#1111,.T.);
#743=FACE_OUTER_BOUND('',#1112,.T.);
#744=FACE_OUTER_BOUND('',#1113,.T.);
#745=FACE_OUTER_BOUND('',#1114,.T.);
#746=FACE_OUTER_BOUND('',#1115,.T.);
#747=FACE_OUTER_BOUND('',#1116,.T.);
#748=FACE_OUTER_BOUND('',#1117,.T.);
#749=FACE_OUTER_BOUND('',#1118,.T.);
#750=FACE_OUTER_BOUND('',#1119,.T.);
#751=FACE_OUTER_BOUND('',#1120,.T.);
#752=FACE_OUTER_BOUND('',#1121,.T.);
#753=FACE_OUTER_BOUND('',#1122,.T.);
#754=FACE_OUTER_BOUND('',#1123,.T.);
#755=FACE_OUTER_BOUND('',#1124,.T.);
#756=FACE_OUTER_BOUND('',#1125,.T.);
#757=FACE_OUTER_BOUND('',#1126,.T.);
#758=FACE_OUTER_BOUND('',#1127,.T.);
#759=FACE_OUTER_BOUND('',#1128,.T.);
#760=FACE_OUTER_BOUND('',#1129,.T.);
#761=FACE_OUTER_BOUND('',#1130,.T.);
#762=FACE_OUTER_BOUND('',#1131,.T.);
#763=FACE_OUTER_BOUND('',#1132,.T.);
#764=FACE_OUTER_BOUND('',#1133,.T.);
#765=FACE_OUTER_BOUND('',#1134,.T.);
#766=FACE_OUTER_BOUND('',#1135,.T.);
#767=FACE_OUTER_BOUND('',#1136,.T.);
#768=FACE_OUTER_BOUND('',#1137,.T.);
#769=FACE_OUTER_BOUND('',#1138,.T.);
#770=FACE_OUTER_BOUND('',#1139,.T.);
#771=FACE_OUTER_BOUND('',#1140,.T.);
#772=FACE_OUTER_BOUND('',#1141,.T.);
#773=FACE_OUTER_BOUND('',#1142,.T.);
#774=FACE_OUTER_BOUND('',#1143,.T.);
#775=FACE_OUTER_BOUND('',#1144,.T.);
#776=FACE_OUTER_BOUND('',#1145,.T.);
#777=FACE_OUTER_BOUND('',#1146,.T.);
#778=FACE_OUTER_BOUND('',#1147,.T.);
#779=FACE_OUTER_BOUND('',#1148,.T.);
#780=FACE_OUTER_BOUND('',#1149,.T.);
#781=FACE_OUTER_BOUND('',#1150,.T.);
#782=FACE_OUTER_BOUND('',#1151,.T.);
#783=FACE_OUTER_BOUND('',#1152,.T.);
#784=FACE_OUTER_BOUND('',#1153,.T.);
#785=FACE_OUTER_BOUND('',#1154,.T.);
#786=FACE_OUTER_BOUND('',#1155,.T.);
#787=FACE_OUTER_BOUND('',#1156,.T.);
#788=FACE_OUTER_BOUND('',#1157,.T.);
#789=FACE_OUTER_BOUND('',#1158,.T.);
#790=FACE_OUTER_BOUND('',#1159,.T.);
#791=FACE_OUTER_BOUND('',#1160,.T.);
#792=FACE_OUTER_BOUND('',#1161,.T.);
#793=FACE_OUTER_BOUND('',#1162,.T.);
#794=FACE_OUTER_BOUND('',#1163,.T.);
#795=FACE_OUTER_BOUND('',#1164,.T.);
#796=FACE_OUTER_BOUND('',#1165,.T.);
#797=FACE_OUTER_BOUND('',#1166,.T.);
#798=FACE_OUTER_BOUND('',#1167,.T.);
#799=FACE_OUTER_BOUND('',#1168,.T.);
#800=FACE_OUTER_BOUND('',#1169,.T.);
#801=FACE_OUTER_BOUND('',#1170,.T.);
#802=FACE_OUTER_BOUND('',#1171,.T.);
#803=FACE_OUTER_BOUND('',#1172,.T.);
#804=FACE_OUTER_BOUND('',#1173,.T.);
#805=FACE_OUTER_BOUND('',#1174,.T.);
#806=FACE_OUTER_BOUND('',#1175,.T.);
#807=FACE_OUTER_BOUND('',#1176,.T.);
#808=FACE_OUTER_BOUND('',#1177,.T.);
#809=FACE_OUTER_BOUND('',#1178,.T.);
#810=FACE_OUTER_BOUND('',#1179,.T.);
#811=FACE_OUTER_BOUND('',#1180,.T.);
#812=FACE_OUTER_BOUND('',#1181,.T.);
#813=FACE_OUTER_BOUND('',#1182,.T.);
#814=FACE_OUTER_BOUND('',#1183,.T.);
#815=FACE_OUTER_BOUND('',#1184,.T.);
#816=FACE_OUTER_BOUND('',#1186,.T.);
#817=FACE_OUTER_BOUND('',#1187,.T.);
#818=FACE_OUTER_BOUND('',#1188,.T.);
#819=FACE_OUTER_BOUND('',#1189,.T.);
#820=FACE_OUTER_BOUND('',#1190,.T.);
#821=FACE_OUTER_BOUND('',#1191,.T.);
#822=FACE_OUTER_BOUND('',#1192,.T.);
#823=FACE_OUTER_BOUND('',#1193,.T.);
#824=FACE_OUTER_BOUND('',#1194,.T.);
#825=FACE_OUTER_BOUND('',#1195,.T.);
#826=FACE_OUTER_BOUND('',#1196,.T.);
#827=FACE_OUTER_BOUND('',#1197,.T.);
#828=FACE_OUTER_BOUND('',#1198,.T.);
#829=FACE_OUTER_BOUND('',#1199,.T.);
#830=FACE_OUTER_BOUND('',#1200,.T.);
#831=FACE_OUTER_BOUND('',#1201,.T.);
#832=FACE_OUTER_BOUND('',#1202,.T.);
#833=FACE_OUTER_BOUND('',#1203,.T.);
#834=FACE_OUTER_BOUND('',#1204,.T.);
#835=FACE_OUTER_BOUND('',#1205,.T.);
#836=FACE_OUTER_BOUND('',#1206,.T.);
#837=FACE_OUTER_BOUND('',#1207,.T.);
#838=FACE_OUTER_BOUND('',#1208,.T.);
#839=FACE_OUTER_BOUND('',#1209,.T.);
#840=EDGE_LOOP('',(#4112,#4113,#4114,#4115));
#841=EDGE_LOOP('',(#4116,#4117,#4118,#4119));
#842=EDGE_LOOP('',(#4120,#4121,#4122,#4123));
#843=EDGE_LOOP('',(#4124,#4125,#4126,#4127));
#844=EDGE_LOOP('',(#4128,#4129,#4130,#4131));
#845=EDGE_LOOP('',(#4132,#4133,#4134,#4135));
#846=EDGE_LOOP('',(#4136,#4137,#4138,#4139));
#847=EDGE_LOOP('',(#4140,#4141,#4142,#4143));
#848=EDGE_LOOP('',(#4144,#4145,#4146,#4147,#4148,#4149,#4150,#4151,#4152,
#4153,#4154,#4155,#4156,#4157,#4158,#4159,#4160,#4161,#4162,#4163,#4164,
#4165,#4166,#4167,#4168,#4169,#4170,#4171,#4172,#4173,#4174,#4175,#4176,
#4177,#4178,#4179,#4180,#4181,#4182,#4183,#4184,#4185,#4186,#4187,#4188,
#4189,#4190,#4191,#4192,#4193,#4194,#4195,#4196,#4197));
#849=EDGE_LOOP('',(#4198,#4199,#4200,#4201,#4202,#4203,#4204,#4205));
#850=EDGE_LOOP('',(#4206,#4207,#4208,#4209,#4210,#4211,#4212,#4213));
#851=EDGE_LOOP('',(#4214,#4215,#4216,#4217,#4218,#4219,#4220,#4221));
#852=EDGE_LOOP('',(#4222));
#853=EDGE_LOOP('',(#4223,#4224,#4225,#4226,#4227,#4228,#4229,#4230));
#854=EDGE_LOOP('',(#4231));
#855=EDGE_LOOP('',(#4232,#4233,#4234,#4235,#4236,#4237,#4238,#4239));
#856=EDGE_LOOP('',(#4240,#4241,#4242,#4243,#4244,#4245,#4246,#4247));
#857=EDGE_LOOP('',(#4248,#4249,#4250,#4251,#4252,#4253,#4254,#4255));
#858=EDGE_LOOP('',(#4256,#4257,#4258,#4259,#4260,#4261,#4262,#4263));
#859=EDGE_LOOP('',(#4264,#4265,#4266,#4267,#4268,#4269,#4270,#4271));
#860=EDGE_LOOP('',(#4272));
#861=EDGE_LOOP('',(#4273,#4274,#4275,#4276,#4277,#4278,#4279,#4280));
#862=EDGE_LOOP('',(#4281,#4282,#4283,#4284,#4285,#4286,#4287,#4288));
#863=EDGE_LOOP('',(#4289,#4290,#4291,#4292,#4293,#4294,#4295,#4296));
#864=EDGE_LOOP('',(#4297,#4298,#4299,#4300,#4301,#4302,#4303,#4304));
#865=EDGE_LOOP('',(#4305,#4306,#4307,#4308,#4309,#4310,#4311,#4312));
#866=EDGE_LOOP('',(#4313,#4314,#4315,#4316,#4317,#4318,#4319,#4320));
#867=EDGE_LOOP('',(#4321,#4322,#4323,#4324,#4325,#4326,#4327,#4328));
#868=EDGE_LOOP('',(#4329,#4330,#4331,#4332,#4333,#4334,#4335,#4336));
#869=EDGE_LOOP('',(#4337));
#870=EDGE_LOOP('',(#4338,#4339,#4340,#4341,#4342,#4343,#4344,#4345));
#871=EDGE_LOOP('',(#4346,#4347,#4348,#4349,#4350,#4351,#4352,#4353));
#872=EDGE_LOOP('',(#4354,#4355,#4356,#4357));
#873=EDGE_LOOP('',(#4358,#4359,#4360,#4361));
#874=EDGE_LOOP('',(#4362,#4363,#4364,#4365));
#875=EDGE_LOOP('',(#4366,#4367,#4368,#4369));
#876=EDGE_LOOP('',(#4370,#4371,#4372,#4373));
#877=EDGE_LOOP('',(#4374,#4375,#4376,#4377));
#878=EDGE_LOOP('',(#4378,#4379,#4380,#4381));
#879=EDGE_LOOP('',(#4382,#4383,#4384,#4385));
#880=EDGE_LOOP('',(#4386,#4387,#4388,#4389));
#881=EDGE_LOOP('',(#4390,#4391,#4392,#4393));
#882=EDGE_LOOP('',(#4394,#4395,#4396,#4397));
#883=EDGE_LOOP('',(#4398,#4399,#4400,#4401));
#884=EDGE_LOOP('',(#4402,#4403,#4404,#4405));
#885=EDGE_LOOP('',(#4406,#4407,#4408,#4409));
#886=EDGE_LOOP('',(#4410,#4411,#4412,#4413));
#887=EDGE_LOOP('',(#4414,#4415,#4416,#4417));
#888=EDGE_LOOP('',(#4418,#4419,#4420,#4421));
#889=EDGE_LOOP('',(#4422,#4423,#4424,#4425));
#890=EDGE_LOOP('',(#4426,#4427,#4428,#4429));
#891=EDGE_LOOP('',(#4430,#4431,#4432,#4433));
#892=EDGE_LOOP('',(#4434,#4435,#4436,#4437));
#893=EDGE_LOOP('',(#4438,#4439,#4440,#4441));
#894=EDGE_LOOP('',(#4442,#4443,#4444,#4445));
#895=EDGE_LOOP('',(#4446,#4447,#4448,#4449));
#896=EDGE_LOOP('',(#4450,#4451,#4452,#4453));
#897=EDGE_LOOP('',(#4454,#4455,#4456,#4457));
#898=EDGE_LOOP('',(#4458,#4459,#4460,#4461));
#899=EDGE_LOOP('',(#4462,#4463,#4464,#4465));
#900=EDGE_LOOP('',(#4466,#4467,#4468,#4469));
#901=EDGE_LOOP('',(#4470,#4471,#4472,#4473));
#902=EDGE_LOOP('',(#4474,#4475,#4476,#4477));
#903=EDGE_LOOP('',(#4478,#4479,#4480,#4481));
#904=EDGE_LOOP('',(#4482,#4483,#4484,#4485));
#905=EDGE_LOOP('',(#4486,#4487,#4488,#4489));
#906=EDGE_LOOP('',(#4490,#4491,#4492,#4493));
#907=EDGE_LOOP('',(#4494,#4495,#4496,#4497));
#908=EDGE_LOOP('',(#4498,#4499,#4500,#4501));
#909=EDGE_LOOP('',(#4502,#4503,#4504,#4505));
#910=EDGE_LOOP('',(#4506,#4507,#4508,#4509));
#911=EDGE_LOOP('',(#4510,#4511,#4512,#4513));
#912=EDGE_LOOP('',(#4514,#4515,#4516,#4517));
#913=EDGE_LOOP('',(#4518,#4519,#4520,#4521));
#914=EDGE_LOOP('',(#4522,#4523,#4524,#4525));
#915=EDGE_LOOP('',(#4526,#4527,#4528,#4529));
#916=EDGE_LOOP('',(#4530,#4531,#4532,#4533));
#917=EDGE_LOOP('',(#4534,#4535,#4536,#4537));
#918=EDGE_LOOP('',(#4538,#4539,#4540,#4541));
#919=EDGE_LOOP('',(#4542,#4543,#4544,#4545));
#920=EDGE_LOOP('',(#4546,#4547,#4548,#4549));
#921=EDGE_LOOP('',(#4550,#4551,#4552,#4553));
#922=EDGE_LOOP('',(#4554,#4555,#4556,#4557));
#923=EDGE_LOOP('',(#4558,#4559,#4560,#4561,#4562,#4563,#4564,#4565,#4566,
#4567,#4568,#4569,#4570,#4571,#4572,#4573,#4574,#4575,#4576,#4577,#4578,
#4579,#4580,#4581,#4582,#4583,#4584,#4585,#4586,#4587,#4588,#4589,#4590,
#4591,#4592,#4593,#4594,#4595,#4596,#4597,#4598,#4599,#4600,#4601,#4602,
#4603,#4604,#4605,#4606,#4607,#4608,#4609,#4610,#4611));
#924=EDGE_LOOP('',(#4612,#4613,#4614,#4615,#4616,#4617,#4618,#4619));
#925=EDGE_LOOP('',(#4620,#4621,#4622,#4623,#4624,#4625,#4626,#4627));
#926=EDGE_LOOP('',(#4628,#4629,#4630,#4631,#4632,#4633,#4634,#4635));
#927=EDGE_LOOP('',(#4636));
#928=EDGE_LOOP('',(#4637,#4638,#4639,#4640,#4641,#4642,#4643,#4644));
#929=EDGE_LOOP('',(#4645));
#930=EDGE_LOOP('',(#4646,#4647,#4648,#4649,#4650,#4651,#4652,#4653));
#931=EDGE_LOOP('',(#4654,#4655,#4656,#4657,#4658,#4659,#4660,#4661));
#932=EDGE_LOOP('',(#4662,#4663,#4664,#4665,#4666,#4667,#4668,#4669));
#933=EDGE_LOOP('',(#4670,#4671,#4672,#4673,#4674,#4675,#4676,#4677));
#934=EDGE_LOOP('',(#4678,#4679,#4680,#4681,#4682,#4683,#4684,#4685));
#935=EDGE_LOOP('',(#4686));
#936=EDGE_LOOP('',(#4687,#4688,#4689,#4690,#4691,#4692,#4693,#4694));
#937=EDGE_LOOP('',(#4695,#4696,#4697,#4698,#4699,#4700,#4701,#4702));
#938=EDGE_LOOP('',(#4703,#4704,#4705,#4706,#4707,#4708,#4709,#4710));
#939=EDGE_LOOP('',(#4711,#4712,#4713,#4714,#4715,#4716,#4717,#4718));
#940=EDGE_LOOP('',(#4719,#4720,#4721,#4722,#4723,#4724,#4725,#4726));
#941=EDGE_LOOP('',(#4727,#4728,#4729,#4730,#4731,#4732,#4733,#4734));
#942=EDGE_LOOP('',(#4735,#4736,#4737,#4738,#4739,#4740,#4741,#4742));
#943=EDGE_LOOP('',(#4743,#4744,#4745,#4746,#4747,#4748,#4749,#4750));
#944=EDGE_LOOP('',(#4751));
#945=EDGE_LOOP('',(#4752,#4753,#4754,#4755,#4756,#4757,#4758,#4759));
#946=EDGE_LOOP('',(#4760,#4761,#4762,#4763,#4764,#4765,#4766,#4767));
#947=EDGE_LOOP('',(#4768,#4769,#4770,#4771));
#948=EDGE_LOOP('',(#4772,#4773,#4774,#4775));
#949=EDGE_LOOP('',(#4776,#4777,#4778,#4779));
#950=EDGE_LOOP('',(#4780,#4781,#4782,#4783));
#951=EDGE_LOOP('',(#4784,#4785,#4786,#4787));
#952=EDGE_LOOP('',(#4788,#4789,#4790,#4791));
#953=EDGE_LOOP('',(#4792,#4793,#4794,#4795));
#954=EDGE_LOOP('',(#4796,#4797,#4798,#4799));
#955=EDGE_LOOP('',(#4800,#4801,#4802,#4803));
#956=EDGE_LOOP('',(#4804,#4805,#4806,#4807));
#957=EDGE_LOOP('',(#4808,#4809,#4810,#4811));
#958=EDGE_LOOP('',(#4812,#4813,#4814,#4815));
#959=EDGE_LOOP('',(#4816,#4817,#4818,#4819));
#960=EDGE_LOOP('',(#4820,#4821,#4822,#4823));
#961=EDGE_LOOP('',(#4824,#4825,#4826,#4827));
#962=EDGE_LOOP('',(#4828,#4829,#4830,#4831));
#963=EDGE_LOOP('',(#4832,#4833,#4834,#4835));
#964=EDGE_LOOP('',(#4836,#4837,#4838,#4839));
#965=EDGE_LOOP('',(#4840,#4841,#4842,#4843));
#966=EDGE_LOOP('',(#4844,#4845,#4846,#4847));
#967=EDGE_LOOP('',(#4848,#4849,#4850,#4851));
#968=EDGE_LOOP('',(#4852,#4853,#4854,#4855));
#969=EDGE_LOOP('',(#4856,#4857,#4858,#4859));
#970=EDGE_LOOP('',(#4860,#4861,#4862,#4863));
#971=EDGE_LOOP('',(#4864,#4865,#4866,#4867));
#972=EDGE_LOOP('',(#4868,#4869,#4870,#4871));
#973=EDGE_LOOP('',(#4872,#4873,#4874,#4875));
#974=EDGE_LOOP('',(#4876,#4877,#4878,#4879));
#975=EDGE_LOOP('',(#4880,#4881,#4882,#4883));
#976=EDGE_LOOP('',(#4884,#4885,#4886,#4887));
#977=EDGE_LOOP('',(#4888,#4889,#4890,#4891));
#978=EDGE_LOOP('',(#4892,#4893,#4894,#4895));
#979=EDGE_LOOP('',(#4896,#4897,#4898,#4899));
#980=EDGE_LOOP('',(#4900,#4901,#4902,#4903));
#981=EDGE_LOOP('',(#4904,#4905,#4906,#4907));
#982=EDGE_LOOP('',(#4908,#4909,#4910,#4911));
#983=EDGE_LOOP('',(#4912,#4913,#4914,#4915));
#984=EDGE_LOOP('',(#4916,#4917,#4918,#4919));
#985=EDGE_LOOP('',(#4920,#4921,#4922,#4923));
#986=EDGE_LOOP('',(#4924,#4925,#4926,#4927));
#987=EDGE_LOOP('',(#4928,#4929,#4930,#4931));
#988=EDGE_LOOP('',(#4932,#4933,#4934,#4935));
#989=EDGE_LOOP('',(#4936,#4937,#4938,#4939));
#990=EDGE_LOOP('',(#4940,#4941,#4942,#4943));
#991=EDGE_LOOP('',(#4944,#4945,#4946,#4947));
#992=EDGE_LOOP('',(#4948,#4949,#4950,#4951));
#993=EDGE_LOOP('',(#4952,#4953,#4954,#4955));
#994=EDGE_LOOP('',(#4956,#4957,#4958,#4959));
#995=EDGE_LOOP('',(#4960,#4961,#4962,#4963));
#996=EDGE_LOOP('',(#4964,#4965,#4966,#4967));
#997=EDGE_LOOP('',(#4968,#4969,#4970,#4971));
#998=EDGE_LOOP('',(#4972,#4973,#4974,#4975));
#999=EDGE_LOOP('',(#4976,#4977,#4978,#4979));
#1000=EDGE_LOOP('',(#4980,#4981,#4982,#4983));
#1001=EDGE_LOOP('',(#4984,#4985,#4986,#4987));
#1002=EDGE_LOOP('',(#4988,#4989,#4990,#4991));
#1003=EDGE_LOOP('',(#4992,#4993,#4994,#4995));
#1004=EDGE_LOOP('',(#4996,#4997,#4998,#4999));
#1005=EDGE_LOOP('',(#5000,#5001,#5002,#5003));
#1006=EDGE_LOOP('',(#5004,#5005,#5006,#5007));
#1007=EDGE_LOOP('',(#5008,#5009,#5010,#5011));
#1008=EDGE_LOOP('',(#5012,#5013,#5014,#5015));
#1009=EDGE_LOOP('',(#5016,#5017,#5018,#5019));
#1010=EDGE_LOOP('',(#5020,#5021,#5022,#5023));
#1011=EDGE_LOOP('',(#5024,#5025,#5026,#5027));
#1012=EDGE_LOOP('',(#5028,#5029,#5030,#5031));
#1013=EDGE_LOOP('',(#5032,#5033,#5034,#5035));
#1014=EDGE_LOOP('',(#5036,#5037,#5038,#5039));
#1015=EDGE_LOOP('',(#5040,#5041,#5042,#5043));
#1016=EDGE_LOOP('',(#5044,#5045,#5046,#5047));
#1017=EDGE_LOOP('',(#5048,#5049,#5050,#5051));
#1018=EDGE_LOOP('',(#5052,#5053,#5054,#5055));
#1019=EDGE_LOOP('',(#5056,#5057,#5058,#5059));
#1020=EDGE_LOOP('',(#5060,#5061,#5062,#5063));
#1021=EDGE_LOOP('',(#5064,#5065,#5066,#5067));
#1022=EDGE_LOOP('',(#5068,#5069,#5070,#5071));
#1023=EDGE_LOOP('',(#5072,#5073,#5074,#5075));
#1024=EDGE_LOOP('',(#5076,#5077,#5078,#5079));
#1025=EDGE_LOOP('',(#5080,#5081,#5082,#5083));
#1026=EDGE_LOOP('',(#5084,#5085,#5086,#5087));
#1027=EDGE_LOOP('',(#5088,#5089,#5090,#5091));
#1028=EDGE_LOOP('',(#5092,#5093,#5094,#5095));
#1029=EDGE_LOOP('',(#5096,#5097,#5098,#5099));
#1030=EDGE_LOOP('',(#5100,#5101,#5102,#5103));
#1031=EDGE_LOOP('',(#5104,#5105,#5106,#5107));
#1032=EDGE_LOOP('',(#5108,#5109,#5110,#5111));
#1033=EDGE_LOOP('',(#5112,#5113,#5114,#5115));
#1034=EDGE_LOOP('',(#5116,#5117,#5118,#5119));
#1035=EDGE_LOOP('',(#5120,#5121,#5122,#5123));
#1036=EDGE_LOOP('',(#5124,#5125,#5126,#5127));
#1037=EDGE_LOOP('',(#5128,#5129,#5130,#5131));
#1038=EDGE_LOOP('',(#5132,#5133,#5134,#5135));
#1039=EDGE_LOOP('',(#5136,#5137,#5138,#5139));
#1040=EDGE_LOOP('',(#5140,#5141,#5142,#5143));
#1041=EDGE_LOOP('',(#5144,#5145,#5146,#5147));
#1042=EDGE_LOOP('',(#5148,#5149,#5150,#5151));
#1043=EDGE_LOOP('',(#5152,#5153,#5154,#5155));
#1044=EDGE_LOOP('',(#5156,#5157,#5158,#5159));
#1045=EDGE_LOOP('',(#5160,#5161,#5162,#5163));
#1046=EDGE_LOOP('',(#5164,#5165,#5166,#5167));
#1047=EDGE_LOOP('',(#5168,#5169,#5170,#5171));
#1048=EDGE_LOOP('',(#5172,#5173,#5174,#5175));
#1049=EDGE_LOOP('',(#5176,#5177,#5178,#5179));
#1050=EDGE_LOOP('',(#5180,#5181,#5182,#5183));
#1051=EDGE_LOOP('',(#5184,#5185,#5186,#5187));
#1052=EDGE_LOOP('',(#5188,#5189,#5190,#5191));
#1053=EDGE_LOOP('',(#5192,#5193,#5194,#5195));
#1054=EDGE_LOOP('',(#5196,#5197,#5198,#5199));
#1055=EDGE_LOOP('',(#5200,#5201,#5202,#5203));
#1056=EDGE_LOOP('',(#5204,#5205,#5206,#5207));
#1057=EDGE_LOOP('',(#5208,#5209,#5210,#5211));
#1058=EDGE_LOOP('',(#5212,#5213,#5214,#5215));
#1059=EDGE_LOOP('',(#5216,#5217,#5218,#5219));
#1060=EDGE_LOOP('',(#5220,#5221,#5222,#5223));
#1061=EDGE_LOOP('',(#5224,#5225,#5226,#5227));
#1062=EDGE_LOOP('',(#5228,#5229,#5230,#5231));
#1063=EDGE_LOOP('',(#5232,#5233,#5234,#5235));
#1064=EDGE_LOOP('',(#5236,#5237,#5238,#5239));
#1065=EDGE_LOOP('',(#5240,#5241,#5242,#5243));
#1066=EDGE_LOOP('',(#5244,#5245,#5246,#5247));
#1067=EDGE_LOOP('',(#5248,#5249,#5250,#5251));
#1068=EDGE_LOOP('',(#5252,#5253,#5254,#5255));
#1069=EDGE_LOOP('',(#5256,#5257,#5258,#5259));
#1070=EDGE_LOOP('',(#5260,#5261,#5262,#5263));
#1071=EDGE_LOOP('',(#5264,#5265,#5266,#5267));
#1072=EDGE_LOOP('',(#5268,#5269,#5270,#5271));
#1073=EDGE_LOOP('',(#5272,#5273,#5274,#5275));
#1074=EDGE_LOOP('',(#5276,#5277,#5278,#5279));
#1075=EDGE_LOOP('',(#5280,#5281,#5282,#5283));
#1076=EDGE_LOOP('',(#5284,#5285,#5286,#5287));
#1077=EDGE_LOOP('',(#5288,#5289,#5290,#5291));
#1078=EDGE_LOOP('',(#5292,#5293,#5294,#5295));
#1079=EDGE_LOOP('',(#5296,#5297,#5298,#5299));
#1080=EDGE_LOOP('',(#5300,#5301,#5302,#5303));
#1081=EDGE_LOOP('',(#5304,#5305,#5306,#5307));
#1082=EDGE_LOOP('',(#5308,#5309,#5310,#5311));
#1083=EDGE_LOOP('',(#5312,#5313,#5314,#5315));
#1084=EDGE_LOOP('',(#5316,#5317,#5318,#5319));
#1085=EDGE_LOOP('',(#5320,#5321,#5322,#5323));
#1086=EDGE_LOOP('',(#5324,#5325,#5326,#5327));
#1087=EDGE_LOOP('',(#5328,#5329,#5330,#5331));
#1088=EDGE_LOOP('',(#5332,#5333,#5334,#5335));
#1089=EDGE_LOOP('',(#5336,#5337,#5338,#5339));
#1090=EDGE_LOOP('',(#5340,#5341,#5342,#5343));
#1091=EDGE_LOOP('',(#5344,#5345,#5346,#5347));
#1092=EDGE_LOOP('',(#5348,#5349,#5350,#5351));
#1093=EDGE_LOOP('',(#5352,#5353,#5354,#5355));
#1094=EDGE_LOOP('',(#5356,#5357,#5358,#5359));
#1095=EDGE_LOOP('',(#5360,#5361,#5362,#5363));
#1096=EDGE_LOOP('',(#5364,#5365,#5366,#5367));
#1097=EDGE_LOOP('',(#5368,#5369,#5370,#5371));
#1098=EDGE_LOOP('',(#5372,#5373,#5374,#5375));
#1099=EDGE_LOOP('',(#5376,#5377,#5378,#5379));
#1100=EDGE_LOOP('',(#5380,#5381,#5382,#5383));
#1101=EDGE_LOOP('',(#5384,#5385,#5386,#5387));
#1102=EDGE_LOOP('',(#5388,#5389,#5390,#5391));
#1103=EDGE_LOOP('',(#5392,#5393,#5394,#5395));
#1104=EDGE_LOOP('',(#5396,#5397,#5398,#5399));
#1105=EDGE_LOOP('',(#5400,#5401,#5402,#5403,#5404,#5405,#5406,#5407));
#1106=EDGE_LOOP('',(#5408,#5409,#5410,#5411));
#1107=EDGE_LOOP('',(#5412,#5413,#5414,#5415,#5416,#5417));
#1108=EDGE_LOOP('',(#5418,#5419,#5420,#5421));
#1109=EDGE_LOOP('',(#5422,#5423,#5424,#5425,#5426,#5427));
#1110=EDGE_LOOP('',(#5428,#5429,#5430,#5431));
#1111=EDGE_LOOP('',(#5432,#5433,#5434,#5435));
#1112=EDGE_LOOP('',(#5436,#5437,#5438,#5439,#5440,#5441,#5442,#5443,#5444,
#5445));
#1113=EDGE_LOOP('',(#5446,#5447,#5448,#5449,#5450,#5451,#5452,#5453,#5454,
#5455,#5456,#5457,#5458,#5459,#5460,#5461,#5462,#5463,#5464,#5465,#5466,
#5467,#5468,#5469,#5470,#5471,#5472,#5473,#5474,#5475,#5476,#5477,#5478,
#5479,#5480,#5481,#5482,#5483,#5484,#5485,#5486,#5487,#5488,#5489,#5490,
#5491,#5492,#5493,#5494,#5495,#5496,#5497,#5498,#5499,#5500,#5501,#5502,
#5503,#5504,#5505,#5506,#5507,#5508,#5509,#5510,#5511,#5512,#5513,#5514,
#5515,#5516,#5517,#5518,#5519,#5520,#5521,#5522,#5523,#5524,#5525,#5526,
#5527,#5528,#5529,#5530,#5531,#5532,#5533,#5534,#5535,#5536,#5537,#5538,
#5539,#5540,#5541));
#1114=EDGE_LOOP('',(#5542,#5543,#5544,#5545));
#1115=EDGE_LOOP('',(#5546,#5547,#5548,#5549));
#1116=EDGE_LOOP('',(#5550,#5551,#5552,#5553,#5554,#5555,#5556,#5557,#5558,
#5559,#5560,#5561,#5562,#5563,#5564,#5565,#5566,#5567,#5568,#5569,#5570,
#5571,#5572,#5573,#5574,#5575,#5576,#5577,#5578,#5579,#5580,#5581,#5582,
#5583,#5584,#5585,#5586,#5587));
#1117=EDGE_LOOP('',(#5588,#5589,#5590,#5591));
#1118=EDGE_LOOP('',(#5592,#5593,#5594,#5595));
#1119=EDGE_LOOP('',(#5596,#5597,#5598,#5599));
#1120=EDGE_LOOP('',(#5600,#5601,#5602,#5603));
#1121=EDGE_LOOP('',(#5604,#5605,#5606,#5607));
#1122=EDGE_LOOP('',(#5608,#5609,#5610,#5611));
#1123=EDGE_LOOP('',(#5612,#5613,#5614,#5615));
#1124=EDGE_LOOP('',(#5616,#5617,#5618,#5619));
#1125=EDGE_LOOP('',(#5620,#5621,#5622,#5623));
#1126=EDGE_LOOP('',(#5624,#5625,#5626,#5627));
#1127=EDGE_LOOP('',(#5628,#5629,#5630,#5631));
#1128=EDGE_LOOP('',(#5632,#5633,#5634,#5635));
#1129=EDGE_LOOP('',(#5636,#5637,#5638,#5639));
#1130=EDGE_LOOP('',(#5640,#5641,#5642,#5643));
#1131=EDGE_LOOP('',(#5644,#5645,#5646,#5647));
#1132=EDGE_LOOP('',(#5648,#5649,#5650,#5651));
#1133=EDGE_LOOP('',(#5652,#5653,#5654,#5655));
#1134=EDGE_LOOP('',(#5656,#5657,#5658,#5659));
#1135=EDGE_LOOP('',(#5660,#5661,#5662,#5663));
#1136=EDGE_LOOP('',(#5664,#5665,#5666,#5667));
#1137=EDGE_LOOP('',(#5668,#5669,#5670,#5671));
#1138=EDGE_LOOP('',(#5672,#5673,#5674,#5675));
#1139=EDGE_LOOP('',(#5676,#5677,#5678,#5679));
#1140=EDGE_LOOP('',(#5680,#5681,#5682,#5683));
#1141=EDGE_LOOP('',(#5684,#5685,#5686,#5687));
#1142=EDGE_LOOP('',(#5688,#5689,#5690,#5691));
#1143=EDGE_LOOP('',(#5692,#5693,#5694,#5695));
#1144=EDGE_LOOP('',(#5696,#5697,#5698,#5699));
#1145=EDGE_LOOP('',(#5700,#5701,#5702,#5703));
#1146=EDGE_LOOP('',(#5704,#5705,#5706,#5707));
#1147=EDGE_LOOP('',(#5708,#5709,#5710,#5711));
#1148=EDGE_LOOP('',(#5712,#5713,#5714,#5715));
#1149=EDGE_LOOP('',(#5716,#5717,#5718,#5719));
#1150=EDGE_LOOP('',(#5720,#5721,#5722,#5723));
#1151=EDGE_LOOP('',(#5724,#5725,#5726,#5727));
#1152=EDGE_LOOP('',(#5728,#5729,#5730,#5731));
#1153=EDGE_LOOP('',(#5732,#5733,#5734,#5735));
#1154=EDGE_LOOP('',(#5736,#5737,#5738,#5739));
#1155=EDGE_LOOP('',(#5740,#5741,#5742,#5743));
#1156=EDGE_LOOP('',(#5744,#5745,#5746,#5747));
#1157=EDGE_LOOP('',(#5748,#5749,#5750,#5751));
#1158=EDGE_LOOP('',(#5752,#5753,#5754,#5755));
#1159=EDGE_LOOP('',(#5756,#5757,#5758,#5759));
#1160=EDGE_LOOP('',(#5760,#5761,#5762,#5763));
#1161=EDGE_LOOP('',(#5764,#5765,#5766,#5767));
#1162=EDGE_LOOP('',(#5768,#5769,#5770,#5771));
#1163=EDGE_LOOP('',(#5772,#5773,#5774,#5775));
#1164=EDGE_LOOP('',(#5776,#5777,#5778,#5779));
#1165=EDGE_LOOP('',(#5780,#5781,#5782,#5783));
#1166=EDGE_LOOP('',(#5784,#5785,#5786,#5787));
#1167=EDGE_LOOP('',(#5788,#5789,#5790,#5791));
#1168=EDGE_LOOP('',(#5792,#5793,#5794,#5795));
#1169=EDGE_LOOP('',(#5796,#5797,#5798,#5799));
#1170=EDGE_LOOP('',(#5800,#5801,#5802,#5803));
#1171=EDGE_LOOP('',(#5804,#5805,#5806,#5807));
#1172=EDGE_LOOP('',(#5808,#5809,#5810,#5811));
#1173=EDGE_LOOP('',(#5812,#5813,#5814,#5815));
#1174=EDGE_LOOP('',(#5816,#5817,#5818,#5819));
#1175=EDGE_LOOP('',(#5820,#5821,#5822,#5823));
#1176=EDGE_LOOP('',(#5824,#5825,#5826,#5827));
#1177=EDGE_LOOP('',(#5828,#5829,#5830,#5831));
#1178=EDGE_LOOP('',(#5832,#5833,#5834,#5835));
#1179=EDGE_LOOP('',(#5836,#5837,#5838,#5839));
#1180=EDGE_LOOP('',(#5840,#5841,#5842,#5843));
#1181=EDGE_LOOP('',(#5844,#5845,#5846,#5847));
#1182=EDGE_LOOP('',(#5848,#5849,#5850,#5851));
#1183=EDGE_LOOP('',(#5852,#5853,#5854,#5855));
#1184=EDGE_LOOP('',(#5856,#5857,#5858,#5859));
#1185=EDGE_LOOP('',(#5860,#5861,#5862,#5863));
#1186=EDGE_LOOP('',(#5864,#5865,#5866,#5867));
#1187=EDGE_LOOP('',(#5868,#5869,#5870,#5871,#5872,#5873,#5874,#5875,#5876,
#5877));
#1188=EDGE_LOOP('',(#5878,#5879,#5880,#5881));
#1189=EDGE_LOOP('',(#5882,#5883,#5884,#5885));
#1190=EDGE_LOOP('',(#5886,#5887,#5888,#5889));
#1191=EDGE_LOOP('',(#5890,#5891,#5892,#5893));
#1192=EDGE_LOOP('',(#5894,#5895,#5896,#5897));
#1193=EDGE_LOOP('',(#5898,#5899,#5900,#5901));
#1194=EDGE_LOOP('',(#5902,#5903,#5904,#5905));
#1195=EDGE_LOOP('',(#5906,#5907,#5908,#5909));
#1196=EDGE_LOOP('',(#5910,#5911,#5912,#5913));
#1197=EDGE_LOOP('',(#5914,#5915,#5916,#5917));
#1198=EDGE_LOOP('',(#5918,#5919,#5920,#5921));
#1199=EDGE_LOOP('',(#5922,#5923,#5924,#5925));
#1200=EDGE_LOOP('',(#5926,#5927,#5928,#5929));
#1201=EDGE_LOOP('',(#5930,#5931,#5932,#5933));
#1202=EDGE_LOOP('',(#5934,#5935,#5936,#5937));
#1203=EDGE_LOOP('',(#5938,#5939,#5940,#5941));
#1204=EDGE_LOOP('',(#5942,#5943,#5944,#5945));
#1205=EDGE_LOOP('',(#5946,#5947,#5948,#5949));
#1206=EDGE_LOOP('',(#5950,#5951,#5952,#5953));
#1207=EDGE_LOOP('',(#5954,#5955,#5956,#5957));
#1208=EDGE_LOOP('',(#5958,#5959,#5960,#5961));
#1209=EDGE_LOOP('',(#5962,#5963,#5964,#5965,#5966,#5967,#5968,#5969,#5970,
#5971,#5972,#5973,#5974,#5975,#5976,#5977,#5978,#5979,#5980,#5981,#5982,
#5983,#5984,#5985,#5986,#5987,#5988,#5989,#5990,#5991,#5992,#5993,#5994,
#5995,#5996,#5997,#5998,#5999,#6000,#6001,#6002,#6003,#6004,#6005,#6006,
#6007,#6008,#6009,#6010,#6011,#6012,#6013,#6014,#6015,#6016,#6017,#6018,
#6019));
#1210=LINE('',#9054,#1866);
#1211=LINE('',#9056,#1867);
#1212=LINE('',#9058,#1868);
#1213=LINE('',#9059,#1869);
#1214=LINE('',#9062,#1870);
#1215=LINE('',#9064,#1871);
#1216=LINE('',#9065,#1872);
#1217=LINE('',#9068,#1873);
#1218=LINE('',#9070,#1874);
#1219=LINE('',#9071,#1875);
#1220=LINE('',#9073,#1876);
#1221=LINE('',#9074,#1877);
#1222=LINE('',#9078,#1878);
#1223=LINE('',#9080,#1879);
#1224=LINE('',#9082,#1880);
#1225=LINE('',#9083,#1881);
#1226=LINE('',#9086,#1882);
#1227=LINE('',#9088,#1883);
#1228=LINE('',#9089,#1884);
#1229=LINE('',#9092,#1885);
#1230=LINE('',#9094,#1886);
#1231=LINE('',#9095,#1887);
#1232=LINE('',#9098,#1888);
#1233=LINE('',#9100,#1889);
#1234=LINE('',#9101,#1890);
#1235=LINE('',#9108,#1891);
#1236=LINE('',#9112,#1892);
#1237=LINE('',#9116,#1893);
#1238=LINE('',#9122,#1894);
#1239=LINE('',#9126,#1895);
#1240=LINE('',#9130,#1896);
#1241=LINE('',#9134,#1897);
#1242=LINE('',#9138,#1898);
#1243=LINE('',#9142,#1899);
#1244=LINE('',#9146,#1900);
#1245=LINE('',#9150,#1901);
#1246=LINE('',#9154,#1902);
#1247=LINE('',#9158,#1903);
#1248=LINE('',#9162,#1904);
#1249=LINE('',#9166,#1905);
#1250=LINE('',#9170,#1906);
#1251=LINE('',#9176,#1907);
#1252=LINE('',#9180,#1908);
#1253=LINE('',#9184,#1909);
#1254=LINE('',#9186,#1910);
#1255=LINE('',#9190,#1911);
#1256=LINE('',#9194,#1912);
#1257=LINE('',#9198,#1913);
#1258=LINE('',#9201,#1914);
#1259=LINE('',#9206,#1915);
#1260=LINE('',#9210,#1916);
#1261=LINE('',#9214,#1917);
#1262=LINE('',#9217,#1918);
#1263=LINE('',#9222,#1919);
#1264=LINE('',#9226,#1920);
#1265=LINE('',#9230,#1921);
#1266=LINE('',#9233,#1922);
#1267=LINE('',#9238,#1923);
#1268=LINE('',#9242,#1924);
#1269=LINE('',#9246,#1925);
#1270=LINE('',#9249,#1926);
#1271=LINE('',#9256,#1927);
#1272=LINE('',#9260,#1928);
#1273=LINE('',#9264,#1929);
#1274=LINE('',#9267,#1930);
#1275=LINE('',#9274,#1931);
#1276=LINE('',#9278,#1932);
#1277=LINE('',#9282,#1933);
#1278=LINE('',#9285,#1934);
#1279=LINE('',#9290,#1935);
#1280=LINE('',#9294,#1936);
#1281=LINE('',#9298,#1937);
#1282=LINE('',#9301,#1938);
#1283=LINE('',#9306,#1939);
#1284=LINE('',#9310,#1940);
#1285=LINE('',#9314,#1941);
#1286=LINE('',#9317,#1942);
#1287=LINE('',#9322,#1943);
#1288=LINE('',#9326,#1944);
#1289=LINE('',#9330,#1945);
#1290=LINE('',#9333,#1946);
#1291=LINE('',#9338,#1947);
#1292=LINE('',#9342,#1948);
#1293=LINE('',#9346,#1949);
#1294=LINE('',#9349,#1950);
#1295=LINE('',#9356,#1951);
#1296=LINE('',#9360,#1952);
#1297=LINE('',#9364,#1953);
#1298=LINE('',#9367,#1954);
#1299=LINE('',#9372,#1955);
#1300=LINE('',#9376,#1956);
#1301=LINE('',#9380,#1957);
#1302=LINE('',#9383,#1958);
#1303=LINE('',#9388,#1959);
#1304=LINE('',#9392,#1960);
#1305=LINE('',#9396,#1961);
#1306=LINE('',#9399,#1962);
#1307=LINE('',#9404,#1963);
#1308=LINE('',#9408,#1964);
#1309=LINE('',#9412,#1965);
#1310=LINE('',#9415,#1966);
#1311=LINE('',#9420,#1967);
#1312=LINE('',#9424,#1968);
#1313=LINE('',#9428,#1969);
#1314=LINE('',#9431,#1970);
#1315=LINE('',#9436,#1971);
#1316=LINE('',#9440,#1972);
#1317=LINE('',#9444,#1973);
#1318=LINE('',#9447,#1974);
#1319=LINE('',#9452,#1975);
#1320=LINE('',#9456,#1976);
#1321=LINE('',#9460,#1977);
#1322=LINE('',#9463,#1978);
#1323=LINE('',#9468,#1979);
#1324=LINE('',#9472,#1980);
#1325=LINE('',#9476,#1981);
#1326=LINE('',#9479,#1982);
#1327=LINE('',#9486,#1983);
#1328=LINE('',#9490,#1984);
#1329=LINE('',#9494,#1985);
#1330=LINE('',#9497,#1986);
#1331=LINE('',#9502,#1987);
#1332=LINE('',#9506,#1988);
#1333=LINE('',#9510,#1989);
#1334=LINE('',#9513,#1990);
#1335=LINE('',#9518,#1991);
#1336=LINE('',#9519,#1992);
#1337=LINE('',#9522,#1993);
#1338=LINE('',#9523,#1994);
#1339=LINE('',#9527,#1995);
#1340=LINE('',#9530,#1996);
#1341=LINE('',#9531,#1997);
#1342=LINE('',#9535,#1998);
#1343=LINE('',#9538,#1999);
#1344=LINE('',#9539,#2000);
#1345=LINE('',#9543,#2001);
#1346=LINE('',#9546,#2002);
#1347=LINE('',#9547,#2003);
#1348=LINE('',#9550,#2004);
#1349=LINE('',#9551,#2005);
#1350=LINE('',#9555,#2006);
#1351=LINE('',#9558,#2007);
#1352=LINE('',#9559,#2008);
#1353=LINE('',#9563,#2009);
#1354=LINE('',#9566,#2010);
#1355=LINE('',#9567,#2011);
#1356=LINE('',#9571,#2012);
#1357=LINE('',#9575,#2013);
#1358=LINE('',#9578,#2014);
#1359=LINE('',#9579,#2015);
#1360=LINE('',#9583,#2016);
#1361=LINE('',#9586,#2017);
#1362=LINE('',#9587,#2018);
#1363=LINE('',#9591,#2019);
#1364=LINE('',#9594,#2020);
#1365=LINE('',#9595,#2021);
#1366=LINE('',#9599,#2022);
#1367=LINE('',#9602,#2023);
#1368=LINE('',#9603,#2024);
#1369=LINE('',#9607,#2025);
#1370=LINE('',#9610,#2026);
#1371=LINE('',#9611,#2027);
#1372=LINE('',#9615,#2028);
#1373=LINE('',#9618,#2029);
#1374=LINE('',#9619,#2030);
#1375=LINE('',#9623,#2031);
#1376=LINE('',#9626,#2032);
#1377=LINE('',#9627,#2033);
#1378=LINE('',#9631,#2034);
#1379=LINE('',#9634,#2035);
#1380=LINE('',#9635,#2036);
#1381=LINE('',#9639,#2037);
#1382=LINE('',#9642,#2038);
#1383=LINE('',#9643,#2039);
#1384=LINE('',#9647,#2040);
#1385=LINE('',#9650,#2041);
#1386=LINE('',#9651,#2042);
#1387=LINE('',#9655,#2043);
#1388=LINE('',#9658,#2044);
#1389=LINE('',#9659,#2045);
#1390=LINE('',#9663,#2046);
#1391=LINE('',#9666,#2047);
#1392=LINE('',#9667,#2048);
#1393=LINE('',#9671,#2049);
#1394=LINE('',#9674,#2050);
#1395=LINE('',#9675,#2051);
#1396=LINE('',#9679,#2052);
#1397=LINE('',#9683,#2053);
#1398=LINE('',#9686,#2054);
#1399=LINE('',#9687,#2055);
#1400=LINE('',#9691,#2056);
#1401=LINE('',#9694,#2057);
#1402=LINE('',#9695,#2058);
#1403=LINE('',#9699,#2059);
#1404=LINE('',#9702,#2060);
#1405=LINE('',#9703,#2061);
#1406=LINE('',#9707,#2062);
#1407=LINE('',#9711,#2063);
#1408=LINE('',#9717,#2064);
#1409=LINE('',#9721,#2065);
#1410=LINE('',#9725,#2066);
#1411=LINE('',#9728,#2067);
#1412=LINE('',#9733,#2068);
#1413=LINE('',#9737,#2069);
#1414=LINE('',#9741,#2070);
#1415=LINE('',#9744,#2071);
#1416=LINE('',#9749,#2072);
#1417=LINE('',#9753,#2073);
#1418=LINE('',#9757,#2074);
#1419=LINE('',#9760,#2075);
#1420=LINE('',#9767,#2076);
#1421=LINE('',#9771,#2077);
#1422=LINE('',#9775,#2078);
#1423=LINE('',#9778,#2079);
#1424=LINE('',#9785,#2080);
#1425=LINE('',#9789,#2081);
#1426=LINE('',#9793,#2082);
#1427=LINE('',#9796,#2083);
#1428=LINE('',#9801,#2084);
#1429=LINE('',#9805,#2085);
#1430=LINE('',#9809,#2086);
#1431=LINE('',#9812,#2087);
#1432=LINE('',#9817,#2088);
#1433=LINE('',#9821,#2089);
#1434=LINE('',#9825,#2090);
#1435=LINE('',#9828,#2091);
#1436=LINE('',#9833,#2092);
#1437=LINE('',#9837,#2093);
#1438=LINE('',#9841,#2094);
#1439=LINE('',#9844,#2095);
#1440=LINE('',#9849,#2096);
#1441=LINE('',#9853,#2097);
#1442=LINE('',#9857,#2098);
#1443=LINE('',#9860,#2099);
#1444=LINE('',#9867,#2100);
#1445=LINE('',#9871,#2101);
#1446=LINE('',#9875,#2102);
#1447=LINE('',#9878,#2103);
#1448=LINE('',#9883,#2104);
#1449=LINE('',#9887,#2105);
#1450=LINE('',#9891,#2106);
#1451=LINE('',#9894,#2107);
#1452=LINE('',#9899,#2108);
#1453=LINE('',#9903,#2109);
#1454=LINE('',#9907,#2110);
#1455=LINE('',#9910,#2111);
#1456=LINE('',#9915,#2112);
#1457=LINE('',#9919,#2113);
#1458=LINE('',#9923,#2114);
#1459=LINE('',#9926,#2115);
#1460=LINE('',#9931,#2116);
#1461=LINE('',#9935,#2117);
#1462=LINE('',#9939,#2118);
#1463=LINE('',#9942,#2119);
#1464=LINE('',#9947,#2120);
#1465=LINE('',#9951,#2121);
#1466=LINE('',#9955,#2122);
#1467=LINE('',#9958,#2123);
#1468=LINE('',#9963,#2124);
#1469=LINE('',#9967,#2125);
#1470=LINE('',#9971,#2126);
#1471=LINE('',#9974,#2127);
#1472=LINE('',#9979,#2128);
#1473=LINE('',#9983,#2129);
#1474=LINE('',#9987,#2130);
#1475=LINE('',#9990,#2131);
#1476=LINE('',#9997,#2132);
#1477=LINE('',#10001,#2133);
#1478=LINE('',#10005,#2134);
#1479=LINE('',#10008,#2135);
#1480=LINE('',#10013,#2136);
#1481=LINE('',#10017,#2137);
#1482=LINE('',#10021,#2138);
#1483=LINE('',#10024,#2139);
#1484=LINE('',#10026,#2140);
#1485=LINE('',#10027,#2141);
#1486=LINE('',#10029,#2142);
#1487=LINE('',#10031,#2143);
#1488=LINE('',#10033,#2144);
#1489=LINE('',#10035,#2145);
#1490=LINE('',#10037,#2146);
#1491=LINE('',#10039,#2147);
#1492=LINE('',#10042,#2148);
#1493=LINE('',#10043,#2149);
#1494=LINE('',#10045,#2150);
#1495=LINE('',#10047,#2151);
#1496=LINE('',#10049,#2152);
#1497=LINE('',#10051,#2153);
#1498=LINE('',#10053,#2154);
#1499=LINE('',#10055,#2155);
#1500=LINE('',#10058,#2156);
#1501=LINE('',#10060,#2157);
#1502=LINE('',#10061,#2158);
#1503=LINE('',#10063,#2159);
#1504=LINE('',#10065,#2160);
#1505=LINE('',#10067,#2161);
#1506=LINE('',#10069,#2162);
#1507=LINE('',#10071,#2163);
#1508=LINE('',#10073,#2164);
#1509=LINE('',#10076,#2165);
#1510=LINE('',#10077,#2166);
#1511=LINE('',#10079,#2167);
#1512=LINE('',#10081,#2168);
#1513=LINE('',#10083,#2169);
#1514=LINE('',#10085,#2170);
#1515=LINE('',#10087,#2171);
#1516=LINE('',#10089,#2172);
#1517=LINE('',#10092,#2173);
#1518=LINE('',#10093,#2174);
#1519=LINE('',#10095,#2175);
#1520=LINE('',#10097,#2176);
#1521=LINE('',#10099,#2177);
#1522=LINE('',#10101,#2178);
#1523=LINE('',#10103,#2179);
#1524=LINE('',#10105,#2180);
#1525=LINE('',#10108,#2181);
#1526=LINE('',#10109,#2182);
#1527=LINE('',#10111,#2183);
#1528=LINE('',#10113,#2184);
#1529=LINE('',#10115,#2185);
#1530=LINE('',#10117,#2186);
#1531=LINE('',#10119,#2187);
#1532=LINE('',#10121,#2188);
#1533=LINE('',#10124,#2189);
#1534=LINE('',#10125,#2190);
#1535=LINE('',#10127,#2191);
#1536=LINE('',#10129,#2192);
#1537=LINE('',#10131,#2193);
#1538=LINE('',#10133,#2194);
#1539=LINE('',#10135,#2195);
#1540=LINE('',#10137,#2196);
#1541=LINE('',#10140,#2197);
#1542=LINE('',#10141,#2198);
#1543=LINE('',#10143,#2199);
#1544=LINE('',#10145,#2200);
#1545=LINE('',#10147,#2201);
#1546=LINE('',#10149,#2202);
#1547=LINE('',#10151,#2203);
#1548=LINE('',#10153,#2204);
#1549=LINE('',#10156,#2205);
#1550=LINE('',#10157,#2206);
#1551=LINE('',#10159,#2207);
#1552=LINE('',#10161,#2208);
#1553=LINE('',#10163,#2209);
#1554=LINE('',#10165,#2210);
#1555=LINE('',#10167,#2211);
#1556=LINE('',#10169,#2212);
#1557=LINE('',#10172,#2213);
#1558=LINE('',#10173,#2214);
#1559=LINE('',#10175,#2215);
#1560=LINE('',#10177,#2216);
#1561=LINE('',#10179,#2217);
#1562=LINE('',#10181,#2218);
#1563=LINE('',#10183,#2219);
#1564=LINE('',#10185,#2220);
#1565=LINE('',#10188,#2221);
#1566=LINE('',#10190,#2222);
#1567=LINE('',#10191,#2223);
#1568=LINE('',#10193,#2224);
#1569=LINE('',#10195,#2225);
#1570=LINE('',#10197,#2226);
#1571=LINE('',#10199,#2227);
#1572=LINE('',#10201,#2228);
#1573=LINE('',#10203,#2229);
#1574=LINE('',#10206,#2230);
#1575=LINE('',#10207,#2231);
#1576=LINE('',#10209,#2232);
#1577=LINE('',#10211,#2233);
#1578=LINE('',#10213,#2234);
#1579=LINE('',#10215,#2235);
#1580=LINE('',#10217,#2236);
#1581=LINE('',#10219,#2237);
#1582=LINE('',#10222,#2238);
#1583=LINE('',#10223,#2239);
#1584=LINE('',#10225,#2240);
#1585=LINE('',#10227,#2241);
#1586=LINE('',#10229,#2242);
#1587=LINE('',#10231,#2243);
#1588=LINE('',#10233,#2244);
#1589=LINE('',#10235,#2245);
#1590=LINE('',#10238,#2246);
#1591=LINE('',#10239,#2247);
#1592=LINE('',#10241,#2248);
#1593=LINE('',#10243,#2249);
#1594=LINE('',#10245,#2250);
#1595=LINE('',#10247,#2251);
#1596=LINE('',#10249,#2252);
#1597=LINE('',#10251,#2253);
#1598=LINE('',#10254,#2254);
#1599=LINE('',#10255,#2255);
#1600=LINE('',#10257,#2256);
#1601=LINE('',#10259,#2257);
#1602=LINE('',#10261,#2258);
#1603=LINE('',#10263,#2259);
#1604=LINE('',#10265,#2260);
#1605=LINE('',#10267,#2261);
#1606=LINE('',#10270,#2262);
#1607=LINE('',#10272,#2263);
#1608=LINE('',#10273,#2264);
#1609=LINE('',#10275,#2265);
#1610=LINE('',#10277,#2266);
#1611=LINE('',#10279,#2267);
#1612=LINE('',#10281,#2268);
#1613=LINE('',#10283,#2269);
#1614=LINE('',#10285,#2270);
#1615=LINE('',#10288,#2271);
#1616=LINE('',#10290,#2272);
#1617=LINE('',#10291,#2273);
#1618=LINE('',#10293,#2274);
#1619=LINE('',#10295,#2275);
#1620=LINE('',#10297,#2276);
#1621=LINE('',#10299,#2277);
#1622=LINE('',#10301,#2278);
#1623=LINE('',#10303,#2279);
#1624=LINE('',#10306,#2280);
#1625=LINE('',#10307,#2281);
#1626=LINE('',#10309,#2282);
#1627=LINE('',#10311,#2283);
#1628=LINE('',#10313,#2284);
#1629=LINE('',#10315,#2285);
#1630=LINE('',#10317,#2286);
#1631=LINE('',#10319,#2287);
#1632=LINE('',#10322,#2288);
#1633=LINE('',#10323,#2289);
#1634=LINE('',#10325,#2290);
#1635=LINE('',#10327,#2291);
#1636=LINE('',#10329,#2292);
#1637=LINE('',#10331,#2293);
#1638=LINE('',#10333,#2294);
#1639=LINE('',#10335,#2295);
#1640=LINE('',#10340,#2296);
#1641=LINE('',#10342,#2297);
#1642=LINE('',#10344,#2298);
#1643=LINE('',#10345,#2299);
#1644=LINE('',#10349,#2300);
#1645=LINE('',#10351,#2301);
#1646=LINE('',#10353,#2302);
#1647=LINE('',#10355,#2303);
#1648=LINE('',#10357,#2304);
#1649=LINE('',#10359,#2305);
#1650=LINE('',#10361,#2306);
#1651=LINE('',#10362,#2307);
#1652=LINE('',#10365,#2308);
#1653=LINE('',#10367,#2309);
#1654=LINE('',#10368,#2310);
#1655=LINE('',#10371,#2311);
#1656=LINE('',#10372,#2312);
#1657=LINE('',#10373,#2313);
#1658=LINE('',#10376,#2314);
#1659=LINE('',#10377,#2315);
#1660=LINE('',#10379,#2316);
#1661=LINE('',#10380,#2317);
#1662=LINE('',#10384,#2318);
#1663=LINE('',#10386,#2319);
#1664=LINE('',#10388,#2320);
#1665=LINE('',#10389,#2321);
#1666=LINE('',#10393,#2322);
#1667=LINE('',#10395,#2323);
#1668=LINE('',#10397,#2324);
#1669=LINE('',#10398,#2325);
#1670=LINE('',#10402,#2326);
#1671=LINE('',#10403,#2327);
#1672=LINE('',#10404,#2328);
#1673=LINE('',#10406,#2329);
#1674=LINE('',#10408,#2330);
#1675=LINE('',#10412,#2331);
#1676=LINE('',#10418,#2332);
#1677=LINE('',#10422,#2333);
#1678=LINE('',#10426,#2334);
#1679=LINE('',#10428,#2335);
#1680=LINE('',#10432,#2336);
#1681=LINE('',#10436,#2337);
#1682=LINE('',#10442,#2338);
#1683=LINE('',#10444,#2339);
#1684=LINE('',#10446,#2340);
#1685=LINE('',#10452,#2341);
#1686=LINE('',#10456,#2342);
#1687=LINE('',#10460,#2343);
#1688=LINE('',#10462,#2344);
#1689=LINE('',#10466,#2345);
#1690=LINE('',#10470,#2346);
#1691=LINE('',#10474,#2347);
#1692=LINE('',#10478,#2348);
#1693=LINE('',#10482,#2349);
#1694=LINE('',#10486,#2350);
#1695=LINE('',#10490,#2351);
#1696=LINE('',#10494,#2352);
#1697=LINE('',#10496,#2353);
#1698=LINE('',#10500,#2354);
#1699=LINE('',#10502,#2355);
#1700=LINE('',#10506,#2356);
#1701=LINE('',#10510,#2357);
#1702=LINE('',#10512,#2358);
#1703=LINE('',#10516,#2359);
#1704=LINE('',#10518,#2360);
#1705=LINE('',#10522,#2361);
#1706=LINE('',#10524,#2362);
#1707=LINE('',#10526,#2363);
#1708=LINE('',#10530,#2364);
#1709=LINE('',#10534,#2365);
#1710=LINE('',#10538,#2366);
#1711=LINE('',#10542,#2367);
#1712=LINE('',#10546,#2368);
#1713=LINE('',#10550,#2369);
#1714=LINE('',#10554,#2370);
#1715=LINE('',#10558,#2371);
#1716=LINE('',#10562,#2372);
#1717=LINE('',#10566,#2373);
#1718=LINE('',#10572,#2374);
#1719=LINE('',#10576,#2375);
#1720=LINE('',#10580,#2376);
#1721=LINE('',#10585,#2377);
#1722=LINE('',#10587,#2378);
#1723=LINE('',#10591,#2379);
#1724=LINE('',#10592,#2380);
#1725=LINE('',#10595,#2381);
#1726=LINE('',#10596,#2382);
#1727=LINE('',#10599,#2383);
#1728=LINE('',#10601,#2384);
#1729=LINE('',#10605,#2385);
#1730=LINE('',#10609,#2386);
#1731=LINE('',#10613,#2387);
#1732=LINE('',#10617,#2388);
#1733=LINE('',#10619,#2389);
#1734=LINE('',#10623,#2390);
#1735=LINE('',#10627,#2391);
#1736=LINE('',#10633,#2392);
#1737=LINE('',#10635,#2393);
#1738=LINE('',#10637,#2394);
#1739=LINE('',#10643,#2395);
#1740=LINE('',#10647,#2396);
#1741=LINE('',#10651,#2397);
#1742=LINE('',#10653,#2398);
#1743=LINE('',#10657,#2399);
#1744=LINE('',#10661,#2400);
#1745=LINE('',#10666,#2401);
#1746=LINE('',#10667,#2402);
#1747=LINE('',#10670,#2403);
#1748=LINE('',#10674,#2404);
#1749=LINE('',#10675,#2405);
#1750=LINE('',#10678,#2406);
#1751=LINE('',#10682,#2407);
#1752=LINE('',#10683,#2408);
#1753=LINE('',#10686,#2409);
#1754=LINE('',#10688,#2410);
#1755=LINE('',#10689,#2411);
#1756=LINE('',#10692,#2412);
#1757=LINE('',#10693,#2413);
#1758=LINE('',#10696,#2414);
#1759=LINE('',#10697,#2415);
#1760=LINE('',#10701,#2416);
#1761=LINE('',#10704,#2417);
#1762=LINE('',#10705,#2418);
#1763=LINE('',#10709,#2419);
#1764=LINE('',#10712,#2420);
#1765=LINE('',#10713,#2421);
#1766=LINE('',#10717,#2422);
#1767=LINE('',#10720,#2423);
#1768=LINE('',#10721,#2424);
#1769=LINE('',#10725,#2425);
#1770=LINE('',#10728,#2426);
#1771=LINE('',#10729,#2427);
#1772=LINE('',#10733,#2428);
#1773=LINE('',#10736,#2429);
#1774=LINE('',#10737,#2430);
#1775=LINE('',#10741,#2431);
#1776=LINE('',#10744,#2432);
#1777=LINE('',#10745,#2433);
#1778=LINE('',#10749,#2434);
#1779=LINE('',#10752,#2435);
#1780=LINE('',#10753,#2436);
#1781=LINE('',#10757,#2437);
#1782=LINE('',#10760,#2438);
#1783=LINE('',#10761,#2439);
#1784=LINE('',#10765,#2440);
#1785=LINE('',#10768,#2441);
#1786=LINE('',#10769,#2442);
#1787=LINE('',#10773,#2443);
#1788=LINE('',#10776,#2444);
#1789=LINE('',#10777,#2445);
#1790=LINE('',#10781,#2446);
#1791=LINE('',#10785,#2447);
#1792=LINE('',#10788,#2448);
#1793=LINE('',#10789,#2449);
#1794=LINE('',#10793,#2450);
#1795=LINE('',#10796,#2451);
#1796=LINE('',#10797,#2452);
#1797=LINE('',#10801,#2453);
#1798=LINE('',#10804,#2454);
#1799=LINE('',#10805,#2455);
#1800=LINE('',#10809,#2456);
#1801=LINE('',#10814,#2457);
#1802=LINE('',#10816,#2458);
#1803=LINE('',#10818,#2459);
#1804=LINE('',#10820,#2460);
#1805=LINE('',#10822,#2461);
#1806=LINE('',#10824,#2462);
#1807=LINE('',#10826,#2463);
#1808=LINE('',#10828,#2464);
#1809=LINE('',#10830,#2465);
#1810=LINE('',#10832,#2466);
#1811=LINE('',#10834,#2467);
#1812=LINE('',#10836,#2468);
#1813=LINE('',#10838,#2469);
#1814=LINE('',#10840,#2470);
#1815=LINE('',#10842,#2471);
#1816=LINE('',#10844,#2472);
#1817=LINE('',#10846,#2473);
#1818=LINE('',#10848,#2474);
#1819=LINE('',#10850,#2475);
#1820=LINE('',#10852,#2476);
#1821=LINE('',#10854,#2477);
#1822=LINE('',#10856,#2478);
#1823=LINE('',#10858,#2479);
#1824=LINE('',#10860,#2480);
#1825=LINE('',#10862,#2481);
#1826=LINE('',#10864,#2482);
#1827=LINE('',#10866,#2483);
#1828=LINE('',#10868,#2484);
#1829=LINE('',#10870,#2485);
#1830=LINE('',#10872,#2486);
#1831=LINE('',#10874,#2487);
#1832=LINE('',#10877,#2488);
#1833=LINE('',#10878,#2489);
#1834=LINE('',#10882,#2490);
#1835=LINE('',#10885,#2491);
#1836=LINE('',#10886,#2492);
#1837=LINE('',#10890,#2493);
#1838=LINE('',#10893,#2494);
#1839=LINE('',#10894,#2495);
#1840=LINE('',#10898,#2496);
#1841=LINE('',#10901,#2497);
#1842=LINE('',#10902,#2498);
#1843=LINE('',#10906,#2499);
#1844=LINE('',#10909,#2500);
#1845=LINE('',#10910,#2501);
#1846=LINE('',#10913,#2502);
#1847=LINE('',#10914,#2503);
#1848=LINE('',#10918,#2504);
#1849=LINE('',#10921,#2505);
#1850=LINE('',#10922,#2506);
#1851=LINE('',#10925,#2507);
#1852=LINE('',#10926,#2508);
#1853=LINE('',#10930,#2509);
#1854=LINE('',#10933,#2510);
#1855=LINE('',#10934,#2511);
#1856=LINE('',#10938,#2512);
#1857=LINE('',#10941,#2513);
#1858=LINE('',#10942,#2514);
#1859=LINE('',#10945,#2515);
#1860=LINE('',#10946,#2516);
#1861=LINE('',#10950,#2517);
#1862=LINE('',#10953,#2518);
#1863=LINE('',#10954,#2519);
#1864=LINE('',#10957,#2520);
#1865=LINE('',#10958,#2521);
#1866=VECTOR('',#7155,10.);
#1867=VECTOR('',#7156,10.);
#1868=VECTOR('',#7157,10.);
#1869=VECTOR('',#7158,10.);
#1870=VECTOR('',#7161,10.);
#1871=VECTOR('',#7162,10.);
#1872=VECTOR('',#7163,10.);
#1873=VECTOR('',#7166,10.);
#1874=VECTOR('',#7167,10.);
#1875=VECTOR('',#7168,10.);
#1876=VECTOR('',#7171,10.);
#1877=VECTOR('',#7172,10.);
#1878=VECTOR('',#7175,10.);
#1879=VECTOR('',#7176,10.);
#1880=VECTOR('',#7177,10.);
#1881=VECTOR('',#7178,10.);
#1882=VECTOR('',#7181,10.);
#1883=VECTOR('',#7182,10.);
#1884=VECTOR('',#7183,10.);
#1885=VECTOR('',#7186,10.);
#1886=VECTOR('',#7187,10.);
#1887=VECTOR('',#7188,10.);
#1888=VECTOR('',#7191,10.);
#1889=VECTOR('',#7192,10.);
#1890=VECTOR('',#7193,10.);
#1891=VECTOR('',#7200,10.);
#1892=VECTOR('',#7203,10.);
#1893=VECTOR('',#7206,10.);
#1894=VECTOR('',#7211,10.);
#1895=VECTOR('',#7214,10.);
#1896=VECTOR('',#7217,10.);
#1897=VECTOR('',#7220,10.);
#1898=VECTOR('',#7223,10.);
#1899=VECTOR('',#7226,10.);
#1900=VECTOR('',#7229,10.);
#1901=VECTOR('',#7232,10.);
#1902=VECTOR('',#7235,10.);
#1903=VECTOR('',#7238,10.);
#1904=VECTOR('',#7241,10.);
#1905=VECTOR('',#7244,10.);
#1906=VECTOR('',#7247,10.);
#1907=VECTOR('',#7252,10.);
#1908=VECTOR('',#7255,10.);
#1909=VECTOR('',#7258,10.);
#1910=VECTOR('',#7259,10.);
#1911=VECTOR('',#7262,10.);
#1912=VECTOR('',#7265,10.);
#1913=VECTOR('',#7268,10.);
#1914=VECTOR('',#7271,10.);
#1915=VECTOR('',#7274,1.);
#1916=VECTOR('',#7277,1.);
#1917=VECTOR('',#7280,1.);
#1918=VECTOR('',#7283,1.);
#1919=VECTOR('',#7286,1.);
#1920=VECTOR('',#7289,1.);
#1921=VECTOR('',#7292,1.);
#1922=VECTOR('',#7295,1.);
#1923=VECTOR('',#7298,1.);
#1924=VECTOR('',#7301,1.);
#1925=VECTOR('',#7304,1.);
#1926=VECTOR('',#7307,1.);
#1927=VECTOR('',#7312,1.);
#1928=VECTOR('',#7315,1.);
#1929=VECTOR('',#7318,1.);
#1930=VECTOR('',#7321,1.);
#1931=VECTOR('',#7326,1.);
#1932=VECTOR('',#7329,1.);
#1933=VECTOR('',#7332,1.);
#1934=VECTOR('',#7335,1.);
#1935=VECTOR('',#7338,1.);
#1936=VECTOR('',#7341,1.);
#1937=VECTOR('',#7344,1.);
#1938=VECTOR('',#7347,1.);
#1939=VECTOR('',#7350,1.);
#1940=VECTOR('',#7353,1.);
#1941=VECTOR('',#7356,1.);
#1942=VECTOR('',#7359,1.);
#1943=VECTOR('',#7362,1.);
#1944=VECTOR('',#7365,1.);
#1945=VECTOR('',#7368,1.);
#1946=VECTOR('',#7371,1.);
#1947=VECTOR('',#7374,1.);
#1948=VECTOR('',#7377,1.);
#1949=VECTOR('',#7380,1.);
#1950=VECTOR('',#7383,1.);
#1951=VECTOR('',#7388,1.);
#1952=VECTOR('',#7391,1.);
#1953=VECTOR('',#7394,1.);
#1954=VECTOR('',#7397,1.);
#1955=VECTOR('',#7400,1.);
#1956=VECTOR('',#7403,1.);
#1957=VECTOR('',#7406,1.);
#1958=VECTOR('',#7409,1.);
#1959=VECTOR('',#7412,1.);
#1960=VECTOR('',#7415,1.);
#1961=VECTOR('',#7418,1.);
#1962=VECTOR('',#7421,1.);
#1963=VECTOR('',#7424,1.);
#1964=VECTOR('',#7427,1.);
#1965=VECTOR('',#7430,1.);
#1966=VECTOR('',#7433,1.);
#1967=VECTOR('',#7436,1.);
#1968=VECTOR('',#7439,1.);
#1969=VECTOR('',#7442,1.);
#1970=VECTOR('',#7445,1.);
#1971=VECTOR('',#7448,1.);
#1972=VECTOR('',#7451,1.);
#1973=VECTOR('',#7454,1.);
#1974=VECTOR('',#7457,1.);
#1975=VECTOR('',#7460,1.);
#1976=VECTOR('',#7463,1.);
#1977=VECTOR('',#7466,1.);
#1978=VECTOR('',#7469,1.);
#1979=VECTOR('',#7472,1.);
#1980=VECTOR('',#7475,1.);
#1981=VECTOR('',#7478,1.);
#1982=VECTOR('',#7481,1.);
#1983=VECTOR('',#7486,0.999999999999916);
#1984=VECTOR('',#7489,0.999999999999916);
#1985=VECTOR('',#7492,0.999999999999916);
#1986=VECTOR('',#7495,0.999999999999916);
#1987=VECTOR('',#7498,1.00000000000012);
#1988=VECTOR('',#7501,1.00000000000012);
#1989=VECTOR('',#7504,1.00000000000012);
#1990=VECTOR('',#7507,1.00000000000012);
#1991=VECTOR('',#7512,10.);
#1992=VECTOR('',#7513,10.);
#1993=VECTOR('',#7516,10.);
#1994=VECTOR('',#7517,10.);
#1995=VECTOR('',#7522,10.);
#1996=VECTOR('',#7525,10.);
#1997=VECTOR('',#7526,10.);
#1998=VECTOR('',#7531,10.);
#1999=VECTOR('',#7534,10.);
#2000=VECTOR('',#7535,10.);
#2001=VECTOR('',#7540,10.);
#2002=VECTOR('',#7543,10.);
#2003=VECTOR('',#7544,10.);
#2004=VECTOR('',#7547,10.);
#2005=VECTOR('',#7548,10.);
#2006=VECTOR('',#7553,10.);
#2007=VECTOR('',#7556,10.);
#2008=VECTOR('',#7557,10.);
#2009=VECTOR('',#7562,10.);
#2010=VECTOR('',#7565,10.);
#2011=VECTOR('',#7566,10.);
#2012=VECTOR('',#7571,10.);
#2013=VECTOR('',#7576,10.);
#2014=VECTOR('',#7579,10.);
#2015=VECTOR('',#7580,10.);
#2016=VECTOR('',#7585,10.);
#2017=VECTOR('',#7588,10.);
#2018=VECTOR('',#7589,10.);
#2019=VECTOR('',#7594,10.);
#2020=VECTOR('',#7597,10.);
#2021=VECTOR('',#7598,10.);
#2022=VECTOR('',#7603,10.);
#2023=VECTOR('',#7606,10.);
#2024=VECTOR('',#7607,10.);
#2025=VECTOR('',#7612,10.);
#2026=VECTOR('',#7615,10.);
#2027=VECTOR('',#7616,10.);
#2028=VECTOR('',#7621,10.);
#2029=VECTOR('',#7624,10.);
#2030=VECTOR('',#7625,10.);
#2031=VECTOR('',#7630,10.);
#2032=VECTOR('',#7633,10.);
#2033=VECTOR('',#7634,10.);
#2034=VECTOR('',#7639,10.);
#2035=VECTOR('',#7642,10.);
#2036=VECTOR('',#7643,10.);
#2037=VECTOR('',#7648,10.);
#2038=VECTOR('',#7651,10.);
#2039=VECTOR('',#7652,10.);
#2040=VECTOR('',#7657,10.);
#2041=VECTOR('',#7660,10.);
#2042=VECTOR('',#7661,10.);
#2043=VECTOR('',#7666,10.);
#2044=VECTOR('',#7669,10.);
#2045=VECTOR('',#7670,10.);
#2046=VECTOR('',#7675,10.);
#2047=VECTOR('',#7678,10.);
#2048=VECTOR('',#7679,10.);
#2049=VECTOR('',#7684,10.);
#2050=VECTOR('',#7687,10.);
#2051=VECTOR('',#7688,10.);
#2052=VECTOR('',#7693,10.);
#2053=VECTOR('',#7698,10.);
#2054=VECTOR('',#7701,10.);
#2055=VECTOR('',#7702,10.);
#2056=VECTOR('',#7707,10.);
#2057=VECTOR('',#7710,10.);
#2058=VECTOR('',#7711,10.);
#2059=VECTOR('',#7716,10.);
#2060=VECTOR('',#7719,10.);
#2061=VECTOR('',#7720,10.);
#2062=VECTOR('',#7725,10.);
#2063=VECTOR('',#7732,10.);
#2064=VECTOR('',#7737,1.);
#2065=VECTOR('',#7740,1.);
#2066=VECTOR('',#7743,1.);
#2067=VECTOR('',#7746,1.);
#2068=VECTOR('',#7749,1.);
#2069=VECTOR('',#7752,1.);
#2070=VECTOR('',#7755,1.);
#2071=VECTOR('',#7758,1.);
#2072=VECTOR('',#7761,1.);
#2073=VECTOR('',#7764,1.);
#2074=VECTOR('',#7767,1.);
#2075=VECTOR('',#7770,1.);
#2076=VECTOR('',#7775,1.);
#2077=VECTOR('',#7778,1.);
#2078=VECTOR('',#7781,1.);
#2079=VECTOR('',#7784,1.);
#2080=VECTOR('',#7789,1.);
#2081=VECTOR('',#7792,1.);
#2082=VECTOR('',#7795,1.);
#2083=VECTOR('',#7798,1.);
#2084=VECTOR('',#7801,1.);
#2085=VECTOR('',#7804,1.);
#2086=VECTOR('',#7807,1.);
#2087=VECTOR('',#7810,1.);
#2088=VECTOR('',#7813,1.);
#2089=VECTOR('',#7816,1.);
#2090=VECTOR('',#7819,1.);
#2091=VECTOR('',#7822,1.);
#2092=VECTOR('',#7825,1.);
#2093=VECTOR('',#7828,1.);
#2094=VECTOR('',#7831,1.);
#2095=VECTOR('',#7834,1.);
#2096=VECTOR('',#7837,1.);
#2097=VECTOR('',#7840,1.);
#2098=VECTOR('',#7843,1.);
#2099=VECTOR('',#7846,1.);
#2100=VECTOR('',#7851,1.);
#2101=VECTOR('',#7854,1.);
#2102=VECTOR('',#7857,1.);
#2103=VECTOR('',#7860,1.);
#2104=VECTOR('',#7863,1.);
#2105=VECTOR('',#7866,1.);
#2106=VECTOR('',#7869,1.);
#2107=VECTOR('',#7872,1.);
#2108=VECTOR('',#7875,1.);
#2109=VECTOR('',#7878,1.);
#2110=VECTOR('',#7881,1.);
#2111=VECTOR('',#7884,1.);
#2112=VECTOR('',#7887,1.);
#2113=VECTOR('',#7890,1.);
#2114=VECTOR('',#7893,1.);
#2115=VECTOR('',#7896,1.);
#2116=VECTOR('',#7899,1.);
#2117=VECTOR('',#7902,1.);
#2118=VECTOR('',#7905,1.);
#2119=VECTOR('',#7908,1.);
#2120=VECTOR('',#7911,1.);
#2121=VECTOR('',#7914,1.);
#2122=VECTOR('',#7917,1.);
#2123=VECTOR('',#7920,1.);
#2124=VECTOR('',#7923,1.);
#2125=VECTOR('',#7926,1.);
#2126=VECTOR('',#7929,1.);
#2127=VECTOR('',#7932,1.);
#2128=VECTOR('',#7935,1.);
#2129=VECTOR('',#7938,1.);
#2130=VECTOR('',#7941,1.);
#2131=VECTOR('',#7944,1.);
#2132=VECTOR('',#7949,0.999999999999916);
#2133=VECTOR('',#7952,0.999999999999916);
#2134=VECTOR('',#7955,0.999999999999916);
#2135=VECTOR('',#7958,0.999999999999916);
#2136=VECTOR('',#7961,1.00000000000012);
#2137=VECTOR('',#7964,1.00000000000012);
#2138=VECTOR('',#7967,1.00000000000012);
#2139=VECTOR('',#7970,1.00000000000012);
#2140=VECTOR('',#7973,1.);
#2141=VECTOR('',#7974,1.);
#2142=VECTOR('',#7977,1.);
#2143=VECTOR('',#7980,1.);
#2144=VECTOR('',#7983,1.);
#2145=VECTOR('',#7986,1.);
#2146=VECTOR('',#7989,1.);
#2147=VECTOR('',#7992,1.);
#2148=VECTOR('',#7997,1.);
#2149=VECTOR('',#7998,1.);
#2150=VECTOR('',#8001,1.);
#2151=VECTOR('',#8004,1.);
#2152=VECTOR('',#8007,1.);
#2153=VECTOR('',#8010,1.);
#2154=VECTOR('',#8013,1.);
#2155=VECTOR('',#8016,1.);
#2156=VECTOR('',#8021,1.1);
#2157=VECTOR('',#8024,1.);
#2158=VECTOR('',#8025,1.);
#2159=VECTOR('',#8028,1.);
#2160=VECTOR('',#8031,1.);
#2161=VECTOR('',#8034,1.);
#2162=VECTOR('',#8037,1.);
#2163=VECTOR('',#8040,1.);
#2164=VECTOR('',#8043,1.);
#2165=VECTOR('',#8048,1.);
#2166=VECTOR('',#8049,1.);
#2167=VECTOR('',#8052,1.);
#2168=VECTOR('',#8055,1.);
#2169=VECTOR('',#8058,1.);
#2170=VECTOR('',#8061,1.);
#2171=VECTOR('',#8064,1.);
#2172=VECTOR('',#8067,1.);
#2173=VECTOR('',#8072,1.);
#2174=VECTOR('',#8073,1.);
#2175=VECTOR('',#8076,1.);
#2176=VECTOR('',#8079,1.);
#2177=VECTOR('',#8082,1.);
#2178=VECTOR('',#8085,1.);
#2179=VECTOR('',#8088,1.);
#2180=VECTOR('',#8091,1.);
#2181=VECTOR('',#8096,1.);
#2182=VECTOR('',#8097,1.);
#2183=VECTOR('',#8100,1.);
#2184=VECTOR('',#8103,1.);
#2185=VECTOR('',#8106,1.);
#2186=VECTOR('',#8109,1.);
#2187=VECTOR('',#8112,1.);
#2188=VECTOR('',#8115,1.);
#2189=VECTOR('',#8120,1.);
#2190=VECTOR('',#8121,1.);
#2191=VECTOR('',#8124,1.);
#2192=VECTOR('',#8127,1.);
#2193=VECTOR('',#8130,1.);
#2194=VECTOR('',#8133,1.);
#2195=VECTOR('',#8136,1.);
#2196=VECTOR('',#8139,1.);
#2197=VECTOR('',#8144,1.);
#2198=VECTOR('',#8145,1.);
#2199=VECTOR('',#8148,1.);
#2200=VECTOR('',#8151,1.);
#2201=VECTOR('',#8154,1.);
#2202=VECTOR('',#8157,1.);
#2203=VECTOR('',#8160,1.);
#2204=VECTOR('',#8163,1.);
#2205=VECTOR('',#8168,1.);
#2206=VECTOR('',#8169,1.);
#2207=VECTOR('',#8172,1.);
#2208=VECTOR('',#8175,1.);
#2209=VECTOR('',#8178,1.);
#2210=VECTOR('',#8181,1.);
#2211=VECTOR('',#8184,1.);
#2212=VECTOR('',#8187,1.);
#2213=VECTOR('',#8192,1.);
#2214=VECTOR('',#8193,1.);
#2215=VECTOR('',#8196,1.);
#2216=VECTOR('',#8199,1.);
#2217=VECTOR('',#8202,1.);
#2218=VECTOR('',#8205,1.);
#2219=VECTOR('',#8208,1.);
#2220=VECTOR('',#8211,1.);
#2221=VECTOR('',#8216,1.1);
#2222=VECTOR('',#8219,1.);
#2223=VECTOR('',#8220,1.);
#2224=VECTOR('',#8223,1.);
#2225=VECTOR('',#8226,1.);
#2226=VECTOR('',#8229,1.);
#2227=VECTOR('',#8232,1.);
#2228=VECTOR('',#8235,1.);
#2229=VECTOR('',#8238,1.);
#2230=VECTOR('',#8243,1.);
#2231=VECTOR('',#8244,1.);
#2232=VECTOR('',#8247,1.);
#2233=VECTOR('',#8250,1.);
#2234=VECTOR('',#8253,1.);
#2235=VECTOR('',#8256,1.);
#2236=VECTOR('',#8259,1.);
#2237=VECTOR('',#8262,1.);
#2238=VECTOR('',#8267,1.);
#2239=VECTOR('',#8268,1.);
#2240=VECTOR('',#8271,1.);
#2241=VECTOR('',#8274,1.);
#2242=VECTOR('',#8277,1.);
#2243=VECTOR('',#8280,1.);
#2244=VECTOR('',#8283,1.);
#2245=VECTOR('',#8286,1.);
#2246=VECTOR('',#8291,1.);
#2247=VECTOR('',#8292,1.);
#2248=VECTOR('',#8295,1.);
#2249=VECTOR('',#8298,1.);
#2250=VECTOR('',#8301,1.);
#2251=VECTOR('',#8304,1.);
#2252=VECTOR('',#8307,1.);
#2253=VECTOR('',#8310,1.);
#2254=VECTOR('',#8315,1.);
#2255=VECTOR('',#8316,1.);
#2256=VECTOR('',#8319,1.);
#2257=VECTOR('',#8322,1.);
#2258=VECTOR('',#8325,1.);
#2259=VECTOR('',#8328,1.);
#2260=VECTOR('',#8331,1.);
#2261=VECTOR('',#8334,1.);
#2262=VECTOR('',#8339,1.1);
#2263=VECTOR('',#8342,1.);
#2264=VECTOR('',#8343,1.);
#2265=VECTOR('',#8346,1.);
#2266=VECTOR('',#8349,1.);
#2267=VECTOR('',#8352,1.);
#2268=VECTOR('',#8355,1.);
#2269=VECTOR('',#8358,1.);
#2270=VECTOR('',#8361,1.);
#2271=VECTOR('',#8366,1.1);
#2272=VECTOR('',#8369,1.);
#2273=VECTOR('',#8370,1.);
#2274=VECTOR('',#8373,1.);
#2275=VECTOR('',#8376,1.);
#2276=VECTOR('',#8379,1.);
#2277=VECTOR('',#8382,1.);
#2278=VECTOR('',#8385,1.);
#2279=VECTOR('',#8388,1.);
#2280=VECTOR('',#8393,1.);
#2281=VECTOR('',#8394,1.);
#2282=VECTOR('',#8397,1.);
#2283=VECTOR('',#8400,1.);
#2284=VECTOR('',#8403,1.);
#2285=VECTOR('',#8406,1.);
#2286=VECTOR('',#8409,1.);
#2287=VECTOR('',#8412,1.);
#2288=VECTOR('',#8417,1.);
#2289=VECTOR('',#8418,1.);
#2290=VECTOR('',#8421,1.);
#2291=VECTOR('',#8424,1.);
#2292=VECTOR('',#8427,1.);
#2293=VECTOR('',#8430,1.);
#2294=VECTOR('',#8433,1.);
#2295=VECTOR('',#8436,1.);
#2296=VECTOR('',#8441,10.);
#2297=VECTOR('',#8442,10.);
#2298=VECTOR('',#8443,10.);
#2299=VECTOR('',#8444,10.);
#2300=VECTOR('',#8447,10.);
#2301=VECTOR('',#8448,10.);
#2302=VECTOR('',#8449,10.);
#2303=VECTOR('',#8450,10.);
#2304=VECTOR('',#8451,10.);
#2305=VECTOR('',#8452,10.);
#2306=VECTOR('',#8453,10.);
#2307=VECTOR('',#8454,10.);
#2308=VECTOR('',#8457,10.);
#2309=VECTOR('',#8458,10.);
#2310=VECTOR('',#8459,10.);
#2311=VECTOR('',#8462,10.);
#2312=VECTOR('',#8463,10.);
#2313=VECTOR('',#8464,10.);
#2314=VECTOR('',#8467,10.);
#2315=VECTOR('',#8468,10.);
#2316=VECTOR('',#8471,10.);
#2317=VECTOR('',#8472,10.);
#2318=VECTOR('',#8475,10.);
#2319=VECTOR('',#8476,10.);
#2320=VECTOR('',#8477,10.);
#2321=VECTOR('',#8478,10.);
#2322=VECTOR('',#8481,10.);
#2323=VECTOR('',#8482,10.);
#2324=VECTOR('',#8483,10.);
#2325=VECTOR('',#8484,10.);
#2326=VECTOR('',#8487,10.);
#2327=VECTOR('',#8488,10.);
#2328=VECTOR('',#8489,10.);
#2329=VECTOR('',#8490,10.);
#2330=VECTOR('',#8491,10.);
#2331=VECTOR('',#8494,10.);
#2332=VECTOR('',#8501,10.);
#2333=VECTOR('',#8504,10.);
#2334=VECTOR('',#8507,10.);
#2335=VECTOR('',#8508,10.);
#2336=VECTOR('',#8511,10.);
#2337=VECTOR('',#8514,10.);
#2338=VECTOR('',#8519,10.);
#2339=VECTOR('',#8520,10.);
#2340=VECTOR('',#8521,10.);
#2341=VECTOR('',#8526,10.);
#2342=VECTOR('',#8529,10.);
#2343=VECTOR('',#8532,10.);
#2344=VECTOR('',#8533,10.);
#2345=VECTOR('',#8536,10.);
#2346=VECTOR('',#8539,10.);
#2347=VECTOR('',#8542,10.);
#2348=VECTOR('',#8545,10.);
#2349=VECTOR('',#8548,10.);
#2350=VECTOR('',#8551,10.);
#2351=VECTOR('',#8554,10.);
#2352=VECTOR('',#8557,10.);
#2353=VECTOR('',#8558,10.);
#2354=VECTOR('',#8561,10.);
#2355=VECTOR('',#8562,10.);
#2356=VECTOR('',#8565,10.);
#2357=VECTOR('',#8568,10.);
#2358=VECTOR('',#8569,10.);
#2359=VECTOR('',#8572,10.);
#2360=VECTOR('',#8573,10.);
#2361=VECTOR('',#8576,10.);
#2362=VECTOR('',#8577,10.);
#2363=VECTOR('',#8578,10.);
#2364=VECTOR('',#8581,10.);
#2365=VECTOR('',#8584,10.);
#2366=VECTOR('',#8587,10.);
#2367=VECTOR('',#8590,10.);
#2368=VECTOR('',#8593,10.);
#2369=VECTOR('',#8596,10.);
#2370=VECTOR('',#8599,10.);
#2371=VECTOR('',#8602,10.);
#2372=VECTOR('',#8605,10.);
#2373=VECTOR('',#8608,10.);
#2374=VECTOR('',#8613,10.);
#2375=VECTOR('',#8616,10.);
#2376=VECTOR('',#8619,10.);
#2377=VECTOR('',#8624,10.);
#2378=VECTOR('',#8625,10.);
#2379=VECTOR('',#8630,10.);
#2380=VECTOR('',#8631,10.);
#2381=VECTOR('',#8634,10.);
#2382=VECTOR('',#8635,10.);
#2383=VECTOR('',#8638,10.);
#2384=VECTOR('',#8639,10.);
#2385=VECTOR('',#8642,10.);
#2386=VECTOR('',#8645,10.);
#2387=VECTOR('',#8648,10.);
#2388=VECTOR('',#8651,10.);
#2389=VECTOR('',#8652,10.);
#2390=VECTOR('',#8655,10.);
#2391=VECTOR('',#8658,10.);
#2392=VECTOR('',#8663,10.);
#2393=VECTOR('',#8664,10.);
#2394=VECTOR('',#8665,10.);
#2395=VECTOR('',#8670,10.);
#2396=VECTOR('',#8673,10.);
#2397=VECTOR('',#8676,10.);
#2398=VECTOR('',#8677,10.);
#2399=VECTOR('',#8680,10.);
#2400=VECTOR('',#8683,10.);
#2401=VECTOR('',#8690,10.);
#2402=VECTOR('',#8691,10.);
#2403=VECTOR('',#8694,10.);
#2404=VECTOR('',#8699,10.);
#2405=VECTOR('',#8700,10.);
#2406=VECTOR('',#8703,10.);
#2407=VECTOR('',#8708,10.);
#2408=VECTOR('',#8709,10.);
#2409=VECTOR('',#8712,10.);
#2410=VECTOR('',#8713,10.);
#2411=VECTOR('',#8714,10.);
#2412=VECTOR('',#8717,10.);
#2413=VECTOR('',#8718,10.);
#2414=VECTOR('',#8721,10.);
#2415=VECTOR('',#8722,10.);
#2416=VECTOR('',#8727,10.);
#2417=VECTOR('',#8730,10.);
#2418=VECTOR('',#8731,10.);
#2419=VECTOR('',#8736,10.);
#2420=VECTOR('',#8739,10.);
#2421=VECTOR('',#8740,10.);
#2422=VECTOR('',#8745,10.);
#2423=VECTOR('',#8748,10.);
#2424=VECTOR('',#8749,10.);
#2425=VECTOR('',#8754,10.);
#2426=VECTOR('',#8757,10.);
#2427=VECTOR('',#8758,10.);
#2428=VECTOR('',#8763,10.);
#2429=VECTOR('',#8766,10.);
#2430=VECTOR('',#8767,10.);
#2431=VECTOR('',#8772,10.);
#2432=VECTOR('',#8775,10.);
#2433=VECTOR('',#8776,10.);
#2434=VECTOR('',#8781,10.);
#2435=VECTOR('',#8784,10.);
#2436=VECTOR('',#8785,10.);
#2437=VECTOR('',#8790,10.);
#2438=VECTOR('',#8793,10.);
#2439=VECTOR('',#8794,10.);
#2440=VECTOR('',#8799,10.);
#2441=VECTOR('',#8802,10.);
#2442=VECTOR('',#8803,10.);
#2443=VECTOR('',#8808,10.);
#2444=VECTOR('',#8811,10.);
#2445=VECTOR('',#8812,10.);
#2446=VECTOR('',#8817,10.);
#2447=VECTOR('',#8822,10.);
#2448=VECTOR('',#8825,10.);
#2449=VECTOR('',#8826,10.);
#2450=VECTOR('',#8831,10.);
#2451=VECTOR('',#8834,10.);
#2452=VECTOR('',#8835,10.);
#2453=VECTOR('',#8840,10.);
#2454=VECTOR('',#8843,10.);
#2455=VECTOR('',#8844,10.);
#2456=VECTOR('',#8849,10.);
#2457=VECTOR('',#8858,10.);
#2458=VECTOR('',#8861,10.);
#2459=VECTOR('',#8864,10.);
#2460=VECTOR('',#8867,10.);
#2461=VECTOR('',#8870,10.);
#2462=VECTOR('',#8873,10.);
#2463=VECTOR('',#8876,10.);
#2464=VECTOR('',#8879,10.);
#2465=VECTOR('',#8882,10.);
#2466=VECTOR('',#8885,10.);
#2467=VECTOR('',#8888,10.);
#2468=VECTOR('',#8891,10.);
#2469=VECTOR('',#8894,10.);
#2470=VECTOR('',#8897,10.);
#2471=VECTOR('',#8900,10.);
#2472=VECTOR('',#8903,10.);
#2473=VECTOR('',#8906,10.);
#2474=VECTOR('',#8909,10.);
#2475=VECTOR('',#8912,10.);
#2476=VECTOR('',#8915,10.);
#2477=VECTOR('',#8918,10.);
#2478=VECTOR('',#8921,10.);
#2479=VECTOR('',#8924,10.);
#2480=VECTOR('',#8927,10.);
#2481=VECTOR('',#8930,10.);
#2482=VECTOR('',#8933,10.);
#2483=VECTOR('',#8936,10.);
#2484=VECTOR('',#8939,10.);
#2485=VECTOR('',#8942,10.);
#2486=VECTOR('',#8945,10.);
#2487=VECTOR('',#8948,10.);
#2488=VECTOR('',#8951,10.);
#2489=VECTOR('',#8952,10.);
#2490=VECTOR('',#8957,10.);
#2491=VECTOR('',#8960,10.);
#2492=VECTOR('',#8961,10.);
#2493=VECTOR('',#8966,10.);
#2494=VECTOR('',#8969,10.);
#2495=VECTOR('',#8970,10.);
#2496=VECTOR('',#8975,10.);
#2497=VECTOR('',#8978,10.);
#2498=VECTOR('',#8979,10.);
#2499=VECTOR('',#8984,10.);
#2500=VECTOR('',#8987,10.);
#2501=VECTOR('',#8988,10.);
#2502=VECTOR('',#8991,10.);
#2503=VECTOR('',#8992,10.);
#2504=VECTOR('',#8997,10.);
#2505=VECTOR('',#9000,10.);
#2506=VECTOR('',#9001,10.);
#2507=VECTOR('',#9004,10.);
#2508=VECTOR('',#9005,10.);
#2509=VECTOR('',#9010,10.);
#2510=VECTOR('',#9013,10.);
#2511=VECTOR('',#9014,10.);
#2512=VECTOR('',#9019,10.);
#2513=VECTOR('',#9022,10.);
#2514=VECTOR('',#9023,10.);
#2515=VECTOR('',#9026,10.);
#2516=VECTOR('',#9027,10.);
#2517=VECTOR('',#9032,10.);
#2518=VECTOR('',#9035,10.);
#2519=VECTOR('',#9036,10.);
#2520=VECTOR('',#9039,10.);
#2521=VECTOR('',#9040,10.);
#2522=VERTEX_POINT('',#9052);
#2523=VERTEX_POINT('',#9053);
#2524=VERTEX_POINT('',#9055);
#2525=VERTEX_POINT('',#9057);
#2526=VERTEX_POINT('',#9061);
#2527=VERTEX_POINT('',#9063);
#2528=VERTEX_POINT('',#9067);
#2529=VERTEX_POINT('',#9069);
#2530=VERTEX_POINT('',#9076);
#2531=VERTEX_POINT('',#9077);
#2532=VERTEX_POINT('',#9079);
#2533=VERTEX_POINT('',#9081);
#2534=VERTEX_POINT('',#9085);
#2535=VERTEX_POINT('',#9087);
#2536=VERTEX_POINT('',#9091);
#2537=VERTEX_POINT('',#9093);
#2538=VERTEX_POINT('',#9097);
#2539=VERTEX_POINT('',#9099);
#2540=VERTEX_POINT('',#9103);
#2541=VERTEX_POINT('',#9105);
#2542=VERTEX_POINT('',#9107);
#2543=VERTEX_POINT('',#9109);
#2544=VERTEX_POINT('',#9111);
#2545=VERTEX_POINT('',#9113);
#2546=VERTEX_POINT('',#9115);
#2547=VERTEX_POINT('',#9117);
#2548=VERTEX_POINT('',#9119);
#2549=VERTEX_POINT('',#9121);
#2550=VERTEX_POINT('',#9123);
#2551=VERTEX_POINT('',#9125);
#2552=VERTEX_POINT('',#9127);
#2553=VERTEX_POINT('',#9129);
#2554=VERTEX_POINT('',#9131);
#2555=VERTEX_POINT('',#9133);
#2556=VERTEX_POINT('',#9135);
#2557=VERTEX_POINT('',#9137);
#2558=VERTEX_POINT('',#9139);
#2559=VERTEX_POINT('',#9141);
#2560=VERTEX_POINT('',#9143);
#2561=VERTEX_POINT('',#9145);
#2562=VERTEX_POINT('',#9147);
#2563=VERTEX_POINT('',#9149);
#2564=VERTEX_POINT('',#9151);
#2565=VERTEX_POINT('',#9153);
#2566=VERTEX_POINT('',#9155);
#2567=VERTEX_POINT('',#9157);
#2568=VERTEX_POINT('',#9159);
#2569=VERTEX_POINT('',#9161);
#2570=VERTEX_POINT('',#9163);
#2571=VERTEX_POINT('',#9165);
#2572=VERTEX_POINT('',#9167);
#2573=VERTEX_POINT('',#9169);
#2574=VERTEX_POINT('',#9171);
#2575=VERTEX_POINT('',#9173);
#2576=VERTEX_POINT('',#9175);
#2577=VERTEX_POINT('',#9177);
#2578=VERTEX_POINT('',#9179);
#2579=VERTEX_POINT('',#9181);
#2580=VERTEX_POINT('',#9183);
#2581=VERTEX_POINT('',#9185);
#2582=VERTEX_POINT('',#9187);
#2583=VERTEX_POINT('',#9189);
#2584=VERTEX_POINT('',#9191);
#2585=VERTEX_POINT('',#9193);
#2586=VERTEX_POINT('',#9195);
#2587=VERTEX_POINT('',#9197);
#2588=VERTEX_POINT('',#9199);
#2589=VERTEX_POINT('',#9202);
#2590=VERTEX_POINT('',#9203);
#2591=VERTEX_POINT('',#9205);
#2592=VERTEX_POINT('',#9207);
#2593=VERTEX_POINT('',#9209);
#2594=VERTEX_POINT('',#9211);
#2595=VERTEX_POINT('',#9213);
#2596=VERTEX_POINT('',#9215);
#2597=VERTEX_POINT('',#9218);
#2598=VERTEX_POINT('',#9219);
#2599=VERTEX_POINT('',#9221);
#2600=VERTEX_POINT('',#9223);
#2601=VERTEX_POINT('',#9225);
#2602=VERTEX_POINT('',#9227);
#2603=VERTEX_POINT('',#9229);
#2604=VERTEX_POINT('',#9231);
#2605=VERTEX_POINT('',#9234);
#2606=VERTEX_POINT('',#9235);
#2607=VERTEX_POINT('',#9237);
#2608=VERTEX_POINT('',#9239);
#2609=VERTEX_POINT('',#9241);
#2610=VERTEX_POINT('',#9243);
#2611=VERTEX_POINT('',#9245);
#2612=VERTEX_POINT('',#9247);
#2613=VERTEX_POINT('',#9250);
#2614=VERTEX_POINT('',#9252);
#2615=VERTEX_POINT('',#9253);
#2616=VERTEX_POINT('',#9255);
#2617=VERTEX_POINT('',#9257);
#2618=VERTEX_POINT('',#9259);
#2619=VERTEX_POINT('',#9261);
#2620=VERTEX_POINT('',#9263);
#2621=VERTEX_POINT('',#9265);
#2622=VERTEX_POINT('',#9268);
#2623=VERTEX_POINT('',#9270);
#2624=VERTEX_POINT('',#9271);
#2625=VERTEX_POINT('',#9273);
#2626=VERTEX_POINT('',#9275);
#2627=VERTEX_POINT('',#9277);
#2628=VERTEX_POINT('',#9279);
#2629=VERTEX_POINT('',#9281);
#2630=VERTEX_POINT('',#9283);
#2631=VERTEX_POINT('',#9286);
#2632=VERTEX_POINT('',#9287);
#2633=VERTEX_POINT('',#9289);
#2634=VERTEX_POINT('',#9291);
#2635=VERTEX_POINT('',#9293);
#2636=VERTEX_POINT('',#9295);
#2637=VERTEX_POINT('',#9297);
#2638=VERTEX_POINT('',#9299);
#2639=VERTEX_POINT('',#9302);
#2640=VERTEX_POINT('',#9303);
#2641=VERTEX_POINT('',#9305);
#2642=VERTEX_POINT('',#9307);
#2643=VERTEX_POINT('',#9309);
#2644=VERTEX_POINT('',#9311);
#2645=VERTEX_POINT('',#9313);
#2646=VERTEX_POINT('',#9315);
#2647=VERTEX_POINT('',#9318);
#2648=VERTEX_POINT('',#9319);
#2649=VERTEX_POINT('',#9321);
#2650=VERTEX_POINT('',#9323);
#2651=VERTEX_POINT('',#9325);
#2652=VERTEX_POINT('',#9327);
#2653=VERTEX_POINT('',#9329);
#2654=VERTEX_POINT('',#9331);
#2655=VERTEX_POINT('',#9334);
#2656=VERTEX_POINT('',#9335);
#2657=VERTEX_POINT('',#9337);
#2658=VERTEX_POINT('',#9339);
#2659=VERTEX_POINT('',#9341);
#2660=VERTEX_POINT('',#9343);
#2661=VERTEX_POINT('',#9345);
#2662=VERTEX_POINT('',#9347);
#2663=VERTEX_POINT('',#9350);
#2664=VERTEX_POINT('',#9352);
#2665=VERTEX_POINT('',#9353);
#2666=VERTEX_POINT('',#9355);
#2667=VERTEX_POINT('',#9357);
#2668=VERTEX_POINT('',#9359);
#2669=VERTEX_POINT('',#9361);
#2670=VERTEX_POINT('',#9363);
#2671=VERTEX_POINT('',#9365);
#2672=VERTEX_POINT('',#9368);
#2673=VERTEX_POINT('',#9369);
#2674=VERTEX_POINT('',#9371);
#2675=VERTEX_POINT('',#9373);
#2676=VERTEX_POINT('',#9375);
#2677=VERTEX_POINT('',#9377);
#2678=VERTEX_POINT('',#9379);
#2679=VERTEX_POINT('',#9381);
#2680=VERTEX_POINT('',#9384);
#2681=VERTEX_POINT('',#9385);
#2682=VERTEX_POINT('',#9387);
#2683=VERTEX_POINT('',#9389);
#2684=VERTEX_POINT('',#9391);
#2685=VERTEX_POINT('',#9393);
#2686=VERTEX_POINT('',#9395);
#2687=VERTEX_POINT('',#9397);
#2688=VERTEX_POINT('',#9400);
#2689=VERTEX_POINT('',#9401);
#2690=VERTEX_POINT('',#9403);
#2691=VERTEX_POINT('',#9405);
#2692=VERTEX_POINT('',#9407);
#2693=VERTEX_POINT('',#9409);
#2694=VERTEX_POINT('',#9411);
#2695=VERTEX_POINT('',#9413);
#2696=VERTEX_POINT('',#9416);
#2697=VERTEX_POINT('',#9417);
#2698=VERTEX_POINT('',#9419);
#2699=VERTEX_POINT('',#9421);
#2700=VERTEX_POINT('',#9423);
#2701=VERTEX_POINT('',#9425);
#2702=VERTEX_POINT('',#9427);
#2703=VERTEX_POINT('',#9429);
#2704=VERTEX_POINT('',#9432);
#2705=VERTEX_POINT('',#9433);
#2706=VERTEX_POINT('',#9435);
#2707=VERTEX_POINT('',#9437);
#2708=VERTEX_POINT('',#9439);
#2709=VERTEX_POINT('',#9441);
#2710=VERTEX_POINT('',#9443);
#2711=VERTEX_POINT('',#9445);
#2712=VERTEX_POINT('',#9448);
#2713=VERTEX_POINT('',#9449);
#2714=VERTEX_POINT('',#9451);
#2715=VERTEX_POINT('',#9453);
#2716=VERTEX_POINT('',#9455);
#2717=VERTEX_POINT('',#9457);
#2718=VERTEX_POINT('',#9459);
#2719=VERTEX_POINT('',#9461);
#2720=VERTEX_POINT('',#9464);
#2721=VERTEX_POINT('',#9465);
#2722=VERTEX_POINT('',#9467);
#2723=VERTEX_POINT('',#9469);
#2724=VERTEX_POINT('',#9471);
#2725=VERTEX_POINT('',#9473);
#2726=VERTEX_POINT('',#9475);
#2727=VERTEX_POINT('',#9477);
#2728=VERTEX_POINT('',#9480);
#2729=VERTEX_POINT('',#9482);
#2730=VERTEX_POINT('',#9483);
#2731=VERTEX_POINT('',#9485);
#2732=VERTEX_POINT('',#9487);
#2733=VERTEX_POINT('',#9489);
#2734=VERTEX_POINT('',#9491);
#2735=VERTEX_POINT('',#9493);
#2736=VERTEX_POINT('',#9495);
#2737=VERTEX_POINT('',#9498);
#2738=VERTEX_POINT('',#9499);
#2739=VERTEX_POINT('',#9501);
#2740=VERTEX_POINT('',#9503);
#2741=VERTEX_POINT('',#9505);
#2742=VERTEX_POINT('',#9507);
#2743=VERTEX_POINT('',#9509);
#2744=VERTEX_POINT('',#9511);
#2745=VERTEX_POINT('',#9515);
#2746=VERTEX_POINT('',#9516);
#2747=VERTEX_POINT('',#9521);
#2748=VERTEX_POINT('',#9525);
#2749=VERTEX_POINT('',#9529);
#2750=VERTEX_POINT('',#9533);
#2751=VERTEX_POINT('',#9537);
#2752=VERTEX_POINT('',#9541);
#2753=VERTEX_POINT('',#9545);
#2754=VERTEX_POINT('',#9549);
#2755=VERTEX_POINT('',#9553);
#2756=VERTEX_POINT('',#9557);
#2757=VERTEX_POINT('',#9561);
#2758=VERTEX_POINT('',#9565);
#2759=VERTEX_POINT('',#9569);
#2760=VERTEX_POINT('',#9573);
#2761=VERTEX_POINT('',#9577);
#2762=VERTEX_POINT('',#9581);
#2763=VERTEX_POINT('',#9585);
#2764=VERTEX_POINT('',#9589);
#2765=VERTEX_POINT('',#9593);
#2766=VERTEX_POINT('',#9597);
#2767=VERTEX_POINT('',#9601);
#2768=VERTEX_POINT('',#9605);
#2769=VERTEX_POINT('',#9609);
#2770=VERTEX_POINT('',#9613);
#2771=VERTEX_POINT('',#9617);
#2772=VERTEX_POINT('',#9621);
#2773=VERTEX_POINT('',#9625);
#2774=VERTEX_POINT('',#9629);
#2775=VERTEX_POINT('',#9633);
#2776=VERTEX_POINT('',#9637);
#2777=VERTEX_POINT('',#9641);
#2778=VERTEX_POINT('',#9645);
#2779=VERTEX_POINT('',#9649);
#2780=VERTEX_POINT('',#9653);
#2781=VERTEX_POINT('',#9657);
#2782=VERTEX_POINT('',#9661);
#2783=VERTEX_POINT('',#9665);
#2784=VERTEX_POINT('',#9669);
#2785=VERTEX_POINT('',#9673);
#2786=VERTEX_POINT('',#9677);
#2787=VERTEX_POINT('',#9681);
#2788=VERTEX_POINT('',#9685);
#2789=VERTEX_POINT('',#9689);
#2790=VERTEX_POINT('',#9693);
#2791=VERTEX_POINT('',#9697);
#2792=VERTEX_POINT('',#9701);
#2793=VERTEX_POINT('',#9705);
#2794=VERTEX_POINT('',#9713);
#2795=VERTEX_POINT('',#9714);
#2796=VERTEX_POINT('',#9716);
#2797=VERTEX_POINT('',#9718);
#2798=VERTEX_POINT('',#9720);
#2799=VERTEX_POINT('',#9722);
#2800=VERTEX_POINT('',#9724);
#2801=VERTEX_POINT('',#9726);
#2802=VERTEX_POINT('',#9729);
#2803=VERTEX_POINT('',#9730);
#2804=VERTEX_POINT('',#9732);
#2805=VERTEX_POINT('',#9734);
#2806=VERTEX_POINT('',#9736);
#2807=VERTEX_POINT('',#9738);
#2808=VERTEX_POINT('',#9740);
#2809=VERTEX_POINT('',#9742);
#2810=VERTEX_POINT('',#9745);
#2811=VERTEX_POINT('',#9746);
#2812=VERTEX_POINT('',#9748);
#2813=VERTEX_POINT('',#9750);
#2814=VERTEX_POINT('',#9752);
#2815=VERTEX_POINT('',#9754);
#2816=VERTEX_POINT('',#9756);
#2817=VERTEX_POINT('',#9758);
#2818=VERTEX_POINT('',#9761);
#2819=VERTEX_POINT('',#9763);
#2820=VERTEX_POINT('',#9764);
#2821=VERTEX_POINT('',#9766);
#2822=VERTEX_POINT('',#9768);
#2823=VERTEX_POINT('',#9770);
#2824=VERTEX_POINT('',#9772);
#2825=VERTEX_POINT('',#9774);
#2826=VERTEX_POINT('',#9776);
#2827=VERTEX_POINT('',#9779);
#2828=VERTEX_POINT('',#9781);
#2829=VERTEX_POINT('',#9782);
#2830=VERTEX_POINT('',#9784);
#2831=VERTEX_POINT('',#9786);
#2832=VERTEX_POINT('',#9788);
#2833=VERTEX_POINT('',#9790);
#2834=VERTEX_POINT('',#9792);
#2835=VERTEX_POINT('',#9794);
#2836=VERTEX_POINT('',#9797);
#2837=VERTEX_POINT('',#9798);
#2838=VERTEX_POINT('',#9800);
#2839=VERTEX_POINT('',#9802);
#2840=VERTEX_POINT('',#9804);
#2841=VERTEX_POINT('',#9806);
#2842=VERTEX_POINT('',#9808);
#2843=VERTEX_POINT('',#9810);
#2844=VERTEX_POINT('',#9813);
#2845=VERTEX_POINT('',#9814);
#2846=VERTEX_POINT('',#9816);
#2847=VERTEX_POINT('',#9818);
#2848=VERTEX_POINT('',#9820);
#2849=VERTEX_POINT('',#9822);
#2850=VERTEX_POINT('',#9824);
#2851=VERTEX_POINT('',#9826);
#2852=VERTEX_POINT('',#9829);
#2853=VERTEX_POINT('',#9830);
#2854=VERTEX_POINT('',#9832);
#2855=VERTEX_POINT('',#9834);
#2856=VERTEX_POINT('',#9836);
#2857=VERTEX_POINT('',#9838);
#2858=VERTEX_POINT('',#9840);
#2859=VERTEX_POINT('',#9842);
#2860=VERTEX_POINT('',#9845);
#2861=VERTEX_POINT('',#9846);
#2862=VERTEX_POINT('',#9848);
#2863=VERTEX_POINT('',#9850);
#2864=VERTEX_POINT('',#9852);
#2865=VERTEX_POINT('',#9854);
#2866=VERTEX_POINT('',#9856);
#2867=VERTEX_POINT('',#9858);
#2868=VERTEX_POINT('',#9861);
#2869=VERTEX_POINT('',#9863);
#2870=VERTEX_POINT('',#9864);
#2871=VERTEX_POINT('',#9866);
#2872=VERTEX_POINT('',#9868);
#2873=VERTEX_POINT('',#9870);
#2874=VERTEX_POINT('',#9872);
#2875=VERTEX_POINT('',#9874);
#2876=VERTEX_POINT('',#9876);
#2877=VERTEX_POINT('',#9879);
#2878=VERTEX_POINT('',#9880);
#2879=VERTEX_POINT('',#9882);
#2880=VERTEX_POINT('',#9884);
#2881=VERTEX_POINT('',#9886);
#2882=VERTEX_POINT('',#9888);
#2883=VERTEX_POINT('',#9890);
#2884=VERTEX_POINT('',#9892);
#2885=VERTEX_POINT('',#9895);
#2886=VERTEX_POINT('',#9896);
#2887=VERTEX_POINT('',#9898);
#2888=VERTEX_POINT('',#9900);
#2889=VERTEX_POINT('',#9902);
#2890=VERTEX_POINT('',#9904);
#2891=VERTEX_POINT('',#9906);
#2892=VERTEX_POINT('',#9908);
#2893=VERTEX_POINT('',#9911);
#2894=VERTEX_POINT('',#9912);
#2895=VERTEX_POINT('',#9914);
#2896=VERTEX_POINT('',#9916);
#2897=VERTEX_POINT('',#9918);
#2898=VERTEX_POINT('',#9920);
#2899=VERTEX_POINT('',#9922);
#2900=VERTEX_POINT('',#9924);
#2901=VERTEX_POINT('',#9927);
#2902=VERTEX_POINT('',#9928);
#2903=VERTEX_POINT('',#9930);
#2904=VERTEX_POINT('',#9932);
#2905=VERTEX_POINT('',#9934);
#2906=VERTEX_POINT('',#9936);
#2907=VERTEX_POINT('',#9938);
#2908=VERTEX_POINT('',#9940);
#2909=VERTEX_POINT('',#9943);
#2910=VERTEX_POINT('',#9944);
#2911=VERTEX_POINT('',#9946);
#2912=VERTEX_POINT('',#9948);
#2913=VERTEX_POINT('',#9950);
#2914=VERTEX_POINT('',#9952);
#2915=VERTEX_POINT('',#9954);
#2916=VERTEX_POINT('',#9956);
#2917=VERTEX_POINT('',#9959);
#2918=VERTEX_POINT('',#9960);
#2919=VERTEX_POINT('',#9962);
#2920=VERTEX_POINT('',#9964);
#2921=VERTEX_POINT('',#9966);
#2922=VERTEX_POINT('',#9968);
#2923=VERTEX_POINT('',#9970);
#2924=VERTEX_POINT('',#9972);
#2925=VERTEX_POINT('',#9975);
#2926=VERTEX_POINT('',#9976);
#2927=VERTEX_POINT('',#9978);
#2928=VERTEX_POINT('',#9980);
#2929=VERTEX_POINT('',#9982);
#2930=VERTEX_POINT('',#9984);
#2931=VERTEX_POINT('',#9986);
#2932=VERTEX_POINT('',#9988);
#2933=VERTEX_POINT('',#9991);
#2934=VERTEX_POINT('',#9993);
#2935=VERTEX_POINT('',#9994);
#2936=VERTEX_POINT('',#9996);
#2937=VERTEX_POINT('',#9998);
#2938=VERTEX_POINT('',#10000);
#2939=VERTEX_POINT('',#10002);
#2940=VERTEX_POINT('',#10004);
#2941=VERTEX_POINT('',#10006);
#2942=VERTEX_POINT('',#10009);
#2943=VERTEX_POINT('',#10010);
#2944=VERTEX_POINT('',#10012);
#2945=VERTEX_POINT('',#10014);
#2946=VERTEX_POINT('',#10016);
#2947=VERTEX_POINT('',#10018);
#2948=VERTEX_POINT('',#10020);
#2949=VERTEX_POINT('',#10022);
#2950=VERTEX_POINT('',#10338);
#2951=VERTEX_POINT('',#10339);
#2952=VERTEX_POINT('',#10341);
#2953=VERTEX_POINT('',#10343);
#2954=VERTEX_POINT('',#10347);
#2955=VERTEX_POINT('',#10348);
#2956=VERTEX_POINT('',#10350);
#2957=VERTEX_POINT('',#10352);
#2958=VERTEX_POINT('',#10354);
#2959=VERTEX_POINT('',#10356);
#2960=VERTEX_POINT('',#10358);
#2961=VERTEX_POINT('',#10360);
#2962=VERTEX_POINT('',#10364);
#2963=VERTEX_POINT('',#10366);
#2964=VERTEX_POINT('',#10370);
#2965=VERTEX_POINT('',#10375);
#2966=VERTEX_POINT('',#10382);
#2967=VERTEX_POINT('',#10383);
#2968=VERTEX_POINT('',#10385);
#2969=VERTEX_POINT('',#10387);
#2970=VERTEX_POINT('',#10391);
#2971=VERTEX_POINT('',#10392);
#2972=VERTEX_POINT('',#10394);
#2973=VERTEX_POINT('',#10396);
#2974=VERTEX_POINT('',#10400);
#2975=VERTEX_POINT('',#10401);
#2976=VERTEX_POINT('',#10405);
#2977=VERTEX_POINT('',#10407);
#2978=VERTEX_POINT('',#10409);
#2979=VERTEX_POINT('',#10411);
#2980=VERTEX_POINT('',#10415);
#2981=VERTEX_POINT('',#10417);
#2982=VERTEX_POINT('',#10419);
#2983=VERTEX_POINT('',#10421);
#2984=VERTEX_POINT('',#10423);
#2985=VERTEX_POINT('',#10425);
#2986=VERTEX_POINT('',#10427);
#2987=VERTEX_POINT('',#10429);
#2988=VERTEX_POINT('',#10431);
#2989=VERTEX_POINT('',#10433);
#2990=VERTEX_POINT('',#10435);
#2991=VERTEX_POINT('',#10437);
#2992=VERTEX_POINT('',#10439);
#2993=VERTEX_POINT('',#10441);
#2994=VERTEX_POINT('',#10443);
#2995=VERTEX_POINT('',#10445);
#2996=VERTEX_POINT('',#10447);
#2997=VERTEX_POINT('',#10449);
#2998=VERTEX_POINT('',#10451);
#2999=VERTEX_POINT('',#10453);
#3000=VERTEX_POINT('',#10455);
#3001=VERTEX_POINT('',#10457);
#3002=VERTEX_POINT('',#10459);
#3003=VERTEX_POINT('',#10461);
#3004=VERTEX_POINT('',#10463);
#3005=VERTEX_POINT('',#10465);
#3006=VERTEX_POINT('',#10467);
#3007=VERTEX_POINT('',#10469);
#3008=VERTEX_POINT('',#10471);
#3009=VERTEX_POINT('',#10473);
#3010=VERTEX_POINT('',#10475);
#3011=VERTEX_POINT('',#10477);
#3012=VERTEX_POINT('',#10479);
#3013=VERTEX_POINT('',#10481);
#3014=VERTEX_POINT('',#10483);
#3015=VERTEX_POINT('',#10485);
#3016=VERTEX_POINT('',#10487);
#3017=VERTEX_POINT('',#10489);
#3018=VERTEX_POINT('',#10491);
#3019=VERTEX_POINT('',#10493);
#3020=VERTEX_POINT('',#10495);
#3021=VERTEX_POINT('',#10497);
#3022=VERTEX_POINT('',#10499);
#3023=VERTEX_POINT('',#10501);
#3024=VERTEX_POINT('',#10503);
#3025=VERTEX_POINT('',#10505);
#3026=VERTEX_POINT('',#10507);
#3027=VERTEX_POINT('',#10509);
#3028=VERTEX_POINT('',#10511);
#3029=VERTEX_POINT('',#10513);
#3030=VERTEX_POINT('',#10515);
#3031=VERTEX_POINT('',#10517);
#3032=VERTEX_POINT('',#10519);
#3033=VERTEX_POINT('',#10521);
#3034=VERTEX_POINT('',#10523);
#3035=VERTEX_POINT('',#10525);
#3036=VERTEX_POINT('',#10527);
#3037=VERTEX_POINT('',#10529);
#3038=VERTEX_POINT('',#10531);
#3039=VERTEX_POINT('',#10533);
#3040=VERTEX_POINT('',#10535);
#3041=VERTEX_POINT('',#10537);
#3042=VERTEX_POINT('',#10539);
#3043=VERTEX_POINT('',#10541);
#3044=VERTEX_POINT('',#10543);
#3045=VERTEX_POINT('',#10545);
#3046=VERTEX_POINT('',#10547);
#3047=VERTEX_POINT('',#10549);
#3048=VERTEX_POINT('',#10551);
#3049=VERTEX_POINT('',#10553);
#3050=VERTEX_POINT('',#10555);
#3051=VERTEX_POINT('',#10557);
#3052=VERTEX_POINT('',#10559);
#3053=VERTEX_POINT('',#10561);
#3054=VERTEX_POINT('',#10563);
#3055=VERTEX_POINT('',#10565);
#3056=VERTEX_POINT('',#10567);
#3057=VERTEX_POINT('',#10569);
#3058=VERTEX_POINT('',#10571);
#3059=VERTEX_POINT('',#10573);
#3060=VERTEX_POINT('',#10575);
#3061=VERTEX_POINT('',#10577);
#3062=VERTEX_POINT('',#10579);
#3063=VERTEX_POINT('',#10581);
#3064=VERTEX_POINT('',#10583);
#3065=VERTEX_POINT('',#10586);
#3066=VERTEX_POINT('',#10590);
#3067=VERTEX_POINT('',#10594);
#3068=VERTEX_POINT('',#10598);
#3069=VERTEX_POINT('',#10600);
#3070=VERTEX_POINT('',#10602);
#3071=VERTEX_POINT('',#10604);
#3072=VERTEX_POINT('',#10606);
#3073=VERTEX_POINT('',#10608);
#3074=VERTEX_POINT('',#10610);
#3075=VERTEX_POINT('',#10612);
#3076=VERTEX_POINT('',#10614);
#3077=VERTEX_POINT('',#10616);
#3078=VERTEX_POINT('',#10618);
#3079=VERTEX_POINT('',#10620);
#3080=VERTEX_POINT('',#10622);
#3081=VERTEX_POINT('',#10624);
#3082=VERTEX_POINT('',#10626);
#3083=VERTEX_POINT('',#10628);
#3084=VERTEX_POINT('',#10630);
#3085=VERTEX_POINT('',#10632);
#3086=VERTEX_POINT('',#10634);
#3087=VERTEX_POINT('',#10636);
#3088=VERTEX_POINT('',#10638);
#3089=VERTEX_POINT('',#10640);
#3090=VERTEX_POINT('',#10642);
#3091=VERTEX_POINT('',#10644);
#3092=VERTEX_POINT('',#10646);
#3093=VERTEX_POINT('',#10648);
#3094=VERTEX_POINT('',#10650);
#3095=VERTEX_POINT('',#10652);
#3096=VERTEX_POINT('',#10654);
#3097=VERTEX_POINT('',#10656);
#3098=VERTEX_POINT('',#10658);
#3099=VERTEX_POINT('',#10660);
#3100=VERTEX_POINT('',#10665);
#3101=VERTEX_POINT('',#10669);
#3102=VERTEX_POINT('',#10673);
#3103=VERTEX_POINT('',#10677);
#3104=VERTEX_POINT('',#10681);
#3105=VERTEX_POINT('',#10685);
#3106=VERTEX_POINT('',#10687);
#3107=VERTEX_POINT('',#10691);
#3108=VERTEX_POINT('',#10695);
#3109=VERTEX_POINT('',#10699);
#3110=VERTEX_POINT('',#10703);
#3111=VERTEX_POINT('',#10707);
#3112=VERTEX_POINT('',#10711);
#3113=VERTEX_POINT('',#10715);
#3114=VERTEX_POINT('',#10719);
#3115=VERTEX_POINT('',#10723);
#3116=VERTEX_POINT('',#10727);
#3117=VERTEX_POINT('',#10731);
#3118=VERTEX_POINT('',#10735);
#3119=VERTEX_POINT('',#10739);
#3120=VERTEX_POINT('',#10743);
#3121=VERTEX_POINT('',#10747);
#3122=VERTEX_POINT('',#10751);
#3123=VERTEX_POINT('',#10755);
#3124=VERTEX_POINT('',#10759);
#3125=VERTEX_POINT('',#10763);
#3126=VERTEX_POINT('',#10767);
#3127=VERTEX_POINT('',#10771);
#3128=VERTEX_POINT('',#10775);
#3129=VERTEX_POINT('',#10779);
#3130=VERTEX_POINT('',#10783);
#3131=VERTEX_POINT('',#10787);
#3132=VERTEX_POINT('',#10791);
#3133=VERTEX_POINT('',#10795);
#3134=VERTEX_POINT('',#10799);
#3135=VERTEX_POINT('',#10803);
#3136=VERTEX_POINT('',#10807);
#3137=VERTEX_POINT('',#10876);
#3138=VERTEX_POINT('',#10880);
#3139=VERTEX_POINT('',#10884);
#3140=VERTEX_POINT('',#10888);
#3141=VERTEX_POINT('',#10892);
#3142=VERTEX_POINT('',#10896);
#3143=VERTEX_POINT('',#10900);
#3144=VERTEX_POINT('',#10904);
#3145=VERTEX_POINT('',#10908);
#3146=VERTEX_POINT('',#10912);
#3147=VERTEX_POINT('',#10916);
#3148=VERTEX_POINT('',#10920);
#3149=VERTEX_POINT('',#10924);
#3150=VERTEX_POINT('',#10928);
#3151=VERTEX_POINT('',#10932);
#3152=VERTEX_POINT('',#10936);
#3153=VERTEX_POINT('',#10940);
#3154=VERTEX_POINT('',#10944);
#3155=VERTEX_POINT('',#10948);
#3156=VERTEX_POINT('',#10952);
#3157=VERTEX_POINT('',#10956);
#3158=EDGE_CURVE('',#2522,#2523,#1210,.T.);
#3159=EDGE_CURVE('',#2524,#2522,#1211,.T.);
#3160=EDGE_CURVE('',#2525,#2524,#1212,.T.);
#3161=EDGE_CURVE('',#2525,#2523,#1213,.T.);
#3162=EDGE_CURVE('',#2523,#2526,#1214,.T.);
#3163=EDGE_CURVE('',#2527,#2525,#1215,.T.);
#3164=EDGE_CURVE('',#2527,#2526,#1216,.T.);
#3165=EDGE_CURVE('',#2526,#2528,#1217,.T.);
#3166=EDGE_CURVE('',#2529,#2527,#1218,.T.);
#3167=EDGE_CURVE('',#2529,#2528,#1219,.T.);
#3168=EDGE_CURVE('',#2528,#2522,#1220,.T.);
#3169=EDGE_CURVE('',#2524,#2529,#1221,.T.);
#3170=EDGE_CURVE('',#2530,#2531,#1222,.T.);
#3171=EDGE_CURVE('',#2532,#2530,#1223,.T.);
#3172=EDGE_CURVE('',#2533,#2532,#1224,.T.);
#3173=EDGE_CURVE('',#2533,#2531,#1225,.T.);
#3174=EDGE_CURVE('',#2531,#2534,#1226,.T.);
#3175=EDGE_CURVE('',#2535,#2533,#1227,.T.);
#3176=EDGE_CURVE('',#2534,#2535,#1228,.T.);
#3177=EDGE_CURVE('',#2536,#2530,#1229,.T.);
#3178=EDGE_CURVE('',#2537,#2536,#1230,.T.);
#3179=EDGE_CURVE('',#2532,#2537,#1231,.T.);
#3180=EDGE_CURVE('',#2538,#2535,#1232,.T.);
#3181=EDGE_CURVE('',#2538,#2539,#1233,.T.);
#3182=EDGE_CURVE('',#2534,#2539,#1234,.T.);
#3183=EDGE_CURVE('',#2539,#2540,#221,.T.);
#3184=EDGE_CURVE('',#2540,#2541,#222,.T.);
#3185=EDGE_CURVE('',#2541,#2542,#1235,.T.);
#3186=EDGE_CURVE('',#2542,#2543,#223,.T.);
#3187=EDGE_CURVE('',#2543,#2544,#1236,.T.);
#3188=EDGE_CURVE('',#2544,#2545,#224,.T.);
#3189=EDGE_CURVE('',#2545,#2546,#1237,.T.);
#3190=EDGE_CURVE('',#2546,#2547,#225,.T.);
#3191=EDGE_CURVE('',#2547,#2548,#226,.T.);
#3192=EDGE_CURVE('',#2548,#2549,#1238,.T.);
#3193=EDGE_CURVE('',#2549,#2550,#227,.T.);
#3194=EDGE_CURVE('',#2550,#2551,#1239,.T.);
#3195=EDGE_CURVE('',#2551,#2552,#228,.T.);
#3196=EDGE_CURVE('',#2552,#2553,#1240,.T.);
#3197=EDGE_CURVE('',#2553,#2554,#229,.T.);
#3198=EDGE_CURVE('',#2554,#2555,#1241,.T.);
#3199=EDGE_CURVE('',#2555,#2556,#230,.T.);
#3200=EDGE_CURVE('',#2556,#2557,#1242,.T.);
#3201=EDGE_CURVE('',#2557,#2558,#231,.T.);
#3202=EDGE_CURVE('',#2558,#2559,#1243,.T.);
#3203=EDGE_CURVE('',#2559,#2560,#232,.T.);
#3204=EDGE_CURVE('',#2560,#2561,#1244,.T.);
#3205=EDGE_CURVE('',#2561,#2562,#233,.T.);
#3206=EDGE_CURVE('',#2562,#2563,#1245,.T.);
#3207=EDGE_CURVE('',#2563,#2564,#234,.T.);
#3208=EDGE_CURVE('',#2564,#2565,#1246,.T.);
#3209=EDGE_CURVE('',#2565,#2566,#235,.T.);
#3210=EDGE_CURVE('',#2566,#2567,#1247,.T.);
#3211=EDGE_CURVE('',#2567,#2568,#236,.T.);
#3212=EDGE_CURVE('',#2568,#2569,#1248,.T.);
#3213=EDGE_CURVE('',#2569,#2570,#237,.T.);
#3214=EDGE_CURVE('',#2570,#2571,#1249,.T.);
#3215=EDGE_CURVE('',#2571,#2572,#238,.T.);
#3216=EDGE_CURVE('',#2572,#2573,#1250,.T.);
#3217=EDGE_CURVE('',#2573,#2574,#239,.T.);
#3218=EDGE_CURVE('',#2574,#2575,#240,.T.);
#3219=EDGE_CURVE('',#2575,#2576,#1251,.T.);
#3220=EDGE_CURVE('',#2576,#2577,#241,.T.);
#3221=EDGE_CURVE('',#2577,#2578,#1252,.T.);
#3222=EDGE_CURVE('',#2578,#2579,#242,.T.);
#3223=EDGE_CURVE('',#2579,#2580,#1253,.T.);
#3224=EDGE_CURVE('',#2580,#2581,#1254,.T.);
#3225=EDGE_CURVE('',#2581,#2582,#243,.T.);
#3226=EDGE_CURVE('',#2582,#2583,#1255,.T.);
#3227=EDGE_CURVE('',#2583,#2584,#244,.T.);
#3228=EDGE_CURVE('',#2584,#2585,#1256,.T.);
#3229=EDGE_CURVE('',#2585,#2586,#245,.T.);
#3230=EDGE_CURVE('',#2586,#2587,#1257,.T.);
#3231=EDGE_CURVE('',#2587,#2588,#246,.T.);
#3232=EDGE_CURVE('',#2588,#2536,#1258,.T.);
#3233=EDGE_CURVE('',#2589,#2590,#247,.T.);
#3234=EDGE_CURVE('',#2590,#2591,#1259,.T.);
#3235=EDGE_CURVE('',#2591,#2592,#248,.T.);
#3236=EDGE_CURVE('',#2592,#2593,#1260,.T.);
#3237=EDGE_CURVE('',#2593,#2594,#249,.T.);
#3238=EDGE_CURVE('',#2594,#2595,#1261,.T.);
#3239=EDGE_CURVE('',#2595,#2596,#250,.T.);
#3240=EDGE_CURVE('',#2596,#2589,#1262,.T.);
#3241=EDGE_CURVE('',#2597,#2598,#251,.T.);
#3242=EDGE_CURVE('',#2598,#2599,#1263,.T.);
#3243=EDGE_CURVE('',#2599,#2600,#252,.T.);
#3244=EDGE_CURVE('',#2600,#2601,#1264,.T.);
#3245=EDGE_CURVE('',#2601,#2602,#253,.T.);
#3246=EDGE_CURVE('',#2602,#2603,#1265,.T.);
#3247=EDGE_CURVE('',#2603,#2604,#254,.T.);
#3248=EDGE_CURVE('',#2604,#2597,#1266,.T.);
#3249=EDGE_CURVE('',#2605,#2606,#255,.T.);
#3250=EDGE_CURVE('',#2606,#2607,#1267,.T.);
#3251=EDGE_CURVE('',#2607,#2608,#256,.T.);
#3252=EDGE_CURVE('',#2608,#2609,#1268,.T.);
#3253=EDGE_CURVE('',#2609,#2610,#257,.T.);
#3254=EDGE_CURVE('',#2610,#2611,#1269,.T.);
#3255=EDGE_CURVE('',#2611,#2612,#258,.T.);
#3256=EDGE_CURVE('',#2612,#2605,#1270,.T.);
#3257=EDGE_CURVE('',#2613,#2613,#259,.T.);
#3258=EDGE_CURVE('',#2614,#2615,#260,.T.);
#3259=EDGE_CURVE('',#2615,#2616,#1271,.T.);
#3260=EDGE_CURVE('',#2616,#2617,#261,.T.);
#3261=EDGE_CURVE('',#2617,#2618,#1272,.T.);
#3262=EDGE_CURVE('',#2618,#2619,#262,.T.);
#3263=EDGE_CURVE('',#2619,#2620,#1273,.T.);
#3264=EDGE_CURVE('',#2620,#2621,#263,.T.);
#3265=EDGE_CURVE('',#2621,#2614,#1274,.T.);
#3266=EDGE_CURVE('',#2622,#2622,#264,.T.);
#3267=EDGE_CURVE('',#2623,#2624,#265,.T.);
#3268=EDGE_CURVE('',#2624,#2625,#1275,.T.);
#3269=EDGE_CURVE('',#2625,#2626,#266,.T.);
#3270=EDGE_CURVE('',#2626,#2627,#1276,.T.);
#3271=EDGE_CURVE('',#2627,#2628,#267,.T.);
#3272=EDGE_CURVE('',#2628,#2629,#1277,.T.);
#3273=EDGE_CURVE('',#2629,#2630,#268,.T.);
#3274=EDGE_CURVE('',#2630,#2623,#1278,.T.);
#3275=EDGE_CURVE('',#2631,#2632,#269,.T.);
#3276=EDGE_CURVE('',#2632,#2633,#1279,.T.);
#3277=EDGE_CURVE('',#2633,#2634,#270,.T.);
#3278=EDGE_CURVE('',#2634,#2635,#1280,.T.);
#3279=EDGE_CURVE('',#2635,#2636,#271,.T.);
#3280=EDGE_CURVE('',#2636,#2637,#1281,.T.);
#3281=EDGE_CURVE('',#2637,#2638,#272,.T.);
#3282=EDGE_CURVE('',#2638,#2631,#1282,.T.);
#3283=EDGE_CURVE('',#2639,#2640,#273,.T.);
#3284=EDGE_CURVE('',#2640,#2641,#1283,.T.);
#3285=EDGE_CURVE('',#2641,#2642,#274,.T.);
#3286=EDGE_CURVE('',#2642,#2643,#1284,.T.);
#3287=EDGE_CURVE('',#2643,#2644,#275,.T.);
#3288=EDGE_CURVE('',#2644,#2645,#1285,.T.);
#3289=EDGE_CURVE('',#2645,#2646,#276,.T.);
#3290=EDGE_CURVE('',#2646,#2639,#1286,.T.);
#3291=EDGE_CURVE('',#2647,#2648,#277,.T.);
#3292=EDGE_CURVE('',#2648,#2649,#1287,.T.);
#3293=EDGE_CURVE('',#2649,#2650,#278,.T.);
#3294=EDGE_CURVE('',#2650,#2651,#1288,.T.);
#3295=EDGE_CURVE('',#2651,#2652,#279,.T.);
#3296=EDGE_CURVE('',#2652,#2653,#1289,.T.);
#3297=EDGE_CURVE('',#2653,#2654,#280,.T.);
#3298=EDGE_CURVE('',#2654,#2647,#1290,.T.);
#3299=EDGE_CURVE('',#2655,#2656,#281,.T.);
#3300=EDGE_CURVE('',#2656,#2657,#1291,.T.);
#3301=EDGE_CURVE('',#2657,#2658,#282,.T.);
#3302=EDGE_CURVE('',#2658,#2659,#1292,.T.);
#3303=EDGE_CURVE('',#2659,#2660,#283,.T.);
#3304=EDGE_CURVE('',#2660,#2661,#1293,.T.);
#3305=EDGE_CURVE('',#2661,#2662,#284,.T.);
#3306=EDGE_CURVE('',#2662,#2655,#1294,.T.);
#3307=EDGE_CURVE('',#2663,#2663,#285,.T.);
#3308=EDGE_CURVE('',#2664,#2665,#286,.T.);
#3309=EDGE_CURVE('',#2665,#2666,#1295,.T.);
#3310=EDGE_CURVE('',#2666,#2667,#287,.T.);
#3311=EDGE_CURVE('',#2667,#2668,#1296,.T.);
#3312=EDGE_CURVE('',#2668,#2669,#288,.T.);
#3313=EDGE_CURVE('',#2669,#2670,#1297,.T.);
#3314=EDGE_CURVE('',#2670,#2671,#289,.T.);
#3315=EDGE_CURVE('',#2671,#2664,#1298,.T.);
#3316=EDGE_CURVE('',#2672,#2673,#290,.T.);
#3317=EDGE_CURVE('',#2673,#2674,#1299,.T.);
#3318=EDGE_CURVE('',#2674,#2675,#291,.T.);
#3319=EDGE_CURVE('',#2675,#2676,#1300,.T.);
#3320=EDGE_CURVE('',#2676,#2677,#292,.T.);
#3321=EDGE_CURVE('',#2677,#2678,#1301,.T.);
#3322=EDGE_CURVE('',#2678,#2679,#293,.T.);
#3323=EDGE_CURVE('',#2679,#2672,#1302,.T.);
#3324=EDGE_CURVE('',#2680,#2681,#294,.T.);
#3325=EDGE_CURVE('',#2681,#2682,#1303,.T.);
#3326=EDGE_CURVE('',#2682,#2683,#295,.T.);
#3327=EDGE_CURVE('',#2683,#2684,#1304,.T.);
#3328=EDGE_CURVE('',#2684,#2685,#296,.T.);
#3329=EDGE_CURVE('',#2685,#2686,#1305,.T.);
#3330=EDGE_CURVE('',#2686,#2687,#297,.T.);
#3331=EDGE_CURVE('',#2687,#2680,#1306,.T.);
#3332=EDGE_CURVE('',#2688,#2689,#298,.T.);
#3333=EDGE_CURVE('',#2689,#2690,#1307,.T.);
#3334=EDGE_CURVE('',#2690,#2691,#299,.T.);
#3335=EDGE_CURVE('',#2691,#2692,#1308,.T.);
#3336=EDGE_CURVE('',#2692,#2693,#300,.T.);
#3337=EDGE_CURVE('',#2693,#2694,#1309,.T.);
#3338=EDGE_CURVE('',#2694,#2695,#301,.T.);
#3339=EDGE_CURVE('',#2695,#2688,#1310,.T.);
#3340=EDGE_CURVE('',#2696,#2697,#302,.T.);
#3341=EDGE_CURVE('',#2697,#2698,#1311,.T.);
#3342=EDGE_CURVE('',#2698,#2699,#303,.T.);
#3343=EDGE_CURVE('',#2699,#2700,#1312,.T.);
#3344=EDGE_CURVE('',#2700,#2701,#304,.T.);
#3345=EDGE_CURVE('',#2701,#2702,#1313,.T.);
#3346=EDGE_CURVE('',#2702,#2703,#305,.T.);
#3347=EDGE_CURVE('',#2703,#2696,#1314,.T.);
#3348=EDGE_CURVE('',#2704,#2705,#306,.T.);
#3349=EDGE_CURVE('',#2705,#2706,#1315,.T.);
#3350=EDGE_CURVE('',#2706,#2707,#307,.T.);
#3351=EDGE_CURVE('',#2707,#2708,#1316,.T.);
#3352=EDGE_CURVE('',#2708,#2709,#308,.T.);
#3353=EDGE_CURVE('',#2709,#2710,#1317,.T.);
#3354=EDGE_CURVE('',#2710,#2711,#309,.T.);
#3355=EDGE_CURVE('',#2711,#2704,#1318,.T.);
#3356=EDGE_CURVE('',#2712,#2713,#310,.T.);
#3357=EDGE_CURVE('',#2713,#2714,#1319,.T.);
#3358=EDGE_CURVE('',#2714,#2715,#311,.T.);
#3359=EDGE_CURVE('',#2715,#2716,#1320,.T.);
#3360=EDGE_CURVE('',#2716,#2717,#312,.T.);
#3361=EDGE_CURVE('',#2717,#2718,#1321,.T.);
#3362=EDGE_CURVE('',#2718,#2719,#313,.T.);
#3363=EDGE_CURVE('',#2719,#2712,#1322,.T.);
#3364=EDGE_CURVE('',#2720,#2721,#314,.T.);
#3365=EDGE_CURVE('',#2721,#2722,#1323,.T.);
#3366=EDGE_CURVE('',#2722,#2723,#315,.T.);
#3367=EDGE_CURVE('',#2723,#2724,#1324,.T.);
#3368=EDGE_CURVE('',#2724,#2725,#316,.T.);
#3369=EDGE_CURVE('',#2725,#2726,#1325,.T.);
#3370=EDGE_CURVE('',#2726,#2727,#317,.T.);
#3371=EDGE_CURVE('',#2727,#2720,#1326,.T.);
#3372=EDGE_CURVE('',#2728,#2728,#318,.T.);
#3373=EDGE_CURVE('',#2729,#2730,#319,.T.);
#3374=EDGE_CURVE('',#2730,#2731,#1327,.T.);
#3375=EDGE_CURVE('',#2731,#2732,#320,.T.);
#3376=EDGE_CURVE('',#2732,#2733,#1328,.T.);
#3377=EDGE_CURVE('',#2733,#2734,#321,.T.);
#3378=EDGE_CURVE('',#2734,#2735,#1329,.T.);
#3379=EDGE_CURVE('',#2735,#2736,#322,.T.);
#3380=EDGE_CURVE('',#2736,#2729,#1330,.T.);
#3381=EDGE_CURVE('',#2737,#2738,#323,.T.);
#3382=EDGE_CURVE('',#2738,#2739,#1331,.T.);
#3383=EDGE_CURVE('',#2739,#2740,#324,.T.);
#3384=EDGE_CURVE('',#2740,#2741,#1332,.T.);
#3385=EDGE_CURVE('',#2741,#2742,#325,.T.);
#3386=EDGE_CURVE('',#2742,#2743,#1333,.T.);
#3387=EDGE_CURVE('',#2743,#2744,#326,.T.);
#3388=EDGE_CURVE('',#2744,#2737,#1334,.T.);
#3389=EDGE_CURVE('',#2745,#2746,#327,.T.);
#3390=EDGE_CURVE('',#2745,#2588,#1335,.T.);
#3391=EDGE_CURVE('',#2746,#2587,#1336,.T.);
#3392=EDGE_CURVE('',#2746,#2747,#1337,.T.);
#3393=EDGE_CURVE('',#2747,#2586,#1338,.T.);
#3394=EDGE_CURVE('',#2748,#2747,#328,.T.);
#3395=EDGE_CURVE('',#2748,#2585,#1339,.T.);
#3396=EDGE_CURVE('',#2748,#2749,#1340,.T.);
#3397=EDGE_CURVE('',#2749,#2584,#1341,.T.);
#3398=EDGE_CURVE('',#2749,#2750,#329,.T.);
#3399=EDGE_CURVE('',#2750,#2583,#1342,.T.);
#3400=EDGE_CURVE('',#2750,#2751,#1343,.T.);
#3401=EDGE_CURVE('',#2751,#2582,#1344,.T.);
#3402=EDGE_CURVE('',#2751,#2752,#330,.T.);
#3403=EDGE_CURVE('',#2752,#2581,#1345,.T.);
#3404=EDGE_CURVE('',#2752,#2753,#1346,.T.);
#3405=EDGE_CURVE('',#2753,#2580,#1347,.T.);
#3406=EDGE_CURVE('',#2753,#2754,#1348,.T.);
#3407=EDGE_CURVE('',#2754,#2579,#1349,.T.);
#3408=EDGE_CURVE('',#2754,#2755,#331,.T.);
#3409=EDGE_CURVE('',#2755,#2578,#1350,.T.);
#3410=EDGE_CURVE('',#2755,#2756,#1351,.T.);
#3411=EDGE_CURVE('',#2756,#2577,#1352,.T.);
#3412=EDGE_CURVE('',#2757,#2756,#332,.T.);
#3413=EDGE_CURVE('',#2757,#2576,#1353,.T.);
#3414=EDGE_CURVE('',#2757,#2758,#1354,.T.);
#3415=EDGE_CURVE('',#2758,#2575,#1355,.T.);
#3416=EDGE_CURVE('',#2758,#2759,#333,.T.);
#3417=EDGE_CURVE('',#2759,#2574,#1356,.T.);
#3418=EDGE_CURVE('',#2760,#2759,#334,.T.);
#3419=EDGE_CURVE('',#2760,#2573,#1357,.T.);
#3420=EDGE_CURVE('',#2760,#2761,#1358,.T.);
#3421=EDGE_CURVE('',#2761,#2572,#1359,.T.);
#3422=EDGE_CURVE('',#2762,#2761,#335,.T.);
#3423=EDGE_CURVE('',#2762,#2571,#1360,.T.);
#3424=EDGE_CURVE('',#2762,#2763,#1361,.T.);
#3425=EDGE_CURVE('',#2763,#2570,#1362,.T.);
#3426=EDGE_CURVE('',#2763,#2764,#336,.T.);
#3427=EDGE_CURVE('',#2764,#2569,#1363,.T.);
#3428=EDGE_CURVE('',#2764,#2765,#1364,.T.);
#3429=EDGE_CURVE('',#2765,#2568,#1365,.T.);
#3430=EDGE_CURVE('',#2765,#2766,#337,.T.);
#3431=EDGE_CURVE('',#2766,#2567,#1366,.T.);
#3432=EDGE_CURVE('',#2766,#2767,#1367,.T.);
#3433=EDGE_CURVE('',#2767,#2566,#1368,.T.);
#3434=EDGE_CURVE('',#2768,#2767,#338,.T.);
#3435=EDGE_CURVE('',#2768,#2565,#1369,.T.);
#3436=EDGE_CURVE('',#2768,#2769,#1370,.T.);
#3437=EDGE_CURVE('',#2769,#2564,#1371,.T.);
#3438=EDGE_CURVE('',#2769,#2770,#339,.T.);
#3439=EDGE_CURVE('',#2770,#2563,#1372,.T.);
#3440=EDGE_CURVE('',#2770,#2771,#1373,.T.);
#3441=EDGE_CURVE('',#2771,#2562,#1374,.T.);
#3442=EDGE_CURVE('',#2772,#2771,#340,.T.);
#3443=EDGE_CURVE('',#2772,#2561,#1375,.T.);
#3444=EDGE_CURVE('',#2772,#2773,#1376,.T.);
#3445=EDGE_CURVE('',#2773,#2560,#1377,.T.);
#3446=EDGE_CURVE('',#2773,#2774,#341,.T.);
#3447=EDGE_CURVE('',#2774,#2559,#1378,.T.);
#3448=EDGE_CURVE('',#2774,#2775,#1379,.T.);
#3449=EDGE_CURVE('',#2775,#2558,#1380,.T.);
#3450=EDGE_CURVE('',#2775,#2776,#342,.T.);
#3451=EDGE_CURVE('',#2776,#2557,#1381,.T.);
#3452=EDGE_CURVE('',#2776,#2777,#1382,.T.);
#3453=EDGE_CURVE('',#2777,#2556,#1383,.T.);
#3454=EDGE_CURVE('',#2778,#2777,#343,.T.);
#3455=EDGE_CURVE('',#2778,#2555,#1384,.T.);
#3456=EDGE_CURVE('',#2778,#2779,#1385,.T.);
#3457=EDGE_CURVE('',#2779,#2554,#1386,.T.);
#3458=EDGE_CURVE('',#2779,#2780,#344,.T.);
#3459=EDGE_CURVE('',#2780,#2553,#1387,.T.);
#3460=EDGE_CURVE('',#2780,#2781,#1388,.T.);
#3461=EDGE_CURVE('',#2781,#2552,#1389,.T.);
#3462=EDGE_CURVE('',#2782,#2781,#345,.T.);
#3463=EDGE_CURVE('',#2782,#2551,#1390,.T.);
#3464=EDGE_CURVE('',#2782,#2783,#1391,.T.);
#3465=EDGE_CURVE('',#2783,#2550,#1392,.T.);
#3466=EDGE_CURVE('',#2783,#2784,#346,.T.);
#3467=EDGE_CURVE('',#2784,#2549,#1393,.T.);
#3468=EDGE_CURVE('',#2784,#2785,#1394,.T.);
#3469=EDGE_CURVE('',#2785,#2548,#1395,.T.);
#3470=EDGE_CURVE('',#2786,#2785,#347,.T.);
#3471=EDGE_CURVE('',#2786,#2547,#1396,.T.);
#3472=EDGE_CURVE('',#2786,#2787,#348,.T.);
#3473=EDGE_CURVE('',#2787,#2546,#1397,.T.);
#3474=EDGE_CURVE('',#2787,#2788,#1398,.T.);
#3475=EDGE_CURVE('',#2788,#2545,#1399,.T.);
#3476=EDGE_CURVE('',#2788,#2789,#349,.T.);
#3477=EDGE_CURVE('',#2789,#2544,#1400,.T.);
#3478=EDGE_CURVE('',#2789,#2790,#1401,.T.);
#3479=EDGE_CURVE('',#2790,#2543,#1402,.T.);
#3480=EDGE_CURVE('',#2791,#2790,#350,.T.);
#3481=EDGE_CURVE('',#2791,#2542,#1403,.T.);
#3482=EDGE_CURVE('',#2791,#2792,#1404,.T.);
#3483=EDGE_CURVE('',#2792,#2541,#1405,.T.);
#3484=EDGE_CURVE('',#2792,#2793,#351,.T.);
#3485=EDGE_CURVE('',#2793,#2540,#1406,.T.);
#3486=EDGE_CURVE('',#2538,#2793,#352,.T.);
#3487=EDGE_CURVE('',#2537,#2745,#1407,.T.);
#3488=EDGE_CURVE('',#2794,#2795,#353,.T.);
#3489=EDGE_CURVE('',#2796,#2794,#1408,.T.);
#3490=EDGE_CURVE('',#2797,#2796,#354,.T.);
#3491=EDGE_CURVE('',#2798,#2797,#1409,.T.);
#3492=EDGE_CURVE('',#2799,#2798,#355,.T.);
#3493=EDGE_CURVE('',#2800,#2799,#1410,.T.);
#3494=EDGE_CURVE('',#2801,#2800,#356,.T.);
#3495=EDGE_CURVE('',#2795,#2801,#1411,.T.);
#3496=EDGE_CURVE('',#2802,#2803,#357,.T.);
#3497=EDGE_CURVE('',#2804,#2802,#1412,.T.);
#3498=EDGE_CURVE('',#2805,#2804,#358,.T.);
#3499=EDGE_CURVE('',#2806,#2805,#1413,.T.);
#3500=EDGE_CURVE('',#2807,#2806,#359,.T.);
#3501=EDGE_CURVE('',#2808,#2807,#1414,.T.);
#3502=EDGE_CURVE('',#2809,#2808,#360,.T.);
#3503=EDGE_CURVE('',#2803,#2809,#1415,.T.);
#3504=EDGE_CURVE('',#2810,#2811,#361,.T.);
#3505=EDGE_CURVE('',#2812,#2810,#1416,.T.);
#3506=EDGE_CURVE('',#2813,#2812,#362,.T.);
#3507=EDGE_CURVE('',#2814,#2813,#1417,.T.);
#3508=EDGE_CURVE('',#2815,#2814,#363,.T.);
#3509=EDGE_CURVE('',#2816,#2815,#1418,.T.);
#3510=EDGE_CURVE('',#2817,#2816,#364,.T.);
#3511=EDGE_CURVE('',#2811,#2817,#1419,.T.);
#3512=EDGE_CURVE('',#2818,#2818,#365,.T.);
#3513=EDGE_CURVE('',#2819,#2820,#366,.T.);
#3514=EDGE_CURVE('',#2821,#2819,#1420,.T.);
#3515=EDGE_CURVE('',#2822,#2821,#367,.T.);
#3516=EDGE_CURVE('',#2823,#2822,#1421,.T.);
#3517=EDGE_CURVE('',#2824,#2823,#368,.T.);
#3518=EDGE_CURVE('',#2825,#2824,#1422,.T.);
#3519=EDGE_CURVE('',#2826,#2825,#369,.T.);
#3520=EDGE_CURVE('',#2820,#2826,#1423,.T.);
#3521=EDGE_CURVE('',#2827,#2827,#370,.T.);
#3522=EDGE_CURVE('',#2828,#2829,#371,.T.);
#3523=EDGE_CURVE('',#2830,#2828,#1424,.T.);
#3524=EDGE_CURVE('',#2831,#2830,#372,.T.);
#3525=EDGE_CURVE('',#2832,#2831,#1425,.T.);
#3526=EDGE_CURVE('',#2833,#2832,#373,.T.);
#3527=EDGE_CURVE('',#2834,#2833,#1426,.T.);
#3528=EDGE_CURVE('',#2835,#2834,#374,.T.);
#3529=EDGE_CURVE('',#2829,#2835,#1427,.T.);
#3530=EDGE_CURVE('',#2836,#2837,#375,.T.);
#3531=EDGE_CURVE('',#2838,#2836,#1428,.T.);
#3532=EDGE_CURVE('',#2839,#2838,#376,.T.);
#3533=EDGE_CURVE('',#2840,#2839,#1429,.T.);
#3534=EDGE_CURVE('',#2841,#2840,#377,.T.);
#3535=EDGE_CURVE('',#2842,#2841,#1430,.T.);
#3536=EDGE_CURVE('',#2843,#2842,#378,.T.);
#3537=EDGE_CURVE('',#2837,#2843,#1431,.T.);
#3538=EDGE_CURVE('',#2844,#2845,#379,.T.);
#3539=EDGE_CURVE('',#2846,#2844,#1432,.T.);
#3540=EDGE_CURVE('',#2847,#2846,#380,.T.);
#3541=EDGE_CURVE('',#2848,#2847,#1433,.T.);
#3542=EDGE_CURVE('',#2849,#2848,#381,.T.);
#3543=EDGE_CURVE('',#2850,#2849,#1434,.T.);
#3544=EDGE_CURVE('',#2851,#2850,#382,.T.);
#3545=EDGE_CURVE('',#2845,#2851,#1435,.T.);
#3546=EDGE_CURVE('',#2852,#2853,#383,.T.);
#3547=EDGE_CURVE('',#2854,#2852,#1436,.T.);
#3548=EDGE_CURVE('',#2855,#2854,#384,.T.);
#3549=EDGE_CURVE('',#2856,#2855,#1437,.T.);
#3550=EDGE_CURVE('',#2857,#2856,#385,.T.);
#3551=EDGE_CURVE('',#2858,#2857,#1438,.T.);
#3552=EDGE_CURVE('',#2859,#2858,#386,.T.);
#3553=EDGE_CURVE('',#2853,#2859,#1439,.T.);
#3554=EDGE_CURVE('',#2860,#2861,#387,.T.);
#3555=EDGE_CURVE('',#2862,#2860,#1440,.T.);
#3556=EDGE_CURVE('',#2863,#2862,#388,.T.);
#3557=EDGE_CURVE('',#2864,#2863,#1441,.T.);
#3558=EDGE_CURVE('',#2865,#2864,#389,.T.);
#3559=EDGE_CURVE('',#2866,#2865,#1442,.T.);
#3560=EDGE_CURVE('',#2867,#2866,#390,.T.);
#3561=EDGE_CURVE('',#2861,#2867,#1443,.T.);
#3562=EDGE_CURVE('',#2868,#2868,#391,.T.);
#3563=EDGE_CURVE('',#2869,#2870,#392,.T.);
#3564=EDGE_CURVE('',#2871,#2869,#1444,.T.);
#3565=EDGE_CURVE('',#2872,#2871,#393,.T.);
#3566=EDGE_CURVE('',#2873,#2872,#1445,.T.);
#3567=EDGE_CURVE('',#2874,#2873,#394,.T.);
#3568=EDGE_CURVE('',#2875,#2874,#1446,.T.);
#3569=EDGE_CURVE('',#2876,#2875,#395,.T.);
#3570=EDGE_CURVE('',#2870,#2876,#1447,.T.);
#3571=EDGE_CURVE('',#2877,#2878,#396,.T.);
#3572=EDGE_CURVE('',#2879,#2877,#1448,.T.);
#3573=EDGE_CURVE('',#2880,#2879,#397,.T.);
#3574=EDGE_CURVE('',#2881,#2880,#1449,.T.);
#3575=EDGE_CURVE('',#2882,#2881,#398,.T.);
#3576=EDGE_CURVE('',#2883,#2882,#1450,.T.);
#3577=EDGE_CURVE('',#2884,#2883,#399,.T.);
#3578=EDGE_CURVE('',#2878,#2884,#1451,.T.);
#3579=EDGE_CURVE('',#2885,#2886,#400,.T.);
#3580=EDGE_CURVE('',#2887,#2885,#1452,.T.);
#3581=EDGE_CURVE('',#2888,#2887,#401,.T.);
#3582=EDGE_CURVE('',#2889,#2888,#1453,.T.);
#3583=EDGE_CURVE('',#2890,#2889,#402,.T.);
#3584=EDGE_CURVE('',#2891,#2890,#1454,.T.);
#3585=EDGE_CURVE('',#2892,#2891,#403,.T.);
#3586=EDGE_CURVE('',#2886,#2892,#1455,.T.);
#3587=EDGE_CURVE('',#2893,#2894,#404,.T.);
#3588=EDGE_CURVE('',#2895,#2893,#1456,.T.);
#3589=EDGE_CURVE('',#2896,#2895,#405,.T.);
#3590=EDGE_CURVE('',#2897,#2896,#1457,.T.);
#3591=EDGE_CURVE('',#2898,#2897,#406,.T.);
#3592=EDGE_CURVE('',#2899,#2898,#1458,.T.);
#3593=EDGE_CURVE('',#2900,#2899,#407,.T.);
#3594=EDGE_CURVE('',#2894,#2900,#1459,.T.);
#3595=EDGE_CURVE('',#2901,#2902,#408,.T.);
#3596=EDGE_CURVE('',#2903,#2901,#1460,.T.);
#3597=EDGE_CURVE('',#2904,#2903,#409,.T.);
#3598=EDGE_CURVE('',#2905,#2904,#1461,.T.);
#3599=EDGE_CURVE('',#2906,#2905,#410,.T.);
#3600=EDGE_CURVE('',#2907,#2906,#1462,.T.);
#3601=EDGE_CURVE('',#2908,#2907,#411,.T.);
#3602=EDGE_CURVE('',#2902,#2908,#1463,.T.);
#3603=EDGE_CURVE('',#2909,#2910,#412,.T.);
#3604=EDGE_CURVE('',#2911,#2909,#1464,.T.);
#3605=EDGE_CURVE('',#2912,#2911,#413,.T.);
#3606=EDGE_CURVE('',#2913,#2912,#1465,.T.);
#3607=EDGE_CURVE('',#2914,#2913,#414,.T.);
#3608=EDGE_CURVE('',#2915,#2914,#1466,.T.);
#3609=EDGE_CURVE('',#2916,#2915,#415,.T.);
#3610=EDGE_CURVE('',#2910,#2916,#1467,.T.);
#3611=EDGE_CURVE('',#2917,#2918,#416,.T.);
#3612=EDGE_CURVE('',#2919,#2917,#1468,.T.);
#3613=EDGE_CURVE('',#2920,#2919,#417,.T.);
#3614=EDGE_CURVE('',#2921,#2920,#1469,.T.);
#3615=EDGE_CURVE('',#2922,#2921,#418,.T.);
#3616=EDGE_CURVE('',#2923,#2922,#1470,.T.);
#3617=EDGE_CURVE('',#2924,#2923,#419,.T.);
#3618=EDGE_CURVE('',#2918,#2924,#1471,.T.);
#3619=EDGE_CURVE('',#2925,#2926,#420,.T.);
#3620=EDGE_CURVE('',#2927,#2925,#1472,.T.);
#3621=EDGE_CURVE('',#2928,#2927,#421,.T.);
#3622=EDGE_CURVE('',#2929,#2928,#1473,.T.);
#3623=EDGE_CURVE('',#2930,#2929,#422,.T.);
#3624=EDGE_CURVE('',#2931,#2930,#1474,.T.);
#3625=EDGE_CURVE('',#2932,#2931,#423,.T.);
#3626=EDGE_CURVE('',#2926,#2932,#1475,.T.);
#3627=EDGE_CURVE('',#2933,#2933,#424,.T.);
#3628=EDGE_CURVE('',#2934,#2935,#425,.T.);
#3629=EDGE_CURVE('',#2936,#2934,#1476,.T.);
#3630=EDGE_CURVE('',#2937,#2936,#426,.T.);
#3631=EDGE_CURVE('',#2938,#2937,#1477,.T.);
#3632=EDGE_CURVE('',#2939,#2938,#427,.T.);
#3633=EDGE_CURVE('',#2940,#2939,#1478,.T.);
#3634=EDGE_CURVE('',#2941,#2940,#428,.T.);
#3635=EDGE_CURVE('',#2935,#2941,#1479,.T.);
#3636=EDGE_CURVE('',#2942,#2943,#429,.T.);
#3637=EDGE_CURVE('',#2944,#2942,#1480,.T.);
#3638=EDGE_CURVE('',#2945,#2944,#430,.T.);
#3639=EDGE_CURVE('',#2946,#2945,#1481,.T.);
#3640=EDGE_CURVE('',#2947,#2946,#431,.T.);
#3641=EDGE_CURVE('',#2948,#2947,#1482,.T.);
#3642=EDGE_CURVE('',#2949,#2948,#432,.T.);
#3643=EDGE_CURVE('',#2943,#2949,#1483,.T.);
#3644=EDGE_CURVE('',#2737,#2942,#1484,.T.);
#3645=EDGE_CURVE('',#2738,#2943,#1485,.T.);
#3646=EDGE_CURVE('',#2744,#2944,#1486,.T.);
#3647=EDGE_CURVE('',#2739,#2949,#1487,.T.);
#3648=EDGE_CURVE('',#2743,#2945,#1488,.T.);
#3649=EDGE_CURVE('',#2740,#2948,#1489,.T.);
#3650=EDGE_CURVE('',#2742,#2946,#1490,.T.);
#3651=EDGE_CURVE('',#2741,#2947,#1491,.T.);
#3652=EDGE_CURVE('',#2729,#2934,#1492,.T.);
#3653=EDGE_CURVE('',#2730,#2935,#1493,.T.);
#3654=EDGE_CURVE('',#2736,#2936,#1494,.T.);
#3655=EDGE_CURVE('',#2731,#2941,#1495,.T.);
#3656=EDGE_CURVE('',#2735,#2937,#1496,.T.);
#3657=EDGE_CURVE('',#2732,#2940,#1497,.T.);
#3658=EDGE_CURVE('',#2734,#2938,#1498,.T.);
#3659=EDGE_CURVE('',#2733,#2939,#1499,.T.);
#3660=EDGE_CURVE('',#2933,#2728,#1500,.T.);
#3661=EDGE_CURVE('',#2720,#2925,#1501,.T.);
#3662=EDGE_CURVE('',#2721,#2926,#1502,.T.);
#3663=EDGE_CURVE('',#2727,#2927,#1503,.T.);
#3664=EDGE_CURVE('',#2722,#2932,#1504,.T.);
#3665=EDGE_CURVE('',#2726,#2928,#1505,.T.);
#3666=EDGE_CURVE('',#2723,#2931,#1506,.T.);
#3667=EDGE_CURVE('',#2725,#2929,#1507,.T.);
#3668=EDGE_CURVE('',#2724,#2930,#1508,.T.);
#3669=EDGE_CURVE('',#2712,#2917,#1509,.T.);
#3670=EDGE_CURVE('',#2713,#2918,#1510,.T.);
#3671=EDGE_CURVE('',#2719,#2919,#1511,.T.);
#3672=EDGE_CURVE('',#2714,#2924,#1512,.T.);
#3673=EDGE_CURVE('',#2718,#2920,#1513,.T.);
#3674=EDGE_CURVE('',#2715,#2923,#1514,.T.);
#3675=EDGE_CURVE('',#2717,#2921,#1515,.T.);
#3676=EDGE_CURVE('',#2716,#2922,#1516,.T.);
#3677=EDGE_CURVE('',#2704,#2909,#1517,.T.);
#3678=EDGE_CURVE('',#2705,#2910,#1518,.T.);
#3679=EDGE_CURVE('',#2711,#2911,#1519,.T.);
#3680=EDGE_CURVE('',#2706,#2916,#1520,.T.);
#3681=EDGE_CURVE('',#2710,#2912,#1521,.T.);
#3682=EDGE_CURVE('',#2707,#2915,#1522,.T.);
#3683=EDGE_CURVE('',#2709,#2913,#1523,.T.);
#3684=EDGE_CURVE('',#2708,#2914,#1524,.T.);
#3685=EDGE_CURVE('',#2696,#2901,#1525,.T.);
#3686=EDGE_CURVE('',#2697,#2902,#1526,.T.);
#3687=EDGE_CURVE('',#2703,#2903,#1527,.T.);
#3688=EDGE_CURVE('',#2698,#2908,#1528,.T.);
#3689=EDGE_CURVE('',#2702,#2904,#1529,.T.);
#3690=EDGE_CURVE('',#2699,#2907,#1530,.T.);
#3691=EDGE_CURVE('',#2701,#2905,#1531,.T.);
#3692=EDGE_CURVE('',#2700,#2906,#1532,.T.);
#3693=EDGE_CURVE('',#2688,#2893,#1533,.T.);
#3694=EDGE_CURVE('',#2689,#2894,#1534,.T.);
#3695=EDGE_CURVE('',#2695,#2895,#1535,.T.);
#3696=EDGE_CURVE('',#2690,#2900,#1536,.T.);
#3697=EDGE_CURVE('',#2694,#2896,#1537,.T.);
#3698=EDGE_CURVE('',#2691,#2899,#1538,.T.);
#3699=EDGE_CURVE('',#2693,#2897,#1539,.T.);
#3700=EDGE_CURVE('',#2692,#2898,#1540,.T.);
#3701=EDGE_CURVE('',#2680,#2885,#1541,.T.);
#3702=EDGE_CURVE('',#2681,#2886,#1542,.T.);
#3703=EDGE_CURVE('',#2687,#2887,#1543,.T.);
#3704=EDGE_CURVE('',#2682,#2892,#1544,.T.);
#3705=EDGE_CURVE('',#2686,#2888,#1545,.T.);
#3706=EDGE_CURVE('',#2683,#2891,#1546,.T.);
#3707=EDGE_CURVE('',#2685,#2889,#1547,.T.);
#3708=EDGE_CURVE('',#2684,#2890,#1548,.T.);
#3709=EDGE_CURVE('',#2672,#2877,#1549,.T.);
#3710=EDGE_CURVE('',#2673,#2878,#1550,.T.);
#3711=EDGE_CURVE('',#2679,#2879,#1551,.T.);
#3712=EDGE_CURVE('',#2674,#2884,#1552,.T.);
#3713=EDGE_CURVE('',#2678,#2880,#1553,.T.);
#3714=EDGE_CURVE('',#2675,#2883,#1554,.T.);
#3715=EDGE_CURVE('',#2677,#2881,#1555,.T.);
#3716=EDGE_CURVE('',#2676,#2882,#1556,.T.);
#3717=EDGE_CURVE('',#2664,#2869,#1557,.T.);
#3718=EDGE_CURVE('',#2665,#2870,#1558,.T.);
#3719=EDGE_CURVE('',#2671,#2871,#1559,.T.);
#3720=EDGE_CURVE('',#2666,#2876,#1560,.T.);
#3721=EDGE_CURVE('',#2670,#2872,#1561,.T.);
#3722=EDGE_CURVE('',#2667,#2875,#1562,.T.);
#3723=EDGE_CURVE('',#2669,#2873,#1563,.T.);
#3724=EDGE_CURVE('',#2668,#2874,#1564,.T.);
#3725=EDGE_CURVE('',#2868,#2663,#1565,.T.);
#3726=EDGE_CURVE('',#2655,#2860,#1566,.T.);
#3727=EDGE_CURVE('',#2656,#2861,#1567,.T.);
#3728=EDGE_CURVE('',#2662,#2862,#1568,.T.);
#3729=EDGE_CURVE('',#2657,#2867,#1569,.T.);
#3730=EDGE_CURVE('',#2661,#2863,#1570,.T.);
#3731=EDGE_CURVE('',#2658,#2866,#1571,.T.);
#3732=EDGE_CURVE('',#2660,#2864,#1572,.T.);
#3733=EDGE_CURVE('',#2659,#2865,#1573,.T.);
#3734=EDGE_CURVE('',#2647,#2852,#1574,.T.);
#3735=EDGE_CURVE('',#2648,#2853,#1575,.T.);
#3736=EDGE_CURVE('',#2654,#2854,#1576,.T.);
#3737=EDGE_CURVE('',#2649,#2859,#1577,.T.);
#3738=EDGE_CURVE('',#2653,#2855,#1578,.T.);
#3739=EDGE_CURVE('',#2650,#2858,#1579,.T.);
#3740=EDGE_CURVE('',#2652,#2856,#1580,.T.);
#3741=EDGE_CURVE('',#2651,#2857,#1581,.T.);
#3742=EDGE_CURVE('',#2639,#2844,#1582,.T.);
#3743=EDGE_CURVE('',#2640,#2845,#1583,.T.);
#3744=EDGE_CURVE('',#2646,#2846,#1584,.T.);
#3745=EDGE_CURVE('',#2641,#2851,#1585,.T.);
#3746=EDGE_CURVE('',#2645,#2847,#1586,.T.);
#3747=EDGE_CURVE('',#2642,#2850,#1587,.T.);
#3748=EDGE_CURVE('',#2644,#2848,#1588,.T.);
#3749=EDGE_CURVE('',#2643,#2849,#1589,.T.);
#3750=EDGE_CURVE('',#2631,#2836,#1590,.T.);
#3751=EDGE_CURVE('',#2632,#2837,#1591,.T.);
#3752=EDGE_CURVE('',#2638,#2838,#1592,.T.);
#3753=EDGE_CURVE('',#2633,#2843,#1593,.T.);
#3754=EDGE_CURVE('',#2637,#2839,#1594,.T.);
#3755=EDGE_CURVE('',#2634,#2842,#1595,.T.);
#3756=EDGE_CURVE('',#2636,#2840,#1596,.T.);
#3757=EDGE_CURVE('',#2635,#2841,#1597,.T.);
#3758=EDGE_CURVE('',#2623,#2828,#1598,.T.);
#3759=EDGE_CURVE('',#2624,#2829,#1599,.T.);
#3760=EDGE_CURVE('',#2630,#2830,#1600,.T.);
#3761=EDGE_CURVE('',#2625,#2835,#1601,.T.);
#3762=EDGE_CURVE('',#2629,#2831,#1602,.T.);
#3763=EDGE_CURVE('',#2626,#2834,#1603,.T.);
#3764=EDGE_CURVE('',#2628,#2832,#1604,.T.);
#3765=EDGE_CURVE('',#2627,#2833,#1605,.T.);
#3766=EDGE_CURVE('',#2827,#2622,#1606,.T.);
#3767=EDGE_CURVE('',#2614,#2819,#1607,.T.);
#3768=EDGE_CURVE('',#2615,#2820,#1608,.T.);
#3769=EDGE_CURVE('',#2621,#2821,#1609,.T.);
#3770=EDGE_CURVE('',#2616,#2826,#1610,.T.);
#3771=EDGE_CURVE('',#2620,#2822,#1611,.T.);
#3772=EDGE_CURVE('',#2617,#2825,#1612,.T.);
#3773=EDGE_CURVE('',#2619,#2823,#1613,.T.);
#3774=EDGE_CURVE('',#2618,#2824,#1614,.T.);
#3775=EDGE_CURVE('',#2818,#2613,#1615,.T.);
#3776=EDGE_CURVE('',#2605,#2810,#1616,.T.);
#3777=EDGE_CURVE('',#2606,#2811,#1617,.T.);
#3778=EDGE_CURVE('',#2612,#2812,#1618,.T.);
#3779=EDGE_CURVE('',#2607,#2817,#1619,.T.);
#3780=EDGE_CURVE('',#2611,#2813,#1620,.T.);
#3781=EDGE_CURVE('',#2608,#2816,#1621,.T.);
#3782=EDGE_CURVE('',#2610,#2814,#1622,.T.);
#3783=EDGE_CURVE('',#2609,#2815,#1623,.T.);
#3784=EDGE_CURVE('',#2597,#2802,#1624,.T.);
#3785=EDGE_CURVE('',#2598,#2803,#1625,.T.);
#3786=EDGE_CURVE('',#2604,#2804,#1626,.T.);
#3787=EDGE_CURVE('',#2599,#2809,#1627,.T.);
#3788=EDGE_CURVE('',#2603,#2805,#1628,.T.);
#3789=EDGE_CURVE('',#2600,#2808,#1629,.T.);
#3790=EDGE_CURVE('',#2602,#2806,#1630,.T.);
#3791=EDGE_CURVE('',#2601,#2807,#1631,.T.);
#3792=EDGE_CURVE('',#2589,#2794,#1632,.T.);
#3793=EDGE_CURVE('',#2590,#2795,#1633,.T.);
#3794=EDGE_CURVE('',#2596,#2796,#1634,.T.);
#3795=EDGE_CURVE('',#2591,#2801,#1635,.T.);
#3796=EDGE_CURVE('',#2595,#2797,#1636,.T.);
#3797=EDGE_CURVE('',#2592,#2800,#1637,.T.);
#3798=EDGE_CURVE('',#2594,#2798,#1638,.T.);
#3799=EDGE_CURVE('',#2593,#2799,#1639,.T.);
#3800=EDGE_CURVE('',#2950,#2951,#1640,.T.);
#3801=EDGE_CURVE('',#2952,#2950,#1641,.T.);
#3802=EDGE_CURVE('',#2953,#2952,#1642,.T.);
#3803=EDGE_CURVE('',#2951,#2953,#1643,.T.);
#3804=EDGE_CURVE('',#2954,#2955,#1644,.T.);
#3805=EDGE_CURVE('',#2955,#2956,#1645,.T.);
#3806=EDGE_CURVE('',#2956,#2957,#1646,.T.);
#3807=EDGE_CURVE('',#2958,#2957,#1647,.T.);
#3808=EDGE_CURVE('',#2958,#2959,#1648,.T.);
#3809=EDGE_CURVE('',#2960,#2959,#1649,.T.);
#3810=EDGE_CURVE('',#2961,#2960,#1650,.T.);
#3811=EDGE_CURVE('',#2954,#2961,#1651,.T.);
#3812=EDGE_CURVE('',#2951,#2962,#1652,.T.);
#3813=EDGE_CURVE('',#2963,#2962,#1653,.T.);
#3814=EDGE_CURVE('',#2950,#2963,#1654,.T.);
#3815=EDGE_CURVE('',#2962,#2964,#1655,.T.);
#3816=EDGE_CURVE('',#2957,#2953,#1656,.T.);
#3817=EDGE_CURVE('',#2956,#2964,#1657,.T.);
#3818=EDGE_CURVE('',#2964,#2965,#1658,.T.);
#3819=EDGE_CURVE('',#2955,#2965,#1659,.T.);
#3820=EDGE_CURVE('',#2965,#2963,#1660,.T.);
#3821=EDGE_CURVE('',#2952,#2954,#1661,.T.);
#3822=EDGE_CURVE('',#2966,#2967,#1662,.T.);
#3823=EDGE_CURVE('',#2968,#2966,#1663,.T.);
#3824=EDGE_CURVE('',#2968,#2969,#1664,.T.);
#3825=EDGE_CURVE('',#2967,#2969,#1665,.T.);
#3826=EDGE_CURVE('',#2970,#2971,#1666,.T.);
#3827=EDGE_CURVE('',#2972,#2970,#1667,.T.);
#3828=EDGE_CURVE('',#2972,#2973,#1668,.T.);
#3829=EDGE_CURVE('',#2971,#2973,#1669,.T.);
#3830=EDGE_CURVE('',#2974,#2975,#1670,.T.);
#3831=EDGE_CURVE('',#2969,#2974,#1671,.T.);
#3832=EDGE_CURVE('',#2973,#2968,#1672,.T.);
#3833=EDGE_CURVE('',#2976,#2972,#1673,.T.);
#3834=EDGE_CURVE('',#2977,#2976,#1674,.T.);
#3835=EDGE_CURVE('',#2978,#2977,#433,.T.);
#3836=EDGE_CURVE('',#2979,#2978,#1675,.T.);
#3837=EDGE_CURVE('',#2975,#2979,#434,.T.);
#3838=EDGE_CURVE('',#2961,#2980,#435,.T.);
#3839=EDGE_CURVE('',#2980,#2981,#1676,.T.);
#3840=EDGE_CURVE('',#2981,#2982,#436,.T.);
#3841=EDGE_CURVE('',#2982,#2983,#1677,.T.);
#3842=EDGE_CURVE('',#2983,#2984,#437,.T.);
#3843=EDGE_CURVE('',#2984,#2985,#1678,.T.);
#3844=EDGE_CURVE('',#2985,#2986,#1679,.T.);
#3845=EDGE_CURVE('',#2986,#2987,#438,.T.);
#3846=EDGE_CURVE('',#2987,#2988,#1680,.T.);
#3847=EDGE_CURVE('',#2988,#2989,#439,.T.);
#3848=EDGE_CURVE('',#2989,#2990,#1681,.T.);
#3849=EDGE_CURVE('',#2990,#2991,#440,.T.);
#3850=EDGE_CURVE('',#2991,#2992,#441,.T.);
#3851=EDGE_CURVE('',#2992,#2993,#1682,.T.);
#3852=EDGE_CURVE('',#2993,#2994,#1683,.T.);
#3853=EDGE_CURVE('',#2994,#2995,#1684,.T.);
#3854=EDGE_CURVE('',#2995,#2996,#442,.T.);
#3855=EDGE_CURVE('',#2996,#2997,#443,.T.);
#3856=EDGE_CURVE('',#2997,#2998,#1685,.T.);
#3857=EDGE_CURVE('',#2998,#2999,#444,.T.);
#3858=EDGE_CURVE('',#2999,#3000,#1686,.T.);
#3859=EDGE_CURVE('',#3000,#3001,#445,.T.);
#3860=EDGE_CURVE('',#3001,#3002,#1687,.T.);
#3861=EDGE_CURVE('',#3002,#3003,#1688,.T.);
#3862=EDGE_CURVE('',#3003,#3004,#446,.T.);
#3863=EDGE_CURVE('',#3004,#3005,#1689,.T.);
#3864=EDGE_CURVE('',#3005,#3006,#447,.T.);
#3865=EDGE_CURVE('',#3006,#3007,#1690,.T.);
#3866=EDGE_CURVE('',#3007,#3008,#448,.T.);
#3867=EDGE_CURVE('',#3008,#3009,#1691,.T.);
#3868=EDGE_CURVE('',#3009,#3010,#449,.T.);
#3869=EDGE_CURVE('',#3010,#3011,#1692,.T.);
#3870=EDGE_CURVE('',#3011,#3012,#450,.T.);
#3871=EDGE_CURVE('',#3012,#3013,#1693,.T.);
#3872=EDGE_CURVE('',#3013,#3014,#451,.T.);
#3873=EDGE_CURVE('',#3014,#3015,#1694,.T.);
#3874=EDGE_CURVE('',#3015,#3016,#452,.T.);
#3875=EDGE_CURVE('',#3016,#3017,#1695,.T.);
#3876=EDGE_CURVE('',#3017,#3018,#453,.T.);
#3877=EDGE_CURVE('',#3018,#3019,#1696,.T.);
#3878=EDGE_CURVE('',#3019,#3020,#1697,.T.);
#3879=EDGE_CURVE('',#3020,#3021,#454,.T.);
#3880=EDGE_CURVE('',#3021,#3022,#1698,.T.);
#3881=EDGE_CURVE('',#3022,#3023,#1699,.T.);
#3882=EDGE_CURVE('',#3023,#3024,#455,.T.);
#3883=EDGE_CURVE('',#3024,#3025,#1700,.T.);
#3884=EDGE_CURVE('',#3025,#3026,#456,.T.);
#3885=EDGE_CURVE('',#3026,#3027,#1701,.T.);
#3886=EDGE_CURVE('',#3027,#3028,#1702,.T.);
#3887=EDGE_CURVE('',#3028,#3029,#457,.T.);
#3888=EDGE_CURVE('',#3029,#3030,#1703,.T.);
#3889=EDGE_CURVE('',#3030,#3031,#1704,.T.);
#3890=EDGE_CURVE('',#3031,#3032,#458,.T.);
#3891=EDGE_CURVE('',#3032,#3033,#1705,.T.);
#3892=EDGE_CURVE('',#3033,#3034,#1706,.T.);
#3893=EDGE_CURVE('',#3034,#3035,#1707,.T.);
#3894=EDGE_CURVE('',#3035,#3036,#459,.T.);
#3895=EDGE_CURVE('',#3036,#3037,#1708,.T.);
#3896=EDGE_CURVE('',#3037,#3038,#460,.T.);
#3897=EDGE_CURVE('',#3038,#3039,#1709,.T.);
#3898=EDGE_CURVE('',#3039,#3040,#461,.T.);
#3899=EDGE_CURVE('',#3040,#3041,#1710,.T.);
#3900=EDGE_CURVE('',#3041,#3042,#462,.T.);
#3901=EDGE_CURVE('',#3042,#3043,#1711,.T.);
#3902=EDGE_CURVE('',#3043,#3044,#463,.T.);
#3903=EDGE_CURVE('',#3044,#3045,#1712,.T.);
#3904=EDGE_CURVE('',#3045,#3046,#464,.T.);
#3905=EDGE_CURVE('',#3046,#3047,#1713,.T.);
#3906=EDGE_CURVE('',#3047,#3048,#465,.T.);
#3907=EDGE_CURVE('',#3048,#3049,#1714,.T.);
#3908=EDGE_CURVE('',#3049,#3050,#466,.T.);
#3909=EDGE_CURVE('',#3050,#3051,#1715,.T.);
#3910=EDGE_CURVE('',#3051,#3052,#467,.T.);
#3911=EDGE_CURVE('',#3052,#3053,#1716,.T.);
#3912=EDGE_CURVE('',#3053,#3054,#468,.T.);
#3913=EDGE_CURVE('',#3054,#3055,#1717,.T.);
#3914=EDGE_CURVE('',#3055,#3056,#469,.T.);
#3915=EDGE_CURVE('',#3056,#3057,#470,.T.);
#3916=EDGE_CURVE('',#3057,#3058,#1718,.T.);
#3917=EDGE_CURVE('',#3058,#3059,#471,.T.);
#3918=EDGE_CURVE('',#3059,#3060,#1719,.T.);
#3919=EDGE_CURVE('',#3060,#3061,#472,.T.);
#3920=EDGE_CURVE('',#3061,#3062,#1720,.T.);
#3921=EDGE_CURVE('',#3062,#3063,#473,.T.);
#3922=EDGE_CURVE('',#3063,#3064,#474,.T.);
#3923=EDGE_CURVE('',#3064,#2971,#1721,.T.);
#3924=EDGE_CURVE('',#2966,#3065,#1722,.T.);
#3925=EDGE_CURVE('',#3065,#2958,#475,.T.);
#3926=EDGE_CURVE('',#3066,#2967,#1723,.T.);
#3927=EDGE_CURVE('',#3065,#3066,#1724,.T.);
#3928=EDGE_CURVE('',#3064,#3067,#1725,.T.);
#3929=EDGE_CURVE('',#2970,#3067,#1726,.T.);
#3930=EDGE_CURVE('',#2974,#3068,#1727,.T.);
#3931=EDGE_CURVE('',#3068,#3069,#1728,.T.);
#3932=EDGE_CURVE('',#3069,#3070,#476,.T.);
#3933=EDGE_CURVE('',#3070,#3071,#1729,.T.);
#3934=EDGE_CURVE('',#3071,#3072,#477,.T.);
#3935=EDGE_CURVE('',#3072,#3073,#1730,.T.);
#3936=EDGE_CURVE('',#3073,#3074,#478,.T.);
#3937=EDGE_CURVE('',#3074,#3075,#1731,.T.);
#3938=EDGE_CURVE('',#3075,#3076,#479,.T.);
#3939=EDGE_CURVE('',#3076,#3077,#1732,.T.);
#3940=EDGE_CURVE('',#3077,#3078,#1733,.T.);
#3941=EDGE_CURVE('',#3078,#3079,#480,.T.);
#3942=EDGE_CURVE('',#3079,#3080,#1734,.T.);
#3943=EDGE_CURVE('',#3080,#3081,#481,.T.);
#3944=EDGE_CURVE('',#3081,#3082,#1735,.T.);
#3945=EDGE_CURVE('',#3082,#3083,#482,.T.);
#3946=EDGE_CURVE('',#3083,#3084,#483,.T.);
#3947=EDGE_CURVE('',#3084,#3085,#1736,.T.);
#3948=EDGE_CURVE('',#3085,#3086,#1737,.T.);
#3949=EDGE_CURVE('',#3086,#3087,#1738,.T.);
#3950=EDGE_CURVE('',#3087,#3088,#484,.T.);
#3951=EDGE_CURVE('',#3088,#3089,#485,.T.);
#3952=EDGE_CURVE('',#3089,#3090,#1739,.T.);
#3953=EDGE_CURVE('',#3090,#3091,#486,.T.);
#3954=EDGE_CURVE('',#3091,#3092,#1740,.T.);
#3955=EDGE_CURVE('',#3092,#3093,#487,.T.);
#3956=EDGE_CURVE('',#3093,#3094,#1741,.T.);
#3957=EDGE_CURVE('',#3094,#3095,#1742,.T.);
#3958=EDGE_CURVE('',#3095,#3096,#488,.T.);
#3959=EDGE_CURVE('',#3096,#3097,#1743,.T.);
#3960=EDGE_CURVE('',#3097,#3098,#489,.T.);
#3961=EDGE_CURVE('',#3098,#3099,#1744,.T.);
#3962=EDGE_CURVE('',#3099,#2960,#490,.T.);
#3963=EDGE_CURVE('',#2959,#3066,#491,.T.);
#3964=EDGE_CURVE('',#2975,#3100,#1745,.T.);
#3965=EDGE_CURVE('',#3068,#3100,#1746,.T.);
#3966=EDGE_CURVE('',#2979,#3101,#1747,.T.);
#3967=EDGE_CURVE('',#3100,#3101,#492,.T.);
#3968=EDGE_CURVE('',#2978,#3102,#1748,.T.);
#3969=EDGE_CURVE('',#3101,#3102,#1749,.T.);
#3970=EDGE_CURVE('',#2977,#3103,#1750,.T.);
#3971=EDGE_CURVE('',#3102,#3103,#493,.T.);
#3972=EDGE_CURVE('',#3104,#2976,#1751,.T.);
#3973=EDGE_CURVE('',#3103,#3104,#1752,.T.);
#3974=EDGE_CURVE('',#3105,#3032,#1753,.T.);
#3975=EDGE_CURVE('',#3106,#3105,#1754,.T.);
#3976=EDGE_CURVE('',#3033,#3106,#1755,.T.);
#3977=EDGE_CURVE('',#3107,#3106,#1756,.T.);
#3978=EDGE_CURVE('',#3034,#3107,#1757,.T.);
#3979=EDGE_CURVE('',#3108,#3107,#1758,.T.);
#3980=EDGE_CURVE('',#3035,#3108,#1759,.T.);
#3981=EDGE_CURVE('',#3109,#3108,#494,.T.);
#3982=EDGE_CURVE('',#3036,#3109,#1760,.T.);
#3983=EDGE_CURVE('',#3110,#3109,#1761,.T.);
#3984=EDGE_CURVE('',#3037,#3110,#1762,.T.);
#3985=EDGE_CURVE('',#3111,#3110,#495,.T.);
#3986=EDGE_CURVE('',#3038,#3111,#1763,.T.);
#3987=EDGE_CURVE('',#3112,#3111,#1764,.T.);
#3988=EDGE_CURVE('',#3039,#3112,#1765,.T.);
#3989=EDGE_CURVE('',#3113,#3112,#496,.T.);
#3990=EDGE_CURVE('',#3040,#3113,#1766,.T.);
#3991=EDGE_CURVE('',#3114,#3113,#1767,.T.);
#3992=EDGE_CURVE('',#3041,#3114,#1768,.T.);
#3993=EDGE_CURVE('',#3115,#3114,#497,.T.);
#3994=EDGE_CURVE('',#3042,#3115,#1769,.T.);
#3995=EDGE_CURVE('',#3116,#3115,#1770,.T.);
#3996=EDGE_CURVE('',#3043,#3116,#1771,.T.);
#3997=EDGE_CURVE('',#3117,#3116,#498,.T.);
#3998=EDGE_CURVE('',#3044,#3117,#1772,.T.);
#3999=EDGE_CURVE('',#3118,#3117,#1773,.T.);
#4000=EDGE_CURVE('',#3045,#3118,#1774,.T.);
#4001=EDGE_CURVE('',#3119,#3118,#499,.T.);
#4002=EDGE_CURVE('',#3046,#3119,#1775,.T.);
#4003=EDGE_CURVE('',#3120,#3119,#1776,.T.);
#4004=EDGE_CURVE('',#3047,#3120,#1777,.T.);
#4005=EDGE_CURVE('',#3121,#3120,#500,.T.);
#4006=EDGE_CURVE('',#3048,#3121,#1778,.T.);
#4007=EDGE_CURVE('',#3122,#3121,#1779,.T.);
#4008=EDGE_CURVE('',#3049,#3122,#1780,.T.);
#4009=EDGE_CURVE('',#3123,#3122,#501,.T.);
#4010=EDGE_CURVE('',#3050,#3123,#1781,.T.);
#4011=EDGE_CURVE('',#3124,#3123,#1782,.T.);
#4012=EDGE_CURVE('',#3051,#3124,#1783,.T.);
#4013=EDGE_CURVE('',#3125,#3124,#502,.T.);
#4014=EDGE_CURVE('',#3052,#3125,#1784,.T.);
#4015=EDGE_CURVE('',#3126,#3125,#1785,.T.);
#4016=EDGE_CURVE('',#3053,#3126,#1786,.T.);
#4017=EDGE_CURVE('',#3127,#3126,#503,.T.);
#4018=EDGE_CURVE('',#3054,#3127,#1787,.T.);
#4019=EDGE_CURVE('',#3128,#3127,#1788,.T.);
#4020=EDGE_CURVE('',#3055,#3128,#1789,.T.);
#4021=EDGE_CURVE('',#3129,#3128,#504,.T.);
#4022=EDGE_CURVE('',#3056,#3129,#1790,.T.);
#4023=EDGE_CURVE('',#3130,#3129,#505,.T.);
#4024=EDGE_CURVE('',#3057,#3130,#1791,.T.);
#4025=EDGE_CURVE('',#3131,#3130,#1792,.T.);
#4026=EDGE_CURVE('',#3058,#3131,#1793,.T.);
#4027=EDGE_CURVE('',#3132,#3131,#506,.T.);
#4028=EDGE_CURVE('',#3059,#3132,#1794,.T.);
#4029=EDGE_CURVE('',#3133,#3132,#1795,.T.);
#4030=EDGE_CURVE('',#3060,#3133,#1796,.T.);
#4031=EDGE_CURVE('',#3134,#3133,#507,.T.);
#4032=EDGE_CURVE('',#3061,#3134,#1797,.T.);
#4033=EDGE_CURVE('',#3135,#3134,#1798,.T.);
#4034=EDGE_CURVE('',#3062,#3135,#1799,.T.);
#4035=EDGE_CURVE('',#3136,#3135,#508,.T.);
#4036=EDGE_CURVE('',#3063,#3136,#1800,.T.);
#4037=EDGE_CURVE('',#3067,#3136,#509,.T.);
#4038=EDGE_CURVE('',#2980,#3099,#1801,.T.);
#4039=EDGE_CURVE('',#2981,#3098,#1802,.T.);
#4040=EDGE_CURVE('',#2982,#3097,#1803,.T.);
#4041=EDGE_CURVE('',#2983,#3096,#1804,.T.);
#4042=EDGE_CURVE('',#2984,#3095,#1805,.T.);
#4043=EDGE_CURVE('',#2985,#3094,#1806,.T.);
#4044=EDGE_CURVE('',#2986,#3093,#1807,.T.);
#4045=EDGE_CURVE('',#2987,#3092,#1808,.T.);
#4046=EDGE_CURVE('',#2988,#3091,#1809,.T.);
#4047=EDGE_CURVE('',#2989,#3090,#1810,.T.);
#4048=EDGE_CURVE('',#2990,#3089,#1811,.T.);
#4049=EDGE_CURVE('',#2991,#3088,#1812,.T.);
#4050=EDGE_CURVE('',#2992,#3087,#1813,.T.);
#4051=EDGE_CURVE('',#2993,#3086,#1814,.T.);
#4052=EDGE_CURVE('',#2994,#3085,#1815,.T.);
#4053=EDGE_CURVE('',#2995,#3084,#1816,.T.);
#4054=EDGE_CURVE('',#2996,#3083,#1817,.T.);
#4055=EDGE_CURVE('',#2997,#3082,#1818,.T.);
#4056=EDGE_CURVE('',#2998,#3081,#1819,.T.);
#4057=EDGE_CURVE('',#2999,#3080,#1820,.T.);
#4058=EDGE_CURVE('',#3000,#3079,#1821,.T.);
#4059=EDGE_CURVE('',#3001,#3078,#1822,.T.);
#4060=EDGE_CURVE('',#3002,#3077,#1823,.T.);
#4061=EDGE_CURVE('',#3003,#3076,#1824,.T.);
#4062=EDGE_CURVE('',#3004,#3075,#1825,.T.);
#4063=EDGE_CURVE('',#3005,#3074,#1826,.T.);
#4064=EDGE_CURVE('',#3006,#3073,#1827,.T.);
#4065=EDGE_CURVE('',#3007,#3072,#1828,.T.);
#4066=EDGE_CURVE('',#3008,#3071,#1829,.T.);
#4067=EDGE_CURVE('',#3009,#3070,#1830,.T.);
#4068=EDGE_CURVE('',#3010,#3069,#1831,.T.);
#4069=EDGE_CURVE('',#3137,#3104,#1832,.T.);
#4070=EDGE_CURVE('',#3011,#3137,#1833,.T.);
#4071=EDGE_CURVE('',#3138,#3137,#510,.T.);
#4072=EDGE_CURVE('',#3012,#3138,#1834,.T.);
#4073=EDGE_CURVE('',#3139,#3138,#1835,.T.);
#4074=EDGE_CURVE('',#3013,#3139,#1836,.T.);
#4075=EDGE_CURVE('',#3140,#3139,#511,.T.);
#4076=EDGE_CURVE('',#3014,#3140,#1837,.T.);
#4077=EDGE_CURVE('',#3141,#3140,#1838,.T.);
#4078=EDGE_CURVE('',#3015,#3141,#1839,.T.);
#4079=EDGE_CURVE('',#3142,#3141,#512,.T.);
#4080=EDGE_CURVE('',#3016,#3142,#1840,.T.);
#4081=EDGE_CURVE('',#3143,#3142,#1841,.T.);
#4082=EDGE_CURVE('',#3017,#3143,#1842,.T.);
#4083=EDGE_CURVE('',#3144,#3143,#513,.T.);
#4084=EDGE_CURVE('',#3018,#3144,#1843,.T.);
#4085=EDGE_CURVE('',#3145,#3144,#1844,.T.);
#4086=EDGE_CURVE('',#3019,#3145,#1845,.T.);
#4087=EDGE_CURVE('',#3146,#3145,#1846,.T.);
#4088=EDGE_CURVE('',#3020,#3146,#1847,.T.);
#4089=EDGE_CURVE('',#3147,#3146,#514,.T.);
#4090=EDGE_CURVE('',#3021,#3147,#1848,.T.);
#4091=EDGE_CURVE('',#3148,#3147,#1849,.T.);
#4092=EDGE_CURVE('',#3022,#3148,#1850,.T.);
#4093=EDGE_CURVE('',#3149,#3148,#1851,.T.);
#4094=EDGE_CURVE('',#3023,#3149,#1852,.T.);
#4095=EDGE_CURVE('',#3150,#3149,#515,.T.);
#4096=EDGE_CURVE('',#3024,#3150,#1853,.T.);
#4097=EDGE_CURVE('',#3151,#3150,#1854,.T.);
#4098=EDGE_CURVE('',#3025,#3151,#1855,.T.);
#4099=EDGE_CURVE('',#3152,#3151,#516,.T.);
#4100=EDGE_CURVE('',#3026,#3152,#1856,.T.);
#4101=EDGE_CURVE('',#3153,#3152,#1857,.T.);
#4102=EDGE_CURVE('',#3027,#3153,#1858,.T.);
#4103=EDGE_CURVE('',#3154,#3153,#1859,.T.);
#4104=EDGE_CURVE('',#3028,#3154,#1860,.T.);
#4105=EDGE_CURVE('',#3155,#3154,#517,.T.);
#4106=EDGE_CURVE('',#3029,#3155,#1861,.T.);
#4107=EDGE_CURVE('',#3156,#3155,#1862,.T.);
#4108=EDGE_CURVE('',#3030,#3156,#1863,.T.);
#4109=EDGE_CURVE('',#3157,#3156,#1864,.T.);
#4110=EDGE_CURVE('',#3031,#3157,#1865,.T.);
#4111=EDGE_CURVE('',#3105,#3157,#518,.T.);
#4112=ORIENTED_EDGE('',*,*,#3158,.F.);
#4113=ORIENTED_EDGE('',*,*,#3159,.F.);
#4114=ORIENTED_EDGE('',*,*,#3160,.F.);
#4115=ORIENTED_EDGE('',*,*,#3161,.T.);
#4116=ORIENTED_EDGE('',*,*,#3162,.F.);
#4117=ORIENTED_EDGE('',*,*,#3161,.F.);
#4118=ORIENTED_EDGE('',*,*,#3163,.F.);
#4119=ORIENTED_EDGE('',*,*,#3164,.T.);
#4120=ORIENTED_EDGE('',*,*,#3165,.F.);
#4121=ORIENTED_EDGE('',*,*,#3164,.F.);
#4122=ORIENTED_EDGE('',*,*,#3166,.F.);
#4123=ORIENTED_EDGE('',*,*,#3167,.T.);
#4124=ORIENTED_EDGE('',*,*,#3168,.F.);
#4125=ORIENTED_EDGE('',*,*,#3167,.F.);
#4126=ORIENTED_EDGE('',*,*,#3169,.F.);
#4127=ORIENTED_EDGE('',*,*,#3159,.T.);
#4128=ORIENTED_EDGE('',*,*,#3170,.F.);
#4129=ORIENTED_EDGE('',*,*,#3171,.F.);
#4130=ORIENTED_EDGE('',*,*,#3172,.F.);
#4131=ORIENTED_EDGE('',*,*,#3173,.T.);
#4132=ORIENTED_EDGE('',*,*,#3174,.F.);
#4133=ORIENTED_EDGE('',*,*,#3173,.F.);
#4134=ORIENTED_EDGE('',*,*,#3175,.F.);
#4135=ORIENTED_EDGE('',*,*,#3176,.F.);
#4136=ORIENTED_EDGE('',*,*,#3177,.F.);
#4137=ORIENTED_EDGE('',*,*,#3178,.F.);
#4138=ORIENTED_EDGE('',*,*,#3179,.F.);
#4139=ORIENTED_EDGE('',*,*,#3171,.T.);
#4140=ORIENTED_EDGE('',*,*,#3176,.T.);
#4141=ORIENTED_EDGE('',*,*,#3180,.F.);
#4142=ORIENTED_EDGE('',*,*,#3181,.T.);
#4143=ORIENTED_EDGE('',*,*,#3182,.F.);
#4144=ORIENTED_EDGE('',*,*,#3177,.T.);
#4145=ORIENTED_EDGE('',*,*,#3170,.T.);
#4146=ORIENTED_EDGE('',*,*,#3174,.T.);
#4147=ORIENTED_EDGE('',*,*,#3182,.T.);
#4148=ORIENTED_EDGE('',*,*,#3183,.T.);
#4149=ORIENTED_EDGE('',*,*,#3184,.T.);
#4150=ORIENTED_EDGE('',*,*,#3185,.T.);
#4151=ORIENTED_EDGE('',*,*,#3186,.T.);
#4152=ORIENTED_EDGE('',*,*,#3187,.T.);
#4153=ORIENTED_EDGE('',*,*,#3188,.T.);
#4154=ORIENTED_EDGE('',*,*,#3189,.T.);
#4155=ORIENTED_EDGE('',*,*,#3190,.T.);
#4156=ORIENTED_EDGE('',*,*,#3191,.T.);
#4157=ORIENTED_EDGE('',*,*,#3192,.T.);
#4158=ORIENTED_EDGE('',*,*,#3193,.T.);
#4159=ORIENTED_EDGE('',*,*,#3194,.T.);
#4160=ORIENTED_EDGE('',*,*,#3195,.T.);
#4161=ORIENTED_EDGE('',*,*,#3196,.T.);
#4162=ORIENTED_EDGE('',*,*,#3197,.T.);
#4163=ORIENTED_EDGE('',*,*,#3198,.T.);
#4164=ORIENTED_EDGE('',*,*,#3199,.T.);
#4165=ORIENTED_EDGE('',*,*,#3200,.T.);
#4166=ORIENTED_EDGE('',*,*,#3201,.T.);
#4167=ORIENTED_EDGE('',*,*,#3202,.T.);
#4168=ORIENTED_EDGE('',*,*,#3203,.T.);
#4169=ORIENTED_EDGE('',*,*,#3204,.T.);
#4170=ORIENTED_EDGE('',*,*,#3205,.T.);
#4171=ORIENTED_EDGE('',*,*,#3206,.T.);
#4172=ORIENTED_EDGE('',*,*,#3207,.T.);
#4173=ORIENTED_EDGE('',*,*,#3208,.T.);
#4174=ORIENTED_EDGE('',*,*,#3209,.T.);
#4175=ORIENTED_EDGE('',*,*,#3210,.T.);
#4176=ORIENTED_EDGE('',*,*,#3211,.T.);
#4177=ORIENTED_EDGE('',*,*,#3212,.T.);
#4178=ORIENTED_EDGE('',*,*,#3213,.T.);
#4179=ORIENTED_EDGE('',*,*,#3214,.T.);
#4180=ORIENTED_EDGE('',*,*,#3215,.T.);
#4181=ORIENTED_EDGE('',*,*,#3216,.T.);
#4182=ORIENTED_EDGE('',*,*,#3217,.T.);
#4183=ORIENTED_EDGE('',*,*,#3218,.T.);
#4184=ORIENTED_EDGE('',*,*,#3219,.T.);
#4185=ORIENTED_EDGE('',*,*,#3220,.T.);
#4186=ORIENTED_EDGE('',*,*,#3221,.T.);
#4187=ORIENTED_EDGE('',*,*,#3222,.T.);
#4188=ORIENTED_EDGE('',*,*,#3223,.T.);
#4189=ORIENTED_EDGE('',*,*,#3224,.T.);
#4190=ORIENTED_EDGE('',*,*,#3225,.T.);
#4191=ORIENTED_EDGE('',*,*,#3226,.T.);
#4192=ORIENTED_EDGE('',*,*,#3227,.T.);
#4193=ORIENTED_EDGE('',*,*,#3228,.T.);
#4194=ORIENTED_EDGE('',*,*,#3229,.T.);
#4195=ORIENTED_EDGE('',*,*,#3230,.T.);
#4196=ORIENTED_EDGE('',*,*,#3231,.T.);
#4197=ORIENTED_EDGE('',*,*,#3232,.T.);
#4198=ORIENTED_EDGE('',*,*,#3233,.T.);
#4199=ORIENTED_EDGE('',*,*,#3234,.T.);
#4200=ORIENTED_EDGE('',*,*,#3235,.T.);
#4201=ORIENTED_EDGE('',*,*,#3236,.T.);
#4202=ORIENTED_EDGE('',*,*,#3237,.T.);
#4203=ORIENTED_EDGE('',*,*,#3238,.T.);
#4204=ORIENTED_EDGE('',*,*,#3239,.T.);
#4205=ORIENTED_EDGE('',*,*,#3240,.T.);
#4206=ORIENTED_EDGE('',*,*,#3241,.T.);
#4207=ORIENTED_EDGE('',*,*,#3242,.T.);
#4208=ORIENTED_EDGE('',*,*,#3243,.T.);
#4209=ORIENTED_EDGE('',*,*,#3244,.T.);
#4210=ORIENTED_EDGE('',*,*,#3245,.T.);
#4211=ORIENTED_EDGE('',*,*,#3246,.T.);
#4212=ORIENTED_EDGE('',*,*,#3247,.T.);
#4213=ORIENTED_EDGE('',*,*,#3248,.T.);
#4214=ORIENTED_EDGE('',*,*,#3249,.T.);
#4215=ORIENTED_EDGE('',*,*,#3250,.T.);
#4216=ORIENTED_EDGE('',*,*,#3251,.T.);
#4217=ORIENTED_EDGE('',*,*,#3252,.T.);
#4218=ORIENTED_EDGE('',*,*,#3253,.T.);
#4219=ORIENTED_EDGE('',*,*,#3254,.T.);
#4220=ORIENTED_EDGE('',*,*,#3255,.T.);
#4221=ORIENTED_EDGE('',*,*,#3256,.T.);
#4222=ORIENTED_EDGE('',*,*,#3257,.F.);
#4223=ORIENTED_EDGE('',*,*,#3258,.T.);
#4224=ORIENTED_EDGE('',*,*,#3259,.T.);
#4225=ORIENTED_EDGE('',*,*,#3260,.T.);
#4226=ORIENTED_EDGE('',*,*,#3261,.T.);
#4227=ORIENTED_EDGE('',*,*,#3262,.T.);
#4228=ORIENTED_EDGE('',*,*,#3263,.T.);
#4229=ORIENTED_EDGE('',*,*,#3264,.T.);
#4230=ORIENTED_EDGE('',*,*,#3265,.T.);
#4231=ORIENTED_EDGE('',*,*,#3266,.F.);
#4232=ORIENTED_EDGE('',*,*,#3267,.T.);
#4233=ORIENTED_EDGE('',*,*,#3268,.T.);
#4234=ORIENTED_EDGE('',*,*,#3269,.T.);
#4235=ORIENTED_EDGE('',*,*,#3270,.T.);
#4236=ORIENTED_EDGE('',*,*,#3271,.T.);
#4237=ORIENTED_EDGE('',*,*,#3272,.T.);
#4238=ORIENTED_EDGE('',*,*,#3273,.T.);
#4239=ORIENTED_EDGE('',*,*,#3274,.T.);
#4240=ORIENTED_EDGE('',*,*,#3275,.T.);
#4241=ORIENTED_EDGE('',*,*,#3276,.T.);
#4242=ORIENTED_EDGE('',*,*,#3277,.T.);
#4243=ORIENTED_EDGE('',*,*,#3278,.T.);
#4244=ORIENTED_EDGE('',*,*,#3279,.T.);
#4245=ORIENTED_EDGE('',*,*,#3280,.T.);
#4246=ORIENTED_EDGE('',*,*,#3281,.T.);
#4247=ORIENTED_EDGE('',*,*,#3282,.T.);
#4248=ORIENTED_EDGE('',*,*,#3283,.T.);
#4249=ORIENTED_EDGE('',*,*,#3284,.T.);
#4250=ORIENTED_EDGE('',*,*,#3285,.T.);
#4251=ORIENTED_EDGE('',*,*,#3286,.T.);
#4252=ORIENTED_EDGE('',*,*,#3287,.T.);
#4253=ORIENTED_EDGE('',*,*,#3288,.T.);
#4254=ORIENTED_EDGE('',*,*,#3289,.T.);
#4255=ORIENTED_EDGE('',*,*,#3290,.T.);
#4256=ORIENTED_EDGE('',*,*,#3291,.T.);
#4257=ORIENTED_EDGE('',*,*,#3292,.T.);
#4258=ORIENTED_EDGE('',*,*,#3293,.T.);
#4259=ORIENTED_EDGE('',*,*,#3294,.T.);
#4260=ORIENTED_EDGE('',*,*,#3295,.T.);
#4261=ORIENTED_EDGE('',*,*,#3296,.T.);
#4262=ORIENTED_EDGE('',*,*,#3297,.T.);
#4263=ORIENTED_EDGE('',*,*,#3298,.T.);
#4264=ORIENTED_EDGE('',*,*,#3299,.T.);
#4265=ORIENTED_EDGE('',*,*,#3300,.T.);
#4266=ORIENTED_EDGE('',*,*,#3301,.T.);
#4267=ORIENTED_EDGE('',*,*,#3302,.T.);
#4268=ORIENTED_EDGE('',*,*,#3303,.T.);
#4269=ORIENTED_EDGE('',*,*,#3304,.T.);
#4270=ORIENTED_EDGE('',*,*,#3305,.T.);
#4271=ORIENTED_EDGE('',*,*,#3306,.T.);
#4272=ORIENTED_EDGE('',*,*,#3307,.F.);
#4273=ORIENTED_EDGE('',*,*,#3308,.T.);
#4274=ORIENTED_EDGE('',*,*,#3309,.T.);
#4275=ORIENTED_EDGE('',*,*,#3310,.T.);
#4276=ORIENTED_EDGE('',*,*,#3311,.T.);
#4277=ORIENTED_EDGE('',*,*,#3312,.T.);
#4278=ORIENTED_EDGE('',*,*,#3313,.T.);
#4279=ORIENTED_EDGE('',*,*,#3314,.T.);
#4280=ORIENTED_EDGE('',*,*,#3315,.T.);
#4281=ORIENTED_EDGE('',*,*,#3316,.T.);
#4282=ORIENTED_EDGE('',*,*,#3317,.T.);
#4283=ORIENTED_EDGE('',*,*,#3318,.T.);
#4284=ORIENTED_EDGE('',*,*,#3319,.T.);
#4285=ORIENTED_EDGE('',*,*,#3320,.T.);
#4286=ORIENTED_EDGE('',*,*,#3321,.T.);
#4287=ORIENTED_EDGE('',*,*,#3322,.T.);
#4288=ORIENTED_EDGE('',*,*,#3323,.T.);
#4289=ORIENTED_EDGE('',*,*,#3324,.T.);
#4290=ORIENTED_EDGE('',*,*,#3325,.T.);
#4291=ORIENTED_EDGE('',*,*,#3326,.T.);
#4292=ORIENTED_EDGE('',*,*,#3327,.T.);
#4293=ORIENTED_EDGE('',*,*,#3328,.T.);
#4294=ORIENTED_EDGE('',*,*,#3329,.T.);
#4295=ORIENTED_EDGE('',*,*,#3330,.T.);
#4296=ORIENTED_EDGE('',*,*,#3331,.T.);
#4297=ORIENTED_EDGE('',*,*,#3332,.T.);
#4298=ORIENTED_EDGE('',*,*,#3333,.T.);
#4299=ORIENTED_EDGE('',*,*,#3334,.T.);
#4300=ORIENTED_EDGE('',*,*,#3335,.T.);
#4301=ORIENTED_EDGE('',*,*,#3336,.T.);
#4302=ORIENTED_EDGE('',*,*,#3337,.T.);
#4303=ORIENTED_EDGE('',*,*,#3338,.T.);
#4304=ORIENTED_EDGE('',*,*,#3339,.T.);
#4305=ORIENTED_EDGE('',*,*,#3340,.T.);
#4306=ORIENTED_EDGE('',*,*,#3341,.T.);
#4307=ORIENTED_EDGE('',*,*,#3342,.T.);
#4308=ORIENTED_EDGE('',*,*,#3343,.T.);
#4309=ORIENTED_EDGE('',*,*,#3344,.T.);
#4310=ORIENTED_EDGE('',*,*,#3345,.T.);
#4311=ORIENTED_EDGE('',*,*,#3346,.T.);
#4312=ORIENTED_EDGE('',*,*,#3347,.T.);
#4313=ORIENTED_EDGE('',*,*,#3348,.T.);
#4314=ORIENTED_EDGE('',*,*,#3349,.T.);
#4315=ORIENTED_EDGE('',*,*,#3350,.T.);
#4316=ORIENTED_EDGE('',*,*,#3351,.T.);
#4317=ORIENTED_EDGE('',*,*,#3352,.T.);
#4318=ORIENTED_EDGE('',*,*,#3353,.T.);
#4319=ORIENTED_EDGE('',*,*,#3354,.T.);
#4320=ORIENTED_EDGE('',*,*,#3355,.T.);
#4321=ORIENTED_EDGE('',*,*,#3356,.T.);
#4322=ORIENTED_EDGE('',*,*,#3357,.T.);
#4323=ORIENTED_EDGE('',*,*,#3358,.T.);
#4324=ORIENTED_EDGE('',*,*,#3359,.T.);
#4325=ORIENTED_EDGE('',*,*,#3360,.T.);
#4326=ORIENTED_EDGE('',*,*,#3361,.T.);
#4327=ORIENTED_EDGE('',*,*,#3362,.T.);
#4328=ORIENTED_EDGE('',*,*,#3363,.T.);
#4329=ORIENTED_EDGE('',*,*,#3364,.T.);
#4330=ORIENTED_EDGE('',*,*,#3365,.T.);
#4331=ORIENTED_EDGE('',*,*,#3366,.T.);
#4332=ORIENTED_EDGE('',*,*,#3367,.T.);
#4333=ORIENTED_EDGE('',*,*,#3368,.T.);
#4334=ORIENTED_EDGE('',*,*,#3369,.T.);
#4335=ORIENTED_EDGE('',*,*,#3370,.T.);
#4336=ORIENTED_EDGE('',*,*,#3371,.T.);
#4337=ORIENTED_EDGE('',*,*,#3372,.F.);
#4338=ORIENTED_EDGE('',*,*,#3373,.T.);
#4339=ORIENTED_EDGE('',*,*,#3374,.T.);
#4340=ORIENTED_EDGE('',*,*,#3375,.T.);
#4341=ORIENTED_EDGE('',*,*,#3376,.T.);
#4342=ORIENTED_EDGE('',*,*,#3377,.T.);
#4343=ORIENTED_EDGE('',*,*,#3378,.T.);
#4344=ORIENTED_EDGE('',*,*,#3379,.T.);
#4345=ORIENTED_EDGE('',*,*,#3380,.T.);
#4346=ORIENTED_EDGE('',*,*,#3381,.T.);
#4347=ORIENTED_EDGE('',*,*,#3382,.T.);
#4348=ORIENTED_EDGE('',*,*,#3383,.T.);
#4349=ORIENTED_EDGE('',*,*,#3384,.T.);
#4350=ORIENTED_EDGE('',*,*,#3385,.T.);
#4351=ORIENTED_EDGE('',*,*,#3386,.T.);
#4352=ORIENTED_EDGE('',*,*,#3387,.T.);
#4353=ORIENTED_EDGE('',*,*,#3388,.T.);
#4354=ORIENTED_EDGE('',*,*,#3165,.T.);
#4355=ORIENTED_EDGE('',*,*,#3168,.T.);
#4356=ORIENTED_EDGE('',*,*,#3158,.T.);
#4357=ORIENTED_EDGE('',*,*,#3162,.T.);
#4358=ORIENTED_EDGE('',*,*,#3389,.F.);
#4359=ORIENTED_EDGE('',*,*,#3390,.T.);
#4360=ORIENTED_EDGE('',*,*,#3231,.F.);
#4361=ORIENTED_EDGE('',*,*,#3391,.F.);
#4362=ORIENTED_EDGE('',*,*,#3392,.F.);
#4363=ORIENTED_EDGE('',*,*,#3391,.T.);
#4364=ORIENTED_EDGE('',*,*,#3230,.F.);
#4365=ORIENTED_EDGE('',*,*,#3393,.F.);
#4366=ORIENTED_EDGE('',*,*,#3394,.T.);
#4367=ORIENTED_EDGE('',*,*,#3393,.T.);
#4368=ORIENTED_EDGE('',*,*,#3229,.F.);
#4369=ORIENTED_EDGE('',*,*,#3395,.F.);
#4370=ORIENTED_EDGE('',*,*,#3396,.F.);
#4371=ORIENTED_EDGE('',*,*,#3395,.T.);
#4372=ORIENTED_EDGE('',*,*,#3228,.F.);
#4373=ORIENTED_EDGE('',*,*,#3397,.F.);
#4374=ORIENTED_EDGE('',*,*,#3398,.F.);
#4375=ORIENTED_EDGE('',*,*,#3397,.T.);
#4376=ORIENTED_EDGE('',*,*,#3227,.F.);
#4377=ORIENTED_EDGE('',*,*,#3399,.F.);
#4378=ORIENTED_EDGE('',*,*,#3400,.F.);
#4379=ORIENTED_EDGE('',*,*,#3399,.T.);
#4380=ORIENTED_EDGE('',*,*,#3226,.F.);
#4381=ORIENTED_EDGE('',*,*,#3401,.F.);
#4382=ORIENTED_EDGE('',*,*,#3402,.F.);
#4383=ORIENTED_EDGE('',*,*,#3401,.T.);
#4384=ORIENTED_EDGE('',*,*,#3225,.F.);
#4385=ORIENTED_EDGE('',*,*,#3403,.F.);
#4386=ORIENTED_EDGE('',*,*,#3404,.F.);
#4387=ORIENTED_EDGE('',*,*,#3403,.T.);
#4388=ORIENTED_EDGE('',*,*,#3224,.F.);
#4389=ORIENTED_EDGE('',*,*,#3405,.F.);
#4390=ORIENTED_EDGE('',*,*,#3406,.F.);
#4391=ORIENTED_EDGE('',*,*,#3405,.T.);
#4392=ORIENTED_EDGE('',*,*,#3223,.F.);
#4393=ORIENTED_EDGE('',*,*,#3407,.F.);
#4394=ORIENTED_EDGE('',*,*,#3408,.F.);
#4395=ORIENTED_EDGE('',*,*,#3407,.T.);
#4396=ORIENTED_EDGE('',*,*,#3222,.F.);
#4397=ORIENTED_EDGE('',*,*,#3409,.F.);
#4398=ORIENTED_EDGE('',*,*,#3410,.F.);
#4399=ORIENTED_EDGE('',*,*,#3409,.T.);
#4400=ORIENTED_EDGE('',*,*,#3221,.F.);
#4401=ORIENTED_EDGE('',*,*,#3411,.F.);
#4402=ORIENTED_EDGE('',*,*,#3412,.T.);
#4403=ORIENTED_EDGE('',*,*,#3411,.T.);
#4404=ORIENTED_EDGE('',*,*,#3220,.F.);
#4405=ORIENTED_EDGE('',*,*,#3413,.F.);
#4406=ORIENTED_EDGE('',*,*,#3414,.F.);
#4407=ORIENTED_EDGE('',*,*,#3413,.T.);
#4408=ORIENTED_EDGE('',*,*,#3219,.F.);
#4409=ORIENTED_EDGE('',*,*,#3415,.F.);
#4410=ORIENTED_EDGE('',*,*,#3416,.F.);
#4411=ORIENTED_EDGE('',*,*,#3415,.T.);
#4412=ORIENTED_EDGE('',*,*,#3218,.F.);
#4413=ORIENTED_EDGE('',*,*,#3417,.F.);
#4414=ORIENTED_EDGE('',*,*,#3418,.T.);
#4415=ORIENTED_EDGE('',*,*,#3417,.T.);
#4416=ORIENTED_EDGE('',*,*,#3217,.F.);
#4417=ORIENTED_EDGE('',*,*,#3419,.F.);
#4418=ORIENTED_EDGE('',*,*,#3420,.F.);
#4419=ORIENTED_EDGE('',*,*,#3419,.T.);
#4420=ORIENTED_EDGE('',*,*,#3216,.F.);
#4421=ORIENTED_EDGE('',*,*,#3421,.F.);
#4422=ORIENTED_EDGE('',*,*,#3422,.T.);
#4423=ORIENTED_EDGE('',*,*,#3421,.T.);
#4424=ORIENTED_EDGE('',*,*,#3215,.F.);
#4425=ORIENTED_EDGE('',*,*,#3423,.F.);
#4426=ORIENTED_EDGE('',*,*,#3424,.F.);
#4427=ORIENTED_EDGE('',*,*,#3423,.T.);
#4428=ORIENTED_EDGE('',*,*,#3214,.F.);
#4429=ORIENTED_EDGE('',*,*,#3425,.F.);
#4430=ORIENTED_EDGE('',*,*,#3426,.F.);
#4431=ORIENTED_EDGE('',*,*,#3425,.T.);
#4432=ORIENTED_EDGE('',*,*,#3213,.F.);
#4433=ORIENTED_EDGE('',*,*,#3427,.F.);
#4434=ORIENTED_EDGE('',*,*,#3428,.F.);
#4435=ORIENTED_EDGE('',*,*,#3427,.T.);
#4436=ORIENTED_EDGE('',*,*,#3212,.F.);
#4437=ORIENTED_EDGE('',*,*,#3429,.F.);
#4438=ORIENTED_EDGE('',*,*,#3430,.F.);
#4439=ORIENTED_EDGE('',*,*,#3429,.T.);
#4440=ORIENTED_EDGE('',*,*,#3211,.F.);
#4441=ORIENTED_EDGE('',*,*,#3431,.F.);
#4442=ORIENTED_EDGE('',*,*,#3432,.F.);
#4443=ORIENTED_EDGE('',*,*,#3431,.T.);
#4444=ORIENTED_EDGE('',*,*,#3210,.F.);
#4445=ORIENTED_EDGE('',*,*,#3433,.F.);
#4446=ORIENTED_EDGE('',*,*,#3434,.T.);
#4447=ORIENTED_EDGE('',*,*,#3433,.T.);
#4448=ORIENTED_EDGE('',*,*,#3209,.F.);
#4449=ORIENTED_EDGE('',*,*,#3435,.F.);
#4450=ORIENTED_EDGE('',*,*,#3436,.F.);
#4451=ORIENTED_EDGE('',*,*,#3435,.T.);
#4452=ORIENTED_EDGE('',*,*,#3208,.F.);
#4453=ORIENTED_EDGE('',*,*,#3437,.F.);
#4454=ORIENTED_EDGE('',*,*,#3438,.F.);
#4455=ORIENTED_EDGE('',*,*,#3437,.T.);
#4456=ORIENTED_EDGE('',*,*,#3207,.F.);
#4457=ORIENTED_EDGE('',*,*,#3439,.F.);
#4458=ORIENTED_EDGE('',*,*,#3440,.F.);
#4459=ORIENTED_EDGE('',*,*,#3439,.T.);
#4460=ORIENTED_EDGE('',*,*,#3206,.F.);
#4461=ORIENTED_EDGE('',*,*,#3441,.F.);
#4462=ORIENTED_EDGE('',*,*,#3442,.T.);
#4463=ORIENTED_EDGE('',*,*,#3441,.T.);
#4464=ORIENTED_EDGE('',*,*,#3205,.F.);
#4465=ORIENTED_EDGE('',*,*,#3443,.F.);
#4466=ORIENTED_EDGE('',*,*,#3444,.F.);
#4467=ORIENTED_EDGE('',*,*,#3443,.T.);
#4468=ORIENTED_EDGE('',*,*,#3204,.F.);
#4469=ORIENTED_EDGE('',*,*,#3445,.F.);
#4470=ORIENTED_EDGE('',*,*,#3446,.F.);
#4471=ORIENTED_EDGE('',*,*,#3445,.T.);
#4472=ORIENTED_EDGE('',*,*,#3203,.F.);
#4473=ORIENTED_EDGE('',*,*,#3447,.F.);
#4474=ORIENTED_EDGE('',*,*,#3448,.F.);
#4475=ORIENTED_EDGE('',*,*,#3447,.T.);
#4476=ORIENTED_EDGE('',*,*,#3202,.F.);
#4477=ORIENTED_EDGE('',*,*,#3449,.F.);
#4478=ORIENTED_EDGE('',*,*,#3450,.F.);
#4479=ORIENTED_EDGE('',*,*,#3449,.T.);
#4480=ORIENTED_EDGE('',*,*,#3201,.F.);
#4481=ORIENTED_EDGE('',*,*,#3451,.F.);
#4482=ORIENTED_EDGE('',*,*,#3452,.F.);
#4483=ORIENTED_EDGE('',*,*,#3451,.T.);
#4484=ORIENTED_EDGE('',*,*,#3200,.F.);
#4485=ORIENTED_EDGE('',*,*,#3453,.F.);
#4486=ORIENTED_EDGE('',*,*,#3454,.T.);
#4487=ORIENTED_EDGE('',*,*,#3453,.T.);
#4488=ORIENTED_EDGE('',*,*,#3199,.F.);
#4489=ORIENTED_EDGE('',*,*,#3455,.F.);
#4490=ORIENTED_EDGE('',*,*,#3456,.F.);
#4491=ORIENTED_EDGE('',*,*,#3455,.T.);
#4492=ORIENTED_EDGE('',*,*,#3198,.F.);
#4493=ORIENTED_EDGE('',*,*,#3457,.F.);
#4494=ORIENTED_EDGE('',*,*,#3458,.F.);
#4495=ORIENTED_EDGE('',*,*,#3457,.T.);
#4496=ORIENTED_EDGE('',*,*,#3197,.F.);
#4497=ORIENTED_EDGE('',*,*,#3459,.F.);
#4498=ORIENTED_EDGE('',*,*,#3460,.F.);
#4499=ORIENTED_EDGE('',*,*,#3459,.T.);
#4500=ORIENTED_EDGE('',*,*,#3196,.F.);
#4501=ORIENTED_EDGE('',*,*,#3461,.F.);
#4502=ORIENTED_EDGE('',*,*,#3462,.T.);
#4503=ORIENTED_EDGE('',*,*,#3461,.T.);
#4504=ORIENTED_EDGE('',*,*,#3195,.F.);
#4505=ORIENTED_EDGE('',*,*,#3463,.F.);
#4506=ORIENTED_EDGE('',*,*,#3464,.F.);
#4507=ORIENTED_EDGE('',*,*,#3463,.T.);
#4508=ORIENTED_EDGE('',*,*,#3194,.F.);
#4509=ORIENTED_EDGE('',*,*,#3465,.F.);
#4510=ORIENTED_EDGE('',*,*,#3466,.F.);
#4511=ORIENTED_EDGE('',*,*,#3465,.T.);
#4512=ORIENTED_EDGE('',*,*,#3193,.F.);
#4513=ORIENTED_EDGE('',*,*,#3467,.F.);
#4514=ORIENTED_EDGE('',*,*,#3468,.F.);
#4515=ORIENTED_EDGE('',*,*,#3467,.T.);
#4516=ORIENTED_EDGE('',*,*,#3192,.F.);
#4517=ORIENTED_EDGE('',*,*,#3469,.F.);
#4518=ORIENTED_EDGE('',*,*,#3470,.T.);
#4519=ORIENTED_EDGE('',*,*,#3469,.T.);
#4520=ORIENTED_EDGE('',*,*,#3191,.F.);
#4521=ORIENTED_EDGE('',*,*,#3471,.F.);
#4522=ORIENTED_EDGE('',*,*,#3472,.F.);
#4523=ORIENTED_EDGE('',*,*,#3471,.T.);
#4524=ORIENTED_EDGE('',*,*,#3190,.F.);
#4525=ORIENTED_EDGE('',*,*,#3473,.F.);
#4526=ORIENTED_EDGE('',*,*,#3474,.F.);
#4527=ORIENTED_EDGE('',*,*,#3473,.T.);
#4528=ORIENTED_EDGE('',*,*,#3189,.F.);
#4529=ORIENTED_EDGE('',*,*,#3475,.F.);
#4530=ORIENTED_EDGE('',*,*,#3476,.F.);
#4531=ORIENTED_EDGE('',*,*,#3475,.T.);
#4532=ORIENTED_EDGE('',*,*,#3188,.F.);
#4533=ORIENTED_EDGE('',*,*,#3477,.F.);
#4534=ORIENTED_EDGE('',*,*,#3478,.F.);
#4535=ORIENTED_EDGE('',*,*,#3477,.T.);
#4536=ORIENTED_EDGE('',*,*,#3187,.F.);
#4537=ORIENTED_EDGE('',*,*,#3479,.F.);
#4538=ORIENTED_EDGE('',*,*,#3480,.T.);
#4539=ORIENTED_EDGE('',*,*,#3479,.T.);
#4540=ORIENTED_EDGE('',*,*,#3186,.F.);
#4541=ORIENTED_EDGE('',*,*,#3481,.F.);
#4542=ORIENTED_EDGE('',*,*,#3482,.F.);
#4543=ORIENTED_EDGE('',*,*,#3481,.T.);
#4544=ORIENTED_EDGE('',*,*,#3185,.F.);
#4545=ORIENTED_EDGE('',*,*,#3483,.F.);
#4546=ORIENTED_EDGE('',*,*,#3484,.F.);
#4547=ORIENTED_EDGE('',*,*,#3483,.T.);
#4548=ORIENTED_EDGE('',*,*,#3184,.F.);
#4549=ORIENTED_EDGE('',*,*,#3485,.F.);
#4550=ORIENTED_EDGE('',*,*,#3486,.T.);
#4551=ORIENTED_EDGE('',*,*,#3485,.T.);
#4552=ORIENTED_EDGE('',*,*,#3183,.F.);
#4553=ORIENTED_EDGE('',*,*,#3181,.F.);
#4554=ORIENTED_EDGE('',*,*,#3178,.T.);
#4555=ORIENTED_EDGE('',*,*,#3232,.F.);
#4556=ORIENTED_EDGE('',*,*,#3390,.F.);
#4557=ORIENTED_EDGE('',*,*,#3487,.F.);
#4558=ORIENTED_EDGE('',*,*,#3179,.T.);
#4559=ORIENTED_EDGE('',*,*,#3487,.T.);
#4560=ORIENTED_EDGE('',*,*,#3389,.T.);
#4561=ORIENTED_EDGE('',*,*,#3392,.T.);
#4562=ORIENTED_EDGE('',*,*,#3394,.F.);
#4563=ORIENTED_EDGE('',*,*,#3396,.T.);
#4564=ORIENTED_EDGE('',*,*,#3398,.T.);
#4565=ORIENTED_EDGE('',*,*,#3400,.T.);
#4566=ORIENTED_EDGE('',*,*,#3402,.T.);
#4567=ORIENTED_EDGE('',*,*,#3404,.T.);
#4568=ORIENTED_EDGE('',*,*,#3406,.T.);
#4569=ORIENTED_EDGE('',*,*,#3408,.T.);
#4570=ORIENTED_EDGE('',*,*,#3410,.T.);
#4571=ORIENTED_EDGE('',*,*,#3412,.F.);
#4572=ORIENTED_EDGE('',*,*,#3414,.T.);
#4573=ORIENTED_EDGE('',*,*,#3416,.T.);
#4574=ORIENTED_EDGE('',*,*,#3418,.F.);
#4575=ORIENTED_EDGE('',*,*,#3420,.T.);
#4576=ORIENTED_EDGE('',*,*,#3422,.F.);
#4577=ORIENTED_EDGE('',*,*,#3424,.T.);
#4578=ORIENTED_EDGE('',*,*,#3426,.T.);
#4579=ORIENTED_EDGE('',*,*,#3428,.T.);
#4580=ORIENTED_EDGE('',*,*,#3430,.T.);
#4581=ORIENTED_EDGE('',*,*,#3432,.T.);
#4582=ORIENTED_EDGE('',*,*,#3434,.F.);
#4583=ORIENTED_EDGE('',*,*,#3436,.T.);
#4584=ORIENTED_EDGE('',*,*,#3438,.T.);
#4585=ORIENTED_EDGE('',*,*,#3440,.T.);
#4586=ORIENTED_EDGE('',*,*,#3442,.F.);
#4587=ORIENTED_EDGE('',*,*,#3444,.T.);
#4588=ORIENTED_EDGE('',*,*,#3446,.T.);
#4589=ORIENTED_EDGE('',*,*,#3448,.T.);
#4590=ORIENTED_EDGE('',*,*,#3450,.T.);
#4591=ORIENTED_EDGE('',*,*,#3452,.T.);
#4592=ORIENTED_EDGE('',*,*,#3454,.F.);
#4593=ORIENTED_EDGE('',*,*,#3456,.T.);
#4594=ORIENTED_EDGE('',*,*,#3458,.T.);
#4595=ORIENTED_EDGE('',*,*,#3460,.T.);
#4596=ORIENTED_EDGE('',*,*,#3462,.F.);
#4597=ORIENTED_EDGE('',*,*,#3464,.T.);
#4598=ORIENTED_EDGE('',*,*,#3466,.T.);
#4599=ORIENTED_EDGE('',*,*,#3468,.T.);
#4600=ORIENTED_EDGE('',*,*,#3470,.F.);
#4601=ORIENTED_EDGE('',*,*,#3472,.T.);
#4602=ORIENTED_EDGE('',*,*,#3474,.T.);
#4603=ORIENTED_EDGE('',*,*,#3476,.T.);
#4604=ORIENTED_EDGE('',*,*,#3478,.T.);
#4605=ORIENTED_EDGE('',*,*,#3480,.F.);
#4606=ORIENTED_EDGE('',*,*,#3482,.T.);
#4607=ORIENTED_EDGE('',*,*,#3484,.T.);
#4608=ORIENTED_EDGE('',*,*,#3486,.F.);
#4609=ORIENTED_EDGE('',*,*,#3180,.T.);
#4610=ORIENTED_EDGE('',*,*,#3175,.T.);
#4611=ORIENTED_EDGE('',*,*,#3172,.T.);
#4612=ORIENTED_EDGE('',*,*,#3488,.F.);
#4613=ORIENTED_EDGE('',*,*,#3489,.F.);
#4614=ORIENTED_EDGE('',*,*,#3490,.F.);
#4615=ORIENTED_EDGE('',*,*,#3491,.F.);
#4616=ORIENTED_EDGE('',*,*,#3492,.F.);
#4617=ORIENTED_EDGE('',*,*,#3493,.F.);
#4618=ORIENTED_EDGE('',*,*,#3494,.F.);
#4619=ORIENTED_EDGE('',*,*,#3495,.F.);
#4620=ORIENTED_EDGE('',*,*,#3496,.F.);
#4621=ORIENTED_EDGE('',*,*,#3497,.F.);
#4622=ORIENTED_EDGE('',*,*,#3498,.F.);
#4623=ORIENTED_EDGE('',*,*,#3499,.F.);
#4624=ORIENTED_EDGE('',*,*,#3500,.F.);
#4625=ORIENTED_EDGE('',*,*,#3501,.F.);
#4626=ORIENTED_EDGE('',*,*,#3502,.F.);
#4627=ORIENTED_EDGE('',*,*,#3503,.F.);
#4628=ORIENTED_EDGE('',*,*,#3504,.F.);
#4629=ORIENTED_EDGE('',*,*,#3505,.F.);
#4630=ORIENTED_EDGE('',*,*,#3506,.F.);
#4631=ORIENTED_EDGE('',*,*,#3507,.F.);
#4632=ORIENTED_EDGE('',*,*,#3508,.F.);
#4633=ORIENTED_EDGE('',*,*,#3509,.F.);
#4634=ORIENTED_EDGE('',*,*,#3510,.F.);
#4635=ORIENTED_EDGE('',*,*,#3511,.F.);
#4636=ORIENTED_EDGE('',*,*,#3512,.T.);
#4637=ORIENTED_EDGE('',*,*,#3513,.F.);
#4638=ORIENTED_EDGE('',*,*,#3514,.F.);
#4639=ORIENTED_EDGE('',*,*,#3515,.F.);
#4640=ORIENTED_EDGE('',*,*,#3516,.F.);
#4641=ORIENTED_EDGE('',*,*,#3517,.F.);
#4642=ORIENTED_EDGE('',*,*,#3518,.F.);
#4643=ORIENTED_EDGE('',*,*,#3519,.F.);
#4644=ORIENTED_EDGE('',*,*,#3520,.F.);
#4645=ORIENTED_EDGE('',*,*,#3521,.T.);
#4646=ORIENTED_EDGE('',*,*,#3522,.F.);
#4647=ORIENTED_EDGE('',*,*,#3523,.F.);
#4648=ORIENTED_EDGE('',*,*,#3524,.F.);
#4649=ORIENTED_EDGE('',*,*,#3525,.F.);
#4650=ORIENTED_EDGE('',*,*,#3526,.F.);
#4651=ORIENTED_EDGE('',*,*,#3527,.F.);
#4652=ORIENTED_EDGE('',*,*,#3528,.F.);
#4653=ORIENTED_EDGE('',*,*,#3529,.F.);
#4654=ORIENTED_EDGE('',*,*,#3530,.F.);
#4655=ORIENTED_EDGE('',*,*,#3531,.F.);
#4656=ORIENTED_EDGE('',*,*,#3532,.F.);
#4657=ORIENTED_EDGE('',*,*,#3533,.F.);
#4658=ORIENTED_EDGE('',*,*,#3534,.F.);
#4659=ORIENTED_EDGE('',*,*,#3535,.F.);
#4660=ORIENTED_EDGE('',*,*,#3536,.F.);
#4661=ORIENTED_EDGE('',*,*,#3537,.F.);
#4662=ORIENTED_EDGE('',*,*,#3538,.F.);
#4663=ORIENTED_EDGE('',*,*,#3539,.F.);
#4664=ORIENTED_EDGE('',*,*,#3540,.F.);
#4665=ORIENTED_EDGE('',*,*,#3541,.F.);
#4666=ORIENTED_EDGE('',*,*,#3542,.F.);
#4667=ORIENTED_EDGE('',*,*,#3543,.F.);
#4668=ORIENTED_EDGE('',*,*,#3544,.F.);
#4669=ORIENTED_EDGE('',*,*,#3545,.F.);
#4670=ORIENTED_EDGE('',*,*,#3546,.F.);
#4671=ORIENTED_EDGE('',*,*,#3547,.F.);
#4672=ORIENTED_EDGE('',*,*,#3548,.F.);
#4673=ORIENTED_EDGE('',*,*,#3549,.F.);
#4674=ORIENTED_EDGE('',*,*,#3550,.F.);
#4675=ORIENTED_EDGE('',*,*,#3551,.F.);
#4676=ORIENTED_EDGE('',*,*,#3552,.F.);
#4677=ORIENTED_EDGE('',*,*,#3553,.F.);
#4678=ORIENTED_EDGE('',*,*,#3554,.F.);
#4679=ORIENTED_EDGE('',*,*,#3555,.F.);
#4680=ORIENTED_EDGE('',*,*,#3556,.F.);
#4681=ORIENTED_EDGE('',*,*,#3557,.F.);
#4682=ORIENTED_EDGE('',*,*,#3558,.F.);
#4683=ORIENTED_EDGE('',*,*,#3559,.F.);
#4684=ORIENTED_EDGE('',*,*,#3560,.F.);
#4685=ORIENTED_EDGE('',*,*,#3561,.F.);
#4686=ORIENTED_EDGE('',*,*,#3562,.T.);
#4687=ORIENTED_EDGE('',*,*,#3563,.F.);
#4688=ORIENTED_EDGE('',*,*,#3564,.F.);
#4689=ORIENTED_EDGE('',*,*,#3565,.F.);
#4690=ORIENTED_EDGE('',*,*,#3566,.F.);
#4691=ORIENTED_EDGE('',*,*,#3567,.F.);
#4692=ORIENTED_EDGE('',*,*,#3568,.F.);
#4693=ORIENTED_EDGE('',*,*,#3569,.F.);
#4694=ORIENTED_EDGE('',*,*,#3570,.F.);
#4695=ORIENTED_EDGE('',*,*,#3571,.F.);
#4696=ORIENTED_EDGE('',*,*,#3572,.F.);
#4697=ORIENTED_EDGE('',*,*,#3573,.F.);
#4698=ORIENTED_EDGE('',*,*,#3574,.F.);
#4699=ORIENTED_EDGE('',*,*,#3575,.F.);
#4700=ORIENTED_EDGE('',*,*,#3576,.F.);
#4701=ORIENTED_EDGE('',*,*,#3577,.F.);
#4702=ORIENTED_EDGE('',*,*,#3578,.F.);
#4703=ORIENTED_EDGE('',*,*,#3579,.F.);
#4704=ORIENTED_EDGE('',*,*,#3580,.F.);
#4705=ORIENTED_EDGE('',*,*,#3581,.F.);
#4706=ORIENTED_EDGE('',*,*,#3582,.F.);
#4707=ORIENTED_EDGE('',*,*,#3583,.F.);
#4708=ORIENTED_EDGE('',*,*,#3584,.F.);
#4709=ORIENTED_EDGE('',*,*,#3585,.F.);
#4710=ORIENTED_EDGE('',*,*,#3586,.F.);
#4711=ORIENTED_EDGE('',*,*,#3587,.F.);
#4712=ORIENTED_EDGE('',*,*,#3588,.F.);
#4713=ORIENTED_EDGE('',*,*,#3589,.F.);
#4714=ORIENTED_EDGE('',*,*,#3590,.F.);
#4715=ORIENTED_EDGE('',*,*,#3591,.F.);
#4716=ORIENTED_EDGE('',*,*,#3592,.F.);
#4717=ORIENTED_EDGE('',*,*,#3593,.F.);
#4718=ORIENTED_EDGE('',*,*,#3594,.F.);
#4719=ORIENTED_EDGE('',*,*,#3595,.F.);
#4720=ORIENTED_EDGE('',*,*,#3596,.F.);
#4721=ORIENTED_EDGE('',*,*,#3597,.F.);
#4722=ORIENTED_EDGE('',*,*,#3598,.F.);
#4723=ORIENTED_EDGE('',*,*,#3599,.F.);
#4724=ORIENTED_EDGE('',*,*,#3600,.F.);
#4725=ORIENTED_EDGE('',*,*,#3601,.F.);
#4726=ORIENTED_EDGE('',*,*,#3602,.F.);
#4727=ORIENTED_EDGE('',*,*,#3603,.F.);
#4728=ORIENTED_EDGE('',*,*,#3604,.F.);
#4729=ORIENTED_EDGE('',*,*,#3605,.F.);
#4730=ORIENTED_EDGE('',*,*,#3606,.F.);
#4731=ORIENTED_EDGE('',*,*,#3607,.F.);
#4732=ORIENTED_EDGE('',*,*,#3608,.F.);
#4733=ORIENTED_EDGE('',*,*,#3609,.F.);
#4734=ORIENTED_EDGE('',*,*,#3610,.F.);
#4735=ORIENTED_EDGE('',*,*,#3611,.F.);
#4736=ORIENTED_EDGE('',*,*,#3612,.F.);
#4737=ORIENTED_EDGE('',*,*,#3613,.F.);
#4738=ORIENTED_EDGE('',*,*,#3614,.F.);
#4739=ORIENTED_EDGE('',*,*,#3615,.F.);
#4740=ORIENTED_EDGE('',*,*,#3616,.F.);
#4741=ORIENTED_EDGE('',*,*,#3617,.F.);
#4742=ORIENTED_EDGE('',*,*,#3618,.F.);
#4743=ORIENTED_EDGE('',*,*,#3619,.F.);
#4744=ORIENTED_EDGE('',*,*,#3620,.F.);
#4745=ORIENTED_EDGE('',*,*,#3621,.F.);
#4746=ORIENTED_EDGE('',*,*,#3622,.F.);
#4747=ORIENTED_EDGE('',*,*,#3623,.F.);
#4748=ORIENTED_EDGE('',*,*,#3624,.F.);
#4749=ORIENTED_EDGE('',*,*,#3625,.F.);
#4750=ORIENTED_EDGE('',*,*,#3626,.F.);
#4751=ORIENTED_EDGE('',*,*,#3627,.T.);
#4752=ORIENTED_EDGE('',*,*,#3628,.F.);
#4753=ORIENTED_EDGE('',*,*,#3629,.F.);
#4754=ORIENTED_EDGE('',*,*,#3630,.F.);
#4755=ORIENTED_EDGE('',*,*,#3631,.F.);
#4756=ORIENTED_EDGE('',*,*,#3632,.F.);
#4757=ORIENTED_EDGE('',*,*,#3633,.F.);
#4758=ORIENTED_EDGE('',*,*,#3634,.F.);
#4759=ORIENTED_EDGE('',*,*,#3635,.F.);
#4760=ORIENTED_EDGE('',*,*,#3636,.F.);
#4761=ORIENTED_EDGE('',*,*,#3637,.F.);
#4762=ORIENTED_EDGE('',*,*,#3638,.F.);
#4763=ORIENTED_EDGE('',*,*,#3639,.F.);
#4764=ORIENTED_EDGE('',*,*,#3640,.F.);
#4765=ORIENTED_EDGE('',*,*,#3641,.F.);
#4766=ORIENTED_EDGE('',*,*,#3642,.F.);
#4767=ORIENTED_EDGE('',*,*,#3643,.F.);
#4768=ORIENTED_EDGE('',*,*,#3166,.T.);
#4769=ORIENTED_EDGE('',*,*,#3163,.T.);
#4770=ORIENTED_EDGE('',*,*,#3160,.T.);
#4771=ORIENTED_EDGE('',*,*,#3169,.T.);
#4772=ORIENTED_EDGE('',*,*,#3644,.T.);
#4773=ORIENTED_EDGE('',*,*,#3636,.T.);
#4774=ORIENTED_EDGE('',*,*,#3645,.F.);
#4775=ORIENTED_EDGE('',*,*,#3381,.F.);
#4776=ORIENTED_EDGE('',*,*,#3646,.T.);
#4777=ORIENTED_EDGE('',*,*,#3637,.T.);
#4778=ORIENTED_EDGE('',*,*,#3644,.F.);
#4779=ORIENTED_EDGE('',*,*,#3388,.F.);
#4780=ORIENTED_EDGE('',*,*,#3645,.T.);
#4781=ORIENTED_EDGE('',*,*,#3643,.T.);
#4782=ORIENTED_EDGE('',*,*,#3647,.F.);
#4783=ORIENTED_EDGE('',*,*,#3382,.F.);
#4784=ORIENTED_EDGE('',*,*,#3648,.T.);
#4785=ORIENTED_EDGE('',*,*,#3638,.T.);
#4786=ORIENTED_EDGE('',*,*,#3646,.F.);
#4787=ORIENTED_EDGE('',*,*,#3387,.F.);
#4788=ORIENTED_EDGE('',*,*,#3647,.T.);
#4789=ORIENTED_EDGE('',*,*,#3642,.T.);
#4790=ORIENTED_EDGE('',*,*,#3649,.F.);
#4791=ORIENTED_EDGE('',*,*,#3383,.F.);
#4792=ORIENTED_EDGE('',*,*,#3650,.T.);
#4793=ORIENTED_EDGE('',*,*,#3639,.T.);
#4794=ORIENTED_EDGE('',*,*,#3648,.F.);
#4795=ORIENTED_EDGE('',*,*,#3386,.F.);
#4796=ORIENTED_EDGE('',*,*,#3649,.T.);
#4797=ORIENTED_EDGE('',*,*,#3641,.T.);
#4798=ORIENTED_EDGE('',*,*,#3651,.F.);
#4799=ORIENTED_EDGE('',*,*,#3384,.F.);
#4800=ORIENTED_EDGE('',*,*,#3651,.T.);
#4801=ORIENTED_EDGE('',*,*,#3640,.T.);
#4802=ORIENTED_EDGE('',*,*,#3650,.F.);
#4803=ORIENTED_EDGE('',*,*,#3385,.F.);
#4804=ORIENTED_EDGE('',*,*,#3652,.T.);
#4805=ORIENTED_EDGE('',*,*,#3628,.T.);
#4806=ORIENTED_EDGE('',*,*,#3653,.F.);
#4807=ORIENTED_EDGE('',*,*,#3373,.F.);
#4808=ORIENTED_EDGE('',*,*,#3654,.T.);
#4809=ORIENTED_EDGE('',*,*,#3629,.T.);
#4810=ORIENTED_EDGE('',*,*,#3652,.F.);
#4811=ORIENTED_EDGE('',*,*,#3380,.F.);
#4812=ORIENTED_EDGE('',*,*,#3653,.T.);
#4813=ORIENTED_EDGE('',*,*,#3635,.T.);
#4814=ORIENTED_EDGE('',*,*,#3655,.F.);
#4815=ORIENTED_EDGE('',*,*,#3374,.F.);
#4816=ORIENTED_EDGE('',*,*,#3656,.T.);
#4817=ORIENTED_EDGE('',*,*,#3630,.T.);
#4818=ORIENTED_EDGE('',*,*,#3654,.F.);
#4819=ORIENTED_EDGE('',*,*,#3379,.F.);
#4820=ORIENTED_EDGE('',*,*,#3655,.T.);
#4821=ORIENTED_EDGE('',*,*,#3634,.T.);
#4822=ORIENTED_EDGE('',*,*,#3657,.F.);
#4823=ORIENTED_EDGE('',*,*,#3375,.F.);
#4824=ORIENTED_EDGE('',*,*,#3658,.T.);
#4825=ORIENTED_EDGE('',*,*,#3631,.T.);
#4826=ORIENTED_EDGE('',*,*,#3656,.F.);
#4827=ORIENTED_EDGE('',*,*,#3378,.F.);
#4828=ORIENTED_EDGE('',*,*,#3657,.T.);
#4829=ORIENTED_EDGE('',*,*,#3633,.T.);
#4830=ORIENTED_EDGE('',*,*,#3659,.F.);
#4831=ORIENTED_EDGE('',*,*,#3376,.F.);
#4832=ORIENTED_EDGE('',*,*,#3659,.T.);
#4833=ORIENTED_EDGE('',*,*,#3632,.T.);
#4834=ORIENTED_EDGE('',*,*,#3658,.F.);
#4835=ORIENTED_EDGE('',*,*,#3377,.F.);
#4836=ORIENTED_EDGE('',*,*,#3627,.F.);
#4837=ORIENTED_EDGE('',*,*,#3660,.T.);
#4838=ORIENTED_EDGE('',*,*,#3372,.T.);
#4839=ORIENTED_EDGE('',*,*,#3660,.F.);
#4840=ORIENTED_EDGE('',*,*,#3661,.T.);
#4841=ORIENTED_EDGE('',*,*,#3619,.T.);
#4842=ORIENTED_EDGE('',*,*,#3662,.F.);
#4843=ORIENTED_EDGE('',*,*,#3364,.F.);
#4844=ORIENTED_EDGE('',*,*,#3663,.T.);
#4845=ORIENTED_EDGE('',*,*,#3620,.T.);
#4846=ORIENTED_EDGE('',*,*,#3661,.F.);
#4847=ORIENTED_EDGE('',*,*,#3371,.F.);
#4848=ORIENTED_EDGE('',*,*,#3662,.T.);
#4849=ORIENTED_EDGE('',*,*,#3626,.T.);
#4850=ORIENTED_EDGE('',*,*,#3664,.F.);
#4851=ORIENTED_EDGE('',*,*,#3365,.F.);
#4852=ORIENTED_EDGE('',*,*,#3665,.T.);
#4853=ORIENTED_EDGE('',*,*,#3621,.T.);
#4854=ORIENTED_EDGE('',*,*,#3663,.F.);
#4855=ORIENTED_EDGE('',*,*,#3370,.F.);
#4856=ORIENTED_EDGE('',*,*,#3664,.T.);
#4857=ORIENTED_EDGE('',*,*,#3625,.T.);
#4858=ORIENTED_EDGE('',*,*,#3666,.F.);
#4859=ORIENTED_EDGE('',*,*,#3366,.F.);
#4860=ORIENTED_EDGE('',*,*,#3667,.T.);
#4861=ORIENTED_EDGE('',*,*,#3622,.T.);
#4862=ORIENTED_EDGE('',*,*,#3665,.F.);
#4863=ORIENTED_EDGE('',*,*,#3369,.F.);
#4864=ORIENTED_EDGE('',*,*,#3666,.T.);
#4865=ORIENTED_EDGE('',*,*,#3624,.T.);
#4866=ORIENTED_EDGE('',*,*,#3668,.F.);
#4867=ORIENTED_EDGE('',*,*,#3367,.F.);
#4868=ORIENTED_EDGE('',*,*,#3668,.T.);
#4869=ORIENTED_EDGE('',*,*,#3623,.T.);
#4870=ORIENTED_EDGE('',*,*,#3667,.F.);
#4871=ORIENTED_EDGE('',*,*,#3368,.F.);
#4872=ORIENTED_EDGE('',*,*,#3669,.T.);
#4873=ORIENTED_EDGE('',*,*,#3611,.T.);
#4874=ORIENTED_EDGE('',*,*,#3670,.F.);
#4875=ORIENTED_EDGE('',*,*,#3356,.F.);
#4876=ORIENTED_EDGE('',*,*,#3671,.T.);
#4877=ORIENTED_EDGE('',*,*,#3612,.T.);
#4878=ORIENTED_EDGE('',*,*,#3669,.F.);
#4879=ORIENTED_EDGE('',*,*,#3363,.F.);
#4880=ORIENTED_EDGE('',*,*,#3670,.T.);
#4881=ORIENTED_EDGE('',*,*,#3618,.T.);
#4882=ORIENTED_EDGE('',*,*,#3672,.F.);
#4883=ORIENTED_EDGE('',*,*,#3357,.F.);
#4884=ORIENTED_EDGE('',*,*,#3673,.T.);
#4885=ORIENTED_EDGE('',*,*,#3613,.T.);
#4886=ORIENTED_EDGE('',*,*,#3671,.F.);
#4887=ORIENTED_EDGE('',*,*,#3362,.F.);
#4888=ORIENTED_EDGE('',*,*,#3672,.T.);
#4889=ORIENTED_EDGE('',*,*,#3617,.T.);
#4890=ORIENTED_EDGE('',*,*,#3674,.F.);
#4891=ORIENTED_EDGE('',*,*,#3358,.F.);
#4892=ORIENTED_EDGE('',*,*,#3675,.T.);
#4893=ORIENTED_EDGE('',*,*,#3614,.T.);
#4894=ORIENTED_EDGE('',*,*,#3673,.F.);
#4895=ORIENTED_EDGE('',*,*,#3361,.F.);
#4896=ORIENTED_EDGE('',*,*,#3674,.T.);
#4897=ORIENTED_EDGE('',*,*,#3616,.T.);
#4898=ORIENTED_EDGE('',*,*,#3676,.F.);
#4899=ORIENTED_EDGE('',*,*,#3359,.F.);
#4900=ORIENTED_EDGE('',*,*,#3676,.T.);
#4901=ORIENTED_EDGE('',*,*,#3615,.T.);
#4902=ORIENTED_EDGE('',*,*,#3675,.F.);
#4903=ORIENTED_EDGE('',*,*,#3360,.F.);
#4904=ORIENTED_EDGE('',*,*,#3677,.T.);
#4905=ORIENTED_EDGE('',*,*,#3603,.T.);
#4906=ORIENTED_EDGE('',*,*,#3678,.F.);
#4907=ORIENTED_EDGE('',*,*,#3348,.F.);
#4908=ORIENTED_EDGE('',*,*,#3679,.T.);
#4909=ORIENTED_EDGE('',*,*,#3604,.T.);
#4910=ORIENTED_EDGE('',*,*,#3677,.F.);
#4911=ORIENTED_EDGE('',*,*,#3355,.F.);
#4912=ORIENTED_EDGE('',*,*,#3678,.T.);
#4913=ORIENTED_EDGE('',*,*,#3610,.T.);
#4914=ORIENTED_EDGE('',*,*,#3680,.F.);
#4915=ORIENTED_EDGE('',*,*,#3349,.F.);
#4916=ORIENTED_EDGE('',*,*,#3681,.T.);
#4917=ORIENTED_EDGE('',*,*,#3605,.T.);
#4918=ORIENTED_EDGE('',*,*,#3679,.F.);
#4919=ORIENTED_EDGE('',*,*,#3354,.F.);
#4920=ORIENTED_EDGE('',*,*,#3680,.T.);
#4921=ORIENTED_EDGE('',*,*,#3609,.T.);
#4922=ORIENTED_EDGE('',*,*,#3682,.F.);
#4923=ORIENTED_EDGE('',*,*,#3350,.F.);
#4924=ORIENTED_EDGE('',*,*,#3683,.T.);
#4925=ORIENTED_EDGE('',*,*,#3606,.T.);
#4926=ORIENTED_EDGE('',*,*,#3681,.F.);
#4927=ORIENTED_EDGE('',*,*,#3353,.F.);
#4928=ORIENTED_EDGE('',*,*,#3682,.T.);
#4929=ORIENTED_EDGE('',*,*,#3608,.T.);
#4930=ORIENTED_EDGE('',*,*,#3684,.F.);
#4931=ORIENTED_EDGE('',*,*,#3351,.F.);
#4932=ORIENTED_EDGE('',*,*,#3684,.T.);
#4933=ORIENTED_EDGE('',*,*,#3607,.T.);
#4934=ORIENTED_EDGE('',*,*,#3683,.F.);
#4935=ORIENTED_EDGE('',*,*,#3352,.F.);
#4936=ORIENTED_EDGE('',*,*,#3685,.T.);
#4937=ORIENTED_EDGE('',*,*,#3595,.T.);
#4938=ORIENTED_EDGE('',*,*,#3686,.F.);
#4939=ORIENTED_EDGE('',*,*,#3340,.F.);
#4940=ORIENTED_EDGE('',*,*,#3687,.T.);
#4941=ORIENTED_EDGE('',*,*,#3596,.T.);
#4942=ORIENTED_EDGE('',*,*,#3685,.F.);
#4943=ORIENTED_EDGE('',*,*,#3347,.F.);
#4944=ORIENTED_EDGE('',*,*,#3686,.T.);
#4945=ORIENTED_EDGE('',*,*,#3602,.T.);
#4946=ORIENTED_EDGE('',*,*,#3688,.F.);
#4947=ORIENTED_EDGE('',*,*,#3341,.F.);
#4948=ORIENTED_EDGE('',*,*,#3689,.T.);
#4949=ORIENTED_EDGE('',*,*,#3597,.T.);
#4950=ORIENTED_EDGE('',*,*,#3687,.F.);
#4951=ORIENTED_EDGE('',*,*,#3346,.F.);
#4952=ORIENTED_EDGE('',*,*,#3688,.T.);
#4953=ORIENTED_EDGE('',*,*,#3601,.T.);
#4954=ORIENTED_EDGE('',*,*,#3690,.F.);
#4955=ORIENTED_EDGE('',*,*,#3342,.F.);
#4956=ORIENTED_EDGE('',*,*,#3691,.T.);
#4957=ORIENTED_EDGE('',*,*,#3598,.T.);
#4958=ORIENTED_EDGE('',*,*,#3689,.F.);
#4959=ORIENTED_EDGE('',*,*,#3345,.F.);
#4960=ORIENTED_EDGE('',*,*,#3690,.T.);
#4961=ORIENTED_EDGE('',*,*,#3600,.T.);
#4962=ORIENTED_EDGE('',*,*,#3692,.F.);
#4963=ORIENTED_EDGE('',*,*,#3343,.F.);
#4964=ORIENTED_EDGE('',*,*,#3692,.T.);
#4965=ORIENTED_EDGE('',*,*,#3599,.T.);
#4966=ORIENTED_EDGE('',*,*,#3691,.F.);
#4967=ORIENTED_EDGE('',*,*,#3344,.F.);
#4968=ORIENTED_EDGE('',*,*,#3693,.T.);
#4969=ORIENTED_EDGE('',*,*,#3587,.T.);
#4970=ORIENTED_EDGE('',*,*,#3694,.F.);
#4971=ORIENTED_EDGE('',*,*,#3332,.F.);
#4972=ORIENTED_EDGE('',*,*,#3695,.T.);
#4973=ORIENTED_EDGE('',*,*,#3588,.T.);
#4974=ORIENTED_EDGE('',*,*,#3693,.F.);
#4975=ORIENTED_EDGE('',*,*,#3339,.F.);
#4976=ORIENTED_EDGE('',*,*,#3694,.T.);
#4977=ORIENTED_EDGE('',*,*,#3594,.T.);
#4978=ORIENTED_EDGE('',*,*,#3696,.F.);
#4979=ORIENTED_EDGE('',*,*,#3333,.F.);
#4980=ORIENTED_EDGE('',*,*,#3697,.T.);
#4981=ORIENTED_EDGE('',*,*,#3589,.T.);
#4982=ORIENTED_EDGE('',*,*,#3695,.F.);
#4983=ORIENTED_EDGE('',*,*,#3338,.F.);
#4984=ORIENTED_EDGE('',*,*,#3696,.T.);
#4985=ORIENTED_EDGE('',*,*,#3593,.T.);
#4986=ORIENTED_EDGE('',*,*,#3698,.F.);
#4987=ORIENTED_EDGE('',*,*,#3334,.F.);
#4988=ORIENTED_EDGE('',*,*,#3699,.T.);
#4989=ORIENTED_EDGE('',*,*,#3590,.T.);
#4990=ORIENTED_EDGE('',*,*,#3697,.F.);
#4991=ORIENTED_EDGE('',*,*,#3337,.F.);
#4992=ORIENTED_EDGE('',*,*,#3698,.T.);
#4993=ORIENTED_EDGE('',*,*,#3592,.T.);
#4994=ORIENTED_EDGE('',*,*,#3700,.F.);
#4995=ORIENTED_EDGE('',*,*,#3335,.F.);
#4996=ORIENTED_EDGE('',*,*,#3700,.T.);
#4997=ORIENTED_EDGE('',*,*,#3591,.T.);
#4998=ORIENTED_EDGE('',*,*,#3699,.F.);
#4999=ORIENTED_EDGE('',*,*,#3336,.F.);
#5000=ORIENTED_EDGE('',*,*,#3701,.T.);
#5001=ORIENTED_EDGE('',*,*,#3579,.T.);
#5002=ORIENTED_EDGE('',*,*,#3702,.F.);
#5003=ORIENTED_EDGE('',*,*,#3324,.F.);
#5004=ORIENTED_EDGE('',*,*,#3703,.T.);
#5005=ORIENTED_EDGE('',*,*,#3580,.T.);
#5006=ORIENTED_EDGE('',*,*,#3701,.F.);
#5007=ORIENTED_EDGE('',*,*,#3331,.F.);
#5008=ORIENTED_EDGE('',*,*,#3702,.T.);
#5009=ORIENTED_EDGE('',*,*,#3586,.T.);
#5010=ORIENTED_EDGE('',*,*,#3704,.F.);
#5011=ORIENTED_EDGE('',*,*,#3325,.F.);
#5012=ORIENTED_EDGE('',*,*,#3705,.T.);
#5013=ORIENTED_EDGE('',*,*,#3581,.T.);
#5014=ORIENTED_EDGE('',*,*,#3703,.F.);
#5015=ORIENTED_EDGE('',*,*,#3330,.F.);
#5016=ORIENTED_EDGE('',*,*,#3704,.T.);
#5017=ORIENTED_EDGE('',*,*,#3585,.T.);
#5018=ORIENTED_EDGE('',*,*,#3706,.F.);
#5019=ORIENTED_EDGE('',*,*,#3326,.F.);
#5020=ORIENTED_EDGE('',*,*,#3707,.T.);
#5021=ORIENTED_EDGE('',*,*,#3582,.T.);
#5022=ORIENTED_EDGE('',*,*,#3705,.F.);
#5023=ORIENTED_EDGE('',*,*,#3329,.F.);
#5024=ORIENTED_EDGE('',*,*,#3706,.T.);
#5025=ORIENTED_EDGE('',*,*,#3584,.T.);
#5026=ORIENTED_EDGE('',*,*,#3708,.F.);
#5027=ORIENTED_EDGE('',*,*,#3327,.F.);
#5028=ORIENTED_EDGE('',*,*,#3708,.T.);
#5029=ORIENTED_EDGE('',*,*,#3583,.T.);
#5030=ORIENTED_EDGE('',*,*,#3707,.F.);
#5031=ORIENTED_EDGE('',*,*,#3328,.F.);
#5032=ORIENTED_EDGE('',*,*,#3709,.T.);
#5033=ORIENTED_EDGE('',*,*,#3571,.T.);
#5034=ORIENTED_EDGE('',*,*,#3710,.F.);
#5035=ORIENTED_EDGE('',*,*,#3316,.F.);
#5036=ORIENTED_EDGE('',*,*,#3711,.T.);
#5037=ORIENTED_EDGE('',*,*,#3572,.T.);
#5038=ORIENTED_EDGE('',*,*,#3709,.F.);
#5039=ORIENTED_EDGE('',*,*,#3323,.F.);
#5040=ORIENTED_EDGE('',*,*,#3710,.T.);
#5041=ORIENTED_EDGE('',*,*,#3578,.T.);
#5042=ORIENTED_EDGE('',*,*,#3712,.F.);
#5043=ORIENTED_EDGE('',*,*,#3317,.F.);
#5044=ORIENTED_EDGE('',*,*,#3713,.T.);
#5045=ORIENTED_EDGE('',*,*,#3573,.T.);
#5046=ORIENTED_EDGE('',*,*,#3711,.F.);
#5047=ORIENTED_EDGE('',*,*,#3322,.F.);
#5048=ORIENTED_EDGE('',*,*,#3712,.T.);
#5049=ORIENTED_EDGE('',*,*,#3577,.T.);
#5050=ORIENTED_EDGE('',*,*,#3714,.F.);
#5051=ORIENTED_EDGE('',*,*,#3318,.F.);
#5052=ORIENTED_EDGE('',*,*,#3715,.T.);
#5053=ORIENTED_EDGE('',*,*,#3574,.T.);
#5054=ORIENTED_EDGE('',*,*,#3713,.F.);
#5055=ORIENTED_EDGE('',*,*,#3321,.F.);
#5056=ORIENTED_EDGE('',*,*,#3714,.T.);
#5057=ORIENTED_EDGE('',*,*,#3576,.T.);
#5058=ORIENTED_EDGE('',*,*,#3716,.F.);
#5059=ORIENTED_EDGE('',*,*,#3319,.F.);
#5060=ORIENTED_EDGE('',*,*,#3716,.T.);
#5061=ORIENTED_EDGE('',*,*,#3575,.T.);
#5062=ORIENTED_EDGE('',*,*,#3715,.F.);
#5063=ORIENTED_EDGE('',*,*,#3320,.F.);
#5064=ORIENTED_EDGE('',*,*,#3717,.T.);
#5065=ORIENTED_EDGE('',*,*,#3563,.T.);
#5066=ORIENTED_EDGE('',*,*,#3718,.F.);
#5067=ORIENTED_EDGE('',*,*,#3308,.F.);
#5068=ORIENTED_EDGE('',*,*,#3719,.T.);
#5069=ORIENTED_EDGE('',*,*,#3564,.T.);
#5070=ORIENTED_EDGE('',*,*,#3717,.F.);
#5071=ORIENTED_EDGE('',*,*,#3315,.F.);
#5072=ORIENTED_EDGE('',*,*,#3718,.T.);
#5073=ORIENTED_EDGE('',*,*,#3570,.T.);
#5074=ORIENTED_EDGE('',*,*,#3720,.F.);
#5075=ORIENTED_EDGE('',*,*,#3309,.F.);
#5076=ORIENTED_EDGE('',*,*,#3721,.T.);
#5077=ORIENTED_EDGE('',*,*,#3565,.T.);
#5078=ORIENTED_EDGE('',*,*,#3719,.F.);
#5079=ORIENTED_EDGE('',*,*,#3314,.F.);
#5080=ORIENTED_EDGE('',*,*,#3720,.T.);
#5081=ORIENTED_EDGE('',*,*,#3569,.T.);
#5082=ORIENTED_EDGE('',*,*,#3722,.F.);
#5083=ORIENTED_EDGE('',*,*,#3310,.F.);
#5084=ORIENTED_EDGE('',*,*,#3723,.T.);
#5085=ORIENTED_EDGE('',*,*,#3566,.T.);
#5086=ORIENTED_EDGE('',*,*,#3721,.F.);
#5087=ORIENTED_EDGE('',*,*,#3313,.F.);
#5088=ORIENTED_EDGE('',*,*,#3722,.T.);
#5089=ORIENTED_EDGE('',*,*,#3568,.T.);
#5090=ORIENTED_EDGE('',*,*,#3724,.F.);
#5091=ORIENTED_EDGE('',*,*,#3311,.F.);
#5092=ORIENTED_EDGE('',*,*,#3724,.T.);
#5093=ORIENTED_EDGE('',*,*,#3567,.T.);
#5094=ORIENTED_EDGE('',*,*,#3723,.F.);
#5095=ORIENTED_EDGE('',*,*,#3312,.F.);
#5096=ORIENTED_EDGE('',*,*,#3562,.F.);
#5097=ORIENTED_EDGE('',*,*,#3725,.T.);
#5098=ORIENTED_EDGE('',*,*,#3307,.T.);
#5099=ORIENTED_EDGE('',*,*,#3725,.F.);
#5100=ORIENTED_EDGE('',*,*,#3726,.T.);
#5101=ORIENTED_EDGE('',*,*,#3554,.T.);
#5102=ORIENTED_EDGE('',*,*,#3727,.F.);
#5103=ORIENTED_EDGE('',*,*,#3299,.F.);
#5104=ORIENTED_EDGE('',*,*,#3728,.T.);
#5105=ORIENTED_EDGE('',*,*,#3555,.T.);
#5106=ORIENTED_EDGE('',*,*,#3726,.F.);
#5107=ORIENTED_EDGE('',*,*,#3306,.F.);
#5108=ORIENTED_EDGE('',*,*,#3727,.T.);
#5109=ORIENTED_EDGE('',*,*,#3561,.T.);
#5110=ORIENTED_EDGE('',*,*,#3729,.F.);
#5111=ORIENTED_EDGE('',*,*,#3300,.F.);
#5112=ORIENTED_EDGE('',*,*,#3730,.T.);
#5113=ORIENTED_EDGE('',*,*,#3556,.T.);
#5114=ORIENTED_EDGE('',*,*,#3728,.F.);
#5115=ORIENTED_EDGE('',*,*,#3305,.F.);
#5116=ORIENTED_EDGE('',*,*,#3729,.T.);
#5117=ORIENTED_EDGE('',*,*,#3560,.T.);
#5118=ORIENTED_EDGE('',*,*,#3731,.F.);
#5119=ORIENTED_EDGE('',*,*,#3301,.F.);
#5120=ORIENTED_EDGE('',*,*,#3732,.T.);
#5121=ORIENTED_EDGE('',*,*,#3557,.T.);
#5122=ORIENTED_EDGE('',*,*,#3730,.F.);
#5123=ORIENTED_EDGE('',*,*,#3304,.F.);
#5124=ORIENTED_EDGE('',*,*,#3731,.T.);
#5125=ORIENTED_EDGE('',*,*,#3559,.T.);
#5126=ORIENTED_EDGE('',*,*,#3733,.F.);
#5127=ORIENTED_EDGE('',*,*,#3302,.F.);
#5128=ORIENTED_EDGE('',*,*,#3733,.T.);
#5129=ORIENTED_EDGE('',*,*,#3558,.T.);
#5130=ORIENTED_EDGE('',*,*,#3732,.F.);
#5131=ORIENTED_EDGE('',*,*,#3303,.F.);
#5132=ORIENTED_EDGE('',*,*,#3734,.T.);
#5133=ORIENTED_EDGE('',*,*,#3546,.T.);
#5134=ORIENTED_EDGE('',*,*,#3735,.F.);
#5135=ORIENTED_EDGE('',*,*,#3291,.F.);
#5136=ORIENTED_EDGE('',*,*,#3736,.T.);
#5137=ORIENTED_EDGE('',*,*,#3547,.T.);
#5138=ORIENTED_EDGE('',*,*,#3734,.F.);
#5139=ORIENTED_EDGE('',*,*,#3298,.F.);
#5140=ORIENTED_EDGE('',*,*,#3735,.T.);
#5141=ORIENTED_EDGE('',*,*,#3553,.T.);
#5142=ORIENTED_EDGE('',*,*,#3737,.F.);
#5143=ORIENTED_EDGE('',*,*,#3292,.F.);
#5144=ORIENTED_EDGE('',*,*,#3738,.T.);
#5145=ORIENTED_EDGE('',*,*,#3548,.T.);
#5146=ORIENTED_EDGE('',*,*,#3736,.F.);
#5147=ORIENTED_EDGE('',*,*,#3297,.F.);
#5148=ORIENTED_EDGE('',*,*,#3737,.T.);
#5149=ORIENTED_EDGE('',*,*,#3552,.T.);
#5150=ORIENTED_EDGE('',*,*,#3739,.F.);
#5151=ORIENTED_EDGE('',*,*,#3293,.F.);
#5152=ORIENTED_EDGE('',*,*,#3740,.T.);
#5153=ORIENTED_EDGE('',*,*,#3549,.T.);
#5154=ORIENTED_EDGE('',*,*,#3738,.F.);
#5155=ORIENTED_EDGE('',*,*,#3296,.F.);
#5156=ORIENTED_EDGE('',*,*,#3739,.T.);
#5157=ORIENTED_EDGE('',*,*,#3551,.T.);
#5158=ORIENTED_EDGE('',*,*,#3741,.F.);
#5159=ORIENTED_EDGE('',*,*,#3294,.F.);
#5160=ORIENTED_EDGE('',*,*,#3741,.T.);
#5161=ORIENTED_EDGE('',*,*,#3550,.T.);
#5162=ORIENTED_EDGE('',*,*,#3740,.F.);
#5163=ORIENTED_EDGE('',*,*,#3295,.F.);
#5164=ORIENTED_EDGE('',*,*,#3742,.T.);
#5165=ORIENTED_EDGE('',*,*,#3538,.T.);
#5166=ORIENTED_EDGE('',*,*,#3743,.F.);
#5167=ORIENTED_EDGE('',*,*,#3283,.F.);
#5168=ORIENTED_EDGE('',*,*,#3744,.T.);
#5169=ORIENTED_EDGE('',*,*,#3539,.T.);
#5170=ORIENTED_EDGE('',*,*,#3742,.F.);
#5171=ORIENTED_EDGE('',*,*,#3290,.F.);
#5172=ORIENTED_EDGE('',*,*,#3743,.T.);
#5173=ORIENTED_EDGE('',*,*,#3545,.T.);
#5174=ORIENTED_EDGE('',*,*,#3745,.F.);
#5175=ORIENTED_EDGE('',*,*,#3284,.F.);
#5176=ORIENTED_EDGE('',*,*,#3746,.T.);
#5177=ORIENTED_EDGE('',*,*,#3540,.T.);
#5178=ORIENTED_EDGE('',*,*,#3744,.F.);
#5179=ORIENTED_EDGE('',*,*,#3289,.F.);
#5180=ORIENTED_EDGE('',*,*,#3745,.T.);
#5181=ORIENTED_EDGE('',*,*,#3544,.T.);
#5182=ORIENTED_EDGE('',*,*,#3747,.F.);
#5183=ORIENTED_EDGE('',*,*,#3285,.F.);
#5184=ORIENTED_EDGE('',*,*,#3748,.T.);
#5185=ORIENTED_EDGE('',*,*,#3541,.T.);
#5186=ORIENTED_EDGE('',*,*,#3746,.F.);
#5187=ORIENTED_EDGE('',*,*,#3288,.F.);
#5188=ORIENTED_EDGE('',*,*,#3747,.T.);
#5189=ORIENTED_EDGE('',*,*,#3543,.T.);
#5190=ORIENTED_EDGE('',*,*,#3749,.F.);
#5191=ORIENTED_EDGE('',*,*,#3286,.F.);
#5192=ORIENTED_EDGE('',*,*,#3749,.T.);
#5193=ORIENTED_EDGE('',*,*,#3542,.T.);
#5194=ORIENTED_EDGE('',*,*,#3748,.F.);
#5195=ORIENTED_EDGE('',*,*,#3287,.F.);
#5196=ORIENTED_EDGE('',*,*,#3750,.T.);
#5197=ORIENTED_EDGE('',*,*,#3530,.T.);
#5198=ORIENTED_EDGE('',*,*,#3751,.F.);
#5199=ORIENTED_EDGE('',*,*,#3275,.F.);
#5200=ORIENTED_EDGE('',*,*,#3752,.T.);
#5201=ORIENTED_EDGE('',*,*,#3531,.T.);
#5202=ORIENTED_EDGE('',*,*,#3750,.F.);
#5203=ORIENTED_EDGE('',*,*,#3282,.F.);
#5204=ORIENTED_EDGE('',*,*,#3751,.T.);
#5205=ORIENTED_EDGE('',*,*,#3537,.T.);
#5206=ORIENTED_EDGE('',*,*,#3753,.F.);
#5207=ORIENTED_EDGE('',*,*,#3276,.F.);
#5208=ORIENTED_EDGE('',*,*,#3754,.T.);
#5209=ORIENTED_EDGE('',*,*,#3532,.T.);
#5210=ORIENTED_EDGE('',*,*,#3752,.F.);
#5211=ORIENTED_EDGE('',*,*,#3281,.F.);
#5212=ORIENTED_EDGE('',*,*,#3753,.T.);
#5213=ORIENTED_EDGE('',*,*,#3536,.T.);
#5214=ORIENTED_EDGE('',*,*,#3755,.F.);
#5215=ORIENTED_EDGE('',*,*,#3277,.F.);
#5216=ORIENTED_EDGE('',*,*,#3756,.T.);
#5217=ORIENTED_EDGE('',*,*,#3533,.T.);
#5218=ORIENTED_EDGE('',*,*,#3754,.F.);
#5219=ORIENTED_EDGE('',*,*,#3280,.F.);
#5220=ORIENTED_EDGE('',*,*,#3755,.T.);
#5221=ORIENTED_EDGE('',*,*,#3535,.T.);
#5222=ORIENTED_EDGE('',*,*,#3757,.F.);
#5223=ORIENTED_EDGE('',*,*,#3278,.F.);
#5224=ORIENTED_EDGE('',*,*,#3757,.T.);
#5225=ORIENTED_EDGE('',*,*,#3534,.T.);
#5226=ORIENTED_EDGE('',*,*,#3756,.F.);
#5227=ORIENTED_EDGE('',*,*,#3279,.F.);
#5228=ORIENTED_EDGE('',*,*,#3758,.T.);
#5229=ORIENTED_EDGE('',*,*,#3522,.T.);
#5230=ORIENTED_EDGE('',*,*,#3759,.F.);
#5231=ORIENTED_EDGE('',*,*,#3267,.F.);
#5232=ORIENTED_EDGE('',*,*,#3760,.T.);
#5233=ORIENTED_EDGE('',*,*,#3523,.T.);
#5234=ORIENTED_EDGE('',*,*,#3758,.F.);
#5235=ORIENTED_EDGE('',*,*,#3274,.F.);
#5236=ORIENTED_EDGE('',*,*,#3759,.T.);
#5237=ORIENTED_EDGE('',*,*,#3529,.T.);
#5238=ORIENTED_EDGE('',*,*,#3761,.F.);
#5239=ORIENTED_EDGE('',*,*,#3268,.F.);
#5240=ORIENTED_EDGE('',*,*,#3762,.T.);
#5241=ORIENTED_EDGE('',*,*,#3524,.T.);
#5242=ORIENTED_EDGE('',*,*,#3760,.F.);
#5243=ORIENTED_EDGE('',*,*,#3273,.F.);
#5244=ORIENTED_EDGE('',*,*,#3761,.T.);
#5245=ORIENTED_EDGE('',*,*,#3528,.T.);
#5246=ORIENTED_EDGE('',*,*,#3763,.F.);
#5247=ORIENTED_EDGE('',*,*,#3269,.F.);
#5248=ORIENTED_EDGE('',*,*,#3764,.T.);
#5249=ORIENTED_EDGE('',*,*,#3525,.T.);
#5250=ORIENTED_EDGE('',*,*,#3762,.F.);
#5251=ORIENTED_EDGE('',*,*,#3272,.F.);
#5252=ORIENTED_EDGE('',*,*,#3763,.T.);
#5253=ORIENTED_EDGE('',*,*,#3527,.T.);
#5254=ORIENTED_EDGE('',*,*,#3765,.F.);
#5255=ORIENTED_EDGE('',*,*,#3270,.F.);
#5256=ORIENTED_EDGE('',*,*,#3765,.T.);
#5257=ORIENTED_EDGE('',*,*,#3526,.T.);
#5258=ORIENTED_EDGE('',*,*,#3764,.F.);
#5259=ORIENTED_EDGE('',*,*,#3271,.F.);
#5260=ORIENTED_EDGE('',*,*,#3521,.F.);
#5261=ORIENTED_EDGE('',*,*,#3766,.T.);
#5262=ORIENTED_EDGE('',*,*,#3266,.T.);
#5263=ORIENTED_EDGE('',*,*,#3766,.F.);
#5264=ORIENTED_EDGE('',*,*,#3767,.T.);
#5265=ORIENTED_EDGE('',*,*,#3513,.T.);
#5266=ORIENTED_EDGE('',*,*,#3768,.F.);
#5267=ORIENTED_EDGE('',*,*,#3258,.F.);
#5268=ORIENTED_EDGE('',*,*,#3769,.T.);
#5269=ORIENTED_EDGE('',*,*,#3514,.T.);
#5270=ORIENTED_EDGE('',*,*,#3767,.F.);
#5271=ORIENTED_EDGE('',*,*,#3265,.F.);
#5272=ORIENTED_EDGE('',*,*,#3768,.T.);
#5273=ORIENTED_EDGE('',*,*,#3520,.T.);
#5274=ORIENTED_EDGE('',*,*,#3770,.F.);
#5275=ORIENTED_EDGE('',*,*,#3259,.F.);
#5276=ORIENTED_EDGE('',*,*,#3771,.T.);
#5277=ORIENTED_EDGE('',*,*,#3515,.T.);
#5278=ORIENTED_EDGE('',*,*,#3769,.F.);
#5279=ORIENTED_EDGE('',*,*,#3264,.F.);
#5280=ORIENTED_EDGE('',*,*,#3770,.T.);
#5281=ORIENTED_EDGE('',*,*,#3519,.T.);
#5282=ORIENTED_EDGE('',*,*,#3772,.F.);
#5283=ORIENTED_EDGE('',*,*,#3260,.F.);
#5284=ORIENTED_EDGE('',*,*,#3773,.T.);
#5285=ORIENTED_EDGE('',*,*,#3516,.T.);
#5286=ORIENTED_EDGE('',*,*,#3771,.F.);
#5287=ORIENTED_EDGE('',*,*,#3263,.F.);
#5288=ORIENTED_EDGE('',*,*,#3772,.T.);
#5289=ORIENTED_EDGE('',*,*,#3518,.T.);
#5290=ORIENTED_EDGE('',*,*,#3774,.F.);
#5291=ORIENTED_EDGE('',*,*,#3261,.F.);
#5292=ORIENTED_EDGE('',*,*,#3774,.T.);
#5293=ORIENTED_EDGE('',*,*,#3517,.T.);
#5294=ORIENTED_EDGE('',*,*,#3773,.F.);
#5295=ORIENTED_EDGE('',*,*,#3262,.F.);
#5296=ORIENTED_EDGE('',*,*,#3512,.F.);
#5297=ORIENTED_EDGE('',*,*,#3775,.T.);
#5298=ORIENTED_EDGE('',*,*,#3257,.T.);
#5299=ORIENTED_EDGE('',*,*,#3775,.F.);
#5300=ORIENTED_EDGE('',*,*,#3776,.T.);
#5301=ORIENTED_EDGE('',*,*,#3504,.T.);
#5302=ORIENTED_EDGE('',*,*,#3777,.F.);
#5303=ORIENTED_EDGE('',*,*,#3249,.F.);
#5304=ORIENTED_EDGE('',*,*,#3778,.T.);
#5305=ORIENTED_EDGE('',*,*,#3505,.T.);
#5306=ORIENTED_EDGE('',*,*,#3776,.F.);
#5307=ORIENTED_EDGE('',*,*,#3256,.F.);
#5308=ORIENTED_EDGE('',*,*,#3777,.T.);
#5309=ORIENTED_EDGE('',*,*,#3511,.T.);
#5310=ORIENTED_EDGE('',*,*,#3779,.F.);
#5311=ORIENTED_EDGE('',*,*,#3250,.F.);
#5312=ORIENTED_EDGE('',*,*,#3780,.T.);
#5313=ORIENTED_EDGE('',*,*,#3506,.T.);
#5314=ORIENTED_EDGE('',*,*,#3778,.F.);
#5315=ORIENTED_EDGE('',*,*,#3255,.F.);
#5316=ORIENTED_EDGE('',*,*,#3779,.T.);
#5317=ORIENTED_EDGE('',*,*,#3510,.T.);
#5318=ORIENTED_EDGE('',*,*,#3781,.F.);
#5319=ORIENTED_EDGE('',*,*,#3251,.F.);
#5320=ORIENTED_EDGE('',*,*,#3782,.T.);
#5321=ORIENTED_EDGE('',*,*,#3507,.T.);
#5322=ORIENTED_EDGE('',*,*,#3780,.F.);
#5323=ORIENTED_EDGE('',*,*,#3254,.F.);
#5324=ORIENTED_EDGE('',*,*,#3781,.T.);
#5325=ORIENTED_EDGE('',*,*,#3509,.T.);
#5326=ORIENTED_EDGE('',*,*,#3783,.F.);
#5327=ORIENTED_EDGE('',*,*,#3252,.F.);
#5328=ORIENTED_EDGE('',*,*,#3783,.T.);
#5329=ORIENTED_EDGE('',*,*,#3508,.T.);
#5330=ORIENTED_EDGE('',*,*,#3782,.F.);
#5331=ORIENTED_EDGE('',*,*,#3253,.F.);
#5332=ORIENTED_EDGE('',*,*,#3784,.T.);
#5333=ORIENTED_EDGE('',*,*,#3496,.T.);
#5334=ORIENTED_EDGE('',*,*,#3785,.F.);
#5335=ORIENTED_EDGE('',*,*,#3241,.F.);
#5336=ORIENTED_EDGE('',*,*,#3786,.T.);
#5337=ORIENTED_EDGE('',*,*,#3497,.T.);
#5338=ORIENTED_EDGE('',*,*,#3784,.F.);
#5339=ORIENTED_EDGE('',*,*,#3248,.F.);
#5340=ORIENTED_EDGE('',*,*,#3785,.T.);
#5341=ORIENTED_EDGE('',*,*,#3503,.T.);
#5342=ORIENTED_EDGE('',*,*,#3787,.F.);
#5343=ORIENTED_EDGE('',*,*,#3242,.F.);
#5344=ORIENTED_EDGE('',*,*,#3788,.T.);
#5345=ORIENTED_EDGE('',*,*,#3498,.T.);
#5346=ORIENTED_EDGE('',*,*,#3786,.F.);
#5347=ORIENTED_EDGE('',*,*,#3247,.F.);
#5348=ORIENTED_EDGE('',*,*,#3787,.T.);
#5349=ORIENTED_EDGE('',*,*,#3502,.T.);
#5350=ORIENTED_EDGE('',*,*,#3789,.F.);
#5351=ORIENTED_EDGE('',*,*,#3243,.F.);
#5352=ORIENTED_EDGE('',*,*,#3790,.T.);
#5353=ORIENTED_EDGE('',*,*,#3499,.T.);
#5354=ORIENTED_EDGE('',*,*,#3788,.F.);
#5355=ORIENTED_EDGE('',*,*,#3246,.F.);
#5356=ORIENTED_EDGE('',*,*,#3789,.T.);
#5357=ORIENTED_EDGE('',*,*,#3501,.T.);
#5358=ORIENTED_EDGE('',*,*,#3791,.F.);
#5359=ORIENTED_EDGE('',*,*,#3244,.F.);
#5360=ORIENTED_EDGE('',*,*,#3791,.T.);
#5361=ORIENTED_EDGE('',*,*,#3500,.T.);
#5362=ORIENTED_EDGE('',*,*,#3790,.F.);
#5363=ORIENTED_EDGE('',*,*,#3245,.F.);
#5364=ORIENTED_EDGE('',*,*,#3792,.T.);
#5365=ORIENTED_EDGE('',*,*,#3488,.T.);
#5366=ORIENTED_EDGE('',*,*,#3793,.F.);
#5367=ORIENTED_EDGE('',*,*,#3233,.F.);
#5368=ORIENTED_EDGE('',*,*,#3794,.T.);
#5369=ORIENTED_EDGE('',*,*,#3489,.T.);
#5370=ORIENTED_EDGE('',*,*,#3792,.F.);
#5371=ORIENTED_EDGE('',*,*,#3240,.F.);
#5372=ORIENTED_EDGE('',*,*,#3793,.T.);
#5373=ORIENTED_EDGE('',*,*,#3495,.T.);
#5374=ORIENTED_EDGE('',*,*,#3795,.F.);
#5375=ORIENTED_EDGE('',*,*,#3234,.F.);
#5376=ORIENTED_EDGE('',*,*,#3796,.T.);
#5377=ORIENTED_EDGE('',*,*,#3490,.T.);
#5378=ORIENTED_EDGE('',*,*,#3794,.F.);
#5379=ORIENTED_EDGE('',*,*,#3239,.F.);
#5380=ORIENTED_EDGE('',*,*,#3795,.T.);
#5381=ORIENTED_EDGE('',*,*,#3494,.T.);
#5382=ORIENTED_EDGE('',*,*,#3797,.F.);
#5383=ORIENTED_EDGE('',*,*,#3235,.F.);
#5384=ORIENTED_EDGE('',*,*,#3798,.T.);
#5385=ORIENTED_EDGE('',*,*,#3491,.T.);
#5386=ORIENTED_EDGE('',*,*,#3796,.F.);
#5387=ORIENTED_EDGE('',*,*,#3238,.F.);
#5388=ORIENTED_EDGE('',*,*,#3797,.T.);
#5389=ORIENTED_EDGE('',*,*,#3493,.T.);
#5390=ORIENTED_EDGE('',*,*,#3799,.F.);
#5391=ORIENTED_EDGE('',*,*,#3236,.F.);
#5392=ORIENTED_EDGE('',*,*,#3799,.T.);
#5393=ORIENTED_EDGE('',*,*,#3492,.T.);
#5394=ORIENTED_EDGE('',*,*,#3798,.F.);
#5395=ORIENTED_EDGE('',*,*,#3237,.F.);
#5396=ORIENTED_EDGE('',*,*,#3800,.F.);
#5397=ORIENTED_EDGE('',*,*,#3801,.F.);
#5398=ORIENTED_EDGE('',*,*,#3802,.F.);
#5399=ORIENTED_EDGE('',*,*,#3803,.F.);
#5400=ORIENTED_EDGE('',*,*,#3804,.T.);
#5401=ORIENTED_EDGE('',*,*,#3805,.T.);
#5402=ORIENTED_EDGE('',*,*,#3806,.T.);
#5403=ORIENTED_EDGE('',*,*,#3807,.F.);
#5404=ORIENTED_EDGE('',*,*,#3808,.T.);
#5405=ORIENTED_EDGE('',*,*,#3809,.F.);
#5406=ORIENTED_EDGE('',*,*,#3810,.F.);
#5407=ORIENTED_EDGE('',*,*,#3811,.F.);
#5408=ORIENTED_EDGE('',*,*,#3800,.T.);
#5409=ORIENTED_EDGE('',*,*,#3812,.T.);
#5410=ORIENTED_EDGE('',*,*,#3813,.F.);
#5411=ORIENTED_EDGE('',*,*,#3814,.F.);
#5412=ORIENTED_EDGE('',*,*,#3815,.F.);
#5413=ORIENTED_EDGE('',*,*,#3812,.F.);
#5414=ORIENTED_EDGE('',*,*,#3803,.T.);
#5415=ORIENTED_EDGE('',*,*,#3816,.F.);
#5416=ORIENTED_EDGE('',*,*,#3806,.F.);
#5417=ORIENTED_EDGE('',*,*,#3817,.T.);
#5418=ORIENTED_EDGE('',*,*,#3818,.F.);
#5419=ORIENTED_EDGE('',*,*,#3817,.F.);
#5420=ORIENTED_EDGE('',*,*,#3805,.F.);
#5421=ORIENTED_EDGE('',*,*,#3819,.T.);
#5422=ORIENTED_EDGE('',*,*,#3820,.F.);
#5423=ORIENTED_EDGE('',*,*,#3819,.F.);
#5424=ORIENTED_EDGE('',*,*,#3804,.F.);
#5425=ORIENTED_EDGE('',*,*,#3821,.F.);
#5426=ORIENTED_EDGE('',*,*,#3801,.T.);
#5427=ORIENTED_EDGE('',*,*,#3814,.T.);
#5428=ORIENTED_EDGE('',*,*,#3822,.F.);
#5429=ORIENTED_EDGE('',*,*,#3823,.F.);
#5430=ORIENTED_EDGE('',*,*,#3824,.T.);
#5431=ORIENTED_EDGE('',*,*,#3825,.F.);
#5432=ORIENTED_EDGE('',*,*,#3826,.F.);
#5433=ORIENTED_EDGE('',*,*,#3827,.F.);
#5434=ORIENTED_EDGE('',*,*,#3828,.T.);
#5435=ORIENTED_EDGE('',*,*,#3829,.F.);
#5436=ORIENTED_EDGE('',*,*,#3830,.F.);
#5437=ORIENTED_EDGE('',*,*,#3831,.F.);
#5438=ORIENTED_EDGE('',*,*,#3824,.F.);
#5439=ORIENTED_EDGE('',*,*,#3832,.F.);
#5440=ORIENTED_EDGE('',*,*,#3828,.F.);
#5441=ORIENTED_EDGE('',*,*,#3833,.F.);
#5442=ORIENTED_EDGE('',*,*,#3834,.F.);
#5443=ORIENTED_EDGE('',*,*,#3835,.F.);
#5444=ORIENTED_EDGE('',*,*,#3836,.F.);
#5445=ORIENTED_EDGE('',*,*,#3837,.F.);
#5446=ORIENTED_EDGE('',*,*,#3821,.T.);
#5447=ORIENTED_EDGE('',*,*,#3811,.T.);
#5448=ORIENTED_EDGE('',*,*,#3838,.T.);
#5449=ORIENTED_EDGE('',*,*,#3839,.T.);
#5450=ORIENTED_EDGE('',*,*,#3840,.T.);
#5451=ORIENTED_EDGE('',*,*,#3841,.T.);
#5452=ORIENTED_EDGE('',*,*,#3842,.T.);
#5453=ORIENTED_EDGE('',*,*,#3843,.T.);
#5454=ORIENTED_EDGE('',*,*,#3844,.T.);
#5455=ORIENTED_EDGE('',*,*,#3845,.T.);
#5456=ORIENTED_EDGE('',*,*,#3846,.T.);
#5457=ORIENTED_EDGE('',*,*,#3847,.T.);
#5458=ORIENTED_EDGE('',*,*,#3848,.T.);
#5459=ORIENTED_EDGE('',*,*,#3849,.T.);
#5460=ORIENTED_EDGE('',*,*,#3850,.T.);
#5461=ORIENTED_EDGE('',*,*,#3851,.T.);
#5462=ORIENTED_EDGE('',*,*,#3852,.T.);
#5463=ORIENTED_EDGE('',*,*,#3853,.T.);
#5464=ORIENTED_EDGE('',*,*,#3854,.T.);
#5465=ORIENTED_EDGE('',*,*,#3855,.T.);
#5466=ORIENTED_EDGE('',*,*,#3856,.T.);
#5467=ORIENTED_EDGE('',*,*,#3857,.T.);
#5468=ORIENTED_EDGE('',*,*,#3858,.T.);
#5469=ORIENTED_EDGE('',*,*,#3859,.T.);
#5470=ORIENTED_EDGE('',*,*,#3860,.T.);
#5471=ORIENTED_EDGE('',*,*,#3861,.T.);
#5472=ORIENTED_EDGE('',*,*,#3862,.T.);
#5473=ORIENTED_EDGE('',*,*,#3863,.T.);
#5474=ORIENTED_EDGE('',*,*,#3864,.T.);
#5475=ORIENTED_EDGE('',*,*,#3865,.T.);
#5476=ORIENTED_EDGE('',*,*,#3866,.T.);
#5477=ORIENTED_EDGE('',*,*,#3867,.T.);
#5478=ORIENTED_EDGE('',*,*,#3868,.T.);
#5479=ORIENTED_EDGE('',*,*,#3869,.T.);
#5480=ORIENTED_EDGE('',*,*,#3870,.T.);
#5481=ORIENTED_EDGE('',*,*,#3871,.T.);
#5482=ORIENTED_EDGE('',*,*,#3872,.T.);
#5483=ORIENTED_EDGE('',*,*,#3873,.T.);
#5484=ORIENTED_EDGE('',*,*,#3874,.T.);
#5485=ORIENTED_EDGE('',*,*,#3875,.T.);
#5486=ORIENTED_EDGE('',*,*,#3876,.T.);
#5487=ORIENTED_EDGE('',*,*,#3877,.T.);
#5488=ORIENTED_EDGE('',*,*,#3878,.T.);
#5489=ORIENTED_EDGE('',*,*,#3879,.T.);
#5490=ORIENTED_EDGE('',*,*,#3880,.T.);
#5491=ORIENTED_EDGE('',*,*,#3881,.T.);
#5492=ORIENTED_EDGE('',*,*,#3882,.T.);
#5493=ORIENTED_EDGE('',*,*,#3883,.T.);
#5494=ORIENTED_EDGE('',*,*,#3884,.T.);
#5495=ORIENTED_EDGE('',*,*,#3885,.T.);
#5496=ORIENTED_EDGE('',*,*,#3886,.T.);
#5497=ORIENTED_EDGE('',*,*,#3887,.T.);
#5498=ORIENTED_EDGE('',*,*,#3888,.T.);
#5499=ORIENTED_EDGE('',*,*,#3889,.T.);
#5500=ORIENTED_EDGE('',*,*,#3890,.T.);
#5501=ORIENTED_EDGE('',*,*,#3891,.T.);
#5502=ORIENTED_EDGE('',*,*,#3892,.T.);
#5503=ORIENTED_EDGE('',*,*,#3893,.T.);
#5504=ORIENTED_EDGE('',*,*,#3894,.T.);
#5505=ORIENTED_EDGE('',*,*,#3895,.T.);
#5506=ORIENTED_EDGE('',*,*,#3896,.T.);
#5507=ORIENTED_EDGE('',*,*,#3897,.T.);
#5508=ORIENTED_EDGE('',*,*,#3898,.T.);
#5509=ORIENTED_EDGE('',*,*,#3899,.T.);
#5510=ORIENTED_EDGE('',*,*,#3900,.T.);
#5511=ORIENTED_EDGE('',*,*,#3901,.T.);
#5512=ORIENTED_EDGE('',*,*,#3902,.T.);
#5513=ORIENTED_EDGE('',*,*,#3903,.T.);
#5514=ORIENTED_EDGE('',*,*,#3904,.T.);
#5515=ORIENTED_EDGE('',*,*,#3905,.T.);
#5516=ORIENTED_EDGE('',*,*,#3906,.T.);
#5517=ORIENTED_EDGE('',*,*,#3907,.T.);
#5518=ORIENTED_EDGE('',*,*,#3908,.T.);
#5519=ORIENTED_EDGE('',*,*,#3909,.T.);
#5520=ORIENTED_EDGE('',*,*,#3910,.T.);
#5521=ORIENTED_EDGE('',*,*,#3911,.T.);
#5522=ORIENTED_EDGE('',*,*,#3912,.T.);
#5523=ORIENTED_EDGE('',*,*,#3913,.T.);
#5524=ORIENTED_EDGE('',*,*,#3914,.T.);
#5525=ORIENTED_EDGE('',*,*,#3915,.T.);
#5526=ORIENTED_EDGE('',*,*,#3916,.T.);
#5527=ORIENTED_EDGE('',*,*,#3917,.T.);
#5528=ORIENTED_EDGE('',*,*,#3918,.T.);
#5529=ORIENTED_EDGE('',*,*,#3919,.T.);
#5530=ORIENTED_EDGE('',*,*,#3920,.T.);
#5531=ORIENTED_EDGE('',*,*,#3921,.T.);
#5532=ORIENTED_EDGE('',*,*,#3922,.T.);
#5533=ORIENTED_EDGE('',*,*,#3923,.T.);
#5534=ORIENTED_EDGE('',*,*,#3829,.T.);
#5535=ORIENTED_EDGE('',*,*,#3832,.T.);
#5536=ORIENTED_EDGE('',*,*,#3823,.T.);
#5537=ORIENTED_EDGE('',*,*,#3924,.T.);
#5538=ORIENTED_EDGE('',*,*,#3925,.T.);
#5539=ORIENTED_EDGE('',*,*,#3807,.T.);
#5540=ORIENTED_EDGE('',*,*,#3816,.T.);
#5541=ORIENTED_EDGE('',*,*,#3802,.T.);
#5542=ORIENTED_EDGE('',*,*,#3822,.T.);
#5543=ORIENTED_EDGE('',*,*,#3926,.F.);
#5544=ORIENTED_EDGE('',*,*,#3927,.F.);
#5545=ORIENTED_EDGE('',*,*,#3924,.F.);
#5546=ORIENTED_EDGE('',*,*,#3826,.T.);
#5547=ORIENTED_EDGE('',*,*,#3923,.F.);
#5548=ORIENTED_EDGE('',*,*,#3928,.T.);
#5549=ORIENTED_EDGE('',*,*,#3929,.F.);
#5550=ORIENTED_EDGE('',*,*,#3825,.T.);
#5551=ORIENTED_EDGE('',*,*,#3831,.T.);
#5552=ORIENTED_EDGE('',*,*,#3930,.T.);
#5553=ORIENTED_EDGE('',*,*,#3931,.T.);
#5554=ORIENTED_EDGE('',*,*,#3932,.T.);
#5555=ORIENTED_EDGE('',*,*,#3933,.T.);
#5556=ORIENTED_EDGE('',*,*,#3934,.T.);
#5557=ORIENTED_EDGE('',*,*,#3935,.T.);
#5558=ORIENTED_EDGE('',*,*,#3936,.T.);
#5559=ORIENTED_EDGE('',*,*,#3937,.T.);
#5560=ORIENTED_EDGE('',*,*,#3938,.T.);
#5561=ORIENTED_EDGE('',*,*,#3939,.T.);
#5562=ORIENTED_EDGE('',*,*,#3940,.T.);
#5563=ORIENTED_EDGE('',*,*,#3941,.T.);
#5564=ORIENTED_EDGE('',*,*,#3942,.T.);
#5565=ORIENTED_EDGE('',*,*,#3943,.T.);
#5566=ORIENTED_EDGE('',*,*,#3944,.T.);
#5567=ORIENTED_EDGE('',*,*,#3945,.T.);
#5568=ORIENTED_EDGE('',*,*,#3946,.T.);
#5569=ORIENTED_EDGE('',*,*,#3947,.T.);
#5570=ORIENTED_EDGE('',*,*,#3948,.T.);
#5571=ORIENTED_EDGE('',*,*,#3949,.T.);
#5572=ORIENTED_EDGE('',*,*,#3950,.T.);
#5573=ORIENTED_EDGE('',*,*,#3951,.T.);
#5574=ORIENTED_EDGE('',*,*,#3952,.T.);
#5575=ORIENTED_EDGE('',*,*,#3953,.T.);
#5576=ORIENTED_EDGE('',*,*,#3954,.T.);
#5577=ORIENTED_EDGE('',*,*,#3955,.T.);
#5578=ORIENTED_EDGE('',*,*,#3956,.T.);
#5579=ORIENTED_EDGE('',*,*,#3957,.T.);
#5580=ORIENTED_EDGE('',*,*,#3958,.T.);
#5581=ORIENTED_EDGE('',*,*,#3959,.T.);
#5582=ORIENTED_EDGE('',*,*,#3960,.T.);
#5583=ORIENTED_EDGE('',*,*,#3961,.T.);
#5584=ORIENTED_EDGE('',*,*,#3962,.T.);
#5585=ORIENTED_EDGE('',*,*,#3809,.T.);
#5586=ORIENTED_EDGE('',*,*,#3963,.T.);
#5587=ORIENTED_EDGE('',*,*,#3926,.T.);
#5588=ORIENTED_EDGE('',*,*,#3830,.T.);
#5589=ORIENTED_EDGE('',*,*,#3964,.T.);
#5590=ORIENTED_EDGE('',*,*,#3965,.F.);
#5591=ORIENTED_EDGE('',*,*,#3930,.F.);
#5592=ORIENTED_EDGE('',*,*,#3837,.T.);
#5593=ORIENTED_EDGE('',*,*,#3966,.T.);
#5594=ORIENTED_EDGE('',*,*,#3967,.F.);
#5595=ORIENTED_EDGE('',*,*,#3964,.F.);
#5596=ORIENTED_EDGE('',*,*,#3836,.T.);
#5597=ORIENTED_EDGE('',*,*,#3968,.T.);
#5598=ORIENTED_EDGE('',*,*,#3969,.F.);
#5599=ORIENTED_EDGE('',*,*,#3966,.F.);
#5600=ORIENTED_EDGE('',*,*,#3835,.T.);
#5601=ORIENTED_EDGE('',*,*,#3970,.T.);
#5602=ORIENTED_EDGE('',*,*,#3971,.F.);
#5603=ORIENTED_EDGE('',*,*,#3968,.F.);
#5604=ORIENTED_EDGE('',*,*,#3834,.T.);
#5605=ORIENTED_EDGE('',*,*,#3972,.F.);
#5606=ORIENTED_EDGE('',*,*,#3973,.F.);
#5607=ORIENTED_EDGE('',*,*,#3970,.F.);
#5608=ORIENTED_EDGE('',*,*,#3974,.F.);
#5609=ORIENTED_EDGE('',*,*,#3975,.F.);
#5610=ORIENTED_EDGE('',*,*,#3976,.F.);
#5611=ORIENTED_EDGE('',*,*,#3891,.F.);
#5612=ORIENTED_EDGE('',*,*,#3976,.T.);
#5613=ORIENTED_EDGE('',*,*,#3977,.F.);
#5614=ORIENTED_EDGE('',*,*,#3978,.F.);
#5615=ORIENTED_EDGE('',*,*,#3892,.F.);
#5616=ORIENTED_EDGE('',*,*,#3978,.T.);
#5617=ORIENTED_EDGE('',*,*,#3979,.F.);
#5618=ORIENTED_EDGE('',*,*,#3980,.F.);
#5619=ORIENTED_EDGE('',*,*,#3893,.F.);
#5620=ORIENTED_EDGE('',*,*,#3980,.T.);
#5621=ORIENTED_EDGE('',*,*,#3981,.F.);
#5622=ORIENTED_EDGE('',*,*,#3982,.F.);
#5623=ORIENTED_EDGE('',*,*,#3894,.F.);
#5624=ORIENTED_EDGE('',*,*,#3982,.T.);
#5625=ORIENTED_EDGE('',*,*,#3983,.F.);
#5626=ORIENTED_EDGE('',*,*,#3984,.F.);
#5627=ORIENTED_EDGE('',*,*,#3895,.F.);
#5628=ORIENTED_EDGE('',*,*,#3984,.T.);
#5629=ORIENTED_EDGE('',*,*,#3985,.F.);
#5630=ORIENTED_EDGE('',*,*,#3986,.F.);
#5631=ORIENTED_EDGE('',*,*,#3896,.F.);
#5632=ORIENTED_EDGE('',*,*,#3986,.T.);
#5633=ORIENTED_EDGE('',*,*,#3987,.F.);
#5634=ORIENTED_EDGE('',*,*,#3988,.F.);
#5635=ORIENTED_EDGE('',*,*,#3897,.F.);
#5636=ORIENTED_EDGE('',*,*,#3988,.T.);
#5637=ORIENTED_EDGE('',*,*,#3989,.F.);
#5638=ORIENTED_EDGE('',*,*,#3990,.F.);
#5639=ORIENTED_EDGE('',*,*,#3898,.F.);
#5640=ORIENTED_EDGE('',*,*,#3990,.T.);
#5641=ORIENTED_EDGE('',*,*,#3991,.F.);
#5642=ORIENTED_EDGE('',*,*,#3992,.F.);
#5643=ORIENTED_EDGE('',*,*,#3899,.F.);
#5644=ORIENTED_EDGE('',*,*,#3992,.T.);
#5645=ORIENTED_EDGE('',*,*,#3993,.F.);
#5646=ORIENTED_EDGE('',*,*,#3994,.F.);
#5647=ORIENTED_EDGE('',*,*,#3900,.F.);
#5648=ORIENTED_EDGE('',*,*,#3994,.T.);
#5649=ORIENTED_EDGE('',*,*,#3995,.F.);
#5650=ORIENTED_EDGE('',*,*,#3996,.F.);
#5651=ORIENTED_EDGE('',*,*,#3901,.F.);
#5652=ORIENTED_EDGE('',*,*,#3996,.T.);
#5653=ORIENTED_EDGE('',*,*,#3997,.F.);
#5654=ORIENTED_EDGE('',*,*,#3998,.F.);
#5655=ORIENTED_EDGE('',*,*,#3902,.F.);
#5656=ORIENTED_EDGE('',*,*,#3998,.T.);
#5657=ORIENTED_EDGE('',*,*,#3999,.F.);
#5658=ORIENTED_EDGE('',*,*,#4000,.F.);
#5659=ORIENTED_EDGE('',*,*,#3903,.F.);
#5660=ORIENTED_EDGE('',*,*,#4000,.T.);
#5661=ORIENTED_EDGE('',*,*,#4001,.F.);
#5662=ORIENTED_EDGE('',*,*,#4002,.F.);
#5663=ORIENTED_EDGE('',*,*,#3904,.F.);
#5664=ORIENTED_EDGE('',*,*,#4002,.T.);
#5665=ORIENTED_EDGE('',*,*,#4003,.F.);
#5666=ORIENTED_EDGE('',*,*,#4004,.F.);
#5667=ORIENTED_EDGE('',*,*,#3905,.F.);
#5668=ORIENTED_EDGE('',*,*,#4004,.T.);
#5669=ORIENTED_EDGE('',*,*,#4005,.F.);
#5670=ORIENTED_EDGE('',*,*,#4006,.F.);
#5671=ORIENTED_EDGE('',*,*,#3906,.F.);
#5672=ORIENTED_EDGE('',*,*,#4006,.T.);
#5673=ORIENTED_EDGE('',*,*,#4007,.F.);
#5674=ORIENTED_EDGE('',*,*,#4008,.F.);
#5675=ORIENTED_EDGE('',*,*,#3907,.F.);
#5676=ORIENTED_EDGE('',*,*,#4008,.T.);
#5677=ORIENTED_EDGE('',*,*,#4009,.F.);
#5678=ORIENTED_EDGE('',*,*,#4010,.F.);
#5679=ORIENTED_EDGE('',*,*,#3908,.F.);
#5680=ORIENTED_EDGE('',*,*,#4010,.T.);
#5681=ORIENTED_EDGE('',*,*,#4011,.F.);
#5682=ORIENTED_EDGE('',*,*,#4012,.F.);
#5683=ORIENTED_EDGE('',*,*,#3909,.F.);
#5684=ORIENTED_EDGE('',*,*,#4012,.T.);
#5685=ORIENTED_EDGE('',*,*,#4013,.F.);
#5686=ORIENTED_EDGE('',*,*,#4014,.F.);
#5687=ORIENTED_EDGE('',*,*,#3910,.F.);
#5688=ORIENTED_EDGE('',*,*,#4014,.T.);
#5689=ORIENTED_EDGE('',*,*,#4015,.F.);
#5690=ORIENTED_EDGE('',*,*,#4016,.F.);
#5691=ORIENTED_EDGE('',*,*,#3911,.F.);
#5692=ORIENTED_EDGE('',*,*,#4016,.T.);
#5693=ORIENTED_EDGE('',*,*,#4017,.F.);
#5694=ORIENTED_EDGE('',*,*,#4018,.F.);
#5695=ORIENTED_EDGE('',*,*,#3912,.F.);
#5696=ORIENTED_EDGE('',*,*,#4018,.T.);
#5697=ORIENTED_EDGE('',*,*,#4019,.F.);
#5698=ORIENTED_EDGE('',*,*,#4020,.F.);
#5699=ORIENTED_EDGE('',*,*,#3913,.F.);
#5700=ORIENTED_EDGE('',*,*,#4020,.T.);
#5701=ORIENTED_EDGE('',*,*,#4021,.F.);
#5702=ORIENTED_EDGE('',*,*,#4022,.F.);
#5703=ORIENTED_EDGE('',*,*,#3914,.F.);
#5704=ORIENTED_EDGE('',*,*,#4022,.T.);
#5705=ORIENTED_EDGE('',*,*,#4023,.F.);
#5706=ORIENTED_EDGE('',*,*,#4024,.F.);
#5707=ORIENTED_EDGE('',*,*,#3915,.F.);
#5708=ORIENTED_EDGE('',*,*,#4024,.T.);
#5709=ORIENTED_EDGE('',*,*,#4025,.F.);
#5710=ORIENTED_EDGE('',*,*,#4026,.F.);
#5711=ORIENTED_EDGE('',*,*,#3916,.F.);
#5712=ORIENTED_EDGE('',*,*,#4026,.T.);
#5713=ORIENTED_EDGE('',*,*,#4027,.F.);
#5714=ORIENTED_EDGE('',*,*,#4028,.F.);
#5715=ORIENTED_EDGE('',*,*,#3917,.F.);
#5716=ORIENTED_EDGE('',*,*,#4028,.T.);
#5717=ORIENTED_EDGE('',*,*,#4029,.F.);
#5718=ORIENTED_EDGE('',*,*,#4030,.F.);
#5719=ORIENTED_EDGE('',*,*,#3918,.F.);
#5720=ORIENTED_EDGE('',*,*,#4030,.T.);
#5721=ORIENTED_EDGE('',*,*,#4031,.F.);
#5722=ORIENTED_EDGE('',*,*,#4032,.F.);
#5723=ORIENTED_EDGE('',*,*,#3919,.F.);
#5724=ORIENTED_EDGE('',*,*,#4032,.T.);
#5725=ORIENTED_EDGE('',*,*,#4033,.F.);
#5726=ORIENTED_EDGE('',*,*,#4034,.F.);
#5727=ORIENTED_EDGE('',*,*,#3920,.F.);
#5728=ORIENTED_EDGE('',*,*,#4034,.T.);
#5729=ORIENTED_EDGE('',*,*,#4035,.F.);
#5730=ORIENTED_EDGE('',*,*,#4036,.F.);
#5731=ORIENTED_EDGE('',*,*,#3921,.F.);
#5732=ORIENTED_EDGE('',*,*,#4036,.T.);
#5733=ORIENTED_EDGE('',*,*,#4037,.F.);
#5734=ORIENTED_EDGE('',*,*,#3928,.F.);
#5735=ORIENTED_EDGE('',*,*,#3922,.F.);
#5736=ORIENTED_EDGE('',*,*,#3927,.T.);
#5737=ORIENTED_EDGE('',*,*,#3963,.F.);
#5738=ORIENTED_EDGE('',*,*,#3808,.F.);
#5739=ORIENTED_EDGE('',*,*,#3925,.F.);
#5740=ORIENTED_EDGE('',*,*,#3810,.T.);
#5741=ORIENTED_EDGE('',*,*,#3962,.F.);
#5742=ORIENTED_EDGE('',*,*,#4038,.F.);
#5743=ORIENTED_EDGE('',*,*,#3838,.F.);
#5744=ORIENTED_EDGE('',*,*,#4038,.T.);
#5745=ORIENTED_EDGE('',*,*,#3961,.F.);
#5746=ORIENTED_EDGE('',*,*,#4039,.F.);
#5747=ORIENTED_EDGE('',*,*,#3839,.F.);
#5748=ORIENTED_EDGE('',*,*,#4039,.T.);
#5749=ORIENTED_EDGE('',*,*,#3960,.F.);
#5750=ORIENTED_EDGE('',*,*,#4040,.F.);
#5751=ORIENTED_EDGE('',*,*,#3840,.F.);
#5752=ORIENTED_EDGE('',*,*,#4040,.T.);
#5753=ORIENTED_EDGE('',*,*,#3959,.F.);
#5754=ORIENTED_EDGE('',*,*,#4041,.F.);
#5755=ORIENTED_EDGE('',*,*,#3841,.F.);
#5756=ORIENTED_EDGE('',*,*,#4041,.T.);
#5757=ORIENTED_EDGE('',*,*,#3958,.F.);
#5758=ORIENTED_EDGE('',*,*,#4042,.F.);
#5759=ORIENTED_EDGE('',*,*,#3842,.F.);
#5760=ORIENTED_EDGE('',*,*,#4042,.T.);
#5761=ORIENTED_EDGE('',*,*,#3957,.F.);
#5762=ORIENTED_EDGE('',*,*,#4043,.F.);
#5763=ORIENTED_EDGE('',*,*,#3843,.F.);
#5764=ORIENTED_EDGE('',*,*,#4043,.T.);
#5765=ORIENTED_EDGE('',*,*,#3956,.F.);
#5766=ORIENTED_EDGE('',*,*,#4044,.F.);
#5767=ORIENTED_EDGE('',*,*,#3844,.F.);
#5768=ORIENTED_EDGE('',*,*,#4044,.T.);
#5769=ORIENTED_EDGE('',*,*,#3955,.F.);
#5770=ORIENTED_EDGE('',*,*,#4045,.F.);
#5771=ORIENTED_EDGE('',*,*,#3845,.F.);
#5772=ORIENTED_EDGE('',*,*,#4045,.T.);
#5773=ORIENTED_EDGE('',*,*,#3954,.F.);
#5774=ORIENTED_EDGE('',*,*,#4046,.F.);
#5775=ORIENTED_EDGE('',*,*,#3846,.F.);
#5776=ORIENTED_EDGE('',*,*,#4046,.T.);
#5777=ORIENTED_EDGE('',*,*,#3953,.F.);
#5778=ORIENTED_EDGE('',*,*,#4047,.F.);
#5779=ORIENTED_EDGE('',*,*,#3847,.F.);
#5780=ORIENTED_EDGE('',*,*,#4047,.T.);
#5781=ORIENTED_EDGE('',*,*,#3952,.F.);
#5782=ORIENTED_EDGE('',*,*,#4048,.F.);
#5783=ORIENTED_EDGE('',*,*,#3848,.F.);
#5784=ORIENTED_EDGE('',*,*,#4048,.T.);
#5785=ORIENTED_EDGE('',*,*,#3951,.F.);
#5786=ORIENTED_EDGE('',*,*,#4049,.F.);
#5787=ORIENTED_EDGE('',*,*,#3849,.F.);
#5788=ORIENTED_EDGE('',*,*,#4049,.T.);
#5789=ORIENTED_EDGE('',*,*,#3950,.F.);
#5790=ORIENTED_EDGE('',*,*,#4050,.F.);
#5791=ORIENTED_EDGE('',*,*,#3850,.F.);
#5792=ORIENTED_EDGE('',*,*,#4050,.T.);
#5793=ORIENTED_EDGE('',*,*,#3949,.F.);
#5794=ORIENTED_EDGE('',*,*,#4051,.F.);
#5795=ORIENTED_EDGE('',*,*,#3851,.F.);
#5796=ORIENTED_EDGE('',*,*,#4051,.T.);
#5797=ORIENTED_EDGE('',*,*,#3948,.F.);
#5798=ORIENTED_EDGE('',*,*,#4052,.F.);
#5799=ORIENTED_EDGE('',*,*,#3852,.F.);
#5800=ORIENTED_EDGE('',*,*,#4052,.T.);
#5801=ORIENTED_EDGE('',*,*,#3947,.F.);
#5802=ORIENTED_EDGE('',*,*,#4053,.F.);
#5803=ORIENTED_EDGE('',*,*,#3853,.F.);
#5804=ORIENTED_EDGE('',*,*,#4053,.T.);
#5805=ORIENTED_EDGE('',*,*,#3946,.F.);
#5806=ORIENTED_EDGE('',*,*,#4054,.F.);
#5807=ORIENTED_EDGE('',*,*,#3854,.F.);
#5808=ORIENTED_EDGE('',*,*,#4054,.T.);
#5809=ORIENTED_EDGE('',*,*,#3945,.F.);
#5810=ORIENTED_EDGE('',*,*,#4055,.F.);
#5811=ORIENTED_EDGE('',*,*,#3855,.F.);
#5812=ORIENTED_EDGE('',*,*,#4055,.T.);
#5813=ORIENTED_EDGE('',*,*,#3944,.F.);
#5814=ORIENTED_EDGE('',*,*,#4056,.F.);
#5815=ORIENTED_EDGE('',*,*,#3856,.F.);
#5816=ORIENTED_EDGE('',*,*,#4056,.T.);
#5817=ORIENTED_EDGE('',*,*,#3943,.F.);
#5818=ORIENTED_EDGE('',*,*,#4057,.F.);
#5819=ORIENTED_EDGE('',*,*,#3857,.F.);
#5820=ORIENTED_EDGE('',*,*,#4057,.T.);
#5821=ORIENTED_EDGE('',*,*,#3942,.F.);
#5822=ORIENTED_EDGE('',*,*,#4058,.F.);
#5823=ORIENTED_EDGE('',*,*,#3858,.F.);
#5824=ORIENTED_EDGE('',*,*,#4058,.T.);
#5825=ORIENTED_EDGE('',*,*,#3941,.F.);
#5826=ORIENTED_EDGE('',*,*,#4059,.F.);
#5827=ORIENTED_EDGE('',*,*,#3859,.F.);
#5828=ORIENTED_EDGE('',*,*,#4059,.T.);
#5829=ORIENTED_EDGE('',*,*,#3940,.F.);
#5830=ORIENTED_EDGE('',*,*,#4060,.F.);
#5831=ORIENTED_EDGE('',*,*,#3860,.F.);
#5832=ORIENTED_EDGE('',*,*,#4060,.T.);
#5833=ORIENTED_EDGE('',*,*,#3939,.F.);
#5834=ORIENTED_EDGE('',*,*,#4061,.F.);
#5835=ORIENTED_EDGE('',*,*,#3861,.F.);
#5836=ORIENTED_EDGE('',*,*,#4061,.T.);
#5837=ORIENTED_EDGE('',*,*,#3938,.F.);
#5838=ORIENTED_EDGE('',*,*,#4062,.F.);
#5839=ORIENTED_EDGE('',*,*,#3862,.F.);
#5840=ORIENTED_EDGE('',*,*,#4062,.T.);
#5841=ORIENTED_EDGE('',*,*,#3937,.F.);
#5842=ORIENTED_EDGE('',*,*,#4063,.F.);
#5843=ORIENTED_EDGE('',*,*,#3863,.F.);
#5844=ORIENTED_EDGE('',*,*,#4063,.T.);
#5845=ORIENTED_EDGE('',*,*,#3936,.F.);
#5846=ORIENTED_EDGE('',*,*,#4064,.F.);
#5847=ORIENTED_EDGE('',*,*,#3864,.F.);
#5848=ORIENTED_EDGE('',*,*,#4064,.T.);
#5849=ORIENTED_EDGE('',*,*,#3935,.F.);
#5850=ORIENTED_EDGE('',*,*,#4065,.F.);
#5851=ORIENTED_EDGE('',*,*,#3865,.F.);
#5852=ORIENTED_EDGE('',*,*,#4065,.T.);
#5853=ORIENTED_EDGE('',*,*,#3934,.F.);
#5854=ORIENTED_EDGE('',*,*,#4066,.F.);
#5855=ORIENTED_EDGE('',*,*,#3866,.F.);
#5856=ORIENTED_EDGE('',*,*,#4066,.T.);
#5857=ORIENTED_EDGE('',*,*,#3933,.F.);
#5858=ORIENTED_EDGE('',*,*,#4067,.F.);
#5859=ORIENTED_EDGE('',*,*,#3867,.F.);
#5860=ORIENTED_EDGE('',*,*,#3820,.T.);
#5861=ORIENTED_EDGE('',*,*,#3813,.T.);
#5862=ORIENTED_EDGE('',*,*,#3815,.T.);
#5863=ORIENTED_EDGE('',*,*,#3818,.T.);
#5864=ORIENTED_EDGE('',*,*,#4067,.T.);
#5865=ORIENTED_EDGE('',*,*,#3932,.F.);
#5866=ORIENTED_EDGE('',*,*,#4068,.F.);
#5867=ORIENTED_EDGE('',*,*,#3868,.F.);
#5868=ORIENTED_EDGE('',*,*,#3973,.T.);
#5869=ORIENTED_EDGE('',*,*,#4069,.F.);
#5870=ORIENTED_EDGE('',*,*,#4070,.F.);
#5871=ORIENTED_EDGE('',*,*,#3869,.F.);
#5872=ORIENTED_EDGE('',*,*,#4068,.T.);
#5873=ORIENTED_EDGE('',*,*,#3931,.F.);
#5874=ORIENTED_EDGE('',*,*,#3965,.T.);
#5875=ORIENTED_EDGE('',*,*,#3967,.T.);
#5876=ORIENTED_EDGE('',*,*,#3969,.T.);
#5877=ORIENTED_EDGE('',*,*,#3971,.T.);
#5878=ORIENTED_EDGE('',*,*,#4070,.T.);
#5879=ORIENTED_EDGE('',*,*,#4071,.F.);
#5880=ORIENTED_EDGE('',*,*,#4072,.F.);
#5881=ORIENTED_EDGE('',*,*,#3870,.F.);
#5882=ORIENTED_EDGE('',*,*,#4072,.T.);
#5883=ORIENTED_EDGE('',*,*,#4073,.F.);
#5884=ORIENTED_EDGE('',*,*,#4074,.F.);
#5885=ORIENTED_EDGE('',*,*,#3871,.F.);
#5886=ORIENTED_EDGE('',*,*,#4074,.T.);
#5887=ORIENTED_EDGE('',*,*,#4075,.F.);
#5888=ORIENTED_EDGE('',*,*,#4076,.F.);
#5889=ORIENTED_EDGE('',*,*,#3872,.F.);
#5890=ORIENTED_EDGE('',*,*,#4076,.T.);
#5891=ORIENTED_EDGE('',*,*,#4077,.F.);
#5892=ORIENTED_EDGE('',*,*,#4078,.F.);
#5893=ORIENTED_EDGE('',*,*,#3873,.F.);
#5894=ORIENTED_EDGE('',*,*,#4078,.T.);
#5895=ORIENTED_EDGE('',*,*,#4079,.F.);
#5896=ORIENTED_EDGE('',*,*,#4080,.F.);
#5897=ORIENTED_EDGE('',*,*,#3874,.F.);
#5898=ORIENTED_EDGE('',*,*,#4080,.T.);
#5899=ORIENTED_EDGE('',*,*,#4081,.F.);
#5900=ORIENTED_EDGE('',*,*,#4082,.F.);
#5901=ORIENTED_EDGE('',*,*,#3875,.F.);
#5902=ORIENTED_EDGE('',*,*,#4082,.T.);
#5903=ORIENTED_EDGE('',*,*,#4083,.F.);
#5904=ORIENTED_EDGE('',*,*,#4084,.F.);
#5905=ORIENTED_EDGE('',*,*,#3876,.F.);
#5906=ORIENTED_EDGE('',*,*,#4084,.T.);
#5907=ORIENTED_EDGE('',*,*,#4085,.F.);
#5908=ORIENTED_EDGE('',*,*,#4086,.F.);
#5909=ORIENTED_EDGE('',*,*,#3877,.F.);
#5910=ORIENTED_EDGE('',*,*,#4086,.T.);
#5911=ORIENTED_EDGE('',*,*,#4087,.F.);
#5912=ORIENTED_EDGE('',*,*,#4088,.F.);
#5913=ORIENTED_EDGE('',*,*,#3878,.F.);
#5914=ORIENTED_EDGE('',*,*,#4088,.T.);
#5915=ORIENTED_EDGE('',*,*,#4089,.F.);
#5916=ORIENTED_EDGE('',*,*,#4090,.F.);
#5917=ORIENTED_EDGE('',*,*,#3879,.F.);
#5918=ORIENTED_EDGE('',*,*,#4090,.T.);
#5919=ORIENTED_EDGE('',*,*,#4091,.F.);
#5920=ORIENTED_EDGE('',*,*,#4092,.F.);
#5921=ORIENTED_EDGE('',*,*,#3880,.F.);
#5922=ORIENTED_EDGE('',*,*,#4092,.T.);
#5923=ORIENTED_EDGE('',*,*,#4093,.F.);
#5924=ORIENTED_EDGE('',*,*,#4094,.F.);
#5925=ORIENTED_EDGE('',*,*,#3881,.F.);
#5926=ORIENTED_EDGE('',*,*,#4094,.T.);
#5927=ORIENTED_EDGE('',*,*,#4095,.F.);
#5928=ORIENTED_EDGE('',*,*,#4096,.F.);
#5929=ORIENTED_EDGE('',*,*,#3882,.F.);
#5930=ORIENTED_EDGE('',*,*,#4096,.T.);
#5931=ORIENTED_EDGE('',*,*,#4097,.F.);
#5932=ORIENTED_EDGE('',*,*,#4098,.F.);
#5933=ORIENTED_EDGE('',*,*,#3883,.F.);
#5934=ORIENTED_EDGE('',*,*,#4098,.T.);
#5935=ORIENTED_EDGE('',*,*,#4099,.F.);
#5936=ORIENTED_EDGE('',*,*,#4100,.F.);
#5937=ORIENTED_EDGE('',*,*,#3884,.F.);
#5938=ORIENTED_EDGE('',*,*,#4100,.T.);
#5939=ORIENTED_EDGE('',*,*,#4101,.F.);
#5940=ORIENTED_EDGE('',*,*,#4102,.F.);
#5941=ORIENTED_EDGE('',*,*,#3885,.F.);
#5942=ORIENTED_EDGE('',*,*,#4102,.T.);
#5943=ORIENTED_EDGE('',*,*,#4103,.F.);
#5944=ORIENTED_EDGE('',*,*,#4104,.F.);
#5945=ORIENTED_EDGE('',*,*,#3886,.F.);
#5946=ORIENTED_EDGE('',*,*,#4104,.T.);
#5947=ORIENTED_EDGE('',*,*,#4105,.F.);
#5948=ORIENTED_EDGE('',*,*,#4106,.F.);
#5949=ORIENTED_EDGE('',*,*,#3887,.F.);
#5950=ORIENTED_EDGE('',*,*,#4106,.T.);
#5951=ORIENTED_EDGE('',*,*,#4107,.F.);
#5952=ORIENTED_EDGE('',*,*,#4108,.F.);
#5953=ORIENTED_EDGE('',*,*,#3888,.F.);
#5954=ORIENTED_EDGE('',*,*,#4108,.T.);
#5955=ORIENTED_EDGE('',*,*,#4109,.F.);
#5956=ORIENTED_EDGE('',*,*,#4110,.F.);
#5957=ORIENTED_EDGE('',*,*,#3889,.F.);
#5958=ORIENTED_EDGE('',*,*,#4110,.T.);
#5959=ORIENTED_EDGE('',*,*,#4111,.F.);
#5960=ORIENTED_EDGE('',*,*,#3974,.T.);
#5961=ORIENTED_EDGE('',*,*,#3890,.F.);
#5962=ORIENTED_EDGE('',*,*,#3827,.T.);
#5963=ORIENTED_EDGE('',*,*,#3929,.T.);
#5964=ORIENTED_EDGE('',*,*,#4037,.T.);
#5965=ORIENTED_EDGE('',*,*,#4035,.T.);
#5966=ORIENTED_EDGE('',*,*,#4033,.T.);
#5967=ORIENTED_EDGE('',*,*,#4031,.T.);
#5968=ORIENTED_EDGE('',*,*,#4029,.T.);
#5969=ORIENTED_EDGE('',*,*,#4027,.T.);
#5970=ORIENTED_EDGE('',*,*,#4025,.T.);
#5971=ORIENTED_EDGE('',*,*,#4023,.T.);
#5972=ORIENTED_EDGE('',*,*,#4021,.T.);
#5973=ORIENTED_EDGE('',*,*,#4019,.T.);
#5974=ORIENTED_EDGE('',*,*,#4017,.T.);
#5975=ORIENTED_EDGE('',*,*,#4015,.T.);
#5976=ORIENTED_EDGE('',*,*,#4013,.T.);
#5977=ORIENTED_EDGE('',*,*,#4011,.T.);
#5978=ORIENTED_EDGE('',*,*,#4009,.T.);
#5979=ORIENTED_EDGE('',*,*,#4007,.T.);
#5980=ORIENTED_EDGE('',*,*,#4005,.T.);
#5981=ORIENTED_EDGE('',*,*,#4003,.T.);
#5982=ORIENTED_EDGE('',*,*,#4001,.T.);
#5983=ORIENTED_EDGE('',*,*,#3999,.T.);
#5984=ORIENTED_EDGE('',*,*,#3997,.T.);
#5985=ORIENTED_EDGE('',*,*,#3995,.T.);
#5986=ORIENTED_EDGE('',*,*,#3993,.T.);
#5987=ORIENTED_EDGE('',*,*,#3991,.T.);
#5988=ORIENTED_EDGE('',*,*,#3989,.T.);
#5989=ORIENTED_EDGE('',*,*,#3987,.T.);
#5990=ORIENTED_EDGE('',*,*,#3985,.T.);
#5991=ORIENTED_EDGE('',*,*,#3983,.T.);
#5992=ORIENTED_EDGE('',*,*,#3981,.T.);
#5993=ORIENTED_EDGE('',*,*,#3979,.T.);
#5994=ORIENTED_EDGE('',*,*,#3977,.T.);
#5995=ORIENTED_EDGE('',*,*,#3975,.T.);
#5996=ORIENTED_EDGE('',*,*,#4111,.T.);
#5997=ORIENTED_EDGE('',*,*,#4109,.T.);
#5998=ORIENTED_EDGE('',*,*,#4107,.T.);
#5999=ORIENTED_EDGE('',*,*,#4105,.T.);
#6000=ORIENTED_EDGE('',*,*,#4103,.T.);
#6001=ORIENTED_EDGE('',*,*,#4101,.T.);
#6002=ORIENTED_EDGE('',*,*,#4099,.T.);
#6003=ORIENTED_EDGE('',*,*,#4097,.T.);
#6004=ORIENTED_EDGE('',*,*,#4095,.T.);
#6005=ORIENTED_EDGE('',*,*,#4093,.T.);
#6006=ORIENTED_EDGE('',*,*,#4091,.T.);
#6007=ORIENTED_EDGE('',*,*,#4089,.T.);
#6008=ORIENTED_EDGE('',*,*,#4087,.T.);
#6009=ORIENTED_EDGE('',*,*,#4085,.T.);
#6010=ORIENTED_EDGE('',*,*,#4083,.T.);
#6011=ORIENTED_EDGE('',*,*,#4081,.T.);
#6012=ORIENTED_EDGE('',*,*,#4079,.T.);
#6013=ORIENTED_EDGE('',*,*,#4077,.T.);
#6014=ORIENTED_EDGE('',*,*,#4075,.T.);
#6015=ORIENTED_EDGE('',*,*,#4073,.T.);
#6016=ORIENTED_EDGE('',*,*,#4071,.T.);
#6017=ORIENTED_EDGE('',*,*,#4069,.T.);
#6018=ORIENTED_EDGE('',*,*,#3972,.T.);
#6019=ORIENTED_EDGE('',*,*,#3833,.T.);
#6020=PLANE('',#6529);
#6021=PLANE('',#6530);
#6022=PLANE('',#6531);
#6023=PLANE('',#6532);
#6024=PLANE('',#6533);
#6025=PLANE('',#6534);
#6026=PLANE('',#6535);
#6027=PLANE('',#6536);
#6028=PLANE('',#6537);
#6029=PLANE('',#6646);
#6030=PLANE('',#6649);
#6031=PLANE('',#6652);
#6032=PLANE('',#6655);
#6033=PLANE('',#6656);
#6034=PLANE('',#6659);
#6035=PLANE('',#6662);
#6036=PLANE('',#6667);
#6037=PLANE('',#6670);
#6038=PLANE('',#6673);
#6039=PLANE('',#6676);
#6040=PLANE('',#6679);
#6041=PLANE('',#6682);
#6042=PLANE('',#6685);
#6043=PLANE('',#6688);
#6044=PLANE('',#6691);
#6045=PLANE('',#6694);
#6046=PLANE('',#6697);
#6047=PLANE('',#6700);
#6048=PLANE('',#6703);
#6049=PLANE('',#6708);
#6050=PLANE('',#6711);
#6051=PLANE('',#6714);
#6052=PLANE('',#6719);
#6053=PLANE('',#6720);
#6054=PLANE('',#6802);
#6055=PLANE('',#6803);
#6056=PLANE('',#6806);
#6057=PLANE('',#6807);
#6058=PLANE('',#6810);
#6059=PLANE('',#6811);
#6060=PLANE('',#6814);
#6061=PLANE('',#6815);
#6062=PLANE('',#6819);
#6063=PLANE('',#6820);
#6064=PLANE('',#6823);
#6065=PLANE('',#6824);
#6066=PLANE('',#6827);
#6067=PLANE('',#6828);
#6068=PLANE('',#6831);
#6069=PLANE('',#6832);
#6070=PLANE('',#6835);
#6071=PLANE('',#6836);
#6072=PLANE('',#6839);
#6073=PLANE('',#6840);
#6074=PLANE('',#6843);
#6075=PLANE('',#6844);
#6076=PLANE('',#6847);
#6077=PLANE('',#6848);
#6078=PLANE('',#6851);
#6079=PLANE('',#6852);
#6080=PLANE('',#6855);
#6081=PLANE('',#6856);
#6082=PLANE('',#6859);
#6083=PLANE('',#6860);
#6084=PLANE('',#6863);
#6085=PLANE('',#6864);
#6086=PLANE('',#6867);
#6087=PLANE('',#6868);
#6088=PLANE('',#6871);
#6089=PLANE('',#6872);
#6090=PLANE('',#6875);
#6091=PLANE('',#6876);
#6092=PLANE('',#6879);
#6093=PLANE('',#6880);
#6094=PLANE('',#6884);
#6095=PLANE('',#6885);
#6096=PLANE('',#6888);
#6097=PLANE('',#6889);
#6098=PLANE('',#6892);
#6099=PLANE('',#6893);
#6100=PLANE('',#6896);
#6101=PLANE('',#6897);
#6102=PLANE('',#6900);
#6103=PLANE('',#6901);
#6104=PLANE('',#6904);
#6105=PLANE('',#6905);
#6106=PLANE('',#6908);
#6107=PLANE('',#6909);
#6108=PLANE('',#6912);
#6109=PLANE('',#6913);
#6110=PLANE('',#6916);
#6111=PLANE('',#6917);
#6112=PLANE('',#6920);
#6113=PLANE('',#6921);
#6114=PLANE('',#6925);
#6115=PLANE('',#6926);
#6116=PLANE('',#6929);
#6117=PLANE('',#6930);
#6118=PLANE('',#6934);
#6119=PLANE('',#6935);
#6120=PLANE('',#6938);
#6121=PLANE('',#6939);
#6122=PLANE('',#6942);
#6123=PLANE('',#6943);
#6124=PLANE('',#6946);
#6125=PLANE('',#6947);
#6126=PLANE('',#6950);
#6127=PLANE('',#6951);
#6128=PLANE('',#6954);
#6129=PLANE('',#6955);
#6130=PLANE('',#6957);
#6131=PLANE('',#6958);
#6132=PLANE('',#6959);
#6133=PLANE('',#6960);
#6134=PLANE('',#6961);
#6135=PLANE('',#6962);
#6136=PLANE('',#6963);
#6137=PLANE('',#6964);
#6138=PLANE('',#6965);
#6139=PLANE('',#6968);
#6140=PLANE('',#7010);
#6141=PLANE('',#7011);
#6142=PLANE('',#7012);
#6143=PLANE('',#7029);
#6144=PLANE('',#7032);
#6145=PLANE('',#7035);
#6146=PLANE('',#7036);
#6147=PLANE('',#7037);
#6148=PLANE('',#7038);
#6149=PLANE('',#7041);
#6150=PLANE('',#7044);
#6151=PLANE('',#7047);
#6152=PLANE('',#7050);
#6153=PLANE('',#7053);
#6154=PLANE('',#7056);
#6155=PLANE('',#7059);
#6156=PLANE('',#7062);
#6157=PLANE('',#7065);
#6158=PLANE('',#7068);
#6159=PLANE('',#7073);
#6160=PLANE('',#7076);
#6161=PLANE('',#7079);
#6162=PLANE('',#7086);
#6163=PLANE('',#7088);
#6164=PLANE('',#7090);
#6165=PLANE('',#7091);
#6166=PLANE('',#7093);
#6167=PLANE('',#7095);
#6168=PLANE('',#7098);
#6169=PLANE('',#7099);
#6170=PLANE('',#7100);
#6171=PLANE('',#7103);
#6172=PLANE('',#7105);
#6173=PLANE('',#7107);
#6174=PLANE('',#7108);
#6175=PLANE('',#7110);
#6176=PLANE('',#7112);
#6177=PLANE('',#7114);
#6178=PLANE('',#7116);
#6179=PLANE('',#7119);
#6180=PLANE('',#7122);
#6181=PLANE('',#7125);
#6182=PLANE('',#7128);
#6183=PLANE('',#7129);
#6184=PLANE('',#7132);
#6185=PLANE('',#7133);
#6186=PLANE('',#7136);
#6187=PLANE('',#7139);
#6188=PLANE('',#7140);
#6189=PLANE('',#7143);
#6190=PLANE('',#7144);
#6191=PLANE('',#7147);
#6192=ADVANCED_FACE('',(#519),#6020,.F.);
#6193=ADVANCED_FACE('',(#520),#6021,.F.);
#6194=ADVANCED_FACE('',(#521),#6022,.F.);
#6195=ADVANCED_FACE('',(#522),#6023,.F.);
#6196=ADVANCED_FACE('',(#523),#6024,.F.);
#6197=ADVANCED_FACE('',(#524),#6025,.F.);
#6198=ADVANCED_FACE('',(#525),#6026,.F.);
#6199=ADVANCED_FACE('',(#526),#6027,.T.);
#6200=ADVANCED_FACE('',(#527,#172,#173,#174,#175,#176,#177,#178,#179,#180,
#181,#182,#183,#184,#185,#186,#187,#188,#189,#190,#191,#192,#193,#194,#195),
#6028,.F.);
#6201=ADVANCED_FACE('',(#528),#23,.T.);
#6202=ADVANCED_FACE('',(#529),#6029,.T.);
#6203=ADVANCED_FACE('',(#530),#24,.F.);
#6204=ADVANCED_FACE('',(#531),#6030,.T.);
#6205=ADVANCED_FACE('',(#532),#25,.T.);
#6206=ADVANCED_FACE('',(#533),#6031,.T.);
#6207=ADVANCED_FACE('',(#534),#26,.T.);
#6208=ADVANCED_FACE('',(#535),#6032,.T.);
#6209=ADVANCED_FACE('',(#536),#6033,.T.);
#6210=ADVANCED_FACE('',(#537),#27,.T.);
#6211=ADVANCED_FACE('',(#538),#6034,.T.);
#6212=ADVANCED_FACE('',(#539),#28,.F.);
#6213=ADVANCED_FACE('',(#540),#6035,.T.);
#6214=ADVANCED_FACE('',(#541),#29,.T.);
#6215=ADVANCED_FACE('',(#542),#30,.F.);
#6216=ADVANCED_FACE('',(#543),#6036,.T.);
#6217=ADVANCED_FACE('',(#544),#31,.F.);
#6218=ADVANCED_FACE('',(#545),#6037,.T.);
#6219=ADVANCED_FACE('',(#546),#32,.T.);
#6220=ADVANCED_FACE('',(#547),#6038,.T.);
#6221=ADVANCED_FACE('',(#548),#33,.T.);
#6222=ADVANCED_FACE('',(#549),#6039,.T.);
#6223=ADVANCED_FACE('',(#550),#34,.F.);
#6224=ADVANCED_FACE('',(#551),#6040,.T.);
#6225=ADVANCED_FACE('',(#552),#35,.T.);
#6226=ADVANCED_FACE('',(#553),#6041,.T.);
#6227=ADVANCED_FACE('',(#554),#36,.F.);
#6228=ADVANCED_FACE('',(#555),#6042,.T.);
#6229=ADVANCED_FACE('',(#556),#37,.T.);
#6230=ADVANCED_FACE('',(#557),#6043,.T.);
#6231=ADVANCED_FACE('',(#558),#38,.T.);
#6232=ADVANCED_FACE('',(#559),#6044,.T.);
#6233=ADVANCED_FACE('',(#560),#39,.F.);
#6234=ADVANCED_FACE('',(#561),#6045,.T.);
#6235=ADVANCED_FACE('',(#562),#40,.T.);
#6236=ADVANCED_FACE('',(#563),#6046,.T.);
#6237=ADVANCED_FACE('',(#564),#41,.F.);
#6238=ADVANCED_FACE('',(#565),#6047,.T.);
#6239=ADVANCED_FACE('',(#566),#42,.T.);
#6240=ADVANCED_FACE('',(#567),#6048,.T.);
#6241=ADVANCED_FACE('',(#568),#43,.F.);
#6242=ADVANCED_FACE('',(#569),#44,.T.);
#6243=ADVANCED_FACE('',(#570),#6049,.T.);
#6244=ADVANCED_FACE('',(#571),#45,.T.);
#6245=ADVANCED_FACE('',(#572),#6050,.T.);
#6246=ADVANCED_FACE('',(#573),#46,.F.);
#6247=ADVANCED_FACE('',(#574),#6051,.T.);
#6248=ADVANCED_FACE('',(#575),#47,.T.);
#6249=ADVANCED_FACE('',(#576),#48,.F.);
#6250=ADVANCED_FACE('',(#577),#6052,.T.);
#6251=ADVANCED_FACE('',(#578,#196,#197,#198,#199,#200,#201,#202,#203,#204,
#205,#206,#207,#208,#209,#210,#211,#212,#213,#214,#215,#216,#217,#218,#219),
#6053,.T.);
#6252=ADVANCED_FACE('',(#579),#49,.F.);
#6253=ADVANCED_FACE('',(#580),#6054,.T.);
#6254=ADVANCED_FACE('',(#581),#6055,.T.);
#6255=ADVANCED_FACE('',(#582),#50,.F.);
#6256=ADVANCED_FACE('',(#583),#51,.F.);
#6257=ADVANCED_FACE('',(#584),#6056,.T.);
#6258=ADVANCED_FACE('',(#585),#6057,.T.);
#6259=ADVANCED_FACE('',(#586),#52,.F.);
#6260=ADVANCED_FACE('',(#587),#53,.F.);
#6261=ADVANCED_FACE('',(#588),#6058,.T.);
#6262=ADVANCED_FACE('',(#589),#6059,.T.);
#6263=ADVANCED_FACE('',(#590),#54,.F.);
#6264=ADVANCED_FACE('',(#591),#55,.F.);
#6265=ADVANCED_FACE('',(#592),#6060,.T.);
#6266=ADVANCED_FACE('',(#593),#6061,.T.);
#6267=ADVANCED_FACE('',(#594),#56,.F.);
#6268=ADVANCED_FACE('',(#595),#57,.F.);
#6269=ADVANCED_FACE('',(#596),#58,.F.);
#6270=ADVANCED_FACE('',(#597),#6062,.T.);
#6271=ADVANCED_FACE('',(#598),#6063,.T.);
#6272=ADVANCED_FACE('',(#599),#59,.F.);
#6273=ADVANCED_FACE('',(#600),#60,.F.);
#6274=ADVANCED_FACE('',(#601),#6064,.T.);
#6275=ADVANCED_FACE('',(#602),#6065,.T.);
#6276=ADVANCED_FACE('',(#603),#61,.F.);
#6277=ADVANCED_FACE('',(#604),#62,.F.);
#6278=ADVANCED_FACE('',(#605),#6066,.T.);
#6279=ADVANCED_FACE('',(#606),#6067,.T.);
#6280=ADVANCED_FACE('',(#607),#63,.F.);
#6281=ADVANCED_FACE('',(#608),#64,.F.);
#6282=ADVANCED_FACE('',(#609),#6068,.T.);
#6283=ADVANCED_FACE('',(#610),#6069,.T.);
#6284=ADVANCED_FACE('',(#611),#65,.F.);
#6285=ADVANCED_FACE('',(#612),#66,.F.);
#6286=ADVANCED_FACE('',(#613),#6070,.T.);
#6287=ADVANCED_FACE('',(#614),#6071,.T.);
#6288=ADVANCED_FACE('',(#615),#67,.F.);
#6289=ADVANCED_FACE('',(#616),#68,.F.);
#6290=ADVANCED_FACE('',(#617),#6072,.T.);
#6291=ADVANCED_FACE('',(#618),#6073,.T.);
#6292=ADVANCED_FACE('',(#619),#69,.F.);
#6293=ADVANCED_FACE('',(#620),#70,.F.);
#6294=ADVANCED_FACE('',(#621),#6074,.T.);
#6295=ADVANCED_FACE('',(#622),#6075,.T.);
#6296=ADVANCED_FACE('',(#623),#71,.F.);
#6297=ADVANCED_FACE('',(#624),#72,.F.);
#6298=ADVANCED_FACE('',(#625),#6076,.T.);
#6299=ADVANCED_FACE('',(#626),#6077,.T.);
#6300=ADVANCED_FACE('',(#627),#73,.F.);
#6301=ADVANCED_FACE('',(#628),#74,.F.);
#6302=ADVANCED_FACE('',(#629),#6078,.T.);
#6303=ADVANCED_FACE('',(#630),#6079,.T.);
#6304=ADVANCED_FACE('',(#631),#75,.F.);
#6305=ADVANCED_FACE('',(#632),#76,.F.);
#6306=ADVANCED_FACE('',(#633),#6080,.T.);
#6307=ADVANCED_FACE('',(#634),#6081,.T.);
#6308=ADVANCED_FACE('',(#635),#77,.F.);
#6309=ADVANCED_FACE('',(#636),#78,.F.);
#6310=ADVANCED_FACE('',(#637),#6082,.T.);
#6311=ADVANCED_FACE('',(#638),#6083,.T.);
#6312=ADVANCED_FACE('',(#639),#79,.F.);
#6313=ADVANCED_FACE('',(#640),#80,.F.);
#6314=ADVANCED_FACE('',(#641),#6084,.T.);
#6315=ADVANCED_FACE('',(#642),#6085,.T.);
#6316=ADVANCED_FACE('',(#643),#81,.F.);
#6317=ADVANCED_FACE('',(#644),#82,.F.);
#6318=ADVANCED_FACE('',(#645),#6086,.T.);
#6319=ADVANCED_FACE('',(#646),#6087,.T.);
#6320=ADVANCED_FACE('',(#647),#83,.F.);
#6321=ADVANCED_FACE('',(#648),#84,.F.);
#6322=ADVANCED_FACE('',(#649),#6088,.T.);
#6323=ADVANCED_FACE('',(#650),#6089,.T.);
#6324=ADVANCED_FACE('',(#651),#85,.F.);
#6325=ADVANCED_FACE('',(#652),#86,.F.);
#6326=ADVANCED_FACE('',(#653),#6090,.T.);
#6327=ADVANCED_FACE('',(#654),#6091,.T.);
#6328=ADVANCED_FACE('',(#655),#87,.F.);
#6329=ADVANCED_FACE('',(#656),#88,.F.);
#6330=ADVANCED_FACE('',(#657),#6092,.T.);
#6331=ADVANCED_FACE('',(#658),#6093,.T.);
#6332=ADVANCED_FACE('',(#659),#89,.F.);
#6333=ADVANCED_FACE('',(#660),#90,.F.);
#6334=ADVANCED_FACE('',(#661),#91,.F.);
#6335=ADVANCED_FACE('',(#662),#6094,.T.);
#6336=ADVANCED_FACE('',(#663),#6095,.T.);
#6337=ADVANCED_FACE('',(#664),#92,.F.);
#6338=ADVANCED_FACE('',(#665),#93,.F.);
#6339=ADVANCED_FACE('',(#666),#6096,.T.);
#6340=ADVANCED_FACE('',(#667),#6097,.T.);
#6341=ADVANCED_FACE('',(#668),#94,.F.);
#6342=ADVANCED_FACE('',(#669),#95,.F.);
#6343=ADVANCED_FACE('',(#670),#6098,.T.);
#6344=ADVANCED_FACE('',(#671),#6099,.T.);
#6345=ADVANCED_FACE('',(#672),#96,.F.);
#6346=ADVANCED_FACE('',(#673),#97,.F.);
#6347=ADVANCED_FACE('',(#674),#6100,.T.);
#6348=ADVANCED_FACE('',(#675),#6101,.T.);
#6349=ADVANCED_FACE('',(#676),#98,.F.);
#6350=ADVANCED_FACE('',(#677),#99,.F.);
#6351=ADVANCED_FACE('',(#678),#6102,.T.);
#6352=ADVANCED_FACE('',(#679),#6103,.T.);
#6353=ADVANCED_FACE('',(#680),#100,.F.);
#6354=ADVANCED_FACE('',(#681),#101,.F.);
#6355=ADVANCED_FACE('',(#682),#6104,.T.);
#6356=ADVANCED_FACE('',(#683),#6105,.T.);
#6357=ADVANCED_FACE('',(#684),#102,.F.);
#6358=ADVANCED_FACE('',(#685),#103,.F.);
#6359=ADVANCED_FACE('',(#686),#6106,.T.);
#6360=ADVANCED_FACE('',(#687),#6107,.T.);
#6361=ADVANCED_FACE('',(#688),#104,.F.);
#6362=ADVANCED_FACE('',(#689),#105,.F.);
#6363=ADVANCED_FACE('',(#690),#6108,.T.);
#6364=ADVANCED_FACE('',(#691),#6109,.T.);
#6365=ADVANCED_FACE('',(#692),#106,.F.);
#6366=ADVANCED_FACE('',(#693),#107,.F.);
#6367=ADVANCED_FACE('',(#694),#6110,.T.);
#6368=ADVANCED_FACE('',(#695),#6111,.T.);
#6369=ADVANCED_FACE('',(#696),#108,.F.);
#6370=ADVANCED_FACE('',(#697),#109,.F.);
#6371=ADVANCED_FACE('',(#698),#6112,.T.);
#6372=ADVANCED_FACE('',(#699),#6113,.T.);
#6373=ADVANCED_FACE('',(#700),#110,.F.);
#6374=ADVANCED_FACE('',(#701),#111,.F.);
#6375=ADVANCED_FACE('',(#702),#112,.F.);
#6376=ADVANCED_FACE('',(#703),#6114,.T.);
#6377=ADVANCED_FACE('',(#704),#6115,.T.);
#6378=ADVANCED_FACE('',(#705),#113,.F.);
#6379=ADVANCED_FACE('',(#706),#114,.F.);
#6380=ADVANCED_FACE('',(#707),#6116,.T.);
#6381=ADVANCED_FACE('',(#708),#6117,.T.);
#6382=ADVANCED_FACE('',(#709),#115,.F.);
#6383=ADVANCED_FACE('',(#710),#116,.F.);
#6384=ADVANCED_FACE('',(#711),#117,.F.);
#6385=ADVANCED_FACE('',(#712),#6118,.T.);
#6386=ADVANCED_FACE('',(#713),#6119,.T.);
#6387=ADVANCED_FACE('',(#714),#118,.F.);
#6388=ADVANCED_FACE('',(#715),#119,.F.);
#6389=ADVANCED_FACE('',(#716),#6120,.T.);
#6390=ADVANCED_FACE('',(#717),#6121,.T.);
#6391=ADVANCED_FACE('',(#718),#120,.F.);
#6392=ADVANCED_FACE('',(#719),#121,.F.);
#6393=ADVANCED_FACE('',(#720),#6122,.T.);
#6394=ADVANCED_FACE('',(#721),#6123,.T.);
#6395=ADVANCED_FACE('',(#722),#122,.F.);
#6396=ADVANCED_FACE('',(#723),#123,.F.);
#6397=ADVANCED_FACE('',(#724),#6124,.T.);
#6398=ADVANCED_FACE('',(#725),#6125,.T.);
#6399=ADVANCED_FACE('',(#726),#124,.F.);
#6400=ADVANCED_FACE('',(#727),#125,.F.);
#6401=ADVANCED_FACE('',(#728),#6126,.T.);
#6402=ADVANCED_FACE('',(#729),#6127,.T.);
#6403=ADVANCED_FACE('',(#730),#126,.F.);
#6404=ADVANCED_FACE('',(#731),#127,.F.);
#6405=ADVANCED_FACE('',(#732),#6128,.T.);
#6406=ADVANCED_FACE('',(#733),#6129,.T.);
#6407=ADVANCED_FACE('',(#734),#128,.F.);
#6408=ADVANCED_FACE('',(#735),#6130,.F.);
#6409=ADVANCED_FACE('',(#736),#6131,.T.);
#6410=ADVANCED_FACE('',(#737),#6132,.F.);
#6411=ADVANCED_FACE('',(#738),#6133,.F.);
#6412=ADVANCED_FACE('',(#739),#6134,.F.);
#6413=ADVANCED_FACE('',(#740),#6135,.F.);
#6414=ADVANCED_FACE('',(#741),#6136,.F.);
#6415=ADVANCED_FACE('',(#742),#6137,.F.);
#6416=ADVANCED_FACE('',(#743),#6138,.T.);
#6417=ADVANCED_FACE('',(#744),#6139,.F.);
#6418=ADVANCED_FACE('',(#745),#6140,.T.);
#6419=ADVANCED_FACE('',(#746),#6141,.T.);
#6420=ADVANCED_FACE('',(#747),#6142,.T.);
#6421=ADVANCED_FACE('',(#748),#6143,.F.);
#6422=ADVANCED_FACE('',(#749),#129,.F.);
#6423=ADVANCED_FACE('',(#750),#6144,.F.);
#6424=ADVANCED_FACE('',(#751),#130,.F.);
#6425=ADVANCED_FACE('',(#752),#6145,.F.);
#6426=ADVANCED_FACE('',(#753),#6146,.T.);
#6427=ADVANCED_FACE('',(#754),#6147,.T.);
#6428=ADVANCED_FACE('',(#755),#6148,.T.);
#6429=ADVANCED_FACE('',(#756),#131,.F.);
#6430=ADVANCED_FACE('',(#757),#6149,.T.);
#6431=ADVANCED_FACE('',(#758),#132,.T.);
#6432=ADVANCED_FACE('',(#759),#6150,.T.);
#6433=ADVANCED_FACE('',(#760),#133,.F.);
#6434=ADVANCED_FACE('',(#761),#6151,.T.);
#6435=ADVANCED_FACE('',(#762),#134,.T.);
#6436=ADVANCED_FACE('',(#763),#6152,.T.);
#6437=ADVANCED_FACE('',(#764),#135,.F.);
#6438=ADVANCED_FACE('',(#765),#6153,.T.);
#6439=ADVANCED_FACE('',(#766),#136,.F.);
#6440=ADVANCED_FACE('',(#767),#6154,.T.);
#6441=ADVANCED_FACE('',(#768),#137,.T.);
#6442=ADVANCED_FACE('',(#769),#6155,.T.);
#6443=ADVANCED_FACE('',(#770),#138,.F.);
#6444=ADVANCED_FACE('',(#771),#6156,.T.);
#6445=ADVANCED_FACE('',(#772),#139,.T.);
#6446=ADVANCED_FACE('',(#773),#6157,.T.);
#6447=ADVANCED_FACE('',(#774),#140,.F.);
#6448=ADVANCED_FACE('',(#775),#6158,.T.);
#6449=ADVANCED_FACE('',(#776),#141,.T.);
#6450=ADVANCED_FACE('',(#777),#142,.F.);
#6451=ADVANCED_FACE('',(#778),#6159,.T.);
#6452=ADVANCED_FACE('',(#779),#143,.F.);
#6453=ADVANCED_FACE('',(#780),#6160,.T.);
#6454=ADVANCED_FACE('',(#781),#144,.T.);
#6455=ADVANCED_FACE('',(#782),#6161,.T.);
#6456=ADVANCED_FACE('',(#783),#145,.F.);
#6457=ADVANCED_FACE('',(#784),#146,.T.);
#6458=ADVANCED_FACE('',(#785),#147,.F.);
#6459=ADVANCED_FACE('',(#786),#148,.T.);
#6460=ADVANCED_FACE('',(#787),#6162,.T.);
#6461=ADVANCED_FACE('',(#788),#149,.F.);
#6462=ADVANCED_FACE('',(#789),#6163,.T.);
#6463=ADVANCED_FACE('',(#790),#150,.F.);
#6464=ADVANCED_FACE('',(#791),#6164,.T.);
#6465=ADVANCED_FACE('',(#792),#6165,.T.);
#6466=ADVANCED_FACE('',(#793),#151,.F.);
#6467=ADVANCED_FACE('',(#794),#6166,.T.);
#6468=ADVANCED_FACE('',(#795),#152,.T.);
#6469=ADVANCED_FACE('',(#796),#6167,.T.);
#6470=ADVANCED_FACE('',(#797),#153,.F.);
#6471=ADVANCED_FACE('',(#798),#154,.T.);
#6472=ADVANCED_FACE('',(#799),#6168,.T.);
#6473=ADVANCED_FACE('',(#800),#6169,.T.);
#6474=ADVANCED_FACE('',(#801),#6170,.T.);
#6475=ADVANCED_FACE('',(#802),#155,.F.);
#6476=ADVANCED_FACE('',(#803),#156,.T.);
#6477=ADVANCED_FACE('',(#804),#6171,.T.);
#6478=ADVANCED_FACE('',(#805),#157,.F.);
#6479=ADVANCED_FACE('',(#806),#6172,.T.);
#6480=ADVANCED_FACE('',(#807),#158,.T.);
#6481=ADVANCED_FACE('',(#808),#6173,.T.);
#6482=ADVANCED_FACE('',(#809),#6174,.T.);
#6483=ADVANCED_FACE('',(#810),#159,.T.);
#6484=ADVANCED_FACE('',(#811),#6175,.T.);
#6485=ADVANCED_FACE('',(#812),#160,.T.);
#6486=ADVANCED_FACE('',(#813),#6176,.T.);
#6487=ADVANCED_FACE('',(#814),#161,.F.);
#6488=ADVANCED_FACE('',(#815,#220),#6177,.T.);
#6489=ADVANCED_FACE('',(#816),#162,.T.);
#6490=ADVANCED_FACE('',(#817),#6178,.T.);
#6491=ADVANCED_FACE('',(#818),#163,.T.);
#6492=ADVANCED_FACE('',(#819),#6179,.T.);
#6493=ADVANCED_FACE('',(#820),#164,.T.);
#6494=ADVANCED_FACE('',(#821),#6180,.T.);
#6495=ADVANCED_FACE('',(#822),#165,.T.);
#6496=ADVANCED_FACE('',(#823),#6181,.T.);
#6497=ADVANCED_FACE('',(#824),#166,.T.);
#6498=ADVANCED_FACE('',(#825),#6182,.T.);
#6499=ADVANCED_FACE('',(#826),#6183,.T.);
#6500=ADVANCED_FACE('',(#827),#167,.T.);
#6501=ADVANCED_FACE('',(#828),#6184,.T.);
#6502=ADVANCED_FACE('',(#829),#6185,.T.);
#6503=ADVANCED_FACE('',(#830),#168,.T.);
#6504=ADVANCED_FACE('',(#831),#6186,.T.);
#6505=ADVANCED_FACE('',(#832),#169,.T.);
#6506=ADVANCED_FACE('',(#833),#6187,.T.);
#6507=ADVANCED_FACE('',(#834),#6188,.T.);
#6508=ADVANCED_FACE('',(#835),#170,.T.);
#6509=ADVANCED_FACE('',(#836),#6189,.T.);
#6510=ADVANCED_FACE('',(#837),#6190,.T.);
#6511=ADVANCED_FACE('',(#838),#171,.T.);
#6512=ADVANCED_FACE('',(#839),#6191,.T.);
#6513=CLOSED_SHELL('',(#6192,#6193,#6194,#6195,#6196,#6197,#6198,#6199,
#6200,#6201,#6202,#6203,#6204,#6205,#6206,#6207,#6208,#6209,#6210,#6211,
#6212,#6213,#6214,#6215,#6216,#6217,#6218,#6219,#6220,#6221,#6222,#6223,
#6224,#6225,#6226,#6227,#6228,#6229,#6230,#6231,#6232,#6233,#6234,#6235,
#6236,#6237,#6238,#6239,#6240,#6241,#6242,#6243,#6244,#6245,#6246,#6247,
#6248,#6249,#6250,#6251,#6252,#6253,#6254,#6255,#6256,#6257,#6258,#6259,
#6260,#6261,#6262,#6263,#6264,#6265,#6266,#6267,#6268,#6269,#6270,#6271,
#6272,#6273,#6274,#6275,#6276,#6277,#6278,#6279,#6280,#6281,#6282,#6283,
#6284,#6285,#6286,#6287,#6288,#6289,#6290,#6291,#6292,#6293,#6294,#6295,
#6296,#6297,#6298,#6299,#6300,#6301,#6302,#6303,#6304,#6305,#6306,#6307,
#6308,#6309,#6310,#6311,#6312,#6313,#6314,#6315,#6316,#6317,#6318,#6319,
#6320,#6321,#6322,#6323,#6324,#6325,#6326,#6327,#6328,#6329,#6330,#6331,
#6332,#6333,#6334,#6335,#6336,#6337,#6338,#6339,#6340,#6341,#6342,#6343,
#6344,#6345,#6346,#6347,#6348,#6349,#6350,#6351,#6352,#6353,#6354,#6355,
#6356,#6357,#6358,#6359,#6360,#6361,#6362,#6363,#6364,#6365,#6366,#6367,
#6368,#6369,#6370,#6371,#6372,#6373,#6374,#6375,#6376,#6377,#6378,#6379,
#6380,#6381,#6382,#6383,#6384,#6385,#6386,#6387,#6388,#6389,#6390,#6391,
#6392,#6393,#6394,#6395,#6396,#6397,#6398,#6399,#6400,#6401,#6402,#6403,
#6404,#6405,#6406,#6407));
#6514=CLOSED_SHELL('',(#6408,#6409,#6410,#6411,#6412,#6413,#6414,#6415,
#6416,#6417,#6418,#6419,#6420,#6421,#6422,#6423,#6424,#6425,#6426,#6427,
#6428,#6429,#6430,#6431,#6432,#6433,#6434,#6435,#6436,#6437,#6438,#6439,
#6440,#6441,#6442,#6443,#6444,#6445,#6446,#6447,#6448,#6449,#6450,#6451,
#6452,#6453,#6454,#6455,#6456,#6457,#6458,#6459,#6460,#6461,#6462,#6463,
#6464,#6465,#6466,#6467,#6468,#6469,#6470,#6471,#6472,#6473,#6474,#6475,
#6476,#6477,#6478,#6479,#6480,#6481,#6482,#6483,#6484,#6485,#6486,#6487,
#6488,#6489,#6490,#6491,#6492,#6493,#6494,#6495,#6496,#6497,#6498,#6499,
#6500,#6501,#6502,#6503,#6504,#6505,#6506,#6507,#6508,#6509,#6510,#6511,
#6512));
#6515=DERIVED_UNIT_ELEMENT(#6517,1.);
#6516=DERIVED_UNIT_ELEMENT(#10970,-3.);
#6517=(
MASS_UNIT()
NAMED_UNIT(*)
SI_UNIT(.KILO.,.GRAM.)
);
#6518=DERIVED_UNIT((#6515,#6516));
#6519=MEASURE_REPRESENTATION_ITEM('density measure',
POSITIVE_RATIO_MEASURE(7850.),#6518);
#6520=PROPERTY_DEFINITION_REPRESENTATION(#6525,#6522);
#6521=PROPERTY_DEFINITION_REPRESENTATION(#6526,#6523);
#6522=REPRESENTATION('material name',(#6524),#10967);
#6523=REPRESENTATION('density',(#6519),#10967);
#6524=DESCRIPTIVE_REPRESENTATION_ITEM('\X2\92FC\X0\','\X2\92FC\X0\');
#6525=PROPERTY_DEFINITION('material property','material name',#10982);
#6526=PROPERTY_DEFINITION('material property','density of part',#10982);
#6527=AXIS2_PLACEMENT_3D('',#9049,#7149,#7150);
#6528=AXIS2_PLACEMENT_3D('',#9050,#7151,#7152);
#6529=AXIS2_PLACEMENT_3D('',#9051,#7153,#7154);
#6530=AXIS2_PLACEMENT_3D('',#9060,#7159,#7160);
#6531=AXIS2_PLACEMENT_3D('',#9066,#7164,#7165);
#6532=AXIS2_PLACEMENT_3D('',#9072,#7169,#7170);
#6533=AXIS2_PLACEMENT_3D('',#9075,#7173,#7174);
#6534=AXIS2_PLACEMENT_3D('',#9084,#7179,#7180);
#6535=AXIS2_PLACEMENT_3D('',#9090,#7184,#7185);
#6536=AXIS2_PLACEMENT_3D('',#9096,#7189,#7190);
#6537=AXIS2_PLACEMENT_3D('',#9102,#7194,#7195);
#6538=AXIS2_PLACEMENT_3D('',#9104,#7196,#7197);
#6539=AXIS2_PLACEMENT_3D('',#9106,#7198,#7199);
#6540=AXIS2_PLACEMENT_3D('',#9110,#7201,#7202);
#6541=AXIS2_PLACEMENT_3D('',#9114,#7204,#7205);
#6542=AXIS2_PLACEMENT_3D('',#9118,#7207,#7208);
#6543=AXIS2_PLACEMENT_3D('',#9120,#7209,#7210);
#6544=AXIS2_PLACEMENT_3D('',#9124,#7212,#7213);
#6545=AXIS2_PLACEMENT_3D('',#9128,#7215,#7216);
#6546=AXIS2_PLACEMENT_3D('',#9132,#7218,#7219);
#6547=AXIS2_PLACEMENT_3D('',#9136,#7221,#7222);
#6548=AXIS2_PLACEMENT_3D('',#9140,#7224,#7225);
#6549=AXIS2_PLACEMENT_3D('',#9144,#7227,#7228);
#6550=AXIS2_PLACEMENT_3D('',#9148,#7230,#7231);
#6551=AXIS2_PLACEMENT_3D('',#9152,#7233,#7234);
#6552=AXIS2_PLACEMENT_3D('',#9156,#7236,#7237);
#6553=AXIS2_PLACEMENT_3D('',#9160,#7239,#7240);
#6554=AXIS2_PLACEMENT_3D('',#9164,#7242,#7243);
#6555=AXIS2_PLACEMENT_3D('',#9168,#7245,#7246);
#6556=AXIS2_PLACEMENT_3D('',#9172,#7248,#7249);
#6557=AXIS2_PLACEMENT_3D('',#9174,#7250,#7251);
#6558=AXIS2_PLACEMENT_3D('',#9178,#7253,#7254);
#6559=AXIS2_PLACEMENT_3D('',#9182,#7256,#7257);
#6560=AXIS2_PLACEMENT_3D('',#9188,#7260,#7261);
#6561=AXIS2_PLACEMENT_3D('',#9192,#7263,#7264);
#6562=AXIS2_PLACEMENT_3D('',#9196,#7266,#7267);
#6563=AXIS2_PLACEMENT_3D('',#9200,#7269,#7270);
#6564=AXIS2_PLACEMENT_3D('',#9204,#7272,#7273);
#6565=AXIS2_PLACEMENT_3D('',#9208,#7275,#7276);
#6566=AXIS2_PLACEMENT_3D('',#9212,#7278,#7279);
#6567=AXIS2_PLACEMENT_3D('',#9216,#7281,#7282);
#6568=AXIS2_PLACEMENT_3D('',#9220,#7284,#7285);
#6569=AXIS2_PLACEMENT_3D('',#9224,#7287,#7288);
#6570=AXIS2_PLACEMENT_3D('',#9228,#7290,#7291);
#6571=AXIS2_PLACEMENT_3D('',#9232,#7293,#7294);
#6572=AXIS2_PLACEMENT_3D('',#9236,#7296,#7297);
#6573=AXIS2_PLACEMENT_3D('',#9240,#7299,#7300);
#6574=AXIS2_PLACEMENT_3D('',#9244,#7302,#7303);
#6575=AXIS2_PLACEMENT_3D('',#9248,#7305,#7306);
#6576=AXIS2_PLACEMENT_3D('',#9251,#7308,#7309);
#6577=AXIS2_PLACEMENT_3D('',#9254,#7310,#7311);
#6578=AXIS2_PLACEMENT_3D('',#9258,#7313,#7314);
#6579=AXIS2_PLACEMENT_3D('',#9262,#7316,#7317);
#6580=AXIS2_PLACEMENT_3D('',#9266,#7319,#7320);
#6581=AXIS2_PLACEMENT_3D('',#9269,#7322,#7323);
#6582=AXIS2_PLACEMENT_3D('',#9272,#7324,#7325);
#6583=AXIS2_PLACEMENT_3D('',#9276,#7327,#7328);
#6584=AXIS2_PLACEMENT_3D('',#9280,#7330,#7331);
#6585=AXIS2_PLACEMENT_3D('',#9284,#7333,#7334);
#6586=AXIS2_PLACEMENT_3D('',#9288,#7336,#7337);
#6587=AXIS2_PLACEMENT_3D('',#9292,#7339,#7340);
#6588=AXIS2_PLACEMENT_3D('',#9296,#7342,#7343);
#6589=AXIS2_PLACEMENT_3D('',#9300,#7345,#7346);
#6590=AXIS2_PLACEMENT_3D('',#9304,#7348,#7349);
#6591=AXIS2_PLACEMENT_3D('',#9308,#7351,#7352);
#6592=AXIS2_PLACEMENT_3D('',#9312,#7354,#7355);
#6593=AXIS2_PLACEMENT_3D('',#9316,#7357,#7358);
#6594=AXIS2_PLACEMENT_3D('',#9320,#7360,#7361);
#6595=AXIS2_PLACEMENT_3D('',#9324,#7363,#7364);
#6596=AXIS2_PLACEMENT_3D('',#9328,#7366,#7367);
#6597=AXIS2_PLACEMENT_3D('',#9332,#7369,#7370);
#6598=AXIS2_PLACEMENT_3D('',#9336,#7372,#7373);
#6599=AXIS2_PLACEMENT_3D('',#9340,#7375,#7376);
#6600=AXIS2_PLACEMENT_3D('',#9344,#7378,#7379);
#6601=AXIS2_PLACEMENT_3D('',#9348,#7381,#7382);
#6602=AXIS2_PLACEMENT_3D('',#9351,#7384,#7385);
#6603=AXIS2_PLACEMENT_3D('',#9354,#7386,#7387);
#6604=AXIS2_PLACEMENT_3D('',#9358,#7389,#7390);
#6605=AXIS2_PLACEMENT_3D('',#9362,#7392,#7393);
#6606=AXIS2_PLACEMENT_3D('',#9366,#7395,#7396);
#6607=AXIS2_PLACEMENT_3D('',#9370,#7398,#7399);
#6608=AXIS2_PLACEMENT_3D('',#9374,#7401,#7402);
#6609=AXIS2_PLACEMENT_3D('',#9378,#7404,#7405);
#6610=AXIS2_PLACEMENT_3D('',#9382,#7407,#7408);
#6611=AXIS2_PLACEMENT_3D('',#9386,#7410,#7411);
#6612=AXIS2_PLACEMENT_3D('',#9390,#7413,#7414);
#6613=AXIS2_PLACEMENT_3D('',#9394,#7416,#7417);
#6614=AXIS2_PLACEMENT_3D('',#9398,#7419,#7420);
#6615=AXIS2_PLACEMENT_3D('',#9402,#7422,#7423);
#6616=AXIS2_PLACEMENT_3D('',#9406,#7425,#7426);
#6617=AXIS2_PLACEMENT_3D('',#9410,#7428,#7429);
#6618=AXIS2_PLACEMENT_3D('',#9414,#7431,#7432);
#6619=AXIS2_PLACEMENT_3D('',#9418,#7434,#7435);
#6620=AXIS2_PLACEMENT_3D('',#9422,#7437,#7438);
#6621=AXIS2_PLACEMENT_3D('',#9426,#7440,#7441);
#6622=AXIS2_PLACEMENT_3D('',#9430,#7443,#7444);
#6623=AXIS2_PLACEMENT_3D('',#9434,#7446,#7447);
#6624=AXIS2_PLACEMENT_3D('',#9438,#7449,#7450);
#6625=AXIS2_PLACEMENT_3D('',#9442,#7452,#7453);
#6626=AXIS2_PLACEMENT_3D('',#9446,#7455,#7456);
#6627=AXIS2_PLACEMENT_3D('',#9450,#7458,#7459);
#6628=AXIS2_PLACEMENT_3D('',#9454,#7461,#7462);
#6629=AXIS2_PLACEMENT_3D('',#9458,#7464,#7465);
#6630=AXIS2_PLACEMENT_3D('',#9462,#7467,#7468);
#6631=AXIS2_PLACEMENT_3D('',#9466,#7470,#7471);
#6632=AXIS2_PLACEMENT_3D('',#9470,#7473,#7474);
#6633=AXIS2_PLACEMENT_3D('',#9474,#7476,#7477);
#6634=AXIS2_PLACEMENT_3D('',#9478,#7479,#7480);
#6635=AXIS2_PLACEMENT_3D('',#9481,#7482,#7483);
#6636=AXIS2_PLACEMENT_3D('',#9484,#7484,#7485);
#6637=AXIS2_PLACEMENT_3D('',#9488,#7487,#7488);
#6638=AXIS2_PLACEMENT_3D('',#9492,#7490,#7491);
#6639=AXIS2_PLACEMENT_3D('',#9496,#7493,#7494);
#6640=AXIS2_PLACEMENT_3D('',#9500,#7496,#7497);
#6641=AXIS2_PLACEMENT_3D('',#9504,#7499,#7500);
#6642=AXIS2_PLACEMENT_3D('',#9508,#7502,#7503);
#6643=AXIS2_PLACEMENT_3D('',#9512,#7505,#7506);
#6644=AXIS2_PLACEMENT_3D('',#9514,#7508,#7509);
#6645=AXIS2_PLACEMENT_3D('',#9517,#7510,#7511);
#6646=AXIS2_PLACEMENT_3D('',#9520,#7514,#7515);
#6647=AXIS2_PLACEMENT_3D('',#9524,#7518,#7519);
#6648=AXIS2_PLACEMENT_3D('',#9526,#7520,#7521);
#6649=AXIS2_PLACEMENT_3D('',#9528,#7523,#7524);
#6650=AXIS2_PLACEMENT_3D('',#9532,#7527,#7528);
#6651=AXIS2_PLACEMENT_3D('',#9534,#7529,#7530);
#6652=AXIS2_PLACEMENT_3D('',#9536,#7532,#7533);
#6653=AXIS2_PLACEMENT_3D('',#9540,#7536,#7537);
#6654=AXIS2_PLACEMENT_3D('',#9542,#7538,#7539);
#6655=AXIS2_PLACEMENT_3D('',#9544,#7541,#7542);
#6656=AXIS2_PLACEMENT_3D('',#9548,#7545,#7546);
#6657=AXIS2_PLACEMENT_3D('',#9552,#7549,#7550);
#6658=AXIS2_PLACEMENT_3D('',#9554,#7551,#7552);
#6659=AXIS2_PLACEMENT_3D('',#9556,#7554,#7555);
#6660=AXIS2_PLACEMENT_3D('',#9560,#7558,#7559);
#6661=AXIS2_PLACEMENT_3D('',#9562,#7560,#7561);
#6662=AXIS2_PLACEMENT_3D('',#9564,#7563,#7564);
#6663=AXIS2_PLACEMENT_3D('',#9568,#7567,#7568);
#6664=AXIS2_PLACEMENT_3D('',#9570,#7569,#7570);
#6665=AXIS2_PLACEMENT_3D('',#9572,#7572,#7573);
#6666=AXIS2_PLACEMENT_3D('',#9574,#7574,#7575);
#6667=AXIS2_PLACEMENT_3D('',#9576,#7577,#7578);
#6668=AXIS2_PLACEMENT_3D('',#9580,#7581,#7582);
#6669=AXIS2_PLACEMENT_3D('',#9582,#7583,#7584);
#6670=AXIS2_PLACEMENT_3D('',#9584,#7586,#7587);
#6671=AXIS2_PLACEMENT_3D('',#9588,#7590,#7591);
#6672=AXIS2_PLACEMENT_3D('',#9590,#7592,#7593);
#6673=AXIS2_PLACEMENT_3D('',#9592,#7595,#7596);
#6674=AXIS2_PLACEMENT_3D('',#9596,#7599,#7600);
#6675=AXIS2_PLACEMENT_3D('',#9598,#7601,#7602);
#6676=AXIS2_PLACEMENT_3D('',#9600,#7604,#7605);
#6677=AXIS2_PLACEMENT_3D('',#9604,#7608,#7609);
#6678=AXIS2_PLACEMENT_3D('',#9606,#7610,#7611);
#6679=AXIS2_PLACEMENT_3D('',#9608,#7613,#7614);
#6680=AXIS2_PLACEMENT_3D('',#9612,#7617,#7618);
#6681=AXIS2_PLACEMENT_3D('',#9614,#7619,#7620);
#6682=AXIS2_PLACEMENT_3D('',#9616,#7622,#7623);
#6683=AXIS2_PLACEMENT_3D('',#9620,#7626,#7627);
#6684=AXIS2_PLACEMENT_3D('',#9622,#7628,#7629);
#6685=AXIS2_PLACEMENT_3D('',#9624,#7631,#7632);
#6686=AXIS2_PLACEMENT_3D('',#9628,#7635,#7636);
#6687=AXIS2_PLACEMENT_3D('',#9630,#7637,#7638);
#6688=AXIS2_PLACEMENT_3D('',#9632,#7640,#7641);
#6689=AXIS2_PLACEMENT_3D('',#9636,#7644,#7645);
#6690=AXIS2_PLACEMENT_3D('',#9638,#7646,#7647);
#6691=AXIS2_PLACEMENT_3D('',#9640,#7649,#7650);
#6692=AXIS2_PLACEMENT_3D('',#9644,#7653,#7654);
#6693=AXIS2_PLACEMENT_3D('',#9646,#7655,#7656);
#6694=AXIS2_PLACEMENT_3D('',#9648,#7658,#7659);
#6695=AXIS2_PLACEMENT_3D('',#9652,#7662,#7663);
#6696=AXIS2_PLACEMENT_3D('',#9654,#7664,#7665);
#6697=AXIS2_PLACEMENT_3D('',#9656,#7667,#7668);
#6698=AXIS2_PLACEMENT_3D('',#9660,#7671,#7672);
#6699=AXIS2_PLACEMENT_3D('',#9662,#7673,#7674);
#6700=AXIS2_PLACEMENT_3D('',#9664,#7676,#7677);
#6701=AXIS2_PLACEMENT_3D('',#9668,#7680,#7681);
#6702=AXIS2_PLACEMENT_3D('',#9670,#7682,#7683);
#6703=AXIS2_PLACEMENT_3D('',#9672,#7685,#7686);
#6704=AXIS2_PLACEMENT_3D('',#9676,#7689,#7690);
#6705=AXIS2_PLACEMENT_3D('',#9678,#7691,#7692);
#6706=AXIS2_PLACEMENT_3D('',#9680,#7694,#7695);
#6707=AXIS2_PLACEMENT_3D('',#9682,#7696,#7697);
#6708=AXIS2_PLACEMENT_3D('',#9684,#7699,#7700);
#6709=AXIS2_PLACEMENT_3D('',#9688,#7703,#7704);
#6710=AXIS2_PLACEMENT_3D('',#9690,#7705,#7706);
#6711=AXIS2_PLACEMENT_3D('',#9692,#7708,#7709);
#6712=AXIS2_PLACEMENT_3D('',#9696,#7712,#7713);
#6713=AXIS2_PLACEMENT_3D('',#9698,#7714,#7715);
#6714=AXIS2_PLACEMENT_3D('',#9700,#7717,#7718);
#6715=AXIS2_PLACEMENT_3D('',#9704,#7721,#7722);
#6716=AXIS2_PLACEMENT_3D('',#9706,#7723,#7724);
#6717=AXIS2_PLACEMENT_3D('',#9708,#7726,#7727);
#6718=AXIS2_PLACEMENT_3D('',#9709,#7728,#7729);
#6719=AXIS2_PLACEMENT_3D('',#9710,#7730,#7731);
#6720=AXIS2_PLACEMENT_3D('',#9712,#7733,#7734);
#6721=AXIS2_PLACEMENT_3D('',#9715,#7735,#7736);
#6722=AXIS2_PLACEMENT_3D('',#9719,#7738,#7739);
#6723=AXIS2_PLACEMENT_3D('',#9723,#7741,#7742);
#6724=AXIS2_PLACEMENT_3D('',#9727,#7744,#7745);
#6725=AXIS2_PLACEMENT_3D('',#9731,#7747,#7748);
#6726=AXIS2_PLACEMENT_3D('',#9735,#7750,#7751);
#6727=AXIS2_PLACEMENT_3D('',#9739,#7753,#7754);
#6728=AXIS2_PLACEMENT_3D('',#9743,#7756,#7757);
#6729=AXIS2_PLACEMENT_3D('',#9747,#7759,#7760);
#6730=AXIS2_PLACEMENT_3D('',#9751,#7762,#7763);
#6731=AXIS2_PLACEMENT_3D('',#9755,#7765,#7766);
#6732=AXIS2_PLACEMENT_3D('',#9759,#7768,#7769);
#6733=AXIS2_PLACEMENT_3D('',#9762,#7771,#7772);
#6734=AXIS2_PLACEMENT_3D('',#9765,#7773,#7774);
#6735=AXIS2_PLACEMENT_3D('',#9769,#7776,#7777);
#6736=AXIS2_PLACEMENT_3D('',#9773,#7779,#7780);
#6737=AXIS2_PLACEMENT_3D('',#9777,#7782,#7783);
#6738=AXIS2_PLACEMENT_3D('',#9780,#7785,#7786);
#6739=AXIS2_PLACEMENT_3D('',#9783,#7787,#7788);
#6740=AXIS2_PLACEMENT_3D('',#9787,#7790,#7791);
#6741=AXIS2_PLACEMENT_3D('',#9791,#7793,#7794);
#6742=AXIS2_PLACEMENT_3D('',#9795,#7796,#7797);
#6743=AXIS2_PLACEMENT_3D('',#9799,#7799,#7800);
#6744=AXIS2_PLACEMENT_3D('',#9803,#7802,#7803);
#6745=AXIS2_PLACEMENT_3D('',#9807,#7805,#7806);
#6746=AXIS2_PLACEMENT_3D('',#9811,#7808,#7809);
#6747=AXIS2_PLACEMENT_3D('',#9815,#7811,#7812);
#6748=AXIS2_PLACEMENT_3D('',#9819,#7814,#7815);
#6749=AXIS2_PLACEMENT_3D('',#9823,#7817,#7818);
#6750=AXIS2_PLACEMENT_3D('',#9827,#7820,#7821);
#6751=AXIS2_PLACEMENT_3D('',#9831,#7823,#7824);
#6752=AXIS2_PLACEMENT_3D('',#9835,#7826,#7827);
#6753=AXIS2_PLACEMENT_3D('',#9839,#7829,#7830);
#6754=AXIS2_PLACEMENT_3D('',#9843,#7832,#7833);
#6755=AXIS2_PLACEMENT_3D('',#9847,#7835,#7836);
#6756=AXIS2_PLACEMENT_3D('',#9851,#7838,#7839);
#6757=AXIS2_PLACEMENT_3D('',#9855,#7841,#7842);
#6758=AXIS2_PLACEMENT_3D('',#9859,#7844,#7845);
#6759=AXIS2_PLACEMENT_3D('',#9862,#7847,#7848);
#6760=AXIS2_PLACEMENT_3D('',#9865,#7849,#7850);
#6761=AXIS2_PLACEMENT_3D('',#9869,#7852,#7853);
#6762=AXIS2_PLACEMENT_3D('',#9873,#7855,#7856);
#6763=AXIS2_PLACEMENT_3D('',#9877,#7858,#7859);
#6764=AXIS2_PLACEMENT_3D('',#9881,#7861,#7862);
#6765=AXIS2_PLACEMENT_3D('',#9885,#7864,#7865);
#6766=AXIS2_PLACEMENT_3D('',#9889,#7867,#7868);
#6767=AXIS2_PLACEMENT_3D('',#9893,#7870,#7871);
#6768=AXIS2_PLACEMENT_3D('',#9897,#7873,#7874);
#6769=AXIS2_PLACEMENT_3D('',#9901,#7876,#7877);
#6770=AXIS2_PLACEMENT_3D('',#9905,#7879,#7880);
#6771=AXIS2_PLACEMENT_3D('',#9909,#7882,#7883);
#6772=AXIS2_PLACEMENT_3D('',#9913,#7885,#7886);
#6773=AXIS2_PLACEMENT_3D('',#9917,#7888,#7889);
#6774=AXIS2_PLACEMENT_3D('',#9921,#7891,#7892);
#6775=AXIS2_PLACEMENT_3D('',#9925,#7894,#7895);
#6776=AXIS2_PLACEMENT_3D('',#9929,#7897,#7898);
#6777=AXIS2_PLACEMENT_3D('',#9933,#7900,#7901);
#6778=AXIS2_PLACEMENT_3D('',#9937,#7903,#7904);
#6779=AXIS2_PLACEMENT_3D('',#9941,#7906,#7907);
#6780=AXIS2_PLACEMENT_3D('',#9945,#7909,#7910);
#6781=AXIS2_PLACEMENT_3D('',#9949,#7912,#7913);
#6782=AXIS2_PLACEMENT_3D('',#9953,#7915,#7916);
#6783=AXIS2_PLACEMENT_3D('',#9957,#7918,#7919);
#6784=AXIS2_PLACEMENT_3D('',#9961,#7921,#7922);
#6785=AXIS2_PLACEMENT_3D('',#9965,#7924,#7925);
#6786=AXIS2_PLACEMENT_3D('',#9969,#7927,#7928);
#6787=AXIS2_PLACEMENT_3D('',#9973,#7930,#7931);
#6788=AXIS2_PLACEMENT_3D('',#9977,#7933,#7934);
#6789=AXIS2_PLACEMENT_3D('',#9981,#7936,#7937);
#6790=AXIS2_PLACEMENT_3D('',#9985,#7939,#7940);
#6791=AXIS2_PLACEMENT_3D('',#9989,#7942,#7943);
#6792=AXIS2_PLACEMENT_3D('',#9992,#7945,#7946);
#6793=AXIS2_PLACEMENT_3D('',#9995,#7947,#7948);
#6794=AXIS2_PLACEMENT_3D('',#9999,#7950,#7951);
#6795=AXIS2_PLACEMENT_3D('',#10003,#7953,#7954);
#6796=AXIS2_PLACEMENT_3D('',#10007,#7956,#7957);
#6797=AXIS2_PLACEMENT_3D('',#10011,#7959,#7960);
#6798=AXIS2_PLACEMENT_3D('',#10015,#7962,#7963);
#6799=AXIS2_PLACEMENT_3D('',#10019,#7965,#7966);
#6800=AXIS2_PLACEMENT_3D('',#10023,#7968,#7969);
#6801=AXIS2_PLACEMENT_3D('',#10025,#7971,#7972);
#6802=AXIS2_PLACEMENT_3D('',#10028,#7975,#7976);
#6803=AXIS2_PLACEMENT_3D('',#10030,#7978,#7979);
#6804=AXIS2_PLACEMENT_3D('',#10032,#7981,#7982);
#6805=AXIS2_PLACEMENT_3D('',#10034,#7984,#7985);
#6806=AXIS2_PLACEMENT_3D('',#10036,#7987,#7988);
#6807=AXIS2_PLACEMENT_3D('',#10038,#7990,#7991);
#6808=AXIS2_PLACEMENT_3D('',#10040,#7993,#7994);
#6809=AXIS2_PLACEMENT_3D('',#10041,#7995,#7996);
#6810=AXIS2_PLACEMENT_3D('',#10044,#7999,#8000);
#6811=AXIS2_PLACEMENT_3D('',#10046,#8002,#8003);
#6812=AXIS2_PLACEMENT_3D('',#10048,#8005,#8006);
#6813=AXIS2_PLACEMENT_3D('',#10050,#8008,#8009);
#6814=AXIS2_PLACEMENT_3D('',#10052,#8011,#8012);
#6815=AXIS2_PLACEMENT_3D('',#10054,#8014,#8015);
#6816=AXIS2_PLACEMENT_3D('',#10056,#8017,#8018);
#6817=AXIS2_PLACEMENT_3D('',#10057,#8019,#8020);
#6818=AXIS2_PLACEMENT_3D('',#10059,#8022,#8023);
#6819=AXIS2_PLACEMENT_3D('',#10062,#8026,#8027);
#6820=AXIS2_PLACEMENT_3D('',#10064,#8029,#8030);
#6821=AXIS2_PLACEMENT_3D('',#10066,#8032,#8033);
#6822=AXIS2_PLACEMENT_3D('',#10068,#8035,#8036);
#6823=AXIS2_PLACEMENT_3D('',#10070,#8038,#8039);
#6824=AXIS2_PLACEMENT_3D('',#10072,#8041,#8042);
#6825=AXIS2_PLACEMENT_3D('',#10074,#8044,#8045);
#6826=AXIS2_PLACEMENT_3D('',#10075,#8046,#8047);
#6827=AXIS2_PLACEMENT_3D('',#10078,#8050,#8051);
#6828=AXIS2_PLACEMENT_3D('',#10080,#8053,#8054);
#6829=AXIS2_PLACEMENT_3D('',#10082,#8056,#8057);
#6830=AXIS2_PLACEMENT_3D('',#10084,#8059,#8060);
#6831=AXIS2_PLACEMENT_3D('',#10086,#8062,#8063);
#6832=AXIS2_PLACEMENT_3D('',#10088,#8065,#8066);
#6833=AXIS2_PLACEMENT_3D('',#10090,#8068,#8069);
#6834=AXIS2_PLACEMENT_3D('',#10091,#8070,#8071);
#6835=AXIS2_PLACEMENT_3D('',#10094,#8074,#8075);
#6836=AXIS2_PLACEMENT_3D('',#10096,#8077,#8078);
#6837=AXIS2_PLACEMENT_3D('',#10098,#8080,#8081);
#6838=AXIS2_PLACEMENT_3D('',#10100,#8083,#8084);
#6839=AXIS2_PLACEMENT_3D('',#10102,#8086,#8087);
#6840=AXIS2_PLACEMENT_3D('',#10104,#8089,#8090);
#6841=AXIS2_PLACEMENT_3D('',#10106,#8092,#8093);
#6842=AXIS2_PLACEMENT_3D('',#10107,#8094,#8095);
#6843=AXIS2_PLACEMENT_3D('',#10110,#8098,#8099);
#6844=AXIS2_PLACEMENT_3D('',#10112,#8101,#8102);
#6845=AXIS2_PLACEMENT_3D('',#10114,#8104,#8105);
#6846=AXIS2_PLACEMENT_3D('',#10116,#8107,#8108);
#6847=AXIS2_PLACEMENT_3D('',#10118,#8110,#8111);
#6848=AXIS2_PLACEMENT_3D('',#10120,#8113,#8114);
#6849=AXIS2_PLACEMENT_3D('',#10122,#8116,#8117);
#6850=AXIS2_PLACEMENT_3D('',#10123,#8118,#8119);
#6851=AXIS2_PLACEMENT_3D('',#10126,#8122,#8123);
#6852=AXIS2_PLACEMENT_3D('',#10128,#8125,#8126);
#6853=AXIS2_PLACEMENT_3D('',#10130,#8128,#8129);
#6854=AXIS2_PLACEMENT_3D('',#10132,#8131,#8132);
#6855=AXIS2_PLACEMENT_3D('',#10134,#8134,#8135);
#6856=AXIS2_PLACEMENT_3D('',#10136,#8137,#8138);
#6857=AXIS2_PLACEMENT_3D('',#10138,#8140,#8141);
#6858=AXIS2_PLACEMENT_3D('',#10139,#8142,#8143);
#6859=AXIS2_PLACEMENT_3D('',#10142,#8146,#8147);
#6860=AXIS2_PLACEMENT_3D('',#10144,#8149,#8150);
#6861=AXIS2_PLACEMENT_3D('',#10146,#8152,#8153);
#6862=AXIS2_PLACEMENT_3D('',#10148,#8155,#8156);
#6863=AXIS2_PLACEMENT_3D('',#10150,#8158,#8159);
#6864=AXIS2_PLACEMENT_3D('',#10152,#8161,#8162);
#6865=AXIS2_PLACEMENT_3D('',#10154,#8164,#8165);
#6866=AXIS2_PLACEMENT_3D('',#10155,#8166,#8167);
#6867=AXIS2_PLACEMENT_3D('',#10158,#8170,#8171);
#6868=AXIS2_PLACEMENT_3D('',#10160,#8173,#8174);
#6869=AXIS2_PLACEMENT_3D('',#10162,#8176,#8177);
#6870=AXIS2_PLACEMENT_3D('',#10164,#8179,#8180);
#6871=AXIS2_PLACEMENT_3D('',#10166,#8182,#8183);
#6872=AXIS2_PLACEMENT_3D('',#10168,#8185,#8186);
#6873=AXIS2_PLACEMENT_3D('',#10170,#8188,#8189);
#6874=AXIS2_PLACEMENT_3D('',#10171,#8190,#8191);
#6875=AXIS2_PLACEMENT_3D('',#10174,#8194,#8195);
#6876=AXIS2_PLACEMENT_3D('',#10176,#8197,#8198);
#6877=AXIS2_PLACEMENT_3D('',#10178,#8200,#8201);
#6878=AXIS2_PLACEMENT_3D('',#10180,#8203,#8204);
#6879=AXIS2_PLACEMENT_3D('',#10182,#8206,#8207);
#6880=AXIS2_PLACEMENT_3D('',#10184,#8209,#8210);
#6881=AXIS2_PLACEMENT_3D('',#10186,#8212,#8213);
#6882=AXIS2_PLACEMENT_3D('',#10187,#8214,#8215);
#6883=AXIS2_PLACEMENT_3D('',#10189,#8217,#8218);
#6884=AXIS2_PLACEMENT_3D('',#10192,#8221,#8222);
#6885=AXIS2_PLACEMENT_3D('',#10194,#8224,#8225);
#6886=AXIS2_PLACEMENT_3D('',#10196,#8227,#8228);
#6887=AXIS2_PLACEMENT_3D('',#10198,#8230,#8231);
#6888=AXIS2_PLACEMENT_3D('',#10200,#8233,#8234);
#6889=AXIS2_PLACEMENT_3D('',#10202,#8236,#8237);
#6890=AXIS2_PLACEMENT_3D('',#10204,#8239,#8240);
#6891=AXIS2_PLACEMENT_3D('',#10205,#8241,#8242);
#6892=AXIS2_PLACEMENT_3D('',#10208,#8245,#8246);
#6893=AXIS2_PLACEMENT_3D('',#10210,#8248,#8249);
#6894=AXIS2_PLACEMENT_3D('',#10212,#8251,#8252);
#6895=AXIS2_PLACEMENT_3D('',#10214,#8254,#8255);
#6896=AXIS2_PLACEMENT_3D('',#10216,#8257,#8258);
#6897=AXIS2_PLACEMENT_3D('',#10218,#8260,#8261);
#6898=AXIS2_PLACEMENT_3D('',#10220,#8263,#8264);
#6899=AXIS2_PLACEMENT_3D('',#10221,#8265,#8266);
#6900=AXIS2_PLACEMENT_3D('',#10224,#8269,#8270);
#6901=AXIS2_PLACEMENT_3D('',#10226,#8272,#8273);
#6902=AXIS2_PLACEMENT_3D('',#10228,#8275,#8276);
#6903=AXIS2_PLACEMENT_3D('',#10230,#8278,#8279);
#6904=AXIS2_PLACEMENT_3D('',#10232,#8281,#8282);
#6905=AXIS2_PLACEMENT_3D('',#10234,#8284,#8285);
#6906=AXIS2_PLACEMENT_3D('',#10236,#8287,#8288);
#6907=AXIS2_PLACEMENT_3D('',#10237,#8289,#8290);
#6908=AXIS2_PLACEMENT_3D('',#10240,#8293,#8294);
#6909=AXIS2_PLACEMENT_3D('',#10242,#8296,#8297);
#6910=AXIS2_PLACEMENT_3D('',#10244,#8299,#8300);
#6911=AXIS2_PLACEMENT_3D('',#10246,#8302,#8303);
#6912=AXIS2_PLACEMENT_3D('',#10248,#8305,#8306);
#6913=AXIS2_PLACEMENT_3D('',#10250,#8308,#8309);
#6914=AXIS2_PLACEMENT_3D('',#10252,#8311,#8312);
#6915=AXIS2_PLACEMENT_3D('',#10253,#8313,#8314);
#6916=AXIS2_PLACEMENT_3D('',#10256,#8317,#8318);
#6917=AXIS2_PLACEMENT_3D('',#10258,#8320,#8321);
#6918=AXIS2_PLACEMENT_3D('',#10260,#8323,#8324);
#6919=AXIS2_PLACEMENT_3D('',#10262,#8326,#8327);
#6920=AXIS2_PLACEMENT_3D('',#10264,#8329,#8330);
#6921=AXIS2_PLACEMENT_3D('',#10266,#8332,#8333);
#6922=AXIS2_PLACEMENT_3D('',#10268,#8335,#8336);
#6923=AXIS2_PLACEMENT_3D('',#10269,#8337,#8338);
#6924=AXIS2_PLACEMENT_3D('',#10271,#8340,#8341);
#6925=AXIS2_PLACEMENT_3D('',#10274,#8344,#8345);
#6926=AXIS2_PLACEMENT_3D('',#10276,#8347,#8348);
#6927=AXIS2_PLACEMENT_3D('',#10278,#8350,#8351);
#6928=AXIS2_PLACEMENT_3D('',#10280,#8353,#8354);
#6929=AXIS2_PLACEMENT_3D('',#10282,#8356,#8357);
#6930=AXIS2_PLACEMENT_3D('',#10284,#8359,#8360);
#6931=AXIS2_PLACEMENT_3D('',#10286,#8362,#8363);
#6932=AXIS2_PLACEMENT_3D('',#10287,#8364,#8365);
#6933=AXIS2_PLACEMENT_3D('',#10289,#8367,#8368);
#6934=AXIS2_PLACEMENT_3D('',#10292,#8371,#8372);
#6935=AXIS2_PLACEMENT_3D('',#10294,#8374,#8375);
#6936=AXIS2_PLACEMENT_3D('',#10296,#8377,#8378);
#6937=AXIS2_PLACEMENT_3D('',#10298,#8380,#8381);
#6938=AXIS2_PLACEMENT_3D('',#10300,#8383,#8384);
#6939=AXIS2_PLACEMENT_3D('',#10302,#8386,#8387);
#6940=AXIS2_PLACEMENT_3D('',#10304,#8389,#8390);
#6941=AXIS2_PLACEMENT_3D('',#10305,#8391,#8392);
#6942=AXIS2_PLACEMENT_3D('',#10308,#8395,#8396);
#6943=AXIS2_PLACEMENT_3D('',#10310,#8398,#8399);
#6944=AXIS2_PLACEMENT_3D('',#10312,#8401,#8402);
#6945=AXIS2_PLACEMENT_3D('',#10314,#8404,#8405);
#6946=AXIS2_PLACEMENT_3D('',#10316,#8407,#8408);
#6947=AXIS2_PLACEMENT_3D('',#10318,#8410,#8411);
#6948=AXIS2_PLACEMENT_3D('',#10320,#8413,#8414);
#6949=AXIS2_PLACEMENT_3D('',#10321,#8415,#8416);
#6950=AXIS2_PLACEMENT_3D('',#10324,#8419,#8420);
#6951=AXIS2_PLACEMENT_3D('',#10326,#8422,#8423);
#6952=AXIS2_PLACEMENT_3D('',#10328,#8425,#8426);
#6953=AXIS2_PLACEMENT_3D('',#10330,#8428,#8429);
#6954=AXIS2_PLACEMENT_3D('',#10332,#8431,#8432);
#6955=AXIS2_PLACEMENT_3D('',#10334,#8434,#8435);
#6956=AXIS2_PLACEMENT_3D('',#10336,#8437,#8438);
#6957=AXIS2_PLACEMENT_3D('',#10337,#8439,#8440);
#6958=AXIS2_PLACEMENT_3D('',#10346,#8445,#8446);
#6959=AXIS2_PLACEMENT_3D('',#10363,#8455,#8456);
#6960=AXIS2_PLACEMENT_3D('',#10369,#8460,#8461);
#6961=AXIS2_PLACEMENT_3D('',#10374,#8465,#8466);
#6962=AXIS2_PLACEMENT_3D('',#10378,#8469,#8470);
#6963=AXIS2_PLACEMENT_3D('',#10381,#8473,#8474);
#6964=AXIS2_PLACEMENT_3D('',#10390,#8479,#8480);
#6965=AXIS2_PLACEMENT_3D('',#10399,#8485,#8486);
#6966=AXIS2_PLACEMENT_3D('',#10410,#8492,#8493);
#6967=AXIS2_PLACEMENT_3D('',#10413,#8495,#8496);
#6968=AXIS2_PLACEMENT_3D('',#10414,#8497,#8498);
#6969=AXIS2_PLACEMENT_3D('',#10416,#8499,#8500);
#6970=AXIS2_PLACEMENT_3D('',#10420,#8502,#8503);
#6971=AXIS2_PLACEMENT_3D('',#10424,#8505,#8506);
#6972=AXIS2_PLACEMENT_3D('',#10430,#8509,#8510);
#6973=AXIS2_PLACEMENT_3D('',#10434,#8512,#8513);
#6974=AXIS2_PLACEMENT_3D('',#10438,#8515,#8516);
#6975=AXIS2_PLACEMENT_3D('',#10440,#8517,#8518);
#6976=AXIS2_PLACEMENT_3D('',#10448,#8522,#8523);
#6977=AXIS2_PLACEMENT_3D('',#10450,#8524,#8525);
#6978=AXIS2_PLACEMENT_3D('',#10454,#8527,#8528);
#6979=AXIS2_PLACEMENT_3D('',#10458,#8530,#8531);
#6980=AXIS2_PLACEMENT_3D('',#10464,#8534,#8535);
#6981=AXIS2_PLACEMENT_3D('',#10468,#8537,#8538);
#6982=AXIS2_PLACEMENT_3D('',#10472,#8540,#8541);
#6983=AXIS2_PLACEMENT_3D('',#10476,#8543,#8544);
#6984=AXIS2_PLACEMENT_3D('',#10480,#8546,#8547);
#6985=AXIS2_PLACEMENT_3D('',#10484,#8549,#8550);
#6986=AXIS2_PLACEMENT_3D('',#10488,#8552,#8553);
#6987=AXIS2_PLACEMENT_3D('',#10492,#8555,#8556);
#6988=AXIS2_PLACEMENT_3D('',#10498,#8559,#8560);
#6989=AXIS2_PLACEMENT_3D('',#10504,#8563,#8564);
#6990=AXIS2_PLACEMENT_3D('',#10508,#8566,#8567);
#6991=AXIS2_PLACEMENT_3D('',#10514,#8570,#8571);
#6992=AXIS2_PLACEMENT_3D('',#10520,#8574,#8575);
#6993=AXIS2_PLACEMENT_3D('',#10528,#8579,#8580);
#6994=AXIS2_PLACEMENT_3D('',#10532,#8582,#8583);
#6995=AXIS2_PLACEMENT_3D('',#10536,#8585,#8586);
#6996=AXIS2_PLACEMENT_3D('',#10540,#8588,#8589);
#6997=AXIS2_PLACEMENT_3D('',#10544,#8591,#8592);
#6998=AXIS2_PLACEMENT_3D('',#10548,#8594,#8595);
#6999=AXIS2_PLACEMENT_3D('',#10552,#8597,#8598);
#7000=AXIS2_PLACEMENT_3D('',#10556,#8600,#8601);
#7001=AXIS2_PLACEMENT_3D('',#10560,#8603,#8604);
#7002=AXIS2_PLACEMENT_3D('',#10564,#8606,#8607);
#7003=AXIS2_PLACEMENT_3D('',#10568,#8609,#8610);
#7004=AXIS2_PLACEMENT_3D('',#10570,#8611,#8612);
#7005=AXIS2_PLACEMENT_3D('',#10574,#8614,#8615);
#7006=AXIS2_PLACEMENT_3D('',#10578,#8617,#8618);
#7007=AXIS2_PLACEMENT_3D('',#10582,#8620,#8621);
#7008=AXIS2_PLACEMENT_3D('',#10584,#8622,#8623);
#7009=AXIS2_PLACEMENT_3D('',#10588,#8626,#8627);
#7010=AXIS2_PLACEMENT_3D('',#10589,#8628,#8629);
#7011=AXIS2_PLACEMENT_3D('',#10593,#8632,#8633);
#7012=AXIS2_PLACEMENT_3D('',#10597,#8636,#8637);
#7013=AXIS2_PLACEMENT_3D('',#10603,#8640,#8641);
#7014=AXIS2_PLACEMENT_3D('',#10607,#8643,#8644);
#7015=AXIS2_PLACEMENT_3D('',#10611,#8646,#8647);
#7016=AXIS2_PLACEMENT_3D('',#10615,#8649,#8650);
#7017=AXIS2_PLACEMENT_3D('',#10621,#8653,#8654);
#7018=AXIS2_PLACEMENT_3D('',#10625,#8656,#8657);
#7019=AXIS2_PLACEMENT_3D('',#10629,#8659,#8660);
#7020=AXIS2_PLACEMENT_3D('',#10631,#8661,#8662);
#7021=AXIS2_PLACEMENT_3D('',#10639,#8666,#8667);
#7022=AXIS2_PLACEMENT_3D('',#10641,#8668,#8669);
#7023=AXIS2_PLACEMENT_3D('',#10645,#8671,#8672);
#7024=AXIS2_PLACEMENT_3D('',#10649,#8674,#8675);
#7025=AXIS2_PLACEMENT_3D('',#10655,#8678,#8679);
#7026=AXIS2_PLACEMENT_3D('',#10659,#8681,#8682);
#7027=AXIS2_PLACEMENT_3D('',#10662,#8684,#8685);
#7028=AXIS2_PLACEMENT_3D('',#10663,#8686,#8687);
#7029=AXIS2_PLACEMENT_3D('',#10664,#8688,#8689);
#7030=AXIS2_PLACEMENT_3D('',#10668,#8692,#8693);
#7031=AXIS2_PLACEMENT_3D('',#10671,#8695,#8696);
#7032=AXIS2_PLACEMENT_3D('',#10672,#8697,#8698);
#7033=AXIS2_PLACEMENT_3D('',#10676,#8701,#8702);
#7034=AXIS2_PLACEMENT_3D('',#10679,#8704,#8705);
#7035=AXIS2_PLACEMENT_3D('',#10680,#8706,#8707);
#7036=AXIS2_PLACEMENT_3D('',#10684,#8710,#8711);
#7037=AXIS2_PLACEMENT_3D('',#10690,#8715,#8716);
#7038=AXIS2_PLACEMENT_3D('',#10694,#8719,#8720);
#7039=AXIS2_PLACEMENT_3D('',#10698,#8723,#8724);
#7040=AXIS2_PLACEMENT_3D('',#10700,#8725,#8726);
#7041=AXIS2_PLACEMENT_3D('',#10702,#8728,#8729);
#7042=AXIS2_PLACEMENT_3D('',#10706,#8732,#8733);
#7043=AXIS2_PLACEMENT_3D('',#10708,#8734,#8735);
#7044=AXIS2_PLACEMENT_3D('',#10710,#8737,#8738);
#7045=AXIS2_PLACEMENT_3D('',#10714,#8741,#8742);
#7046=AXIS2_PLACEMENT_3D('',#10716,#8743,#8744);
#7047=AXIS2_PLACEMENT_3D('',#10718,#8746,#8747);
#7048=AXIS2_PLACEMENT_3D('',#10722,#8750,#8751);
#7049=AXIS2_PLACEMENT_3D('',#10724,#8752,#8753);
#7050=AXIS2_PLACEMENT_3D('',#10726,#8755,#8756);
#7051=AXIS2_PLACEMENT_3D('',#10730,#8759,#8760);
#7052=AXIS2_PLACEMENT_3D('',#10732,#8761,#8762);
#7053=AXIS2_PLACEMENT_3D('',#10734,#8764,#8765);
#7054=AXIS2_PLACEMENT_3D('',#10738,#8768,#8769);
#7055=AXIS2_PLACEMENT_3D('',#10740,#8770,#8771);
#7056=AXIS2_PLACEMENT_3D('',#10742,#8773,#8774);
#7057=AXIS2_PLACEMENT_3D('',#10746,#8777,#8778);
#7058=AXIS2_PLACEMENT_3D('',#10748,#8779,#8780);
#7059=AXIS2_PLACEMENT_3D('',#10750,#8782,#8783);
#7060=AXIS2_PLACEMENT_3D('',#10754,#8786,#8787);
#7061=AXIS2_PLACEMENT_3D('',#10756,#8788,#8789);
#7062=AXIS2_PLACEMENT_3D('',#10758,#8791,#8792);
#7063=AXIS2_PLACEMENT_3D('',#10762,#8795,#8796);
#7064=AXIS2_PLACEMENT_3D('',#10764,#8797,#8798);
#7065=AXIS2_PLACEMENT_3D('',#10766,#8800,#8801);
#7066=AXIS2_PLACEMENT_3D('',#10770,#8804,#8805);
#7067=AXIS2_PLACEMENT_3D('',#10772,#8806,#8807);
#7068=AXIS2_PLACEMENT_3D('',#10774,#8809,#8810);
#7069=AXIS2_PLACEMENT_3D('',#10778,#8813,#8814);
#7070=AXIS2_PLACEMENT_3D('',#10780,#8815,#8816);
#7071=AXIS2_PLACEMENT_3D('',#10782,#8818,#8819);
#7072=AXIS2_PLACEMENT_3D('',#10784,#8820,#8821);
#7073=AXIS2_PLACEMENT_3D('',#10786,#8823,#8824);
#7074=AXIS2_PLACEMENT_3D('',#10790,#8827,#8828);
#7075=AXIS2_PLACEMENT_3D('',#10792,#8829,#8830);
#7076=AXIS2_PLACEMENT_3D('',#10794,#8832,#8833);
#7077=AXIS2_PLACEMENT_3D('',#10798,#8836,#8837);
#7078=AXIS2_PLACEMENT_3D('',#10800,#8838,#8839);
#7079=AXIS2_PLACEMENT_3D('',#10802,#8841,#8842);
#7080=AXIS2_PLACEMENT_3D('',#10806,#8845,#8846);
#7081=AXIS2_PLACEMENT_3D('',#10808,#8847,#8848);
#7082=AXIS2_PLACEMENT_3D('',#10810,#8850,#8851);
#7083=AXIS2_PLACEMENT_3D('',#10811,#8852,#8853);
#7084=AXIS2_PLACEMENT_3D('',#10812,#8854,#8855);
#7085=AXIS2_PLACEMENT_3D('',#10813,#8856,#8857);
#7086=AXIS2_PLACEMENT_3D('',#10815,#8859,#8860);
#7087=AXIS2_PLACEMENT_3D('',#10817,#8862,#8863);
#7088=AXIS2_PLACEMENT_3D('',#10819,#8865,#8866);
#7089=AXIS2_PLACEMENT_3D('',#10821,#8868,#8869);
#7090=AXIS2_PLACEMENT_3D('',#10823,#8871,#8872);
#7091=AXIS2_PLACEMENT_3D('',#10825,#8874,#8875);
#7092=AXIS2_PLACEMENT_3D('',#10827,#8877,#8878);
#7093=AXIS2_PLACEMENT_3D('',#10829,#8880,#8881);
#7094=AXIS2_PLACEMENT_3D('',#10831,#8883,#8884);
#7095=AXIS2_PLACEMENT_3D('',#10833,#8886,#8887);
#7096=AXIS2_PLACEMENT_3D('',#10835,#8889,#8890);
#7097=AXIS2_PLACEMENT_3D('',#10837,#8892,#8893);
#7098=AXIS2_PLACEMENT_3D('',#10839,#8895,#8896);
#7099=AXIS2_PLACEMENT_3D('',#10841,#8898,#8899);
#7100=AXIS2_PLACEMENT_3D('',#10843,#8901,#8902);
#7101=AXIS2_PLACEMENT_3D('',#10845,#8904,#8905);
#7102=AXIS2_PLACEMENT_3D('',#10847,#8907,#8908);
#7103=AXIS2_PLACEMENT_3D('',#10849,#8910,#8911);
#7104=AXIS2_PLACEMENT_3D('',#10851,#8913,#8914);
#7105=AXIS2_PLACEMENT_3D('',#10853,#8916,#8917);
#7106=AXIS2_PLACEMENT_3D('',#10855,#8919,#8920);
#7107=AXIS2_PLACEMENT_3D('',#10857,#8922,#8923);
#7108=AXIS2_PLACEMENT_3D('',#10859,#8925,#8926);
#7109=AXIS2_PLACEMENT_3D('',#10861,#8928,#8929);
#7110=AXIS2_PLACEMENT_3D('',#10863,#8931,#8932);
#7111=AXIS2_PLACEMENT_3D('',#10865,#8934,#8935);
#7112=AXIS2_PLACEMENT_3D('',#10867,#8937,#8938);
#7113=AXIS2_PLACEMENT_3D('',#10869,#8940,#8941);
#7114=AXIS2_PLACEMENT_3D('',#10871,#8943,#8944);
#7115=AXIS2_PLACEMENT_3D('',#10873,#8946,#8947);
#7116=AXIS2_PLACEMENT_3D('',#10875,#8949,#8950);
#7117=AXIS2_PLACEMENT_3D('',#10879,#8953,#8954);
#7118=AXIS2_PLACEMENT_3D('',#10881,#8955,#8956);
#7119=AXIS2_PLACEMENT_3D('',#10883,#8958,#8959);
#7120=AXIS2_PLACEMENT_3D('',#10887,#8962,#8963);
#7121=AXIS2_PLACEMENT_3D('',#10889,#8964,#8965);
#7122=AXIS2_PLACEMENT_3D('',#10891,#8967,#8968);
#7123=AXIS2_PLACEMENT_3D('',#10895,#8971,#8972);
#7124=AXIS2_PLACEMENT_3D('',#10897,#8973,#8974);
#7125=AXIS2_PLACEMENT_3D('',#10899,#8976,#8977);
#7126=AXIS2_PLACEMENT_3D('',#10903,#8980,#8981);
#7127=AXIS2_PLACEMENT_3D('',#10905,#8982,#8983);
#7128=AXIS2_PLACEMENT_3D('',#10907,#8985,#8986);
#7129=AXIS2_PLACEMENT_3D('',#10911,#8989,#8990);
#7130=AXIS2_PLACEMENT_3D('',#10915,#8993,#8994);
#7131=AXIS2_PLACEMENT_3D('',#10917,#8995,#8996);
#7132=AXIS2_PLACEMENT_3D('',#10919,#8998,#8999);
#7133=AXIS2_PLACEMENT_3D('',#10923,#9002,#9003);
#7134=AXIS2_PLACEMENT_3D('',#10927,#9006,#9007);
#7135=AXIS2_PLACEMENT_3D('',#10929,#9008,#9009);
#7136=AXIS2_PLACEMENT_3D('',#10931,#9011,#9012);
#7137=AXIS2_PLACEMENT_3D('',#10935,#9015,#9016);
#7138=AXIS2_PLACEMENT_3D('',#10937,#9017,#9018);
#7139=AXIS2_PLACEMENT_3D('',#10939,#9020,#9021);
#7140=AXIS2_PLACEMENT_3D('',#10943,#9024,#9025);
#7141=AXIS2_PLACEMENT_3D('',#10947,#9028,#9029);
#7142=AXIS2_PLACEMENT_3D('',#10949,#9030,#9031);
#7143=AXIS2_PLACEMENT_3D('',#10951,#9033,#9034);
#7144=AXIS2_PLACEMENT_3D('',#10955,#9037,#9038);
#7145=AXIS2_PLACEMENT_3D('',#10959,#9041,#9042);
#7146=AXIS2_PLACEMENT_3D('',#10960,#9043,#9044);
#7147=AXIS2_PLACEMENT_3D('',#10961,#9045,#9046);
#7148=AXIS2_PLACEMENT_3D('',#10962,#9047,#9048);
#7149=DIRECTION('axis',(0.,0.,1.));
#7150=DIRECTION('refdir',(1.,0.,0.));
#7151=DIRECTION('axis',(0.,0.,1.));
#7152=DIRECTION('refdir',(1.,0.,0.));
#7153=DIRECTION('center_axis',(-1.,0.,0.));
#7154=DIRECTION('ref_axis',(0.,1.,0.));
#7155=DIRECTION('',(0.,-1.,0.));
#7156=DIRECTION('',(0.,0.,-1.));
#7157=DIRECTION('',(0.,1.,0.));
#7158=DIRECTION('',(0.,0.,-1.));
#7159=DIRECTION('center_axis',(0.,-1.,0.));
#7160=DIRECTION('ref_axis',(-1.,0.,0.));
#7161=DIRECTION('',(1.,0.,0.));
#7162=DIRECTION('',(-1.,0.,0.));
#7163=DIRECTION('',(0.,0.,-1.));
#7164=DIRECTION('center_axis',(1.,0.,0.));
#7165=DIRECTION('ref_axis',(0.,-1.,0.));
#7166=DIRECTION('',(0.,1.,0.));
#7167=DIRECTION('',(0.,-1.,0.));
#7168=DIRECTION('',(0.,0.,-1.));
#7169=DIRECTION('center_axis',(0.,1.,0.));
#7170=DIRECTION('ref_axis',(1.,0.,0.));
#7171=DIRECTION('',(-1.,0.,0.));
#7172=DIRECTION('',(1.,0.,0.));
#7173=DIRECTION('center_axis',(0.,-1.,0.));
#7174=DIRECTION('ref_axis',(-1.,0.,0.));
#7175=DIRECTION('',(1.,0.,0.));
#7176=DIRECTION('',(0.,0.,-1.));
#7177=DIRECTION('',(-1.,0.,0.));
#7178=DIRECTION('',(0.,0.,-1.));
#7179=DIRECTION('center_axis',(1.,0.,0.));
#7180=DIRECTION('ref_axis',(0.,-1.,0.));
#7181=DIRECTION('',(0.,1.,0.));
#7182=DIRECTION('',(0.,-1.,0.));
#7183=DIRECTION('',(0.,0.,1.));
#7184=DIRECTION('center_axis',(-1.,0.,0.));
#7185=DIRECTION('ref_axis',(0.,1.,0.));
#7186=DIRECTION('',(0.,-1.,0.));
#7187=DIRECTION('',(0.,0.,-1.));
#7188=DIRECTION('',(0.,1.,0.));
#7189=DIRECTION('center_axis',(-4.32086795283265E-15,1.,0.));
#7190=DIRECTION('ref_axis',(1.,4.32086795283265E-15,0.));
#7191=DIRECTION('',(-1.,-4.32086795283265E-15,0.));
#7192=DIRECTION('',(0.,0.,-1.));
#7193=DIRECTION('',(1.,4.32086795283265E-15,0.));
#7194=DIRECTION('center_axis',(0.,0.,1.));
#7195=DIRECTION('ref_axis',(1.,0.,0.));
#7196=DIRECTION('center_axis',(0.,0.,1.));
#7197=DIRECTION('ref_axis',(-7.47080557999161E-7,-0.999999999999721,0.));
#7198=DIRECTION('center_axis',(0.,0.,-1.));
#7199=DIRECTION('ref_axis',(5.33621707993045E-7,0.999999999999858,0.));
#7200=DIRECTION('',(1.,9.92669981038976E-15,0.));
#7201=DIRECTION('center_axis',(0.,0.,1.));
#7202=DIRECTION('ref_axis',(-7.47075558288581E-7,-0.999999999999721,0.));
#7203=DIRECTION('',(1.04360995500995E-13,1.,0.));
#7204=DIRECTION('center_axis',(0.,0.,-1.));
#7205=DIRECTION('ref_axis',(5.33625274982917E-7,0.999999999999858,0.));
#7206=DIRECTION('',(1.,-6.24002240213921E-14,0.));
#7207=DIRECTION('center_axis',(0.,0.,-1.));
#7208=DIRECTION('ref_axis',(0.999999999996443,2.66713890022105E-6,0.));
#7209=DIRECTION('center_axis',(0.,0.,1.));
#7210=DIRECTION('ref_axis',(-0.999999999996443,-2.66713891298855E-6,0.));
#7211=DIRECTION('',(1.,-6.09036641051432E-15,0.));
#7212=DIRECTION('center_axis',(0.,0.,-1.));
#7213=DIRECTION('ref_axis',(0.999999999999858,-5.33625270224821E-7,0.));
#7214=DIRECTION('',(2.10942366799285E-14,-1.,0.));
#7215=DIRECTION('center_axis',(0.,0.,1.));
#7216=DIRECTION('ref_axis',(-0.999999999999721,7.47075554587844E-7,0.));
#7217=DIRECTION('',(1.,-6.26949483750174E-15,0.));
#7218=DIRECTION('center_axis',(0.,0.,-1.));
#7219=DIRECTION('ref_axis',(0.999999999999858,-5.33625276568954E-7,0.));
#7220=DIRECTION('',(1.33226759637337E-14,-1.,0.));
#7221=DIRECTION('center_axis',(0.,0.,1.));
#7222=DIRECTION('ref_axis',(-0.999999999999721,7.47075561989329E-7,0.));
#7223=DIRECTION('',(1.,-7.31441064375204E-15,0.));
#7224=DIRECTION('center_axis',(0.,0.,-1.));
#7225=DIRECTION('ref_axis',(0.999999999999858,-5.33625286085163E-7,0.));
#7226=DIRECTION('',(1.32506619360579E-13,-1.,0.));
#7227=DIRECTION('center_axis',(0.,0.,-1.));
#7228=DIRECTION('ref_axis',(-5.33625371729075E-7,-0.999999999999858,0.));
#7229=DIRECTION('',(-1.,2.84086474836814E-13,0.));
#7230=DIRECTION('center_axis',(0.,0.,1.));
#7231=DIRECTION('ref_axis',(7.47075554587841E-7,0.999999999999721,0.));
#7232=DIRECTION('',(1.63128786000753E-12,-1.,0.));
#7233=DIRECTION('center_axis',(0.,0.,-1.));
#7234=DIRECTION('ref_axis',(-5.33625352696668E-7,-0.999999999999858,0.));
#7235=DIRECTION('',(-1.,2.3569222110911E-13,0.));
#7236=DIRECTION('center_axis',(0.,0.,1.));
#7237=DIRECTION('ref_axis',(7.4707556198934E-7,0.999999999999721,0.));
#7238=DIRECTION('',(3.36895269587897E-13,-1.,0.));
#7239=DIRECTION('center_axis',(0.,0.,-1.));
#7240=DIRECTION('ref_axis',(-5.33625714312362E-7,-0.999999999999858,0.));
#7241=DIRECTION('',(-1.,1.4616880383629E-12,0.));
#7242=DIRECTION('center_axis',(0.,0.,-1.));
#7243=DIRECTION('ref_axis',(-0.999999999999858,5.33621707993044E-7,0.));
#7244=DIRECTION('',(-7.50017322229912E-15,1.,0.));
#7245=DIRECTION('center_axis',(0.,0.,1.));
#7246=DIRECTION('ref_axis',(0.999999999999721,-7.47080557999172E-7,0.));
#7247=DIRECTION('',(-1.,1.07370901579627E-13,0.));
#7248=DIRECTION('center_axis',(0.,0.,1.));
#7249=DIRECTION('ref_axis',(7.4707055857801E-7,0.999999999999721,0.));
#7250=DIRECTION('center_axis',(0.,0.,-1.));
#7251=DIRECTION('ref_axis',(-5.33628851487099E-7,-0.999999999999858,0.));
#7252=DIRECTION('',(-1.,-1.37678657087413E-14,0.));
#7253=DIRECTION('center_axis',(0.,0.,1.));
#7254=DIRECTION('ref_axis',(2.08744007101487E-7,0.999999999999978,0.));
#7255=DIRECTION('',(0.258819055785218,-0.965925823426648,0.));
#7256=DIRECTION('center_axis',(0.,0.,-1.));
#7257=DIRECTION('ref_axis',(0.258830370269794,-0.965922791648484,0.));
#7258=DIRECTION('',(-0.96592582656477,-0.258819044073587,0.));
#7259=DIRECTION('',(-0.86602541779072,-0.499999975740408,0.));
#7260=DIRECTION('center_axis',(0.,0.,-1.));
#7261=DIRECTION('ref_axis',(-0.866011972921611,-0.500023262215288,0.));
#7262=DIRECTION('',(-0.499999997618737,0.866025405159262,0.));
#7263=DIRECTION('center_axis',(0.,0.,-1.));
#7264=DIRECTION('ref_axis',(-0.499999362865057,0.866025771634157,0.));
#7265=DIRECTION('',(0.86602541722977,0.499999976712003,0.));
#7266=DIRECTION('center_axis',(0.,0.,1.));
#7267=DIRECTION('ref_axis',(0.500000327681326,-0.866025214597454,0.));
#7268=DIRECTION('',(8.44002329364702E-14,1.,0.));
#7269=DIRECTION('center_axis',(0.,0.,-1.));
#7270=DIRECTION('ref_axis',(5.33621698476833E-7,0.999999999999858,0.));
#7271=DIRECTION('',(1.,4.32086795283265E-15,0.));
#7272=DIRECTION('center_axis',(0.,0.,1.));
#7273=DIRECTION('ref_axis',(-4.18456958585502E-6,0.999999999991245,0.));
#7274=DIRECTION('',(0.,-1.,0.));
#7275=DIRECTION('center_axis',(0.,0.,1.));
#7276=DIRECTION('ref_axis',(-0.999999999991245,-4.18456956611802E-6,0.));
#7277=DIRECTION('',(1.,0.,0.));
#7278=DIRECTION('center_axis',(0.,0.,1.));
#7279=DIRECTION('ref_axis',(4.18456960559302E-6,-0.999999999991245,0.));
#7280=DIRECTION('',(0.,1.,0.));
#7281=DIRECTION('center_axis',(0.,0.,1.));
#7282=DIRECTION('ref_axis',(0.999999999991245,4.18456964506702E-6,0.));
#7283=DIRECTION('',(-1.,0.,0.));
#7284=DIRECTION('center_axis',(0.,0.,1.));
#7285=DIRECTION('ref_axis',(-4.18456960559302E-6,0.999999999991245,0.));
#7286=DIRECTION('',(0.,-1.,0.));
#7287=DIRECTION('center_axis',(0.,0.,1.));
#7288=DIRECTION('ref_axis',(-0.999999999991245,-4.18456957598702E-6,0.));
#7289=DIRECTION('',(1.,0.,0.));
#7290=DIRECTION('center_axis',(0.,0.,1.));
#7291=DIRECTION('ref_axis',(4.18456961546102E-6,-0.999999999991245,0.));
#7292=DIRECTION('',(0.,1.,0.));
#7293=DIRECTION('center_axis',(0.,0.,1.));
#7294=DIRECTION('ref_axis',(0.999999999991245,4.18456964506702E-6,0.));
#7295=DIRECTION('',(-1.,0.,0.));
#7296=DIRECTION('center_axis',(0.,0.,1.));
#7297=DIRECTION('ref_axis',(-4.18456960898503E-6,0.999999999991245,0.));
#7298=DIRECTION('',(0.,-1.,0.));
#7299=DIRECTION('center_axis',(0.,0.,1.));
#7300=DIRECTION('ref_axis',(-0.999999999991245,-4.18456957598702E-6,0.));
#7301=DIRECTION('',(1.,0.,0.));
#7302=DIRECTION('center_axis',(0.,0.,1.));
#7303=DIRECTION('ref_axis',(4.18456958585602E-6,-0.999999999991245,0.));
#7304=DIRECTION('',(0.,1.,0.));
#7305=DIRECTION('center_axis',(0.,0.,1.));
#7306=DIRECTION('ref_axis',(0.999999999991245,4.18456960559302E-6,0.));
#7307=DIRECTION('',(-1.,0.,0.));
#7308=DIRECTION('center_axis',(0.,0.,-1.));
#7309=DIRECTION('ref_axis',(0.,-1.,0.));
#7310=DIRECTION('center_axis',(0.,0.,1.));
#7311=DIRECTION('ref_axis',(-4.18456956611802E-6,0.999999999991245,0.));
#7312=DIRECTION('',(0.,-1.,0.));
#7313=DIRECTION('center_axis',(0.,0.,1.));
#7314=DIRECTION('ref_axis',(-0.999999999991245,-4.18456956611802E-6,0.));
#7315=DIRECTION('',(1.,0.,0.));
#7316=DIRECTION('center_axis',(0.,0.,1.));
#7317=DIRECTION('ref_axis',(4.18456954638102E-6,-0.999999999991245,0.));
#7318=DIRECTION('',(0.,1.,0.));
#7319=DIRECTION('center_axis',(0.,0.,1.));
#7320=DIRECTION('ref_axis',(0.999999999991245,4.18456955625002E-6,0.));
#7321=DIRECTION('',(-1.,0.,0.));
#7322=DIRECTION('center_axis',(0.,0.,-1.));
#7323=DIRECTION('ref_axis',(0.,-1.,0.));
#7324=DIRECTION('center_axis',(0.,0.,1.));
#7325=DIRECTION('ref_axis',(-4.18456956611802E-6,0.999999999991245,0.));
#7326=DIRECTION('',(0.,-1.,0.));
#7327=DIRECTION('center_axis',(0.,0.,1.));
#7328=DIRECTION('ref_axis',(-0.999999999991245,-4.18456956519302E-6,0.));
#7329=DIRECTION('',(1.,0.,0.));
#7330=DIRECTION('center_axis',(0.,0.,1.));
#7331=DIRECTION('ref_axis',(4.18456960559302E-6,-0.999999999991245,0.));
#7332=DIRECTION('',(0.,1.,0.));
#7333=DIRECTION('center_axis',(0.,0.,1.));
#7334=DIRECTION('ref_axis',(0.999999999991245,4.18456961052702E-6,0.));
#7335=DIRECTION('',(-1.,0.,0.));
#7336=DIRECTION('center_axis',(0.,0.,1.));
#7337=DIRECTION('ref_axis',(-4.18456957598702E-6,0.999999999991245,0.));
#7338=DIRECTION('',(0.,-1.,0.));
#7339=DIRECTION('center_axis',(0.,0.,1.));
#7340=DIRECTION('ref_axis',(-0.999999999991245,-4.18456958585602E-6,0.));
#7341=DIRECTION('',(1.,0.,0.));
#7342=DIRECTION('center_axis',(0.,0.,1.));
#7343=DIRECTION('ref_axis',(4.18456961546102E-6,-0.999999999991245,0.));
#7344=DIRECTION('',(0.,1.,0.));
#7345=DIRECTION('center_axis',(0.,0.,1.));
#7346=DIRECTION('ref_axis',(0.999999999991245,4.18456960559302E-6,0.));
#7347=DIRECTION('',(-1.,0.,0.));
#7348=DIRECTION('center_axis',(0.,0.,1.));
#7349=DIRECTION('ref_axis',(-4.18456958184603E-6,0.999999999991245,0.));
#7350=DIRECTION('',(0.,-1.,0.));
#7351=DIRECTION('center_axis',(0.,0.,1.));
#7352=DIRECTION('ref_axis',(-0.999999999991245,-4.18456958585602E-6,0.));
#7353=DIRECTION('',(1.,0.,0.));
#7354=DIRECTION('center_axis',(0.,0.,1.));
#7355=DIRECTION('ref_axis',(4.18456958585602E-6,-0.999999999991245,0.));
#7356=DIRECTION('',(0.,1.,0.));
#7357=DIRECTION('center_axis',(0.,0.,1.));
#7358=DIRECTION('ref_axis',(0.999999999991245,4.18456957598702E-6,0.));
#7359=DIRECTION('',(-1.,0.,0.));
#7360=DIRECTION('center_axis',(0.,0.,1.));
#7361=DIRECTION('ref_axis',(-4.18456960559302E-6,0.999999999991245,0.));
#7362=DIRECTION('',(0.,-1.,0.));
#7363=DIRECTION('center_axis',(0.,0.,1.));
#7364=DIRECTION('ref_axis',(-0.999999999991245,-4.18456957598702E-6,0.));
#7365=DIRECTION('',(1.,0.,0.));
#7366=DIRECTION('center_axis',(0.,0.,1.));
#7367=DIRECTION('ref_axis',(4.18456957845402E-6,-0.999999999991245,0.));
#7368=DIRECTION('',(0.,1.,0.));
#7369=DIRECTION('center_axis',(0.,0.,1.));
#7370=DIRECTION('ref_axis',(0.999999999991245,4.18456960559302E-6,0.));
#7371=DIRECTION('',(-1.,0.,0.));
#7372=DIRECTION('center_axis',(0.,0.,1.));
#7373=DIRECTION('ref_axis',(-4.18456958585502E-6,0.999999999991245,0.));
#7374=DIRECTION('',(0.,-1.,0.));
#7375=DIRECTION('center_axis',(0.,0.,1.));
#7376=DIRECTION('ref_axis',(-0.999999999991245,-4.18456956611802E-6,0.));
#7377=DIRECTION('',(1.,0.,0.));
#7378=DIRECTION('center_axis',(0.,0.,1.));
#7379=DIRECTION('ref_axis',(4.18456957598702E-6,-0.999999999991245,0.));
#7380=DIRECTION('',(0.,1.,0.));
#7381=DIRECTION('center_axis',(0.,0.,1.));
#7382=DIRECTION('ref_axis',(0.999999999991245,4.18456960559302E-6,0.));
#7383=DIRECTION('',(-1.,0.,0.));
#7384=DIRECTION('center_axis',(0.,0.,-1.));
#7385=DIRECTION('ref_axis',(0.,-1.,0.));
#7386=DIRECTION('center_axis',(0.,0.,1.));
#7387=DIRECTION('ref_axis',(-4.18456957598702E-6,0.999999999991245,0.));
#7388=DIRECTION('',(0.,-1.,0.));
#7389=DIRECTION('center_axis',(0.,0.,1.));
#7390=DIRECTION('ref_axis',(-0.999999999991245,-4.18456958338802E-6,0.));
#7391=DIRECTION('',(1.,0.,0.));
#7392=DIRECTION('center_axis',(0.,0.,1.));
#7393=DIRECTION('ref_axis',(4.18456957845402E-6,-0.999999999991245,0.));
#7394=DIRECTION('',(0.,1.,0.));
#7395=DIRECTION('center_axis',(0.,0.,1.));
#7396=DIRECTION('ref_axis',(0.999999999991245,4.18456957598702E-6,0.));
#7397=DIRECTION('',(-1.,0.,0.));
#7398=DIRECTION('center_axis',(0.,0.,1.));
#7399=DIRECTION('ref_axis',(-4.18456956611802E-6,0.999999999991245,0.));
#7400=DIRECTION('',(0.,-1.,0.));
#7401=DIRECTION('center_axis',(0.,0.,1.));
#7402=DIRECTION('ref_axis',(-0.999999999991245,-4.18456956611802E-6,0.));
#7403=DIRECTION('',(1.,0.,0.));
#7404=DIRECTION('center_axis',(0.,0.,1.));
#7405=DIRECTION('ref_axis',(4.18456957598702E-6,-0.999999999991245,0.));
#7406=DIRECTION('',(0.,1.,0.));
#7407=DIRECTION('center_axis',(0.,0.,1.));
#7408=DIRECTION('ref_axis',(0.999999999991245,4.18456957598702E-6,0.));
#7409=DIRECTION('',(-1.,0.,0.));
#7410=DIRECTION('center_axis',(0.,0.,1.));
#7411=DIRECTION('ref_axis',(-4.18456956611802E-6,0.999999999991245,0.));
#7412=DIRECTION('',(0.,-1.,0.));
#7413=DIRECTION('center_axis',(0.,0.,1.));
#7414=DIRECTION('ref_axis',(-0.999999999991245,-4.18456956611802E-6,0.));
#7415=DIRECTION('',(1.,0.,0.));
#7416=DIRECTION('center_axis',(0.,0.,1.));
#7417=DIRECTION('ref_axis',(4.18456954638102E-6,-0.999999999991245,0.));
#7418=DIRECTION('',(0.,1.,0.));
#7419=DIRECTION('center_axis',(0.,0.,1.));
#7420=DIRECTION('ref_axis',(0.999999999991245,4.18456955625002E-6,0.));
#7421=DIRECTION('',(-1.,0.,0.));
#7422=DIRECTION('center_axis',(0.,0.,1.));
#7423=DIRECTION('ref_axis',(-4.18456956611802E-6,0.999999999991245,0.));
#7424=DIRECTION('',(0.,-1.,0.));
#7425=DIRECTION('center_axis',(0.,0.,1.));
#7426=DIRECTION('ref_axis',(-0.999999999991245,-4.18456956611802E-6,0.));
#7427=DIRECTION('',(1.,0.,0.));
#7428=DIRECTION('center_axis',(0.,0.,1.));
#7429=DIRECTION('ref_axis',(4.18456960559302E-6,-0.999999999991245,0.));
#7430=DIRECTION('',(0.,1.,0.));
#7431=DIRECTION('center_axis',(0.,0.,1.));
#7432=DIRECTION('ref_axis',(0.999999999991245,4.18456960559302E-6,0.));
#7433=DIRECTION('',(-1.,0.,0.));
#7434=DIRECTION('center_axis',(0.,0.,1.));
#7435=DIRECTION('ref_axis',(-4.18456957598702E-6,0.999999999991245,0.));
#7436=DIRECTION('',(0.,-1.,0.));
#7437=DIRECTION('center_axis',(0.,0.,1.));
#7438=DIRECTION('ref_axis',(-0.999999999991245,-4.18456958585602E-6,0.));
#7439=DIRECTION('',(1.,0.,0.));
#7440=DIRECTION('center_axis',(0.,0.,1.));
#7441=DIRECTION('ref_axis',(4.18456961546102E-6,-0.999999999991245,0.));
#7442=DIRECTION('',(0.,1.,0.));
#7443=DIRECTION('center_axis',(0.,0.,1.));
#7444=DIRECTION('ref_axis',(0.999999999991245,4.18456960682602E-6,0.));
#7445=DIRECTION('',(-1.,0.,0.));
#7446=DIRECTION('center_axis',(0.,0.,1.));
#7447=DIRECTION('ref_axis',(-4.18456958123002E-6,0.999999999991245,0.));
#7448=DIRECTION('',(0.,-1.,0.));
#7449=DIRECTION('center_axis',(0.,0.,1.));
#7450=DIRECTION('ref_axis',(-0.999999999991245,-4.18456958585602E-6,0.));
#7451=DIRECTION('',(1.,0.,0.));
#7452=DIRECTION('center_axis',(0.,0.,1.));
#7453=DIRECTION('ref_axis',(4.18456958585602E-6,-0.999999999991245,0.));
#7454=DIRECTION('',(0.,1.,0.));
#7455=DIRECTION('center_axis',(0.,0.,1.));
#7456=DIRECTION('ref_axis',(0.999999999991245,4.18456957845402E-6,0.));
#7457=DIRECTION('',(-1.,0.,0.));
#7458=DIRECTION('center_axis',(0.,0.,1.));
#7459=DIRECTION('ref_axis',(-4.18456957598702E-6,0.999999999991245,0.));
#7460=DIRECTION('',(0.,-1.,0.));
#7461=DIRECTION('center_axis',(0.,0.,1.));
#7462=DIRECTION('ref_axis',(-0.999999999991245,-4.18456958585602E-6,0.));
#7463=DIRECTION('',(1.,0.,0.));
#7464=DIRECTION('center_axis',(0.,0.,1.));
#7465=DIRECTION('ref_axis',(4.18456957845402E-6,-0.999999999991245,0.));
#7466=DIRECTION('',(0.,1.,0.));
#7467=DIRECTION('center_axis',(0.,0.,1.));
#7468=DIRECTION('ref_axis',(0.999999999991245,4.18456958277202E-6,0.));
#7469=DIRECTION('',(-1.,0.,0.));
#7470=DIRECTION('center_axis',(0.,0.,1.));
#7471=DIRECTION('ref_axis',(-4.18456956611802E-6,0.999999999991245,0.));
#7472=DIRECTION('',(0.,-1.,0.));
#7473=DIRECTION('center_axis',(0.,0.,1.));
#7474=DIRECTION('ref_axis',(-0.999999999991245,-4.18456956611802E-6,0.));
#7475=DIRECTION('',(1.,0.,0.));
#7476=DIRECTION('center_axis',(0.,0.,1.));
#7477=DIRECTION('ref_axis',(4.18456957598702E-6,-0.999999999991245,0.));
#7478=DIRECTION('',(0.,1.,0.));
#7479=DIRECTION('center_axis',(0.,0.,1.));
#7480=DIRECTION('ref_axis',(0.999999999991245,4.18456958188503E-6,0.));
#7481=DIRECTION('',(-1.,0.,0.));
#7482=DIRECTION('center_axis',(0.,0.,-1.));
#7483=DIRECTION('ref_axis',(0.,-1.,0.));
#7484=DIRECTION('center_axis',(0.,0.,1.));
#7485=DIRECTION('ref_axis',(0.965925886729697,0.258818819534919,0.));
#7486=DIRECTION('',(-0.965925824899082,-0.258819050290022,0.));
#7487=DIRECTION('center_axis',(0.,0.,1.));
#7488=DIRECTION('ref_axis',(-0.258818819534919,0.965925886729697,0.));
#7489=DIRECTION('',(0.258819050290022,-0.965925824899082,0.));
#7490=DIRECTION('center_axis',(0.,0.,1.));
#7491=DIRECTION('ref_axis',(-0.965925886729697,-0.258818819534919,0.));
#7492=DIRECTION('',(0.965925824899082,0.258819050290022,0.));
#7493=DIRECTION('center_axis',(0.,0.,1.));
#7494=DIRECTION('ref_axis',(0.258818819534919,-0.965925886729697,0.));
#7495=DIRECTION('',(-0.258819050290022,0.965925824899082,0.));
#7496=DIRECTION('center_axis',(0.,0.,1.));
#7497=DIRECTION('ref_axis',(0.866020779572154,0.500008009285089,0.));
#7498=DIRECTION('',(-0.866025415789895,-0.499999979205939,0.));
#7499=DIRECTION('center_axis',(0.,0.,1.));
#7500=DIRECTION('ref_axis',(-0.500008009285089,0.866020779572154,0.));
#7501=DIRECTION('',(0.499999979205939,-0.866025415789895,0.));
#7502=DIRECTION('center_axis',(0.,0.,1.));
#7503=DIRECTION('ref_axis',(-0.866020779572154,-0.500008009285089,0.));
#7504=DIRECTION('',(0.866025415789895,0.499999979205939,0.));
#7505=DIRECTION('center_axis',(0.,0.,1.));
#7506=DIRECTION('ref_axis',(0.500008009285089,-0.866020779572154,0.));
#7507=DIRECTION('',(-0.499999979205939,0.866025415789895,0.));
#7508=DIRECTION('center_axis',(0.,0.,-1.));
#7509=DIRECTION('ref_axis',(5.33621698476833E-7,0.999999999999858,0.));
#7510=DIRECTION('center_axis',(0.,0.,1.));
#7511=DIRECTION('ref_axis',(5.33621698476833E-7,0.999999999999858,0.));
#7512=DIRECTION('',(0.,0.,-1.));
#7513=DIRECTION('',(0.,0.,-1.));
#7514=DIRECTION('center_axis',(-1.,8.44002329364702E-14,0.));
#7515=DIRECTION('ref_axis',(8.44002329364702E-14,1.,0.));
#7516=DIRECTION('',(-8.44002329364702E-14,-1.,0.));
#7517=DIRECTION('',(0.,0.,-1.));
#7518=DIRECTION('center_axis',(0.,0.,-1.));
#7519=DIRECTION('ref_axis',(0.500000327681326,-0.866025214597454,0.));
#7520=DIRECTION('center_axis',(0.,0.,1.));
#7521=DIRECTION('ref_axis',(0.500000327681326,-0.866025214597454,0.));
#7522=DIRECTION('',(0.,0.,-1.));
#7523=DIRECTION('center_axis',(-0.499999976712003,0.86602541722977,0.));
#7524=DIRECTION('ref_axis',(0.86602541722977,0.499999976712003,0.));
#7525=DIRECTION('',(-0.86602541722977,-0.499999976712003,0.));
#7526=DIRECTION('',(0.,0.,-1.));
#7527=DIRECTION('center_axis',(0.,0.,-1.));
#7528=DIRECTION('ref_axis',(-0.499999362865057,0.866025771634157,0.));
#7529=DIRECTION('center_axis',(0.,0.,1.));
#7530=DIRECTION('ref_axis',(-0.499999362865057,0.866025771634157,0.));
#7531=DIRECTION('',(0.,0.,-1.));
#7532=DIRECTION('center_axis',(-0.866025405159262,-0.499999997618737,0.));
#7533=DIRECTION('ref_axis',(-0.499999997618737,0.866025405159262,0.));
#7534=DIRECTION('',(0.499999997618737,-0.866025405159262,0.));
#7535=DIRECTION('',(0.,0.,-1.));
#7536=DIRECTION('center_axis',(0.,0.,-1.));
#7537=DIRECTION('ref_axis',(-0.866011972921611,-0.500023262215288,0.));
#7538=DIRECTION('center_axis',(0.,0.,1.));
#7539=DIRECTION('ref_axis',(-0.866011972921611,-0.500023262215288,0.));
#7540=DIRECTION('',(0.,0.,-1.));
#7541=DIRECTION('center_axis',(0.499999975740408,-0.86602541779072,0.));
#7542=DIRECTION('ref_axis',(-0.86602541779072,-0.499999975740408,0.));
#7543=DIRECTION('',(0.86602541779072,0.499999975740408,0.));
#7544=DIRECTION('',(0.,0.,-1.));
#7545=DIRECTION('center_axis',(0.258819044073587,-0.96592582656477,0.));
#7546=DIRECTION('ref_axis',(-0.96592582656477,-0.258819044073587,0.));
#7547=DIRECTION('',(0.96592582656477,0.258819044073587,0.));
#7548=DIRECTION('',(0.,0.,-1.));
#7549=DIRECTION('center_axis',(0.,0.,-1.));
#7550=DIRECTION('ref_axis',(0.258830370269794,-0.965922791648484,0.));
#7551=DIRECTION('center_axis',(0.,0.,1.));
#7552=DIRECTION('ref_axis',(0.258830370269794,-0.965922791648484,0.));
#7553=DIRECTION('',(0.,0.,-1.));
#7554=DIRECTION('center_axis',(0.965925823426648,0.258819055785218,0.));
#7555=DIRECTION('ref_axis',(0.258819055785218,-0.965925823426648,0.));
#7556=DIRECTION('',(-0.258819055785218,0.965925823426648,0.));
#7557=DIRECTION('',(0.,0.,-1.));
#7558=DIRECTION('center_axis',(0.,0.,-1.));
#7559=DIRECTION('ref_axis',(2.08744007101487E-7,0.999999999999978,0.));
#7560=DIRECTION('center_axis',(0.,0.,1.));
#7561=DIRECTION('ref_axis',(2.08744007101487E-7,0.999999999999978,0.));
#7562=DIRECTION('',(0.,0.,-1.));
#7563=DIRECTION('center_axis',(1.37678657087413E-14,-1.,0.));
#7564=DIRECTION('ref_axis',(-1.,-1.37678657087413E-14,0.));
#7565=DIRECTION('',(1.,1.37678657087413E-14,0.));
#7566=DIRECTION('',(0.,0.,-1.));
#7567=DIRECTION('center_axis',(0.,0.,-1.));
#7568=DIRECTION('ref_axis',(-5.33628851487099E-7,-0.999999999999858,0.));
#7569=DIRECTION('center_axis',(0.,0.,1.));
#7570=DIRECTION('ref_axis',(-5.33628851487099E-7,-0.999999999999858,0.));
#7571=DIRECTION('',(0.,0.,-1.));
#7572=DIRECTION('center_axis',(0.,0.,-1.));
#7573=DIRECTION('ref_axis',(7.4707055857801E-7,0.999999999999721,0.));
#7574=DIRECTION('center_axis',(0.,0.,1.));
#7575=DIRECTION('ref_axis',(7.4707055857801E-7,0.999999999999721,0.));
#7576=DIRECTION('',(0.,0.,-1.));
#7577=DIRECTION('center_axis',(-1.07370901579627E-13,-1.,0.));
#7578=DIRECTION('ref_axis',(-1.,1.07370901579627E-13,0.));
#7579=DIRECTION('',(1.,-1.07370901579627E-13,0.));
#7580=DIRECTION('',(0.,0.,-1.));
#7581=DIRECTION('center_axis',(0.,0.,-1.));
#7582=DIRECTION('ref_axis',(0.999999999999721,-7.47080557999172E-7,0.));
#7583=DIRECTION('center_axis',(0.,0.,1.));
#7584=DIRECTION('ref_axis',(0.999999999999721,-7.47080557999172E-7,0.));
#7585=DIRECTION('',(0.,0.,-1.));
#7586=DIRECTION('center_axis',(-1.,-7.50017322229912E-15,0.));
#7587=DIRECTION('ref_axis',(-7.50017322229912E-15,1.,0.));
#7588=DIRECTION('',(7.50017322229912E-15,-1.,0.));
#7589=DIRECTION('',(0.,0.,-1.));
#7590=DIRECTION('center_axis',(0.,0.,-1.));
#7591=DIRECTION('ref_axis',(-0.999999999999858,5.33621707993044E-7,0.));
#7592=DIRECTION('center_axis',(0.,0.,1.));
#7593=DIRECTION('ref_axis',(-0.999999999999858,5.33621707993044E-7,0.));
#7594=DIRECTION('',(0.,0.,-1.));
#7595=DIRECTION('center_axis',(-1.4616880383629E-12,-1.,0.));
#7596=DIRECTION('ref_axis',(-1.,1.4616880383629E-12,0.));
#7597=DIRECTION('',(1.,-1.4616880383629E-12,0.));
#7598=DIRECTION('',(0.,0.,-1.));
#7599=DIRECTION('center_axis',(0.,0.,-1.));
#7600=DIRECTION('ref_axis',(-5.33625714312362E-7,-0.999999999999858,0.));
#7601=DIRECTION('center_axis',(0.,0.,1.));
#7602=DIRECTION('ref_axis',(-5.33625714312362E-7,-0.999999999999858,0.));
#7603=DIRECTION('',(0.,0.,-1.));
#7604=DIRECTION('center_axis',(1.,3.36895269587897E-13,0.));
#7605=DIRECTION('ref_axis',(3.36895269587897E-13,-1.,0.));
#7606=DIRECTION('',(-3.36895269587897E-13,1.,0.));
#7607=DIRECTION('',(0.,0.,-1.));
#7608=DIRECTION('center_axis',(0.,0.,-1.));
#7609=DIRECTION('ref_axis',(7.4707556198934E-7,0.999999999999721,0.));
#7610=DIRECTION('center_axis',(0.,0.,1.));
#7611=DIRECTION('ref_axis',(7.4707556198934E-7,0.999999999999721,0.));
#7612=DIRECTION('',(0.,0.,-1.));
#7613=DIRECTION('center_axis',(-2.3569222110911E-13,-1.,0.));
#7614=DIRECTION('ref_axis',(-1.,2.3569222110911E-13,0.));
#7615=DIRECTION('',(1.,-2.3569222110911E-13,0.));
#7616=DIRECTION('',(0.,0.,-1.));
#7617=DIRECTION('center_axis',(0.,0.,-1.));
#7618=DIRECTION('ref_axis',(-5.33625352696668E-7,-0.999999999999858,0.));
#7619=DIRECTION('center_axis',(0.,0.,1.));
#7620=DIRECTION('ref_axis',(-5.33625352696668E-7,-0.999999999999858,0.));
#7621=DIRECTION('',(0.,0.,-1.));
#7622=DIRECTION('center_axis',(1.,1.63128786000753E-12,0.));
#7623=DIRECTION('ref_axis',(1.63128786000753E-12,-1.,0.));
#7624=DIRECTION('',(-1.63128786000753E-12,1.,0.));
#7625=DIRECTION('',(0.,0.,-1.));
#7626=DIRECTION('center_axis',(0.,0.,-1.));
#7627=DIRECTION('ref_axis',(7.47075554587841E-7,0.999999999999721,0.));
#7628=DIRECTION('center_axis',(0.,0.,1.));
#7629=DIRECTION('ref_axis',(7.47075554587841E-7,0.999999999999721,0.));
#7630=DIRECTION('',(0.,0.,-1.));
#7631=DIRECTION('center_axis',(-2.84086474836814E-13,-1.,0.));
#7632=DIRECTION('ref_axis',(-1.,2.84086474836814E-13,0.));
#7633=DIRECTION('',(1.,-2.84086474836814E-13,0.));
#7634=DIRECTION('',(0.,0.,-1.));
#7635=DIRECTION('center_axis',(0.,0.,-1.));
#7636=DIRECTION('ref_axis',(-5.33625371729075E-7,-0.999999999999858,0.));
#7637=DIRECTION('center_axis',(0.,0.,1.));
#7638=DIRECTION('ref_axis',(-5.33625371729075E-7,-0.999999999999858,0.));
#7639=DIRECTION('',(0.,0.,-1.));
#7640=DIRECTION('center_axis',(1.,1.32506619360579E-13,0.));
#7641=DIRECTION('ref_axis',(1.32506619360579E-13,-1.,0.));
#7642=DIRECTION('',(-1.32506619360579E-13,1.,0.));
#7643=DIRECTION('',(0.,0.,-1.));
#7644=DIRECTION('center_axis',(0.,0.,-1.));
#7645=DIRECTION('ref_axis',(0.999999999999858,-5.33625286085163E-7,0.));
#7646=DIRECTION('center_axis',(0.,0.,1.));
#7647=DIRECTION('ref_axis',(0.999999999999858,-5.33625286085163E-7,0.));
#7648=DIRECTION('',(0.,0.,-1.));
#7649=DIRECTION('center_axis',(7.31441064375204E-15,1.,0.));
#7650=DIRECTION('ref_axis',(1.,-7.31441064375204E-15,0.));
#7651=DIRECTION('',(-1.,7.31441064375204E-15,0.));
#7652=DIRECTION('',(0.,0.,-1.));
#7653=DIRECTION('center_axis',(0.,0.,-1.));
#7654=DIRECTION('ref_axis',(-0.999999999999721,7.47075561989329E-7,0.));
#7655=DIRECTION('center_axis',(0.,0.,1.));
#7656=DIRECTION('ref_axis',(-0.999999999999721,7.47075561989329E-7,0.));
#7657=DIRECTION('',(0.,0.,-1.));
#7658=DIRECTION('center_axis',(1.,1.33226759637337E-14,0.));
#7659=DIRECTION('ref_axis',(1.33226759637337E-14,-1.,0.));
#7660=DIRECTION('',(-1.33226759637337E-14,1.,0.));
#7661=DIRECTION('',(0.,0.,-1.));
#7662=DIRECTION('center_axis',(0.,0.,-1.));
#7663=DIRECTION('ref_axis',(0.999999999999858,-5.33625276568954E-7,0.));
#7664=DIRECTION('center_axis',(0.,0.,1.));
#7665=DIRECTION('ref_axis',(0.999999999999858,-5.33625276568954E-7,0.));
#7666=DIRECTION('',(0.,0.,-1.));
#7667=DIRECTION('center_axis',(6.26949483750174E-15,1.,0.));
#7668=DIRECTION('ref_axis',(1.,-6.26949483750174E-15,0.));
#7669=DIRECTION('',(-1.,6.26949483750174E-15,0.));
#7670=DIRECTION('',(0.,0.,-1.));
#7671=DIRECTION('center_axis',(0.,0.,-1.));
#7672=DIRECTION('ref_axis',(-0.999999999999721,7.47075554587844E-7,0.));
#7673=DIRECTION('center_axis',(0.,0.,1.));
#7674=DIRECTION('ref_axis',(-0.999999999999721,7.47075554587844E-7,0.));
#7675=DIRECTION('',(0.,0.,-1.));
#7676=DIRECTION('center_axis',(1.,2.10942366799285E-14,0.));
#7677=DIRECTION('ref_axis',(2.10942366799285E-14,-1.,0.));
#7678=DIRECTION('',(-2.10942366799285E-14,1.,0.));
#7679=DIRECTION('',(0.,0.,-1.));
#7680=DIRECTION('center_axis',(0.,0.,-1.));
#7681=DIRECTION('ref_axis',(0.999999999999858,-5.33625270224821E-7,0.));
#7682=DIRECTION('center_axis',(0.,0.,1.));
#7683=DIRECTION('ref_axis',(0.999999999999858,-5.33625270224821E-7,0.));
#7684=DIRECTION('',(0.,0.,-1.));
#7685=DIRECTION('center_axis',(6.09036641051432E-15,1.,0.));
#7686=DIRECTION('ref_axis',(1.,-6.09036641051432E-15,0.));
#7687=DIRECTION('',(-1.,6.09036641051432E-15,0.));
#7688=DIRECTION('',(0.,0.,-1.));
#7689=DIRECTION('center_axis',(0.,0.,-1.));
#7690=DIRECTION('ref_axis',(-0.999999999996443,-2.66713891298855E-6,0.));
#7691=DIRECTION('center_axis',(0.,0.,1.));
#7692=DIRECTION('ref_axis',(-0.999999999996443,-2.66713891298855E-6,0.));
#7693=DIRECTION('',(0.,0.,-1.));
#7694=DIRECTION('center_axis',(0.,0.,-1.));
#7695=DIRECTION('ref_axis',(0.999999999996443,2.66713890022105E-6,0.));
#7696=DIRECTION('center_axis',(0.,0.,1.));
#7697=DIRECTION('ref_axis',(0.999999999996443,2.66713890022105E-6,0.));
#7698=DIRECTION('',(0.,0.,-1.));
#7699=DIRECTION('center_axis',(6.24002240213921E-14,1.,0.));
#7700=DIRECTION('ref_axis',(1.,-6.24002240213921E-14,0.));
#7701=DIRECTION('',(-1.,6.24002240213921E-14,0.));
#7702=DIRECTION('',(0.,0.,-1.));
#7703=DIRECTION('center_axis',(0.,0.,-1.));
#7704=DIRECTION('ref_axis',(5.33625274982917E-7,0.999999999999858,0.));
#7705=DIRECTION('center_axis',(0.,0.,1.));
#7706=DIRECTION('ref_axis',(5.33625274982917E-7,0.999999999999858,0.));
#7707=DIRECTION('',(0.,0.,-1.));
#7708=DIRECTION('center_axis',(-1.,1.04360995500995E-13,0.));
#7709=DIRECTION('ref_axis',(1.04360995500995E-13,1.,0.));
#7710=DIRECTION('',(-1.04360995500995E-13,-1.,0.));
#7711=DIRECTION('',(0.,0.,-1.));
#7712=DIRECTION('center_axis',(0.,0.,-1.));
#7713=DIRECTION('ref_axis',(-7.47075558288581E-7,-0.999999999999721,0.));
#7714=DIRECTION('center_axis',(0.,0.,1.));
#7715=DIRECTION('ref_axis',(-7.47075558288581E-7,-0.999999999999721,0.));
#7716=DIRECTION('',(0.,0.,-1.));
#7717=DIRECTION('center_axis',(-9.92669981038976E-15,1.,0.));
#7718=DIRECTION('ref_axis',(1.,9.92669981038976E-15,0.));
#7719=DIRECTION('',(-1.,-9.92669981038976E-15,0.));
#7720=DIRECTION('',(0.,0.,-1.));
#7721=DIRECTION('center_axis',(0.,0.,-1.));
#7722=DIRECTION('ref_axis',(5.33621707993045E-7,0.999999999999858,0.));
#7723=DIRECTION('center_axis',(0.,0.,1.));
#7724=DIRECTION('ref_axis',(5.33621707993045E-7,0.999999999999858,0.));
#7725=DIRECTION('',(0.,0.,-1.));
#7726=DIRECTION('center_axis',(0.,0.,-1.));
#7727=DIRECTION('ref_axis',(-7.47080557999161E-7,-0.999999999999721,0.));
#7728=DIRECTION('center_axis',(0.,0.,1.));
#7729=DIRECTION('ref_axis',(-7.47080557999161E-7,-0.999999999999721,0.));
#7730=DIRECTION('center_axis',(-4.32086795283265E-15,1.,0.));
#7731=DIRECTION('ref_axis',(1.,4.32086795283265E-15,0.));
#7732=DIRECTION('',(-1.,-4.32086795283265E-15,0.));
#7733=DIRECTION('center_axis',(0.,0.,1.));
#7734=DIRECTION('ref_axis',(1.,0.,0.));
#7735=DIRECTION('center_axis',(0.,0.,1.));
#7736=DIRECTION('ref_axis',(-4.18456958585502E-6,0.999999999991245,0.));
#7737=DIRECTION('',(-1.,0.,0.));
#7738=DIRECTION('center_axis',(0.,0.,1.));
#7739=DIRECTION('ref_axis',(0.999999999991245,4.18456964506702E-6,0.));
#7740=DIRECTION('',(0.,1.,0.));
#7741=DIRECTION('center_axis',(0.,0.,1.));
#7742=DIRECTION('ref_axis',(4.18456960559302E-6,-0.999999999991245,0.));
#7743=DIRECTION('',(1.,0.,0.));
#7744=DIRECTION('center_axis',(0.,0.,1.));
#7745=DIRECTION('ref_axis',(-0.999999999991245,-4.18456956611802E-6,0.));
#7746=DIRECTION('',(0.,-1.,0.));
#7747=DIRECTION('center_axis',(0.,0.,1.));
#7748=DIRECTION('ref_axis',(-4.18456960559302E-6,0.999999999991245,0.));
#7749=DIRECTION('',(-1.,0.,0.));
#7750=DIRECTION('center_axis',(0.,0.,1.));
#7751=DIRECTION('ref_axis',(0.999999999991245,4.18456964506702E-6,0.));
#7752=DIRECTION('',(0.,1.,0.));
#7753=DIRECTION('center_axis',(0.,0.,1.));
#7754=DIRECTION('ref_axis',(4.18456961546102E-6,-0.999999999991245,0.));
#7755=DIRECTION('',(1.,0.,0.));
#7756=DIRECTION('center_axis',(0.,0.,1.));
#7757=DIRECTION('ref_axis',(-0.999999999991245,-4.18456957598702E-6,0.));
#7758=DIRECTION('',(0.,-1.,0.));
#7759=DIRECTION('center_axis',(0.,0.,1.));
#7760=DIRECTION('ref_axis',(-4.18456960898503E-6,0.999999999991245,0.));
#7761=DIRECTION('',(-1.,0.,0.));
#7762=DIRECTION('center_axis',(0.,0.,1.));
#7763=DIRECTION('ref_axis',(0.999999999991245,4.18456960559302E-6,0.));
#7764=DIRECTION('',(0.,1.,0.));
#7765=DIRECTION('center_axis',(0.,0.,1.));
#7766=DIRECTION('ref_axis',(4.18456958585602E-6,-0.999999999991245,0.));
#7767=DIRECTION('',(1.,0.,0.));
#7768=DIRECTION('center_axis',(0.,0.,1.));
#7769=DIRECTION('ref_axis',(-0.999999999991245,-4.18456957598702E-6,0.));
#7770=DIRECTION('',(0.,-1.,0.));
#7771=DIRECTION('center_axis',(0.,0.,-1.));
#7772=DIRECTION('ref_axis',(0.,-1.,0.));
#7773=DIRECTION('center_axis',(0.,0.,1.));
#7774=DIRECTION('ref_axis',(-4.18456956611802E-6,0.999999999991245,0.));
#7775=DIRECTION('',(-1.,0.,0.));
#7776=DIRECTION('center_axis',(0.,0.,1.));
#7777=DIRECTION('ref_axis',(0.999999999991245,4.18456955625002E-6,0.));
#7778=DIRECTION('',(0.,1.,0.));
#7779=DIRECTION('center_axis',(0.,0.,1.));
#7780=DIRECTION('ref_axis',(4.18456954638102E-6,-0.999999999991245,0.));
#7781=DIRECTION('',(1.,0.,0.));
#7782=DIRECTION('center_axis',(0.,0.,1.));
#7783=DIRECTION('ref_axis',(-0.999999999991245,-4.18456956611802E-6,0.));
#7784=DIRECTION('',(0.,-1.,0.));
#7785=DIRECTION('center_axis',(0.,0.,-1.));
#7786=DIRECTION('ref_axis',(0.,-1.,0.));
#7787=DIRECTION('center_axis',(0.,0.,1.));
#7788=DIRECTION('ref_axis',(-4.18456956611802E-6,0.999999999991245,0.));
#7789=DIRECTION('',(-1.,0.,0.));
#7790=DIRECTION('center_axis',(0.,0.,1.));
#7791=DIRECTION('ref_axis',(0.999999999991245,4.18456961052702E-6,0.));
#7792=DIRECTION('',(0.,1.,0.));
#7793=DIRECTION('center_axis',(0.,0.,1.));
#7794=DIRECTION('ref_axis',(4.18456960559302E-6,-0.999999999991245,0.));
#7795=DIRECTION('',(1.,0.,0.));
#7796=DIRECTION('center_axis',(0.,0.,1.));
#7797=DIRECTION('ref_axis',(-0.999999999991245,-4.18456956519302E-6,0.));
#7798=DIRECTION('',(0.,-1.,0.));
#7799=DIRECTION('center_axis',(0.,0.,1.));
#7800=DIRECTION('ref_axis',(-4.18456957598702E-6,0.999999999991245,0.));
#7801=DIRECTION('',(-1.,0.,0.));
#7802=DIRECTION('center_axis',(0.,0.,1.));
#7803=DIRECTION('ref_axis',(0.999999999991245,4.18456960559302E-6,0.));
#7804=DIRECTION('',(0.,1.,0.));
#7805=DIRECTION('center_axis',(0.,0.,1.));
#7806=DIRECTION('ref_axis',(4.18456961546102E-6,-0.999999999991245,0.));
#7807=DIRECTION('',(1.,0.,0.));
#7808=DIRECTION('center_axis',(0.,0.,1.));
#7809=DIRECTION('ref_axis',(-0.999999999991245,-4.18456958585602E-6,0.));
#7810=DIRECTION('',(0.,-1.,0.));
#7811=DIRECTION('center_axis',(0.,0.,1.));
#7812=DIRECTION('ref_axis',(-4.18456958184603E-6,0.999999999991245,0.));
#7813=DIRECTION('',(-1.,0.,0.));
#7814=DIRECTION('center_axis',(0.,0.,1.));
#7815=DIRECTION('ref_axis',(0.999999999991245,4.18456957598702E-6,0.));
#7816=DIRECTION('',(0.,1.,0.));
#7817=DIRECTION('center_axis',(0.,0.,1.));
#7818=DIRECTION('ref_axis',(4.18456958585602E-6,-0.999999999991245,0.));
#7819=DIRECTION('',(1.,0.,0.));
#7820=DIRECTION('center_axis',(0.,0.,1.));
#7821=DIRECTION('ref_axis',(-0.999999999991245,-4.18456958585602E-6,0.));
#7822=DIRECTION('',(0.,-1.,0.));
#7823=DIRECTION('center_axis',(0.,0.,1.));
#7824=DIRECTION('ref_axis',(-4.18456960559302E-6,0.999999999991245,0.));
#7825=DIRECTION('',(-1.,0.,0.));
#7826=DIRECTION('center_axis',(0.,0.,1.));
#7827=DIRECTION('ref_axis',(0.999999999991245,4.18456960559302E-6,0.));
#7828=DIRECTION('',(0.,1.,0.));
#7829=DIRECTION('center_axis',(0.,0.,1.));
#7830=DIRECTION('ref_axis',(4.18456957845402E-6,-0.999999999991245,0.));
#7831=DIRECTION('',(1.,0.,0.));
#7832=DIRECTION('center_axis',(0.,0.,1.));
#7833=DIRECTION('ref_axis',(-0.999999999991245,-4.18456957598702E-6,0.));
#7834=DIRECTION('',(0.,-1.,0.));
#7835=DIRECTION('center_axis',(0.,0.,1.));
#7836=DIRECTION('ref_axis',(-4.18456958585502E-6,0.999999999991245,0.));
#7837=DIRECTION('',(-1.,0.,0.));
#7838=DIRECTION('center_axis',(0.,0.,1.));
#7839=DIRECTION('ref_axis',(0.999999999991245,4.18456960559302E-6,0.));
#7840=DIRECTION('',(0.,1.,0.));
#7841=DIRECTION('center_axis',(0.,0.,1.));
#7842=DIRECTION('ref_axis',(4.18456957598702E-6,-0.999999999991245,0.));
#7843=DIRECTION('',(1.,0.,0.));
#7844=DIRECTION('center_axis',(0.,0.,1.));
#7845=DIRECTION('ref_axis',(-0.999999999991245,-4.18456956611802E-6,0.));
#7846=DIRECTION('',(0.,-1.,0.));
#7847=DIRECTION('center_axis',(0.,0.,-1.));
#7848=DIRECTION('ref_axis',(0.,-1.,0.));
#7849=DIRECTION('center_axis',(0.,0.,1.));
#7850=DIRECTION('ref_axis',(-4.18456957598702E-6,0.999999999991245,0.));
#7851=DIRECTION('',(-1.,0.,0.));
#7852=DIRECTION('center_axis',(0.,0.,1.));
#7853=DIRECTION('ref_axis',(0.999999999991245,4.18456957598702E-6,0.));
#7854=DIRECTION('',(0.,1.,0.));
#7855=DIRECTION('center_axis',(0.,0.,1.));
#7856=DIRECTION('ref_axis',(4.18456957845402E-6,-0.999999999991245,0.));
#7857=DIRECTION('',(1.,0.,0.));
#7858=DIRECTION('center_axis',(0.,0.,1.));
#7859=DIRECTION('ref_axis',(-0.999999999991245,-4.18456958338802E-6,0.));
#7860=DIRECTION('',(0.,-1.,0.));
#7861=DIRECTION('center_axis',(0.,0.,1.));
#7862=DIRECTION('ref_axis',(-4.18456956611802E-6,0.999999999991245,0.));
#7863=DIRECTION('',(-1.,0.,0.));
#7864=DIRECTION('center_axis',(0.,0.,1.));
#7865=DIRECTION('ref_axis',(0.999999999991245,4.18456957598702E-6,0.));
#7866=DIRECTION('',(0.,1.,0.));
#7867=DIRECTION('center_axis',(0.,0.,1.));
#7868=DIRECTION('ref_axis',(4.18456957598702E-6,-0.999999999991245,0.));
#7869=DIRECTION('',(1.,0.,0.));
#7870=DIRECTION('center_axis',(0.,0.,1.));
#7871=DIRECTION('ref_axis',(-0.999999999991245,-4.18456956611802E-6,0.));
#7872=DIRECTION('',(0.,-1.,0.));
#7873=DIRECTION('center_axis',(0.,0.,1.));
#7874=DIRECTION('ref_axis',(-4.18456956611802E-6,0.999999999991245,0.));
#7875=DIRECTION('',(-1.,0.,0.));
#7876=DIRECTION('center_axis',(0.,0.,1.));
#7877=DIRECTION('ref_axis',(0.999999999991245,4.18456955625002E-6,0.));
#7878=DIRECTION('',(0.,1.,0.));
#7879=DIRECTION('center_axis',(0.,0.,1.));
#7880=DIRECTION('ref_axis',(4.18456954638102E-6,-0.999999999991245,0.));
#7881=DIRECTION('',(1.,0.,0.));
#7882=DIRECTION('center_axis',(0.,0.,1.));
#7883=DIRECTION('ref_axis',(-0.999999999991245,-4.18456956611802E-6,0.));
#7884=DIRECTION('',(0.,-1.,0.));
#7885=DIRECTION('center_axis',(0.,0.,1.));
#7886=DIRECTION('ref_axis',(-4.18456956611802E-6,0.999999999991245,0.));
#7887=DIRECTION('',(-1.,0.,0.));
#7888=DIRECTION('center_axis',(0.,0.,1.));
#7889=DIRECTION('ref_axis',(0.999999999991245,4.18456960559302E-6,0.));
#7890=DIRECTION('',(0.,1.,0.));
#7891=DIRECTION('center_axis',(0.,0.,1.));
#7892=DIRECTION('ref_axis',(4.18456960559302E-6,-0.999999999991245,0.));
#7893=DIRECTION('',(1.,0.,0.));
#7894=DIRECTION('center_axis',(0.,0.,1.));
#7895=DIRECTION('ref_axis',(-0.999999999991245,-4.18456956611802E-6,0.));
#7896=DIRECTION('',(0.,-1.,0.));
#7897=DIRECTION('center_axis',(0.,0.,1.));
#7898=DIRECTION('ref_axis',(-4.18456957598702E-6,0.999999999991245,0.));
#7899=DIRECTION('',(-1.,0.,0.));
#7900=DIRECTION('center_axis',(0.,0.,1.));
#7901=DIRECTION('ref_axis',(0.999999999991245,4.18456960682602E-6,0.));
#7902=DIRECTION('',(0.,1.,0.));
#7903=DIRECTION('center_axis',(0.,0.,1.));
#7904=DIRECTION('ref_axis',(4.18456961546102E-6,-0.999999999991245,0.));
#7905=DIRECTION('',(1.,0.,0.));
#7906=DIRECTION('center_axis',(0.,0.,1.));
#7907=DIRECTION('ref_axis',(-0.999999999991245,-4.18456958585602E-6,0.));
#7908=DIRECTION('',(0.,-1.,0.));
#7909=DIRECTION('center_axis',(0.,0.,1.));
#7910=DIRECTION('ref_axis',(-4.18456958123002E-6,0.999999999991245,0.));
#7911=DIRECTION('',(-1.,0.,0.));
#7912=DIRECTION('center_axis',(0.,0.,1.));
#7913=DIRECTION('ref_axis',(0.999999999991245,4.18456957845402E-6,0.));
#7914=DIRECTION('',(0.,1.,0.));
#7915=DIRECTION('center_axis',(0.,0.,1.));
#7916=DIRECTION('ref_axis',(4.18456958585602E-6,-0.999999999991245,0.));
#7917=DIRECTION('',(1.,0.,0.));
#7918=DIRECTION('center_axis',(0.,0.,1.));
#7919=DIRECTION('ref_axis',(-0.999999999991245,-4.18456958585602E-6,0.));
#7920=DIRECTION('',(0.,-1.,0.));
#7921=DIRECTION('center_axis',(0.,0.,1.));
#7922=DIRECTION('ref_axis',(-4.18456957598702E-6,0.999999999991245,0.));
#7923=DIRECTION('',(-1.,0.,0.));
#7924=DIRECTION('center_axis',(0.,0.,1.));
#7925=DIRECTION('ref_axis',(0.999999999991245,4.18456958277202E-6,0.));
#7926=DIRECTION('',(0.,1.,0.));
#7927=DIRECTION('center_axis',(0.,0.,1.));
#7928=DIRECTION('ref_axis',(4.18456957845402E-6,-0.999999999991245,0.));
#7929=DIRECTION('',(1.,0.,0.));
#7930=DIRECTION('center_axis',(0.,0.,1.));
#7931=DIRECTION('ref_axis',(-0.999999999991245,-4.18456958585602E-6,0.));
#7932=DIRECTION('',(0.,-1.,0.));
#7933=DIRECTION('center_axis',(0.,0.,1.));
#7934=DIRECTION('ref_axis',(-4.18456956611802E-6,0.999999999991245,0.));
#7935=DIRECTION('',(-1.,0.,0.));
#7936=DIRECTION('center_axis',(0.,0.,1.));
#7937=DIRECTION('ref_axis',(0.999999999991245,4.18456958188503E-6,0.));
#7938=DIRECTION('',(0.,1.,0.));
#7939=DIRECTION('center_axis',(0.,0.,1.));
#7940=DIRECTION('ref_axis',(4.18456957598702E-6,-0.999999999991245,0.));
#7941=DIRECTION('',(1.,0.,0.));
#7942=DIRECTION('center_axis',(0.,0.,1.));
#7943=DIRECTION('ref_axis',(-0.999999999991245,-4.18456956611802E-6,0.));
#7944=DIRECTION('',(0.,-1.,0.));
#7945=DIRECTION('center_axis',(0.,0.,-1.));
#7946=DIRECTION('ref_axis',(0.,-1.,0.));
#7947=DIRECTION('center_axis',(0.,0.,1.));
#7948=DIRECTION('ref_axis',(0.965925886729697,0.258818819534919,0.));
#7949=DIRECTION('',(-0.258819050290022,0.965925824899082,0.));
#7950=DIRECTION('center_axis',(0.,0.,1.));
#7951=DIRECTION('ref_axis',(0.258818819534919,-0.965925886729697,0.));
#7952=DIRECTION('',(0.965925824899082,0.258819050290022,0.));
#7953=DIRECTION('center_axis',(0.,0.,1.));
#7954=DIRECTION('ref_axis',(-0.965925886729697,-0.258818819534919,0.));
#7955=DIRECTION('',(0.258819050290022,-0.965925824899082,0.));
#7956=DIRECTION('center_axis',(0.,0.,1.));
#7957=DIRECTION('ref_axis',(-0.258818819534919,0.965925886729697,0.));
#7958=DIRECTION('',(-0.965925824899082,-0.258819050290022,0.));
#7959=DIRECTION('center_axis',(0.,0.,1.));
#7960=DIRECTION('ref_axis',(0.866020779572154,0.500008009285089,0.));
#7961=DIRECTION('',(-0.499999979205939,0.866025415789895,0.));
#7962=DIRECTION('center_axis',(0.,0.,1.));
#7963=DIRECTION('ref_axis',(0.500008009285089,-0.866020779572154,0.));
#7964=DIRECTION('',(0.866025415789895,0.499999979205939,0.));
#7965=DIRECTION('center_axis',(0.,0.,1.));
#7966=DIRECTION('ref_axis',(-0.866020779572154,-0.500008009285089,0.));
#7967=DIRECTION('',(0.499999979205939,-0.866025415789895,0.));
#7968=DIRECTION('center_axis',(0.,0.,1.));
#7969=DIRECTION('ref_axis',(-0.500008009285089,0.866020779572154,0.));
#7970=DIRECTION('',(-0.866025415789895,-0.499999979205939,0.));
#7971=DIRECTION('center_axis',(0.,0.,-1.));
#7972=DIRECTION('ref_axis',(0.866020779572154,0.500008009285089,0.));
#7973=DIRECTION('',(0.,0.,1.));
#7974=DIRECTION('',(0.,0.,1.));
#7975=DIRECTION('center_axis',(-0.866025415789895,-0.499999979205939,0.));
#7976=DIRECTION('ref_axis',(-0.499999979205939,0.866025415789895,0.));
#7977=DIRECTION('',(0.,0.,1.));
#7978=DIRECTION('center_axis',(0.499999979205939,-0.866025415789895,0.));
#7979=DIRECTION('ref_axis',(-0.866025415789895,-0.499999979205939,0.));
#7980=DIRECTION('',(0.,0.,1.));
#7981=DIRECTION('center_axis',(0.,0.,-1.));
#7982=DIRECTION('ref_axis',(0.500008009285089,-0.866020779572154,0.));
#7983=DIRECTION('',(0.,0.,1.));
#7984=DIRECTION('center_axis',(0.,0.,-1.));
#7985=DIRECTION('ref_axis',(-0.500008009285089,0.866020779572154,0.));
#7986=DIRECTION('',(0.,0.,1.));
#7987=DIRECTION('center_axis',(-0.499999979205939,0.866025415789895,0.));
#7988=DIRECTION('ref_axis',(0.866025415789895,0.499999979205939,0.));
#7989=DIRECTION('',(0.,0.,1.));
#7990=DIRECTION('center_axis',(0.866025415789895,0.499999979205939,0.));
#7991=DIRECTION('ref_axis',(0.499999979205939,-0.866025415789895,0.));
#7992=DIRECTION('',(0.,0.,1.));
#7993=DIRECTION('center_axis',(0.,0.,-1.));
#7994=DIRECTION('ref_axis',(-0.866020779572154,-0.500008009285089,0.));
#7995=DIRECTION('center_axis',(0.,0.,-1.));
#7996=DIRECTION('ref_axis',(0.965925886729697,0.258818819534919,0.));
#7997=DIRECTION('',(0.,0.,1.));
#7998=DIRECTION('',(0.,0.,1.));
#7999=DIRECTION('center_axis',(-0.965925824899082,-0.258819050290022,0.));
#8000=DIRECTION('ref_axis',(-0.258819050290022,0.965925824899082,0.));
#8001=DIRECTION('',(0.,0.,1.));
#8002=DIRECTION('center_axis',(0.258819050290022,-0.965925824899082,0.));
#8003=DIRECTION('ref_axis',(-0.965925824899082,-0.258819050290022,0.));
#8004=DIRECTION('',(0.,0.,1.));
#8005=DIRECTION('center_axis',(0.,0.,-1.));
#8006=DIRECTION('ref_axis',(0.258818819534919,-0.965925886729697,0.));
#8007=DIRECTION('',(0.,0.,1.));
#8008=DIRECTION('center_axis',(0.,0.,-1.));
#8009=DIRECTION('ref_axis',(-0.258818819534919,0.965925886729697,0.));
#8010=DIRECTION('',(0.,0.,1.));
#8011=DIRECTION('center_axis',(-0.258819050290022,0.965925824899082,0.));
#8012=DIRECTION('ref_axis',(0.965925824899082,0.258819050290022,0.));
#8013=DIRECTION('',(0.,0.,1.));
#8014=DIRECTION('center_axis',(0.965925824899082,0.258819050290022,0.));
#8015=DIRECTION('ref_axis',(0.258819050290022,-0.965925824899082,0.));
#8016=DIRECTION('',(0.,0.,1.));
#8017=DIRECTION('center_axis',(0.,0.,-1.));
#8018=DIRECTION('ref_axis',(-0.965925886729697,-0.258818819534919,0.));
#8019=DIRECTION('center_axis',(0.,0.,-1.));
#8020=DIRECTION('ref_axis',(0.,-1.,0.));
#8021=DIRECTION('',(0.,0.,-1.));
#8022=DIRECTION('center_axis',(0.,0.,-1.));
#8023=DIRECTION('ref_axis',(-4.18456956611802E-6,0.999999999991245,0.));
#8024=DIRECTION('',(0.,0.,1.));
#8025=DIRECTION('',(0.,0.,1.));
#8026=DIRECTION('center_axis',(0.,-1.,0.));
#8027=DIRECTION('ref_axis',(-1.,0.,0.));
#8028=DIRECTION('',(0.,0.,1.));
#8029=DIRECTION('center_axis',(1.,0.,0.));
#8030=DIRECTION('ref_axis',(0.,-1.,0.));
#8031=DIRECTION('',(0.,0.,1.));
#8032=DIRECTION('center_axis',(0.,0.,-1.));
#8033=DIRECTION('ref_axis',(0.999999999991245,4.18456958188503E-6,0.));
#8034=DIRECTION('',(0.,0.,1.));
#8035=DIRECTION('center_axis',(0.,0.,-1.));
#8036=DIRECTION('ref_axis',(-0.999999999991245,-4.18456956611802E-6,0.));
#8037=DIRECTION('',(0.,0.,1.));
#8038=DIRECTION('center_axis',(-1.,0.,0.));
#8039=DIRECTION('ref_axis',(0.,1.,0.));
#8040=DIRECTION('',(0.,0.,1.));
#8041=DIRECTION('center_axis',(0.,1.,0.));
#8042=DIRECTION('ref_axis',(1.,0.,0.));
#8043=DIRECTION('',(0.,0.,1.));
#8044=DIRECTION('center_axis',(0.,0.,-1.));
#8045=DIRECTION('ref_axis',(4.18456957598702E-6,-0.999999999991245,0.));
#8046=DIRECTION('center_axis',(0.,0.,-1.));
#8047=DIRECTION('ref_axis',(-4.18456957598702E-6,0.999999999991245,0.));
#8048=DIRECTION('',(0.,0.,1.));
#8049=DIRECTION('',(0.,0.,1.));
#8050=DIRECTION('center_axis',(0.,-1.,0.));
#8051=DIRECTION('ref_axis',(-1.,0.,0.));
#8052=DIRECTION('',(0.,0.,1.));
#8053=DIRECTION('center_axis',(1.,0.,0.));
#8054=DIRECTION('ref_axis',(0.,-1.,0.));
#8055=DIRECTION('',(0.,0.,1.));
#8056=DIRECTION('center_axis',(0.,0.,-1.));
#8057=DIRECTION('ref_axis',(0.999999999991245,4.18456958277202E-6,0.));
#8058=DIRECTION('',(0.,0.,1.));
#8059=DIRECTION('center_axis',(0.,0.,-1.));
#8060=DIRECTION('ref_axis',(-0.999999999991245,-4.18456958585602E-6,0.));
#8061=DIRECTION('',(0.,0.,1.));
#8062=DIRECTION('center_axis',(-1.,0.,0.));
#8063=DIRECTION('ref_axis',(0.,1.,0.));
#8064=DIRECTION('',(0.,0.,1.));
#8065=DIRECTION('center_axis',(0.,1.,0.));
#8066=DIRECTION('ref_axis',(1.,0.,0.));
#8067=DIRECTION('',(0.,0.,1.));
#8068=DIRECTION('center_axis',(0.,0.,-1.));
#8069=DIRECTION('ref_axis',(4.18456957845402E-6,-0.999999999991245,0.));
#8070=DIRECTION('center_axis',(0.,0.,-1.));
#8071=DIRECTION('ref_axis',(-4.18456958123002E-6,0.999999999991245,0.));
#8072=DIRECTION('',(0.,0.,1.));
#8073=DIRECTION('',(0.,0.,1.));
#8074=DIRECTION('center_axis',(0.,-1.,0.));
#8075=DIRECTION('ref_axis',(-1.,0.,0.));
#8076=DIRECTION('',(0.,0.,1.));
#8077=DIRECTION('center_axis',(1.,0.,0.));
#8078=DIRECTION('ref_axis',(0.,-1.,0.));
#8079=DIRECTION('',(0.,0.,1.));
#8080=DIRECTION('center_axis',(0.,0.,-1.));
#8081=DIRECTION('ref_axis',(0.999999999991245,4.18456957845402E-6,0.));
#8082=DIRECTION('',(0.,0.,1.));
#8083=DIRECTION('center_axis',(0.,0.,-1.));
#8084=DIRECTION('ref_axis',(-0.999999999991245,-4.18456958585602E-6,0.));
#8085=DIRECTION('',(0.,0.,1.));
#8086=DIRECTION('center_axis',(-1.,0.,0.));
#8087=DIRECTION('ref_axis',(0.,1.,0.));
#8088=DIRECTION('',(0.,0.,1.));
#8089=DIRECTION('center_axis',(0.,1.,0.));
#8090=DIRECTION('ref_axis',(1.,0.,0.));
#8091=DIRECTION('',(0.,0.,1.));
#8092=DIRECTION('center_axis',(0.,0.,-1.));
#8093=DIRECTION('ref_axis',(4.18456958585602E-6,-0.999999999991245,0.));
#8094=DIRECTION('center_axis',(0.,0.,-1.));
#8095=DIRECTION('ref_axis',(-4.18456957598702E-6,0.999999999991245,0.));
#8096=DIRECTION('',(0.,0.,1.));
#8097=DIRECTION('',(0.,0.,1.));
#8098=DIRECTION('center_axis',(0.,-1.,0.));
#8099=DIRECTION('ref_axis',(-1.,0.,0.));
#8100=DIRECTION('',(0.,0.,1.));
#8101=DIRECTION('center_axis',(1.,0.,0.));
#8102=DIRECTION('ref_axis',(0.,-1.,0.));
#8103=DIRECTION('',(0.,0.,1.));
#8104=DIRECTION('center_axis',(0.,0.,-1.));
#8105=DIRECTION('ref_axis',(0.999999999991245,4.18456960682602E-6,0.));
#8106=DIRECTION('',(0.,0.,1.));
#8107=DIRECTION('center_axis',(0.,0.,-1.));
#8108=DIRECTION('ref_axis',(-0.999999999991245,-4.18456958585602E-6,0.));
#8109=DIRECTION('',(0.,0.,1.));
#8110=DIRECTION('center_axis',(-1.,0.,0.));
#8111=DIRECTION('ref_axis',(0.,1.,0.));
#8112=DIRECTION('',(0.,0.,1.));
#8113=DIRECTION('center_axis',(0.,1.,0.));
#8114=DIRECTION('ref_axis',(1.,0.,0.));
#8115=DIRECTION('',(0.,0.,1.));
#8116=DIRECTION('center_axis',(0.,0.,-1.));
#8117=DIRECTION('ref_axis',(4.18456961546102E-6,-0.999999999991245,0.));
#8118=DIRECTION('center_axis',(0.,0.,-1.));
#8119=DIRECTION('ref_axis',(-4.18456956611802E-6,0.999999999991245,0.));
#8120=DIRECTION('',(0.,0.,1.));
#8121=DIRECTION('',(0.,0.,1.));
#8122=DIRECTION('center_axis',(0.,-1.,0.));
#8123=DIRECTION('ref_axis',(-1.,0.,0.));
#8124=DIRECTION('',(0.,0.,1.));
#8125=DIRECTION('center_axis',(1.,0.,0.));
#8126=DIRECTION('ref_axis',(0.,-1.,0.));
#8127=DIRECTION('',(0.,0.,1.));
#8128=DIRECTION('center_axis',(0.,0.,-1.));
#8129=DIRECTION('ref_axis',(0.999999999991245,4.18456960559302E-6,0.));
#8130=DIRECTION('',(0.,0.,1.));
#8131=DIRECTION('center_axis',(0.,0.,-1.));
#8132=DIRECTION('ref_axis',(-0.999999999991245,-4.18456956611802E-6,0.));
#8133=DIRECTION('',(0.,0.,1.));
#8134=DIRECTION('center_axis',(-1.,0.,0.));
#8135=DIRECTION('ref_axis',(0.,1.,0.));
#8136=DIRECTION('',(0.,0.,1.));
#8137=DIRECTION('center_axis',(0.,1.,0.));
#8138=DIRECTION('ref_axis',(1.,0.,0.));
#8139=DIRECTION('',(0.,0.,1.));
#8140=DIRECTION('center_axis',(0.,0.,-1.));
#8141=DIRECTION('ref_axis',(4.18456960559302E-6,-0.999999999991245,0.));
#8142=DIRECTION('center_axis',(0.,0.,-1.));
#8143=DIRECTION('ref_axis',(-4.18456956611802E-6,0.999999999991245,0.));
#8144=DIRECTION('',(0.,0.,1.));
#8145=DIRECTION('',(0.,0.,1.));
#8146=DIRECTION('center_axis',(0.,-1.,0.));
#8147=DIRECTION('ref_axis',(-1.,0.,0.));
#8148=DIRECTION('',(0.,0.,1.));
#8149=DIRECTION('center_axis',(1.,0.,0.));
#8150=DIRECTION('ref_axis',(0.,-1.,0.));
#8151=DIRECTION('',(0.,0.,1.));
#8152=DIRECTION('center_axis',(0.,0.,-1.));
#8153=DIRECTION('ref_axis',(0.999999999991245,4.18456955625002E-6,0.));
#8154=DIRECTION('',(0.,0.,1.));
#8155=DIRECTION('center_axis',(0.,0.,-1.));
#8156=DIRECTION('ref_axis',(-0.999999999991245,-4.18456956611802E-6,0.));
#8157=DIRECTION('',(0.,0.,1.));
#8158=DIRECTION('center_axis',(-1.,0.,0.));
#8159=DIRECTION('ref_axis',(0.,1.,0.));
#8160=DIRECTION('',(0.,0.,1.));
#8161=DIRECTION('center_axis',(0.,1.,0.));
#8162=DIRECTION('ref_axis',(1.,0.,0.));
#8163=DIRECTION('',(0.,0.,1.));
#8164=DIRECTION('center_axis',(0.,0.,-1.));
#8165=DIRECTION('ref_axis',(4.18456954638102E-6,-0.999999999991245,0.));
#8166=DIRECTION('center_axis',(0.,0.,-1.));
#8167=DIRECTION('ref_axis',(-4.18456956611802E-6,0.999999999991245,0.));
#8168=DIRECTION('',(0.,0.,1.));
#8169=DIRECTION('',(0.,0.,1.));
#8170=DIRECTION('center_axis',(0.,-1.,0.));
#8171=DIRECTION('ref_axis',(-1.,0.,0.));
#8172=DIRECTION('',(0.,0.,1.));
#8173=DIRECTION('center_axis',(1.,0.,0.));
#8174=DIRECTION('ref_axis',(0.,-1.,0.));
#8175=DIRECTION('',(0.,0.,1.));
#8176=DIRECTION('center_axis',(0.,0.,-1.));
#8177=DIRECTION('ref_axis',(0.999999999991245,4.18456957598702E-6,0.));
#8178=DIRECTION('',(0.,0.,1.));
#8179=DIRECTION('center_axis',(0.,0.,-1.));
#8180=DIRECTION('ref_axis',(-0.999999999991245,-4.18456956611802E-6,0.));
#8181=DIRECTION('',(0.,0.,1.));
#8182=DIRECTION('center_axis',(-1.,0.,0.));
#8183=DIRECTION('ref_axis',(0.,1.,0.));
#8184=DIRECTION('',(0.,0.,1.));
#8185=DIRECTION('center_axis',(0.,1.,0.));
#8186=DIRECTION('ref_axis',(1.,0.,0.));
#8187=DIRECTION('',(0.,0.,1.));
#8188=DIRECTION('center_axis',(0.,0.,-1.));
#8189=DIRECTION('ref_axis',(4.18456957598702E-6,-0.999999999991245,0.));
#8190=DIRECTION('center_axis',(0.,0.,-1.));
#8191=DIRECTION('ref_axis',(-4.18456957598702E-6,0.999999999991245,0.));
#8192=DIRECTION('',(0.,0.,1.));
#8193=DIRECTION('',(0.,0.,1.));
#8194=DIRECTION('center_axis',(0.,-1.,0.));
#8195=DIRECTION('ref_axis',(-1.,0.,0.));
#8196=DIRECTION('',(0.,0.,1.));
#8197=DIRECTION('center_axis',(1.,0.,0.));
#8198=DIRECTION('ref_axis',(0.,-1.,0.));
#8199=DIRECTION('',(0.,0.,1.));
#8200=DIRECTION('center_axis',(0.,0.,-1.));
#8201=DIRECTION('ref_axis',(0.999999999991245,4.18456957598702E-6,0.));
#8202=DIRECTION('',(0.,0.,1.));
#8203=DIRECTION('center_axis',(0.,0.,-1.));
#8204=DIRECTION('ref_axis',(-0.999999999991245,-4.18456958338802E-6,0.));
#8205=DIRECTION('',(0.,0.,1.));
#8206=DIRECTION('center_axis',(-1.,0.,0.));
#8207=DIRECTION('ref_axis',(0.,1.,0.));
#8208=DIRECTION('',(0.,0.,1.));
#8209=DIRECTION('center_axis',(0.,1.,0.));
#8210=DIRECTION('ref_axis',(1.,0.,0.));
#8211=DIRECTION('',(0.,0.,1.));
#8212=DIRECTION('center_axis',(0.,0.,-1.));
#8213=DIRECTION('ref_axis',(4.18456957845402E-6,-0.999999999991245,0.));
#8214=DIRECTION('center_axis',(0.,0.,-1.));
#8215=DIRECTION('ref_axis',(0.,-1.,0.));
#8216=DIRECTION('',(0.,0.,-1.));
#8217=DIRECTION('center_axis',(0.,0.,-1.));
#8218=DIRECTION('ref_axis',(-4.18456958585502E-6,0.999999999991245,0.));
#8219=DIRECTION('',(0.,0.,1.));
#8220=DIRECTION('',(0.,0.,1.));
#8221=DIRECTION('center_axis',(0.,-1.,0.));
#8222=DIRECTION('ref_axis',(-1.,0.,0.));
#8223=DIRECTION('',(0.,0.,1.));
#8224=DIRECTION('center_axis',(1.,0.,0.));
#8225=DIRECTION('ref_axis',(0.,-1.,0.));
#8226=DIRECTION('',(0.,0.,1.));
#8227=DIRECTION('center_axis',(0.,0.,-1.));
#8228=DIRECTION('ref_axis',(0.999999999991245,4.18456960559302E-6,0.));
#8229=DIRECTION('',(0.,0.,1.));
#8230=DIRECTION('center_axis',(0.,0.,-1.));
#8231=DIRECTION('ref_axis',(-0.999999999991245,-4.18456956611802E-6,0.));
#8232=DIRECTION('',(0.,0.,1.));
#8233=DIRECTION('center_axis',(-1.,0.,0.));
#8234=DIRECTION('ref_axis',(0.,1.,0.));
#8235=DIRECTION('',(0.,0.,1.));
#8236=DIRECTION('center_axis',(0.,1.,0.));
#8237=DIRECTION('ref_axis',(1.,0.,0.));
#8238=DIRECTION('',(0.,0.,1.));
#8239=DIRECTION('center_axis',(0.,0.,-1.));
#8240=DIRECTION('ref_axis',(4.18456957598702E-6,-0.999999999991245,0.));
#8241=DIRECTION('center_axis',(0.,0.,-1.));
#8242=DIRECTION('ref_axis',(-4.18456960559302E-6,0.999999999991245,0.));
#8243=DIRECTION('',(0.,0.,1.));
#8244=DIRECTION('',(0.,0.,1.));
#8245=DIRECTION('center_axis',(0.,-1.,0.));
#8246=DIRECTION('ref_axis',(-1.,0.,0.));
#8247=DIRECTION('',(0.,0.,1.));
#8248=DIRECTION('center_axis',(1.,0.,0.));
#8249=DIRECTION('ref_axis',(0.,-1.,0.));
#8250=DIRECTION('',(0.,0.,1.));
#8251=DIRECTION('center_axis',(0.,0.,-1.));
#8252=DIRECTION('ref_axis',(0.999999999991245,4.18456960559302E-6,0.));
#8253=DIRECTION('',(0.,0.,1.));
#8254=DIRECTION('center_axis',(0.,0.,-1.));
#8255=DIRECTION('ref_axis',(-0.999999999991245,-4.18456957598702E-6,0.));
#8256=DIRECTION('',(0.,0.,1.));
#8257=DIRECTION('center_axis',(-1.,0.,0.));
#8258=DIRECTION('ref_axis',(0.,1.,0.));
#8259=DIRECTION('',(0.,0.,1.));
#8260=DIRECTION('center_axis',(0.,1.,0.));
#8261=DIRECTION('ref_axis',(1.,0.,0.));
#8262=DIRECTION('',(0.,0.,1.));
#8263=DIRECTION('center_axis',(0.,0.,-1.));
#8264=DIRECTION('ref_axis',(4.18456957845402E-6,-0.999999999991245,0.));
#8265=DIRECTION('center_axis',(0.,0.,-1.));
#8266=DIRECTION('ref_axis',(-4.18456958184603E-6,0.999999999991245,0.));
#8267=DIRECTION('',(0.,0.,1.));
#8268=DIRECTION('',(0.,0.,1.));
#8269=DIRECTION('center_axis',(0.,-1.,0.));
#8270=DIRECTION('ref_axis',(-1.,0.,0.));
#8271=DIRECTION('',(0.,0.,1.));
#8272=DIRECTION('center_axis',(1.,0.,0.));
#8273=DIRECTION('ref_axis',(0.,-1.,0.));
#8274=DIRECTION('',(0.,0.,1.));
#8275=DIRECTION('center_axis',(0.,0.,-1.));
#8276=DIRECTION('ref_axis',(0.999999999991245,4.18456957598702E-6,0.));
#8277=DIRECTION('',(0.,0.,1.));
#8278=DIRECTION('center_axis',(0.,0.,-1.));
#8279=DIRECTION('ref_axis',(-0.999999999991245,-4.18456958585602E-6,0.));
#8280=DIRECTION('',(0.,0.,1.));
#8281=DIRECTION('center_axis',(-1.,0.,0.));
#8282=DIRECTION('ref_axis',(0.,1.,0.));
#8283=DIRECTION('',(0.,0.,1.));
#8284=DIRECTION('center_axis',(0.,1.,0.));
#8285=DIRECTION('ref_axis',(1.,0.,0.));
#8286=DIRECTION('',(0.,0.,1.));
#8287=DIRECTION('center_axis',(0.,0.,-1.));
#8288=DIRECTION('ref_axis',(4.18456958585602E-6,-0.999999999991245,0.));
#8289=DIRECTION('center_axis',(0.,0.,-1.));
#8290=DIRECTION('ref_axis',(-4.18456957598702E-6,0.999999999991245,0.));
#8291=DIRECTION('',(0.,0.,1.));
#8292=DIRECTION('',(0.,0.,1.));
#8293=DIRECTION('center_axis',(0.,-1.,0.));
#8294=DIRECTION('ref_axis',(-1.,0.,0.));
#8295=DIRECTION('',(0.,0.,1.));
#8296=DIRECTION('center_axis',(1.,0.,0.));
#8297=DIRECTION('ref_axis',(0.,-1.,0.));
#8298=DIRECTION('',(0.,0.,1.));
#8299=DIRECTION('center_axis',(0.,0.,-1.));
#8300=DIRECTION('ref_axis',(0.999999999991245,4.18456960559302E-6,0.));
#8301=DIRECTION('',(0.,0.,1.));
#8302=DIRECTION('center_axis',(0.,0.,-1.));
#8303=DIRECTION('ref_axis',(-0.999999999991245,-4.18456958585602E-6,0.));
#8304=DIRECTION('',(0.,0.,1.));
#8305=DIRECTION('center_axis',(-1.,0.,0.));
#8306=DIRECTION('ref_axis',(0.,1.,0.));
#8307=DIRECTION('',(0.,0.,1.));
#8308=DIRECTION('center_axis',(0.,1.,0.));
#8309=DIRECTION('ref_axis',(1.,0.,0.));
#8310=DIRECTION('',(0.,0.,1.));
#8311=DIRECTION('center_axis',(0.,0.,-1.));
#8312=DIRECTION('ref_axis',(4.18456961546102E-6,-0.999999999991245,0.));
#8313=DIRECTION('center_axis',(0.,0.,-1.));
#8314=DIRECTION('ref_axis',(-4.18456956611802E-6,0.999999999991245,0.));
#8315=DIRECTION('',(0.,0.,1.));
#8316=DIRECTION('',(0.,0.,1.));
#8317=DIRECTION('center_axis',(0.,-1.,0.));
#8318=DIRECTION('ref_axis',(-1.,0.,0.));
#8319=DIRECTION('',(0.,0.,1.));
#8320=DIRECTION('center_axis',(1.,0.,0.));
#8321=DIRECTION('ref_axis',(0.,-1.,0.));
#8322=DIRECTION('',(0.,0.,1.));
#8323=DIRECTION('center_axis',(0.,0.,-1.));
#8324=DIRECTION('ref_axis',(0.999999999991245,4.18456961052702E-6,0.));
#8325=DIRECTION('',(0.,0.,1.));
#8326=DIRECTION('center_axis',(0.,0.,-1.));
#8327=DIRECTION('ref_axis',(-0.999999999991245,-4.18456956519302E-6,0.));
#8328=DIRECTION('',(0.,0.,1.));
#8329=DIRECTION('center_axis',(-1.,0.,0.));
#8330=DIRECTION('ref_axis',(0.,1.,0.));
#8331=DIRECTION('',(0.,0.,1.));
#8332=DIRECTION('center_axis',(0.,1.,0.));
#8333=DIRECTION('ref_axis',(1.,0.,0.));
#8334=DIRECTION('',(0.,0.,1.));
#8335=DIRECTION('center_axis',(0.,0.,-1.));
#8336=DIRECTION('ref_axis',(4.18456960559302E-6,-0.999999999991245,0.));
#8337=DIRECTION('center_axis',(0.,0.,-1.));
#8338=DIRECTION('ref_axis',(0.,-1.,0.));
#8339=DIRECTION('',(0.,0.,-1.));
#8340=DIRECTION('center_axis',(0.,0.,-1.));
#8341=DIRECTION('ref_axis',(-4.18456956611802E-6,0.999999999991245,0.));
#8342=DIRECTION('',(0.,0.,1.));
#8343=DIRECTION('',(0.,0.,1.));
#8344=DIRECTION('center_axis',(0.,-1.,0.));
#8345=DIRECTION('ref_axis',(-1.,0.,0.));
#8346=DIRECTION('',(0.,0.,1.));
#8347=DIRECTION('center_axis',(1.,0.,0.));
#8348=DIRECTION('ref_axis',(0.,-1.,0.));
#8349=DIRECTION('',(0.,0.,1.));
#8350=DIRECTION('center_axis',(0.,0.,-1.));
#8351=DIRECTION('ref_axis',(0.999999999991245,4.18456955625002E-6,0.));
#8352=DIRECTION('',(0.,0.,1.));
#8353=DIRECTION('center_axis',(0.,0.,-1.));
#8354=DIRECTION('ref_axis',(-0.999999999991245,-4.18456956611802E-6,0.));
#8355=DIRECTION('',(0.,0.,1.));
#8356=DIRECTION('center_axis',(-1.,0.,0.));
#8357=DIRECTION('ref_axis',(0.,1.,0.));
#8358=DIRECTION('',(0.,0.,1.));
#8359=DIRECTION('center_axis',(0.,1.,0.));
#8360=DIRECTION('ref_axis',(1.,0.,0.));
#8361=DIRECTION('',(0.,0.,1.));
#8362=DIRECTION('center_axis',(0.,0.,-1.));
#8363=DIRECTION('ref_axis',(4.18456954638102E-6,-0.999999999991245,0.));
#8364=DIRECTION('center_axis',(0.,0.,-1.));
#8365=DIRECTION('ref_axis',(0.,-1.,0.));
#8366=DIRECTION('',(0.,0.,-1.));
#8367=DIRECTION('center_axis',(0.,0.,-1.));
#8368=DIRECTION('ref_axis',(-4.18456960898503E-6,0.999999999991245,0.));
#8369=DIRECTION('',(0.,0.,1.));
#8370=DIRECTION('',(0.,0.,1.));
#8371=DIRECTION('center_axis',(0.,-1.,0.));
#8372=DIRECTION('ref_axis',(-1.,0.,0.));
#8373=DIRECTION('',(0.,0.,1.));
#8374=DIRECTION('center_axis',(1.,0.,0.));
#8375=DIRECTION('ref_axis',(0.,-1.,0.));
#8376=DIRECTION('',(0.,0.,1.));
#8377=DIRECTION('center_axis',(0.,0.,-1.));
#8378=DIRECTION('ref_axis',(0.999999999991245,4.18456960559302E-6,0.));
#8379=DIRECTION('',(0.,0.,1.));
#8380=DIRECTION('center_axis',(0.,0.,-1.));
#8381=DIRECTION('ref_axis',(-0.999999999991245,-4.18456957598702E-6,0.));
#8382=DIRECTION('',(0.,0.,1.));
#8383=DIRECTION('center_axis',(-1.,0.,0.));
#8384=DIRECTION('ref_axis',(0.,1.,0.));
#8385=DIRECTION('',(0.,0.,1.));
#8386=DIRECTION('center_axis',(0.,1.,0.));
#8387=DIRECTION('ref_axis',(1.,0.,0.));
#8388=DIRECTION('',(0.,0.,1.));
#8389=DIRECTION('center_axis',(0.,0.,-1.));
#8390=DIRECTION('ref_axis',(4.18456958585602E-6,-0.999999999991245,0.));
#8391=DIRECTION('center_axis',(0.,0.,-1.));
#8392=DIRECTION('ref_axis',(-4.18456960559302E-6,0.999999999991245,0.));
#8393=DIRECTION('',(0.,0.,1.));
#8394=DIRECTION('',(0.,0.,1.));
#8395=DIRECTION('center_axis',(0.,-1.,0.));
#8396=DIRECTION('ref_axis',(-1.,0.,0.));
#8397=DIRECTION('',(0.,0.,1.));
#8398=DIRECTION('center_axis',(1.,0.,0.));
#8399=DIRECTION('ref_axis',(0.,-1.,0.));
#8400=DIRECTION('',(0.,0.,1.));
#8401=DIRECTION('center_axis',(0.,0.,-1.));
#8402=DIRECTION('ref_axis',(0.999999999991245,4.18456964506702E-6,0.));
#8403=DIRECTION('',(0.,0.,1.));
#8404=DIRECTION('center_axis',(0.,0.,-1.));
#8405=DIRECTION('ref_axis',(-0.999999999991245,-4.18456957598702E-6,0.));
#8406=DIRECTION('',(0.,0.,1.));
#8407=DIRECTION('center_axis',(-1.,0.,0.));
#8408=DIRECTION('ref_axis',(0.,1.,0.));
#8409=DIRECTION('',(0.,0.,1.));
#8410=DIRECTION('center_axis',(0.,1.,0.));
#8411=DIRECTION('ref_axis',(1.,0.,0.));
#8412=DIRECTION('',(0.,0.,1.));
#8413=DIRECTION('center_axis',(0.,0.,-1.));
#8414=DIRECTION('ref_axis',(4.18456961546102E-6,-0.999999999991245,0.));
#8415=DIRECTION('center_axis',(0.,0.,-1.));
#8416=DIRECTION('ref_axis',(-4.18456958585502E-6,0.999999999991245,0.));
#8417=DIRECTION('',(0.,0.,1.));
#8418=DIRECTION('',(0.,0.,1.));
#8419=DIRECTION('center_axis',(0.,-1.,0.));
#8420=DIRECTION('ref_axis',(-1.,0.,0.));
#8421=DIRECTION('',(0.,0.,1.));
#8422=DIRECTION('center_axis',(1.,0.,0.));
#8423=DIRECTION('ref_axis',(0.,-1.,0.));
#8424=DIRECTION('',(0.,0.,1.));
#8425=DIRECTION('center_axis',(0.,0.,-1.));
#8426=DIRECTION('ref_axis',(0.999999999991245,4.18456964506702E-6,0.));
#8427=DIRECTION('',(0.,0.,1.));
#8428=DIRECTION('center_axis',(0.,0.,-1.));
#8429=DIRECTION('ref_axis',(-0.999999999991245,-4.18456956611802E-6,0.));
#8430=DIRECTION('',(0.,0.,1.));
#8431=DIRECTION('center_axis',(-1.,0.,0.));
#8432=DIRECTION('ref_axis',(0.,1.,0.));
#8433=DIRECTION('',(0.,0.,1.));
#8434=DIRECTION('center_axis',(0.,1.,0.));
#8435=DIRECTION('ref_axis',(1.,0.,0.));
#8436=DIRECTION('',(0.,0.,1.));
#8437=DIRECTION('center_axis',(0.,0.,-1.));
#8438=DIRECTION('ref_axis',(4.18456960559302E-6,-0.999999999991245,0.));
#8439=DIRECTION('center_axis',(-1.,0.,0.));
#8440=DIRECTION('ref_axis',(0.,0.,1.));
#8441=DIRECTION('',(0.,1.,0.));
#8442=DIRECTION('',(0.,0.,1.));
#8443=DIRECTION('',(0.,-1.,0.));
#8444=DIRECTION('',(0.,0.,-1.));
#8445=DIRECTION('center_axis',(1.,-5.41629320931435E-14,0.));
#8446=DIRECTION('ref_axis',(5.41629320931435E-14,1.,0.));
#8447=DIRECTION('',(0.,0.,1.));
#8448=DIRECTION('',(5.41629320931435E-14,1.,0.));
#8449=DIRECTION('',(0.,0.,-1.));
#8450=DIRECTION('',(-5.41629320931435E-14,-1.,0.));
#8451=DIRECTION('',(0.,0.,1.));
#8452=DIRECTION('',(5.41629320931435E-14,1.,0.));
#8453=DIRECTION('',(0.,0.,1.));
#8454=DIRECTION('',(-5.41629320931435E-14,-1.,0.));
#8455=DIRECTION('center_axis',(0.,0.,-1.));
#8456=DIRECTION('ref_axis',(0.,-1.,0.));
#8457=DIRECTION('',(-1.,0.,0.));
#8458=DIRECTION('',(6.81073209270258E-14,1.,0.));
#8459=DIRECTION('',(-1.,0.,0.));
#8460=DIRECTION('center_axis',(0.,1.,0.));
#8461=DIRECTION('ref_axis',(0.,0.,-1.));
#8462=DIRECTION('',(0.,0.,1.));
#8463=DIRECTION('',(-1.,0.,0.));
#8464=DIRECTION('',(-1.,0.,0.));
#8465=DIRECTION('center_axis',(0.,0.,1.));
#8466=DIRECTION('ref_axis',(0.,1.,0.));
#8467=DIRECTION('',(-6.81073209270258E-14,-1.,0.));
#8468=DIRECTION('',(-1.,0.,0.));
#8469=DIRECTION('center_axis',(0.,-1.,0.));
#8470=DIRECTION('ref_axis',(0.,0.,1.));
#8471=DIRECTION('',(0.,0.,-1.));
#8472=DIRECTION('',(1.,0.,0.));
#8473=DIRECTION('center_axis',(-1.,0.,0.));
#8474=DIRECTION('ref_axis',(0.,0.,1.));
#8475=DIRECTION('',(0.,0.,1.));
#8476=DIRECTION('',(0.,-1.,0.));
#8477=DIRECTION('',(0.,0.,1.));
#8478=DIRECTION('',(0.,1.,0.));
#8479=DIRECTION('center_axis',(1.,0.,0.));
#8480=DIRECTION('ref_axis',(0.,0.,-1.));
#8481=DIRECTION('',(0.,0.,-1.));
#8482=DIRECTION('',(0.,-1.,0.));
#8483=DIRECTION('',(0.,0.,-1.));
#8484=DIRECTION('',(0.,1.,0.));
#8485=DIRECTION('center_axis',(-1.64321586216674E-59,-1.,2.80259692864963E-45));
#8486=DIRECTION('ref_axis',(1.,-1.64321586216674E-59,0.));
#8487=DIRECTION('',(0.,-2.80259692864963E-45,-1.));
#8488=DIRECTION('',(1.,-1.64321586216674E-59,0.));
#8489=DIRECTION('',(-1.,1.64321586216674E-59,0.));
#8490=DIRECTION('',(1.,-1.64321586216674E-59,0.));
#8491=DIRECTION('',(0.,2.80259692864963E-45,1.));
#8492=DIRECTION('center_axis',(-1.64321586216674E-59,-1.,2.80259692864963E-45));
#8493=DIRECTION('ref_axis',(0.,0.,-1.));
#8494=DIRECTION('',(1.,-1.53517740248165E-59,3.85494105772623E-16));
#8495=DIRECTION('center_axis',(-1.64321586216674E-59,-1.,2.80259692864963E-45));
#8496=DIRECTION('ref_axis',(-1.,0.,6.66133814775096E-15));
#8497=DIRECTION('center_axis',(0.,0.,1.));
#8498=DIRECTION('ref_axis',(1.,0.,0.));
#8499=DIRECTION('center_axis',(0.,0.,-1.));
#8500=DIRECTION('ref_axis',(0.500000327681326,-0.866025214597454,0.));
#8501=DIRECTION('',(-0.86602541722977,-0.499999976712003,0.));
#8502=DIRECTION('center_axis',(0.,0.,1.));
#8503=DIRECTION('ref_axis',(-0.499999362865057,0.866025771634157,0.));
#8504=DIRECTION('',(0.499999997618729,-0.866025405159266,0.));
#8505=DIRECTION('center_axis',(0.,0.,1.));
#8506=DIRECTION('ref_axis',(-0.866011972921611,-0.500023262215288,0.));
#8507=DIRECTION('',(0.866025417790025,0.499999975741612,0.));
#8508=DIRECTION('',(0.96592582656477,0.258819044073587,0.));
#8509=DIRECTION('center_axis',(0.,0.,1.));
#8510=DIRECTION('ref_axis',(0.258830370269794,-0.965922791648484,0.));
#8511=DIRECTION('',(-0.258819055781282,0.965925823427703,0.));
#8512=DIRECTION('center_axis',(0.,0.,-1.));
#8513=DIRECTION('ref_axis',(2.08744007101487E-7,0.999999999999978,0.));
#8514=DIRECTION('',(1.,1.37678657087413E-14,0.));
#8515=DIRECTION('center_axis',(0.,0.,1.));
#8516=DIRECTION('ref_axis',(-5.33628851487099E-7,-0.999999999999858,0.));
#8517=DIRECTION('center_axis',(0.,0.,-1.));
#8518=DIRECTION('ref_axis',(7.4707055857801E-7,0.999999999999721,0.));
#8519=DIRECTION('',(1.,-6.66133810351548E-15,0.));
#8520=DIRECTION('',(-8.88178419700176E-15,-1.,0.));
#8521=DIRECTION('',(-1.,9.74529081192148E-15,0.));
#8522=DIRECTION('center_axis',(0.,0.,1.));
#8523=DIRECTION('ref_axis',(7.47070568826993E-7,0.999999999999721,0.));
#8524=DIRECTION('center_axis',(0.,0.,-1.));
#8525=DIRECTION('ref_axis',(-3.9320014646849E-7,-0.999999999999923,0.));
#8526=DIRECTION('',(-1.,-1.22033353350778E-14,0.));
#8527=DIRECTION('center_axis',(0.,0.,1.));
#8528=DIRECTION('ref_axis',(2.08744006901053E-7,0.999999999999978,0.));
#8529=DIRECTION('',(0.258819055781283,-0.965925823427703,0.));
#8530=DIRECTION('center_axis',(0.,0.,-1.));
#8531=DIRECTION('ref_axis',(0.258819044073586,-0.96592582656477,0.));
#8532=DIRECTION('',(-0.96592582656477,-0.258819044073586,0.));
#8533=DIRECTION('',(-0.866025417790025,-0.499999975741613,0.));
#8534=DIRECTION('center_axis',(0.,0.,-1.));
#8535=DIRECTION('ref_axis',(-0.866025405159359,-0.499999997618568,0.));
#8536=DIRECTION('',(-0.499999997618576,0.866025405159354,0.));
#8537=DIRECTION('center_axis',(0.,0.,-1.));
#8538=DIRECTION('ref_axis',(-0.499999781397243,0.866025529994762,0.));
#8539=DIRECTION('',(0.866025417229782,0.499999976711981,0.));
#8540=DIRECTION('center_axis',(0.,0.,1.));
#8541=DIRECTION('ref_axis',(0.500000327681325,-0.866025214597455,0.));
#8542=DIRECTION('',(6.81073209270258E-14,1.,0.));
#8543=DIRECTION('center_axis',(0.,0.,-1.));
#8544=DIRECTION('ref_axis',(1.69788656430348E-7,0.999999999999986,0.));
#8545=DIRECTION('',(1.,4.5273927312442E-15,0.));
#8546=DIRECTION('center_axis',(0.,0.,-1.));
#8547=DIRECTION('ref_axis',(1.69788656430349E-7,0.999999999999986,0.));
#8548=DIRECTION('',(1.,9.58336493363707E-15,0.));
#8549=DIRECTION('center_axis',(0.,0.,-1.));
#8550=DIRECTION('ref_axis',(1.69789840836658E-7,0.999999999999986,0.));
#8551=DIRECTION('',(1.,-6.09426755340516E-13,0.));
#8552=DIRECTION('center_axis',(0.,0.,-1.));
#8553=DIRECTION('ref_axis',(0.668636046615947,0.74358983126842,0.));
#8554=DIRECTION('',(1.,-4.81748370840922E-13,0.));
#8555=DIRECTION('center_axis',(0.,0.,-1.));
#8556=DIRECTION('ref_axis',(0.999999999999986,-1.69789782802264E-7,0.));
#8557=DIRECTION('',(2.06184276001826E-14,-1.,0.));
#8558=DIRECTION('',(1.,-9.58137845479569E-14,0.));
#8559=DIRECTION('center_axis',(0.,0.,-1.));
#8560=DIRECTION('ref_axis',(0.999999999999986,-1.6978978986732E-7,0.));
#8561=DIRECTION('',(1.29526019539606E-14,-1.,0.));
#8562=DIRECTION('',(1.,-9.61179552925541E-14,0.));
#8563=DIRECTION('center_axis',(0.,0.,-1.));
#8564=DIRECTION('ref_axis',(0.999999999999986,-1.6978971316099E-7,0.));
#8565=DIRECTION('',(1.07781658870898E-13,-1.,0.));
#8566=DIRECTION('center_axis',(0.,0.,-1.));
#8567=DIRECTION('ref_axis',(-1.69790023014002E-7,-0.999999999999986,0.));
#8568=DIRECTION('',(-1.,2.84095426027465E-13,0.));
#8569=DIRECTION('',(4.4409108986212E-14,-1.,0.));
#8570=DIRECTION('center_axis',(0.,0.,-1.));
#8571=DIRECTION('ref_axis',(-1.69789984660836E-7,-0.999999999999986,0.));
#8572=DIRECTION('',(-1.,2.35539028428789E-13,0.));
#8573=DIRECTION('',(2.30119002501682E-13,-1.,0.));
#8574=DIRECTION('center_axis',(0.,0.,-1.));
#8575=DIRECTION('ref_axis',(-1.69790950555032E-7,-0.999999999999986,0.));
#8576=DIRECTION('',(-1.,1.48452691396232E-12,0.));
#8577=DIRECTION('',(1.48473825826538E-12,1.,0.));
#8578=DIRECTION('',(1.,-1.48452691396232E-12,0.));
#8579=DIRECTION('center_axis',(0.,0.,1.));
#8580=DIRECTION('ref_axis',(-5.33625714312362E-7,-0.999999999999858,0.));
#8581=DIRECTION('',(-2.99224253079432E-13,1.,0.));
#8582=DIRECTION('center_axis',(0.,0.,-1.));
#8583=DIRECTION('ref_axis',(7.4707556198934E-7,0.999999999999721,0.));
#8584=DIRECTION('',(1.,-2.3569222110911E-13,0.));
#8585=DIRECTION('center_axis',(0.,0.,1.));
#8586=DIRECTION('ref_axis',(-5.33625352696668E-7,-0.999999999999858,0.));
#8587=DIRECTION('',(-1.45069156334608E-12,1.,0.));
#8588=DIRECTION('center_axis',(0.,0.,-1.));
#8589=DIRECTION('ref_axis',(7.47075554587841E-7,0.999999999999721,0.));
#8590=DIRECTION('',(1.,-2.84086474836814E-13,0.));
#8591=DIRECTION('center_axis',(0.,0.,1.));
#8592=DIRECTION('ref_axis',(-5.33625371729075E-7,-0.999999999999858,0.));
#8593=DIRECTION('',(-1.30346185349265E-13,1.,0.));
#8594=DIRECTION('center_axis',(0.,0.,1.));
#8595=DIRECTION('ref_axis',(0.999999999999858,-5.33625286085163E-7,0.));
#8596=DIRECTION('',(-1.,3.89231137828234E-14,0.));
#8597=DIRECTION('center_axis',(0.,0.,-1.));
#8598=DIRECTION('ref_axis',(-0.999999999999721,7.47075561989329E-7,0.));
#8599=DIRECTION('',(-1.33226759637337E-14,1.,0.));
#8600=DIRECTION('center_axis',(0.,0.,1.));
#8601=DIRECTION('ref_axis',(0.999999999999858,-5.33625276568954E-7,0.));
#8602=DIRECTION('',(-1.,3.84006558796982E-14,0.));
#8603=DIRECTION('center_axis',(0.,0.,-1.));
#8604=DIRECTION('ref_axis',(-0.999999999999721,7.47075554587844E-7,0.));
#8605=DIRECTION('',(-2.10942366799285E-14,1.,0.));
#8606=DIRECTION('center_axis',(0.,0.,1.));
#8607=DIRECTION('ref_axis',(0.999999999999858,-5.33625270224821E-7,0.));
#8608=DIRECTION('',(-1.,4.29370831941259E-13,0.));
#8609=DIRECTION('center_axis',(0.,0.,-1.));
#8610=DIRECTION('ref_axis',(-0.999999999996443,-2.66713891298855E-6,0.));
#8611=DIRECTION('center_axis',(0.,0.,1.));
#8612=DIRECTION('ref_axis',(0.999999999996443,2.66713890022105E-6,0.));
#8613=DIRECTION('',(-1.,6.24002240213921E-14,0.));
#8614=DIRECTION('center_axis',(0.,0.,1.));
#8615=DIRECTION('ref_axis',(5.33625274982917E-7,0.999999999999858,0.));
#8616=DIRECTION('',(-6.42264211673676E-13,-1.,0.));
#8617=DIRECTION('center_axis',(0.,0.,-1.));
#8618=DIRECTION('ref_axis',(-7.47075558288581E-7,-0.999999999999721,0.));
#8619=DIRECTION('',(-1.,-9.92669981038976E-15,0.));
#8620=DIRECTION('center_axis',(0.,0.,1.));
#8621=DIRECTION('ref_axis',(5.33621707993045E-7,0.999999999999858,0.));
#8622=DIRECTION('center_axis',(0.,0.,-1.));
#8623=DIRECTION('ref_axis',(-7.47080557999161E-7,-0.999999999999721,0.));
#8624=DIRECTION('',(-1.,-4.32086795283265E-15,0.));
#8625=DIRECTION('',(-1.,-4.32086795283265E-15,0.));
#8626=DIRECTION('center_axis',(0.,0.,1.));
#8627=DIRECTION('ref_axis',(5.33621698476833E-7,0.999999999999858,0.));
#8628=DIRECTION('center_axis',(4.32086795283265E-15,-1.,0.));
#8629=DIRECTION('ref_axis',(1.,4.32086795283265E-15,0.));
#8630=DIRECTION('',(1.,4.32086795283265E-15,0.));
#8631=DIRECTION('',(0.,0.,1.));
#8632=DIRECTION('center_axis',(4.32086795283265E-15,-1.,0.));
#8633=DIRECTION('ref_axis',(1.,4.32086795283265E-15,0.));
#8634=DIRECTION('',(0.,0.,1.));
#8635=DIRECTION('',(1.,4.32086795283265E-15,0.));
#8636=DIRECTION('center_axis',(0.,0.,1.));
#8637=DIRECTION('ref_axis',(1.,0.,0.));
#8638=DIRECTION('',(0.,1.,0.));
#8639=DIRECTION('',(-1.,-4.5273927312442E-15,0.));
#8640=DIRECTION('center_axis',(0.,0.,1.));
#8641=DIRECTION('ref_axis',(1.69788656430348E-7,0.999999999999986,0.));
#8642=DIRECTION('',(-6.81073209270258E-14,-1.,0.));
#8643=DIRECTION('center_axis',(0.,0.,-1.));
#8644=DIRECTION('ref_axis',(0.500000327681325,-0.866025214597455,0.));
#8645=DIRECTION('',(-0.866025417229782,-0.499999976711981,0.));
#8646=DIRECTION('center_axis',(0.,0.,1.));
#8647=DIRECTION('ref_axis',(-0.499999781397243,0.866025529994762,0.));
#8648=DIRECTION('',(0.499999997618576,-0.866025405159354,0.));
#8649=DIRECTION('center_axis',(0.,0.,1.));
#8650=DIRECTION('ref_axis',(-0.866025405159359,-0.499999997618568,0.));
#8651=DIRECTION('',(0.866025417790025,0.499999975741613,0.));
#8652=DIRECTION('',(0.96592582656477,0.258819044073586,0.));
#8653=DIRECTION('center_axis',(0.,0.,1.));
#8654=DIRECTION('ref_axis',(0.258819044073586,-0.96592582656477,0.));
#8655=DIRECTION('',(-0.258819055781283,0.965925823427703,0.));
#8656=DIRECTION('center_axis',(0.,0.,-1.));
#8657=DIRECTION('ref_axis',(2.08744006901053E-7,0.999999999999978,0.));
#8658=DIRECTION('',(1.,1.22033353350778E-14,0.));
#8659=DIRECTION('center_axis',(0.,0.,1.));
#8660=DIRECTION('ref_axis',(-3.9320014646849E-7,-0.999999999999923,0.));
#8661=DIRECTION('center_axis',(0.,0.,-1.));
#8662=DIRECTION('ref_axis',(7.47070568826993E-7,0.999999999999721,0.));
#8663=DIRECTION('',(1.,-9.74529081192148E-15,0.));
#8664=DIRECTION('',(8.88178419700176E-15,1.,0.));
#8665=DIRECTION('',(-1.,6.66133810351548E-15,0.));
#8666=DIRECTION('center_axis',(0.,0.,1.));
#8667=DIRECTION('ref_axis',(7.4707055857801E-7,0.999999999999721,0.));
#8668=DIRECTION('center_axis',(0.,0.,-1.));
#8669=DIRECTION('ref_axis',(-5.33628851487099E-7,-0.999999999999858,0.));
#8670=DIRECTION('',(-1.,-1.37678657087413E-14,0.));
#8671=DIRECTION('center_axis',(0.,0.,1.));
#8672=DIRECTION('ref_axis',(2.08744007101487E-7,0.999999999999978,0.));
#8673=DIRECTION('',(0.258819055781282,-0.965925823427703,0.));
#8674=DIRECTION('center_axis',(0.,0.,-1.));
#8675=DIRECTION('ref_axis',(0.258830370269794,-0.965922791648484,0.));
#8676=DIRECTION('',(-0.96592582656477,-0.258819044073587,0.));
#8677=DIRECTION('',(-0.866025417790025,-0.499999975741612,0.));
#8678=DIRECTION('center_axis',(0.,0.,-1.));
#8679=DIRECTION('ref_axis',(-0.866011972921611,-0.500023262215288,0.));
#8680=DIRECTION('',(-0.499999997618729,0.866025405159266,0.));
#8681=DIRECTION('center_axis',(0.,0.,-1.));
#8682=DIRECTION('ref_axis',(-0.499999362865057,0.866025771634157,0.));
#8683=DIRECTION('',(0.86602541722977,0.499999976712003,0.));
#8684=DIRECTION('center_axis',(0.,0.,1.));
#8685=DIRECTION('ref_axis',(0.500000327681326,-0.866025214597454,0.));
#8686=DIRECTION('center_axis',(0.,0.,-1.));
#8687=DIRECTION('ref_axis',(5.33621698476833E-7,0.999999999999858,0.));
#8688=DIRECTION('center_axis',(-1.,0.,0.));
#8689=DIRECTION('ref_axis',(0.,0.,1.));
#8690=DIRECTION('',(0.,1.,0.));
#8691=DIRECTION('',(0.,0.,-1.));
#8692=DIRECTION('center_axis',(0.,1.,0.));
#8693=DIRECTION('ref_axis',(-1.,0.,6.66133814775096E-15));
#8694=DIRECTION('',(0.,1.,0.));
#8695=DIRECTION('center_axis',(4.5273927312442E-15,-1.,0.));
#8696=DIRECTION('ref_axis',(-1.,0.,6.66133814775096E-15));
#8697=DIRECTION('center_axis',(3.85494105772623E-16,0.,-1.));
#8698=DIRECTION('ref_axis',(-1.,0.,-3.85494105772623E-16));
#8699=DIRECTION('',(0.,1.,0.));
#8700=DIRECTION('',(1.,4.5273927312442E-15,3.85494105772623E-16));
#8701=DIRECTION('center_axis',(0.,1.,0.));
#8702=DIRECTION('ref_axis',(0.,0.,-1.));
#8703=DIRECTION('',(0.,1.,0.));
#8704=DIRECTION('center_axis',(4.5273927312442E-15,-1.,0.));
#8705=DIRECTION('ref_axis',(0.,0.,-1.));
#8706=DIRECTION('center_axis',(1.,0.,0.));
#8707=DIRECTION('ref_axis',(0.,0.,-1.));
#8708=DIRECTION('',(0.,-1.,0.));
#8709=DIRECTION('',(0.,0.,1.));
#8710=DIRECTION('center_axis',(-1.48452691396232E-12,-1.,0.));
#8711=DIRECTION('ref_axis',(1.,-1.48452691396232E-12,0.));
#8712=DIRECTION('',(0.,0.,-1.));
#8713=DIRECTION('',(1.,-1.48452691396232E-12,0.));
#8714=DIRECTION('',(0.,0.,1.));
#8715=DIRECTION('center_axis',(-1.,1.48473825826538E-12,0.));
#8716=DIRECTION('ref_axis',(-1.48473825826538E-12,-1.,0.));
#8717=DIRECTION('',(-1.48473825826538E-12,-1.,0.));
#8718=DIRECTION('',(0.,0.,1.));
#8719=DIRECTION('center_axis',(1.48452691396232E-12,1.,0.));
#8720=DIRECTION('ref_axis',(-1.,1.48452691396232E-12,0.));
#8721=DIRECTION('',(-1.,1.48452691396232E-12,0.));
#8722=DIRECTION('',(0.,0.,1.));
#8723=DIRECTION('center_axis',(0.,0.,1.));
#8724=DIRECTION('ref_axis',(-5.33625714312362E-7,-0.999999999999858,0.));
#8725=DIRECTION('center_axis',(0.,0.,-1.));
#8726=DIRECTION('ref_axis',(-5.33625714312362E-7,-0.999999999999858,0.));
#8727=DIRECTION('',(0.,0.,1.));
#8728=DIRECTION('center_axis',(-1.,-2.99224253079432E-13,0.));
#8729=DIRECTION('ref_axis',(2.99224253079432E-13,-1.,0.));
#8730=DIRECTION('',(2.99224253079432E-13,-1.,0.));
#8731=DIRECTION('',(0.,0.,1.));
#8732=DIRECTION('center_axis',(0.,0.,1.));
#8733=DIRECTION('ref_axis',(7.4707556198934E-7,0.999999999999721,0.));
#8734=DIRECTION('center_axis',(0.,0.,1.));
#8735=DIRECTION('ref_axis',(7.4707556198934E-7,0.999999999999721,0.));
#8736=DIRECTION('',(0.,0.,1.));
#8737=DIRECTION('center_axis',(2.3569222110911E-13,1.,0.));
#8738=DIRECTION('ref_axis',(-1.,2.3569222110911E-13,0.));
#8739=DIRECTION('',(-1.,2.3569222110911E-13,0.));
#8740=DIRECTION('',(0.,0.,1.));
#8741=DIRECTION('center_axis',(0.,0.,1.));
#8742=DIRECTION('ref_axis',(-5.33625352696668E-7,-0.999999999999858,0.));
#8743=DIRECTION('center_axis',(0.,0.,-1.));
#8744=DIRECTION('ref_axis',(-5.33625352696668E-7,-0.999999999999858,0.));
#8745=DIRECTION('',(0.,0.,1.));
#8746=DIRECTION('center_axis',(-1.,-1.45069156334608E-12,0.));
#8747=DIRECTION('ref_axis',(1.45069156334608E-12,-1.,0.));
#8748=DIRECTION('',(1.45069156334608E-12,-1.,0.));
#8749=DIRECTION('',(0.,0.,1.));
#8750=DIRECTION('center_axis',(0.,0.,1.));
#8751=DIRECTION('ref_axis',(7.47075554587841E-7,0.999999999999721,0.));
#8752=DIRECTION('center_axis',(0.,0.,1.));
#8753=DIRECTION('ref_axis',(7.47075554587841E-7,0.999999999999721,0.));
#8754=DIRECTION('',(0.,0.,1.));
#8755=DIRECTION('center_axis',(2.84086474836814E-13,1.,0.));
#8756=DIRECTION('ref_axis',(-1.,2.84086474836814E-13,0.));
#8757=DIRECTION('',(-1.,2.84086474836814E-13,0.));
#8758=DIRECTION('',(0.,0.,1.));
#8759=DIRECTION('center_axis',(0.,0.,1.));
#8760=DIRECTION('ref_axis',(-5.33625371729075E-7,-0.999999999999858,0.));
#8761=DIRECTION('center_axis',(0.,0.,-1.));
#8762=DIRECTION('ref_axis',(-5.33625371729075E-7,-0.999999999999858,0.));
#8763=DIRECTION('',(0.,0.,1.));
#8764=DIRECTION('center_axis',(-1.,-1.30346185349265E-13,0.));
#8765=DIRECTION('ref_axis',(1.30346185349265E-13,-1.,0.));
#8766=DIRECTION('',(1.30346185349265E-13,-1.,0.));
#8767=DIRECTION('',(0.,0.,1.));
#8768=DIRECTION('center_axis',(0.,0.,1.));
#8769=DIRECTION('ref_axis',(0.999999999999858,-5.33625286085163E-7,0.));
#8770=DIRECTION('center_axis',(0.,0.,-1.));
#8771=DIRECTION('ref_axis',(0.999999999999858,-5.33625286085163E-7,0.));
#8772=DIRECTION('',(0.,0.,1.));
#8773=DIRECTION('center_axis',(-3.89231137828234E-14,-1.,0.));
#8774=DIRECTION('ref_axis',(1.,-3.89231137828234E-14,0.));
#8775=DIRECTION('',(1.,-3.89231137828234E-14,0.));
#8776=DIRECTION('',(0.,0.,1.));
#8777=DIRECTION('center_axis',(0.,0.,1.));
#8778=DIRECTION('ref_axis',(-0.999999999999721,7.47075561989329E-7,0.));
#8779=DIRECTION('center_axis',(0.,0.,1.));
#8780=DIRECTION('ref_axis',(-0.999999999999721,7.47075561989329E-7,0.));
#8781=DIRECTION('',(0.,0.,1.));
#8782=DIRECTION('center_axis',(-1.,-1.33226759637337E-14,0.));
#8783=DIRECTION('ref_axis',(1.33226759637337E-14,-1.,0.));
#8784=DIRECTION('',(1.33226759637337E-14,-1.,0.));
#8785=DIRECTION('',(0.,0.,1.));
#8786=DIRECTION('center_axis',(0.,0.,1.));
#8787=DIRECTION('ref_axis',(0.999999999999858,-5.33625276568954E-7,0.));
#8788=DIRECTION('center_axis',(0.,0.,-1.));
#8789=DIRECTION('ref_axis',(0.999999999999858,-5.33625276568954E-7,0.));
#8790=DIRECTION('',(0.,0.,1.));
#8791=DIRECTION('center_axis',(-3.84006558796982E-14,-1.,0.));
#8792=DIRECTION('ref_axis',(1.,-3.84006558796982E-14,0.));
#8793=DIRECTION('',(1.,-3.84006558796982E-14,0.));
#8794=DIRECTION('',(0.,0.,1.));
#8795=DIRECTION('center_axis',(0.,0.,1.));
#8796=DIRECTION('ref_axis',(-0.999999999999721,7.47075554587844E-7,0.));
#8797=DIRECTION('center_axis',(0.,0.,1.));
#8798=DIRECTION('ref_axis',(-0.999999999999721,7.47075554587844E-7,0.));
#8799=DIRECTION('',(0.,0.,1.));
#8800=DIRECTION('center_axis',(-1.,-2.10942366799285E-14,0.));
#8801=DIRECTION('ref_axis',(2.10942366799285E-14,-1.,0.));
#8802=DIRECTION('',(2.10942366799285E-14,-1.,0.));
#8803=DIRECTION('',(0.,0.,1.));
#8804=DIRECTION('center_axis',(0.,0.,1.));
#8805=DIRECTION('ref_axis',(0.999999999999858,-5.33625270224821E-7,0.));
#8806=DIRECTION('center_axis',(0.,0.,-1.));
#8807=DIRECTION('ref_axis',(0.999999999999858,-5.33625270224821E-7,0.));
#8808=DIRECTION('',(0.,0.,1.));
#8809=DIRECTION('center_axis',(-4.2937083194126E-13,-1.,0.));
#8810=DIRECTION('ref_axis',(1.,-4.29370831941259E-13,0.));
#8811=DIRECTION('',(1.,-4.29370831941259E-13,0.));
#8812=DIRECTION('',(0.,0.,1.));
#8813=DIRECTION('center_axis',(0.,0.,1.));
#8814=DIRECTION('ref_axis',(-0.999999999996443,-2.66713891298855E-6,0.));
#8815=DIRECTION('center_axis',(0.,0.,1.));
#8816=DIRECTION('ref_axis',(-0.999999999996443,-2.66713891298855E-6,0.));
#8817=DIRECTION('',(0.,0.,1.));
#8818=DIRECTION('center_axis',(0.,0.,1.));
#8819=DIRECTION('ref_axis',(0.999999999996443,2.66713890022105E-6,0.));
#8820=DIRECTION('center_axis',(0.,0.,-1.));
#8821=DIRECTION('ref_axis',(0.999999999996443,2.66713890022105E-6,0.));
#8822=DIRECTION('',(0.,0.,1.));
#8823=DIRECTION('center_axis',(-6.24002240213921E-14,-1.,0.));
#8824=DIRECTION('ref_axis',(1.,-6.24002240213921E-14,0.));
#8825=DIRECTION('',(1.,-6.24002240213921E-14,0.));
#8826=DIRECTION('',(0.,0.,1.));
#8827=DIRECTION('center_axis',(0.,0.,1.));
#8828=DIRECTION('ref_axis',(5.33625274982917E-7,0.999999999999858,0.));
#8829=DIRECTION('center_axis',(0.,0.,-1.));
#8830=DIRECTION('ref_axis',(5.33625274982917E-7,0.999999999999858,0.));
#8831=DIRECTION('',(0.,0.,1.));
#8832=DIRECTION('center_axis',(1.,-6.42264211673676E-13,0.));
#8833=DIRECTION('ref_axis',(6.42264211673676E-13,1.,0.));
#8834=DIRECTION('',(6.42264211673676E-13,1.,0.));
#8835=DIRECTION('',(0.,0.,1.));
#8836=DIRECTION('center_axis',(0.,0.,1.));
#8837=DIRECTION('ref_axis',(-7.47075558288581E-7,-0.999999999999721,0.));
#8838=DIRECTION('center_axis',(0.,0.,1.));
#8839=DIRECTION('ref_axis',(-7.47075558288581E-7,-0.999999999999721,0.));
#8840=DIRECTION('',(0.,0.,1.));
#8841=DIRECTION('center_axis',(9.92669981038976E-15,-1.,0.));
#8842=DIRECTION('ref_axis',(1.,9.92669981038976E-15,0.));
#8843=DIRECTION('',(1.,9.92669981038976E-15,0.));
#8844=DIRECTION('',(0.,0.,1.));
#8845=DIRECTION('center_axis',(0.,0.,1.));
#8846=DIRECTION('ref_axis',(5.33621707993045E-7,0.999999999999858,0.));
#8847=DIRECTION('center_axis',(0.,0.,-1.));
#8848=DIRECTION('ref_axis',(5.33621707993045E-7,0.999999999999858,0.));
#8849=DIRECTION('',(0.,0.,1.));
#8850=DIRECTION('center_axis',(0.,0.,1.));
#8851=DIRECTION('ref_axis',(-7.47080557999161E-7,-0.999999999999721,0.));
#8852=DIRECTION('center_axis',(0.,0.,1.));
#8853=DIRECTION('ref_axis',(-7.47080557999161E-7,-0.999999999999721,0.));
#8854=DIRECTION('center_axis',(0.,0.,1.));
#8855=DIRECTION('ref_axis',(5.33621698476833E-7,0.999999999999858,0.));
#8856=DIRECTION('center_axis',(0.,0.,1.));
#8857=DIRECTION('ref_axis',(0.500000327681326,-0.866025214597454,0.));
#8858=DIRECTION('',(0.,0.,1.));
#8859=DIRECTION('center_axis',(0.499999976712003,-0.86602541722977,0.));
#8860=DIRECTION('ref_axis',(0.86602541722977,0.499999976712003,0.));
#8861=DIRECTION('',(0.,0.,1.));
#8862=DIRECTION('center_axis',(0.,0.,1.));
#8863=DIRECTION('ref_axis',(-0.499999362865057,0.866025771634157,0.));
#8864=DIRECTION('',(0.,0.,1.));
#8865=DIRECTION('center_axis',(0.866025405159266,0.499999997618729,0.));
#8866=DIRECTION('ref_axis',(-0.499999997618729,0.866025405159266,0.));
#8867=DIRECTION('',(0.,0.,1.));
#8868=DIRECTION('center_axis',(0.,0.,1.));
#8869=DIRECTION('ref_axis',(-0.866011972921611,-0.500023262215288,0.));
#8870=DIRECTION('',(0.,0.,1.));
#8871=DIRECTION('center_axis',(-0.499999975741612,0.866025417790025,0.));
#8872=DIRECTION('ref_axis',(-0.866025417790025,-0.499999975741612,0.));
#8873=DIRECTION('',(0.,0.,1.));
#8874=DIRECTION('center_axis',(-0.258819044073587,0.96592582656477,0.));
#8875=DIRECTION('ref_axis',(-0.96592582656477,-0.258819044073587,0.));
#8876=DIRECTION('',(0.,0.,1.));
#8877=DIRECTION('center_axis',(0.,0.,1.));
#8878=DIRECTION('ref_axis',(0.258830370269794,-0.965922791648484,0.));
#8879=DIRECTION('',(0.,0.,1.));
#8880=DIRECTION('center_axis',(-0.965925823427703,-0.258819055781282,0.));
#8881=DIRECTION('ref_axis',(0.258819055781282,-0.965925823427703,0.));
#8882=DIRECTION('',(0.,0.,1.));
#8883=DIRECTION('center_axis',(0.,0.,1.));
#8884=DIRECTION('ref_axis',(2.08744007101487E-7,0.999999999999978,0.));
#8885=DIRECTION('',(0.,0.,1.));
#8886=DIRECTION('center_axis',(-1.37678657087413E-14,1.,0.));
#8887=DIRECTION('ref_axis',(-1.,-1.37678657087413E-14,0.));
#8888=DIRECTION('',(0.,0.,1.));
#8889=DIRECTION('center_axis',(0.,0.,1.));
#8890=DIRECTION('ref_axis',(-5.33628851487099E-7,-0.999999999999858,0.));
#8891=DIRECTION('',(0.,0.,1.));
#8892=DIRECTION('center_axis',(0.,0.,1.));
#8893=DIRECTION('ref_axis',(7.4707055857801E-7,0.999999999999721,0.));
#8894=DIRECTION('',(0.,0.,1.));
#8895=DIRECTION('center_axis',(6.66133810351548E-15,1.,0.));
#8896=DIRECTION('ref_axis',(-1.,6.66133810351548E-15,0.));
#8897=DIRECTION('',(0.,0.,1.));
#8898=DIRECTION('center_axis',(1.,-8.88178419700176E-15,0.));
#8899=DIRECTION('ref_axis',(8.88178419700176E-15,1.,0.));
#8900=DIRECTION('',(0.,0.,1.));
#8901=DIRECTION('center_axis',(-9.74529081192148E-15,-1.,0.));
#8902=DIRECTION('ref_axis',(1.,-9.74529081192148E-15,0.));
#8903=DIRECTION('',(0.,0.,1.));
#8904=DIRECTION('center_axis',(0.,0.,1.));
#8905=DIRECTION('ref_axis',(7.47070568826993E-7,0.999999999999721,0.));
#8906=DIRECTION('',(0.,0.,1.));
#8907=DIRECTION('center_axis',(0.,0.,1.));
#8908=DIRECTION('ref_axis',(-3.9320014646849E-7,-0.999999999999923,0.));
#8909=DIRECTION('',(0.,0.,1.));
#8910=DIRECTION('center_axis',(1.22033353350778E-14,-1.,0.));
#8911=DIRECTION('ref_axis',(1.,1.22033353350778E-14,0.));
#8912=DIRECTION('',(0.,0.,1.));
#8913=DIRECTION('center_axis',(0.,0.,1.));
#8914=DIRECTION('ref_axis',(2.08744006901053E-7,0.999999999999978,0.));
#8915=DIRECTION('',(0.,0.,1.));
#8916=DIRECTION('center_axis',(0.965925823427703,0.258819055781283,0.));
#8917=DIRECTION('ref_axis',(-0.258819055781283,0.965925823427703,0.));
#8918=DIRECTION('',(0.,0.,1.));
#8919=DIRECTION('center_axis',(0.,0.,1.));
#8920=DIRECTION('ref_axis',(0.258819044073586,-0.96592582656477,0.));
#8921=DIRECTION('',(0.,0.,1.));
#8922=DIRECTION('center_axis',(0.258819044073586,-0.96592582656477,0.));
#8923=DIRECTION('ref_axis',(0.96592582656477,0.258819044073586,0.));
#8924=DIRECTION('',(0.,0.,1.));
#8925=DIRECTION('center_axis',(0.499999975741613,-0.866025417790025,0.));
#8926=DIRECTION('ref_axis',(0.866025417790025,0.499999975741613,0.));
#8927=DIRECTION('',(0.,0.,1.));
#8928=DIRECTION('center_axis',(0.,0.,1.));
#8929=DIRECTION('ref_axis',(-0.866025405159359,-0.499999997618568,0.));
#8930=DIRECTION('',(0.,0.,1.));
#8931=DIRECTION('center_axis',(-0.866025405159354,-0.499999997618576,0.));
#8932=DIRECTION('ref_axis',(0.499999997618576,-0.866025405159354,0.));
#8933=DIRECTION('',(0.,0.,1.));
#8934=DIRECTION('center_axis',(0.,0.,1.));
#8935=DIRECTION('ref_axis',(-0.499999781397243,0.866025529994762,0.));
#8936=DIRECTION('',(0.,0.,1.));
#8937=DIRECTION('center_axis',(-0.499999976711982,0.866025417229782,0.));
#8938=DIRECTION('ref_axis',(-0.866025417229782,-0.499999976711981,0.));
#8939=DIRECTION('',(0.,0.,1.));
#8940=DIRECTION('center_axis',(0.,0.,1.));
#8941=DIRECTION('ref_axis',(0.500000327681325,-0.866025214597455,0.));
#8942=DIRECTION('',(0.,0.,1.));
#8943=DIRECTION('center_axis',(-1.,6.81073209270258E-14,0.));
#8944=DIRECTION('ref_axis',(-6.81073209270258E-14,-1.,0.));
#8945=DIRECTION('',(0.,0.,1.));
#8946=DIRECTION('center_axis',(0.,0.,1.));
#8947=DIRECTION('ref_axis',(1.69788656430348E-7,0.999999999999986,0.));
#8948=DIRECTION('',(0.,0.,1.));
#8949=DIRECTION('center_axis',(-4.5273927312442E-15,1.,0.));
#8950=DIRECTION('ref_axis',(-1.,-4.5273927312442E-15,0.));
#8951=DIRECTION('',(-1.,-4.5273927312442E-15,0.));
#8952=DIRECTION('',(0.,0.,1.));
#8953=DIRECTION('center_axis',(0.,0.,1.));
#8954=DIRECTION('ref_axis',(1.69788656430349E-7,0.999999999999986,0.));
#8955=DIRECTION('center_axis',(0.,0.,1.));
#8956=DIRECTION('ref_axis',(1.69788656430349E-7,0.999999999999986,0.));
#8957=DIRECTION('',(0.,0.,1.));
#8958=DIRECTION('center_axis',(-9.58336493363707E-15,1.,0.));
#8959=DIRECTION('ref_axis',(-1.,-9.58336493363707E-15,0.));
#8960=DIRECTION('',(-1.,-9.58336493363707E-15,0.));
#8961=DIRECTION('',(0.,0.,1.));
#8962=DIRECTION('center_axis',(0.,0.,1.));
#8963=DIRECTION('ref_axis',(1.69789840836658E-7,0.999999999999986,0.));
#8964=DIRECTION('center_axis',(0.,0.,1.));
#8965=DIRECTION('ref_axis',(1.69789840836658E-7,0.999999999999986,0.));
#8966=DIRECTION('',(0.,0.,1.));
#8967=DIRECTION('center_axis',(6.09426755340516E-13,1.,0.));
#8968=DIRECTION('ref_axis',(-1.,6.09426755340516E-13,0.));
#8969=DIRECTION('',(-1.,6.09426755340516E-13,0.));
#8970=DIRECTION('',(0.,0.,1.));
#8971=DIRECTION('center_axis',(0.,0.,1.));
#8972=DIRECTION('ref_axis',(0.668636046615947,0.74358983126842,0.));
#8973=DIRECTION('center_axis',(0.,0.,1.));
#8974=DIRECTION('ref_axis',(0.668636046615947,0.74358983126842,0.));
#8975=DIRECTION('',(0.,0.,1.));
#8976=DIRECTION('center_axis',(4.81748370840922E-13,1.,0.));
#8977=DIRECTION('ref_axis',(-1.,4.81748370840922E-13,0.));
#8978=DIRECTION('',(-1.,4.81748370840922E-13,0.));
#8979=DIRECTION('',(0.,0.,1.));
#8980=DIRECTION('center_axis',(0.,0.,1.));
#8981=DIRECTION('ref_axis',(0.999999999999986,-1.69789782802264E-7,0.));
#8982=DIRECTION('center_axis',(0.,0.,1.));
#8983=DIRECTION('ref_axis',(0.999999999999986,-1.69789782802264E-7,0.));
#8984=DIRECTION('',(0.,0.,1.));
#8985=DIRECTION('center_axis',(1.,2.06184276001826E-14,0.));
#8986=DIRECTION('ref_axis',(-2.06184276001826E-14,1.,0.));
#8987=DIRECTION('',(-2.06184276001826E-14,1.,0.));
#8988=DIRECTION('',(0.,0.,1.));
#8989=DIRECTION('center_axis',(9.58137845479569E-14,1.,0.));
#8990=DIRECTION('ref_axis',(-1.,9.58137845479569E-14,0.));
#8991=DIRECTION('',(-1.,9.58137845479569E-14,0.));
#8992=DIRECTION('',(0.,0.,1.));
#8993=DIRECTION('center_axis',(0.,0.,1.));
#8994=DIRECTION('ref_axis',(0.999999999999986,-1.6978978986732E-7,0.));
#8995=DIRECTION('center_axis',(0.,0.,1.));
#8996=DIRECTION('ref_axis',(0.999999999999986,-1.6978978986732E-7,0.));
#8997=DIRECTION('',(0.,0.,1.));
#8998=DIRECTION('center_axis',(1.,1.29526019539606E-14,0.));
#8999=DIRECTION('ref_axis',(-1.29526019539606E-14,1.,0.));
#9000=DIRECTION('',(-1.29526019539606E-14,1.,0.));
#9001=DIRECTION('',(0.,0.,1.));
#9002=DIRECTION('center_axis',(9.61179552925541E-14,1.,0.));
#9003=DIRECTION('ref_axis',(-1.,9.61179552925541E-14,0.));
#9004=DIRECTION('',(-1.,9.61179552925541E-14,0.));
#9005=DIRECTION('',(0.,0.,1.));
#9006=DIRECTION('center_axis',(0.,0.,1.));
#9007=DIRECTION('ref_axis',(0.999999999999986,-1.6978971316099E-7,0.));
#9008=DIRECTION('center_axis',(0.,0.,1.));
#9009=DIRECTION('ref_axis',(0.999999999999986,-1.6978971316099E-7,0.));
#9010=DIRECTION('',(0.,0.,1.));
#9011=DIRECTION('center_axis',(1.,1.07781658870898E-13,0.));
#9012=DIRECTION('ref_axis',(-1.07781658870898E-13,1.,0.));
#9013=DIRECTION('',(-1.07781658870898E-13,1.,0.));
#9014=DIRECTION('',(0.,0.,1.));
#9015=DIRECTION('center_axis',(0.,0.,1.));
#9016=DIRECTION('ref_axis',(-1.69790023014002E-7,-0.999999999999986,0.));
#9017=DIRECTION('center_axis',(0.,0.,1.));
#9018=DIRECTION('ref_axis',(-1.69790023014002E-7,-0.999999999999986,0.));
#9019=DIRECTION('',(0.,0.,1.));
#9020=DIRECTION('center_axis',(-2.84095426027465E-13,-1.,0.));
#9021=DIRECTION('ref_axis',(1.,-2.84095426027465E-13,0.));
#9022=DIRECTION('',(1.,-2.84095426027465E-13,0.));
#9023=DIRECTION('',(0.,0.,1.));
#9024=DIRECTION('center_axis',(1.,4.4409108986212E-14,0.));
#9025=DIRECTION('ref_axis',(-4.4409108986212E-14,1.,0.));
#9026=DIRECTION('',(-4.4409108986212E-14,1.,0.));
#9027=DIRECTION('',(0.,0.,1.));
#9028=DIRECTION('center_axis',(0.,0.,1.));
#9029=DIRECTION('ref_axis',(-1.69789984660836E-7,-0.999999999999986,0.));
#9030=DIRECTION('center_axis',(0.,0.,1.));
#9031=DIRECTION('ref_axis',(-1.69789984660836E-7,-0.999999999999986,0.));
#9032=DIRECTION('',(0.,0.,1.));
#9033=DIRECTION('center_axis',(-2.35539028428789E-13,-1.,0.));
#9034=DIRECTION('ref_axis',(1.,-2.35539028428789E-13,0.));
#9035=DIRECTION('',(1.,-2.35539028428789E-13,0.));
#9036=DIRECTION('',(0.,0.,1.));
#9037=DIRECTION('center_axis',(1.,2.30119002501682E-13,0.));
#9038=DIRECTION('ref_axis',(-2.30119002501682E-13,1.,0.));
#9039=DIRECTION('',(-2.30119002501682E-13,1.,0.));
#9040=DIRECTION('',(0.,0.,1.));
#9041=DIRECTION('center_axis',(0.,0.,1.));
#9042=DIRECTION('ref_axis',(-1.69790950555032E-7,-0.999999999999986,0.));
#9043=DIRECTION('center_axis',(0.,0.,1.));
#9044=DIRECTION('ref_axis',(-1.69790950555032E-7,-0.999999999999986,0.));
#9045=DIRECTION('center_axis',(0.,0.,1.));
#9046=DIRECTION('ref_axis',(1.,0.,0.));
#9047=DIRECTION('',(0.,0.,1.));
#9048=DIRECTION('',(1.,0.,0.));
#9049=CARTESIAN_POINT('',(0.,0.,0.));
#9050=CARTESIAN_POINT('',(0.,0.,0.));
#9051=CARTESIAN_POINT('Origin',(-58.6236429999967,-15.194398,1.2));
#9052=CARTESIAN_POINT('',(-58.6236429999967,17.805602,0.));
#9053=CARTESIAN_POINT('',(-58.6236429999967,-15.194398,0.));
#9054=CARTESIAN_POINT('',(-58.6236429999967,-7.597199,0.));
#9055=CARTESIAN_POINT('',(-58.6236429999967,17.805602,1.2));
#9056=CARTESIAN_POINT('',(-58.6236429999967,17.805602,1.2));
#9057=CARTESIAN_POINT('',(-58.6236429999967,-15.194398,1.2));
#9058=CARTESIAN_POINT('',(-58.6236429999967,-7.597199,1.2));
#9059=CARTESIAN_POINT('',(-58.6236429999967,-15.194398,1.2));
#9060=CARTESIAN_POINT('Origin',(-44.6236429999967,-15.194398,1.2));
#9061=CARTESIAN_POINT('',(-44.6236429999967,-15.194398,0.));
#9062=CARTESIAN_POINT('',(-22.3118214999984,-15.194398,0.));
#9063=CARTESIAN_POINT('',(-44.6236429999967,-15.194398,1.2));
#9064=CARTESIAN_POINT('',(-22.3118214999984,-15.194398,1.2));
#9065=CARTESIAN_POINT('',(-44.6236429999967,-15.194398,1.2));
#9066=CARTESIAN_POINT('Origin',(-44.6236429999967,17.805602,1.2));
#9067=CARTESIAN_POINT('',(-44.6236429999967,17.805602,0.));
#9068=CARTESIAN_POINT('',(-44.6236429999967,8.902801,0.));
#9069=CARTESIAN_POINT('',(-44.6236429999967,17.805602,1.2));
#9070=CARTESIAN_POINT('',(-44.6236429999967,8.902801,1.2));
#9071=CARTESIAN_POINT('',(-44.6236429999967,17.805602,1.2));
#9072=CARTESIAN_POINT('Origin',(-58.6236429999967,17.805602,1.2));
#9073=CARTESIAN_POINT('',(-29.3118214999984,17.805602,0.));
#9074=CARTESIAN_POINT('',(-29.3118214999984,17.805602,1.2));
#9075=CARTESIAN_POINT('Origin',(-42.6386429999946,20.505602,1.2));
#9076=CARTESIAN_POINT('',(-60.5386429999946,20.505602,0.));
#9077=CARTESIAN_POINT('',(-42.6386429999946,20.505602,0.));
#9078=CARTESIAN_POINT('',(-21.3193214999973,20.505602,0.));
#9079=CARTESIAN_POINT('',(-60.5386429999946,20.505602,1.2));
#9080=CARTESIAN_POINT('',(-60.5386429999946,20.505602,1.2));
#9081=CARTESIAN_POINT('',(-42.6386429999946,20.505602,1.2));
#9082=CARTESIAN_POINT('',(-21.3193214999973,20.505602,1.2));
#9083=CARTESIAN_POINT('',(-42.6386429999946,20.505602,1.2));
#9084=CARTESIAN_POINT('Origin',(-42.6386429999946,41.705602,1.2));
#9085=CARTESIAN_POINT('',(-42.6386429999946,41.7056020000001,0.));
#9086=CARTESIAN_POINT('',(-42.6386429999946,20.852801,0.));
#9087=CARTESIAN_POINT('',(-42.6386429999946,41.705602,1.2));
#9088=CARTESIAN_POINT('',(-42.6386429999946,20.852801,1.2));
#9089=CARTESIAN_POINT('',(-42.6386429999946,41.7056020000001,1.2));
#9090=CARTESIAN_POINT('Origin',(-60.5386429999946,20.505602,1.2));
#9091=CARTESIAN_POINT('',(-60.5386429999946,41.705602,0.));
#9092=CARTESIAN_POINT('',(-60.5386429999946,10.252801,0.));
#9093=CARTESIAN_POINT('',(-60.5386429999946,41.705602,1.2));
#9094=CARTESIAN_POINT('',(-60.5386429999946,41.705602,1.2));
#9095=CARTESIAN_POINT('',(-60.5386429999946,10.252801,1.2));
#9096=CARTESIAN_POINT('Origin',(-61.148643,41.705602,1.2));
#9097=CARTESIAN_POINT('',(-24.1486427011678,41.7056020000002,1.2));
#9098=CARTESIAN_POINT('',(-24.1486427011678,41.7056020000002,1.2));
#9099=CARTESIAN_POINT('',(-24.1486427011678,41.7056020000002,0.));
#9100=CARTESIAN_POINT('',(-24.1486427011678,41.7056020000002,1.2));
#9101=CARTESIAN_POINT('',(-24.1486427011678,41.7056020000002,0.));
#9102=CARTESIAN_POINT('Origin',(0.,0.,0.));
#9103=CARTESIAN_POINT('',(-23.5486429999952,42.3056017011698,0.));
#9104=CARTESIAN_POINT('Origin',(-24.14864225292,42.305601252925,0.));
#9105=CARTESIAN_POINT('',(-22.148643,43.705602,0.));
#9106=CARTESIAN_POINT('Origin',(-22.14864374707,42.305602747075,0.));
#9107=CARTESIAN_POINT('',(-5.14864270116978,43.7056020000002,0.));
#9108=CARTESIAN_POINT('',(-5.14864270116978,43.7056020000002,0.));
#9109=CARTESIAN_POINT('',(-4.54864300000046,44.3056020000001,0.));
#9110=CARTESIAN_POINT('Origin',(-5.148642252925,44.305601252925,0.));
#9111=CARTESIAN_POINT('',(-4.5486429999999,45.3056017011698,0.));
#9112=CARTESIAN_POINT('',(-4.5486429999999,45.3056017011698,0.));
#9113=CARTESIAN_POINT('',(-3.148643,46.705602,0.));
#9114=CARTESIAN_POINT('Origin',(-3.14864374707499,45.305602747075,0.));
#9115=CARTESIAN_POINT('',(16.3513580668556,46.7056019999988,0.));
#9116=CARTESIAN_POINT('',(16.3513580668556,46.7056019999988,0.));
#9117=CARTESIAN_POINT('',(17.2513569999988,45.8056030668556,0.));
#9118=CARTESIAN_POINT('Origin',(16.351355666427,45.805600666427,0.));
#9119=CARTESIAN_POINT('',(17.351357,45.7056020000073,0.));
#9120=CARTESIAN_POINT('Origin',(17.351358333573,45.805603333573,0.));
#9121=CARTESIAN_POINT('',(34.8513567011698,45.7056019999999,0.));
#9122=CARTESIAN_POINT('',(34.8513567011698,45.7056019999999,0.));
#9123=CARTESIAN_POINT('',(36.251357,44.305602,0.));
#9124=CARTESIAN_POINT('Origin',(34.851357747075,44.305602747075,0.));
#9125=CARTESIAN_POINT('',(36.2513570000002,36.3056017011698,0.));
#9126=CARTESIAN_POINT('',(36.2513570000002,36.3056017011698,0.));
#9127=CARTESIAN_POINT('',(36.851357,35.7056020000005,0.));
#9128=CARTESIAN_POINT('Origin',(36.851356252925,36.305601252925,0.));
#9129=CARTESIAN_POINT('',(53.8513567011698,35.7056019999999,0.));
#9130=CARTESIAN_POINT('',(53.8513567011698,35.7056019999999,0.));
#9131=CARTESIAN_POINT('',(55.251357,34.305602,0.));
#9132=CARTESIAN_POINT('Origin',(53.851357747075,34.305602747075,0.));
#9133=CARTESIAN_POINT('',(55.2513570000002,22.3056017011698,0.));
#9134=CARTESIAN_POINT('',(55.2513570000002,22.3056017011698,0.));
#9135=CARTESIAN_POINT('',(55.851357,21.7056020000005,0.));
#9136=CARTESIAN_POINT('Origin',(55.851356252925,22.305601252925,0.));
#9137=CARTESIAN_POINT('',(72.8513567011698,21.7056019999999,0.));
#9138=CARTESIAN_POINT('',(72.8513567011698,21.7056019999999,0.));
#9139=CARTESIAN_POINT('',(74.251357,20.305602,0.));
#9140=CARTESIAN_POINT('Origin',(72.851357747075,20.305602747075,0.));
#9141=CARTESIAN_POINT('',(74.2513570000049,-16.6943977011718,0.));
#9142=CARTESIAN_POINT('',(74.2513570000049,-16.6943977011718,0.));
#9143=CARTESIAN_POINT('',(72.8513569999999,-18.094398,0.));
#9144=CARTESIAN_POINT('Origin',(72.851357747075,-16.69439874707,0.));
#9145=CARTESIAN_POINT('',(55.8513567011698,-18.0943979999952,0.));
#9146=CARTESIAN_POINT('',(55.8513567011698,-18.0943979999952,0.));
#9147=CARTESIAN_POINT('',(55.2513570000005,-18.694398,0.));
#9148=CARTESIAN_POINT('Origin',(55.851356252925,-18.69439725292,0.));
#9149=CARTESIAN_POINT('',(55.2513570000049,-21.6943977011718,0.));
#9150=CARTESIAN_POINT('',(55.2513570000049,-21.6943977011718,0.));
#9151=CARTESIAN_POINT('',(53.8513569999999,-23.094398,0.));
#9152=CARTESIAN_POINT('Origin',(53.851357747075,-21.69439874707,0.));
#9153=CARTESIAN_POINT('',(33.3513567011698,-23.0943979999952,0.));
#9154=CARTESIAN_POINT('',(33.3513567011698,-23.0943979999952,0.));
#9155=CARTESIAN_POINT('',(32.7513570000005,-23.694398,0.));
#9156=CARTESIAN_POINT('Origin',(33.351356252925,-23.69439725292,0.));
#9157=CARTESIAN_POINT('',(32.7513570000049,-38.1943977011718,0.));
#9158=CARTESIAN_POINT('',(32.7513570000049,-38.1943977011718,0.));
#9159=CARTESIAN_POINT('',(31.3513569999994,-39.594398,0.));
#9160=CARTESIAN_POINT('Origin',(31.351357747075,-38.19439874707,0.));
#9161=CARTESIAN_POINT('',(27.8513572988302,-39.5943979999949,0.));
#9162=CARTESIAN_POINT('',(27.8513572988302,-39.5943979999949,0.));
#9163=CARTESIAN_POINT('',(26.451357,-38.194398,0.));
#9164=CARTESIAN_POINT('Origin',(27.851356252925,-38.19439874707,0.));
#9165=CARTESIAN_POINT('',(26.4513569999998,-15.6943977011678,0.));
#9166=CARTESIAN_POINT('',(26.4513569999998,-15.6943977011678,0.));
#9167=CARTESIAN_POINT('',(25.851357,-15.0943979999955,0.));
#9168=CARTESIAN_POINT('Origin',(25.851357747075,-15.69439725292,0.));
#9169=CARTESIAN_POINT('',(-19.1486432988282,-15.0943979999952,0.));
#9170=CARTESIAN_POINT('',(-19.1486432988282,-15.0943979999952,0.));
#9171=CARTESIAN_POINT('',(-19.7486429999948,-15.6943977011718,0.));
#9172=CARTESIAN_POINT('Origin',(-19.14864374707,-15.69439725292,0.));
#9173=CARTESIAN_POINT('',(-21.148643,-17.094398,0.));
#9174=CARTESIAN_POINT('Origin',(-21.14864225292,-15.69439874707,0.));
#9175=CARTESIAN_POINT('',(-28.2448500834976,-17.0943980000001,0.));
#9176=CARTESIAN_POINT('',(-28.2448500834976,-17.0943980000001,0.));
#9177=CARTESIAN_POINT('',(-32.6881096706244,-22.8849653776827,0.));
#9178=CARTESIAN_POINT('Origin',(-28.24485104372,-21.69439781922,0.));
#9179=CARTESIAN_POINT('',(-29.886029951793,-33.3424687926205,0.));
#9180=CARTESIAN_POINT('',(-29.886029951793,-33.3424687926205,0.));
#9181=CARTESIAN_POINT('',(-30.8759813823706,-35.0571053306259,0.));
#9182=CARTESIAN_POINT('Origin',(-31.23834821285,-33.70479733009,0.));
#9183=CARTESIAN_POINT('',(-54.8225747686523,-41.4735756626165,0.));
#9184=CARTESIAN_POINT('',(-54.8225747686523,-41.4735756626165,0.));
#9185=CARTESIAN_POINT('',(-63.5598496989383,-46.5180433692629,0.));
#9186=CARTESIAN_POINT('',(-63.5598496989383,-46.5180433692629,0.));
#9187=CARTESIAN_POINT('',(-65.4722900279593,-46.0056184274756,0.));
#9188=CARTESIAN_POINT('Origin',(-64.25984660294,-45.30557046557,0.));
#9189=CARTESIAN_POINT('',(-74.0637988768976,-31.1246884929424,0.));
#9190=CARTESIAN_POINT('',(-74.0637988768976,-31.1246884929424,0.));
#9191=CARTESIAN_POINT('',(-73.5513639906848,-29.2122528331081,0.));
#9192=CARTESIAN_POINT('Origin',(-72.85136566808,-30.42468755303,0.));
#9193=CARTESIAN_POINT('',(-64.8486431310738,-24.1877349141588,0.));
#9194=CARTESIAN_POINT('',(-64.8486431310738,-24.1877349141588,0.));
#9195=CARTESIAN_POINT('',(-62.5486429999981,-20.204017,0.));
#9196=CARTESIAN_POINT('Origin',(-67.14864627682,-20.2040160892,0.));
#9197=CARTESIAN_POINT('',(-62.5486429999948,40.3056017011698,0.));
#9198=CARTESIAN_POINT('',(-62.5486429999949,40.3056017011698,0.));
#9199=CARTESIAN_POINT('',(-61.148643,41.705602,0.));
#9200=CARTESIAN_POINT('Origin',(-61.14864374707,40.305602747075,0.));
#9201=CARTESIAN_POINT('',(-24.1486427011678,41.7056020000002,0.));
#9202=CARTESIAN_POINT('',(37.711357,32.305602,0.));
#9203=CARTESIAN_POINT('',(37.351357,31.945602,0.));
#9204=CARTESIAN_POINT('Origin',(37.711358506451,31.945600493549,0.));
#9205=CARTESIAN_POINT('',(37.351357,18.665602,0.));
#9206=CARTESIAN_POINT('',(37.351357,31.945602,0.));
#9207=CARTESIAN_POINT('',(37.711357,18.305602,0.));
#9208=CARTESIAN_POINT('Origin',(37.711358506451,18.665603506451,0.));
#9209=CARTESIAN_POINT('',(50.991357,18.305602,0.));
#9210=CARTESIAN_POINT('',(37.711357,18.305602,0.));
#9211=CARTESIAN_POINT('',(51.351357,18.665602,0.));
#9212=CARTESIAN_POINT('Origin',(50.991355493549,18.665603506451,0.));
#9213=CARTESIAN_POINT('',(51.351357,31.945602,0.));
#9214=CARTESIAN_POINT('',(51.351357,18.665602,0.));
#9215=CARTESIAN_POINT('',(50.991357,32.305602,0.));
#9216=CARTESIAN_POINT('Origin',(50.991355493549,31.945600493549,0.));
#9217=CARTESIAN_POINT('',(50.991357,32.305602,0.));
#9218=CARTESIAN_POINT('',(18.711357,42.305602,0.));
#9219=CARTESIAN_POINT('',(18.351357,41.945602,0.));
#9220=CARTESIAN_POINT('Origin',(18.711358506451,41.945600493549,0.));
#9221=CARTESIAN_POINT('',(18.351357,28.665602,0.));
#9222=CARTESIAN_POINT('',(18.351357,41.945602,0.));
#9223=CARTESIAN_POINT('',(18.711357,28.305602,0.));
#9224=CARTESIAN_POINT('Origin',(18.711358506451,28.665603506451,0.));
#9225=CARTESIAN_POINT('',(31.991357,28.305602,0.));
#9226=CARTESIAN_POINT('',(18.711357,28.305602,0.));
#9227=CARTESIAN_POINT('',(32.351357,28.665602,0.));
#9228=CARTESIAN_POINT('Origin',(31.991355493549,28.665603506451,0.));
#9229=CARTESIAN_POINT('',(32.351357,41.945602,0.));
#9230=CARTESIAN_POINT('',(32.351357,28.665602,0.));
#9231=CARTESIAN_POINT('',(31.991357,42.305602,0.));
#9232=CARTESIAN_POINT('Origin',(31.991355493549,41.945600493549,0.));
#9233=CARTESIAN_POINT('',(31.991357,42.305602,0.));
#9234=CARTESIAN_POINT('',(-0.288643,43.305602,0.));
#9235=CARTESIAN_POINT('',(-0.648643,42.945602,0.));
#9236=CARTESIAN_POINT('Origin',(-0.288641493549,42.945600493549,0.));
#9237=CARTESIAN_POINT('',(-0.648643,29.665602,0.));
#9238=CARTESIAN_POINT('',(-0.648643,42.945602,0.));
#9239=CARTESIAN_POINT('',(-0.288643,29.305602,0.));
#9240=CARTESIAN_POINT('Origin',(-0.288641493549,29.665603506451,0.));
#9241=CARTESIAN_POINT('',(12.991357,29.305602,0.));
#9242=CARTESIAN_POINT('',(-0.288643,29.305602,0.));
#9243=CARTESIAN_POINT('',(13.351357,29.665602,0.));
#9244=CARTESIAN_POINT('Origin',(12.991355493549,29.665603506451,0.));
#9245=CARTESIAN_POINT('',(13.351357,42.945602,0.));
#9246=CARTESIAN_POINT('',(13.351357,29.665602,0.));
#9247=CARTESIAN_POINT('',(12.991357,43.305602,0.));
#9248=CARTESIAN_POINT('Origin',(12.991355493549,42.945600493549,0.));
#9249=CARTESIAN_POINT('',(12.991357,43.305602,0.));
#9250=CARTESIAN_POINT('',(34.351357,26.905602,0.));
#9251=CARTESIAN_POINT('Origin',(34.351357,25.805602,0.));
#9252=CARTESIAN_POINT('',(56.711357,18.305602,0.));
#9253=CARTESIAN_POINT('',(56.351357,17.945602,0.));
#9254=CARTESIAN_POINT('Origin',(56.711358506451,17.945600493549,0.));
#9255=CARTESIAN_POINT('',(56.351357,4.665602,0.));
#9256=CARTESIAN_POINT('',(56.351357,17.945602,0.));
#9257=CARTESIAN_POINT('',(56.711357,4.305602,0.));
#9258=CARTESIAN_POINT('Origin',(56.711358506451,4.665603506451,0.));
#9259=CARTESIAN_POINT('',(69.991357,4.305602,0.));
#9260=CARTESIAN_POINT('',(56.711357,4.305602,0.));
#9261=CARTESIAN_POINT('',(70.351357,4.665602,0.));
#9262=CARTESIAN_POINT('Origin',(69.991355493549,4.665603506451,0.));
#9263=CARTESIAN_POINT('',(70.351357,17.945602,0.));
#9264=CARTESIAN_POINT('',(70.351357,4.665602,0.));
#9265=CARTESIAN_POINT('',(69.991357,18.305602,0.));
#9266=CARTESIAN_POINT('Origin',(69.991355493549,17.945600493549,0.));
#9267=CARTESIAN_POINT('',(69.991357,18.305602,0.));
#9268=CARTESIAN_POINT('',(54.351357,2.905602,0.));
#9269=CARTESIAN_POINT('Origin',(54.351357,1.805602,0.));
#9270=CARTESIAN_POINT('',(37.711357,13.305602,0.));
#9271=CARTESIAN_POINT('',(37.351357,12.945602,0.));
#9272=CARTESIAN_POINT('Origin',(37.711358506451,12.945600493549,0.));
#9273=CARTESIAN_POINT('',(37.351357,-0.334398,0.));
#9274=CARTESIAN_POINT('',(37.351357,12.945602,0.));
#9275=CARTESIAN_POINT('',(37.711357,-0.694398,0.));
#9276=CARTESIAN_POINT('Origin',(37.711358506451,-0.334396493549,0.));
#9277=CARTESIAN_POINT('',(50.991357,-0.694398,0.));
#9278=CARTESIAN_POINT('',(37.711357,-0.694398,0.));
#9279=CARTESIAN_POINT('',(51.351357,-0.334398,0.));
#9280=CARTESIAN_POINT('Origin',(50.991355493549,-0.334396493549,0.));
#9281=CARTESIAN_POINT('',(51.351357,12.945602,0.));
#9282=CARTESIAN_POINT('',(51.351357,-0.334398,0.));
#9283=CARTESIAN_POINT('',(50.991357,13.305602,0.));
#9284=CARTESIAN_POINT('Origin',(50.991355493549,12.945600493549,0.));
#9285=CARTESIAN_POINT('',(50.991357,13.305602,0.));
#9286=CARTESIAN_POINT('',(18.711357,23.305602,0.));
#9287=CARTESIAN_POINT('',(18.351357,22.945602,0.));
#9288=CARTESIAN_POINT('Origin',(18.711358506451,22.945600493549,0.));
#9289=CARTESIAN_POINT('',(18.351357,9.665602,0.));
#9290=CARTESIAN_POINT('',(18.351357,22.945602,0.));
#9291=CARTESIAN_POINT('',(18.711357,9.305602,0.));
#9292=CARTESIAN_POINT('Origin',(18.711358506451,9.665603506451,0.));
#9293=CARTESIAN_POINT('',(31.991357,9.305602,0.));
#9294=CARTESIAN_POINT('',(18.711357,9.305602,0.));
#9295=CARTESIAN_POINT('',(32.351357,9.665602,0.));
#9296=CARTESIAN_POINT('Origin',(31.991355493549,9.665603506451,0.));
#9297=CARTESIAN_POINT('',(32.351357,22.945602,0.));
#9298=CARTESIAN_POINT('',(32.351357,9.665602,0.));
#9299=CARTESIAN_POINT('',(31.991357,23.305602,0.));
#9300=CARTESIAN_POINT('Origin',(31.991355493549,22.945600493549,0.));
#9301=CARTESIAN_POINT('',(31.991357,23.305602,0.));
#9302=CARTESIAN_POINT('',(-0.288643,24.305602,0.));
#9303=CARTESIAN_POINT('',(-0.648643,23.945602,0.));
#9304=CARTESIAN_POINT('Origin',(-0.288641493549,23.945600493549,0.));
#9305=CARTESIAN_POINT('',(-0.648643,10.665602,0.));
#9306=CARTESIAN_POINT('',(-0.648643,23.945602,0.));
#9307=CARTESIAN_POINT('',(-0.288643,10.305602,0.));
#9308=CARTESIAN_POINT('Origin',(-0.288641493549,10.665603506451,0.));
#9309=CARTESIAN_POINT('',(12.991357,10.305602,0.));
#9310=CARTESIAN_POINT('',(-0.288643,10.305602,0.));
#9311=CARTESIAN_POINT('',(13.351357,10.665602,0.));
#9312=CARTESIAN_POINT('Origin',(12.991355493549,10.665603506451,0.));
#9313=CARTESIAN_POINT('',(13.351357,23.945602,0.));
#9314=CARTESIAN_POINT('',(13.351357,10.665602,0.));
#9315=CARTESIAN_POINT('',(12.991357,24.305602,0.));
#9316=CARTESIAN_POINT('Origin',(12.991355493549,23.945600493549,0.));
#9317=CARTESIAN_POINT('',(12.991357,24.305602,0.));
#9318=CARTESIAN_POINT('',(-19.288643,40.305602,0.));
#9319=CARTESIAN_POINT('',(-19.648643,39.945602,0.));
#9320=CARTESIAN_POINT('Origin',(-19.28864149354,39.945600493549,0.));
#9321=CARTESIAN_POINT('',(-19.648643,26.665602,0.));
#9322=CARTESIAN_POINT('',(-19.648643,39.945602,0.));
#9323=CARTESIAN_POINT('',(-19.288643,26.305602,0.));
#9324=CARTESIAN_POINT('Origin',(-19.28864149354,26.665603506451,0.));
#9325=CARTESIAN_POINT('',(-6.008643,26.305602,0.));
#9326=CARTESIAN_POINT('',(-19.288643,26.305602,0.));
#9327=CARTESIAN_POINT('',(-5.648643,26.665602,0.));
#9328=CARTESIAN_POINT('Origin',(-6.008644506451,26.665603506451,0.));
#9329=CARTESIAN_POINT('',(-5.648643,39.945602,0.));
#9330=CARTESIAN_POINT('',(-5.648643,26.665602,0.));
#9331=CARTESIAN_POINT('',(-6.008643,40.305602,0.));
#9332=CARTESIAN_POINT('Origin',(-6.008644506451,39.945600493549,0.));
#9333=CARTESIAN_POINT('',(-6.008643,40.305602,0.));
#9334=CARTESIAN_POINT('',(-38.288643,38.305602,0.));
#9335=CARTESIAN_POINT('',(-38.648643,37.945602,0.));
#9336=CARTESIAN_POINT('Origin',(-38.28864149354,37.945600493549,0.));
#9337=CARTESIAN_POINT('',(-38.648643,24.665602,0.));
#9338=CARTESIAN_POINT('',(-38.648643,37.945602,0.));
#9339=CARTESIAN_POINT('',(-38.288643,24.305602,0.));
#9340=CARTESIAN_POINT('Origin',(-38.28864149354,24.665603506451,0.));
#9341=CARTESIAN_POINT('',(-25.008643,24.305602,0.));
#9342=CARTESIAN_POINT('',(-38.288643,24.305602,0.));
#9343=CARTESIAN_POINT('',(-24.648643,24.665602,0.));
#9344=CARTESIAN_POINT('Origin',(-25.00864450645,24.665603506451,0.));
#9345=CARTESIAN_POINT('',(-24.648643,37.945602,0.));
#9346=CARTESIAN_POINT('',(-24.648643,24.665602,0.));
#9347=CARTESIAN_POINT('',(-25.008643,38.305602,0.));
#9348=CARTESIAN_POINT('Origin',(-25.00864450645,37.945600493549,0.));
#9349=CARTESIAN_POINT('',(-25.008643,38.305602,0.));
#9350=CARTESIAN_POINT('',(-22.648643,22.905602,0.));
#9351=CARTESIAN_POINT('Origin',(-22.648643,21.805602,0.));
#9352=CARTESIAN_POINT('',(-19.288643,21.305602,0.));
#9353=CARTESIAN_POINT('',(-19.648643,20.945602,0.));
#9354=CARTESIAN_POINT('Origin',(-19.28864149354,20.945600493549,0.));
#9355=CARTESIAN_POINT('',(-19.648643,7.665602,0.));
#9356=CARTESIAN_POINT('',(-19.648643,20.945602,0.));
#9357=CARTESIAN_POINT('',(-19.288643,7.305602,0.));
#9358=CARTESIAN_POINT('Origin',(-19.28864149354,7.665603506451,0.));
#9359=CARTESIAN_POINT('',(-6.008643,7.305602,0.));
#9360=CARTESIAN_POINT('',(-19.288643,7.305602,0.));
#9361=CARTESIAN_POINT('',(-5.648643,7.665602,0.));
#9362=CARTESIAN_POINT('Origin',(-6.008644506451,7.665603506451,0.));
#9363=CARTESIAN_POINT('',(-5.648643,20.945602,0.));
#9364=CARTESIAN_POINT('',(-5.648643,7.665602,0.));
#9365=CARTESIAN_POINT('',(-6.008643,21.305602,0.));
#9366=CARTESIAN_POINT('Origin',(-6.008644506451,20.945600493549,0.));
#9367=CARTESIAN_POINT('',(-6.008643,21.305602,0.));
#9368=CARTESIAN_POINT('',(-38.288643,19.305602,0.));
#9369=CARTESIAN_POINT('',(-38.648643,18.945602,0.));
#9370=CARTESIAN_POINT('Origin',(-38.28864149354,18.945600493549,0.));
#9371=CARTESIAN_POINT('',(-38.648643,5.665602,0.));
#9372=CARTESIAN_POINT('',(-38.648643,18.945602,0.));
#9373=CARTESIAN_POINT('',(-38.288643,5.305602,0.));
#9374=CARTESIAN_POINT('Origin',(-38.28864149354,5.665603506451,0.));
#9375=CARTESIAN_POINT('',(-25.008643,5.305602,0.));
#9376=CARTESIAN_POINT('',(-38.288643,5.305602,0.));
#9377=CARTESIAN_POINT('',(-24.648643,5.665602,0.));
#9378=CARTESIAN_POINT('Origin',(-25.00864450645,5.665603506451,0.));
#9379=CARTESIAN_POINT('',(-24.648643,18.945602,0.));
#9380=CARTESIAN_POINT('',(-24.648643,5.665602,0.));
#9381=CARTESIAN_POINT('',(-25.008643,19.305602,0.));
#9382=CARTESIAN_POINT('Origin',(-25.00864450645,18.945600493549,0.));
#9383=CARTESIAN_POINT('',(-25.008643,19.305602,0.));
#9384=CARTESIAN_POINT('',(56.711357,-0.694398,0.));
#9385=CARTESIAN_POINT('',(56.351357,-1.054398,0.));
#9386=CARTESIAN_POINT('Origin',(56.711358506451,-1.054399506451,0.));
#9387=CARTESIAN_POINT('',(56.351357,-14.334398,0.));
#9388=CARTESIAN_POINT('',(56.351357,-1.054398,0.));
#9389=CARTESIAN_POINT('',(56.711357,-14.694398,0.));
#9390=CARTESIAN_POINT('Origin',(56.711358506451,-14.33439649354,0.));
#9391=CARTESIAN_POINT('',(69.991357,-14.694398,0.));
#9392=CARTESIAN_POINT('',(56.711357,-14.694398,0.));
#9393=CARTESIAN_POINT('',(70.351357,-14.334398,0.));
#9394=CARTESIAN_POINT('Origin',(69.991355493549,-14.33439649354,0.));
#9395=CARTESIAN_POINT('',(70.351357,-1.054398,0.));
#9396=CARTESIAN_POINT('',(70.351357,-14.334398,0.));
#9397=CARTESIAN_POINT('',(69.991357,-0.694398,0.));
#9398=CARTESIAN_POINT('Origin',(69.991355493549,-1.054399506451,0.));
#9399=CARTESIAN_POINT('',(69.991357,-0.694398,0.));
#9400=CARTESIAN_POINT('',(37.711357,-5.694398,0.));
#9401=CARTESIAN_POINT('',(37.351357,-6.054398,0.));
#9402=CARTESIAN_POINT('Origin',(37.711358506451,-6.054399506451,0.));
#9403=CARTESIAN_POINT('',(37.351357,-19.334398,0.));
#9404=CARTESIAN_POINT('',(37.351357,-6.054398,0.));
#9405=CARTESIAN_POINT('',(37.711357,-19.694398,0.));
#9406=CARTESIAN_POINT('Origin',(37.711358506451,-19.33439649354,0.));
#9407=CARTESIAN_POINT('',(50.991357,-19.694398,0.));
#9408=CARTESIAN_POINT('',(37.711357,-19.694398,0.));
#9409=CARTESIAN_POINT('',(51.351357,-19.334398,0.));
#9410=CARTESIAN_POINT('Origin',(50.991355493549,-19.33439649354,0.));
#9411=CARTESIAN_POINT('',(51.351357,-6.054398,0.));
#9412=CARTESIAN_POINT('',(51.351357,-19.334398,0.));
#9413=CARTESIAN_POINT('',(50.991357,-5.694398,0.));
#9414=CARTESIAN_POINT('Origin',(50.991355493549,-6.054399506451,0.));
#9415=CARTESIAN_POINT('',(50.991357,-5.694398,0.));
#9416=CARTESIAN_POINT('',(18.711357,4.305602,0.));
#9417=CARTESIAN_POINT('',(18.351357,3.945602,0.));
#9418=CARTESIAN_POINT('Origin',(18.711358506451,3.945600493549,0.));
#9419=CARTESIAN_POINT('',(18.351357,-9.334398,0.));
#9420=CARTESIAN_POINT('',(18.351357,3.945602,0.));
#9421=CARTESIAN_POINT('',(18.711357,-9.694398,0.));
#9422=CARTESIAN_POINT('Origin',(18.711358506451,-9.334396493549,0.));
#9423=CARTESIAN_POINT('',(31.991357,-9.694398,0.));
#9424=CARTESIAN_POINT('',(18.711357,-9.694398,0.));
#9425=CARTESIAN_POINT('',(32.351357,-9.334398,0.));
#9426=CARTESIAN_POINT('Origin',(31.991355493549,-9.334396493549,0.));
#9427=CARTESIAN_POINT('',(32.351357,3.945602,0.));
#9428=CARTESIAN_POINT('',(32.351357,-9.334398,0.));
#9429=CARTESIAN_POINT('',(31.991357,4.305602,0.));
#9430=CARTESIAN_POINT('Origin',(31.991355493549,3.945600493549,0.));
#9431=CARTESIAN_POINT('',(31.991357,4.305602,0.));
#9432=CARTESIAN_POINT('',(-0.288643,5.305602,0.));
#9433=CARTESIAN_POINT('',(-0.648643,4.945602,0.));
#9434=CARTESIAN_POINT('Origin',(-0.288641493549,4.945600493549,0.));
#9435=CARTESIAN_POINT('',(-0.648643,-8.334398,0.));
#9436=CARTESIAN_POINT('',(-0.648643,4.945602,0.));
#9437=CARTESIAN_POINT('',(-0.288643,-8.694398,0.));
#9438=CARTESIAN_POINT('Origin',(-0.288641493549,-8.334396493549,0.));
#9439=CARTESIAN_POINT('',(12.991357,-8.694398,0.));
#9440=CARTESIAN_POINT('',(-0.288643,-8.694398,0.));
#9441=CARTESIAN_POINT('',(13.351357,-8.334398,0.));
#9442=CARTESIAN_POINT('Origin',(12.991355493549,-8.334396493549,0.));
#9443=CARTESIAN_POINT('',(13.351357,4.945602,0.));
#9444=CARTESIAN_POINT('',(13.351357,-8.334398,0.));
#9445=CARTESIAN_POINT('',(12.991357,5.305602,0.));
#9446=CARTESIAN_POINT('Origin',(12.991355493549,4.945600493549,0.));
#9447=CARTESIAN_POINT('',(12.991357,5.305602,0.));
#9448=CARTESIAN_POINT('',(-19.288643,2.305602,0.));
#9449=CARTESIAN_POINT('',(-19.648643,1.945602,0.));
#9450=CARTESIAN_POINT('Origin',(-19.28864149354,1.945600493549,0.));
#9451=CARTESIAN_POINT('',(-19.648643,-11.334398,0.));
#9452=CARTESIAN_POINT('',(-19.648643,1.945602,0.));
#9453=CARTESIAN_POINT('',(-19.288643,-11.694398,0.));
#9454=CARTESIAN_POINT('Origin',(-19.28864149354,-11.33439649354,0.));
#9455=CARTESIAN_POINT('',(-6.008643,-11.694398,0.));
#9456=CARTESIAN_POINT('',(-19.288643,-11.694398,0.));
#9457=CARTESIAN_POINT('',(-5.648643,-11.334398,0.));
#9458=CARTESIAN_POINT('Origin',(-6.008644506451,-11.33439649354,0.));
#9459=CARTESIAN_POINT('',(-5.648643,1.945602,0.));
#9460=CARTESIAN_POINT('',(-5.648643,-11.334398,0.));
#9461=CARTESIAN_POINT('',(-6.008643,2.305602,0.));
#9462=CARTESIAN_POINT('Origin',(-6.008644506451,1.945600493549,0.));
#9463=CARTESIAN_POINT('',(-6.008643,2.305602,0.));
#9464=CARTESIAN_POINT('',(-38.288643,0.305602,0.));
#9465=CARTESIAN_POINT('',(-38.648643,-0.054398,0.));
#9466=CARTESIAN_POINT('Origin',(-38.28864149354,-0.05439950645135,0.));
#9467=CARTESIAN_POINT('',(-38.648643,-13.334398,0.));
#9468=CARTESIAN_POINT('',(-38.648643,-0.054398,0.));
#9469=CARTESIAN_POINT('',(-38.288643,-13.694398,0.));
#9470=CARTESIAN_POINT('Origin',(-38.28864149354,-13.33439649354,0.));
#9471=CARTESIAN_POINT('',(-25.008643,-13.694398,0.));
#9472=CARTESIAN_POINT('',(-38.288643,-13.694398,0.));
#9473=CARTESIAN_POINT('',(-24.648643,-13.334398,0.));
#9474=CARTESIAN_POINT('Origin',(-25.00864450645,-13.33439649354,0.));
#9475=CARTESIAN_POINT('',(-24.648643,-0.054398,0.));
#9476=CARTESIAN_POINT('',(-24.648643,-13.334398,0.));
#9477=CARTESIAN_POINT('',(-25.008643,0.305602,0.));
#9478=CARTESIAN_POINT('Origin',(-25.00864450645,-0.05439950645135,0.));
#9479=CARTESIAN_POINT('',(-25.008643,0.305602,0.));
#9480=CARTESIAN_POINT('',(-54.648643,-18.594398,0.));
#9481=CARTESIAN_POINT('Origin',(-54.648643,-19.694398,0.));
#9482=CARTESIAN_POINT('',(-36.605721,-19.468917,0.));
#9483=CARTESIAN_POINT('',(-37.046629,-19.214359,0.));
#9484=CARTESIAN_POINT('Origin',(-36.95345378792,-19.56209163267,0.));
#9485=CARTESIAN_POINT('',(-49.874124,-22.651476,0.));
#9486=CARTESIAN_POINT('',(-37.046629,-19.214359,0.));
#9487=CARTESIAN_POINT('',(-50.128682,-23.092384,0.));
#9488=CARTESIAN_POINT('Origin',(-49.78094936732,-22.99920878792,0.));
#9489=CARTESIAN_POINT('',(-46.691565,-35.919879,0.));
#9490=CARTESIAN_POINT('',(-50.128682,-23.092384,0.));
#9491=CARTESIAN_POINT('',(-46.250657,-36.174437,0.));
#9492=CARTESIAN_POINT('Origin',(-46.34383221207,-35.82670436732,0.));
#9493=CARTESIAN_POINT('',(-33.423162,-32.73732,0.));
#9494=CARTESIAN_POINT('',(-46.250657,-36.174437,0.));
#9495=CARTESIAN_POINT('',(-33.168604,-32.296412,0.));
#9496=CARTESIAN_POINT('Origin',(-33.51633663267,-32.38958721207,0.));
#9497=CARTESIAN_POINT('',(-33.168604,-32.296412,0.));
#9498=CARTESIAN_POINT('',(-58.406465,-24.443989,0.));
#9499=CARTESIAN_POINT('',(-58.898234,-24.31222,0.));
#9500=CARTESIAN_POINT('Origin',(-58.71823519205,-24.6239934488,0.));
#9501=CARTESIAN_POINT('',(-70.399052,-30.95222,0.));
#9502=CARTESIAN_POINT('',(-58.898234,-24.31222,0.));
#9503=CARTESIAN_POINT('',(-70.530821,-31.443989,0.));
#9504=CARTESIAN_POINT('Origin',(-70.21904755119,-31.26399019205,0.));
#9505=CARTESIAN_POINT('',(-63.890821,-42.944807,0.));
#9506=CARTESIAN_POINT('',(-70.530821,-31.443989,0.));
#9507=CARTESIAN_POINT('',(-63.399052,-43.076576,0.));
#9508=CARTESIAN_POINT('Origin',(-63.57905080794,-42.76480255119,0.));
#9509=CARTESIAN_POINT('',(-51.898234,-36.436576,0.));
#9510=CARTESIAN_POINT('',(-63.399052,-43.076576,0.));
#9511=CARTESIAN_POINT('',(-51.766465,-35.944807,0.));
#9512=CARTESIAN_POINT('Origin',(-52.0782384488,-36.12480580794,0.));
#9513=CARTESIAN_POINT('',(-51.766465,-35.944807,0.));
#9514=CARTESIAN_POINT('Origin',(-61.14864374707,40.305602747075,1.2));
#9515=CARTESIAN_POINT('',(-61.148643,41.705602,1.2));
#9516=CARTESIAN_POINT('',(-62.5486429999948,40.3056017011698,1.2));
#9517=CARTESIAN_POINT('Origin',(-61.14864374707,40.305602747075,1.2));
#9518=CARTESIAN_POINT('',(-61.148643,41.705602,1.2));
#9519=CARTESIAN_POINT('',(-62.5486429999948,40.3056017011698,1.2));
#9520=CARTESIAN_POINT('Origin',(-62.548643,-20.204017,1.2));
#9521=CARTESIAN_POINT('',(-62.5486429999981,-20.204017,1.2));
#9522=CARTESIAN_POINT('',(-62.5486429999949,40.3056017011698,1.2));
#9523=CARTESIAN_POINT('',(-62.5486429999981,-20.204017,1.2));
#9524=CARTESIAN_POINT('Origin',(-67.14864627682,-20.2040160892,1.2));
#9525=CARTESIAN_POINT('',(-64.8486431310738,-24.1877349141588,1.2));
#9526=CARTESIAN_POINT('Origin',(-67.14864627682,-20.2040160892,1.2));
#9527=CARTESIAN_POINT('',(-64.8486431310738,-24.1877349141588,1.2));
#9528=CARTESIAN_POINT('Origin',(-73.5513639906848,-29.2122528331081,1.2));
#9529=CARTESIAN_POINT('',(-73.5513639906848,-29.2122528331081,1.2));
#9530=CARTESIAN_POINT('',(-64.8486431310738,-24.1877349141588,1.2));
#9531=CARTESIAN_POINT('',(-73.5513639906848,-29.2122528331081,1.2));
#9532=CARTESIAN_POINT('Origin',(-72.85136566808,-30.42468755303,1.2));
#9533=CARTESIAN_POINT('',(-74.0637988768976,-31.1246884929424,1.2));
#9534=CARTESIAN_POINT('Origin',(-72.85136566808,-30.42468755303,1.2));
#9535=CARTESIAN_POINT('',(-74.0637988768976,-31.1246884929424,1.2));
#9536=CARTESIAN_POINT('Origin',(-65.4722900279593,-46.0056184274756,1.2));
#9537=CARTESIAN_POINT('',(-65.4722900279593,-46.0056184274756,1.2));
#9538=CARTESIAN_POINT('',(-74.0637988768976,-31.1246884929424,1.2));
#9539=CARTESIAN_POINT('',(-65.4722900279593,-46.0056184274756,1.2));
#9540=CARTESIAN_POINT('Origin',(-64.25984660294,-45.30557046557,1.2));
#9541=CARTESIAN_POINT('',(-63.5598496989383,-46.5180433692629,1.2));
#9542=CARTESIAN_POINT('Origin',(-64.25984660294,-45.30557046557,1.2));
#9543=CARTESIAN_POINT('',(-63.5598496989383,-46.5180433692629,1.2));
#9544=CARTESIAN_POINT('Origin',(-54.8225747686523,-41.4735756626165,1.2));
#9545=CARTESIAN_POINT('',(-54.8225747686523,-41.4735756626165,1.2));
#9546=CARTESIAN_POINT('',(-63.5598496989383,-46.5180433692629,1.2));
#9547=CARTESIAN_POINT('',(-54.8225747686523,-41.4735756626165,1.2));
#9548=CARTESIAN_POINT('Origin',(-30.8759813823706,-35.0571053306259,1.2));
#9549=CARTESIAN_POINT('',(-30.8759813823706,-35.0571053306259,1.2));
#9550=CARTESIAN_POINT('',(-54.8225747686523,-41.4735756626165,1.2));
#9551=CARTESIAN_POINT('',(-30.8759813823706,-35.0571053306259,1.2));
#9552=CARTESIAN_POINT('Origin',(-31.23834821285,-33.70479733009,1.2));
#9553=CARTESIAN_POINT('',(-29.886029951793,-33.3424687926205,1.2));
#9554=CARTESIAN_POINT('Origin',(-31.23834821285,-33.70479733009,1.2));
#9555=CARTESIAN_POINT('',(-29.886029951793,-33.3424687926205,1.2));
#9556=CARTESIAN_POINT('Origin',(-32.6881096706298,-22.8849653776842,1.2));
#9557=CARTESIAN_POINT('',(-32.6881096706244,-22.8849653776827,1.2));
#9558=CARTESIAN_POINT('',(-29.886029951793,-33.3424687926205,1.2));
#9559=CARTESIAN_POINT('',(-32.6881096706244,-22.8849653776827,1.2));
#9560=CARTESIAN_POINT('Origin',(-28.24485104372,-21.69439781922,1.2));
#9561=CARTESIAN_POINT('',(-28.2448500834976,-17.0943980000001,1.2));
#9562=CARTESIAN_POINT('Origin',(-28.24485104372,-21.69439781922,1.2));
#9563=CARTESIAN_POINT('',(-28.2448500834976,-17.0943980000001,1.2));
#9564=CARTESIAN_POINT('Origin',(-21.148643,-17.094398,1.2));
#9565=CARTESIAN_POINT('',(-21.148643,-17.094398,1.2));
#9566=CARTESIAN_POINT('',(-28.2448500834976,-17.0943980000001,1.2));
#9567=CARTESIAN_POINT('',(-21.148643,-17.094398,1.2));
#9568=CARTESIAN_POINT('Origin',(-21.14864225292,-15.69439874707,1.2));
#9569=CARTESIAN_POINT('',(-19.7486429999948,-15.6943977011718,1.2));
#9570=CARTESIAN_POINT('Origin',(-21.14864225292,-15.69439874707,1.2));
#9571=CARTESIAN_POINT('',(-19.7486429999948,-15.6943977011718,1.2));
#9572=CARTESIAN_POINT('Origin',(-19.14864374707,-15.69439725292,1.2));
#9573=CARTESIAN_POINT('',(-19.1486432988282,-15.0943979999952,1.2));
#9574=CARTESIAN_POINT('Origin',(-19.14864374707,-15.69439725292,1.2));
#9575=CARTESIAN_POINT('',(-19.1486432988282,-15.0943979999952,1.2));
#9576=CARTESIAN_POINT('Origin',(25.851357,-15.094398,1.2));
#9577=CARTESIAN_POINT('',(25.851357,-15.0943979999955,1.2));
#9578=CARTESIAN_POINT('',(-19.1486432988282,-15.0943979999952,1.2));
#9579=CARTESIAN_POINT('',(25.851357,-15.0943979999955,1.2));
#9580=CARTESIAN_POINT('Origin',(25.851357747075,-15.69439725292,1.2));
#9581=CARTESIAN_POINT('',(26.4513569999998,-15.6943977011678,1.2));
#9582=CARTESIAN_POINT('Origin',(25.851357747075,-15.69439725292,1.2));
#9583=CARTESIAN_POINT('',(26.4513569999998,-15.6943977011678,1.2));
#9584=CARTESIAN_POINT('Origin',(26.451357,-38.194398,1.2));
#9585=CARTESIAN_POINT('',(26.451357,-38.194398,1.2));
#9586=CARTESIAN_POINT('',(26.4513569999998,-15.6943977011678,1.2));
#9587=CARTESIAN_POINT('',(26.451357,-38.194398,1.2));
#9588=CARTESIAN_POINT('Origin',(27.851356252925,-38.19439874707,1.2));
#9589=CARTESIAN_POINT('',(27.8513572988302,-39.5943979999949,1.2));
#9590=CARTESIAN_POINT('Origin',(27.851356252925,-38.19439874707,1.2));
#9591=CARTESIAN_POINT('',(27.8513572988302,-39.5943979999949,1.2));
#9592=CARTESIAN_POINT('Origin',(31.3513569999994,-39.594398,1.2));
#9593=CARTESIAN_POINT('',(31.3513569999994,-39.594398,1.2));
#9594=CARTESIAN_POINT('',(27.8513572988302,-39.5943979999949,1.2));
#9595=CARTESIAN_POINT('',(31.3513569999994,-39.594398,1.2));
#9596=CARTESIAN_POINT('Origin',(31.351357747075,-38.19439874707,1.2));
#9597=CARTESIAN_POINT('',(32.7513570000049,-38.1943977011718,1.2));
#9598=CARTESIAN_POINT('Origin',(31.351357747075,-38.19439874707,1.2));
#9599=CARTESIAN_POINT('',(32.7513570000049,-38.1943977011718,1.2));
#9600=CARTESIAN_POINT('Origin',(32.751357,-23.694398,1.2));
#9601=CARTESIAN_POINT('',(32.7513570000005,-23.694398,1.2));
#9602=CARTESIAN_POINT('',(32.7513570000049,-38.1943977011718,1.2));
#9603=CARTESIAN_POINT('',(32.7513570000005,-23.694398,1.2));
#9604=CARTESIAN_POINT('Origin',(33.351356252925,-23.69439725292,1.2));
#9605=CARTESIAN_POINT('',(33.3513567011698,-23.0943979999952,1.2));
#9606=CARTESIAN_POINT('Origin',(33.351356252925,-23.69439725292,1.2));
#9607=CARTESIAN_POINT('',(33.3513567011698,-23.0943979999952,1.2));
#9608=CARTESIAN_POINT('Origin',(53.8513569999999,-23.094398,1.2));
#9609=CARTESIAN_POINT('',(53.8513569999999,-23.094398,1.2));
#9610=CARTESIAN_POINT('',(33.3513567011698,-23.0943979999952,1.2));
#9611=CARTESIAN_POINT('',(53.8513569999999,-23.094398,1.2));
#9612=CARTESIAN_POINT('Origin',(53.851357747075,-21.69439874707,1.2));
#9613=CARTESIAN_POINT('',(55.2513570000049,-21.6943977011718,1.2));
#9614=CARTESIAN_POINT('Origin',(53.851357747075,-21.69439874707,1.2));
#9615=CARTESIAN_POINT('',(55.2513570000049,-21.6943977011718,1.2));
#9616=CARTESIAN_POINT('Origin',(55.251357,-18.694398,1.2));
#9617=CARTESIAN_POINT('',(55.2513570000005,-18.694398,1.2));
#9618=CARTESIAN_POINT('',(55.2513570000049,-21.6943977011718,1.2));
#9619=CARTESIAN_POINT('',(55.2513570000005,-18.694398,1.2));
#9620=CARTESIAN_POINT('Origin',(55.851356252925,-18.69439725292,1.2));
#9621=CARTESIAN_POINT('',(55.8513567011698,-18.0943979999952,1.2));
#9622=CARTESIAN_POINT('Origin',(55.851356252925,-18.69439725292,1.2));
#9623=CARTESIAN_POINT('',(55.8513567011698,-18.0943979999952,1.2));
#9624=CARTESIAN_POINT('Origin',(72.8513569999999,-18.094398,1.2));
#9625=CARTESIAN_POINT('',(72.8513569999999,-18.094398,1.2));
#9626=CARTESIAN_POINT('',(55.8513567011698,-18.0943979999952,1.2));
#9627=CARTESIAN_POINT('',(72.8513569999999,-18.094398,1.2));
#9628=CARTESIAN_POINT('Origin',(72.851357747075,-16.69439874707,1.2));
#9629=CARTESIAN_POINT('',(74.2513570000049,-16.6943977011718,1.2));
#9630=CARTESIAN_POINT('Origin',(72.851357747075,-16.69439874707,1.2));
#9631=CARTESIAN_POINT('',(74.2513570000049,-16.6943977011718,1.2));
#9632=CARTESIAN_POINT('Origin',(74.251357,20.305602,1.2));
#9633=CARTESIAN_POINT('',(74.251357,20.305602,1.2));
#9634=CARTESIAN_POINT('',(74.2513570000049,-16.6943977011718,1.2));
#9635=CARTESIAN_POINT('',(74.251357,20.305602,1.2));
#9636=CARTESIAN_POINT('Origin',(72.851357747075,20.305602747075,1.2));
#9637=CARTESIAN_POINT('',(72.8513567011698,21.7056019999999,1.2));
#9638=CARTESIAN_POINT('Origin',(72.851357747075,20.305602747075,1.2));
#9639=CARTESIAN_POINT('',(72.8513567011698,21.7056019999999,1.2));
#9640=CARTESIAN_POINT('Origin',(55.851357,21.705602,1.2));
#9641=CARTESIAN_POINT('',(55.851357,21.7056020000005,1.2));
#9642=CARTESIAN_POINT('',(72.8513567011698,21.7056019999999,1.2));
#9643=CARTESIAN_POINT('',(55.851357,21.7056020000005,1.2));
#9644=CARTESIAN_POINT('Origin',(55.851356252925,22.305601252925,1.2));
#9645=CARTESIAN_POINT('',(55.2513570000002,22.3056017011698,1.2));
#9646=CARTESIAN_POINT('Origin',(55.851356252925,22.305601252925,1.2));
#9647=CARTESIAN_POINT('',(55.2513570000002,22.3056017011698,1.2));
#9648=CARTESIAN_POINT('Origin',(55.251357,34.305602,1.2));
#9649=CARTESIAN_POINT('',(55.251357,34.305602,1.2));
#9650=CARTESIAN_POINT('',(55.2513570000002,22.3056017011698,1.2));
#9651=CARTESIAN_POINT('',(55.251357,34.305602,1.2));
#9652=CARTESIAN_POINT('Origin',(53.851357747075,34.305602747075,1.2));
#9653=CARTESIAN_POINT('',(53.8513567011698,35.7056019999999,1.2));
#9654=CARTESIAN_POINT('Origin',(53.851357747075,34.305602747075,1.2));
#9655=CARTESIAN_POINT('',(53.8513567011698,35.7056019999999,1.2));
#9656=CARTESIAN_POINT('Origin',(36.851357,35.705602,1.2));
#9657=CARTESIAN_POINT('',(36.851357,35.7056020000005,1.2));
#9658=CARTESIAN_POINT('',(53.8513567011698,35.7056019999999,1.2));
#9659=CARTESIAN_POINT('',(36.851357,35.7056020000005,1.2));
#9660=CARTESIAN_POINT('Origin',(36.851356252925,36.305601252925,1.2));
#9661=CARTESIAN_POINT('',(36.2513570000002,36.3056017011698,1.2));
#9662=CARTESIAN_POINT('Origin',(36.851356252925,36.305601252925,1.2));
#9663=CARTESIAN_POINT('',(36.2513570000002,36.3056017011698,1.2));
#9664=CARTESIAN_POINT('Origin',(36.251357,44.305602,1.2));
#9665=CARTESIAN_POINT('',(36.251357,44.305602,1.2));
#9666=CARTESIAN_POINT('',(36.2513570000002,36.3056017011698,1.2));
#9667=CARTESIAN_POINT('',(36.251357,44.305602,1.2));
#9668=CARTESIAN_POINT('Origin',(34.851357747075,44.305602747075,1.2));
#9669=CARTESIAN_POINT('',(34.8513567011698,45.7056019999999,1.2));
#9670=CARTESIAN_POINT('Origin',(34.851357747075,44.305602747075,1.2));
#9671=CARTESIAN_POINT('',(34.8513567011698,45.7056019999999,1.2));
#9672=CARTESIAN_POINT('Origin',(17.351357,45.705602,1.2));
#9673=CARTESIAN_POINT('',(17.351357,45.7056020000073,1.2));
#9674=CARTESIAN_POINT('',(34.8513567011698,45.7056019999999,1.2));
#9675=CARTESIAN_POINT('',(17.351357,45.7056020000073,1.2));
#9676=CARTESIAN_POINT('Origin',(17.351358333573,45.805603333573,1.2));
#9677=CARTESIAN_POINT('',(17.2513569999988,45.8056030668556,1.2));
#9678=CARTESIAN_POINT('Origin',(17.351358333573,45.805603333573,1.2));
#9679=CARTESIAN_POINT('',(17.2513569999988,45.8056030668556,1.2));
#9680=CARTESIAN_POINT('Origin',(16.351355666427,45.805600666427,1.2));
#9681=CARTESIAN_POINT('',(16.3513580668556,46.7056019999988,1.2));
#9682=CARTESIAN_POINT('Origin',(16.351355666427,45.805600666427,1.2));
#9683=CARTESIAN_POINT('',(16.3513580668556,46.7056019999988,1.2));
#9684=CARTESIAN_POINT('Origin',(-3.148643,46.705602,1.2));
#9685=CARTESIAN_POINT('',(-3.148643,46.705602,1.2));
#9686=CARTESIAN_POINT('',(16.3513580668556,46.7056019999988,1.2));
#9687=CARTESIAN_POINT('',(-3.148643,46.705602,1.2));
#9688=CARTESIAN_POINT('Origin',(-3.14864374707499,45.305602747075,1.2));
#9689=CARTESIAN_POINT('',(-4.5486429999999,45.3056017011698,1.2));
#9690=CARTESIAN_POINT('Origin',(-3.14864374707499,45.305602747075,1.2));
#9691=CARTESIAN_POINT('',(-4.5486429999999,45.3056017011698,1.2));
#9692=CARTESIAN_POINT('Origin',(-4.548643,44.3056020000001,1.2));
#9693=CARTESIAN_POINT('',(-4.54864300000046,44.3056020000001,1.2));
#9694=CARTESIAN_POINT('',(-4.5486429999999,45.3056017011698,1.2));
#9695=CARTESIAN_POINT('',(-4.54864300000046,44.3056020000001,1.2));
#9696=CARTESIAN_POINT('Origin',(-5.148642252925,44.305601252925,1.2));
#9697=CARTESIAN_POINT('',(-5.14864270116978,43.7056020000002,1.2));
#9698=CARTESIAN_POINT('Origin',(-5.148642252925,44.305601252925,1.2));
#9699=CARTESIAN_POINT('',(-5.14864270116978,43.7056020000002,1.2));
#9700=CARTESIAN_POINT('Origin',(-22.148643,43.705602,1.2));
#9701=CARTESIAN_POINT('',(-22.148643,43.705602,1.2));
#9702=CARTESIAN_POINT('',(-5.14864270116978,43.7056020000002,1.2));
#9703=CARTESIAN_POINT('',(-22.148643,43.705602,1.2));
#9704=CARTESIAN_POINT('Origin',(-22.14864374707,42.305602747075,1.2));
#9705=CARTESIAN_POINT('',(-23.5486429999952,42.3056017011698,1.2));
#9706=CARTESIAN_POINT('Origin',(-22.14864374707,42.305602747075,1.2));
#9707=CARTESIAN_POINT('',(-23.5486429999952,42.3056017011698,1.2));
#9708=CARTESIAN_POINT('Origin',(-24.14864225292,42.305601252925,1.2));
#9709=CARTESIAN_POINT('Origin',(-24.14864225292,42.305601252925,1.2));
#9710=CARTESIAN_POINT('Origin',(-61.148643,41.705602,1.2));
#9711=CARTESIAN_POINT('',(-24.1486427011678,41.7056020000002,1.2));
#9712=CARTESIAN_POINT('Origin',(0.,0.,1.2));
#9713=CARTESIAN_POINT('',(37.711357,32.305602,1.2));
#9714=CARTESIAN_POINT('',(37.351357,31.945602,1.2));
#9715=CARTESIAN_POINT('Origin',(37.711358506451,31.945600493549,1.2));
#9716=CARTESIAN_POINT('',(50.991357,32.305602,1.2));
#9717=CARTESIAN_POINT('',(50.991357,32.305602,1.2));
#9718=CARTESIAN_POINT('',(51.351357,31.945602,1.2));
#9719=CARTESIAN_POINT('Origin',(50.991355493549,31.945600493549,1.2));
#9720=CARTESIAN_POINT('',(51.351357,18.665602,1.2));
#9721=CARTESIAN_POINT('',(51.351357,18.665602,1.2));
#9722=CARTESIAN_POINT('',(50.991357,18.305602,1.2));
#9723=CARTESIAN_POINT('Origin',(50.991355493549,18.665603506451,1.2));
#9724=CARTESIAN_POINT('',(37.711357,18.305602,1.2));
#9725=CARTESIAN_POINT('',(37.711357,18.305602,1.2));
#9726=CARTESIAN_POINT('',(37.351357,18.665602,1.2));
#9727=CARTESIAN_POINT('Origin',(37.711358506451,18.665603506451,1.2));
#9728=CARTESIAN_POINT('',(37.351357,31.945602,1.2));
#9729=CARTESIAN_POINT('',(18.711357,42.305602,1.2));
#9730=CARTESIAN_POINT('',(18.351357,41.945602,1.2));
#9731=CARTESIAN_POINT('Origin',(18.711358506451,41.945600493549,1.2));
#9732=CARTESIAN_POINT('',(31.991357,42.305602,1.2));
#9733=CARTESIAN_POINT('',(31.991357,42.305602,1.2));
#9734=CARTESIAN_POINT('',(32.351357,41.945602,1.2));
#9735=CARTESIAN_POINT('Origin',(31.991355493549,41.945600493549,1.2));
#9736=CARTESIAN_POINT('',(32.351357,28.665602,1.2));
#9737=CARTESIAN_POINT('',(32.351357,28.665602,1.2));
#9738=CARTESIAN_POINT('',(31.991357,28.305602,1.2));
#9739=CARTESIAN_POINT('Origin',(31.991355493549,28.665603506451,1.2));
#9740=CARTESIAN_POINT('',(18.711357,28.305602,1.2));
#9741=CARTESIAN_POINT('',(18.711357,28.305602,1.2));
#9742=CARTESIAN_POINT('',(18.351357,28.665602,1.2));
#9743=CARTESIAN_POINT('Origin',(18.711358506451,28.665603506451,1.2));
#9744=CARTESIAN_POINT('',(18.351357,41.945602,1.2));
#9745=CARTESIAN_POINT('',(-0.288643,43.305602,1.2));
#9746=CARTESIAN_POINT('',(-0.648643,42.945602,1.2));
#9747=CARTESIAN_POINT('Origin',(-0.288641493549,42.945600493549,1.2));
#9748=CARTESIAN_POINT('',(12.991357,43.305602,1.2));
#9749=CARTESIAN_POINT('',(12.991357,43.305602,1.2));
#9750=CARTESIAN_POINT('',(13.351357,42.945602,1.2));
#9751=CARTESIAN_POINT('Origin',(12.991355493549,42.945600493549,1.2));
#9752=CARTESIAN_POINT('',(13.351357,29.665602,1.2));
#9753=CARTESIAN_POINT('',(13.351357,29.665602,1.2));
#9754=CARTESIAN_POINT('',(12.991357,29.305602,1.2));
#9755=CARTESIAN_POINT('Origin',(12.991355493549,29.665603506451,1.2));
#9756=CARTESIAN_POINT('',(-0.288643,29.305602,1.2));
#9757=CARTESIAN_POINT('',(-0.288643,29.305602,1.2));
#9758=CARTESIAN_POINT('',(-0.648643,29.665602,1.2));
#9759=CARTESIAN_POINT('Origin',(-0.288641493549,29.665603506451,1.2));
#9760=CARTESIAN_POINT('',(-0.648643,42.945602,1.2));
#9761=CARTESIAN_POINT('',(34.351357,26.905602,1.2));
#9762=CARTESIAN_POINT('Origin',(34.351357,25.805602,1.2));
#9763=CARTESIAN_POINT('',(56.711357,18.305602,1.2));
#9764=CARTESIAN_POINT('',(56.351357,17.945602,1.2));
#9765=CARTESIAN_POINT('Origin',(56.711358506451,17.945600493549,1.2));
#9766=CARTESIAN_POINT('',(69.991357,18.305602,1.2));
#9767=CARTESIAN_POINT('',(69.991357,18.305602,1.2));
#9768=CARTESIAN_POINT('',(70.351357,17.945602,1.2));
#9769=CARTESIAN_POINT('Origin',(69.991355493549,17.945600493549,1.2));
#9770=CARTESIAN_POINT('',(70.351357,4.665602,1.2));
#9771=CARTESIAN_POINT('',(70.351357,4.665602,1.2));
#9772=CARTESIAN_POINT('',(69.991357,4.305602,1.2));
#9773=CARTESIAN_POINT('Origin',(69.991355493549,4.665603506451,1.2));
#9774=CARTESIAN_POINT('',(56.711357,4.305602,1.2));
#9775=CARTESIAN_POINT('',(56.711357,4.305602,1.2));
#9776=CARTESIAN_POINT('',(56.351357,4.665602,1.2));
#9777=CARTESIAN_POINT('Origin',(56.711358506451,4.665603506451,1.2));
#9778=CARTESIAN_POINT('',(56.351357,17.945602,1.2));
#9779=CARTESIAN_POINT('',(54.351357,2.905602,1.2));
#9780=CARTESIAN_POINT('Origin',(54.351357,1.805602,1.2));
#9781=CARTESIAN_POINT('',(37.711357,13.305602,1.2));
#9782=CARTESIAN_POINT('',(37.351357,12.945602,1.2));
#9783=CARTESIAN_POINT('Origin',(37.711358506451,12.945600493549,1.2));
#9784=CARTESIAN_POINT('',(50.991357,13.305602,1.2));
#9785=CARTESIAN_POINT('',(50.991357,13.305602,1.2));
#9786=CARTESIAN_POINT('',(51.351357,12.945602,1.2));
#9787=CARTESIAN_POINT('Origin',(50.991355493549,12.945600493549,1.2));
#9788=CARTESIAN_POINT('',(51.351357,-0.334398,1.2));
#9789=CARTESIAN_POINT('',(51.351357,-0.334398,1.2));
#9790=CARTESIAN_POINT('',(50.991357,-0.694398,1.2));
#9791=CARTESIAN_POINT('Origin',(50.991355493549,-0.334396493549,1.2));
#9792=CARTESIAN_POINT('',(37.711357,-0.694398,1.2));
#9793=CARTESIAN_POINT('',(37.711357,-0.694398,1.2));
#9794=CARTESIAN_POINT('',(37.351357,-0.334398,1.2));
#9795=CARTESIAN_POINT('Origin',(37.711358506451,-0.334396493549,1.2));
#9796=CARTESIAN_POINT('',(37.351357,12.945602,1.2));
#9797=CARTESIAN_POINT('',(18.711357,23.305602,1.2));
#9798=CARTESIAN_POINT('',(18.351357,22.945602,1.2));
#9799=CARTESIAN_POINT('Origin',(18.711358506451,22.945600493549,1.2));
#9800=CARTESIAN_POINT('',(31.991357,23.305602,1.2));
#9801=CARTESIAN_POINT('',(31.991357,23.305602,1.2));
#9802=CARTESIAN_POINT('',(32.351357,22.945602,1.2));
#9803=CARTESIAN_POINT('Origin',(31.991355493549,22.945600493549,1.2));
#9804=CARTESIAN_POINT('',(32.351357,9.665602,1.2));
#9805=CARTESIAN_POINT('',(32.351357,9.665602,1.2));
#9806=CARTESIAN_POINT('',(31.991357,9.305602,1.2));
#9807=CARTESIAN_POINT('Origin',(31.991355493549,9.665603506451,1.2));
#9808=CARTESIAN_POINT('',(18.711357,9.305602,1.2));
#9809=CARTESIAN_POINT('',(18.711357,9.305602,1.2));
#9810=CARTESIAN_POINT('',(18.351357,9.665602,1.2));
#9811=CARTESIAN_POINT('Origin',(18.711358506451,9.665603506451,1.2));
#9812=CARTESIAN_POINT('',(18.351357,22.945602,1.2));
#9813=CARTESIAN_POINT('',(-0.288643,24.305602,1.2));
#9814=CARTESIAN_POINT('',(-0.648643,23.945602,1.2));
#9815=CARTESIAN_POINT('Origin',(-0.288641493549,23.945600493549,1.2));
#9816=CARTESIAN_POINT('',(12.991357,24.305602,1.2));
#9817=CARTESIAN_POINT('',(12.991357,24.305602,1.2));
#9818=CARTESIAN_POINT('',(13.351357,23.945602,1.2));
#9819=CARTESIAN_POINT('Origin',(12.991355493549,23.945600493549,1.2));
#9820=CARTESIAN_POINT('',(13.351357,10.665602,1.2));
#9821=CARTESIAN_POINT('',(13.351357,10.665602,1.2));
#9822=CARTESIAN_POINT('',(12.991357,10.305602,1.2));
#9823=CARTESIAN_POINT('Origin',(12.991355493549,10.665603506451,1.2));
#9824=CARTESIAN_POINT('',(-0.288643,10.305602,1.2));
#9825=CARTESIAN_POINT('',(-0.288643,10.305602,1.2));
#9826=CARTESIAN_POINT('',(-0.648643,10.665602,1.2));
#9827=CARTESIAN_POINT('Origin',(-0.288641493549,10.665603506451,1.2));
#9828=CARTESIAN_POINT('',(-0.648643,23.945602,1.2));
#9829=CARTESIAN_POINT('',(-19.288643,40.305602,1.2));
#9830=CARTESIAN_POINT('',(-19.648643,39.945602,1.2));
#9831=CARTESIAN_POINT('Origin',(-19.28864149354,39.945600493549,1.2));
#9832=CARTESIAN_POINT('',(-6.008643,40.305602,1.2));
#9833=CARTESIAN_POINT('',(-6.008643,40.305602,1.2));
#9834=CARTESIAN_POINT('',(-5.648643,39.945602,1.2));
#9835=CARTESIAN_POINT('Origin',(-6.008644506451,39.945600493549,1.2));
#9836=CARTESIAN_POINT('',(-5.648643,26.665602,1.2));
#9837=CARTESIAN_POINT('',(-5.648643,26.665602,1.2));
#9838=CARTESIAN_POINT('',(-6.008643,26.305602,1.2));
#9839=CARTESIAN_POINT('Origin',(-6.008644506451,26.665603506451,1.2));
#9840=CARTESIAN_POINT('',(-19.288643,26.305602,1.2));
#9841=CARTESIAN_POINT('',(-19.288643,26.305602,1.2));
#9842=CARTESIAN_POINT('',(-19.648643,26.665602,1.2));
#9843=CARTESIAN_POINT('Origin',(-19.28864149354,26.665603506451,1.2));
#9844=CARTESIAN_POINT('',(-19.648643,39.945602,1.2));
#9845=CARTESIAN_POINT('',(-38.288643,38.305602,1.2));
#9846=CARTESIAN_POINT('',(-38.648643,37.945602,1.2));
#9847=CARTESIAN_POINT('Origin',(-38.28864149354,37.945600493549,1.2));
#9848=CARTESIAN_POINT('',(-25.008643,38.305602,1.2));
#9849=CARTESIAN_POINT('',(-25.008643,38.305602,1.2));
#9850=CARTESIAN_POINT('',(-24.648643,37.945602,1.2));
#9851=CARTESIAN_POINT('Origin',(-25.00864450645,37.945600493549,1.2));
#9852=CARTESIAN_POINT('',(-24.648643,24.665602,1.2));
#9853=CARTESIAN_POINT('',(-24.648643,24.665602,1.2));
#9854=CARTESIAN_POINT('',(-25.008643,24.305602,1.2));
#9855=CARTESIAN_POINT('Origin',(-25.00864450645,24.665603506451,1.2));
#9856=CARTESIAN_POINT('',(-38.288643,24.305602,1.2));
#9857=CARTESIAN_POINT('',(-38.288643,24.305602,1.2));
#9858=CARTESIAN_POINT('',(-38.648643,24.665602,1.2));
#9859=CARTESIAN_POINT('Origin',(-38.28864149354,24.665603506451,1.2));
#9860=CARTESIAN_POINT('',(-38.648643,37.945602,1.2));
#9861=CARTESIAN_POINT('',(-22.648643,22.905602,1.2));
#9862=CARTESIAN_POINT('Origin',(-22.648643,21.805602,1.2));
#9863=CARTESIAN_POINT('',(-19.288643,21.305602,1.2));
#9864=CARTESIAN_POINT('',(-19.648643,20.945602,1.2));
#9865=CARTESIAN_POINT('Origin',(-19.28864149354,20.945600493549,1.2));
#9866=CARTESIAN_POINT('',(-6.008643,21.305602,1.2));
#9867=CARTESIAN_POINT('',(-6.008643,21.305602,1.2));
#9868=CARTESIAN_POINT('',(-5.648643,20.945602,1.2));
#9869=CARTESIAN_POINT('Origin',(-6.008644506451,20.945600493549,1.2));
#9870=CARTESIAN_POINT('',(-5.648643,7.665602,1.2));
#9871=CARTESIAN_POINT('',(-5.648643,7.665602,1.2));
#9872=CARTESIAN_POINT('',(-6.008643,7.305602,1.2));
#9873=CARTESIAN_POINT('Origin',(-6.008644506451,7.665603506451,1.2));
#9874=CARTESIAN_POINT('',(-19.288643,7.305602,1.2));
#9875=CARTESIAN_POINT('',(-19.288643,7.305602,1.2));
#9876=CARTESIAN_POINT('',(-19.648643,7.665602,1.2));
#9877=CARTESIAN_POINT('Origin',(-19.28864149354,7.665603506451,1.2));
#9878=CARTESIAN_POINT('',(-19.648643,20.945602,1.2));
#9879=CARTESIAN_POINT('',(-38.288643,19.305602,1.2));
#9880=CARTESIAN_POINT('',(-38.648643,18.945602,1.2));
#9881=CARTESIAN_POINT('Origin',(-38.28864149354,18.945600493549,1.2));
#9882=CARTESIAN_POINT('',(-25.008643,19.305602,1.2));
#9883=CARTESIAN_POINT('',(-25.008643,19.305602,1.2));
#9884=CARTESIAN_POINT('',(-24.648643,18.945602,1.2));
#9885=CARTESIAN_POINT('Origin',(-25.00864450645,18.945600493549,1.2));
#9886=CARTESIAN_POINT('',(-24.648643,5.665602,1.2));
#9887=CARTESIAN_POINT('',(-24.648643,5.665602,1.2));
#9888=CARTESIAN_POINT('',(-25.008643,5.305602,1.2));
#9889=CARTESIAN_POINT('Origin',(-25.00864450645,5.665603506451,1.2));
#9890=CARTESIAN_POINT('',(-38.288643,5.305602,1.2));
#9891=CARTESIAN_POINT('',(-38.288643,5.305602,1.2));
#9892=CARTESIAN_POINT('',(-38.648643,5.665602,1.2));
#9893=CARTESIAN_POINT('Origin',(-38.28864149354,5.665603506451,1.2));
#9894=CARTESIAN_POINT('',(-38.648643,18.945602,1.2));
#9895=CARTESIAN_POINT('',(56.711357,-0.694398,1.2));
#9896=CARTESIAN_POINT('',(56.351357,-1.054398,1.2));
#9897=CARTESIAN_POINT('Origin',(56.711358506451,-1.054399506451,1.2));
#9898=CARTESIAN_POINT('',(69.991357,-0.694398,1.2));
#9899=CARTESIAN_POINT('',(69.991357,-0.694398,1.2));
#9900=CARTESIAN_POINT('',(70.351357,-1.054398,1.2));
#9901=CARTESIAN_POINT('Origin',(69.991355493549,-1.054399506451,1.2));
#9902=CARTESIAN_POINT('',(70.351357,-14.334398,1.2));
#9903=CARTESIAN_POINT('',(70.351357,-14.334398,1.2));
#9904=CARTESIAN_POINT('',(69.991357,-14.694398,1.2));
#9905=CARTESIAN_POINT('Origin',(69.991355493549,-14.33439649354,1.2));
#9906=CARTESIAN_POINT('',(56.711357,-14.694398,1.2));
#9907=CARTESIAN_POINT('',(56.711357,-14.694398,1.2));
#9908=CARTESIAN_POINT('',(56.351357,-14.334398,1.2));
#9909=CARTESIAN_POINT('Origin',(56.711358506451,-14.33439649354,1.2));
#9910=CARTESIAN_POINT('',(56.351357,-1.054398,1.2));
#9911=CARTESIAN_POINT('',(37.711357,-5.694398,1.2));
#9912=CARTESIAN_POINT('',(37.351357,-6.054398,1.2));
#9913=CARTESIAN_POINT('Origin',(37.711358506451,-6.054399506451,1.2));
#9914=CARTESIAN_POINT('',(50.991357,-5.694398,1.2));
#9915=CARTESIAN_POINT('',(50.991357,-5.694398,1.2));
#9916=CARTESIAN_POINT('',(51.351357,-6.054398,1.2));
#9917=CARTESIAN_POINT('Origin',(50.991355493549,-6.054399506451,1.2));
#9918=CARTESIAN_POINT('',(51.351357,-19.334398,1.2));
#9919=CARTESIAN_POINT('',(51.351357,-19.334398,1.2));
#9920=CARTESIAN_POINT('',(50.991357,-19.694398,1.2));
#9921=CARTESIAN_POINT('Origin',(50.991355493549,-19.33439649354,1.2));
#9922=CARTESIAN_POINT('',(37.711357,-19.694398,1.2));
#9923=CARTESIAN_POINT('',(37.711357,-19.694398,1.2));
#9924=CARTESIAN_POINT('',(37.351357,-19.334398,1.2));
#9925=CARTESIAN_POINT('Origin',(37.711358506451,-19.33439649354,1.2));
#9926=CARTESIAN_POINT('',(37.351357,-6.054398,1.2));
#9927=CARTESIAN_POINT('',(18.711357,4.305602,1.2));
#9928=CARTESIAN_POINT('',(18.351357,3.945602,1.2));
#9929=CARTESIAN_POINT('Origin',(18.711358506451,3.945600493549,1.2));
#9930=CARTESIAN_POINT('',(31.991357,4.305602,1.2));
#9931=CARTESIAN_POINT('',(31.991357,4.305602,1.2));
#9932=CARTESIAN_POINT('',(32.351357,3.945602,1.2));
#9933=CARTESIAN_POINT('Origin',(31.991355493549,3.945600493549,1.2));
#9934=CARTESIAN_POINT('',(32.351357,-9.334398,1.2));
#9935=CARTESIAN_POINT('',(32.351357,-9.334398,1.2));
#9936=CARTESIAN_POINT('',(31.991357,-9.694398,1.2));
#9937=CARTESIAN_POINT('Origin',(31.991355493549,-9.334396493549,1.2));
#9938=CARTESIAN_POINT('',(18.711357,-9.694398,1.2));
#9939=CARTESIAN_POINT('',(18.711357,-9.694398,1.2));
#9940=CARTESIAN_POINT('',(18.351357,-9.334398,1.2));
#9941=CARTESIAN_POINT('Origin',(18.711358506451,-9.334396493549,1.2));
#9942=CARTESIAN_POINT('',(18.351357,3.945602,1.2));
#9943=CARTESIAN_POINT('',(-0.288643,5.305602,1.2));
#9944=CARTESIAN_POINT('',(-0.648643,4.945602,1.2));
#9945=CARTESIAN_POINT('Origin',(-0.288641493549,4.945600493549,1.2));
#9946=CARTESIAN_POINT('',(12.991357,5.305602,1.2));
#9947=CARTESIAN_POINT('',(12.991357,5.305602,1.2));
#9948=CARTESIAN_POINT('',(13.351357,4.945602,1.2));
#9949=CARTESIAN_POINT('Origin',(12.991355493549,4.945600493549,1.2));
#9950=CARTESIAN_POINT('',(13.351357,-8.334398,1.2));
#9951=CARTESIAN_POINT('',(13.351357,-8.334398,1.2));
#9952=CARTESIAN_POINT('',(12.991357,-8.694398,1.2));
#9953=CARTESIAN_POINT('Origin',(12.991355493549,-8.334396493549,1.2));
#9954=CARTESIAN_POINT('',(-0.288643,-8.694398,1.2));
#9955=CARTESIAN_POINT('',(-0.288643,-8.694398,1.2));
#9956=CARTESIAN_POINT('',(-0.648643,-8.334398,1.2));
#9957=CARTESIAN_POINT('Origin',(-0.288641493549,-8.334396493549,1.2));
#9958=CARTESIAN_POINT('',(-0.648643,4.945602,1.2));
#9959=CARTESIAN_POINT('',(-19.288643,2.305602,1.2));
#9960=CARTESIAN_POINT('',(-19.648643,1.945602,1.2));
#9961=CARTESIAN_POINT('Origin',(-19.28864149354,1.945600493549,1.2));
#9962=CARTESIAN_POINT('',(-6.008643,2.305602,1.2));
#9963=CARTESIAN_POINT('',(-6.008643,2.305602,1.2));
#9964=CARTESIAN_POINT('',(-5.648643,1.945602,1.2));
#9965=CARTESIAN_POINT('Origin',(-6.008644506451,1.945600493549,1.2));
#9966=CARTESIAN_POINT('',(-5.648643,-11.334398,1.2));
#9967=CARTESIAN_POINT('',(-5.648643,-11.334398,1.2));
#9968=CARTESIAN_POINT('',(-6.008643,-11.694398,1.2));
#9969=CARTESIAN_POINT('Origin',(-6.008644506451,-11.33439649354,1.2));
#9970=CARTESIAN_POINT('',(-19.288643,-11.694398,1.2));
#9971=CARTESIAN_POINT('',(-19.288643,-11.694398,1.2));
#9972=CARTESIAN_POINT('',(-19.648643,-11.334398,1.2));
#9973=CARTESIAN_POINT('Origin',(-19.28864149354,-11.33439649354,1.2));
#9974=CARTESIAN_POINT('',(-19.648643,1.945602,1.2));
#9975=CARTESIAN_POINT('',(-38.288643,0.305602,1.2));
#9976=CARTESIAN_POINT('',(-38.648643,-0.054398,1.2));
#9977=CARTESIAN_POINT('Origin',(-38.28864149354,-0.05439950645135,1.2));
#9978=CARTESIAN_POINT('',(-25.008643,0.305602,1.2));
#9979=CARTESIAN_POINT('',(-25.008643,0.305602,1.2));
#9980=CARTESIAN_POINT('',(-24.648643,-0.054398,1.2));
#9981=CARTESIAN_POINT('Origin',(-25.00864450645,-0.05439950645135,1.2));
#9982=CARTESIAN_POINT('',(-24.648643,-13.334398,1.2));
#9983=CARTESIAN_POINT('',(-24.648643,-13.334398,1.2));
#9984=CARTESIAN_POINT('',(-25.008643,-13.694398,1.2));
#9985=CARTESIAN_POINT('Origin',(-25.00864450645,-13.33439649354,1.2));
#9986=CARTESIAN_POINT('',(-38.288643,-13.694398,1.2));
#9987=CARTESIAN_POINT('',(-38.288643,-13.694398,1.2));
#9988=CARTESIAN_POINT('',(-38.648643,-13.334398,1.2));
#9989=CARTESIAN_POINT('Origin',(-38.28864149354,-13.33439649354,1.2));
#9990=CARTESIAN_POINT('',(-38.648643,-0.054398,1.2));
#9991=CARTESIAN_POINT('',(-54.648643,-18.594398,1.2));
#9992=CARTESIAN_POINT('Origin',(-54.648643,-19.694398,1.2));
#9993=CARTESIAN_POINT('',(-36.605721,-19.468917,1.2));
#9994=CARTESIAN_POINT('',(-37.046629,-19.214359,1.2));
#9995=CARTESIAN_POINT('Origin',(-36.95345378792,-19.56209163267,1.2));
#9996=CARTESIAN_POINT('',(-33.168604,-32.296412,1.2));
#9997=CARTESIAN_POINT('',(-33.168604,-32.296412,1.2));
#9998=CARTESIAN_POINT('',(-33.423162,-32.73732,1.2));
#9999=CARTESIAN_POINT('Origin',(-33.51633663267,-32.38958721207,1.2));
#10000=CARTESIAN_POINT('',(-46.250657,-36.174437,1.2));
#10001=CARTESIAN_POINT('',(-46.250657,-36.174437,1.2));
#10002=CARTESIAN_POINT('',(-46.691565,-35.919879,1.2));
#10003=CARTESIAN_POINT('Origin',(-46.34383221207,-35.82670436732,1.2));
#10004=CARTESIAN_POINT('',(-50.128682,-23.092384,1.2));
#10005=CARTESIAN_POINT('',(-50.128682,-23.092384,1.2));
#10006=CARTESIAN_POINT('',(-49.874124,-22.651476,1.2));
#10007=CARTESIAN_POINT('Origin',(-49.78094936732,-22.99920878792,1.2));
#10008=CARTESIAN_POINT('',(-37.046629,-19.214359,1.2));
#10009=CARTESIAN_POINT('',(-58.406465,-24.443989,1.2));
#10010=CARTESIAN_POINT('',(-58.898234,-24.31222,1.2));
#10011=CARTESIAN_POINT('Origin',(-58.71823519205,-24.6239934488,1.2));
#10012=CARTESIAN_POINT('',(-51.766465,-35.944807,1.2));
#10013=CARTESIAN_POINT('',(-51.766465,-35.944807,1.2));
#10014=CARTESIAN_POINT('',(-51.898234,-36.436576,1.2));
#10015=CARTESIAN_POINT('Origin',(-52.0782384488,-36.12480580794,1.2));
#10016=CARTESIAN_POINT('',(-63.399052,-43.076576,1.2));
#10017=CARTESIAN_POINT('',(-63.399052,-43.076576,1.2));
#10018=CARTESIAN_POINT('',(-63.890821,-42.944807,1.2));
#10019=CARTESIAN_POINT('Origin',(-63.57905080794,-42.76480255119,1.2));
#10020=CARTESIAN_POINT('',(-70.530821,-31.443989,1.2));
#10021=CARTESIAN_POINT('',(-70.530821,-31.443989,1.2));
#10022=CARTESIAN_POINT('',(-70.399052,-30.95222,1.2));
#10023=CARTESIAN_POINT('Origin',(-70.21904755119,-31.26399019205,1.2));
#10024=CARTESIAN_POINT('',(-58.898234,-24.31222,1.2));
#10025=CARTESIAN_POINT('Origin',(-58.71823519205,-24.6239934488,0.));
#10026=CARTESIAN_POINT('',(-58.406465,-24.443989,0.));
#10027=CARTESIAN_POINT('',(-58.898234,-24.31222,0.));
#10028=CARTESIAN_POINT('Origin',(-51.766465,-35.944807,0.));
#10029=CARTESIAN_POINT('',(-51.766465,-35.944807,0.));
#10030=CARTESIAN_POINT('Origin',(-58.898234,-24.31222,0.));
#10031=CARTESIAN_POINT('',(-70.399052,-30.95222,0.));
#10032=CARTESIAN_POINT('Origin',(-52.0782384488,-36.12480580794,0.));
#10033=CARTESIAN_POINT('',(-51.898234,-36.436576,0.));
#10034=CARTESIAN_POINT('Origin',(-70.21904755119,-31.26399019205,0.));
#10035=CARTESIAN_POINT('',(-70.530821,-31.443989,0.));
#10036=CARTESIAN_POINT('Origin',(-63.399052,-43.076576,0.));
#10037=CARTESIAN_POINT('',(-63.399052,-43.076576,0.));
#10038=CARTESIAN_POINT('Origin',(-70.530821,-31.443989,0.));
#10039=CARTESIAN_POINT('',(-63.890821,-42.944807,0.));
#10040=CARTESIAN_POINT('Origin',(-63.57905080794,-42.76480255119,0.));
#10041=CARTESIAN_POINT('Origin',(-36.95345378792,-19.56209163267,0.));
#10042=CARTESIAN_POINT('',(-36.605721,-19.468917,0.));
#10043=CARTESIAN_POINT('',(-37.046629,-19.214359,0.));
#10044=CARTESIAN_POINT('Origin',(-33.168604,-32.296412,0.));
#10045=CARTESIAN_POINT('',(-33.168604,-32.296412,0.));
#10046=CARTESIAN_POINT('Origin',(-37.046629,-19.214359,0.));
#10047=CARTESIAN_POINT('',(-49.874124,-22.651476,0.));
#10048=CARTESIAN_POINT('Origin',(-33.51633663267,-32.38958721207,0.));
#10049=CARTESIAN_POINT('',(-33.423162,-32.73732,0.));
#10050=CARTESIAN_POINT('Origin',(-49.78094936732,-22.99920878792,0.));
#10051=CARTESIAN_POINT('',(-50.128682,-23.092384,0.));
#10052=CARTESIAN_POINT('Origin',(-46.250657,-36.174437,0.));
#10053=CARTESIAN_POINT('',(-46.250657,-36.174437,0.));
#10054=CARTESIAN_POINT('Origin',(-50.128682,-23.092384,0.));
#10055=CARTESIAN_POINT('',(-46.691565,-35.919879,0.));
#10056=CARTESIAN_POINT('Origin',(-46.34383221207,-35.82670436732,0.));
#10057=CARTESIAN_POINT('Origin',(-54.648643,-19.694398,-0.046));
#10058=CARTESIAN_POINT('',(-54.648643,-18.594398,-0.046));
#10059=CARTESIAN_POINT('Origin',(-38.28864149354,-0.05439950645135,0.));
#10060=CARTESIAN_POINT('',(-38.288643,0.305602,0.));
#10061=CARTESIAN_POINT('',(-38.648643,-0.054398,0.));
#10062=CARTESIAN_POINT('Origin',(-25.008643,0.305602,0.));
#10063=CARTESIAN_POINT('',(-25.008643,0.305602,0.));
#10064=CARTESIAN_POINT('Origin',(-38.648643,-0.054398,0.));
#10065=CARTESIAN_POINT('',(-38.648643,-13.334398,0.));
#10066=CARTESIAN_POINT('Origin',(-25.00864450645,-0.05439950645135,0.));
#10067=CARTESIAN_POINT('',(-24.648643,-0.054398,0.));
#10068=CARTESIAN_POINT('Origin',(-38.28864149354,-13.33439649354,0.));
#10069=CARTESIAN_POINT('',(-38.288643,-13.694398,0.));
#10070=CARTESIAN_POINT('Origin',(-24.648643,-13.334398,0.));
#10071=CARTESIAN_POINT('',(-24.648643,-13.334398,0.));
#10072=CARTESIAN_POINT('Origin',(-38.288643,-13.694398,0.));
#10073=CARTESIAN_POINT('',(-25.008643,-13.694398,0.));
#10074=CARTESIAN_POINT('Origin',(-25.00864450645,-13.33439649354,0.));
#10075=CARTESIAN_POINT('Origin',(-19.28864149354,1.945600493549,0.));
#10076=CARTESIAN_POINT('',(-19.288643,2.305602,0.));
#10077=CARTESIAN_POINT('',(-19.648643,1.945602,0.));
#10078=CARTESIAN_POINT('Origin',(-6.008643,2.305602,0.));
#10079=CARTESIAN_POINT('',(-6.008643,2.305602,0.));
#10080=CARTESIAN_POINT('Origin',(-19.648643,1.945602,0.));
#10081=CARTESIAN_POINT('',(-19.648643,-11.334398,0.));
#10082=CARTESIAN_POINT('Origin',(-6.008644506451,1.945600493549,0.));
#10083=CARTESIAN_POINT('',(-5.648643,1.945602,0.));
#10084=CARTESIAN_POINT('Origin',(-19.28864149354,-11.33439649354,0.));
#10085=CARTESIAN_POINT('',(-19.288643,-11.694398,0.));
#10086=CARTESIAN_POINT('Origin',(-5.648643,-11.334398,0.));
#10087=CARTESIAN_POINT('',(-5.648643,-11.334398,0.));
#10088=CARTESIAN_POINT('Origin',(-19.288643,-11.694398,0.));
#10089=CARTESIAN_POINT('',(-6.008643,-11.694398,0.));
#10090=CARTESIAN_POINT('Origin',(-6.008644506451,-11.33439649354,0.));
#10091=CARTESIAN_POINT('Origin',(-0.288641493549,4.945600493549,0.));
#10092=CARTESIAN_POINT('',(-0.288643,5.305602,0.));
#10093=CARTESIAN_POINT('',(-0.648643,4.945602,0.));
#10094=CARTESIAN_POINT('Origin',(12.991357,5.305602,0.));
#10095=CARTESIAN_POINT('',(12.991357,5.305602,0.));
#10096=CARTESIAN_POINT('Origin',(-0.648643,4.945602,0.));
#10097=CARTESIAN_POINT('',(-0.648643,-8.334398,0.));
#10098=CARTESIAN_POINT('Origin',(12.991355493549,4.945600493549,0.));
#10099=CARTESIAN_POINT('',(13.351357,4.945602,0.));
#10100=CARTESIAN_POINT('Origin',(-0.288641493549,-8.334396493549,0.));
#10101=CARTESIAN_POINT('',(-0.288643,-8.694398,0.));
#10102=CARTESIAN_POINT('Origin',(13.351357,-8.334398,0.));
#10103=CARTESIAN_POINT('',(13.351357,-8.334398,0.));
#10104=CARTESIAN_POINT('Origin',(-0.288643,-8.694398,0.));
#10105=CARTESIAN_POINT('',(12.991357,-8.694398,0.));
#10106=CARTESIAN_POINT('Origin',(12.991355493549,-8.334396493549,0.));
#10107=CARTESIAN_POINT('Origin',(18.711358506451,3.945600493549,0.));
#10108=CARTESIAN_POINT('',(18.711357,4.305602,0.));
#10109=CARTESIAN_POINT('',(18.351357,3.945602,0.));
#10110=CARTESIAN_POINT('Origin',(31.991357,4.305602,0.));
#10111=CARTESIAN_POINT('',(31.991357,4.305602,0.));
#10112=CARTESIAN_POINT('Origin',(18.351357,3.945602,0.));
#10113=CARTESIAN_POINT('',(18.351357,-9.334398,0.));
#10114=CARTESIAN_POINT('Origin',(31.991355493549,3.945600493549,0.));
#10115=CARTESIAN_POINT('',(32.351357,3.945602,0.));
#10116=CARTESIAN_POINT('Origin',(18.711358506451,-9.334396493549,0.));
#10117=CARTESIAN_POINT('',(18.711357,-9.694398,0.));
#10118=CARTESIAN_POINT('Origin',(32.351357,-9.334398,0.));
#10119=CARTESIAN_POINT('',(32.351357,-9.334398,0.));
#10120=CARTESIAN_POINT('Origin',(18.711357,-9.694398,0.));
#10121=CARTESIAN_POINT('',(31.991357,-9.694398,0.));
#10122=CARTESIAN_POINT('Origin',(31.991355493549,-9.334396493549,0.));
#10123=CARTESIAN_POINT('Origin',(37.711358506451,-6.054399506451,0.));
#10124=CARTESIAN_POINT('',(37.711357,-5.694398,0.));
#10125=CARTESIAN_POINT('',(37.351357,-6.054398,0.));
#10126=CARTESIAN_POINT('Origin',(50.991357,-5.694398,0.));
#10127=CARTESIAN_POINT('',(50.991357,-5.694398,0.));
#10128=CARTESIAN_POINT('Origin',(37.351357,-6.054398,0.));
#10129=CARTESIAN_POINT('',(37.351357,-19.334398,0.));
#10130=CARTESIAN_POINT('Origin',(50.991355493549,-6.054399506451,0.));
#10131=CARTESIAN_POINT('',(51.351357,-6.054398,0.));
#10132=CARTESIAN_POINT('Origin',(37.711358506451,-19.33439649354,0.));
#10133=CARTESIAN_POINT('',(37.711357,-19.694398,0.));
#10134=CARTESIAN_POINT('Origin',(51.351357,-19.334398,0.));
#10135=CARTESIAN_POINT('',(51.351357,-19.334398,0.));
#10136=CARTESIAN_POINT('Origin',(37.711357,-19.694398,0.));
#10137=CARTESIAN_POINT('',(50.991357,-19.694398,0.));
#10138=CARTESIAN_POINT('Origin',(50.991355493549,-19.33439649354,0.));
#10139=CARTESIAN_POINT('Origin',(56.711358506451,-1.054399506451,0.));
#10140=CARTESIAN_POINT('',(56.711357,-0.694398,0.));
#10141=CARTESIAN_POINT('',(56.351357,-1.054398,0.));
#10142=CARTESIAN_POINT('Origin',(69.991357,-0.694398,0.));
#10143=CARTESIAN_POINT('',(69.991357,-0.694398,0.));
#10144=CARTESIAN_POINT('Origin',(56.351357,-1.054398,0.));
#10145=CARTESIAN_POINT('',(56.351357,-14.334398,0.));
#10146=CARTESIAN_POINT('Origin',(69.991355493549,-1.054399506451,0.));
#10147=CARTESIAN_POINT('',(70.351357,-1.054398,0.));
#10148=CARTESIAN_POINT('Origin',(56.711358506451,-14.33439649354,0.));
#10149=CARTESIAN_POINT('',(56.711357,-14.694398,0.));
#10150=CARTESIAN_POINT('Origin',(70.351357,-14.334398,0.));
#10151=CARTESIAN_POINT('',(70.351357,-14.334398,0.));
#10152=CARTESIAN_POINT('Origin',(56.711357,-14.694398,0.));
#10153=CARTESIAN_POINT('',(69.991357,-14.694398,0.));
#10154=CARTESIAN_POINT('Origin',(69.991355493549,-14.33439649354,0.));
#10155=CARTESIAN_POINT('Origin',(-38.28864149354,18.945600493549,0.));
#10156=CARTESIAN_POINT('',(-38.288643,19.305602,0.));
#10157=CARTESIAN_POINT('',(-38.648643,18.945602,0.));
#10158=CARTESIAN_POINT('Origin',(-25.008643,19.305602,0.));
#10159=CARTESIAN_POINT('',(-25.008643,19.305602,0.));
#10160=CARTESIAN_POINT('Origin',(-38.648643,18.945602,0.));
#10161=CARTESIAN_POINT('',(-38.648643,5.665602,0.));
#10162=CARTESIAN_POINT('Origin',(-25.00864450645,18.945600493549,0.));
#10163=CARTESIAN_POINT('',(-24.648643,18.945602,0.));
#10164=CARTESIAN_POINT('Origin',(-38.28864149354,5.665603506451,0.));
#10165=CARTESIAN_POINT('',(-38.288643,5.305602,0.));
#10166=CARTESIAN_POINT('Origin',(-24.648643,5.665602,0.));
#10167=CARTESIAN_POINT('',(-24.648643,5.665602,0.));
#10168=CARTESIAN_POINT('Origin',(-38.288643,5.305602,0.));
#10169=CARTESIAN_POINT('',(-25.008643,5.305602,0.));
#10170=CARTESIAN_POINT('Origin',(-25.00864450645,5.665603506451,0.));
#10171=CARTESIAN_POINT('Origin',(-19.28864149354,20.945600493549,0.));
#10172=CARTESIAN_POINT('',(-19.288643,21.305602,0.));
#10173=CARTESIAN_POINT('',(-19.648643,20.945602,0.));
#10174=CARTESIAN_POINT('Origin',(-6.008643,21.305602,0.));
#10175=CARTESIAN_POINT('',(-6.008643,21.305602,0.));
#10176=CARTESIAN_POINT('Origin',(-19.648643,20.945602,0.));
#10177=CARTESIAN_POINT('',(-19.648643,7.665602,0.));
#10178=CARTESIAN_POINT('Origin',(-6.008644506451,20.945600493549,0.));
#10179=CARTESIAN_POINT('',(-5.648643,20.945602,0.));
#10180=CARTESIAN_POINT('Origin',(-19.28864149354,7.665603506451,0.));
#10181=CARTESIAN_POINT('',(-19.288643,7.305602,0.));
#10182=CARTESIAN_POINT('Origin',(-5.648643,7.665602,0.));
#10183=CARTESIAN_POINT('',(-5.648643,7.665602,0.));
#10184=CARTESIAN_POINT('Origin',(-19.288643,7.305602,0.));
#10185=CARTESIAN_POINT('',(-6.008643,7.305602,0.));
#10186=CARTESIAN_POINT('Origin',(-6.008644506451,7.665603506451,0.));
#10187=CARTESIAN_POINT('Origin',(-22.648643,21.805602,-0.046));
#10188=CARTESIAN_POINT('',(-22.648643,22.905602,-0.046));
#10189=CARTESIAN_POINT('Origin',(-38.28864149354,37.945600493549,0.));
#10190=CARTESIAN_POINT('',(-38.288643,38.305602,0.));
#10191=CARTESIAN_POINT('',(-38.648643,37.945602,0.));
#10192=CARTESIAN_POINT('Origin',(-25.008643,38.305602,0.));
#10193=CARTESIAN_POINT('',(-25.008643,38.305602,0.));
#10194=CARTESIAN_POINT('Origin',(-38.648643,37.945602,0.));
#10195=CARTESIAN_POINT('',(-38.648643,24.665602,0.));
#10196=CARTESIAN_POINT('Origin',(-25.00864450645,37.945600493549,0.));
#10197=CARTESIAN_POINT('',(-24.648643,37.945602,0.));
#10198=CARTESIAN_POINT('Origin',(-38.28864149354,24.665603506451,0.));
#10199=CARTESIAN_POINT('',(-38.288643,24.305602,0.));
#10200=CARTESIAN_POINT('Origin',(-24.648643,24.665602,0.));
#10201=CARTESIAN_POINT('',(-24.648643,24.665602,0.));
#10202=CARTESIAN_POINT('Origin',(-38.288643,24.305602,0.));
#10203=CARTESIAN_POINT('',(-25.008643,24.305602,0.));
#10204=CARTESIAN_POINT('Origin',(-25.00864450645,24.665603506451,0.));
#10205=CARTESIAN_POINT('Origin',(-19.28864149354,39.945600493549,0.));
#10206=CARTESIAN_POINT('',(-19.288643,40.305602,0.));
#10207=CARTESIAN_POINT('',(-19.648643,39.945602,0.));
#10208=CARTESIAN_POINT('Origin',(-6.008643,40.305602,0.));
#10209=CARTESIAN_POINT('',(-6.008643,40.305602,0.));
#10210=CARTESIAN_POINT('Origin',(-19.648643,39.945602,0.));
#10211=CARTESIAN_POINT('',(-19.648643,26.665602,0.));
#10212=CARTESIAN_POINT('Origin',(-6.008644506451,39.945600493549,0.));
#10213=CARTESIAN_POINT('',(-5.648643,39.945602,0.));
#10214=CARTESIAN_POINT('Origin',(-19.28864149354,26.665603506451,0.));
#10215=CARTESIAN_POINT('',(-19.288643,26.305602,0.));
#10216=CARTESIAN_POINT('Origin',(-5.648643,26.665602,0.));
#10217=CARTESIAN_POINT('',(-5.648643,26.665602,0.));
#10218=CARTESIAN_POINT('Origin',(-19.288643,26.305602,0.));
#10219=CARTESIAN_POINT('',(-6.008643,26.305602,0.));
#10220=CARTESIAN_POINT('Origin',(-6.008644506451,26.665603506451,0.));
#10221=CARTESIAN_POINT('Origin',(-0.288641493549,23.945600493549,0.));
#10222=CARTESIAN_POINT('',(-0.288643,24.305602,0.));
#10223=CARTESIAN_POINT('',(-0.648643,23.945602,0.));
#10224=CARTESIAN_POINT('Origin',(12.991357,24.305602,0.));
#10225=CARTESIAN_POINT('',(12.991357,24.305602,0.));
#10226=CARTESIAN_POINT('Origin',(-0.648643,23.945602,0.));
#10227=CARTESIAN_POINT('',(-0.648643,10.665602,0.));
#10228=CARTESIAN_POINT('Origin',(12.991355493549,23.945600493549,0.));
#10229=CARTESIAN_POINT('',(13.351357,23.945602,0.));
#10230=CARTESIAN_POINT('Origin',(-0.288641493549,10.665603506451,0.));
#10231=CARTESIAN_POINT('',(-0.288643,10.305602,0.));
#10232=CARTESIAN_POINT('Origin',(13.351357,10.665602,0.));
#10233=CARTESIAN_POINT('',(13.351357,10.665602,0.));
#10234=CARTESIAN_POINT('Origin',(-0.288643,10.305602,0.));
#10235=CARTESIAN_POINT('',(12.991357,10.305602,0.));
#10236=CARTESIAN_POINT('Origin',(12.991355493549,10.665603506451,0.));
#10237=CARTESIAN_POINT('Origin',(18.711358506451,22.945600493549,0.));
#10238=CARTESIAN_POINT('',(18.711357,23.305602,0.));
#10239=CARTESIAN_POINT('',(18.351357,22.945602,0.));
#10240=CARTESIAN_POINT('Origin',(31.991357,23.305602,0.));
#10241=CARTESIAN_POINT('',(31.991357,23.305602,0.));
#10242=CARTESIAN_POINT('Origin',(18.351357,22.945602,0.));
#10243=CARTESIAN_POINT('',(18.351357,9.665602,0.));
#10244=CARTESIAN_POINT('Origin',(31.991355493549,22.945600493549,0.));
#10245=CARTESIAN_POINT('',(32.351357,22.945602,0.));
#10246=CARTESIAN_POINT('Origin',(18.711358506451,9.665603506451,0.));
#10247=CARTESIAN_POINT('',(18.711357,9.305602,0.));
#10248=CARTESIAN_POINT('Origin',(32.351357,9.665602,0.));
#10249=CARTESIAN_POINT('',(32.351357,9.665602,0.));
#10250=CARTESIAN_POINT('Origin',(18.711357,9.305602,0.));
#10251=CARTESIAN_POINT('',(31.991357,9.305602,0.));
#10252=CARTESIAN_POINT('Origin',(31.991355493549,9.665603506451,0.));
#10253=CARTESIAN_POINT('Origin',(37.711358506451,12.945600493549,0.));
#10254=CARTESIAN_POINT('',(37.711357,13.305602,0.));
#10255=CARTESIAN_POINT('',(37.351357,12.945602,0.));
#10256=CARTESIAN_POINT('Origin',(50.991357,13.305602,0.));
#10257=CARTESIAN_POINT('',(50.991357,13.305602,0.));
#10258=CARTESIAN_POINT('Origin',(37.351357,12.945602,0.));
#10259=CARTESIAN_POINT('',(37.351357,-0.334398,0.));
#10260=CARTESIAN_POINT('Origin',(50.991355493549,12.945600493549,0.));
#10261=CARTESIAN_POINT('',(51.351357,12.945602,0.));
#10262=CARTESIAN_POINT('Origin',(37.711358506451,-0.334396493549,0.));
#10263=CARTESIAN_POINT('',(37.711357,-0.694398,0.));
#10264=CARTESIAN_POINT('Origin',(51.351357,-0.334398,0.));
#10265=CARTESIAN_POINT('',(51.351357,-0.334398,0.));
#10266=CARTESIAN_POINT('Origin',(37.711357,-0.694398,0.));
#10267=CARTESIAN_POINT('',(50.991357,-0.694398,0.));
#10268=CARTESIAN_POINT('Origin',(50.991355493549,-0.334396493549,0.));
#10269=CARTESIAN_POINT('Origin',(54.351357,1.805602,-0.046));
#10270=CARTESIAN_POINT('',(54.351357,2.905602,-0.046));
#10271=CARTESIAN_POINT('Origin',(56.711358506451,17.945600493549,0.));
#10272=CARTESIAN_POINT('',(56.711357,18.305602,0.));
#10273=CARTESIAN_POINT('',(56.351357,17.945602,0.));
#10274=CARTESIAN_POINT('Origin',(69.991357,18.305602,0.));
#10275=CARTESIAN_POINT('',(69.991357,18.305602,0.));
#10276=CARTESIAN_POINT('Origin',(56.351357,17.945602,0.));
#10277=CARTESIAN_POINT('',(56.351357,4.665602,0.));
#10278=CARTESIAN_POINT('Origin',(69.991355493549,17.945600493549,0.));
#10279=CARTESIAN_POINT('',(70.351357,17.945602,0.));
#10280=CARTESIAN_POINT('Origin',(56.711358506451,4.665603506451,0.));
#10281=CARTESIAN_POINT('',(56.711357,4.305602,0.));
#10282=CARTESIAN_POINT('Origin',(70.351357,4.665602,0.));
#10283=CARTESIAN_POINT('',(70.351357,4.665602,0.));
#10284=CARTESIAN_POINT('Origin',(56.711357,4.305602,0.));
#10285=CARTESIAN_POINT('',(69.991357,4.305602,0.));
#10286=CARTESIAN_POINT('Origin',(69.991355493549,4.665603506451,0.));
#10287=CARTESIAN_POINT('Origin',(34.351357,25.805602,-0.046));
#10288=CARTESIAN_POINT('',(34.351357,26.905602,-0.046));
#10289=CARTESIAN_POINT('Origin',(-0.288641493549,42.945600493549,0.));
#10290=CARTESIAN_POINT('',(-0.288643,43.305602,0.));
#10291=CARTESIAN_POINT('',(-0.648643,42.945602,0.));
#10292=CARTESIAN_POINT('Origin',(12.991357,43.305602,0.));
#10293=CARTESIAN_POINT('',(12.991357,43.305602,0.));
#10294=CARTESIAN_POINT('Origin',(-0.648643,42.945602,0.));
#10295=CARTESIAN_POINT('',(-0.648643,29.665602,0.));
#10296=CARTESIAN_POINT('Origin',(12.991355493549,42.945600493549,0.));
#10297=CARTESIAN_POINT('',(13.351357,42.945602,0.));
#10298=CARTESIAN_POINT('Origin',(-0.288641493549,29.665603506451,0.));
#10299=CARTESIAN_POINT('',(-0.288643,29.305602,0.));
#10300=CARTESIAN_POINT('Origin',(13.351357,29.665602,0.));
#10301=CARTESIAN_POINT('',(13.351357,29.665602,0.));
#10302=CARTESIAN_POINT('Origin',(-0.288643,29.305602,0.));
#10303=CARTESIAN_POINT('',(12.991357,29.305602,0.));
#10304=CARTESIAN_POINT('Origin',(12.991355493549,29.665603506451,0.));
#10305=CARTESIAN_POINT('Origin',(18.711358506451,41.945600493549,0.));
#10306=CARTESIAN_POINT('',(18.711357,42.305602,0.));
#10307=CARTESIAN_POINT('',(18.351357,41.945602,0.));
#10308=CARTESIAN_POINT('Origin',(31.991357,42.305602,0.));
#10309=CARTESIAN_POINT('',(31.991357,42.305602,0.));
#10310=CARTESIAN_POINT('Origin',(18.351357,41.945602,0.));
#10311=CARTESIAN_POINT('',(18.351357,28.665602,0.));
#10312=CARTESIAN_POINT('Origin',(31.991355493549,41.945600493549,0.));
#10313=CARTESIAN_POINT('',(32.351357,41.945602,0.));
#10314=CARTESIAN_POINT('Origin',(18.711358506451,28.665603506451,0.));
#10315=CARTESIAN_POINT('',(18.711357,28.305602,0.));
#10316=CARTESIAN_POINT('Origin',(32.351357,28.665602,0.));
#10317=CARTESIAN_POINT('',(32.351357,28.665602,0.));
#10318=CARTESIAN_POINT('Origin',(18.711357,28.305602,0.));
#10319=CARTESIAN_POINT('',(31.991357,28.305602,0.));
#10320=CARTESIAN_POINT('Origin',(31.991355493549,28.665603506451,0.));
#10321=CARTESIAN_POINT('Origin',(37.711358506451,31.945600493549,0.));
#10322=CARTESIAN_POINT('',(37.711357,32.305602,0.));
#10323=CARTESIAN_POINT('',(37.351357,31.945602,0.));
#10324=CARTESIAN_POINT('Origin',(50.991357,32.305602,0.));
#10325=CARTESIAN_POINT('',(50.991357,32.305602,0.));
#10326=CARTESIAN_POINT('Origin',(37.351357,31.945602,0.));
#10327=CARTESIAN_POINT('',(37.351357,18.665602,0.));
#10328=CARTESIAN_POINT('Origin',(50.991355493549,31.945600493549,0.));
#10329=CARTESIAN_POINT('',(51.351357,31.945602,0.));
#10330=CARTESIAN_POINT('Origin',(37.711358506451,18.665603506451,0.));
#10331=CARTESIAN_POINT('',(37.711357,18.305602,0.));
#10332=CARTESIAN_POINT('Origin',(51.351357,18.665602,0.));
#10333=CARTESIAN_POINT('',(51.351357,18.665602,0.));
#10334=CARTESIAN_POINT('Origin',(37.711357,18.305602,0.));
#10335=CARTESIAN_POINT('',(50.991357,18.305602,0.));
#10336=CARTESIAN_POINT('Origin',(50.991355493549,18.665603506451,0.));
#10337=CARTESIAN_POINT('Origin',(-64.5486429999964,7.2056019999933,-9.4));
#10338=CARTESIAN_POINT('',(-64.5486429999964,3.2056019999933,-6.));
#10339=CARTESIAN_POINT('',(-64.5486429999964,11.2056019999933,-6.));
#10340=CARTESIAN_POINT('',(-64.5486429999964,9.205601999995,-6.));
#10341=CARTESIAN_POINT('',(-64.5486429999964,3.2056019999933,-12.8));
#10342=CARTESIAN_POINT('',(-64.5486429999964,3.2056019999933,-6.));
#10343=CARTESIAN_POINT('',(-64.5486429999964,11.2056019999933,-12.8));
#10344=CARTESIAN_POINT('',(-64.5486429999964,3.9077021886093,-12.8));
#10345=CARTESIAN_POINT('',(-64.5486429999964,11.2056019999933,-12.8));
#10346=CARTESIAN_POINT('Origin',(-62.5486429999981,-20.204017,1.2));
#10347=CARTESIAN_POINT('',(-62.5486429999964,3.2056019999933,-12.8));
#10348=CARTESIAN_POINT('',(-62.5486429999965,3.20560199999669,-2.));
#10349=CARTESIAN_POINT('',(-62.5486429999968,3.20560199999669,-2.4));
#10350=CARTESIAN_POINT('',(-62.5486429999965,11.2056019999967,-2.));
#10351=CARTESIAN_POINT('',(-62.5486429999975,-8.49920750000164,-2.));
#10352=CARTESIAN_POINT('',(-62.5486429999964,11.2056019999933,-12.8));
#10353=CARTESIAN_POINT('',(-62.5486429999964,11.2056019999933,-2.4));
#10354=CARTESIAN_POINT('',(-62.5486429999948,40.3056017011698,-12.8));
#10355=CARTESIAN_POINT('',(-62.5486429999948,40.3056017011698,-12.8));
#10356=CARTESIAN_POINT('',(-62.5486429999948,40.3056017011698,4.2));
#10357=CARTESIAN_POINT('',(-62.5486429999948,40.3056017011698,1.2));
#10358=CARTESIAN_POINT('',(-62.5486429999981,-20.204017,4.2));
#10359=CARTESIAN_POINT('',(-62.5486429999948,40.3056017011698,4.2));
#10360=CARTESIAN_POINT('',(-62.5486429999981,-20.204017,-12.8));
#10361=CARTESIAN_POINT('',(-62.5486429999981,-20.204017,1.2));
#10362=CARTESIAN_POINT('',(-62.5486429999948,40.3056017011698,-12.8));
#10363=CARTESIAN_POINT('Origin',(-62.5486429999965,11.2056019999967,-6.));
#10364=CARTESIAN_POINT('',(-65.548642999996,11.2056019999967,-6.));
#10365=CARTESIAN_POINT('',(-62.5486429999965,11.2056019999967,-6.));
#10366=CARTESIAN_POINT('',(-65.5486429999965,3.20560199999669,-6.));
#10367=CARTESIAN_POINT('',(-65.548642999995,25.75560072997,-6.));
#10368=CARTESIAN_POINT('',(-62.5486429999965,3.20560199999669,-6.));
#10369=CARTESIAN_POINT('Origin',(-62.5486429999965,11.2056019999967,-2.));
#10370=CARTESIAN_POINT('',(-65.548642999996,11.2056019999967,-2.));
#10371=CARTESIAN_POINT('',(-65.548642999996,11.2056019999967,-0.4));
#10372=CARTESIAN_POINT('',(-31.2743232743132,11.2056019999933,-12.8));
#10373=CARTESIAN_POINT('',(-62.5486429999965,11.2056019999967,-2.));
#10374=CARTESIAN_POINT('Origin',(-62.5486429999965,3.20560199999669,-2.));
#10375=CARTESIAN_POINT('',(-65.5486429999965,3.20560199999669,-2.));
#10376=CARTESIAN_POINT('',(-65.5486429999952,21.75560072997,-2.));
#10377=CARTESIAN_POINT('',(-62.5486429999965,3.20560199999669,-2.));
#10378=CARTESIAN_POINT('Origin',(-62.5486429999965,3.20560199999669,-6.));
#10379=CARTESIAN_POINT('',(-65.5486429999965,3.20560199999669,-2.4));
#10380=CARTESIAN_POINT('',(-31.2743232743132,3.2056019999933,-12.8));
#10381=CARTESIAN_POINT('Origin',(-56.6886429999944,41.7056020000001,-12.8));
#10382=CARTESIAN_POINT('',(-56.6886429999944,41.7056020000001,-12.8));
#10383=CARTESIAN_POINT('',(-56.6886429999944,41.7056020000001,4.2));
#10384=CARTESIAN_POINT('',(-56.6886429999944,41.705602,-5.8));
#10385=CARTESIAN_POINT('',(-56.6886429999944,43.2056020000001,-12.8));
#10386=CARTESIAN_POINT('',(-56.6886429999944,21.1577021886127,-12.8));
#10387=CARTESIAN_POINT('',(-56.6886429999944,43.2056020000001,4.2));
#10388=CARTESIAN_POINT('',(-56.6886429999944,43.2056020000001,4.2));
#10389=CARTESIAN_POINT('',(-56.6886429999944,21.1577021886127,4.2));
#10390=CARTESIAN_POINT('Origin',(-46.4886429999944,41.7056020000001,4.2));
#10391=CARTESIAN_POINT('',(-46.4886429999944,41.7056020000001,4.2));
#10392=CARTESIAN_POINT('',(-46.4886429999944,41.7056020000001,-12.8));
#10393=CARTESIAN_POINT('',(-46.4886429999944,41.7056020000001,2.7));
#10394=CARTESIAN_POINT('',(-46.4886429999944,43.2056020000001,4.2));
#10395=CARTESIAN_POINT('',(-46.4886429999944,21.1577021886127,4.2));
#10396=CARTESIAN_POINT('',(-46.4886429999944,43.2056020000001,-12.8));
#10397=CARTESIAN_POINT('',(-46.4886429999944,43.2056020000001,4.2));
#10398=CARTESIAN_POINT('',(-46.4886429999944,21.1577021886127,-12.8));
#10399=CARTESIAN_POINT('Origin',(-51.5886429999944,43.2056020000001,-4.3));
#10400=CARTESIAN_POINT('',(-56.1886429999944,43.2056020000001,4.2));
#10401=CARTESIAN_POINT('',(-56.1886429999944,43.2056020000001,4.));
#10402=CARTESIAN_POINT('',(-56.1886429999945,43.2056020000001,-0.150000000000001));
#10403=CARTESIAN_POINT('',(-25.7943232743122,43.2056020000001,4.2));
#10404=CARTESIAN_POINT('',(-25.7943232743122,43.2056020000001,-12.8));
#10405=CARTESIAN_POINT('',(-46.9886429999944,43.2056020000001,4.2));
#10406=CARTESIAN_POINT('',(-25.7943232743122,43.2056020000001,4.2));
#10407=CARTESIAN_POINT('',(-46.9886429999944,43.2056020000001,4.));
#10408=CARTESIAN_POINT('',(-46.9886429999945,43.2056020000001,-0.0500000000000006));
#10409=CARTESIAN_POINT('',(-47.9886429999944,43.2056020000001,3.));
#10410=CARTESIAN_POINT('Origin',(-47.9886429999945,43.2056020000001,3.99999999999999));
#10411=CARTESIAN_POINT('',(-55.1886429999944,43.2056020000001,3.));
#10412=CARTESIAN_POINT('',(-49.7886429999945,43.2056020000001,3.));
#10413=CARTESIAN_POINT('Origin',(-55.1886429999945,43.2056020000001,3.99999999999999));
#10414=CARTESIAN_POINT('Origin',(-3.54863005647132E-6,0.609802377225304,
-12.8));
#10415=CARTESIAN_POINT('',(-64.8486431310738,-24.1877349141588,-12.8));
#10416=CARTESIAN_POINT('Origin',(-67.14864627682,-20.2040160892,-12.8));
#10417=CARTESIAN_POINT('',(-73.5513639906848,-29.2122528331081,-12.8));
#10418=CARTESIAN_POINT('',(-64.8486431310738,-24.1877349141588,-12.8));
#10419=CARTESIAN_POINT('',(-74.0637988768975,-31.1246884929423,-12.8));
#10420=CARTESIAN_POINT('Origin',(-72.85136566808,-30.42468755303,-12.8));
#10421=CARTESIAN_POINT('',(-65.4722900279593,-46.0056184274756,-12.8));
#10422=CARTESIAN_POINT('',(-74.0637988768975,-31.1246884929423,-12.8));
#10423=CARTESIAN_POINT('',(-63.5598496989313,-46.5180433692751,-12.8));
#10424=CARTESIAN_POINT('Origin',(-64.25984660294,-45.30557046557,-12.8));
#10425=CARTESIAN_POINT('',(-54.8225747686523,-41.4735756626165,-12.8));
#10426=CARTESIAN_POINT('',(-63.5598496989313,-46.5180433692751,-12.8));
#10427=CARTESIAN_POINT('',(-30.8759813823706,-35.0571053306259,-12.8));
#10428=CARTESIAN_POINT('',(-54.8225747686523,-41.4735756626165,-12.8));
#10429=CARTESIAN_POINT('',(-29.8860299518302,-33.3424687926305,-12.8));
#10430=CARTESIAN_POINT('Origin',(-31.23834821285,-33.70479733009,-12.8));
#10431=CARTESIAN_POINT('',(-32.6881096706244,-22.8849653776827,-12.8));
#10432=CARTESIAN_POINT('',(-29.8860299518302,-33.3424687926305,-12.8));
#10433=CARTESIAN_POINT('',(-28.2448500834976,-17.0943980000001,-12.8));
#10434=CARTESIAN_POINT('Origin',(-28.24485104372,-21.69439781922,-12.8));
#10435=CARTESIAN_POINT('',(-21.148643,-17.094398,-12.8));
#10436=CARTESIAN_POINT('',(-28.2448500834976,-17.0943980000001,-12.8));
#10437=CARTESIAN_POINT('',(-19.7486429999948,-15.6943977011718,-12.8));
#10438=CARTESIAN_POINT('Origin',(-21.14864225292,-15.69439874707,-12.8));
#10439=CARTESIAN_POINT('',(-19.1486432988282,-15.0943979999952,-12.8));
#10440=CARTESIAN_POINT('Origin',(-19.14864374707,-15.69439725292,-12.8));
#10441=CARTESIAN_POINT('',(16.8513569999998,-15.0943979999954,-12.8));
#10442=CARTESIAN_POINT('',(-19.1486432988282,-15.0943979999952,-12.8));
#10443=CARTESIAN_POINT('',(16.8513569999998,-15.5943979999954,-12.8));
#10444=CARTESIAN_POINT('',(16.8513569999998,-15.5943979999954,-12.8));
#10445=CARTESIAN_POINT('',(-19.1486436723635,-15.594397999995,-12.8));
#10446=CARTESIAN_POINT('',(-19.1486436723635,-15.594397999995,-12.8));
#10447=CARTESIAN_POINT('',(-19.248642999995,-15.6943973276365,-12.8));
#10448=CARTESIAN_POINT('Origin',(-19.14864374707,-15.69439725292,-12.8));
#10449=CARTESIAN_POINT('',(-21.148643,-17.594398,-12.8));
#10450=CARTESIAN_POINT('Origin',(-21.14864225292,-15.69439874707,-12.8));
#10451=CARTESIAN_POINT('',(-28.2448501878696,-17.5943980000001,-12.8));
#10452=CARTESIAN_POINT('',(-28.2448501878696,-17.5943980000001,-12.8));
#10453=CARTESIAN_POINT('',(-32.2051467589105,-22.7555558497921,-12.8));
#10454=CARTESIAN_POINT('Origin',(-28.24485104372,-21.69439781922,-12.8));
#10455=CARTESIAN_POINT('',(-29.4289506518172,-33.1164603150607,-12.8));
#10456=CARTESIAN_POINT('',(-29.4289506518172,-33.1164603150607,-12.8));
#10457=CARTESIAN_POINT('',(-31.1967176002025,-36.1783225209258,-12.8));
#10458=CARTESIAN_POINT('Origin',(-31.8437652103865,-33.7635079545139,-12.8));
#10459=CARTESIAN_POINT('',(-54.4365891902668,-42.4054273191533,-12.8));
#10460=CARTESIAN_POINT('',(-54.4365891902668,-42.4054273191533,-12.8));
#10461=CARTESIAN_POINT('',(-64.272293528091,-48.0840734989195,-12.8));
#10462=CARTESIAN_POINT('',(-64.272293528091,-48.0840734989195,-12.8));
#10463=CARTESIAN_POINT('',(-68.3703696707939,-46.9859972384052,-12.8));
#10464=CARTESIAN_POINT('Origin',(-65.7722934553159,-45.4859972455495,-12.8));
#10465=CARTESIAN_POINT('',(-76.6618729537154,-32.62469219006,-12.8));
#10466=CARTESIAN_POINT('',(-76.6618729537154,-32.62469219006,-12.8));
#10467=CARTESIAN_POINT('',(-75.0513639208208,-26.6141765814188,-12.8));
#10468=CARTESIAN_POINT('Origin',(-72.85136566808,-30.42468755303,-12.8));
#10469=CARTESIAN_POINT('',(-66.3486441141178,-21.5896592703664,-12.8));
#10470=CARTESIAN_POINT('',(-66.3486441141178,-21.5896592703664,-12.8));
#10471=CARTESIAN_POINT('',(-65.5486429999983,-20.2040169999998,-12.8));
#10472=CARTESIAN_POINT('Origin',(-67.14864627682,-20.2040160892,-12.8));
#10473=CARTESIAN_POINT('',(-65.548642999994,40.3055994599432,-12.8));
#10474=CARTESIAN_POINT('',(-65.548642999994,40.3055994599432,-12.8));
#10475=CARTESIAN_POINT('',(-61.148643,44.705602,-12.8));
#10476=CARTESIAN_POINT('Origin',(-61.14864374707,40.305602747075,-12.8));
#10477=CARTESIAN_POINT('',(-25.836461124829,44.7056020000002,-12.8));
#10478=CARTESIAN_POINT('',(-25.836461124829,44.7056020000002,-12.8));
#10479=CARTESIAN_POINT('',(-22.148643,46.705602,-12.8));
#10480=CARTESIAN_POINT('Origin',(-22.14864374707,42.305602747075,-12.8));
#10481=CARTESIAN_POINT('',(-7.31997393270541,46.7056020000001,-12.8));
#10482=CARTESIAN_POINT('',(-7.31997393270541,46.7056020000001,-12.8));
#10483=CARTESIAN_POINT('',(-3.14864299999982,49.705602,-12.8));
#10484=CARTESIAN_POINT('Origin',(-3.14864374707499,45.305602747075,-12.8));
#10485=CARTESIAN_POINT('',(16.3513660682722,49.7056019999881,-12.8));
#10486=CARTESIAN_POINT('',(16.3513660682722,49.7056019999881,-12.8));
#10487=CARTESIAN_POINT('',(18.9590371399055,48.7056020000066,-12.8));
#10488=CARTESIAN_POINT('Origin',(16.351355666427,45.805600666427,-12.8));
#10489=CARTESIAN_POINT('',(34.8513544599431,48.705601999999,-12.8));
#10490=CARTESIAN_POINT('',(34.8513544599431,48.705601999999,-12.8));
#10491=CARTESIAN_POINT('',(39.251357,44.3056020000001,-12.8));
#10492=CARTESIAN_POINT('Origin',(34.851357747075,44.305602747075,-12.8));
#10493=CARTESIAN_POINT('',(39.2513570000001,38.7056020000004,-12.8));
#10494=CARTESIAN_POINT('',(39.2513570000001,38.7056020000004,-12.8));
#10495=CARTESIAN_POINT('',(53.8513544599431,38.705601999999,-12.8));
#10496=CARTESIAN_POINT('',(53.8513544599431,38.705601999999,-12.8));
#10497=CARTESIAN_POINT('',(58.251357,34.3056020000001,-12.8));
#10498=CARTESIAN_POINT('Origin',(53.851357747075,34.305602747075,-12.8));
#10499=CARTESIAN_POINT('',(58.2513570000001,24.7056020000004,-12.8));
#10500=CARTESIAN_POINT('',(58.2513570000001,24.7056020000004,-12.8));
#10501=CARTESIAN_POINT('',(72.8513544599431,24.705601999999,-12.8));
#10502=CARTESIAN_POINT('',(72.8513544599431,24.705601999999,-12.8));
#10503=CARTESIAN_POINT('',(77.251357,20.3056020000004,-12.8));
#10504=CARTESIAN_POINT('Origin',(72.851357747075,20.305602747075,-12.8));
#10505=CARTESIAN_POINT('',(77.251357000004,-16.6943954599601,-12.8));
#10506=CARTESIAN_POINT('',(77.251357000004,-16.6943954599601,-12.8));
#10507=CARTESIAN_POINT('',(72.851356999999,-21.094398,-12.8));
#10508=CARTESIAN_POINT('Origin',(72.851357747075,-16.69439874707,-12.8));
#10509=CARTESIAN_POINT('',(58.2513570000039,-21.0943979999959,-12.8));
#10510=CARTESIAN_POINT('',(58.2513570000039,-21.0943979999959,-12.8));
#10511=CARTESIAN_POINT('',(58.251357000004,-21.6943954599601,-12.8));
#10512=CARTESIAN_POINT('',(58.251357000004,-21.6943954599601,-12.8));
#10513=CARTESIAN_POINT('',(53.8513569999992,-26.094398,-12.8));
#10514=CARTESIAN_POINT('Origin',(53.851357747075,-21.69439874707,-12.8));
#10515=CARTESIAN_POINT('',(35.7513570000012,-26.0943979999957,-12.8));
#10516=CARTESIAN_POINT('',(35.7513570000012,-26.0943979999957,-12.8));
#10517=CARTESIAN_POINT('',(35.751357000004,-38.1943954599601,-12.8));
#10518=CARTESIAN_POINT('',(35.751357000004,-38.1943954599601,-12.8));
#10519=CARTESIAN_POINT('',(31.3513569999949,-42.594398,-12.8));
#10520=CARTESIAN_POINT('Origin',(31.351357747075,-38.19439874707,-12.8));
#10521=CARTESIAN_POINT('',(27.8513572988258,-42.5943979999948,-12.8));
#10522=CARTESIAN_POINT('',(27.8513572988258,-42.5943979999948,-12.8));
#10523=CARTESIAN_POINT('',(27.8513572988302,-39.5943979999948,-12.8));
#10524=CARTESIAN_POINT('',(27.8513572988258,-42.5943979999948,-12.8));
#10525=CARTESIAN_POINT('',(31.3513569999994,-39.594398,-12.8));
#10526=CARTESIAN_POINT('',(27.8513572988302,-39.5943979999948,-12.8));
#10527=CARTESIAN_POINT('',(32.7513570000048,-38.1943977011718,-12.8));
#10528=CARTESIAN_POINT('Origin',(31.351357747075,-38.19439874707,-12.8));
#10529=CARTESIAN_POINT('',(32.7513570000005,-23.694398,-12.8));
#10530=CARTESIAN_POINT('',(32.7513570000048,-38.1943977011718,-12.8));
#10531=CARTESIAN_POINT('',(33.3513567011698,-23.0943979999952,-12.8));
#10532=CARTESIAN_POINT('Origin',(33.351356252925,-23.69439725292,-12.8));
#10533=CARTESIAN_POINT('',(53.8513569999999,-23.094398,-12.8));
#10534=CARTESIAN_POINT('',(33.3513567011698,-23.0943979999952,-12.8));
#10535=CARTESIAN_POINT('',(55.2513570000048,-21.6943977011718,-12.8));
#10536=CARTESIAN_POINT('Origin',(53.851357747075,-21.69439874707,-12.8));
#10537=CARTESIAN_POINT('',(55.2513570000005,-18.694398,-12.8));
#10538=CARTESIAN_POINT('',(55.2513570000048,-21.6943977011718,-12.8));
#10539=CARTESIAN_POINT('',(55.8513567011698,-18.0943979999952,-12.8));
#10540=CARTESIAN_POINT('Origin',(55.851356252925,-18.69439725292,-12.8));
#10541=CARTESIAN_POINT('',(72.8513569999999,-18.094398,-12.8));
#10542=CARTESIAN_POINT('',(55.8513567011698,-18.0943979999952,-12.8));
#10543=CARTESIAN_POINT('',(74.2513570000048,-16.6943977011718,-12.8));
#10544=CARTESIAN_POINT('Origin',(72.851357747075,-16.69439874707,-12.8));
#10545=CARTESIAN_POINT('',(74.251357,20.305602,-12.8));
#10546=CARTESIAN_POINT('',(74.2513570000048,-16.6943977011718,-12.8));
#10547=CARTESIAN_POINT('',(72.8513567011698,21.7056019999998,-12.8));
#10548=CARTESIAN_POINT('Origin',(72.851357747075,20.305602747075,-12.8));
#10549=CARTESIAN_POINT('',(55.851357,21.7056020000005,-12.8));
#10550=CARTESIAN_POINT('',(72.8513567011698,21.7056019999998,-12.8));
#10551=CARTESIAN_POINT('',(55.2513570000002,22.3056017011698,-12.8));
#10552=CARTESIAN_POINT('Origin',(55.851356252925,22.305601252925,-12.8));
#10553=CARTESIAN_POINT('',(55.251357,34.305602,-12.8));
#10554=CARTESIAN_POINT('',(55.2513570000002,22.3056017011698,-12.8));
#10555=CARTESIAN_POINT('',(53.8513567011698,35.7056019999998,-12.8));
#10556=CARTESIAN_POINT('Origin',(53.851357747075,34.305602747075,-12.8));
#10557=CARTESIAN_POINT('',(36.851357,35.7056020000005,-12.8));
#10558=CARTESIAN_POINT('',(53.8513567011698,35.7056019999998,-12.8));
#10559=CARTESIAN_POINT('',(36.2513570000002,36.3056017011698,-12.8));
#10560=CARTESIAN_POINT('Origin',(36.851356252925,36.305601252925,-12.8));
#10561=CARTESIAN_POINT('',(36.251357,44.305602,-12.8));
#10562=CARTESIAN_POINT('',(36.2513570000002,36.3056017011698,-12.8));
#10563=CARTESIAN_POINT('',(34.8513567011698,45.7056019999998,-12.8));
#10564=CARTESIAN_POINT('Origin',(34.851357747075,44.305602747075,-12.8));
#10565=CARTESIAN_POINT('',(17.351357,45.7056020000073,-12.8));
#10566=CARTESIAN_POINT('',(34.8513567011698,45.7056019999998,-12.8));
#10567=CARTESIAN_POINT('',(17.2513569999988,45.8056030668555,-12.8));
#10568=CARTESIAN_POINT('Origin',(17.351358333573,45.805603333573,-12.8));
#10569=CARTESIAN_POINT('',(16.3513580668556,46.7056019999988,-12.8));
#10570=CARTESIAN_POINT('Origin',(16.351355666427,45.805600666427,-12.8));
#10571=CARTESIAN_POINT('',(-3.148643,46.705602,-12.8));
#10572=CARTESIAN_POINT('',(16.3513580668556,46.7056019999988,-12.8));
#10573=CARTESIAN_POINT('',(-4.54864299999981,45.3056017011698,-12.8));
#10574=CARTESIAN_POINT('Origin',(-3.14864374707499,45.305602747075,-12.8));
#10575=CARTESIAN_POINT('',(-4.54864300000046,44.3056020000001,-12.8));
#10576=CARTESIAN_POINT('',(-4.54864299999982,45.3056017011698,-12.8));
#10577=CARTESIAN_POINT('',(-5.14864270116977,43.7056020000002,-12.8));
#10578=CARTESIAN_POINT('Origin',(-5.148642252925,44.305601252925,-12.8));
#10579=CARTESIAN_POINT('',(-22.148643,43.705602,-12.8));
#10580=CARTESIAN_POINT('',(-5.14864270116978,43.7056020000002,-12.8));
#10581=CARTESIAN_POINT('',(-23.5486429999952,42.3056017011698,-12.8));
#10582=CARTESIAN_POINT('Origin',(-22.14864374707,42.305602747075,-12.8));
#10583=CARTESIAN_POINT('',(-24.1486427011678,41.7056020000002,-12.8));
#10584=CARTESIAN_POINT('Origin',(-24.14864225292,42.305601252925,-12.8));
#10585=CARTESIAN_POINT('',(-24.1486427011678,41.7056020000002,-12.8));
#10586=CARTESIAN_POINT('',(-61.148643,41.705602,-12.8));
#10587=CARTESIAN_POINT('',(-24.1486427011678,41.7056020000002,-12.8));
#10588=CARTESIAN_POINT('Origin',(-61.14864374707,40.305602747075,-12.8));
#10589=CARTESIAN_POINT('Origin',(-61.148643,41.705602,1.2));
#10590=CARTESIAN_POINT('',(-61.148643,41.705602,4.2));
#10591=CARTESIAN_POINT('',(-24.1486427011678,41.7056020000002,4.2));
#10592=CARTESIAN_POINT('',(-61.148643,41.705602,1.2));
#10593=CARTESIAN_POINT('Origin',(-61.148643,41.705602,1.2));
#10594=CARTESIAN_POINT('',(-24.1486427011678,41.7056020000002,4.2));
#10595=CARTESIAN_POINT('',(-24.1486427011678,41.7056020000002,1.2));
#10596=CARTESIAN_POINT('',(-24.1486427011678,41.7056020000002,4.2));
#10597=CARTESIAN_POINT('Origin',(-3.54863005647132E-6,0.609802377225304,
4.2));
#10598=CARTESIAN_POINT('',(-56.1886429999945,44.705602,4.2));
#10599=CARTESIAN_POINT('',(-56.1886429999945,21.1577021886127,4.2));
#10600=CARTESIAN_POINT('',(-61.148643,44.705602,4.2));
#10601=CARTESIAN_POINT('',(-25.836461124829,44.7056020000002,4.2));
#10602=CARTESIAN_POINT('',(-65.548642999994,40.3055994599432,4.2));
#10603=CARTESIAN_POINT('Origin',(-61.14864374707,40.305602747075,4.2));
#10604=CARTESIAN_POINT('',(-65.5486429999983,-20.2040169999998,4.2));
#10605=CARTESIAN_POINT('',(-65.548642999994,40.3055994599432,4.2));
#10606=CARTESIAN_POINT('',(-66.3486441141178,-21.5896592703664,4.2));
#10607=CARTESIAN_POINT('Origin',(-67.14864627682,-20.2040160892,4.2));
#10608=CARTESIAN_POINT('',(-75.0513639208208,-26.6141765814188,4.2));
#10609=CARTESIAN_POINT('',(-66.3486441141178,-21.5896592703664,4.2));
#10610=CARTESIAN_POINT('',(-76.6618729537154,-32.62469219006,4.2));
#10611=CARTESIAN_POINT('Origin',(-72.85136566808,-30.42468755303,4.2));
#10612=CARTESIAN_POINT('',(-68.3703696707939,-46.9859972384052,4.2));
#10613=CARTESIAN_POINT('',(-76.6618729537154,-32.62469219006,4.2));
#10614=CARTESIAN_POINT('',(-64.272293528091,-48.0840734989195,4.2));
#10615=CARTESIAN_POINT('Origin',(-65.7722934553159,-45.4859972455495,4.2));
#10616=CARTESIAN_POINT('',(-54.4365891902668,-42.4054273191533,4.2));
#10617=CARTESIAN_POINT('',(-64.272293528091,-48.0840734989195,4.2));
#10618=CARTESIAN_POINT('',(-31.1967176002025,-36.1783225209258,4.2));
#10619=CARTESIAN_POINT('',(-54.4365891902668,-42.4054273191533,4.2));
#10620=CARTESIAN_POINT('',(-29.4289506518172,-33.1164603150607,4.2));
#10621=CARTESIAN_POINT('Origin',(-31.8437652103865,-33.7635079545139,4.2));
#10622=CARTESIAN_POINT('',(-32.2051467589105,-22.7555558497921,4.2));
#10623=CARTESIAN_POINT('',(-29.4289506518172,-33.1164603150607,4.2));
#10624=CARTESIAN_POINT('',(-28.2448501878696,-17.5943980000001,4.2));
#10625=CARTESIAN_POINT('Origin',(-28.24485104372,-21.69439781922,4.2));
#10626=CARTESIAN_POINT('',(-21.148643,-17.594398,4.2));
#10627=CARTESIAN_POINT('',(-28.2448501878696,-17.5943980000001,4.2));
#10628=CARTESIAN_POINT('',(-19.248642999995,-15.6943973276365,4.2));
#10629=CARTESIAN_POINT('Origin',(-21.14864225292,-15.69439874707,4.2));
#10630=CARTESIAN_POINT('',(-19.1486436723635,-15.594397999995,4.2));
#10631=CARTESIAN_POINT('Origin',(-19.14864374707,-15.69439725292,4.2));
#10632=CARTESIAN_POINT('',(16.8513569999998,-15.5943979999954,4.2));
#10633=CARTESIAN_POINT('',(-19.1486436723635,-15.594397999995,4.2));
#10634=CARTESIAN_POINT('',(16.8513569999998,-15.0943979999954,4.2));
#10635=CARTESIAN_POINT('',(16.8513569999998,-15.5943979999954,4.2));
#10636=CARTESIAN_POINT('',(-19.1486432988282,-15.0943979999952,4.2));
#10637=CARTESIAN_POINT('',(-19.1486432988282,-15.0943979999952,4.2));
#10638=CARTESIAN_POINT('',(-19.7486429999948,-15.6943977011718,4.2));
#10639=CARTESIAN_POINT('Origin',(-19.14864374707,-15.69439725292,4.2));
#10640=CARTESIAN_POINT('',(-21.148643,-17.094398,4.2));
#10641=CARTESIAN_POINT('Origin',(-21.14864225292,-15.69439874707,4.2));
#10642=CARTESIAN_POINT('',(-28.2448500834976,-17.0943980000001,4.2));
#10643=CARTESIAN_POINT('',(-28.2448500834976,-17.0943980000001,4.2));
#10644=CARTESIAN_POINT('',(-32.6881096706244,-22.8849653776827,4.2));
#10645=CARTESIAN_POINT('Origin',(-28.24485104372,-21.69439781922,4.2));
#10646=CARTESIAN_POINT('',(-29.8860299518302,-33.3424687926305,4.2));
#10647=CARTESIAN_POINT('',(-29.8860299518302,-33.3424687926305,4.2));
#10648=CARTESIAN_POINT('',(-30.8759813823706,-35.0571053306259,4.2));
#10649=CARTESIAN_POINT('Origin',(-31.23834821285,-33.70479733009,4.2));
#10650=CARTESIAN_POINT('',(-54.8225747686523,-41.4735756626165,4.2));
#10651=CARTESIAN_POINT('',(-54.8225747686523,-41.4735756626165,4.2));
#10652=CARTESIAN_POINT('',(-63.5598496989313,-46.5180433692751,4.2));
#10653=CARTESIAN_POINT('',(-63.5598496989313,-46.5180433692751,4.2));
#10654=CARTESIAN_POINT('',(-65.4722900279593,-46.0056184274756,4.2));
#10655=CARTESIAN_POINT('Origin',(-64.25984660294,-45.30557046557,4.2));
#10656=CARTESIAN_POINT('',(-74.0637988768975,-31.1246884929423,4.2));
#10657=CARTESIAN_POINT('',(-74.0637988768975,-31.1246884929423,4.2));
#10658=CARTESIAN_POINT('',(-73.5513639906848,-29.2122528331081,4.2));
#10659=CARTESIAN_POINT('Origin',(-72.85136566808,-30.42468755303,4.2));
#10660=CARTESIAN_POINT('',(-64.8486431310738,-24.1877349141588,4.2));
#10661=CARTESIAN_POINT('',(-64.8486431310738,-24.1877349141588,4.2));
#10662=CARTESIAN_POINT('Origin',(-67.14864627682,-20.2040160892,4.2));
#10663=CARTESIAN_POINT('Origin',(-61.14864374707,40.305602747075,4.2));
#10664=CARTESIAN_POINT('Origin',(-56.1886429999945,41.7056020000001,4.));
#10665=CARTESIAN_POINT('',(-56.1886429999945,44.705602,4.));
#10666=CARTESIAN_POINT('',(-56.1886429999945,41.7056020000001,4.));
#10667=CARTESIAN_POINT('',(-56.1886429999945,44.705602,2.6));
#10668=CARTESIAN_POINT('Origin',(-55.1886429999945,41.7056020000001,3.99999999999999));
#10669=CARTESIAN_POINT('',(-55.1886429999945,44.705602,3.));
#10670=CARTESIAN_POINT('',(-55.1886429999945,41.7056020000001,3.));
#10671=CARTESIAN_POINT('Origin',(-55.1886429999945,44.7056020000002,3.99999999999999));
#10672=CARTESIAN_POINT('Origin',(-47.9886429999945,41.7056020000001,3.));
#10673=CARTESIAN_POINT('',(-47.9886429999945,44.7056020000001,3.));
#10674=CARTESIAN_POINT('',(-47.9886429999945,41.7056020000001,3.));
#10675=CARTESIAN_POINT('',(-36.9125520624118,44.7056020000001,3.));
#10676=CARTESIAN_POINT('Origin',(-47.9886429999945,41.7056020000001,3.99999999999999));
#10677=CARTESIAN_POINT('',(-46.9886429999945,44.7056020000001,4.));
#10678=CARTESIAN_POINT('',(-46.9886429999945,41.7056020000001,4.));
#10679=CARTESIAN_POINT('Origin',(-47.9886429999945,44.7056020000002,3.99999999999999));
#10680=CARTESIAN_POINT('Origin',(-46.9886429999945,41.7056020000001,4.2));
#10681=CARTESIAN_POINT('',(-46.9886429999945,44.7056020000001,4.2));
#10682=CARTESIAN_POINT('',(-46.9886429999945,21.1577021886127,4.2));
#10683=CARTESIAN_POINT('',(-46.9886429999945,44.7056020000001,2.7));
#10684=CARTESIAN_POINT('Origin',(27.8513572988258,-42.5943979999948,1.2));
#10685=CARTESIAN_POINT('',(31.3513569999949,-42.594398,4.2));
#10686=CARTESIAN_POINT('',(31.3513569999949,-42.594398,1.2));
#10687=CARTESIAN_POINT('',(27.8513572988258,-42.5943979999948,4.2));
#10688=CARTESIAN_POINT('',(27.8513572988258,-42.5943979999948,4.2));
#10689=CARTESIAN_POINT('',(27.8513572988258,-42.5943979999948,1.2));
#10690=CARTESIAN_POINT('Origin',(27.8513572988302,-39.5943979999948,1.2));
#10691=CARTESIAN_POINT('',(27.8513572988302,-39.5943979999948,4.2));
#10692=CARTESIAN_POINT('',(27.8513572988258,-42.5943979999948,4.2));
#10693=CARTESIAN_POINT('',(27.8513572988302,-39.5943979999948,1.2));
#10694=CARTESIAN_POINT('Origin',(31.3513569999994,-39.594398,1.2));
#10695=CARTESIAN_POINT('',(31.3513569999994,-39.594398,4.2));
#10696=CARTESIAN_POINT('',(27.8513572988302,-39.5943979999948,4.2));
#10697=CARTESIAN_POINT('',(31.3513569999994,-39.594398,1.2));
#10698=CARTESIAN_POINT('Origin',(31.351357747075,-38.19439874707,1.2));
#10699=CARTESIAN_POINT('',(32.7513570000048,-38.1943977011718,4.2));
#10700=CARTESIAN_POINT('Origin',(31.351357747075,-38.19439874707,4.2));
#10701=CARTESIAN_POINT('',(32.7513570000048,-38.1943977011718,1.2));
#10702=CARTESIAN_POINT('Origin',(32.7513570000005,-23.694398,1.2));
#10703=CARTESIAN_POINT('',(32.7513570000005,-23.694398,4.2));
#10704=CARTESIAN_POINT('',(32.7513570000048,-38.1943977011718,4.2));
#10705=CARTESIAN_POINT('',(32.7513570000005,-23.694398,1.2));
#10706=CARTESIAN_POINT('Origin',(33.351356252925,-23.69439725292,1.2));
#10707=CARTESIAN_POINT('',(33.3513567011698,-23.0943979999952,4.2));
#10708=CARTESIAN_POINT('Origin',(33.351356252925,-23.69439725292,4.2));
#10709=CARTESIAN_POINT('',(33.3513567011698,-23.0943979999952,1.2));
#10710=CARTESIAN_POINT('Origin',(53.8513569999999,-23.094398,1.2));
#10711=CARTESIAN_POINT('',(53.8513569999999,-23.094398,4.2));
#10712=CARTESIAN_POINT('',(33.3513567011698,-23.0943979999952,4.2));
#10713=CARTESIAN_POINT('',(53.8513569999999,-23.094398,1.2));
#10714=CARTESIAN_POINT('Origin',(53.851357747075,-21.69439874707,1.2));
#10715=CARTESIAN_POINT('',(55.2513570000048,-21.6943977011718,4.2));
#10716=CARTESIAN_POINT('Origin',(53.851357747075,-21.69439874707,4.2));
#10717=CARTESIAN_POINT('',(55.2513570000048,-21.6943977011718,1.2));
#10718=CARTESIAN_POINT('Origin',(55.2513570000005,-18.694398,1.2));
#10719=CARTESIAN_POINT('',(55.2513570000005,-18.694398,4.2));
#10720=CARTESIAN_POINT('',(55.2513570000048,-21.6943977011718,4.2));
#10721=CARTESIAN_POINT('',(55.2513570000005,-18.694398,1.2));
#10722=CARTESIAN_POINT('Origin',(55.851356252925,-18.69439725292,1.2));
#10723=CARTESIAN_POINT('',(55.8513567011698,-18.0943979999952,4.2));
#10724=CARTESIAN_POINT('Origin',(55.851356252925,-18.69439725292,4.2));
#10725=CARTESIAN_POINT('',(55.8513567011698,-18.0943979999952,1.2));
#10726=CARTESIAN_POINT('Origin',(72.8513569999999,-18.094398,1.2));
#10727=CARTESIAN_POINT('',(72.8513569999999,-18.094398,4.2));
#10728=CARTESIAN_POINT('',(55.8513567011698,-18.0943979999952,4.2));
#10729=CARTESIAN_POINT('',(72.8513569999999,-18.094398,1.2));
#10730=CARTESIAN_POINT('Origin',(72.851357747075,-16.69439874707,1.2));
#10731=CARTESIAN_POINT('',(74.2513570000048,-16.6943977011718,4.2));
#10732=CARTESIAN_POINT('Origin',(72.851357747075,-16.69439874707,4.2));
#10733=CARTESIAN_POINT('',(74.2513570000048,-16.6943977011718,1.2));
#10734=CARTESIAN_POINT('Origin',(74.251357,20.305602,1.2));
#10735=CARTESIAN_POINT('',(74.251357,20.305602,4.2));
#10736=CARTESIAN_POINT('',(74.2513570000048,-16.6943977011718,4.2));
#10737=CARTESIAN_POINT('',(74.251357,20.305602,1.2));
#10738=CARTESIAN_POINT('Origin',(72.851357747075,20.305602747075,1.2));
#10739=CARTESIAN_POINT('',(72.8513567011698,21.7056019999998,4.2));
#10740=CARTESIAN_POINT('Origin',(72.851357747075,20.305602747075,4.2));
#10741=CARTESIAN_POINT('',(72.8513567011698,21.7056019999998,1.2));
#10742=CARTESIAN_POINT('Origin',(55.851357,21.7056020000005,1.2));
#10743=CARTESIAN_POINT('',(55.851357,21.7056020000005,4.2));
#10744=CARTESIAN_POINT('',(72.8513567011698,21.7056019999998,4.2));
#10745=CARTESIAN_POINT('',(55.851357,21.7056020000005,1.2));
#10746=CARTESIAN_POINT('Origin',(55.851356252925,22.305601252925,1.2));
#10747=CARTESIAN_POINT('',(55.2513570000002,22.3056017011698,4.2));
#10748=CARTESIAN_POINT('Origin',(55.851356252925,22.305601252925,4.2));
#10749=CARTESIAN_POINT('',(55.2513570000002,22.3056017011698,1.2));
#10750=CARTESIAN_POINT('Origin',(55.251357,34.305602,1.2));
#10751=CARTESIAN_POINT('',(55.251357,34.305602,4.2));
#10752=CARTESIAN_POINT('',(55.2513570000002,22.3056017011698,4.2));
#10753=CARTESIAN_POINT('',(55.251357,34.305602,1.2));
#10754=CARTESIAN_POINT('Origin',(53.851357747075,34.305602747075,1.2));
#10755=CARTESIAN_POINT('',(53.8513567011698,35.7056019999998,4.2));
#10756=CARTESIAN_POINT('Origin',(53.851357747075,34.305602747075,4.2));
#10757=CARTESIAN_POINT('',(53.8513567011698,35.7056019999998,1.2));
#10758=CARTESIAN_POINT('Origin',(36.851357,35.7056020000005,1.2));
#10759=CARTESIAN_POINT('',(36.851357,35.7056020000005,4.2));
#10760=CARTESIAN_POINT('',(53.8513567011698,35.7056019999998,4.2));
#10761=CARTESIAN_POINT('',(36.851357,35.7056020000005,1.2));
#10762=CARTESIAN_POINT('Origin',(36.851356252925,36.305601252925,1.2));
#10763=CARTESIAN_POINT('',(36.2513570000002,36.3056017011698,4.2));
#10764=CARTESIAN_POINT('Origin',(36.851356252925,36.305601252925,4.2));
#10765=CARTESIAN_POINT('',(36.2513570000002,36.3056017011698,1.2));
#10766=CARTESIAN_POINT('Origin',(36.251357,44.305602,1.2));
#10767=CARTESIAN_POINT('',(36.251357,44.305602,4.2));
#10768=CARTESIAN_POINT('',(36.2513570000002,36.3056017011698,4.2));
#10769=CARTESIAN_POINT('',(36.251357,44.305602,1.2));
#10770=CARTESIAN_POINT('Origin',(34.851357747075,44.305602747075,1.2));
#10771=CARTESIAN_POINT('',(34.8513567011698,45.7056019999998,4.2));
#10772=CARTESIAN_POINT('Origin',(34.851357747075,44.305602747075,4.2));
#10773=CARTESIAN_POINT('',(34.8513567011698,45.7056019999998,1.2));
#10774=CARTESIAN_POINT('Origin',(17.351357,45.7056020000073,1.2));
#10775=CARTESIAN_POINT('',(17.351357,45.7056020000073,4.2));
#10776=CARTESIAN_POINT('',(34.8513567011698,45.7056019999998,4.2));
#10777=CARTESIAN_POINT('',(17.351357,45.7056020000073,1.2));
#10778=CARTESIAN_POINT('Origin',(17.351358333573,45.805603333573,1.2));
#10779=CARTESIAN_POINT('',(17.2513569999988,45.8056030668555,4.2));
#10780=CARTESIAN_POINT('Origin',(17.351358333573,45.805603333573,4.2));
#10781=CARTESIAN_POINT('',(17.2513569999988,45.8056030668556,1.2));
#10782=CARTESIAN_POINT('Origin',(16.351355666427,45.805600666427,1.2));
#10783=CARTESIAN_POINT('',(16.3513580668556,46.7056019999988,4.2));
#10784=CARTESIAN_POINT('Origin',(16.351355666427,45.805600666427,4.2));
#10785=CARTESIAN_POINT('',(16.3513580668556,46.7056019999988,1.2));
#10786=CARTESIAN_POINT('Origin',(-3.148643,46.705602,1.2));
#10787=CARTESIAN_POINT('',(-3.148643,46.705602,4.2));
#10788=CARTESIAN_POINT('',(16.3513580668556,46.7056019999988,4.2));
#10789=CARTESIAN_POINT('',(-3.148643,46.705602,1.2));
#10790=CARTESIAN_POINT('Origin',(-3.14864374707499,45.305602747075,1.2));
#10791=CARTESIAN_POINT('',(-4.54864299999981,45.3056017011698,4.2));
#10792=CARTESIAN_POINT('Origin',(-3.14864374707499,45.305602747075,4.2));
#10793=CARTESIAN_POINT('',(-4.54864299999982,45.3056017011698,1.2));
#10794=CARTESIAN_POINT('Origin',(-4.54864300000046,44.3056020000001,1.2));
#10795=CARTESIAN_POINT('',(-4.54864300000046,44.3056020000001,4.2));
#10796=CARTESIAN_POINT('',(-4.54864299999982,45.3056017011698,4.2));
#10797=CARTESIAN_POINT('',(-4.54864300000046,44.3056020000001,1.2));
#10798=CARTESIAN_POINT('Origin',(-5.148642252925,44.305601252925,1.2));
#10799=CARTESIAN_POINT('',(-5.14864270116977,43.7056020000002,4.2));
#10800=CARTESIAN_POINT('Origin',(-5.148642252925,44.305601252925,4.2));
#10801=CARTESIAN_POINT('',(-5.14864270116978,43.7056020000002,1.2));
#10802=CARTESIAN_POINT('Origin',(-22.148643,43.705602,1.2));
#10803=CARTESIAN_POINT('',(-22.148643,43.705602,4.2));
#10804=CARTESIAN_POINT('',(-5.14864270116978,43.7056020000002,4.2));
#10805=CARTESIAN_POINT('',(-22.148643,43.705602,1.2));
#10806=CARTESIAN_POINT('Origin',(-22.14864374707,42.305602747075,1.2));
#10807=CARTESIAN_POINT('',(-23.5486429999952,42.3056017011698,4.2));
#10808=CARTESIAN_POINT('Origin',(-22.14864374707,42.305602747075,4.2));
#10809=CARTESIAN_POINT('',(-23.5486429999952,42.3056017011698,1.2));
#10810=CARTESIAN_POINT('Origin',(-24.14864225292,42.305601252925,1.2));
#10811=CARTESIAN_POINT('Origin',(-24.14864225292,42.305601252925,4.2));
#10812=CARTESIAN_POINT('Origin',(-61.14864374707,40.305602747075,1.2));
#10813=CARTESIAN_POINT('Origin',(-67.14864627682,-20.2040160892,1.2));
#10814=CARTESIAN_POINT('',(-64.8486431310738,-24.1877349141588,1.2));
#10815=CARTESIAN_POINT('Origin',(-73.5513639906848,-29.2122528331081,1.2));
#10816=CARTESIAN_POINT('',(-73.5513639906848,-29.2122528331081,1.2));
#10817=CARTESIAN_POINT('Origin',(-72.85136566808,-30.42468755303,1.2));
#10818=CARTESIAN_POINT('',(-74.0637988768975,-31.1246884929423,1.2));
#10819=CARTESIAN_POINT('Origin',(-65.4722900279593,-46.0056184274756,1.2));
#10820=CARTESIAN_POINT('',(-65.4722900279593,-46.0056184274756,1.2));
#10821=CARTESIAN_POINT('Origin',(-64.25984660294,-45.30557046557,1.2));
#10822=CARTESIAN_POINT('',(-63.5598496989313,-46.5180433692751,1.2));
#10823=CARTESIAN_POINT('Origin',(-54.8225747686523,-41.4735756626165,1.2));
#10824=CARTESIAN_POINT('',(-54.8225747686523,-41.4735756626165,1.2));
#10825=CARTESIAN_POINT('Origin',(-30.8759813823706,-35.0571053306259,1.2));
#10826=CARTESIAN_POINT('',(-30.8759813823706,-35.0571053306259,1.2));
#10827=CARTESIAN_POINT('Origin',(-31.23834821285,-33.70479733009,1.2));
#10828=CARTESIAN_POINT('',(-29.8860299518302,-33.3424687926305,1.2));
#10829=CARTESIAN_POINT('Origin',(-32.6881096706244,-22.8849653776827,1.2));
#10830=CARTESIAN_POINT('',(-32.6881096706244,-22.8849653776827,1.2));
#10831=CARTESIAN_POINT('Origin',(-28.24485104372,-21.69439781922,1.2));
#10832=CARTESIAN_POINT('',(-28.2448500834976,-17.0943980000001,1.2));
#10833=CARTESIAN_POINT('Origin',(-21.148643,-17.094398,1.2));
#10834=CARTESIAN_POINT('',(-21.148643,-17.094398,1.2));
#10835=CARTESIAN_POINT('Origin',(-21.14864225292,-15.69439874707,1.2));
#10836=CARTESIAN_POINT('',(-19.7486429999948,-15.6943977011718,1.2));
#10837=CARTESIAN_POINT('Origin',(-19.14864374707,-15.69439725292,1.2));
#10838=CARTESIAN_POINT('',(-19.1486432988282,-15.0943979999952,1.2));
#10839=CARTESIAN_POINT('Origin',(16.8513569999998,-15.0943979999954,1.2));
#10840=CARTESIAN_POINT('',(16.8513569999998,-15.0943979999954,1.2));
#10841=CARTESIAN_POINT('Origin',(16.8513569999998,-15.5943979999954,1.2));
#10842=CARTESIAN_POINT('',(16.8513569999998,-15.5943979999954,1.2));
#10843=CARTESIAN_POINT('Origin',(-19.1486436723635,-15.594397999995,1.2));
#10844=CARTESIAN_POINT('',(-19.1486436723635,-15.594397999995,1.2));
#10845=CARTESIAN_POINT('Origin',(-19.14864374707,-15.69439725292,1.2));
#10846=CARTESIAN_POINT('',(-19.248642999995,-15.6943973276365,1.2));
#10847=CARTESIAN_POINT('Origin',(-21.14864225292,-15.69439874707,1.2));
#10848=CARTESIAN_POINT('',(-21.148643,-17.594398,1.2));
#10849=CARTESIAN_POINT('Origin',(-28.2448501878696,-17.5943980000001,1.2));
#10850=CARTESIAN_POINT('',(-28.2448501878696,-17.5943980000001,1.2));
#10851=CARTESIAN_POINT('Origin',(-28.24485104372,-21.69439781922,1.2));
#10852=CARTESIAN_POINT('',(-32.2051467589105,-22.7555558497921,1.2));
#10853=CARTESIAN_POINT('Origin',(-29.4289506518172,-33.1164603150607,1.2));
#10854=CARTESIAN_POINT('',(-29.4289506518172,-33.1164603150607,1.2));
#10855=CARTESIAN_POINT('Origin',(-31.8437652103865,-33.7635079545139,1.2));
#10856=CARTESIAN_POINT('',(-31.1967176002025,-36.1783225209258,1.2));
#10857=CARTESIAN_POINT('Origin',(-54.4365891902668,-42.4054273191533,1.2));
#10858=CARTESIAN_POINT('',(-54.4365891902668,-42.4054273191533,1.2));
#10859=CARTESIAN_POINT('Origin',(-64.272293528091,-48.0840734989195,1.2));
#10860=CARTESIAN_POINT('',(-64.272293528091,-48.0840734989195,1.2));
#10861=CARTESIAN_POINT('Origin',(-65.7722934553159,-45.4859972455495,1.2));
#10862=CARTESIAN_POINT('',(-68.3703696707939,-46.9859972384052,1.2));
#10863=CARTESIAN_POINT('Origin',(-76.6618729537154,-32.62469219006,1.2));
#10864=CARTESIAN_POINT('',(-76.6618729537154,-32.62469219006,1.2));
#10865=CARTESIAN_POINT('Origin',(-72.85136566808,-30.42468755303,1.2));
#10866=CARTESIAN_POINT('',(-75.0513639208208,-26.6141765814188,1.2));
#10867=CARTESIAN_POINT('Origin',(-66.3486441141178,-21.5896592703664,1.2));
#10868=CARTESIAN_POINT('',(-66.3486441141178,-21.5896592703664,1.2));
#10869=CARTESIAN_POINT('Origin',(-67.14864627682,-20.2040160892,1.2));
#10870=CARTESIAN_POINT('',(-65.5486429999983,-20.2040169999998,1.2));
#10871=CARTESIAN_POINT('Origin',(-65.548642999994,40.3055994599432,1.2));
#10872=CARTESIAN_POINT('',(-65.548642999994,40.3055994599432,1.2));
#10873=CARTESIAN_POINT('Origin',(-61.14864374707,40.305602747075,1.2));
#10874=CARTESIAN_POINT('',(-61.148643,44.705602,1.2));
#10875=CARTESIAN_POINT('Origin',(-25.836461124829,44.7056020000002,1.2));
#10876=CARTESIAN_POINT('',(-25.836461124829,44.7056020000002,4.2));
#10877=CARTESIAN_POINT('',(-25.836461124829,44.7056020000002,4.2));
#10878=CARTESIAN_POINT('',(-25.836461124829,44.7056020000002,1.2));
#10879=CARTESIAN_POINT('Origin',(-22.14864374707,42.305602747075,1.2));
#10880=CARTESIAN_POINT('',(-22.148643,46.705602,4.2));
#10881=CARTESIAN_POINT('Origin',(-22.14864374707,42.305602747075,4.2));
#10882=CARTESIAN_POINT('',(-22.148643,46.705602,1.2));
#10883=CARTESIAN_POINT('Origin',(-7.31997393270541,46.7056020000001,1.2));
#10884=CARTESIAN_POINT('',(-7.31997393270541,46.7056020000001,4.2));
#10885=CARTESIAN_POINT('',(-7.31997393270541,46.7056020000001,4.2));
#10886=CARTESIAN_POINT('',(-7.31997393270541,46.7056020000001,1.2));
#10887=CARTESIAN_POINT('Origin',(-3.14864374707499,45.305602747075,1.2));
#10888=CARTESIAN_POINT('',(-3.14864299999982,49.705602,4.2));
#10889=CARTESIAN_POINT('Origin',(-3.14864374707499,45.305602747075,4.2));
#10890=CARTESIAN_POINT('',(-3.14864299999982,49.705602,1.2));
#10891=CARTESIAN_POINT('Origin',(16.3513660682722,49.7056019999881,1.2));
#10892=CARTESIAN_POINT('',(16.3513660682722,49.7056019999881,4.2));
#10893=CARTESIAN_POINT('',(16.3513660682722,49.7056019999881,4.2));
#10894=CARTESIAN_POINT('',(16.3513660682722,49.7056019999881,1.2));
#10895=CARTESIAN_POINT('Origin',(16.351355666427,45.805600666427,1.2));
#10896=CARTESIAN_POINT('',(18.9590371399055,48.7056020000066,4.2));
#10897=CARTESIAN_POINT('Origin',(16.351355666427,45.805600666427,4.2));
#10898=CARTESIAN_POINT('',(18.9590371399055,48.7056020000066,1.2));
#10899=CARTESIAN_POINT('Origin',(34.8513544599431,48.705601999999,1.2));
#10900=CARTESIAN_POINT('',(34.8513544599431,48.705601999999,4.2));
#10901=CARTESIAN_POINT('',(34.8513544599431,48.705601999999,4.2));
#10902=CARTESIAN_POINT('',(34.8513544599431,48.705601999999,1.2));
#10903=CARTESIAN_POINT('Origin',(34.851357747075,44.305602747075,1.2));
#10904=CARTESIAN_POINT('',(39.251357,44.3056020000001,4.2));
#10905=CARTESIAN_POINT('Origin',(34.851357747075,44.305602747075,4.2));
#10906=CARTESIAN_POINT('',(39.251357,44.3056020000001,1.2));
#10907=CARTESIAN_POINT('Origin',(39.2513570000001,38.7056020000004,1.2));
#10908=CARTESIAN_POINT('',(39.2513570000001,38.7056020000004,4.2));
#10909=CARTESIAN_POINT('',(39.2513570000001,38.7056020000004,4.2));
#10910=CARTESIAN_POINT('',(39.2513570000001,38.7056020000004,1.2));
#10911=CARTESIAN_POINT('Origin',(53.8513544599431,38.705601999999,1.2));
#10912=CARTESIAN_POINT('',(53.8513544599431,38.705601999999,4.2));
#10913=CARTESIAN_POINT('',(53.8513544599431,38.705601999999,4.2));
#10914=CARTESIAN_POINT('',(53.8513544599431,38.705601999999,1.2));
#10915=CARTESIAN_POINT('Origin',(53.851357747075,34.305602747075,1.2));
#10916=CARTESIAN_POINT('',(58.251357,34.3056020000001,4.2));
#10917=CARTESIAN_POINT('Origin',(53.851357747075,34.305602747075,4.2));
#10918=CARTESIAN_POINT('',(58.251357,34.3056020000001,1.2));
#10919=CARTESIAN_POINT('Origin',(58.2513570000001,24.7056020000004,1.2));
#10920=CARTESIAN_POINT('',(58.2513570000001,24.7056020000004,4.2));
#10921=CARTESIAN_POINT('',(58.2513570000001,24.7056020000004,4.2));
#10922=CARTESIAN_POINT('',(58.2513570000001,24.7056020000004,1.2));
#10923=CARTESIAN_POINT('Origin',(72.8513544599431,24.705601999999,1.2));
#10924=CARTESIAN_POINT('',(72.8513544599431,24.705601999999,4.2));
#10925=CARTESIAN_POINT('',(72.8513544599431,24.705601999999,4.2));
#10926=CARTESIAN_POINT('',(72.8513544599431,24.705601999999,1.2));
#10927=CARTESIAN_POINT('Origin',(72.851357747075,20.305602747075,1.2));
#10928=CARTESIAN_POINT('',(77.251357,20.3056020000004,4.2));
#10929=CARTESIAN_POINT('Origin',(72.851357747075,20.305602747075,4.2));
#10930=CARTESIAN_POINT('',(77.251357,20.3056020000004,1.2));
#10931=CARTESIAN_POINT('Origin',(77.251357000004,-16.6943954599601,1.2));
#10932=CARTESIAN_POINT('',(77.251357000004,-16.6943954599601,4.2));
#10933=CARTESIAN_POINT('',(77.251357000004,-16.6943954599601,4.2));
#10934=CARTESIAN_POINT('',(77.251357000004,-16.6943954599601,1.2));
#10935=CARTESIAN_POINT('Origin',(72.851357747075,-16.69439874707,1.2));
#10936=CARTESIAN_POINT('',(72.851356999999,-21.094398,4.2));
#10937=CARTESIAN_POINT('Origin',(72.851357747075,-16.69439874707,4.2));
#10938=CARTESIAN_POINT('',(72.851356999999,-21.094398,1.2));
#10939=CARTESIAN_POINT('Origin',(58.2513570000039,-21.0943979999959,1.2));
#10940=CARTESIAN_POINT('',(58.2513570000039,-21.0943979999959,4.2));
#10941=CARTESIAN_POINT('',(58.2513570000039,-21.0943979999959,4.2));
#10942=CARTESIAN_POINT('',(58.2513570000039,-21.0943979999959,1.2));
#10943=CARTESIAN_POINT('Origin',(58.251357000004,-21.6943954599601,1.2));
#10944=CARTESIAN_POINT('',(58.251357000004,-21.6943954599601,4.2));
#10945=CARTESIAN_POINT('',(58.251357000004,-21.6943954599601,4.2));
#10946=CARTESIAN_POINT('',(58.251357000004,-21.6943954599601,1.2));
#10947=CARTESIAN_POINT('Origin',(53.851357747075,-21.69439874707,1.2));
#10948=CARTESIAN_POINT('',(53.8513569999992,-26.094398,4.2));
#10949=CARTESIAN_POINT('Origin',(53.851357747075,-21.69439874707,4.2));
#10950=CARTESIAN_POINT('',(53.8513569999992,-26.094398,1.2));
#10951=CARTESIAN_POINT('Origin',(35.7513570000012,-26.0943979999957,1.2));
#10952=CARTESIAN_POINT('',(35.7513570000012,-26.0943979999957,4.2));
#10953=CARTESIAN_POINT('',(35.7513570000012,-26.0943979999957,4.2));
#10954=CARTESIAN_POINT('',(35.7513570000012,-26.0943979999957,1.2));
#10955=CARTESIAN_POINT('Origin',(35.751357000004,-38.1943954599601,1.2));
#10956=CARTESIAN_POINT('',(35.751357000004,-38.1943954599601,4.2));
#10957=CARTESIAN_POINT('',(35.751357000004,-38.1943954599601,4.2));
#10958=CARTESIAN_POINT('',(35.751357000004,-38.1943954599601,1.2));
#10959=CARTESIAN_POINT('Origin',(31.351357747075,-38.19439874707,1.2));
#10960=CARTESIAN_POINT('Origin',(31.351357747075,-38.19439874707,4.2));
#10961=CARTESIAN_POINT('Origin',(-3.54863005647132E-6,0.609802377225304,
4.2));
#10962=CARTESIAN_POINT('',(0.,0.,0.));
#10963=UNCERTAINTY_MEASURE_WITH_UNIT(LENGTH_MEASURE(0.01),#10969,
'DISTANCE_ACCURACY_VALUE',
'Maximum model space distance between geometric entities at asserted c
onnectivities');
#10964=UNCERTAINTY_MEASURE_WITH_UNIT(LENGTH_MEASURE(0.01),#10969,
'DISTANCE_ACCURACY_VALUE',
'Maximum model space distance between geometric entities at asserted c
onnectivities');
#10965=UNCERTAINTY_MEASURE_WITH_UNIT(LENGTH_MEASURE(0.01),#10969,
'DISTANCE_ACCURACY_VALUE',
'Maximum model space distance between geometric entities at asserted c
onnectivities');
#10966=(
GEOMETRIC_REPRESENTATION_CONTEXT(3)
GLOBAL_UNCERTAINTY_ASSIGNED_CONTEXT((#10963))
GLOBAL_UNIT_ASSIGNED_CONTEXT((#10969,#10971,#10972))
REPRESENTATION_CONTEXT('','3D')
);
#10967=(
GEOMETRIC_REPRESENTATION_CONTEXT(3)
GLOBAL_UNCERTAINTY_ASSIGNED_CONTEXT((#10964))
GLOBAL_UNIT_ASSIGNED_CONTEXT((#10969,#10971,#10972))
REPRESENTATION_CONTEXT('','3D')
);
#10968=(
GEOMETRIC_REPRESENTATION_CONTEXT(3)
GLOBAL_UNCERTAINTY_ASSIGNED_CONTEXT((#10965))
GLOBAL_UNIT_ASSIGNED_CONTEXT((#10969,#10971,#10972))
REPRESENTATION_CONTEXT('','3D')
);
#10969=(
LENGTH_UNIT()
NAMED_UNIT(*)
SI_UNIT(.MILLI.,.METRE.)
);
#10970=(
LENGTH_UNIT()
NAMED_UNIT(*)
SI_UNIT($,.METRE.)
);
#10971=(
NAMED_UNIT(*)
PLANE_ANGLE_UNIT()
SI_UNIT($,.RADIAN.)
);
#10972=(
NAMED_UNIT(*)
SI_UNIT($,.STERADIAN.)
SOLID_ANGLE_UNIT()
);
#10973=SHAPE_DEFINITION_REPRESENTATION(#10975,#10978);
#10974=SHAPE_DEFINITION_REPRESENTATION(#10976,#10979);
#10975=PRODUCT_DEFINITION_SHAPE('',$,#10981);
#10976=PRODUCT_DEFINITION_SHAPE('',$,#10982);
#10977=PRODUCT_DEFINITION_SHAPE($,$,#14);
#10978=SHAPE_REPRESENTATION('',(#6527,#7148),#10966);
#10979=SHAPE_REPRESENTATION('',(#6528),#10967);
#10980=PRODUCT_DEFINITION_CONTEXT('part definition',#10988,'design');
#10981=PRODUCT_DEFINITION('reel_right_top_neo 1','reel_right_top_neo2',
#10983,#10980);
#10982=PRODUCT_DEFINITION('reel_right_top_PCB','reel_right_top_PCB',#10984,
#10980);
#10983=PRODUCT_DEFINITION_FORMATION('',$,#10990);
#10984=PRODUCT_DEFINITION_FORMATION('',$,#10991);
#10985=PRODUCT_RELATED_PRODUCT_CATEGORY('reel_right_top_neo2',
'reel_right_top_neo2',(#10990));
#10986=PRODUCT_RELATED_PRODUCT_CATEGORY('reel_right_top_PCB',
'reel_right_top_PCB',(#10991));
#10987=APPLICATION_PROTOCOL_DEFINITION('international standard',
'automotive_design',2009,#10988);
#10988=APPLICATION_CONTEXT(
'Core Data for Automotive Mechanical Design Process');
#10989=PRODUCT_CONTEXT('part definition',#10988,'mechanical');
#10990=PRODUCT('reel_right_top_neo 1','reel_right_top_neo2',
'KiCad electronic assembly',(#10989));
#10991=PRODUCT('reel_right_top_PCB','reel_right_top_PCB',$,(#10989));
#10992=PRESENTATION_STYLE_ASSIGNMENT((#10994));
#10993=PRESENTATION_STYLE_ASSIGNMENT((#10995));
#10994=SURFACE_STYLE_USAGE(.BOTH.,#10996);
#10995=SURFACE_STYLE_USAGE(.BOTH.,#10997);
#10996=SURFACE_SIDE_STYLE('',(#10998));
#10997=SURFACE_SIDE_STYLE('',(#10999));
#10998=SURFACE_STYLE_FILL_AREA(#11000);
#10999=SURFACE_STYLE_FILL_AREA(#11001);
#11000=FILL_AREA_STYLE('\X2\92FC\X0\ - \X2\30B530C630F3\X0\',(#11002));
#11001=FILL_AREA_STYLE('Opaque(80,124,105)',(#11003));
#11002=FILL_AREA_STYLE_COLOUR('\X2\92FC\X0\ - \X2\30B530C630F3\X0\',#11004);
#11003=FILL_AREA_STYLE_COLOUR('Opaque(80,124,105)',#11005);
#11004=COLOUR_RGB('\X2\92FC\X0\ - \X2\30B530C630F3\X0\',0.627450980392157,
0.627450980392157,0.627450980392157);
#11005=COLOUR_RGB('Opaque(80,124,105)',0.313725490196078,0.486274509803922,
0.411764705882353);
ENDSEC;
END-ISO-10303-21;
