ISO-10303-21;
HEADER;
/* Generated by software containing ST-Developer
 * from STEP Tools, Inc. (www.steptools.com) 
 */

FILE_DESCRIPTION(
/* description */ ('KiCad electronic assembly'),
/* implementation_level */ '2;1');

FILE_NAME(
/* name */ 'reel_right_bottom.step',
/* time_stamp */ '2026-08-17T19:55:19+09:00',
/* author */ (''),
/* organization */ (''),
/* preprocessor_version */ 'ST-DEVELOPER v20.1',
/* originating_system */ 'Autodesk Translation Framework v15.8.0.0',
/* authorisation */ '');

FILE_SCHEMA (('AUTOMOTIVE_DESIGN { 1 0 10303 214 3 1 1 }'));
ENDSEC;

DATA;
#10=MECHANICAL_DESIGN_GEOMETRIC_PRESENTATION_REPRESENTATION('',(#17),#6381);
#11=ITEM_DEFINED_TRANSFORMATION($,$,#3740,#4117);
#12=(
REPRESENTATION_RELATIONSHIP($,$,#6392,#6391)
REPRESENTATION_RELATIONSHIP_WITH_TRANSFORMATION(#11)
SHAPE_REPRESENTATION_RELATIONSHIP()
);
#13=CONTEXT_DEPENDENT_SHAPE_REPRESENTATION(#12,#6390);
#14=NEXT_ASSEMBLY_USAGE_OCCURRENCE('reel_right_bottom_PCB:1',
'reel_right_bottom_PCB:1','reel_right_bottom_PCB:1',#6394,#6395,
'reel_right_bottom_PCB:1');
#15=SHAPE_REPRESENTATION_RELATIONSHIP('SRR','None',#6392,#16);
#16=ADVANCED_BREP_SHAPE_REPRESENTATION('',(#18),#6380);
#17=STYLED_ITEM('',(#6406),#18);
#18=MANIFOLD_SOLID_BREP('\X2\30DC30C730A3\X0\1',#3726);
#19=(
BOUNDED_CURVE()
B_SPLINE_CURVE(5,(#6133,#6134,#6135,#6136,#6137,#6138,#6139,#6140,#6141,
#6142),.UNSPECIFIED.,.F.,.F.)
B_SPLINE_CURVE_WITH_KNOTS((6,1,1,1,1,6),(0.,0.2,0.4,0.6,0.8,1.),
 .UNSPECIFIED.)
CURVE()
GEOMETRIC_REPRESENTATION_ITEM()
RATIONAL_B_SPLINE_CURVE((1.,1.,1.,1.,1.,1.,1.,1.,1.,1.))
REPRESENTATION_ITEM('')
);
#20=(
BOUNDED_CURVE()
B_SPLINE_CURVE(5,(#6146,#6147,#6148,#6149,#6150,#6151,#6152,#6153,#6154,
#6155),.UNSPECIFIED.,.F.,.F.)
B_SPLINE_CURVE_WITH_KNOTS((6,1,1,1,1,6),(-1.,-0.8,-0.6,-0.4,-0.2,0.),
 .UNSPECIFIED.)
CURVE()
GEOMETRIC_REPRESENTATION_ITEM()
RATIONAL_B_SPLINE_CURVE((1.,1.,1.,1.,1.,1.,1.,1.,1.,1.))
REPRESENTATION_ITEM('')
);
#21=(
BOUNDED_SURFACE()
B_SPLINE_SURFACE(5,1,((#6111,#6112),(#6113,#6114),(#6115,#6116),(#6117,
#6118),(#6119,#6120),(#6121,#6122),(#6123,#6124),(#6125,#6126),(#6127,#6128),
(#6129,#6130)),.UNSPECIFIED.,.F.,.F.,.F.)
B_SPLINE_SURFACE_WITH_KNOTS((6,1,1,1,1,6),(2,2),(-1.,-0.8,-0.6,-0.4,-0.2,
0.),(0.,0.14),.UNSPECIFIED.)
GEOMETRIC_REPRESENTATION_ITEM()
RATIONAL_B_SPLINE_SURFACE(((1.,1.),(1.,1.),(1.,1.),(1.,1.),(1.,1.),(1.,
1.),(1.,1.),(1.,1.),(1.,1.),(1.,1.)))
REPRESENTATION_ITEM('')
SURFACE()
);
#22=B_SPLINE_CURVE_WITH_KNOTS('',3,(#5590,#5591,#5592,#5593,#5594,#5595),
 .UNSPECIFIED.,.F.,.F.,(4,2,4),(0.,0.041108694934028,0.0585496569029127),
 .UNSPECIFIED.);
#23=TOROIDAL_SURFACE('',#3829,2.,1.);
#24=TOROIDAL_SURFACE('',#3836,2.00000000000001,1.);
#25=TOROIDAL_SURFACE('',#3845,2.00000000000001,1.);
#26=TOROIDAL_SURFACE('',#3852,2.00000000000001,1.);
#27=TOROIDAL_SURFACE('',#3857,2.,1.);
#28=FACE_BOUND('',#340,.T.);
#29=FACE_BOUND('',#343,.T.);
#30=FACE_BOUND('',#346,.T.);
#31=FACE_BOUND('',#349,.T.);
#32=FACE_BOUND('',#352,.T.);
#33=FACE_BOUND('',#355,.T.);
#34=FACE_BOUND('',#380,.T.);
#35=FACE_BOUND('',#381,.T.);
#36=FACE_BOUND('',#382,.T.);
#37=FACE_BOUND('',#383,.T.);
#38=FACE_BOUND('',#491,.T.);
#39=FACE_BOUND('',#492,.T.);
#40=FACE_BOUND('',#514,.T.);
#41=FACE_BOUND('',#540,.T.);
#42=FACE_BOUND('',#541,.T.);
#43=FACE_BOUND('',#542,.T.);
#44=FACE_BOUND('',#543,.T.);
#45=FACE_BOUND('',#544,.T.);
#46=FACE_BOUND('',#545,.T.);
#47=PLANE('',#3744);
#48=PLANE('',#3749);
#49=PLANE('',#3754);
#50=PLANE('',#3759);
#51=PLANE('',#3764);
#52=PLANE('',#3769);
#53=PLANE('',#3771);
#54=PLANE('',#3772);
#55=PLANE('',#3773);
#56=PLANE('',#3774);
#57=PLANE('',#3775);
#58=PLANE('',#3790);
#59=PLANE('',#3824);
#60=PLANE('',#3861);
#61=PLANE('',#3864);
#62=PLANE('',#3865);
#63=PLANE('',#3897);
#64=PLANE('',#3900);
#65=PLANE('',#3901);
#66=PLANE('',#3902);
#67=PLANE('',#3904);
#68=PLANE('',#3906);
#69=PLANE('',#3908);
#70=PLANE('',#3910);
#71=PLANE('',#3912);
#72=PLANE('',#3914);
#73=PLANE('',#3916);
#74=PLANE('',#3918);
#75=PLANE('',#3920);
#76=PLANE('',#3922);
#77=PLANE('',#3924);
#78=PLANE('',#3926);
#79=PLANE('',#3928);
#80=PLANE('',#3931);
#81=PLANE('',#3934);
#82=PLANE('',#3936);
#83=PLANE('',#3938);
#84=PLANE('',#3939);
#85=PLANE('',#3941);
#86=PLANE('',#3943);
#87=PLANE('',#3946);
#88=PLANE('',#3947);
#89=PLANE('',#3948);
#90=PLANE('',#3953);
#91=PLANE('',#3956);
#92=PLANE('',#3959);
#93=PLANE('',#3960);
#94=PLANE('',#3963);
#95=PLANE('',#3966);
#96=PLANE('',#3969);
#97=PLANE('',#3972);
#98=PLANE('',#3979);
#99=PLANE('',#3982);
#100=PLANE('',#3985);
#101=PLANE('',#3990);
#102=PLANE('',#3993);
#103=PLANE('',#3996);
#104=PLANE('',#3999);
#105=PLANE('',#4002);
#106=PLANE('',#4005);
#107=PLANE('',#4008);
#108=PLANE('',#4011);
#109=PLANE('',#4014);
#110=PLANE('',#4017);
#111=PLANE('',#4020);
#112=PLANE('',#4021);
#113=PLANE('',#4024);
#114=PLANE('',#4025);
#115=PLANE('',#4028);
#116=PLANE('',#4029);
#117=PLANE('',#4039);
#118=PLANE('',#4048);
#119=PLANE('',#4051);
#120=PLANE('',#4056);
#121=PLANE('',#4057);
#122=PLANE('',#4058);
#123=PLANE('',#4060);
#124=PLANE('',#4062);
#125=PLANE('',#4063);
#126=PLANE('',#4064);
#127=PLANE('',#4068);
#128=PLANE('',#4072);
#129=PLANE('',#4076);
#130=PLANE('',#4082);
#131=PLANE('',#4085);
#132=PLANE('',#4088);
#133=PLANE('',#4091);
#134=PLANE('',#4092);
#135=PLANE('',#4095);
#136=PLANE('',#4096);
#137=PLANE('',#4099);
#138=PLANE('',#4102);
#139=PLANE('',#4103);
#140=PLANE('',#4106);
#141=PLANE('',#4107);
#142=PLANE('',#4110);
#143=PLANE('',#4111);
#144=PLANE('',#4112);
#145=FACE_OUTER_BOUND('',#338,.T.);
#146=FACE_OUTER_BOUND('',#339,.T.);
#147=FACE_OUTER_BOUND('',#341,.T.);
#148=FACE_OUTER_BOUND('',#342,.T.);
#149=FACE_OUTER_BOUND('',#344,.T.);
#150=FACE_OUTER_BOUND('',#345,.T.);
#151=FACE_OUTER_BOUND('',#347,.T.);
#152=FACE_OUTER_BOUND('',#348,.T.);
#153=FACE_OUTER_BOUND('',#350,.T.);
#154=FACE_OUTER_BOUND('',#351,.T.);
#155=FACE_OUTER_BOUND('',#353,.T.);
#156=FACE_OUTER_BOUND('',#354,.T.);
#157=FACE_OUTER_BOUND('',#356,.T.);
#158=FACE_OUTER_BOUND('',#357,.T.);
#159=FACE_OUTER_BOUND('',#358,.T.);
#160=FACE_OUTER_BOUND('',#359,.T.);
#161=FACE_OUTER_BOUND('',#360,.T.);
#162=FACE_OUTER_BOUND('',#361,.T.);
#163=FACE_OUTER_BOUND('',#362,.T.);
#164=FACE_OUTER_BOUND('',#363,.T.);
#165=FACE_OUTER_BOUND('',#364,.T.);
#166=FACE_OUTER_BOUND('',#365,.T.);
#167=FACE_OUTER_BOUND('',#366,.T.);
#168=FACE_OUTER_BOUND('',#367,.T.);
#169=FACE_OUTER_BOUND('',#368,.T.);
#170=FACE_OUTER_BOUND('',#369,.T.);
#171=FACE_OUTER_BOUND('',#370,.T.);
#172=FACE_OUTER_BOUND('',#371,.T.);
#173=FACE_OUTER_BOUND('',#372,.T.);
#174=FACE_OUTER_BOUND('',#373,.T.);
#175=FACE_OUTER_BOUND('',#374,.T.);
#176=FACE_OUTER_BOUND('',#375,.T.);
#177=FACE_OUTER_BOUND('',#376,.T.);
#178=FACE_OUTER_BOUND('',#377,.T.);
#179=FACE_OUTER_BOUND('',#378,.T.);
#180=FACE_OUTER_BOUND('',#379,.T.);
#181=FACE_OUTER_BOUND('',#384,.T.);
#182=FACE_OUTER_BOUND('',#385,.T.);
#183=FACE_OUTER_BOUND('',#386,.T.);
#184=FACE_OUTER_BOUND('',#387,.T.);
#185=FACE_OUTER_BOUND('',#388,.T.);
#186=FACE_OUTER_BOUND('',#389,.T.);
#187=FACE_OUTER_BOUND('',#390,.T.);
#188=FACE_OUTER_BOUND('',#391,.T.);
#189=FACE_OUTER_BOUND('',#392,.T.);
#190=FACE_OUTER_BOUND('',#393,.T.);
#191=FACE_OUTER_BOUND('',#394,.T.);
#192=FACE_OUTER_BOUND('',#395,.T.);
#193=FACE_OUTER_BOUND('',#396,.T.);
#194=FACE_OUTER_BOUND('',#397,.T.);
#195=FACE_OUTER_BOUND('',#398,.T.);
#196=FACE_OUTER_BOUND('',#399,.T.);
#197=FACE_OUTER_BOUND('',#400,.T.);
#198=FACE_OUTER_BOUND('',#401,.T.);
#199=FACE_OUTER_BOUND('',#402,.T.);
#200=FACE_OUTER_BOUND('',#403,.T.);
#201=FACE_OUTER_BOUND('',#404,.T.);
#202=FACE_OUTER_BOUND('',#405,.T.);
#203=FACE_OUTER_BOUND('',#406,.T.);
#204=FACE_OUTER_BOUND('',#407,.T.);
#205=FACE_OUTER_BOUND('',#408,.T.);
#206=FACE_OUTER_BOUND('',#409,.T.);
#207=FACE_OUTER_BOUND('',#410,.T.);
#208=FACE_OUTER_BOUND('',#411,.T.);
#209=FACE_OUTER_BOUND('',#412,.T.);
#210=FACE_OUTER_BOUND('',#413,.T.);
#211=FACE_OUTER_BOUND('',#414,.T.);
#212=FACE_OUTER_BOUND('',#415,.T.);
#213=FACE_OUTER_BOUND('',#416,.T.);
#214=FACE_OUTER_BOUND('',#417,.T.);
#215=FACE_OUTER_BOUND('',#418,.T.);
#216=FACE_OUTER_BOUND('',#419,.T.);
#217=FACE_OUTER_BOUND('',#420,.T.);
#218=FACE_OUTER_BOUND('',#421,.T.);
#219=FACE_OUTER_BOUND('',#422,.T.);
#220=FACE_OUTER_BOUND('',#423,.T.);
#221=FACE_OUTER_BOUND('',#424,.T.);
#222=FACE_OUTER_BOUND('',#425,.T.);
#223=FACE_OUTER_BOUND('',#426,.T.);
#224=FACE_OUTER_BOUND('',#427,.T.);
#225=FACE_OUTER_BOUND('',#428,.T.);
#226=FACE_OUTER_BOUND('',#429,.T.);
#227=FACE_OUTER_BOUND('',#430,.T.);
#228=FACE_OUTER_BOUND('',#431,.T.);
#229=FACE_OUTER_BOUND('',#432,.T.);
#230=FACE_OUTER_BOUND('',#433,.T.);
#231=FACE_OUTER_BOUND('',#434,.T.);
#232=FACE_OUTER_BOUND('',#435,.T.);
#233=FACE_OUTER_BOUND('',#436,.T.);
#234=FACE_OUTER_BOUND('',#437,.T.);
#235=FACE_OUTER_BOUND('',#438,.T.);
#236=FACE_OUTER_BOUND('',#439,.T.);
#237=FACE_OUTER_BOUND('',#440,.T.);
#238=FACE_OUTER_BOUND('',#441,.T.);
#239=FACE_OUTER_BOUND('',#442,.T.);
#240=FACE_OUTER_BOUND('',#443,.T.);
#241=FACE_OUTER_BOUND('',#444,.T.);
#242=FACE_OUTER_BOUND('',#445,.T.);
#243=FACE_OUTER_BOUND('',#446,.T.);
#244=FACE_OUTER_BOUND('',#447,.T.);
#245=FACE_OUTER_BOUND('',#448,.T.);
#246=FACE_OUTER_BOUND('',#449,.T.);
#247=FACE_OUTER_BOUND('',#450,.T.);
#248=FACE_OUTER_BOUND('',#451,.T.);
#249=FACE_OUTER_BOUND('',#452,.T.);
#250=FACE_OUTER_BOUND('',#453,.T.);
#251=FACE_OUTER_BOUND('',#454,.T.);
#252=FACE_OUTER_BOUND('',#455,.T.);
#253=FACE_OUTER_BOUND('',#456,.T.);
#254=FACE_OUTER_BOUND('',#457,.T.);
#255=FACE_OUTER_BOUND('',#458,.T.);
#256=FACE_OUTER_BOUND('',#459,.T.);
#257=FACE_OUTER_BOUND('',#460,.T.);
#258=FACE_OUTER_BOUND('',#461,.T.);
#259=FACE_OUTER_BOUND('',#462,.T.);
#260=FACE_OUTER_BOUND('',#463,.T.);
#261=FACE_OUTER_BOUND('',#464,.T.);
#262=FACE_OUTER_BOUND('',#465,.T.);
#263=FACE_OUTER_BOUND('',#466,.T.);
#264=FACE_OUTER_BOUND('',#467,.T.);
#265=FACE_OUTER_BOUND('',#468,.T.);
#266=FACE_OUTER_BOUND('',#469,.T.);
#267=FACE_OUTER_BOUND('',#470,.T.);
#268=FACE_OUTER_BOUND('',#471,.T.);
#269=FACE_OUTER_BOUND('',#472,.T.);
#270=FACE_OUTER_BOUND('',#473,.T.);
#271=FACE_OUTER_BOUND('',#474,.T.);
#272=FACE_OUTER_BOUND('',#475,.T.);
#273=FACE_OUTER_BOUND('',#476,.T.);
#274=FACE_OUTER_BOUND('',#477,.T.);
#275=FACE_OUTER_BOUND('',#478,.T.);
#276=FACE_OUTER_BOUND('',#479,.T.);
#277=FACE_OUTER_BOUND('',#480,.T.);
#278=FACE_OUTER_BOUND('',#481,.T.);
#279=FACE_OUTER_BOUND('',#482,.T.);
#280=FACE_OUTER_BOUND('',#483,.T.);
#281=FACE_OUTER_BOUND('',#484,.T.);
#282=FACE_OUTER_BOUND('',#485,.T.);
#283=FACE_OUTER_BOUND('',#486,.T.);
#284=FACE_OUTER_BOUND('',#487,.T.);
#285=FACE_OUTER_BOUND('',#488,.T.);
#286=FACE_OUTER_BOUND('',#489,.T.);
#287=FACE_OUTER_BOUND('',#490,.T.);
#288=FACE_OUTER_BOUND('',#493,.T.);
#289=FACE_OUTER_BOUND('',#494,.T.);
#290=FACE_OUTER_BOUND('',#495,.T.);
#291=FACE_OUTER_BOUND('',#496,.T.);
#292=FACE_OUTER_BOUND('',#497,.T.);
#293=FACE_OUTER_BOUND('',#498,.T.);
#294=FACE_OUTER_BOUND('',#499,.T.);
#295=FACE_OUTER_BOUND('',#500,.T.);
#296=FACE_OUTER_BOUND('',#501,.T.);
#297=FACE_OUTER_BOUND('',#502,.T.);
#298=FACE_OUTER_BOUND('',#503,.T.);
#299=FACE_OUTER_BOUND('',#504,.T.);
#300=FACE_OUTER_BOUND('',#505,.T.);
#301=FACE_OUTER_BOUND('',#506,.T.);
#302=FACE_OUTER_BOUND('',#507,.T.);
#303=FACE_OUTER_BOUND('',#508,.T.);
#304=FACE_OUTER_BOUND('',#509,.T.);
#305=FACE_OUTER_BOUND('',#510,.T.);
#306=FACE_OUTER_BOUND('',#511,.T.);
#307=FACE_OUTER_BOUND('',#512,.T.);
#308=FACE_OUTER_BOUND('',#513,.T.);
#309=FACE_OUTER_BOUND('',#515,.T.);
#310=FACE_OUTER_BOUND('',#516,.T.);
#311=FACE_OUTER_BOUND('',#517,.T.);
#312=FACE_OUTER_BOUND('',#518,.T.);
#313=FACE_OUTER_BOUND('',#519,.T.);
#314=FACE_OUTER_BOUND('',#520,.T.);
#315=FACE_OUTER_BOUND('',#521,.T.);
#316=FACE_OUTER_BOUND('',#522,.T.);
#317=FACE_OUTER_BOUND('',#523,.T.);
#318=FACE_OUTER_BOUND('',#524,.T.);
#319=FACE_OUTER_BOUND('',#525,.T.);
#320=FACE_OUTER_BOUND('',#526,.T.);
#321=FACE_OUTER_BOUND('',#527,.T.);
#322=FACE_OUTER_BOUND('',#528,.T.);
#323=FACE_OUTER_BOUND('',#529,.T.);
#324=FACE_OUTER_BOUND('',#530,.T.);
#325=FACE_OUTER_BOUND('',#531,.T.);
#326=FACE_OUTER_BOUND('',#532,.T.);
#327=FACE_OUTER_BOUND('',#533,.T.);
#328=FACE_OUTER_BOUND('',#534,.T.);
#329=FACE_OUTER_BOUND('',#535,.T.);
#330=FACE_OUTER_BOUND('',#536,.T.);
#331=FACE_OUTER_BOUND('',#537,.T.);
#332=FACE_OUTER_BOUND('',#538,.T.);
#333=FACE_OUTER_BOUND('',#539,.T.);
#334=FACE_OUTER_BOUND('',#546,.T.);
#335=FACE_OUTER_BOUND('',#547,.T.);
#336=FACE_OUTER_BOUND('',#548,.T.);
#337=FACE_OUTER_BOUND('',#549,.T.);
#338=EDGE_LOOP('',(#2354,#2355,#2356,#2357));
#339=EDGE_LOOP('',(#2358));
#340=EDGE_LOOP('',(#2359));
#341=EDGE_LOOP('',(#2360,#2361,#2362,#2363));
#342=EDGE_LOOP('',(#2364));
#343=EDGE_LOOP('',(#2365));
#344=EDGE_LOOP('',(#2366,#2367,#2368,#2369));
#345=EDGE_LOOP('',(#2370));
#346=EDGE_LOOP('',(#2371));
#347=EDGE_LOOP('',(#2372,#2373,#2374,#2375));
#348=EDGE_LOOP('',(#2376));
#349=EDGE_LOOP('',(#2377));
#350=EDGE_LOOP('',(#2378,#2379,#2380,#2381));
#351=EDGE_LOOP('',(#2382));
#352=EDGE_LOOP('',(#2383));
#353=EDGE_LOOP('',(#2384,#2385,#2386,#2387));
#354=EDGE_LOOP('',(#2388));
#355=EDGE_LOOP('',(#2389));
#356=EDGE_LOOP('',(#2390,#2391,#2392,#2393));
#357=EDGE_LOOP('',(#2394,#2395,#2396,#2397,#2398,#2399));
#358=EDGE_LOOP('',(#2400,#2401,#2402,#2403));
#359=EDGE_LOOP('',(#2404,#2405,#2406,#2407,#2408,#2409));
#360=EDGE_LOOP('',(#2410,#2411,#2412,#2413,#2414,#2415,#2416,#2417,#2418,
#2419,#2420,#2421,#2422,#2423,#2424,#2425,#2426,#2427,#2428,#2429,#2430,
#2431,#2432,#2433,#2434,#2435,#2436,#2437,#2438,#2439,#2440,#2441));
#361=EDGE_LOOP('',(#2442,#2443,#2444,#2445,#2446,#2447,#2448,#2449,#2450,
#2451,#2452,#2453,#2454,#2455,#2456,#2457,#2458,#2459,#2460,#2461,#2462,
#2463,#2464,#2465,#2466,#2467,#2468,#2469,#2470,#2471,#2472,#2473,#2474,
#2475,#2476,#2477,#2478,#2479,#2480,#2481,#2482,#2483,#2484,#2485,#2486,
#2487,#2488,#2489,#2490,#2491,#2492,#2493,#2494,#2495,#2496,#2497,#2498,
#2499,#2500,#2501,#2502,#2503,#2504,#2505,#2506,#2507,#2508));
#362=EDGE_LOOP('',(#2509,#2510,#2511,#2512,#2513,#2514,#2515,#2516));
#363=EDGE_LOOP('',(#2517,#2518,#2519,#2520));
#364=EDGE_LOOP('',(#2521,#2522,#2523,#2524));
#365=EDGE_LOOP('',(#2525,#2526,#2527,#2528));
#366=EDGE_LOOP('',(#2529,#2530,#2531,#2532));
#367=EDGE_LOOP('',(#2533,#2534,#2535,#2536));
#368=EDGE_LOOP('',(#2537,#2538,#2539,#2540));
#369=EDGE_LOOP('',(#2541,#2542,#2543,#2544));
#370=EDGE_LOOP('',(#2545,#2546,#2547,#2548));
#371=EDGE_LOOP('',(#2549,#2550,#2551,#2552,#2553));
#372=EDGE_LOOP('',(#2554,#2555,#2556,#2557));
#373=EDGE_LOOP('',(#2558,#2559,#2560,#2561));
#374=EDGE_LOOP('',(#2562,#2563,#2564,#2565));
#375=EDGE_LOOP('',(#2566,#2567,#2568,#2569,#2570));
#376=EDGE_LOOP('',(#2571,#2572,#2573,#2574,#2575));
#377=EDGE_LOOP('',(#2576,#2577,#2578,#2579));
#378=EDGE_LOOP('',(#2580,#2581,#2582,#2583));
#379=EDGE_LOOP('',(#2584,#2585,#2586,#2587,#2588,#2589,#2590,#2591,#2592,
#2593,#2594,#2595,#2596,#2597,#2598,#2599,#2600,#2601,#2602,#2603,#2604,
#2605,#2606,#2607,#2608,#2609,#2610,#2611,#2612,#2613,#2614,#2615,#2616,
#2617,#2618,#2619,#2620,#2621,#2622,#2623,#2624,#2625,#2626,#2627,#2628,
#2629,#2630,#2631,#2632,#2633,#2634,#2635,#2636,#2637,#2638,#2639,#2640,
#2641,#2642,#2643));
#380=EDGE_LOOP('',(#2644));
#381=EDGE_LOOP('',(#2645));
#382=EDGE_LOOP('',(#2646));
#383=EDGE_LOOP('',(#2647));
#384=EDGE_LOOP('',(#2648,#2649,#2650,#2651));
#385=EDGE_LOOP('',(#2652,#2653,#2654,#2655));
#386=EDGE_LOOP('',(#2656,#2657,#2658,#2659));
#387=EDGE_LOOP('',(#2660,#2661,#2662,#2663));
#388=EDGE_LOOP('',(#2664,#2665,#2666,#2667,#2668,#2669,#2670,#2671));
#389=EDGE_LOOP('',(#2672,#2673,#2674,#2675));
#390=EDGE_LOOP('',(#2676,#2677,#2678,#2679));
#391=EDGE_LOOP('',(#2680,#2681,#2682,#2683));
#392=EDGE_LOOP('',(#2684,#2685,#2686,#2687));
#393=EDGE_LOOP('',(#2688,#2689,#2690,#2691));
#394=EDGE_LOOP('',(#2692,#2693,#2694,#2695));
#395=EDGE_LOOP('',(#2696,#2697,#2698,#2699));
#396=EDGE_LOOP('',(#2700,#2701,#2702,#2703));
#397=EDGE_LOOP('',(#2704,#2705,#2706,#2707));
#398=EDGE_LOOP('',(#2708,#2709,#2710,#2711));
#399=EDGE_LOOP('',(#2712,#2713,#2714,#2715));
#400=EDGE_LOOP('',(#2716,#2717,#2718,#2719));
#401=EDGE_LOOP('',(#2720,#2721,#2722,#2723));
#402=EDGE_LOOP('',(#2724,#2725,#2726,#2727));
#403=EDGE_LOOP('',(#2728,#2729,#2730,#2731));
#404=EDGE_LOOP('',(#2732,#2733,#2734,#2735));
#405=EDGE_LOOP('',(#2736,#2737,#2738,#2739));
#406=EDGE_LOOP('',(#2740,#2741,#2742,#2743));
#407=EDGE_LOOP('',(#2744,#2745,#2746,#2747));
#408=EDGE_LOOP('',(#2748,#2749,#2750,#2751));
#409=EDGE_LOOP('',(#2752,#2753,#2754,#2755));
#410=EDGE_LOOP('',(#2756,#2757,#2758,#2759));
#411=EDGE_LOOP('',(#2760,#2761,#2762,#2763));
#412=EDGE_LOOP('',(#2764,#2765,#2766,#2767));
#413=EDGE_LOOP('',(#2768,#2769,#2770,#2771));
#414=EDGE_LOOP('',(#2772,#2773,#2774,#2775));
#415=EDGE_LOOP('',(#2776,#2777,#2778,#2779));
#416=EDGE_LOOP('',(#2780,#2781,#2782,#2783));
#417=EDGE_LOOP('',(#2784,#2785,#2786,#2787));
#418=EDGE_LOOP('',(#2788,#2789,#2790,#2791));
#419=EDGE_LOOP('',(#2792,#2793,#2794,#2795));
#420=EDGE_LOOP('',(#2796,#2797,#2798,#2799));
#421=EDGE_LOOP('',(#2800,#2801,#2802,#2803));
#422=EDGE_LOOP('',(#2804,#2805,#2806,#2807));
#423=EDGE_LOOP('',(#2808,#2809,#2810,#2811));
#424=EDGE_LOOP('',(#2812,#2813,#2814,#2815));
#425=EDGE_LOOP('',(#2816,#2817,#2818,#2819));
#426=EDGE_LOOP('',(#2820,#2821,#2822,#2823));
#427=EDGE_LOOP('',(#2824,#2825,#2826,#2827));
#428=EDGE_LOOP('',(#2828,#2829,#2830,#2831));
#429=EDGE_LOOP('',(#2832,#2833,#2834,#2835));
#430=EDGE_LOOP('',(#2836,#2837,#2838,#2839));
#431=EDGE_LOOP('',(#2840,#2841,#2842,#2843));
#432=EDGE_LOOP('',(#2844,#2845,#2846,#2847));
#433=EDGE_LOOP('',(#2848,#2849,#2850,#2851,#2852,#2853));
#434=EDGE_LOOP('',(#2854,#2855,#2856,#2857));
#435=EDGE_LOOP('',(#2858,#2859,#2860,#2861));
#436=EDGE_LOOP('',(#2862,#2863,#2864,#2865));
#437=EDGE_LOOP('',(#2866,#2867,#2868,#2869));
#438=EDGE_LOOP('',(#2870,#2871,#2872,#2873));
#439=EDGE_LOOP('',(#2874,#2875,#2876,#2877));
#440=EDGE_LOOP('',(#2878,#2879,#2880,#2881));
#441=EDGE_LOOP('',(#2882,#2883,#2884,#2885));
#442=EDGE_LOOP('',(#2886,#2887,#2888,#2889));
#443=EDGE_LOOP('',(#2890,#2891,#2892,#2893));
#444=EDGE_LOOP('',(#2894,#2895,#2896,#2897));
#445=EDGE_LOOP('',(#2898,#2899,#2900,#2901));
#446=EDGE_LOOP('',(#2902,#2903,#2904,#2905));
#447=EDGE_LOOP('',(#2906,#2907,#2908,#2909));
#448=EDGE_LOOP('',(#2910,#2911,#2912,#2913));
#449=EDGE_LOOP('',(#2914,#2915,#2916,#2917,#2918,#2919,#2920,#2921));
#450=EDGE_LOOP('',(#2922,#2923,#2924,#2925));
#451=EDGE_LOOP('',(#2926,#2927,#2928,#2929,#2930,#2931,#2932,#2933,#2934,
#2935));
#452=EDGE_LOOP('',(#2936,#2937,#2938,#2939));
#453=EDGE_LOOP('',(#2940,#2941,#2942,#2943));
#454=EDGE_LOOP('',(#2944,#2945,#2946,#2947));
#455=EDGE_LOOP('',(#2948,#2949,#2950,#2951));
#456=EDGE_LOOP('',(#2952,#2953,#2954,#2955));
#457=EDGE_LOOP('',(#2956,#2957,#2958,#2959));
#458=EDGE_LOOP('',(#2960,#2961,#2962,#2963));
#459=EDGE_LOOP('',(#2964,#2965,#2966,#2967));
#460=EDGE_LOOP('',(#2968,#2969,#2970,#2971));
#461=EDGE_LOOP('',(#2972,#2973,#2974,#2975));
#462=EDGE_LOOP('',(#2976,#2977,#2978,#2979));
#463=EDGE_LOOP('',(#2980,#2981,#2982,#2983));
#464=EDGE_LOOP('',(#2984,#2985,#2986,#2987));
#465=EDGE_LOOP('',(#2988,#2989,#2990,#2991));
#466=EDGE_LOOP('',(#2992,#2993,#2994,#2995));
#467=EDGE_LOOP('',(#2996,#2997,#2998,#2999));
#468=EDGE_LOOP('',(#3000,#3001,#3002,#3003));
#469=EDGE_LOOP('',(#3004,#3005,#3006,#3007));
#470=EDGE_LOOP('',(#3008,#3009,#3010,#3011));
#471=EDGE_LOOP('',(#3012,#3013,#3014,#3015));
#472=EDGE_LOOP('',(#3016,#3017,#3018,#3019));
#473=EDGE_LOOP('',(#3020,#3021,#3022,#3023));
#474=EDGE_LOOP('',(#3024,#3025,#3026,#3027));
#475=EDGE_LOOP('',(#3028,#3029,#3030,#3031));
#476=EDGE_LOOP('',(#3032,#3033,#3034,#3035));
#477=EDGE_LOOP('',(#3036,#3037,#3038,#3039));
#478=EDGE_LOOP('',(#3040,#3041,#3042,#3043));
#479=EDGE_LOOP('',(#3044,#3045,#3046,#3047));
#480=EDGE_LOOP('',(#3048,#3049,#3050,#3051));
#481=EDGE_LOOP('',(#3052,#3053,#3054,#3055));
#482=EDGE_LOOP('',(#3056,#3057,#3058,#3059));
#483=EDGE_LOOP('',(#3060,#3061,#3062,#3063));
#484=EDGE_LOOP('',(#3064,#3065,#3066,#3067));
#485=EDGE_LOOP('',(#3068,#3069,#3070,#3071));
#486=EDGE_LOOP('',(#3072,#3073,#3074,#3075));
#487=EDGE_LOOP('',(#3076,#3077,#3078,#3079,#3080,#3081,#3082,#3083,#3084,
#3085));
#488=EDGE_LOOP('',(#3086,#3087,#3088,#3089,#3090,#3091,#3092,#3093,#3094,
#3095,#3096,#3097,#3098,#3099,#3100,#3101,#3102,#3103,#3104,#3105,#3106,
#3107,#3108,#3109,#3110,#3111,#3112,#3113,#3114,#3115,#3116,#3117,#3118,
#3119,#3120,#3121,#3122,#3123,#3124,#3125,#3126,#3127,#3128,#3129,#3130,
#3131,#3132,#3133,#3134,#3135,#3136,#3137,#3138,#3139,#3140,#3141));
#489=EDGE_LOOP('',(#3142,#3143,#3144,#3145));
#490=EDGE_LOOP('',(#3146,#3147,#3148,#3149,#3150,#3151,#3152,#3153,#3154,
#3155,#3156,#3157,#3158,#3159,#3160));
#491=EDGE_LOOP('',(#3161));
#492=EDGE_LOOP('',(#3162));
#493=EDGE_LOOP('',(#3163,#3164,#3165,#3166));
#494=EDGE_LOOP('',(#3167,#3168,#3169,#3170));
#495=EDGE_LOOP('',(#3171,#3172,#3173,#3174));
#496=EDGE_LOOP('',(#3175,#3176,#3177,#3178));
#497=EDGE_LOOP('',(#3179,#3180,#3181,#3182));
#498=EDGE_LOOP('',(#3183,#3184,#3185,#3186));
#499=EDGE_LOOP('',(#3187,#3188,#3189,#3190));
#500=EDGE_LOOP('',(#3191,#3192,#3193,#3194,#3195,#3196,#3197,#3198,#3199));
#501=EDGE_LOOP('',(#3200,#3201,#3202,#3203));
#502=EDGE_LOOP('',(#3204,#3205,#3206,#3207));
#503=EDGE_LOOP('',(#3208,#3209,#3210,#3211));
#504=EDGE_LOOP('',(#3212,#3213,#3214,#3215));
#505=EDGE_LOOP('',(#3216,#3217,#3218,#3219,#3220,#3221));
#506=EDGE_LOOP('',(#3222,#3223,#3224,#3225,#3226));
#507=EDGE_LOOP('',(#3227,#3228,#3229,#3230));
#508=EDGE_LOOP('',(#3231,#3232,#3233,#3234));
#509=EDGE_LOOP('',(#3235,#3236,#3237,#3238));
#510=EDGE_LOOP('',(#3239,#3240,#3241,#3242));
#511=EDGE_LOOP('',(#3243,#3244,#3245,#3246));
#512=EDGE_LOOP('',(#3247,#3248,#3249,#3250));
#513=EDGE_LOOP('',(#3251,#3252,#3253,#3254));
#514=EDGE_LOOP('',(#3255,#3256,#3257,#3258));
#515=EDGE_LOOP('',(#3259,#3260,#3261,#3262));
#516=EDGE_LOOP('',(#3263,#3264,#3265,#3266));
#517=EDGE_LOOP('',(#3267,#3268,#3269,#3270));
#518=EDGE_LOOP('',(#3271,#3272,#3273,#3274));
#519=EDGE_LOOP('',(#3275,#3276,#3277,#3278));
#520=EDGE_LOOP('',(#3279,#3280,#3281,#3282));
#521=EDGE_LOOP('',(#3283,#3284,#3285,#3286));
#522=EDGE_LOOP('',(#3287,#3288,#3289,#3290));
#523=EDGE_LOOP('',(#3291,#3292,#3293,#3294));
#524=EDGE_LOOP('',(#3295,#3296,#3297,#3298));
#525=EDGE_LOOP('',(#3299,#3300,#3301,#3302));
#526=EDGE_LOOP('',(#3303,#3304,#3305,#3306));
#527=EDGE_LOOP('',(#3307,#3308,#3309,#3310));
#528=EDGE_LOOP('',(#3311,#3312,#3313,#3314));
#529=EDGE_LOOP('',(#3315,#3316,#3317,#3318));
#530=EDGE_LOOP('',(#3319,#3320,#3321,#3322));
#531=EDGE_LOOP('',(#3323,#3324,#3325,#3326));
#532=EDGE_LOOP('',(#3327,#3328,#3329,#3330));
#533=EDGE_LOOP('',(#3331,#3332,#3333,#3334));
#534=EDGE_LOOP('',(#3335,#3336,#3337,#3338));
#535=EDGE_LOOP('',(#3339,#3340,#3341,#3342));
#536=EDGE_LOOP('',(#3343,#3344,#3345,#3346));
#537=EDGE_LOOP('',(#3347,#3348,#3349,#3350,#3351,#3352));
#538=EDGE_LOOP('',(#3353,#3354,#3355,#3356,#3357,#3358,#3359,#3360,#3361,
#3362,#3363,#3364,#3365,#3366,#3367,#3368,#3369,#3370,#3371,#3372,#3373,
#3374,#3375,#3376,#3377,#3378,#3379,#3380,#3381,#3382,#3383,#3384,#3385,
#3386,#3387,#3388));
#539=EDGE_LOOP('',(#3389,#3390,#3391,#3392,#3393,#3394,#3395,#3396,#3397,
#3398,#3399,#3400,#3401,#3402,#3403,#3404,#3405,#3406,#3407,#3408,#3409,
#3410,#3411,#3412,#3413,#3414,#3415,#3416,#3417,#3418,#3419,#3420,#3421));
#540=EDGE_LOOP('',(#3422));
#541=EDGE_LOOP('',(#3423));
#542=EDGE_LOOP('',(#3424));
#543=EDGE_LOOP('',(#3425));
#544=EDGE_LOOP('',(#3426));
#545=EDGE_LOOP('',(#3427));
#546=EDGE_LOOP('',(#3428,#3429,#3430,#3431));
#547=EDGE_LOOP('',(#3432,#3433,#3434,#3435));
#548=EDGE_LOOP('',(#3436,#3437,#3438,#3439));
#549=EDGE_LOOP('',(#3440,#3441,#3442,#3443));
#550=LINE('',#5240,#908);
#551=LINE('',#5249,#909);
#552=LINE('',#5258,#910);
#553=LINE('',#5267,#911);
#554=LINE('',#5276,#912);
#555=LINE('',#5285,#913);
#556=LINE('',#5293,#914);
#557=LINE('',#5295,#915);
#558=LINE('',#5297,#916);
#559=LINE('',#5298,#917);
#560=LINE('',#5301,#918);
#561=LINE('',#5303,#919);
#562=LINE('',#5305,#920);
#563=LINE('',#5307,#921);
#564=LINE('',#5308,#922);
#565=LINE('',#5311,#923);
#566=LINE('',#5313,#924);
#567=LINE('',#5314,#925);
#568=LINE('',#5316,#926);
#569=LINE('',#5318,#927);
#570=LINE('',#5320,#928);
#571=LINE('',#5321,#929);
#572=LINE('',#5324,#930);
#573=LINE('',#5328,#931);
#574=LINE('',#5332,#932);
#575=LINE('',#5336,#933);
#576=LINE('',#5338,#934);
#577=LINE('',#5342,#935);
#578=LINE('',#5346,#936);
#579=LINE('',#5352,#937);
#580=LINE('',#5354,#938);
#581=LINE('',#5356,#939);
#582=LINE('',#5362,#940);
#583=LINE('',#5366,#941);
#584=LINE('',#5370,#942);
#585=LINE('',#5372,#943);
#586=LINE('',#5376,#944);
#587=LINE('',#5380,#945);
#588=LINE('',#5383,#946);
#589=LINE('',#5386,#947);
#590=LINE('',#5390,#948);
#591=LINE('',#5396,#949);
#592=LINE('',#5400,#950);
#593=LINE('',#5404,#951);
#594=LINE('',#5408,#952);
#595=LINE('',#5412,#953);
#596=LINE('',#5416,#954);
#597=LINE('',#5420,#955);
#598=LINE('',#5424,#956);
#599=LINE('',#5428,#957);
#600=LINE('',#5432,#958);
#601=LINE('',#5436,#959);
#602=LINE('',#5440,#960);
#603=LINE('',#5444,#961);
#604=LINE('',#5448,#962);
#605=LINE('',#5450,#963);
#606=LINE('',#5452,#964);
#607=LINE('',#5456,#965);
#608=LINE('',#5460,#966);
#609=LINE('',#5464,#967);
#610=LINE('',#5468,#968);
#611=LINE('',#5472,#969);
#612=LINE('',#5476,#970);
#613=LINE('',#5480,#971);
#614=LINE('',#5484,#972);
#615=LINE('',#5488,#973);
#616=LINE('',#5492,#974);
#617=LINE('',#5498,#975);
#618=LINE('',#5502,#976);
#619=LINE('',#5506,#977);
#620=LINE('',#5512,#978);
#621=LINE('',#5515,#979);
#622=LINE('',#5518,#980);
#623=LINE('',#5520,#981);
#624=LINE('',#5521,#982);
#625=LINE('',#5525,#983);
#626=LINE('',#5529,#984);
#627=LINE('',#5543,#985);
#628=LINE('',#5544,#986);
#629=LINE('',#5555,#987);
#630=LINE('',#5556,#988);
#631=LINE('',#5562,#989);
#632=LINE('',#5565,#990);
#633=LINE('',#5576,#991);
#634=LINE('',#5578,#992);
#635=LINE('',#5585,#993);
#636=LINE('',#5587,#994);
#637=LINE('',#5599,#995);
#638=LINE('',#5602,#996);
#639=LINE('',#5605,#997);
#640=LINE('',#5606,#998);
#641=LINE('',#5609,#999);
#642=LINE('',#5613,#1000);
#643=LINE('',#5614,#1001);
#644=LINE('',#5617,#1002);
#645=LINE('',#5619,#1003);
#646=LINE('',#5623,#1004);
#647=LINE('',#5627,#1005);
#648=LINE('',#5629,#1006);
#649=LINE('',#5633,#1007);
#650=LINE('',#5637,#1008);
#651=LINE('',#5641,#1009);
#652=LINE('',#5645,#1010);
#653=LINE('',#5649,#1011);
#654=LINE('',#5653,#1012);
#655=LINE('',#5657,#1013);
#656=LINE('',#5661,#1014);
#657=LINE('',#5665,#1015);
#658=LINE('',#5669,#1016);
#659=LINE('',#5673,#1017);
#660=LINE('',#5677,#1018);
#661=LINE('',#5681,#1019);
#662=LINE('',#5687,#1020);
#663=LINE('',#5692,#1021);
#664=LINE('',#5696,#1022);
#665=LINE('',#5700,#1023);
#666=LINE('',#5702,#1024);
#667=LINE('',#5706,#1025);
#668=LINE('',#5710,#1026);
#669=LINE('',#5715,#1027);
#670=LINE('',#5726,#1028);
#671=LINE('',#5730,#1029);
#672=LINE('',#5731,#1030);
#673=LINE('',#5734,#1031);
#674=LINE('',#5737,#1032);
#675=LINE('',#5740,#1033);
#676=LINE('',#5741,#1034);
#677=LINE('',#5743,#1035);
#678=LINE('',#5745,#1036);
#679=LINE('',#5747,#1037);
#680=LINE('',#5749,#1038);
#681=LINE('',#5751,#1039);
#682=LINE('',#5753,#1040);
#683=LINE('',#5755,#1041);
#684=LINE('',#5757,#1042);
#685=LINE('',#5759,#1043);
#686=LINE('',#5761,#1044);
#687=LINE('',#5763,#1045);
#688=LINE('',#5765,#1046);
#689=LINE('',#5767,#1047);
#690=LINE('',#5769,#1048);
#691=LINE('',#5771,#1049);
#692=LINE('',#5773,#1050);
#693=LINE('',#5775,#1051);
#694=LINE('',#5777,#1052);
#695=LINE('',#5779,#1053);
#696=LINE('',#5781,#1054);
#697=LINE('',#5783,#1055);
#698=LINE('',#5785,#1056);
#699=LINE('',#5787,#1057);
#700=LINE('',#5789,#1058);
#701=LINE('',#5791,#1059);
#702=LINE('',#5793,#1060);
#703=LINE('',#5795,#1061);
#704=LINE('',#5797,#1062);
#705=LINE('',#5799,#1063);
#706=LINE('',#5802,#1064);
#707=LINE('',#5804,#1065);
#708=LINE('',#5806,#1066);
#709=LINE('',#5808,#1067);
#710=LINE('',#5810,#1068);
#711=LINE('',#5812,#1069);
#712=LINE('',#5814,#1070);
#713=LINE('',#5816,#1071);
#714=LINE('',#5818,#1072);
#715=LINE('',#5820,#1073);
#716=LINE('',#5822,#1074);
#717=LINE('',#5824,#1075);
#718=LINE('',#5826,#1076);
#719=LINE('',#5828,#1077);
#720=LINE('',#5830,#1078);
#721=LINE('',#5833,#1079);
#722=LINE('',#5835,#1080);
#723=LINE('',#5836,#1081);
#724=LINE('',#5839,#1082);
#725=LINE('',#5843,#1083);
#726=LINE('',#5847,#1084);
#727=LINE('',#5848,#1085);
#728=LINE('',#5851,#1086);
#729=LINE('',#5855,#1087);
#730=LINE('',#5856,#1088);
#731=LINE('',#5859,#1089);
#732=LINE('',#5863,#1090);
#733=LINE('',#5864,#1091);
#734=LINE('',#5867,#1092);
#735=LINE('',#5868,#1093);
#736=LINE('',#5871,#1094);
#737=LINE('',#5875,#1095);
#738=LINE('',#5876,#1096);
#739=LINE('',#5879,#1097);
#740=LINE('',#5883,#1098);
#741=LINE('',#5884,#1099);
#742=LINE('',#5887,#1100);
#743=LINE('',#5891,#1101);
#744=LINE('',#5892,#1102);
#745=LINE('',#5895,#1103);
#746=LINE('',#5899,#1104);
#747=LINE('',#5901,#1105);
#748=LINE('',#5903,#1106);
#749=LINE('',#5907,#1107);
#750=LINE('',#5911,#1108);
#751=LINE('',#5912,#1109);
#752=LINE('',#5915,#1110);
#753=LINE('',#5919,#1111);
#754=LINE('',#5923,#1112);
#755=LINE('',#5924,#1113);
#756=LINE('',#5927,#1114);
#757=LINE('',#5931,#1115);
#758=LINE('',#5932,#1116);
#759=LINE('',#5935,#1117);
#760=LINE('',#5939,#1118);
#761=LINE('',#5940,#1119);
#762=LINE('',#5943,#1120);
#763=LINE('',#5947,#1121);
#764=LINE('',#5951,#1122);
#765=LINE('',#5952,#1123);
#766=LINE('',#5955,#1124);
#767=LINE('',#5959,#1125);
#768=LINE('',#5960,#1126);
#769=LINE('',#5963,#1127);
#770=LINE('',#5967,#1128);
#771=LINE('',#5968,#1129);
#772=LINE('',#5971,#1130);
#773=LINE('',#5975,#1131);
#774=LINE('',#5976,#1132);
#775=LINE('',#5979,#1133);
#776=LINE('',#5983,#1134);
#777=LINE('',#5984,#1135);
#778=LINE('',#5987,#1136);
#779=LINE('',#5991,#1137);
#780=LINE('',#5992,#1138);
#781=LINE('',#5995,#1139);
#782=LINE('',#5999,#1140);
#783=LINE('',#6000,#1141);
#784=LINE('',#6003,#1142);
#785=LINE('',#6007,#1143);
#786=LINE('',#6008,#1144);
#787=LINE('',#6011,#1145);
#788=LINE('',#6015,#1146);
#789=LINE('',#6016,#1147);
#790=LINE('',#6019,#1148);
#791=LINE('',#6023,#1149);
#792=LINE('',#6024,#1150);
#793=LINE('',#6027,#1151);
#794=LINE('',#6031,#1152);
#795=LINE('',#6032,#1153);
#796=LINE('',#6036,#1154);
#797=LINE('',#6037,#1155);
#798=LINE('',#6038,#1156);
#799=LINE('',#6042,#1157);
#800=LINE('',#6045,#1158);
#801=LINE('',#6046,#1159);
#802=LINE('',#6050,#1160);
#803=LINE('',#6051,#1161);
#804=LINE('',#6052,#1162);
#805=LINE('',#6057,#1163);
#806=LINE('',#6059,#1164);
#807=LINE('',#6061,#1165);
#808=LINE('',#6063,#1166);
#809=LINE('',#6064,#1167);
#810=LINE('',#6067,#1168);
#811=LINE('',#6069,#1169);
#812=LINE('',#6073,#1170);
#813=LINE('',#6075,#1171);
#814=LINE('',#6079,#1172);
#815=LINE('',#6081,#1173);
#816=LINE('',#6085,#1174);
#817=LINE('',#6089,#1175);
#818=LINE('',#6091,#1176);
#819=LINE('',#6095,#1177);
#820=LINE('',#6097,#1178);
#821=LINE('',#6101,#1179);
#822=LINE('',#6105,#1180);
#823=LINE('',#6109,#1181);
#824=LINE('',#6144,#1182);
#825=LINE('',#6156,#1183);
#826=LINE('',#6159,#1184);
#827=LINE('',#6161,#1185);
#828=LINE('',#6165,#1186);
#829=LINE('',#6169,#1187);
#830=LINE('',#6171,#1188);
#831=LINE('',#6173,#1189);
#832=LINE('',#6179,#1190);
#833=LINE('',#6183,#1191);
#834=LINE('',#6187,#1192);
#835=LINE('',#6190,#1193);
#836=LINE('',#6193,#1194);
#837=LINE('',#6194,#1195);
#838=LINE('',#6197,#1196);
#839=LINE('',#6201,#1197);
#840=LINE('',#6202,#1198);
#841=LINE('',#6205,#1199);
#842=LINE('',#6209,#1200);
#843=LINE('',#6213,#1201);
#844=LINE('',#6214,#1202);
#845=LINE('',#6216,#1203);
#846=LINE('',#6217,#1204);
#847=LINE('',#6219,#1205);
#848=LINE('',#6221,#1206);
#849=LINE('',#6223,#1207);
#850=LINE('',#6225,#1208);
#851=LINE('',#6227,#1209);
#852=LINE('',#6230,#1210);
#853=LINE('',#6232,#1211);
#854=LINE('',#6233,#1212);
#855=LINE('',#6236,#1213);
#856=LINE('',#6238,#1214);
#857=LINE('',#6239,#1215);
#858=LINE('',#6245,#1216);
#859=LINE('',#6248,#1217);
#860=LINE('',#6250,#1218);
#861=LINE('',#6251,#1219);
#862=LINE('',#6257,#1220);
#863=LINE('',#6260,#1221);
#864=LINE('',#6262,#1222);
#865=LINE('',#6263,#1223);
#866=LINE('',#6269,#1224);
#867=LINE('',#6272,#1225);
#868=LINE('',#6274,#1226);
#869=LINE('',#6275,#1227);
#870=LINE('',#6282,#1228);
#871=LINE('',#6285,#1229);
#872=LINE('',#6286,#1230);
#873=LINE('',#6290,#1231);
#874=LINE('',#6293,#1232);
#875=LINE('',#6294,#1233);
#876=LINE('',#6298,#1234);
#877=LINE('',#6301,#1235);
#878=LINE('',#6302,#1236);
#879=LINE('',#6306,#1237);
#880=LINE('',#6309,#1238);
#881=LINE('',#6310,#1239);
#882=LINE('',#6313,#1240);
#883=LINE('',#6314,#1241);
#884=LINE('',#6318,#1242);
#885=LINE('',#6321,#1243);
#886=LINE('',#6322,#1244);
#887=LINE('',#6325,#1245);
#888=LINE('',#6326,#1246);
#889=LINE('',#6330,#1247);
#890=LINE('',#6333,#1248);
#891=LINE('',#6334,#1249);
#892=LINE('',#6338,#1250);
#893=LINE('',#6341,#1251);
#894=LINE('',#6342,#1252);
#895=LINE('',#6345,#1253);
#896=LINE('',#6346,#1254);
#897=LINE('',#6350,#1255);
#898=LINE('',#6353,#1256);
#899=LINE('',#6354,#1257);
#900=LINE('',#6357,#1258);
#901=LINE('',#6358,#1259);
#902=LINE('',#6362,#1260);
#903=LINE('',#6364,#1261);
#904=LINE('',#6368,#1262);
#905=LINE('',#6370,#1263);
#906=LINE('',#6372,#1264);
#907=LINE('',#6374,#1265);
#908=VECTOR('',#4126,2.20000000000001);
#909=VECTOR('',#4137,2.20000000000001);
#910=VECTOR('',#4148,2.2);
#911=VECTOR('',#4159,2.2);
#912=VECTOR('',#4170,2.2);
#913=VECTOR('',#4181,2.2);
#914=VECTOR('',#4190,10.);
#915=VECTOR('',#4191,10.);
#916=VECTOR('',#4192,10.);
#917=VECTOR('',#4193,10.);
#918=VECTOR('',#4196,10.);
#919=VECTOR('',#4197,10.);
#920=VECTOR('',#4198,10.);
#921=VECTOR('',#4199,10.);
#922=VECTOR('',#4200,10.);
#923=VECTOR('',#4203,10.);
#924=VECTOR('',#4204,10.);
#925=VECTOR('',#4205,10.);
#926=VECTOR('',#4208,10.);
#927=VECTOR('',#4209,10.);
#928=VECTOR('',#4210,10.);
#929=VECTOR('',#4211,10.);
#930=VECTOR('',#4214,10.);
#931=VECTOR('',#4217,10.);
#932=VECTOR('',#4220,10.);
#933=VECTOR('',#4223,10.);
#934=VECTOR('',#4224,10.);
#935=VECTOR('',#4227,10.);
#936=VECTOR('',#4230,10.);
#937=VECTOR('',#4235,10.);
#938=VECTOR('',#4236,10.);
#939=VECTOR('',#4237,10.);
#940=VECTOR('',#4242,10.);
#941=VECTOR('',#4245,10.);
#942=VECTOR('',#4248,10.);
#943=VECTOR('',#4249,10.);
#944=VECTOR('',#4252,10.);
#945=VECTOR('',#4255,10.);
#946=VECTOR('',#4258,10.);
#947=VECTOR('',#4261,10.);
#948=VECTOR('',#4264,10.);
#949=VECTOR('',#4269,10.);
#950=VECTOR('',#4272,10.);
#951=VECTOR('',#4275,10.);
#952=VECTOR('',#4278,10.);
#953=VECTOR('',#4281,10.);
#954=VECTOR('',#4284,10.);
#955=VECTOR('',#4287,10.);
#956=VECTOR('',#4290,10.);
#957=VECTOR('',#4293,10.);
#958=VECTOR('',#4296,10.);
#959=VECTOR('',#4299,10.);
#960=VECTOR('',#4302,10.);
#961=VECTOR('',#4305,10.);
#962=VECTOR('',#4308,10.);
#963=VECTOR('',#4309,10.);
#964=VECTOR('',#4310,10.);
#965=VECTOR('',#4313,10.);
#966=VECTOR('',#4316,10.);
#967=VECTOR('',#4319,10.);
#968=VECTOR('',#4322,10.);
#969=VECTOR('',#4325,10.);
#970=VECTOR('',#4328,10.);
#971=VECTOR('',#4331,10.);
#972=VECTOR('',#4334,10.);
#973=VECTOR('',#4337,10.);
#974=VECTOR('',#4340,10.);
#975=VECTOR('',#4345,10.);
#976=VECTOR('',#4348,10.);
#977=VECTOR('',#4351,10.);
#978=VECTOR('',#4356,10.);
#979=VECTOR('',#4359,10.);
#980=VECTOR('',#4362,10.);
#981=VECTOR('',#4363,10.);
#982=VECTOR('',#4364,10.);
#983=VECTOR('',#4369,1.1);
#984=VECTOR('',#4374,1.1);
#985=VECTOR('',#4389,10.);
#986=VECTOR('',#4390,10.);
#987=VECTOR('',#4403,10.);
#988=VECTOR('',#4404,10.);
#989=VECTOR('',#4409,10.);
#990=VECTOR('',#4412,10.);
#991=VECTOR('',#4425,10.);
#992=VECTOR('',#4426,10.);
#993=VECTOR('',#4437,10.);
#994=VECTOR('',#4438,10.);
#995=VECTOR('',#4447,10.);
#996=VECTOR('',#4450,10.);
#997=VECTOR('',#4453,10.);
#998=VECTOR('',#4454,10.);
#999=VECTOR('',#4457,10.);
#1000=VECTOR('',#4462,10.);
#1001=VECTOR('',#4463,10.);
#1002=VECTOR('',#4466,10.);
#1003=VECTOR('',#4467,10.);
#1004=VECTOR('',#4470,10.);
#1005=VECTOR('',#4473,10.);
#1006=VECTOR('',#4474,10.);
#1007=VECTOR('',#4477,10.);
#1008=VECTOR('',#4480,10.);
#1009=VECTOR('',#4483,10.);
#1010=VECTOR('',#4486,10.);
#1011=VECTOR('',#4489,10.);
#1012=VECTOR('',#4492,10.);
#1013=VECTOR('',#4495,10.);
#1014=VECTOR('',#4498,10.);
#1015=VECTOR('',#4501,10.);
#1016=VECTOR('',#4504,10.);
#1017=VECTOR('',#4507,10.);
#1018=VECTOR('',#4510,10.);
#1019=VECTOR('',#4513,10.);
#1020=VECTOR('',#4518,10.);
#1021=VECTOR('',#4523,10.);
#1022=VECTOR('',#4526,10.);
#1023=VECTOR('',#4529,10.);
#1024=VECTOR('',#4530,10.);
#1025=VECTOR('',#4533,10.);
#1026=VECTOR('',#4536,10.);
#1027=VECTOR('',#4541,10.);
#1028=VECTOR('',#4552,10.);
#1029=VECTOR('',#4557,10.);
#1030=VECTOR('',#4558,10.);
#1031=VECTOR('',#4561,10.);
#1032=VECTOR('',#4566,10.);
#1033=VECTOR('',#4571,10.);
#1034=VECTOR('',#4572,10.);
#1035=VECTOR('',#4575,10.);
#1036=VECTOR('',#4578,10.);
#1037=VECTOR('',#4581,10.);
#1038=VECTOR('',#4584,10.);
#1039=VECTOR('',#4587,10.);
#1040=VECTOR('',#4590,10.);
#1041=VECTOR('',#4593,10.);
#1042=VECTOR('',#4596,10.);
#1043=VECTOR('',#4599,10.);
#1044=VECTOR('',#4602,10.);
#1045=VECTOR('',#4605,10.);
#1046=VECTOR('',#4608,10.);
#1047=VECTOR('',#4611,10.);
#1048=VECTOR('',#4614,10.);
#1049=VECTOR('',#4617,10.);
#1050=VECTOR('',#4620,10.);
#1051=VECTOR('',#4623,10.);
#1052=VECTOR('',#4626,10.);
#1053=VECTOR('',#4629,10.);
#1054=VECTOR('',#4632,10.);
#1055=VECTOR('',#4635,10.);
#1056=VECTOR('',#4638,10.);
#1057=VECTOR('',#4641,10.);
#1058=VECTOR('',#4644,10.);
#1059=VECTOR('',#4647,10.);
#1060=VECTOR('',#4650,10.);
#1061=VECTOR('',#4653,10.);
#1062=VECTOR('',#4656,10.);
#1063=VECTOR('',#4659,10.);
#1064=VECTOR('',#4664,10.);
#1065=VECTOR('',#4667,10.);
#1066=VECTOR('',#4670,10.);
#1067=VECTOR('',#4673,10.);
#1068=VECTOR('',#4676,10.);
#1069=VECTOR('',#4679,10.);
#1070=VECTOR('',#4682,10.);
#1071=VECTOR('',#4685,10.);
#1072=VECTOR('',#4688,10.);
#1073=VECTOR('',#4691,10.);
#1074=VECTOR('',#4694,10.);
#1075=VECTOR('',#4697,10.);
#1076=VECTOR('',#4700,10.);
#1077=VECTOR('',#4703,10.);
#1078=VECTOR('',#4706,10.);
#1079=VECTOR('',#4709,10.);
#1080=VECTOR('',#4710,10.);
#1081=VECTOR('',#4711,10.);
#1082=VECTOR('',#4714,10.);
#1083=VECTOR('',#4719,10.);
#1084=VECTOR('',#4724,10.);
#1085=VECTOR('',#4725,10.);
#1086=VECTOR('',#4728,10.);
#1087=VECTOR('',#4733,10.);
#1088=VECTOR('',#4734,10.);
#1089=VECTOR('',#4737,10.);
#1090=VECTOR('',#4742,10.);
#1091=VECTOR('',#4743,10.);
#1092=VECTOR('',#4746,10.);
#1093=VECTOR('',#4747,10.);
#1094=VECTOR('',#4750,10.);
#1095=VECTOR('',#4755,10.);
#1096=VECTOR('',#4756,10.);
#1097=VECTOR('',#4759,10.);
#1098=VECTOR('',#4764,10.);
#1099=VECTOR('',#4765,10.);
#1100=VECTOR('',#4768,10.);
#1101=VECTOR('',#4773,10.);
#1102=VECTOR('',#4774,10.);
#1103=VECTOR('',#4777,10.);
#1104=VECTOR('',#4782,10.);
#1105=VECTOR('',#4783,10.);
#1106=VECTOR('',#4784,10.);
#1107=VECTOR('',#4787,10.);
#1108=VECTOR('',#4790,10.);
#1109=VECTOR('',#4791,10.);
#1110=VECTOR('',#4794,10.);
#1111=VECTOR('',#4799,10.);
#1112=VECTOR('',#4804,10.);
#1113=VECTOR('',#4805,10.);
#1114=VECTOR('',#4808,10.);
#1115=VECTOR('',#4813,10.);
#1116=VECTOR('',#4814,10.);
#1117=VECTOR('',#4817,10.);
#1118=VECTOR('',#4822,10.);
#1119=VECTOR('',#4823,10.);
#1120=VECTOR('',#4826,10.);
#1121=VECTOR('',#4831,10.);
#1122=VECTOR('',#4836,10.);
#1123=VECTOR('',#4837,10.);
#1124=VECTOR('',#4840,10.);
#1125=VECTOR('',#4845,10.);
#1126=VECTOR('',#4846,10.);
#1127=VECTOR('',#4849,10.);
#1128=VECTOR('',#4854,10.);
#1129=VECTOR('',#4855,10.);
#1130=VECTOR('',#4858,10.);
#1131=VECTOR('',#4863,10.);
#1132=VECTOR('',#4864,10.);
#1133=VECTOR('',#4867,10.);
#1134=VECTOR('',#4872,10.);
#1135=VECTOR('',#4873,10.);
#1136=VECTOR('',#4876,10.);
#1137=VECTOR('',#4881,10.);
#1138=VECTOR('',#4882,10.);
#1139=VECTOR('',#4885,10.);
#1140=VECTOR('',#4890,10.);
#1141=VECTOR('',#4891,10.);
#1142=VECTOR('',#4894,10.);
#1143=VECTOR('',#4899,10.);
#1144=VECTOR('',#4900,10.);
#1145=VECTOR('',#4903,10.);
#1146=VECTOR('',#4908,10.);
#1147=VECTOR('',#4909,10.);
#1148=VECTOR('',#4912,10.);
#1149=VECTOR('',#4917,10.);
#1150=VECTOR('',#4918,10.);
#1151=VECTOR('',#4921,10.);
#1152=VECTOR('',#4926,10.);
#1153=VECTOR('',#4927,10.);
#1154=VECTOR('',#4930,10.);
#1155=VECTOR('',#4931,10.);
#1156=VECTOR('',#4932,10.);
#1157=VECTOR('',#4937,10.);
#1158=VECTOR('',#4940,10.);
#1159=VECTOR('',#4941,10.);
#1160=VECTOR('',#4944,10.);
#1161=VECTOR('',#4945,10.);
#1162=VECTOR('',#4946,10.);
#1163=VECTOR('',#4953,10.);
#1164=VECTOR('',#4954,10.);
#1165=VECTOR('',#4955,10.);
#1166=VECTOR('',#4956,10.);
#1167=VECTOR('',#4957,10.);
#1168=VECTOR('',#4960,10.);
#1169=VECTOR('',#4961,10.);
#1170=VECTOR('',#4964,10.);
#1171=VECTOR('',#4965,10.);
#1172=VECTOR('',#4968,10.);
#1173=VECTOR('',#4969,10.);
#1174=VECTOR('',#4972,10.);
#1175=VECTOR('',#4975,10.);
#1176=VECTOR('',#4976,10.);
#1177=VECTOR('',#4979,10.);
#1178=VECTOR('',#4980,10.);
#1179=VECTOR('',#4983,10.);
#1180=VECTOR('',#4986,10.);
#1181=VECTOR('',#4989,10.);
#1182=VECTOR('',#4992,10.);
#1183=VECTOR('',#4993,10.);
#1184=VECTOR('',#4996,10.);
#1185=VECTOR('',#4997,10.);
#1186=VECTOR('',#5000,10.);
#1187=VECTOR('',#5003,10.);
#1188=VECTOR('',#5004,10.);
#1189=VECTOR('',#5005,10.);
#1190=VECTOR('',#5010,10.);
#1191=VECTOR('',#5013,10.);
#1192=VECTOR('',#5018,10.);
#1193=VECTOR('',#5021,10.);
#1194=VECTOR('',#5024,10.);
#1195=VECTOR('',#5025,10.);
#1196=VECTOR('',#5028,10.);
#1197=VECTOR('',#5033,10.);
#1198=VECTOR('',#5034,10.);
#1199=VECTOR('',#5037,10.);
#1200=VECTOR('',#5042,10.);
#1201=VECTOR('',#5047,10.);
#1202=VECTOR('',#5048,10.);
#1203=VECTOR('',#5051,10.);
#1204=VECTOR('',#5052,10.);
#1205=VECTOR('',#5055,10.);
#1206=VECTOR('',#5058,10.);
#1207=VECTOR('',#5061,10.);
#1208=VECTOR('',#5064,10.);
#1209=VECTOR('',#5067,10.);
#1210=VECTOR('',#5070,10.);
#1211=VECTOR('',#5071,10.);
#1212=VECTOR('',#5072,10.);
#1213=VECTOR('',#5075,10.);
#1214=VECTOR('',#5076,10.);
#1215=VECTOR('',#5077,10.);
#1216=VECTOR('',#5084,10.);
#1217=VECTOR('',#5087,10.);
#1218=VECTOR('',#5088,10.);
#1219=VECTOR('',#5089,10.);
#1220=VECTOR('',#5096,10.);
#1221=VECTOR('',#5099,10.);
#1222=VECTOR('',#5100,10.);
#1223=VECTOR('',#5101,10.);
#1224=VECTOR('',#5108,10.);
#1225=VECTOR('',#5111,10.);
#1226=VECTOR('',#5112,10.);
#1227=VECTOR('',#5113,10.);
#1228=VECTOR('',#5124,10.);
#1229=VECTOR('',#5127,10.);
#1230=VECTOR('',#5128,10.);
#1231=VECTOR('',#5133,10.);
#1232=VECTOR('',#5136,10.);
#1233=VECTOR('',#5137,10.);
#1234=VECTOR('',#5142,10.);
#1235=VECTOR('',#5145,10.);
#1236=VECTOR('',#5146,10.);
#1237=VECTOR('',#5151,10.);
#1238=VECTOR('',#5154,10.);
#1239=VECTOR('',#5155,10.);
#1240=VECTOR('',#5158,10.);
#1241=VECTOR('',#5159,10.);
#1242=VECTOR('',#5164,10.);
#1243=VECTOR('',#5167,10.);
#1244=VECTOR('',#5168,10.);
#1245=VECTOR('',#5171,10.);
#1246=VECTOR('',#5172,10.);
#1247=VECTOR('',#5177,10.);
#1248=VECTOR('',#5180,10.);
#1249=VECTOR('',#5181,10.);
#1250=VECTOR('',#5186,10.);
#1251=VECTOR('',#5189,10.);
#1252=VECTOR('',#5190,10.);
#1253=VECTOR('',#5193,10.);
#1254=VECTOR('',#5194,10.);
#1255=VECTOR('',#5199,10.);
#1256=VECTOR('',#5202,10.);
#1257=VECTOR('',#5203,10.);
#1258=VECTOR('',#5206,10.);
#1259=VECTOR('',#5207,10.);
#1260=VECTOR('',#5212,10.);
#1261=VECTOR('',#5215,10.);
#1262=VECTOR('',#5222,1.1);
#1263=VECTOR('',#5225,1.1);
#1264=VECTOR('',#5228,1.1);
#1265=VECTOR('',#5231,1.1);
#1266=CIRCLE('',#3742,2.20000000000001);
#1267=CIRCLE('',#3743,2.20000000000001);
#1268=CIRCLE('',#3745,1.1);
#1269=CIRCLE('',#3747,2.20000000000001);
#1270=CIRCLE('',#3748,2.20000000000001);
#1271=CIRCLE('',#3750,1.1);
#1272=CIRCLE('',#3752,2.2);
#1273=CIRCLE('',#3753,2.2);
#1274=CIRCLE('',#3755,1.1);
#1275=CIRCLE('',#3757,2.2);
#1276=CIRCLE('',#3758,2.2);
#1277=CIRCLE('',#3760,1.1);
#1278=CIRCLE('',#3762,2.2);
#1279=CIRCLE('',#3763,2.2);
#1280=CIRCLE('',#3765,1.1);
#1281=CIRCLE('',#3767,2.2);
#1282=CIRCLE('',#3768,2.2);
#1283=CIRCLE('',#3770,1.1);
#1284=CIRCLE('',#3776,4.60000327682199);
#1285=CIRCLE('',#3777,1.39999842919877);
#1286=CIRCLE('',#3778,1.40003078815783);
#1287=CIRCLE('',#3779,1.40001665997501);
#1288=CIRCLE('',#3780,4.59999981922);
#1289=CIRCLE('',#3781,1.39999925292556);
#1290=CIRCLE('',#3782,0.599999252925);
#1291=CIRCLE('',#3783,1.599999252925);
#1292=CIRCLE('',#3784,0.399999252926051);
#1293=CIRCLE('',#3785,5.59999981922);
#1294=CIRCLE('',#3786,0.40001665997501);
#1295=CIRCLE('',#3787,0.400030788157825);
#1296=CIRCLE('',#3788,0.399998429199655);
#1297=CIRCLE('',#3789,5.60000327682201);
#1298=CIRCLE('',#3791,0.399999252930781);
#1299=CIRCLE('',#3792,1.59999925292499);
#1300=CIRCLE('',#3793,0.399999252926065);
#1301=CIRCLE('',#3794,1.59999925292521);
#1302=CIRCLE('',#3795,0.399999252925781);
#1303=CIRCLE('',#3796,1.10000133357456);
#1304=CIRCLE('',#3797,0.399999252925767);
#1305=CIRCLE('',#3798,1.59999925292518);
#1306=CIRCLE('',#3799,0.399999252925781);
#1307=CIRCLE('',#3800,1.59999925292521);
#1308=CIRCLE('',#3801,0.399999252925781);
#1309=CIRCLE('',#3802,0.399999252925765);
#1310=CIRCLE('',#3803,1.59999925292518);
#1311=CIRCLE('',#3804,0.399999252925781);
#1312=CIRCLE('',#3805,1.59999925292517);
#1313=CIRCLE('',#3806,0.399999252925781);
#1314=CIRCLE('',#3807,1.39999925292528);
#1315=CIRCLE('',#3808,0.599999252925175);
#1316=CIRCLE('',#3809,1.39999925292528);
#1317=CIRCLE('',#3810,0.599999252925188);
#1318=CIRCLE('',#3811,1.39999925292527);
#1319=CIRCLE('',#3812,1.39999925292528);
#1320=CIRCLE('',#3813,0.599999252925197);
#1321=CIRCLE('',#3814,1.39999925292528);
#1322=CIRCLE('',#3815,0.599999252925184);
#1323=CIRCLE('',#3816,1.39999925292527);
#1324=CIRCLE('',#3817,0.100001333582124);
#1325=CIRCLE('',#3818,0.900001333575004);
#1326=CIRCLE('',#3819,1.39999925292528);
#1327=CIRCLE('',#3820,0.599999252925197);
#1328=CIRCLE('',#3821,1.39999925292556);
#1329=CIRCLE('',#3822,0.599999252925006);
#1330=CIRCLE('',#3823,1.39999925293028);
#1331=CIRCLE('',#3826,1.1);
#1332=CIRCLE('',#3828,1.1);
#1333=CIRCLE('',#3830,1.);
#1334=CIRCLE('',#3831,0.999999999999999);
#1335=CIRCLE('',#3832,0.999999999999999);
#1336=CIRCLE('',#3833,2.);
#1337=CIRCLE('',#3835,1.);
#1338=CIRCLE('',#3837,0.999999999999996);
#1339=CIRCLE('',#3838,2.00000000000001);
#1340=CIRCLE('',#3839,1.00000000000001);
#1341=CIRCLE('',#3841,1.);
#1342=CIRCLE('',#3843,1.);
#1343=CIRCLE('',#3844,1.);
#1344=CIRCLE('',#3846,1.);
#1345=CIRCLE('',#3847,2.00000000000001);
#1346=CIRCLE('',#3848,1.00000000000001);
#1347=CIRCLE('',#3850,1.);
#1348=CIRCLE('',#3851,1.);
#1349=CIRCLE('',#3853,2.00000000000001);
#1350=CIRCLE('',#3854,1.00000000000001);
#1351=CIRCLE('',#3856,1.);
#1352=CIRCLE('',#3858,0.999999999999999);
#1353=CIRCLE('',#3860,0.999999999999999);
#1354=CIRCLE('',#3863,1.00000000000001);
#1355=CIRCLE('',#3866,0.599999252925182);
#1356=CIRCLE('',#3867,1.39999925293028);
#1357=CIRCLE('',#3868,0.399999252925781);
#1358=CIRCLE('',#3869,1.59999925292517);
#1359=CIRCLE('',#3870,0.399999252925781);
#1360=CIRCLE('',#3871,1.59999925292518);
#1361=CIRCLE('',#3872,0.399999252925765);
#1362=CIRCLE('',#3873,0.399999252925781);
#1363=CIRCLE('',#3874,1.59999925292521);
#1364=CIRCLE('',#3875,0.399999252925781);
#1365=CIRCLE('',#3876,1.59999925292518);
#1366=CIRCLE('',#3877,0.399999252925767);
#1367=CIRCLE('',#3878,1.10000133357456);
#1368=CIRCLE('',#3879,0.399999252925781);
#1369=CIRCLE('',#3880,1.59999925292521);
#1370=CIRCLE('',#3881,0.399999252926065);
#1371=CIRCLE('',#3882,1.59999925292499);
#1372=CIRCLE('',#3883,0.399999252930781);
#1373=CIRCLE('',#3884,5.60000327682201);
#1374=CIRCLE('',#3885,0.399998429199655);
#1375=CIRCLE('',#3886,0.400030788157825);
#1376=CIRCLE('',#3887,0.40001665997501);
#1377=CIRCLE('',#3888,5.59999981922);
#1378=CIRCLE('',#3889,0.399999252926051);
#1379=CIRCLE('',#3890,1.599999252925);
#1380=CIRCLE('',#3891,1.1);
#1381=CIRCLE('',#3892,1.1);
#1382=CIRCLE('',#3893,1.1);
#1383=CIRCLE('',#3894,1.1);
#1384=CIRCLE('',#3896,1.00000000000001);
#1385=CIRCLE('',#3899,1.00000000000001);
#1386=CIRCLE('',#3950,0.599999252925);
#1387=CIRCLE('',#3952,1.39999925292556);
#1388=CIRCLE('',#3955,4.59999981922);
#1389=CIRCLE('',#3958,1.40001665997501);
#1390=CIRCLE('',#3962,1.40003078815783);
#1391=CIRCLE('',#3965,1.39999842919877);
#1392=CIRCLE('',#3968,4.60000327682199);
#1393=CIRCLE('',#3971,1.39999925293028);
#1394=CIRCLE('',#3973,0.999999999999994);
#1395=CIRCLE('',#3974,0.999999999999996);
#1396=CIRCLE('',#3976,0.599999252925006);
#1397=CIRCLE('',#3978,1.39999925292556);
#1398=CIRCLE('',#3981,0.599999252925197);
#1399=CIRCLE('',#3984,1.39999925292528);
#1400=CIRCLE('',#3987,0.900001333575004);
#1401=CIRCLE('',#3989,0.100001333582124);
#1402=CIRCLE('',#3992,1.39999925292527);
#1403=CIRCLE('',#3995,0.599999252925184);
#1404=CIRCLE('',#3998,1.39999925292528);
#1405=CIRCLE('',#4001,0.599999252925197);
#1406=CIRCLE('',#4004,1.39999925292528);
#1407=CIRCLE('',#4007,1.39999925292527);
#1408=CIRCLE('',#4010,0.599999252925188);
#1409=CIRCLE('',#4013,1.39999925292528);
#1410=CIRCLE('',#4016,0.599999252925175);
#1411=CIRCLE('',#4019,1.39999925292528);
#1412=CIRCLE('',#4023,0.999999999999994);
#1413=CIRCLE('',#4027,0.999999999999996);
#1414=CIRCLE('',#4030,4.39999925292502);
#1415=CIRCLE('',#4031,4.39999925292502);
#1416=CIRCLE('',#4032,4.399999252925);
#1417=CIRCLE('',#4033,4.39999925292501);
#1418=CIRCLE('',#4034,4.39999925292501);
#1419=CIRCLE('',#4035,4.39999852488434);
#1420=CIRCLE('',#4036,3.90000133357254);
#1421=CIRCLE('',#4037,4.39999925292528);
#1422=CIRCLE('',#4038,4.39999925292556);
#1423=CIRCLE('',#4040,1.39999925293028);
#1424=CIRCLE('',#4041,0.599999252925182);
#1425=CIRCLE('',#4042,0.0999992529249995);
#1426=CIRCLE('',#4043,1.89999925292556);
#1427=CIRCLE('',#4044,4.10423262727942);
#1428=CIRCLE('',#4045,2.);
#1429=CIRCLE('',#4047,2.);
#1430=CIRCLE('',#4050,4.10423262727942);
#1431=CIRCLE('',#4053,1.89999925292556);
#1432=CIRCLE('',#4055,0.0999992529249995);
#1433=CIRCLE('',#4066,2.99999999999999);
#1434=CIRCLE('',#4067,2.99999999999999);
#1435=CIRCLE('',#4070,4.3999984291978);
#1436=CIRCLE('',#4071,4.3999984291978);
#1437=CIRCLE('',#4074,1.60000327682198);
#1438=CIRCLE('',#4075,1.60000327682198);
#1439=CIRCLE('',#4078,4.39999925293001);
#1440=CIRCLE('',#4079,4.39999925293001);
#1441=CIRCLE('',#4081,4.39999925292556);
#1442=CIRCLE('',#4084,4.39999925292528);
#1443=CIRCLE('',#4087,3.90000133357254);
#1444=CIRCLE('',#4090,4.39999852488434);
#1445=CIRCLE('',#4094,4.39999925292501);
#1446=CIRCLE('',#4098,4.39999925292501);
#1447=CIRCLE('',#4101,4.399999252925);
#1448=CIRCLE('',#4105,4.39999925292502);
#1449=CIRCLE('',#4109,4.39999925292502);
#1450=VERTEX_POINT('',#5237);
#1451=VERTEX_POINT('',#5239);
#1452=VERTEX_POINT('',#5243);
#1453=VERTEX_POINT('',#5246);
#1454=VERTEX_POINT('',#5248);
#1455=VERTEX_POINT('',#5252);
#1456=VERTEX_POINT('',#5255);
#1457=VERTEX_POINT('',#5257);
#1458=VERTEX_POINT('',#5261);
#1459=VERTEX_POINT('',#5264);
#1460=VERTEX_POINT('',#5266);
#1461=VERTEX_POINT('',#5270);
#1462=VERTEX_POINT('',#5273);
#1463=VERTEX_POINT('',#5275);
#1464=VERTEX_POINT('',#5279);
#1465=VERTEX_POINT('',#5282);
#1466=VERTEX_POINT('',#5284);
#1467=VERTEX_POINT('',#5288);
#1468=VERTEX_POINT('',#5291);
#1469=VERTEX_POINT('',#5292);
#1470=VERTEX_POINT('',#5294);
#1471=VERTEX_POINT('',#5296);
#1472=VERTEX_POINT('',#5300);
#1473=VERTEX_POINT('',#5302);
#1474=VERTEX_POINT('',#5304);
#1475=VERTEX_POINT('',#5306);
#1476=VERTEX_POINT('',#5310);
#1477=VERTEX_POINT('',#5312);
#1478=VERTEX_POINT('',#5317);
#1479=VERTEX_POINT('',#5319);
#1480=VERTEX_POINT('',#5323);
#1481=VERTEX_POINT('',#5325);
#1482=VERTEX_POINT('',#5327);
#1483=VERTEX_POINT('',#5329);
#1484=VERTEX_POINT('',#5331);
#1485=VERTEX_POINT('',#5333);
#1486=VERTEX_POINT('',#5335);
#1487=VERTEX_POINT('',#5337);
#1488=VERTEX_POINT('',#5339);
#1489=VERTEX_POINT('',#5341);
#1490=VERTEX_POINT('',#5343);
#1491=VERTEX_POINT('',#5345);
#1492=VERTEX_POINT('',#5347);
#1493=VERTEX_POINT('',#5349);
#1494=VERTEX_POINT('',#5351);
#1495=VERTEX_POINT('',#5353);
#1496=VERTEX_POINT('',#5355);
#1497=VERTEX_POINT('',#5357);
#1498=VERTEX_POINT('',#5359);
#1499=VERTEX_POINT('',#5361);
#1500=VERTEX_POINT('',#5363);
#1501=VERTEX_POINT('',#5365);
#1502=VERTEX_POINT('',#5367);
#1503=VERTEX_POINT('',#5369);
#1504=VERTEX_POINT('',#5371);
#1505=VERTEX_POINT('',#5373);
#1506=VERTEX_POINT('',#5375);
#1507=VERTEX_POINT('',#5377);
#1508=VERTEX_POINT('',#5379);
#1509=VERTEX_POINT('',#5381);
#1510=VERTEX_POINT('',#5385);
#1511=VERTEX_POINT('',#5387);
#1512=VERTEX_POINT('',#5389);
#1513=VERTEX_POINT('',#5391);
#1514=VERTEX_POINT('',#5393);
#1515=VERTEX_POINT('',#5395);
#1516=VERTEX_POINT('',#5397);
#1517=VERTEX_POINT('',#5399);
#1518=VERTEX_POINT('',#5401);
#1519=VERTEX_POINT('',#5403);
#1520=VERTEX_POINT('',#5405);
#1521=VERTEX_POINT('',#5407);
#1522=VERTEX_POINT('',#5409);
#1523=VERTEX_POINT('',#5411);
#1524=VERTEX_POINT('',#5413);
#1525=VERTEX_POINT('',#5415);
#1526=VERTEX_POINT('',#5417);
#1527=VERTEX_POINT('',#5419);
#1528=VERTEX_POINT('',#5421);
#1529=VERTEX_POINT('',#5423);
#1530=VERTEX_POINT('',#5425);
#1531=VERTEX_POINT('',#5427);
#1532=VERTEX_POINT('',#5429);
#1533=VERTEX_POINT('',#5431);
#1534=VERTEX_POINT('',#5433);
#1535=VERTEX_POINT('',#5435);
#1536=VERTEX_POINT('',#5437);
#1537=VERTEX_POINT('',#5439);
#1538=VERTEX_POINT('',#5441);
#1539=VERTEX_POINT('',#5443);
#1540=VERTEX_POINT('',#5445);
#1541=VERTEX_POINT('',#5447);
#1542=VERTEX_POINT('',#5449);
#1543=VERTEX_POINT('',#5451);
#1544=VERTEX_POINT('',#5453);
#1545=VERTEX_POINT('',#5455);
#1546=VERTEX_POINT('',#5457);
#1547=VERTEX_POINT('',#5459);
#1548=VERTEX_POINT('',#5461);
#1549=VERTEX_POINT('',#5463);
#1550=VERTEX_POINT('',#5465);
#1551=VERTEX_POINT('',#5467);
#1552=VERTEX_POINT('',#5469);
#1553=VERTEX_POINT('',#5471);
#1554=VERTEX_POINT('',#5473);
#1555=VERTEX_POINT('',#5475);
#1556=VERTEX_POINT('',#5477);
#1557=VERTEX_POINT('',#5479);
#1558=VERTEX_POINT('',#5481);
#1559=VERTEX_POINT('',#5483);
#1560=VERTEX_POINT('',#5485);
#1561=VERTEX_POINT('',#5487);
#1562=VERTEX_POINT('',#5489);
#1563=VERTEX_POINT('',#5491);
#1564=VERTEX_POINT('',#5493);
#1565=VERTEX_POINT('',#5495);
#1566=VERTEX_POINT('',#5497);
#1567=VERTEX_POINT('',#5499);
#1568=VERTEX_POINT('',#5501);
#1569=VERTEX_POINT('',#5503);
#1570=VERTEX_POINT('',#5505);
#1571=VERTEX_POINT('',#5507);
#1572=VERTEX_POINT('',#5509);
#1573=VERTEX_POINT('',#5511);
#1574=VERTEX_POINT('',#5513);
#1575=VERTEX_POINT('',#5517);
#1576=VERTEX_POINT('',#5519);
#1577=VERTEX_POINT('',#5523);
#1578=VERTEX_POINT('',#5527);
#1579=VERTEX_POINT('',#5531);
#1580=VERTEX_POINT('',#5532);
#1581=VERTEX_POINT('',#5534);
#1582=VERTEX_POINT('',#5536);
#1583=VERTEX_POINT('',#5540);
#1584=VERTEX_POINT('',#5541);
#1585=VERTEX_POINT('',#5546);
#1586=VERTEX_POINT('',#5547);
#1587=VERTEX_POINT('',#5552);
#1588=VERTEX_POINT('',#5553);
#1589=VERTEX_POINT('',#5558);
#1590=VERTEX_POINT('',#5559);
#1591=VERTEX_POINT('',#5561);
#1592=VERTEX_POINT('',#5563);
#1593=VERTEX_POINT('',#5567);
#1594=VERTEX_POINT('',#5568);
#1595=VERTEX_POINT('',#5573);
#1596=VERTEX_POINT('',#5574);
#1597=VERTEX_POINT('',#5577);
#1598=VERTEX_POINT('',#5584);
#1599=VERTEX_POINT('',#5586);
#1600=VERTEX_POINT('',#5598);
#1601=VERTEX_POINT('',#5600);
#1602=VERTEX_POINT('',#5604);
#1603=VERTEX_POINT('',#5608);
#1604=VERTEX_POINT('',#5612);
#1605=VERTEX_POINT('',#5616);
#1606=VERTEX_POINT('',#5618);
#1607=VERTEX_POINT('',#5620);
#1608=VERTEX_POINT('',#5622);
#1609=VERTEX_POINT('',#5624);
#1610=VERTEX_POINT('',#5626);
#1611=VERTEX_POINT('',#5628);
#1612=VERTEX_POINT('',#5630);
#1613=VERTEX_POINT('',#5632);
#1614=VERTEX_POINT('',#5634);
#1615=VERTEX_POINT('',#5636);
#1616=VERTEX_POINT('',#5638);
#1617=VERTEX_POINT('',#5640);
#1618=VERTEX_POINT('',#5642);
#1619=VERTEX_POINT('',#5644);
#1620=VERTEX_POINT('',#5646);
#1621=VERTEX_POINT('',#5648);
#1622=VERTEX_POINT('',#5650);
#1623=VERTEX_POINT('',#5652);
#1624=VERTEX_POINT('',#5654);
#1625=VERTEX_POINT('',#5656);
#1626=VERTEX_POINT('',#5658);
#1627=VERTEX_POINT('',#5660);
#1628=VERTEX_POINT('',#5662);
#1629=VERTEX_POINT('',#5664);
#1630=VERTEX_POINT('',#5666);
#1631=VERTEX_POINT('',#5668);
#1632=VERTEX_POINT('',#5670);
#1633=VERTEX_POINT('',#5672);
#1634=VERTEX_POINT('',#5674);
#1635=VERTEX_POINT('',#5676);
#1636=VERTEX_POINT('',#5678);
#1637=VERTEX_POINT('',#5680);
#1638=VERTEX_POINT('',#5682);
#1639=VERTEX_POINT('',#5684);
#1640=VERTEX_POINT('',#5686);
#1641=VERTEX_POINT('',#5689);
#1642=VERTEX_POINT('',#5691);
#1643=VERTEX_POINT('',#5693);
#1644=VERTEX_POINT('',#5695);
#1645=VERTEX_POINT('',#5697);
#1646=VERTEX_POINT('',#5699);
#1647=VERTEX_POINT('',#5701);
#1648=VERTEX_POINT('',#5703);
#1649=VERTEX_POINT('',#5705);
#1650=VERTEX_POINT('',#5707);
#1651=VERTEX_POINT('',#5709);
#1652=VERTEX_POINT('',#5711);
#1653=VERTEX_POINT('',#5713);
#1654=VERTEX_POINT('',#5716);
#1655=VERTEX_POINT('',#5718);
#1656=VERTEX_POINT('',#5720);
#1657=VERTEX_POINT('',#5722);
#1658=VERTEX_POINT('',#5725);
#1659=VERTEX_POINT('',#5729);
#1660=VERTEX_POINT('',#5733);
#1661=VERTEX_POINT('',#5832);
#1662=VERTEX_POINT('',#5834);
#1663=VERTEX_POINT('',#5838);
#1664=VERTEX_POINT('',#5842);
#1665=VERTEX_POINT('',#5846);
#1666=VERTEX_POINT('',#5850);
#1667=VERTEX_POINT('',#5854);
#1668=VERTEX_POINT('',#5858);
#1669=VERTEX_POINT('',#5862);
#1670=VERTEX_POINT('',#5866);
#1671=VERTEX_POINT('',#5870);
#1672=VERTEX_POINT('',#5874);
#1673=VERTEX_POINT('',#5878);
#1674=VERTEX_POINT('',#5882);
#1675=VERTEX_POINT('',#5886);
#1676=VERTEX_POINT('',#5890);
#1677=VERTEX_POINT('',#5894);
#1678=VERTEX_POINT('',#5898);
#1679=VERTEX_POINT('',#5900);
#1680=VERTEX_POINT('',#5902);
#1681=VERTEX_POINT('',#5904);
#1682=VERTEX_POINT('',#5906);
#1683=VERTEX_POINT('',#5908);
#1684=VERTEX_POINT('',#5910);
#1685=VERTEX_POINT('',#5914);
#1686=VERTEX_POINT('',#5918);
#1687=VERTEX_POINT('',#5922);
#1688=VERTEX_POINT('',#5926);
#1689=VERTEX_POINT('',#5930);
#1690=VERTEX_POINT('',#5934);
#1691=VERTEX_POINT('',#5938);
#1692=VERTEX_POINT('',#5942);
#1693=VERTEX_POINT('',#5946);
#1694=VERTEX_POINT('',#5950);
#1695=VERTEX_POINT('',#5954);
#1696=VERTEX_POINT('',#5958);
#1697=VERTEX_POINT('',#5962);
#1698=VERTEX_POINT('',#5966);
#1699=VERTEX_POINT('',#5970);
#1700=VERTEX_POINT('',#5974);
#1701=VERTEX_POINT('',#5978);
#1702=VERTEX_POINT('',#5982);
#1703=VERTEX_POINT('',#5986);
#1704=VERTEX_POINT('',#5990);
#1705=VERTEX_POINT('',#5994);
#1706=VERTEX_POINT('',#5998);
#1707=VERTEX_POINT('',#6002);
#1708=VERTEX_POINT('',#6006);
#1709=VERTEX_POINT('',#6010);
#1710=VERTEX_POINT('',#6014);
#1711=VERTEX_POINT('',#6018);
#1712=VERTEX_POINT('',#6022);
#1713=VERTEX_POINT('',#6026);
#1714=VERTEX_POINT('',#6030);
#1715=VERTEX_POINT('',#6034);
#1716=VERTEX_POINT('',#6035);
#1717=VERTEX_POINT('',#6040);
#1718=VERTEX_POINT('',#6044);
#1719=VERTEX_POINT('',#6048);
#1720=VERTEX_POINT('',#6049);
#1721=VERTEX_POINT('',#6056);
#1722=VERTEX_POINT('',#6058);
#1723=VERTEX_POINT('',#6060);
#1724=VERTEX_POINT('',#6062);
#1725=VERTEX_POINT('',#6066);
#1726=VERTEX_POINT('',#6068);
#1727=VERTEX_POINT('',#6070);
#1728=VERTEX_POINT('',#6072);
#1729=VERTEX_POINT('',#6074);
#1730=VERTEX_POINT('',#6076);
#1731=VERTEX_POINT('',#6078);
#1732=VERTEX_POINT('',#6080);
#1733=VERTEX_POINT('',#6082);
#1734=VERTEX_POINT('',#6084);
#1735=VERTEX_POINT('',#6086);
#1736=VERTEX_POINT('',#6088);
#1737=VERTEX_POINT('',#6090);
#1738=VERTEX_POINT('',#6092);
#1739=VERTEX_POINT('',#6094);
#1740=VERTEX_POINT('',#6096);
#1741=VERTEX_POINT('',#6098);
#1742=VERTEX_POINT('',#6100);
#1743=VERTEX_POINT('',#6102);
#1744=VERTEX_POINT('',#6104);
#1745=VERTEX_POINT('',#6106);
#1746=VERTEX_POINT('',#6108);
#1747=VERTEX_POINT('',#6131);
#1748=VERTEX_POINT('',#6132);
#1749=VERTEX_POINT('',#6143);
#1750=VERTEX_POINT('',#6145);
#1751=VERTEX_POINT('',#6158);
#1752=VERTEX_POINT('',#6160);
#1753=VERTEX_POINT('',#6162);
#1754=VERTEX_POINT('',#6164);
#1755=VERTEX_POINT('',#6166);
#1756=VERTEX_POINT('',#6168);
#1757=VERTEX_POINT('',#6170);
#1758=VERTEX_POINT('',#6172);
#1759=VERTEX_POINT('',#6174);
#1760=VERTEX_POINT('',#6176);
#1761=VERTEX_POINT('',#6178);
#1762=VERTEX_POINT('',#6180);
#1763=VERTEX_POINT('',#6182);
#1764=VERTEX_POINT('',#6186);
#1765=VERTEX_POINT('',#6188);
#1766=VERTEX_POINT('',#6192);
#1767=VERTEX_POINT('',#6196);
#1768=VERTEX_POINT('',#6200);
#1769=VERTEX_POINT('',#6204);
#1770=VERTEX_POINT('',#6208);
#1771=VERTEX_POINT('',#6212);
#1772=VERTEX_POINT('',#6229);
#1773=VERTEX_POINT('',#6231);
#1774=VERTEX_POINT('',#6235);
#1775=VERTEX_POINT('',#6237);
#1776=VERTEX_POINT('',#6241);
#1777=VERTEX_POINT('',#6243);
#1778=VERTEX_POINT('',#6247);
#1779=VERTEX_POINT('',#6249);
#1780=VERTEX_POINT('',#6253);
#1781=VERTEX_POINT('',#6255);
#1782=VERTEX_POINT('',#6259);
#1783=VERTEX_POINT('',#6261);
#1784=VERTEX_POINT('',#6265);
#1785=VERTEX_POINT('',#6267);
#1786=VERTEX_POINT('',#6271);
#1787=VERTEX_POINT('',#6273);
#1788=VERTEX_POINT('',#6280);
#1789=VERTEX_POINT('',#6284);
#1790=VERTEX_POINT('',#6288);
#1791=VERTEX_POINT('',#6292);
#1792=VERTEX_POINT('',#6296);
#1793=VERTEX_POINT('',#6300);
#1794=VERTEX_POINT('',#6304);
#1795=VERTEX_POINT('',#6308);
#1796=VERTEX_POINT('',#6312);
#1797=VERTEX_POINT('',#6316);
#1798=VERTEX_POINT('',#6320);
#1799=VERTEX_POINT('',#6324);
#1800=VERTEX_POINT('',#6328);
#1801=VERTEX_POINT('',#6332);
#1802=VERTEX_POINT('',#6336);
#1803=VERTEX_POINT('',#6340);
#1804=VERTEX_POINT('',#6344);
#1805=VERTEX_POINT('',#6348);
#1806=VERTEX_POINT('',#6352);
#1807=VERTEX_POINT('',#6356);
#1808=VERTEX_POINT('',#6360);
#1809=EDGE_CURVE('',#1450,#1450,#1266,.T.);
#1810=EDGE_CURVE('',#1450,#1451,#550,.T.);
#1811=EDGE_CURVE('',#1451,#1451,#1267,.T.);
#1812=EDGE_CURVE('',#1452,#1452,#1268,.T.);
#1813=EDGE_CURVE('',#1453,#1453,#1269,.T.);
#1814=EDGE_CURVE('',#1453,#1454,#551,.T.);
#1815=EDGE_CURVE('',#1454,#1454,#1270,.T.);
#1816=EDGE_CURVE('',#1455,#1455,#1271,.T.);
#1817=EDGE_CURVE('',#1456,#1456,#1272,.T.);
#1818=EDGE_CURVE('',#1456,#1457,#552,.T.);
#1819=EDGE_CURVE('',#1457,#1457,#1273,.T.);
#1820=EDGE_CURVE('',#1458,#1458,#1274,.T.);
#1821=EDGE_CURVE('',#1459,#1459,#1275,.T.);
#1822=EDGE_CURVE('',#1459,#1460,#553,.T.);
#1823=EDGE_CURVE('',#1460,#1460,#1276,.T.);
#1824=EDGE_CURVE('',#1461,#1461,#1277,.T.);
#1825=EDGE_CURVE('',#1462,#1462,#1278,.T.);
#1826=EDGE_CURVE('',#1462,#1463,#554,.T.);
#1827=EDGE_CURVE('',#1463,#1463,#1279,.T.);
#1828=EDGE_CURVE('',#1464,#1464,#1280,.T.);
#1829=EDGE_CURVE('',#1465,#1465,#1281,.T.);
#1830=EDGE_CURVE('',#1465,#1466,#555,.T.);
#1831=EDGE_CURVE('',#1466,#1466,#1282,.T.);
#1832=EDGE_CURVE('',#1467,#1467,#1283,.T.);
#1833=EDGE_CURVE('',#1468,#1469,#556,.T.);
#1834=EDGE_CURVE('',#1470,#1468,#557,.T.);
#1835=EDGE_CURVE('',#1471,#1470,#558,.T.);
#1836=EDGE_CURVE('',#1471,#1469,#559,.T.);
#1837=EDGE_CURVE('',#1469,#1472,#560,.T.);
#1838=EDGE_CURVE('',#1473,#1471,#561,.T.);
#1839=EDGE_CURVE('',#1474,#1473,#562,.T.);
#1840=EDGE_CURVE('',#1475,#1474,#563,.T.);
#1841=EDGE_CURVE('',#1475,#1472,#564,.T.);
#1842=EDGE_CURVE('',#1472,#1476,#565,.T.);
#1843=EDGE_CURVE('',#1477,#1475,#566,.T.);
#1844=EDGE_CURVE('',#1477,#1476,#567,.T.);
#1845=EDGE_CURVE('',#1476,#1468,#568,.T.);
#1846=EDGE_CURVE('',#1478,#1477,#569,.T.);
#1847=EDGE_CURVE('',#1479,#1478,#570,.T.);
#1848=EDGE_CURVE('',#1470,#1479,#571,.T.);
#1849=EDGE_CURVE('',#1480,#1478,#572,.T.);
#1850=EDGE_CURVE('',#1481,#1480,#1284,.T.);
#1851=EDGE_CURVE('',#1482,#1481,#573,.T.);
#1852=EDGE_CURVE('',#1483,#1482,#1285,.T.);
#1853=EDGE_CURVE('',#1484,#1483,#574,.T.);
#1854=EDGE_CURVE('',#1485,#1484,#1286,.T.);
#1855=EDGE_CURVE('',#1486,#1485,#575,.T.);
#1856=EDGE_CURVE('',#1487,#1486,#576,.T.);
#1857=EDGE_CURVE('',#1488,#1487,#1287,.T.);
#1858=EDGE_CURVE('',#1489,#1488,#577,.T.);
#1859=EDGE_CURVE('',#1490,#1489,#1288,.T.);
#1860=EDGE_CURVE('',#1491,#1490,#578,.T.);
#1861=EDGE_CURVE('',#1492,#1491,#1289,.T.);
#1862=EDGE_CURVE('',#1493,#1492,#1290,.T.);
#1863=EDGE_CURVE('',#1494,#1493,#579,.T.);
#1864=EDGE_CURVE('',#1494,#1495,#580,.T.);
#1865=EDGE_CURVE('',#1495,#1496,#581,.T.);
#1866=EDGE_CURVE('',#1496,#1497,#1291,.T.);
#1867=EDGE_CURVE('',#1497,#1498,#1292,.T.);
#1868=EDGE_CURVE('',#1498,#1499,#582,.T.);
#1869=EDGE_CURVE('',#1499,#1500,#1293,.T.);
#1870=EDGE_CURVE('',#1500,#1501,#583,.T.);
#1871=EDGE_CURVE('',#1501,#1502,#1294,.T.);
#1872=EDGE_CURVE('',#1502,#1503,#584,.T.);
#1873=EDGE_CURVE('',#1503,#1504,#585,.T.);
#1874=EDGE_CURVE('',#1504,#1505,#1295,.T.);
#1875=EDGE_CURVE('',#1505,#1506,#586,.T.);
#1876=EDGE_CURVE('',#1506,#1507,#1296,.T.);
#1877=EDGE_CURVE('',#1507,#1508,#587,.T.);
#1878=EDGE_CURVE('',#1508,#1509,#1297,.T.);
#1879=EDGE_CURVE('',#1509,#1479,#588,.T.);
#1880=EDGE_CURVE('',#1473,#1510,#589,.T.);
#1881=EDGE_CURVE('',#1510,#1511,#1298,.T.);
#1882=EDGE_CURVE('',#1511,#1512,#590,.T.);
#1883=EDGE_CURVE('',#1512,#1513,#1299,.T.);
#1884=EDGE_CURVE('',#1513,#1514,#1300,.T.);
#1885=EDGE_CURVE('',#1514,#1515,#591,.T.);
#1886=EDGE_CURVE('',#1515,#1516,#1301,.T.);
#1887=EDGE_CURVE('',#1516,#1517,#592,.T.);
#1888=EDGE_CURVE('',#1517,#1518,#1302,.T.);
#1889=EDGE_CURVE('',#1518,#1519,#593,.T.);
#1890=EDGE_CURVE('',#1519,#1520,#1303,.T.);
#1891=EDGE_CURVE('',#1520,#1521,#594,.T.);
#1892=EDGE_CURVE('',#1521,#1522,#1304,.T.);
#1893=EDGE_CURVE('',#1522,#1523,#595,.T.);
#1894=EDGE_CURVE('',#1523,#1524,#1305,.T.);
#1895=EDGE_CURVE('',#1524,#1525,#596,.T.);
#1896=EDGE_CURVE('',#1525,#1526,#1306,.T.);
#1897=EDGE_CURVE('',#1526,#1527,#597,.T.);
#1898=EDGE_CURVE('',#1527,#1528,#1307,.T.);
#1899=EDGE_CURVE('',#1528,#1529,#598,.T.);
#1900=EDGE_CURVE('',#1529,#1530,#1308,.T.);
#1901=EDGE_CURVE('',#1530,#1531,#599,.T.);
#1902=EDGE_CURVE('',#1531,#1532,#1309,.T.);
#1903=EDGE_CURVE('',#1532,#1533,#600,.T.);
#1904=EDGE_CURVE('',#1533,#1534,#1310,.T.);
#1905=EDGE_CURVE('',#1534,#1535,#601,.T.);
#1906=EDGE_CURVE('',#1535,#1536,#1311,.T.);
#1907=EDGE_CURVE('',#1536,#1537,#602,.T.);
#1908=EDGE_CURVE('',#1537,#1538,#1312,.T.);
#1909=EDGE_CURVE('',#1538,#1539,#603,.T.);
#1910=EDGE_CURVE('',#1539,#1540,#1313,.T.);
#1911=EDGE_CURVE('',#1540,#1541,#604,.T.);
#1912=EDGE_CURVE('',#1541,#1542,#605,.T.);
#1913=EDGE_CURVE('',#1543,#1542,#606,.T.);
#1914=EDGE_CURVE('',#1544,#1543,#1314,.T.);
#1915=EDGE_CURVE('',#1545,#1544,#607,.T.);
#1916=EDGE_CURVE('',#1546,#1545,#1315,.T.);
#1917=EDGE_CURVE('',#1547,#1546,#608,.T.);
#1918=EDGE_CURVE('',#1548,#1547,#1316,.T.);
#1919=EDGE_CURVE('',#1549,#1548,#609,.T.);
#1920=EDGE_CURVE('',#1550,#1549,#1317,.T.);
#1921=EDGE_CURVE('',#1551,#1550,#610,.T.);
#1922=EDGE_CURVE('',#1552,#1551,#1318,.T.);
#1923=EDGE_CURVE('',#1553,#1552,#611,.T.);
#1924=EDGE_CURVE('',#1554,#1553,#1319,.T.);
#1925=EDGE_CURVE('',#1555,#1554,#612,.T.);
#1926=EDGE_CURVE('',#1556,#1555,#1320,.T.);
#1927=EDGE_CURVE('',#1557,#1556,#613,.T.);
#1928=EDGE_CURVE('',#1558,#1557,#1321,.T.);
#1929=EDGE_CURVE('',#1559,#1558,#614,.T.);
#1930=EDGE_CURVE('',#1560,#1559,#1322,.T.);
#1931=EDGE_CURVE('',#1561,#1560,#615,.T.);
#1932=EDGE_CURVE('',#1562,#1561,#1323,.T.);
#1933=EDGE_CURVE('',#1563,#1562,#616,.T.);
#1934=EDGE_CURVE('',#1564,#1563,#1324,.T.);
#1935=EDGE_CURVE('',#1565,#1564,#1325,.T.);
#1936=EDGE_CURVE('',#1566,#1565,#617,.T.);
#1937=EDGE_CURVE('',#1567,#1566,#1326,.T.);
#1938=EDGE_CURVE('',#1568,#1567,#618,.T.);
#1939=EDGE_CURVE('',#1569,#1568,#1327,.T.);
#1940=EDGE_CURVE('',#1570,#1569,#619,.T.);
#1941=EDGE_CURVE('',#1571,#1570,#1328,.T.);
#1942=EDGE_CURVE('',#1572,#1571,#1329,.T.);
#1943=EDGE_CURVE('',#1573,#1572,#620,.T.);
#1944=EDGE_CURVE('',#1574,#1573,#1330,.T.);
#1945=EDGE_CURVE('',#1474,#1574,#621,.T.);
#1946=EDGE_CURVE('',#1575,#1509,#622,.T.);
#1947=EDGE_CURVE('',#1576,#1575,#623,.T.);
#1948=EDGE_CURVE('',#1576,#1510,#624,.T.);
#1949=EDGE_CURVE('',#1577,#1577,#1331,.T.);
#1950=EDGE_CURVE('',#1577,#1458,#625,.T.);
#1951=EDGE_CURVE('',#1578,#1578,#1332,.T.);
#1952=EDGE_CURVE('',#1578,#1467,#626,.T.);
#1953=EDGE_CURVE('',#1579,#1580,#1333,.T.);
#1954=EDGE_CURVE('',#1580,#1581,#1334,.T.);
#1955=EDGE_CURVE('',#1581,#1582,#1335,.T.);
#1956=EDGE_CURVE('',#1582,#1579,#1336,.T.);
#1957=EDGE_CURVE('',#1583,#1584,#1337,.T.);
#1958=EDGE_CURVE('',#1584,#1582,#627,.T.);
#1959=EDGE_CURVE('',#1581,#1583,#628,.T.);
#1960=EDGE_CURVE('',#1585,#1586,#1338,.T.);
#1961=EDGE_CURVE('',#1586,#1584,#1339,.T.);
#1962=EDGE_CURVE('',#1583,#1585,#1340,.T.);
#1963=EDGE_CURVE('',#1587,#1588,#1341,.T.);
#1964=EDGE_CURVE('',#1588,#1586,#629,.T.);
#1965=EDGE_CURVE('',#1585,#1587,#630,.T.);
#1966=EDGE_CURVE('',#1589,#1590,#1342,.T.);
#1967=EDGE_CURVE('',#1590,#1591,#631,.T.);
#1968=EDGE_CURVE('',#1591,#1592,#1343,.T.);
#1969=EDGE_CURVE('',#1592,#1589,#632,.T.);
#1970=EDGE_CURVE('',#1593,#1594,#1344,.T.);
#1971=EDGE_CURVE('',#1594,#1592,#1345,.T.);
#1972=EDGE_CURVE('',#1591,#1593,#1346,.T.);
#1973=EDGE_CURVE('',#1595,#1596,#1347,.T.);
#1974=EDGE_CURVE('',#1596,#1594,#633,.T.);
#1975=EDGE_CURVE('',#1593,#1597,#634,.T.);
#1976=EDGE_CURVE('',#1597,#1595,#1348,.T.);
#1977=EDGE_CURVE('',#1589,#1588,#1349,.T.);
#1978=EDGE_CURVE('',#1587,#1590,#1350,.T.);
#1979=EDGE_CURVE('',#1598,#1595,#635,.F.);
#1980=EDGE_CURVE('',#1597,#1599,#636,.T.);
#1981=EDGE_CURVE('',#1599,#1598,#1351,.T.);
#1982=EDGE_CURVE('',#1579,#1598,#22,.F.);
#1983=EDGE_CURVE('',#1599,#1580,#1352,.T.);
#1984=EDGE_CURVE('',#1599,#1600,#637,.T.);
#1985=EDGE_CURVE('',#1600,#1601,#1353,.T.);
#1986=EDGE_CURVE('',#1581,#1601,#638,.T.);
#1987=EDGE_CURVE('',#1593,#1602,#639,.T.);
#1988=EDGE_CURVE('',#1602,#1600,#640,.T.);
#1989=EDGE_CURVE('',#1591,#1603,#641,.T.);
#1990=EDGE_CURVE('',#1603,#1602,#1354,.T.);
#1991=EDGE_CURVE('',#1590,#1604,#642,.T.);
#1992=EDGE_CURVE('',#1604,#1603,#643,.T.);
#1993=EDGE_CURVE('',#1596,#1605,#644,.T.);
#1994=EDGE_CURVE('',#1605,#1606,#645,.T.);
#1995=EDGE_CURVE('',#1606,#1607,#1355,.T.);
#1996=EDGE_CURVE('',#1607,#1608,#646,.T.);
#1997=EDGE_CURVE('',#1608,#1609,#1356,.T.);
#1998=EDGE_CURVE('',#1609,#1610,#647,.T.);
#1999=EDGE_CURVE('',#1610,#1611,#648,.T.);
#2000=EDGE_CURVE('',#1611,#1612,#1357,.T.);
#2001=EDGE_CURVE('',#1612,#1613,#649,.T.);
#2002=EDGE_CURVE('',#1613,#1614,#1358,.T.);
#2003=EDGE_CURVE('',#1614,#1615,#650,.T.);
#2004=EDGE_CURVE('',#1615,#1616,#1359,.T.);
#2005=EDGE_CURVE('',#1616,#1617,#651,.T.);
#2006=EDGE_CURVE('',#1617,#1618,#1360,.T.);
#2007=EDGE_CURVE('',#1618,#1619,#652,.T.);
#2008=EDGE_CURVE('',#1619,#1620,#1361,.T.);
#2009=EDGE_CURVE('',#1620,#1621,#653,.T.);
#2010=EDGE_CURVE('',#1621,#1622,#1362,.T.);
#2011=EDGE_CURVE('',#1622,#1623,#654,.T.);
#2012=EDGE_CURVE('',#1623,#1624,#1363,.T.);
#2013=EDGE_CURVE('',#1624,#1625,#655,.T.);
#2014=EDGE_CURVE('',#1625,#1626,#1364,.T.);
#2015=EDGE_CURVE('',#1626,#1627,#656,.T.);
#2016=EDGE_CURVE('',#1627,#1628,#1365,.T.);
#2017=EDGE_CURVE('',#1628,#1629,#657,.T.);
#2018=EDGE_CURVE('',#1629,#1630,#1366,.T.);
#2019=EDGE_CURVE('',#1630,#1631,#658,.T.);
#2020=EDGE_CURVE('',#1631,#1632,#1367,.T.);
#2021=EDGE_CURVE('',#1632,#1633,#659,.T.);
#2022=EDGE_CURVE('',#1633,#1634,#1368,.T.);
#2023=EDGE_CURVE('',#1634,#1635,#660,.T.);
#2024=EDGE_CURVE('',#1635,#1636,#1369,.T.);
#2025=EDGE_CURVE('',#1636,#1637,#661,.T.);
#2026=EDGE_CURVE('',#1637,#1638,#1370,.T.);
#2027=EDGE_CURVE('',#1638,#1639,#1371,.T.);
#2028=EDGE_CURVE('',#1639,#1640,#662,.T.);
#2029=EDGE_CURVE('',#1640,#1576,#1372,.T.);
#2030=EDGE_CURVE('',#1575,#1641,#1373,.T.);
#2031=EDGE_CURVE('',#1641,#1642,#663,.T.);
#2032=EDGE_CURVE('',#1642,#1643,#1374,.T.);
#2033=EDGE_CURVE('',#1643,#1644,#664,.T.);
#2034=EDGE_CURVE('',#1644,#1645,#1375,.T.);
#2035=EDGE_CURVE('',#1645,#1646,#665,.T.);
#2036=EDGE_CURVE('',#1646,#1647,#666,.T.);
#2037=EDGE_CURVE('',#1647,#1648,#1376,.T.);
#2038=EDGE_CURVE('',#1648,#1649,#667,.T.);
#2039=EDGE_CURVE('',#1649,#1650,#1377,.T.);
#2040=EDGE_CURVE('',#1650,#1651,#668,.T.);
#2041=EDGE_CURVE('',#1651,#1652,#1378,.T.);
#2042=EDGE_CURVE('',#1652,#1653,#1379,.T.);
#2043=EDGE_CURVE('',#1653,#1579,#669,.T.);
#2044=EDGE_CURVE('',#1654,#1654,#1380,.T.);
#2045=EDGE_CURVE('',#1655,#1655,#1381,.T.);
#2046=EDGE_CURVE('',#1656,#1656,#1382,.T.);
#2047=EDGE_CURVE('',#1657,#1657,#1383,.T.);
#2048=EDGE_CURVE('',#1587,#1658,#670,.T.);
#2049=EDGE_CURVE('',#1658,#1604,#1384,.T.);
#2050=EDGE_CURVE('',#1585,#1659,#671,.T.);
#2051=EDGE_CURVE('',#1659,#1658,#672,.T.);
#2052=EDGE_CURVE('',#1583,#1660,#673,.T.);
#2053=EDGE_CURVE('',#1660,#1659,#1385,.T.);
#2054=EDGE_CURVE('',#1601,#1660,#674,.T.);
#2055=EDGE_CURVE('',#1610,#1541,#675,.T.);
#2056=EDGE_CURVE('',#1611,#1540,#676,.T.);
#2057=EDGE_CURVE('',#1612,#1539,#677,.T.);
#2058=EDGE_CURVE('',#1613,#1538,#678,.T.);
#2059=EDGE_CURVE('',#1614,#1537,#679,.T.);
#2060=EDGE_CURVE('',#1615,#1536,#680,.T.);
#2061=EDGE_CURVE('',#1616,#1535,#681,.T.);
#2062=EDGE_CURVE('',#1617,#1534,#682,.T.);
#2063=EDGE_CURVE('',#1618,#1533,#683,.T.);
#2064=EDGE_CURVE('',#1619,#1532,#684,.T.);
#2065=EDGE_CURVE('',#1620,#1531,#685,.T.);
#2066=EDGE_CURVE('',#1621,#1530,#686,.T.);
#2067=EDGE_CURVE('',#1622,#1529,#687,.T.);
#2068=EDGE_CURVE('',#1623,#1528,#688,.T.);
#2069=EDGE_CURVE('',#1624,#1527,#689,.T.);
#2070=EDGE_CURVE('',#1625,#1526,#690,.T.);
#2071=EDGE_CURVE('',#1626,#1525,#691,.T.);
#2072=EDGE_CURVE('',#1627,#1524,#692,.T.);
#2073=EDGE_CURVE('',#1628,#1523,#693,.T.);
#2074=EDGE_CURVE('',#1629,#1522,#694,.T.);
#2075=EDGE_CURVE('',#1630,#1521,#695,.T.);
#2076=EDGE_CURVE('',#1631,#1520,#696,.T.);
#2077=EDGE_CURVE('',#1632,#1519,#697,.T.);
#2078=EDGE_CURVE('',#1633,#1518,#698,.T.);
#2079=EDGE_CURVE('',#1634,#1517,#699,.T.);
#2080=EDGE_CURVE('',#1635,#1516,#700,.T.);
#2081=EDGE_CURVE('',#1636,#1515,#701,.T.);
#2082=EDGE_CURVE('',#1637,#1514,#702,.T.);
#2083=EDGE_CURVE('',#1638,#1513,#703,.T.);
#2084=EDGE_CURVE('',#1639,#1512,#704,.T.);
#2085=EDGE_CURVE('',#1640,#1511,#705,.T.);
#2086=EDGE_CURVE('',#1641,#1508,#706,.T.);
#2087=EDGE_CURVE('',#1642,#1507,#707,.T.);
#2088=EDGE_CURVE('',#1643,#1506,#708,.T.);
#2089=EDGE_CURVE('',#1644,#1505,#709,.T.);
#2090=EDGE_CURVE('',#1645,#1504,#710,.T.);
#2091=EDGE_CURVE('',#1646,#1503,#711,.T.);
#2092=EDGE_CURVE('',#1647,#1502,#712,.T.);
#2093=EDGE_CURVE('',#1648,#1501,#713,.T.);
#2094=EDGE_CURVE('',#1649,#1500,#714,.T.);
#2095=EDGE_CURVE('',#1650,#1499,#715,.T.);
#2096=EDGE_CURVE('',#1651,#1498,#716,.T.);
#2097=EDGE_CURVE('',#1652,#1497,#717,.T.);
#2098=EDGE_CURVE('',#1653,#1496,#718,.T.);
#2099=EDGE_CURVE('',#1595,#1495,#719,.T.);
#2100=EDGE_CURVE('',#1609,#1542,#720,.T.);
#2101=EDGE_CURVE('',#1493,#1661,#721,.T.);
#2102=EDGE_CURVE('',#1662,#1661,#722,.T.);
#2103=EDGE_CURVE('',#1494,#1662,#723,.T.);
#2104=EDGE_CURVE('',#1492,#1663,#724,.T.);
#2105=EDGE_CURVE('',#1661,#1663,#1386,.T.);
#2106=EDGE_CURVE('',#1491,#1664,#725,.T.);
#2107=EDGE_CURVE('',#1663,#1664,#1387,.T.);
#2108=EDGE_CURVE('',#1490,#1665,#726,.T.);
#2109=EDGE_CURVE('',#1664,#1665,#727,.T.);
#2110=EDGE_CURVE('',#1489,#1666,#728,.T.);
#2111=EDGE_CURVE('',#1665,#1666,#1388,.T.);
#2112=EDGE_CURVE('',#1488,#1667,#729,.T.);
#2113=EDGE_CURVE('',#1666,#1667,#730,.T.);
#2114=EDGE_CURVE('',#1487,#1668,#731,.T.);
#2115=EDGE_CURVE('',#1667,#1668,#1389,.T.);
#2116=EDGE_CURVE('',#1486,#1669,#732,.T.);
#2117=EDGE_CURVE('',#1668,#1669,#733,.T.);
#2118=EDGE_CURVE('',#1485,#1670,#734,.T.);
#2119=EDGE_CURVE('',#1669,#1670,#735,.T.);
#2120=EDGE_CURVE('',#1484,#1671,#736,.T.);
#2121=EDGE_CURVE('',#1670,#1671,#1390,.T.);
#2122=EDGE_CURVE('',#1483,#1672,#737,.T.);
#2123=EDGE_CURVE('',#1671,#1672,#738,.T.);
#2124=EDGE_CURVE('',#1482,#1673,#739,.T.);
#2125=EDGE_CURVE('',#1672,#1673,#1391,.T.);
#2126=EDGE_CURVE('',#1481,#1674,#740,.T.);
#2127=EDGE_CURVE('',#1673,#1674,#741,.T.);
#2128=EDGE_CURVE('',#1480,#1675,#742,.T.);
#2129=EDGE_CURVE('',#1674,#1675,#1392,.T.);
#2130=EDGE_CURVE('',#1574,#1676,#743,.T.);
#2131=EDGE_CURVE('',#1675,#1676,#744,.T.);
#2132=EDGE_CURVE('',#1573,#1677,#745,.T.);
#2133=EDGE_CURVE('',#1676,#1677,#1393,.T.);
#2134=EDGE_CURVE('',#1572,#1678,#746,.T.);
#2135=EDGE_CURVE('',#1679,#1678,#747,.T.);
#2136=EDGE_CURVE('',#1679,#1680,#748,.T.);
#2137=EDGE_CURVE('',#1680,#1681,#1394,.T.);
#2138=EDGE_CURVE('',#1681,#1682,#749,.T.);
#2139=EDGE_CURVE('',#1682,#1683,#1395,.T.);
#2140=EDGE_CURVE('',#1683,#1684,#750,.T.);
#2141=EDGE_CURVE('',#1677,#1684,#751,.T.);
#2142=EDGE_CURVE('',#1571,#1685,#752,.T.);
#2143=EDGE_CURVE('',#1678,#1685,#1396,.T.);
#2144=EDGE_CURVE('',#1570,#1686,#753,.T.);
#2145=EDGE_CURVE('',#1685,#1686,#1397,.T.);
#2146=EDGE_CURVE('',#1569,#1687,#754,.T.);
#2147=EDGE_CURVE('',#1686,#1687,#755,.T.);
#2148=EDGE_CURVE('',#1568,#1688,#756,.T.);
#2149=EDGE_CURVE('',#1687,#1688,#1398,.T.);
#2150=EDGE_CURVE('',#1567,#1689,#757,.T.);
#2151=EDGE_CURVE('',#1688,#1689,#758,.T.);
#2152=EDGE_CURVE('',#1566,#1690,#759,.T.);
#2153=EDGE_CURVE('',#1689,#1690,#1399,.T.);
#2154=EDGE_CURVE('',#1565,#1691,#760,.T.);
#2155=EDGE_CURVE('',#1690,#1691,#761,.T.);
#2156=EDGE_CURVE('',#1564,#1692,#762,.T.);
#2157=EDGE_CURVE('',#1691,#1692,#1400,.T.);
#2158=EDGE_CURVE('',#1563,#1693,#763,.T.);
#2159=EDGE_CURVE('',#1692,#1693,#1401,.T.);
#2160=EDGE_CURVE('',#1562,#1694,#764,.T.);
#2161=EDGE_CURVE('',#1693,#1694,#765,.T.);
#2162=EDGE_CURVE('',#1561,#1695,#766,.T.);
#2163=EDGE_CURVE('',#1694,#1695,#1402,.T.);
#2164=EDGE_CURVE('',#1560,#1696,#767,.T.);
#2165=EDGE_CURVE('',#1695,#1696,#768,.T.);
#2166=EDGE_CURVE('',#1559,#1697,#769,.T.);
#2167=EDGE_CURVE('',#1696,#1697,#1403,.T.);
#2168=EDGE_CURVE('',#1558,#1698,#770,.T.);
#2169=EDGE_CURVE('',#1697,#1698,#771,.T.);
#2170=EDGE_CURVE('',#1557,#1699,#772,.T.);
#2171=EDGE_CURVE('',#1698,#1699,#1404,.T.);
#2172=EDGE_CURVE('',#1556,#1700,#773,.T.);
#2173=EDGE_CURVE('',#1699,#1700,#774,.T.);
#2174=EDGE_CURVE('',#1555,#1701,#775,.T.);
#2175=EDGE_CURVE('',#1700,#1701,#1405,.T.);
#2176=EDGE_CURVE('',#1554,#1702,#776,.T.);
#2177=EDGE_CURVE('',#1701,#1702,#777,.T.);
#2178=EDGE_CURVE('',#1553,#1703,#778,.T.);
#2179=EDGE_CURVE('',#1702,#1703,#1406,.T.);
#2180=EDGE_CURVE('',#1552,#1704,#779,.T.);
#2181=EDGE_CURVE('',#1703,#1704,#780,.T.);
#2182=EDGE_CURVE('',#1551,#1705,#781,.T.);
#2183=EDGE_CURVE('',#1704,#1705,#1407,.T.);
#2184=EDGE_CURVE('',#1550,#1706,#782,.T.);
#2185=EDGE_CURVE('',#1705,#1706,#783,.T.);
#2186=EDGE_CURVE('',#1549,#1707,#784,.T.);
#2187=EDGE_CURVE('',#1706,#1707,#1408,.T.);
#2188=EDGE_CURVE('',#1548,#1708,#785,.T.);
#2189=EDGE_CURVE('',#1707,#1708,#786,.T.);
#2190=EDGE_CURVE('',#1547,#1709,#787,.T.);
#2191=EDGE_CURVE('',#1708,#1709,#1409,.T.);
#2192=EDGE_CURVE('',#1546,#1710,#788,.T.);
#2193=EDGE_CURVE('',#1709,#1710,#789,.T.);
#2194=EDGE_CURVE('',#1545,#1711,#790,.T.);
#2195=EDGE_CURVE('',#1710,#1711,#1410,.T.);
#2196=EDGE_CURVE('',#1544,#1712,#791,.T.);
#2197=EDGE_CURVE('',#1711,#1712,#792,.T.);
#2198=EDGE_CURVE('',#1543,#1713,#793,.T.);
#2199=EDGE_CURVE('',#1712,#1713,#1411,.T.);
#2200=EDGE_CURVE('',#1542,#1714,#794,.T.);
#2201=EDGE_CURVE('',#1713,#1714,#795,.T.);
#2202=EDGE_CURVE('',#1715,#1716,#796,.T.);
#2203=EDGE_CURVE('',#1682,#1715,#797,.T.);
#2204=EDGE_CURVE('',#1681,#1716,#798,.T.);
#2205=EDGE_CURVE('',#1716,#1717,#1412,.T.);
#2206=EDGE_CURVE('',#1680,#1717,#799,.T.);
#2207=EDGE_CURVE('',#1717,#1718,#800,.T.);
#2208=EDGE_CURVE('',#1718,#1679,#801,.T.);
#2209=EDGE_CURVE('',#1719,#1720,#802,.T.);
#2210=EDGE_CURVE('',#1684,#1719,#803,.T.);
#2211=EDGE_CURVE('',#1683,#1720,#804,.T.);
#2212=EDGE_CURVE('',#1720,#1715,#1413,.T.);
#2213=EDGE_CURVE('',#1721,#1718,#805,.T.);
#2214=EDGE_CURVE('',#1722,#1721,#806,.T.);
#2215=EDGE_CURVE('',#1723,#1722,#807,.T.);
#2216=EDGE_CURVE('',#1723,#1724,#808,.T.);
#2217=EDGE_CURVE('',#1719,#1724,#809,.T.);
#2218=EDGE_CURVE('',#1714,#1725,#810,.T.);
#2219=EDGE_CURVE('',#1725,#1726,#811,.T.);
#2220=EDGE_CURVE('',#1726,#1727,#1414,.T.);
#2221=EDGE_CURVE('',#1727,#1728,#812,.T.);
#2222=EDGE_CURVE('',#1728,#1729,#813,.T.);
#2223=EDGE_CURVE('',#1729,#1730,#1415,.T.);
#2224=EDGE_CURVE('',#1730,#1731,#814,.T.);
#2225=EDGE_CURVE('',#1731,#1732,#815,.T.);
#2226=EDGE_CURVE('',#1732,#1733,#1416,.T.);
#2227=EDGE_CURVE('',#1733,#1734,#816,.T.);
#2228=EDGE_CURVE('',#1734,#1735,#1417,.T.);
#2229=EDGE_CURVE('',#1735,#1736,#817,.T.);
#2230=EDGE_CURVE('',#1736,#1737,#818,.T.);
#2231=EDGE_CURVE('',#1737,#1738,#1418,.T.);
#2232=EDGE_CURVE('',#1738,#1739,#819,.T.);
#2233=EDGE_CURVE('',#1739,#1740,#820,.T.);
#2234=EDGE_CURVE('',#1740,#1741,#1419,.T.);
#2235=EDGE_CURVE('',#1741,#1742,#821,.T.);
#2236=EDGE_CURVE('',#1742,#1743,#1420,.T.);
#2237=EDGE_CURVE('',#1743,#1744,#822,.T.);
#2238=EDGE_CURVE('',#1744,#1745,#1421,.T.);
#2239=EDGE_CURVE('',#1745,#1746,#823,.T.);
#2240=EDGE_CURVE('',#1746,#1721,#1422,.T.);
#2241=EDGE_CURVE('',#1747,#1748,#19,.T.);
#2242=EDGE_CURVE('',#1747,#1749,#824,.T.);
#2243=EDGE_CURVE('',#1750,#1749,#20,.T.);
#2244=EDGE_CURVE('',#1748,#1750,#825,.T.);
#2245=EDGE_CURVE('',#1749,#1751,#826,.T.);
#2246=EDGE_CURVE('',#1752,#1751,#827,.T.);
#2247=EDGE_CURVE('',#1753,#1752,#1423,.T.);
#2248=EDGE_CURVE('',#1754,#1753,#828,.T.);
#2249=EDGE_CURVE('',#1755,#1754,#1424,.T.);
#2250=EDGE_CURVE('',#1756,#1755,#829,.T.);
#2251=EDGE_CURVE('',#1757,#1756,#830,.T.);
#2252=EDGE_CURVE('',#1758,#1757,#831,.T.);
#2253=EDGE_CURVE('',#1759,#1758,#1425,.T.);
#2254=EDGE_CURVE('',#1760,#1759,#1426,.T.);
#2255=EDGE_CURVE('',#1761,#1760,#832,.T.);
#2256=EDGE_CURVE('',#1762,#1761,#1427,.T.);
#2257=EDGE_CURVE('',#1763,#1762,#833,.T.);
#2258=EDGE_CURVE('',#1750,#1763,#1428,.T.);
#2259=EDGE_CURVE('',#1763,#1764,#834,.T.);
#2260=EDGE_CURVE('',#1765,#1764,#1429,.T.);
#2261=EDGE_CURVE('',#1750,#1765,#835,.T.);
#2262=EDGE_CURVE('',#1762,#1766,#836,.T.);
#2263=EDGE_CURVE('',#1764,#1766,#837,.T.);
#2264=EDGE_CURVE('',#1761,#1767,#838,.T.);
#2265=EDGE_CURVE('',#1766,#1767,#1430,.T.);
#2266=EDGE_CURVE('',#1760,#1768,#839,.T.);
#2267=EDGE_CURVE('',#1767,#1768,#840,.T.);
#2268=EDGE_CURVE('',#1759,#1769,#841,.T.);
#2269=EDGE_CURVE('',#1768,#1769,#1431,.T.);
#2270=EDGE_CURVE('',#1758,#1770,#842,.T.);
#2271=EDGE_CURVE('',#1769,#1770,#1432,.T.);
#2272=EDGE_CURVE('',#1757,#1771,#843,.T.);
#2273=EDGE_CURVE('',#1770,#1771,#844,.T.);
#2274=EDGE_CURVE('',#1605,#1756,#845,.T.);
#2275=EDGE_CURVE('',#1771,#1662,#846,.T.);
#2276=EDGE_CURVE('',#1755,#1606,#847,.T.);
#2277=EDGE_CURVE('',#1754,#1607,#848,.T.);
#2278=EDGE_CURVE('',#1753,#1608,#849,.T.);
#2279=EDGE_CURVE('',#1752,#1609,#850,.T.);
#2280=EDGE_CURVE('',#1751,#1725,#851,.T.);
#2281=EDGE_CURVE('',#1748,#1772,#852,.T.);
#2282=EDGE_CURVE('',#1773,#1765,#853,.T.);
#2283=EDGE_CURVE('',#1772,#1773,#854,.T.);
#2284=EDGE_CURVE('',#1772,#1774,#855,.T.);
#2285=EDGE_CURVE('',#1775,#1773,#856,.T.);
#2286=EDGE_CURVE('',#1774,#1775,#857,.T.);
#2287=EDGE_CURVE('',#1774,#1776,#1433,.T.);
#2288=EDGE_CURVE('',#1777,#1775,#1434,.T.);
#2289=EDGE_CURVE('',#1776,#1777,#858,.T.);
#2290=EDGE_CURVE('',#1776,#1778,#859,.T.);
#2291=EDGE_CURVE('',#1779,#1777,#860,.T.);
#2292=EDGE_CURVE('',#1778,#1779,#861,.T.);
#2293=EDGE_CURVE('',#1778,#1780,#1435,.T.);
#2294=EDGE_CURVE('',#1781,#1779,#1436,.T.);
#2295=EDGE_CURVE('',#1780,#1781,#862,.T.);
#2296=EDGE_CURVE('',#1780,#1782,#863,.T.);
#2297=EDGE_CURVE('',#1783,#1781,#864,.T.);
#2298=EDGE_CURVE('',#1782,#1783,#865,.T.);
#2299=EDGE_CURVE('',#1784,#1782,#1437,.T.);
#2300=EDGE_CURVE('',#1785,#1783,#1438,.T.);
#2301=EDGE_CURVE('',#1784,#1785,#866,.T.);
#2302=EDGE_CURVE('',#1784,#1786,#867,.T.);
#2303=EDGE_CURVE('',#1787,#1785,#868,.T.);
#2304=EDGE_CURVE('',#1786,#1787,#869,.T.);
#2305=EDGE_CURVE('',#1786,#1723,#1439,.T.);
#2306=EDGE_CURVE('',#1724,#1787,#1440,.T.);
#2307=EDGE_CURVE('',#1722,#1788,#1441,.T.);
#2308=EDGE_CURVE('',#1788,#1746,#870,.T.);
#2309=EDGE_CURVE('',#1788,#1789,#871,.T.);
#2310=EDGE_CURVE('',#1789,#1745,#872,.T.);
#2311=EDGE_CURVE('',#1789,#1790,#1442,.T.);
#2312=EDGE_CURVE('',#1790,#1744,#873,.T.);
#2313=EDGE_CURVE('',#1790,#1791,#874,.T.);
#2314=EDGE_CURVE('',#1791,#1743,#875,.T.);
#2315=EDGE_CURVE('',#1791,#1792,#1443,.T.);
#2316=EDGE_CURVE('',#1792,#1742,#876,.T.);
#2317=EDGE_CURVE('',#1792,#1793,#877,.T.);
#2318=EDGE_CURVE('',#1793,#1741,#878,.T.);
#2319=EDGE_CURVE('',#1793,#1794,#1444,.T.);
#2320=EDGE_CURVE('',#1794,#1740,#879,.T.);
#2321=EDGE_CURVE('',#1794,#1795,#880,.T.);
#2322=EDGE_CURVE('',#1795,#1739,#881,.T.);
#2323=EDGE_CURVE('',#1795,#1796,#882,.T.);
#2324=EDGE_CURVE('',#1796,#1738,#883,.T.);
#2325=EDGE_CURVE('',#1796,#1797,#1445,.T.);
#2326=EDGE_CURVE('',#1797,#1737,#884,.T.);
#2327=EDGE_CURVE('',#1797,#1798,#885,.T.);
#2328=EDGE_CURVE('',#1798,#1736,#886,.T.);
#2329=EDGE_CURVE('',#1798,#1799,#887,.T.);
#2330=EDGE_CURVE('',#1799,#1735,#888,.T.);
#2331=EDGE_CURVE('',#1799,#1800,#1446,.T.);
#2332=EDGE_CURVE('',#1800,#1734,#889,.T.);
#2333=EDGE_CURVE('',#1800,#1801,#890,.T.);
#2334=EDGE_CURVE('',#1801,#1733,#891,.T.);
#2335=EDGE_CURVE('',#1801,#1802,#1447,.T.);
#2336=EDGE_CURVE('',#1802,#1732,#892,.T.);
#2337=EDGE_CURVE('',#1802,#1803,#893,.T.);
#2338=EDGE_CURVE('',#1803,#1731,#894,.T.);
#2339=EDGE_CURVE('',#1803,#1804,#895,.T.);
#2340=EDGE_CURVE('',#1804,#1730,#896,.T.);
#2341=EDGE_CURVE('',#1804,#1805,#1448,.T.);
#2342=EDGE_CURVE('',#1805,#1729,#897,.T.);
#2343=EDGE_CURVE('',#1805,#1806,#898,.T.);
#2344=EDGE_CURVE('',#1806,#1728,#899,.T.);
#2345=EDGE_CURVE('',#1806,#1807,#900,.T.);
#2346=EDGE_CURVE('',#1807,#1727,#901,.T.);
#2347=EDGE_CURVE('',#1807,#1808,#1449,.T.);
#2348=EDGE_CURVE('',#1808,#1726,#902,.T.);
#2349=EDGE_CURVE('',#1808,#1747,#903,.T.);
#2350=EDGE_CURVE('',#1657,#1455,#904,.T.);
#2351=EDGE_CURVE('',#1656,#1452,#905,.T.);
#2352=EDGE_CURVE('',#1655,#1464,#906,.T.);
#2353=EDGE_CURVE('',#1654,#1461,#907,.T.);
#2354=ORIENTED_EDGE('',*,*,#1809,.F.);
#2355=ORIENTED_EDGE('',*,*,#1810,.T.);
#2356=ORIENTED_EDGE('',*,*,#1811,.T.);
#2357=ORIENTED_EDGE('',*,*,#1810,.F.);
#2358=ORIENTED_EDGE('',*,*,#1811,.F.);
#2359=ORIENTED_EDGE('',*,*,#1812,.F.);
#2360=ORIENTED_EDGE('',*,*,#1813,.F.);
#2361=ORIENTED_EDGE('',*,*,#1814,.T.);
#2362=ORIENTED_EDGE('',*,*,#1815,.T.);
#2363=ORIENTED_EDGE('',*,*,#1814,.F.);
#2364=ORIENTED_EDGE('',*,*,#1815,.F.);
#2365=ORIENTED_EDGE('',*,*,#1816,.F.);
#2366=ORIENTED_EDGE('',*,*,#1817,.F.);
#2367=ORIENTED_EDGE('',*,*,#1818,.T.);
#2368=ORIENTED_EDGE('',*,*,#1819,.T.);
#2369=ORIENTED_EDGE('',*,*,#1818,.F.);
#2370=ORIENTED_EDGE('',*,*,#1819,.F.);
#2371=ORIENTED_EDGE('',*,*,#1820,.F.);
#2372=ORIENTED_EDGE('',*,*,#1821,.F.);
#2373=ORIENTED_EDGE('',*,*,#1822,.T.);
#2374=ORIENTED_EDGE('',*,*,#1823,.T.);
#2375=ORIENTED_EDGE('',*,*,#1822,.F.);
#2376=ORIENTED_EDGE('',*,*,#1823,.F.);
#2377=ORIENTED_EDGE('',*,*,#1824,.F.);
#2378=ORIENTED_EDGE('',*,*,#1825,.F.);
#2379=ORIENTED_EDGE('',*,*,#1826,.T.);
#2380=ORIENTED_EDGE('',*,*,#1827,.T.);
#2381=ORIENTED_EDGE('',*,*,#1826,.F.);
#2382=ORIENTED_EDGE('',*,*,#1827,.F.);
#2383=ORIENTED_EDGE('',*,*,#1828,.F.);
#2384=ORIENTED_EDGE('',*,*,#1829,.F.);
#2385=ORIENTED_EDGE('',*,*,#1830,.T.);
#2386=ORIENTED_EDGE('',*,*,#1831,.T.);
#2387=ORIENTED_EDGE('',*,*,#1830,.F.);
#2388=ORIENTED_EDGE('',*,*,#1831,.F.);
#2389=ORIENTED_EDGE('',*,*,#1832,.F.);
#2390=ORIENTED_EDGE('',*,*,#1833,.F.);
#2391=ORIENTED_EDGE('',*,*,#1834,.F.);
#2392=ORIENTED_EDGE('',*,*,#1835,.F.);
#2393=ORIENTED_EDGE('',*,*,#1836,.T.);
#2394=ORIENTED_EDGE('',*,*,#1837,.F.);
#2395=ORIENTED_EDGE('',*,*,#1836,.F.);
#2396=ORIENTED_EDGE('',*,*,#1838,.F.);
#2397=ORIENTED_EDGE('',*,*,#1839,.F.);
#2398=ORIENTED_EDGE('',*,*,#1840,.F.);
#2399=ORIENTED_EDGE('',*,*,#1841,.T.);
#2400=ORIENTED_EDGE('',*,*,#1842,.F.);
#2401=ORIENTED_EDGE('',*,*,#1841,.F.);
#2402=ORIENTED_EDGE('',*,*,#1843,.F.);
#2403=ORIENTED_EDGE('',*,*,#1844,.T.);
#2404=ORIENTED_EDGE('',*,*,#1845,.F.);
#2405=ORIENTED_EDGE('',*,*,#1844,.F.);
#2406=ORIENTED_EDGE('',*,*,#1846,.F.);
#2407=ORIENTED_EDGE('',*,*,#1847,.F.);
#2408=ORIENTED_EDGE('',*,*,#1848,.F.);
#2409=ORIENTED_EDGE('',*,*,#1834,.T.);
#2410=ORIENTED_EDGE('',*,*,#1847,.T.);
#2411=ORIENTED_EDGE('',*,*,#1849,.F.);
#2412=ORIENTED_EDGE('',*,*,#1850,.F.);
#2413=ORIENTED_EDGE('',*,*,#1851,.F.);
#2414=ORIENTED_EDGE('',*,*,#1852,.F.);
#2415=ORIENTED_EDGE('',*,*,#1853,.F.);
#2416=ORIENTED_EDGE('',*,*,#1854,.F.);
#2417=ORIENTED_EDGE('',*,*,#1855,.F.);
#2418=ORIENTED_EDGE('',*,*,#1856,.F.);
#2419=ORIENTED_EDGE('',*,*,#1857,.F.);
#2420=ORIENTED_EDGE('',*,*,#1858,.F.);
#2421=ORIENTED_EDGE('',*,*,#1859,.F.);
#2422=ORIENTED_EDGE('',*,*,#1860,.F.);
#2423=ORIENTED_EDGE('',*,*,#1861,.F.);
#2424=ORIENTED_EDGE('',*,*,#1862,.F.);
#2425=ORIENTED_EDGE('',*,*,#1863,.F.);
#2426=ORIENTED_EDGE('',*,*,#1864,.T.);
#2427=ORIENTED_EDGE('',*,*,#1865,.T.);
#2428=ORIENTED_EDGE('',*,*,#1866,.T.);
#2429=ORIENTED_EDGE('',*,*,#1867,.T.);
#2430=ORIENTED_EDGE('',*,*,#1868,.T.);
#2431=ORIENTED_EDGE('',*,*,#1869,.T.);
#2432=ORIENTED_EDGE('',*,*,#1870,.T.);
#2433=ORIENTED_EDGE('',*,*,#1871,.T.);
#2434=ORIENTED_EDGE('',*,*,#1872,.T.);
#2435=ORIENTED_EDGE('',*,*,#1873,.T.);
#2436=ORIENTED_EDGE('',*,*,#1874,.T.);
#2437=ORIENTED_EDGE('',*,*,#1875,.T.);
#2438=ORIENTED_EDGE('',*,*,#1876,.T.);
#2439=ORIENTED_EDGE('',*,*,#1877,.T.);
#2440=ORIENTED_EDGE('',*,*,#1878,.T.);
#2441=ORIENTED_EDGE('',*,*,#1879,.T.);
#2442=ORIENTED_EDGE('',*,*,#1839,.T.);
#2443=ORIENTED_EDGE('',*,*,#1880,.T.);
#2444=ORIENTED_EDGE('',*,*,#1881,.T.);
#2445=ORIENTED_EDGE('',*,*,#1882,.T.);
#2446=ORIENTED_EDGE('',*,*,#1883,.T.);
#2447=ORIENTED_EDGE('',*,*,#1884,.T.);
#2448=ORIENTED_EDGE('',*,*,#1885,.T.);
#2449=ORIENTED_EDGE('',*,*,#1886,.T.);
#2450=ORIENTED_EDGE('',*,*,#1887,.T.);
#2451=ORIENTED_EDGE('',*,*,#1888,.T.);
#2452=ORIENTED_EDGE('',*,*,#1889,.T.);
#2453=ORIENTED_EDGE('',*,*,#1890,.T.);
#2454=ORIENTED_EDGE('',*,*,#1891,.T.);
#2455=ORIENTED_EDGE('',*,*,#1892,.T.);
#2456=ORIENTED_EDGE('',*,*,#1893,.T.);
#2457=ORIENTED_EDGE('',*,*,#1894,.T.);
#2458=ORIENTED_EDGE('',*,*,#1895,.T.);
#2459=ORIENTED_EDGE('',*,*,#1896,.T.);
#2460=ORIENTED_EDGE('',*,*,#1897,.T.);
#2461=ORIENTED_EDGE('',*,*,#1898,.T.);
#2462=ORIENTED_EDGE('',*,*,#1899,.T.);
#2463=ORIENTED_EDGE('',*,*,#1900,.T.);
#2464=ORIENTED_EDGE('',*,*,#1901,.T.);
#2465=ORIENTED_EDGE('',*,*,#1902,.T.);
#2466=ORIENTED_EDGE('',*,*,#1903,.T.);
#2467=ORIENTED_EDGE('',*,*,#1904,.T.);
#2468=ORIENTED_EDGE('',*,*,#1905,.T.);
#2469=ORIENTED_EDGE('',*,*,#1906,.T.);
#2470=ORIENTED_EDGE('',*,*,#1907,.T.);
#2471=ORIENTED_EDGE('',*,*,#1908,.T.);
#2472=ORIENTED_EDGE('',*,*,#1909,.T.);
#2473=ORIENTED_EDGE('',*,*,#1910,.T.);
#2474=ORIENTED_EDGE('',*,*,#1911,.T.);
#2475=ORIENTED_EDGE('',*,*,#1912,.T.);
#2476=ORIENTED_EDGE('',*,*,#1913,.F.);
#2477=ORIENTED_EDGE('',*,*,#1914,.F.);
#2478=ORIENTED_EDGE('',*,*,#1915,.F.);
#2479=ORIENTED_EDGE('',*,*,#1916,.F.);
#2480=ORIENTED_EDGE('',*,*,#1917,.F.);
#2481=ORIENTED_EDGE('',*,*,#1918,.F.);
#2482=ORIENTED_EDGE('',*,*,#1919,.F.);
#2483=ORIENTED_EDGE('',*,*,#1920,.F.);
#2484=ORIENTED_EDGE('',*,*,#1921,.F.);
#2485=ORIENTED_EDGE('',*,*,#1922,.F.);
#2486=ORIENTED_EDGE('',*,*,#1923,.F.);
#2487=ORIENTED_EDGE('',*,*,#1924,.F.);
#2488=ORIENTED_EDGE('',*,*,#1925,.F.);
#2489=ORIENTED_EDGE('',*,*,#1926,.F.);
#2490=ORIENTED_EDGE('',*,*,#1927,.F.);
#2491=ORIENTED_EDGE('',*,*,#1928,.F.);
#2492=ORIENTED_EDGE('',*,*,#1929,.F.);
#2493=ORIENTED_EDGE('',*,*,#1930,.F.);
#2494=ORIENTED_EDGE('',*,*,#1931,.F.);
#2495=ORIENTED_EDGE('',*,*,#1932,.F.);
#2496=ORIENTED_EDGE('',*,*,#1933,.F.);
#2497=ORIENTED_EDGE('',*,*,#1934,.F.);
#2498=ORIENTED_EDGE('',*,*,#1935,.F.);
#2499=ORIENTED_EDGE('',*,*,#1936,.F.);
#2500=ORIENTED_EDGE('',*,*,#1937,.F.);
#2501=ORIENTED_EDGE('',*,*,#1938,.F.);
#2502=ORIENTED_EDGE('',*,*,#1939,.F.);
#2503=ORIENTED_EDGE('',*,*,#1940,.F.);
#2504=ORIENTED_EDGE('',*,*,#1941,.F.);
#2505=ORIENTED_EDGE('',*,*,#1942,.F.);
#2506=ORIENTED_EDGE('',*,*,#1943,.F.);
#2507=ORIENTED_EDGE('',*,*,#1944,.F.);
#2508=ORIENTED_EDGE('',*,*,#1945,.F.);
#2509=ORIENTED_EDGE('',*,*,#1838,.T.);
#2510=ORIENTED_EDGE('',*,*,#1835,.T.);
#2511=ORIENTED_EDGE('',*,*,#1848,.T.);
#2512=ORIENTED_EDGE('',*,*,#1879,.F.);
#2513=ORIENTED_EDGE('',*,*,#1946,.F.);
#2514=ORIENTED_EDGE('',*,*,#1947,.F.);
#2515=ORIENTED_EDGE('',*,*,#1948,.T.);
#2516=ORIENTED_EDGE('',*,*,#1880,.F.);
#2517=ORIENTED_EDGE('',*,*,#1949,.F.);
#2518=ORIENTED_EDGE('',*,*,#1950,.T.);
#2519=ORIENTED_EDGE('',*,*,#1820,.T.);
#2520=ORIENTED_EDGE('',*,*,#1950,.F.);
#2521=ORIENTED_EDGE('',*,*,#1951,.F.);
#2522=ORIENTED_EDGE('',*,*,#1952,.T.);
#2523=ORIENTED_EDGE('',*,*,#1832,.T.);
#2524=ORIENTED_EDGE('',*,*,#1952,.F.);
#2525=ORIENTED_EDGE('',*,*,#1953,.T.);
#2526=ORIENTED_EDGE('',*,*,#1954,.T.);
#2527=ORIENTED_EDGE('',*,*,#1955,.T.);
#2528=ORIENTED_EDGE('',*,*,#1956,.T.);
#2529=ORIENTED_EDGE('',*,*,#1957,.T.);
#2530=ORIENTED_EDGE('',*,*,#1958,.T.);
#2531=ORIENTED_EDGE('',*,*,#1955,.F.);
#2532=ORIENTED_EDGE('',*,*,#1959,.T.);
#2533=ORIENTED_EDGE('',*,*,#1960,.T.);
#2534=ORIENTED_EDGE('',*,*,#1961,.T.);
#2535=ORIENTED_EDGE('',*,*,#1957,.F.);
#2536=ORIENTED_EDGE('',*,*,#1962,.T.);
#2537=ORIENTED_EDGE('',*,*,#1963,.T.);
#2538=ORIENTED_EDGE('',*,*,#1964,.T.);
#2539=ORIENTED_EDGE('',*,*,#1960,.F.);
#2540=ORIENTED_EDGE('',*,*,#1965,.T.);
#2541=ORIENTED_EDGE('',*,*,#1966,.T.);
#2542=ORIENTED_EDGE('',*,*,#1967,.T.);
#2543=ORIENTED_EDGE('',*,*,#1968,.T.);
#2544=ORIENTED_EDGE('',*,*,#1969,.T.);
#2545=ORIENTED_EDGE('',*,*,#1970,.T.);
#2546=ORIENTED_EDGE('',*,*,#1971,.T.);
#2547=ORIENTED_EDGE('',*,*,#1968,.F.);
#2548=ORIENTED_EDGE('',*,*,#1972,.T.);
#2549=ORIENTED_EDGE('',*,*,#1973,.T.);
#2550=ORIENTED_EDGE('',*,*,#1974,.T.);
#2551=ORIENTED_EDGE('',*,*,#1970,.F.);
#2552=ORIENTED_EDGE('',*,*,#1975,.T.);
#2553=ORIENTED_EDGE('',*,*,#1976,.T.);
#2554=ORIENTED_EDGE('',*,*,#1966,.F.);
#2555=ORIENTED_EDGE('',*,*,#1977,.T.);
#2556=ORIENTED_EDGE('',*,*,#1963,.F.);
#2557=ORIENTED_EDGE('',*,*,#1978,.T.);
#2558=ORIENTED_EDGE('',*,*,#1979,.T.);
#2559=ORIENTED_EDGE('',*,*,#1976,.F.);
#2560=ORIENTED_EDGE('',*,*,#1980,.T.);
#2561=ORIENTED_EDGE('',*,*,#1981,.T.);
#2562=ORIENTED_EDGE('',*,*,#1982,.T.);
#2563=ORIENTED_EDGE('',*,*,#1981,.F.);
#2564=ORIENTED_EDGE('',*,*,#1983,.T.);
#2565=ORIENTED_EDGE('',*,*,#1953,.F.);
#2566=ORIENTED_EDGE('',*,*,#1954,.F.);
#2567=ORIENTED_EDGE('',*,*,#1983,.F.);
#2568=ORIENTED_EDGE('',*,*,#1984,.T.);
#2569=ORIENTED_EDGE('',*,*,#1985,.T.);
#2570=ORIENTED_EDGE('',*,*,#1986,.F.);
#2571=ORIENTED_EDGE('',*,*,#1980,.F.);
#2572=ORIENTED_EDGE('',*,*,#1975,.F.);
#2573=ORIENTED_EDGE('',*,*,#1987,.T.);
#2574=ORIENTED_EDGE('',*,*,#1988,.T.);
#2575=ORIENTED_EDGE('',*,*,#1984,.F.);
#2576=ORIENTED_EDGE('',*,*,#1972,.F.);
#2577=ORIENTED_EDGE('',*,*,#1989,.T.);
#2578=ORIENTED_EDGE('',*,*,#1990,.T.);
#2579=ORIENTED_EDGE('',*,*,#1987,.F.);
#2580=ORIENTED_EDGE('',*,*,#1967,.F.);
#2581=ORIENTED_EDGE('',*,*,#1991,.T.);
#2582=ORIENTED_EDGE('',*,*,#1992,.T.);
#2583=ORIENTED_EDGE('',*,*,#1989,.F.);
#2584=ORIENTED_EDGE('',*,*,#1956,.F.);
#2585=ORIENTED_EDGE('',*,*,#1958,.F.);
#2586=ORIENTED_EDGE('',*,*,#1961,.F.);
#2587=ORIENTED_EDGE('',*,*,#1964,.F.);
#2588=ORIENTED_EDGE('',*,*,#1977,.F.);
#2589=ORIENTED_EDGE('',*,*,#1969,.F.);
#2590=ORIENTED_EDGE('',*,*,#1971,.F.);
#2591=ORIENTED_EDGE('',*,*,#1974,.F.);
#2592=ORIENTED_EDGE('',*,*,#1993,.T.);
#2593=ORIENTED_EDGE('',*,*,#1994,.T.);
#2594=ORIENTED_EDGE('',*,*,#1995,.T.);
#2595=ORIENTED_EDGE('',*,*,#1996,.T.);
#2596=ORIENTED_EDGE('',*,*,#1997,.T.);
#2597=ORIENTED_EDGE('',*,*,#1998,.T.);
#2598=ORIENTED_EDGE('',*,*,#1999,.T.);
#2599=ORIENTED_EDGE('',*,*,#2000,.T.);
#2600=ORIENTED_EDGE('',*,*,#2001,.T.);
#2601=ORIENTED_EDGE('',*,*,#2002,.T.);
#2602=ORIENTED_EDGE('',*,*,#2003,.T.);
#2603=ORIENTED_EDGE('',*,*,#2004,.T.);
#2604=ORIENTED_EDGE('',*,*,#2005,.T.);
#2605=ORIENTED_EDGE('',*,*,#2006,.T.);
#2606=ORIENTED_EDGE('',*,*,#2007,.T.);
#2607=ORIENTED_EDGE('',*,*,#2008,.T.);
#2608=ORIENTED_EDGE('',*,*,#2009,.T.);
#2609=ORIENTED_EDGE('',*,*,#2010,.T.);
#2610=ORIENTED_EDGE('',*,*,#2011,.T.);
#2611=ORIENTED_EDGE('',*,*,#2012,.T.);
#2612=ORIENTED_EDGE('',*,*,#2013,.T.);
#2613=ORIENTED_EDGE('',*,*,#2014,.T.);
#2614=ORIENTED_EDGE('',*,*,#2015,.T.);
#2615=ORIENTED_EDGE('',*,*,#2016,.T.);
#2616=ORIENTED_EDGE('',*,*,#2017,.T.);
#2617=ORIENTED_EDGE('',*,*,#2018,.T.);
#2618=ORIENTED_EDGE('',*,*,#2019,.T.);
#2619=ORIENTED_EDGE('',*,*,#2020,.T.);
#2620=ORIENTED_EDGE('',*,*,#2021,.T.);
#2621=ORIENTED_EDGE('',*,*,#2022,.T.);
#2622=ORIENTED_EDGE('',*,*,#2023,.T.);
#2623=ORIENTED_EDGE('',*,*,#2024,.T.);
#2624=ORIENTED_EDGE('',*,*,#2025,.T.);
#2625=ORIENTED_EDGE('',*,*,#2026,.T.);
#2626=ORIENTED_EDGE('',*,*,#2027,.T.);
#2627=ORIENTED_EDGE('',*,*,#2028,.T.);
#2628=ORIENTED_EDGE('',*,*,#2029,.T.);
#2629=ORIENTED_EDGE('',*,*,#1947,.T.);
#2630=ORIENTED_EDGE('',*,*,#2030,.T.);
#2631=ORIENTED_EDGE('',*,*,#2031,.T.);
#2632=ORIENTED_EDGE('',*,*,#2032,.T.);
#2633=ORIENTED_EDGE('',*,*,#2033,.T.);
#2634=ORIENTED_EDGE('',*,*,#2034,.T.);
#2635=ORIENTED_EDGE('',*,*,#2035,.T.);
#2636=ORIENTED_EDGE('',*,*,#2036,.T.);
#2637=ORIENTED_EDGE('',*,*,#2037,.T.);
#2638=ORIENTED_EDGE('',*,*,#2038,.T.);
#2639=ORIENTED_EDGE('',*,*,#2039,.T.);
#2640=ORIENTED_EDGE('',*,*,#2040,.T.);
#2641=ORIENTED_EDGE('',*,*,#2041,.T.);
#2642=ORIENTED_EDGE('',*,*,#2042,.T.);
#2643=ORIENTED_EDGE('',*,*,#2043,.T.);
#2644=ORIENTED_EDGE('',*,*,#2044,.T.);
#2645=ORIENTED_EDGE('',*,*,#2045,.T.);
#2646=ORIENTED_EDGE('',*,*,#2046,.T.);
#2647=ORIENTED_EDGE('',*,*,#2047,.T.);
#2648=ORIENTED_EDGE('',*,*,#1978,.F.);
#2649=ORIENTED_EDGE('',*,*,#2048,.T.);
#2650=ORIENTED_EDGE('',*,*,#2049,.T.);
#2651=ORIENTED_EDGE('',*,*,#1991,.F.);
#2652=ORIENTED_EDGE('',*,*,#1965,.F.);
#2653=ORIENTED_EDGE('',*,*,#2050,.T.);
#2654=ORIENTED_EDGE('',*,*,#2051,.T.);
#2655=ORIENTED_EDGE('',*,*,#2048,.F.);
#2656=ORIENTED_EDGE('',*,*,#1962,.F.);
#2657=ORIENTED_EDGE('',*,*,#2052,.T.);
#2658=ORIENTED_EDGE('',*,*,#2053,.T.);
#2659=ORIENTED_EDGE('',*,*,#2050,.F.);
#2660=ORIENTED_EDGE('',*,*,#1959,.F.);
#2661=ORIENTED_EDGE('',*,*,#1986,.T.);
#2662=ORIENTED_EDGE('',*,*,#2054,.T.);
#2663=ORIENTED_EDGE('',*,*,#2052,.F.);
#2664=ORIENTED_EDGE('',*,*,#1985,.F.);
#2665=ORIENTED_EDGE('',*,*,#1988,.F.);
#2666=ORIENTED_EDGE('',*,*,#1990,.F.);
#2667=ORIENTED_EDGE('',*,*,#1992,.F.);
#2668=ORIENTED_EDGE('',*,*,#2049,.F.);
#2669=ORIENTED_EDGE('',*,*,#2051,.F.);
#2670=ORIENTED_EDGE('',*,*,#2053,.F.);
#2671=ORIENTED_EDGE('',*,*,#2054,.F.);
#2672=ORIENTED_EDGE('',*,*,#1999,.F.);
#2673=ORIENTED_EDGE('',*,*,#2055,.T.);
#2674=ORIENTED_EDGE('',*,*,#1911,.F.);
#2675=ORIENTED_EDGE('',*,*,#2056,.F.);
#2676=ORIENTED_EDGE('',*,*,#2000,.F.);
#2677=ORIENTED_EDGE('',*,*,#2056,.T.);
#2678=ORIENTED_EDGE('',*,*,#1910,.F.);
#2679=ORIENTED_EDGE('',*,*,#2057,.F.);
#2680=ORIENTED_EDGE('',*,*,#2001,.F.);
#2681=ORIENTED_EDGE('',*,*,#2057,.T.);
#2682=ORIENTED_EDGE('',*,*,#1909,.F.);
#2683=ORIENTED_EDGE('',*,*,#2058,.F.);
#2684=ORIENTED_EDGE('',*,*,#2002,.F.);
#2685=ORIENTED_EDGE('',*,*,#2058,.T.);
#2686=ORIENTED_EDGE('',*,*,#1908,.F.);
#2687=ORIENTED_EDGE('',*,*,#2059,.F.);
#2688=ORIENTED_EDGE('',*,*,#2003,.F.);
#2689=ORIENTED_EDGE('',*,*,#2059,.T.);
#2690=ORIENTED_EDGE('',*,*,#1907,.F.);
#2691=ORIENTED_EDGE('',*,*,#2060,.F.);
#2692=ORIENTED_EDGE('',*,*,#2004,.F.);
#2693=ORIENTED_EDGE('',*,*,#2060,.T.);
#2694=ORIENTED_EDGE('',*,*,#1906,.F.);
#2695=ORIENTED_EDGE('',*,*,#2061,.F.);
#2696=ORIENTED_EDGE('',*,*,#2005,.F.);
#2697=ORIENTED_EDGE('',*,*,#2061,.T.);
#2698=ORIENTED_EDGE('',*,*,#1905,.F.);
#2699=ORIENTED_EDGE('',*,*,#2062,.F.);
#2700=ORIENTED_EDGE('',*,*,#2006,.F.);
#2701=ORIENTED_EDGE('',*,*,#2062,.T.);
#2702=ORIENTED_EDGE('',*,*,#1904,.F.);
#2703=ORIENTED_EDGE('',*,*,#2063,.F.);
#2704=ORIENTED_EDGE('',*,*,#2007,.F.);
#2705=ORIENTED_EDGE('',*,*,#2063,.T.);
#2706=ORIENTED_EDGE('',*,*,#1903,.F.);
#2707=ORIENTED_EDGE('',*,*,#2064,.F.);
#2708=ORIENTED_EDGE('',*,*,#2008,.F.);
#2709=ORIENTED_EDGE('',*,*,#2064,.T.);
#2710=ORIENTED_EDGE('',*,*,#1902,.F.);
#2711=ORIENTED_EDGE('',*,*,#2065,.F.);
#2712=ORIENTED_EDGE('',*,*,#2009,.F.);
#2713=ORIENTED_EDGE('',*,*,#2065,.T.);
#2714=ORIENTED_EDGE('',*,*,#1901,.F.);
#2715=ORIENTED_EDGE('',*,*,#2066,.F.);
#2716=ORIENTED_EDGE('',*,*,#2010,.F.);
#2717=ORIENTED_EDGE('',*,*,#2066,.T.);
#2718=ORIENTED_EDGE('',*,*,#1900,.F.);
#2719=ORIENTED_EDGE('',*,*,#2067,.F.);
#2720=ORIENTED_EDGE('',*,*,#2011,.F.);
#2721=ORIENTED_EDGE('',*,*,#2067,.T.);
#2722=ORIENTED_EDGE('',*,*,#1899,.F.);
#2723=ORIENTED_EDGE('',*,*,#2068,.F.);
#2724=ORIENTED_EDGE('',*,*,#2012,.F.);
#2725=ORIENTED_EDGE('',*,*,#2068,.T.);
#2726=ORIENTED_EDGE('',*,*,#1898,.F.);
#2727=ORIENTED_EDGE('',*,*,#2069,.F.);
#2728=ORIENTED_EDGE('',*,*,#2013,.F.);
#2729=ORIENTED_EDGE('',*,*,#2069,.T.);
#2730=ORIENTED_EDGE('',*,*,#1897,.F.);
#2731=ORIENTED_EDGE('',*,*,#2070,.F.);
#2732=ORIENTED_EDGE('',*,*,#2014,.F.);
#2733=ORIENTED_EDGE('',*,*,#2070,.T.);
#2734=ORIENTED_EDGE('',*,*,#1896,.F.);
#2735=ORIENTED_EDGE('',*,*,#2071,.F.);
#2736=ORIENTED_EDGE('',*,*,#2015,.F.);
#2737=ORIENTED_EDGE('',*,*,#2071,.T.);
#2738=ORIENTED_EDGE('',*,*,#1895,.F.);
#2739=ORIENTED_EDGE('',*,*,#2072,.F.);
#2740=ORIENTED_EDGE('',*,*,#2016,.F.);
#2741=ORIENTED_EDGE('',*,*,#2072,.T.);
#2742=ORIENTED_EDGE('',*,*,#1894,.F.);
#2743=ORIENTED_EDGE('',*,*,#2073,.F.);
#2744=ORIENTED_EDGE('',*,*,#2017,.F.);
#2745=ORIENTED_EDGE('',*,*,#2073,.T.);
#2746=ORIENTED_EDGE('',*,*,#1893,.F.);
#2747=ORIENTED_EDGE('',*,*,#2074,.F.);
#2748=ORIENTED_EDGE('',*,*,#2018,.F.);
#2749=ORIENTED_EDGE('',*,*,#2074,.T.);
#2750=ORIENTED_EDGE('',*,*,#1892,.F.);
#2751=ORIENTED_EDGE('',*,*,#2075,.F.);
#2752=ORIENTED_EDGE('',*,*,#2019,.F.);
#2753=ORIENTED_EDGE('',*,*,#2075,.T.);
#2754=ORIENTED_EDGE('',*,*,#1891,.F.);
#2755=ORIENTED_EDGE('',*,*,#2076,.F.);
#2756=ORIENTED_EDGE('',*,*,#2020,.F.);
#2757=ORIENTED_EDGE('',*,*,#2076,.T.);
#2758=ORIENTED_EDGE('',*,*,#1890,.F.);
#2759=ORIENTED_EDGE('',*,*,#2077,.F.);
#2760=ORIENTED_EDGE('',*,*,#2021,.F.);
#2761=ORIENTED_EDGE('',*,*,#2077,.T.);
#2762=ORIENTED_EDGE('',*,*,#1889,.F.);
#2763=ORIENTED_EDGE('',*,*,#2078,.F.);
#2764=ORIENTED_EDGE('',*,*,#2022,.F.);
#2765=ORIENTED_EDGE('',*,*,#2078,.T.);
#2766=ORIENTED_EDGE('',*,*,#1888,.F.);
#2767=ORIENTED_EDGE('',*,*,#2079,.F.);
#2768=ORIENTED_EDGE('',*,*,#2023,.F.);
#2769=ORIENTED_EDGE('',*,*,#2079,.T.);
#2770=ORIENTED_EDGE('',*,*,#1887,.F.);
#2771=ORIENTED_EDGE('',*,*,#2080,.F.);
#2772=ORIENTED_EDGE('',*,*,#2024,.F.);
#2773=ORIENTED_EDGE('',*,*,#2080,.T.);
#2774=ORIENTED_EDGE('',*,*,#1886,.F.);
#2775=ORIENTED_EDGE('',*,*,#2081,.F.);
#2776=ORIENTED_EDGE('',*,*,#2025,.F.);
#2777=ORIENTED_EDGE('',*,*,#2081,.T.);
#2778=ORIENTED_EDGE('',*,*,#1885,.F.);
#2779=ORIENTED_EDGE('',*,*,#2082,.F.);
#2780=ORIENTED_EDGE('',*,*,#2026,.F.);
#2781=ORIENTED_EDGE('',*,*,#2082,.T.);
#2782=ORIENTED_EDGE('',*,*,#1884,.F.);
#2783=ORIENTED_EDGE('',*,*,#2083,.F.);
#2784=ORIENTED_EDGE('',*,*,#2027,.F.);
#2785=ORIENTED_EDGE('',*,*,#2083,.T.);
#2786=ORIENTED_EDGE('',*,*,#1883,.F.);
#2787=ORIENTED_EDGE('',*,*,#2084,.F.);
#2788=ORIENTED_EDGE('',*,*,#2028,.F.);
#2789=ORIENTED_EDGE('',*,*,#2084,.T.);
#2790=ORIENTED_EDGE('',*,*,#1882,.F.);
#2791=ORIENTED_EDGE('',*,*,#2085,.F.);
#2792=ORIENTED_EDGE('',*,*,#2029,.F.);
#2793=ORIENTED_EDGE('',*,*,#2085,.T.);
#2794=ORIENTED_EDGE('',*,*,#1881,.F.);
#2795=ORIENTED_EDGE('',*,*,#1948,.F.);
#2796=ORIENTED_EDGE('',*,*,#2030,.F.);
#2797=ORIENTED_EDGE('',*,*,#1946,.T.);
#2798=ORIENTED_EDGE('',*,*,#1878,.F.);
#2799=ORIENTED_EDGE('',*,*,#2086,.F.);
#2800=ORIENTED_EDGE('',*,*,#2031,.F.);
#2801=ORIENTED_EDGE('',*,*,#2086,.T.);
#2802=ORIENTED_EDGE('',*,*,#1877,.F.);
#2803=ORIENTED_EDGE('',*,*,#2087,.F.);
#2804=ORIENTED_EDGE('',*,*,#2032,.F.);
#2805=ORIENTED_EDGE('',*,*,#2087,.T.);
#2806=ORIENTED_EDGE('',*,*,#1876,.F.);
#2807=ORIENTED_EDGE('',*,*,#2088,.F.);
#2808=ORIENTED_EDGE('',*,*,#2033,.F.);
#2809=ORIENTED_EDGE('',*,*,#2088,.T.);
#2810=ORIENTED_EDGE('',*,*,#1875,.F.);
#2811=ORIENTED_EDGE('',*,*,#2089,.F.);
#2812=ORIENTED_EDGE('',*,*,#2034,.F.);
#2813=ORIENTED_EDGE('',*,*,#2089,.T.);
#2814=ORIENTED_EDGE('',*,*,#1874,.F.);
#2815=ORIENTED_EDGE('',*,*,#2090,.F.);
#2816=ORIENTED_EDGE('',*,*,#2035,.F.);
#2817=ORIENTED_EDGE('',*,*,#2090,.T.);
#2818=ORIENTED_EDGE('',*,*,#1873,.F.);
#2819=ORIENTED_EDGE('',*,*,#2091,.F.);
#2820=ORIENTED_EDGE('',*,*,#2036,.F.);
#2821=ORIENTED_EDGE('',*,*,#2091,.T.);
#2822=ORIENTED_EDGE('',*,*,#1872,.F.);
#2823=ORIENTED_EDGE('',*,*,#2092,.F.);
#2824=ORIENTED_EDGE('',*,*,#2037,.F.);
#2825=ORIENTED_EDGE('',*,*,#2092,.T.);
#2826=ORIENTED_EDGE('',*,*,#1871,.F.);
#2827=ORIENTED_EDGE('',*,*,#2093,.F.);
#2828=ORIENTED_EDGE('',*,*,#2038,.F.);
#2829=ORIENTED_EDGE('',*,*,#2093,.T.);
#2830=ORIENTED_EDGE('',*,*,#1870,.F.);
#2831=ORIENTED_EDGE('',*,*,#2094,.F.);
#2832=ORIENTED_EDGE('',*,*,#2039,.F.);
#2833=ORIENTED_EDGE('',*,*,#2094,.T.);
#2834=ORIENTED_EDGE('',*,*,#1869,.F.);
#2835=ORIENTED_EDGE('',*,*,#2095,.F.);
#2836=ORIENTED_EDGE('',*,*,#2040,.F.);
#2837=ORIENTED_EDGE('',*,*,#2095,.T.);
#2838=ORIENTED_EDGE('',*,*,#1868,.F.);
#2839=ORIENTED_EDGE('',*,*,#2096,.F.);
#2840=ORIENTED_EDGE('',*,*,#2041,.F.);
#2841=ORIENTED_EDGE('',*,*,#2096,.T.);
#2842=ORIENTED_EDGE('',*,*,#1867,.F.);
#2843=ORIENTED_EDGE('',*,*,#2097,.F.);
#2844=ORIENTED_EDGE('',*,*,#2042,.F.);
#2845=ORIENTED_EDGE('',*,*,#2097,.T.);
#2846=ORIENTED_EDGE('',*,*,#1866,.F.);
#2847=ORIENTED_EDGE('',*,*,#2098,.F.);
#2848=ORIENTED_EDGE('',*,*,#2043,.F.);
#2849=ORIENTED_EDGE('',*,*,#2098,.T.);
#2850=ORIENTED_EDGE('',*,*,#1865,.F.);
#2851=ORIENTED_EDGE('',*,*,#2099,.F.);
#2852=ORIENTED_EDGE('',*,*,#1979,.F.);
#2853=ORIENTED_EDGE('',*,*,#1982,.F.);
#2854=ORIENTED_EDGE('',*,*,#1998,.F.);
#2855=ORIENTED_EDGE('',*,*,#2100,.T.);
#2856=ORIENTED_EDGE('',*,*,#1912,.F.);
#2857=ORIENTED_EDGE('',*,*,#2055,.F.);
#2858=ORIENTED_EDGE('',*,*,#1863,.T.);
#2859=ORIENTED_EDGE('',*,*,#2101,.T.);
#2860=ORIENTED_EDGE('',*,*,#2102,.F.);
#2861=ORIENTED_EDGE('',*,*,#2103,.F.);
#2862=ORIENTED_EDGE('',*,*,#1862,.T.);
#2863=ORIENTED_EDGE('',*,*,#2104,.T.);
#2864=ORIENTED_EDGE('',*,*,#2105,.F.);
#2865=ORIENTED_EDGE('',*,*,#2101,.F.);
#2866=ORIENTED_EDGE('',*,*,#1861,.T.);
#2867=ORIENTED_EDGE('',*,*,#2106,.T.);
#2868=ORIENTED_EDGE('',*,*,#2107,.F.);
#2869=ORIENTED_EDGE('',*,*,#2104,.F.);
#2870=ORIENTED_EDGE('',*,*,#1860,.T.);
#2871=ORIENTED_EDGE('',*,*,#2108,.T.);
#2872=ORIENTED_EDGE('',*,*,#2109,.F.);
#2873=ORIENTED_EDGE('',*,*,#2106,.F.);
#2874=ORIENTED_EDGE('',*,*,#1859,.T.);
#2875=ORIENTED_EDGE('',*,*,#2110,.T.);
#2876=ORIENTED_EDGE('',*,*,#2111,.F.);
#2877=ORIENTED_EDGE('',*,*,#2108,.F.);
#2878=ORIENTED_EDGE('',*,*,#1858,.T.);
#2879=ORIENTED_EDGE('',*,*,#2112,.T.);
#2880=ORIENTED_EDGE('',*,*,#2113,.F.);
#2881=ORIENTED_EDGE('',*,*,#2110,.F.);
#2882=ORIENTED_EDGE('',*,*,#1857,.T.);
#2883=ORIENTED_EDGE('',*,*,#2114,.T.);
#2884=ORIENTED_EDGE('',*,*,#2115,.F.);
#2885=ORIENTED_EDGE('',*,*,#2112,.F.);
#2886=ORIENTED_EDGE('',*,*,#1856,.T.);
#2887=ORIENTED_EDGE('',*,*,#2116,.T.);
#2888=ORIENTED_EDGE('',*,*,#2117,.F.);
#2889=ORIENTED_EDGE('',*,*,#2114,.F.);
#2890=ORIENTED_EDGE('',*,*,#1855,.T.);
#2891=ORIENTED_EDGE('',*,*,#2118,.T.);
#2892=ORIENTED_EDGE('',*,*,#2119,.F.);
#2893=ORIENTED_EDGE('',*,*,#2116,.F.);
#2894=ORIENTED_EDGE('',*,*,#1854,.T.);
#2895=ORIENTED_EDGE('',*,*,#2120,.T.);
#2896=ORIENTED_EDGE('',*,*,#2121,.F.);
#2897=ORIENTED_EDGE('',*,*,#2118,.F.);
#2898=ORIENTED_EDGE('',*,*,#1853,.T.);
#2899=ORIENTED_EDGE('',*,*,#2122,.T.);
#2900=ORIENTED_EDGE('',*,*,#2123,.F.);
#2901=ORIENTED_EDGE('',*,*,#2120,.F.);
#2902=ORIENTED_EDGE('',*,*,#1852,.T.);
#2903=ORIENTED_EDGE('',*,*,#2124,.T.);
#2904=ORIENTED_EDGE('',*,*,#2125,.F.);
#2905=ORIENTED_EDGE('',*,*,#2122,.F.);
#2906=ORIENTED_EDGE('',*,*,#1851,.T.);
#2907=ORIENTED_EDGE('',*,*,#2126,.T.);
#2908=ORIENTED_EDGE('',*,*,#2127,.F.);
#2909=ORIENTED_EDGE('',*,*,#2124,.F.);
#2910=ORIENTED_EDGE('',*,*,#1850,.T.);
#2911=ORIENTED_EDGE('',*,*,#2128,.T.);
#2912=ORIENTED_EDGE('',*,*,#2129,.F.);
#2913=ORIENTED_EDGE('',*,*,#2126,.F.);
#2914=ORIENTED_EDGE('',*,*,#1840,.T.);
#2915=ORIENTED_EDGE('',*,*,#1945,.T.);
#2916=ORIENTED_EDGE('',*,*,#2130,.T.);
#2917=ORIENTED_EDGE('',*,*,#2131,.F.);
#2918=ORIENTED_EDGE('',*,*,#2128,.F.);
#2919=ORIENTED_EDGE('',*,*,#1849,.T.);
#2920=ORIENTED_EDGE('',*,*,#1846,.T.);
#2921=ORIENTED_EDGE('',*,*,#1843,.T.);
#2922=ORIENTED_EDGE('',*,*,#1944,.T.);
#2923=ORIENTED_EDGE('',*,*,#2132,.T.);
#2924=ORIENTED_EDGE('',*,*,#2133,.F.);
#2925=ORIENTED_EDGE('',*,*,#2130,.F.);
#2926=ORIENTED_EDGE('',*,*,#1943,.T.);
#2927=ORIENTED_EDGE('',*,*,#2134,.T.);
#2928=ORIENTED_EDGE('',*,*,#2135,.F.);
#2929=ORIENTED_EDGE('',*,*,#2136,.T.);
#2930=ORIENTED_EDGE('',*,*,#2137,.T.);
#2931=ORIENTED_EDGE('',*,*,#2138,.T.);
#2932=ORIENTED_EDGE('',*,*,#2139,.T.);
#2933=ORIENTED_EDGE('',*,*,#2140,.T.);
#2934=ORIENTED_EDGE('',*,*,#2141,.F.);
#2935=ORIENTED_EDGE('',*,*,#2132,.F.);
#2936=ORIENTED_EDGE('',*,*,#1942,.T.);
#2937=ORIENTED_EDGE('',*,*,#2142,.T.);
#2938=ORIENTED_EDGE('',*,*,#2143,.F.);
#2939=ORIENTED_EDGE('',*,*,#2134,.F.);
#2940=ORIENTED_EDGE('',*,*,#1941,.T.);
#2941=ORIENTED_EDGE('',*,*,#2144,.T.);
#2942=ORIENTED_EDGE('',*,*,#2145,.F.);
#2943=ORIENTED_EDGE('',*,*,#2142,.F.);
#2944=ORIENTED_EDGE('',*,*,#1940,.T.);
#2945=ORIENTED_EDGE('',*,*,#2146,.T.);
#2946=ORIENTED_EDGE('',*,*,#2147,.F.);
#2947=ORIENTED_EDGE('',*,*,#2144,.F.);
#2948=ORIENTED_EDGE('',*,*,#1939,.T.);
#2949=ORIENTED_EDGE('',*,*,#2148,.T.);
#2950=ORIENTED_EDGE('',*,*,#2149,.F.);
#2951=ORIENTED_EDGE('',*,*,#2146,.F.);
#2952=ORIENTED_EDGE('',*,*,#1938,.T.);
#2953=ORIENTED_EDGE('',*,*,#2150,.T.);
#2954=ORIENTED_EDGE('',*,*,#2151,.F.);
#2955=ORIENTED_EDGE('',*,*,#2148,.F.);
#2956=ORIENTED_EDGE('',*,*,#1937,.T.);
#2957=ORIENTED_EDGE('',*,*,#2152,.T.);
#2958=ORIENTED_EDGE('',*,*,#2153,.F.);
#2959=ORIENTED_EDGE('',*,*,#2150,.F.);
#2960=ORIENTED_EDGE('',*,*,#1936,.T.);
#2961=ORIENTED_EDGE('',*,*,#2154,.T.);
#2962=ORIENTED_EDGE('',*,*,#2155,.F.);
#2963=ORIENTED_EDGE('',*,*,#2152,.F.);
#2964=ORIENTED_EDGE('',*,*,#1935,.T.);
#2965=ORIENTED_EDGE('',*,*,#2156,.T.);
#2966=ORIENTED_EDGE('',*,*,#2157,.F.);
#2967=ORIENTED_EDGE('',*,*,#2154,.F.);
#2968=ORIENTED_EDGE('',*,*,#1934,.T.);
#2969=ORIENTED_EDGE('',*,*,#2158,.T.);
#2970=ORIENTED_EDGE('',*,*,#2159,.F.);
#2971=ORIENTED_EDGE('',*,*,#2156,.F.);
#2972=ORIENTED_EDGE('',*,*,#1933,.T.);
#2973=ORIENTED_EDGE('',*,*,#2160,.T.);
#2974=ORIENTED_EDGE('',*,*,#2161,.F.);
#2975=ORIENTED_EDGE('',*,*,#2158,.F.);
#2976=ORIENTED_EDGE('',*,*,#1932,.T.);
#2977=ORIENTED_EDGE('',*,*,#2162,.T.);
#2978=ORIENTED_EDGE('',*,*,#2163,.F.);
#2979=ORIENTED_EDGE('',*,*,#2160,.F.);
#2980=ORIENTED_EDGE('',*,*,#1931,.T.);
#2981=ORIENTED_EDGE('',*,*,#2164,.T.);
#2982=ORIENTED_EDGE('',*,*,#2165,.F.);
#2983=ORIENTED_EDGE('',*,*,#2162,.F.);
#2984=ORIENTED_EDGE('',*,*,#1930,.T.);
#2985=ORIENTED_EDGE('',*,*,#2166,.T.);
#2986=ORIENTED_EDGE('',*,*,#2167,.F.);
#2987=ORIENTED_EDGE('',*,*,#2164,.F.);
#2988=ORIENTED_EDGE('',*,*,#1929,.T.);
#2989=ORIENTED_EDGE('',*,*,#2168,.T.);
#2990=ORIENTED_EDGE('',*,*,#2169,.F.);
#2991=ORIENTED_EDGE('',*,*,#2166,.F.);
#2992=ORIENTED_EDGE('',*,*,#1928,.T.);
#2993=ORIENTED_EDGE('',*,*,#2170,.T.);
#2994=ORIENTED_EDGE('',*,*,#2171,.F.);
#2995=ORIENTED_EDGE('',*,*,#2168,.F.);
#2996=ORIENTED_EDGE('',*,*,#1927,.T.);
#2997=ORIENTED_EDGE('',*,*,#2172,.T.);
#2998=ORIENTED_EDGE('',*,*,#2173,.F.);
#2999=ORIENTED_EDGE('',*,*,#2170,.F.);
#3000=ORIENTED_EDGE('',*,*,#1926,.T.);
#3001=ORIENTED_EDGE('',*,*,#2174,.T.);
#3002=ORIENTED_EDGE('',*,*,#2175,.F.);
#3003=ORIENTED_EDGE('',*,*,#2172,.F.);
#3004=ORIENTED_EDGE('',*,*,#1925,.T.);
#3005=ORIENTED_EDGE('',*,*,#2176,.T.);
#3006=ORIENTED_EDGE('',*,*,#2177,.F.);
#3007=ORIENTED_EDGE('',*,*,#2174,.F.);
#3008=ORIENTED_EDGE('',*,*,#1924,.T.);
#3009=ORIENTED_EDGE('',*,*,#2178,.T.);
#3010=ORIENTED_EDGE('',*,*,#2179,.F.);
#3011=ORIENTED_EDGE('',*,*,#2176,.F.);
#3012=ORIENTED_EDGE('',*,*,#1923,.T.);
#3013=ORIENTED_EDGE('',*,*,#2180,.T.);
#3014=ORIENTED_EDGE('',*,*,#2181,.F.);
#3015=ORIENTED_EDGE('',*,*,#2178,.F.);
#3016=ORIENTED_EDGE('',*,*,#1922,.T.);
#3017=ORIENTED_EDGE('',*,*,#2182,.T.);
#3018=ORIENTED_EDGE('',*,*,#2183,.F.);
#3019=ORIENTED_EDGE('',*,*,#2180,.F.);
#3020=ORIENTED_EDGE('',*,*,#1921,.T.);
#3021=ORIENTED_EDGE('',*,*,#2184,.T.);
#3022=ORIENTED_EDGE('',*,*,#2185,.F.);
#3023=ORIENTED_EDGE('',*,*,#2182,.F.);
#3024=ORIENTED_EDGE('',*,*,#1920,.T.);
#3025=ORIENTED_EDGE('',*,*,#2186,.T.);
#3026=ORIENTED_EDGE('',*,*,#2187,.F.);
#3027=ORIENTED_EDGE('',*,*,#2184,.F.);
#3028=ORIENTED_EDGE('',*,*,#1919,.T.);
#3029=ORIENTED_EDGE('',*,*,#2188,.T.);
#3030=ORIENTED_EDGE('',*,*,#2189,.F.);
#3031=ORIENTED_EDGE('',*,*,#2186,.F.);
#3032=ORIENTED_EDGE('',*,*,#1918,.T.);
#3033=ORIENTED_EDGE('',*,*,#2190,.T.);
#3034=ORIENTED_EDGE('',*,*,#2191,.F.);
#3035=ORIENTED_EDGE('',*,*,#2188,.F.);
#3036=ORIENTED_EDGE('',*,*,#1917,.T.);
#3037=ORIENTED_EDGE('',*,*,#2192,.T.);
#3038=ORIENTED_EDGE('',*,*,#2193,.F.);
#3039=ORIENTED_EDGE('',*,*,#2190,.F.);
#3040=ORIENTED_EDGE('',*,*,#1916,.T.);
#3041=ORIENTED_EDGE('',*,*,#2194,.T.);
#3042=ORIENTED_EDGE('',*,*,#2195,.F.);
#3043=ORIENTED_EDGE('',*,*,#2192,.F.);
#3044=ORIENTED_EDGE('',*,*,#1915,.T.);
#3045=ORIENTED_EDGE('',*,*,#2196,.T.);
#3046=ORIENTED_EDGE('',*,*,#2197,.F.);
#3047=ORIENTED_EDGE('',*,*,#2194,.F.);
#3048=ORIENTED_EDGE('',*,*,#1914,.T.);
#3049=ORIENTED_EDGE('',*,*,#2198,.T.);
#3050=ORIENTED_EDGE('',*,*,#2199,.F.);
#3051=ORIENTED_EDGE('',*,*,#2196,.F.);
#3052=ORIENTED_EDGE('',*,*,#1913,.T.);
#3053=ORIENTED_EDGE('',*,*,#2200,.T.);
#3054=ORIENTED_EDGE('',*,*,#2201,.F.);
#3055=ORIENTED_EDGE('',*,*,#2198,.F.);
#3056=ORIENTED_EDGE('',*,*,#2202,.F.);
#3057=ORIENTED_EDGE('',*,*,#2203,.F.);
#3058=ORIENTED_EDGE('',*,*,#2138,.F.);
#3059=ORIENTED_EDGE('',*,*,#2204,.T.);
#3060=ORIENTED_EDGE('',*,*,#2205,.F.);
#3061=ORIENTED_EDGE('',*,*,#2204,.F.);
#3062=ORIENTED_EDGE('',*,*,#2137,.F.);
#3063=ORIENTED_EDGE('',*,*,#2206,.T.);
#3064=ORIENTED_EDGE('',*,*,#2207,.F.);
#3065=ORIENTED_EDGE('',*,*,#2206,.F.);
#3066=ORIENTED_EDGE('',*,*,#2136,.F.);
#3067=ORIENTED_EDGE('',*,*,#2208,.F.);
#3068=ORIENTED_EDGE('',*,*,#2209,.F.);
#3069=ORIENTED_EDGE('',*,*,#2210,.F.);
#3070=ORIENTED_EDGE('',*,*,#2140,.F.);
#3071=ORIENTED_EDGE('',*,*,#2211,.T.);
#3072=ORIENTED_EDGE('',*,*,#2212,.F.);
#3073=ORIENTED_EDGE('',*,*,#2211,.F.);
#3074=ORIENTED_EDGE('',*,*,#2139,.F.);
#3075=ORIENTED_EDGE('',*,*,#2203,.T.);
#3076=ORIENTED_EDGE('',*,*,#2209,.T.);
#3077=ORIENTED_EDGE('',*,*,#2212,.T.);
#3078=ORIENTED_EDGE('',*,*,#2202,.T.);
#3079=ORIENTED_EDGE('',*,*,#2205,.T.);
#3080=ORIENTED_EDGE('',*,*,#2207,.T.);
#3081=ORIENTED_EDGE('',*,*,#2213,.F.);
#3082=ORIENTED_EDGE('',*,*,#2214,.F.);
#3083=ORIENTED_EDGE('',*,*,#2215,.F.);
#3084=ORIENTED_EDGE('',*,*,#2216,.T.);
#3085=ORIENTED_EDGE('',*,*,#2217,.F.);
#3086=ORIENTED_EDGE('',*,*,#2208,.T.);
#3087=ORIENTED_EDGE('',*,*,#2135,.T.);
#3088=ORIENTED_EDGE('',*,*,#2143,.T.);
#3089=ORIENTED_EDGE('',*,*,#2145,.T.);
#3090=ORIENTED_EDGE('',*,*,#2147,.T.);
#3091=ORIENTED_EDGE('',*,*,#2149,.T.);
#3092=ORIENTED_EDGE('',*,*,#2151,.T.);
#3093=ORIENTED_EDGE('',*,*,#2153,.T.);
#3094=ORIENTED_EDGE('',*,*,#2155,.T.);
#3095=ORIENTED_EDGE('',*,*,#2157,.T.);
#3096=ORIENTED_EDGE('',*,*,#2159,.T.);
#3097=ORIENTED_EDGE('',*,*,#2161,.T.);
#3098=ORIENTED_EDGE('',*,*,#2163,.T.);
#3099=ORIENTED_EDGE('',*,*,#2165,.T.);
#3100=ORIENTED_EDGE('',*,*,#2167,.T.);
#3101=ORIENTED_EDGE('',*,*,#2169,.T.);
#3102=ORIENTED_EDGE('',*,*,#2171,.T.);
#3103=ORIENTED_EDGE('',*,*,#2173,.T.);
#3104=ORIENTED_EDGE('',*,*,#2175,.T.);
#3105=ORIENTED_EDGE('',*,*,#2177,.T.);
#3106=ORIENTED_EDGE('',*,*,#2179,.T.);
#3107=ORIENTED_EDGE('',*,*,#2181,.T.);
#3108=ORIENTED_EDGE('',*,*,#2183,.T.);
#3109=ORIENTED_EDGE('',*,*,#2185,.T.);
#3110=ORIENTED_EDGE('',*,*,#2187,.T.);
#3111=ORIENTED_EDGE('',*,*,#2189,.T.);
#3112=ORIENTED_EDGE('',*,*,#2191,.T.);
#3113=ORIENTED_EDGE('',*,*,#2193,.T.);
#3114=ORIENTED_EDGE('',*,*,#2195,.T.);
#3115=ORIENTED_EDGE('',*,*,#2197,.T.);
#3116=ORIENTED_EDGE('',*,*,#2199,.T.);
#3117=ORIENTED_EDGE('',*,*,#2201,.T.);
#3118=ORIENTED_EDGE('',*,*,#2218,.T.);
#3119=ORIENTED_EDGE('',*,*,#2219,.T.);
#3120=ORIENTED_EDGE('',*,*,#2220,.T.);
#3121=ORIENTED_EDGE('',*,*,#2221,.T.);
#3122=ORIENTED_EDGE('',*,*,#2222,.T.);
#3123=ORIENTED_EDGE('',*,*,#2223,.T.);
#3124=ORIENTED_EDGE('',*,*,#2224,.T.);
#3125=ORIENTED_EDGE('',*,*,#2225,.T.);
#3126=ORIENTED_EDGE('',*,*,#2226,.T.);
#3127=ORIENTED_EDGE('',*,*,#2227,.T.);
#3128=ORIENTED_EDGE('',*,*,#2228,.T.);
#3129=ORIENTED_EDGE('',*,*,#2229,.T.);
#3130=ORIENTED_EDGE('',*,*,#2230,.T.);
#3131=ORIENTED_EDGE('',*,*,#2231,.T.);
#3132=ORIENTED_EDGE('',*,*,#2232,.T.);
#3133=ORIENTED_EDGE('',*,*,#2233,.T.);
#3134=ORIENTED_EDGE('',*,*,#2234,.T.);
#3135=ORIENTED_EDGE('',*,*,#2235,.T.);
#3136=ORIENTED_EDGE('',*,*,#2236,.T.);
#3137=ORIENTED_EDGE('',*,*,#2237,.T.);
#3138=ORIENTED_EDGE('',*,*,#2238,.T.);
#3139=ORIENTED_EDGE('',*,*,#2239,.T.);
#3140=ORIENTED_EDGE('',*,*,#2240,.T.);
#3141=ORIENTED_EDGE('',*,*,#2213,.T.);
#3142=ORIENTED_EDGE('',*,*,#2241,.F.);
#3143=ORIENTED_EDGE('',*,*,#2242,.T.);
#3144=ORIENTED_EDGE('',*,*,#2243,.F.);
#3145=ORIENTED_EDGE('',*,*,#2244,.F.);
#3146=ORIENTED_EDGE('',*,*,#2245,.T.);
#3147=ORIENTED_EDGE('',*,*,#2246,.F.);
#3148=ORIENTED_EDGE('',*,*,#2247,.F.);
#3149=ORIENTED_EDGE('',*,*,#2248,.F.);
#3150=ORIENTED_EDGE('',*,*,#2249,.F.);
#3151=ORIENTED_EDGE('',*,*,#2250,.F.);
#3152=ORIENTED_EDGE('',*,*,#2251,.F.);
#3153=ORIENTED_EDGE('',*,*,#2252,.F.);
#3154=ORIENTED_EDGE('',*,*,#2253,.F.);
#3155=ORIENTED_EDGE('',*,*,#2254,.F.);
#3156=ORIENTED_EDGE('',*,*,#2255,.F.);
#3157=ORIENTED_EDGE('',*,*,#2256,.F.);
#3158=ORIENTED_EDGE('',*,*,#2257,.F.);
#3159=ORIENTED_EDGE('',*,*,#2258,.F.);
#3160=ORIENTED_EDGE('',*,*,#2243,.T.);
#3161=ORIENTED_EDGE('',*,*,#1949,.T.);
#3162=ORIENTED_EDGE('',*,*,#1951,.T.);
#3163=ORIENTED_EDGE('',*,*,#2258,.T.);
#3164=ORIENTED_EDGE('',*,*,#2259,.T.);
#3165=ORIENTED_EDGE('',*,*,#2260,.F.);
#3166=ORIENTED_EDGE('',*,*,#2261,.F.);
#3167=ORIENTED_EDGE('',*,*,#2257,.T.);
#3168=ORIENTED_EDGE('',*,*,#2262,.T.);
#3169=ORIENTED_EDGE('',*,*,#2263,.F.);
#3170=ORIENTED_EDGE('',*,*,#2259,.F.);
#3171=ORIENTED_EDGE('',*,*,#2256,.T.);
#3172=ORIENTED_EDGE('',*,*,#2264,.T.);
#3173=ORIENTED_EDGE('',*,*,#2265,.F.);
#3174=ORIENTED_EDGE('',*,*,#2262,.F.);
#3175=ORIENTED_EDGE('',*,*,#2255,.T.);
#3176=ORIENTED_EDGE('',*,*,#2266,.T.);
#3177=ORIENTED_EDGE('',*,*,#2267,.F.);
#3178=ORIENTED_EDGE('',*,*,#2264,.F.);
#3179=ORIENTED_EDGE('',*,*,#2254,.T.);
#3180=ORIENTED_EDGE('',*,*,#2268,.T.);
#3181=ORIENTED_EDGE('',*,*,#2269,.F.);
#3182=ORIENTED_EDGE('',*,*,#2266,.F.);
#3183=ORIENTED_EDGE('',*,*,#2253,.T.);
#3184=ORIENTED_EDGE('',*,*,#2270,.T.);
#3185=ORIENTED_EDGE('',*,*,#2271,.F.);
#3186=ORIENTED_EDGE('',*,*,#2268,.F.);
#3187=ORIENTED_EDGE('',*,*,#2252,.T.);
#3188=ORIENTED_EDGE('',*,*,#2272,.T.);
#3189=ORIENTED_EDGE('',*,*,#2273,.F.);
#3190=ORIENTED_EDGE('',*,*,#2270,.F.);
#3191=ORIENTED_EDGE('',*,*,#2251,.T.);
#3192=ORIENTED_EDGE('',*,*,#2274,.F.);
#3193=ORIENTED_EDGE('',*,*,#1993,.F.);
#3194=ORIENTED_EDGE('',*,*,#1973,.F.);
#3195=ORIENTED_EDGE('',*,*,#2099,.T.);
#3196=ORIENTED_EDGE('',*,*,#1864,.F.);
#3197=ORIENTED_EDGE('',*,*,#2103,.T.);
#3198=ORIENTED_EDGE('',*,*,#2275,.F.);
#3199=ORIENTED_EDGE('',*,*,#2272,.F.);
#3200=ORIENTED_EDGE('',*,*,#2250,.T.);
#3201=ORIENTED_EDGE('',*,*,#2276,.T.);
#3202=ORIENTED_EDGE('',*,*,#1994,.F.);
#3203=ORIENTED_EDGE('',*,*,#2274,.T.);
#3204=ORIENTED_EDGE('',*,*,#2249,.T.);
#3205=ORIENTED_EDGE('',*,*,#2277,.T.);
#3206=ORIENTED_EDGE('',*,*,#1995,.F.);
#3207=ORIENTED_EDGE('',*,*,#2276,.F.);
#3208=ORIENTED_EDGE('',*,*,#2248,.T.);
#3209=ORIENTED_EDGE('',*,*,#2278,.T.);
#3210=ORIENTED_EDGE('',*,*,#1996,.F.);
#3211=ORIENTED_EDGE('',*,*,#2277,.F.);
#3212=ORIENTED_EDGE('',*,*,#2247,.T.);
#3213=ORIENTED_EDGE('',*,*,#2279,.T.);
#3214=ORIENTED_EDGE('',*,*,#1997,.F.);
#3215=ORIENTED_EDGE('',*,*,#2278,.F.);
#3216=ORIENTED_EDGE('',*,*,#2246,.T.);
#3217=ORIENTED_EDGE('',*,*,#2280,.T.);
#3218=ORIENTED_EDGE('',*,*,#2218,.F.);
#3219=ORIENTED_EDGE('',*,*,#2200,.F.);
#3220=ORIENTED_EDGE('',*,*,#2100,.F.);
#3221=ORIENTED_EDGE('',*,*,#2279,.F.);
#3222=ORIENTED_EDGE('',*,*,#2281,.F.);
#3223=ORIENTED_EDGE('',*,*,#2244,.T.);
#3224=ORIENTED_EDGE('',*,*,#2261,.T.);
#3225=ORIENTED_EDGE('',*,*,#2282,.F.);
#3226=ORIENTED_EDGE('',*,*,#2283,.F.);
#3227=ORIENTED_EDGE('',*,*,#2284,.F.);
#3228=ORIENTED_EDGE('',*,*,#2283,.T.);
#3229=ORIENTED_EDGE('',*,*,#2285,.F.);
#3230=ORIENTED_EDGE('',*,*,#2286,.F.);
#3231=ORIENTED_EDGE('',*,*,#2287,.F.);
#3232=ORIENTED_EDGE('',*,*,#2286,.T.);
#3233=ORIENTED_EDGE('',*,*,#2288,.F.);
#3234=ORIENTED_EDGE('',*,*,#2289,.F.);
#3235=ORIENTED_EDGE('',*,*,#2290,.F.);
#3236=ORIENTED_EDGE('',*,*,#2289,.T.);
#3237=ORIENTED_EDGE('',*,*,#2291,.F.);
#3238=ORIENTED_EDGE('',*,*,#2292,.F.);
#3239=ORIENTED_EDGE('',*,*,#2293,.F.);
#3240=ORIENTED_EDGE('',*,*,#2292,.T.);
#3241=ORIENTED_EDGE('',*,*,#2294,.F.);
#3242=ORIENTED_EDGE('',*,*,#2295,.F.);
#3243=ORIENTED_EDGE('',*,*,#2296,.F.);
#3244=ORIENTED_EDGE('',*,*,#2295,.T.);
#3245=ORIENTED_EDGE('',*,*,#2297,.F.);
#3246=ORIENTED_EDGE('',*,*,#2298,.F.);
#3247=ORIENTED_EDGE('',*,*,#2299,.T.);
#3248=ORIENTED_EDGE('',*,*,#2298,.T.);
#3249=ORIENTED_EDGE('',*,*,#2300,.F.);
#3250=ORIENTED_EDGE('',*,*,#2301,.F.);
#3251=ORIENTED_EDGE('',*,*,#2302,.F.);
#3252=ORIENTED_EDGE('',*,*,#2301,.T.);
#3253=ORIENTED_EDGE('',*,*,#2303,.F.);
#3254=ORIENTED_EDGE('',*,*,#2304,.F.);
#3255=ORIENTED_EDGE('',*,*,#1842,.T.);
#3256=ORIENTED_EDGE('',*,*,#1845,.T.);
#3257=ORIENTED_EDGE('',*,*,#1833,.T.);
#3258=ORIENTED_EDGE('',*,*,#1837,.T.);
#3259=ORIENTED_EDGE('',*,*,#2305,.F.);
#3260=ORIENTED_EDGE('',*,*,#2304,.T.);
#3261=ORIENTED_EDGE('',*,*,#2306,.F.);
#3262=ORIENTED_EDGE('',*,*,#2216,.F.);
#3263=ORIENTED_EDGE('',*,*,#2307,.F.);
#3264=ORIENTED_EDGE('',*,*,#2214,.T.);
#3265=ORIENTED_EDGE('',*,*,#2240,.F.);
#3266=ORIENTED_EDGE('',*,*,#2308,.F.);
#3267=ORIENTED_EDGE('',*,*,#2309,.F.);
#3268=ORIENTED_EDGE('',*,*,#2308,.T.);
#3269=ORIENTED_EDGE('',*,*,#2239,.F.);
#3270=ORIENTED_EDGE('',*,*,#2310,.F.);
#3271=ORIENTED_EDGE('',*,*,#2311,.F.);
#3272=ORIENTED_EDGE('',*,*,#2310,.T.);
#3273=ORIENTED_EDGE('',*,*,#2238,.F.);
#3274=ORIENTED_EDGE('',*,*,#2312,.F.);
#3275=ORIENTED_EDGE('',*,*,#2313,.F.);
#3276=ORIENTED_EDGE('',*,*,#2312,.T.);
#3277=ORIENTED_EDGE('',*,*,#2237,.F.);
#3278=ORIENTED_EDGE('',*,*,#2314,.F.);
#3279=ORIENTED_EDGE('',*,*,#2315,.F.);
#3280=ORIENTED_EDGE('',*,*,#2314,.T.);
#3281=ORIENTED_EDGE('',*,*,#2236,.F.);
#3282=ORIENTED_EDGE('',*,*,#2316,.F.);
#3283=ORIENTED_EDGE('',*,*,#2317,.F.);
#3284=ORIENTED_EDGE('',*,*,#2316,.T.);
#3285=ORIENTED_EDGE('',*,*,#2235,.F.);
#3286=ORIENTED_EDGE('',*,*,#2318,.F.);
#3287=ORIENTED_EDGE('',*,*,#2319,.F.);
#3288=ORIENTED_EDGE('',*,*,#2318,.T.);
#3289=ORIENTED_EDGE('',*,*,#2234,.F.);
#3290=ORIENTED_EDGE('',*,*,#2320,.F.);
#3291=ORIENTED_EDGE('',*,*,#2321,.F.);
#3292=ORIENTED_EDGE('',*,*,#2320,.T.);
#3293=ORIENTED_EDGE('',*,*,#2233,.F.);
#3294=ORIENTED_EDGE('',*,*,#2322,.F.);
#3295=ORIENTED_EDGE('',*,*,#2323,.F.);
#3296=ORIENTED_EDGE('',*,*,#2322,.T.);
#3297=ORIENTED_EDGE('',*,*,#2232,.F.);
#3298=ORIENTED_EDGE('',*,*,#2324,.F.);
#3299=ORIENTED_EDGE('',*,*,#2325,.F.);
#3300=ORIENTED_EDGE('',*,*,#2324,.T.);
#3301=ORIENTED_EDGE('',*,*,#2231,.F.);
#3302=ORIENTED_EDGE('',*,*,#2326,.F.);
#3303=ORIENTED_EDGE('',*,*,#2327,.F.);
#3304=ORIENTED_EDGE('',*,*,#2326,.T.);
#3305=ORIENTED_EDGE('',*,*,#2230,.F.);
#3306=ORIENTED_EDGE('',*,*,#2328,.F.);
#3307=ORIENTED_EDGE('',*,*,#2329,.F.);
#3308=ORIENTED_EDGE('',*,*,#2328,.T.);
#3309=ORIENTED_EDGE('',*,*,#2229,.F.);
#3310=ORIENTED_EDGE('',*,*,#2330,.F.);
#3311=ORIENTED_EDGE('',*,*,#2331,.F.);
#3312=ORIENTED_EDGE('',*,*,#2330,.T.);
#3313=ORIENTED_EDGE('',*,*,#2228,.F.);
#3314=ORIENTED_EDGE('',*,*,#2332,.F.);
#3315=ORIENTED_EDGE('',*,*,#2333,.F.);
#3316=ORIENTED_EDGE('',*,*,#2332,.T.);
#3317=ORIENTED_EDGE('',*,*,#2227,.F.);
#3318=ORIENTED_EDGE('',*,*,#2334,.F.);
#3319=ORIENTED_EDGE('',*,*,#2335,.F.);
#3320=ORIENTED_EDGE('',*,*,#2334,.T.);
#3321=ORIENTED_EDGE('',*,*,#2226,.F.);
#3322=ORIENTED_EDGE('',*,*,#2336,.F.);
#3323=ORIENTED_EDGE('',*,*,#2337,.F.);
#3324=ORIENTED_EDGE('',*,*,#2336,.T.);
#3325=ORIENTED_EDGE('',*,*,#2225,.F.);
#3326=ORIENTED_EDGE('',*,*,#2338,.F.);
#3327=ORIENTED_EDGE('',*,*,#2339,.F.);
#3328=ORIENTED_EDGE('',*,*,#2338,.T.);
#3329=ORIENTED_EDGE('',*,*,#2224,.F.);
#3330=ORIENTED_EDGE('',*,*,#2340,.F.);
#3331=ORIENTED_EDGE('',*,*,#2341,.F.);
#3332=ORIENTED_EDGE('',*,*,#2340,.T.);
#3333=ORIENTED_EDGE('',*,*,#2223,.F.);
#3334=ORIENTED_EDGE('',*,*,#2342,.F.);
#3335=ORIENTED_EDGE('',*,*,#2343,.F.);
#3336=ORIENTED_EDGE('',*,*,#2342,.T.);
#3337=ORIENTED_EDGE('',*,*,#2222,.F.);
#3338=ORIENTED_EDGE('',*,*,#2344,.F.);
#3339=ORIENTED_EDGE('',*,*,#2345,.F.);
#3340=ORIENTED_EDGE('',*,*,#2344,.T.);
#3341=ORIENTED_EDGE('',*,*,#2221,.F.);
#3342=ORIENTED_EDGE('',*,*,#2346,.F.);
#3343=ORIENTED_EDGE('',*,*,#2347,.F.);
#3344=ORIENTED_EDGE('',*,*,#2346,.T.);
#3345=ORIENTED_EDGE('',*,*,#2220,.F.);
#3346=ORIENTED_EDGE('',*,*,#2348,.F.);
#3347=ORIENTED_EDGE('',*,*,#2349,.F.);
#3348=ORIENTED_EDGE('',*,*,#2348,.T.);
#3349=ORIENTED_EDGE('',*,*,#2219,.F.);
#3350=ORIENTED_EDGE('',*,*,#2280,.F.);
#3351=ORIENTED_EDGE('',*,*,#2245,.F.);
#3352=ORIENTED_EDGE('',*,*,#2242,.F.);
#3353=ORIENTED_EDGE('',*,*,#2210,.T.);
#3354=ORIENTED_EDGE('',*,*,#2217,.T.);
#3355=ORIENTED_EDGE('',*,*,#2306,.T.);
#3356=ORIENTED_EDGE('',*,*,#2303,.T.);
#3357=ORIENTED_EDGE('',*,*,#2300,.T.);
#3358=ORIENTED_EDGE('',*,*,#2297,.T.);
#3359=ORIENTED_EDGE('',*,*,#2294,.T.);
#3360=ORIENTED_EDGE('',*,*,#2291,.T.);
#3361=ORIENTED_EDGE('',*,*,#2288,.T.);
#3362=ORIENTED_EDGE('',*,*,#2285,.T.);
#3363=ORIENTED_EDGE('',*,*,#2282,.T.);
#3364=ORIENTED_EDGE('',*,*,#2260,.T.);
#3365=ORIENTED_EDGE('',*,*,#2263,.T.);
#3366=ORIENTED_EDGE('',*,*,#2265,.T.);
#3367=ORIENTED_EDGE('',*,*,#2267,.T.);
#3368=ORIENTED_EDGE('',*,*,#2269,.T.);
#3369=ORIENTED_EDGE('',*,*,#2271,.T.);
#3370=ORIENTED_EDGE('',*,*,#2273,.T.);
#3371=ORIENTED_EDGE('',*,*,#2275,.T.);
#3372=ORIENTED_EDGE('',*,*,#2102,.T.);
#3373=ORIENTED_EDGE('',*,*,#2105,.T.);
#3374=ORIENTED_EDGE('',*,*,#2107,.T.);
#3375=ORIENTED_EDGE('',*,*,#2109,.T.);
#3376=ORIENTED_EDGE('',*,*,#2111,.T.);
#3377=ORIENTED_EDGE('',*,*,#2113,.T.);
#3378=ORIENTED_EDGE('',*,*,#2115,.T.);
#3379=ORIENTED_EDGE('',*,*,#2117,.T.);
#3380=ORIENTED_EDGE('',*,*,#2119,.T.);
#3381=ORIENTED_EDGE('',*,*,#2121,.T.);
#3382=ORIENTED_EDGE('',*,*,#2123,.T.);
#3383=ORIENTED_EDGE('',*,*,#2125,.T.);
#3384=ORIENTED_EDGE('',*,*,#2127,.T.);
#3385=ORIENTED_EDGE('',*,*,#2129,.T.);
#3386=ORIENTED_EDGE('',*,*,#2131,.T.);
#3387=ORIENTED_EDGE('',*,*,#2133,.T.);
#3388=ORIENTED_EDGE('',*,*,#2141,.T.);
#3389=ORIENTED_EDGE('',*,*,#2281,.T.);
#3390=ORIENTED_EDGE('',*,*,#2284,.T.);
#3391=ORIENTED_EDGE('',*,*,#2287,.T.);
#3392=ORIENTED_EDGE('',*,*,#2290,.T.);
#3393=ORIENTED_EDGE('',*,*,#2293,.T.);
#3394=ORIENTED_EDGE('',*,*,#2296,.T.);
#3395=ORIENTED_EDGE('',*,*,#2299,.F.);
#3396=ORIENTED_EDGE('',*,*,#2302,.T.);
#3397=ORIENTED_EDGE('',*,*,#2305,.T.);
#3398=ORIENTED_EDGE('',*,*,#2215,.T.);
#3399=ORIENTED_EDGE('',*,*,#2307,.T.);
#3400=ORIENTED_EDGE('',*,*,#2309,.T.);
#3401=ORIENTED_EDGE('',*,*,#2311,.T.);
#3402=ORIENTED_EDGE('',*,*,#2313,.T.);
#3403=ORIENTED_EDGE('',*,*,#2315,.T.);
#3404=ORIENTED_EDGE('',*,*,#2317,.T.);
#3405=ORIENTED_EDGE('',*,*,#2319,.T.);
#3406=ORIENTED_EDGE('',*,*,#2321,.T.);
#3407=ORIENTED_EDGE('',*,*,#2323,.T.);
#3408=ORIENTED_EDGE('',*,*,#2325,.T.);
#3409=ORIENTED_EDGE('',*,*,#2327,.T.);
#3410=ORIENTED_EDGE('',*,*,#2329,.T.);
#3411=ORIENTED_EDGE('',*,*,#2331,.T.);
#3412=ORIENTED_EDGE('',*,*,#2333,.T.);
#3413=ORIENTED_EDGE('',*,*,#2335,.T.);
#3414=ORIENTED_EDGE('',*,*,#2337,.T.);
#3415=ORIENTED_EDGE('',*,*,#2339,.T.);
#3416=ORIENTED_EDGE('',*,*,#2341,.T.);
#3417=ORIENTED_EDGE('',*,*,#2343,.T.);
#3418=ORIENTED_EDGE('',*,*,#2345,.T.);
#3419=ORIENTED_EDGE('',*,*,#2347,.T.);
#3420=ORIENTED_EDGE('',*,*,#2349,.T.);
#3421=ORIENTED_EDGE('',*,*,#2241,.T.);
#3422=ORIENTED_EDGE('',*,*,#1829,.T.);
#3423=ORIENTED_EDGE('',*,*,#1825,.T.);
#3424=ORIENTED_EDGE('',*,*,#1821,.T.);
#3425=ORIENTED_EDGE('',*,*,#1817,.T.);
#3426=ORIENTED_EDGE('',*,*,#1813,.T.);
#3427=ORIENTED_EDGE('',*,*,#1809,.T.);
#3428=ORIENTED_EDGE('',*,*,#2047,.F.);
#3429=ORIENTED_EDGE('',*,*,#2350,.T.);
#3430=ORIENTED_EDGE('',*,*,#1816,.T.);
#3431=ORIENTED_EDGE('',*,*,#2350,.F.);
#3432=ORIENTED_EDGE('',*,*,#2046,.F.);
#3433=ORIENTED_EDGE('',*,*,#2351,.T.);
#3434=ORIENTED_EDGE('',*,*,#1812,.T.);
#3435=ORIENTED_EDGE('',*,*,#2351,.F.);
#3436=ORIENTED_EDGE('',*,*,#2045,.F.);
#3437=ORIENTED_EDGE('',*,*,#2352,.T.);
#3438=ORIENTED_EDGE('',*,*,#1828,.T.);
#3439=ORIENTED_EDGE('',*,*,#2352,.F.);
#3440=ORIENTED_EDGE('',*,*,#2044,.F.);
#3441=ORIENTED_EDGE('',*,*,#2353,.T.);
#3442=ORIENTED_EDGE('',*,*,#1824,.T.);
#3443=ORIENTED_EDGE('',*,*,#2353,.F.);
#3444=CYLINDRICAL_SURFACE('',#3741,2.20000000000001);
#3445=CYLINDRICAL_SURFACE('',#3746,2.20000000000001);
#3446=CYLINDRICAL_SURFACE('',#3751,2.2);
#3447=CYLINDRICAL_SURFACE('',#3756,2.2);
#3448=CYLINDRICAL_SURFACE('',#3761,2.2);
#3449=CYLINDRICAL_SURFACE('',#3766,2.2);
#3450=CYLINDRICAL_SURFACE('',#3825,1.1);
#3451=CYLINDRICAL_SURFACE('',#3827,1.1);
#3452=CYLINDRICAL_SURFACE('',#3834,1.);
#3453=CYLINDRICAL_SURFACE('',#3840,1.);
#3454=CYLINDRICAL_SURFACE('',#3842,1.);
#3455=CYLINDRICAL_SURFACE('',#3849,1.);
#3456=CYLINDRICAL_SURFACE('',#3855,1.);
#3457=CYLINDRICAL_SURFACE('',#3859,0.999999999999999);
#3458=CYLINDRICAL_SURFACE('',#3862,1.00000000000001);
#3459=CYLINDRICAL_SURFACE('',#3895,1.00000000000001);
#3460=CYLINDRICAL_SURFACE('',#3898,1.00000000000001);
#3461=CYLINDRICAL_SURFACE('',#3903,0.399999252925781);
#3462=CYLINDRICAL_SURFACE('',#3905,1.59999925292517);
#3463=CYLINDRICAL_SURFACE('',#3907,0.399999252925781);
#3464=CYLINDRICAL_SURFACE('',#3909,1.59999925292518);
#3465=CYLINDRICAL_SURFACE('',#3911,0.399999252925765);
#3466=CYLINDRICAL_SURFACE('',#3913,0.399999252925781);
#3467=CYLINDRICAL_SURFACE('',#3915,1.59999925292521);
#3468=CYLINDRICAL_SURFACE('',#3917,0.399999252925781);
#3469=CYLINDRICAL_SURFACE('',#3919,1.59999925292518);
#3470=CYLINDRICAL_SURFACE('',#3921,0.399999252925767);
#3471=CYLINDRICAL_SURFACE('',#3923,1.10000133357456);
#3472=CYLINDRICAL_SURFACE('',#3925,0.399999252925781);
#3473=CYLINDRICAL_SURFACE('',#3927,1.59999925292521);
#3474=CYLINDRICAL_SURFACE('',#3929,0.399999252926065);
#3475=CYLINDRICAL_SURFACE('',#3930,1.59999925292499);
#3476=CYLINDRICAL_SURFACE('',#3932,0.399999252930781);
#3477=CYLINDRICAL_SURFACE('',#3933,5.60000327682201);
#3478=CYLINDRICAL_SURFACE('',#3935,0.399998429199655);
#3479=CYLINDRICAL_SURFACE('',#3937,0.400030788157825);
#3480=CYLINDRICAL_SURFACE('',#3940,0.40001665997501);
#3481=CYLINDRICAL_SURFACE('',#3942,5.59999981922);
#3482=CYLINDRICAL_SURFACE('',#3944,0.399999252926051);
#3483=CYLINDRICAL_SURFACE('',#3945,1.599999252925);
#3484=CYLINDRICAL_SURFACE('',#3949,0.599999252925);
#3485=CYLINDRICAL_SURFACE('',#3951,1.39999925292556);
#3486=CYLINDRICAL_SURFACE('',#3954,4.59999981922);
#3487=CYLINDRICAL_SURFACE('',#3957,1.40001665997501);
#3488=CYLINDRICAL_SURFACE('',#3961,1.40003078815783);
#3489=CYLINDRICAL_SURFACE('',#3964,1.39999842919877);
#3490=CYLINDRICAL_SURFACE('',#3967,4.60000327682199);
#3491=CYLINDRICAL_SURFACE('',#3970,1.39999925293028);
#3492=CYLINDRICAL_SURFACE('',#3975,0.599999252925006);
#3493=CYLINDRICAL_SURFACE('',#3977,1.39999925292556);
#3494=CYLINDRICAL_SURFACE('',#3980,0.599999252925197);
#3495=CYLINDRICAL_SURFACE('',#3983,1.39999925292528);
#3496=CYLINDRICAL_SURFACE('',#3986,0.900001333575004);
#3497=CYLINDRICAL_SURFACE('',#3988,0.100001333582124);
#3498=CYLINDRICAL_SURFACE('',#3991,1.39999925292527);
#3499=CYLINDRICAL_SURFACE('',#3994,0.599999252925184);
#3500=CYLINDRICAL_SURFACE('',#3997,1.39999925292528);
#3501=CYLINDRICAL_SURFACE('',#4000,0.599999252925197);
#3502=CYLINDRICAL_SURFACE('',#4003,1.39999925292528);
#3503=CYLINDRICAL_SURFACE('',#4006,1.39999925292527);
#3504=CYLINDRICAL_SURFACE('',#4009,0.599999252925188);
#3505=CYLINDRICAL_SURFACE('',#4012,1.39999925292528);
#3506=CYLINDRICAL_SURFACE('',#4015,0.599999252925175);
#3507=CYLINDRICAL_SURFACE('',#4018,1.39999925292528);
#3508=CYLINDRICAL_SURFACE('',#4022,0.999999999999994);
#3509=CYLINDRICAL_SURFACE('',#4026,0.999999999999996);
#3510=CYLINDRICAL_SURFACE('',#4046,2.);
#3511=CYLINDRICAL_SURFACE('',#4049,4.10423262727942);
#3512=CYLINDRICAL_SURFACE('',#4052,1.89999925292556);
#3513=CYLINDRICAL_SURFACE('',#4054,0.0999992529249995);
#3514=CYLINDRICAL_SURFACE('',#4059,0.599999252925182);
#3515=CYLINDRICAL_SURFACE('',#4061,1.39999925293028);
#3516=CYLINDRICAL_SURFACE('',#4065,2.99999999999999);
#3517=CYLINDRICAL_SURFACE('',#4069,4.3999984291978);
#3518=CYLINDRICAL_SURFACE('',#4073,1.60000327682198);
#3519=CYLINDRICAL_SURFACE('',#4077,4.39999925293001);
#3520=CYLINDRICAL_SURFACE('',#4080,4.39999925292556);
#3521=CYLINDRICAL_SURFACE('',#4083,4.39999925292528);
#3522=CYLINDRICAL_SURFACE('',#4086,3.90000133357254);
#3523=CYLINDRICAL_SURFACE('',#4089,4.39999852488434);
#3524=CYLINDRICAL_SURFACE('',#4093,4.39999925292501);
#3525=CYLINDRICAL_SURFACE('',#4097,4.39999925292501);
#3526=CYLINDRICAL_SURFACE('',#4100,4.399999252925);
#3527=CYLINDRICAL_SURFACE('',#4104,4.39999925292502);
#3528=CYLINDRICAL_SURFACE('',#4108,4.39999925292502);
#3529=CYLINDRICAL_SURFACE('',#4113,1.1);
#3530=CYLINDRICAL_SURFACE('',#4114,1.1);
#3531=CYLINDRICAL_SURFACE('',#4115,1.1);
#3532=CYLINDRICAL_SURFACE('',#4116,1.1);
#3533=ADVANCED_FACE('',(#145),#3444,.F.);
#3534=ADVANCED_FACE('',(#146,#28),#47,.T.);
#3535=ADVANCED_FACE('',(#147),#3445,.F.);
#3536=ADVANCED_FACE('',(#148,#29),#48,.T.);
#3537=ADVANCED_FACE('',(#149),#3446,.F.);
#3538=ADVANCED_FACE('',(#150,#30),#49,.T.);
#3539=ADVANCED_FACE('',(#151),#3447,.F.);
#3540=ADVANCED_FACE('',(#152,#31),#50,.T.);
#3541=ADVANCED_FACE('',(#153),#3448,.F.);
#3542=ADVANCED_FACE('',(#154,#32),#51,.T.);
#3543=ADVANCED_FACE('',(#155),#3449,.F.);
#3544=ADVANCED_FACE('',(#156,#33),#52,.T.);
#3545=ADVANCED_FACE('',(#157),#53,.F.);
#3546=ADVANCED_FACE('',(#158),#54,.F.);
#3547=ADVANCED_FACE('',(#159),#55,.F.);
#3548=ADVANCED_FACE('',(#160),#56,.F.);
#3549=ADVANCED_FACE('',(#161),#57,.T.);
#3550=ADVANCED_FACE('',(#162),#58,.T.);
#3551=ADVANCED_FACE('',(#163),#59,.T.);
#3552=ADVANCED_FACE('',(#164),#3450,.F.);
#3553=ADVANCED_FACE('',(#165),#3451,.F.);
#3554=ADVANCED_FACE('',(#166),#23,.T.);
#3555=ADVANCED_FACE('',(#167),#3452,.T.);
#3556=ADVANCED_FACE('',(#168),#24,.T.);
#3557=ADVANCED_FACE('',(#169),#3453,.T.);
#3558=ADVANCED_FACE('',(#170),#3454,.T.);
#3559=ADVANCED_FACE('',(#171),#25,.T.);
#3560=ADVANCED_FACE('',(#172),#3455,.T.);
#3561=ADVANCED_FACE('',(#173),#26,.T.);
#3562=ADVANCED_FACE('',(#174),#3456,.T.);
#3563=ADVANCED_FACE('',(#175),#27,.T.);
#3564=ADVANCED_FACE('',(#176),#3457,.F.);
#3565=ADVANCED_FACE('',(#177),#60,.F.);
#3566=ADVANCED_FACE('',(#178),#3458,.F.);
#3567=ADVANCED_FACE('',(#179),#61,.F.);
#3568=ADVANCED_FACE('',(#180,#34,#35,#36,#37),#62,.T.);
#3569=ADVANCED_FACE('',(#181),#3459,.F.);
#3570=ADVANCED_FACE('',(#182),#63,.F.);
#3571=ADVANCED_FACE('',(#183),#3460,.F.);
#3572=ADVANCED_FACE('',(#184),#64,.F.);
#3573=ADVANCED_FACE('',(#185),#65,.T.);
#3574=ADVANCED_FACE('',(#186),#66,.T.);
#3575=ADVANCED_FACE('',(#187),#3461,.F.);
#3576=ADVANCED_FACE('',(#188),#67,.T.);
#3577=ADVANCED_FACE('',(#189),#3462,.T.);
#3578=ADVANCED_FACE('',(#190),#68,.T.);
#3579=ADVANCED_FACE('',(#191),#3463,.F.);
#3580=ADVANCED_FACE('',(#192),#69,.T.);
#3581=ADVANCED_FACE('',(#193),#3464,.T.);
#3582=ADVANCED_FACE('',(#194),#70,.T.);
#3583=ADVANCED_FACE('',(#195),#3465,.F.);
#3584=ADVANCED_FACE('',(#196),#71,.T.);
#3585=ADVANCED_FACE('',(#197),#3466,.F.);
#3586=ADVANCED_FACE('',(#198),#72,.T.);
#3587=ADVANCED_FACE('',(#199),#3467,.T.);
#3588=ADVANCED_FACE('',(#200),#73,.T.);
#3589=ADVANCED_FACE('',(#201),#3468,.F.);
#3590=ADVANCED_FACE('',(#202),#74,.T.);
#3591=ADVANCED_FACE('',(#203),#3469,.T.);
#3592=ADVANCED_FACE('',(#204),#75,.T.);
#3593=ADVANCED_FACE('',(#205),#3470,.F.);
#3594=ADVANCED_FACE('',(#206),#76,.T.);
#3595=ADVANCED_FACE('',(#207),#3471,.T.);
#3596=ADVANCED_FACE('',(#208),#77,.T.);
#3597=ADVANCED_FACE('',(#209),#3472,.F.);
#3598=ADVANCED_FACE('',(#210),#78,.T.);
#3599=ADVANCED_FACE('',(#211),#3473,.T.);
#3600=ADVANCED_FACE('',(#212),#79,.T.);
#3601=ADVANCED_FACE('',(#213),#3474,.F.);
#3602=ADVANCED_FACE('',(#214),#3475,.T.);
#3603=ADVANCED_FACE('',(#215),#80,.T.);
#3604=ADVANCED_FACE('',(#216),#3476,.F.);
#3605=ADVANCED_FACE('',(#217),#3477,.T.);
#3606=ADVANCED_FACE('',(#218),#81,.T.);
#3607=ADVANCED_FACE('',(#219),#3478,.F.);
#3608=ADVANCED_FACE('',(#220),#82,.T.);
#3609=ADVANCED_FACE('',(#221),#3479,.F.);
#3610=ADVANCED_FACE('',(#222),#83,.T.);
#3611=ADVANCED_FACE('',(#223),#84,.T.);
#3612=ADVANCED_FACE('',(#224),#3480,.F.);
#3613=ADVANCED_FACE('',(#225),#85,.T.);
#3614=ADVANCED_FACE('',(#226),#3481,.T.);
#3615=ADVANCED_FACE('',(#227),#86,.T.);
#3616=ADVANCED_FACE('',(#228),#3482,.F.);
#3617=ADVANCED_FACE('',(#229),#3483,.T.);
#3618=ADVANCED_FACE('',(#230),#87,.T.);
#3619=ADVANCED_FACE('',(#231),#88,.T.);
#3620=ADVANCED_FACE('',(#232),#89,.T.);
#3621=ADVANCED_FACE('',(#233),#3484,.T.);
#3622=ADVANCED_FACE('',(#234),#3485,.F.);
#3623=ADVANCED_FACE('',(#235),#90,.T.);
#3624=ADVANCED_FACE('',(#236),#3486,.T.);
#3625=ADVANCED_FACE('',(#237),#91,.T.);
#3626=ADVANCED_FACE('',(#238),#3487,.F.);
#3627=ADVANCED_FACE('',(#239),#92,.T.);
#3628=ADVANCED_FACE('',(#240),#93,.T.);
#3629=ADVANCED_FACE('',(#241),#3488,.F.);
#3630=ADVANCED_FACE('',(#242),#94,.T.);
#3631=ADVANCED_FACE('',(#243),#3489,.F.);
#3632=ADVANCED_FACE('',(#244),#95,.T.);
#3633=ADVANCED_FACE('',(#245),#3490,.T.);
#3634=ADVANCED_FACE('',(#246),#96,.T.);
#3635=ADVANCED_FACE('',(#247),#3491,.F.);
#3636=ADVANCED_FACE('',(#248),#97,.T.);
#3637=ADVANCED_FACE('',(#249),#3492,.T.);
#3638=ADVANCED_FACE('',(#250),#3493,.F.);
#3639=ADVANCED_FACE('',(#251),#98,.T.);
#3640=ADVANCED_FACE('',(#252),#3494,.T.);
#3641=ADVANCED_FACE('',(#253),#99,.T.);
#3642=ADVANCED_FACE('',(#254),#3495,.F.);
#3643=ADVANCED_FACE('',(#255),#100,.T.);
#3644=ADVANCED_FACE('',(#256),#3496,.F.);
#3645=ADVANCED_FACE('',(#257),#3497,.T.);
#3646=ADVANCED_FACE('',(#258),#101,.T.);
#3647=ADVANCED_FACE('',(#259),#3498,.F.);
#3648=ADVANCED_FACE('',(#260),#102,.T.);
#3649=ADVANCED_FACE('',(#261),#3499,.T.);
#3650=ADVANCED_FACE('',(#262),#103,.T.);
#3651=ADVANCED_FACE('',(#263),#3500,.F.);
#3652=ADVANCED_FACE('',(#264),#104,.T.);
#3653=ADVANCED_FACE('',(#265),#3501,.T.);
#3654=ADVANCED_FACE('',(#266),#105,.T.);
#3655=ADVANCED_FACE('',(#267),#3502,.F.);
#3656=ADVANCED_FACE('',(#268),#106,.T.);
#3657=ADVANCED_FACE('',(#269),#3503,.F.);
#3658=ADVANCED_FACE('',(#270),#107,.T.);
#3659=ADVANCED_FACE('',(#271),#3504,.T.);
#3660=ADVANCED_FACE('',(#272),#108,.T.);
#3661=ADVANCED_FACE('',(#273),#3505,.F.);
#3662=ADVANCED_FACE('',(#274),#109,.T.);
#3663=ADVANCED_FACE('',(#275),#3506,.T.);
#3664=ADVANCED_FACE('',(#276),#110,.T.);
#3665=ADVANCED_FACE('',(#277),#3507,.F.);
#3666=ADVANCED_FACE('',(#278),#111,.T.);
#3667=ADVANCED_FACE('',(#279),#112,.F.);
#3668=ADVANCED_FACE('',(#280),#3508,.F.);
#3669=ADVANCED_FACE('',(#281),#113,.F.);
#3670=ADVANCED_FACE('',(#282),#114,.F.);
#3671=ADVANCED_FACE('',(#283),#3509,.F.);
#3672=ADVANCED_FACE('',(#284),#115,.T.);
#3673=ADVANCED_FACE('',(#285),#116,.F.);
#3674=ADVANCED_FACE('',(#286),#21,.T.);
#3675=ADVANCED_FACE('',(#287,#38,#39),#117,.F.);
#3676=ADVANCED_FACE('',(#288),#3510,.T.);
#3677=ADVANCED_FACE('',(#289),#118,.T.);
#3678=ADVANCED_FACE('',(#290),#3511,.F.);
#3679=ADVANCED_FACE('',(#291),#119,.T.);
#3680=ADVANCED_FACE('',(#292),#3512,.T.);
#3681=ADVANCED_FACE('',(#293),#3513,.F.);
#3682=ADVANCED_FACE('',(#294),#120,.T.);
#3683=ADVANCED_FACE('',(#295),#121,.T.);
#3684=ADVANCED_FACE('',(#296),#122,.T.);
#3685=ADVANCED_FACE('',(#297),#3514,.F.);
#3686=ADVANCED_FACE('',(#298),#123,.T.);
#3687=ADVANCED_FACE('',(#299),#3515,.T.);
#3688=ADVANCED_FACE('',(#300),#124,.T.);
#3689=ADVANCED_FACE('',(#301),#125,.T.);
#3690=ADVANCED_FACE('',(#302),#126,.T.);
#3691=ADVANCED_FACE('',(#303),#3516,.T.);
#3692=ADVANCED_FACE('',(#304),#127,.T.);
#3693=ADVANCED_FACE('',(#305),#3517,.T.);
#3694=ADVANCED_FACE('',(#306),#128,.T.);
#3695=ADVANCED_FACE('',(#307),#3518,.F.);
#3696=ADVANCED_FACE('',(#308,#40),#129,.T.);
#3697=ADVANCED_FACE('',(#309),#3519,.T.);
#3698=ADVANCED_FACE('',(#310),#3520,.T.);
#3699=ADVANCED_FACE('',(#311),#130,.T.);
#3700=ADVANCED_FACE('',(#312),#3521,.T.);
#3701=ADVANCED_FACE('',(#313),#131,.T.);
#3702=ADVANCED_FACE('',(#314),#3522,.T.);
#3703=ADVANCED_FACE('',(#315),#132,.T.);
#3704=ADVANCED_FACE('',(#316),#3523,.T.);
#3705=ADVANCED_FACE('',(#317),#133,.T.);
#3706=ADVANCED_FACE('',(#318),#134,.T.);
#3707=ADVANCED_FACE('',(#319),#3524,.T.);
#3708=ADVANCED_FACE('',(#320),#135,.T.);
#3709=ADVANCED_FACE('',(#321),#136,.T.);
#3710=ADVANCED_FACE('',(#322),#3525,.T.);
#3711=ADVANCED_FACE('',(#323),#137,.T.);
#3712=ADVANCED_FACE('',(#324),#3526,.T.);
#3713=ADVANCED_FACE('',(#325),#138,.T.);
#3714=ADVANCED_FACE('',(#326),#139,.T.);
#3715=ADVANCED_FACE('',(#327),#3527,.T.);
#3716=ADVANCED_FACE('',(#328),#140,.T.);
#3717=ADVANCED_FACE('',(#329),#141,.T.);
#3718=ADVANCED_FACE('',(#330),#3528,.T.);
#3719=ADVANCED_FACE('',(#331),#142,.T.);
#3720=ADVANCED_FACE('',(#332),#143,.F.);
#3721=ADVANCED_FACE('',(#333,#41,#42,#43,#44,#45,#46),#144,.F.);
#3722=ADVANCED_FACE('',(#334),#3529,.F.);
#3723=ADVANCED_FACE('',(#335),#3530,.F.);
#3724=ADVANCED_FACE('',(#336),#3531,.F.);
#3725=ADVANCED_FACE('',(#337),#3532,.F.);
#3726=CLOSED_SHELL('',(#3533,#3534,#3535,#3536,#3537,#3538,#3539,#3540,
#3541,#3542,#3543,#3544,#3545,#3546,#3547,#3548,#3549,#3550,#3551,#3552,
#3553,#3554,#3555,#3556,#3557,#3558,#3559,#3560,#3561,#3562,#3563,#3564,
#3565,#3566,#3567,#3568,#3569,#3570,#3571,#3572,#3573,#3574,#3575,#3576,
#3577,#3578,#3579,#3580,#3581,#3582,#3583,#3584,#3585,#3586,#3587,#3588,
#3589,#3590,#3591,#3592,#3593,#3594,#3595,#3596,#3597,#3598,#3599,#3600,
#3601,#3602,#3603,#3604,#3605,#3606,#3607,#3608,#3609,#3610,#3611,#3612,
#3613,#3614,#3615,#3616,#3617,#3618,#3619,#3620,#3621,#3622,#3623,#3624,
#3625,#3626,#3627,#3628,#3629,#3630,#3631,#3632,#3633,#3634,#3635,#3636,
#3637,#3638,#3639,#3640,#3641,#3642,#3643,#3644,#3645,#3646,#3647,#3648,
#3649,#3650,#3651,#3652,#3653,#3654,#3655,#3656,#3657,#3658,#3659,#3660,
#3661,#3662,#3663,#3664,#3665,#3666,#3667,#3668,#3669,#3670,#3671,#3672,
#3673,#3674,#3675,#3676,#3677,#3678,#3679,#3680,#3681,#3682,#3683,#3684,
#3685,#3686,#3687,#3688,#3689,#3690,#3691,#3692,#3693,#3694,#3695,#3696,
#3697,#3698,#3699,#3700,#3701,#3702,#3703,#3704,#3705,#3706,#3707,#3708,
#3709,#3710,#3711,#3712,#3713,#3714,#3715,#3716,#3717,#3718,#3719,#3720,
#3721,#3722,#3723,#3724,#3725));
#3727=DERIVED_UNIT_ELEMENT(#3729,1.);
#3728=DERIVED_UNIT_ELEMENT(#6383,-3.);
#3729=(
MASS_UNIT()
NAMED_UNIT(*)
SI_UNIT(.KILO.,.GRAM.)
);
#3730=DERIVED_UNIT((#3727,#3728));
#3731=MEASURE_REPRESENTATION_ITEM('density measure',
POSITIVE_RATIO_MEASURE(7850.),#3730);
#3732=PROPERTY_DEFINITION_REPRESENTATION(#3737,#3734);
#3733=PROPERTY_DEFINITION_REPRESENTATION(#3738,#3735);
#3734=REPRESENTATION('material name',(#3736),#6380);
#3735=REPRESENTATION('density',(#3731),#6380);
#3736=DESCRIPTIVE_REPRESENTATION_ITEM('\X2\92FC\X0\','\X2\92FC\X0\');
#3737=PROPERTY_DEFINITION('material property','material name',#6395);
#3738=PROPERTY_DEFINITION('material property','density of part',#6395);
#3739=AXIS2_PLACEMENT_3D('',#5234,#4118,#4119);
#3740=AXIS2_PLACEMENT_3D('',#5235,#4120,#4121);
#3741=AXIS2_PLACEMENT_3D('',#5236,#4122,#4123);
#3742=AXIS2_PLACEMENT_3D('',#5238,#4124,#4125);
#3743=AXIS2_PLACEMENT_3D('',#5241,#4127,#4128);
#3744=AXIS2_PLACEMENT_3D('',#5242,#4129,#4130);
#3745=AXIS2_PLACEMENT_3D('',#5244,#4131,#4132);
#3746=AXIS2_PLACEMENT_3D('',#5245,#4133,#4134);
#3747=AXIS2_PLACEMENT_3D('',#5247,#4135,#4136);
#3748=AXIS2_PLACEMENT_3D('',#5250,#4138,#4139);
#3749=AXIS2_PLACEMENT_3D('',#5251,#4140,#4141);
#3750=AXIS2_PLACEMENT_3D('',#5253,#4142,#4143);
#3751=AXIS2_PLACEMENT_3D('',#5254,#4144,#4145);
#3752=AXIS2_PLACEMENT_3D('',#5256,#4146,#4147);
#3753=AXIS2_PLACEMENT_3D('',#5259,#4149,#4150);
#3754=AXIS2_PLACEMENT_3D('',#5260,#4151,#4152);
#3755=AXIS2_PLACEMENT_3D('',#5262,#4153,#4154);
#3756=AXIS2_PLACEMENT_3D('',#5263,#4155,#4156);
#3757=AXIS2_PLACEMENT_3D('',#5265,#4157,#4158);
#3758=AXIS2_PLACEMENT_3D('',#5268,#4160,#4161);
#3759=AXIS2_PLACEMENT_3D('',#5269,#4162,#4163);
#3760=AXIS2_PLACEMENT_3D('',#5271,#4164,#4165);
#3761=AXIS2_PLACEMENT_3D('',#5272,#4166,#4167);
#3762=AXIS2_PLACEMENT_3D('',#5274,#4168,#4169);
#3763=AXIS2_PLACEMENT_3D('',#5277,#4171,#4172);
#3764=AXIS2_PLACEMENT_3D('',#5278,#4173,#4174);
#3765=AXIS2_PLACEMENT_3D('',#5280,#4175,#4176);
#3766=AXIS2_PLACEMENT_3D('',#5281,#4177,#4178);
#3767=AXIS2_PLACEMENT_3D('',#5283,#4179,#4180);
#3768=AXIS2_PLACEMENT_3D('',#5286,#4182,#4183);
#3769=AXIS2_PLACEMENT_3D('',#5287,#4184,#4185);
#3770=AXIS2_PLACEMENT_3D('',#5289,#4186,#4187);
#3771=AXIS2_PLACEMENT_3D('',#5290,#4188,#4189);
#3772=AXIS2_PLACEMENT_3D('',#5299,#4194,#4195);
#3773=AXIS2_PLACEMENT_3D('',#5309,#4201,#4202);
#3774=AXIS2_PLACEMENT_3D('',#5315,#4206,#4207);
#3775=AXIS2_PLACEMENT_3D('',#5322,#4212,#4213);
#3776=AXIS2_PLACEMENT_3D('',#5326,#4215,#4216);
#3777=AXIS2_PLACEMENT_3D('',#5330,#4218,#4219);
#3778=AXIS2_PLACEMENT_3D('',#5334,#4221,#4222);
#3779=AXIS2_PLACEMENT_3D('',#5340,#4225,#4226);
#3780=AXIS2_PLACEMENT_3D('',#5344,#4228,#4229);
#3781=AXIS2_PLACEMENT_3D('',#5348,#4231,#4232);
#3782=AXIS2_PLACEMENT_3D('',#5350,#4233,#4234);
#3783=AXIS2_PLACEMENT_3D('',#5358,#4238,#4239);
#3784=AXIS2_PLACEMENT_3D('',#5360,#4240,#4241);
#3785=AXIS2_PLACEMENT_3D('',#5364,#4243,#4244);
#3786=AXIS2_PLACEMENT_3D('',#5368,#4246,#4247);
#3787=AXIS2_PLACEMENT_3D('',#5374,#4250,#4251);
#3788=AXIS2_PLACEMENT_3D('',#5378,#4253,#4254);
#3789=AXIS2_PLACEMENT_3D('',#5382,#4256,#4257);
#3790=AXIS2_PLACEMENT_3D('',#5384,#4259,#4260);
#3791=AXIS2_PLACEMENT_3D('',#5388,#4262,#4263);
#3792=AXIS2_PLACEMENT_3D('',#5392,#4265,#4266);
#3793=AXIS2_PLACEMENT_3D('',#5394,#4267,#4268);
#3794=AXIS2_PLACEMENT_3D('',#5398,#4270,#4271);
#3795=AXIS2_PLACEMENT_3D('',#5402,#4273,#4274);
#3796=AXIS2_PLACEMENT_3D('',#5406,#4276,#4277);
#3797=AXIS2_PLACEMENT_3D('',#5410,#4279,#4280);
#3798=AXIS2_PLACEMENT_3D('',#5414,#4282,#4283);
#3799=AXIS2_PLACEMENT_3D('',#5418,#4285,#4286);
#3800=AXIS2_PLACEMENT_3D('',#5422,#4288,#4289);
#3801=AXIS2_PLACEMENT_3D('',#5426,#4291,#4292);
#3802=AXIS2_PLACEMENT_3D('',#5430,#4294,#4295);
#3803=AXIS2_PLACEMENT_3D('',#5434,#4297,#4298);
#3804=AXIS2_PLACEMENT_3D('',#5438,#4300,#4301);
#3805=AXIS2_PLACEMENT_3D('',#5442,#4303,#4304);
#3806=AXIS2_PLACEMENT_3D('',#5446,#4306,#4307);
#3807=AXIS2_PLACEMENT_3D('',#5454,#4311,#4312);
#3808=AXIS2_PLACEMENT_3D('',#5458,#4314,#4315);
#3809=AXIS2_PLACEMENT_3D('',#5462,#4317,#4318);
#3810=AXIS2_PLACEMENT_3D('',#5466,#4320,#4321);
#3811=AXIS2_PLACEMENT_3D('',#5470,#4323,#4324);
#3812=AXIS2_PLACEMENT_3D('',#5474,#4326,#4327);
#3813=AXIS2_PLACEMENT_3D('',#5478,#4329,#4330);
#3814=AXIS2_PLACEMENT_3D('',#5482,#4332,#4333);
#3815=AXIS2_PLACEMENT_3D('',#5486,#4335,#4336);
#3816=AXIS2_PLACEMENT_3D('',#5490,#4338,#4339);
#3817=AXIS2_PLACEMENT_3D('',#5494,#4341,#4342);
#3818=AXIS2_PLACEMENT_3D('',#5496,#4343,#4344);
#3819=AXIS2_PLACEMENT_3D('',#5500,#4346,#4347);
#3820=AXIS2_PLACEMENT_3D('',#5504,#4349,#4350);
#3821=AXIS2_PLACEMENT_3D('',#5508,#4352,#4353);
#3822=AXIS2_PLACEMENT_3D('',#5510,#4354,#4355);
#3823=AXIS2_PLACEMENT_3D('',#5514,#4357,#4358);
#3824=AXIS2_PLACEMENT_3D('',#5516,#4360,#4361);
#3825=AXIS2_PLACEMENT_3D('',#5522,#4365,#4366);
#3826=AXIS2_PLACEMENT_3D('',#5524,#4367,#4368);
#3827=AXIS2_PLACEMENT_3D('',#5526,#4370,#4371);
#3828=AXIS2_PLACEMENT_3D('',#5528,#4372,#4373);
#3829=AXIS2_PLACEMENT_3D('',#5530,#4375,#4376);
#3830=AXIS2_PLACEMENT_3D('',#5533,#4377,#4378);
#3831=AXIS2_PLACEMENT_3D('',#5535,#4379,#4380);
#3832=AXIS2_PLACEMENT_3D('',#5537,#4381,#4382);
#3833=AXIS2_PLACEMENT_3D('',#5538,#4383,#4384);
#3834=AXIS2_PLACEMENT_3D('',#5539,#4385,#4386);
#3835=AXIS2_PLACEMENT_3D('',#5542,#4387,#4388);
#3836=AXIS2_PLACEMENT_3D('',#5545,#4391,#4392);
#3837=AXIS2_PLACEMENT_3D('',#5548,#4393,#4394);
#3838=AXIS2_PLACEMENT_3D('',#5549,#4395,#4396);
#3839=AXIS2_PLACEMENT_3D('',#5550,#4397,#4398);
#3840=AXIS2_PLACEMENT_3D('',#5551,#4399,#4400);
#3841=AXIS2_PLACEMENT_3D('',#5554,#4401,#4402);
#3842=AXIS2_PLACEMENT_3D('',#5557,#4405,#4406);
#3843=AXIS2_PLACEMENT_3D('',#5560,#4407,#4408);
#3844=AXIS2_PLACEMENT_3D('',#5564,#4410,#4411);
#3845=AXIS2_PLACEMENT_3D('',#5566,#4413,#4414);
#3846=AXIS2_PLACEMENT_3D('',#5569,#4415,#4416);
#3847=AXIS2_PLACEMENT_3D('',#5570,#4417,#4418);
#3848=AXIS2_PLACEMENT_3D('',#5571,#4419,#4420);
#3849=AXIS2_PLACEMENT_3D('',#5572,#4421,#4422);
#3850=AXIS2_PLACEMENT_3D('',#5575,#4423,#4424);
#3851=AXIS2_PLACEMENT_3D('',#5579,#4427,#4428);
#3852=AXIS2_PLACEMENT_3D('',#5580,#4429,#4430);
#3853=AXIS2_PLACEMENT_3D('',#5581,#4431,#4432);
#3854=AXIS2_PLACEMENT_3D('',#5582,#4433,#4434);
#3855=AXIS2_PLACEMENT_3D('',#5583,#4435,#4436);
#3856=AXIS2_PLACEMENT_3D('',#5588,#4439,#4440);
#3857=AXIS2_PLACEMENT_3D('',#5589,#4441,#4442);
#3858=AXIS2_PLACEMENT_3D('',#5596,#4443,#4444);
#3859=AXIS2_PLACEMENT_3D('',#5597,#4445,#4446);
#3860=AXIS2_PLACEMENT_3D('',#5601,#4448,#4449);
#3861=AXIS2_PLACEMENT_3D('',#5603,#4451,#4452);
#3862=AXIS2_PLACEMENT_3D('',#5607,#4455,#4456);
#3863=AXIS2_PLACEMENT_3D('',#5610,#4458,#4459);
#3864=AXIS2_PLACEMENT_3D('',#5611,#4460,#4461);
#3865=AXIS2_PLACEMENT_3D('',#5615,#4464,#4465);
#3866=AXIS2_PLACEMENT_3D('',#5621,#4468,#4469);
#3867=AXIS2_PLACEMENT_3D('',#5625,#4471,#4472);
#3868=AXIS2_PLACEMENT_3D('',#5631,#4475,#4476);
#3869=AXIS2_PLACEMENT_3D('',#5635,#4478,#4479);
#3870=AXIS2_PLACEMENT_3D('',#5639,#4481,#4482);
#3871=AXIS2_PLACEMENT_3D('',#5643,#4484,#4485);
#3872=AXIS2_PLACEMENT_3D('',#5647,#4487,#4488);
#3873=AXIS2_PLACEMENT_3D('',#5651,#4490,#4491);
#3874=AXIS2_PLACEMENT_3D('',#5655,#4493,#4494);
#3875=AXIS2_PLACEMENT_3D('',#5659,#4496,#4497);
#3876=AXIS2_PLACEMENT_3D('',#5663,#4499,#4500);
#3877=AXIS2_PLACEMENT_3D('',#5667,#4502,#4503);
#3878=AXIS2_PLACEMENT_3D('',#5671,#4505,#4506);
#3879=AXIS2_PLACEMENT_3D('',#5675,#4508,#4509);
#3880=AXIS2_PLACEMENT_3D('',#5679,#4511,#4512);
#3881=AXIS2_PLACEMENT_3D('',#5683,#4514,#4515);
#3882=AXIS2_PLACEMENT_3D('',#5685,#4516,#4517);
#3883=AXIS2_PLACEMENT_3D('',#5688,#4519,#4520);
#3884=AXIS2_PLACEMENT_3D('',#5690,#4521,#4522);
#3885=AXIS2_PLACEMENT_3D('',#5694,#4524,#4525);
#3886=AXIS2_PLACEMENT_3D('',#5698,#4527,#4528);
#3887=AXIS2_PLACEMENT_3D('',#5704,#4531,#4532);
#3888=AXIS2_PLACEMENT_3D('',#5708,#4534,#4535);
#3889=AXIS2_PLACEMENT_3D('',#5712,#4537,#4538);
#3890=AXIS2_PLACEMENT_3D('',#5714,#4539,#4540);
#3891=AXIS2_PLACEMENT_3D('',#5717,#4542,#4543);
#3892=AXIS2_PLACEMENT_3D('',#5719,#4544,#4545);
#3893=AXIS2_PLACEMENT_3D('',#5721,#4546,#4547);
#3894=AXIS2_PLACEMENT_3D('',#5723,#4548,#4549);
#3895=AXIS2_PLACEMENT_3D('',#5724,#4550,#4551);
#3896=AXIS2_PLACEMENT_3D('',#5727,#4553,#4554);
#3897=AXIS2_PLACEMENT_3D('',#5728,#4555,#4556);
#3898=AXIS2_PLACEMENT_3D('',#5732,#4559,#4560);
#3899=AXIS2_PLACEMENT_3D('',#5735,#4562,#4563);
#3900=AXIS2_PLACEMENT_3D('',#5736,#4564,#4565);
#3901=AXIS2_PLACEMENT_3D('',#5738,#4567,#4568);
#3902=AXIS2_PLACEMENT_3D('',#5739,#4569,#4570);
#3903=AXIS2_PLACEMENT_3D('',#5742,#4573,#4574);
#3904=AXIS2_PLACEMENT_3D('',#5744,#4576,#4577);
#3905=AXIS2_PLACEMENT_3D('',#5746,#4579,#4580);
#3906=AXIS2_PLACEMENT_3D('',#5748,#4582,#4583);
#3907=AXIS2_PLACEMENT_3D('',#5750,#4585,#4586);
#3908=AXIS2_PLACEMENT_3D('',#5752,#4588,#4589);
#3909=AXIS2_PLACEMENT_3D('',#5754,#4591,#4592);
#3910=AXIS2_PLACEMENT_3D('',#5756,#4594,#4595);
#3911=AXIS2_PLACEMENT_3D('',#5758,#4597,#4598);
#3912=AXIS2_PLACEMENT_3D('',#5760,#4600,#4601);
#3913=AXIS2_PLACEMENT_3D('',#5762,#4603,#4604);
#3914=AXIS2_PLACEMENT_3D('',#5764,#4606,#4607);
#3915=AXIS2_PLACEMENT_3D('',#5766,#4609,#4610);
#3916=AXIS2_PLACEMENT_3D('',#5768,#4612,#4613);
#3917=AXIS2_PLACEMENT_3D('',#5770,#4615,#4616);
#3918=AXIS2_PLACEMENT_3D('',#5772,#4618,#4619);
#3919=AXIS2_PLACEMENT_3D('',#5774,#4621,#4622);
#3920=AXIS2_PLACEMENT_3D('',#5776,#4624,#4625);
#3921=AXIS2_PLACEMENT_3D('',#5778,#4627,#4628);
#3922=AXIS2_PLACEMENT_3D('',#5780,#4630,#4631);
#3923=AXIS2_PLACEMENT_3D('',#5782,#4633,#4634);
#3924=AXIS2_PLACEMENT_3D('',#5784,#4636,#4637);
#3925=AXIS2_PLACEMENT_3D('',#5786,#4639,#4640);
#3926=AXIS2_PLACEMENT_3D('',#5788,#4642,#4643);
#3927=AXIS2_PLACEMENT_3D('',#5790,#4645,#4646);
#3928=AXIS2_PLACEMENT_3D('',#5792,#4648,#4649);
#3929=AXIS2_PLACEMENT_3D('',#5794,#4651,#4652);
#3930=AXIS2_PLACEMENT_3D('',#5796,#4654,#4655);
#3931=AXIS2_PLACEMENT_3D('',#5798,#4657,#4658);
#3932=AXIS2_PLACEMENT_3D('',#5800,#4660,#4661);
#3933=AXIS2_PLACEMENT_3D('',#5801,#4662,#4663);
#3934=AXIS2_PLACEMENT_3D('',#5803,#4665,#4666);
#3935=AXIS2_PLACEMENT_3D('',#5805,#4668,#4669);
#3936=AXIS2_PLACEMENT_3D('',#5807,#4671,#4672);
#3937=AXIS2_PLACEMENT_3D('',#5809,#4674,#4675);
#3938=AXIS2_PLACEMENT_3D('',#5811,#4677,#4678);
#3939=AXIS2_PLACEMENT_3D('',#5813,#4680,#4681);
#3940=AXIS2_PLACEMENT_3D('',#5815,#4683,#4684);
#3941=AXIS2_PLACEMENT_3D('',#5817,#4686,#4687);
#3942=AXIS2_PLACEMENT_3D('',#5819,#4689,#4690);
#3943=AXIS2_PLACEMENT_3D('',#5821,#4692,#4693);
#3944=AXIS2_PLACEMENT_3D('',#5823,#4695,#4696);
#3945=AXIS2_PLACEMENT_3D('',#5825,#4698,#4699);
#3946=AXIS2_PLACEMENT_3D('',#5827,#4701,#4702);
#3947=AXIS2_PLACEMENT_3D('',#5829,#4704,#4705);
#3948=AXIS2_PLACEMENT_3D('',#5831,#4707,#4708);
#3949=AXIS2_PLACEMENT_3D('',#5837,#4712,#4713);
#3950=AXIS2_PLACEMENT_3D('',#5840,#4715,#4716);
#3951=AXIS2_PLACEMENT_3D('',#5841,#4717,#4718);
#3952=AXIS2_PLACEMENT_3D('',#5844,#4720,#4721);
#3953=AXIS2_PLACEMENT_3D('',#5845,#4722,#4723);
#3954=AXIS2_PLACEMENT_3D('',#5849,#4726,#4727);
#3955=AXIS2_PLACEMENT_3D('',#5852,#4729,#4730);
#3956=AXIS2_PLACEMENT_3D('',#5853,#4731,#4732);
#3957=AXIS2_PLACEMENT_3D('',#5857,#4735,#4736);
#3958=AXIS2_PLACEMENT_3D('',#5860,#4738,#4739);
#3959=AXIS2_PLACEMENT_3D('',#5861,#4740,#4741);
#3960=AXIS2_PLACEMENT_3D('',#5865,#4744,#4745);
#3961=AXIS2_PLACEMENT_3D('',#5869,#4748,#4749);
#3962=AXIS2_PLACEMENT_3D('',#5872,#4751,#4752);
#3963=AXIS2_PLACEMENT_3D('',#5873,#4753,#4754);
#3964=AXIS2_PLACEMENT_3D('',#5877,#4757,#4758);
#3965=AXIS2_PLACEMENT_3D('',#5880,#4760,#4761);
#3966=AXIS2_PLACEMENT_3D('',#5881,#4762,#4763);
#3967=AXIS2_PLACEMENT_3D('',#5885,#4766,#4767);
#3968=AXIS2_PLACEMENT_3D('',#5888,#4769,#4770);
#3969=AXIS2_PLACEMENT_3D('',#5889,#4771,#4772);
#3970=AXIS2_PLACEMENT_3D('',#5893,#4775,#4776);
#3971=AXIS2_PLACEMENT_3D('',#5896,#4778,#4779);
#3972=AXIS2_PLACEMENT_3D('',#5897,#4780,#4781);
#3973=AXIS2_PLACEMENT_3D('',#5905,#4785,#4786);
#3974=AXIS2_PLACEMENT_3D('',#5909,#4788,#4789);
#3975=AXIS2_PLACEMENT_3D('',#5913,#4792,#4793);
#3976=AXIS2_PLACEMENT_3D('',#5916,#4795,#4796);
#3977=AXIS2_PLACEMENT_3D('',#5917,#4797,#4798);
#3978=AXIS2_PLACEMENT_3D('',#5920,#4800,#4801);
#3979=AXIS2_PLACEMENT_3D('',#5921,#4802,#4803);
#3980=AXIS2_PLACEMENT_3D('',#5925,#4806,#4807);
#3981=AXIS2_PLACEMENT_3D('',#5928,#4809,#4810);
#3982=AXIS2_PLACEMENT_3D('',#5929,#4811,#4812);
#3983=AXIS2_PLACEMENT_3D('',#5933,#4815,#4816);
#3984=AXIS2_PLACEMENT_3D('',#5936,#4818,#4819);
#3985=AXIS2_PLACEMENT_3D('',#5937,#4820,#4821);
#3986=AXIS2_PLACEMENT_3D('',#5941,#4824,#4825);
#3987=AXIS2_PLACEMENT_3D('',#5944,#4827,#4828);
#3988=AXIS2_PLACEMENT_3D('',#5945,#4829,#4830);
#3989=AXIS2_PLACEMENT_3D('',#5948,#4832,#4833);
#3990=AXIS2_PLACEMENT_3D('',#5949,#4834,#4835);
#3991=AXIS2_PLACEMENT_3D('',#5953,#4838,#4839);
#3992=AXIS2_PLACEMENT_3D('',#5956,#4841,#4842);
#3993=AXIS2_PLACEMENT_3D('',#5957,#4843,#4844);
#3994=AXIS2_PLACEMENT_3D('',#5961,#4847,#4848);
#3995=AXIS2_PLACEMENT_3D('',#5964,#4850,#4851);
#3996=AXIS2_PLACEMENT_3D('',#5965,#4852,#4853);
#3997=AXIS2_PLACEMENT_3D('',#5969,#4856,#4857);
#3998=AXIS2_PLACEMENT_3D('',#5972,#4859,#4860);
#3999=AXIS2_PLACEMENT_3D('',#5973,#4861,#4862);
#4000=AXIS2_PLACEMENT_3D('',#5977,#4865,#4866);
#4001=AXIS2_PLACEMENT_3D('',#5980,#4868,#4869);
#4002=AXIS2_PLACEMENT_3D('',#5981,#4870,#4871);
#4003=AXIS2_PLACEMENT_3D('',#5985,#4874,#4875);
#4004=AXIS2_PLACEMENT_3D('',#5988,#4877,#4878);
#4005=AXIS2_PLACEMENT_3D('',#5989,#4879,#4880);
#4006=AXIS2_PLACEMENT_3D('',#5993,#4883,#4884);
#4007=AXIS2_PLACEMENT_3D('',#5996,#4886,#4887);
#4008=AXIS2_PLACEMENT_3D('',#5997,#4888,#4889);
#4009=AXIS2_PLACEMENT_3D('',#6001,#4892,#4893);
#4010=AXIS2_PLACEMENT_3D('',#6004,#4895,#4896);
#4011=AXIS2_PLACEMENT_3D('',#6005,#4897,#4898);
#4012=AXIS2_PLACEMENT_3D('',#6009,#4901,#4902);
#4013=AXIS2_PLACEMENT_3D('',#6012,#4904,#4905);
#4014=AXIS2_PLACEMENT_3D('',#6013,#4906,#4907);
#4015=AXIS2_PLACEMENT_3D('',#6017,#4910,#4911);
#4016=AXIS2_PLACEMENT_3D('',#6020,#4913,#4914);
#4017=AXIS2_PLACEMENT_3D('',#6021,#4915,#4916);
#4018=AXIS2_PLACEMENT_3D('',#6025,#4919,#4920);
#4019=AXIS2_PLACEMENT_3D('',#6028,#4922,#4923);
#4020=AXIS2_PLACEMENT_3D('',#6029,#4924,#4925);
#4021=AXIS2_PLACEMENT_3D('',#6033,#4928,#4929);
#4022=AXIS2_PLACEMENT_3D('',#6039,#4933,#4934);
#4023=AXIS2_PLACEMENT_3D('',#6041,#4935,#4936);
#4024=AXIS2_PLACEMENT_3D('',#6043,#4938,#4939);
#4025=AXIS2_PLACEMENT_3D('',#6047,#4942,#4943);
#4026=AXIS2_PLACEMENT_3D('',#6053,#4947,#4948);
#4027=AXIS2_PLACEMENT_3D('',#6054,#4949,#4950);
#4028=AXIS2_PLACEMENT_3D('',#6055,#4951,#4952);
#4029=AXIS2_PLACEMENT_3D('',#6065,#4958,#4959);
#4030=AXIS2_PLACEMENT_3D('',#6071,#4962,#4963);
#4031=AXIS2_PLACEMENT_3D('',#6077,#4966,#4967);
#4032=AXIS2_PLACEMENT_3D('',#6083,#4970,#4971);
#4033=AXIS2_PLACEMENT_3D('',#6087,#4973,#4974);
#4034=AXIS2_PLACEMENT_3D('',#6093,#4977,#4978);
#4035=AXIS2_PLACEMENT_3D('',#6099,#4981,#4982);
#4036=AXIS2_PLACEMENT_3D('',#6103,#4984,#4985);
#4037=AXIS2_PLACEMENT_3D('',#6107,#4987,#4988);
#4038=AXIS2_PLACEMENT_3D('',#6110,#4990,#4991);
#4039=AXIS2_PLACEMENT_3D('',#6157,#4994,#4995);
#4040=AXIS2_PLACEMENT_3D('',#6163,#4998,#4999);
#4041=AXIS2_PLACEMENT_3D('',#6167,#5001,#5002);
#4042=AXIS2_PLACEMENT_3D('',#6175,#5006,#5007);
#4043=AXIS2_PLACEMENT_3D('',#6177,#5008,#5009);
#4044=AXIS2_PLACEMENT_3D('',#6181,#5011,#5012);
#4045=AXIS2_PLACEMENT_3D('',#6184,#5014,#5015);
#4046=AXIS2_PLACEMENT_3D('',#6185,#5016,#5017);
#4047=AXIS2_PLACEMENT_3D('',#6189,#5019,#5020);
#4048=AXIS2_PLACEMENT_3D('',#6191,#5022,#5023);
#4049=AXIS2_PLACEMENT_3D('',#6195,#5026,#5027);
#4050=AXIS2_PLACEMENT_3D('',#6198,#5029,#5030);
#4051=AXIS2_PLACEMENT_3D('',#6199,#5031,#5032);
#4052=AXIS2_PLACEMENT_3D('',#6203,#5035,#5036);
#4053=AXIS2_PLACEMENT_3D('',#6206,#5038,#5039);
#4054=AXIS2_PLACEMENT_3D('',#6207,#5040,#5041);
#4055=AXIS2_PLACEMENT_3D('',#6210,#5043,#5044);
#4056=AXIS2_PLACEMENT_3D('',#6211,#5045,#5046);
#4057=AXIS2_PLACEMENT_3D('',#6215,#5049,#5050);
#4058=AXIS2_PLACEMENT_3D('',#6218,#5053,#5054);
#4059=AXIS2_PLACEMENT_3D('',#6220,#5056,#5057);
#4060=AXIS2_PLACEMENT_3D('',#6222,#5059,#5060);
#4061=AXIS2_PLACEMENT_3D('',#6224,#5062,#5063);
#4062=AXIS2_PLACEMENT_3D('',#6226,#5065,#5066);
#4063=AXIS2_PLACEMENT_3D('',#6228,#5068,#5069);
#4064=AXIS2_PLACEMENT_3D('',#6234,#5073,#5074);
#4065=AXIS2_PLACEMENT_3D('',#6240,#5078,#5079);
#4066=AXIS2_PLACEMENT_3D('',#6242,#5080,#5081);
#4067=AXIS2_PLACEMENT_3D('',#6244,#5082,#5083);
#4068=AXIS2_PLACEMENT_3D('',#6246,#5085,#5086);
#4069=AXIS2_PLACEMENT_3D('',#6252,#5090,#5091);
#4070=AXIS2_PLACEMENT_3D('',#6254,#5092,#5093);
#4071=AXIS2_PLACEMENT_3D('',#6256,#5094,#5095);
#4072=AXIS2_PLACEMENT_3D('',#6258,#5097,#5098);
#4073=AXIS2_PLACEMENT_3D('',#6264,#5102,#5103);
#4074=AXIS2_PLACEMENT_3D('',#6266,#5104,#5105);
#4075=AXIS2_PLACEMENT_3D('',#6268,#5106,#5107);
#4076=AXIS2_PLACEMENT_3D('',#6270,#5109,#5110);
#4077=AXIS2_PLACEMENT_3D('',#6276,#5114,#5115);
#4078=AXIS2_PLACEMENT_3D('',#6277,#5116,#5117);
#4079=AXIS2_PLACEMENT_3D('',#6278,#5118,#5119);
#4080=AXIS2_PLACEMENT_3D('',#6279,#5120,#5121);
#4081=AXIS2_PLACEMENT_3D('',#6281,#5122,#5123);
#4082=AXIS2_PLACEMENT_3D('',#6283,#5125,#5126);
#4083=AXIS2_PLACEMENT_3D('',#6287,#5129,#5130);
#4084=AXIS2_PLACEMENT_3D('',#6289,#5131,#5132);
#4085=AXIS2_PLACEMENT_3D('',#6291,#5134,#5135);
#4086=AXIS2_PLACEMENT_3D('',#6295,#5138,#5139);
#4087=AXIS2_PLACEMENT_3D('',#6297,#5140,#5141);
#4088=AXIS2_PLACEMENT_3D('',#6299,#5143,#5144);
#4089=AXIS2_PLACEMENT_3D('',#6303,#5147,#5148);
#4090=AXIS2_PLACEMENT_3D('',#6305,#5149,#5150);
#4091=AXIS2_PLACEMENT_3D('',#6307,#5152,#5153);
#4092=AXIS2_PLACEMENT_3D('',#6311,#5156,#5157);
#4093=AXIS2_PLACEMENT_3D('',#6315,#5160,#5161);
#4094=AXIS2_PLACEMENT_3D('',#6317,#5162,#5163);
#4095=AXIS2_PLACEMENT_3D('',#6319,#5165,#5166);
#4096=AXIS2_PLACEMENT_3D('',#6323,#5169,#5170);
#4097=AXIS2_PLACEMENT_3D('',#6327,#5173,#5174);
#4098=AXIS2_PLACEMENT_3D('',#6329,#5175,#5176);
#4099=AXIS2_PLACEMENT_3D('',#6331,#5178,#5179);
#4100=AXIS2_PLACEMENT_3D('',#6335,#5182,#5183);
#4101=AXIS2_PLACEMENT_3D('',#6337,#5184,#5185);
#4102=AXIS2_PLACEMENT_3D('',#6339,#5187,#5188);
#4103=AXIS2_PLACEMENT_3D('',#6343,#5191,#5192);
#4104=AXIS2_PLACEMENT_3D('',#6347,#5195,#5196);
#4105=AXIS2_PLACEMENT_3D('',#6349,#5197,#5198);
#4106=AXIS2_PLACEMENT_3D('',#6351,#5200,#5201);
#4107=AXIS2_PLACEMENT_3D('',#6355,#5204,#5205);
#4108=AXIS2_PLACEMENT_3D('',#6359,#5208,#5209);
#4109=AXIS2_PLACEMENT_3D('',#6361,#5210,#5211);
#4110=AXIS2_PLACEMENT_3D('',#6363,#5213,#5214);
#4111=AXIS2_PLACEMENT_3D('',#6365,#5216,#5217);
#4112=AXIS2_PLACEMENT_3D('',#6366,#5218,#5219);
#4113=AXIS2_PLACEMENT_3D('',#6367,#5220,#5221);
#4114=AXIS2_PLACEMENT_3D('',#6369,#5223,#5224);
#4115=AXIS2_PLACEMENT_3D('',#6371,#5226,#5227);
#4116=AXIS2_PLACEMENT_3D('',#6373,#5229,#5230);
#4117=AXIS2_PLACEMENT_3D('',#6375,#5232,#5233);
#4118=DIRECTION('axis',(0.,0.,1.));
#4119=DIRECTION('refdir',(1.,0.,0.));
#4120=DIRECTION('axis',(0.,0.,1.));
#4121=DIRECTION('refdir',(1.,0.,0.));
#4122=DIRECTION('center_axis',(0.,0.,1.));
#4123=DIRECTION('ref_axis',(-1.,0.,0.));
#4124=DIRECTION('center_axis',(0.,0.,1.));
#4125=DIRECTION('ref_axis',(-1.,0.,0.));
#4126=DIRECTION('',(0.,0.,1.));
#4127=DIRECTION('center_axis',(0.,0.,1.));
#4128=DIRECTION('ref_axis',(-1.,0.,0.));
#4129=DIRECTION('center_axis',(0.,0.,-1.));
#4130=DIRECTION('ref_axis',(-1.,0.,0.));
#4131=DIRECTION('center_axis',(0.,0.,-1.));
#4132=DIRECTION('ref_axis',(0.,-1.,0.));
#4133=DIRECTION('center_axis',(0.,0.,1.));
#4134=DIRECTION('ref_axis',(-1.,0.,0.));
#4135=DIRECTION('center_axis',(0.,0.,1.));
#4136=DIRECTION('ref_axis',(-1.,0.,0.));
#4137=DIRECTION('',(0.,0.,1.));
#4138=DIRECTION('center_axis',(0.,0.,1.));
#4139=DIRECTION('ref_axis',(-1.,0.,0.));
#4140=DIRECTION('center_axis',(0.,0.,-1.));
#4141=DIRECTION('ref_axis',(-1.,0.,0.));
#4142=DIRECTION('center_axis',(0.,0.,-1.));
#4143=DIRECTION('ref_axis',(0.,-1.,0.));
#4144=DIRECTION('center_axis',(0.,0.,1.));
#4145=DIRECTION('ref_axis',(-1.,0.,0.));
#4146=DIRECTION('center_axis',(0.,0.,1.));
#4147=DIRECTION('ref_axis',(-1.,0.,0.));
#4148=DIRECTION('',(0.,0.,1.));
#4149=DIRECTION('center_axis',(0.,0.,1.));
#4150=DIRECTION('ref_axis',(-1.,0.,0.));
#4151=DIRECTION('center_axis',(0.,0.,-1.));
#4152=DIRECTION('ref_axis',(-1.,0.,0.));
#4153=DIRECTION('center_axis',(0.,0.,-1.));
#4154=DIRECTION('ref_axis',(1.,0.,0.));
#4155=DIRECTION('center_axis',(0.,0.,1.));
#4156=DIRECTION('ref_axis',(-1.,0.,0.));
#4157=DIRECTION('center_axis',(0.,0.,1.));
#4158=DIRECTION('ref_axis',(-1.,0.,0.));
#4159=DIRECTION('',(0.,0.,1.));
#4160=DIRECTION('center_axis',(0.,0.,1.));
#4161=DIRECTION('ref_axis',(-1.,0.,0.));
#4162=DIRECTION('center_axis',(0.,0.,-1.));
#4163=DIRECTION('ref_axis',(-1.,0.,0.));
#4164=DIRECTION('center_axis',(0.,0.,-1.));
#4165=DIRECTION('ref_axis',(0.,-1.,0.));
#4166=DIRECTION('center_axis',(0.,0.,1.));
#4167=DIRECTION('ref_axis',(-1.,0.,0.));
#4168=DIRECTION('center_axis',(0.,0.,1.));
#4169=DIRECTION('ref_axis',(-1.,0.,0.));
#4170=DIRECTION('',(0.,0.,1.));
#4171=DIRECTION('center_axis',(0.,0.,1.));
#4172=DIRECTION('ref_axis',(-1.,0.,0.));
#4173=DIRECTION('center_axis',(0.,0.,-1.));
#4174=DIRECTION('ref_axis',(-1.,0.,0.));
#4175=DIRECTION('center_axis',(0.,0.,-1.));
#4176=DIRECTION('ref_axis',(0.,-1.,0.));
#4177=DIRECTION('center_axis',(0.,0.,1.));
#4178=DIRECTION('ref_axis',(-1.,0.,0.));
#4179=DIRECTION('center_axis',(0.,0.,1.));
#4180=DIRECTION('ref_axis',(-1.,0.,0.));
#4181=DIRECTION('',(0.,0.,1.));
#4182=DIRECTION('center_axis',(0.,0.,1.));
#4183=DIRECTION('ref_axis',(-1.,0.,0.));
#4184=DIRECTION('center_axis',(0.,0.,-1.));
#4185=DIRECTION('ref_axis',(-1.,0.,0.));
#4186=DIRECTION('center_axis',(0.,0.,-1.));
#4187=DIRECTION('ref_axis',(1.,0.,0.));
#4188=DIRECTION('center_axis',(0.,0.,-1.));
#4189=DIRECTION('ref_axis',(3.37600927994542E-14,-1.,0.));
#4190=DIRECTION('',(-3.05308671706416E-14,1.,0.));
#4191=DIRECTION('',(-1.,-3.37507799486048E-14,0.));
#4192=DIRECTION('',(3.43472248057339E-14,-1.,0.));
#4193=DIRECTION('',(-1.,-3.37507799486048E-14,0.));
#4194=DIRECTION('center_axis',(-3.37507799486048E-14,1.,0.));
#4195=DIRECTION('ref_axis',(0.,0.,-1.));
#4196=DIRECTION('',(0.,0.,1.));
#4197=DIRECTION('',(0.,0.,-1.));
#4198=DIRECTION('',(1.,3.37507799486048E-14,0.));
#4199=DIRECTION('',(0.,0.,-1.));
#4200=DIRECTION('',(-1.,-3.37507799486048E-14,0.));
#4201=DIRECTION('center_axis',(0.,0.,1.));
#4202=DIRECTION('ref_axis',(-3.37600927994542E-14,1.,0.));
#4203=DIRECTION('',(3.05308671706416E-14,-1.,0.));
#4204=DIRECTION('',(-2.96501687881165E-14,1.,0.));
#4205=DIRECTION('',(-1.,-3.37507799486048E-14,0.));
#4206=DIRECTION('center_axis',(3.37507799486048E-14,-1.,0.));
#4207=DIRECTION('ref_axis',(0.,0.,1.));
#4208=DIRECTION('',(0.,0.,-1.));
#4209=DIRECTION('',(0.,0.,1.));
#4210=DIRECTION('',(-1.,-3.37507799486048E-14,0.));
#4211=DIRECTION('',(0.,0.,1.));
#4212=DIRECTION('center_axis',(0.,0.,1.));
#4213=DIRECTION('ref_axis',(1.,0.,0.));
#4214=DIRECTION('',(-2.96501687881165E-14,1.,0.));
#4215=DIRECTION('center_axis',(0.,0.,1.));
#4216=DIRECTION('ref_axis',(0.99999999999998,-1.97999860855707E-7,0.));
#4217=DIRECTION('',(0.866025417230434,0.499999976710852,0.));
#4218=DIRECTION('center_axis',(0.,0.,-1.));
#4219=DIRECTION('ref_axis',(-0.866024692272645,-0.500001232372552,0.));
#4220=DIRECTION('',(-0.499999997620319,0.866025405158348,0.));
#4221=DIRECTION('center_axis',(0.,0.,-1.));
#4222=DIRECTION('ref_axis',(0.499977033349212,-0.866038663180415,0.));
#4223=DIRECTION('',(-0.866025417807235,-0.499999975711804,0.));
#4224=DIRECTION('',(-0.965925826565003,-0.258819044072717,0.));
#4225=DIRECTION('center_axis',(0.,0.,-1.));
#4226=DIRECTION('ref_axis',(0.965930120478333,0.258803018438181,0.));
#4227=DIRECTION('',(0.258819055783272,-0.965925823427169,0.));
#4228=DIRECTION('center_axis',(0.,0.,1.));
#4229=DIRECTION('ref_axis',(-0.965925826418326,-0.258819044620124,0.));
#4230=DIRECTION('',(-1.,-6.6805439291276E-13,0.));
#4231=DIRECTION('center_axis',(0.,0.,-1.));
#4232=DIRECTION('ref_axis',(0.999999999999721,7.47070559944062E-7,0.));
#4233=DIRECTION('center_axis',(0.,0.,1.));
#4234=DIRECTION('ref_axis',(-0.999999999999721,-7.47087223046359E-7,0.));
#4235=DIRECTION('',(-1.,2.46716226056129E-15,0.));
#4236=DIRECTION('',(2.22044604925031E-15,1.,0.));
#4237=DIRECTION('',(-1.,-5.28970533536281E-15,0.));
#4238=DIRECTION('center_axis',(0.,0.,1.));
#4239=DIRECTION('ref_axis',(7.47070562848015E-7,0.999999999999721,0.));
#4240=DIRECTION('center_axis',(0.,0.,-1.));
#4241=DIRECTION('ref_axis',(-1.86770442663495E-6,-0.999999999998256,0.));
#4242=DIRECTION('',(-1.,-6.71496379092933E-13,0.));
#4243=DIRECTION('center_axis',(0.,0.,1.));
#4244=DIRECTION('ref_axis',(2.08744005808946E-7,0.999999999999978,0.));
#4245=DIRECTION('',(0.25881905579475,-0.965925823424094,0.));
#4246=DIRECTION('center_axis',(0.,0.,-1.));
#4247=DIRECTION('ref_axis',(0.258831277562118,-0.965922548528381,0.));
#4248=DIRECTION('',(-0.96592582656567,-0.25881904407023,0.));
#4249=DIRECTION('',(-0.866025417817963,-0.499999975693222,0.));
#4250=DIRECTION('center_axis',(0.,0.,-1.));
#4251=DIRECTION('ref_axis',(-0.866010897127569,-0.500025125425017,0.));
#4252=DIRECTION('',(-0.499999997603396,0.866025405168118,0.));
#4253=DIRECTION('center_axis',(0.,0.,-1.));
#4254=DIRECTION('ref_axis',(-0.499997828242771,0.866026657645429,0.));
#4255=DIRECTION('',(0.86602541723043,0.499999976710859,0.));
#4256=DIRECTION('center_axis',(0.,0.,1.));
#4257=DIRECTION('ref_axis',(0.500000327681327,-0.866025214597454,0.));
#4258=DIRECTION('',(-3.43472248057339E-14,1.,0.));
#4259=DIRECTION('center_axis',(0.,0.,1.));
#4260=DIRECTION('ref_axis',(1.,0.,0.));
#4261=DIRECTION('',(-3.43472248057339E-14,1.,0.));
#4262=DIRECTION('center_axis',(0.,0.,-1.));
#4263=DIRECTION('ref_axis',(1.86767814758479E-6,0.999999999998256,0.));
#4264=DIRECTION('',(1.,-1.2506512493778E-13,0.));
#4265=DIRECTION('center_axis',(0.,0.,1.));
#4266=DIRECTION('ref_axis',(-7.47080565962141E-7,-0.999999999999721,0.));
#4267=DIRECTION('center_axis',(0.,0.,-1.));
#4268=DIRECTION('ref_axis',(1.86767842516309E-6,0.999999999998256,0.));
#4269=DIRECTION('',(1.,-6.2694948926051E-15,0.));
#4270=DIRECTION('center_axis',(0.,0.,1.));
#4271=DIRECTION('ref_axis',(-7.47075540118837E-7,-0.999999999999721,0.));
#4272=DIRECTION('',(1.12132475224252E-13,1.,0.));
#4273=DIRECTION('center_axis',(0.,0.,-1.));
#4274=DIRECTION('ref_axis',(1.86769080001091E-6,0.999999999998256,0.));
#4275=DIRECTION('',(1.,-6.54534535882846E-14,0.));
#4276=DIRECTION('center_axis',(0.,0.,1.));
#4277=DIRECTION('ref_axis',(-0.995859094853438,-0.0909101930351628,0.));
#4278=DIRECTION('',(1.,7.25768647248216E-14,0.));
#4279=DIRECTION('center_axis',(0.,0.,-1.));
#4280=DIRECTION('ref_axis',(0.999999999998256,-1.86769091519683E-6,0.));
#4281=DIRECTION('',(2.44249079102972E-14,-1.,0.));
#4282=DIRECTION('center_axis',(0.,0.,1.));
#4283=DIRECTION('ref_axis',(-0.999999999999721,7.47075553302753E-7,0.));
#4284=DIRECTION('',(1.,-6.7919524421503E-15,0.));
#4285=DIRECTION('center_axis',(0.,0.,-1.));
#4286=DIRECTION('ref_axis',(0.999999999998256,-1.86769093740127E-6,0.));
#4287=DIRECTION('',(1.48029742146157E-14,-1.,0.));
#4288=DIRECTION('center_axis',(0.,0.,1.));
#4289=DIRECTION('ref_axis',(-0.999999999999721,7.47075517220476E-7,0.));
#4290=DIRECTION('',(1.,-6.5307235020676E-15,0.));
#4291=DIRECTION('center_axis',(0.,0.,-1.));
#4292=DIRECTION('ref_axis',(0.999999999998256,-1.86769097070802E-6,0.));
#4293=DIRECTION('',(1.92038574905978E-15,-1.,0.));
#4294=DIRECTION('center_axis',(0.,0.,-1.));
#4295=DIRECTION('ref_axis',(-1.86769067094732E-6,-0.999999999998256,0.));
#4296=DIRECTION('',(-1.,-1.1494073969776E-14,0.));
#4297=DIRECTION('center_axis',(0.,0.,1.));
#4298=DIRECTION('ref_axis',(7.47075567180549E-7,0.999999999999721,0.));
#4299=DIRECTION('',(-3.84877257697282E-14,-1.,0.));
#4300=DIRECTION('center_axis',(0.,0.,-1.));
#4301=DIRECTION('ref_axis',(-1.86769069315175E-6,-0.999999999998256,0.));
#4302=DIRECTION('',(-1.,-8.44852661602615E-15,0.));
#4303=DIRECTION('center_axis',(0.,0.,1.));
#4304=DIRECTION('ref_axis',(7.47075575507231E-7,0.999999999999721,0.));
#4305=DIRECTION('',(-7.65671027796233E-15,-1.,0.));
#4306=DIRECTION('center_axis',(0.,0.,-1.));
#4307=DIRECTION('ref_axis',(-1.86769290249969E-6,-0.999999999998256,0.));
#4308=DIRECTION('',(-1.,-1.37413901523132E-12,0.));
#4309=DIRECTION('',(8.30096169579516E-8,-0.999999999999997,0.));
#4310=DIRECTION('',(-1.,-1.37413901523132E-12,0.));
#4311=DIRECTION('center_axis',(0.,0.,-1.));
#4312=DIRECTION('ref_axis',(0.999999999999721,7.47070553600073E-7,0.));
#4313=DIRECTION('',(-2.69516215670318E-14,-1.,0.));
#4314=DIRECTION('center_axis',(0.,0.,1.));
#4315=DIRECTION('ref_axis',(-0.999999999999225,-1.2451349171304E-6,0.));
#4316=DIRECTION('',(-1.,-3.89931983452567E-15,0.));
#4317=DIRECTION('center_axis',(0.,0.,-1.));
#4318=DIRECTION('ref_axis',(0.999999999999721,7.47070559944208E-7,0.));
#4319=DIRECTION('',(-1.30266181198424E-13,-1.,0.));
#4320=DIRECTION('center_axis',(0.,0.,1.));
#4321=DIRECTION('ref_axis',(-0.999999999999225,-1.24513493933486E-6,0.));
#4322=DIRECTION('',(-1.,-6.13888014589889E-15,0.));
#4323=DIRECTION('center_axis',(0.,0.,-1.));
#4324=DIRECTION('ref_axis',(0.999999999999721,7.47070555186116E-7,0.));
#4325=DIRECTION('',(-5.52110914002411E-15,-1.,0.));
#4326=DIRECTION('center_axis',(0.,0.,-1.));
#4327=DIRECTION('ref_axis',(-7.47075562294622E-7,0.999999999999721,0.));
#4328=DIRECTION('',(1.,-2.29881477375064E-14,0.));
#4329=DIRECTION('center_axis',(0.,0.,1.));
#4330=DIRECTION('ref_axis',(1.24512654603833E-6,-0.999999999999225,0.));
#4331=DIRECTION('',(7.40148664651872E-15,-1.,0.));
#4332=DIRECTION('center_axis',(0.,0.,-1.));
#4333=DIRECTION('ref_axis',(-7.47075555950487E-7,0.999999999999721,0.));
#4334=DIRECTION('',(1.,-2.3249376689069E-14,0.));
#4335=DIRECTION('center_axis',(0.,0.,1.));
#4336=DIRECTION('ref_axis',(1.24512656084135E-6,-0.999999999999225,0.));
#4337=DIRECTION('',(1.22124528146954E-14,-1.,0.));
#4338=DIRECTION('center_axis',(0.,0.,-1.));
#4339=DIRECTION('ref_axis',(-7.4707555595049E-7,0.999999999999721,0.));
#4340=DIRECTION('',(1.,6.09036641051432E-15,0.));
#4341=DIRECTION('center_axis',(0.,0.,1.));
#4342=DIRECTION('ref_axis',(-1.33355522796484E-5,-0.999999999911081,0.));
#4343=DIRECTION('center_axis',(0.,0.,-1.));
#4344=DIRECTION('ref_axis',(2.66713888788525E-6,0.999999999996443,0.));
#4345=DIRECTION('',(1.,-6.55885566356238E-14,0.));
#4346=DIRECTION('center_axis',(0.,0.,-1.));
#4347=DIRECTION('ref_axis',(-0.999999999999721,-7.47075555950487E-7,0.));
#4348=DIRECTION('',(3.89688398094147E-13,1.,0.));
#4349=DIRECTION('center_axis',(0.,0.,1.));
#4350=DIRECTION('ref_axis',(0.999999999999225,1.24512672367423E-6,0.));
#4351=DIRECTION('',(1.,-1.14940734646618E-14,0.));
#4352=DIRECTION('center_axis',(0.,0.,-1.));
#4353=DIRECTION('ref_axis',(-0.999999999999721,-7.47075555950338E-7,0.));
#4354=DIRECTION('center_axis',(0.,0.,1.));
#4355=DIRECTION('ref_axis',(0.999999999999721,7.47075539784841E-7,0.));
#4356=DIRECTION('',(1.,-1.32506617220201E-13,0.));
#4357=DIRECTION('center_axis',(0.,0.,-1.));
#4358=DIRECTION('ref_axis',(-0.999999999999721,-7.47075555947821E-7,0.));
#4359=DIRECTION('',(-2.96501687881165E-14,1.,0.));
#4360=DIRECTION('center_axis',(1.,3.43472248057339E-14,0.));
#4361=DIRECTION('ref_axis',(-3.43472248057339E-14,1.,0.));
#4362=DIRECTION('',(0.,0.,1.));
#4363=DIRECTION('',(3.43472248057339E-14,-1.,0.));
#4364=DIRECTION('',(0.,0.,1.));
#4365=DIRECTION('center_axis',(0.,0.,-1.));
#4366=DIRECTION('ref_axis',(1.,0.,0.));
#4367=DIRECTION('center_axis',(0.,0.,-1.));
#4368=DIRECTION('ref_axis',(1.,0.,0.));
#4369=DIRECTION('',(0.,0.,-1.));
#4370=DIRECTION('center_axis',(0.,0.,-1.));
#4371=DIRECTION('ref_axis',(1.,0.,0.));
#4372=DIRECTION('center_axis',(0.,0.,-1.));
#4373=DIRECTION('ref_axis',(1.,0.,0.));
#4374=DIRECTION('',(0.,0.,-1.));
#4375=DIRECTION('center_axis',(0.,0.,-1.));
#4376=DIRECTION('ref_axis',(-1.,0.,0.));
#4377=DIRECTION('center_axis',(-0.949999999997719,0.31224989992686,0.));
#4378=DIRECTION('ref_axis',(0.,0.,1.));
#4379=DIRECTION('center_axis',(0.,0.,-1.));
#4380=DIRECTION('ref_axis',(-0.707106781186548,-0.707106781186548,0.));
#4381=DIRECTION('center_axis',(0.,-1.,0.));
#4382=DIRECTION('ref_axis',(1.,0.,0.));
#4383=DIRECTION('center_axis',(0.,0.,1.));
#4384=DIRECTION('ref_axis',(-0.707106781186548,-0.707106781186548,0.));
#4385=DIRECTION('center_axis',(-1.38777878078145E-16,1.,0.));
#4386=DIRECTION('ref_axis',(0.707106781186549,0.,0.707106781186546));
#4387=DIRECTION('center_axis',(0.,-1.,0.));
#4388=DIRECTION('ref_axis',(1.,0.,0.));
#4389=DIRECTION('',(1.38777878078145E-16,-1.,0.));
#4390=DIRECTION('',(-1.38777878078145E-16,1.,0.));
#4391=DIRECTION('center_axis',(0.,0.,-1.));
#4392=DIRECTION('ref_axis',(-1.,0.,0.));
#4393=DIRECTION('center_axis',(-1.,-6.66133814775096E-15,0.));
#4394=DIRECTION('ref_axis',(6.66133814775096E-15,-1.,0.));
#4395=DIRECTION('center_axis',(0.,0.,1.));
#4396=DIRECTION('ref_axis',(-0.707106781186548,0.707106781186548,0.));
#4397=DIRECTION('center_axis',(0.,0.,-1.));
#4398=DIRECTION('ref_axis',(-0.707106781186548,0.707106781186548,0.));
#4399=DIRECTION('center_axis',(1.,0.,0.));
#4400=DIRECTION('ref_axis',(0.,-0.707106781186546,0.707106781186549));
#4401=DIRECTION('center_axis',(-1.,4.44089209850062E-15,0.));
#4402=DIRECTION('ref_axis',(-4.44089209850062E-15,-1.,0.));
#4403=DIRECTION('',(-1.,0.,0.));
#4404=DIRECTION('',(1.,0.,0.));
#4405=DIRECTION('center_axis',(0.,-1.,0.));
#4406=DIRECTION('ref_axis',(-0.707106781186549,0.,0.707106781186546));
#4407=DIRECTION('center_axis',(0.,-1.,0.));
#4408=DIRECTION('ref_axis',(0.,0.,1.));
#4409=DIRECTION('',(0.,-1.,0.));
#4410=DIRECTION('center_axis',(2.22044604925031E-15,1.,0.));
#4411=DIRECTION('ref_axis',(-1.,2.22044604925031E-15,0.));
#4412=DIRECTION('',(0.,1.,0.));
#4413=DIRECTION('center_axis',(0.,0.,-1.));
#4414=DIRECTION('ref_axis',(-1.,0.,0.));
#4415=DIRECTION('center_axis',(1.,0.,0.));
#4416=DIRECTION('ref_axis',(0.,1.,0.));
#4417=DIRECTION('center_axis',(0.,0.,1.));
#4418=DIRECTION('ref_axis',(0.707106781186549,-0.707106781186546,0.));
#4419=DIRECTION('center_axis',(0.,0.,-1.));
#4420=DIRECTION('ref_axis',(0.707106781186549,-0.707106781186546,0.));
#4421=DIRECTION('center_axis',(-1.,0.,0.));
#4422=DIRECTION('ref_axis',(0.,0.707106781186548,0.707106781186547));
#4423=DIRECTION('center_axis',(1.,0.,0.));
#4424=DIRECTION('ref_axis',(0.,1.,0.));
#4425=DIRECTION('',(1.,0.,0.));
#4426=DIRECTION('',(-1.,0.,0.));
#4427=DIRECTION('center_axis',(1.,0.,0.));
#4428=DIRECTION('ref_axis',(0.,1.,0.));
#4429=DIRECTION('center_axis',(0.,0.,-1.));
#4430=DIRECTION('ref_axis',(-1.,0.,0.));
#4431=DIRECTION('center_axis',(0.,0.,1.));
#4432=DIRECTION('ref_axis',(0.707106781186548,0.707106781186548,0.));
#4433=DIRECTION('center_axis',(0.,0.,-1.));
#4434=DIRECTION('ref_axis',(0.707106781186548,0.707106781186548,0.));
#4435=DIRECTION('center_axis',(-1.,0.,0.));
#4436=DIRECTION('ref_axis',(0.,0.707106781186548,0.707106781186547));
#4437=DIRECTION('',(-1.,0.,0.));
#4438=DIRECTION('',(-1.,0.,0.));
#4439=DIRECTION('center_axis',(1.,0.,0.));
#4440=DIRECTION('ref_axis',(0.,1.,0.));
#4441=DIRECTION('center_axis',(0.,0.,-1.));
#4442=DIRECTION('ref_axis',(-1.,0.,0.));
#4443=DIRECTION('center_axis',(0.,0.,-1.));
#4444=DIRECTION('ref_axis',(0.,-1.,0.));
#4445=DIRECTION('center_axis',(0.,0.,-1.));
#4446=DIRECTION('ref_axis',(-1.,0.,0.));
#4447=DIRECTION('',(0.,0.,-1.));
#4448=DIRECTION('center_axis',(0.,0.,-1.));
#4449=DIRECTION('ref_axis',(-1.,0.,0.));
#4450=DIRECTION('',(0.,0.,-1.));
#4451=DIRECTION('center_axis',(0.,-1.,0.));
#4452=DIRECTION('ref_axis',(-1.,0.,0.));
#4453=DIRECTION('',(0.,0.,-1.));
#4454=DIRECTION('',(-1.,0.,0.));
#4455=DIRECTION('center_axis',(0.,0.,-1.));
#4456=DIRECTION('ref_axis',(0.,-1.,0.));
#4457=DIRECTION('',(0.,0.,-1.));
#4458=DIRECTION('center_axis',(0.,0.,-1.));
#4459=DIRECTION('ref_axis',(0.,-1.,0.));
#4460=DIRECTION('center_axis',(1.,0.,0.));
#4461=DIRECTION('ref_axis',(0.,-1.,0.));
#4462=DIRECTION('',(0.,0.,-1.));
#4463=DIRECTION('',(0.,-1.,0.));
#4464=DIRECTION('center_axis',(0.,0.,1.));
#4465=DIRECTION('ref_axis',(1.,0.,0.));
#4466=DIRECTION('',(-2.22044604925031E-15,-1.,0.));
#4467=DIRECTION('',(1.,-2.46716226056129E-15,0.));
#4468=DIRECTION('center_axis',(0.,0.,-1.));
#4469=DIRECTION('ref_axis',(-1.24512648682639E-6,0.999999999999225,0.));
#4470=DIRECTION('',(1.99346709329529E-14,-1.,0.));
#4471=DIRECTION('center_axis',(0.,0.,1.));
#4472=DIRECTION('ref_axis',(7.47075555947817E-7,-0.999999999999721,0.));
#4473=DIRECTION('',(-8.30096169579516E-8,0.999999999999997,0.));
#4474=DIRECTION('',(1.,1.37413901523132E-12,0.));
#4475=DIRECTION('center_axis',(0.,0.,1.));
#4476=DIRECTION('ref_axis',(-1.86769290249969E-6,-0.999999999998256,0.));
#4477=DIRECTION('',(7.65671027796233E-15,1.,0.));
#4478=DIRECTION('center_axis',(0.,0.,-1.));
#4479=DIRECTION('ref_axis',(7.47075575507231E-7,0.999999999999721,0.));
#4480=DIRECTION('',(1.,8.44852661602615E-15,0.));
#4481=DIRECTION('center_axis',(0.,0.,1.));
#4482=DIRECTION('ref_axis',(-1.86769069315175E-6,-0.999999999998256,0.));
#4483=DIRECTION('',(3.84877257697282E-14,1.,0.));
#4484=DIRECTION('center_axis',(0.,0.,-1.));
#4485=DIRECTION('ref_axis',(7.47075567180549E-7,0.999999999999721,0.));
#4486=DIRECTION('',(1.,1.1494073969776E-14,0.));
#4487=DIRECTION('center_axis',(0.,0.,1.));
#4488=DIRECTION('ref_axis',(-1.86769067094732E-6,-0.999999999998256,0.));
#4489=DIRECTION('',(-1.92038574905978E-15,1.,0.));
#4490=DIRECTION('center_axis',(0.,0.,1.));
#4491=DIRECTION('ref_axis',(0.999999999998256,-1.86769097070802E-6,0.));
#4492=DIRECTION('',(-1.,6.5307235020676E-15,0.));
#4493=DIRECTION('center_axis',(0.,0.,-1.));
#4494=DIRECTION('ref_axis',(-0.999999999999721,7.47075517220476E-7,0.));
#4495=DIRECTION('',(-1.48029742146157E-14,1.,0.));
#4496=DIRECTION('center_axis',(0.,0.,1.));
#4497=DIRECTION('ref_axis',(0.999999999998256,-1.86769093740127E-6,0.));
#4498=DIRECTION('',(-1.,6.7919524421503E-15,0.));
#4499=DIRECTION('center_axis',(0.,0.,-1.));
#4500=DIRECTION('ref_axis',(-0.999999999999721,7.47075553302753E-7,0.));
#4501=DIRECTION('',(-2.44249079102972E-14,1.,0.));
#4502=DIRECTION('center_axis',(0.,0.,1.));
#4503=DIRECTION('ref_axis',(0.999999999998256,-1.86769091519683E-6,0.));
#4504=DIRECTION('',(-1.,-7.25768647248216E-14,0.));
#4505=DIRECTION('center_axis',(0.,0.,-1.));
#4506=DIRECTION('ref_axis',(-0.995859094853438,-0.0909101930351628,0.));
#4507=DIRECTION('',(-1.,6.54534535882846E-14,0.));
#4508=DIRECTION('center_axis',(0.,0.,1.));
#4509=DIRECTION('ref_axis',(1.86769080001091E-6,0.999999999998256,0.));
#4510=DIRECTION('',(-1.12132475224252E-13,-1.,0.));
#4511=DIRECTION('center_axis',(0.,0.,-1.));
#4512=DIRECTION('ref_axis',(-7.47075540118837E-7,-0.999999999999721,0.));
#4513=DIRECTION('',(-1.,6.2694948926051E-15,0.));
#4514=DIRECTION('center_axis',(0.,0.,1.));
#4515=DIRECTION('ref_axis',(1.86767842516309E-6,0.999999999998256,0.));
#4516=DIRECTION('center_axis',(0.,0.,-1.));
#4517=DIRECTION('ref_axis',(-7.47080565962141E-7,-0.999999999999721,0.));
#4518=DIRECTION('',(-1.,1.2506512493778E-13,0.));
#4519=DIRECTION('center_axis',(0.,0.,1.));
#4520=DIRECTION('ref_axis',(1.86767814758479E-6,0.999999999998256,0.));
#4521=DIRECTION('center_axis',(0.,0.,-1.));
#4522=DIRECTION('ref_axis',(0.500000327681327,-0.866025214597454,0.));
#4523=DIRECTION('',(-0.86602541723043,-0.499999976710859,0.));
#4524=DIRECTION('center_axis',(0.,0.,1.));
#4525=DIRECTION('ref_axis',(-0.499997828242771,0.866026657645429,0.));
#4526=DIRECTION('',(0.499999997603396,-0.866025405168118,0.));
#4527=DIRECTION('center_axis',(0.,0.,1.));
#4528=DIRECTION('ref_axis',(-0.866010897127569,-0.500025125425017,0.));
#4529=DIRECTION('',(0.866025417817963,0.499999975693222,0.));
#4530=DIRECTION('',(0.96592582656567,0.25881904407023,0.));
#4531=DIRECTION('center_axis',(0.,0.,1.));
#4532=DIRECTION('ref_axis',(0.258831277562118,-0.965922548528381,0.));
#4533=DIRECTION('',(-0.25881905579475,0.965925823424094,0.));
#4534=DIRECTION('center_axis',(0.,0.,-1.));
#4535=DIRECTION('ref_axis',(2.08744005808946E-7,0.999999999999978,0.));
#4536=DIRECTION('',(1.,6.71496379092933E-13,0.));
#4537=DIRECTION('center_axis',(0.,0.,1.));
#4538=DIRECTION('ref_axis',(-1.86770442663495E-6,-0.999999999998256,0.));
#4539=DIRECTION('center_axis',(0.,0.,-1.));
#4540=DIRECTION('ref_axis',(7.47070562848015E-7,0.999999999999721,0.));
#4541=DIRECTION('',(1.,5.28970533536281E-15,0.));
#4542=DIRECTION('center_axis',(0.,0.,-1.));
#4543=DIRECTION('ref_axis',(0.,-1.,0.));
#4544=DIRECTION('center_axis',(0.,0.,-1.));
#4545=DIRECTION('ref_axis',(0.,-1.,0.));
#4546=DIRECTION('center_axis',(0.,0.,-1.));
#4547=DIRECTION('ref_axis',(0.,-1.,0.));
#4548=DIRECTION('center_axis',(0.,0.,-1.));
#4549=DIRECTION('ref_axis',(0.,-1.,0.));
#4550=DIRECTION('center_axis',(0.,0.,-1.));
#4551=DIRECTION('ref_axis',(1.,8.88178419700117E-15,0.));
#4552=DIRECTION('',(0.,0.,-1.));
#4553=DIRECTION('center_axis',(0.,0.,-1.));
#4554=DIRECTION('ref_axis',(1.,8.88178419700117E-15,0.));
#4555=DIRECTION('center_axis',(0.,1.,0.));
#4556=DIRECTION('ref_axis',(1.,0.,0.));
#4557=DIRECTION('',(0.,0.,-1.));
#4558=DIRECTION('',(1.,0.,0.));
#4559=DIRECTION('center_axis',(0.,0.,-1.));
#4560=DIRECTION('ref_axis',(-6.66133814775087E-15,1.,0.));
#4561=DIRECTION('',(0.,0.,-1.));
#4562=DIRECTION('center_axis',(0.,0.,-1.));
#4563=DIRECTION('ref_axis',(-6.66133814775087E-15,1.,0.));
#4564=DIRECTION('center_axis',(-1.,-1.38777878078145E-16,0.));
#4565=DIRECTION('ref_axis',(-1.38777878078145E-16,1.,0.));
#4566=DIRECTION('',(-1.38777878078145E-16,1.,0.));
#4567=DIRECTION('center_axis',(0.,0.,1.));
#4568=DIRECTION('ref_axis',(1.,0.,0.));
#4569=DIRECTION('center_axis',(-1.37413901523132E-12,1.,0.));
#4570=DIRECTION('ref_axis',(-1.,-1.37413901523132E-12,0.));
#4571=DIRECTION('',(0.,0.,1.));
#4572=DIRECTION('',(0.,0.,1.));
#4573=DIRECTION('center_axis',(0.,0.,1.));
#4574=DIRECTION('ref_axis',(-1.86769290249969E-6,-0.999999999998256,0.));
#4575=DIRECTION('',(0.,0.,1.));
#4576=DIRECTION('center_axis',(-1.,7.65671027796233E-15,0.));
#4577=DIRECTION('ref_axis',(-7.65671027796233E-15,-1.,0.));
#4578=DIRECTION('',(0.,0.,1.));
#4579=DIRECTION('center_axis',(0.,0.,1.));
#4580=DIRECTION('ref_axis',(7.47075575507231E-7,0.999999999999721,0.));
#4581=DIRECTION('',(0.,0.,1.));
#4582=DIRECTION('center_axis',(-8.44852661602615E-15,1.,0.));
#4583=DIRECTION('ref_axis',(-1.,-8.44852661602615E-15,0.));
#4584=DIRECTION('',(0.,0.,1.));
#4585=DIRECTION('center_axis',(0.,0.,1.));
#4586=DIRECTION('ref_axis',(-1.86769069315175E-6,-0.999999999998256,0.));
#4587=DIRECTION('',(0.,0.,1.));
#4588=DIRECTION('center_axis',(-1.,3.84877257697282E-14,0.));
#4589=DIRECTION('ref_axis',(-3.84877257697282E-14,-1.,0.));
#4590=DIRECTION('',(0.,0.,1.));
#4591=DIRECTION('center_axis',(0.,0.,1.));
#4592=DIRECTION('ref_axis',(7.47075567180549E-7,0.999999999999721,0.));
#4593=DIRECTION('',(0.,0.,1.));
#4594=DIRECTION('center_axis',(-1.1494073969776E-14,1.,0.));
#4595=DIRECTION('ref_axis',(-1.,-1.1494073969776E-14,0.));
#4596=DIRECTION('',(0.,0.,1.));
#4597=DIRECTION('center_axis',(0.,0.,1.));
#4598=DIRECTION('ref_axis',(-1.86769067094732E-6,-0.999999999998256,0.));
#4599=DIRECTION('',(0.,0.,1.));
#4600=DIRECTION('center_axis',(-1.,-1.92038574905978E-15,0.));
#4601=DIRECTION('ref_axis',(1.92038574905978E-15,-1.,0.));
#4602=DIRECTION('',(0.,0.,1.));
#4603=DIRECTION('center_axis',(0.,0.,1.));
#4604=DIRECTION('ref_axis',(0.999999999998256,-1.86769097070802E-6,0.));
#4605=DIRECTION('',(0.,0.,1.));
#4606=DIRECTION('center_axis',(-6.5307235020676E-15,-1.,0.));
#4607=DIRECTION('ref_axis',(1.,-6.5307235020676E-15,0.));
#4608=DIRECTION('',(0.,0.,1.));
#4609=DIRECTION('center_axis',(0.,0.,1.));
#4610=DIRECTION('ref_axis',(-0.999999999999721,7.47075517220476E-7,0.));
#4611=DIRECTION('',(0.,0.,1.));
#4612=DIRECTION('center_axis',(-1.,-1.48029742146157E-14,0.));
#4613=DIRECTION('ref_axis',(1.48029742146157E-14,-1.,0.));
#4614=DIRECTION('',(0.,0.,1.));
#4615=DIRECTION('center_axis',(0.,0.,1.));
#4616=DIRECTION('ref_axis',(0.999999999998256,-1.86769093740127E-6,0.));
#4617=DIRECTION('',(0.,0.,1.));
#4618=DIRECTION('center_axis',(-6.7919524421503E-15,-1.,0.));
#4619=DIRECTION('ref_axis',(1.,-6.7919524421503E-15,0.));
#4620=DIRECTION('',(0.,0.,1.));
#4621=DIRECTION('center_axis',(0.,0.,1.));
#4622=DIRECTION('ref_axis',(-0.999999999999721,7.47075553302753E-7,0.));
#4623=DIRECTION('',(0.,0.,1.));
#4624=DIRECTION('center_axis',(-1.,-2.44249079102972E-14,0.));
#4625=DIRECTION('ref_axis',(2.44249079102972E-14,-1.,0.));
#4626=DIRECTION('',(0.,0.,1.));
#4627=DIRECTION('center_axis',(0.,0.,1.));
#4628=DIRECTION('ref_axis',(0.999999999998256,-1.86769091519683E-6,0.));
#4629=DIRECTION('',(0.,0.,1.));
#4630=DIRECTION('center_axis',(7.25768647248216E-14,-1.,0.));
#4631=DIRECTION('ref_axis',(1.,7.25768647248216E-14,0.));
#4632=DIRECTION('',(0.,0.,1.));
#4633=DIRECTION('center_axis',(0.,0.,1.));
#4634=DIRECTION('ref_axis',(-0.995859094853438,-0.0909101930351628,0.));
#4635=DIRECTION('',(0.,0.,1.));
#4636=DIRECTION('center_axis',(-6.54534535882846E-14,-1.,0.));
#4637=DIRECTION('ref_axis',(1.,-6.54534535882846E-14,0.));
#4638=DIRECTION('',(0.,0.,1.));
#4639=DIRECTION('center_axis',(0.,0.,1.));
#4640=DIRECTION('ref_axis',(1.86769080001091E-6,0.999999999998256,0.));
#4641=DIRECTION('',(0.,0.,1.));
#4642=DIRECTION('center_axis',(1.,-1.12132475224252E-13,0.));
#4643=DIRECTION('ref_axis',(1.12132475224252E-13,1.,0.));
#4644=DIRECTION('',(0.,0.,1.));
#4645=DIRECTION('center_axis',(0.,0.,1.));
#4646=DIRECTION('ref_axis',(-7.47075540118837E-7,-0.999999999999721,0.));
#4647=DIRECTION('',(0.,0.,1.));
#4648=DIRECTION('center_axis',(-6.2694948926051E-15,-1.,0.));
#4649=DIRECTION('ref_axis',(1.,-6.2694948926051E-15,0.));
#4650=DIRECTION('',(0.,0.,1.));
#4651=DIRECTION('center_axis',(0.,0.,1.));
#4652=DIRECTION('ref_axis',(1.86767842516309E-6,0.999999999998256,0.));
#4653=DIRECTION('',(0.,0.,1.));
#4654=DIRECTION('center_axis',(0.,0.,1.));
#4655=DIRECTION('ref_axis',(-7.47080565962141E-7,-0.999999999999721,0.));
#4656=DIRECTION('',(0.,0.,1.));
#4657=DIRECTION('center_axis',(-1.2506512493778E-13,-1.,0.));
#4658=DIRECTION('ref_axis',(1.,-1.2506512493778E-13,0.));
#4659=DIRECTION('',(0.,0.,1.));
#4660=DIRECTION('center_axis',(0.,0.,1.));
#4661=DIRECTION('ref_axis',(1.86767814758479E-6,0.999999999998256,0.));
#4662=DIRECTION('center_axis',(0.,0.,1.));
#4663=DIRECTION('ref_axis',(0.500000327681327,-0.866025214597454,0.));
#4664=DIRECTION('',(0.,0.,1.));
#4665=DIRECTION('center_axis',(0.499999976710859,-0.86602541723043,0.));
#4666=DIRECTION('ref_axis',(0.86602541723043,0.499999976710859,0.));
#4667=DIRECTION('',(0.,0.,1.));
#4668=DIRECTION('center_axis',(0.,0.,1.));
#4669=DIRECTION('ref_axis',(-0.499997828242771,0.866026657645429,0.));
#4670=DIRECTION('',(0.,0.,1.));
#4671=DIRECTION('center_axis',(0.866025405168118,0.499999997603397,0.));
#4672=DIRECTION('ref_axis',(-0.499999997603396,0.866025405168118,0.));
#4673=DIRECTION('',(0.,0.,1.));
#4674=DIRECTION('center_axis',(0.,0.,1.));
#4675=DIRECTION('ref_axis',(-0.866010897127569,-0.500025125425017,0.));
#4676=DIRECTION('',(0.,0.,1.));
#4677=DIRECTION('center_axis',(-0.499999975693222,0.866025417817963,0.));
#4678=DIRECTION('ref_axis',(-0.866025417817963,-0.499999975693222,0.));
#4679=DIRECTION('',(0.,0.,1.));
#4680=DIRECTION('center_axis',(-0.25881904407023,0.96592582656567,0.));
#4681=DIRECTION('ref_axis',(-0.96592582656567,-0.25881904407023,0.));
#4682=DIRECTION('',(0.,0.,1.));
#4683=DIRECTION('center_axis',(0.,0.,1.));
#4684=DIRECTION('ref_axis',(0.258831277562118,-0.965922548528381,0.));
#4685=DIRECTION('',(0.,0.,1.));
#4686=DIRECTION('center_axis',(-0.965925823424094,-0.25881905579475,0.));
#4687=DIRECTION('ref_axis',(0.25881905579475,-0.965925823424094,0.));
#4688=DIRECTION('',(0.,0.,1.));
#4689=DIRECTION('center_axis',(0.,0.,1.));
#4690=DIRECTION('ref_axis',(2.08744005808946E-7,0.999999999999978,0.));
#4691=DIRECTION('',(0.,0.,1.));
#4692=DIRECTION('center_axis',(-6.71496379092933E-13,1.,0.));
#4693=DIRECTION('ref_axis',(-1.,-6.71496379092933E-13,0.));
#4694=DIRECTION('',(0.,0.,1.));
#4695=DIRECTION('center_axis',(0.,0.,1.));
#4696=DIRECTION('ref_axis',(-1.86770442663495E-6,-0.999999999998256,0.));
#4697=DIRECTION('',(0.,0.,1.));
#4698=DIRECTION('center_axis',(0.,0.,1.));
#4699=DIRECTION('ref_axis',(7.47070562848015E-7,0.999999999999721,0.));
#4700=DIRECTION('',(0.,0.,1.));
#4701=DIRECTION('center_axis',(-5.28970533536281E-15,1.,0.));
#4702=DIRECTION('ref_axis',(-1.,-5.28970533536281E-15,0.));
#4703=DIRECTION('',(0.,0.,1.));
#4704=DIRECTION('center_axis',(-0.999999999999997,-8.30096169579516E-8,
0.));
#4705=DIRECTION('ref_axis',(8.30096169579516E-8,-0.999999999999997,0.));
#4706=DIRECTION('',(0.,0.,1.));
#4707=DIRECTION('center_axis',(2.46716226056129E-15,1.,0.));
#4708=DIRECTION('ref_axis',(-1.,2.46716226056129E-15,0.));
#4709=DIRECTION('',(0.,0.,1.));
#4710=DIRECTION('',(-1.,2.46716226056129E-15,0.));
#4711=DIRECTION('',(0.,0.,1.));
#4712=DIRECTION('center_axis',(0.,0.,1.));
#4713=DIRECTION('ref_axis',(-0.999999999999721,-7.47087223046359E-7,0.));
#4714=DIRECTION('',(0.,0.,1.));
#4715=DIRECTION('center_axis',(0.,0.,1.));
#4716=DIRECTION('ref_axis',(-0.999999999999721,-7.47087223046359E-7,0.));
#4717=DIRECTION('center_axis',(0.,0.,1.));
#4718=DIRECTION('ref_axis',(0.999999999999721,7.47070559944062E-7,0.));
#4719=DIRECTION('',(0.,0.,1.));
#4720=DIRECTION('center_axis',(0.,0.,-1.));
#4721=DIRECTION('ref_axis',(0.999999999999721,7.47070559944062E-7,0.));
#4722=DIRECTION('center_axis',(-6.6805439291276E-13,1.,0.));
#4723=DIRECTION('ref_axis',(-1.,-6.6805439291276E-13,0.));
#4724=DIRECTION('',(0.,0.,1.));
#4725=DIRECTION('',(-1.,-6.6805439291276E-13,0.));
#4726=DIRECTION('center_axis',(0.,0.,1.));
#4727=DIRECTION('ref_axis',(-0.965925826418326,-0.258819044620124,0.));
#4728=DIRECTION('',(0.,0.,1.));
#4729=DIRECTION('center_axis',(0.,0.,1.));
#4730=DIRECTION('ref_axis',(-0.965925826418326,-0.258819044620124,0.));
#4731=DIRECTION('center_axis',(-0.96592582342717,-0.258819055783272,0.));
#4732=DIRECTION('ref_axis',(0.258819055783272,-0.965925823427169,0.));
#4733=DIRECTION('',(0.,0.,1.));
#4734=DIRECTION('',(0.258819055783272,-0.965925823427169,0.));
#4735=DIRECTION('center_axis',(0.,0.,1.));
#4736=DIRECTION('ref_axis',(0.965930120478333,0.258803018438181,0.));
#4737=DIRECTION('',(0.,0.,1.));
#4738=DIRECTION('center_axis',(0.,0.,-1.));
#4739=DIRECTION('ref_axis',(0.965930120478333,0.258803018438181,0.));
#4740=DIRECTION('center_axis',(-0.258819044072717,0.965925826565003,0.));
#4741=DIRECTION('ref_axis',(-0.965925826565003,-0.258819044072717,0.));
#4742=DIRECTION('',(0.,0.,1.));
#4743=DIRECTION('',(-0.965925826565003,-0.258819044072717,0.));
#4744=DIRECTION('center_axis',(-0.499999975711804,0.866025417807235,0.));
#4745=DIRECTION('ref_axis',(-0.866025417807235,-0.499999975711804,0.));
#4746=DIRECTION('',(0.,0.,1.));
#4747=DIRECTION('',(-0.866025417807235,-0.499999975711804,0.));
#4748=DIRECTION('center_axis',(0.,0.,1.));
#4749=DIRECTION('ref_axis',(0.499977033349212,-0.866038663180415,0.));
#4750=DIRECTION('',(0.,0.,1.));
#4751=DIRECTION('center_axis',(0.,0.,-1.));
#4752=DIRECTION('ref_axis',(0.499977033349212,-0.866038663180415,0.));
#4753=DIRECTION('center_axis',(0.866025405158348,0.499999997620319,0.));
#4754=DIRECTION('ref_axis',(-0.499999997620319,0.866025405158348,0.));
#4755=DIRECTION('',(0.,0.,1.));
#4756=DIRECTION('',(-0.499999997620319,0.866025405158348,0.));
#4757=DIRECTION('center_axis',(0.,0.,1.));
#4758=DIRECTION('ref_axis',(-0.866024692272645,-0.500001232372552,0.));
#4759=DIRECTION('',(0.,0.,1.));
#4760=DIRECTION('center_axis',(0.,0.,-1.));
#4761=DIRECTION('ref_axis',(-0.866024692272645,-0.500001232372552,0.));
#4762=DIRECTION('center_axis',(0.499999976710852,-0.866025417230434,0.));
#4763=DIRECTION('ref_axis',(0.866025417230434,0.499999976710852,0.));
#4764=DIRECTION('',(0.,0.,1.));
#4765=DIRECTION('',(0.866025417230434,0.499999976710852,0.));
#4766=DIRECTION('center_axis',(0.,0.,1.));
#4767=DIRECTION('ref_axis',(0.99999999999998,-1.97999860855707E-7,0.));
#4768=DIRECTION('',(0.,0.,1.));
#4769=DIRECTION('center_axis',(0.,0.,1.));
#4770=DIRECTION('ref_axis',(0.99999999999998,-1.97999860855707E-7,0.));
#4771=DIRECTION('center_axis',(1.,2.96501687881165E-14,0.));
#4772=DIRECTION('ref_axis',(-2.96501687881165E-14,1.,0.));
#4773=DIRECTION('',(0.,0.,1.));
#4774=DIRECTION('',(-2.96501687881165E-14,1.,0.));
#4775=DIRECTION('center_axis',(0.,0.,1.));
#4776=DIRECTION('ref_axis',(-0.999999999999721,-7.47075555947821E-7,0.));
#4777=DIRECTION('',(0.,0.,1.));
#4778=DIRECTION('center_axis',(0.,0.,-1.));
#4779=DIRECTION('ref_axis',(-0.999999999999721,-7.47075555947821E-7,0.));
#4780=DIRECTION('center_axis',(-1.32506617220201E-13,-1.,0.));
#4781=DIRECTION('ref_axis',(1.,-1.32506617220201E-13,0.));
#4782=DIRECTION('',(0.,0.,1.));
#4783=DIRECTION('',(1.,-1.32506617220201E-13,0.));
#4784=DIRECTION('',(0.,0.,-1.));
#4785=DIRECTION('center_axis',(1.32506617220201E-13,1.,0.));
#4786=DIRECTION('ref_axis',(0.,0.,-1.));
#4787=DIRECTION('',(-1.,1.32506617220201E-13,-3.08395284618099E-16));
#4788=DIRECTION('center_axis',(1.32506617220201E-13,1.,0.));
#4789=DIRECTION('ref_axis',(-1.,1.33226762955019E-13,6.66133814775096E-15));
#4790=DIRECTION('',(0.,0.,1.));
#4791=DIRECTION('',(1.,-1.32506617220201E-13,0.));
#4792=DIRECTION('center_axis',(0.,0.,1.));
#4793=DIRECTION('ref_axis',(0.999999999999721,7.47075539784841E-7,0.));
#4794=DIRECTION('',(0.,0.,1.));
#4795=DIRECTION('center_axis',(0.,0.,1.));
#4796=DIRECTION('ref_axis',(0.999999999999721,7.47075539784841E-7,0.));
#4797=DIRECTION('center_axis',(0.,0.,1.));
#4798=DIRECTION('ref_axis',(-0.999999999999721,-7.47075555950338E-7,0.));
#4799=DIRECTION('',(0.,0.,1.));
#4800=DIRECTION('center_axis',(0.,0.,-1.));
#4801=DIRECTION('ref_axis',(-0.999999999999721,-7.47075555950338E-7,0.));
#4802=DIRECTION('center_axis',(-1.14940734646618E-14,-1.,0.));
#4803=DIRECTION('ref_axis',(1.,-1.14940734646618E-14,0.));
#4804=DIRECTION('',(0.,0.,1.));
#4805=DIRECTION('',(1.,-1.14940734646618E-14,0.));
#4806=DIRECTION('center_axis',(0.,0.,1.));
#4807=DIRECTION('ref_axis',(0.999999999999225,1.24512672367423E-6,0.));
#4808=DIRECTION('',(0.,0.,1.));
#4809=DIRECTION('center_axis',(0.,0.,1.));
#4810=DIRECTION('ref_axis',(0.999999999999225,1.24512672367423E-6,0.));
#4811=DIRECTION('center_axis',(1.,-3.89688398094147E-13,0.));
#4812=DIRECTION('ref_axis',(3.89688398094147E-13,1.,0.));
#4813=DIRECTION('',(0.,0.,1.));
#4814=DIRECTION('',(3.89688398094147E-13,1.,0.));
#4815=DIRECTION('center_axis',(0.,0.,1.));
#4816=DIRECTION('ref_axis',(-0.999999999999721,-7.47075555950487E-7,0.));
#4817=DIRECTION('',(0.,0.,1.));
#4818=DIRECTION('center_axis',(0.,0.,-1.));
#4819=DIRECTION('ref_axis',(-0.999999999999721,-7.47075555950487E-7,0.));
#4820=DIRECTION('center_axis',(-6.55885566356238E-14,-1.,0.));
#4821=DIRECTION('ref_axis',(1.,-6.55885566356238E-14,0.));
#4822=DIRECTION('',(0.,0.,1.));
#4823=DIRECTION('',(1.,-6.55885566356238E-14,0.));
#4824=DIRECTION('center_axis',(0.,0.,1.));
#4825=DIRECTION('ref_axis',(2.66713888788525E-6,0.999999999996443,0.));
#4826=DIRECTION('',(0.,0.,1.));
#4827=DIRECTION('center_axis',(0.,0.,-1.));
#4828=DIRECTION('ref_axis',(2.66713888788525E-6,0.999999999996443,0.));
#4829=DIRECTION('center_axis',(0.,0.,1.));
#4830=DIRECTION('ref_axis',(-1.33355522796484E-5,-0.999999999911081,0.));
#4831=DIRECTION('',(0.,0.,1.));
#4832=DIRECTION('center_axis',(0.,0.,1.));
#4833=DIRECTION('ref_axis',(-1.33355522796484E-5,-0.999999999911081,0.));
#4834=DIRECTION('center_axis',(6.09036641051432E-15,-1.,0.));
#4835=DIRECTION('ref_axis',(1.,6.09036641051432E-15,0.));
#4836=DIRECTION('',(0.,0.,1.));
#4837=DIRECTION('',(1.,6.09036641051432E-15,0.));
#4838=DIRECTION('center_axis',(0.,0.,1.));
#4839=DIRECTION('ref_axis',(-7.4707555595049E-7,0.999999999999721,0.));
#4840=DIRECTION('',(0.,0.,1.));
#4841=DIRECTION('center_axis',(0.,0.,-1.));
#4842=DIRECTION('ref_axis',(-7.4707555595049E-7,0.999999999999721,0.));
#4843=DIRECTION('center_axis',(-1.,-1.22124528146954E-14,0.));
#4844=DIRECTION('ref_axis',(1.22124528146954E-14,-1.,0.));
#4845=DIRECTION('',(0.,0.,1.));
#4846=DIRECTION('',(1.22124528146954E-14,-1.,0.));
#4847=DIRECTION('center_axis',(0.,0.,1.));
#4848=DIRECTION('ref_axis',(1.24512656084135E-6,-0.999999999999225,0.));
#4849=DIRECTION('',(0.,0.,1.));
#4850=DIRECTION('center_axis',(0.,0.,1.));
#4851=DIRECTION('ref_axis',(1.24512656084135E-6,-0.999999999999225,0.));
#4852=DIRECTION('center_axis',(-2.3249376689069E-14,-1.,0.));
#4853=DIRECTION('ref_axis',(1.,-2.3249376689069E-14,0.));
#4854=DIRECTION('',(0.,0.,1.));
#4855=DIRECTION('',(1.,-2.3249376689069E-14,0.));
#4856=DIRECTION('center_axis',(0.,0.,1.));
#4857=DIRECTION('ref_axis',(-7.47075555950487E-7,0.999999999999721,0.));
#4858=DIRECTION('',(0.,0.,1.));
#4859=DIRECTION('center_axis',(0.,0.,-1.));
#4860=DIRECTION('ref_axis',(-7.47075555950487E-7,0.999999999999721,0.));
#4861=DIRECTION('center_axis',(-1.,-7.40148664651872E-15,0.));
#4862=DIRECTION('ref_axis',(7.40148664651872E-15,-1.,0.));
#4863=DIRECTION('',(0.,0.,1.));
#4864=DIRECTION('',(7.40148664651872E-15,-1.,0.));
#4865=DIRECTION('center_axis',(0.,0.,1.));
#4866=DIRECTION('ref_axis',(1.24512654603833E-6,-0.999999999999225,0.));
#4867=DIRECTION('',(0.,0.,1.));
#4868=DIRECTION('center_axis',(0.,0.,1.));
#4869=DIRECTION('ref_axis',(1.24512654603833E-6,-0.999999999999225,0.));
#4870=DIRECTION('center_axis',(-2.29881477375064E-14,-1.,0.));
#4871=DIRECTION('ref_axis',(1.,-2.29881477375064E-14,0.));
#4872=DIRECTION('',(0.,0.,1.));
#4873=DIRECTION('',(1.,-2.29881477375064E-14,0.));
#4874=DIRECTION('center_axis',(0.,0.,1.));
#4875=DIRECTION('ref_axis',(-7.47075562294622E-7,0.999999999999721,0.));
#4876=DIRECTION('',(0.,0.,1.));
#4877=DIRECTION('center_axis',(0.,0.,-1.));
#4878=DIRECTION('ref_axis',(-7.47075562294622E-7,0.999999999999721,0.));
#4879=DIRECTION('center_axis',(-1.,5.52110914002411E-15,0.));
#4880=DIRECTION('ref_axis',(-5.52110914002411E-15,-1.,0.));
#4881=DIRECTION('',(0.,0.,1.));
#4882=DIRECTION('',(-5.52110914002411E-15,-1.,0.));
#4883=DIRECTION('center_axis',(0.,0.,1.));
#4884=DIRECTION('ref_axis',(0.999999999999721,7.47070555186116E-7,0.));
#4885=DIRECTION('',(0.,0.,1.));
#4886=DIRECTION('center_axis',(0.,0.,-1.));
#4887=DIRECTION('ref_axis',(0.999999999999721,7.47070555186116E-7,0.));
#4888=DIRECTION('center_axis',(-6.13888014589889E-15,1.,0.));
#4889=DIRECTION('ref_axis',(-1.,-6.13888014589889E-15,0.));
#4890=DIRECTION('',(0.,0.,1.));
#4891=DIRECTION('',(-1.,-6.13888014589889E-15,0.));
#4892=DIRECTION('center_axis',(0.,0.,1.));
#4893=DIRECTION('ref_axis',(-0.999999999999225,-1.24513493933486E-6,0.));
#4894=DIRECTION('',(0.,0.,1.));
#4895=DIRECTION('center_axis',(0.,0.,1.));
#4896=DIRECTION('ref_axis',(-0.999999999999225,-1.24513493933486E-6,0.));
#4897=DIRECTION('center_axis',(-1.,1.30266181198424E-13,0.));
#4898=DIRECTION('ref_axis',(-1.30266181198424E-13,-1.,0.));
#4899=DIRECTION('',(0.,0.,1.));
#4900=DIRECTION('',(-1.30266181198424E-13,-1.,0.));
#4901=DIRECTION('center_axis',(0.,0.,1.));
#4902=DIRECTION('ref_axis',(0.999999999999721,7.47070559944208E-7,0.));
#4903=DIRECTION('',(0.,0.,1.));
#4904=DIRECTION('center_axis',(0.,0.,-1.));
#4905=DIRECTION('ref_axis',(0.999999999999721,7.47070559944208E-7,0.));
#4906=DIRECTION('center_axis',(-3.89931983452567E-15,1.,0.));
#4907=DIRECTION('ref_axis',(-1.,-3.89931983452567E-15,0.));
#4908=DIRECTION('',(0.,0.,1.));
#4909=DIRECTION('',(-1.,-3.89931983452567E-15,0.));
#4910=DIRECTION('center_axis',(0.,0.,1.));
#4911=DIRECTION('ref_axis',(-0.999999999999225,-1.2451349171304E-6,0.));
#4912=DIRECTION('',(0.,0.,1.));
#4913=DIRECTION('center_axis',(0.,0.,1.));
#4914=DIRECTION('ref_axis',(-0.999999999999225,-1.2451349171304E-6,0.));
#4915=DIRECTION('center_axis',(-1.,2.69516215670318E-14,0.));
#4916=DIRECTION('ref_axis',(-2.69516215670318E-14,-1.,0.));
#4917=DIRECTION('',(0.,0.,1.));
#4918=DIRECTION('',(-2.69516215670318E-14,-1.,0.));
#4919=DIRECTION('center_axis',(0.,0.,1.));
#4920=DIRECTION('ref_axis',(0.999999999999721,7.47070553600073E-7,0.));
#4921=DIRECTION('',(0.,0.,1.));
#4922=DIRECTION('center_axis',(0.,0.,-1.));
#4923=DIRECTION('ref_axis',(0.999999999999721,7.47070553600073E-7,0.));
#4924=DIRECTION('center_axis',(-1.37413901523132E-12,1.,0.));
#4925=DIRECTION('ref_axis',(-1.,-1.37413901523132E-12,0.));
#4926=DIRECTION('',(0.,0.,1.));
#4927=DIRECTION('',(-1.,-1.37413901523132E-12,0.));
#4928=DIRECTION('center_axis',(3.08395284618099E-16,-4.1086505480261E-29,
-1.));
#4929=DIRECTION('ref_axis',(-1.,1.33466809829121E-13,-3.08395284618099E-16));
#4930=DIRECTION('',(1.,-1.20478956476647E-13,3.08395284618099E-16));
#4931=DIRECTION('',(1.33226762955019E-13,1.,0.));
#4932=DIRECTION('',(1.33226762955019E-13,1.,0.));
#4933=DIRECTION('center_axis',(1.33226762955019E-13,1.,0.));
#4934=DIRECTION('ref_axis',(0.,0.,-1.));
#4935=DIRECTION('center_axis',(-1.20478956476647E-13,-1.,0.));
#4936=DIRECTION('ref_axis',(0.,0.,-1.));
#4937=DIRECTION('',(1.33226762955019E-13,1.,0.));
#4938=DIRECTION('center_axis',(1.,-1.33226762955019E-13,0.));
#4939=DIRECTION('ref_axis',(0.,0.,-1.));
#4940=DIRECTION('',(0.,0.,1.));
#4941=DIRECTION('',(-1.33226762955019E-13,-1.,0.));
#4942=DIRECTION('center_axis',(-1.,1.33226762955019E-13,0.));
#4943=DIRECTION('ref_axis',(0.,0.,1.));
#4944=DIRECTION('',(0.,0.,-1.));
#4945=DIRECTION('',(1.33226762955019E-13,1.,0.));
#4946=DIRECTION('',(1.33226762955019E-13,1.,0.));
#4947=DIRECTION('center_axis',(1.33226762955019E-13,1.,0.));
#4948=DIRECTION('ref_axis',(-1.,1.33226762955019E-13,6.66133814775096E-15));
#4949=DIRECTION('center_axis',(-1.20478956476647E-13,-1.,0.));
#4950=DIRECTION('ref_axis',(-1.,1.33226762955019E-13,6.66133814775096E-15));
#4951=DIRECTION('center_axis',(1.20478956476647E-13,1.,0.));
#4952=DIRECTION('ref_axis',(-1.,1.20478956476647E-13,0.));
#4953=DIRECTION('',(-1.,1.20478956476647E-13,0.));
#4954=DIRECTION('',(0.,0.,1.));
#4955=DIRECTION('',(1.,-1.20478956476647E-13,0.));
#4956=DIRECTION('',(0.,0.,1.));
#4957=DIRECTION('',(-1.,1.20478956476647E-13,0.));
#4958=DIRECTION('center_axis',(0.,0.,-1.));
#4959=DIRECTION('ref_axis',(-1.,0.,0.));
#4960=DIRECTION('',(1.37371595580286E-12,-1.,0.));
#4961=DIRECTION('',(1.,1.49467820899609E-12,0.));
#4962=DIRECTION('center_axis',(0.,0.,1.));
#4963=DIRECTION('ref_axis',(0.999999999999972,2.37704162402126E-7,0.));
#4964=DIRECTION('',(2.71591754880034E-14,1.,0.));
#4965=DIRECTION('',(1.,2.72342025708367E-14,0.));
#4966=DIRECTION('center_axis',(0.,0.,1.));
#4967=DIRECTION('ref_axis',(0.999999999999972,2.37704093770146E-7,0.));
#4968=DIRECTION('',(1.33226829307084E-13,1.,0.));
#4969=DIRECTION('',(1.,3.52838041034965E-14,0.));
#4970=DIRECTION('center_axis',(0.,0.,1.));
#4971=DIRECTION('ref_axis',(0.999999999999972,2.37704177036888E-7,0.));
#4972=DIRECTION('',(-6.00120584663639E-15,1.,0.));
#4973=DIRECTION('center_axis',(0.,0.,1.));
#4974=DIRECTION('ref_axis',(-2.37705758095672E-7,0.999999999999972,0.));
#4975=DIRECTION('',(-1.,2.31169730406918E-14,0.));
#4976=DIRECTION('',(-5.1810416455638E-14,1.,0.));
#4977=DIRECTION('center_axis',(0.,0.,1.));
#4978=DIRECTION('ref_axis',(-2.37705756077084E-7,0.999999999999972,0.));
#4979=DIRECTION('',(-1.,2.34211437385956E-14,0.));
#4980=DIRECTION('',(-8.72318340147178E-14,1.,0.));
#4981=DIRECTION('center_axis',(0.,0.,1.));
#4982=DIRECTION('ref_axis',(-2.37705814585379E-7,0.999999999999972,0.));
#4983=DIRECTION('',(-1.,-6.14760015304453E-15,0.));
#4984=DIRECTION('center_axis',(0.,0.,1.));
#4985=DIRECTION('ref_axis',(6.15494341158816E-7,0.99999999999981,0.));
#4986=DIRECTION('',(-1.,4.37257080134629E-14,0.));
#4987=DIRECTION('center_axis',(0.,0.,1.));
#4988=DIRECTION('ref_axis',(-0.948029748608984,0.318181702416068,0.));
#4989=DIRECTION('',(-1.,-1.73698508174219E-14,0.));
#4990=DIRECTION('center_axis',(0.,0.,1.));
#4991=DIRECTION('ref_axis',(-0.838140455434671,0.545454468277384,0.));
#4992=DIRECTION('',(0.,0.,1.));
#4993=DIRECTION('',(0.,0.,1.));
#4994=DIRECTION('center_axis',(0.,0.,-1.));
#4995=DIRECTION('ref_axis',(-1.,0.,0.));
#4996=DIRECTION('',(1.,1.36323100370732E-12,0.));
#4997=DIRECTION('',(1.37371595580286E-12,-1.,0.));
#4998=DIRECTION('center_axis',(0.,0.,1.));
#4999=DIRECTION('ref_axis',(7.47075555947817E-7,-0.999999999999721,0.));
#5000=DIRECTION('',(1.99346709329529E-14,-1.,0.));
#5001=DIRECTION('center_axis',(0.,0.,-1.));
#5002=DIRECTION('ref_axis',(-1.24512648682639E-6,0.999999999999225,0.));
#5003=DIRECTION('',(1.,-2.46716226056129E-15,0.));
#5004=DIRECTION('',(-3.99680288865106E-14,1.,0.));
#5005=DIRECTION('',(1.,-7.38098403613274E-16,0.));
#5006=DIRECTION('center_axis',(0.,0.,-1.));
#5007=DIRECTION('ref_axis',(-0.999999999999721,-7.47087222296776E-7,0.));
#5008=DIRECTION('center_axis',(0.,0.,1.));
#5009=DIRECTION('ref_axis',(0.999999999999721,7.47074945012158E-7,0.));
#5010=DIRECTION('',(1.,6.79965510249032E-13,0.));
#5011=DIRECTION('center_axis',(0.,0.,-1.));
#5012=DIRECTION('ref_axis',(-0.9766812522561,-0.214694507362105,0.));
#5013=DIRECTION('',(-0.258819055782043,0.965925823427499,0.));
#5014=DIRECTION('center_axis',(0.,0.,1.));
#5015=DIRECTION('ref_axis',(0.965925823427499,0.258819055782043,0.));
#5016=DIRECTION('center_axis',(0.,0.,1.));
#5017=DIRECTION('ref_axis',(0.965925823427499,0.258819055782043,0.));
#5018=DIRECTION('',(0.,0.,1.));
#5019=DIRECTION('center_axis',(0.,0.,1.));
#5020=DIRECTION('ref_axis',(0.965925823427499,0.258819055782043,0.));
#5021=DIRECTION('',(0.,0.,1.));
#5022=DIRECTION('center_axis',(0.965925823427499,0.258819055782043,0.));
#5023=DIRECTION('ref_axis',(-0.258819055782043,0.965925823427499,0.));
#5024=DIRECTION('',(0.,0.,1.));
#5025=DIRECTION('',(-0.258819055782043,0.965925823427499,0.));
#5026=DIRECTION('center_axis',(0.,0.,1.));
#5027=DIRECTION('ref_axis',(-0.9766812522561,-0.214694507362105,0.));
#5028=DIRECTION('',(0.,0.,1.));
#5029=DIRECTION('center_axis',(0.,0.,-1.));
#5030=DIRECTION('ref_axis',(-0.9766812522561,-0.214694507362105,0.));
#5031=DIRECTION('center_axis',(6.79965510249032E-13,-1.,0.));
#5032=DIRECTION('ref_axis',(1.,6.79965510249032E-13,0.));
#5033=DIRECTION('',(0.,0.,1.));
#5034=DIRECTION('',(1.,6.79965510249032E-13,0.));
#5035=DIRECTION('center_axis',(0.,0.,1.));
#5036=DIRECTION('ref_axis',(0.999999999999721,7.47074945012158E-7,0.));
#5037=DIRECTION('',(0.,0.,1.));
#5038=DIRECTION('center_axis',(0.,0.,1.));
#5039=DIRECTION('ref_axis',(0.999999999999721,7.47074945012158E-7,0.));
#5040=DIRECTION('center_axis',(0.,0.,1.));
#5041=DIRECTION('ref_axis',(-0.999999999999721,-7.47087222296776E-7,0.));
#5042=DIRECTION('',(0.,0.,1.));
#5043=DIRECTION('center_axis',(0.,0.,-1.));
#5044=DIRECTION('ref_axis',(-0.999999999999721,-7.47087222296776E-7,0.));
#5045=DIRECTION('center_axis',(-7.38098403613274E-16,-1.,0.));
#5046=DIRECTION('ref_axis',(1.,-7.38098403613274E-16,0.));
#5047=DIRECTION('',(0.,0.,1.));
#5048=DIRECTION('',(1.,-7.38098403613274E-16,0.));
#5049=DIRECTION('center_axis',(1.,3.99680288865106E-14,0.));
#5050=DIRECTION('ref_axis',(-3.99680288865106E-14,1.,0.));
#5051=DIRECTION('',(0.,0.,-1.));
#5052=DIRECTION('',(-3.99680288865106E-14,1.,0.));
#5053=DIRECTION('center_axis',(-2.46716226056129E-15,-1.,0.));
#5054=DIRECTION('ref_axis',(1.,-2.46716226056129E-15,0.));
#5055=DIRECTION('',(0.,0.,1.));
#5056=DIRECTION('center_axis',(0.,0.,1.));
#5057=DIRECTION('ref_axis',(-1.24512648682639E-6,0.999999999999225,0.));
#5058=DIRECTION('',(0.,0.,1.));
#5059=DIRECTION('center_axis',(-1.,-1.99346709329529E-14,0.));
#5060=DIRECTION('ref_axis',(1.99346709329529E-14,-1.,0.));
#5061=DIRECTION('',(0.,0.,1.));
#5062=DIRECTION('center_axis',(0.,0.,1.));
#5063=DIRECTION('ref_axis',(7.47075555947817E-7,-0.999999999999721,0.));
#5064=DIRECTION('',(0.,0.,1.));
#5065=DIRECTION('center_axis',(-1.,-1.37371595580286E-12,0.));
#5066=DIRECTION('ref_axis',(1.37371595580286E-12,-1.,0.));
#5067=DIRECTION('',(0.,0.,1.));
#5068=DIRECTION('center_axis',(0.258819044072449,-0.965925826565075,0.));
#5069=DIRECTION('ref_axis',(0.965925826565075,0.258819044072449,0.));
#5070=DIRECTION('',(-0.965925826565075,-0.258819044072449,0.));
#5071=DIRECTION('',(0.965925826565075,0.258819044072449,0.));
#5072=DIRECTION('',(0.,0.,1.));
#5073=DIRECTION('center_axis',(0.499999975669961,-0.866025417831393,0.));
#5074=DIRECTION('ref_axis',(0.866025417831393,0.499999975669961,0.));
#5075=DIRECTION('',(-0.866025417831393,-0.499999975669961,0.));
#5076=DIRECTION('',(0.866025417831393,0.499999975669961,0.));
#5077=DIRECTION('',(0.,0.,1.));
#5078=DIRECTION('center_axis',(0.,0.,1.));
#5079=DIRECTION('ref_axis',(0.499999975697277,-0.866025417815622,0.));
#5080=DIRECTION('center_axis',(0.,0.,-1.));
#5081=DIRECTION('ref_axis',(0.499999975697277,-0.866025417815622,0.));
#5082=DIRECTION('center_axis',(0.,0.,1.));
#5083=DIRECTION('ref_axis',(0.499999975697277,-0.866025417815622,0.));
#5084=DIRECTION('',(0.,0.,1.));
#5085=DIRECTION('center_axis',(-0.866025405168148,-0.499999997603345,0.));
#5086=DIRECTION('ref_axis',(0.499999997603345,-0.866025405168148,0.));
#5087=DIRECTION('',(-0.499999997603345,0.866025405168148,0.));
#5088=DIRECTION('',(0.499999997603345,-0.866025405168148,0.));
#5089=DIRECTION('',(0.,0.,1.));
#5090=DIRECTION('center_axis',(0.,0.,1.));
#5091=DIRECTION('ref_axis',(-0.866025178331443,-0.50000039049584,0.));
#5092=DIRECTION('center_axis',(0.,0.,-1.));
#5093=DIRECTION('ref_axis',(-0.866025178331443,-0.50000039049584,0.));
#5094=DIRECTION('center_axis',(0.,0.,1.));
#5095=DIRECTION('ref_axis',(-0.866025178331443,-0.50000039049584,0.));
#5096=DIRECTION('',(0.,0.,1.));
#5097=DIRECTION('center_axis',(-0.499999976710917,0.866025417230396,0.));
#5098=DIRECTION('ref_axis',(-0.866025417230396,-0.499999976710917,0.));
#5099=DIRECTION('',(0.866025417230396,0.499999976710917,0.));
#5100=DIRECTION('',(-0.866025417230396,-0.499999976710917,0.));
#5101=DIRECTION('',(0.,0.,1.));
#5102=DIRECTION('center_axis',(0.,0.,1.));
#5103=DIRECTION('ref_axis',(0.99999999999998,-1.97999860676339E-7,0.));
#5104=DIRECTION('center_axis',(0.,0.,-1.));
#5105=DIRECTION('ref_axis',(0.99999999999998,-1.97999860676339E-7,0.));
#5106=DIRECTION('center_axis',(0.,0.,-1.));
#5107=DIRECTION('ref_axis',(0.99999999999998,-1.97999860676339E-7,0.));
#5108=DIRECTION('',(0.,0.,1.));
#5109=DIRECTION('center_axis',(-1.,-3.05308671706416E-14,0.));
#5110=DIRECTION('ref_axis',(3.05308671706416E-14,-1.,0.));
#5111=DIRECTION('',(-3.05308671706416E-14,1.,0.));
#5112=DIRECTION('',(3.05308671706416E-14,-1.,0.));
#5113=DIRECTION('',(0.,0.,1.));
#5114=DIRECTION('center_axis',(0.,0.,1.));
#5115=DIRECTION('ref_axis',(-0.999999999999972,-2.37705792411392E-7,0.));
#5116=DIRECTION('center_axis',(0.,0.,-1.));
#5117=DIRECTION('ref_axis',(-0.999999999999972,-2.37705792411392E-7,0.));
#5118=DIRECTION('center_axis',(0.,0.,1.));
#5119=DIRECTION('ref_axis',(-0.999999999999972,-2.37705792411392E-7,0.));
#5120=DIRECTION('center_axis',(0.,0.,1.));
#5121=DIRECTION('ref_axis',(-0.838140455434671,0.545454468277384,0.));
#5122=DIRECTION('center_axis',(0.,0.,-1.));
#5123=DIRECTION('ref_axis',(-0.838140455434671,0.545454468277384,0.));
#5124=DIRECTION('',(0.,0.,1.));
#5125=DIRECTION('center_axis',(-1.73698508174219E-14,1.,0.));
#5126=DIRECTION('ref_axis',(-1.,-1.73698508174219E-14,0.));
#5127=DIRECTION('',(1.,1.73698508174219E-14,0.));
#5128=DIRECTION('',(0.,0.,1.));
#5129=DIRECTION('center_axis',(0.,0.,1.));
#5130=DIRECTION('ref_axis',(-0.948029748608984,0.318181702416068,0.));
#5131=DIRECTION('center_axis',(0.,0.,-1.));
#5132=DIRECTION('ref_axis',(-0.948029748608984,0.318181702416068,0.));
#5133=DIRECTION('',(0.,0.,1.));
#5134=DIRECTION('center_axis',(4.37257080134629E-14,1.,0.));
#5135=DIRECTION('ref_axis',(-1.,4.37257080134629E-14,0.));
#5136=DIRECTION('',(1.,-4.37257080134629E-14,0.));
#5137=DIRECTION('',(0.,0.,1.));
#5138=DIRECTION('center_axis',(0.,0.,1.));
#5139=DIRECTION('ref_axis',(6.15494341158816E-7,0.99999999999981,0.));
#5140=DIRECTION('center_axis',(0.,0.,-1.));
#5141=DIRECTION('ref_axis',(6.15494341158816E-7,0.99999999999981,0.));
#5142=DIRECTION('',(0.,0.,1.));
#5143=DIRECTION('center_axis',(-6.14760015304453E-15,1.,0.));
#5144=DIRECTION('ref_axis',(-1.,-6.14760015304453E-15,0.));
#5145=DIRECTION('',(1.,6.14760015304453E-15,0.));
#5146=DIRECTION('',(0.,0.,1.));
#5147=DIRECTION('center_axis',(0.,0.,1.));
#5148=DIRECTION('ref_axis',(-2.37705814585379E-7,0.999999999999972,0.));
#5149=DIRECTION('center_axis',(0.,0.,-1.));
#5150=DIRECTION('ref_axis',(-2.37705814585379E-7,0.999999999999972,0.));
#5151=DIRECTION('',(0.,0.,1.));
#5152=DIRECTION('center_axis',(1.,8.72318340147178E-14,0.));
#5153=DIRECTION('ref_axis',(-8.72318340147178E-14,1.,0.));
#5154=DIRECTION('',(8.72318340147178E-14,-1.,0.));
#5155=DIRECTION('',(0.,0.,1.));
#5156=DIRECTION('center_axis',(2.34211437385956E-14,1.,0.));
#5157=DIRECTION('ref_axis',(-1.,2.34211437385956E-14,0.));
#5158=DIRECTION('',(1.,-2.34211437385956E-14,0.));
#5159=DIRECTION('',(0.,0.,1.));
#5160=DIRECTION('center_axis',(0.,0.,1.));
#5161=DIRECTION('ref_axis',(-2.37705756077084E-7,0.999999999999972,0.));
#5162=DIRECTION('center_axis',(0.,0.,-1.));
#5163=DIRECTION('ref_axis',(-2.37705756077084E-7,0.999999999999972,0.));
#5164=DIRECTION('',(0.,0.,1.));
#5165=DIRECTION('center_axis',(1.,5.1810416455638E-14,0.));
#5166=DIRECTION('ref_axis',(-5.1810416455638E-14,1.,0.));
#5167=DIRECTION('',(5.1810416455638E-14,-1.,0.));
#5168=DIRECTION('',(0.,0.,1.));
#5169=DIRECTION('center_axis',(2.31169730406918E-14,1.,0.));
#5170=DIRECTION('ref_axis',(-1.,2.31169730406918E-14,0.));
#5171=DIRECTION('',(1.,-2.31169730406918E-14,0.));
#5172=DIRECTION('',(0.,0.,1.));
#5173=DIRECTION('center_axis',(0.,0.,1.));
#5174=DIRECTION('ref_axis',(-2.37705758095672E-7,0.999999999999972,0.));
#5175=DIRECTION('center_axis',(0.,0.,-1.));
#5176=DIRECTION('ref_axis',(-2.37705758095672E-7,0.999999999999972,0.));
#5177=DIRECTION('',(0.,0.,1.));
#5178=DIRECTION('center_axis',(1.,6.00120584663639E-15,0.));
#5179=DIRECTION('ref_axis',(-6.00120584663639E-15,1.,0.));
#5180=DIRECTION('',(6.00120584663639E-15,-1.,0.));
#5181=DIRECTION('',(0.,0.,1.));
#5182=DIRECTION('center_axis',(0.,0.,1.));
#5183=DIRECTION('ref_axis',(0.999999999999972,2.37704177036888E-7,0.));
#5184=DIRECTION('center_axis',(0.,0.,-1.));
#5185=DIRECTION('ref_axis',(0.999999999999972,2.37704177036888E-7,0.));
#5186=DIRECTION('',(0.,0.,1.));
#5187=DIRECTION('center_axis',(3.52838041034965E-14,-1.,0.));
#5188=DIRECTION('ref_axis',(1.,3.52838041034965E-14,0.));
#5189=DIRECTION('',(-1.,-3.52838041034965E-14,0.));
#5190=DIRECTION('',(0.,0.,1.));
#5191=DIRECTION('center_axis',(1.,-1.33226829307084E-13,0.));
#5192=DIRECTION('ref_axis',(1.33226829307084E-13,1.,0.));
#5193=DIRECTION('',(-1.33226829307084E-13,-1.,0.));
#5194=DIRECTION('',(0.,0.,1.));
#5195=DIRECTION('center_axis',(0.,0.,1.));
#5196=DIRECTION('ref_axis',(0.999999999999972,2.37704093770146E-7,0.));
#5197=DIRECTION('center_axis',(0.,0.,-1.));
#5198=DIRECTION('ref_axis',(0.999999999999972,2.37704093770146E-7,0.));
#5199=DIRECTION('',(0.,0.,1.));
#5200=DIRECTION('center_axis',(2.72342025708367E-14,-1.,0.));
#5201=DIRECTION('ref_axis',(1.,2.72342025708367E-14,0.));
#5202=DIRECTION('',(-1.,-2.72342025708367E-14,0.));
#5203=DIRECTION('',(0.,0.,1.));
#5204=DIRECTION('center_axis',(1.,-2.71591754880034E-14,0.));
#5205=DIRECTION('ref_axis',(2.71591754880034E-14,1.,0.));
#5206=DIRECTION('',(-2.71591754880034E-14,-1.,0.));
#5207=DIRECTION('',(0.,0.,1.));
#5208=DIRECTION('center_axis',(0.,0.,1.));
#5209=DIRECTION('ref_axis',(0.999999999999972,2.37704162402126E-7,0.));
#5210=DIRECTION('center_axis',(0.,0.,-1.));
#5211=DIRECTION('ref_axis',(0.999999999999972,2.37704162402126E-7,0.));
#5212=DIRECTION('',(0.,0.,1.));
#5213=DIRECTION('center_axis',(1.49467820899609E-12,-1.,0.));
#5214=DIRECTION('ref_axis',(1.,1.49467820899609E-12,0.));
#5215=DIRECTION('',(-1.,-1.49467820899609E-12,0.));
#5216=DIRECTION('center_axis',(0.,0.,-1.));
#5217=DIRECTION('ref_axis',(-1.,0.,0.));
#5218=DIRECTION('center_axis',(0.,0.,1.));
#5219=DIRECTION('ref_axis',(1.,0.,0.));
#5220=DIRECTION('center_axis',(0.,0.,-1.));
#5221=DIRECTION('ref_axis',(0.,-1.,0.));
#5222=DIRECTION('',(0.,0.,-1.));
#5223=DIRECTION('center_axis',(0.,0.,-1.));
#5224=DIRECTION('ref_axis',(0.,-1.,0.));
#5225=DIRECTION('',(0.,0.,-1.));
#5226=DIRECTION('center_axis',(0.,0.,-1.));
#5227=DIRECTION('ref_axis',(0.,-1.,0.));
#5228=DIRECTION('',(0.,0.,-1.));
#5229=DIRECTION('center_axis',(0.,0.,-1.));
#5230=DIRECTION('ref_axis',(0.,-1.,0.));
#5231=DIRECTION('',(0.,0.,-1.));
#5232=DIRECTION('',(0.,0.,1.));
#5233=DIRECTION('',(1.,0.,0.));
#5234=CARTESIAN_POINT('',(0.,0.,0.));
#5235=CARTESIAN_POINT('',(0.,0.,0.));
#5236=CARTESIAN_POINT('Origin',(54.351357,1.805602,0.));
#5237=CARTESIAN_POINT('',(56.551357,1.805602,0.));
#5238=CARTESIAN_POINT('Origin',(54.351357,1.805602,0.));
#5239=CARTESIAN_POINT('',(56.551357,1.805602,1.));
#5240=CARTESIAN_POINT('',(56.551357,1.805602,0.));
#5241=CARTESIAN_POINT('Origin',(54.351357,1.805602,1.));
#5242=CARTESIAN_POINT('Origin',(54.351357,1.805602,1.));
#5243=CARTESIAN_POINT('',(54.351357,2.905602,1.));
#5244=CARTESIAN_POINT('Origin',(54.351357,1.805602,1.));
#5245=CARTESIAN_POINT('Origin',(-54.648643,-19.694398,0.));
#5246=CARTESIAN_POINT('',(-52.448643,-19.694398,0.));
#5247=CARTESIAN_POINT('Origin',(-54.648643,-19.694398,0.));
#5248=CARTESIAN_POINT('',(-52.448643,-19.694398,1.));
#5249=CARTESIAN_POINT('',(-52.448643,-19.694398,0.));
#5250=CARTESIAN_POINT('Origin',(-54.648643,-19.694398,1.));
#5251=CARTESIAN_POINT('Origin',(-54.648643,-19.694398,1.));
#5252=CARTESIAN_POINT('',(-54.648643,-18.594398,1.));
#5253=CARTESIAN_POINT('Origin',(-54.648643,-19.694398,1.));
#5254=CARTESIAN_POINT('Origin',(4.45135699999891,-20.5943980000318,0.));
#5255=CARTESIAN_POINT('',(6.65135699999891,-20.5943980000318,0.));
#5256=CARTESIAN_POINT('Origin',(4.45135699999891,-20.5943980000318,0.));
#5257=CARTESIAN_POINT('',(6.65135699999891,-20.5943980000318,1.));
#5258=CARTESIAN_POINT('',(6.65135699999891,-20.5943980000318,0.));
#5259=CARTESIAN_POINT('Origin',(4.45135699999891,-20.5943980000318,1.));
#5260=CARTESIAN_POINT('Origin',(4.45135699999891,-20.5943980000318,1.));
#5261=CARTESIAN_POINT('',(3.35135699999891,-20.5943980000318,1.));
#5262=CARTESIAN_POINT('Origin',(4.45135699999891,-20.5943980000318,1.));
#5263=CARTESIAN_POINT('Origin',(34.351357,25.805602,0.));
#5264=CARTESIAN_POINT('',(36.551357,25.805602,0.));
#5265=CARTESIAN_POINT('Origin',(34.351357,25.805602,0.));
#5266=CARTESIAN_POINT('',(36.551357,25.805602,1.));
#5267=CARTESIAN_POINT('',(36.551357,25.805602,0.));
#5268=CARTESIAN_POINT('Origin',(34.351357,25.805602,1.));
#5269=CARTESIAN_POINT('Origin',(34.351357,25.805602,1.));
#5270=CARTESIAN_POINT('',(34.351357,26.905602,1.));
#5271=CARTESIAN_POINT('Origin',(34.351357,25.805602,1.));
#5272=CARTESIAN_POINT('Origin',(-22.648643,21.805602,0.));
#5273=CARTESIAN_POINT('',(-20.448643,21.805602,0.));
#5274=CARTESIAN_POINT('Origin',(-22.648643,21.805602,0.));
#5275=CARTESIAN_POINT('',(-20.448643,21.805602,1.));
#5276=CARTESIAN_POINT('',(-20.448643,21.805602,0.));
#5277=CARTESIAN_POINT('Origin',(-22.648643,21.805602,1.));
#5278=CARTESIAN_POINT('Origin',(-22.648643,21.805602,1.));
#5279=CARTESIAN_POINT('',(-22.648643,22.905602,1.));
#5280=CARTESIAN_POINT('Origin',(-22.648643,21.805602,1.));
#5281=CARTESIAN_POINT('Origin',(4.45135699999528,-36.5943980000318,0.));
#5282=CARTESIAN_POINT('',(6.65135699999528,-36.5943980000318,0.));
#5283=CARTESIAN_POINT('Origin',(4.45135699999528,-36.5943980000318,0.));
#5284=CARTESIAN_POINT('',(6.65135699999528,-36.5943980000318,1.));
#5285=CARTESIAN_POINT('',(6.65135699999528,-36.5943980000318,0.));
#5286=CARTESIAN_POINT('Origin',(4.45135699999528,-36.5943980000318,1.));
#5287=CARTESIAN_POINT('Origin',(4.45135699999528,-36.5943980000318,1.));
#5288=CARTESIAN_POINT('',(3.35135699999528,-36.5943980000318,1.));
#5289=CARTESIAN_POINT('Origin',(4.45135699999528,-36.5943980000318,1.));
#5290=CARTESIAN_POINT('Origin',(-61.5486429999992,11.2056020000051,7.2));
#5291=CARTESIAN_POINT('',(-65.5486429999988,3.20560200000492,7.2));
#5292=CARTESIAN_POINT('',(-65.548642999999,11.2056020000049,7.2));
#5293=CARTESIAN_POINT('',(-65.5486429999994,25.7556018505873,7.2));
#5294=CARTESIAN_POINT('',(-61.5486429999989,3.20560200000506,7.2));
#5295=CARTESIAN_POINT('',(-61.5486429999989,3.20560200000506,7.2));
#5296=CARTESIAN_POINT('',(-61.5486429999992,11.2056020000051,7.2));
#5297=CARTESIAN_POINT('',(-61.5486429999986,-4.49920749999746,7.2));
#5298=CARTESIAN_POINT('',(-61.5486429999992,11.2056020000051,7.2));
#5299=CARTESIAN_POINT('Origin',(-61.5486429999992,11.2056020000051,11.2));
#5300=CARTESIAN_POINT('',(-65.548642999999,11.2056020000049,11.2));
#5301=CARTESIAN_POINT('',(-65.548642999999,11.2056020000049,5.6));
#5302=CARTESIAN_POINT('',(-61.5486429999992,11.2056020000051,9.2));
#5303=CARTESIAN_POINT('',(-61.5486429999992,11.2056020000051,7.));
#5304=CARTESIAN_POINT('',(-62.548642999999,11.205602000005,9.2));
#5305=CARTESIAN_POINT('',(-30.7743232743194,11.2056020000061,9.2));
#5306=CARTESIAN_POINT('',(-62.548642999999,11.205602000005,11.2));
#5307=CARTESIAN_POINT('',(-62.548642999999,11.205602000005,5.6));
#5308=CARTESIAN_POINT('',(-61.5486429999992,11.2056020000051,11.2));
#5309=CARTESIAN_POINT('Origin',(-61.5486429999989,3.20560200000506,11.2));
#5310=CARTESIAN_POINT('',(-65.5486429999988,3.20560200000492,11.2));
#5311=CARTESIAN_POINT('',(-65.5486429999993,21.7556018505873,11.2));
#5312=CARTESIAN_POINT('',(-62.5486429999988,3.20560200000503,11.2));
#5313=CARTESIAN_POINT('',(-62.5486429999984,-8.49920749999749,11.2));
#5314=CARTESIAN_POINT('',(-61.5486429999989,3.20560200000506,11.2));
#5315=CARTESIAN_POINT('Origin',(-61.5486429999989,3.20560200000506,7.2));
#5316=CARTESIAN_POINT('',(-65.5486429999987,3.20560200000493,3.6));
#5317=CARTESIAN_POINT('',(-62.5486429999988,3.20560200000503,9.2));
#5318=CARTESIAN_POINT('',(-62.5486429999988,3.20560200000502,3.6));
#5319=CARTESIAN_POINT('',(-61.5486429999989,3.20560200000506,9.2));
#5320=CARTESIAN_POINT('',(-30.7743232743191,3.2056020000061,9.2));
#5321=CARTESIAN_POINT('',(-61.5486429999989,3.20560200000506,5.));
#5322=CARTESIAN_POINT('Origin',(-3.54863924911797E-6,3.73136224141035E-7,
9.2));
#5323=CARTESIAN_POINT('',(-62.5486429999981,-20.204017,9.2));
#5324=CARTESIAN_POINT('',(-62.5486429999984,-10.1020083134328,9.2));
#5325=CARTESIAN_POINT('',(-64.8486431310738,-24.1877349141588,9.2));
#5326=CARTESIAN_POINT('Origin',(-67.14864627682,-20.2040160892,9.2));
#5327=CARTESIAN_POINT('',(-73.5513639906912,-29.2122528330964,9.2));
#5328=CARTESIAN_POINT('',(-39.6449648202462,-9.63638536053648,9.2));
#5329=CARTESIAN_POINT('',(-74.0637988769091,-31.124688492949,9.2));
#5330=CARTESIAN_POINT('Origin',(-72.85136566808,-30.42468755303,9.2));
#5331=CARTESIAN_POINT('',(-65.4722900279435,-46.0056184274667,9.2));
#5332=CARTESIAN_POINT('',(-67.2487629138645,-42.9286771112572,9.2));
#5333=CARTESIAN_POINT('',(-63.5598633628793,-46.5180512577576,9.2));
#5334=CARTESIAN_POINT('Origin',(-64.25984660294,-45.30557046557,9.2));
#5335=CARTESIAN_POINT('',(-54.8225747686522,-41.4735756626164,9.2));
#5336=CARTESIAN_POINT('',(-25.2848175779776,-24.4199447018612,9.2));
#5337=CARTESIAN_POINT('',(-30.8759813823647,-35.0571053306474,9.2));
#5338=CARTESIAN_POINT('',(-12.0900034262421,-30.0234177297418,9.2));
#5339=CARTESIAN_POINT('',(-29.8860299518087,-33.3424687926247,9.2));
#5340=CARTESIAN_POINT('Origin',(-31.23834821285,-33.70479733009,9.2));
#5341=CARTESIAN_POINT('',(-32.6881096706242,-22.8849653776833,9.2));
#5342=CARTESIAN_POINT('',(-34.4538864540025,-16.294996998765,9.2));
#5343=CARTESIAN_POINT('',(-28.2448500834976,-17.0943980000001,9.2));
#5344=CARTESIAN_POINT('Origin',(-28.24485104372,-21.69439781922,9.2));
#5345=CARTESIAN_POINT('',(-21.1486429999997,-17.0943979999954,9.2));
#5346=CARTESIAN_POINT('',(-10.5743232743138,-17.0943979999883,9.2));
#5347=CARTESIAN_POINT('',(-19.7486429999948,-15.6943977011718,9.2));
#5348=CARTESIAN_POINT('Origin',(-21.14864225292,-15.69439874707,9.2));
#5349=CARTESIAN_POINT('',(-19.1486432988282,-15.0943979999952,9.2));
#5350=CARTESIAN_POINT('Origin',(-19.14864374707,-15.69439725292,9.2));
#5351=CARTESIAN_POINT('',(16.9513569999999,-15.0943979999953,9.2));
#5352=CARTESIAN_POINT('',(8.47567672568029,-15.0943979999952,9.2));
#5353=CARTESIAN_POINT('',(16.9513569999999,-14.0943979999953,9.2));
#5354=CARTESIAN_POINT('',(16.9513569999999,-14.0943979999953,9.2));
#5355=CARTESIAN_POINT('',(-19.1486425517577,-14.0943979999954,9.2));
#5356=CARTESIAN_POINT('',(-19.1486425517577,-14.0943979999954,9.2));
#5357=CARTESIAN_POINT('',(-20.7486429999946,-15.6943984482423,9.2));
#5358=CARTESIAN_POINT('Origin',(-19.14864374707,-15.69439725292,9.2));
#5359=CARTESIAN_POINT('',(-21.1486430000004,-16.0943979999954,9.2));
#5360=CARTESIAN_POINT('Origin',(-21.14864225292,-15.69439874707,9.2));
#5361=CARTESIAN_POINT('',(-28.2448498747536,-16.0943980000001,9.2));
#5362=CARTESIAN_POINT('',(-28.2448498747536,-16.0943980000001,9.2));
#5363=CARTESIAN_POINT('',(-33.6540354940514,-23.1437844334665,9.2));
#5364=CARTESIAN_POINT('Origin',(-28.24485104372,-21.69439781922,9.2));
#5365=CARTESIAN_POINT('',(-30.8519599345707,-33.6012723250626,9.2));
#5366=CARTESIAN_POINT('',(-30.8519599345707,-33.6012723250626,9.2));
#5367=CARTESIAN_POINT('',(-31.1348113897025,-34.0911824417469,9.2));
#5368=CARTESIAN_POINT('Origin',(-31.23834821285,-33.70479733009,9.2));
#5369=CARTESIAN_POINT('',(-55.2085603470205,-40.5417240060749,9.2));
#5370=CARTESIAN_POINT('',(-55.2085603470205,-40.5417240060749,9.2));
#5371=CARTESIAN_POINT('',(-64.0598518676072,-45.6520192169219,9.2));
#5372=CARTESIAN_POINT('',(-64.0598518676072,-45.6520192169219,9.2));
#5373=CARTESIAN_POINT('',(-64.6062776246712,-45.5055959105925,9.2));
#5374=CARTESIAN_POINT('Origin',(-64.25984660294,-45.30557046557,9.2));
#5375=CARTESIAN_POINT('',(-73.1977741846364,-30.6246872605765,9.2));
#5376=CARTESIAN_POINT('',(-73.1977741846364,-30.6246872605765,9.2));
#5377=CARTESIAN_POINT('',(-73.0513640139804,-30.0782782503268,9.2));
#5378=CARTESIAN_POINT('Origin',(-72.85136566808,-30.42468755303,9.2));
#5379=CARTESIAN_POINT('',(-64.3486428033925,-25.0537601287562,9.2));
#5380=CARTESIAN_POINT('',(-64.3486428033925,-25.0537601287562,9.2));
#5381=CARTESIAN_POINT('',(-61.5486429999981,-20.204017,9.2));
#5382=CARTESIAN_POINT('Origin',(-67.14864627682,-20.2040160892,9.2));
#5383=CARTESIAN_POINT('',(-61.5486430000002,40.3056024482453,9.2));
#5384=CARTESIAN_POINT('Origin',(-3.54863924911797E-6,3.73136224141035E-7,
9.2));
#5385=CARTESIAN_POINT('',(-61.5486430000002,40.3056024482453,9.2));
#5386=CARTESIAN_POINT('',(-61.5486430000002,40.3056024482453,9.2));
#5387=CARTESIAN_POINT('',(-61.1486430000001,40.7056020000051,9.2));
#5388=CARTESIAN_POINT('Origin',(-61.14864374707,40.305602747075,9.2));
#5389=CARTESIAN_POINT('',(-24.1486434482484,40.7056020000005,9.2));
#5390=CARTESIAN_POINT('',(-24.1486434482483,40.7056020000005,9.2));
#5391=CARTESIAN_POINT('',(-22.5486429999955,42.3056024482454,9.2));
#5392=CARTESIAN_POINT('Origin',(-24.14864225292,42.305601252925,9.2));
#5393=CARTESIAN_POINT('',(-22.148643,42.7056020000004,9.2));
#5394=CARTESIAN_POINT('Origin',(-22.14864374707,42.305602747075,9.2));
#5395=CARTESIAN_POINT('',(-5.14864344824532,42.7056020000003,9.2));
#5396=CARTESIAN_POINT('',(-5.14864344824532,42.7056020000003,9.2));
#5397=CARTESIAN_POINT('',(-3.54864299999998,44.3056019999997,9.2));
#5398=CARTESIAN_POINT('Origin',(-5.14864225292502,44.305601252925,9.2));
#5399=CARTESIAN_POINT('',(-3.54864300000017,45.3056024482453,9.2));
#5400=CARTESIAN_POINT('',(-3.54864300000017,45.3056024482453,9.2));
#5401=CARTESIAN_POINT('',(-3.14864300000008,45.7056020000001,9.2));
#5402=CARTESIAN_POINT('Origin',(-3.148643747075,45.305602747075,9.2));
#5403=CARTESIAN_POINT('',(16.2559120011819,45.7056019999988,9.2));
#5404=CARTESIAN_POINT('',(16.2559120011819,45.7056019999988,9.2));
#5405=CARTESIAN_POINT('',(17.3513573450885,44.7056019999989,9.2));
#5406=CARTESIAN_POINT('Origin',(17.351358333573,45.805603333573,9.2));
#5407=CARTESIAN_POINT('',(34.8513574482453,44.7056020000002,9.2));
#5408=CARTESIAN_POINT('',(34.8513574482453,44.7056020000002,9.2));
#5409=CARTESIAN_POINT('',(35.2513570000001,44.305602,9.2));
#5410=CARTESIAN_POINT('Origin',(34.851357747075,44.305602747075,9.2));
#5411=CARTESIAN_POINT('',(35.2513570000003,36.3056024482453,9.2));
#5412=CARTESIAN_POINT('',(35.2513570000003,36.3056024482453,9.2));
#5413=CARTESIAN_POINT('',(36.851357,34.705602,9.2));
#5414=CARTESIAN_POINT('Origin',(36.851356252925,36.305601252925,9.2));
#5415=CARTESIAN_POINT('',(53.8513574482453,34.7056020000002,9.2));
#5416=CARTESIAN_POINT('',(53.8513574482453,34.7056020000002,9.2));
#5417=CARTESIAN_POINT('',(54.2513570000001,34.305602,9.2));
#5418=CARTESIAN_POINT('Origin',(53.851357747075,34.305602747075,9.2));
#5419=CARTESIAN_POINT('',(54.2513570000003,22.3056024482453,9.2));
#5420=CARTESIAN_POINT('',(54.2513570000003,22.3056024482453,9.2));
#5421=CARTESIAN_POINT('',(55.851357,20.705602,9.2));
#5422=CARTESIAN_POINT('Origin',(55.851356252925,22.305601252925,9.2));
#5423=CARTESIAN_POINT('',(72.8513574482453,20.7056020000002,9.2));
#5424=CARTESIAN_POINT('',(72.8513574482453,20.7056020000002,9.2));
#5425=CARTESIAN_POINT('',(73.2513570000001,20.305602,9.2));
#5426=CARTESIAN_POINT('Origin',(72.851357747075,20.305602747075,9.2));
#5427=CARTESIAN_POINT('',(73.2513570000002,-16.6943984482423,9.2));
#5428=CARTESIAN_POINT('',(73.2513570000002,-16.6943984482423,9.2));
#5429=CARTESIAN_POINT('',(72.8513570000001,-17.0943979999951,9.2));
#5430=CARTESIAN_POINT('Origin',(72.851357747075,-16.69439874707,9.2));
#5431=CARTESIAN_POINT('',(55.8513574482453,-17.0943979999953,9.2));
#5432=CARTESIAN_POINT('',(55.8513574482453,-17.0943979999953,9.2));
#5433=CARTESIAN_POINT('',(54.251357,-18.6943979999999,9.2));
#5434=CARTESIAN_POINT('Origin',(55.851356252925,-18.69439725292,9.2));
#5435=CARTESIAN_POINT('',(54.2513570000002,-21.6943984482423,9.2));
#5436=CARTESIAN_POINT('',(54.2513570000002,-21.6943984482423,9.2));
#5437=CARTESIAN_POINT('',(53.8513570000001,-22.0943979999951,9.2));
#5438=CARTESIAN_POINT('Origin',(53.851357747075,-21.69439874707,9.2));
#5439=CARTESIAN_POINT('',(33.3513574482453,-22.0943979999953,9.2));
#5440=CARTESIAN_POINT('',(33.3513574482453,-22.0943979999953,9.2));
#5441=CARTESIAN_POINT('',(31.751357,-23.694398,9.2));
#5442=CARTESIAN_POINT('Origin',(33.351356252925,-23.69439725292,9.2));
#5443=CARTESIAN_POINT('',(31.7513570000002,-38.1943984482423,9.2));
#5444=CARTESIAN_POINT('',(31.7513570000002,-38.1943984482423,9.2));
#5445=CARTESIAN_POINT('',(31.3513569999992,-38.5943979999951,9.2));
#5446=CARTESIAN_POINT('Origin',(31.351357747075,-38.19439874707,9.2));
#5447=CARTESIAN_POINT('',(27.8513572988289,-38.5943979999999,9.2));
#5448=CARTESIAN_POINT('',(27.8513572988289,-38.5943979999999,9.2));
#5449=CARTESIAN_POINT('',(27.8513573818385,-39.5943979999999,9.2));
#5450=CARTESIAN_POINT('',(27.8513572988289,-38.5943979999999,9.2));
#5451=CARTESIAN_POINT('',(31.3513570000006,-39.5943979999951,9.2));
#5452=CARTESIAN_POINT('',(15.6756767257079,-39.5943980000166,9.2));
#5453=CARTESIAN_POINT('',(32.7513569999999,-38.1943977011718,9.2));
#5454=CARTESIAN_POINT('Origin',(31.351357747075,-38.19439874707,9.2));
#5455=CARTESIAN_POINT('',(32.7513570000003,-23.694398,9.2));
#5456=CARTESIAN_POINT('',(32.7513570000006,-11.8471988134323,9.2));
#5457=CARTESIAN_POINT('',(33.3513567011698,-23.094397999995,9.2));
#5458=CARTESIAN_POINT('Origin',(33.351356252925,-23.69439725292,9.2));
#5459=CARTESIAN_POINT('',(53.8513570000001,-23.0943979999951,9.2));
#5460=CARTESIAN_POINT('',(26.9256767256805,-23.0943979999952,9.2));
#5461=CARTESIAN_POINT('',(55.2513569999999,-21.6943977011718,9.2));
#5462=CARTESIAN_POINT('Origin',(53.851357747075,-21.69439874707,9.2));
#5463=CARTESIAN_POINT('',(55.2513570000003,-18.694398,9.2));
#5464=CARTESIAN_POINT('',(55.2513570000015,-9.34719881343551,9.2));
#5465=CARTESIAN_POINT('',(55.8513567011698,-18.094397999995,9.2));
#5466=CARTESIAN_POINT('Origin',(55.851356252925,-18.69439725292,9.2));
#5467=CARTESIAN_POINT('',(72.8513570000001,-18.0943979999951,9.2));
#5468=CARTESIAN_POINT('',(36.4256767256805,-18.0943979999953,9.2));
#5469=CARTESIAN_POINT('',(74.2513569999999,-16.6943977011718,9.2));
#5470=CARTESIAN_POINT('Origin',(72.851357747075,-16.69439874707,9.2));
#5471=CARTESIAN_POINT('',(74.2513570000001,20.305602,9.2));
#5472=CARTESIAN_POINT('',(74.251357,10.1528011865679,9.2));
#5473=CARTESIAN_POINT('',(72.8513567011698,21.7056019999999,9.2));
#5474=CARTESIAN_POINT('Origin',(72.851357747075,20.305602747075,9.2));
#5475=CARTESIAN_POINT('',(55.851357,21.7056020000003,9.2));
#5476=CARTESIAN_POINT('',(27.9256767256806,21.7056020000009,9.2));
#5477=CARTESIAN_POINT('',(55.251357,22.3056017011698,9.2));
#5478=CARTESIAN_POINT('Origin',(55.851356252925,22.305601252925,9.2));
#5479=CARTESIAN_POINT('',(55.2513570000001,34.305602,9.2));
#5480=CARTESIAN_POINT('',(55.2513570000002,17.1528011865683,9.2));
#5481=CARTESIAN_POINT('',(53.8513567011698,35.7056019999999,9.2));
#5482=CARTESIAN_POINT('Origin',(53.851357747075,34.305602747075,9.2));
#5483=CARTESIAN_POINT('',(36.851357,35.7056020000003,9.2));
#5484=CARTESIAN_POINT('',(18.4256767256808,35.7056020000007,9.2));
#5485=CARTESIAN_POINT('',(36.251357,36.3056017011698,9.2));
#5486=CARTESIAN_POINT('Origin',(36.851356252925,36.305601252925,9.2));
#5487=CARTESIAN_POINT('',(36.2513570000001,44.305602,9.2));
#5488=CARTESIAN_POINT('',(36.2513570000003,22.1528011865683,9.2));
#5489=CARTESIAN_POINT('',(34.8513567011698,45.7056019999999,9.2));
#5490=CARTESIAN_POINT('Origin',(34.851357747075,44.305602747075,9.2));
#5491=CARTESIAN_POINT('',(17.351357,45.7056020000073,9.2));
#5492=CARTESIAN_POINT('',(8.67567672568024,45.7056019999997,9.2));
#5493=CARTESIAN_POINT('',(17.2513569999988,45.8056030668556,9.2));
#5494=CARTESIAN_POINT('Origin',(17.351358333573,45.805603333573,9.2));
#5495=CARTESIAN_POINT('',(16.3513580668556,46.7056019999988,9.2));
#5496=CARTESIAN_POINT('Origin',(16.351355666427,45.805600666427,9.2));
#5497=CARTESIAN_POINT('',(-3.14864300000001,46.7056020000001,9.2));
#5498=CARTESIAN_POINT('',(-1.5743232743181,46.705602,9.2));
#5499=CARTESIAN_POINT('',(-4.54864299999989,45.3056017011698,9.2));
#5500=CARTESIAN_POINT('Origin',(-3.148643747075,45.305602747075,9.2));
#5501=CARTESIAN_POINT('',(-4.54864300000027,44.3056020000001,9.2));
#5502=CARTESIAN_POINT('',(-4.54864300000891,22.1528011865691,9.2));
#5503=CARTESIAN_POINT('',(-5.14864270116978,43.705602,9.2));
#5504=CARTESIAN_POINT('Origin',(-5.14864225292501,44.305601252925,9.2));
#5505=CARTESIAN_POINT('',(-22.148643,43.7056020000004,9.2));
#5506=CARTESIAN_POINT('',(-11.0743232743194,43.7056020000002,9.2));
#5507=CARTESIAN_POINT('',(-23.5486429999952,42.3056017011698,9.2));
#5508=CARTESIAN_POINT('Origin',(-22.14864374707,42.305602747075,9.2));
#5509=CARTESIAN_POINT('',(-24.1486427011678,41.7056020000002,9.2));
#5510=CARTESIAN_POINT('Origin',(-24.14864225292,42.305601252925,9.2));
#5511=CARTESIAN_POINT('',(-61.148643,41.7056020000051,9.2));
#5512=CARTESIAN_POINT('',(-30.5743232743169,41.705602000001,9.2));
#5513=CARTESIAN_POINT('',(-62.5486429999999,40.3056017011698,9.2));
#5514=CARTESIAN_POINT('Origin',(-61.14864374707,40.305602747075,9.2));
#5515=CARTESIAN_POINT('',(-62.5486429999984,-10.1020083134328,9.2));
#5516=CARTESIAN_POINT('Origin',(-61.5486429999981,-20.204017,2.8));
#5517=CARTESIAN_POINT('',(-61.5486429999981,-20.204017,2.8));
#5518=CARTESIAN_POINT('',(-61.5486429999981,-20.204017,2.8));
#5519=CARTESIAN_POINT('',(-61.5486430000002,40.3056024482453,2.8));
#5520=CARTESIAN_POINT('',(-61.5486429999984,-10.1020085000011,2.8));
#5521=CARTESIAN_POINT('',(-61.5486430000002,40.3056024482453,2.8));
#5522=CARTESIAN_POINT('Origin',(4.45135699999891,-20.5943980000318,-1.1));
#5523=CARTESIAN_POINT('',(3.35135699999891,-20.5943980000318,1.4));
#5524=CARTESIAN_POINT('Origin',(4.45135699999891,-20.5943980000318,1.4));
#5525=CARTESIAN_POINT('',(3.35135699999891,-20.5943980000318,-1.1));
#5526=CARTESIAN_POINT('Origin',(4.45135699999528,-36.5943980000318,-1.1));
#5527=CARTESIAN_POINT('',(3.35135699999528,-36.5943980000318,1.4));
#5528=CARTESIAN_POINT('Origin',(4.45135699999528,-36.5943980000318,1.4));
#5529=CARTESIAN_POINT('',(3.35135699999528,-36.5943980000318,-1.1));
#5530=CARTESIAN_POINT('Origin',(-16.648643,-12.194398,1.8));
#5531=CARTESIAN_POINT('',(-17.2731427998537,-14.0943979999954,2.8));
#5532=CARTESIAN_POINT('',(-16.9608928999269,-13.1443979999977,1.8));
#5533=CARTESIAN_POINT('Origin',(-17.2731427998537,-14.0943979999954,1.8));
#5534=CARTESIAN_POINT('',(-17.648643,-12.194398,1.8));
#5535=CARTESIAN_POINT('Origin',(-16.648643,-12.194398,1.8));
#5536=CARTESIAN_POINT('',(-18.648643,-12.194398,2.8));
#5537=CARTESIAN_POINT('Origin',(-18.648643,-12.194398,1.8));
#5538=CARTESIAN_POINT('Origin',(-16.648643,-12.194398,2.8));
#5539=CARTESIAN_POINT('Origin',(-18.648643,-6.097199,1.8));
#5540=CARTESIAN_POINT('',(-17.648643,19.805602,1.8));
#5541=CARTESIAN_POINT('',(-18.648643,19.805602,2.8));
#5542=CARTESIAN_POINT('Origin',(-18.648643,19.805602,1.8));
#5543=CARTESIAN_POINT('',(-18.648643,-6.097199,2.8));
#5544=CARTESIAN_POINT('',(-17.648643,-6.097199,1.8));
#5545=CARTESIAN_POINT('Origin',(-16.648643,19.805602,1.8));
#5546=CARTESIAN_POINT('',(-16.648643,20.805602,1.8));
#5547=CARTESIAN_POINT('',(-16.648643,21.805602,2.8));
#5548=CARTESIAN_POINT('Origin',(-16.648643,21.805602,1.8));
#5549=CARTESIAN_POINT('Origin',(-16.648643,19.805602,2.8));
#5550=CARTESIAN_POINT('Origin',(-16.648643,19.805602,1.8));
#5551=CARTESIAN_POINT('Origin',(-8.3243215,21.805602,1.8));
#5552=CARTESIAN_POINT('',(33.351357,20.805602,1.8));
#5553=CARTESIAN_POINT('',(33.351357,21.805602,2.8));
#5554=CARTESIAN_POINT('Origin',(33.351357,21.805602,1.8));
#5555=CARTESIAN_POINT('',(-8.3243215,21.805602,2.8));
#5556=CARTESIAN_POINT('',(-8.3243215,20.805602,1.8));
#5557=CARTESIAN_POINT('Origin',(35.351357,9.902801,1.8));
#5558=CARTESIAN_POINT('',(35.351357,19.805602,2.8));
#5559=CARTESIAN_POINT('',(34.351357,19.805602,1.8));
#5560=CARTESIAN_POINT('Origin',(35.351357,19.805602,1.8));
#5561=CARTESIAN_POINT('',(34.351357,-12.194398,1.8));
#5562=CARTESIAN_POINT('',(34.351357,9.902801,1.8));
#5563=CARTESIAN_POINT('',(35.351357,-12.194398,2.8));
#5564=CARTESIAN_POINT('Origin',(35.351357,-12.194398,1.8));
#5565=CARTESIAN_POINT('',(35.351357,9.902801,2.8));
#5566=CARTESIAN_POINT('Origin',(33.351357,-12.194398,1.8));
#5567=CARTESIAN_POINT('',(33.351357,-13.194398,1.8));
#5568=CARTESIAN_POINT('',(33.351357,-14.194398,2.8));
#5569=CARTESIAN_POINT('Origin',(33.351357,-14.194398,1.8));
#5570=CARTESIAN_POINT('Origin',(33.351357,-12.194398,2.8));
#5571=CARTESIAN_POINT('Origin',(33.351357,-12.194398,1.8));
#5572=CARTESIAN_POINT('Origin',(16.6756785,-14.194398,1.8));
#5573=CARTESIAN_POINT('',(16.9513569999999,-14.0943979999953,2.79498743710614));
#5574=CARTESIAN_POINT('',(16.9513569999999,-14.194398,2.8));
#5575=CARTESIAN_POINT('Origin',(16.9513569999999,-14.194398,1.8));
#5576=CARTESIAN_POINT('',(16.6756785,-14.194398,2.8));
#5577=CARTESIAN_POINT('',(16.9513569999999,-13.194398,1.8));
#5578=CARTESIAN_POINT('',(16.6756785,-13.194398,1.8));
#5579=CARTESIAN_POINT('Origin',(16.9513569999999,-14.194398,1.8));
#5580=CARTESIAN_POINT('Origin',(33.351357,19.805602,1.8));
#5581=CARTESIAN_POINT('Origin',(33.351357,19.805602,2.8));
#5582=CARTESIAN_POINT('Origin',(33.351357,19.805602,1.8));
#5583=CARTESIAN_POINT('Origin',(16.6756785,-14.194398,1.8));
#5584=CARTESIAN_POINT('',(-16.648643,-14.0943979999954,2.79498743710616));
#5585=CARTESIAN_POINT('',(16.6756785,-14.0943979999953,2.79498743710614));
#5586=CARTESIAN_POINT('',(-16.648643,-13.194398,1.8));
#5587=CARTESIAN_POINT('',(16.6756785,-13.194398,1.8));
#5588=CARTESIAN_POINT('Origin',(-16.648643,-14.194398,1.8));
#5589=CARTESIAN_POINT('Origin',(-16.648643,-12.194398,1.8));
#5590=CARTESIAN_POINT('Ctrl Pts',(-16.648643,-14.0943979999954,2.79498743710616));
#5591=CARTESIAN_POINT('Ctrl Pts',(-16.7856719831134,-14.0943979999954,2.79498743710616));
#5592=CARTESIAN_POINT('Ctrl Pts',(-16.9500918541678,-14.0943979999954,2.79720166142024));
#5593=CARTESIAN_POINT('Ctrl Pts',(-17.1452449809886,-14.0943979999954,2.79940131224132));
#5594=CARTESIAN_POINT('Ctrl Pts',(-17.2150062599574,-14.0943979999954,2.8));
#5595=CARTESIAN_POINT('Ctrl Pts',(-17.2731427998537,-14.0943979999954,2.8));
#5596=CARTESIAN_POINT('Origin',(-16.648643,-12.194398,1.8));
#5597=CARTESIAN_POINT('Origin',(-16.648643,-12.194398,2.8));
#5598=CARTESIAN_POINT('',(-16.648643,-13.194398,0.8));
#5599=CARTESIAN_POINT('',(-16.648643,-13.194398,2.8));
#5600=CARTESIAN_POINT('',(-17.648643,-12.194398,0.8));
#5601=CARTESIAN_POINT('Origin',(-16.648643,-12.194398,0.8));
#5602=CARTESIAN_POINT('',(-17.648643,-12.194398,2.8));
#5603=CARTESIAN_POINT('Origin',(33.351357,-13.194398,2.8));
#5604=CARTESIAN_POINT('',(33.351357,-13.194398,0.8));
#5605=CARTESIAN_POINT('',(33.351357,-13.194398,2.8));
#5606=CARTESIAN_POINT('',(33.351357,-13.194398,0.8));
#5607=CARTESIAN_POINT('Origin',(33.351357,-12.194398,2.8));
#5608=CARTESIAN_POINT('',(34.351357,-12.194398,0.8));
#5609=CARTESIAN_POINT('',(34.351357,-12.194398,2.8));
#5610=CARTESIAN_POINT('Origin',(33.351357,-12.194398,0.8));
#5611=CARTESIAN_POINT('Origin',(34.351357,19.805602,2.8));
#5612=CARTESIAN_POINT('',(34.351357,19.805602,0.8));
#5613=CARTESIAN_POINT('',(34.351357,19.805602,2.8));
#5614=CARTESIAN_POINT('',(34.351357,19.805602,0.8));
#5615=CARTESIAN_POINT('Origin',(0.,0.,2.8));
#5616=CARTESIAN_POINT('',(16.9513569999999,-15.0943979999953,2.8));
#5617=CARTESIAN_POINT('',(16.9513569999999,-7.54719899999765,2.8));
#5618=CARTESIAN_POINT('',(25.851357,-15.0943979999953,2.8));
#5619=CARTESIAN_POINT('',(25.851357,-15.0943979999953,2.8));
#5620=CARTESIAN_POINT('',(26.4513569999998,-15.6943977011678,2.8));
#5621=CARTESIAN_POINT('Origin',(25.851357747075,-15.69439725292,2.8));
#5622=CARTESIAN_POINT('',(26.4513569999949,-38.194398,2.8));
#5623=CARTESIAN_POINT('',(26.4513570000003,-38.194398,2.8));
#5624=CARTESIAN_POINT('',(27.8513572988302,-39.5943979999999,2.8));
#5625=CARTESIAN_POINT('Origin',(27.851356252925,-38.19439874707,2.8));
#5626=CARTESIAN_POINT('',(27.8513572988289,-38.5943979999999,2.8));
#5627=CARTESIAN_POINT('',(27.8513556969757,-19.2971978440348,2.8));
#5628=CARTESIAN_POINT('',(31.3513569999992,-38.5943979999951,2.8));
#5629=CARTESIAN_POINT('',(15.6756785000261,-38.5943980000166,2.8));
#5630=CARTESIAN_POINT('',(31.7513570000002,-38.1943984482423,2.8));
#5631=CARTESIAN_POINT('Origin',(31.351357747075,-38.19439874707,2.8));
#5632=CARTESIAN_POINT('',(31.751357,-23.694398,2.8));
#5633=CARTESIAN_POINT('',(31.7513570000004,-11.8471990000001,2.8));
#5634=CARTESIAN_POINT('',(33.3513574482453,-22.0943979999953,2.8));
#5635=CARTESIAN_POINT('Origin',(33.351356252925,-23.69439725292,2.8));
#5636=CARTESIAN_POINT('',(53.8513570000001,-22.0943979999951,2.8));
#5637=CARTESIAN_POINT('',(26.9256785000002,-22.0943979999953,2.8));
#5638=CARTESIAN_POINT('',(54.2513570000002,-21.6943984482423,2.8));
#5639=CARTESIAN_POINT('Origin',(53.851357747075,-21.69439874707,2.8));
#5640=CARTESIAN_POINT('',(54.251357,-18.6943979999999,2.8));
#5641=CARTESIAN_POINT('',(54.2513570000006,-9.347199000001,2.8));
#5642=CARTESIAN_POINT('',(55.8513574482453,-17.0943979999953,2.8));
#5643=CARTESIAN_POINT('Origin',(55.851356252925,-18.69439725292,2.8));
#5644=CARTESIAN_POINT('',(72.8513570000001,-17.0943979999951,2.8));
#5645=CARTESIAN_POINT('',(36.4256785000002,-17.0943979999955,2.8));
#5646=CARTESIAN_POINT('',(73.2513570000002,-16.6943984482423,2.8));
#5647=CARTESIAN_POINT('Origin',(72.851357747075,-16.69439874707,2.8));
#5648=CARTESIAN_POINT('',(73.2513570000001,20.305602,2.8));
#5649=CARTESIAN_POINT('',(73.2513570000001,10.1528010000001,2.8));
#5650=CARTESIAN_POINT('',(72.8513574482453,20.7056020000002,2.8));
#5651=CARTESIAN_POINT('Origin',(72.851357747075,20.305602747075,2.8));
#5652=CARTESIAN_POINT('',(55.851357,20.705602,2.8));
#5653=CARTESIAN_POINT('',(27.9256785000001,20.7056020000005,2.8));
#5654=CARTESIAN_POINT('',(54.2513570000003,22.3056024482453,2.8));
#5655=CARTESIAN_POINT('Origin',(55.851356252925,22.305601252925,2.8));
#5656=CARTESIAN_POINT('',(54.2513570000001,34.305602,2.8));
#5657=CARTESIAN_POINT('',(54.2513570000003,17.1528010000004,2.8));
#5658=CARTESIAN_POINT('',(53.8513574482453,34.7056020000002,2.8));
#5659=CARTESIAN_POINT('Origin',(53.851357747075,34.305602747075,2.8));
#5660=CARTESIAN_POINT('',(36.851357,34.705602,2.8));
#5661=CARTESIAN_POINT('',(18.4256785000001,34.7056020000004,2.8));
#5662=CARTESIAN_POINT('',(35.2513570000003,36.3056024482453,2.8));
#5663=CARTESIAN_POINT('Origin',(36.851356252925,36.305601252925,2.8));
#5664=CARTESIAN_POINT('',(35.2513570000001,44.305602,2.8));
#5665=CARTESIAN_POINT('',(35.2513570000006,22.1528010000004,2.8));
#5666=CARTESIAN_POINT('',(34.8513574482453,44.7056020000002,2.8));
#5667=CARTESIAN_POINT('Origin',(34.851357747075,44.305602747075,2.8));
#5668=CARTESIAN_POINT('',(17.3513573450885,44.7056019999989,2.8));
#5669=CARTESIAN_POINT('',(8.67567867254262,44.7056019999983,2.8));
#5670=CARTESIAN_POINT('',(16.2559120011819,45.7056019999988,2.8));
#5671=CARTESIAN_POINT('Origin',(17.351358333573,45.805603333573,2.8));
#5672=CARTESIAN_POINT('',(-3.14864300000008,45.7056020000001,2.8));
#5673=CARTESIAN_POINT('',(-1.57432149999854,45.705602,2.8));
#5674=CARTESIAN_POINT('',(-3.54864300000017,45.3056024482453,2.8));
#5675=CARTESIAN_POINT('Origin',(-3.148643747075,45.305602747075,2.8));
#5676=CARTESIAN_POINT('',(-3.54864299999998,44.3056019999997,2.8));
#5677=CARTESIAN_POINT('',(-3.54864300000276,22.1528010000001,2.8));
#5678=CARTESIAN_POINT('',(-5.14864344824532,42.7056020000003,2.8));
#5679=CARTESIAN_POINT('Origin',(-5.14864225292502,44.305601252925,2.8));
#5680=CARTESIAN_POINT('',(-22.148643,42.7056020000004,2.8));
#5681=CARTESIAN_POINT('',(-11.0743214999999,42.7056020000003,2.8));
#5682=CARTESIAN_POINT('',(-22.5486429999955,42.3056024482453,2.8));
#5683=CARTESIAN_POINT('Origin',(-22.14864374707,42.305602747075,2.8));
#5684=CARTESIAN_POINT('',(-24.1486434482483,40.7056020000005,2.8));
#5685=CARTESIAN_POINT('Origin',(-24.14864225292,42.305601252925,2.8));
#5686=CARTESIAN_POINT('',(-61.1486430000001,40.7056020000051,2.8));
#5687=CARTESIAN_POINT('',(-30.5743214999975,40.7056020000012,2.8));
#5688=CARTESIAN_POINT('Origin',(-61.14864374707,40.305602747075,2.8));
#5689=CARTESIAN_POINT('',(-64.3486428033925,-25.0537601287562,2.8));
#5690=CARTESIAN_POINT('Origin',(-67.14864627682,-20.2040160892,2.8));
#5691=CARTESIAN_POINT('',(-73.0513640139804,-30.0782782503268,2.8));
#5692=CARTESIAN_POINT('',(-39.1449635935821,-10.5024100561058,2.8));
#5693=CARTESIAN_POINT('',(-73.1977741846364,-30.6246872605765,2.8));
#5694=CARTESIAN_POINT('Origin',(-72.85136566808,-30.42468755303,2.8));
#5695=CARTESIAN_POINT('',(-64.6062776246712,-45.5055959105925,2.8));
#5696=CARTESIAN_POINT('',(-66.3827434857531,-42.4286667616225,2.8));
#5697=CARTESIAN_POINT('',(-64.0598518676072,-45.6520192169219,2.8));
#5698=CARTESIAN_POINT('Origin',(-64.25984660294,-45.30557046557,2.8));
#5699=CARTESIAN_POINT('',(-55.2085603470205,-40.5417240060749,2.8));
#5700=CARTESIAN_POINT('',(-25.7278091047688,-23.5210054436987,2.8));
#5701=CARTESIAN_POINT('',(-31.1348113897025,-34.0911824417469,2.8));
#5702=CARTESIAN_POINT('',(-12.3488263431363,-29.0574929410145,2.8));
#5703=CARTESIAN_POINT('',(-30.8519599345707,-33.6012723250626,2.8));
#5704=CARTESIAN_POINT('Origin',(-31.23834821285,-33.70479733009,2.8));
#5705=CARTESIAN_POINT('',(-33.6540354940514,-23.1437844334665,2.8));
#5706=CARTESIAN_POINT('',(-35.4198121119499,-16.5538166724405,2.8));
#5707=CARTESIAN_POINT('',(-28.2448498747536,-16.0943980000001,2.8));
#5708=CARTESIAN_POINT('Origin',(-28.24485104372,-21.69439781922,2.8));
#5709=CARTESIAN_POINT('',(-21.1486430000004,-16.0943979999954,2.8));
#5710=CARTESIAN_POINT('',(-10.5743214999948,-16.0943979999883,2.8));
#5711=CARTESIAN_POINT('',(-20.7486429999946,-15.6943984482423,2.8));
#5712=CARTESIAN_POINT('Origin',(-21.14864225292,-15.69439874707,2.8));
#5713=CARTESIAN_POINT('',(-19.1486425517577,-14.0943979999954,2.8));
#5714=CARTESIAN_POINT('Origin',(-19.14864374707,-15.69439725292,2.8));
#5715=CARTESIAN_POINT('',(8.47567849999998,-14.0943979999953,2.8));
#5716=CARTESIAN_POINT('',(34.351357,26.905602,2.8));
#5717=CARTESIAN_POINT('Origin',(34.351357,25.805602,2.8));
#5718=CARTESIAN_POINT('',(-22.648643,22.905602,2.8));
#5719=CARTESIAN_POINT('Origin',(-22.648643,21.805602,2.8));
#5720=CARTESIAN_POINT('',(54.351357,2.905602,2.8));
#5721=CARTESIAN_POINT('Origin',(54.351357,1.805602,2.8));
#5722=CARTESIAN_POINT('',(-54.648643,-18.594398,2.8));
#5723=CARTESIAN_POINT('Origin',(-54.648643,-19.694398,2.8));
#5724=CARTESIAN_POINT('Origin',(33.351357,19.805602,2.8));
#5725=CARTESIAN_POINT('',(33.351357,20.805602,0.8));
#5726=CARTESIAN_POINT('',(33.351357,20.805602,2.8));
#5727=CARTESIAN_POINT('Origin',(33.351357,19.805602,0.8));
#5728=CARTESIAN_POINT('Origin',(-16.648643,20.805602,2.8));
#5729=CARTESIAN_POINT('',(-16.648643,20.805602,0.8));
#5730=CARTESIAN_POINT('',(-16.648643,20.805602,2.8));
#5731=CARTESIAN_POINT('',(-16.648643,20.805602,0.8));
#5732=CARTESIAN_POINT('Origin',(-16.648643,19.805602,2.8));
#5733=CARTESIAN_POINT('',(-17.648643,19.805602,0.8));
#5734=CARTESIAN_POINT('',(-17.648643,19.805602,2.8));
#5735=CARTESIAN_POINT('Origin',(-16.648643,19.805602,0.8));
#5736=CARTESIAN_POINT('Origin',(-17.648643,-12.194398,2.8));
#5737=CARTESIAN_POINT('',(-17.648643,-12.194398,0.8));
#5738=CARTESIAN_POINT('Origin',(8.351357,3.805602,0.8));
#5739=CARTESIAN_POINT('Origin',(31.3513569999992,-38.5943979999951,2.8));
#5740=CARTESIAN_POINT('',(27.8513572988289,-38.5943979999999,2.8));
#5741=CARTESIAN_POINT('',(31.3513569999992,-38.5943979999951,2.8));
#5742=CARTESIAN_POINT('Origin',(31.351357747075,-38.19439874707,2.8));
#5743=CARTESIAN_POINT('',(31.7513570000002,-38.1943984482423,2.8));
#5744=CARTESIAN_POINT('Origin',(31.7513570000003,-23.694398,2.8));
#5745=CARTESIAN_POINT('',(31.751357,-23.694398,2.8));
#5746=CARTESIAN_POINT('Origin',(33.351356252925,-23.69439725292,2.8));
#5747=CARTESIAN_POINT('',(33.3513574482453,-22.0943979999953,2.8));
#5748=CARTESIAN_POINT('Origin',(53.8513570000001,-22.0943979999951,2.8));
#5749=CARTESIAN_POINT('',(53.8513570000001,-22.0943979999951,2.8));
#5750=CARTESIAN_POINT('Origin',(53.851357747075,-21.69439874707,2.8));
#5751=CARTESIAN_POINT('',(54.2513570000002,-21.6943984482423,2.8));
#5752=CARTESIAN_POINT('Origin',(54.2513570000003,-18.6943979999999,2.8));
#5753=CARTESIAN_POINT('',(54.251357,-18.6943979999999,2.8));
#5754=CARTESIAN_POINT('Origin',(55.851356252925,-18.69439725292,2.8));
#5755=CARTESIAN_POINT('',(55.8513574482453,-17.0943979999953,2.8));
#5756=CARTESIAN_POINT('Origin',(72.8513570000001,-17.0943979999951,2.8));
#5757=CARTESIAN_POINT('',(72.8513570000001,-17.0943979999951,2.8));
#5758=CARTESIAN_POINT('Origin',(72.851357747075,-16.69439874707,2.8));
#5759=CARTESIAN_POINT('',(73.2513570000002,-16.6943984482423,2.8));
#5760=CARTESIAN_POINT('Origin',(73.2513570000001,20.305602,2.8));
#5761=CARTESIAN_POINT('',(73.2513570000001,20.305602,2.8));
#5762=CARTESIAN_POINT('Origin',(72.851357747075,20.305602747075,2.8));
#5763=CARTESIAN_POINT('',(72.8513574482453,20.7056020000002,2.8));
#5764=CARTESIAN_POINT('Origin',(55.851357,20.7056020000003,2.8));
#5765=CARTESIAN_POINT('',(55.851357,20.705602,2.8));
#5766=CARTESIAN_POINT('Origin',(55.851356252925,22.305601252925,2.8));
#5767=CARTESIAN_POINT('',(54.2513570000003,22.3056024482453,2.8));
#5768=CARTESIAN_POINT('Origin',(54.2513570000001,34.305602,2.8));
#5769=CARTESIAN_POINT('',(54.2513570000001,34.305602,2.8));
#5770=CARTESIAN_POINT('Origin',(53.851357747075,34.305602747075,2.8));
#5771=CARTESIAN_POINT('',(53.8513574482453,34.7056020000002,2.8));
#5772=CARTESIAN_POINT('Origin',(36.851357,34.7056020000003,2.8));
#5773=CARTESIAN_POINT('',(36.851357,34.705602,2.8));
#5774=CARTESIAN_POINT('Origin',(36.851356252925,36.305601252925,2.8));
#5775=CARTESIAN_POINT('',(35.2513570000003,36.3056024482453,2.8));
#5776=CARTESIAN_POINT('Origin',(35.2513570000001,44.305602,2.8));
#5777=CARTESIAN_POINT('',(35.2513570000001,44.305602,2.8));
#5778=CARTESIAN_POINT('Origin',(34.851357747075,44.305602747075,2.8));
#5779=CARTESIAN_POINT('',(34.8513574482453,44.7056020000002,2.8));
#5780=CARTESIAN_POINT('Origin',(17.3513573450885,44.7056019999989,2.8));
#5781=CARTESIAN_POINT('',(17.3513573450885,44.7056019999989,2.8));
#5782=CARTESIAN_POINT('Origin',(17.351358333573,45.805603333573,2.8));
#5783=CARTESIAN_POINT('',(16.2559120011819,45.7056019999988,2.8));
#5784=CARTESIAN_POINT('Origin',(-3.14864300000008,45.7056020000001,2.8));
#5785=CARTESIAN_POINT('',(-3.14864300000008,45.7056020000001,2.8));
#5786=CARTESIAN_POINT('Origin',(-3.148643747075,45.305602747075,2.8));
#5787=CARTESIAN_POINT('',(-3.54864300000017,45.3056024482453,2.8));
#5788=CARTESIAN_POINT('Origin',(-3.54864300000028,44.3056019999997,2.8));
#5789=CARTESIAN_POINT('',(-3.54864299999998,44.3056019999997,2.8));
#5790=CARTESIAN_POINT('Origin',(-5.14864225292502,44.305601252925,2.8));
#5791=CARTESIAN_POINT('',(-5.14864344824532,42.7056020000003,2.8));
#5792=CARTESIAN_POINT('Origin',(-22.148643,42.7056020000004,2.8));
#5793=CARTESIAN_POINT('',(-22.148643,42.7056020000004,2.8));
#5794=CARTESIAN_POINT('Origin',(-22.14864374707,42.305602747075,2.8));
#5795=CARTESIAN_POINT('',(-22.5486429999955,42.3056024482453,2.8));
#5796=CARTESIAN_POINT('Origin',(-24.14864225292,42.305601252925,2.8));
#5797=CARTESIAN_POINT('',(-24.1486434482483,40.7056020000005,2.8));
#5798=CARTESIAN_POINT('Origin',(-61.1486430000001,40.7056020000051,2.8));
#5799=CARTESIAN_POINT('',(-61.1486430000001,40.7056020000051,2.8));
#5800=CARTESIAN_POINT('Origin',(-61.14864374707,40.305602747075,2.8));
#5801=CARTESIAN_POINT('Origin',(-67.14864627682,-20.2040160892,2.8));
#5802=CARTESIAN_POINT('',(-64.3486428033925,-25.0537601287562,2.8));
#5803=CARTESIAN_POINT('Origin',(-73.0513640139804,-30.0782782503268,2.8));
#5804=CARTESIAN_POINT('',(-73.0513640139804,-30.0782782503268,2.8));
#5805=CARTESIAN_POINT('Origin',(-72.85136566808,-30.42468755303,2.8));
#5806=CARTESIAN_POINT('',(-73.1977741846364,-30.6246872605765,2.8));
#5807=CARTESIAN_POINT('Origin',(-64.6062776246712,-45.5055959105925,2.8));
#5808=CARTESIAN_POINT('',(-64.6062776246712,-45.5055959105925,2.8));
#5809=CARTESIAN_POINT('Origin',(-64.25984660294,-45.30557046557,2.8));
#5810=CARTESIAN_POINT('',(-64.0598518676072,-45.6520192169219,2.8));
#5811=CARTESIAN_POINT('Origin',(-55.2085603470205,-40.5417240060749,2.8));
#5812=CARTESIAN_POINT('',(-55.2085603470205,-40.5417240060749,2.8));
#5813=CARTESIAN_POINT('Origin',(-31.1348113897025,-34.0911824417469,2.8));
#5814=CARTESIAN_POINT('',(-31.1348113897025,-34.0911824417469,2.8));
#5815=CARTESIAN_POINT('Origin',(-31.23834821285,-33.70479733009,2.8));
#5816=CARTESIAN_POINT('',(-30.8519599345707,-33.6012723250626,2.8));
#5817=CARTESIAN_POINT('Origin',(-33.6540354940514,-23.1437844334665,2.8));
#5818=CARTESIAN_POINT('',(-33.6540354940514,-23.1437844334665,2.8));
#5819=CARTESIAN_POINT('Origin',(-28.24485104372,-21.69439781922,2.8));
#5820=CARTESIAN_POINT('',(-28.2448498747536,-16.0943980000001,2.8));
#5821=CARTESIAN_POINT('Origin',(-21.1486430000004,-16.0943979999954,2.8));
#5822=CARTESIAN_POINT('',(-21.1486430000004,-16.0943979999954,2.8));
#5823=CARTESIAN_POINT('Origin',(-21.14864225292,-15.69439874707,2.8));
#5824=CARTESIAN_POINT('',(-20.7486429999946,-15.6943984482423,2.8));
#5825=CARTESIAN_POINT('Origin',(-19.14864374707,-15.69439725292,2.8));
#5826=CARTESIAN_POINT('',(-19.1486425517577,-14.0943979999954,2.8));
#5827=CARTESIAN_POINT('Origin',(16.9513569999999,-14.0943979999953,2.8));
#5828=CARTESIAN_POINT('',(16.9513569999998,-14.0943979999953,1.4));
#5829=CARTESIAN_POINT('Origin',(27.8513572988289,-38.5943979999999,2.8));
#5830=CARTESIAN_POINT('',(27.8513572988302,-39.5943979999999,0.));
#5831=CARTESIAN_POINT('Origin',(16.9513569999999,-15.0943979999953,0.));
#5832=CARTESIAN_POINT('',(-19.1486432988282,-15.0943979999952,15.));
#5833=CARTESIAN_POINT('',(-19.1486432988282,-15.0943979999952,0.));
#5834=CARTESIAN_POINT('',(16.9513569999999,-15.0943979999953,15.));
#5835=CARTESIAN_POINT('',(25.851357,-15.0943979999953,15.));
#5836=CARTESIAN_POINT('',(16.9513569999999,-15.0943979999953,0.));
#5837=CARTESIAN_POINT('Origin',(-19.14864374707,-15.69439725292,0.));
#5838=CARTESIAN_POINT('',(-19.7486429999948,-15.6943977011718,15.));
#5839=CARTESIAN_POINT('',(-19.7486429999948,-15.6943977011718,0.));
#5840=CARTESIAN_POINT('Origin',(-19.14864374707,-15.69439725292,15.));
#5841=CARTESIAN_POINT('Origin',(-21.14864225292,-15.69439874707,0.));
#5842=CARTESIAN_POINT('',(-21.1486429999997,-17.0943979999954,15.));
#5843=CARTESIAN_POINT('',(-21.1486429999997,-17.0943979999954,0.));
#5844=CARTESIAN_POINT('Origin',(-21.14864225292,-15.69439874707,15.));
#5845=CARTESIAN_POINT('Origin',(-21.1486429999997,-17.0943979999954,0.));
#5846=CARTESIAN_POINT('',(-28.2448500834976,-17.0943980000001,15.));
#5847=CARTESIAN_POINT('',(-28.2448500834976,-17.0943980000001,0.));
#5848=CARTESIAN_POINT('',(-21.1486429999997,-17.0943979999954,15.));
#5849=CARTESIAN_POINT('Origin',(-28.24485104372,-21.69439781922,0.));
#5850=CARTESIAN_POINT('',(-32.6881096706242,-22.8849653776833,15.));
#5851=CARTESIAN_POINT('',(-32.6881096706242,-22.8849653776833,0.));
#5852=CARTESIAN_POINT('Origin',(-28.24485104372,-21.69439781922,15.));
#5853=CARTESIAN_POINT('Origin',(-32.6881096706242,-22.8849653776833,0.));
#5854=CARTESIAN_POINT('',(-29.8860299518087,-33.3424687926247,15.));
#5855=CARTESIAN_POINT('',(-29.8860299518087,-33.3424687926247,0.));
#5856=CARTESIAN_POINT('',(-32.6881096706242,-22.8849653776833,15.));
#5857=CARTESIAN_POINT('Origin',(-31.23834821285,-33.70479733009,0.));
#5858=CARTESIAN_POINT('',(-30.8759813823647,-35.0571053306474,15.));
#5859=CARTESIAN_POINT('',(-30.8759813823647,-35.0571053306474,0.));
#5860=CARTESIAN_POINT('Origin',(-31.23834821285,-33.70479733009,15.));
#5861=CARTESIAN_POINT('Origin',(-30.8759813823647,-35.0571053306474,0.));
#5862=CARTESIAN_POINT('',(-54.8225747686522,-41.4735756626164,15.));
#5863=CARTESIAN_POINT('',(-54.8225747686522,-41.4735756626164,0.));
#5864=CARTESIAN_POINT('',(-30.8759813823647,-35.0571053306474,15.));
#5865=CARTESIAN_POINT('Origin',(-54.8225747686522,-41.4735756626164,0.));
#5866=CARTESIAN_POINT('',(-63.5598633628793,-46.5180512577576,15.));
#5867=CARTESIAN_POINT('',(-63.5598633628793,-46.5180512577576,0.));
#5868=CARTESIAN_POINT('',(-54.8225747686522,-41.4735756626164,15.));
#5869=CARTESIAN_POINT('Origin',(-64.25984660294,-45.30557046557,0.));
#5870=CARTESIAN_POINT('',(-65.4722900279435,-46.0056184274667,15.));
#5871=CARTESIAN_POINT('',(-65.4722900279435,-46.0056184274667,0.));
#5872=CARTESIAN_POINT('Origin',(-64.25984660294,-45.30557046557,15.));
#5873=CARTESIAN_POINT('Origin',(-65.4722900279435,-46.0056184274667,0.));
#5874=CARTESIAN_POINT('',(-74.0637988769091,-31.124688492949,15.));
#5875=CARTESIAN_POINT('',(-74.0637988769091,-31.124688492949,0.));
#5876=CARTESIAN_POINT('',(-65.4722900279435,-46.0056184274667,15.));
#5877=CARTESIAN_POINT('Origin',(-72.85136566808,-30.42468755303,0.));
#5878=CARTESIAN_POINT('',(-73.5513639906912,-29.2122528330964,15.));
#5879=CARTESIAN_POINT('',(-73.5513639906912,-29.2122528330964,0.));
#5880=CARTESIAN_POINT('Origin',(-72.85136566808,-30.42468755303,15.));
#5881=CARTESIAN_POINT('Origin',(-73.5513639906912,-29.2122528330964,0.));
#5882=CARTESIAN_POINT('',(-64.8486431310738,-24.1877349141588,15.));
#5883=CARTESIAN_POINT('',(-64.8486431310738,-24.1877349141588,0.));
#5884=CARTESIAN_POINT('',(-73.5513639906912,-29.2122528330964,15.));
#5885=CARTESIAN_POINT('Origin',(-67.14864627682,-20.2040160892,0.));
#5886=CARTESIAN_POINT('',(-62.5486429999981,-20.204017,15.));
#5887=CARTESIAN_POINT('',(-62.5486429999981,-20.204017,0.));
#5888=CARTESIAN_POINT('Origin',(-67.14864627682,-20.2040160892,15.));
#5889=CARTESIAN_POINT('Origin',(-62.5486429999981,-20.204017,0.));
#5890=CARTESIAN_POINT('',(-62.5486429999999,40.3056017011698,15.));
#5891=CARTESIAN_POINT('',(-62.5486429999999,40.3056017011698,0.));
#5892=CARTESIAN_POINT('',(-62.5486429999981,-20.204017,15.));
#5893=CARTESIAN_POINT('Origin',(-61.14864374707,40.305602747075,0.));
#5894=CARTESIAN_POINT('',(-61.148643,41.7056020000051,15.));
#5895=CARTESIAN_POINT('',(-61.148643,41.7056020000051,0.));
#5896=CARTESIAN_POINT('Origin',(-61.14864374707,40.305602747075,15.));
#5897=CARTESIAN_POINT('Origin',(-61.148643,41.7056020000051,0.));
#5898=CARTESIAN_POINT('',(-24.1486427011678,41.7056020000002,15.));
#5899=CARTESIAN_POINT('',(-24.1486427011678,41.7056020000002,0.));
#5900=CARTESIAN_POINT('',(-46.748643,41.7056020000032,15.));
#5901=CARTESIAN_POINT('',(-61.148643,41.7056020000051,15.));
#5902=CARTESIAN_POINT('',(-46.748643,41.7056020000032,13.));
#5903=CARTESIAN_POINT('',(-46.748643,41.7056020000032,7.5));
#5904=CARTESIAN_POINT('',(-47.748643,41.7056020000034,12.));
#5905=CARTESIAN_POINT('Origin',(-47.748643,41.7056020000033,13.));
#5906=CARTESIAN_POINT('',(-54.948643,41.7056020000043,12.));
#5907=CARTESIAN_POINT('',(-54.448643,41.7056020000042,12.));
#5908=CARTESIAN_POINT('',(-55.948643,41.7056020000044,13.));
#5909=CARTESIAN_POINT('Origin',(-54.948643,41.7056020000042,13.));
#5910=CARTESIAN_POINT('',(-55.948643,41.7056020000044,15.));
#5911=CARTESIAN_POINT('',(-55.948643,41.7056020000044,6.5));
#5912=CARTESIAN_POINT('',(-61.148643,41.7056020000051,15.));
#5913=CARTESIAN_POINT('Origin',(-24.14864225292,42.305601252925,0.));
#5914=CARTESIAN_POINT('',(-23.5486429999952,42.3056017011698,15.));
#5915=CARTESIAN_POINT('',(-23.5486429999952,42.3056017011698,0.));
#5916=CARTESIAN_POINT('Origin',(-24.14864225292,42.305601252925,15.));
#5917=CARTESIAN_POINT('Origin',(-22.14864374707,42.305602747075,0.));
#5918=CARTESIAN_POINT('',(-22.148643,43.7056020000004,15.));
#5919=CARTESIAN_POINT('',(-22.148643,43.7056020000004,0.));
#5920=CARTESIAN_POINT('Origin',(-22.14864374707,42.305602747075,15.));
#5921=CARTESIAN_POINT('Origin',(-22.148643,43.7056020000004,0.));
#5922=CARTESIAN_POINT('',(-5.14864270116979,43.705602,15.));
#5923=CARTESIAN_POINT('',(-5.14864270116978,43.705602,0.));
#5924=CARTESIAN_POINT('',(-22.148643,43.7056020000004,15.));
#5925=CARTESIAN_POINT('Origin',(-5.14864225292501,44.305601252925,0.));
#5926=CARTESIAN_POINT('',(-4.54864300000028,44.3056020000001,15.));
#5927=CARTESIAN_POINT('',(-4.54864300000028,44.3056020000001,0.));
#5928=CARTESIAN_POINT('Origin',(-5.14864225292501,44.305601252925,15.));
#5929=CARTESIAN_POINT('Origin',(-4.54864300000028,44.3056020000001,0.));
#5930=CARTESIAN_POINT('',(-4.54864299999989,45.3056017011698,15.));
#5931=CARTESIAN_POINT('',(-4.54864299999989,45.3056017011698,0.));
#5932=CARTESIAN_POINT('',(-4.54864300000028,44.3056020000001,15.));
#5933=CARTESIAN_POINT('Origin',(-3.148643747075,45.305602747075,0.));
#5934=CARTESIAN_POINT('',(-3.14864300000001,46.7056020000001,15.));
#5935=CARTESIAN_POINT('',(-3.14864300000001,46.7056020000001,0.));
#5936=CARTESIAN_POINT('Origin',(-3.148643747075,45.305602747075,15.));
#5937=CARTESIAN_POINT('Origin',(-3.14864300000001,46.7056020000001,0.));
#5938=CARTESIAN_POINT('',(16.3513580668556,46.7056019999988,15.));
#5939=CARTESIAN_POINT('',(16.3513580668556,46.7056019999988,0.));
#5940=CARTESIAN_POINT('',(-3.14864300000001,46.7056020000001,15.));
#5941=CARTESIAN_POINT('Origin',(16.351355666427,45.805600666427,0.));
#5942=CARTESIAN_POINT('',(17.2513569999912,45.8056030668556,15.));
#5943=CARTESIAN_POINT('',(17.2513569999912,45.8056030668556,0.));
#5944=CARTESIAN_POINT('Origin',(16.351355666427,45.805600666427,15.));
#5945=CARTESIAN_POINT('Origin',(17.351358333573,45.805603333573,0.));
#5946=CARTESIAN_POINT('',(17.351357,45.7056019999998,15.));
#5947=CARTESIAN_POINT('',(17.351357,45.7056019999998,0.));
#5948=CARTESIAN_POINT('Origin',(17.351358333573,45.805603333573,15.));
#5949=CARTESIAN_POINT('Origin',(17.351357,45.7056019999998,0.));
#5950=CARTESIAN_POINT('',(34.8513567011698,45.7056019999999,15.));
#5951=CARTESIAN_POINT('',(34.8513567011698,45.7056019999999,0.));
#5952=CARTESIAN_POINT('',(17.351357,45.7056019999998,15.));
#5953=CARTESIAN_POINT('Origin',(34.851357747075,44.305602747075,0.));
#5954=CARTESIAN_POINT('',(36.2513570000001,44.305602,15.));
#5955=CARTESIAN_POINT('',(36.2513570000001,44.305602,0.));
#5956=CARTESIAN_POINT('Origin',(34.851357747075,44.305602747075,15.));
#5957=CARTESIAN_POINT('Origin',(36.2513570000001,44.305602,0.));
#5958=CARTESIAN_POINT('',(36.251357,36.3056017011698,15.));
#5959=CARTESIAN_POINT('',(36.251357,36.3056017011698,0.));
#5960=CARTESIAN_POINT('',(36.2513570000001,44.305602,15.));
#5961=CARTESIAN_POINT('Origin',(36.851356252925,36.305601252925,0.));
#5962=CARTESIAN_POINT('',(36.851357,35.7056020000003,15.));
#5963=CARTESIAN_POINT('',(36.851357,35.7056020000003,0.));
#5964=CARTESIAN_POINT('Origin',(36.851356252925,36.305601252925,15.));
#5965=CARTESIAN_POINT('Origin',(36.851357,35.7056020000003,0.));
#5966=CARTESIAN_POINT('',(53.8513567011698,35.7056019999999,15.));
#5967=CARTESIAN_POINT('',(53.8513567011698,35.7056019999999,0.));
#5968=CARTESIAN_POINT('',(36.851357,35.7056020000003,15.));
#5969=CARTESIAN_POINT('Origin',(53.851357747075,34.305602747075,0.));
#5970=CARTESIAN_POINT('',(55.2513570000001,34.305602,15.));
#5971=CARTESIAN_POINT('',(55.2513570000001,34.305602,0.));
#5972=CARTESIAN_POINT('Origin',(53.851357747075,34.305602747075,15.));
#5973=CARTESIAN_POINT('Origin',(55.2513570000001,34.305602,0.));
#5974=CARTESIAN_POINT('',(55.251357,22.3056017011698,15.));
#5975=CARTESIAN_POINT('',(55.251357,22.3056017011698,0.));
#5976=CARTESIAN_POINT('',(55.2513570000001,34.305602,15.));
#5977=CARTESIAN_POINT('Origin',(55.851356252925,22.305601252925,0.));
#5978=CARTESIAN_POINT('',(55.851357,21.7056020000003,15.));
#5979=CARTESIAN_POINT('',(55.851357,21.7056020000003,0.));
#5980=CARTESIAN_POINT('Origin',(55.851356252925,22.305601252925,15.));
#5981=CARTESIAN_POINT('Origin',(55.851357,21.7056020000003,0.));
#5982=CARTESIAN_POINT('',(72.8513567011698,21.7056019999999,15.));
#5983=CARTESIAN_POINT('',(72.8513567011698,21.7056019999999,0.));
#5984=CARTESIAN_POINT('',(55.851357,21.7056020000003,15.));
#5985=CARTESIAN_POINT('Origin',(72.851357747075,20.305602747075,0.));
#5986=CARTESIAN_POINT('',(74.2513570000001,20.305602,15.));
#5987=CARTESIAN_POINT('',(74.2513570000001,20.305602,0.));
#5988=CARTESIAN_POINT('Origin',(72.851357747075,20.305602747075,15.));
#5989=CARTESIAN_POINT('Origin',(74.2513570000001,20.305602,0.));
#5990=CARTESIAN_POINT('',(74.2513569999999,-16.6943977011718,15.));
#5991=CARTESIAN_POINT('',(74.2513569999999,-16.6943977011718,0.));
#5992=CARTESIAN_POINT('',(74.2513570000001,20.305602,15.));
#5993=CARTESIAN_POINT('Origin',(72.851357747075,-16.69439874707,0.));
#5994=CARTESIAN_POINT('',(72.8513570000001,-18.0943979999951,15.));
#5995=CARTESIAN_POINT('',(72.8513570000001,-18.0943979999951,0.));
#5996=CARTESIAN_POINT('Origin',(72.851357747075,-16.69439874707,15.));
#5997=CARTESIAN_POINT('Origin',(72.8513570000001,-18.0943979999951,0.));
#5998=CARTESIAN_POINT('',(55.8513567011698,-18.094397999995,15.));
#5999=CARTESIAN_POINT('',(55.8513567011698,-18.094397999995,0.));
#6000=CARTESIAN_POINT('',(72.8513570000001,-18.0943979999951,15.));
#6001=CARTESIAN_POINT('Origin',(55.851356252925,-18.69439725292,0.));
#6002=CARTESIAN_POINT('',(55.2513570000003,-18.694398,15.));
#6003=CARTESIAN_POINT('',(55.2513570000003,-18.694398,0.));
#6004=CARTESIAN_POINT('Origin',(55.851356252925,-18.69439725292,15.));
#6005=CARTESIAN_POINT('Origin',(55.2513570000003,-18.694398,0.));
#6006=CARTESIAN_POINT('',(55.2513569999999,-21.6943977011718,15.));
#6007=CARTESIAN_POINT('',(55.2513569999999,-21.6943977011718,0.));
#6008=CARTESIAN_POINT('',(55.2513570000003,-18.694398,15.));
#6009=CARTESIAN_POINT('Origin',(53.851357747075,-21.69439874707,0.));
#6010=CARTESIAN_POINT('',(53.8513570000001,-23.0943979999951,15.));
#6011=CARTESIAN_POINT('',(53.8513570000001,-23.0943979999951,0.));
#6012=CARTESIAN_POINT('Origin',(53.851357747075,-21.69439874707,15.));
#6013=CARTESIAN_POINT('Origin',(53.8513570000001,-23.0943979999951,0.));
#6014=CARTESIAN_POINT('',(33.3513567011698,-23.094397999995,15.));
#6015=CARTESIAN_POINT('',(33.3513567011698,-23.094397999995,0.));
#6016=CARTESIAN_POINT('',(53.8513570000001,-23.0943979999951,15.));
#6017=CARTESIAN_POINT('Origin',(33.351356252925,-23.69439725292,0.));
#6018=CARTESIAN_POINT('',(32.7513570000003,-23.694398,15.));
#6019=CARTESIAN_POINT('',(32.7513570000003,-23.694398,0.));
#6020=CARTESIAN_POINT('Origin',(33.351356252925,-23.69439725292,15.));
#6021=CARTESIAN_POINT('Origin',(32.7513570000003,-23.694398,0.));
#6022=CARTESIAN_POINT('',(32.7513569999999,-38.1943977011718,15.));
#6023=CARTESIAN_POINT('',(32.7513569999999,-38.1943977011718,0.));
#6024=CARTESIAN_POINT('',(32.7513570000003,-23.694398,15.));
#6025=CARTESIAN_POINT('Origin',(31.351357747075,-38.19439874707,0.));
#6026=CARTESIAN_POINT('',(31.3513570000006,-39.5943979999951,15.));
#6027=CARTESIAN_POINT('',(31.3513570000006,-39.5943979999951,0.));
#6028=CARTESIAN_POINT('Origin',(31.351357747075,-38.19439874707,15.));
#6029=CARTESIAN_POINT('Origin',(31.3513570000006,-39.5943979999951,0.));
#6030=CARTESIAN_POINT('',(27.8513572988302,-39.5943979999999,15.));
#6031=CARTESIAN_POINT('',(27.8513572988302,-39.5943979999999,0.));
#6032=CARTESIAN_POINT('',(31.3513570000006,-39.5943979999951,15.));
#6033=CARTESIAN_POINT('Origin',(-47.748643,41.7056020000034,12.));
#6034=CARTESIAN_POINT('',(-54.9486429999996,44.7056020000039,12.));
#6035=CARTESIAN_POINT('',(-47.7486429999996,44.705602000003,12.));
#6036=CARTESIAN_POINT('',(-36.7925520624144,44.7056020000017,12.));
#6037=CARTESIAN_POINT('',(-54.948643,41.7056020000043,12.));
#6038=CARTESIAN_POINT('',(-47.748643,41.7056020000034,12.));
#6039=CARTESIAN_POINT('Origin',(-47.748643,41.7056020000034,13.));
#6040=CARTESIAN_POINT('',(-46.7486429999996,44.7056020000029,13.));
#6041=CARTESIAN_POINT('Origin',(-47.7486429999996,44.7056020000033,13.));
#6042=CARTESIAN_POINT('',(-46.748643,41.7056020000032,13.));
#6043=CARTESIAN_POINT('Origin',(-46.748643,41.7056020000032,15.));
#6044=CARTESIAN_POINT('',(-46.7486429999996,44.7056020000029,15.));
#6045=CARTESIAN_POINT('',(-46.7486429999996,44.7056020000029,7.5));
#6046=CARTESIAN_POINT('',(-46.7486430000027,21.2010034588913,15.));
#6047=CARTESIAN_POINT('Origin',(-55.948643,41.7056020000044,13.));
#6048=CARTESIAN_POINT('',(-55.9486429999996,44.705602000004,15.));
#6049=CARTESIAN_POINT('',(-55.9486429999996,44.705602000004,13.));
#6050=CARTESIAN_POINT('',(-55.9486429999996,44.705602000004,6.5));
#6051=CARTESIAN_POINT('',(-55.9486430000027,21.2010034588925,15.));
#6052=CARTESIAN_POINT('',(-55.948643,41.7056020000044,13.));
#6053=CARTESIAN_POINT('Origin',(-54.948643,41.7056020000043,13.));
#6054=CARTESIAN_POINT('Origin',(-54.9486429999996,44.7056020000043,13.));
#6055=CARTESIAN_POINT('Origin',(-25.8364611248292,44.7056020000004,0.));
#6056=CARTESIAN_POINT('',(-25.8364611248292,44.7056020000004,15.));
#6057=CARTESIAN_POINT('',(-61.1486413991349,44.7056020000046,15.));
#6058=CARTESIAN_POINT('',(-25.8364611248292,44.7056020000004,0.));
#6059=CARTESIAN_POINT('',(-25.8364611248292,44.7056020000004,0.));
#6060=CARTESIAN_POINT('',(-61.1486413991349,44.7056020000046,0.));
#6061=CARTESIAN_POINT('',(-61.1486413991349,44.7056020000046,0.));
#6062=CARTESIAN_POINT('',(-61.1486413991349,44.7056020000046,15.));
#6063=CARTESIAN_POINT('',(-61.1486413991349,44.7056020000046,0.));
#6064=CARTESIAN_POINT('',(-61.1486413991349,44.7056020000046,15.));
#6065=CARTESIAN_POINT('Origin',(-3.54863890272838E-6,0.69640491777311,15.));
#6066=CARTESIAN_POINT('',(27.8513572988343,-42.5943979999999,15.));
#6067=CARTESIAN_POINT('',(27.8513572988343,-42.5943979999999,15.));
#6068=CARTESIAN_POINT('',(31.3513553991261,-42.5943979999947,15.));
#6069=CARTESIAN_POINT('',(31.3513553991261,-42.5943979999947,15.));
#6070=CARTESIAN_POINT('',(35.7513569999999,-38.1943977011719,15.));
#6071=CARTESIAN_POINT('Origin',(31.351357747075,-38.19439874707,15.));
#6072=CARTESIAN_POINT('',(35.7513570000002,-26.0943979999952,15.));
#6073=CARTESIAN_POINT('',(35.7513570000002,-26.0943979999952,15.));
#6074=CARTESIAN_POINT('',(53.8513553991244,-26.0943979999947,15.));
#6075=CARTESIAN_POINT('',(53.8513553991244,-26.0943979999947,15.));
#6076=CARTESIAN_POINT('',(58.2513569999999,-21.6943977011722,15.));
#6077=CARTESIAN_POINT('Origin',(53.851357747075,-21.69439874707,15.));
#6078=CARTESIAN_POINT('',(58.251357,-21.0943979999952,15.));
#6079=CARTESIAN_POINT('',(58.251357,-21.0943979999952,15.));
#6080=CARTESIAN_POINT('',(72.8513553991245,-21.0943979999946,15.));
#6081=CARTESIAN_POINT('',(72.8513553991245,-21.0943979999946,15.));
#6082=CARTESIAN_POINT('',(77.2513569999999,-16.6943977011718,15.));
#6083=CARTESIAN_POINT('Origin',(72.851357747075,-16.69439874707,15.));
#6084=CARTESIAN_POINT('',(77.2513569999997,20.3056003991242,15.));
#6085=CARTESIAN_POINT('',(77.2513569999997,20.3056003991242,15.));
#6086=CARTESIAN_POINT('',(72.8513567011698,24.7056019999999,15.));
#6087=CARTESIAN_POINT('Origin',(72.851357747075,20.305602747075,15.));
#6088=CARTESIAN_POINT('',(58.2513570000001,24.7056020000002,15.));
#6089=CARTESIAN_POINT('',(58.2513570000001,24.7056020000002,15.));
#6090=CARTESIAN_POINT('',(58.2513569999997,34.3056003991242,15.));
#6091=CARTESIAN_POINT('',(58.2513569999997,34.3056003991242,15.));
#6092=CARTESIAN_POINT('',(53.8513567011698,38.7056019999999,15.));
#6093=CARTESIAN_POINT('Origin',(53.851357747075,34.305602747075,15.));
#6094=CARTESIAN_POINT('',(39.2513570000001,38.7056020000002,15.));
#6095=CARTESIAN_POINT('',(39.2513570000001,38.7056020000002,15.));
#6096=CARTESIAN_POINT('',(39.2513569999996,44.3056003991242,15.));
#6097=CARTESIAN_POINT('',(39.2513569999997,44.3056003991242,15.));
#6098=CARTESIAN_POINT('',(34.8513567011698,48.7056012719592,15.));
#6099=CARTESIAN_POINT('Origin',(34.851357747075,44.305602747075,15.));
#6100=CARTESIAN_POINT('',(18.9590371399131,48.7056012719591,15.));
#6101=CARTESIAN_POINT('',(18.9590371399131,48.7056012719591,15.));
#6102=CARTESIAN_POINT('',(16.3513580668558,49.7056019999988,15.));
#6103=CARTESIAN_POINT('Origin',(16.351355666427,45.805600666427,15.));
#6104=CARTESIAN_POINT('',(-3.14864139912417,49.7056019999997,15.));
#6105=CARTESIAN_POINT('',(-3.14864139912418,49.7056019999997,15.));
#6106=CARTESIAN_POINT('',(-7.31997393270547,46.7056020000002,15.));
#6107=CARTESIAN_POINT('Origin',(-3.148643747075,45.305602747075,15.));
#6108=CARTESIAN_POINT('',(-22.1486413991349,46.7056019999999,15.));
#6109=CARTESIAN_POINT('',(-22.1486413991349,46.7056019999999,15.));
#6110=CARTESIAN_POINT('Origin',(-22.14864374707,42.305602747075,15.));
#6111=CARTESIAN_POINT('Ctrl Pts',(-30.7655184922481,-35.8557278326607,0.));
#6112=CARTESIAN_POINT('Ctrl Pts',(-30.7655184922481,-35.8557278326607,1.4));
#6113=CARTESIAN_POINT('Ctrl Pts',(-29.6154507230156,-35.5475681039683,0.));
#6114=CARTESIAN_POINT('Ctrl Pts',(-29.6154507230156,-35.5475681039683,1.4));
#6115=CARTESIAN_POINT('Ctrl Pts',(-27.3494135056928,-35.1828301607353,0.));
#6116=CARTESIAN_POINT('Ctrl Pts',(-27.3494135056928,-35.1828301607353,1.4));
#6117=CARTESIAN_POINT('Ctrl Pts',(-24.0525477216847,-35.3897098689863,0.));
#6118=CARTESIAN_POINT('Ctrl Pts',(-24.0525477216847,-35.3897098689863,1.4));
#6119=CARTESIAN_POINT('Ctrl Pts',(-19.8217494362724,-36.8971595503161,0.));
#6120=CARTESIAN_POINT('Ctrl Pts',(-19.8217494362724,-36.8971595503161,1.4));
#6121=CARTESIAN_POINT('Ctrl Pts',(-14.6373288555254,-39.6642037195098,0.));
#6122=CARTESIAN_POINT('Ctrl Pts',(-14.6373288555254,-39.6642037195098,1.4));
#6123=CARTESIAN_POINT('Ctrl Pts',(-10.4246826885133,-41.5997727743826,0.));
#6124=CARTESIAN_POINT('Ctrl Pts',(-10.4246826885133,-41.5997727743826,1.4));
#6125=CARTESIAN_POINT('Ctrl Pts',(-7.15354494046953,-42.4134505651864,0.));
#6126=CARTESIAN_POINT('Ctrl Pts',(-7.15354494046953,-42.4134505651864,1.4));
#6127=CARTESIAN_POINT('Ctrl Pts',(-4.91064460086019,-42.5943980000445,0.));
#6128=CARTESIAN_POINT('Ctrl Pts',(-4.91064460086019,-42.5943980000445,1.4));
#6129=CARTESIAN_POINT('Ctrl Pts',(-3.77364270116565,-42.594398000043,0.));
#6130=CARTESIAN_POINT('Ctrl Pts',(-3.77364270116565,-42.594398000043,1.4));
#6131=CARTESIAN_POINT('',(-3.77364270116565,-42.594398000043,0.));
#6132=CARTESIAN_POINT('',(-30.7655184922481,-35.8557278326607,0.));
#6133=CARTESIAN_POINT('Ctrl Pts',(-3.77364270116565,-42.594398000043,0.));
#6134=CARTESIAN_POINT('Ctrl Pts',(-4.91064460086019,-42.5943980000445,0.));
#6135=CARTESIAN_POINT('Ctrl Pts',(-7.15354494046953,-42.4134505651864,0.));
#6136=CARTESIAN_POINT('Ctrl Pts',(-10.4246826885133,-41.5997727743826,0.));
#6137=CARTESIAN_POINT('Ctrl Pts',(-14.6373288555254,-39.6642037195098,0.));
#6138=CARTESIAN_POINT('Ctrl Pts',(-19.8217494362724,-36.8971595503161,0.));
#6139=CARTESIAN_POINT('Ctrl Pts',(-24.0525477216847,-35.3897098689863,0.));
#6140=CARTESIAN_POINT('Ctrl Pts',(-27.3494135056928,-35.1828301607353,0.));
#6141=CARTESIAN_POINT('Ctrl Pts',(-29.6154507230156,-35.5475681039683,0.));
#6142=CARTESIAN_POINT('Ctrl Pts',(-30.7655184922481,-35.8557278326607,0.));
#6143=CARTESIAN_POINT('',(-3.77364270116565,-42.594398000043,1.4));
#6144=CARTESIAN_POINT('',(-3.77364270116565,-42.594398000043,0.));
#6145=CARTESIAN_POINT('',(-30.7655184922481,-35.8557278326607,1.4));
#6146=CARTESIAN_POINT('Ctrl Pts',(-30.7655184922481,-35.8557278326607,1.4));
#6147=CARTESIAN_POINT('Ctrl Pts',(-29.6154507230156,-35.5475681039683,1.4));
#6148=CARTESIAN_POINT('Ctrl Pts',(-27.3494135056928,-35.1828301607353,1.4));
#6149=CARTESIAN_POINT('Ctrl Pts',(-24.0525477216847,-35.3897098689863,1.4));
#6150=CARTESIAN_POINT('Ctrl Pts',(-19.8217494362724,-36.8971595503161,1.4));
#6151=CARTESIAN_POINT('Ctrl Pts',(-14.6373288555254,-39.6642037195098,1.4));
#6152=CARTESIAN_POINT('Ctrl Pts',(-10.4246826885133,-41.5997727743826,1.4));
#6153=CARTESIAN_POINT('Ctrl Pts',(-7.15354494046953,-42.4134505651864,1.4));
#6154=CARTESIAN_POINT('Ctrl Pts',(-4.91064460086019,-42.5943980000445,1.4));
#6155=CARTESIAN_POINT('Ctrl Pts',(-3.77364270116565,-42.594398000043,1.4));
#6156=CARTESIAN_POINT('',(-30.7655184922481,-35.8557278326607,0.));
#6157=CARTESIAN_POINT('Origin',(-3.54863890272838E-6,0.69640491777311,1.4));
#6158=CARTESIAN_POINT('',(27.8513572988343,-42.5943979999999,1.4));
#6159=CARTESIAN_POINT('',(27.8513572988343,-42.5943979999999,1.4));
#6160=CARTESIAN_POINT('',(27.8513572988302,-39.5943979999999,1.4));
#6161=CARTESIAN_POINT('',(27.8513572988026,-19.4489965410943,1.4));
#6162=CARTESIAN_POINT('',(26.4513569999949,-38.194398,1.4));
#6163=CARTESIAN_POINT('Origin',(27.851356252925,-38.19439874707,1.4));
#6164=CARTESIAN_POINT('',(26.451357,-15.6943977011678,1.4));
#6165=CARTESIAN_POINT('',(26.4513569999997,-7.49899639169707,1.4));
#6166=CARTESIAN_POINT('',(25.851357,-15.0943979999953,1.4));
#6167=CARTESIAN_POINT('Origin',(25.851357747075,-15.69439725292,1.4));
#6168=CARTESIAN_POINT('',(16.9513569999999,-15.0943979999953,1.4));
#6169=CARTESIAN_POINT('',(-9.57432342373358,-15.0943979999952,1.4));
#6170=CARTESIAN_POINT('',(16.9513569999999,-15.5943979999952,1.4));
#6171=CARTESIAN_POINT('',(16.9513569999996,-7.4489965411107,1.4));
#6172=CARTESIAN_POINT('',(-19.1486432988282,-15.594397999996,1.4));
#6173=CARTESIAN_POINT('',(-9.57432342373357,-15.5943979999952,1.4));
#6174=CARTESIAN_POINT('',(-19.248642999995,-15.6943973276282,1.4));
#6175=CARTESIAN_POINT('Origin',(-19.14864374707,-15.69439725292,1.4));
#6176=CARTESIAN_POINT('',(-21.148643266814,-17.5943979999953,1.4));
#6177=CARTESIAN_POINT('Origin',(-21.14864225292,-15.69439874707,1.4));
#6178=CARTESIAN_POINT('',(-28.0584993836234,-17.594398,1.4));
#6179=CARTESIAN_POINT('',(-14.0292514661249,-17.5943979999904,1.4));
#6180=CARTESIAN_POINT('',(-32.2533781056816,-22.5755540212332,1.4));
#6181=CARTESIAN_POINT('Origin',(-28.24485104372,-21.69439781922,1.4));
#6182=CARTESIAN_POINT('',(-29.3513049335385,-33.4062380679666,1.4));
#6183=CARTESIAN_POINT('',(-32.6310532010327,-21.1660514389649,1.4));
#6184=CARTESIAN_POINT('Origin',(-31.2831565803935,-33.9238761795307,1.4));
#6185=CARTESIAN_POINT('Origin',(-31.2831565803935,-33.9238761795307,0.));
#6186=CARTESIAN_POINT('',(-29.3513049335385,-33.4062380679666,15.));
#6187=CARTESIAN_POINT('',(-29.3513049335385,-33.4062380679666,0.));
#6188=CARTESIAN_POINT('',(-30.7655184922481,-35.8557278326607,15.));
#6189=CARTESIAN_POINT('Origin',(-31.2831565803935,-33.9238761795307,15.));
#6190=CARTESIAN_POINT('',(-30.7655184922481,-35.8557278326607,0.));
#6191=CARTESIAN_POINT('Origin',(-29.3513049335385,-33.4062380679666,0.));
#6192=CARTESIAN_POINT('',(-32.2533781056816,-22.5755540212332,15.));
#6193=CARTESIAN_POINT('',(-32.2533781056816,-22.5755540212332,0.));
#6194=CARTESIAN_POINT('',(-32.2533781056816,-22.5755540212332,15.));
#6195=CARTESIAN_POINT('Origin',(-28.24485104372,-21.69439781922,0.));
#6196=CARTESIAN_POINT('',(-28.0584993836234,-17.594398,15.));
#6197=CARTESIAN_POINT('',(-28.0584993836234,-17.594398,0.));
#6198=CARTESIAN_POINT('Origin',(-28.24485104372,-21.69439781922,15.));
#6199=CARTESIAN_POINT('Origin',(-28.0584993836234,-17.594398,0.));
#6200=CARTESIAN_POINT('',(-21.148643266814,-17.5943979999953,15.));
#6201=CARTESIAN_POINT('',(-21.148643266814,-17.5943979999953,0.));
#6202=CARTESIAN_POINT('',(-21.148643266814,-17.5943979999953,15.));
#6203=CARTESIAN_POINT('Origin',(-21.14864225292,-15.69439874707,0.));
#6204=CARTESIAN_POINT('',(-19.248642999995,-15.6943973276282,15.));
#6205=CARTESIAN_POINT('',(-19.248642999995,-15.6943973276282,0.));
#6206=CARTESIAN_POINT('Origin',(-21.14864225292,-15.69439874707,15.));
#6207=CARTESIAN_POINT('Origin',(-19.14864374707,-15.69439725292,0.));
#6208=CARTESIAN_POINT('',(-19.1486432988282,-15.594397999996,15.));
#6209=CARTESIAN_POINT('',(-19.1486432988282,-15.594397999996,0.));
#6210=CARTESIAN_POINT('Origin',(-19.14864374707,-15.69439725292,15.));
#6211=CARTESIAN_POINT('Origin',(-19.1486432988282,-15.5943979999952,0.));
#6212=CARTESIAN_POINT('',(16.9513569999999,-15.5943979999952,15.));
#6213=CARTESIAN_POINT('',(16.9513569999999,-15.5943979999952,0.));
#6214=CARTESIAN_POINT('',(16.9513569999999,-15.5943979999952,15.));
#6215=CARTESIAN_POINT('Origin',(16.9513569999999,-15.5943979999952,0.));
#6216=CARTESIAN_POINT('',(16.9513569999999,-15.0943979999953,0.));
#6217=CARTESIAN_POINT('',(16.9513569999999,-15.5943979999952,15.));
#6218=CARTESIAN_POINT('Origin',(-19.1486432988282,-15.0943979999952,0.));
#6219=CARTESIAN_POINT('',(25.851357,-15.0943979999953,0.));
#6220=CARTESIAN_POINT('Origin',(25.851357747075,-15.69439725292,0.));
#6221=CARTESIAN_POINT('',(26.4513569999998,-15.6943977011678,0.));
#6222=CARTESIAN_POINT('Origin',(26.4513569999998,-15.6943977011678,0.));
#6223=CARTESIAN_POINT('',(26.4513569999949,-38.194398,0.));
#6224=CARTESIAN_POINT('Origin',(27.851356252925,-38.19439874707,0.));
#6225=CARTESIAN_POINT('',(27.8513572988302,-39.5943979999999,0.));
#6226=CARTESIAN_POINT('Origin',(27.8513572988302,-39.5943979999999,0.));
#6227=CARTESIAN_POINT('',(27.8513572988343,-42.5943979999999,0.));
#6228=CARTESIAN_POINT('Origin',(-54.5137863033231,-42.2190569871326,0.));
#6229=CARTESIAN_POINT('',(-54.5137863033231,-42.2190569871326,0.));
#6230=CARTESIAN_POINT('',(-30.7655184922481,-35.8557278326607,0.));
#6231=CARTESIAN_POINT('',(-54.5137863033231,-42.2190569871326,15.));
#6232=CARTESIAN_POINT('',(-30.7655184922481,-35.8557278326607,15.));
#6233=CARTESIAN_POINT('',(-54.5137863033231,-42.2190569871326,0.));
#6234=CARTESIAN_POINT('Origin',(-64.3722935281361,-47.9108684179009,0.));
#6235=CARTESIAN_POINT('',(-64.3722935281361,-47.9108684179009,0.));
#6236=CARTESIAN_POINT('',(-54.5137863033231,-42.2190569871326,0.));
#6237=CARTESIAN_POINT('',(-64.3722935281361,-47.9108684179009,15.));
#6238=CARTESIAN_POINT('',(-54.5137863033231,-42.2190569871326,15.));
#6239=CARTESIAN_POINT('',(-64.3722935281361,-47.9108684179009,0.));
#6240=CARTESIAN_POINT('Origin',(-65.8722934552279,-45.3127921644541,0.));
#6241=CARTESIAN_POINT('',(-68.4703696707323,-46.8127921572641,0.));
#6242=CARTESIAN_POINT('Origin',(-65.8722934552279,-45.3127921644541,0.));
#6243=CARTESIAN_POINT('',(-68.4703696707323,-46.8127921572641,15.));
#6244=CARTESIAN_POINT('Origin',(-65.8722934552279,-45.3127921644541,15.));
#6245=CARTESIAN_POINT('',(-68.4703696707323,-46.8127921572641,0.));
#6246=CARTESIAN_POINT('Origin',(-76.6618750923841,-32.62468848581,0.));
#6247=CARTESIAN_POINT('',(-76.6618750923841,-32.62468848581,0.));
#6248=CARTESIAN_POINT('',(-68.4703696707323,-46.8127921572641,0.));
#6249=CARTESIAN_POINT('',(-76.6618750923841,-32.62468848581,15.));
#6250=CARTESIAN_POINT('',(-68.4703696707323,-46.8127921572641,15.));
#6251=CARTESIAN_POINT('',(-76.6618750923841,-32.62468848581,0.));
#6252=CARTESIAN_POINT('Origin',(-72.85136566808,-30.42468755303,0.));
#6253=CARTESIAN_POINT('',(-75.0513620792858,-26.6141755181936,0.));
#6254=CARTESIAN_POINT('Origin',(-72.85136566808,-30.42468755303,0.));
#6255=CARTESIAN_POINT('',(-75.0513620792858,-26.6141755181936,15.));
#6256=CARTESIAN_POINT('Origin',(-72.85136566808,-30.42468755303,15.));
#6257=CARTESIAN_POINT('',(-75.0513620792858,-26.6141755181936,0.));
#6258=CARTESIAN_POINT('Origin',(-66.3486430612064,-21.5896586624675,0.));
#6259=CARTESIAN_POINT('',(-66.3486430612067,-21.5896586624669,0.));
#6260=CARTESIAN_POINT('',(-75.0513620792858,-26.6141755181936,0.));
#6261=CARTESIAN_POINT('',(-66.3486430612068,-21.5896586624669,15.));
#6262=CARTESIAN_POINT('',(-75.0513620792858,-26.6141755181936,15.));
#6263=CARTESIAN_POINT('',(-66.3486430612067,-21.5896586624669,0.));
#6264=CARTESIAN_POINT('Origin',(-67.14864627682,-20.2040160892,0.));
#6265=CARTESIAN_POINT('',(-65.548642999998,-20.2040164060004,0.));
#6266=CARTESIAN_POINT('Origin',(-67.14864627682,-20.2040160892,0.));
#6267=CARTESIAN_POINT('',(-65.5486429999981,-20.2040164060004,15.));
#6268=CARTESIAN_POINT('Origin',(-67.14864627682,-20.2040160892,15.));
#6269=CARTESIAN_POINT('',(-65.548642999998,-20.2040164060004,0.));
#6270=CARTESIAN_POINT('Origin',(-65.5486429999999,40.3056017011697,0.));
#6271=CARTESIAN_POINT('',(-65.5486429999999,40.3056017011697,0.));
#6272=CARTESIAN_POINT('',(-65.548642999998,-20.2040164060004,0.));
#6273=CARTESIAN_POINT('',(-65.5486429999999,40.3056017011697,15.));
#6274=CARTESIAN_POINT('',(-65.548642999998,-20.2040164060004,15.));
#6275=CARTESIAN_POINT('',(-65.5486429999999,40.3056017011697,0.));
#6276=CARTESIAN_POINT('Origin',(-61.14864374707,40.305602747075,0.));
#6277=CARTESIAN_POINT('Origin',(-61.14864374707,40.305602747075,0.));
#6278=CARTESIAN_POINT('Origin',(-61.14864374707,40.305602747075,15.));
#6279=CARTESIAN_POINT('Origin',(-22.14864374707,42.305602747075,0.));
#6280=CARTESIAN_POINT('',(-22.1486413991349,46.7056019999999,0.));
#6281=CARTESIAN_POINT('Origin',(-22.14864374707,42.305602747075,0.));
#6282=CARTESIAN_POINT('',(-22.1486413991349,46.7056019999999,0.));
#6283=CARTESIAN_POINT('Origin',(-7.31997393270547,46.7056020000002,0.));
#6284=CARTESIAN_POINT('',(-7.31997393270547,46.7056020000002,0.));
#6285=CARTESIAN_POINT('',(-22.1486413991349,46.7056019999999,0.));
#6286=CARTESIAN_POINT('',(-7.31997393270547,46.7056020000002,0.));
#6287=CARTESIAN_POINT('Origin',(-3.148643747075,45.305602747075,0.));
#6288=CARTESIAN_POINT('',(-3.14864139912418,49.7056019999997,0.));
#6289=CARTESIAN_POINT('Origin',(-3.148643747075,45.305602747075,0.));
#6290=CARTESIAN_POINT('',(-3.14864139912418,49.7056019999997,0.));
#6291=CARTESIAN_POINT('Origin',(16.3513580668558,49.7056019999988,0.));
#6292=CARTESIAN_POINT('',(16.3513580668558,49.7056019999988,0.));
#6293=CARTESIAN_POINT('',(-3.14864139912418,49.7056019999997,0.));
#6294=CARTESIAN_POINT('',(16.3513580668558,49.7056019999988,0.));
#6295=CARTESIAN_POINT('Origin',(16.351355666427,45.805600666427,0.));
#6296=CARTESIAN_POINT('',(18.9590371399131,48.7056012719591,0.));
#6297=CARTESIAN_POINT('Origin',(16.351355666427,45.805600666427,0.));
#6298=CARTESIAN_POINT('',(18.9590371399131,48.7056012719591,0.));
#6299=CARTESIAN_POINT('Origin',(34.8513567011698,48.7056012719592,0.));
#6300=CARTESIAN_POINT('',(34.8513567011698,48.7056012719592,0.));
#6301=CARTESIAN_POINT('',(18.9590371399131,48.7056012719591,0.));
#6302=CARTESIAN_POINT('',(34.8513567011698,48.7056012719592,0.));
#6303=CARTESIAN_POINT('Origin',(34.851357747075,44.305602747075,0.));
#6304=CARTESIAN_POINT('',(39.2513569999997,44.3056003991242,0.));
#6305=CARTESIAN_POINT('Origin',(34.851357747075,44.305602747075,0.));
#6306=CARTESIAN_POINT('',(39.2513569999997,44.3056003991242,0.));
#6307=CARTESIAN_POINT('Origin',(39.2513570000001,38.7056020000002,0.));
#6308=CARTESIAN_POINT('',(39.2513570000001,38.7056020000002,0.));
#6309=CARTESIAN_POINT('',(39.2513569999997,44.3056003991242,0.));
#6310=CARTESIAN_POINT('',(39.2513570000001,38.7056020000002,0.));
#6311=CARTESIAN_POINT('Origin',(53.8513567011698,38.7056019999999,0.));
#6312=CARTESIAN_POINT('',(53.8513567011698,38.7056019999999,0.));
#6313=CARTESIAN_POINT('',(39.2513570000001,38.7056020000002,0.));
#6314=CARTESIAN_POINT('',(53.8513567011698,38.7056019999999,0.));
#6315=CARTESIAN_POINT('Origin',(53.851357747075,34.305602747075,0.));
#6316=CARTESIAN_POINT('',(58.2513569999997,34.3056003991242,0.));
#6317=CARTESIAN_POINT('Origin',(53.851357747075,34.305602747075,0.));
#6318=CARTESIAN_POINT('',(58.2513569999997,34.3056003991242,0.));
#6319=CARTESIAN_POINT('Origin',(58.2513570000001,24.7056020000002,0.));
#6320=CARTESIAN_POINT('',(58.2513570000001,24.7056020000002,0.));
#6321=CARTESIAN_POINT('',(58.2513569999997,34.3056003991242,0.));
#6322=CARTESIAN_POINT('',(58.2513570000001,24.7056020000002,0.));
#6323=CARTESIAN_POINT('Origin',(72.8513567011698,24.7056019999999,0.));
#6324=CARTESIAN_POINT('',(72.8513567011698,24.7056019999999,0.));
#6325=CARTESIAN_POINT('',(58.2513570000001,24.7056020000002,0.));
#6326=CARTESIAN_POINT('',(72.8513567011698,24.7056019999999,0.));
#6327=CARTESIAN_POINT('Origin',(72.851357747075,20.305602747075,0.));
#6328=CARTESIAN_POINT('',(77.2513569999997,20.3056003991242,0.));
#6329=CARTESIAN_POINT('Origin',(72.851357747075,20.305602747075,0.));
#6330=CARTESIAN_POINT('',(77.2513569999997,20.3056003991242,0.));
#6331=CARTESIAN_POINT('Origin',(77.2513569999999,-16.6943977011718,0.));
#6332=CARTESIAN_POINT('',(77.2513569999999,-16.6943977011718,0.));
#6333=CARTESIAN_POINT('',(77.2513569999997,20.3056003991242,0.));
#6334=CARTESIAN_POINT('',(77.2513569999999,-16.6943977011718,0.));
#6335=CARTESIAN_POINT('Origin',(72.851357747075,-16.69439874707,0.));
#6336=CARTESIAN_POINT('',(72.8513553991245,-21.0943979999946,0.));
#6337=CARTESIAN_POINT('Origin',(72.851357747075,-16.69439874707,0.));
#6338=CARTESIAN_POINT('',(72.8513553991245,-21.0943979999946,0.));
#6339=CARTESIAN_POINT('Origin',(58.251357,-21.0943979999952,0.));
#6340=CARTESIAN_POINT('',(58.251357,-21.0943979999952,0.));
#6341=CARTESIAN_POINT('',(72.8513553991245,-21.0943979999946,0.));
#6342=CARTESIAN_POINT('',(58.251357,-21.0943979999952,0.));
#6343=CARTESIAN_POINT('Origin',(58.2513569999999,-21.6943977011722,0.));
#6344=CARTESIAN_POINT('',(58.2513569999999,-21.6943977011722,0.));
#6345=CARTESIAN_POINT('',(58.251357,-21.0943979999952,0.));
#6346=CARTESIAN_POINT('',(58.2513569999999,-21.6943977011722,0.));
#6347=CARTESIAN_POINT('Origin',(53.851357747075,-21.69439874707,0.));
#6348=CARTESIAN_POINT('',(53.8513553991244,-26.0943979999947,0.));
#6349=CARTESIAN_POINT('Origin',(53.851357747075,-21.69439874707,0.));
#6350=CARTESIAN_POINT('',(53.8513553991244,-26.0943979999947,0.));
#6351=CARTESIAN_POINT('Origin',(35.7513570000002,-26.0943979999952,0.));
#6352=CARTESIAN_POINT('',(35.7513570000002,-26.0943979999952,0.));
#6353=CARTESIAN_POINT('',(53.8513553991244,-26.0943979999947,0.));
#6354=CARTESIAN_POINT('',(35.7513570000002,-26.0943979999952,0.));
#6355=CARTESIAN_POINT('Origin',(35.7513569999999,-38.1943977011719,0.));
#6356=CARTESIAN_POINT('',(35.7513569999999,-38.1943977011719,0.));
#6357=CARTESIAN_POINT('',(35.7513570000002,-26.0943979999952,0.));
#6358=CARTESIAN_POINT('',(35.7513569999999,-38.1943977011719,0.));
#6359=CARTESIAN_POINT('Origin',(31.351357747075,-38.19439874707,0.));
#6360=CARTESIAN_POINT('',(31.3513553991261,-42.5943979999947,0.));
#6361=CARTESIAN_POINT('Origin',(31.351357747075,-38.19439874707,0.));
#6362=CARTESIAN_POINT('',(31.3513553991261,-42.5943979999947,0.));
#6363=CARTESIAN_POINT('Origin',(27.8513572988343,-42.5943979999999,0.));
#6364=CARTESIAN_POINT('',(31.3513553991261,-42.5943979999947,0.));
#6365=CARTESIAN_POINT('Origin',(-3.54863890272838E-6,0.69640491777311,15.));
#6366=CARTESIAN_POINT('Origin',(0.,0.,0.));
#6367=CARTESIAN_POINT('Origin',(-54.648643,-19.694398,-0.046));
#6368=CARTESIAN_POINT('',(-54.648643,-18.594398,-0.046));
#6369=CARTESIAN_POINT('Origin',(54.351357,1.805602,-0.046));
#6370=CARTESIAN_POINT('',(54.351357,2.905602,-0.046));
#6371=CARTESIAN_POINT('Origin',(-22.648643,21.805602,-0.046));
#6372=CARTESIAN_POINT('',(-22.648643,22.905602,-0.046));
#6373=CARTESIAN_POINT('Origin',(34.351357,25.805602,-0.046));
#6374=CARTESIAN_POINT('',(34.351357,26.905602,-0.046));
#6375=CARTESIAN_POINT('',(0.,0.,0.));
#6376=UNCERTAINTY_MEASURE_WITH_UNIT(LENGTH_MEASURE(0.01),#6382,
'DISTANCE_ACCURACY_VALUE',
'Maximum model space distance between geometric entities at asserted c
onnectivities');
#6377=UNCERTAINTY_MEASURE_WITH_UNIT(LENGTH_MEASURE(0.01),#6382,
'DISTANCE_ACCURACY_VALUE',
'Maximum model space distance between geometric entities at asserted c
onnectivities');
#6378=UNCERTAINTY_MEASURE_WITH_UNIT(LENGTH_MEASURE(0.01),#6382,
'DISTANCE_ACCURACY_VALUE',
'Maximum model space distance between geometric entities at asserted c
onnectivities');
#6379=(
GEOMETRIC_REPRESENTATION_CONTEXT(3)
GLOBAL_UNCERTAINTY_ASSIGNED_CONTEXT((#6376))
GLOBAL_UNIT_ASSIGNED_CONTEXT((#6382,#6384,#6385))
REPRESENTATION_CONTEXT('','3D')
);
#6380=(
GEOMETRIC_REPRESENTATION_CONTEXT(3)
GLOBAL_UNCERTAINTY_ASSIGNED_CONTEXT((#6377))
GLOBAL_UNIT_ASSIGNED_CONTEXT((#6382,#6384,#6385))
REPRESENTATION_CONTEXT('','3D')
);
#6381=(
GEOMETRIC_REPRESENTATION_CONTEXT(3)
GLOBAL_UNCERTAINTY_ASSIGNED_CONTEXT((#6378))
GLOBAL_UNIT_ASSIGNED_CONTEXT((#6382,#6384,#6385))
REPRESENTATION_CONTEXT('','3D')
);
#6382=(
LENGTH_UNIT()
NAMED_UNIT(*)
SI_UNIT(.MILLI.,.METRE.)
);
#6383=(
LENGTH_UNIT()
NAMED_UNIT(*)
SI_UNIT($,.METRE.)
);
#6384=(
NAMED_UNIT(*)
PLANE_ANGLE_UNIT()
SI_UNIT($,.RADIAN.)
);
#6385=(
NAMED_UNIT(*)
SI_UNIT($,.STERADIAN.)
SOLID_ANGLE_UNIT()
);
#6386=SHAPE_DEFINITION_REPRESENTATION(#6388,#6391);
#6387=SHAPE_DEFINITION_REPRESENTATION(#6389,#6392);
#6388=PRODUCT_DEFINITION_SHAPE('',$,#6394);
#6389=PRODUCT_DEFINITION_SHAPE('',$,#6395);
#6390=PRODUCT_DEFINITION_SHAPE($,$,#14);
#6391=SHAPE_REPRESENTATION('',(#3739,#4117),#6379);
#6392=SHAPE_REPRESENTATION('',(#3740),#6380);
#6393=PRODUCT_DEFINITION_CONTEXT('part definition',#6401,'design');
#6394=PRODUCT_DEFINITION('reel_right_bottom 1','reel_right_bottom',#6396,
#6393);
#6395=PRODUCT_DEFINITION('reel_right_bottom_PCB',
'reel_right_bottom_PCB',#6397,#6393);
#6396=PRODUCT_DEFINITION_FORMATION('',$,#6403);
#6397=PRODUCT_DEFINITION_FORMATION('',$,#6404);
#6398=PRODUCT_RELATED_PRODUCT_CATEGORY('reel_right_bottom',
'reel_right_bottom',(#6403));
#6399=PRODUCT_RELATED_PRODUCT_CATEGORY('reel_right_bottom_PCB',
'reel_right_bottom_PCB',(#6404));
#6400=APPLICATION_PROTOCOL_DEFINITION('international standard',
'automotive_design',2009,#6401);
#6401=APPLICATION_CONTEXT(
'Core Data for Automotive Mechanical Design Process');
#6402=PRODUCT_CONTEXT('part definition',#6401,'mechanical');
#6403=PRODUCT('reel_right_bottom 1','reel_right_bottom',
'KiCad electronic assembly',(#6402));
#6404=PRODUCT('reel_right_bottom_PCB','reel_right_bottom_PCB',$,(#6402));
#6405=PRESENTATION_STYLE_ASSIGNMENT((#6407));
#6406=PRESENTATION_STYLE_ASSIGNMENT((#6408));
#6407=SURFACE_STYLE_USAGE(.BOTH.,#6409);
#6408=SURFACE_STYLE_USAGE(.BOTH.,#6410);
#6409=SURFACE_SIDE_STYLE('',(#6411));
#6410=SURFACE_SIDE_STYLE('',(#6412));
#6411=SURFACE_STYLE_FILL_AREA(#6413);
#6412=SURFACE_STYLE_FILL_AREA(#6414);
#6413=FILL_AREA_STYLE('\X2\92FC\X0\ - \X2\30B530C630F3\X0\',(#6415));
#6414=FILL_AREA_STYLE('Opaque(80,124,105)',(#6416));
#6415=FILL_AREA_STYLE_COLOUR('\X2\92FC\X0\ - \X2\30B530C630F3\X0\',#6417);
#6416=FILL_AREA_STYLE_COLOUR('Opaque(80,124,105)',#6418);
#6417=COLOUR_RGB('\X2\92FC\X0\ - \X2\30B530C630F3\X0\',0.627450980392157,
0.627450980392157,0.627450980392157);
#6418=COLOUR_RGB('Opaque(80,124,105)',0.313725490196078,0.486274509803922,
0.411764705882353);
ENDSEC;
END-ISO-10303-21;
