ISO-10303-21;
HEADER;
/* Generated by software containing ST-Developer
 * from STEP Tools, Inc. (www.steptools.com)
 */

FILE_DESCRIPTION(
/* description */ (''),
/* implementation_level */ '2;1');

FILE_NAME(
/* name */ 'reel_right_bottom.step',
/* time_stamp */ '2026-07-22T15:02:30+09:00',
/* author */ (''),
/* organization */ (''),
/* preprocessor_version */ 'ST-DEVELOPER v20.1',
/* originating_system */ 'Autodesk Translation Framework v15.8.0.0',
/* authorisation */ '');

FILE_SCHEMA (('AUTOMOTIVE_DESIGN { 1 0 10303 214 3 1 1 }'));
ENDSEC;

DATA;
#10=MECHANICAL_DESIGN_GEOMETRIC_PRESENTATION_REPRESENTATION('',(#17),#5544);
#11=ITEM_DEFINED_TRANSFORMATION($,$,#3251,#3577);
#12=(
REPRESENTATION_RELATIONSHIP($,$,#5555,#5554)
REPRESENTATION_RELATIONSHIP_WITH_TRANSFORMATION(#11)
SHAPE_REPRESENTATION_RELATIONSHIP()
);
#13=CONTEXT_DEPENDENT_SHAPE_REPRESENTATION(#12,#5553);
#14=NEXT_ASSEMBLY_USAGE_OCCURRENCE('reel-right-bottom_PCB:1',
'reel-right-bottom_PCB:1','reel-right-bottom_PCB:1',#5557,#5558,
'reel-right-bottom_PCB:1');
#15=SHAPE_REPRESENTATION_RELATIONSHIP('SRR','None',#5555,#16);
#16=ADVANCED_BREP_SHAPE_REPRESENTATION('',(#18),#5543);
#17=STYLED_ITEM('',(#5569),#18);
#18=MANIFOLD_SOLID_BREP('\X2\30DC30C730A3\X0\1',#3237);
#19=(
BOUNDED_CURVE()
B_SPLINE_CURVE(5,(#5286,#5287,#5288,#5289,#5290,#5291,#5292,#5293,#5294,
#5295),.UNSPECIFIED.,.F.,.F.)
B_SPLINE_CURVE_WITH_KNOTS((6,1,1,1,1,6),(0.,0.2,0.4,0.6,0.8,1.),
 .UNSPECIFIED.)
CURVE()
GEOMETRIC_REPRESENTATION_ITEM()
RATIONAL_B_SPLINE_CURVE((1.,1.,1.,1.,1.,1.,1.,1.,1.,1.))
REPRESENTATION_ITEM('')
);
#20=(
BOUNDED_CURVE()
B_SPLINE_CURVE(5,(#5299,#5300,#5301,#5302,#5303,#5304,#5305,#5306,#5307,
#5308),.UNSPECIFIED.,.F.,.F.)
B_SPLINE_CURVE_WITH_KNOTS((6,1,1,1,1,6),(-1.,-0.8,-0.6,-0.4,-0.2,0.),
 .UNSPECIFIED.)
CURVE()
GEOMETRIC_REPRESENTATION_ITEM()
RATIONAL_B_SPLINE_CURVE((1.,1.,1.,1.,1.,1.,1.,1.,1.,1.))
REPRESENTATION_ITEM('')
);
#21=(
BOUNDED_SURFACE()
B_SPLINE_SURFACE(5,1,((#5264,#5265),(#5266,#5267),(#5268,#5269),(#5270,
#5271),(#5272,#5273),(#5274,#5275),(#5276,#5277),(#5278,#5279),(#5280,#5281),
(#5282,#5283)),.UNSPECIFIED.,.F.,.F.,.F.)
B_SPLINE_SURFACE_WITH_KNOTS((6,1,1,1,1,6),(2,2),(-1.,-0.8,-0.6,-0.4,-0.2,
0.),(0.,0.14),.UNSPECIFIED.)
GEOMETRIC_REPRESENTATION_ITEM()
RATIONAL_B_SPLINE_SURFACE(((1.,1.),(1.,1.),(1.,1.),(1.,1.),(1.,1.),(1.,
1.),(1.,1.),(1.,1.),(1.,1.),(1.,1.)))
REPRESENTATION_ITEM('')
SURFACE()
);
#22=FACE_BOUND('',#293,.T.);
#23=FACE_BOUND('',#296,.T.);
#24=FACE_BOUND('',#299,.T.);
#25=FACE_BOUND('',#302,.T.);
#26=FACE_BOUND('',#305,.T.);
#27=FACE_BOUND('',#308,.T.);
#28=FACE_BOUND('',#414,.T.);
#29=FACE_BOUND('',#415,.T.);
#30=FACE_BOUND('',#460,.T.);
#31=FACE_BOUND('',#461,.T.);
#32=FACE_BOUND('',#462,.T.);
#33=FACE_BOUND('',#463,.T.);
#34=FACE_BOUND('',#464,.T.);
#35=FACE_BOUND('',#465,.T.);
#36=FACE_BOUND('',#467,.T.);
#37=FACE_BOUND('',#468,.T.);
#38=FACE_BOUND('',#469,.T.);
#39=FACE_BOUND('',#470,.T.);
#40=PLANE('',#3255);
#41=PLANE('',#3260);
#42=PLANE('',#3265);
#43=PLANE('',#3270);
#44=PLANE('',#3275);
#45=PLANE('',#3280);
#46=PLANE('',#3285);
#47=PLANE('',#3289);
#48=PLANE('',#3293);
#49=PLANE('',#3297);
#50=PLANE('',#3301);
#51=PLANE('',#3305);
#52=PLANE('',#3309);
#53=PLANE('',#3313);
#54=PLANE('',#3317);
#55=PLANE('',#3321);
#56=PLANE('',#3325);
#57=PLANE('',#3329);
#58=PLANE('',#3333);
#59=PLANE('',#3337);
#60=PLANE('',#3341);
#61=PLANE('',#3345);
#62=PLANE('',#3349);
#63=PLANE('',#3353);
#64=PLANE('',#3357);
#65=PLANE('',#3361);
#66=PLANE('',#3365);
#67=PLANE('',#3372);
#68=PLANE('',#3373);
#69=PLANE('',#3374);
#70=PLANE('',#3399);
#71=PLANE('',#3404);
#72=PLANE('',#3407);
#73=PLANE('',#3410);
#74=PLANE('',#3413);
#75=PLANE('',#3416);
#76=PLANE('',#3419);
#77=PLANE('',#3422);
#78=PLANE('',#3427);
#79=PLANE('',#3430);
#80=PLANE('',#3433);
#81=PLANE('',#3436);
#82=PLANE('',#3441);
#83=PLANE('',#3444);
#84=PLANE('',#3447);
#85=PLANE('',#3450);
#86=PLANE('',#3453);
#87=PLANE('',#3456);
#88=PLANE('',#3459);
#89=PLANE('',#3462);
#90=PLANE('',#3465);
#91=PLANE('',#3468);
#92=PLANE('',#3471);
#93=PLANE('',#3472);
#94=PLANE('',#3475);
#95=PLANE('',#3476);
#96=PLANE('',#3479);
#97=PLANE('',#3480);
#98=PLANE('',#3494);
#99=PLANE('',#3503);
#100=PLANE('',#3506);
#101=PLANE('',#3511);
#102=PLANE('',#3512);
#103=PLANE('',#3513);
#104=PLANE('',#3516);
#105=PLANE('',#3519);
#106=PLANE('',#3520);
#107=PLANE('',#3524);
#108=PLANE('',#3528);
#109=PLANE('',#3532);
#110=PLANE('',#3538);
#111=PLANE('',#3541);
#112=PLANE('',#3544);
#113=PLANE('',#3547);
#114=PLANE('',#3548);
#115=PLANE('',#3551);
#116=PLANE('',#3552);
#117=PLANE('',#3555);
#118=PLANE('',#3558);
#119=PLANE('',#3561);
#120=PLANE('',#3562);
#121=PLANE('',#3565);
#122=PLANE('',#3566);
#123=PLANE('',#3567);
#124=PLANE('',#3568);
#125=FACE_OUTER_BOUND('',#291,.T.);
#126=FACE_OUTER_BOUND('',#292,.T.);
#127=FACE_OUTER_BOUND('',#294,.T.);
#128=FACE_OUTER_BOUND('',#295,.T.);
#129=FACE_OUTER_BOUND('',#297,.T.);
#130=FACE_OUTER_BOUND('',#298,.T.);
#131=FACE_OUTER_BOUND('',#300,.T.);
#132=FACE_OUTER_BOUND('',#301,.T.);
#133=FACE_OUTER_BOUND('',#303,.T.);
#134=FACE_OUTER_BOUND('',#304,.T.);
#135=FACE_OUTER_BOUND('',#306,.T.);
#136=FACE_OUTER_BOUND('',#307,.T.);
#137=FACE_OUTER_BOUND('',#309,.T.);
#138=FACE_OUTER_BOUND('',#310,.T.);
#139=FACE_OUTER_BOUND('',#311,.T.);
#140=FACE_OUTER_BOUND('',#312,.T.);
#141=FACE_OUTER_BOUND('',#313,.T.);
#142=FACE_OUTER_BOUND('',#314,.T.);
#143=FACE_OUTER_BOUND('',#315,.T.);
#144=FACE_OUTER_BOUND('',#316,.T.);
#145=FACE_OUTER_BOUND('',#317,.T.);
#146=FACE_OUTER_BOUND('',#318,.T.);
#147=FACE_OUTER_BOUND('',#319,.T.);
#148=FACE_OUTER_BOUND('',#320,.T.);
#149=FACE_OUTER_BOUND('',#321,.T.);
#150=FACE_OUTER_BOUND('',#322,.T.);
#151=FACE_OUTER_BOUND('',#323,.T.);
#152=FACE_OUTER_BOUND('',#324,.T.);
#153=FACE_OUTER_BOUND('',#325,.T.);
#154=FACE_OUTER_BOUND('',#326,.T.);
#155=FACE_OUTER_BOUND('',#327,.T.);
#156=FACE_OUTER_BOUND('',#328,.T.);
#157=FACE_OUTER_BOUND('',#329,.T.);
#158=FACE_OUTER_BOUND('',#330,.T.);
#159=FACE_OUTER_BOUND('',#331,.T.);
#160=FACE_OUTER_BOUND('',#332,.T.);
#161=FACE_OUTER_BOUND('',#333,.T.);
#162=FACE_OUTER_BOUND('',#334,.T.);
#163=FACE_OUTER_BOUND('',#335,.T.);
#164=FACE_OUTER_BOUND('',#336,.T.);
#165=FACE_OUTER_BOUND('',#337,.T.);
#166=FACE_OUTER_BOUND('',#338,.T.);
#167=FACE_OUTER_BOUND('',#339,.T.);
#168=FACE_OUTER_BOUND('',#340,.T.);
#169=FACE_OUTER_BOUND('',#341,.T.);
#170=FACE_OUTER_BOUND('',#342,.T.);
#171=FACE_OUTER_BOUND('',#343,.T.);
#172=FACE_OUTER_BOUND('',#344,.T.);
#173=FACE_OUTER_BOUND('',#345,.T.);
#174=FACE_OUTER_BOUND('',#346,.T.);
#175=FACE_OUTER_BOUND('',#347,.T.);
#176=FACE_OUTER_BOUND('',#348,.T.);
#177=FACE_OUTER_BOUND('',#349,.T.);
#178=FACE_OUTER_BOUND('',#350,.T.);
#179=FACE_OUTER_BOUND('',#351,.T.);
#180=FACE_OUTER_BOUND('',#352,.T.);
#181=FACE_OUTER_BOUND('',#353,.T.);
#182=FACE_OUTER_BOUND('',#354,.T.);
#183=FACE_OUTER_BOUND('',#355,.T.);
#184=FACE_OUTER_BOUND('',#356,.T.);
#185=FACE_OUTER_BOUND('',#357,.T.);
#186=FACE_OUTER_BOUND('',#358,.T.);
#187=FACE_OUTER_BOUND('',#359,.T.);
#188=FACE_OUTER_BOUND('',#360,.T.);
#189=FACE_OUTER_BOUND('',#361,.T.);
#190=FACE_OUTER_BOUND('',#362,.T.);
#191=FACE_OUTER_BOUND('',#363,.T.);
#192=FACE_OUTER_BOUND('',#364,.T.);
#193=FACE_OUTER_BOUND('',#365,.T.);
#194=FACE_OUTER_BOUND('',#366,.T.);
#195=FACE_OUTER_BOUND('',#367,.T.);
#196=FACE_OUTER_BOUND('',#368,.T.);
#197=FACE_OUTER_BOUND('',#369,.T.);
#198=FACE_OUTER_BOUND('',#370,.T.);
#199=FACE_OUTER_BOUND('',#371,.T.);
#200=FACE_OUTER_BOUND('',#372,.T.);
#201=FACE_OUTER_BOUND('',#373,.T.);
#202=FACE_OUTER_BOUND('',#374,.T.);
#203=FACE_OUTER_BOUND('',#375,.T.);
#204=FACE_OUTER_BOUND('',#376,.T.);
#205=FACE_OUTER_BOUND('',#377,.T.);
#206=FACE_OUTER_BOUND('',#378,.T.);
#207=FACE_OUTER_BOUND('',#379,.T.);
#208=FACE_OUTER_BOUND('',#380,.T.);
#209=FACE_OUTER_BOUND('',#381,.T.);
#210=FACE_OUTER_BOUND('',#382,.T.);
#211=FACE_OUTER_BOUND('',#383,.T.);
#212=FACE_OUTER_BOUND('',#384,.T.);
#213=FACE_OUTER_BOUND('',#385,.T.);
#214=FACE_OUTER_BOUND('',#386,.T.);
#215=FACE_OUTER_BOUND('',#387,.T.);
#216=FACE_OUTER_BOUND('',#388,.T.);
#217=FACE_OUTER_BOUND('',#389,.T.);
#218=FACE_OUTER_BOUND('',#390,.T.);
#219=FACE_OUTER_BOUND('',#391,.T.);
#220=FACE_OUTER_BOUND('',#392,.T.);
#221=FACE_OUTER_BOUND('',#393,.T.);
#222=FACE_OUTER_BOUND('',#394,.T.);
#223=FACE_OUTER_BOUND('',#395,.T.);
#224=FACE_OUTER_BOUND('',#396,.T.);
#225=FACE_OUTER_BOUND('',#397,.T.);
#226=FACE_OUTER_BOUND('',#398,.T.);
#227=FACE_OUTER_BOUND('',#399,.T.);
#228=FACE_OUTER_BOUND('',#400,.T.);
#229=FACE_OUTER_BOUND('',#401,.T.);
#230=FACE_OUTER_BOUND('',#402,.T.);
#231=FACE_OUTER_BOUND('',#403,.T.);
#232=FACE_OUTER_BOUND('',#404,.T.);
#233=FACE_OUTER_BOUND('',#405,.T.);
#234=FACE_OUTER_BOUND('',#406,.T.);
#235=FACE_OUTER_BOUND('',#407,.T.);
#236=FACE_OUTER_BOUND('',#408,.T.);
#237=FACE_OUTER_BOUND('',#409,.T.);
#238=FACE_OUTER_BOUND('',#410,.T.);
#239=FACE_OUTER_BOUND('',#411,.T.);
#240=FACE_OUTER_BOUND('',#412,.T.);
#241=FACE_OUTER_BOUND('',#413,.T.);
#242=FACE_OUTER_BOUND('',#416,.T.);
#243=FACE_OUTER_BOUND('',#417,.T.);
#244=FACE_OUTER_BOUND('',#418,.T.);
#245=FACE_OUTER_BOUND('',#419,.T.);
#246=FACE_OUTER_BOUND('',#420,.T.);
#247=FACE_OUTER_BOUND('',#421,.T.);
#248=FACE_OUTER_BOUND('',#422,.T.);
#249=FACE_OUTER_BOUND('',#423,.T.);
#250=FACE_OUTER_BOUND('',#424,.T.);
#251=FACE_OUTER_BOUND('',#425,.T.);
#252=FACE_OUTER_BOUND('',#426,.T.);
#253=FACE_OUTER_BOUND('',#427,.T.);
#254=FACE_OUTER_BOUND('',#428,.T.);
#255=FACE_OUTER_BOUND('',#429,.T.);
#256=FACE_OUTER_BOUND('',#430,.T.);
#257=FACE_OUTER_BOUND('',#431,.T.);
#258=FACE_OUTER_BOUND('',#432,.T.);
#259=FACE_OUTER_BOUND('',#433,.T.);
#260=FACE_OUTER_BOUND('',#434,.T.);
#261=FACE_OUTER_BOUND('',#435,.T.);
#262=FACE_OUTER_BOUND('',#436,.T.);
#263=FACE_OUTER_BOUND('',#437,.T.);
#264=FACE_OUTER_BOUND('',#438,.T.);
#265=FACE_OUTER_BOUND('',#439,.T.);
#266=FACE_OUTER_BOUND('',#440,.T.);
#267=FACE_OUTER_BOUND('',#441,.T.);
#268=FACE_OUTER_BOUND('',#442,.T.);
#269=FACE_OUTER_BOUND('',#443,.T.);
#270=FACE_OUTER_BOUND('',#444,.T.);
#271=FACE_OUTER_BOUND('',#445,.T.);
#272=FACE_OUTER_BOUND('',#446,.T.);
#273=FACE_OUTER_BOUND('',#447,.T.);
#274=FACE_OUTER_BOUND('',#448,.T.);
#275=FACE_OUTER_BOUND('',#449,.T.);
#276=FACE_OUTER_BOUND('',#450,.T.);
#277=FACE_OUTER_BOUND('',#451,.T.);
#278=FACE_OUTER_BOUND('',#452,.T.);
#279=FACE_OUTER_BOUND('',#453,.T.);
#280=FACE_OUTER_BOUND('',#454,.T.);
#281=FACE_OUTER_BOUND('',#455,.T.);
#282=FACE_OUTER_BOUND('',#456,.T.);
#283=FACE_OUTER_BOUND('',#457,.T.);
#284=FACE_OUTER_BOUND('',#458,.T.);
#285=FACE_OUTER_BOUND('',#459,.T.);
#286=FACE_OUTER_BOUND('',#466,.T.);
#287=FACE_OUTER_BOUND('',#471,.T.);
#288=FACE_OUTER_BOUND('',#472,.T.);
#289=FACE_OUTER_BOUND('',#473,.T.);
#290=FACE_OUTER_BOUND('',#474,.T.);
#291=EDGE_LOOP('',(#2045,#2046,#2047,#2048));
#292=EDGE_LOOP('',(#2049));
#293=EDGE_LOOP('',(#2050));
#294=EDGE_LOOP('',(#2051,#2052,#2053,#2054));
#295=EDGE_LOOP('',(#2055));
#296=EDGE_LOOP('',(#2056));
#297=EDGE_LOOP('',(#2057,#2058,#2059,#2060));
#298=EDGE_LOOP('',(#2061));
#299=EDGE_LOOP('',(#2062));
#300=EDGE_LOOP('',(#2063,#2064,#2065,#2066));
#301=EDGE_LOOP('',(#2067));
#302=EDGE_LOOP('',(#2068));
#303=EDGE_LOOP('',(#2069,#2070,#2071,#2072));
#304=EDGE_LOOP('',(#2073));
#305=EDGE_LOOP('',(#2074));
#306=EDGE_LOOP('',(#2075,#2076,#2077,#2078));
#307=EDGE_LOOP('',(#2079));
#308=EDGE_LOOP('',(#2080));
#309=EDGE_LOOP('',(#2081,#2082,#2083,#2084));
#310=EDGE_LOOP('',(#2085,#2086,#2087,#2088));
#311=EDGE_LOOP('',(#2089,#2090,#2091,#2092));
#312=EDGE_LOOP('',(#2093,#2094,#2095,#2096));
#313=EDGE_LOOP('',(#2097,#2098,#2099,#2100));
#314=EDGE_LOOP('',(#2101,#2102,#2103,#2104));
#315=EDGE_LOOP('',(#2105,#2106,#2107,#2108));
#316=EDGE_LOOP('',(#2109,#2110,#2111,#2112));
#317=EDGE_LOOP('',(#2113,#2114,#2115,#2116));
#318=EDGE_LOOP('',(#2117,#2118,#2119,#2120));
#319=EDGE_LOOP('',(#2121,#2122,#2123,#2124));
#320=EDGE_LOOP('',(#2125,#2126,#2127,#2128));
#321=EDGE_LOOP('',(#2129,#2130,#2131,#2132));
#322=EDGE_LOOP('',(#2133,#2134,#2135,#2136));
#323=EDGE_LOOP('',(#2137,#2138,#2139,#2140));
#324=EDGE_LOOP('',(#2141,#2142,#2143,#2144));
#325=EDGE_LOOP('',(#2145,#2146,#2147,#2148));
#326=EDGE_LOOP('',(#2149,#2150,#2151,#2152));
#327=EDGE_LOOP('',(#2153,#2154,#2155,#2156));
#328=EDGE_LOOP('',(#2157,#2158,#2159,#2160));
#329=EDGE_LOOP('',(#2161,#2162,#2163,#2164));
#330=EDGE_LOOP('',(#2165,#2166,#2167,#2168));
#331=EDGE_LOOP('',(#2169,#2170,#2171,#2172));
#332=EDGE_LOOP('',(#2173,#2174,#2175,#2176));
#333=EDGE_LOOP('',(#2177,#2178,#2179,#2180));
#334=EDGE_LOOP('',(#2181,#2182,#2183,#2184));
#335=EDGE_LOOP('',(#2185,#2186,#2187,#2188));
#336=EDGE_LOOP('',(#2189,#2190,#2191,#2192));
#337=EDGE_LOOP('',(#2193,#2194,#2195,#2196));
#338=EDGE_LOOP('',(#2197,#2198,#2199,#2200));
#339=EDGE_LOOP('',(#2201,#2202,#2203,#2204));
#340=EDGE_LOOP('',(#2205,#2206,#2207,#2208));
#341=EDGE_LOOP('',(#2209,#2210,#2211,#2212));
#342=EDGE_LOOP('',(#2213,#2214,#2215,#2216));
#343=EDGE_LOOP('',(#2217,#2218,#2219,#2220));
#344=EDGE_LOOP('',(#2221,#2222,#2223,#2224));
#345=EDGE_LOOP('',(#2225,#2226,#2227,#2228));
#346=EDGE_LOOP('',(#2229,#2230,#2231,#2232));
#347=EDGE_LOOP('',(#2233,#2234,#2235,#2236));
#348=EDGE_LOOP('',(#2237,#2238,#2239,#2240));
#349=EDGE_LOOP('',(#2241,#2242,#2243,#2244));
#350=EDGE_LOOP('',(#2245,#2246,#2247,#2248));
#351=EDGE_LOOP('',(#2249,#2250,#2251,#2252));
#352=EDGE_LOOP('',(#2253,#2254,#2255,#2256));
#353=EDGE_LOOP('',(#2257,#2258,#2259,#2260));
#354=EDGE_LOOP('',(#2261,#2262,#2263,#2264));
#355=EDGE_LOOP('',(#2265,#2266,#2267,#2268,#2269,#2270,#2271,#2272,#2273,
#2274,#2275,#2276,#2277,#2278,#2279,#2280,#2281,#2282,#2283,#2284,#2285,
#2286,#2287,#2288,#2289,#2290,#2291,#2292,#2293,#2294,#2295,#2296,#2297,
#2298,#2299,#2300,#2301,#2302,#2303,#2304,#2305,#2306,#2307,#2308,#2309,
#2310,#2311,#2312,#2313,#2314,#2315,#2316,#2317,#2318,#2319,#2320,#2321,
#2322,#2323,#2324,#2325,#2326,#2327,#2328,#2329,#2330,#2331,#2332,#2333,
#2334,#2335,#2336,#2337,#2338,#2339,#2340,#2341,#2342,#2343,#2344,#2345,
#2346,#2347,#2348,#2349,#2350,#2351,#2352,#2353,#2354,#2355,#2356,#2357,
#2358,#2359));
#356=EDGE_LOOP('',(#2360,#2361,#2362,#2363));
#357=EDGE_LOOP('',(#2364,#2365,#2366,#2367));
#358=EDGE_LOOP('',(#2368,#2369,#2370,#2371));
#359=EDGE_LOOP('',(#2372,#2373,#2374,#2375));
#360=EDGE_LOOP('',(#2376,#2377,#2378,#2379));
#361=EDGE_LOOP('',(#2380,#2381,#2382,#2383));
#362=EDGE_LOOP('',(#2384,#2385,#2386,#2387));
#363=EDGE_LOOP('',(#2388,#2389,#2390,#2391));
#364=EDGE_LOOP('',(#2392,#2393,#2394,#2395));
#365=EDGE_LOOP('',(#2396,#2397,#2398,#2399));
#366=EDGE_LOOP('',(#2400,#2401,#2402,#2403));
#367=EDGE_LOOP('',(#2404,#2405,#2406,#2407));
#368=EDGE_LOOP('',(#2408,#2409,#2410,#2411));
#369=EDGE_LOOP('',(#2412,#2413,#2414,#2415));
#370=EDGE_LOOP('',(#2416,#2417,#2418,#2419));
#371=EDGE_LOOP('',(#2420,#2421,#2422,#2423,#2424,#2425,#2426,#2427,#2428,
#2429));
#372=EDGE_LOOP('',(#2430,#2431,#2432,#2433));
#373=EDGE_LOOP('',(#2434,#2435,#2436,#2437));
#374=EDGE_LOOP('',(#2438,#2439,#2440,#2441));
#375=EDGE_LOOP('',(#2442,#2443,#2444,#2445));
#376=EDGE_LOOP('',(#2446,#2447,#2448,#2449));
#377=EDGE_LOOP('',(#2450,#2451,#2452,#2453));
#378=EDGE_LOOP('',(#2454,#2455,#2456,#2457));
#379=EDGE_LOOP('',(#2458,#2459,#2460,#2461));
#380=EDGE_LOOP('',(#2462,#2463,#2464,#2465));
#381=EDGE_LOOP('',(#2466,#2467,#2468,#2469));
#382=EDGE_LOOP('',(#2470,#2471,#2472,#2473));
#383=EDGE_LOOP('',(#2474,#2475,#2476,#2477));
#384=EDGE_LOOP('',(#2478,#2479,#2480,#2481));
#385=EDGE_LOOP('',(#2482,#2483,#2484,#2485));
#386=EDGE_LOOP('',(#2486,#2487,#2488,#2489));
#387=EDGE_LOOP('',(#2490,#2491,#2492,#2493));
#388=EDGE_LOOP('',(#2494,#2495,#2496,#2497));
#389=EDGE_LOOP('',(#2498,#2499,#2500,#2501));
#390=EDGE_LOOP('',(#2502,#2503,#2504,#2505));
#391=EDGE_LOOP('',(#2506,#2507,#2508,#2509));
#392=EDGE_LOOP('',(#2510,#2511,#2512,#2513));
#393=EDGE_LOOP('',(#2514,#2515,#2516,#2517));
#394=EDGE_LOOP('',(#2518,#2519,#2520,#2521));
#395=EDGE_LOOP('',(#2522,#2523,#2524,#2525));
#396=EDGE_LOOP('',(#2526,#2527,#2528,#2529));
#397=EDGE_LOOP('',(#2530,#2531,#2532,#2533));
#398=EDGE_LOOP('',(#2534,#2535,#2536,#2537));
#399=EDGE_LOOP('',(#2538,#2539,#2540,#2541));
#400=EDGE_LOOP('',(#2542,#2543,#2544,#2545));
#401=EDGE_LOOP('',(#2546,#2547,#2548,#2549));
#402=EDGE_LOOP('',(#2550,#2551,#2552,#2553));
#403=EDGE_LOOP('',(#2554,#2555,#2556,#2557));
#404=EDGE_LOOP('',(#2558,#2559,#2560,#2561));
#405=EDGE_LOOP('',(#2562,#2563,#2564,#2565));
#406=EDGE_LOOP('',(#2566,#2567,#2568,#2569));
#407=EDGE_LOOP('',(#2570,#2571,#2572,#2573));
#408=EDGE_LOOP('',(#2574,#2575,#2576,#2577,#2578,#2579,#2580,#2581,#2582,
#2583));
#409=EDGE_LOOP('',(#2584,#2585,#2586,#2587,#2588,#2589,#2590,#2591,#2592,
#2593,#2594,#2595,#2596,#2597,#2598,#2599,#2600,#2601,#2602,#2603,#2604,
#2605,#2606,#2607,#2608,#2609,#2610,#2611,#2612,#2613,#2614,#2615,#2616,
#2617,#2618,#2619,#2620,#2621,#2622,#2623,#2624,#2625,#2626,#2627,#2628,
#2629,#2630,#2631,#2632,#2633,#2634,#2635,#2636,#2637,#2638,#2639));
#410=EDGE_LOOP('',(#2640,#2641,#2642,#2643));
#411=EDGE_LOOP('',(#2644,#2645,#2646,#2647));
#412=EDGE_LOOP('',(#2648,#2649,#2650,#2651));
#413=EDGE_LOOP('',(#2652,#2653,#2654,#2655,#2656,#2657,#2658,#2659,#2660,
#2661,#2662,#2663,#2664,#2665,#2666));
#414=EDGE_LOOP('',(#2667));
#415=EDGE_LOOP('',(#2668));
#416=EDGE_LOOP('',(#2669,#2670,#2671,#2672));
#417=EDGE_LOOP('',(#2673,#2674,#2675,#2676));
#418=EDGE_LOOP('',(#2677,#2678,#2679,#2680));
#419=EDGE_LOOP('',(#2681,#2682,#2683,#2684));
#420=EDGE_LOOP('',(#2685,#2686,#2687,#2688));
#421=EDGE_LOOP('',(#2689,#2690,#2691,#2692));
#422=EDGE_LOOP('',(#2693,#2694,#2695,#2696));
#423=EDGE_LOOP('',(#2697,#2698,#2699,#2700,#2701,#2702,#2703,#2704));
#424=EDGE_LOOP('',(#2705,#2706,#2707,#2708));
#425=EDGE_LOOP('',(#2709,#2710,#2711,#2712));
#426=EDGE_LOOP('',(#2713,#2714,#2715,#2716));
#427=EDGE_LOOP('',(#2717,#2718,#2719,#2720));
#428=EDGE_LOOP('',(#2721,#2722,#2723,#2724,#2725,#2726,#2727,#2728));
#429=EDGE_LOOP('',(#2729,#2730,#2731,#2732,#2733));
#430=EDGE_LOOP('',(#2734,#2735,#2736,#2737));
#431=EDGE_LOOP('',(#2738,#2739,#2740,#2741));
#432=EDGE_LOOP('',(#2742,#2743,#2744,#2745));
#433=EDGE_LOOP('',(#2746,#2747,#2748,#2749));
#434=EDGE_LOOP('',(#2750,#2751,#2752,#2753));
#435=EDGE_LOOP('',(#2754,#2755,#2756,#2757));
#436=EDGE_LOOP('',(#2758,#2759,#2760,#2761));
#437=EDGE_LOOP('',(#2762,#2763,#2764,#2765));
#438=EDGE_LOOP('',(#2766,#2767,#2768,#2769));
#439=EDGE_LOOP('',(#2770,#2771,#2772,#2773));
#440=EDGE_LOOP('',(#2774,#2775,#2776,#2777));
#441=EDGE_LOOP('',(#2778,#2779,#2780,#2781));
#442=EDGE_LOOP('',(#2782,#2783,#2784,#2785));
#443=EDGE_LOOP('',(#2786,#2787,#2788,#2789));
#444=EDGE_LOOP('',(#2790,#2791,#2792,#2793));
#445=EDGE_LOOP('',(#2794,#2795,#2796,#2797));
#446=EDGE_LOOP('',(#2798,#2799,#2800,#2801));
#447=EDGE_LOOP('',(#2802,#2803,#2804,#2805));
#448=EDGE_LOOP('',(#2806,#2807,#2808,#2809));
#449=EDGE_LOOP('',(#2810,#2811,#2812,#2813));
#450=EDGE_LOOP('',(#2814,#2815,#2816,#2817));
#451=EDGE_LOOP('',(#2818,#2819,#2820,#2821));
#452=EDGE_LOOP('',(#2822,#2823,#2824,#2825));
#453=EDGE_LOOP('',(#2826,#2827,#2828,#2829));
#454=EDGE_LOOP('',(#2830,#2831,#2832,#2833));
#455=EDGE_LOOP('',(#2834,#2835,#2836,#2837));
#456=EDGE_LOOP('',(#2838,#2839,#2840,#2841));
#457=EDGE_LOOP('',(#2842,#2843,#2844,#2845,#2846,#2847));
#458=EDGE_LOOP('',(#2848,#2849,#2850,#2851,#2852,#2853,#2854,#2855,#2856,
#2857,#2858,#2859,#2860,#2861,#2862,#2863,#2864,#2865,#2866,#2867,#2868,
#2869,#2870,#2871,#2872,#2873,#2874,#2875,#2876,#2877,#2878,#2879,#2880,
#2881));
#459=EDGE_LOOP('',(#2882,#2883,#2884,#2885,#2886,#2887,#2888,#2889,#2890,
#2891,#2892,#2893,#2894,#2895,#2896,#2897,#2898,#2899,#2900,#2901,#2902,
#2903,#2904,#2905,#2906,#2907,#2908,#2909,#2910,#2911,#2912));
#460=EDGE_LOOP('',(#2913));
#461=EDGE_LOOP('',(#2914));
#462=EDGE_LOOP('',(#2915));
#463=EDGE_LOOP('',(#2916));
#464=EDGE_LOOP('',(#2917));
#465=EDGE_LOOP('',(#2918));
#466=EDGE_LOOP('',(#2919,#2920,#2921,#2922,#2923,#2924,#2925,#2926,#2927,
#2928,#2929,#2930,#2931,#2932,#2933,#2934,#2935,#2936,#2937,#2938,#2939,
#2940,#2941,#2942,#2943,#2944,#2945,#2946,#2947,#2948,#2949,#2950,#2951,
#2952,#2953,#2954,#2955,#2956,#2957,#2958,#2959,#2960,#2961,#2962,#2963,
#2964,#2965,#2966,#2967,#2968,#2969,#2970));
#467=EDGE_LOOP('',(#2971));
#468=EDGE_LOOP('',(#2972));
#469=EDGE_LOOP('',(#2973));
#470=EDGE_LOOP('',(#2974));
#471=EDGE_LOOP('',(#2975,#2976,#2977,#2978));
#472=EDGE_LOOP('',(#2979,#2980,#2981,#2982));
#473=EDGE_LOOP('',(#2983,#2984,#2985,#2986));
#474=EDGE_LOOP('',(#2987,#2988,#2989,#2990));
#475=LINE('',#4551,#786);
#476=LINE('',#4560,#787);
#477=LINE('',#4569,#788);
#478=LINE('',#4578,#789);
#479=LINE('',#4587,#790);
#480=LINE('',#4596,#791);
#481=LINE('',#4606,#792);
#482=LINE('',#4609,#793);
#483=LINE('',#4612,#794);
#484=LINE('',#4614,#795);
#485=LINE('',#4615,#796);
#486=LINE('',#4621,#797);
#487=LINE('',#4624,#798);
#488=LINE('',#4626,#799);
#489=LINE('',#4627,#800);
#490=LINE('',#4633,#801);
#491=LINE('',#4636,#802);
#492=LINE('',#4638,#803);
#493=LINE('',#4639,#804);
#494=LINE('',#4645,#805);
#495=LINE('',#4648,#806);
#496=LINE('',#4650,#807);
#497=LINE('',#4651,#808);
#498=LINE('',#4657,#809);
#499=LINE('',#4660,#810);
#500=LINE('',#4662,#811);
#501=LINE('',#4663,#812);
#502=LINE('',#4669,#813);
#503=LINE('',#4672,#814);
#504=LINE('',#4674,#815);
#505=LINE('',#4675,#816);
#506=LINE('',#4681,#817);
#507=LINE('',#4684,#818);
#508=LINE('',#4686,#819);
#509=LINE('',#4687,#820);
#510=LINE('',#4693,#821);
#511=LINE('',#4696,#822);
#512=LINE('',#4698,#823);
#513=LINE('',#4699,#824);
#514=LINE('',#4705,#825);
#515=LINE('',#4708,#826);
#516=LINE('',#4710,#827);
#517=LINE('',#4711,#828);
#518=LINE('',#4717,#829);
#519=LINE('',#4720,#830);
#520=LINE('',#4722,#831);
#521=LINE('',#4723,#832);
#522=LINE('',#4729,#833);
#523=LINE('',#4732,#834);
#524=LINE('',#4734,#835);
#525=LINE('',#4735,#836);
#526=LINE('',#4741,#837);
#527=LINE('',#4744,#838);
#528=LINE('',#4746,#839);
#529=LINE('',#4747,#840);
#530=LINE('',#4753,#841);
#531=LINE('',#4756,#842);
#532=LINE('',#4758,#843);
#533=LINE('',#4759,#844);
#534=LINE('',#4765,#845);
#535=LINE('',#4768,#846);
#536=LINE('',#4770,#847);
#537=LINE('',#4771,#848);
#538=LINE('',#4777,#849);
#539=LINE('',#4780,#850);
#540=LINE('',#4782,#851);
#541=LINE('',#4783,#852);
#542=LINE('',#4789,#853);
#543=LINE('',#4792,#854);
#544=LINE('',#4794,#855);
#545=LINE('',#4795,#856);
#546=LINE('',#4801,#857);
#547=LINE('',#4804,#858);
#548=LINE('',#4806,#859);
#549=LINE('',#4807,#860);
#550=LINE('',#4813,#861);
#551=LINE('',#4816,#862);
#552=LINE('',#4818,#863);
#553=LINE('',#4819,#864);
#554=LINE('',#4825,#865);
#555=LINE('',#4828,#866);
#556=LINE('',#4830,#867);
#557=LINE('',#4831,#868);
#558=LINE('',#4837,#869);
#559=LINE('',#4840,#870);
#560=LINE('',#4842,#871);
#561=LINE('',#4843,#872);
#562=LINE('',#4849,#873);
#563=LINE('',#4852,#874);
#564=LINE('',#4854,#875);
#565=LINE('',#4855,#876);
#566=LINE('',#4861,#877);
#567=LINE('',#4867,#878);
#568=LINE('',#4870,#879);
#569=LINE('',#4872,#880);
#570=LINE('',#4873,#881);
#571=LINE('',#4876,#882);
#572=LINE('',#4878,#883);
#573=LINE('',#4879,#884);
#574=LINE('',#4882,#885);
#575=LINE('',#4884,#886);
#576=LINE('',#4888,#887);
#577=LINE('',#4892,#888);
#578=LINE('',#4896,#889);
#579=LINE('',#4900,#890);
#580=LINE('',#4904,#891);
#581=LINE('',#4908,#892);
#582=LINE('',#4912,#893);
#583=LINE('',#4916,#894);
#584=LINE('',#4920,#895);
#585=LINE('',#4924,#896);
#586=LINE('',#4930,#897);
#587=LINE('',#4934,#898);
#588=LINE('',#4938,#899);
#589=LINE('',#4942,#900);
#590=LINE('',#4946,#901);
#591=LINE('',#4950,#902);
#592=LINE('',#4954,#903);
#593=LINE('',#4958,#904);
#594=LINE('',#4962,#905);
#595=LINE('',#4966,#906);
#596=LINE('',#4970,#907);
#597=LINE('',#4976,#908);
#598=LINE('',#4977,#909);
#599=LINE('',#4980,#910);
#600=LINE('',#4982,#911);
#601=LINE('',#4983,#912);
#602=LINE('',#4986,#913);
#603=LINE('',#4990,#914);
#604=LINE('',#4994,#915);
#605=LINE('',#4995,#916);
#606=LINE('',#4998,#917);
#607=LINE('',#5002,#918);
#608=LINE('',#5003,#919);
#609=LINE('',#5006,#920);
#610=LINE('',#5010,#921);
#611=LINE('',#5011,#922);
#612=LINE('',#5014,#923);
#613=LINE('',#5018,#924);
#614=LINE('',#5019,#925);
#615=LINE('',#5022,#926);
#616=LINE('',#5026,#927);
#617=LINE('',#5027,#928);
#618=LINE('',#5030,#929);
#619=LINE('',#5034,#930);
#620=LINE('',#5035,#931);
#621=LINE('',#5038,#932);
#622=LINE('',#5042,#933);
#623=LINE('',#5044,#934);
#624=LINE('',#5046,#935);
#625=LINE('',#5050,#936);
#626=LINE('',#5054,#937);
#627=LINE('',#5055,#938);
#628=LINE('',#5058,#939);
#629=LINE('',#5062,#940);
#630=LINE('',#5063,#941);
#631=LINE('',#5066,#942);
#632=LINE('',#5070,#943);
#633=LINE('',#5071,#944);
#634=LINE('',#5074,#945);
#635=LINE('',#5078,#946);
#636=LINE('',#5079,#947);
#637=LINE('',#5082,#948);
#638=LINE('',#5086,#949);
#639=LINE('',#5087,#950);
#640=LINE('',#5090,#951);
#641=LINE('',#5094,#952);
#642=LINE('',#5098,#953);
#643=LINE('',#5099,#954);
#644=LINE('',#5102,#955);
#645=LINE('',#5106,#956);
#646=LINE('',#5107,#957);
#647=LINE('',#5110,#958);
#648=LINE('',#5114,#959);
#649=LINE('',#5115,#960);
#650=LINE('',#5118,#961);
#651=LINE('',#5122,#962);
#652=LINE('',#5123,#963);
#653=LINE('',#5126,#964);
#654=LINE('',#5130,#965);
#655=LINE('',#5131,#966);
#656=LINE('',#5134,#967);
#657=LINE('',#5138,#968);
#658=LINE('',#5139,#969);
#659=LINE('',#5142,#970);
#660=LINE('',#5146,#971);
#661=LINE('',#5147,#972);
#662=LINE('',#5150,#973);
#663=LINE('',#5154,#974);
#664=LINE('',#5155,#975);
#665=LINE('',#5158,#976);
#666=LINE('',#5162,#977);
#667=LINE('',#5163,#978);
#668=LINE('',#5166,#979);
#669=LINE('',#5170,#980);
#670=LINE('',#5171,#981);
#671=LINE('',#5174,#982);
#672=LINE('',#5178,#983);
#673=LINE('',#5179,#984);
#674=LINE('',#5183,#985);
#675=LINE('',#5184,#986);
#676=LINE('',#5185,#987);
#677=LINE('',#5189,#988);
#678=LINE('',#5192,#989);
#679=LINE('',#5193,#990);
#680=LINE('',#5197,#991);
#681=LINE('',#5198,#992);
#682=LINE('',#5199,#993);
#683=LINE('',#5204,#994);
#684=LINE('',#5206,#995);
#685=LINE('',#5208,#996);
#686=LINE('',#5210,#997);
#687=LINE('',#5211,#998);
#688=LINE('',#5214,#999);
#689=LINE('',#5216,#1000);
#690=LINE('',#5220,#1001);
#691=LINE('',#5222,#1002);
#692=LINE('',#5226,#1003);
#693=LINE('',#5230,#1004);
#694=LINE('',#5234,#1005);
#695=LINE('',#5236,#1006);
#696=LINE('',#5240,#1007);
#697=LINE('',#5242,#1008);
#698=LINE('',#5246,#1009);
#699=LINE('',#5250,#1010);
#700=LINE('',#5254,#1011);
#701=LINE('',#5259,#1012);
#702=LINE('',#5263,#1013);
#703=LINE('',#5297,#1014);
#704=LINE('',#5309,#1015);
#705=LINE('',#5312,#1016);
#706=LINE('',#5314,#1017);
#707=LINE('',#5318,#1018);
#708=LINE('',#5322,#1019);
#709=LINE('',#5324,#1020);
#710=LINE('',#5326,#1021);
#711=LINE('',#5332,#1022);
#712=LINE('',#5336,#1023);
#713=LINE('',#5340,#1024);
#714=LINE('',#5343,#1025);
#715=LINE('',#5346,#1026);
#716=LINE('',#5347,#1027);
#717=LINE('',#5350,#1028);
#718=LINE('',#5354,#1029);
#719=LINE('',#5355,#1030);
#720=LINE('',#5358,#1031);
#721=LINE('',#5362,#1032);
#722=LINE('',#5366,#1033);
#723=LINE('',#5367,#1034);
#724=LINE('',#5370,#1035);
#725=LINE('',#5371,#1036);
#726=LINE('',#5372,#1037);
#727=LINE('',#5375,#1038);
#728=LINE('',#5376,#1039);
#729=LINE('',#5379,#1040);
#730=LINE('',#5383,#1041);
#731=LINE('',#5384,#1042);
#732=LINE('',#5387,#1043);
#733=LINE('',#5390,#1044);
#734=LINE('',#5391,#1045);
#735=LINE('',#5394,#1046);
#736=LINE('',#5396,#1047);
#737=LINE('',#5397,#1048);
#738=LINE('',#5403,#1049);
#739=LINE('',#5406,#1050);
#740=LINE('',#5408,#1051);
#741=LINE('',#5409,#1052);
#742=LINE('',#5415,#1053);
#743=LINE('',#5418,#1054);
#744=LINE('',#5420,#1055);
#745=LINE('',#5421,#1056);
#746=LINE('',#5427,#1057);
#747=LINE('',#5430,#1058);
#748=LINE('',#5432,#1059);
#749=LINE('',#5433,#1060);
#750=LINE('',#5440,#1061);
#751=LINE('',#5443,#1062);
#752=LINE('',#5444,#1063);
#753=LINE('',#5448,#1064);
#754=LINE('',#5451,#1065);
#755=LINE('',#5452,#1066);
#756=LINE('',#5456,#1067);
#757=LINE('',#5459,#1068);
#758=LINE('',#5460,#1069);
#759=LINE('',#5464,#1070);
#760=LINE('',#5467,#1071);
#761=LINE('',#5468,#1072);
#762=LINE('',#5471,#1073);
#763=LINE('',#5472,#1074);
#764=LINE('',#5476,#1075);
#765=LINE('',#5479,#1076);
#766=LINE('',#5480,#1077);
#767=LINE('',#5483,#1078);
#768=LINE('',#5484,#1079);
#769=LINE('',#5488,#1080);
#770=LINE('',#5491,#1081);
#771=LINE('',#5492,#1082);
#772=LINE('',#5496,#1083);
#773=LINE('',#5499,#1084);
#774=LINE('',#5500,#1085);
#775=LINE('',#5504,#1086);
#776=LINE('',#5507,#1087);
#777=LINE('',#5508,#1088);
#778=LINE('',#5511,#1089);
#779=LINE('',#5512,#1090);
#780=LINE('',#5516,#1091);
#781=LINE('',#5518,#1092);
#782=LINE('',#5531,#1093);
#783=LINE('',#5533,#1094);
#784=LINE('',#5535,#1095);
#785=LINE('',#5537,#1096);
#786=VECTOR('',#3586,2.19999999999999);
#787=VECTOR('',#3597,2.19999999999999);
#788=VECTOR('',#3608,2.19999999999999);
#789=VECTOR('',#3619,2.20000000000001);
#790=VECTOR('',#3630,2.19999999999999);
#791=VECTOR('',#3641,2.19999999999999);
#792=VECTOR('',#3652,10.);
#793=VECTOR('',#3655,10.);
#794=VECTOR('',#3658,10.);
#795=VECTOR('',#3659,10.);
#796=VECTOR('',#3660,10.);
#797=VECTOR('',#3667,10.);
#798=VECTOR('',#3670,10.);
#799=VECTOR('',#3671,10.);
#800=VECTOR('',#3672,10.);
#801=VECTOR('',#3679,10.);
#802=VECTOR('',#3682,10.);
#803=VECTOR('',#3683,10.);
#804=VECTOR('',#3684,10.);
#805=VECTOR('',#3691,10.);
#806=VECTOR('',#3694,10.);
#807=VECTOR('',#3695,10.);
#808=VECTOR('',#3696,10.);
#809=VECTOR('',#3703,10.);
#810=VECTOR('',#3706,10.);
#811=VECTOR('',#3707,10.);
#812=VECTOR('',#3708,10.);
#813=VECTOR('',#3715,10.);
#814=VECTOR('',#3718,10.);
#815=VECTOR('',#3719,10.);
#816=VECTOR('',#3720,10.);
#817=VECTOR('',#3727,10.);
#818=VECTOR('',#3730,10.);
#819=VECTOR('',#3731,10.);
#820=VECTOR('',#3732,10.);
#821=VECTOR('',#3739,10.);
#822=VECTOR('',#3742,10.);
#823=VECTOR('',#3743,10.);
#824=VECTOR('',#3744,10.);
#825=VECTOR('',#3751,10.);
#826=VECTOR('',#3754,10.);
#827=VECTOR('',#3755,10.);
#828=VECTOR('',#3756,10.);
#829=VECTOR('',#3763,10.);
#830=VECTOR('',#3766,10.);
#831=VECTOR('',#3767,10.);
#832=VECTOR('',#3768,10.);
#833=VECTOR('',#3775,10.);
#834=VECTOR('',#3778,10.);
#835=VECTOR('',#3779,10.);
#836=VECTOR('',#3780,10.);
#837=VECTOR('',#3787,10.);
#838=VECTOR('',#3790,10.);
#839=VECTOR('',#3791,10.);
#840=VECTOR('',#3792,10.);
#841=VECTOR('',#3799,10.);
#842=VECTOR('',#3802,10.);
#843=VECTOR('',#3803,10.);
#844=VECTOR('',#3804,10.);
#845=VECTOR('',#3811,10.);
#846=VECTOR('',#3814,10.);
#847=VECTOR('',#3815,10.);
#848=VECTOR('',#3816,10.);
#849=VECTOR('',#3823,10.);
#850=VECTOR('',#3826,10.);
#851=VECTOR('',#3827,10.);
#852=VECTOR('',#3828,10.);
#853=VECTOR('',#3835,10.);
#854=VECTOR('',#3838,10.);
#855=VECTOR('',#3839,10.);
#856=VECTOR('',#3840,10.);
#857=VECTOR('',#3847,10.);
#858=VECTOR('',#3850,10.);
#859=VECTOR('',#3851,10.);
#860=VECTOR('',#3852,10.);
#861=VECTOR('',#3859,10.);
#862=VECTOR('',#3862,10.);
#863=VECTOR('',#3863,10.);
#864=VECTOR('',#3864,10.);
#865=VECTOR('',#3871,10.);
#866=VECTOR('',#3874,10.);
#867=VECTOR('',#3875,10.);
#868=VECTOR('',#3876,10.);
#869=VECTOR('',#3883,10.);
#870=VECTOR('',#3886,10.);
#871=VECTOR('',#3887,10.);
#872=VECTOR('',#3888,10.);
#873=VECTOR('',#3895,10.);
#874=VECTOR('',#3898,10.);
#875=VECTOR('',#3899,10.);
#876=VECTOR('',#3900,10.);
#877=VECTOR('',#3907,10.);
#878=VECTOR('',#3914,10.);
#879=VECTOR('',#3917,10.);
#880=VECTOR('',#3918,10.);
#881=VECTOR('',#3919,10.);
#882=VECTOR('',#3922,10.);
#883=VECTOR('',#3923,10.);
#884=VECTOR('',#3924,10.);
#885=VECTOR('',#3927,10.);
#886=VECTOR('',#3928,10.);
#887=VECTOR('',#3931,10.);
#888=VECTOR('',#3934,10.);
#889=VECTOR('',#3937,10.);
#890=VECTOR('',#3940,10.);
#891=VECTOR('',#3943,10.);
#892=VECTOR('',#3946,10.);
#893=VECTOR('',#3949,10.);
#894=VECTOR('',#3952,10.);
#895=VECTOR('',#3955,10.);
#896=VECTOR('',#3958,10.);
#897=VECTOR('',#3963,10.);
#898=VECTOR('',#3966,10.);
#899=VECTOR('',#3969,10.);
#900=VECTOR('',#3972,10.);
#901=VECTOR('',#3975,10.);
#902=VECTOR('',#3978,10.);
#903=VECTOR('',#3981,10.);
#904=VECTOR('',#3984,10.);
#905=VECTOR('',#3987,10.);
#906=VECTOR('',#3990,10.);
#907=VECTOR('',#3993,10.);
#908=VECTOR('',#3998,10.);
#909=VECTOR('',#3999,10.);
#910=VECTOR('',#4002,10.);
#911=VECTOR('',#4003,10.);
#912=VECTOR('',#4004,10.);
#913=VECTOR('',#4007,10.);
#914=VECTOR('',#4012,10.);
#915=VECTOR('',#4017,10.);
#916=VECTOR('',#4018,10.);
#917=VECTOR('',#4021,10.);
#918=VECTOR('',#4026,10.);
#919=VECTOR('',#4027,10.);
#920=VECTOR('',#4030,10.);
#921=VECTOR('',#4035,10.);
#922=VECTOR('',#4036,10.);
#923=VECTOR('',#4039,10.);
#924=VECTOR('',#4044,10.);
#925=VECTOR('',#4045,10.);
#926=VECTOR('',#4048,10.);
#927=VECTOR('',#4053,10.);
#928=VECTOR('',#4054,10.);
#929=VECTOR('',#4057,10.);
#930=VECTOR('',#4062,10.);
#931=VECTOR('',#4063,10.);
#932=VECTOR('',#4066,10.);
#933=VECTOR('',#4071,10.);
#934=VECTOR('',#4072,10.);
#935=VECTOR('',#4073,10.);
#936=VECTOR('',#4076,10.);
#937=VECTOR('',#4079,10.);
#938=VECTOR('',#4080,10.);
#939=VECTOR('',#4083,10.);
#940=VECTOR('',#4088,10.);
#941=VECTOR('',#4089,10.);
#942=VECTOR('',#4092,10.);
#943=VECTOR('',#4097,10.);
#944=VECTOR('',#4098,10.);
#945=VECTOR('',#4101,10.);
#946=VECTOR('',#4106,10.);
#947=VECTOR('',#4107,10.);
#948=VECTOR('',#4110,10.);
#949=VECTOR('',#4115,10.);
#950=VECTOR('',#4116,10.);
#951=VECTOR('',#4119,10.);
#952=VECTOR('',#4124,10.);
#953=VECTOR('',#4129,10.);
#954=VECTOR('',#4130,10.);
#955=VECTOR('',#4133,10.);
#956=VECTOR('',#4138,10.);
#957=VECTOR('',#4139,10.);
#958=VECTOR('',#4142,10.);
#959=VECTOR('',#4147,10.);
#960=VECTOR('',#4148,10.);
#961=VECTOR('',#4151,10.);
#962=VECTOR('',#4156,10.);
#963=VECTOR('',#4157,10.);
#964=VECTOR('',#4160,10.);
#965=VECTOR('',#4165,10.);
#966=VECTOR('',#4166,10.);
#967=VECTOR('',#4169,10.);
#968=VECTOR('',#4174,10.);
#969=VECTOR('',#4175,10.);
#970=VECTOR('',#4178,10.);
#971=VECTOR('',#4183,10.);
#972=VECTOR('',#4184,10.);
#973=VECTOR('',#4187,10.);
#974=VECTOR('',#4192,10.);
#975=VECTOR('',#4193,10.);
#976=VECTOR('',#4196,10.);
#977=VECTOR('',#4201,10.);
#978=VECTOR('',#4202,10.);
#979=VECTOR('',#4205,10.);
#980=VECTOR('',#4210,10.);
#981=VECTOR('',#4211,10.);
#982=VECTOR('',#4214,10.);
#983=VECTOR('',#4219,10.);
#984=VECTOR('',#4220,10.);
#985=VECTOR('',#4223,10.);
#986=VECTOR('',#4224,10.);
#987=VECTOR('',#4225,10.);
#988=VECTOR('',#4230,10.);
#989=VECTOR('',#4233,10.);
#990=VECTOR('',#4234,10.);
#991=VECTOR('',#4237,10.);
#992=VECTOR('',#4238,10.);
#993=VECTOR('',#4239,10.);
#994=VECTOR('',#4246,10.);
#995=VECTOR('',#4247,10.);
#996=VECTOR('',#4248,10.);
#997=VECTOR('',#4249,10.);
#998=VECTOR('',#4250,10.);
#999=VECTOR('',#4253,10.);
#1000=VECTOR('',#4254,10.);
#1001=VECTOR('',#4257,10.);
#1002=VECTOR('',#4258,10.);
#1003=VECTOR('',#4261,10.);
#1004=VECTOR('',#4264,10.);
#1005=VECTOR('',#4267,10.);
#1006=VECTOR('',#4268,10.);
#1007=VECTOR('',#4271,10.);
#1008=VECTOR('',#4272,10.);
#1009=VECTOR('',#4275,10.);
#1010=VECTOR('',#4278,10.);
#1011=VECTOR('',#4281,10.);
#1012=VECTOR('',#4288,1.1);
#1013=VECTOR('',#4293,1.1);
#1014=VECTOR('',#4294,10.);
#1015=VECTOR('',#4295,10.);
#1016=VECTOR('',#4298,10.);
#1017=VECTOR('',#4299,10.);
#1018=VECTOR('',#4302,10.);
#1019=VECTOR('',#4305,10.);
#1020=VECTOR('',#4306,10.);
#1021=VECTOR('',#4307,10.);
#1022=VECTOR('',#4312,10.);
#1023=VECTOR('',#4315,10.);
#1024=VECTOR('',#4320,10.);
#1025=VECTOR('',#4323,10.);
#1026=VECTOR('',#4326,10.);
#1027=VECTOR('',#4327,10.);
#1028=VECTOR('',#4330,10.);
#1029=VECTOR('',#4335,10.);
#1030=VECTOR('',#4336,10.);
#1031=VECTOR('',#4339,10.);
#1032=VECTOR('',#4344,10.);
#1033=VECTOR('',#4349,10.);
#1034=VECTOR('',#4350,10.);
#1035=VECTOR('',#4353,10.);
#1036=VECTOR('',#4354,10.);
#1037=VECTOR('',#4355,10.);
#1038=VECTOR('',#4358,10.);
#1039=VECTOR('',#4359,10.);
#1040=VECTOR('',#4362,10.);
#1041=VECTOR('',#4367,10.);
#1042=VECTOR('',#4368,10.);
#1043=VECTOR('',#4371,10.);
#1044=VECTOR('',#4376,10.);
#1045=VECTOR('',#4377,10.);
#1046=VECTOR('',#4380,10.);
#1047=VECTOR('',#4381,10.);
#1048=VECTOR('',#4382,10.);
#1049=VECTOR('',#4389,10.);
#1050=VECTOR('',#4392,10.);
#1051=VECTOR('',#4393,10.);
#1052=VECTOR('',#4394,10.);
#1053=VECTOR('',#4401,10.);
#1054=VECTOR('',#4404,10.);
#1055=VECTOR('',#4405,10.);
#1056=VECTOR('',#4406,10.);
#1057=VECTOR('',#4413,10.);
#1058=VECTOR('',#4416,10.);
#1059=VECTOR('',#4417,10.);
#1060=VECTOR('',#4418,10.);
#1061=VECTOR('',#4429,10.);
#1062=VECTOR('',#4432,10.);
#1063=VECTOR('',#4433,10.);
#1064=VECTOR('',#4438,10.);
#1065=VECTOR('',#4441,10.);
#1066=VECTOR('',#4442,10.);
#1067=VECTOR('',#4447,10.);
#1068=VECTOR('',#4450,10.);
#1069=VECTOR('',#4451,10.);
#1070=VECTOR('',#4456,10.);
#1071=VECTOR('',#4459,10.);
#1072=VECTOR('',#4460,10.);
#1073=VECTOR('',#4463,10.);
#1074=VECTOR('',#4464,10.);
#1075=VECTOR('',#4469,10.);
#1076=VECTOR('',#4472,10.);
#1077=VECTOR('',#4473,10.);
#1078=VECTOR('',#4476,10.);
#1079=VECTOR('',#4477,10.);
#1080=VECTOR('',#4482,10.);
#1081=VECTOR('',#4485,10.);
#1082=VECTOR('',#4486,10.);
#1083=VECTOR('',#4491,10.);
#1084=VECTOR('',#4494,10.);
#1085=VECTOR('',#4495,10.);
#1086=VECTOR('',#4500,10.);
#1087=VECTOR('',#4503,10.);
#1088=VECTOR('',#4504,10.);
#1089=VECTOR('',#4507,10.);
#1090=VECTOR('',#4508,10.);
#1091=VECTOR('',#4513,10.);
#1092=VECTOR('',#4516,10.);
#1093=VECTOR('',#4533,1.1);
#1094=VECTOR('',#4536,1.1);
#1095=VECTOR('',#4539,1.1);
#1096=VECTOR('',#4542,1.1);
#1097=CIRCLE('',#3253,2.19999999999999);
#1098=CIRCLE('',#3254,2.19999999999999);
#1099=CIRCLE('',#3256,1.1);
#1100=CIRCLE('',#3258,2.19999999999999);
#1101=CIRCLE('',#3259,2.19999999999999);
#1102=CIRCLE('',#3261,1.1);
#1103=CIRCLE('',#3263,2.19999999999999);
#1104=CIRCLE('',#3264,2.19999999999999);
#1105=CIRCLE('',#3266,1.1);
#1106=CIRCLE('',#3268,2.20000000000001);
#1107=CIRCLE('',#3269,2.20000000000001);
#1108=CIRCLE('',#3271,1.1);
#1109=CIRCLE('',#3273,2.19999999999999);
#1110=CIRCLE('',#3274,2.19999999999999);
#1111=CIRCLE('',#3276,1.1);
#1112=CIRCLE('',#3278,2.19999999999999);
#1113=CIRCLE('',#3279,2.19999999999999);
#1114=CIRCLE('',#3281,1.1);
#1115=CIRCLE('',#3283,0.199999252931447);
#1116=CIRCLE('',#3284,0.199999252931447);
#1117=CIRCLE('',#3287,1.7999992529251);
#1118=CIRCLE('',#3288,1.7999992529251);
#1119=CIRCLE('',#3291,0.199999252931483);
#1120=CIRCLE('',#3292,0.199999252931483);
#1121=CIRCLE('',#3295,1.79999925292503);
#1122=CIRCLE('',#3296,1.79999925292503);
#1123=CIRCLE('',#3299,0.199999252931447);
#1124=CIRCLE('',#3300,0.199999252931447);
#1125=CIRCLE('',#3303,0.199999252921446);
#1126=CIRCLE('',#3304,0.199999252921446);
#1127=CIRCLE('',#3307,1.79999925292503);
#1128=CIRCLE('',#3308,1.79999925292503);
#1129=CIRCLE('',#3311,0.199999252921446);
#1130=CIRCLE('',#3312,0.199999252921446);
#1131=CIRCLE('',#3315,1.7999992529251);
#1132=CIRCLE('',#3316,1.7999992529251);
#1133=CIRCLE('',#3319,0.199999252921446);
#1134=CIRCLE('',#3320,0.199999252921446);
#1135=CIRCLE('',#3323,1.30000133357618);
#1136=CIRCLE('',#3324,1.30000133357618);
#1137=CIRCLE('',#3327,0.199999252921438);
#1138=CIRCLE('',#3328,0.199999252921438);
#1139=CIRCLE('',#3331,1.79999925292506);
#1140=CIRCLE('',#3332,1.79999925292506);
#1141=CIRCLE('',#3335,0.199999252926429);
#1142=CIRCLE('',#3336,0.199999252926429);
#1143=CIRCLE('',#3339,1.799999252925);
#1144=CIRCLE('',#3340,1.799999252925);
#1145=CIRCLE('',#3343,0.199999252926438);
#1146=CIRCLE('',#3344,0.199999252926438);
#1147=CIRCLE('',#3347,5.80016459188755);
#1148=CIRCLE('',#3348,5.80016459188755);
#1149=CIRCLE('',#3351,0.199999282771949);
#1150=CIRCLE('',#3352,0.199999282771949);
#1151=CIRCLE('',#3355,0.199999757279071);
#1152=CIRCLE('',#3356,0.199999757279071);
#1153=CIRCLE('',#3359,0.200082923575792);
#1154=CIRCLE('',#3360,0.200082923575792);
#1155=CIRCLE('',#3363,5.80000021641404);
#1156=CIRCLE('',#3364,5.80000021641404);
#1157=CIRCLE('',#3367,0.199999252926705);
#1158=CIRCLE('',#3368,0.199999252926705);
#1159=CIRCLE('',#3370,1.799999252925);
#1160=CIRCLE('',#3371,1.799999252925);
#1161=CIRCLE('',#3375,1.19999925293028);
#1162=CIRCLE('',#3376,0.799999252925095);
#1163=CIRCLE('',#3377,1.19999925293031);
#1164=CIRCLE('',#3378,0.799999252925077);
#1165=CIRCLE('',#3379,1.19999925293028);
#1166=CIRCLE('',#3380,1.19999925292028);
#1167=CIRCLE('',#3381,0.799999252925059);
#1168=CIRCLE('',#3382,1.19999925292028);
#1169=CIRCLE('',#3383,0.799999252925077);
#1170=CIRCLE('',#3384,1.19999925292028);
#1171=CIRCLE('',#3385,0.300001333576183);
#1172=CIRCLE('',#3386,0.700001333574998);
#1173=CIRCLE('',#3387,1.19999925292028);
#1174=CIRCLE('',#3388,0.799999252925059);
#1175=CIRCLE('',#3389,1.19999925292527);
#1176=CIRCLE('',#3390,0.799999252924988);
#1177=CIRCLE('',#3391,1.19999925292528);
#1178=CIRCLE('',#3392,4.80016459188756);
#1179=CIRCLE('',#3393,1.19999928277194);
#1180=CIRCLE('',#3394,1.19999975727879);
#1181=CIRCLE('',#3395,1.20008292357578);
#1182=CIRCLE('',#3396,4.80000021641402);
#1183=CIRCLE('',#3397,1.19999925292553);
#1184=CIRCLE('',#3398,0.799999252925022);
#1185=CIRCLE('',#3401,0.799999252925022);
#1186=CIRCLE('',#3403,1.19999925292553);
#1187=CIRCLE('',#3406,4.80000021641402);
#1188=CIRCLE('',#3409,1.20008292357578);
#1189=CIRCLE('',#3412,1.19999975727879);
#1190=CIRCLE('',#3415,1.19999928277194);
#1191=CIRCLE('',#3418,4.80016459188756);
#1192=CIRCLE('',#3421,1.19999925292528);
#1193=CIRCLE('',#3423,0.999999999999994);
#1194=CIRCLE('',#3424,0.999999999999996);
#1195=CIRCLE('',#3426,0.799999252924988);
#1196=CIRCLE('',#3429,1.19999925292527);
#1197=CIRCLE('',#3432,0.799999252925059);
#1198=CIRCLE('',#3435,1.19999925292028);
#1199=CIRCLE('',#3438,0.700001333574998);
#1200=CIRCLE('',#3440,0.300001333576183);
#1201=CIRCLE('',#3443,1.19999925292028);
#1202=CIRCLE('',#3446,0.799999252925077);
#1203=CIRCLE('',#3449,1.19999925292028);
#1204=CIRCLE('',#3452,0.799999252925059);
#1205=CIRCLE('',#3455,1.19999925292028);
#1206=CIRCLE('',#3458,1.19999925293028);
#1207=CIRCLE('',#3461,0.799999252925077);
#1208=CIRCLE('',#3464,1.19999925293031);
#1209=CIRCLE('',#3467,0.799999252925095);
#1210=CIRCLE('',#3470,1.19999925293028);
#1211=CIRCLE('',#3474,0.999999999999994);
#1212=CIRCLE('',#3478,0.999999999999996);
#1213=CIRCLE('',#3481,4.19999925293004);
#1214=CIRCLE('',#3482,4.1999992529303);
#1215=CIRCLE('',#3483,4.19999925293004);
#1216=CIRCLE('',#3484,4.19999925292004);
#1217=CIRCLE('',#3485,4.19999925292003);
#1218=CIRCLE('',#3486,4.19999925292003);
#1219=CIRCLE('',#3487,3.70000133357298);
#1220=CIRCLE('',#3488,4.19999925292027);
#1221=CIRCLE('',#3489,4.19999925292525);
#1222=CIRCLE('',#3491,1.1);
#1223=CIRCLE('',#3493,1.1);
#1224=CIRCLE('',#3495,1.19999925300028);
#1225=CIRCLE('',#3496,0.799999252925095);
#1226=CIRCLE('',#3497,0.299999252925018);
#1227=CIRCLE('',#3498,1.69999925292554);
#1228=CIRCLE('',#3499,4.30000021641402);
#1229=CIRCLE('',#3500,5.99999999999997);
#1230=CIRCLE('',#3502,5.99999999999997);
#1231=CIRCLE('',#3505,4.30000021641402);
#1232=CIRCLE('',#3508,1.69999925292554);
#1233=CIRCLE('',#3510,0.299999252925018);
#1234=CIRCLE('',#3515,0.799999252925095);
#1235=CIRCLE('',#3518,1.19999925300028);
#1236=CIRCLE('',#3522,4.19999975727878);
#1237=CIRCLE('',#3523,4.19999975727878);
#1238=CIRCLE('',#3526,4.19999928277175);
#1239=CIRCLE('',#3527,4.19999928277175);
#1240=CIRCLE('',#3530,1.80016459157389);
#1241=CIRCLE('',#3531,1.80016459157389);
#1242=CIRCLE('',#3534,4.1999992532387);
#1243=CIRCLE('',#3535,4.1999992532387);
#1244=CIRCLE('',#3537,4.19999925292525);
#1245=CIRCLE('',#3540,4.19999925292027);
#1246=CIRCLE('',#3543,3.70000133357298);
#1247=CIRCLE('',#3546,4.19999925292003);
#1248=CIRCLE('',#3550,4.19999925292003);
#1249=CIRCLE('',#3554,4.19999925292004);
#1250=CIRCLE('',#3557,4.19999925293004);
#1251=CIRCLE('',#3560,4.1999992529303);
#1252=CIRCLE('',#3564,4.19999925293004);
#1253=CIRCLE('',#3569,1.1);
#1254=CIRCLE('',#3570,1.1);
#1255=CIRCLE('',#3571,1.1);
#1256=CIRCLE('',#3572,1.1);
#1257=VERTEX_POINT('',#4548);
#1258=VERTEX_POINT('',#4550);
#1259=VERTEX_POINT('',#4554);
#1260=VERTEX_POINT('',#4557);
#1261=VERTEX_POINT('',#4559);
#1262=VERTEX_POINT('',#4563);
#1263=VERTEX_POINT('',#4566);
#1264=VERTEX_POINT('',#4568);
#1265=VERTEX_POINT('',#4572);
#1266=VERTEX_POINT('',#4575);
#1267=VERTEX_POINT('',#4577);
#1268=VERTEX_POINT('',#4581);
#1269=VERTEX_POINT('',#4584);
#1270=VERTEX_POINT('',#4586);
#1271=VERTEX_POINT('',#4590);
#1272=VERTEX_POINT('',#4593);
#1273=VERTEX_POINT('',#4595);
#1274=VERTEX_POINT('',#4599);
#1275=VERTEX_POINT('',#4602);
#1276=VERTEX_POINT('',#4603);
#1277=VERTEX_POINT('',#4605);
#1278=VERTEX_POINT('',#4607);
#1279=VERTEX_POINT('',#4611);
#1280=VERTEX_POINT('',#4613);
#1281=VERTEX_POINT('',#4617);
#1282=VERTEX_POINT('',#4619);
#1283=VERTEX_POINT('',#4623);
#1284=VERTEX_POINT('',#4625);
#1285=VERTEX_POINT('',#4629);
#1286=VERTEX_POINT('',#4631);
#1287=VERTEX_POINT('',#4635);
#1288=VERTEX_POINT('',#4637);
#1289=VERTEX_POINT('',#4641);
#1290=VERTEX_POINT('',#4643);
#1291=VERTEX_POINT('',#4647);
#1292=VERTEX_POINT('',#4649);
#1293=VERTEX_POINT('',#4653);
#1294=VERTEX_POINT('',#4655);
#1295=VERTEX_POINT('',#4659);
#1296=VERTEX_POINT('',#4661);
#1297=VERTEX_POINT('',#4665);
#1298=VERTEX_POINT('',#4667);
#1299=VERTEX_POINT('',#4671);
#1300=VERTEX_POINT('',#4673);
#1301=VERTEX_POINT('',#4677);
#1302=VERTEX_POINT('',#4679);
#1303=VERTEX_POINT('',#4683);
#1304=VERTEX_POINT('',#4685);
#1305=VERTEX_POINT('',#4689);
#1306=VERTEX_POINT('',#4691);
#1307=VERTEX_POINT('',#4695);
#1308=VERTEX_POINT('',#4697);
#1309=VERTEX_POINT('',#4701);
#1310=VERTEX_POINT('',#4703);
#1311=VERTEX_POINT('',#4707);
#1312=VERTEX_POINT('',#4709);
#1313=VERTEX_POINT('',#4713);
#1314=VERTEX_POINT('',#4715);
#1315=VERTEX_POINT('',#4719);
#1316=VERTEX_POINT('',#4721);
#1317=VERTEX_POINT('',#4725);
#1318=VERTEX_POINT('',#4727);
#1319=VERTEX_POINT('',#4731);
#1320=VERTEX_POINT('',#4733);
#1321=VERTEX_POINT('',#4737);
#1322=VERTEX_POINT('',#4739);
#1323=VERTEX_POINT('',#4743);
#1324=VERTEX_POINT('',#4745);
#1325=VERTEX_POINT('',#4749);
#1326=VERTEX_POINT('',#4751);
#1327=VERTEX_POINT('',#4755);
#1328=VERTEX_POINT('',#4757);
#1329=VERTEX_POINT('',#4761);
#1330=VERTEX_POINT('',#4763);
#1331=VERTEX_POINT('',#4767);
#1332=VERTEX_POINT('',#4769);
#1333=VERTEX_POINT('',#4773);
#1334=VERTEX_POINT('',#4775);
#1335=VERTEX_POINT('',#4779);
#1336=VERTEX_POINT('',#4781);
#1337=VERTEX_POINT('',#4785);
#1338=VERTEX_POINT('',#4787);
#1339=VERTEX_POINT('',#4791);
#1340=VERTEX_POINT('',#4793);
#1341=VERTEX_POINT('',#4797);
#1342=VERTEX_POINT('',#4799);
#1343=VERTEX_POINT('',#4803);
#1344=VERTEX_POINT('',#4805);
#1345=VERTEX_POINT('',#4809);
#1346=VERTEX_POINT('',#4811);
#1347=VERTEX_POINT('',#4815);
#1348=VERTEX_POINT('',#4817);
#1349=VERTEX_POINT('',#4821);
#1350=VERTEX_POINT('',#4823);
#1351=VERTEX_POINT('',#4827);
#1352=VERTEX_POINT('',#4829);
#1353=VERTEX_POINT('',#4833);
#1354=VERTEX_POINT('',#4835);
#1355=VERTEX_POINT('',#4839);
#1356=VERTEX_POINT('',#4841);
#1357=VERTEX_POINT('',#4845);
#1358=VERTEX_POINT('',#4847);
#1359=VERTEX_POINT('',#4851);
#1360=VERTEX_POINT('',#4853);
#1361=VERTEX_POINT('',#4857);
#1362=VERTEX_POINT('',#4859);
#1363=VERTEX_POINT('',#4863);
#1364=VERTEX_POINT('',#4865);
#1365=VERTEX_POINT('',#4869);
#1366=VERTEX_POINT('',#4871);
#1367=VERTEX_POINT('',#4875);
#1368=VERTEX_POINT('',#4877);
#1369=VERTEX_POINT('',#4881);
#1370=VERTEX_POINT('',#4883);
#1371=VERTEX_POINT('',#4885);
#1372=VERTEX_POINT('',#4887);
#1373=VERTEX_POINT('',#4889);
#1374=VERTEX_POINT('',#4891);
#1375=VERTEX_POINT('',#4893);
#1376=VERTEX_POINT('',#4895);
#1377=VERTEX_POINT('',#4897);
#1378=VERTEX_POINT('',#4899);
#1379=VERTEX_POINT('',#4901);
#1380=VERTEX_POINT('',#4903);
#1381=VERTEX_POINT('',#4905);
#1382=VERTEX_POINT('',#4907);
#1383=VERTEX_POINT('',#4909);
#1384=VERTEX_POINT('',#4911);
#1385=VERTEX_POINT('',#4913);
#1386=VERTEX_POINT('',#4915);
#1387=VERTEX_POINT('',#4917);
#1388=VERTEX_POINT('',#4919);
#1389=VERTEX_POINT('',#4921);
#1390=VERTEX_POINT('',#4923);
#1391=VERTEX_POINT('',#4925);
#1392=VERTEX_POINT('',#4927);
#1393=VERTEX_POINT('',#4929);
#1394=VERTEX_POINT('',#4931);
#1395=VERTEX_POINT('',#4933);
#1396=VERTEX_POINT('',#4935);
#1397=VERTEX_POINT('',#4937);
#1398=VERTEX_POINT('',#4939);
#1399=VERTEX_POINT('',#4941);
#1400=VERTEX_POINT('',#4943);
#1401=VERTEX_POINT('',#4945);
#1402=VERTEX_POINT('',#4947);
#1403=VERTEX_POINT('',#4949);
#1404=VERTEX_POINT('',#4951);
#1405=VERTEX_POINT('',#4953);
#1406=VERTEX_POINT('',#4955);
#1407=VERTEX_POINT('',#4957);
#1408=VERTEX_POINT('',#4959);
#1409=VERTEX_POINT('',#4961);
#1410=VERTEX_POINT('',#4963);
#1411=VERTEX_POINT('',#4965);
#1412=VERTEX_POINT('',#4967);
#1413=VERTEX_POINT('',#4969);
#1414=VERTEX_POINT('',#4971);
#1415=VERTEX_POINT('',#4973);
#1416=VERTEX_POINT('',#4975);
#1417=VERTEX_POINT('',#4979);
#1418=VERTEX_POINT('',#4981);
#1419=VERTEX_POINT('',#4985);
#1420=VERTEX_POINT('',#4989);
#1421=VERTEX_POINT('',#4993);
#1422=VERTEX_POINT('',#4997);
#1423=VERTEX_POINT('',#5001);
#1424=VERTEX_POINT('',#5005);
#1425=VERTEX_POINT('',#5009);
#1426=VERTEX_POINT('',#5013);
#1427=VERTEX_POINT('',#5017);
#1428=VERTEX_POINT('',#5021);
#1429=VERTEX_POINT('',#5025);
#1430=VERTEX_POINT('',#5029);
#1431=VERTEX_POINT('',#5033);
#1432=VERTEX_POINT('',#5037);
#1433=VERTEX_POINT('',#5041);
#1434=VERTEX_POINT('',#5043);
#1435=VERTEX_POINT('',#5045);
#1436=VERTEX_POINT('',#5047);
#1437=VERTEX_POINT('',#5049);
#1438=VERTEX_POINT('',#5051);
#1439=VERTEX_POINT('',#5053);
#1440=VERTEX_POINT('',#5057);
#1441=VERTEX_POINT('',#5061);
#1442=VERTEX_POINT('',#5065);
#1443=VERTEX_POINT('',#5069);
#1444=VERTEX_POINT('',#5073);
#1445=VERTEX_POINT('',#5077);
#1446=VERTEX_POINT('',#5081);
#1447=VERTEX_POINT('',#5085);
#1448=VERTEX_POINT('',#5089);
#1449=VERTEX_POINT('',#5093);
#1450=VERTEX_POINT('',#5097);
#1451=VERTEX_POINT('',#5101);
#1452=VERTEX_POINT('',#5105);
#1453=VERTEX_POINT('',#5109);
#1454=VERTEX_POINT('',#5113);
#1455=VERTEX_POINT('',#5117);
#1456=VERTEX_POINT('',#5121);
#1457=VERTEX_POINT('',#5125);
#1458=VERTEX_POINT('',#5129);
#1459=VERTEX_POINT('',#5133);
#1460=VERTEX_POINT('',#5137);
#1461=VERTEX_POINT('',#5141);
#1462=VERTEX_POINT('',#5145);
#1463=VERTEX_POINT('',#5149);
#1464=VERTEX_POINT('',#5153);
#1465=VERTEX_POINT('',#5157);
#1466=VERTEX_POINT('',#5161);
#1467=VERTEX_POINT('',#5165);
#1468=VERTEX_POINT('',#5169);
#1469=VERTEX_POINT('',#5173);
#1470=VERTEX_POINT('',#5177);
#1471=VERTEX_POINT('',#5181);
#1472=VERTEX_POINT('',#5182);
#1473=VERTEX_POINT('',#5187);
#1474=VERTEX_POINT('',#5191);
#1475=VERTEX_POINT('',#5195);
#1476=VERTEX_POINT('',#5196);
#1477=VERTEX_POINT('',#5203);
#1478=VERTEX_POINT('',#5205);
#1479=VERTEX_POINT('',#5207);
#1480=VERTEX_POINT('',#5209);
#1481=VERTEX_POINT('',#5213);
#1482=VERTEX_POINT('',#5215);
#1483=VERTEX_POINT('',#5217);
#1484=VERTEX_POINT('',#5219);
#1485=VERTEX_POINT('',#5221);
#1486=VERTEX_POINT('',#5223);
#1487=VERTEX_POINT('',#5225);
#1488=VERTEX_POINT('',#5227);
#1489=VERTEX_POINT('',#5229);
#1490=VERTEX_POINT('',#5231);
#1491=VERTEX_POINT('',#5233);
#1492=VERTEX_POINT('',#5235);
#1493=VERTEX_POINT('',#5237);
#1494=VERTEX_POINT('',#5239);
#1495=VERTEX_POINT('',#5241);
#1496=VERTEX_POINT('',#5243);
#1497=VERTEX_POINT('',#5245);
#1498=VERTEX_POINT('',#5247);
#1499=VERTEX_POINT('',#5249);
#1500=VERTEX_POINT('',#5251);
#1501=VERTEX_POINT('',#5253);
#1502=VERTEX_POINT('',#5257);
#1503=VERTEX_POINT('',#5261);
#1504=VERTEX_POINT('',#5284);
#1505=VERTEX_POINT('',#5285);
#1506=VERTEX_POINT('',#5296);
#1507=VERTEX_POINT('',#5298);
#1508=VERTEX_POINT('',#5311);
#1509=VERTEX_POINT('',#5313);
#1510=VERTEX_POINT('',#5315);
#1511=VERTEX_POINT('',#5317);
#1512=VERTEX_POINT('',#5319);
#1513=VERTEX_POINT('',#5321);
#1514=VERTEX_POINT('',#5323);
#1515=VERTEX_POINT('',#5325);
#1516=VERTEX_POINT('',#5327);
#1517=VERTEX_POINT('',#5329);
#1518=VERTEX_POINT('',#5331);
#1519=VERTEX_POINT('',#5333);
#1520=VERTEX_POINT('',#5335);
#1521=VERTEX_POINT('',#5339);
#1522=VERTEX_POINT('',#5341);
#1523=VERTEX_POINT('',#5345);
#1524=VERTEX_POINT('',#5349);
#1525=VERTEX_POINT('',#5353);
#1526=VERTEX_POINT('',#5357);
#1527=VERTEX_POINT('',#5361);
#1528=VERTEX_POINT('',#5365);
#1529=VERTEX_POINT('',#5369);
#1530=VERTEX_POINT('',#5374);
#1531=VERTEX_POINT('',#5378);
#1532=VERTEX_POINT('',#5382);
#1533=VERTEX_POINT('',#5386);
#1534=VERTEX_POINT('',#5393);
#1535=VERTEX_POINT('',#5395);
#1536=VERTEX_POINT('',#5399);
#1537=VERTEX_POINT('',#5401);
#1538=VERTEX_POINT('',#5405);
#1539=VERTEX_POINT('',#5407);
#1540=VERTEX_POINT('',#5411);
#1541=VERTEX_POINT('',#5413);
#1542=VERTEX_POINT('',#5417);
#1543=VERTEX_POINT('',#5419);
#1544=VERTEX_POINT('',#5423);
#1545=VERTEX_POINT('',#5425);
#1546=VERTEX_POINT('',#5429);
#1547=VERTEX_POINT('',#5431);
#1548=VERTEX_POINT('',#5438);
#1549=VERTEX_POINT('',#5442);
#1550=VERTEX_POINT('',#5446);
#1551=VERTEX_POINT('',#5450);
#1552=VERTEX_POINT('',#5454);
#1553=VERTEX_POINT('',#5458);
#1554=VERTEX_POINT('',#5462);
#1555=VERTEX_POINT('',#5466);
#1556=VERTEX_POINT('',#5470);
#1557=VERTEX_POINT('',#5474);
#1558=VERTEX_POINT('',#5478);
#1559=VERTEX_POINT('',#5482);
#1560=VERTEX_POINT('',#5486);
#1561=VERTEX_POINT('',#5490);
#1562=VERTEX_POINT('',#5494);
#1563=VERTEX_POINT('',#5498);
#1564=VERTEX_POINT('',#5502);
#1565=VERTEX_POINT('',#5506);
#1566=VERTEX_POINT('',#5510);
#1567=VERTEX_POINT('',#5514);
#1568=VERTEX_POINT('',#5522);
#1569=VERTEX_POINT('',#5524);
#1570=VERTEX_POINT('',#5526);
#1571=VERTEX_POINT('',#5528);
#1572=EDGE_CURVE('',#1257,#1257,#1097,.T.);
#1573=EDGE_CURVE('',#1257,#1258,#475,.T.);
#1574=EDGE_CURVE('',#1258,#1258,#1098,.T.);
#1575=EDGE_CURVE('',#1259,#1259,#1099,.T.);
#1576=EDGE_CURVE('',#1260,#1260,#1100,.T.);
#1577=EDGE_CURVE('',#1260,#1261,#476,.T.);
#1578=EDGE_CURVE('',#1261,#1261,#1101,.T.);
#1579=EDGE_CURVE('',#1262,#1262,#1102,.T.);
#1580=EDGE_CURVE('',#1263,#1263,#1103,.T.);
#1581=EDGE_CURVE('',#1263,#1264,#477,.T.);
#1582=EDGE_CURVE('',#1264,#1264,#1104,.T.);
#1583=EDGE_CURVE('',#1265,#1265,#1105,.T.);
#1584=EDGE_CURVE('',#1266,#1266,#1106,.T.);
#1585=EDGE_CURVE('',#1266,#1267,#478,.T.);
#1586=EDGE_CURVE('',#1267,#1267,#1107,.T.);
#1587=EDGE_CURVE('',#1268,#1268,#1108,.T.);
#1588=EDGE_CURVE('',#1269,#1269,#1109,.T.);
#1589=EDGE_CURVE('',#1269,#1270,#479,.T.);
#1590=EDGE_CURVE('',#1270,#1270,#1110,.T.);
#1591=EDGE_CURVE('',#1271,#1271,#1111,.T.);
#1592=EDGE_CURVE('',#1272,#1272,#1112,.T.);
#1593=EDGE_CURVE('',#1272,#1273,#480,.T.);
#1594=EDGE_CURVE('',#1273,#1273,#1113,.T.);
#1595=EDGE_CURVE('',#1274,#1274,#1114,.T.);
#1596=EDGE_CURVE('',#1275,#1276,#1115,.T.);
#1597=EDGE_CURVE('',#1275,#1277,#481,.T.);
#1598=EDGE_CURVE('',#1278,#1277,#1116,.T.);
#1599=EDGE_CURVE('',#1276,#1278,#482,.T.);
#1600=EDGE_CURVE('',#1276,#1279,#483,.T.);
#1601=EDGE_CURVE('',#1280,#1278,#484,.T.);
#1602=EDGE_CURVE('',#1279,#1280,#485,.T.);
#1603=EDGE_CURVE('',#1279,#1281,#1117,.T.);
#1604=EDGE_CURVE('',#1282,#1280,#1118,.T.);
#1605=EDGE_CURVE('',#1281,#1282,#486,.T.);
#1606=EDGE_CURVE('',#1281,#1283,#487,.T.);
#1607=EDGE_CURVE('',#1284,#1282,#488,.T.);
#1608=EDGE_CURVE('',#1283,#1284,#489,.T.);
#1609=EDGE_CURVE('',#1283,#1285,#1119,.T.);
#1610=EDGE_CURVE('',#1286,#1284,#1120,.T.);
#1611=EDGE_CURVE('',#1285,#1286,#490,.T.);
#1612=EDGE_CURVE('',#1285,#1287,#491,.T.);
#1613=EDGE_CURVE('',#1288,#1286,#492,.T.);
#1614=EDGE_CURVE('',#1287,#1288,#493,.T.);
#1615=EDGE_CURVE('',#1287,#1289,#1121,.T.);
#1616=EDGE_CURVE('',#1290,#1288,#1122,.T.);
#1617=EDGE_CURVE('',#1289,#1290,#494,.T.);
#1618=EDGE_CURVE('',#1289,#1291,#495,.T.);
#1619=EDGE_CURVE('',#1292,#1290,#496,.T.);
#1620=EDGE_CURVE('',#1291,#1292,#497,.T.);
#1621=EDGE_CURVE('',#1291,#1293,#1123,.T.);
#1622=EDGE_CURVE('',#1294,#1292,#1124,.T.);
#1623=EDGE_CURVE('',#1293,#1294,#498,.T.);
#1624=EDGE_CURVE('',#1293,#1295,#499,.T.);
#1625=EDGE_CURVE('',#1296,#1294,#500,.T.);
#1626=EDGE_CURVE('',#1295,#1296,#501,.T.);
#1627=EDGE_CURVE('',#1295,#1297,#1125,.T.);
#1628=EDGE_CURVE('',#1298,#1296,#1126,.T.);
#1629=EDGE_CURVE('',#1297,#1298,#502,.T.);
#1630=EDGE_CURVE('',#1297,#1299,#503,.T.);
#1631=EDGE_CURVE('',#1300,#1298,#504,.T.);
#1632=EDGE_CURVE('',#1299,#1300,#505,.T.);
#1633=EDGE_CURVE('',#1299,#1301,#1127,.T.);
#1634=EDGE_CURVE('',#1302,#1300,#1128,.T.);
#1635=EDGE_CURVE('',#1301,#1302,#506,.T.);
#1636=EDGE_CURVE('',#1301,#1303,#507,.T.);
#1637=EDGE_CURVE('',#1304,#1302,#508,.T.);
#1638=EDGE_CURVE('',#1303,#1304,#509,.T.);
#1639=EDGE_CURVE('',#1303,#1305,#1129,.T.);
#1640=EDGE_CURVE('',#1306,#1304,#1130,.T.);
#1641=EDGE_CURVE('',#1305,#1306,#510,.T.);
#1642=EDGE_CURVE('',#1305,#1307,#511,.T.);
#1643=EDGE_CURVE('',#1308,#1306,#512,.T.);
#1644=EDGE_CURVE('',#1307,#1308,#513,.T.);
#1645=EDGE_CURVE('',#1307,#1309,#1131,.T.);
#1646=EDGE_CURVE('',#1310,#1308,#1132,.T.);
#1647=EDGE_CURVE('',#1309,#1310,#514,.T.);
#1648=EDGE_CURVE('',#1309,#1311,#515,.T.);
#1649=EDGE_CURVE('',#1312,#1310,#516,.T.);
#1650=EDGE_CURVE('',#1311,#1312,#517,.T.);
#1651=EDGE_CURVE('',#1311,#1313,#1133,.T.);
#1652=EDGE_CURVE('',#1314,#1312,#1134,.T.);
#1653=EDGE_CURVE('',#1313,#1314,#518,.T.);
#1654=EDGE_CURVE('',#1313,#1315,#519,.T.);
#1655=EDGE_CURVE('',#1316,#1314,#520,.T.);
#1656=EDGE_CURVE('',#1315,#1316,#521,.T.);
#1657=EDGE_CURVE('',#1315,#1317,#1135,.T.);
#1658=EDGE_CURVE('',#1318,#1316,#1136,.T.);
#1659=EDGE_CURVE('',#1317,#1318,#522,.T.);
#1660=EDGE_CURVE('',#1317,#1319,#523,.T.);
#1661=EDGE_CURVE('',#1320,#1318,#524,.T.);
#1662=EDGE_CURVE('',#1319,#1320,#525,.T.);
#1663=EDGE_CURVE('',#1319,#1321,#1137,.T.);
#1664=EDGE_CURVE('',#1322,#1320,#1138,.T.);
#1665=EDGE_CURVE('',#1321,#1322,#526,.T.);
#1666=EDGE_CURVE('',#1321,#1323,#527,.T.);
#1667=EDGE_CURVE('',#1324,#1322,#528,.T.);
#1668=EDGE_CURVE('',#1323,#1324,#529,.T.);
#1669=EDGE_CURVE('',#1323,#1325,#1139,.T.);
#1670=EDGE_CURVE('',#1326,#1324,#1140,.T.);
#1671=EDGE_CURVE('',#1325,#1326,#530,.T.);
#1672=EDGE_CURVE('',#1325,#1327,#531,.T.);
#1673=EDGE_CURVE('',#1328,#1326,#532,.T.);
#1674=EDGE_CURVE('',#1327,#1328,#533,.T.);
#1675=EDGE_CURVE('',#1327,#1329,#1141,.T.);
#1676=EDGE_CURVE('',#1330,#1328,#1142,.T.);
#1677=EDGE_CURVE('',#1329,#1330,#534,.T.);
#1678=EDGE_CURVE('',#1329,#1331,#535,.T.);
#1679=EDGE_CURVE('',#1332,#1330,#536,.T.);
#1680=EDGE_CURVE('',#1331,#1332,#537,.T.);
#1681=EDGE_CURVE('',#1331,#1333,#1143,.T.);
#1682=EDGE_CURVE('',#1334,#1332,#1144,.T.);
#1683=EDGE_CURVE('',#1333,#1334,#538,.T.);
#1684=EDGE_CURVE('',#1333,#1335,#539,.T.);
#1685=EDGE_CURVE('',#1336,#1334,#540,.T.);
#1686=EDGE_CURVE('',#1335,#1336,#541,.T.);
#1687=EDGE_CURVE('',#1335,#1337,#1145,.T.);
#1688=EDGE_CURVE('',#1338,#1336,#1146,.T.);
#1689=EDGE_CURVE('',#1337,#1338,#542,.T.);
#1690=EDGE_CURVE('',#1337,#1339,#543,.T.);
#1691=EDGE_CURVE('',#1340,#1338,#544,.T.);
#1692=EDGE_CURVE('',#1339,#1340,#545,.T.);
#1693=EDGE_CURVE('',#1339,#1341,#1147,.T.);
#1694=EDGE_CURVE('',#1342,#1340,#1148,.T.);
#1695=EDGE_CURVE('',#1341,#1342,#546,.T.);
#1696=EDGE_CURVE('',#1341,#1343,#547,.T.);
#1697=EDGE_CURVE('',#1344,#1342,#548,.T.);
#1698=EDGE_CURVE('',#1343,#1344,#549,.T.);
#1699=EDGE_CURVE('',#1343,#1345,#1149,.T.);
#1700=EDGE_CURVE('',#1346,#1344,#1150,.T.);
#1701=EDGE_CURVE('',#1345,#1346,#550,.T.);
#1702=EDGE_CURVE('',#1345,#1347,#551,.T.);
#1703=EDGE_CURVE('',#1348,#1346,#552,.T.);
#1704=EDGE_CURVE('',#1347,#1348,#553,.T.);
#1705=EDGE_CURVE('',#1347,#1349,#1151,.T.);
#1706=EDGE_CURVE('',#1350,#1348,#1152,.T.);
#1707=EDGE_CURVE('',#1349,#1350,#554,.T.);
#1708=EDGE_CURVE('',#1349,#1351,#555,.T.);
#1709=EDGE_CURVE('',#1352,#1350,#556,.T.);
#1710=EDGE_CURVE('',#1351,#1352,#557,.T.);
#1711=EDGE_CURVE('',#1351,#1353,#1153,.T.);
#1712=EDGE_CURVE('',#1354,#1352,#1154,.T.);
#1713=EDGE_CURVE('',#1353,#1354,#558,.T.);
#1714=EDGE_CURVE('',#1353,#1355,#559,.T.);
#1715=EDGE_CURVE('',#1356,#1354,#560,.T.);
#1716=EDGE_CURVE('',#1355,#1356,#561,.T.);
#1717=EDGE_CURVE('',#1355,#1357,#1155,.T.);
#1718=EDGE_CURVE('',#1358,#1356,#1156,.T.);
#1719=EDGE_CURVE('',#1357,#1358,#562,.T.);
#1720=EDGE_CURVE('',#1357,#1359,#563,.T.);
#1721=EDGE_CURVE('',#1360,#1358,#564,.T.);
#1722=EDGE_CURVE('',#1359,#1360,#565,.T.);
#1723=EDGE_CURVE('',#1359,#1361,#1157,.T.);
#1724=EDGE_CURVE('',#1362,#1360,#1158,.T.);
#1725=EDGE_CURVE('',#1361,#1362,#566,.T.);
#1726=EDGE_CURVE('',#1361,#1363,#1159,.T.);
#1727=EDGE_CURVE('',#1364,#1362,#1160,.T.);
#1728=EDGE_CURVE('',#1363,#1364,#567,.T.);
#1729=EDGE_CURVE('',#1363,#1365,#568,.T.);
#1730=EDGE_CURVE('',#1366,#1364,#569,.T.);
#1731=EDGE_CURVE('',#1365,#1366,#570,.T.);
#1732=EDGE_CURVE('',#1367,#1275,#571,.T.);
#1733=EDGE_CURVE('',#1367,#1368,#572,.T.);
#1734=EDGE_CURVE('',#1277,#1368,#573,.T.);
#1735=EDGE_CURVE('',#1368,#1369,#574,.T.);
#1736=EDGE_CURVE('',#1370,#1369,#575,.T.);
#1737=EDGE_CURVE('',#1371,#1370,#1161,.T.);
#1738=EDGE_CURVE('',#1372,#1371,#576,.T.);
#1739=EDGE_CURVE('',#1373,#1372,#1162,.T.);
#1740=EDGE_CURVE('',#1374,#1373,#577,.T.);
#1741=EDGE_CURVE('',#1375,#1374,#1163,.T.);
#1742=EDGE_CURVE('',#1376,#1375,#578,.T.);
#1743=EDGE_CURVE('',#1377,#1376,#1164,.T.);
#1744=EDGE_CURVE('',#1378,#1377,#579,.T.);
#1745=EDGE_CURVE('',#1379,#1378,#1165,.T.);
#1746=EDGE_CURVE('',#1380,#1379,#580,.T.);
#1747=EDGE_CURVE('',#1381,#1380,#1166,.T.);
#1748=EDGE_CURVE('',#1382,#1381,#581,.T.);
#1749=EDGE_CURVE('',#1383,#1382,#1167,.T.);
#1750=EDGE_CURVE('',#1384,#1383,#582,.T.);
#1751=EDGE_CURVE('',#1385,#1384,#1168,.T.);
#1752=EDGE_CURVE('',#1386,#1385,#583,.T.);
#1753=EDGE_CURVE('',#1387,#1386,#1169,.T.);
#1754=EDGE_CURVE('',#1388,#1387,#584,.T.);
#1755=EDGE_CURVE('',#1389,#1388,#1170,.T.);
#1756=EDGE_CURVE('',#1390,#1389,#585,.T.);
#1757=EDGE_CURVE('',#1391,#1390,#1171,.T.);
#1758=EDGE_CURVE('',#1392,#1391,#1172,.T.);
#1759=EDGE_CURVE('',#1393,#1392,#586,.T.);
#1760=EDGE_CURVE('',#1394,#1393,#1173,.T.);
#1761=EDGE_CURVE('',#1395,#1394,#587,.T.);
#1762=EDGE_CURVE('',#1396,#1395,#1174,.T.);
#1763=EDGE_CURVE('',#1397,#1396,#588,.T.);
#1764=EDGE_CURVE('',#1398,#1397,#1175,.T.);
#1765=EDGE_CURVE('',#1399,#1398,#589,.T.);
#1766=EDGE_CURVE('',#1400,#1399,#1176,.T.);
#1767=EDGE_CURVE('',#1401,#1400,#590,.T.);
#1768=EDGE_CURVE('',#1402,#1401,#1177,.T.);
#1769=EDGE_CURVE('',#1403,#1402,#591,.T.);
#1770=EDGE_CURVE('',#1404,#1403,#1178,.T.);
#1771=EDGE_CURVE('',#1405,#1404,#592,.T.);
#1772=EDGE_CURVE('',#1406,#1405,#1179,.T.);
#1773=EDGE_CURVE('',#1407,#1406,#593,.T.);
#1774=EDGE_CURVE('',#1408,#1407,#1180,.T.);
#1775=EDGE_CURVE('',#1409,#1408,#594,.T.);
#1776=EDGE_CURVE('',#1410,#1409,#1181,.T.);
#1777=EDGE_CURVE('',#1411,#1410,#595,.T.);
#1778=EDGE_CURVE('',#1412,#1411,#1182,.T.);
#1779=EDGE_CURVE('',#1413,#1412,#596,.T.);
#1780=EDGE_CURVE('',#1414,#1413,#1183,.T.);
#1781=EDGE_CURVE('',#1415,#1414,#1184,.T.);
#1782=EDGE_CURVE('',#1416,#1415,#597,.T.);
#1783=EDGE_CURVE('',#1416,#1366,#598,.T.);
#1784=EDGE_CURVE('',#1415,#1417,#599,.T.);
#1785=EDGE_CURVE('',#1418,#1417,#600,.T.);
#1786=EDGE_CURVE('',#1416,#1418,#601,.T.);
#1787=EDGE_CURVE('',#1414,#1419,#602,.T.);
#1788=EDGE_CURVE('',#1417,#1419,#1185,.T.);
#1789=EDGE_CURVE('',#1413,#1420,#603,.T.);
#1790=EDGE_CURVE('',#1419,#1420,#1186,.T.);
#1791=EDGE_CURVE('',#1412,#1421,#604,.T.);
#1792=EDGE_CURVE('',#1420,#1421,#605,.T.);
#1793=EDGE_CURVE('',#1411,#1422,#606,.T.);
#1794=EDGE_CURVE('',#1421,#1422,#1187,.T.);
#1795=EDGE_CURVE('',#1410,#1423,#607,.T.);
#1796=EDGE_CURVE('',#1422,#1423,#608,.T.);
#1797=EDGE_CURVE('',#1409,#1424,#609,.T.);
#1798=EDGE_CURVE('',#1423,#1424,#1188,.T.);
#1799=EDGE_CURVE('',#1408,#1425,#610,.T.);
#1800=EDGE_CURVE('',#1424,#1425,#611,.T.);
#1801=EDGE_CURVE('',#1407,#1426,#612,.T.);
#1802=EDGE_CURVE('',#1425,#1426,#1189,.T.);
#1803=EDGE_CURVE('',#1406,#1427,#613,.T.);
#1804=EDGE_CURVE('',#1426,#1427,#614,.T.);
#1805=EDGE_CURVE('',#1405,#1428,#615,.T.);
#1806=EDGE_CURVE('',#1427,#1428,#1190,.T.);
#1807=EDGE_CURVE('',#1404,#1429,#616,.T.);
#1808=EDGE_CURVE('',#1428,#1429,#617,.T.);
#1809=EDGE_CURVE('',#1403,#1430,#618,.T.);
#1810=EDGE_CURVE('',#1429,#1430,#1191,.T.);
#1811=EDGE_CURVE('',#1402,#1431,#619,.T.);
#1812=EDGE_CURVE('',#1430,#1431,#620,.T.);
#1813=EDGE_CURVE('',#1401,#1432,#621,.T.);
#1814=EDGE_CURVE('',#1431,#1432,#1192,.T.);
#1815=EDGE_CURVE('',#1400,#1433,#622,.T.);
#1816=EDGE_CURVE('',#1434,#1433,#623,.T.);
#1817=EDGE_CURVE('',#1434,#1435,#624,.T.);
#1818=EDGE_CURVE('',#1435,#1436,#1193,.T.);
#1819=EDGE_CURVE('',#1436,#1437,#625,.T.);
#1820=EDGE_CURVE('',#1437,#1438,#1194,.T.);
#1821=EDGE_CURVE('',#1438,#1439,#626,.T.);
#1822=EDGE_CURVE('',#1432,#1439,#627,.T.);
#1823=EDGE_CURVE('',#1399,#1440,#628,.T.);
#1824=EDGE_CURVE('',#1433,#1440,#1195,.T.);
#1825=EDGE_CURVE('',#1398,#1441,#629,.T.);
#1826=EDGE_CURVE('',#1440,#1441,#630,.T.);
#1827=EDGE_CURVE('',#1397,#1442,#631,.T.);
#1828=EDGE_CURVE('',#1441,#1442,#1196,.T.);
#1829=EDGE_CURVE('',#1396,#1443,#632,.T.);
#1830=EDGE_CURVE('',#1442,#1443,#633,.T.);
#1831=EDGE_CURVE('',#1395,#1444,#634,.T.);
#1832=EDGE_CURVE('',#1443,#1444,#1197,.T.);
#1833=EDGE_CURVE('',#1394,#1445,#635,.T.);
#1834=EDGE_CURVE('',#1444,#1445,#636,.T.);
#1835=EDGE_CURVE('',#1393,#1446,#637,.T.);
#1836=EDGE_CURVE('',#1445,#1446,#1198,.T.);
#1837=EDGE_CURVE('',#1392,#1447,#638,.T.);
#1838=EDGE_CURVE('',#1446,#1447,#639,.T.);
#1839=EDGE_CURVE('',#1391,#1448,#640,.T.);
#1840=EDGE_CURVE('',#1447,#1448,#1199,.T.);
#1841=EDGE_CURVE('',#1390,#1449,#641,.T.);
#1842=EDGE_CURVE('',#1448,#1449,#1200,.T.);
#1843=EDGE_CURVE('',#1389,#1450,#642,.T.);
#1844=EDGE_CURVE('',#1449,#1450,#643,.T.);
#1845=EDGE_CURVE('',#1388,#1451,#644,.T.);
#1846=EDGE_CURVE('',#1450,#1451,#1201,.T.);
#1847=EDGE_CURVE('',#1387,#1452,#645,.T.);
#1848=EDGE_CURVE('',#1451,#1452,#646,.T.);
#1849=EDGE_CURVE('',#1386,#1453,#647,.T.);
#1850=EDGE_CURVE('',#1452,#1453,#1202,.T.);
#1851=EDGE_CURVE('',#1385,#1454,#648,.T.);
#1852=EDGE_CURVE('',#1453,#1454,#649,.T.);
#1853=EDGE_CURVE('',#1384,#1455,#650,.T.);
#1854=EDGE_CURVE('',#1454,#1455,#1203,.T.);
#1855=EDGE_CURVE('',#1383,#1456,#651,.T.);
#1856=EDGE_CURVE('',#1455,#1456,#652,.T.);
#1857=EDGE_CURVE('',#1382,#1457,#653,.T.);
#1858=EDGE_CURVE('',#1456,#1457,#1204,.T.);
#1859=EDGE_CURVE('',#1381,#1458,#654,.T.);
#1860=EDGE_CURVE('',#1457,#1458,#655,.T.);
#1861=EDGE_CURVE('',#1380,#1459,#656,.T.);
#1862=EDGE_CURVE('',#1458,#1459,#1205,.T.);
#1863=EDGE_CURVE('',#1379,#1460,#657,.T.);
#1864=EDGE_CURVE('',#1459,#1460,#658,.T.);
#1865=EDGE_CURVE('',#1378,#1461,#659,.T.);
#1866=EDGE_CURVE('',#1460,#1461,#1206,.T.);
#1867=EDGE_CURVE('',#1377,#1462,#660,.T.);
#1868=EDGE_CURVE('',#1461,#1462,#661,.T.);
#1869=EDGE_CURVE('',#1376,#1463,#662,.T.);
#1870=EDGE_CURVE('',#1462,#1463,#1207,.T.);
#1871=EDGE_CURVE('',#1375,#1464,#663,.T.);
#1872=EDGE_CURVE('',#1463,#1464,#664,.T.);
#1873=EDGE_CURVE('',#1374,#1465,#665,.T.);
#1874=EDGE_CURVE('',#1464,#1465,#1208,.T.);
#1875=EDGE_CURVE('',#1373,#1466,#666,.T.);
#1876=EDGE_CURVE('',#1465,#1466,#667,.T.);
#1877=EDGE_CURVE('',#1372,#1467,#668,.T.);
#1878=EDGE_CURVE('',#1466,#1467,#1209,.T.);
#1879=EDGE_CURVE('',#1371,#1468,#669,.T.);
#1880=EDGE_CURVE('',#1467,#1468,#670,.T.);
#1881=EDGE_CURVE('',#1370,#1469,#671,.T.);
#1882=EDGE_CURVE('',#1468,#1469,#1210,.T.);
#1883=EDGE_CURVE('',#1369,#1470,#672,.T.);
#1884=EDGE_CURVE('',#1469,#1470,#673,.T.);
#1885=EDGE_CURVE('',#1471,#1472,#674,.T.);
#1886=EDGE_CURVE('',#1437,#1471,#675,.T.);
#1887=EDGE_CURVE('',#1436,#1472,#676,.T.);
#1888=EDGE_CURVE('',#1472,#1473,#1211,.T.);
#1889=EDGE_CURVE('',#1435,#1473,#677,.T.);
#1890=EDGE_CURVE('',#1473,#1474,#678,.T.);
#1891=EDGE_CURVE('',#1474,#1434,#679,.T.);
#1892=EDGE_CURVE('',#1475,#1476,#680,.T.);
#1893=EDGE_CURVE('',#1439,#1475,#681,.T.);
#1894=EDGE_CURVE('',#1438,#1476,#682,.T.);
#1895=EDGE_CURVE('',#1476,#1471,#1212,.T.);
#1896=EDGE_CURVE('',#1477,#1474,#683,.T.);
#1897=EDGE_CURVE('',#1478,#1477,#684,.T.);
#1898=EDGE_CURVE('',#1479,#1478,#685,.T.);
#1899=EDGE_CURVE('',#1479,#1480,#686,.T.);
#1900=EDGE_CURVE('',#1475,#1480,#687,.T.);
#1901=EDGE_CURVE('',#1470,#1481,#688,.T.);
#1902=EDGE_CURVE('',#1481,#1482,#689,.T.);
#1903=EDGE_CURVE('',#1482,#1483,#1213,.T.);
#1904=EDGE_CURVE('',#1483,#1484,#690,.T.);
#1905=EDGE_CURVE('',#1484,#1485,#691,.T.);
#1906=EDGE_CURVE('',#1485,#1486,#1214,.T.);
#1907=EDGE_CURVE('',#1486,#1487,#692,.T.);
#1908=EDGE_CURVE('',#1487,#1488,#1215,.T.);
#1909=EDGE_CURVE('',#1488,#1489,#693,.T.);
#1910=EDGE_CURVE('',#1489,#1490,#1216,.T.);
#1911=EDGE_CURVE('',#1490,#1491,#694,.T.);
#1912=EDGE_CURVE('',#1491,#1492,#695,.T.);
#1913=EDGE_CURVE('',#1492,#1493,#1217,.T.);
#1914=EDGE_CURVE('',#1493,#1494,#696,.T.);
#1915=EDGE_CURVE('',#1494,#1495,#697,.T.);
#1916=EDGE_CURVE('',#1495,#1496,#1218,.T.);
#1917=EDGE_CURVE('',#1496,#1497,#698,.T.);
#1918=EDGE_CURVE('',#1497,#1498,#1219,.T.);
#1919=EDGE_CURVE('',#1498,#1499,#699,.T.);
#1920=EDGE_CURVE('',#1499,#1500,#1220,.T.);
#1921=EDGE_CURVE('',#1500,#1501,#700,.T.);
#1922=EDGE_CURVE('',#1501,#1477,#1221,.T.);
#1923=EDGE_CURVE('',#1502,#1502,#1222,.T.);
#1924=EDGE_CURVE('',#1502,#1271,#701,.T.);
#1925=EDGE_CURVE('',#1503,#1503,#1223,.T.);
#1926=EDGE_CURVE('',#1503,#1262,#702,.T.);
#1927=EDGE_CURVE('',#1504,#1505,#19,.T.);
#1928=EDGE_CURVE('',#1504,#1506,#703,.T.);
#1929=EDGE_CURVE('',#1507,#1506,#20,.T.);
#1930=EDGE_CURVE('',#1505,#1507,#704,.T.);
#1931=EDGE_CURVE('',#1506,#1508,#705,.T.);
#1932=EDGE_CURVE('',#1509,#1508,#706,.T.);
#1933=EDGE_CURVE('',#1510,#1509,#1224,.T.);
#1934=EDGE_CURVE('',#1511,#1510,#707,.T.);
#1935=EDGE_CURVE('',#1512,#1511,#1225,.T.);
#1936=EDGE_CURVE('',#1513,#1512,#708,.T.);
#1937=EDGE_CURVE('',#1514,#1513,#709,.T.);
#1938=EDGE_CURVE('',#1515,#1514,#710,.T.);
#1939=EDGE_CURVE('',#1516,#1515,#1226,.T.);
#1940=EDGE_CURVE('',#1517,#1516,#1227,.T.);
#1941=EDGE_CURVE('',#1518,#1517,#711,.T.);
#1942=EDGE_CURVE('',#1519,#1518,#1228,.T.);
#1943=EDGE_CURVE('',#1520,#1519,#712,.T.);
#1944=EDGE_CURVE('',#1507,#1520,#1229,.T.);
#1945=EDGE_CURVE('',#1520,#1521,#713,.T.);
#1946=EDGE_CURVE('',#1522,#1521,#1230,.T.);
#1947=EDGE_CURVE('',#1507,#1522,#714,.T.);
#1948=EDGE_CURVE('',#1519,#1523,#715,.T.);
#1949=EDGE_CURVE('',#1521,#1523,#716,.T.);
#1950=EDGE_CURVE('',#1518,#1524,#717,.T.);
#1951=EDGE_CURVE('',#1523,#1524,#1231,.T.);
#1952=EDGE_CURVE('',#1517,#1525,#718,.T.);
#1953=EDGE_CURVE('',#1524,#1525,#719,.T.);
#1954=EDGE_CURVE('',#1516,#1526,#720,.T.);
#1955=EDGE_CURVE('',#1525,#1526,#1232,.T.);
#1956=EDGE_CURVE('',#1515,#1527,#721,.T.);
#1957=EDGE_CURVE('',#1526,#1527,#1233,.T.);
#1958=EDGE_CURVE('',#1514,#1528,#722,.T.);
#1959=EDGE_CURVE('',#1527,#1528,#723,.T.);
#1960=EDGE_CURVE('',#1529,#1513,#724,.T.);
#1961=EDGE_CURVE('',#1365,#1529,#725,.T.);
#1962=EDGE_CURVE('',#1528,#1418,#726,.T.);
#1963=EDGE_CURVE('',#1512,#1530,#727,.T.);
#1964=EDGE_CURVE('',#1529,#1530,#728,.T.);
#1965=EDGE_CURVE('',#1511,#1531,#729,.T.);
#1966=EDGE_CURVE('',#1530,#1531,#1234,.T.);
#1967=EDGE_CURVE('',#1510,#1532,#730,.T.);
#1968=EDGE_CURVE('',#1531,#1532,#731,.T.);
#1969=EDGE_CURVE('',#1509,#1533,#732,.T.);
#1970=EDGE_CURVE('',#1532,#1533,#1235,.T.);
#1971=EDGE_CURVE('',#1508,#1481,#733,.T.);
#1972=EDGE_CURVE('',#1533,#1367,#734,.T.);
#1973=EDGE_CURVE('',#1505,#1534,#735,.T.);
#1974=EDGE_CURVE('',#1535,#1522,#736,.T.);
#1975=EDGE_CURVE('',#1534,#1535,#737,.T.);
#1976=EDGE_CURVE('',#1534,#1536,#1236,.T.);
#1977=EDGE_CURVE('',#1537,#1535,#1237,.T.);
#1978=EDGE_CURVE('',#1536,#1537,#738,.T.);
#1979=EDGE_CURVE('',#1536,#1538,#739,.T.);
#1980=EDGE_CURVE('',#1539,#1537,#740,.T.);
#1981=EDGE_CURVE('',#1538,#1539,#741,.T.);
#1982=EDGE_CURVE('',#1538,#1540,#1238,.T.);
#1983=EDGE_CURVE('',#1541,#1539,#1239,.T.);
#1984=EDGE_CURVE('',#1540,#1541,#742,.T.);
#1985=EDGE_CURVE('',#1540,#1542,#743,.T.);
#1986=EDGE_CURVE('',#1543,#1541,#744,.T.);
#1987=EDGE_CURVE('',#1542,#1543,#745,.T.);
#1988=EDGE_CURVE('',#1544,#1542,#1240,.T.);
#1989=EDGE_CURVE('',#1545,#1543,#1241,.T.);
#1990=EDGE_CURVE('',#1544,#1545,#746,.T.);
#1991=EDGE_CURVE('',#1544,#1546,#747,.T.);
#1992=EDGE_CURVE('',#1547,#1545,#748,.T.);
#1993=EDGE_CURVE('',#1546,#1547,#749,.T.);
#1994=EDGE_CURVE('',#1546,#1479,#1242,.T.);
#1995=EDGE_CURVE('',#1480,#1547,#1243,.T.);
#1996=EDGE_CURVE('',#1478,#1548,#1244,.T.);
#1997=EDGE_CURVE('',#1548,#1501,#750,.T.);
#1998=EDGE_CURVE('',#1548,#1549,#751,.T.);
#1999=EDGE_CURVE('',#1549,#1500,#752,.T.);
#2000=EDGE_CURVE('',#1549,#1550,#1245,.T.);
#2001=EDGE_CURVE('',#1550,#1499,#753,.T.);
#2002=EDGE_CURVE('',#1550,#1551,#754,.T.);
#2003=EDGE_CURVE('',#1551,#1498,#755,.T.);
#2004=EDGE_CURVE('',#1551,#1552,#1246,.T.);
#2005=EDGE_CURVE('',#1552,#1497,#756,.T.);
#2006=EDGE_CURVE('',#1552,#1553,#757,.T.);
#2007=EDGE_CURVE('',#1553,#1496,#758,.T.);
#2008=EDGE_CURVE('',#1553,#1554,#1247,.T.);
#2009=EDGE_CURVE('',#1554,#1495,#759,.T.);
#2010=EDGE_CURVE('',#1554,#1555,#760,.T.);
#2011=EDGE_CURVE('',#1555,#1494,#761,.T.);
#2012=EDGE_CURVE('',#1555,#1556,#762,.T.);
#2013=EDGE_CURVE('',#1556,#1493,#763,.T.);
#2014=EDGE_CURVE('',#1556,#1557,#1248,.T.);
#2015=EDGE_CURVE('',#1557,#1492,#764,.T.);
#2016=EDGE_CURVE('',#1557,#1558,#765,.T.);
#2017=EDGE_CURVE('',#1558,#1491,#766,.T.);
#2018=EDGE_CURVE('',#1558,#1559,#767,.T.);
#2019=EDGE_CURVE('',#1559,#1490,#768,.T.);
#2020=EDGE_CURVE('',#1559,#1560,#1249,.T.);
#2021=EDGE_CURVE('',#1560,#1489,#769,.T.);
#2022=EDGE_CURVE('',#1560,#1561,#770,.T.);
#2023=EDGE_CURVE('',#1561,#1488,#771,.T.);
#2024=EDGE_CURVE('',#1561,#1562,#1250,.T.);
#2025=EDGE_CURVE('',#1562,#1487,#772,.T.);
#2026=EDGE_CURVE('',#1562,#1563,#773,.T.);
#2027=EDGE_CURVE('',#1563,#1486,#774,.T.);
#2028=EDGE_CURVE('',#1563,#1564,#1251,.T.);
#2029=EDGE_CURVE('',#1564,#1485,#775,.T.);
#2030=EDGE_CURVE('',#1564,#1565,#776,.T.);
#2031=EDGE_CURVE('',#1565,#1484,#777,.T.);
#2032=EDGE_CURVE('',#1565,#1566,#778,.T.);
#2033=EDGE_CURVE('',#1566,#1483,#779,.T.);
#2034=EDGE_CURVE('',#1566,#1567,#1252,.T.);
#2035=EDGE_CURVE('',#1567,#1482,#780,.T.);
#2036=EDGE_CURVE('',#1567,#1504,#781,.T.);
#2037=EDGE_CURVE('',#1568,#1568,#1253,.T.);
#2038=EDGE_CURVE('',#1569,#1569,#1254,.T.);
#2039=EDGE_CURVE('',#1570,#1570,#1255,.T.);
#2040=EDGE_CURVE('',#1571,#1571,#1256,.T.);
#2041=EDGE_CURVE('',#1568,#1268,#782,.T.);
#2042=EDGE_CURVE('',#1569,#1259,#783,.T.);
#2043=EDGE_CURVE('',#1570,#1274,#784,.T.);
#2044=EDGE_CURVE('',#1571,#1265,#785,.T.);
#2045=ORIENTED_EDGE('',*,*,#1572,.F.);
#2046=ORIENTED_EDGE('',*,*,#1573,.T.);
#2047=ORIENTED_EDGE('',*,*,#1574,.T.);
#2048=ORIENTED_EDGE('',*,*,#1573,.F.);
#2049=ORIENTED_EDGE('',*,*,#1574,.F.);
#2050=ORIENTED_EDGE('',*,*,#1575,.F.);
#2051=ORIENTED_EDGE('',*,*,#1576,.F.);
#2052=ORIENTED_EDGE('',*,*,#1577,.T.);
#2053=ORIENTED_EDGE('',*,*,#1578,.T.);
#2054=ORIENTED_EDGE('',*,*,#1577,.F.);
#2055=ORIENTED_EDGE('',*,*,#1578,.F.);
#2056=ORIENTED_EDGE('',*,*,#1579,.F.);
#2057=ORIENTED_EDGE('',*,*,#1580,.F.);
#2058=ORIENTED_EDGE('',*,*,#1581,.T.);
#2059=ORIENTED_EDGE('',*,*,#1582,.T.);
#2060=ORIENTED_EDGE('',*,*,#1581,.F.);
#2061=ORIENTED_EDGE('',*,*,#1582,.F.);
#2062=ORIENTED_EDGE('',*,*,#1583,.F.);
#2063=ORIENTED_EDGE('',*,*,#1584,.F.);
#2064=ORIENTED_EDGE('',*,*,#1585,.T.);
#2065=ORIENTED_EDGE('',*,*,#1586,.T.);
#2066=ORIENTED_EDGE('',*,*,#1585,.F.);
#2067=ORIENTED_EDGE('',*,*,#1586,.F.);
#2068=ORIENTED_EDGE('',*,*,#1587,.F.);
#2069=ORIENTED_EDGE('',*,*,#1588,.F.);
#2070=ORIENTED_EDGE('',*,*,#1589,.T.);
#2071=ORIENTED_EDGE('',*,*,#1590,.T.);
#2072=ORIENTED_EDGE('',*,*,#1589,.F.);
#2073=ORIENTED_EDGE('',*,*,#1590,.F.);
#2074=ORIENTED_EDGE('',*,*,#1591,.F.);
#2075=ORIENTED_EDGE('',*,*,#1592,.F.);
#2076=ORIENTED_EDGE('',*,*,#1593,.T.);
#2077=ORIENTED_EDGE('',*,*,#1594,.T.);
#2078=ORIENTED_EDGE('',*,*,#1593,.F.);
#2079=ORIENTED_EDGE('',*,*,#1594,.F.);
#2080=ORIENTED_EDGE('',*,*,#1595,.F.);
#2081=ORIENTED_EDGE('',*,*,#1596,.F.);
#2082=ORIENTED_EDGE('',*,*,#1597,.T.);
#2083=ORIENTED_EDGE('',*,*,#1598,.F.);
#2084=ORIENTED_EDGE('',*,*,#1599,.F.);
#2085=ORIENTED_EDGE('',*,*,#1600,.F.);
#2086=ORIENTED_EDGE('',*,*,#1599,.T.);
#2087=ORIENTED_EDGE('',*,*,#1601,.F.);
#2088=ORIENTED_EDGE('',*,*,#1602,.F.);
#2089=ORIENTED_EDGE('',*,*,#1603,.F.);
#2090=ORIENTED_EDGE('',*,*,#1602,.T.);
#2091=ORIENTED_EDGE('',*,*,#1604,.F.);
#2092=ORIENTED_EDGE('',*,*,#1605,.F.);
#2093=ORIENTED_EDGE('',*,*,#1606,.F.);
#2094=ORIENTED_EDGE('',*,*,#1605,.T.);
#2095=ORIENTED_EDGE('',*,*,#1607,.F.);
#2096=ORIENTED_EDGE('',*,*,#1608,.F.);
#2097=ORIENTED_EDGE('',*,*,#1609,.F.);
#2098=ORIENTED_EDGE('',*,*,#1608,.T.);
#2099=ORIENTED_EDGE('',*,*,#1610,.F.);
#2100=ORIENTED_EDGE('',*,*,#1611,.F.);
#2101=ORIENTED_EDGE('',*,*,#1612,.F.);
#2102=ORIENTED_EDGE('',*,*,#1611,.T.);
#2103=ORIENTED_EDGE('',*,*,#1613,.F.);
#2104=ORIENTED_EDGE('',*,*,#1614,.F.);
#2105=ORIENTED_EDGE('',*,*,#1615,.F.);
#2106=ORIENTED_EDGE('',*,*,#1614,.T.);
#2107=ORIENTED_EDGE('',*,*,#1616,.F.);
#2108=ORIENTED_EDGE('',*,*,#1617,.F.);
#2109=ORIENTED_EDGE('',*,*,#1618,.F.);
#2110=ORIENTED_EDGE('',*,*,#1617,.T.);
#2111=ORIENTED_EDGE('',*,*,#1619,.F.);
#2112=ORIENTED_EDGE('',*,*,#1620,.F.);
#2113=ORIENTED_EDGE('',*,*,#1621,.F.);
#2114=ORIENTED_EDGE('',*,*,#1620,.T.);
#2115=ORIENTED_EDGE('',*,*,#1622,.F.);
#2116=ORIENTED_EDGE('',*,*,#1623,.F.);
#2117=ORIENTED_EDGE('',*,*,#1624,.F.);
#2118=ORIENTED_EDGE('',*,*,#1623,.T.);
#2119=ORIENTED_EDGE('',*,*,#1625,.F.);
#2120=ORIENTED_EDGE('',*,*,#1626,.F.);
#2121=ORIENTED_EDGE('',*,*,#1627,.F.);
#2122=ORIENTED_EDGE('',*,*,#1626,.T.);
#2123=ORIENTED_EDGE('',*,*,#1628,.F.);
#2124=ORIENTED_EDGE('',*,*,#1629,.F.);
#2125=ORIENTED_EDGE('',*,*,#1630,.F.);
#2126=ORIENTED_EDGE('',*,*,#1629,.T.);
#2127=ORIENTED_EDGE('',*,*,#1631,.F.);
#2128=ORIENTED_EDGE('',*,*,#1632,.F.);
#2129=ORIENTED_EDGE('',*,*,#1633,.F.);
#2130=ORIENTED_EDGE('',*,*,#1632,.T.);
#2131=ORIENTED_EDGE('',*,*,#1634,.F.);
#2132=ORIENTED_EDGE('',*,*,#1635,.F.);
#2133=ORIENTED_EDGE('',*,*,#1636,.F.);
#2134=ORIENTED_EDGE('',*,*,#1635,.T.);
#2135=ORIENTED_EDGE('',*,*,#1637,.F.);
#2136=ORIENTED_EDGE('',*,*,#1638,.F.);
#2137=ORIENTED_EDGE('',*,*,#1639,.F.);
#2138=ORIENTED_EDGE('',*,*,#1638,.T.);
#2139=ORIENTED_EDGE('',*,*,#1640,.F.);
#2140=ORIENTED_EDGE('',*,*,#1641,.F.);
#2141=ORIENTED_EDGE('',*,*,#1642,.F.);
#2142=ORIENTED_EDGE('',*,*,#1641,.T.);
#2143=ORIENTED_EDGE('',*,*,#1643,.F.);
#2144=ORIENTED_EDGE('',*,*,#1644,.F.);
#2145=ORIENTED_EDGE('',*,*,#1645,.F.);
#2146=ORIENTED_EDGE('',*,*,#1644,.T.);
#2147=ORIENTED_EDGE('',*,*,#1646,.F.);
#2148=ORIENTED_EDGE('',*,*,#1647,.F.);
#2149=ORIENTED_EDGE('',*,*,#1648,.F.);
#2150=ORIENTED_EDGE('',*,*,#1647,.T.);
#2151=ORIENTED_EDGE('',*,*,#1649,.F.);
#2152=ORIENTED_EDGE('',*,*,#1650,.F.);
#2153=ORIENTED_EDGE('',*,*,#1651,.F.);
#2154=ORIENTED_EDGE('',*,*,#1650,.T.);
#2155=ORIENTED_EDGE('',*,*,#1652,.F.);
#2156=ORIENTED_EDGE('',*,*,#1653,.F.);
#2157=ORIENTED_EDGE('',*,*,#1654,.F.);
#2158=ORIENTED_EDGE('',*,*,#1653,.T.);
#2159=ORIENTED_EDGE('',*,*,#1655,.F.);
#2160=ORIENTED_EDGE('',*,*,#1656,.F.);
#2161=ORIENTED_EDGE('',*,*,#1657,.F.);
#2162=ORIENTED_EDGE('',*,*,#1656,.T.);
#2163=ORIENTED_EDGE('',*,*,#1658,.F.);
#2164=ORIENTED_EDGE('',*,*,#1659,.F.);
#2165=ORIENTED_EDGE('',*,*,#1660,.F.);
#2166=ORIENTED_EDGE('',*,*,#1659,.T.);
#2167=ORIENTED_EDGE('',*,*,#1661,.F.);
#2168=ORIENTED_EDGE('',*,*,#1662,.F.);
#2169=ORIENTED_EDGE('',*,*,#1663,.F.);
#2170=ORIENTED_EDGE('',*,*,#1662,.T.);
#2171=ORIENTED_EDGE('',*,*,#1664,.F.);
#2172=ORIENTED_EDGE('',*,*,#1665,.F.);
#2173=ORIENTED_EDGE('',*,*,#1666,.F.);
#2174=ORIENTED_EDGE('',*,*,#1665,.T.);
#2175=ORIENTED_EDGE('',*,*,#1667,.F.);
#2176=ORIENTED_EDGE('',*,*,#1668,.F.);
#2177=ORIENTED_EDGE('',*,*,#1669,.F.);
#2178=ORIENTED_EDGE('',*,*,#1668,.T.);
#2179=ORIENTED_EDGE('',*,*,#1670,.F.);
#2180=ORIENTED_EDGE('',*,*,#1671,.F.);
#2181=ORIENTED_EDGE('',*,*,#1672,.F.);
#2182=ORIENTED_EDGE('',*,*,#1671,.T.);
#2183=ORIENTED_EDGE('',*,*,#1673,.F.);
#2184=ORIENTED_EDGE('',*,*,#1674,.F.);
#2185=ORIENTED_EDGE('',*,*,#1675,.F.);
#2186=ORIENTED_EDGE('',*,*,#1674,.T.);
#2187=ORIENTED_EDGE('',*,*,#1676,.F.);
#2188=ORIENTED_EDGE('',*,*,#1677,.F.);
#2189=ORIENTED_EDGE('',*,*,#1678,.F.);
#2190=ORIENTED_EDGE('',*,*,#1677,.T.);
#2191=ORIENTED_EDGE('',*,*,#1679,.F.);
#2192=ORIENTED_EDGE('',*,*,#1680,.F.);
#2193=ORIENTED_EDGE('',*,*,#1681,.F.);
#2194=ORIENTED_EDGE('',*,*,#1680,.T.);
#2195=ORIENTED_EDGE('',*,*,#1682,.F.);
#2196=ORIENTED_EDGE('',*,*,#1683,.F.);
#2197=ORIENTED_EDGE('',*,*,#1684,.F.);
#2198=ORIENTED_EDGE('',*,*,#1683,.T.);
#2199=ORIENTED_EDGE('',*,*,#1685,.F.);
#2200=ORIENTED_EDGE('',*,*,#1686,.F.);
#2201=ORIENTED_EDGE('',*,*,#1687,.F.);
#2202=ORIENTED_EDGE('',*,*,#1686,.T.);
#2203=ORIENTED_EDGE('',*,*,#1688,.F.);
#2204=ORIENTED_EDGE('',*,*,#1689,.F.);
#2205=ORIENTED_EDGE('',*,*,#1690,.F.);
#2206=ORIENTED_EDGE('',*,*,#1689,.T.);
#2207=ORIENTED_EDGE('',*,*,#1691,.F.);
#2208=ORIENTED_EDGE('',*,*,#1692,.F.);
#2209=ORIENTED_EDGE('',*,*,#1693,.F.);
#2210=ORIENTED_EDGE('',*,*,#1692,.T.);
#2211=ORIENTED_EDGE('',*,*,#1694,.F.);
#2212=ORIENTED_EDGE('',*,*,#1695,.F.);
#2213=ORIENTED_EDGE('',*,*,#1696,.F.);
#2214=ORIENTED_EDGE('',*,*,#1695,.T.);
#2215=ORIENTED_EDGE('',*,*,#1697,.F.);
#2216=ORIENTED_EDGE('',*,*,#1698,.F.);
#2217=ORIENTED_EDGE('',*,*,#1699,.F.);
#2218=ORIENTED_EDGE('',*,*,#1698,.T.);
#2219=ORIENTED_EDGE('',*,*,#1700,.F.);
#2220=ORIENTED_EDGE('',*,*,#1701,.F.);
#2221=ORIENTED_EDGE('',*,*,#1702,.F.);
#2222=ORIENTED_EDGE('',*,*,#1701,.T.);
#2223=ORIENTED_EDGE('',*,*,#1703,.F.);
#2224=ORIENTED_EDGE('',*,*,#1704,.F.);
#2225=ORIENTED_EDGE('',*,*,#1705,.F.);
#2226=ORIENTED_EDGE('',*,*,#1704,.T.);
#2227=ORIENTED_EDGE('',*,*,#1706,.F.);
#2228=ORIENTED_EDGE('',*,*,#1707,.F.);
#2229=ORIENTED_EDGE('',*,*,#1708,.F.);
#2230=ORIENTED_EDGE('',*,*,#1707,.T.);
#2231=ORIENTED_EDGE('',*,*,#1709,.F.);
#2232=ORIENTED_EDGE('',*,*,#1710,.F.);
#2233=ORIENTED_EDGE('',*,*,#1711,.F.);
#2234=ORIENTED_EDGE('',*,*,#1710,.T.);
#2235=ORIENTED_EDGE('',*,*,#1712,.F.);
#2236=ORIENTED_EDGE('',*,*,#1713,.F.);
#2237=ORIENTED_EDGE('',*,*,#1714,.F.);
#2238=ORIENTED_EDGE('',*,*,#1713,.T.);
#2239=ORIENTED_EDGE('',*,*,#1715,.F.);
#2240=ORIENTED_EDGE('',*,*,#1716,.F.);
#2241=ORIENTED_EDGE('',*,*,#1717,.F.);
#2242=ORIENTED_EDGE('',*,*,#1716,.T.);
#2243=ORIENTED_EDGE('',*,*,#1718,.F.);
#2244=ORIENTED_EDGE('',*,*,#1719,.F.);
#2245=ORIENTED_EDGE('',*,*,#1720,.F.);
#2246=ORIENTED_EDGE('',*,*,#1719,.T.);
#2247=ORIENTED_EDGE('',*,*,#1721,.F.);
#2248=ORIENTED_EDGE('',*,*,#1722,.F.);
#2249=ORIENTED_EDGE('',*,*,#1723,.F.);
#2250=ORIENTED_EDGE('',*,*,#1722,.T.);
#2251=ORIENTED_EDGE('',*,*,#1724,.F.);
#2252=ORIENTED_EDGE('',*,*,#1725,.F.);
#2253=ORIENTED_EDGE('',*,*,#1726,.F.);
#2254=ORIENTED_EDGE('',*,*,#1725,.T.);
#2255=ORIENTED_EDGE('',*,*,#1727,.F.);
#2256=ORIENTED_EDGE('',*,*,#1728,.F.);
#2257=ORIENTED_EDGE('',*,*,#1729,.F.);
#2258=ORIENTED_EDGE('',*,*,#1728,.T.);
#2259=ORIENTED_EDGE('',*,*,#1730,.F.);
#2260=ORIENTED_EDGE('',*,*,#1731,.F.);
#2261=ORIENTED_EDGE('',*,*,#1732,.F.);
#2262=ORIENTED_EDGE('',*,*,#1733,.T.);
#2263=ORIENTED_EDGE('',*,*,#1734,.F.);
#2264=ORIENTED_EDGE('',*,*,#1597,.F.);
#2265=ORIENTED_EDGE('',*,*,#1734,.T.);
#2266=ORIENTED_EDGE('',*,*,#1735,.T.);
#2267=ORIENTED_EDGE('',*,*,#1736,.F.);
#2268=ORIENTED_EDGE('',*,*,#1737,.F.);
#2269=ORIENTED_EDGE('',*,*,#1738,.F.);
#2270=ORIENTED_EDGE('',*,*,#1739,.F.);
#2271=ORIENTED_EDGE('',*,*,#1740,.F.);
#2272=ORIENTED_EDGE('',*,*,#1741,.F.);
#2273=ORIENTED_EDGE('',*,*,#1742,.F.);
#2274=ORIENTED_EDGE('',*,*,#1743,.F.);
#2275=ORIENTED_EDGE('',*,*,#1744,.F.);
#2276=ORIENTED_EDGE('',*,*,#1745,.F.);
#2277=ORIENTED_EDGE('',*,*,#1746,.F.);
#2278=ORIENTED_EDGE('',*,*,#1747,.F.);
#2279=ORIENTED_EDGE('',*,*,#1748,.F.);
#2280=ORIENTED_EDGE('',*,*,#1749,.F.);
#2281=ORIENTED_EDGE('',*,*,#1750,.F.);
#2282=ORIENTED_EDGE('',*,*,#1751,.F.);
#2283=ORIENTED_EDGE('',*,*,#1752,.F.);
#2284=ORIENTED_EDGE('',*,*,#1753,.F.);
#2285=ORIENTED_EDGE('',*,*,#1754,.F.);
#2286=ORIENTED_EDGE('',*,*,#1755,.F.);
#2287=ORIENTED_EDGE('',*,*,#1756,.F.);
#2288=ORIENTED_EDGE('',*,*,#1757,.F.);
#2289=ORIENTED_EDGE('',*,*,#1758,.F.);
#2290=ORIENTED_EDGE('',*,*,#1759,.F.);
#2291=ORIENTED_EDGE('',*,*,#1760,.F.);
#2292=ORIENTED_EDGE('',*,*,#1761,.F.);
#2293=ORIENTED_EDGE('',*,*,#1762,.F.);
#2294=ORIENTED_EDGE('',*,*,#1763,.F.);
#2295=ORIENTED_EDGE('',*,*,#1764,.F.);
#2296=ORIENTED_EDGE('',*,*,#1765,.F.);
#2297=ORIENTED_EDGE('',*,*,#1766,.F.);
#2298=ORIENTED_EDGE('',*,*,#1767,.F.);
#2299=ORIENTED_EDGE('',*,*,#1768,.F.);
#2300=ORIENTED_EDGE('',*,*,#1769,.F.);
#2301=ORIENTED_EDGE('',*,*,#1770,.F.);
#2302=ORIENTED_EDGE('',*,*,#1771,.F.);
#2303=ORIENTED_EDGE('',*,*,#1772,.F.);
#2304=ORIENTED_EDGE('',*,*,#1773,.F.);
#2305=ORIENTED_EDGE('',*,*,#1774,.F.);
#2306=ORIENTED_EDGE('',*,*,#1775,.F.);
#2307=ORIENTED_EDGE('',*,*,#1776,.F.);
#2308=ORIENTED_EDGE('',*,*,#1777,.F.);
#2309=ORIENTED_EDGE('',*,*,#1778,.F.);
#2310=ORIENTED_EDGE('',*,*,#1779,.F.);
#2311=ORIENTED_EDGE('',*,*,#1780,.F.);
#2312=ORIENTED_EDGE('',*,*,#1781,.F.);
#2313=ORIENTED_EDGE('',*,*,#1782,.F.);
#2314=ORIENTED_EDGE('',*,*,#1783,.T.);
#2315=ORIENTED_EDGE('',*,*,#1730,.T.);
#2316=ORIENTED_EDGE('',*,*,#1727,.T.);
#2317=ORIENTED_EDGE('',*,*,#1724,.T.);
#2318=ORIENTED_EDGE('',*,*,#1721,.T.);
#2319=ORIENTED_EDGE('',*,*,#1718,.T.);
#2320=ORIENTED_EDGE('',*,*,#1715,.T.);
#2321=ORIENTED_EDGE('',*,*,#1712,.T.);
#2322=ORIENTED_EDGE('',*,*,#1709,.T.);
#2323=ORIENTED_EDGE('',*,*,#1706,.T.);
#2324=ORIENTED_EDGE('',*,*,#1703,.T.);
#2325=ORIENTED_EDGE('',*,*,#1700,.T.);
#2326=ORIENTED_EDGE('',*,*,#1697,.T.);
#2327=ORIENTED_EDGE('',*,*,#1694,.T.);
#2328=ORIENTED_EDGE('',*,*,#1691,.T.);
#2329=ORIENTED_EDGE('',*,*,#1688,.T.);
#2330=ORIENTED_EDGE('',*,*,#1685,.T.);
#2331=ORIENTED_EDGE('',*,*,#1682,.T.);
#2332=ORIENTED_EDGE('',*,*,#1679,.T.);
#2333=ORIENTED_EDGE('',*,*,#1676,.T.);
#2334=ORIENTED_EDGE('',*,*,#1673,.T.);
#2335=ORIENTED_EDGE('',*,*,#1670,.T.);
#2336=ORIENTED_EDGE('',*,*,#1667,.T.);
#2337=ORIENTED_EDGE('',*,*,#1664,.T.);
#2338=ORIENTED_EDGE('',*,*,#1661,.T.);
#2339=ORIENTED_EDGE('',*,*,#1658,.T.);
#2340=ORIENTED_EDGE('',*,*,#1655,.T.);
#2341=ORIENTED_EDGE('',*,*,#1652,.T.);
#2342=ORIENTED_EDGE('',*,*,#1649,.T.);
#2343=ORIENTED_EDGE('',*,*,#1646,.T.);
#2344=ORIENTED_EDGE('',*,*,#1643,.T.);
#2345=ORIENTED_EDGE('',*,*,#1640,.T.);
#2346=ORIENTED_EDGE('',*,*,#1637,.T.);
#2347=ORIENTED_EDGE('',*,*,#1634,.T.);
#2348=ORIENTED_EDGE('',*,*,#1631,.T.);
#2349=ORIENTED_EDGE('',*,*,#1628,.T.);
#2350=ORIENTED_EDGE('',*,*,#1625,.T.);
#2351=ORIENTED_EDGE('',*,*,#1622,.T.);
#2352=ORIENTED_EDGE('',*,*,#1619,.T.);
#2353=ORIENTED_EDGE('',*,*,#1616,.T.);
#2354=ORIENTED_EDGE('',*,*,#1613,.T.);
#2355=ORIENTED_EDGE('',*,*,#1610,.T.);
#2356=ORIENTED_EDGE('',*,*,#1607,.T.);
#2357=ORIENTED_EDGE('',*,*,#1604,.T.);
#2358=ORIENTED_EDGE('',*,*,#1601,.T.);
#2359=ORIENTED_EDGE('',*,*,#1598,.T.);
#2360=ORIENTED_EDGE('',*,*,#1782,.T.);
#2361=ORIENTED_EDGE('',*,*,#1784,.T.);
#2362=ORIENTED_EDGE('',*,*,#1785,.F.);
#2363=ORIENTED_EDGE('',*,*,#1786,.F.);
#2364=ORIENTED_EDGE('',*,*,#1781,.T.);
#2365=ORIENTED_EDGE('',*,*,#1787,.T.);
#2366=ORIENTED_EDGE('',*,*,#1788,.F.);
#2367=ORIENTED_EDGE('',*,*,#1784,.F.);
#2368=ORIENTED_EDGE('',*,*,#1780,.T.);
#2369=ORIENTED_EDGE('',*,*,#1789,.T.);
#2370=ORIENTED_EDGE('',*,*,#1790,.F.);
#2371=ORIENTED_EDGE('',*,*,#1787,.F.);
#2372=ORIENTED_EDGE('',*,*,#1779,.T.);
#2373=ORIENTED_EDGE('',*,*,#1791,.T.);
#2374=ORIENTED_EDGE('',*,*,#1792,.F.);
#2375=ORIENTED_EDGE('',*,*,#1789,.F.);
#2376=ORIENTED_EDGE('',*,*,#1778,.T.);
#2377=ORIENTED_EDGE('',*,*,#1793,.T.);
#2378=ORIENTED_EDGE('',*,*,#1794,.F.);
#2379=ORIENTED_EDGE('',*,*,#1791,.F.);
#2380=ORIENTED_EDGE('',*,*,#1777,.T.);
#2381=ORIENTED_EDGE('',*,*,#1795,.T.);
#2382=ORIENTED_EDGE('',*,*,#1796,.F.);
#2383=ORIENTED_EDGE('',*,*,#1793,.F.);
#2384=ORIENTED_EDGE('',*,*,#1776,.T.);
#2385=ORIENTED_EDGE('',*,*,#1797,.T.);
#2386=ORIENTED_EDGE('',*,*,#1798,.F.);
#2387=ORIENTED_EDGE('',*,*,#1795,.F.);
#2388=ORIENTED_EDGE('',*,*,#1775,.T.);
#2389=ORIENTED_EDGE('',*,*,#1799,.T.);
#2390=ORIENTED_EDGE('',*,*,#1800,.F.);
#2391=ORIENTED_EDGE('',*,*,#1797,.F.);
#2392=ORIENTED_EDGE('',*,*,#1774,.T.);
#2393=ORIENTED_EDGE('',*,*,#1801,.T.);
#2394=ORIENTED_EDGE('',*,*,#1802,.F.);
#2395=ORIENTED_EDGE('',*,*,#1799,.F.);
#2396=ORIENTED_EDGE('',*,*,#1773,.T.);
#2397=ORIENTED_EDGE('',*,*,#1803,.T.);
#2398=ORIENTED_EDGE('',*,*,#1804,.F.);
#2399=ORIENTED_EDGE('',*,*,#1801,.F.);
#2400=ORIENTED_EDGE('',*,*,#1772,.T.);
#2401=ORIENTED_EDGE('',*,*,#1805,.T.);
#2402=ORIENTED_EDGE('',*,*,#1806,.F.);
#2403=ORIENTED_EDGE('',*,*,#1803,.F.);
#2404=ORIENTED_EDGE('',*,*,#1771,.T.);
#2405=ORIENTED_EDGE('',*,*,#1807,.T.);
#2406=ORIENTED_EDGE('',*,*,#1808,.F.);
#2407=ORIENTED_EDGE('',*,*,#1805,.F.);
#2408=ORIENTED_EDGE('',*,*,#1770,.T.);
#2409=ORIENTED_EDGE('',*,*,#1809,.T.);
#2410=ORIENTED_EDGE('',*,*,#1810,.F.);
#2411=ORIENTED_EDGE('',*,*,#1807,.F.);
#2412=ORIENTED_EDGE('',*,*,#1769,.T.);
#2413=ORIENTED_EDGE('',*,*,#1811,.T.);
#2414=ORIENTED_EDGE('',*,*,#1812,.F.);
#2415=ORIENTED_EDGE('',*,*,#1809,.F.);
#2416=ORIENTED_EDGE('',*,*,#1768,.T.);
#2417=ORIENTED_EDGE('',*,*,#1813,.T.);
#2418=ORIENTED_EDGE('',*,*,#1814,.F.);
#2419=ORIENTED_EDGE('',*,*,#1811,.F.);
#2420=ORIENTED_EDGE('',*,*,#1767,.T.);
#2421=ORIENTED_EDGE('',*,*,#1815,.T.);
#2422=ORIENTED_EDGE('',*,*,#1816,.F.);
#2423=ORIENTED_EDGE('',*,*,#1817,.T.);
#2424=ORIENTED_EDGE('',*,*,#1818,.T.);
#2425=ORIENTED_EDGE('',*,*,#1819,.T.);
#2426=ORIENTED_EDGE('',*,*,#1820,.T.);
#2427=ORIENTED_EDGE('',*,*,#1821,.T.);
#2428=ORIENTED_EDGE('',*,*,#1822,.F.);
#2429=ORIENTED_EDGE('',*,*,#1813,.F.);
#2430=ORIENTED_EDGE('',*,*,#1766,.T.);
#2431=ORIENTED_EDGE('',*,*,#1823,.T.);
#2432=ORIENTED_EDGE('',*,*,#1824,.F.);
#2433=ORIENTED_EDGE('',*,*,#1815,.F.);
#2434=ORIENTED_EDGE('',*,*,#1765,.T.);
#2435=ORIENTED_EDGE('',*,*,#1825,.T.);
#2436=ORIENTED_EDGE('',*,*,#1826,.F.);
#2437=ORIENTED_EDGE('',*,*,#1823,.F.);
#2438=ORIENTED_EDGE('',*,*,#1764,.T.);
#2439=ORIENTED_EDGE('',*,*,#1827,.T.);
#2440=ORIENTED_EDGE('',*,*,#1828,.F.);
#2441=ORIENTED_EDGE('',*,*,#1825,.F.);
#2442=ORIENTED_EDGE('',*,*,#1763,.T.);
#2443=ORIENTED_EDGE('',*,*,#1829,.T.);
#2444=ORIENTED_EDGE('',*,*,#1830,.F.);
#2445=ORIENTED_EDGE('',*,*,#1827,.F.);
#2446=ORIENTED_EDGE('',*,*,#1762,.T.);
#2447=ORIENTED_EDGE('',*,*,#1831,.T.);
#2448=ORIENTED_EDGE('',*,*,#1832,.F.);
#2449=ORIENTED_EDGE('',*,*,#1829,.F.);
#2450=ORIENTED_EDGE('',*,*,#1761,.T.);
#2451=ORIENTED_EDGE('',*,*,#1833,.T.);
#2452=ORIENTED_EDGE('',*,*,#1834,.F.);
#2453=ORIENTED_EDGE('',*,*,#1831,.F.);
#2454=ORIENTED_EDGE('',*,*,#1760,.T.);
#2455=ORIENTED_EDGE('',*,*,#1835,.T.);
#2456=ORIENTED_EDGE('',*,*,#1836,.F.);
#2457=ORIENTED_EDGE('',*,*,#1833,.F.);
#2458=ORIENTED_EDGE('',*,*,#1759,.T.);
#2459=ORIENTED_EDGE('',*,*,#1837,.T.);
#2460=ORIENTED_EDGE('',*,*,#1838,.F.);
#2461=ORIENTED_EDGE('',*,*,#1835,.F.);
#2462=ORIENTED_EDGE('',*,*,#1758,.T.);
#2463=ORIENTED_EDGE('',*,*,#1839,.T.);
#2464=ORIENTED_EDGE('',*,*,#1840,.F.);
#2465=ORIENTED_EDGE('',*,*,#1837,.F.);
#2466=ORIENTED_EDGE('',*,*,#1757,.T.);
#2467=ORIENTED_EDGE('',*,*,#1841,.T.);
#2468=ORIENTED_EDGE('',*,*,#1842,.F.);
#2469=ORIENTED_EDGE('',*,*,#1839,.F.);
#2470=ORIENTED_EDGE('',*,*,#1756,.T.);
#2471=ORIENTED_EDGE('',*,*,#1843,.T.);
#2472=ORIENTED_EDGE('',*,*,#1844,.F.);
#2473=ORIENTED_EDGE('',*,*,#1841,.F.);
#2474=ORIENTED_EDGE('',*,*,#1755,.T.);
#2475=ORIENTED_EDGE('',*,*,#1845,.T.);
#2476=ORIENTED_EDGE('',*,*,#1846,.F.);
#2477=ORIENTED_EDGE('',*,*,#1843,.F.);
#2478=ORIENTED_EDGE('',*,*,#1754,.T.);
#2479=ORIENTED_EDGE('',*,*,#1847,.T.);
#2480=ORIENTED_EDGE('',*,*,#1848,.F.);
#2481=ORIENTED_EDGE('',*,*,#1845,.F.);
#2482=ORIENTED_EDGE('',*,*,#1753,.T.);
#2483=ORIENTED_EDGE('',*,*,#1849,.T.);
#2484=ORIENTED_EDGE('',*,*,#1850,.F.);
#2485=ORIENTED_EDGE('',*,*,#1847,.F.);
#2486=ORIENTED_EDGE('',*,*,#1752,.T.);
#2487=ORIENTED_EDGE('',*,*,#1851,.T.);
#2488=ORIENTED_EDGE('',*,*,#1852,.F.);
#2489=ORIENTED_EDGE('',*,*,#1849,.F.);
#2490=ORIENTED_EDGE('',*,*,#1751,.T.);
#2491=ORIENTED_EDGE('',*,*,#1853,.T.);
#2492=ORIENTED_EDGE('',*,*,#1854,.F.);
#2493=ORIENTED_EDGE('',*,*,#1851,.F.);
#2494=ORIENTED_EDGE('',*,*,#1750,.T.);
#2495=ORIENTED_EDGE('',*,*,#1855,.T.);
#2496=ORIENTED_EDGE('',*,*,#1856,.F.);
#2497=ORIENTED_EDGE('',*,*,#1853,.F.);
#2498=ORIENTED_EDGE('',*,*,#1749,.T.);
#2499=ORIENTED_EDGE('',*,*,#1857,.T.);
#2500=ORIENTED_EDGE('',*,*,#1858,.F.);
#2501=ORIENTED_EDGE('',*,*,#1855,.F.);
#2502=ORIENTED_EDGE('',*,*,#1748,.T.);
#2503=ORIENTED_EDGE('',*,*,#1859,.T.);
#2504=ORIENTED_EDGE('',*,*,#1860,.F.);
#2505=ORIENTED_EDGE('',*,*,#1857,.F.);
#2506=ORIENTED_EDGE('',*,*,#1747,.T.);
#2507=ORIENTED_EDGE('',*,*,#1861,.T.);
#2508=ORIENTED_EDGE('',*,*,#1862,.F.);
#2509=ORIENTED_EDGE('',*,*,#1859,.F.);
#2510=ORIENTED_EDGE('',*,*,#1746,.T.);
#2511=ORIENTED_EDGE('',*,*,#1863,.T.);
#2512=ORIENTED_EDGE('',*,*,#1864,.F.);
#2513=ORIENTED_EDGE('',*,*,#1861,.F.);
#2514=ORIENTED_EDGE('',*,*,#1745,.T.);
#2515=ORIENTED_EDGE('',*,*,#1865,.T.);
#2516=ORIENTED_EDGE('',*,*,#1866,.F.);
#2517=ORIENTED_EDGE('',*,*,#1863,.F.);
#2518=ORIENTED_EDGE('',*,*,#1744,.T.);
#2519=ORIENTED_EDGE('',*,*,#1867,.T.);
#2520=ORIENTED_EDGE('',*,*,#1868,.F.);
#2521=ORIENTED_EDGE('',*,*,#1865,.F.);
#2522=ORIENTED_EDGE('',*,*,#1743,.T.);
#2523=ORIENTED_EDGE('',*,*,#1869,.T.);
#2524=ORIENTED_EDGE('',*,*,#1870,.F.);
#2525=ORIENTED_EDGE('',*,*,#1867,.F.);
#2526=ORIENTED_EDGE('',*,*,#1742,.T.);
#2527=ORIENTED_EDGE('',*,*,#1871,.T.);
#2528=ORIENTED_EDGE('',*,*,#1872,.F.);
#2529=ORIENTED_EDGE('',*,*,#1869,.F.);
#2530=ORIENTED_EDGE('',*,*,#1741,.T.);
#2531=ORIENTED_EDGE('',*,*,#1873,.T.);
#2532=ORIENTED_EDGE('',*,*,#1874,.F.);
#2533=ORIENTED_EDGE('',*,*,#1871,.F.);
#2534=ORIENTED_EDGE('',*,*,#1740,.T.);
#2535=ORIENTED_EDGE('',*,*,#1875,.T.);
#2536=ORIENTED_EDGE('',*,*,#1876,.F.);
#2537=ORIENTED_EDGE('',*,*,#1873,.F.);
#2538=ORIENTED_EDGE('',*,*,#1739,.T.);
#2539=ORIENTED_EDGE('',*,*,#1877,.T.);
#2540=ORIENTED_EDGE('',*,*,#1878,.F.);
#2541=ORIENTED_EDGE('',*,*,#1875,.F.);
#2542=ORIENTED_EDGE('',*,*,#1738,.T.);
#2543=ORIENTED_EDGE('',*,*,#1879,.T.);
#2544=ORIENTED_EDGE('',*,*,#1880,.F.);
#2545=ORIENTED_EDGE('',*,*,#1877,.F.);
#2546=ORIENTED_EDGE('',*,*,#1737,.T.);
#2547=ORIENTED_EDGE('',*,*,#1881,.T.);
#2548=ORIENTED_EDGE('',*,*,#1882,.F.);
#2549=ORIENTED_EDGE('',*,*,#1879,.F.);
#2550=ORIENTED_EDGE('',*,*,#1736,.T.);
#2551=ORIENTED_EDGE('',*,*,#1883,.T.);
#2552=ORIENTED_EDGE('',*,*,#1884,.F.);
#2553=ORIENTED_EDGE('',*,*,#1881,.F.);
#2554=ORIENTED_EDGE('',*,*,#1885,.F.);
#2555=ORIENTED_EDGE('',*,*,#1886,.F.);
#2556=ORIENTED_EDGE('',*,*,#1819,.F.);
#2557=ORIENTED_EDGE('',*,*,#1887,.T.);
#2558=ORIENTED_EDGE('',*,*,#1888,.F.);
#2559=ORIENTED_EDGE('',*,*,#1887,.F.);
#2560=ORIENTED_EDGE('',*,*,#1818,.F.);
#2561=ORIENTED_EDGE('',*,*,#1889,.T.);
#2562=ORIENTED_EDGE('',*,*,#1890,.F.);
#2563=ORIENTED_EDGE('',*,*,#1889,.F.);
#2564=ORIENTED_EDGE('',*,*,#1817,.F.);
#2565=ORIENTED_EDGE('',*,*,#1891,.F.);
#2566=ORIENTED_EDGE('',*,*,#1892,.F.);
#2567=ORIENTED_EDGE('',*,*,#1893,.F.);
#2568=ORIENTED_EDGE('',*,*,#1821,.F.);
#2569=ORIENTED_EDGE('',*,*,#1894,.T.);
#2570=ORIENTED_EDGE('',*,*,#1895,.F.);
#2571=ORIENTED_EDGE('',*,*,#1894,.F.);
#2572=ORIENTED_EDGE('',*,*,#1820,.F.);
#2573=ORIENTED_EDGE('',*,*,#1886,.T.);
#2574=ORIENTED_EDGE('',*,*,#1892,.T.);
#2575=ORIENTED_EDGE('',*,*,#1895,.T.);
#2576=ORIENTED_EDGE('',*,*,#1885,.T.);
#2577=ORIENTED_EDGE('',*,*,#1888,.T.);
#2578=ORIENTED_EDGE('',*,*,#1890,.T.);
#2579=ORIENTED_EDGE('',*,*,#1896,.F.);
#2580=ORIENTED_EDGE('',*,*,#1897,.F.);
#2581=ORIENTED_EDGE('',*,*,#1898,.F.);
#2582=ORIENTED_EDGE('',*,*,#1899,.T.);
#2583=ORIENTED_EDGE('',*,*,#1900,.F.);
#2584=ORIENTED_EDGE('',*,*,#1891,.T.);
#2585=ORIENTED_EDGE('',*,*,#1816,.T.);
#2586=ORIENTED_EDGE('',*,*,#1824,.T.);
#2587=ORIENTED_EDGE('',*,*,#1826,.T.);
#2588=ORIENTED_EDGE('',*,*,#1828,.T.);
#2589=ORIENTED_EDGE('',*,*,#1830,.T.);
#2590=ORIENTED_EDGE('',*,*,#1832,.T.);
#2591=ORIENTED_EDGE('',*,*,#1834,.T.);
#2592=ORIENTED_EDGE('',*,*,#1836,.T.);
#2593=ORIENTED_EDGE('',*,*,#1838,.T.);
#2594=ORIENTED_EDGE('',*,*,#1840,.T.);
#2595=ORIENTED_EDGE('',*,*,#1842,.T.);
#2596=ORIENTED_EDGE('',*,*,#1844,.T.);
#2597=ORIENTED_EDGE('',*,*,#1846,.T.);
#2598=ORIENTED_EDGE('',*,*,#1848,.T.);
#2599=ORIENTED_EDGE('',*,*,#1850,.T.);
#2600=ORIENTED_EDGE('',*,*,#1852,.T.);
#2601=ORIENTED_EDGE('',*,*,#1854,.T.);
#2602=ORIENTED_EDGE('',*,*,#1856,.T.);
#2603=ORIENTED_EDGE('',*,*,#1858,.T.);
#2604=ORIENTED_EDGE('',*,*,#1860,.T.);
#2605=ORIENTED_EDGE('',*,*,#1862,.T.);
#2606=ORIENTED_EDGE('',*,*,#1864,.T.);
#2607=ORIENTED_EDGE('',*,*,#1866,.T.);
#2608=ORIENTED_EDGE('',*,*,#1868,.T.);
#2609=ORIENTED_EDGE('',*,*,#1870,.T.);
#2610=ORIENTED_EDGE('',*,*,#1872,.T.);
#2611=ORIENTED_EDGE('',*,*,#1874,.T.);
#2612=ORIENTED_EDGE('',*,*,#1876,.T.);
#2613=ORIENTED_EDGE('',*,*,#1878,.T.);
#2614=ORIENTED_EDGE('',*,*,#1880,.T.);
#2615=ORIENTED_EDGE('',*,*,#1882,.T.);
#2616=ORIENTED_EDGE('',*,*,#1884,.T.);
#2617=ORIENTED_EDGE('',*,*,#1901,.T.);
#2618=ORIENTED_EDGE('',*,*,#1902,.T.);
#2619=ORIENTED_EDGE('',*,*,#1903,.T.);
#2620=ORIENTED_EDGE('',*,*,#1904,.T.);
#2621=ORIENTED_EDGE('',*,*,#1905,.T.);
#2622=ORIENTED_EDGE('',*,*,#1906,.T.);
#2623=ORIENTED_EDGE('',*,*,#1907,.T.);
#2624=ORIENTED_EDGE('',*,*,#1908,.T.);
#2625=ORIENTED_EDGE('',*,*,#1909,.T.);
#2626=ORIENTED_EDGE('',*,*,#1910,.T.);
#2627=ORIENTED_EDGE('',*,*,#1911,.T.);
#2628=ORIENTED_EDGE('',*,*,#1912,.T.);
#2629=ORIENTED_EDGE('',*,*,#1913,.T.);
#2630=ORIENTED_EDGE('',*,*,#1914,.T.);
#2631=ORIENTED_EDGE('',*,*,#1915,.T.);
#2632=ORIENTED_EDGE('',*,*,#1916,.T.);
#2633=ORIENTED_EDGE('',*,*,#1917,.T.);
#2634=ORIENTED_EDGE('',*,*,#1918,.T.);
#2635=ORIENTED_EDGE('',*,*,#1919,.T.);
#2636=ORIENTED_EDGE('',*,*,#1920,.T.);
#2637=ORIENTED_EDGE('',*,*,#1921,.T.);
#2638=ORIENTED_EDGE('',*,*,#1922,.T.);
#2639=ORIENTED_EDGE('',*,*,#1896,.T.);
#2640=ORIENTED_EDGE('',*,*,#1923,.F.);
#2641=ORIENTED_EDGE('',*,*,#1924,.T.);
#2642=ORIENTED_EDGE('',*,*,#1591,.T.);
#2643=ORIENTED_EDGE('',*,*,#1924,.F.);
#2644=ORIENTED_EDGE('',*,*,#1925,.F.);
#2645=ORIENTED_EDGE('',*,*,#1926,.T.);
#2646=ORIENTED_EDGE('',*,*,#1579,.T.);
#2647=ORIENTED_EDGE('',*,*,#1926,.F.);
#2648=ORIENTED_EDGE('',*,*,#1927,.F.);
#2649=ORIENTED_EDGE('',*,*,#1928,.T.);
#2650=ORIENTED_EDGE('',*,*,#1929,.F.);
#2651=ORIENTED_EDGE('',*,*,#1930,.F.);
#2652=ORIENTED_EDGE('',*,*,#1931,.T.);
#2653=ORIENTED_EDGE('',*,*,#1932,.F.);
#2654=ORIENTED_EDGE('',*,*,#1933,.F.);
#2655=ORIENTED_EDGE('',*,*,#1934,.F.);
#2656=ORIENTED_EDGE('',*,*,#1935,.F.);
#2657=ORIENTED_EDGE('',*,*,#1936,.F.);
#2658=ORIENTED_EDGE('',*,*,#1937,.F.);
#2659=ORIENTED_EDGE('',*,*,#1938,.F.);
#2660=ORIENTED_EDGE('',*,*,#1939,.F.);
#2661=ORIENTED_EDGE('',*,*,#1940,.F.);
#2662=ORIENTED_EDGE('',*,*,#1941,.F.);
#2663=ORIENTED_EDGE('',*,*,#1942,.F.);
#2664=ORIENTED_EDGE('',*,*,#1943,.F.);
#2665=ORIENTED_EDGE('',*,*,#1944,.F.);
#2666=ORIENTED_EDGE('',*,*,#1929,.T.);
#2667=ORIENTED_EDGE('',*,*,#1923,.T.);
#2668=ORIENTED_EDGE('',*,*,#1925,.T.);
#2669=ORIENTED_EDGE('',*,*,#1944,.T.);
#2670=ORIENTED_EDGE('',*,*,#1945,.T.);
#2671=ORIENTED_EDGE('',*,*,#1946,.F.);
#2672=ORIENTED_EDGE('',*,*,#1947,.F.);
#2673=ORIENTED_EDGE('',*,*,#1943,.T.);
#2674=ORIENTED_EDGE('',*,*,#1948,.T.);
#2675=ORIENTED_EDGE('',*,*,#1949,.F.);
#2676=ORIENTED_EDGE('',*,*,#1945,.F.);
#2677=ORIENTED_EDGE('',*,*,#1942,.T.);
#2678=ORIENTED_EDGE('',*,*,#1950,.T.);
#2679=ORIENTED_EDGE('',*,*,#1951,.F.);
#2680=ORIENTED_EDGE('',*,*,#1948,.F.);
#2681=ORIENTED_EDGE('',*,*,#1941,.T.);
#2682=ORIENTED_EDGE('',*,*,#1952,.T.);
#2683=ORIENTED_EDGE('',*,*,#1953,.F.);
#2684=ORIENTED_EDGE('',*,*,#1950,.F.);
#2685=ORIENTED_EDGE('',*,*,#1940,.T.);
#2686=ORIENTED_EDGE('',*,*,#1954,.T.);
#2687=ORIENTED_EDGE('',*,*,#1955,.F.);
#2688=ORIENTED_EDGE('',*,*,#1952,.F.);
#2689=ORIENTED_EDGE('',*,*,#1939,.T.);
#2690=ORIENTED_EDGE('',*,*,#1956,.T.);
#2691=ORIENTED_EDGE('',*,*,#1957,.F.);
#2692=ORIENTED_EDGE('',*,*,#1954,.F.);
#2693=ORIENTED_EDGE('',*,*,#1938,.T.);
#2694=ORIENTED_EDGE('',*,*,#1958,.T.);
#2695=ORIENTED_EDGE('',*,*,#1959,.F.);
#2696=ORIENTED_EDGE('',*,*,#1956,.F.);
#2697=ORIENTED_EDGE('',*,*,#1937,.T.);
#2698=ORIENTED_EDGE('',*,*,#1960,.F.);
#2699=ORIENTED_EDGE('',*,*,#1961,.F.);
#2700=ORIENTED_EDGE('',*,*,#1731,.T.);
#2701=ORIENTED_EDGE('',*,*,#1783,.F.);
#2702=ORIENTED_EDGE('',*,*,#1786,.T.);
#2703=ORIENTED_EDGE('',*,*,#1962,.F.);
#2704=ORIENTED_EDGE('',*,*,#1958,.F.);
#2705=ORIENTED_EDGE('',*,*,#1936,.T.);
#2706=ORIENTED_EDGE('',*,*,#1963,.T.);
#2707=ORIENTED_EDGE('',*,*,#1964,.F.);
#2708=ORIENTED_EDGE('',*,*,#1960,.T.);
#2709=ORIENTED_EDGE('',*,*,#1935,.T.);
#2710=ORIENTED_EDGE('',*,*,#1965,.T.);
#2711=ORIENTED_EDGE('',*,*,#1966,.F.);
#2712=ORIENTED_EDGE('',*,*,#1963,.F.);
#2713=ORIENTED_EDGE('',*,*,#1934,.T.);
#2714=ORIENTED_EDGE('',*,*,#1967,.T.);
#2715=ORIENTED_EDGE('',*,*,#1968,.F.);
#2716=ORIENTED_EDGE('',*,*,#1965,.F.);
#2717=ORIENTED_EDGE('',*,*,#1933,.T.);
#2718=ORIENTED_EDGE('',*,*,#1969,.T.);
#2719=ORIENTED_EDGE('',*,*,#1970,.F.);
#2720=ORIENTED_EDGE('',*,*,#1967,.F.);
#2721=ORIENTED_EDGE('',*,*,#1932,.T.);
#2722=ORIENTED_EDGE('',*,*,#1971,.T.);
#2723=ORIENTED_EDGE('',*,*,#1901,.F.);
#2724=ORIENTED_EDGE('',*,*,#1883,.F.);
#2725=ORIENTED_EDGE('',*,*,#1735,.F.);
#2726=ORIENTED_EDGE('',*,*,#1733,.F.);
#2727=ORIENTED_EDGE('',*,*,#1972,.F.);
#2728=ORIENTED_EDGE('',*,*,#1969,.F.);
#2729=ORIENTED_EDGE('',*,*,#1973,.F.);
#2730=ORIENTED_EDGE('',*,*,#1930,.T.);
#2731=ORIENTED_EDGE('',*,*,#1947,.T.);
#2732=ORIENTED_EDGE('',*,*,#1974,.F.);
#2733=ORIENTED_EDGE('',*,*,#1975,.F.);
#2734=ORIENTED_EDGE('',*,*,#1976,.F.);
#2735=ORIENTED_EDGE('',*,*,#1975,.T.);
#2736=ORIENTED_EDGE('',*,*,#1977,.F.);
#2737=ORIENTED_EDGE('',*,*,#1978,.F.);
#2738=ORIENTED_EDGE('',*,*,#1979,.F.);
#2739=ORIENTED_EDGE('',*,*,#1978,.T.);
#2740=ORIENTED_EDGE('',*,*,#1980,.F.);
#2741=ORIENTED_EDGE('',*,*,#1981,.F.);
#2742=ORIENTED_EDGE('',*,*,#1982,.F.);
#2743=ORIENTED_EDGE('',*,*,#1981,.T.);
#2744=ORIENTED_EDGE('',*,*,#1983,.F.);
#2745=ORIENTED_EDGE('',*,*,#1984,.F.);
#2746=ORIENTED_EDGE('',*,*,#1985,.F.);
#2747=ORIENTED_EDGE('',*,*,#1984,.T.);
#2748=ORIENTED_EDGE('',*,*,#1986,.F.);
#2749=ORIENTED_EDGE('',*,*,#1987,.F.);
#2750=ORIENTED_EDGE('',*,*,#1988,.T.);
#2751=ORIENTED_EDGE('',*,*,#1987,.T.);
#2752=ORIENTED_EDGE('',*,*,#1989,.F.);
#2753=ORIENTED_EDGE('',*,*,#1990,.F.);
#2754=ORIENTED_EDGE('',*,*,#1991,.F.);
#2755=ORIENTED_EDGE('',*,*,#1990,.T.);
#2756=ORIENTED_EDGE('',*,*,#1992,.F.);
#2757=ORIENTED_EDGE('',*,*,#1993,.F.);
#2758=ORIENTED_EDGE('',*,*,#1994,.F.);
#2759=ORIENTED_EDGE('',*,*,#1993,.T.);
#2760=ORIENTED_EDGE('',*,*,#1995,.F.);
#2761=ORIENTED_EDGE('',*,*,#1899,.F.);
#2762=ORIENTED_EDGE('',*,*,#1996,.F.);
#2763=ORIENTED_EDGE('',*,*,#1897,.T.);
#2764=ORIENTED_EDGE('',*,*,#1922,.F.);
#2765=ORIENTED_EDGE('',*,*,#1997,.F.);
#2766=ORIENTED_EDGE('',*,*,#1998,.F.);
#2767=ORIENTED_EDGE('',*,*,#1997,.T.);
#2768=ORIENTED_EDGE('',*,*,#1921,.F.);
#2769=ORIENTED_EDGE('',*,*,#1999,.F.);
#2770=ORIENTED_EDGE('',*,*,#2000,.F.);
#2771=ORIENTED_EDGE('',*,*,#1999,.T.);
#2772=ORIENTED_EDGE('',*,*,#1920,.F.);
#2773=ORIENTED_EDGE('',*,*,#2001,.F.);
#2774=ORIENTED_EDGE('',*,*,#2002,.F.);
#2775=ORIENTED_EDGE('',*,*,#2001,.T.);
#2776=ORIENTED_EDGE('',*,*,#1919,.F.);
#2777=ORIENTED_EDGE('',*,*,#2003,.F.);
#2778=ORIENTED_EDGE('',*,*,#2004,.F.);
#2779=ORIENTED_EDGE('',*,*,#2003,.T.);
#2780=ORIENTED_EDGE('',*,*,#1918,.F.);
#2781=ORIENTED_EDGE('',*,*,#2005,.F.);
#2782=ORIENTED_EDGE('',*,*,#2006,.F.);
#2783=ORIENTED_EDGE('',*,*,#2005,.T.);
#2784=ORIENTED_EDGE('',*,*,#1917,.F.);
#2785=ORIENTED_EDGE('',*,*,#2007,.F.);
#2786=ORIENTED_EDGE('',*,*,#2008,.F.);
#2787=ORIENTED_EDGE('',*,*,#2007,.T.);
#2788=ORIENTED_EDGE('',*,*,#1916,.F.);
#2789=ORIENTED_EDGE('',*,*,#2009,.F.);
#2790=ORIENTED_EDGE('',*,*,#2010,.F.);
#2791=ORIENTED_EDGE('',*,*,#2009,.T.);
#2792=ORIENTED_EDGE('',*,*,#1915,.F.);
#2793=ORIENTED_EDGE('',*,*,#2011,.F.);
#2794=ORIENTED_EDGE('',*,*,#2012,.F.);
#2795=ORIENTED_EDGE('',*,*,#2011,.T.);
#2796=ORIENTED_EDGE('',*,*,#1914,.F.);
#2797=ORIENTED_EDGE('',*,*,#2013,.F.);
#2798=ORIENTED_EDGE('',*,*,#2014,.F.);
#2799=ORIENTED_EDGE('',*,*,#2013,.T.);
#2800=ORIENTED_EDGE('',*,*,#1913,.F.);
#2801=ORIENTED_EDGE('',*,*,#2015,.F.);
#2802=ORIENTED_EDGE('',*,*,#2016,.F.);
#2803=ORIENTED_EDGE('',*,*,#2015,.T.);
#2804=ORIENTED_EDGE('',*,*,#1912,.F.);
#2805=ORIENTED_EDGE('',*,*,#2017,.F.);
#2806=ORIENTED_EDGE('',*,*,#2018,.F.);
#2807=ORIENTED_EDGE('',*,*,#2017,.T.);
#2808=ORIENTED_EDGE('',*,*,#1911,.F.);
#2809=ORIENTED_EDGE('',*,*,#2019,.F.);
#2810=ORIENTED_EDGE('',*,*,#2020,.F.);
#2811=ORIENTED_EDGE('',*,*,#2019,.T.);
#2812=ORIENTED_EDGE('',*,*,#1910,.F.);
#2813=ORIENTED_EDGE('',*,*,#2021,.F.);
#2814=ORIENTED_EDGE('',*,*,#2022,.F.);
#2815=ORIENTED_EDGE('',*,*,#2021,.T.);
#2816=ORIENTED_EDGE('',*,*,#1909,.F.);
#2817=ORIENTED_EDGE('',*,*,#2023,.F.);
#2818=ORIENTED_EDGE('',*,*,#2024,.F.);
#2819=ORIENTED_EDGE('',*,*,#2023,.T.);
#2820=ORIENTED_EDGE('',*,*,#1908,.F.);
#2821=ORIENTED_EDGE('',*,*,#2025,.F.);
#2822=ORIENTED_EDGE('',*,*,#2026,.F.);
#2823=ORIENTED_EDGE('',*,*,#2025,.T.);
#2824=ORIENTED_EDGE('',*,*,#1907,.F.);
#2825=ORIENTED_EDGE('',*,*,#2027,.F.);
#2826=ORIENTED_EDGE('',*,*,#2028,.F.);
#2827=ORIENTED_EDGE('',*,*,#2027,.T.);
#2828=ORIENTED_EDGE('',*,*,#1906,.F.);
#2829=ORIENTED_EDGE('',*,*,#2029,.F.);
#2830=ORIENTED_EDGE('',*,*,#2030,.F.);
#2831=ORIENTED_EDGE('',*,*,#2029,.T.);
#2832=ORIENTED_EDGE('',*,*,#1905,.F.);
#2833=ORIENTED_EDGE('',*,*,#2031,.F.);
#2834=ORIENTED_EDGE('',*,*,#2032,.F.);
#2835=ORIENTED_EDGE('',*,*,#2031,.T.);
#2836=ORIENTED_EDGE('',*,*,#1904,.F.);
#2837=ORIENTED_EDGE('',*,*,#2033,.F.);
#2838=ORIENTED_EDGE('',*,*,#2034,.F.);
#2839=ORIENTED_EDGE('',*,*,#2033,.T.);
#2840=ORIENTED_EDGE('',*,*,#1903,.F.);
#2841=ORIENTED_EDGE('',*,*,#2035,.F.);
#2842=ORIENTED_EDGE('',*,*,#2036,.F.);
#2843=ORIENTED_EDGE('',*,*,#2035,.T.);
#2844=ORIENTED_EDGE('',*,*,#1902,.F.);
#2845=ORIENTED_EDGE('',*,*,#1971,.F.);
#2846=ORIENTED_EDGE('',*,*,#1931,.F.);
#2847=ORIENTED_EDGE('',*,*,#1928,.F.);
#2848=ORIENTED_EDGE('',*,*,#1893,.T.);
#2849=ORIENTED_EDGE('',*,*,#1900,.T.);
#2850=ORIENTED_EDGE('',*,*,#1995,.T.);
#2851=ORIENTED_EDGE('',*,*,#1992,.T.);
#2852=ORIENTED_EDGE('',*,*,#1989,.T.);
#2853=ORIENTED_EDGE('',*,*,#1986,.T.);
#2854=ORIENTED_EDGE('',*,*,#1983,.T.);
#2855=ORIENTED_EDGE('',*,*,#1980,.T.);
#2856=ORIENTED_EDGE('',*,*,#1977,.T.);
#2857=ORIENTED_EDGE('',*,*,#1974,.T.);
#2858=ORIENTED_EDGE('',*,*,#1946,.T.);
#2859=ORIENTED_EDGE('',*,*,#1949,.T.);
#2860=ORIENTED_EDGE('',*,*,#1951,.T.);
#2861=ORIENTED_EDGE('',*,*,#1953,.T.);
#2862=ORIENTED_EDGE('',*,*,#1955,.T.);
#2863=ORIENTED_EDGE('',*,*,#1957,.T.);
#2864=ORIENTED_EDGE('',*,*,#1959,.T.);
#2865=ORIENTED_EDGE('',*,*,#1962,.T.);
#2866=ORIENTED_EDGE('',*,*,#1785,.T.);
#2867=ORIENTED_EDGE('',*,*,#1788,.T.);
#2868=ORIENTED_EDGE('',*,*,#1790,.T.);
#2869=ORIENTED_EDGE('',*,*,#1792,.T.);
#2870=ORIENTED_EDGE('',*,*,#1794,.T.);
#2871=ORIENTED_EDGE('',*,*,#1796,.T.);
#2872=ORIENTED_EDGE('',*,*,#1798,.T.);
#2873=ORIENTED_EDGE('',*,*,#1800,.T.);
#2874=ORIENTED_EDGE('',*,*,#1802,.T.);
#2875=ORIENTED_EDGE('',*,*,#1804,.T.);
#2876=ORIENTED_EDGE('',*,*,#1806,.T.);
#2877=ORIENTED_EDGE('',*,*,#1808,.T.);
#2878=ORIENTED_EDGE('',*,*,#1810,.T.);
#2879=ORIENTED_EDGE('',*,*,#1812,.T.);
#2880=ORIENTED_EDGE('',*,*,#1814,.T.);
#2881=ORIENTED_EDGE('',*,*,#1822,.T.);
#2882=ORIENTED_EDGE('',*,*,#1973,.T.);
#2883=ORIENTED_EDGE('',*,*,#1976,.T.);
#2884=ORIENTED_EDGE('',*,*,#1979,.T.);
#2885=ORIENTED_EDGE('',*,*,#1982,.T.);
#2886=ORIENTED_EDGE('',*,*,#1985,.T.);
#2887=ORIENTED_EDGE('',*,*,#1988,.F.);
#2888=ORIENTED_EDGE('',*,*,#1991,.T.);
#2889=ORIENTED_EDGE('',*,*,#1994,.T.);
#2890=ORIENTED_EDGE('',*,*,#1898,.T.);
#2891=ORIENTED_EDGE('',*,*,#1996,.T.);
#2892=ORIENTED_EDGE('',*,*,#1998,.T.);
#2893=ORIENTED_EDGE('',*,*,#2000,.T.);
#2894=ORIENTED_EDGE('',*,*,#2002,.T.);
#2895=ORIENTED_EDGE('',*,*,#2004,.T.);
#2896=ORIENTED_EDGE('',*,*,#2006,.T.);
#2897=ORIENTED_EDGE('',*,*,#2008,.T.);
#2898=ORIENTED_EDGE('',*,*,#2010,.T.);
#2899=ORIENTED_EDGE('',*,*,#2012,.T.);
#2900=ORIENTED_EDGE('',*,*,#2014,.T.);
#2901=ORIENTED_EDGE('',*,*,#2016,.T.);
#2902=ORIENTED_EDGE('',*,*,#2018,.T.);
#2903=ORIENTED_EDGE('',*,*,#2020,.T.);
#2904=ORIENTED_EDGE('',*,*,#2022,.T.);
#2905=ORIENTED_EDGE('',*,*,#2024,.T.);
#2906=ORIENTED_EDGE('',*,*,#2026,.T.);
#2907=ORIENTED_EDGE('',*,*,#2028,.T.);
#2908=ORIENTED_EDGE('',*,*,#2030,.T.);
#2909=ORIENTED_EDGE('',*,*,#2032,.T.);
#2910=ORIENTED_EDGE('',*,*,#2034,.T.);
#2911=ORIENTED_EDGE('',*,*,#2036,.T.);
#2912=ORIENTED_EDGE('',*,*,#1927,.T.);
#2913=ORIENTED_EDGE('',*,*,#1592,.T.);
#2914=ORIENTED_EDGE('',*,*,#1588,.T.);
#2915=ORIENTED_EDGE('',*,*,#1584,.T.);
#2916=ORIENTED_EDGE('',*,*,#1580,.T.);
#2917=ORIENTED_EDGE('',*,*,#1576,.T.);
#2918=ORIENTED_EDGE('',*,*,#1572,.T.);
#2919=ORIENTED_EDGE('',*,*,#1961,.T.);
#2920=ORIENTED_EDGE('',*,*,#1964,.T.);
#2921=ORIENTED_EDGE('',*,*,#1966,.T.);
#2922=ORIENTED_EDGE('',*,*,#1968,.T.);
#2923=ORIENTED_EDGE('',*,*,#1970,.T.);
#2924=ORIENTED_EDGE('',*,*,#1972,.T.);
#2925=ORIENTED_EDGE('',*,*,#1732,.T.);
#2926=ORIENTED_EDGE('',*,*,#1596,.T.);
#2927=ORIENTED_EDGE('',*,*,#1600,.T.);
#2928=ORIENTED_EDGE('',*,*,#1603,.T.);
#2929=ORIENTED_EDGE('',*,*,#1606,.T.);
#2930=ORIENTED_EDGE('',*,*,#1609,.T.);
#2931=ORIENTED_EDGE('',*,*,#1612,.T.);
#2932=ORIENTED_EDGE('',*,*,#1615,.T.);
#2933=ORIENTED_EDGE('',*,*,#1618,.T.);
#2934=ORIENTED_EDGE('',*,*,#1621,.T.);
#2935=ORIENTED_EDGE('',*,*,#1624,.T.);
#2936=ORIENTED_EDGE('',*,*,#1627,.T.);
#2937=ORIENTED_EDGE('',*,*,#1630,.T.);
#2938=ORIENTED_EDGE('',*,*,#1633,.T.);
#2939=ORIENTED_EDGE('',*,*,#1636,.T.);
#2940=ORIENTED_EDGE('',*,*,#1639,.T.);
#2941=ORIENTED_EDGE('',*,*,#1642,.T.);
#2942=ORIENTED_EDGE('',*,*,#1645,.T.);
#2943=ORIENTED_EDGE('',*,*,#1648,.T.);
#2944=ORIENTED_EDGE('',*,*,#1651,.T.);
#2945=ORIENTED_EDGE('',*,*,#1654,.T.);
#2946=ORIENTED_EDGE('',*,*,#1657,.T.);
#2947=ORIENTED_EDGE('',*,*,#1660,.T.);
#2948=ORIENTED_EDGE('',*,*,#1663,.T.);
#2949=ORIENTED_EDGE('',*,*,#1666,.T.);
#2950=ORIENTED_EDGE('',*,*,#1669,.T.);
#2951=ORIENTED_EDGE('',*,*,#1672,.T.);
#2952=ORIENTED_EDGE('',*,*,#1675,.T.);
#2953=ORIENTED_EDGE('',*,*,#1678,.T.);
#2954=ORIENTED_EDGE('',*,*,#1681,.T.);
#2955=ORIENTED_EDGE('',*,*,#1684,.T.);
#2956=ORIENTED_EDGE('',*,*,#1687,.T.);
#2957=ORIENTED_EDGE('',*,*,#1690,.T.);
#2958=ORIENTED_EDGE('',*,*,#1693,.T.);
#2959=ORIENTED_EDGE('',*,*,#1696,.T.);
#2960=ORIENTED_EDGE('',*,*,#1699,.T.);
#2961=ORIENTED_EDGE('',*,*,#1702,.T.);
#2962=ORIENTED_EDGE('',*,*,#1705,.T.);
#2963=ORIENTED_EDGE('',*,*,#1708,.T.);
#2964=ORIENTED_EDGE('',*,*,#1711,.T.);
#2965=ORIENTED_EDGE('',*,*,#1714,.T.);
#2966=ORIENTED_EDGE('',*,*,#1717,.T.);
#2967=ORIENTED_EDGE('',*,*,#1720,.T.);
#2968=ORIENTED_EDGE('',*,*,#1723,.T.);
#2969=ORIENTED_EDGE('',*,*,#1726,.T.);
#2970=ORIENTED_EDGE('',*,*,#1729,.T.);
#2971=ORIENTED_EDGE('',*,*,#2037,.T.);
#2972=ORIENTED_EDGE('',*,*,#2038,.T.);
#2973=ORIENTED_EDGE('',*,*,#2039,.T.);
#2974=ORIENTED_EDGE('',*,*,#2040,.T.);
#2975=ORIENTED_EDGE('',*,*,#2037,.F.);
#2976=ORIENTED_EDGE('',*,*,#2041,.T.);
#2977=ORIENTED_EDGE('',*,*,#1587,.T.);
#2978=ORIENTED_EDGE('',*,*,#2041,.F.);
#2979=ORIENTED_EDGE('',*,*,#2038,.F.);
#2980=ORIENTED_EDGE('',*,*,#2042,.T.);
#2981=ORIENTED_EDGE('',*,*,#1575,.T.);
#2982=ORIENTED_EDGE('',*,*,#2042,.F.);
#2983=ORIENTED_EDGE('',*,*,#2039,.F.);
#2984=ORIENTED_EDGE('',*,*,#2043,.T.);
#2985=ORIENTED_EDGE('',*,*,#1595,.T.);
#2986=ORIENTED_EDGE('',*,*,#2043,.F.);
#2987=ORIENTED_EDGE('',*,*,#2040,.F.);
#2988=ORIENTED_EDGE('',*,*,#2044,.T.);
#2989=ORIENTED_EDGE('',*,*,#1583,.T.);
#2990=ORIENTED_EDGE('',*,*,#2044,.F.);
#2991=CYLINDRICAL_SURFACE('',#3252,2.19999999999999);
#2992=CYLINDRICAL_SURFACE('',#3257,2.19999999999999);
#2993=CYLINDRICAL_SURFACE('',#3262,2.19999999999999);
#2994=CYLINDRICAL_SURFACE('',#3267,2.20000000000001);
#2995=CYLINDRICAL_SURFACE('',#3272,2.19999999999999);
#2996=CYLINDRICAL_SURFACE('',#3277,2.19999999999999);
#2997=CYLINDRICAL_SURFACE('',#3282,0.199999252931447);
#2998=CYLINDRICAL_SURFACE('',#3286,1.7999992529251);
#2999=CYLINDRICAL_SURFACE('',#3290,0.199999252931483);
#3000=CYLINDRICAL_SURFACE('',#3294,1.79999925292503);
#3001=CYLINDRICAL_SURFACE('',#3298,0.199999252931447);
#3002=CYLINDRICAL_SURFACE('',#3302,0.199999252921446);
#3003=CYLINDRICAL_SURFACE('',#3306,1.79999925292503);
#3004=CYLINDRICAL_SURFACE('',#3310,0.199999252921446);
#3005=CYLINDRICAL_SURFACE('',#3314,1.7999992529251);
#3006=CYLINDRICAL_SURFACE('',#3318,0.199999252921446);
#3007=CYLINDRICAL_SURFACE('',#3322,1.30000133357618);
#3008=CYLINDRICAL_SURFACE('',#3326,0.199999252921438);
#3009=CYLINDRICAL_SURFACE('',#3330,1.79999925292506);
#3010=CYLINDRICAL_SURFACE('',#3334,0.199999252926429);
#3011=CYLINDRICAL_SURFACE('',#3338,1.799999252925);
#3012=CYLINDRICAL_SURFACE('',#3342,0.199999252926438);
#3013=CYLINDRICAL_SURFACE('',#3346,5.80016459188755);
#3014=CYLINDRICAL_SURFACE('',#3350,0.199999282771949);
#3015=CYLINDRICAL_SURFACE('',#3354,0.199999757279071);
#3016=CYLINDRICAL_SURFACE('',#3358,0.200082923575792);
#3017=CYLINDRICAL_SURFACE('',#3362,5.80000021641404);
#3018=CYLINDRICAL_SURFACE('',#3366,0.199999252926705);
#3019=CYLINDRICAL_SURFACE('',#3369,1.799999252925);
#3020=CYLINDRICAL_SURFACE('',#3400,0.799999252925022);
#3021=CYLINDRICAL_SURFACE('',#3402,1.19999925292553);
#3022=CYLINDRICAL_SURFACE('',#3405,4.80000021641402);
#3023=CYLINDRICAL_SURFACE('',#3408,1.20008292357578);
#3024=CYLINDRICAL_SURFACE('',#3411,1.19999975727879);
#3025=CYLINDRICAL_SURFACE('',#3414,1.19999928277194);
#3026=CYLINDRICAL_SURFACE('',#3417,4.80016459188756);
#3027=CYLINDRICAL_SURFACE('',#3420,1.19999925292528);
#3028=CYLINDRICAL_SURFACE('',#3425,0.799999252924988);
#3029=CYLINDRICAL_SURFACE('',#3428,1.19999925292527);
#3030=CYLINDRICAL_SURFACE('',#3431,0.799999252925059);
#3031=CYLINDRICAL_SURFACE('',#3434,1.19999925292028);
#3032=CYLINDRICAL_SURFACE('',#3437,0.700001333574998);
#3033=CYLINDRICAL_SURFACE('',#3439,0.300001333576183);
#3034=CYLINDRICAL_SURFACE('',#3442,1.19999925292028);
#3035=CYLINDRICAL_SURFACE('',#3445,0.799999252925077);
#3036=CYLINDRICAL_SURFACE('',#3448,1.19999925292028);
#3037=CYLINDRICAL_SURFACE('',#3451,0.799999252925059);
#3038=CYLINDRICAL_SURFACE('',#3454,1.19999925292028);
#3039=CYLINDRICAL_SURFACE('',#3457,1.19999925293028);
#3040=CYLINDRICAL_SURFACE('',#3460,0.799999252925077);
#3041=CYLINDRICAL_SURFACE('',#3463,1.19999925293031);
#3042=CYLINDRICAL_SURFACE('',#3466,0.799999252925095);
#3043=CYLINDRICAL_SURFACE('',#3469,1.19999925293028);
#3044=CYLINDRICAL_SURFACE('',#3473,0.999999999999994);
#3045=CYLINDRICAL_SURFACE('',#3477,0.999999999999996);
#3046=CYLINDRICAL_SURFACE('',#3490,1.1);
#3047=CYLINDRICAL_SURFACE('',#3492,1.1);
#3048=CYLINDRICAL_SURFACE('',#3501,5.99999999999997);
#3049=CYLINDRICAL_SURFACE('',#3504,4.30000021641402);
#3050=CYLINDRICAL_SURFACE('',#3507,1.69999925292554);
#3051=CYLINDRICAL_SURFACE('',#3509,0.299999252925018);
#3052=CYLINDRICAL_SURFACE('',#3514,0.799999252925095);
#3053=CYLINDRICAL_SURFACE('',#3517,1.19999925300028);
#3054=CYLINDRICAL_SURFACE('',#3521,4.19999975727878);
#3055=CYLINDRICAL_SURFACE('',#3525,4.19999928277175);
#3056=CYLINDRICAL_SURFACE('',#3529,1.80016459157389);
#3057=CYLINDRICAL_SURFACE('',#3533,4.1999992532387);
#3058=CYLINDRICAL_SURFACE('',#3536,4.19999925292525);
#3059=CYLINDRICAL_SURFACE('',#3539,4.19999925292027);
#3060=CYLINDRICAL_SURFACE('',#3542,3.70000133357298);
#3061=CYLINDRICAL_SURFACE('',#3545,4.19999925292003);
#3062=CYLINDRICAL_SURFACE('',#3549,4.19999925292003);
#3063=CYLINDRICAL_SURFACE('',#3553,4.19999925292004);
#3064=CYLINDRICAL_SURFACE('',#3556,4.19999925293004);
#3065=CYLINDRICAL_SURFACE('',#3559,4.1999992529303);
#3066=CYLINDRICAL_SURFACE('',#3563,4.19999925293004);
#3067=CYLINDRICAL_SURFACE('',#3573,1.1);
#3068=CYLINDRICAL_SURFACE('',#3574,1.1);
#3069=CYLINDRICAL_SURFACE('',#3575,1.1);
#3070=CYLINDRICAL_SURFACE('',#3576,1.1);
#3071=ADVANCED_FACE('',(#125),#2991,.F.);
#3072=ADVANCED_FACE('',(#126,#22),#40,.T.);
#3073=ADVANCED_FACE('',(#127),#2992,.F.);
#3074=ADVANCED_FACE('',(#128,#23),#41,.T.);
#3075=ADVANCED_FACE('',(#129),#2993,.F.);
#3076=ADVANCED_FACE('',(#130,#24),#42,.T.);
#3077=ADVANCED_FACE('',(#131),#2994,.F.);
#3078=ADVANCED_FACE('',(#132,#25),#43,.T.);
#3079=ADVANCED_FACE('',(#133),#2995,.F.);
#3080=ADVANCED_FACE('',(#134,#26),#44,.T.);
#3081=ADVANCED_FACE('',(#135),#2996,.F.);
#3082=ADVANCED_FACE('',(#136,#27),#45,.T.);
#3083=ADVANCED_FACE('',(#137),#2997,.F.);
#3084=ADVANCED_FACE('',(#138),#46,.T.);
#3085=ADVANCED_FACE('',(#139),#2998,.T.);
#3086=ADVANCED_FACE('',(#140),#47,.T.);
#3087=ADVANCED_FACE('',(#141),#2999,.F.);
#3088=ADVANCED_FACE('',(#142),#48,.T.);
#3089=ADVANCED_FACE('',(#143),#3000,.T.);
#3090=ADVANCED_FACE('',(#144),#49,.T.);
#3091=ADVANCED_FACE('',(#145),#3001,.F.);
#3092=ADVANCED_FACE('',(#146),#50,.T.);
#3093=ADVANCED_FACE('',(#147),#3002,.F.);
#3094=ADVANCED_FACE('',(#148),#51,.T.);
#3095=ADVANCED_FACE('',(#149),#3003,.T.);
#3096=ADVANCED_FACE('',(#150),#52,.T.);
#3097=ADVANCED_FACE('',(#151),#3004,.F.);
#3098=ADVANCED_FACE('',(#152),#53,.T.);
#3099=ADVANCED_FACE('',(#153),#3005,.T.);
#3100=ADVANCED_FACE('',(#154),#54,.T.);
#3101=ADVANCED_FACE('',(#155),#3006,.F.);
#3102=ADVANCED_FACE('',(#156),#55,.T.);
#3103=ADVANCED_FACE('',(#157),#3007,.T.);
#3104=ADVANCED_FACE('',(#158),#56,.T.);
#3105=ADVANCED_FACE('',(#159),#3008,.F.);
#3106=ADVANCED_FACE('',(#160),#57,.T.);
#3107=ADVANCED_FACE('',(#161),#3009,.T.);
#3108=ADVANCED_FACE('',(#162),#58,.T.);
#3109=ADVANCED_FACE('',(#163),#3010,.F.);
#3110=ADVANCED_FACE('',(#164),#59,.T.);
#3111=ADVANCED_FACE('',(#165),#3011,.T.);
#3112=ADVANCED_FACE('',(#166),#60,.T.);
#3113=ADVANCED_FACE('',(#167),#3012,.F.);
#3114=ADVANCED_FACE('',(#168),#61,.T.);
#3115=ADVANCED_FACE('',(#169),#3013,.T.);
#3116=ADVANCED_FACE('',(#170),#62,.T.);
#3117=ADVANCED_FACE('',(#171),#3014,.F.);
#3118=ADVANCED_FACE('',(#172),#63,.T.);
#3119=ADVANCED_FACE('',(#173),#3015,.F.);
#3120=ADVANCED_FACE('',(#174),#64,.T.);
#3121=ADVANCED_FACE('',(#175),#3016,.F.);
#3122=ADVANCED_FACE('',(#176),#65,.T.);
#3123=ADVANCED_FACE('',(#177),#3017,.T.);
#3124=ADVANCED_FACE('',(#178),#66,.T.);
#3125=ADVANCED_FACE('',(#179),#3018,.F.);
#3126=ADVANCED_FACE('',(#180),#3019,.T.);
#3127=ADVANCED_FACE('',(#181),#67,.T.);
#3128=ADVANCED_FACE('',(#182),#68,.T.);
#3129=ADVANCED_FACE('',(#183),#69,.T.);
#3130=ADVANCED_FACE('',(#184),#70,.T.);
#3131=ADVANCED_FACE('',(#185),#3020,.T.);
#3132=ADVANCED_FACE('',(#186),#3021,.F.);
#3133=ADVANCED_FACE('',(#187),#71,.T.);
#3134=ADVANCED_FACE('',(#188),#3022,.T.);
#3135=ADVANCED_FACE('',(#189),#72,.T.);
#3136=ADVANCED_FACE('',(#190),#3023,.F.);
#3137=ADVANCED_FACE('',(#191),#73,.T.);
#3138=ADVANCED_FACE('',(#192),#3024,.F.);
#3139=ADVANCED_FACE('',(#193),#74,.T.);
#3140=ADVANCED_FACE('',(#194),#3025,.F.);
#3141=ADVANCED_FACE('',(#195),#75,.T.);
#3142=ADVANCED_FACE('',(#196),#3026,.T.);
#3143=ADVANCED_FACE('',(#197),#76,.T.);
#3144=ADVANCED_FACE('',(#198),#3027,.F.);
#3145=ADVANCED_FACE('',(#199),#77,.T.);
#3146=ADVANCED_FACE('',(#200),#3028,.T.);
#3147=ADVANCED_FACE('',(#201),#78,.T.);
#3148=ADVANCED_FACE('',(#202),#3029,.F.);
#3149=ADVANCED_FACE('',(#203),#79,.T.);
#3150=ADVANCED_FACE('',(#204),#3030,.T.);
#3151=ADVANCED_FACE('',(#205),#80,.T.);
#3152=ADVANCED_FACE('',(#206),#3031,.F.);
#3153=ADVANCED_FACE('',(#207),#81,.T.);
#3154=ADVANCED_FACE('',(#208),#3032,.F.);
#3155=ADVANCED_FACE('',(#209),#3033,.T.);
#3156=ADVANCED_FACE('',(#210),#82,.T.);
#3157=ADVANCED_FACE('',(#211),#3034,.F.);
#3158=ADVANCED_FACE('',(#212),#83,.T.);
#3159=ADVANCED_FACE('',(#213),#3035,.T.);
#3160=ADVANCED_FACE('',(#214),#84,.T.);
#3161=ADVANCED_FACE('',(#215),#3036,.F.);
#3162=ADVANCED_FACE('',(#216),#85,.T.);
#3163=ADVANCED_FACE('',(#217),#3037,.T.);
#3164=ADVANCED_FACE('',(#218),#86,.T.);
#3165=ADVANCED_FACE('',(#219),#3038,.F.);
#3166=ADVANCED_FACE('',(#220),#87,.T.);
#3167=ADVANCED_FACE('',(#221),#3039,.F.);
#3168=ADVANCED_FACE('',(#222),#88,.T.);
#3169=ADVANCED_FACE('',(#223),#3040,.T.);
#3170=ADVANCED_FACE('',(#224),#89,.T.);
#3171=ADVANCED_FACE('',(#225),#3041,.F.);
#3172=ADVANCED_FACE('',(#226),#90,.T.);
#3173=ADVANCED_FACE('',(#227),#3042,.T.);
#3174=ADVANCED_FACE('',(#228),#91,.T.);
#3175=ADVANCED_FACE('',(#229),#3043,.F.);
#3176=ADVANCED_FACE('',(#230),#92,.T.);
#3177=ADVANCED_FACE('',(#231),#93,.F.);
#3178=ADVANCED_FACE('',(#232),#3044,.F.);
#3179=ADVANCED_FACE('',(#233),#94,.F.);
#3180=ADVANCED_FACE('',(#234),#95,.F.);
#3181=ADVANCED_FACE('',(#235),#3045,.F.);
#3182=ADVANCED_FACE('',(#236),#96,.T.);
#3183=ADVANCED_FACE('',(#237),#97,.F.);
#3184=ADVANCED_FACE('',(#238),#3046,.F.);
#3185=ADVANCED_FACE('',(#239),#3047,.F.);
#3186=ADVANCED_FACE('',(#240),#21,.T.);
#3187=ADVANCED_FACE('',(#241,#28,#29),#98,.F.);
#3188=ADVANCED_FACE('',(#242),#3048,.T.);
#3189=ADVANCED_FACE('',(#243),#99,.T.);
#3190=ADVANCED_FACE('',(#244),#3049,.F.);
#3191=ADVANCED_FACE('',(#245),#100,.T.);
#3192=ADVANCED_FACE('',(#246),#3050,.T.);
#3193=ADVANCED_FACE('',(#247),#3051,.F.);
#3194=ADVANCED_FACE('',(#248),#101,.T.);
#3195=ADVANCED_FACE('',(#249),#102,.T.);
#3196=ADVANCED_FACE('',(#250),#103,.T.);
#3197=ADVANCED_FACE('',(#251),#3052,.F.);
#3198=ADVANCED_FACE('',(#252),#104,.T.);
#3199=ADVANCED_FACE('',(#253),#3053,.T.);
#3200=ADVANCED_FACE('',(#254),#105,.T.);
#3201=ADVANCED_FACE('',(#255),#106,.T.);
#3202=ADVANCED_FACE('',(#256),#3054,.T.);
#3203=ADVANCED_FACE('',(#257),#107,.T.);
#3204=ADVANCED_FACE('',(#258),#3055,.T.);
#3205=ADVANCED_FACE('',(#259),#108,.T.);
#3206=ADVANCED_FACE('',(#260),#3056,.F.);
#3207=ADVANCED_FACE('',(#261),#109,.T.);
#3208=ADVANCED_FACE('',(#262),#3057,.T.);
#3209=ADVANCED_FACE('',(#263),#3058,.T.);
#3210=ADVANCED_FACE('',(#264),#110,.T.);
#3211=ADVANCED_FACE('',(#265),#3059,.T.);
#3212=ADVANCED_FACE('',(#266),#111,.T.);
#3213=ADVANCED_FACE('',(#267),#3060,.T.);
#3214=ADVANCED_FACE('',(#268),#112,.T.);
#3215=ADVANCED_FACE('',(#269),#3061,.T.);
#3216=ADVANCED_FACE('',(#270),#113,.T.);
#3217=ADVANCED_FACE('',(#271),#114,.T.);
#3218=ADVANCED_FACE('',(#272),#3062,.T.);
#3219=ADVANCED_FACE('',(#273),#115,.T.);
#3220=ADVANCED_FACE('',(#274),#116,.T.);
#3221=ADVANCED_FACE('',(#275),#3063,.T.);
#3222=ADVANCED_FACE('',(#276),#117,.T.);
#3223=ADVANCED_FACE('',(#277),#3064,.T.);
#3224=ADVANCED_FACE('',(#278),#118,.T.);
#3225=ADVANCED_FACE('',(#279),#3065,.T.);
#3226=ADVANCED_FACE('',(#280),#119,.T.);
#3227=ADVANCED_FACE('',(#281),#120,.T.);
#3228=ADVANCED_FACE('',(#282),#3066,.T.);
#3229=ADVANCED_FACE('',(#283),#121,.T.);
#3230=ADVANCED_FACE('',(#284),#122,.F.);
#3231=ADVANCED_FACE('',(#285,#30,#31,#32,#33,#34,#35),#123,.F.);
#3232=ADVANCED_FACE('',(#286,#36,#37,#38,#39),#124,.T.);
#3233=ADVANCED_FACE('',(#287),#3067,.F.);
#3234=ADVANCED_FACE('',(#288),#3068,.F.);
#3235=ADVANCED_FACE('',(#289),#3069,.F.);
#3236=ADVANCED_FACE('',(#290),#3070,.F.);
#3237=CLOSED_SHELL('',(#3071,#3072,#3073,#3074,#3075,#3076,#3077,#3078,
#3079,#3080,#3081,#3082,#3083,#3084,#3085,#3086,#3087,#3088,#3089,#3090,
#3091,#3092,#3093,#3094,#3095,#3096,#3097,#3098,#3099,#3100,#3101,#3102,
#3103,#3104,#3105,#3106,#3107,#3108,#3109,#3110,#3111,#3112,#3113,#3114,
#3115,#3116,#3117,#3118,#3119,#3120,#3121,#3122,#3123,#3124,#3125,#3126,
#3127,#3128,#3129,#3130,#3131,#3132,#3133,#3134,#3135,#3136,#3137,#3138,
#3139,#3140,#3141,#3142,#3143,#3144,#3145,#3146,#3147,#3148,#3149,#3150,
#3151,#3152,#3153,#3154,#3155,#3156,#3157,#3158,#3159,#3160,#3161,#3162,
#3163,#3164,#3165,#3166,#3167,#3168,#3169,#3170,#3171,#3172,#3173,#3174,
#3175,#3176,#3177,#3178,#3179,#3180,#3181,#3182,#3183,#3184,#3185,#3186,
#3187,#3188,#3189,#3190,#3191,#3192,#3193,#3194,#3195,#3196,#3197,#3198,
#3199,#3200,#3201,#3202,#3203,#3204,#3205,#3206,#3207,#3208,#3209,#3210,
#3211,#3212,#3213,#3214,#3215,#3216,#3217,#3218,#3219,#3220,#3221,#3222,
#3223,#3224,#3225,#3226,#3227,#3228,#3229,#3230,#3231,#3232,#3233,#3234,
#3235,#3236));
#3238=DERIVED_UNIT_ELEMENT(#3240,1.);
#3239=DERIVED_UNIT_ELEMENT(#5546,-3.);
#3240=(
MASS_UNIT()
NAMED_UNIT(*)
SI_UNIT(.KILO.,.GRAM.)
);
#3241=DERIVED_UNIT((#3238,#3239));
#3242=MEASURE_REPRESENTATION_ITEM('density measure',
POSITIVE_RATIO_MEASURE(7850.),#3241);
#3243=PROPERTY_DEFINITION_REPRESENTATION(#3248,#3245);
#3244=PROPERTY_DEFINITION_REPRESENTATION(#3249,#3246);
#3245=REPRESENTATION('material name',(#3247),#5543);
#3246=REPRESENTATION('density',(#3242),#5543);
#3247=DESCRIPTIVE_REPRESENTATION_ITEM('\X2\92FC\X0\','\X2\92FC\X0\');
#3248=PROPERTY_DEFINITION('material property','material name',#5558);
#3249=PROPERTY_DEFINITION('material property','density of part',#5558);
#3250=AXIS2_PLACEMENT_3D('',#4545,#3578,#3579);
#3251=AXIS2_PLACEMENT_3D('',#4546,#3580,#3581);
#3252=AXIS2_PLACEMENT_3D('',#4547,#3582,#3583);
#3253=AXIS2_PLACEMENT_3D('',#4549,#3584,#3585);
#3254=AXIS2_PLACEMENT_3D('',#4552,#3587,#3588);
#3255=AXIS2_PLACEMENT_3D('',#4553,#3589,#3590);
#3256=AXIS2_PLACEMENT_3D('',#4555,#3591,#3592);
#3257=AXIS2_PLACEMENT_3D('',#4556,#3593,#3594);
#3258=AXIS2_PLACEMENT_3D('',#4558,#3595,#3596);
#3259=AXIS2_PLACEMENT_3D('',#4561,#3598,#3599);
#3260=AXIS2_PLACEMENT_3D('',#4562,#3600,#3601);
#3261=AXIS2_PLACEMENT_3D('',#4564,#3602,#3603);
#3262=AXIS2_PLACEMENT_3D('',#4565,#3604,#3605);
#3263=AXIS2_PLACEMENT_3D('',#4567,#3606,#3607);
#3264=AXIS2_PLACEMENT_3D('',#4570,#3609,#3610);
#3265=AXIS2_PLACEMENT_3D('',#4571,#3611,#3612);
#3266=AXIS2_PLACEMENT_3D('',#4573,#3613,#3614);
#3267=AXIS2_PLACEMENT_3D('',#4574,#3615,#3616);
#3268=AXIS2_PLACEMENT_3D('',#4576,#3617,#3618);
#3269=AXIS2_PLACEMENT_3D('',#4579,#3620,#3621);
#3270=AXIS2_PLACEMENT_3D('',#4580,#3622,#3623);
#3271=AXIS2_PLACEMENT_3D('',#4582,#3624,#3625);
#3272=AXIS2_PLACEMENT_3D('',#4583,#3626,#3627);
#3273=AXIS2_PLACEMENT_3D('',#4585,#3628,#3629);
#3274=AXIS2_PLACEMENT_3D('',#4588,#3631,#3632);
#3275=AXIS2_PLACEMENT_3D('',#4589,#3633,#3634);
#3276=AXIS2_PLACEMENT_3D('',#4591,#3635,#3636);
#3277=AXIS2_PLACEMENT_3D('',#4592,#3637,#3638);
#3278=AXIS2_PLACEMENT_3D('',#4594,#3639,#3640);
#3279=AXIS2_PLACEMENT_3D('',#4597,#3642,#3643);
#3280=AXIS2_PLACEMENT_3D('',#4598,#3644,#3645);
#3281=AXIS2_PLACEMENT_3D('',#4600,#3646,#3647);
#3282=AXIS2_PLACEMENT_3D('',#4601,#3648,#3649);
#3283=AXIS2_PLACEMENT_3D('',#4604,#3650,#3651);
#3284=AXIS2_PLACEMENT_3D('',#4608,#3653,#3654);
#3285=AXIS2_PLACEMENT_3D('',#4610,#3656,#3657);
#3286=AXIS2_PLACEMENT_3D('',#4616,#3661,#3662);
#3287=AXIS2_PLACEMENT_3D('',#4618,#3663,#3664);
#3288=AXIS2_PLACEMENT_3D('',#4620,#3665,#3666);
#3289=AXIS2_PLACEMENT_3D('',#4622,#3668,#3669);
#3290=AXIS2_PLACEMENT_3D('',#4628,#3673,#3674);
#3291=AXIS2_PLACEMENT_3D('',#4630,#3675,#3676);
#3292=AXIS2_PLACEMENT_3D('',#4632,#3677,#3678);
#3293=AXIS2_PLACEMENT_3D('',#4634,#3680,#3681);
#3294=AXIS2_PLACEMENT_3D('',#4640,#3685,#3686);
#3295=AXIS2_PLACEMENT_3D('',#4642,#3687,#3688);
#3296=AXIS2_PLACEMENT_3D('',#4644,#3689,#3690);
#3297=AXIS2_PLACEMENT_3D('',#4646,#3692,#3693);
#3298=AXIS2_PLACEMENT_3D('',#4652,#3697,#3698);
#3299=AXIS2_PLACEMENT_3D('',#4654,#3699,#3700);
#3300=AXIS2_PLACEMENT_3D('',#4656,#3701,#3702);
#3301=AXIS2_PLACEMENT_3D('',#4658,#3704,#3705);
#3302=AXIS2_PLACEMENT_3D('',#4664,#3709,#3710);
#3303=AXIS2_PLACEMENT_3D('',#4666,#3711,#3712);
#3304=AXIS2_PLACEMENT_3D('',#4668,#3713,#3714);
#3305=AXIS2_PLACEMENT_3D('',#4670,#3716,#3717);
#3306=AXIS2_PLACEMENT_3D('',#4676,#3721,#3722);
#3307=AXIS2_PLACEMENT_3D('',#4678,#3723,#3724);
#3308=AXIS2_PLACEMENT_3D('',#4680,#3725,#3726);
#3309=AXIS2_PLACEMENT_3D('',#4682,#3728,#3729);
#3310=AXIS2_PLACEMENT_3D('',#4688,#3733,#3734);
#3311=AXIS2_PLACEMENT_3D('',#4690,#3735,#3736);
#3312=AXIS2_PLACEMENT_3D('',#4692,#3737,#3738);
#3313=AXIS2_PLACEMENT_3D('',#4694,#3740,#3741);
#3314=AXIS2_PLACEMENT_3D('',#4700,#3745,#3746);
#3315=AXIS2_PLACEMENT_3D('',#4702,#3747,#3748);
#3316=AXIS2_PLACEMENT_3D('',#4704,#3749,#3750);
#3317=AXIS2_PLACEMENT_3D('',#4706,#3752,#3753);
#3318=AXIS2_PLACEMENT_3D('',#4712,#3757,#3758);
#3319=AXIS2_PLACEMENT_3D('',#4714,#3759,#3760);
#3320=AXIS2_PLACEMENT_3D('',#4716,#3761,#3762);
#3321=AXIS2_PLACEMENT_3D('',#4718,#3764,#3765);
#3322=AXIS2_PLACEMENT_3D('',#4724,#3769,#3770);
#3323=AXIS2_PLACEMENT_3D('',#4726,#3771,#3772);
#3324=AXIS2_PLACEMENT_3D('',#4728,#3773,#3774);
#3325=AXIS2_PLACEMENT_3D('',#4730,#3776,#3777);
#3326=AXIS2_PLACEMENT_3D('',#4736,#3781,#3782);
#3327=AXIS2_PLACEMENT_3D('',#4738,#3783,#3784);
#3328=AXIS2_PLACEMENT_3D('',#4740,#3785,#3786);
#3329=AXIS2_PLACEMENT_3D('',#4742,#3788,#3789);
#3330=AXIS2_PLACEMENT_3D('',#4748,#3793,#3794);
#3331=AXIS2_PLACEMENT_3D('',#4750,#3795,#3796);
#3332=AXIS2_PLACEMENT_3D('',#4752,#3797,#3798);
#3333=AXIS2_PLACEMENT_3D('',#4754,#3800,#3801);
#3334=AXIS2_PLACEMENT_3D('',#4760,#3805,#3806);
#3335=AXIS2_PLACEMENT_3D('',#4762,#3807,#3808);
#3336=AXIS2_PLACEMENT_3D('',#4764,#3809,#3810);
#3337=AXIS2_PLACEMENT_3D('',#4766,#3812,#3813);
#3338=AXIS2_PLACEMENT_3D('',#4772,#3817,#3818);
#3339=AXIS2_PLACEMENT_3D('',#4774,#3819,#3820);
#3340=AXIS2_PLACEMENT_3D('',#4776,#3821,#3822);
#3341=AXIS2_PLACEMENT_3D('',#4778,#3824,#3825);
#3342=AXIS2_PLACEMENT_3D('',#4784,#3829,#3830);
#3343=AXIS2_PLACEMENT_3D('',#4786,#3831,#3832);
#3344=AXIS2_PLACEMENT_3D('',#4788,#3833,#3834);
#3345=AXIS2_PLACEMENT_3D('',#4790,#3836,#3837);
#3346=AXIS2_PLACEMENT_3D('',#4796,#3841,#3842);
#3347=AXIS2_PLACEMENT_3D('',#4798,#3843,#3844);
#3348=AXIS2_PLACEMENT_3D('',#4800,#3845,#3846);
#3349=AXIS2_PLACEMENT_3D('',#4802,#3848,#3849);
#3350=AXIS2_PLACEMENT_3D('',#4808,#3853,#3854);
#3351=AXIS2_PLACEMENT_3D('',#4810,#3855,#3856);
#3352=AXIS2_PLACEMENT_3D('',#4812,#3857,#3858);
#3353=AXIS2_PLACEMENT_3D('',#4814,#3860,#3861);
#3354=AXIS2_PLACEMENT_3D('',#4820,#3865,#3866);
#3355=AXIS2_PLACEMENT_3D('',#4822,#3867,#3868);
#3356=AXIS2_PLACEMENT_3D('',#4824,#3869,#3870);
#3357=AXIS2_PLACEMENT_3D('',#4826,#3872,#3873);
#3358=AXIS2_PLACEMENT_3D('',#4832,#3877,#3878);
#3359=AXIS2_PLACEMENT_3D('',#4834,#3879,#3880);
#3360=AXIS2_PLACEMENT_3D('',#4836,#3881,#3882);
#3361=AXIS2_PLACEMENT_3D('',#4838,#3884,#3885);
#3362=AXIS2_PLACEMENT_3D('',#4844,#3889,#3890);
#3363=AXIS2_PLACEMENT_3D('',#4846,#3891,#3892);
#3364=AXIS2_PLACEMENT_3D('',#4848,#3893,#3894);
#3365=AXIS2_PLACEMENT_3D('',#4850,#3896,#3897);
#3366=AXIS2_PLACEMENT_3D('',#4856,#3901,#3902);
#3367=AXIS2_PLACEMENT_3D('',#4858,#3903,#3904);
#3368=AXIS2_PLACEMENT_3D('',#4860,#3905,#3906);
#3369=AXIS2_PLACEMENT_3D('',#4862,#3908,#3909);
#3370=AXIS2_PLACEMENT_3D('',#4864,#3910,#3911);
#3371=AXIS2_PLACEMENT_3D('',#4866,#3912,#3913);
#3372=AXIS2_PLACEMENT_3D('',#4868,#3915,#3916);
#3373=AXIS2_PLACEMENT_3D('',#4874,#3920,#3921);
#3374=AXIS2_PLACEMENT_3D('',#4880,#3925,#3926);
#3375=AXIS2_PLACEMENT_3D('',#4886,#3929,#3930);
#3376=AXIS2_PLACEMENT_3D('',#4890,#3932,#3933);
#3377=AXIS2_PLACEMENT_3D('',#4894,#3935,#3936);
#3378=AXIS2_PLACEMENT_3D('',#4898,#3938,#3939);
#3379=AXIS2_PLACEMENT_3D('',#4902,#3941,#3942);
#3380=AXIS2_PLACEMENT_3D('',#4906,#3944,#3945);
#3381=AXIS2_PLACEMENT_3D('',#4910,#3947,#3948);
#3382=AXIS2_PLACEMENT_3D('',#4914,#3950,#3951);
#3383=AXIS2_PLACEMENT_3D('',#4918,#3953,#3954);
#3384=AXIS2_PLACEMENT_3D('',#4922,#3956,#3957);
#3385=AXIS2_PLACEMENT_3D('',#4926,#3959,#3960);
#3386=AXIS2_PLACEMENT_3D('',#4928,#3961,#3962);
#3387=AXIS2_PLACEMENT_3D('',#4932,#3964,#3965);
#3388=AXIS2_PLACEMENT_3D('',#4936,#3967,#3968);
#3389=AXIS2_PLACEMENT_3D('',#4940,#3970,#3971);
#3390=AXIS2_PLACEMENT_3D('',#4944,#3973,#3974);
#3391=AXIS2_PLACEMENT_3D('',#4948,#3976,#3977);
#3392=AXIS2_PLACEMENT_3D('',#4952,#3979,#3980);
#3393=AXIS2_PLACEMENT_3D('',#4956,#3982,#3983);
#3394=AXIS2_PLACEMENT_3D('',#4960,#3985,#3986);
#3395=AXIS2_PLACEMENT_3D('',#4964,#3988,#3989);
#3396=AXIS2_PLACEMENT_3D('',#4968,#3991,#3992);
#3397=AXIS2_PLACEMENT_3D('',#4972,#3994,#3995);
#3398=AXIS2_PLACEMENT_3D('',#4974,#3996,#3997);
#3399=AXIS2_PLACEMENT_3D('',#4978,#4000,#4001);
#3400=AXIS2_PLACEMENT_3D('',#4984,#4005,#4006);
#3401=AXIS2_PLACEMENT_3D('',#4987,#4008,#4009);
#3402=AXIS2_PLACEMENT_3D('',#4988,#4010,#4011);
#3403=AXIS2_PLACEMENT_3D('',#4991,#4013,#4014);
#3404=AXIS2_PLACEMENT_3D('',#4992,#4015,#4016);
#3405=AXIS2_PLACEMENT_3D('',#4996,#4019,#4020);
#3406=AXIS2_PLACEMENT_3D('',#4999,#4022,#4023);
#3407=AXIS2_PLACEMENT_3D('',#5000,#4024,#4025);
#3408=AXIS2_PLACEMENT_3D('',#5004,#4028,#4029);
#3409=AXIS2_PLACEMENT_3D('',#5007,#4031,#4032);
#3410=AXIS2_PLACEMENT_3D('',#5008,#4033,#4034);
#3411=AXIS2_PLACEMENT_3D('',#5012,#4037,#4038);
#3412=AXIS2_PLACEMENT_3D('',#5015,#4040,#4041);
#3413=AXIS2_PLACEMENT_3D('',#5016,#4042,#4043);
#3414=AXIS2_PLACEMENT_3D('',#5020,#4046,#4047);
#3415=AXIS2_PLACEMENT_3D('',#5023,#4049,#4050);
#3416=AXIS2_PLACEMENT_3D('',#5024,#4051,#4052);
#3417=AXIS2_PLACEMENT_3D('',#5028,#4055,#4056);
#3418=AXIS2_PLACEMENT_3D('',#5031,#4058,#4059);
#3419=AXIS2_PLACEMENT_3D('',#5032,#4060,#4061);
#3420=AXIS2_PLACEMENT_3D('',#5036,#4064,#4065);
#3421=AXIS2_PLACEMENT_3D('',#5039,#4067,#4068);
#3422=AXIS2_PLACEMENT_3D('',#5040,#4069,#4070);
#3423=AXIS2_PLACEMENT_3D('',#5048,#4074,#4075);
#3424=AXIS2_PLACEMENT_3D('',#5052,#4077,#4078);
#3425=AXIS2_PLACEMENT_3D('',#5056,#4081,#4082);
#3426=AXIS2_PLACEMENT_3D('',#5059,#4084,#4085);
#3427=AXIS2_PLACEMENT_3D('',#5060,#4086,#4087);
#3428=AXIS2_PLACEMENT_3D('',#5064,#4090,#4091);
#3429=AXIS2_PLACEMENT_3D('',#5067,#4093,#4094);
#3430=AXIS2_PLACEMENT_3D('',#5068,#4095,#4096);
#3431=AXIS2_PLACEMENT_3D('',#5072,#4099,#4100);
#3432=AXIS2_PLACEMENT_3D('',#5075,#4102,#4103);
#3433=AXIS2_PLACEMENT_3D('',#5076,#4104,#4105);
#3434=AXIS2_PLACEMENT_3D('',#5080,#4108,#4109);
#3435=AXIS2_PLACEMENT_3D('',#5083,#4111,#4112);
#3436=AXIS2_PLACEMENT_3D('',#5084,#4113,#4114);
#3437=AXIS2_PLACEMENT_3D('',#5088,#4117,#4118);
#3438=AXIS2_PLACEMENT_3D('',#5091,#4120,#4121);
#3439=AXIS2_PLACEMENT_3D('',#5092,#4122,#4123);
#3440=AXIS2_PLACEMENT_3D('',#5095,#4125,#4126);
#3441=AXIS2_PLACEMENT_3D('',#5096,#4127,#4128);
#3442=AXIS2_PLACEMENT_3D('',#5100,#4131,#4132);
#3443=AXIS2_PLACEMENT_3D('',#5103,#4134,#4135);
#3444=AXIS2_PLACEMENT_3D('',#5104,#4136,#4137);
#3445=AXIS2_PLACEMENT_3D('',#5108,#4140,#4141);
#3446=AXIS2_PLACEMENT_3D('',#5111,#4143,#4144);
#3447=AXIS2_PLACEMENT_3D('',#5112,#4145,#4146);
#3448=AXIS2_PLACEMENT_3D('',#5116,#4149,#4150);
#3449=AXIS2_PLACEMENT_3D('',#5119,#4152,#4153);
#3450=AXIS2_PLACEMENT_3D('',#5120,#4154,#4155);
#3451=AXIS2_PLACEMENT_3D('',#5124,#4158,#4159);
#3452=AXIS2_PLACEMENT_3D('',#5127,#4161,#4162);
#3453=AXIS2_PLACEMENT_3D('',#5128,#4163,#4164);
#3454=AXIS2_PLACEMENT_3D('',#5132,#4167,#4168);
#3455=AXIS2_PLACEMENT_3D('',#5135,#4170,#4171);
#3456=AXIS2_PLACEMENT_3D('',#5136,#4172,#4173);
#3457=AXIS2_PLACEMENT_3D('',#5140,#4176,#4177);
#3458=AXIS2_PLACEMENT_3D('',#5143,#4179,#4180);
#3459=AXIS2_PLACEMENT_3D('',#5144,#4181,#4182);
#3460=AXIS2_PLACEMENT_3D('',#5148,#4185,#4186);
#3461=AXIS2_PLACEMENT_3D('',#5151,#4188,#4189);
#3462=AXIS2_PLACEMENT_3D('',#5152,#4190,#4191);
#3463=AXIS2_PLACEMENT_3D('',#5156,#4194,#4195);
#3464=AXIS2_PLACEMENT_3D('',#5159,#4197,#4198);
#3465=AXIS2_PLACEMENT_3D('',#5160,#4199,#4200);
#3466=AXIS2_PLACEMENT_3D('',#5164,#4203,#4204);
#3467=AXIS2_PLACEMENT_3D('',#5167,#4206,#4207);
#3468=AXIS2_PLACEMENT_3D('',#5168,#4208,#4209);
#3469=AXIS2_PLACEMENT_3D('',#5172,#4212,#4213);
#3470=AXIS2_PLACEMENT_3D('',#5175,#4215,#4216);
#3471=AXIS2_PLACEMENT_3D('',#5176,#4217,#4218);
#3472=AXIS2_PLACEMENT_3D('',#5180,#4221,#4222);
#3473=AXIS2_PLACEMENT_3D('',#5186,#4226,#4227);
#3474=AXIS2_PLACEMENT_3D('',#5188,#4228,#4229);
#3475=AXIS2_PLACEMENT_3D('',#5190,#4231,#4232);
#3476=AXIS2_PLACEMENT_3D('',#5194,#4235,#4236);
#3477=AXIS2_PLACEMENT_3D('',#5200,#4240,#4241);
#3478=AXIS2_PLACEMENT_3D('',#5201,#4242,#4243);
#3479=AXIS2_PLACEMENT_3D('',#5202,#4244,#4245);
#3480=AXIS2_PLACEMENT_3D('',#5212,#4251,#4252);
#3481=AXIS2_PLACEMENT_3D('',#5218,#4255,#4256);
#3482=AXIS2_PLACEMENT_3D('',#5224,#4259,#4260);
#3483=AXIS2_PLACEMENT_3D('',#5228,#4262,#4263);
#3484=AXIS2_PLACEMENT_3D('',#5232,#4265,#4266);
#3485=AXIS2_PLACEMENT_3D('',#5238,#4269,#4270);
#3486=AXIS2_PLACEMENT_3D('',#5244,#4273,#4274);
#3487=AXIS2_PLACEMENT_3D('',#5248,#4276,#4277);
#3488=AXIS2_PLACEMENT_3D('',#5252,#4279,#4280);
#3489=AXIS2_PLACEMENT_3D('',#5255,#4282,#4283);
#3490=AXIS2_PLACEMENT_3D('',#5256,#4284,#4285);
#3491=AXIS2_PLACEMENT_3D('',#5258,#4286,#4287);
#3492=AXIS2_PLACEMENT_3D('',#5260,#4289,#4290);
#3493=AXIS2_PLACEMENT_3D('',#5262,#4291,#4292);
#3494=AXIS2_PLACEMENT_3D('',#5310,#4296,#4297);
#3495=AXIS2_PLACEMENT_3D('',#5316,#4300,#4301);
#3496=AXIS2_PLACEMENT_3D('',#5320,#4303,#4304);
#3497=AXIS2_PLACEMENT_3D('',#5328,#4308,#4309);
#3498=AXIS2_PLACEMENT_3D('',#5330,#4310,#4311);
#3499=AXIS2_PLACEMENT_3D('',#5334,#4313,#4314);
#3500=AXIS2_PLACEMENT_3D('',#5337,#4316,#4317);
#3501=AXIS2_PLACEMENT_3D('',#5338,#4318,#4319);
#3502=AXIS2_PLACEMENT_3D('',#5342,#4321,#4322);
#3503=AXIS2_PLACEMENT_3D('',#5344,#4324,#4325);
#3504=AXIS2_PLACEMENT_3D('',#5348,#4328,#4329);
#3505=AXIS2_PLACEMENT_3D('',#5351,#4331,#4332);
#3506=AXIS2_PLACEMENT_3D('',#5352,#4333,#4334);
#3507=AXIS2_PLACEMENT_3D('',#5356,#4337,#4338);
#3508=AXIS2_PLACEMENT_3D('',#5359,#4340,#4341);
#3509=AXIS2_PLACEMENT_3D('',#5360,#4342,#4343);
#3510=AXIS2_PLACEMENT_3D('',#5363,#4345,#4346);
#3511=AXIS2_PLACEMENT_3D('',#5364,#4347,#4348);
#3512=AXIS2_PLACEMENT_3D('',#5368,#4351,#4352);
#3513=AXIS2_PLACEMENT_3D('',#5373,#4356,#4357);
#3514=AXIS2_PLACEMENT_3D('',#5377,#4360,#4361);
#3515=AXIS2_PLACEMENT_3D('',#5380,#4363,#4364);
#3516=AXIS2_PLACEMENT_3D('',#5381,#4365,#4366);
#3517=AXIS2_PLACEMENT_3D('',#5385,#4369,#4370);
#3518=AXIS2_PLACEMENT_3D('',#5388,#4372,#4373);
#3519=AXIS2_PLACEMENT_3D('',#5389,#4374,#4375);
#3520=AXIS2_PLACEMENT_3D('',#5392,#4378,#4379);
#3521=AXIS2_PLACEMENT_3D('',#5398,#4383,#4384);
#3522=AXIS2_PLACEMENT_3D('',#5400,#4385,#4386);
#3523=AXIS2_PLACEMENT_3D('',#5402,#4387,#4388);
#3524=AXIS2_PLACEMENT_3D('',#5404,#4390,#4391);
#3525=AXIS2_PLACEMENT_3D('',#5410,#4395,#4396);
#3526=AXIS2_PLACEMENT_3D('',#5412,#4397,#4398);
#3527=AXIS2_PLACEMENT_3D('',#5414,#4399,#4400);
#3528=AXIS2_PLACEMENT_3D('',#5416,#4402,#4403);
#3529=AXIS2_PLACEMENT_3D('',#5422,#4407,#4408);
#3530=AXIS2_PLACEMENT_3D('',#5424,#4409,#4410);
#3531=AXIS2_PLACEMENT_3D('',#5426,#4411,#4412);
#3532=AXIS2_PLACEMENT_3D('',#5428,#4414,#4415);
#3533=AXIS2_PLACEMENT_3D('',#5434,#4419,#4420);
#3534=AXIS2_PLACEMENT_3D('',#5435,#4421,#4422);
#3535=AXIS2_PLACEMENT_3D('',#5436,#4423,#4424);
#3536=AXIS2_PLACEMENT_3D('',#5437,#4425,#4426);
#3537=AXIS2_PLACEMENT_3D('',#5439,#4427,#4428);
#3538=AXIS2_PLACEMENT_3D('',#5441,#4430,#4431);
#3539=AXIS2_PLACEMENT_3D('',#5445,#4434,#4435);
#3540=AXIS2_PLACEMENT_3D('',#5447,#4436,#4437);
#3541=AXIS2_PLACEMENT_3D('',#5449,#4439,#4440);
#3542=AXIS2_PLACEMENT_3D('',#5453,#4443,#4444);
#3543=AXIS2_PLACEMENT_3D('',#5455,#4445,#4446);
#3544=AXIS2_PLACEMENT_3D('',#5457,#4448,#4449);
#3545=AXIS2_PLACEMENT_3D('',#5461,#4452,#4453);
#3546=AXIS2_PLACEMENT_3D('',#5463,#4454,#4455);
#3547=AXIS2_PLACEMENT_3D('',#5465,#4457,#4458);
#3548=AXIS2_PLACEMENT_3D('',#5469,#4461,#4462);
#3549=AXIS2_PLACEMENT_3D('',#5473,#4465,#4466);
#3550=AXIS2_PLACEMENT_3D('',#5475,#4467,#4468);
#3551=AXIS2_PLACEMENT_3D('',#5477,#4470,#4471);
#3552=AXIS2_PLACEMENT_3D('',#5481,#4474,#4475);
#3553=AXIS2_PLACEMENT_3D('',#5485,#4478,#4479);
#3554=AXIS2_PLACEMENT_3D('',#5487,#4480,#4481);
#3555=AXIS2_PLACEMENT_3D('',#5489,#4483,#4484);
#3556=AXIS2_PLACEMENT_3D('',#5493,#4487,#4488);
#3557=AXIS2_PLACEMENT_3D('',#5495,#4489,#4490);
#3558=AXIS2_PLACEMENT_3D('',#5497,#4492,#4493);
#3559=AXIS2_PLACEMENT_3D('',#5501,#4496,#4497);
#3560=AXIS2_PLACEMENT_3D('',#5503,#4498,#4499);
#3561=AXIS2_PLACEMENT_3D('',#5505,#4501,#4502);
#3562=AXIS2_PLACEMENT_3D('',#5509,#4505,#4506);
#3563=AXIS2_PLACEMENT_3D('',#5513,#4509,#4510);
#3564=AXIS2_PLACEMENT_3D('',#5515,#4511,#4512);
#3565=AXIS2_PLACEMENT_3D('',#5517,#4514,#4515);
#3566=AXIS2_PLACEMENT_3D('',#5519,#4517,#4518);
#3567=AXIS2_PLACEMENT_3D('',#5520,#4519,#4520);
#3568=AXIS2_PLACEMENT_3D('',#5521,#4521,#4522);
#3569=AXIS2_PLACEMENT_3D('',#5523,#4523,#4524);
#3570=AXIS2_PLACEMENT_3D('',#5525,#4525,#4526);
#3571=AXIS2_PLACEMENT_3D('',#5527,#4527,#4528);
#3572=AXIS2_PLACEMENT_3D('',#5529,#4529,#4530);
#3573=AXIS2_PLACEMENT_3D('',#5530,#4531,#4532);
#3574=AXIS2_PLACEMENT_3D('',#5532,#4534,#4535);
#3575=AXIS2_PLACEMENT_3D('',#5534,#4537,#4538);
#3576=AXIS2_PLACEMENT_3D('',#5536,#4540,#4541);
#3577=AXIS2_PLACEMENT_3D('',#5538,#4543,#4544);
#3578=DIRECTION('axis',(0.,0.,1.));
#3579=DIRECTION('refdir',(1.,0.,0.));
#3580=DIRECTION('axis',(0.,0.,1.));
#3581=DIRECTION('refdir',(1.,0.,0.));
#3582=DIRECTION('center_axis',(0.,0.,1.));
#3583=DIRECTION('ref_axis',(-1.,0.,0.));
#3584=DIRECTION('center_axis',(0.,0.,1.));
#3585=DIRECTION('ref_axis',(-1.,0.,0.));
#3586=DIRECTION('',(0.,0.,1.));
#3587=DIRECTION('center_axis',(0.,0.,1.));
#3588=DIRECTION('ref_axis',(-1.,0.,0.));
#3589=DIRECTION('center_axis',(0.,0.,-1.));
#3590=DIRECTION('ref_axis',(-1.,0.,0.));
#3591=DIRECTION('center_axis',(0.,0.,-1.));
#3592=DIRECTION('ref_axis',(0.,-1.,0.));
#3593=DIRECTION('center_axis',(0.,0.,1.));
#3594=DIRECTION('ref_axis',(-1.,0.,0.));
#3595=DIRECTION('center_axis',(0.,0.,1.));
#3596=DIRECTION('ref_axis',(-1.,0.,0.));
#3597=DIRECTION('',(0.,0.,1.));
#3598=DIRECTION('center_axis',(0.,0.,1.));
#3599=DIRECTION('ref_axis',(-1.,0.,0.));
#3600=DIRECTION('center_axis',(0.,0.,-1.));
#3601=DIRECTION('ref_axis',(-1.,0.,0.));
#3602=DIRECTION('center_axis',(0.,0.,-1.));
#3603=DIRECTION('ref_axis',(1.,0.,0.));
#3604=DIRECTION('center_axis',(0.,0.,1.));
#3605=DIRECTION('ref_axis',(-1.,0.,0.));
#3606=DIRECTION('center_axis',(0.,0.,1.));
#3607=DIRECTION('ref_axis',(-1.,0.,0.));
#3608=DIRECTION('',(0.,0.,1.));
#3609=DIRECTION('center_axis',(0.,0.,1.));
#3610=DIRECTION('ref_axis',(-1.,0.,0.));
#3611=DIRECTION('center_axis',(0.,0.,-1.));
#3612=DIRECTION('ref_axis',(-1.,0.,0.));
#3613=DIRECTION('center_axis',(0.,0.,-1.));
#3614=DIRECTION('ref_axis',(0.,-1.,0.));
#3615=DIRECTION('center_axis',(0.,0.,1.));
#3616=DIRECTION('ref_axis',(-1.,0.,0.));
#3617=DIRECTION('center_axis',(0.,0.,1.));
#3618=DIRECTION('ref_axis',(-1.,0.,0.));
#3619=DIRECTION('',(0.,0.,1.));
#3620=DIRECTION('center_axis',(0.,0.,1.));
#3621=DIRECTION('ref_axis',(-1.,0.,0.));
#3622=DIRECTION('center_axis',(0.,0.,-1.));
#3623=DIRECTION('ref_axis',(-1.,0.,0.));
#3624=DIRECTION('center_axis',(0.,0.,-1.));
#3625=DIRECTION('ref_axis',(0.,-1.,0.));
#3626=DIRECTION('center_axis',(0.,0.,1.));
#3627=DIRECTION('ref_axis',(-1.,0.,0.));
#3628=DIRECTION('center_axis',(0.,0.,1.));
#3629=DIRECTION('ref_axis',(-1.,0.,0.));
#3630=DIRECTION('',(0.,0.,1.));
#3631=DIRECTION('center_axis',(0.,0.,1.));
#3632=DIRECTION('ref_axis',(-1.,0.,0.));
#3633=DIRECTION('center_axis',(0.,0.,-1.));
#3634=DIRECTION('ref_axis',(-1.,0.,0.));
#3635=DIRECTION('center_axis',(0.,0.,-1.));
#3636=DIRECTION('ref_axis',(1.,0.,0.));
#3637=DIRECTION('center_axis',(0.,0.,1.));
#3638=DIRECTION('ref_axis',(-1.,0.,0.));
#3639=DIRECTION('center_axis',(0.,0.,1.));
#3640=DIRECTION('ref_axis',(-1.,0.,0.));
#3641=DIRECTION('',(0.,0.,1.));
#3642=DIRECTION('center_axis',(0.,0.,1.));
#3643=DIRECTION('ref_axis',(-1.,0.,0.));
#3644=DIRECTION('center_axis',(0.,0.,-1.));
#3645=DIRECTION('ref_axis',(-1.,0.,0.));
#3646=DIRECTION('center_axis',(0.,0.,-1.));
#3647=DIRECTION('ref_axis',(0.,-1.,0.));
#3648=DIRECTION('center_axis',(0.,0.,1.));
#3649=DIRECTION('ref_axis',(-3.73541873855697E-6,-0.999999999993023,0.));
#3650=DIRECTION('center_axis',(0.,0.,1.));
#3651=DIRECTION('ref_axis',(-3.73541873855697E-6,-0.999999999993023,0.));
#3652=DIRECTION('',(0.,0.,1.));
#3653=DIRECTION('center_axis',(0.,0.,-1.));
#3654=DIRECTION('ref_axis',(-3.73541873855697E-6,-0.999999999993023,0.));
#3655=DIRECTION('',(0.,0.,1.));
#3656=DIRECTION('center_axis',(-1.,-3.4179554328756E-13,0.));
#3657=DIRECTION('ref_axis',(3.4179554328756E-13,-1.,0.));
#3658=DIRECTION('',(-3.4179554328756E-13,1.,0.));
#3659=DIRECTION('',(3.4179554328756E-13,-1.,0.));
#3660=DIRECTION('',(0.,0.,1.));
#3661=DIRECTION('center_axis',(0.,0.,1.));
#3662=DIRECTION('ref_axis',(7.47080544781921E-7,0.999999999999721,0.));
#3663=DIRECTION('center_axis',(0.,0.,-1.));
#3664=DIRECTION('ref_axis',(7.47080544781921E-7,0.999999999999721,0.));
#3665=DIRECTION('center_axis',(0.,0.,1.));
#3666=DIRECTION('ref_axis',(7.47080544781921E-7,0.999999999999721,0.));
#3667=DIRECTION('',(0.,0.,1.));
#3668=DIRECTION('center_axis',(-2.10849431635672E-12,1.,0.));
#3669=DIRECTION('ref_axis',(-1.,-2.10849431635672E-12,0.));
#3670=DIRECTION('',(1.,2.10849431635672E-12,0.));
#3671=DIRECTION('',(-1.,-2.10849431635672E-12,0.));
#3672=DIRECTION('',(0.,0.,1.));
#3673=DIRECTION('center_axis',(0.,0.,1.));
#3674=DIRECTION('ref_axis',(-3.73537104319701E-6,-0.999999999993023,0.));
#3675=DIRECTION('center_axis',(0.,0.,1.));
#3676=DIRECTION('ref_axis',(-3.73537104319701E-6,-0.999999999993023,0.));
#3677=DIRECTION('center_axis',(0.,0.,-1.));
#3678=DIRECTION('ref_axis',(-3.73537104319701E-6,-0.999999999993023,0.));
#3679=DIRECTION('',(0.,0.,1.));
#3680=DIRECTION('center_axis',(-1.,-2.50466239516302E-12,0.));
#3681=DIRECTION('ref_axis',(2.50466239516302E-12,-1.,0.));
#3682=DIRECTION('',(-2.50466239516302E-12,1.,0.));
#3683=DIRECTION('',(2.50466239516302E-12,-1.,0.));
#3684=DIRECTION('',(0.,0.,1.));
#3685=DIRECTION('center_axis',(0.,0.,1.));
#3686=DIRECTION('ref_axis',(7.47080653337135E-7,0.999999999999721,0.));
#3687=DIRECTION('center_axis',(0.,0.,-1.));
#3688=DIRECTION('ref_axis',(7.47080653337135E-7,0.999999999999721,0.));
#3689=DIRECTION('center_axis',(0.,0.,1.));
#3690=DIRECTION('ref_axis',(7.47080653337135E-7,0.999999999999721,0.));
#3691=DIRECTION('',(0.,0.,1.));
#3692=DIRECTION('center_axis',(-3.78067966148921E-12,1.,0.));
#3693=DIRECTION('ref_axis',(-1.,-3.78067966148921E-12,0.));
#3694=DIRECTION('',(1.,3.78067966148921E-12,0.));
#3695=DIRECTION('',(-1.,-3.78067966148921E-12,0.));
#3696=DIRECTION('',(0.,0.,1.));
#3697=DIRECTION('center_axis',(0.,0.,1.));
#3698=DIRECTION('ref_axis',(-3.73537708283349E-6,-0.999999999993023,0.));
#3699=DIRECTION('center_axis',(0.,0.,1.));
#3700=DIRECTION('ref_axis',(-3.73537708283349E-6,-0.999999999993023,0.));
#3701=DIRECTION('center_axis',(0.,0.,-1.));
#3702=DIRECTION('ref_axis',(-3.73537708283349E-6,-0.999999999993023,0.));
#3703=DIRECTION('',(0.,0.,1.));
#3704=DIRECTION('center_axis',(-1.,-2.90307455653761E-13,0.));
#3705=DIRECTION('ref_axis',(2.90307455653761E-13,-1.,0.));
#3706=DIRECTION('',(-2.90307455653761E-13,1.,0.));
#3707=DIRECTION('',(2.90307455653761E-13,-1.,0.));
#3708=DIRECTION('',(0.,0.,1.));
#3709=DIRECTION('center_axis',(0.,0.,1.));
#3710=DIRECTION('ref_axis',(0.999999999993023,-3.73541523042589E-6,0.));
#3711=DIRECTION('center_axis',(0.,0.,1.));
#3712=DIRECTION('ref_axis',(0.999999999993023,-3.73541523042589E-6,0.));
#3713=DIRECTION('center_axis',(0.,0.,-1.));
#3714=DIRECTION('ref_axis',(0.999999999993023,-3.73541523042589E-6,0.));
#3715=DIRECTION('',(0.,0.,1.));
#3716=DIRECTION('center_axis',(-3.14748215724271E-13,-1.,0.));
#3717=DIRECTION('ref_axis',(1.,-3.14748215724271E-13,0.));
#3718=DIRECTION('',(-1.,3.14748215724271E-13,0.));
#3719=DIRECTION('',(1.,-3.14748215724271E-13,0.));
#3720=DIRECTION('',(0.,0.,1.));
#3721=DIRECTION('center_axis',(0.,0.,1.));
#3722=DIRECTION('ref_axis',(-0.999999999999721,7.47070636654134E-7,0.));
#3723=DIRECTION('center_axis',(0.,0.,-1.));
#3724=DIRECTION('ref_axis',(-0.999999999999721,7.47070636654134E-7,0.));
#3725=DIRECTION('center_axis',(0.,0.,1.));
#3726=DIRECTION('ref_axis',(-0.999999999999721,7.47070636654134E-7,0.));
#3727=DIRECTION('',(0.,0.,1.));
#3728=DIRECTION('center_axis',(-1.,-4.87690722405497E-13,0.));
#3729=DIRECTION('ref_axis',(4.87690722405497E-13,-1.,0.));
#3730=DIRECTION('',(-4.87690722405497E-13,1.,0.));
#3731=DIRECTION('',(4.87690722405497E-13,-1.,0.));
#3732=DIRECTION('',(0.,0.,1.));
#3733=DIRECTION('center_axis',(0.,0.,1.));
#3734=DIRECTION('ref_axis',(0.999999999993023,-3.73541576333494E-6,0.));
#3735=DIRECTION('center_axis',(0.,0.,1.));
#3736=DIRECTION('ref_axis',(0.999999999993023,-3.73541576333494E-6,0.));
#3737=DIRECTION('center_axis',(0.,0.,-1.));
#3738=DIRECTION('ref_axis',(0.999999999993023,-3.73541576333494E-6,0.));
#3739=DIRECTION('',(0.,0.,1.));
#3740=DIRECTION('center_axis',(-4.19664282407041E-13,-1.,0.));
#3741=DIRECTION('ref_axis',(1.,-4.19664282407041E-13,0.));
#3742=DIRECTION('',(-1.,4.19664282407041E-13,0.));
#3743=DIRECTION('',(1.,-4.19664282407041E-13,0.));
#3744=DIRECTION('',(0.,0.,1.));
#3745=DIRECTION('center_axis',(0.,0.,1.));
#3746=DIRECTION('ref_axis',(-0.999999999999721,7.47070547836225E-7,0.));
#3747=DIRECTION('center_axis',(0.,0.,-1.));
#3748=DIRECTION('ref_axis',(-0.999999999999721,7.47070547836225E-7,0.));
#3749=DIRECTION('center_axis',(0.,0.,1.));
#3750=DIRECTION('ref_axis',(-0.999999999999721,7.47070547836225E-7,0.));
#3751=DIRECTION('',(0.,0.,1.));
#3752=DIRECTION('center_axis',(-1.,-6.68354310755167E-13,0.));
#3753=DIRECTION('ref_axis',(6.68354310755167E-13,-1.,0.));
#3754=DIRECTION('',(-6.68354310755167E-13,1.,0.));
#3755=DIRECTION('',(6.68354310755167E-13,-1.,0.));
#3756=DIRECTION('',(0.,0.,1.));
#3757=DIRECTION('center_axis',(0.,0.,1.));
#3758=DIRECTION('ref_axis',(0.999999999993023,-3.73541642947124E-6,0.));
#3759=DIRECTION('center_axis',(0.,0.,1.));
#3760=DIRECTION('ref_axis',(0.999999999993023,-3.73541642947124E-6,0.));
#3761=DIRECTION('center_axis',(0.,0.,-1.));
#3762=DIRECTION('ref_axis',(0.999999999993023,-3.73541642947124E-6,0.));
#3763=DIRECTION('',(0.,0.,1.));
#3764=DIRECTION('center_axis',(-3.19744221770227E-13,-1.,0.));
#3765=DIRECTION('ref_axis',(1.,-3.19744221770227E-13,0.));
#3766=DIRECTION('',(-1.,3.19744221770227E-13,0.));
#3767=DIRECTION('',(1.,-3.19744221770227E-13,0.));
#3768=DIRECTION('',(0.,0.,1.));
#3769=DIRECTION('center_axis',(0.,0.,1.));
#3770=DIRECTION('ref_axis',(-0.973008323669551,-0.230770019867767,0.));
#3771=DIRECTION('center_axis',(0.,0.,-1.));
#3772=DIRECTION('ref_axis',(-0.973008323669551,-0.230770019867767,0.));
#3773=DIRECTION('center_axis',(0.,0.,1.));
#3774=DIRECTION('ref_axis',(-0.973008323669551,-0.230770019867767,0.));
#3775=DIRECTION('',(0.,0.,1.));
#3776=DIRECTION('center_axis',(1.26519240059094E-13,-1.,0.));
#3777=DIRECTION('ref_axis',(1.,1.26519240059094E-13,0.));
#3778=DIRECTION('',(-1.,-1.26519240059094E-13,0.));
#3779=DIRECTION('',(1.,1.26519240059094E-13,0.));
#3780=DIRECTION('',(0.,0.,1.));
#3781=DIRECTION('center_axis',(0.,0.,1.));
#3782=DIRECTION('ref_axis',(3.73541465310793E-6,0.999999999993023,0.));
#3783=DIRECTION('center_axis',(0.,0.,1.));
#3784=DIRECTION('ref_axis',(3.73541465310793E-6,0.999999999993023,0.));
#3785=DIRECTION('center_axis',(0.,0.,-1.));
#3786=DIRECTION('ref_axis',(3.73541465310793E-6,0.999999999993023,0.));
#3787=DIRECTION('',(0.,0.,1.));
#3788=DIRECTION('center_axis',(1.,-1.00896947871172E-11,0.));
#3789=DIRECTION('ref_axis',(1.00896947871172E-11,1.,0.));
#3790=DIRECTION('',(-1.00896947871172E-11,-1.,0.));
#3791=DIRECTION('',(1.00896947871172E-11,1.,0.));
#3792=DIRECTION('',(0.,0.,1.));
#3793=DIRECTION('center_axis',(0.,0.,1.));
#3794=DIRECTION('ref_axis',(-7.4707059717951E-7,-0.999999999999721,0.));
#3795=DIRECTION('center_axis',(0.,0.,-1.));
#3796=DIRECTION('ref_axis',(-7.4707059717951E-7,-0.999999999999721,0.));
#3797=DIRECTION('center_axis',(0.,0.,1.));
#3798=DIRECTION('ref_axis',(-7.4707059717951E-7,-0.999999999999721,0.));
#3799=DIRECTION('',(0.,0.,1.));
#3800=DIRECTION('center_axis',(2.19002905180224E-14,-1.,0.));
#3801=DIRECTION('ref_axis',(1.,2.19002905180224E-14,0.));
#3802=DIRECTION('',(-1.,-2.19002905180224E-14,0.));
#3803=DIRECTION('',(1.,2.19002905180224E-14,0.));
#3804=DIRECTION('',(0.,0.,1.));
#3805=DIRECTION('center_axis',(0.,0.,1.));
#3806=DIRECTION('ref_axis',(3.73538925101701E-6,0.999999999993023,0.));
#3807=DIRECTION('center_axis',(0.,0.,1.));
#3808=DIRECTION('ref_axis',(3.73538925101701E-6,0.999999999993023,0.));
#3809=DIRECTION('center_axis',(0.,0.,-1.));
#3810=DIRECTION('ref_axis',(3.73538925101701E-6,0.999999999993023,0.));
#3811=DIRECTION('',(0.,0.,1.));
#3812=DIRECTION('center_axis',(1.,-2.13162565928367E-13,0.));
#3813=DIRECTION('ref_axis',(2.13162565928367E-13,1.,0.));
#3814=DIRECTION('',(-2.13162565928367E-13,-1.,0.));
#3815=DIRECTION('',(2.13162565928367E-13,1.,0.));
#3816=DIRECTION('',(0.,0.,1.));
#3817=DIRECTION('center_axis',(0.,0.,1.));
#3818=DIRECTION('ref_axis',(-7.47075590718053E-7,-0.999999999999721,0.));
#3819=DIRECTION('center_axis',(0.,0.,-1.));
#3820=DIRECTION('ref_axis',(-7.47075590718053E-7,-0.999999999999721,0.));
#3821=DIRECTION('center_axis',(0.,0.,1.));
#3822=DIRECTION('ref_axis',(-7.47075590718053E-7,-0.999999999999721,0.));
#3823=DIRECTION('',(0.,0.,1.));
#3824=DIRECTION('center_axis',(1.39476909859867E-14,-1.,0.));
#3825=DIRECTION('ref_axis',(1.,1.39476909859867E-14,0.));
#3826=DIRECTION('',(-1.,-1.39476909859867E-14,0.));
#3827=DIRECTION('',(1.,1.39476909859867E-14,0.));
#3828=DIRECTION('',(0.,0.,1.));
#3829=DIRECTION('center_axis',(0.,0.,1.));
#3830=DIRECTION('ref_axis',(3.73538911778959E-6,0.999999999993023,0.));
#3831=DIRECTION('center_axis',(0.,0.,1.));
#3832=DIRECTION('ref_axis',(3.73538911778959E-6,0.999999999993023,0.));
#3833=DIRECTION('center_axis',(0.,0.,-1.));
#3834=DIRECTION('ref_axis',(3.73538911778959E-6,0.999999999993023,0.));
#3835=DIRECTION('',(0.,0.,1.));
#3836=DIRECTION('center_axis',(1.,-2.5522241016471E-15,0.));
#3837=DIRECTION('ref_axis',(2.5522241016471E-15,1.,0.));
#3838=DIRECTION('',(-2.5522241016471E-15,-1.,0.));
#3839=DIRECTION('',(2.5522241016471E-15,1.,0.));
#3840=DIRECTION('',(0.,0.,1.));
#3841=DIRECTION('center_axis',(0.,0.,1.));
#3842=DIRECTION('ref_axis',(0.500015042190946,-0.866016718997264,0.));
#3843=DIRECTION('center_axis',(0.,0.,-1.));
#3844=DIRECTION('ref_axis',(0.500015042190946,-0.866016718997264,0.));
#3845=DIRECTION('center_axis',(0.,0.,1.));
#3846=DIRECTION('ref_axis',(0.500015042190946,-0.866016718997264,0.));
#3847=DIRECTION('',(0.,0.,1.));
#3848=DIRECTION('center_axis',(0.500000029209538,-0.866025386920304,0.));
#3849=DIRECTION('ref_axis',(0.866025386920303,0.500000029209538,0.));
#3850=DIRECTION('',(-0.866025386920303,-0.500000029209538,0.));
#3851=DIRECTION('',(0.866025386920303,0.500000029209538,0.));
#3852=DIRECTION('',(0.,0.,1.));
#3853=DIRECTION('center_axis',(0.,0.,1.));
#3854=DIRECTION('ref_axis',(-0.500000170661944,0.866025305252697,0.));
#3855=DIRECTION('center_axis',(0.,0.,1.));
#3856=DIRECTION('ref_axis',(-0.500000170661944,0.866025305252697,0.));
#3857=DIRECTION('center_axis',(0.,0.,-1.));
#3858=DIRECTION('ref_axis',(-0.500000170661944,0.866025305252697,0.));
#3859=DIRECTION('',(0.,0.,1.));
#3860=DIRECTION('center_axis',(0.866023660242046,0.500003019891849,0.));
#3861=DIRECTION('ref_axis',(-0.500003019891849,0.866023660242046,0.));
#3862=DIRECTION('',(0.500003019891849,-0.866023660242046,0.));
#3863=DIRECTION('',(-0.500003019891849,0.866023660242046,0.));
#3864=DIRECTION('',(0.,0.,1.));
#3865=DIRECTION('center_axis',(0.,0.,1.));
#3866=DIRECTION('ref_axis',(-0.866024597319833,-0.50000139683507,0.));
#3867=DIRECTION('center_axis',(0.,0.,1.));
#3868=DIRECTION('ref_axis',(-0.866024597319833,-0.50000139683507,0.));
#3869=DIRECTION('center_axis',(0.,0.,-1.));
#3870=DIRECTION('ref_axis',(-0.866024597319833,-0.50000139683507,0.));
#3871=DIRECTION('',(0.,0.,1.));
#3872=DIRECTION('center_axis',(-0.265369320350579,0.964146837269444,0.));
#3873=DIRECTION('ref_axis',(-0.964146837269444,-0.265369320350579,0.));
#3874=DIRECTION('',(0.964146837269444,0.265369320350579,0.));
#3875=DIRECTION('',(-0.964146837269444,-0.265369320350579,0.));
#3876=DIRECTION('',(0.,0.,1.));
#3877=DIRECTION('center_axis',(0.,0.,1.));
#3878=DIRECTION('ref_axis',(0.265472244929,-0.964118502660517,0.));
#3879=DIRECTION('center_axis',(0.,0.,1.));
#3880=DIRECTION('ref_axis',(0.265472244929,-0.964118502660517,0.));
#3881=DIRECTION('center_axis',(0.,0.,-1.));
#3882=DIRECTION('ref_axis',(0.265472244929,-0.964118502660517,0.));
#3883=DIRECTION('',(0.,0.,1.));
#3884=DIRECTION('center_axis',(-0.965926274349609,-0.258817372912029,0.));
#3885=DIRECTION('ref_axis',(0.258817372912029,-0.965926274349609,0.));
#3886=DIRECTION('',(-0.258817372912029,0.965926274349609,0.));
#3887=DIRECTION('',(0.258817372912029,-0.965926274349609,0.));
#3888=DIRECTION('',(0.,0.,1.));
#3889=DIRECTION('center_axis',(0.,0.,1.));
#3890=DIRECTION('ref_axis',(-1.23498598306969E-7,0.999999999999992,0.));
#3891=DIRECTION('center_axis',(0.,0.,-1.));
#3892=DIRECTION('ref_axis',(-1.23498598306969E-7,0.999999999999992,0.));
#3893=DIRECTION('center_axis',(0.,0.,1.));
#3894=DIRECTION('ref_axis',(-1.23498598306969E-7,0.999999999999992,0.));
#3895=DIRECTION('',(0.,0.,1.));
#3896=DIRECTION('center_axis',(-8.72082263815482E-12,1.,0.));
#3897=DIRECTION('ref_axis',(-1.,-8.72082263815482E-12,0.));
#3898=DIRECTION('',(1.,8.72082263815482E-12,0.));
#3899=DIRECTION('',(-1.,-8.72082263815482E-12,0.));
#3900=DIRECTION('',(0.,0.,1.));
#3901=DIRECTION('center_axis',(0.,0.,1.));
#3902=DIRECTION('ref_axis',(-3.73542175846346E-6,-0.999999999993023,0.));
#3903=DIRECTION('center_axis',(0.,0.,1.));
#3904=DIRECTION('ref_axis',(-3.73542175846346E-6,-0.999999999993023,0.));
#3905=DIRECTION('center_axis',(0.,0.,-1.));
#3906=DIRECTION('ref_axis',(-3.73542175846346E-6,-0.999999999993023,0.));
#3907=DIRECTION('',(0.,0.,1.));
#3908=DIRECTION('center_axis',(0.,0.,1.));
#3909=DIRECTION('ref_axis',(7.47075590718057E-7,0.999999999999721,0.));
#3910=DIRECTION('center_axis',(0.,0.,-1.));
#3911=DIRECTION('ref_axis',(7.47075590718057E-7,0.999999999999721,0.));
#3912=DIRECTION('center_axis',(0.,0.,1.));
#3913=DIRECTION('ref_axis',(7.47075590718057E-7,0.999999999999721,0.));
#3914=DIRECTION('',(0.,0.,1.));
#3915=DIRECTION('center_axis',(-6.69351864123224E-15,1.,0.));
#3916=DIRECTION('ref_axis',(-1.,-6.69351864123224E-15,0.));
#3917=DIRECTION('',(1.,6.69351864123224E-15,0.));
#3918=DIRECTION('',(-1.,-6.69351864123224E-15,0.));
#3919=DIRECTION('',(0.,0.,1.));
#3920=DIRECTION('center_axis',(-1.39799287438368E-11,1.,0.));
#3921=DIRECTION('ref_axis',(-1.,-1.39799287438368E-11,0.));
#3922=DIRECTION('',(1.,1.39799287438368E-11,0.));
#3923=DIRECTION('',(0.,0.,1.));
#3924=DIRECTION('',(-1.,-1.39799287438368E-11,0.));
#3925=DIRECTION('center_axis',(0.,0.,1.));
#3926=DIRECTION('ref_axis',(1.,0.,0.));
#3927=DIRECTION('',(1.397992832608E-11,-1.,0.));
#3928=DIRECTION('',(-1.,-1.39799287438368E-11,0.));
#3929=DIRECTION('center_axis',(0.,0.,-1.));
#3930=DIRECTION('ref_axis',(0.999999999999721,7.47000541661271E-7,0.));
#3931=DIRECTION('',(3.22194381776449E-13,-1.,0.));
#3932=DIRECTION('center_axis',(0.,0.,1.));
#3933=DIRECTION('ref_axis',(-0.999999999999564,-9.33875760625182E-7,0.));
#3934=DIRECTION('',(-1.,-2.099405905836E-12,0.));
#3935=DIRECTION('center_axis',(0.,0.,-1.));
#3936=DIRECTION('ref_axis',(0.999999999999721,7.47000541661249E-7,0.));
#3937=DIRECTION('',(2.36255477288472E-12,-1.,0.));
#3938=DIRECTION('center_axis',(0.,0.,1.));
#3939=DIRECTION('ref_axis',(-0.999999999999564,-9.33875272126615E-7,0.));
#3940=DIRECTION('',(-1.,-3.76291585794248E-12,0.));
#3941=DIRECTION('center_axis',(0.,0.,-1.));
#3942=DIRECTION('ref_axis',(0.999999999999721,7.47000571267237E-7,0.));
#3943=DIRECTION('',(2.82186973406404E-13,-1.,0.));
#3944=DIRECTION('center_axis',(0.,0.,-1.));
#3945=DIRECTION('ref_axis',(-7.4707060418545E-7,0.999999999999721,0.));
#3946=DIRECTION('',(1.,-3.32511798980359E-13,0.));
#3947=DIRECTION('center_axis',(0.,0.,1.));
#3948=DIRECTION('ref_axis',(9.33850980424173E-7,-0.999999999999564,0.));
#3949=DIRECTION('',(4.68312251298929E-13,-1.,0.));
#3950=DIRECTION('center_axis',(0.,0.,-1.));
#3951=DIRECTION('ref_axis',(-7.47070544973524E-7,0.999999999999721,0.));
#3952=DIRECTION('',(1.,-4.44089215379498E-13,0.));
#3953=DIRECTION('center_axis',(0.,0.,1.));
#3954=DIRECTION('ref_axis',(9.33851002628633E-7,-0.999999999999564,0.));
#3955=DIRECTION('',(6.43929342256063E-13,-1.,0.));
#3956=DIRECTION('center_axis',(0.,0.,-1.));
#3957=DIRECTION('ref_axis',(-7.4707057457949E-7,0.999999999999721,0.));
#3958=DIRECTION('',(1.,-3.33175224257321E-13,0.));
#3959=DIRECTION('center_axis',(0.,0.,1.));
#3960=DIRECTION('ref_axis',(-4.44521334003073E-6,-0.99999999999012,0.));
#3961=DIRECTION('center_axis',(0.,0.,-1.));
#3962=DIRECTION('ref_axis',(2.66715289263215E-6,0.999999999996443,0.));
#3963=DIRECTION('',(1.,1.26622355857544E-13,0.));
#3964=DIRECTION('center_axis',(0.,0.,-1.));
#3965=DIRECTION('ref_axis',(-0.999999999999721,-7.47080566592932E-7,0.));
#3966=DIRECTION('',(1.06581442214436E-11,1.,0.));
#3967=DIRECTION('center_axis',(0.,0.,1.));
#3968=DIRECTION('ref_axis',(0.999999999999564,9.33841032816583E-7,0.));
#3969=DIRECTION('',(1.,1.11934813621132E-14,0.));
#3970=DIRECTION('center_axis',(0.,0.,-1.));
#3971=DIRECTION('ref_axis',(-0.999999999999721,-7.47080559188333E-7,0.));
#3972=DIRECTION('',(7.81597242902727E-13,1.,0.));
#3973=DIRECTION('center_axis',(0.,0.,1.));
#3974=DIRECTION('ref_axis',(0.999999999999564,9.33838512608046E-7,0.));
#3975=DIRECTION('',(1.,6.05277142597492E-15,0.));
#3976=DIRECTION('center_axis',(0.,0.,-1.));
#3977=DIRECTION('ref_axis',(-0.999999999999721,-7.47080559188328E-7,0.));
#3978=DIRECTION('',(7.65667386667855E-15,1.,0.));
#3979=DIRECTION('center_axis',(0.,0.,1.));
#3980=DIRECTION('ref_axis',(0.99999999980397,-1.98004876999323E-5,0.));
#3981=DIRECTION('',(0.866025386919132,0.500000029211567,0.));
#3982=DIRECTION('center_axis',(0.,0.,-1.));
#3983=DIRECTION('ref_axis',(-0.866023319992225,-0.500003609216617,0.));
#3984=DIRECTION('',(-0.500003019891837,0.866023660242053,0.));
#3985=DIRECTION('center_axis',(0.,0.,-1.));
#3986=DIRECTION('ref_axis',(0.265369426987792,-0.964146807918883,0.));
#3987=DIRECTION('',(-0.964146837252327,-0.26536932041277,0.));
#3988=DIRECTION('center_axis',(0.,0.,-1.));
#3989=DIRECTION('ref_axis',(0.965945860693592,0.258744264108241,0.));
#3990=DIRECTION('',(0.258817373232461,-0.96592627426375,0.));
#3991=DIRECTION('center_axis',(0.,0.,1.));
#3992=DIRECTION('ref_axis',(-0.965926281999357,-0.258817344362581,0.));
#3993=DIRECTION('',(-1.,-8.72082279283832E-12,0.));
#3994=DIRECTION('center_axis',(0.,0.,-1.));
#3995=DIRECTION('ref_axis',(0.999999999999721,7.47000541664223E-7,0.));
#3996=DIRECTION('center_axis',(0.,0.,1.));
#3997=DIRECTION('ref_axis',(-0.999999999999721,-7.47125570778009E-7,0.));
#3998=DIRECTION('',(-1.,1.22507367813708E-15,0.));
#3999=DIRECTION('',(0.,1.,0.));
#4000=DIRECTION('center_axis',(1.22507367813708E-15,1.,0.));
#4001=DIRECTION('ref_axis',(-1.,1.22507367813708E-15,0.));
#4002=DIRECTION('',(0.,0.,1.));
#4003=DIRECTION('',(-1.,1.22507367813708E-15,0.));
#4004=DIRECTION('',(0.,0.,1.));
#4005=DIRECTION('center_axis',(0.,0.,1.));
#4006=DIRECTION('ref_axis',(-0.999999999999721,-7.47125570778009E-7,0.));
#4007=DIRECTION('',(0.,0.,1.));
#4008=DIRECTION('center_axis',(0.,0.,1.));
#4009=DIRECTION('ref_axis',(-0.999999999999721,-7.47125570778009E-7,0.));
#4010=DIRECTION('center_axis',(0.,0.,1.));
#4011=DIRECTION('ref_axis',(0.999999999999721,7.47000541664223E-7,0.));
#4012=DIRECTION('',(0.,0.,1.));
#4013=DIRECTION('center_axis',(0.,0.,-1.));
#4014=DIRECTION('ref_axis',(0.999999999999721,7.47000541664223E-7,0.));
#4015=DIRECTION('center_axis',(-8.72082279283832E-12,1.,0.));
#4016=DIRECTION('ref_axis',(-1.,-8.72082279283832E-12,0.));
#4017=DIRECTION('',(0.,0.,1.));
#4018=DIRECTION('',(-1.,-8.72082279283832E-12,0.));
#4019=DIRECTION('center_axis',(0.,0.,1.));
#4020=DIRECTION('ref_axis',(-0.965926281999357,-0.258817344362581,0.));
#4021=DIRECTION('',(0.,0.,1.));
#4022=DIRECTION('center_axis',(0.,0.,1.));
#4023=DIRECTION('ref_axis',(-0.965926281999357,-0.258817344362581,0.));
#4024=DIRECTION('center_axis',(-0.96592627426375,-0.258817373232461,0.));
#4025=DIRECTION('ref_axis',(0.258817373232461,-0.96592627426375,0.));
#4026=DIRECTION('',(0.,0.,1.));
#4027=DIRECTION('',(0.258817373232461,-0.96592627426375,0.));
#4028=DIRECTION('center_axis',(0.,0.,1.));
#4029=DIRECTION('ref_axis',(0.965945860693592,0.258744264108241,0.));
#4030=DIRECTION('',(0.,0.,1.));
#4031=DIRECTION('center_axis',(0.,0.,-1.));
#4032=DIRECTION('ref_axis',(0.965945860693592,0.258744264108241,0.));
#4033=DIRECTION('center_axis',(-0.26536932041277,0.964146837252327,0.));
#4034=DIRECTION('ref_axis',(-0.964146837252327,-0.26536932041277,0.));
#4035=DIRECTION('',(0.,0.,1.));
#4036=DIRECTION('',(-0.964146837252327,-0.26536932041277,0.));
#4037=DIRECTION('center_axis',(0.,0.,1.));
#4038=DIRECTION('ref_axis',(0.265369426987792,-0.964146807918883,0.));
#4039=DIRECTION('',(0.,0.,1.));
#4040=DIRECTION('center_axis',(0.,0.,-1.));
#4041=DIRECTION('ref_axis',(0.265369426987792,-0.964146807918883,0.));
#4042=DIRECTION('center_axis',(0.866023660242053,0.500003019891837,0.));
#4043=DIRECTION('ref_axis',(-0.500003019891837,0.866023660242053,0.));
#4044=DIRECTION('',(0.,0.,1.));
#4045=DIRECTION('',(-0.500003019891837,0.866023660242053,0.));
#4046=DIRECTION('center_axis',(0.,0.,1.));
#4047=DIRECTION('ref_axis',(-0.866023319992225,-0.500003609216617,0.));
#4048=DIRECTION('',(0.,0.,1.));
#4049=DIRECTION('center_axis',(0.,0.,-1.));
#4050=DIRECTION('ref_axis',(-0.866023319992225,-0.500003609216617,0.));
#4051=DIRECTION('center_axis',(0.500000029211567,-0.866025386919132,0.));
#4052=DIRECTION('ref_axis',(0.866025386919132,0.500000029211567,0.));
#4053=DIRECTION('',(0.,0.,1.));
#4054=DIRECTION('',(0.866025386919132,0.500000029211567,0.));
#4055=DIRECTION('center_axis',(0.,0.,1.));
#4056=DIRECTION('ref_axis',(0.99999999980397,-1.98004876999323E-5,0.));
#4057=DIRECTION('',(0.,0.,1.));
#4058=DIRECTION('center_axis',(0.,0.,1.));
#4059=DIRECTION('ref_axis',(0.99999999980397,-1.98004876999323E-5,0.));
#4060=DIRECTION('center_axis',(1.,-7.65667386667855E-15,0.));
#4061=DIRECTION('ref_axis',(7.65667386667855E-15,1.,0.));
#4062=DIRECTION('',(0.,0.,1.));
#4063=DIRECTION('',(7.65667386667855E-15,1.,0.));
#4064=DIRECTION('center_axis',(0.,0.,1.));
#4065=DIRECTION('ref_axis',(-0.999999999999721,-7.47080559188328E-7,0.));
#4066=DIRECTION('',(0.,0.,1.));
#4067=DIRECTION('center_axis',(0.,0.,-1.));
#4068=DIRECTION('ref_axis',(-0.999999999999721,-7.47080559188328E-7,0.));
#4069=DIRECTION('center_axis',(6.05277142597492E-15,-1.,0.));
#4070=DIRECTION('ref_axis',(1.,6.05277142597492E-15,0.));
#4071=DIRECTION('',(0.,0.,1.));
#4072=DIRECTION('',(1.,6.05277142597492E-15,0.));
#4073=DIRECTION('',(0.,0.,-1.));
#4074=DIRECTION('center_axis',(-6.05277142597492E-15,1.,0.));
#4075=DIRECTION('ref_axis',(0.,0.,-1.));
#4076=DIRECTION('',(-1.,-6.05277142597492E-15,-3.08395284618099E-16));
#4077=DIRECTION('center_axis',(-6.05277142597492E-15,1.,0.));
#4078=DIRECTION('ref_axis',(-1.,0.,4.44089209850064E-15));
#4079=DIRECTION('',(0.,0.,1.));
#4080=DIRECTION('',(1.,6.05277142597492E-15,0.));
#4081=DIRECTION('center_axis',(0.,0.,1.));
#4082=DIRECTION('ref_axis',(0.999999999999564,9.33838512608046E-7,0.));
#4083=DIRECTION('',(0.,0.,1.));
#4084=DIRECTION('center_axis',(0.,0.,1.));
#4085=DIRECTION('ref_axis',(0.999999999999564,9.33838512608046E-7,0.));
#4086=DIRECTION('center_axis',(1.,-7.81597242902727E-13,0.));
#4087=DIRECTION('ref_axis',(7.81597242902727E-13,1.,0.));
#4088=DIRECTION('',(0.,0.,1.));
#4089=DIRECTION('',(7.81597242902727E-13,1.,0.));
#4090=DIRECTION('center_axis',(0.,0.,1.));
#4091=DIRECTION('ref_axis',(-0.999999999999721,-7.47080559188333E-7,0.));
#4092=DIRECTION('',(0.,0.,1.));
#4093=DIRECTION('center_axis',(0.,0.,-1.));
#4094=DIRECTION('ref_axis',(-0.999999999999721,-7.47080559188333E-7,0.));
#4095=DIRECTION('center_axis',(1.11934813621132E-14,-1.,0.));
#4096=DIRECTION('ref_axis',(1.,1.11934813621132E-14,0.));
#4097=DIRECTION('',(0.,0.,1.));
#4098=DIRECTION('',(1.,1.11934813621132E-14,0.));
#4099=DIRECTION('center_axis',(0.,0.,1.));
#4100=DIRECTION('ref_axis',(0.999999999999564,9.33841032816583E-7,0.));
#4101=DIRECTION('',(0.,0.,1.));
#4102=DIRECTION('center_axis',(0.,0.,1.));
#4103=DIRECTION('ref_axis',(0.999999999999564,9.33841032816583E-7,0.));
#4104=DIRECTION('center_axis',(1.,-1.06581442214436E-11,0.));
#4105=DIRECTION('ref_axis',(1.06581442214436E-11,1.,0.));
#4106=DIRECTION('',(0.,0.,1.));
#4107=DIRECTION('',(1.06581442214436E-11,1.,0.));
#4108=DIRECTION('center_axis',(0.,0.,1.));
#4109=DIRECTION('ref_axis',(-0.999999999999721,-7.47080566592932E-7,0.));
#4110=DIRECTION('',(0.,0.,1.));
#4111=DIRECTION('center_axis',(0.,0.,-1.));
#4112=DIRECTION('ref_axis',(-0.999999999999721,-7.47080566592932E-7,0.));
#4113=DIRECTION('center_axis',(1.26622355857544E-13,-1.,0.));
#4114=DIRECTION('ref_axis',(1.,1.26622355857544E-13,0.));
#4115=DIRECTION('',(0.,0.,1.));
#4116=DIRECTION('',(1.,1.26622355857544E-13,0.));
#4117=DIRECTION('center_axis',(0.,0.,1.));
#4118=DIRECTION('ref_axis',(2.66715289263215E-6,0.999999999996443,0.));
#4119=DIRECTION('',(0.,0.,1.));
#4120=DIRECTION('center_axis',(0.,0.,-1.));
#4121=DIRECTION('ref_axis',(2.66715289263215E-6,0.999999999996443,0.));
#4122=DIRECTION('center_axis',(0.,0.,1.));
#4123=DIRECTION('ref_axis',(-4.44521334003073E-6,-0.99999999999012,0.));
#4124=DIRECTION('',(0.,0.,1.));
#4125=DIRECTION('center_axis',(0.,0.,1.));
#4126=DIRECTION('ref_axis',(-4.44521334003073E-6,-0.99999999999012,0.));
#4127=DIRECTION('center_axis',(-3.33175224257321E-13,-1.,0.));
#4128=DIRECTION('ref_axis',(1.,-3.33175224257321E-13,0.));
#4129=DIRECTION('',(0.,0.,1.));
#4130=DIRECTION('',(1.,-3.33175224257321E-13,0.));
#4131=DIRECTION('center_axis',(0.,0.,1.));
#4132=DIRECTION('ref_axis',(-7.4707057457949E-7,0.999999999999721,0.));
#4133=DIRECTION('',(0.,0.,1.));
#4134=DIRECTION('center_axis',(0.,0.,-1.));
#4135=DIRECTION('ref_axis',(-7.4707057457949E-7,0.999999999999721,0.));
#4136=DIRECTION('center_axis',(-1.,-6.43929342256063E-13,0.));
#4137=DIRECTION('ref_axis',(6.43929342256063E-13,-1.,0.));
#4138=DIRECTION('',(0.,0.,1.));
#4139=DIRECTION('',(6.43929342256063E-13,-1.,0.));
#4140=DIRECTION('center_axis',(0.,0.,1.));
#4141=DIRECTION('ref_axis',(9.33851002628633E-7,-0.999999999999564,0.));
#4142=DIRECTION('',(0.,0.,1.));
#4143=DIRECTION('center_axis',(0.,0.,1.));
#4144=DIRECTION('ref_axis',(9.33851002628633E-7,-0.999999999999564,0.));
#4145=DIRECTION('center_axis',(-4.44089215379498E-13,-1.,0.));
#4146=DIRECTION('ref_axis',(1.,-4.44089215379498E-13,0.));
#4147=DIRECTION('',(0.,0.,1.));
#4148=DIRECTION('',(1.,-4.44089215379498E-13,0.));
#4149=DIRECTION('center_axis',(0.,0.,1.));
#4150=DIRECTION('ref_axis',(-7.47070544973524E-7,0.999999999999721,0.));
#4151=DIRECTION('',(0.,0.,1.));
#4152=DIRECTION('center_axis',(0.,0.,-1.));
#4153=DIRECTION('ref_axis',(-7.47070544973524E-7,0.999999999999721,0.));
#4154=DIRECTION('center_axis',(-1.,-4.68312251298929E-13,0.));
#4155=DIRECTION('ref_axis',(4.68312251298929E-13,-1.,0.));
#4156=DIRECTION('',(0.,0.,1.));
#4157=DIRECTION('',(4.68312251298929E-13,-1.,0.));
#4158=DIRECTION('center_axis',(0.,0.,1.));
#4159=DIRECTION('ref_axis',(9.33850980424173E-7,-0.999999999999564,0.));
#4160=DIRECTION('',(0.,0.,1.));
#4161=DIRECTION('center_axis',(0.,0.,1.));
#4162=DIRECTION('ref_axis',(9.33850980424173E-7,-0.999999999999564,0.));
#4163=DIRECTION('center_axis',(-3.32511798980359E-13,-1.,0.));
#4164=DIRECTION('ref_axis',(1.,-3.32511798980359E-13,0.));
#4165=DIRECTION('',(0.,0.,1.));
#4166=DIRECTION('',(1.,-3.32511798980359E-13,0.));
#4167=DIRECTION('center_axis',(0.,0.,1.));
#4168=DIRECTION('ref_axis',(-7.4707060418545E-7,0.999999999999721,0.));
#4169=DIRECTION('',(0.,0.,1.));
#4170=DIRECTION('center_axis',(0.,0.,-1.));
#4171=DIRECTION('ref_axis',(-7.4707060418545E-7,0.999999999999721,0.));
#4172=DIRECTION('center_axis',(-1.,-2.82186973406404E-13,0.));
#4173=DIRECTION('ref_axis',(2.82186973406404E-13,-1.,0.));
#4174=DIRECTION('',(0.,0.,1.));
#4175=DIRECTION('',(2.82186973406404E-13,-1.,0.));
#4176=DIRECTION('center_axis',(0.,0.,1.));
#4177=DIRECTION('ref_axis',(0.999999999999721,7.47000571267237E-7,0.));
#4178=DIRECTION('',(0.,0.,1.));
#4179=DIRECTION('center_axis',(0.,0.,-1.));
#4180=DIRECTION('ref_axis',(0.999999999999721,7.47000571267237E-7,0.));
#4181=DIRECTION('center_axis',(-3.76291585794248E-12,1.,0.));
#4182=DIRECTION('ref_axis',(-1.,-3.76291585794248E-12,0.));
#4183=DIRECTION('',(0.,0.,1.));
#4184=DIRECTION('',(-1.,-3.76291585794248E-12,0.));
#4185=DIRECTION('center_axis',(0.,0.,1.));
#4186=DIRECTION('ref_axis',(-0.999999999999564,-9.33875272126615E-7,0.));
#4187=DIRECTION('',(0.,0.,1.));
#4188=DIRECTION('center_axis',(0.,0.,1.));
#4189=DIRECTION('ref_axis',(-0.999999999999564,-9.33875272126615E-7,0.));
#4190=DIRECTION('center_axis',(-1.,-2.36255477288472E-12,0.));
#4191=DIRECTION('ref_axis',(2.36255477288472E-12,-1.,0.));
#4192=DIRECTION('',(0.,0.,1.));
#4193=DIRECTION('',(2.36255477288472E-12,-1.,0.));
#4194=DIRECTION('center_axis',(0.,0.,1.));
#4195=DIRECTION('ref_axis',(0.999999999999721,7.47000541661249E-7,0.));
#4196=DIRECTION('',(0.,0.,1.));
#4197=DIRECTION('center_axis',(0.,0.,-1.));
#4198=DIRECTION('ref_axis',(0.999999999999721,7.47000541661249E-7,0.));
#4199=DIRECTION('center_axis',(-2.099405905836E-12,1.,0.));
#4200=DIRECTION('ref_axis',(-1.,-2.099405905836E-12,0.));
#4201=DIRECTION('',(0.,0.,1.));
#4202=DIRECTION('',(-1.,-2.099405905836E-12,0.));
#4203=DIRECTION('center_axis',(0.,0.,1.));
#4204=DIRECTION('ref_axis',(-0.999999999999564,-9.33875760625182E-7,0.));
#4205=DIRECTION('',(0.,0.,1.));
#4206=DIRECTION('center_axis',(0.,0.,1.));
#4207=DIRECTION('ref_axis',(-0.999999999999564,-9.33875760625182E-7,0.));
#4208=DIRECTION('center_axis',(-1.,-3.22194381776449E-13,0.));
#4209=DIRECTION('ref_axis',(3.22194381776449E-13,-1.,0.));
#4210=DIRECTION('',(0.,0.,1.));
#4211=DIRECTION('',(3.22194381776449E-13,-1.,0.));
#4212=DIRECTION('center_axis',(0.,0.,1.));
#4213=DIRECTION('ref_axis',(0.999999999999721,7.47000541661271E-7,0.));
#4214=DIRECTION('',(0.,0.,1.));
#4215=DIRECTION('center_axis',(0.,0.,-1.));
#4216=DIRECTION('ref_axis',(0.999999999999721,7.47000541661271E-7,0.));
#4217=DIRECTION('center_axis',(-1.39799287438368E-11,1.,0.));
#4218=DIRECTION('ref_axis',(-1.,-1.39799287438368E-11,0.));
#4219=DIRECTION('',(0.,0.,1.));
#4220=DIRECTION('',(-1.,-1.39799287438368E-11,0.));
#4221=DIRECTION('center_axis',(3.08395284618099E-16,0.,-1.));
#4222=DIRECTION('ref_axis',(-1.,0.,-3.08395284618099E-16));
#4223=DIRECTION('',(1.,2.42158931161272E-14,3.08395284618099E-16));
#4224=DIRECTION('',(0.,1.,0.));
#4225=DIRECTION('',(0.,1.,0.));
#4226=DIRECTION('center_axis',(0.,1.,0.));
#4227=DIRECTION('ref_axis',(0.,0.,-1.));
#4228=DIRECTION('center_axis',(2.42158931161272E-14,-1.,0.));
#4229=DIRECTION('ref_axis',(0.,0.,-1.));
#4230=DIRECTION('',(0.,1.,0.));
#4231=DIRECTION('center_axis',(1.,0.,0.));
#4232=DIRECTION('ref_axis',(0.,0.,-1.));
#4233=DIRECTION('',(0.,0.,1.));
#4234=DIRECTION('',(0.,-1.,0.));
#4235=DIRECTION('center_axis',(-1.,0.,0.));
#4236=DIRECTION('ref_axis',(0.,0.,1.));
#4237=DIRECTION('',(0.,0.,-1.));
#4238=DIRECTION('',(0.,1.,0.));
#4239=DIRECTION('',(0.,1.,0.));
#4240=DIRECTION('center_axis',(0.,1.,0.));
#4241=DIRECTION('ref_axis',(-1.,0.,4.44089209850064E-15));
#4242=DIRECTION('center_axis',(2.42158931161272E-14,-1.,0.));
#4243=DIRECTION('ref_axis',(-1.,0.,4.44089209850064E-15));
#4244=DIRECTION('center_axis',(-2.42158931161272E-14,1.,0.));
#4245=DIRECTION('ref_axis',(-1.,-2.42158931161272E-14,0.));
#4246=DIRECTION('',(-1.,-2.42158931161272E-14,0.));
#4247=DIRECTION('',(0.,0.,1.));
#4248=DIRECTION('',(1.,2.42158931161272E-14,0.));
#4249=DIRECTION('',(0.,0.,1.));
#4250=DIRECTION('',(-1.,-2.42158931161272E-14,0.));
#4251=DIRECTION('center_axis',(0.,0.,-1.));
#4252=DIRECTION('ref_axis',(-1.,0.,0.));
#4253=DIRECTION('',(1.39799283260799E-11,-1.,0.));
#4254=DIRECTION('',(1.,1.41007262797408E-11,0.));
#4255=DIRECTION('center_axis',(0.,0.,1.));
#4256=DIRECTION('ref_axis',(0.999999999999977,2.1342885966929E-7,0.));
#4257=DIRECTION('',(-3.22054943086865E-13,1.,0.));
#4258=DIRECTION('',(1.,2.12978762909131E-12,0.));
#4259=DIRECTION('center_axis',(0.,0.,1.));
#4260=DIRECTION('ref_axis',(0.998865577761427,-0.0476188782241871,0.));
#4261=DIRECTION('',(1.,3.82455894226461E-12,0.));
#4262=DIRECTION('center_axis',(0.,0.,1.));
#4263=DIRECTION('ref_axis',(0.999999999999977,2.13428838522181E-7,0.));
#4264=DIRECTION('',(-2.99443027327675E-13,1.,0.));
#4265=DIRECTION('center_axis',(0.,0.,1.));
#4266=DIRECTION('ref_axis',(-2.13448412286773E-7,0.999999999999977,0.));
#4267=DIRECTION('',(-1.,3.32745107214798E-13,0.));
#4268=DIRECTION('',(-5.36944340415737E-13,1.,0.));
#4269=DIRECTION('center_axis',(0.,0.,1.));
#4270=DIRECTION('ref_axis',(-2.1344831078065E-7,0.999999999999977,0.));
#4271=DIRECTION('',(-1.,4.44089216620453E-13,0.));
#4272=DIRECTION('',(-7.47295186873027E-13,1.,0.));
#4273=DIRECTION('center_axis',(0.,0.,1.));
#4274=DIRECTION('ref_axis',(-2.1344840382793E-7,0.999999999999977,0.));
#4275=DIRECTION('',(-1.,3.32888198940783E-13,0.));
#4276=DIRECTION('center_axis',(0.,0.,1.));
#4277=DIRECTION('ref_axis',(5.04597171821305E-7,0.999999999999873,0.));
#4278=DIRECTION('',(-1.,-1.56228317334479E-13,0.));
#4279=DIRECTION('center_axis',(0.,0.,1.));
#4280=DIRECTION('ref_axis',(-0.914422159707349,0.404761798884415,0.));
#4281=DIRECTION('',(-1.,-4.60071975011448E-14,0.));
#4282=DIRECTION('center_axis',(0.,0.,1.));
#4283=DIRECTION('ref_axis',(-0.914422159707559,0.404761798883941,0.));
#4284=DIRECTION('center_axis',(0.,0.,-1.));
#4285=DIRECTION('ref_axis',(1.,0.,0.));
#4286=DIRECTION('center_axis',(0.,0.,-1.));
#4287=DIRECTION('ref_axis',(1.,0.,0.));
#4288=DIRECTION('',(0.,0.,-1.));
#4289=DIRECTION('center_axis',(0.,0.,-1.));
#4290=DIRECTION('ref_axis',(1.,0.,0.));
#4291=DIRECTION('center_axis',(0.,0.,-1.));
#4292=DIRECTION('ref_axis',(1.,0.,0.));
#4293=DIRECTION('',(0.,0.,-1.));
#4294=DIRECTION('',(0.,0.,1.));
#4295=DIRECTION('',(0.,0.,1.));
#4296=DIRECTION('center_axis',(0.,0.,-1.));
#4297=DIRECTION('ref_axis',(-1.,0.,0.));
#4298=DIRECTION('',(1.,1.39799985378128E-11,0.));
#4299=DIRECTION('',(1.39799283260799E-11,-1.,0.));
#4300=DIRECTION('center_axis',(0.,0.,1.));
#4301=DIRECTION('ref_axis',(7.47080566543122E-7,-0.999999999999721,0.));
#4302=DIRECTION('',(2.05267900078645E-14,-1.,0.));
#4303=DIRECTION('center_axis',(0.,0.,-1.));
#4304=DIRECTION('ref_axis',(-9.33838257256388E-7,0.999999999999564,0.));
#4305=DIRECTION('',(1.,-1.22507367813708E-15,0.));
#4306=DIRECTION('',(0.,1.,0.));
#4307=DIRECTION('',(1.,-1.54465811452808E-15,0.));
#4308=DIRECTION('center_axis',(0.,0.,-1.));
#4309=DIRECTION('ref_axis',(-0.999999999999721,-7.47125586378474E-7,0.));
#4310=DIRECTION('center_axis',(0.,0.,1.));
#4311=DIRECTION('ref_axis',(0.999999999999721,7.47037312196127E-7,0.));
#4312=DIRECTION('',(1.,8.73613182497068E-12,0.));
#4313=DIRECTION('center_axis',(0.,0.,-1.));
#4314=DIRECTION('ref_axis',(-0.965926281999357,-0.258817344362582,0.));
#4315=DIRECTION('',(-0.258817373232459,0.96592627426375,0.));
#4316=DIRECTION('center_axis',(0.,0.,1.));
#4317=DIRECTION('ref_axis',(0.965926274263749,0.258817373232465,0.));
#4318=DIRECTION('center_axis',(0.,0.,1.));
#4319=DIRECTION('ref_axis',(0.965926274263749,0.258817373232465,0.));
#4320=DIRECTION('',(0.,0.,1.));
#4321=DIRECTION('center_axis',(0.,0.,1.));
#4322=DIRECTION('ref_axis',(0.965926274263749,0.258817373232465,0.));
#4323=DIRECTION('',(0.,0.,1.));
#4324=DIRECTION('center_axis',(0.96592627426375,0.258817373232459,0.));
#4325=DIRECTION('ref_axis',(-0.258817373232459,0.96592627426375,0.));
#4326=DIRECTION('',(0.,0.,1.));
#4327=DIRECTION('',(-0.258817373232459,0.96592627426375,0.));
#4328=DIRECTION('center_axis',(0.,0.,1.));
#4329=DIRECTION('ref_axis',(-0.965926281999357,-0.258817344362582,0.));
#4330=DIRECTION('',(0.,0.,1.));
#4331=DIRECTION('center_axis',(0.,0.,-1.));
#4332=DIRECTION('ref_axis',(-0.965926281999357,-0.258817344362582,0.));
#4333=DIRECTION('center_axis',(8.73613182497068E-12,-1.,0.));
#4334=DIRECTION('ref_axis',(1.,8.73613182497068E-12,0.));
#4335=DIRECTION('',(0.,0.,1.));
#4336=DIRECTION('',(1.,8.73613182497068E-12,0.));
#4337=DIRECTION('center_axis',(0.,0.,1.));
#4338=DIRECTION('ref_axis',(0.999999999999721,7.47037312196127E-7,0.));
#4339=DIRECTION('',(0.,0.,1.));
#4340=DIRECTION('center_axis',(0.,0.,1.));
#4341=DIRECTION('ref_axis',(0.999999999999721,7.47037312196127E-7,0.));
#4342=DIRECTION('center_axis',(0.,0.,1.));
#4343=DIRECTION('ref_axis',(-0.999999999999721,-7.47125586378474E-7,0.));
#4344=DIRECTION('',(0.,0.,1.));
#4345=DIRECTION('center_axis',(0.,0.,-1.));
#4346=DIRECTION('ref_axis',(-0.999999999999721,-7.47125586378474E-7,0.));
#4347=DIRECTION('center_axis',(-1.54465811452808E-15,-1.,0.));
#4348=DIRECTION('ref_axis',(1.,-1.54465811452808E-15,0.));
#4349=DIRECTION('',(0.,0.,1.));
#4350=DIRECTION('',(1.,-1.54465811452808E-15,0.));
#4351=DIRECTION('center_axis',(1.,0.,0.));
#4352=DIRECTION('ref_axis',(0.,1.,0.));
#4353=DIRECTION('',(0.,0.,-1.));
#4354=DIRECTION('',(0.,-1.,0.));
#4355=DIRECTION('',(0.,1.,0.));
#4356=DIRECTION('center_axis',(-1.22507367813708E-15,-1.,0.));
#4357=DIRECTION('ref_axis',(1.,-1.22507367813708E-15,0.));
#4358=DIRECTION('',(0.,0.,1.));
#4359=DIRECTION('',(1.,-1.22507367813708E-15,0.));
#4360=DIRECTION('center_axis',(0.,0.,1.));
#4361=DIRECTION('ref_axis',(-9.33838257256388E-7,0.999999999999564,0.));
#4362=DIRECTION('',(0.,0.,1.));
#4363=DIRECTION('center_axis',(0.,0.,-1.));
#4364=DIRECTION('ref_axis',(-9.33838257256388E-7,0.999999999999564,0.));
#4365=DIRECTION('center_axis',(-1.,-2.05267900078645E-14,0.));
#4366=DIRECTION('ref_axis',(2.05267900078645E-14,-1.,0.));
#4367=DIRECTION('',(0.,0.,1.));
#4368=DIRECTION('',(2.05267900078645E-14,-1.,0.));
#4369=DIRECTION('center_axis',(0.,0.,1.));
#4370=DIRECTION('ref_axis',(7.47080566543122E-7,-0.999999999999721,0.));
#4371=DIRECTION('',(0.,0.,1.));
#4372=DIRECTION('center_axis',(0.,0.,1.));
#4373=DIRECTION('ref_axis',(7.47080566543122E-7,-0.999999999999721,0.));
#4374=DIRECTION('center_axis',(-1.,-1.39799283260799E-11,0.));
#4375=DIRECTION('ref_axis',(1.39799283260799E-11,-1.,0.));
#4376=DIRECTION('',(0.,0.,1.));
#4377=DIRECTION('',(-1.397992832608E-11,1.,0.));
#4378=DIRECTION('center_axis',(0.265369320412771,-0.964146837252327,0.));
#4379=DIRECTION('ref_axis',(0.964146837252327,0.265369320412771,0.));
#4380=DIRECTION('',(-0.964146837252327,-0.265369320412771,0.));
#4381=DIRECTION('',(0.964146837252327,0.265369320412771,0.));
#4382=DIRECTION('',(0.,0.,1.));
#4383=DIRECTION('center_axis',(0.,0.,1.));
#4384=DIRECTION('ref_axis',(0.265369350862771,-0.964146828871345,0.));
#4385=DIRECTION('center_axis',(0.,0.,-1.));
#4386=DIRECTION('ref_axis',(0.265369350862771,-0.964146828871345,0.));
#4387=DIRECTION('center_axis',(0.,0.,1.));
#4388=DIRECTION('ref_axis',(0.265369350862771,-0.964146828871345,0.));
#4389=DIRECTION('',(0.,0.,1.));
#4390=DIRECTION('center_axis',(-0.866023660242049,-0.500003019891845,0.));
#4391=DIRECTION('ref_axis',(0.500003019891845,-0.866023660242049,0.));
#4392=DIRECTION('',(-0.500003019891845,0.866023660242049,0.));
#4393=DIRECTION('',(0.500003019891845,-0.866023660242049,0.));
#4394=DIRECTION('',(0.,0.,1.));
#4395=DIRECTION('center_axis',(0.,0.,1.));
#4396=DIRECTION('ref_axis',(-0.866023563027898,-0.500003188270299,0.));
#4397=DIRECTION('center_axis',(0.,0.,-1.));
#4398=DIRECTION('ref_axis',(-0.866023563027898,-0.500003188270299,0.));
#4399=DIRECTION('center_axis',(0.,0.,1.));
#4400=DIRECTION('ref_axis',(-0.866023563027898,-0.500003188270299,0.));
#4401=DIRECTION('',(0.,0.,1.));
#4402=DIRECTION('center_axis',(-0.500000029211568,0.866025386919131,0.));
#4403=DIRECTION('ref_axis',(-0.866025386919131,-0.500000029211568,0.));
#4404=DIRECTION('',(0.866025386919131,0.500000029211568,0.));
#4405=DIRECTION('',(-0.866025386919131,-0.500000029211568,0.));
#4406=DIRECTION('',(0.,0.,1.));
#4407=DIRECTION('center_axis',(0.,0.,1.));
#4408=DIRECTION('ref_axis',(0.999999999825762,-1.86674861347774E-5,0.));
#4409=DIRECTION('center_axis',(0.,0.,-1.));
#4410=DIRECTION('ref_axis',(0.999999999825762,-1.86674861347774E-5,0.));
#4411=DIRECTION('center_axis',(0.,0.,-1.));
#4412=DIRECTION('ref_axis',(0.999999999825762,-1.86674861347774E-5,0.));
#4413=DIRECTION('',(0.,0.,1.));
#4414=DIRECTION('center_axis',(-1.,-1.20097623181503E-11,0.));
#4415=DIRECTION('ref_axis',(1.20097623181503E-11,-1.,0.));
#4416=DIRECTION('',(-1.20097623181503E-11,1.,0.));
#4417=DIRECTION('',(1.20097623181503E-11,-1.,0.));
#4418=DIRECTION('',(0.,0.,1.));
#4419=DIRECTION('center_axis',(0.,0.,1.));
#4420=DIRECTION('ref_axis',(-0.999999999999977,-2.13451489174937E-7,0.));
#4421=DIRECTION('center_axis',(0.,0.,-1.));
#4422=DIRECTION('ref_axis',(-0.999999999999977,-2.13451489174937E-7,0.));
#4423=DIRECTION('center_axis',(0.,0.,1.));
#4424=DIRECTION('ref_axis',(-0.999999999999977,-2.13451489174937E-7,0.));
#4425=DIRECTION('center_axis',(0.,0.,1.));
#4426=DIRECTION('ref_axis',(-0.914422159707559,0.404761798883941,0.));
#4427=DIRECTION('center_axis',(0.,0.,-1.));
#4428=DIRECTION('ref_axis',(-0.914422159707559,0.404761798883941,0.));
#4429=DIRECTION('',(0.,0.,1.));
#4430=DIRECTION('center_axis',(-4.60071975011448E-14,1.,0.));
#4431=DIRECTION('ref_axis',(-1.,-4.60071975011448E-14,0.));
#4432=DIRECTION('',(1.,4.60071975011448E-14,0.));
#4433=DIRECTION('',(0.,0.,1.));
#4434=DIRECTION('center_axis',(0.,0.,1.));
#4435=DIRECTION('ref_axis',(-0.914422159707349,0.404761798884415,0.));
#4436=DIRECTION('center_axis',(0.,0.,-1.));
#4437=DIRECTION('ref_axis',(-0.914422159707349,0.404761798884415,0.));
#4438=DIRECTION('',(0.,0.,1.));
#4439=DIRECTION('center_axis',(-1.56228317334479E-13,1.,0.));
#4440=DIRECTION('ref_axis',(-1.,-1.56228317334479E-13,0.));
#4441=DIRECTION('',(1.,1.56228317334479E-13,0.));
#4442=DIRECTION('',(0.,0.,1.));
#4443=DIRECTION('center_axis',(0.,0.,1.));
#4444=DIRECTION('ref_axis',(5.04597171821305E-7,0.999999999999873,0.));
#4445=DIRECTION('center_axis',(0.,0.,-1.));
#4446=DIRECTION('ref_axis',(5.04597171821305E-7,0.999999999999873,0.));
#4447=DIRECTION('',(0.,0.,1.));
#4448=DIRECTION('center_axis',(3.32888198940783E-13,1.,0.));
#4449=DIRECTION('ref_axis',(-1.,3.32888198940783E-13,0.));
#4450=DIRECTION('',(1.,-3.32888198940783E-13,0.));
#4451=DIRECTION('',(0.,0.,1.));
#4452=DIRECTION('center_axis',(0.,0.,1.));
#4453=DIRECTION('ref_axis',(-2.1344840382793E-7,0.999999999999977,0.));
#4454=DIRECTION('center_axis',(0.,0.,-1.));
#4455=DIRECTION('ref_axis',(-2.1344840382793E-7,0.999999999999977,0.));
#4456=DIRECTION('',(0.,0.,1.));
#4457=DIRECTION('center_axis',(1.,7.47295186873027E-13,0.));
#4458=DIRECTION('ref_axis',(-7.47295186873027E-13,1.,0.));
#4459=DIRECTION('',(7.47295186873027E-13,-1.,0.));
#4460=DIRECTION('',(0.,0.,1.));
#4461=DIRECTION('center_axis',(4.44089216620453E-13,1.,0.));
#4462=DIRECTION('ref_axis',(-1.,4.44089216620453E-13,0.));
#4463=DIRECTION('',(1.,-4.44089216620453E-13,0.));
#4464=DIRECTION('',(0.,0.,1.));
#4465=DIRECTION('center_axis',(0.,0.,1.));
#4466=DIRECTION('ref_axis',(-2.1344831078065E-7,0.999999999999977,0.));
#4467=DIRECTION('center_axis',(0.,0.,-1.));
#4468=DIRECTION('ref_axis',(-2.1344831078065E-7,0.999999999999977,0.));
#4469=DIRECTION('',(0.,0.,1.));
#4470=DIRECTION('center_axis',(1.,5.36944340415737E-13,0.));
#4471=DIRECTION('ref_axis',(-5.36944340415737E-13,1.,0.));
#4472=DIRECTION('',(5.36944340415737E-13,-1.,0.));
#4473=DIRECTION('',(0.,0.,1.));
#4474=DIRECTION('center_axis',(3.32745107214798E-13,1.,0.));
#4475=DIRECTION('ref_axis',(-1.,3.32745107214798E-13,0.));
#4476=DIRECTION('',(1.,-3.32745107214798E-13,0.));
#4477=DIRECTION('',(0.,0.,1.));
#4478=DIRECTION('center_axis',(0.,0.,1.));
#4479=DIRECTION('ref_axis',(-2.13448412286773E-7,0.999999999999977,0.));
#4480=DIRECTION('center_axis',(0.,0.,-1.));
#4481=DIRECTION('ref_axis',(-2.13448412286773E-7,0.999999999999977,0.));
#4482=DIRECTION('',(0.,0.,1.));
#4483=DIRECTION('center_axis',(1.,2.99443027327675E-13,0.));
#4484=DIRECTION('ref_axis',(-2.99443027327675E-13,1.,0.));
#4485=DIRECTION('',(2.99443027327675E-13,-1.,0.));
#4486=DIRECTION('',(0.,0.,1.));
#4487=DIRECTION('center_axis',(0.,0.,1.));
#4488=DIRECTION('ref_axis',(0.999999999999977,2.13428838522181E-7,0.));
#4489=DIRECTION('center_axis',(0.,0.,-1.));
#4490=DIRECTION('ref_axis',(0.999999999999977,2.13428838522181E-7,0.));
#4491=DIRECTION('',(0.,0.,1.));
#4492=DIRECTION('center_axis',(3.82455894226461E-12,-1.,0.));
#4493=DIRECTION('ref_axis',(1.,3.82455894226461E-12,0.));
#4494=DIRECTION('',(-1.,-3.82455894226461E-12,0.));
#4495=DIRECTION('',(0.,0.,1.));
#4496=DIRECTION('center_axis',(0.,0.,1.));
#4497=DIRECTION('ref_axis',(0.998865577761427,-0.0476188782241871,0.));
#4498=DIRECTION('center_axis',(0.,0.,-1.));
#4499=DIRECTION('ref_axis',(0.998865577761427,-0.0476188782241871,0.));
#4500=DIRECTION('',(0.,0.,1.));
#4501=DIRECTION('center_axis',(2.12978762909131E-12,-1.,0.));
#4502=DIRECTION('ref_axis',(1.,2.12978762909131E-12,0.));
#4503=DIRECTION('',(-1.,-2.12978762909131E-12,0.));
#4504=DIRECTION('',(0.,0.,1.));
#4505=DIRECTION('center_axis',(1.,3.22054943086865E-13,0.));
#4506=DIRECTION('ref_axis',(-3.22054943086865E-13,1.,0.));
#4507=DIRECTION('',(3.22054943086865E-13,-1.,0.));
#4508=DIRECTION('',(0.,0.,1.));
#4509=DIRECTION('center_axis',(0.,0.,1.));
#4510=DIRECTION('ref_axis',(0.999999999999977,2.1342885966929E-7,0.));
#4511=DIRECTION('center_axis',(0.,0.,-1.));
#4512=DIRECTION('ref_axis',(0.999999999999977,2.1342885966929E-7,0.));
#4513=DIRECTION('',(0.,0.,1.));
#4514=DIRECTION('center_axis',(1.41007262797408E-11,-1.,0.));
#4515=DIRECTION('ref_axis',(1.,1.41007262797408E-11,0.));
#4516=DIRECTION('',(-1.,-1.41007262797408E-11,0.));
#4517=DIRECTION('center_axis',(0.,0.,-1.));
#4518=DIRECTION('ref_axis',(-1.,0.,0.));
#4519=DIRECTION('center_axis',(0.,0.,1.));
#4520=DIRECTION('ref_axis',(1.,0.,0.));
#4521=DIRECTION('center_axis',(0.,0.,1.));
#4522=DIRECTION('ref_axis',(1.,0.,0.));
#4523=DIRECTION('center_axis',(0.,0.,-1.));
#4524=DIRECTION('ref_axis',(0.,-1.,0.));
#4525=DIRECTION('center_axis',(0.,0.,-1.));
#4526=DIRECTION('ref_axis',(0.,-1.,0.));
#4527=DIRECTION('center_axis',(0.,0.,-1.));
#4528=DIRECTION('ref_axis',(0.,-1.,0.));
#4529=DIRECTION('center_axis',(0.,0.,-1.));
#4530=DIRECTION('ref_axis',(0.,-1.,0.));
#4531=DIRECTION('center_axis',(0.,0.,-1.));
#4532=DIRECTION('ref_axis',(0.,-1.,0.));
#4533=DIRECTION('',(0.,0.,-1.));
#4534=DIRECTION('center_axis',(0.,0.,-1.));
#4535=DIRECTION('ref_axis',(0.,-1.,0.));
#4536=DIRECTION('',(0.,0.,-1.));
#4537=DIRECTION('center_axis',(0.,0.,-1.));
#4538=DIRECTION('ref_axis',(0.,-1.,0.));
#4539=DIRECTION('',(0.,0.,-1.));
#4540=DIRECTION('center_axis',(0.,0.,-1.));
#4541=DIRECTION('ref_axis',(0.,-1.,0.));
#4542=DIRECTION('',(0.,0.,-1.));
#4543=DIRECTION('',(0.,0.,1.));
#4544=DIRECTION('',(1.,0.,0.));
#4545=CARTESIAN_POINT('',(0.,0.,0.));
#4546=CARTESIAN_POINT('',(0.,0.,0.));
#4547=CARTESIAN_POINT('Origin',(163.5,-107.5,0.));
#4548=CARTESIAN_POINT('',(165.7,-107.5,0.));
#4549=CARTESIAN_POINT('Origin',(163.5,-107.5,0.));
#4550=CARTESIAN_POINT('',(165.7,-107.5,1.));
#4551=CARTESIAN_POINT('',(165.7,-107.5,0.));
#4552=CARTESIAN_POINT('Origin',(163.5,-107.5,1.));
#4553=CARTESIAN_POINT('Origin',(163.5,-107.5,1.));
#4554=CARTESIAN_POINT('',(163.5,-106.4,1.));
#4555=CARTESIAN_POINT('Origin',(163.5,-107.5,1.));
#4556=CARTESIAN_POINT('Origin',(114.750000000016,-124.200000000349,0.));
#4557=CARTESIAN_POINT('',(116.950000000016,-124.200000000349,0.));
#4558=CARTESIAN_POINT('Origin',(114.750000000016,-124.200000000349,0.));
#4559=CARTESIAN_POINT('',(116.950000000016,-124.200000000349,1.));
#4560=CARTESIAN_POINT('',(116.950000000016,-124.200000000349,0.));
#4561=CARTESIAN_POINT('Origin',(114.750000000016,-124.200000000349,1.));
#4562=CARTESIAN_POINT('Origin',(114.750000000016,-124.200000000349,1.));
#4563=CARTESIAN_POINT('',(113.650000000016,-124.200000000349,1.));
#4564=CARTESIAN_POINT('Origin',(114.750000000016,-124.200000000349,1.));
#4565=CARTESIAN_POINT('Origin',(145.5,-50.5,0.));
#4566=CARTESIAN_POINT('',(147.7,-50.5,0.));
#4567=CARTESIAN_POINT('Origin',(145.5,-50.5,0.));
#4568=CARTESIAN_POINT('',(147.7,-50.5,1.));
#4569=CARTESIAN_POINT('',(147.7,-50.5,0.));
#4570=CARTESIAN_POINT('Origin',(145.5,-50.5,1.));
#4571=CARTESIAN_POINT('Origin',(145.5,-50.5,1.));
#4572=CARTESIAN_POINT('',(145.5,-49.4,1.));
#4573=CARTESIAN_POINT('Origin',(145.5,-50.5,1.));
#4574=CARTESIAN_POINT('Origin',(58.,-107.5,0.));
#4575=CARTESIAN_POINT('',(60.2,-107.5,0.));
#4576=CARTESIAN_POINT('Origin',(58.,-107.5,0.));
#4577=CARTESIAN_POINT('',(60.2,-107.5,1.));
#4578=CARTESIAN_POINT('',(60.2,-107.5,0.));
#4579=CARTESIAN_POINT('Origin',(58.,-107.5,1.));
#4580=CARTESIAN_POINT('Origin',(58.,-107.5,1.));
#4581=CARTESIAN_POINT('',(58.,-106.4,1.));
#4582=CARTESIAN_POINT('Origin',(58.,-107.5,1.));
#4583=CARTESIAN_POINT('Origin',(114.749999999994,-108.200000000349,0.));
#4584=CARTESIAN_POINT('',(116.949999999994,-108.200000000349,0.));
#4585=CARTESIAN_POINT('Origin',(114.749999999994,-108.200000000349,0.));
#4586=CARTESIAN_POINT('',(116.949999999994,-108.200000000349,1.));
#4587=CARTESIAN_POINT('',(116.949999999994,-108.200000000349,0.));
#4588=CARTESIAN_POINT('Origin',(114.749999999994,-108.200000000349,1.));
#4589=CARTESIAN_POINT('Origin',(114.749999999994,-108.200000000349,1.));
#4590=CARTESIAN_POINT('',(113.649999999994,-108.200000000349,1.));
#4591=CARTESIAN_POINT('Origin',(114.749999999994,-108.200000000349,1.));
#4592=CARTESIAN_POINT('Origin',(88.,-50.75,0.));
#4593=CARTESIAN_POINT('',(90.2,-50.75,0.));
#4594=CARTESIAN_POINT('Origin',(88.,-50.75,0.));
#4595=CARTESIAN_POINT('',(90.2,-50.75,1.));
#4596=CARTESIAN_POINT('',(90.2,-50.75,0.));
#4597=CARTESIAN_POINT('Origin',(88.,-50.75,1.));
#4598=CARTESIAN_POINT('Origin',(88.,-50.75,1.));
#4599=CARTESIAN_POINT('',(88.,-49.65,1.));
#4600=CARTESIAN_POINT('Origin',(88.,-50.75,1.));
#4601=CARTESIAN_POINT('Origin',(142.00000074707,-126.000000747,2.8));
#4602=CARTESIAN_POINT('',(141.999999999989,-126.19999999993,2.8));
#4603=CARTESIAN_POINT('',(142.2,-126.0000005976,2.8));
#4604=CARTESIAN_POINT('Origin',(142.00000074707,-126.000000747,2.8));
#4605=CARTESIAN_POINT('',(141.999999999989,-126.19999999993,9.2));
#4606=CARTESIAN_POINT('',(141.999999999989,-126.19999999993,2.8));
#4607=CARTESIAN_POINT('',(142.2,-126.0000005976,9.2));
#4608=CARTESIAN_POINT('Origin',(142.00000074707,-126.000000747,9.2));
#4609=CARTESIAN_POINT('',(142.2,-126.0000005976,2.8));
#4610=CARTESIAN_POINT('Origin',(142.199999999995,-111.5,2.8));
#4611=CARTESIAN_POINT('',(142.199999999995,-111.5,2.8));
#4612=CARTESIAN_POINT('',(142.199999999976,-55.7499999999758,2.8));
#4613=CARTESIAN_POINT('',(142.199999999995,-111.5,9.2));
#4614=CARTESIAN_POINT('',(142.2,-126.0000005976,9.2));
#4615=CARTESIAN_POINT('',(142.199999999995,-111.5,2.8));
#4616=CARTESIAN_POINT('Origin',(143.99999925292,-111.4999992529,2.8));
#4617=CARTESIAN_POINT('',(144.000000597664,-109.699999999975,2.8));
#4618=CARTESIAN_POINT('Origin',(143.99999925292,-111.4999992529,2.8));
#4619=CARTESIAN_POINT('',(144.000000597664,-109.699999999975,9.2));
#4620=CARTESIAN_POINT('Origin',(143.99999925292,-111.4999992529,9.2));
#4621=CARTESIAN_POINT('',(144.000000597664,-109.699999999975,2.8));
#4622=CARTESIAN_POINT('Origin',(165.499999999999,-109.69999999993,2.8));
#4623=CARTESIAN_POINT('',(165.499999999999,-109.69999999993,2.8));
#4624=CARTESIAN_POINT('',(82.750000000115,-109.700000000105,2.8));
#4625=CARTESIAN_POINT('',(165.499999999999,-109.69999999993,9.2));
#4626=CARTESIAN_POINT('',(144.000000597664,-109.699999999975,9.2));
#4627=CARTESIAN_POINT('',(165.499999999999,-109.69999999993,2.8));
#4628=CARTESIAN_POINT('Origin',(165.50000074707,-109.500000747,2.8));
#4629=CARTESIAN_POINT('',(165.7,-109.5000005976,2.8));
#4630=CARTESIAN_POINT('Origin',(165.50000074707,-109.500000747,2.8));
#4631=CARTESIAN_POINT('',(165.7,-109.5000005976,9.2));
#4632=CARTESIAN_POINT('Origin',(165.50000074707,-109.500000747,9.2));
#4633=CARTESIAN_POINT('',(165.7,-109.5000005976,2.8));
#4634=CARTESIAN_POINT('Origin',(165.699999999995,-107.500000000002,2.8));
#4635=CARTESIAN_POINT('',(165.699999999995,-107.500000000002,2.8));
#4636=CARTESIAN_POINT('',(165.699999999861,-53.7499999997934,2.8));
#4637=CARTESIAN_POINT('',(165.699999999995,-107.500000000002,9.2));
#4638=CARTESIAN_POINT('',(165.7,-109.5000005976,9.2));
#4639=CARTESIAN_POINT('',(165.699999999995,-107.500000000002,2.8));
#4640=CARTESIAN_POINT('Origin',(167.49999925292,-107.4999992529,2.8));
#4641=CARTESIAN_POINT('',(167.500000597665,-105.699999999975,2.8));
#4642=CARTESIAN_POINT('Origin',(167.49999925292,-107.4999992529,2.8));
#4643=CARTESIAN_POINT('',(167.500000597665,-105.699999999975,9.2));
#4644=CARTESIAN_POINT('Origin',(167.49999925292,-107.4999992529,9.2));
#4645=CARTESIAN_POINT('',(167.500000597665,-105.699999999975,2.8));
#4646=CARTESIAN_POINT('Origin',(179.499999999997,-105.69999999993,2.8));
#4647=CARTESIAN_POINT('',(179.499999999997,-105.69999999993,2.8));
#4648=CARTESIAN_POINT('',(89.7500000001985,-105.700000000269,2.8));
#4649=CARTESIAN_POINT('',(179.499999999997,-105.69999999993,9.2));
#4650=CARTESIAN_POINT('',(167.500000597665,-105.699999999975,9.2));
#4651=CARTESIAN_POINT('',(179.499999999997,-105.69999999993,2.8));
#4652=CARTESIAN_POINT('Origin',(179.50000074707,-105.500000747,2.8));
#4653=CARTESIAN_POINT('',(179.7,-105.5000005976,2.8));
#4654=CARTESIAN_POINT('Origin',(179.50000074707,-105.500000747,2.8));
#4655=CARTESIAN_POINT('',(179.7,-105.5000005976,9.2));
#4656=CARTESIAN_POINT('Origin',(179.50000074707,-105.500000747,9.2));
#4657=CARTESIAN_POINT('',(179.7,-105.5000005976,2.8));
#4658=CARTESIAN_POINT('Origin',(179.69999999999,-70.5000000000003,2.8));
#4659=CARTESIAN_POINT('',(179.69999999999,-70.5000000000003,2.8));
#4660=CARTESIAN_POINT('',(179.69999999998,-35.249999999974,2.8));
#4661=CARTESIAN_POINT('',(179.69999999999,-70.5000000000003,9.2));
#4662=CARTESIAN_POINT('',(179.7,-105.5000005976,9.2));
#4663=CARTESIAN_POINT('',(179.69999999999,-70.5000000000003,2.8));
#4664=CARTESIAN_POINT('Origin',(179.50000074707,-70.49999925292,2.8));
#4665=CARTESIAN_POINT('',(179.500000597656,-70.2999999999998,2.8));
#4666=CARTESIAN_POINT('Origin',(179.50000074707,-70.49999925292,2.8));
#4667=CARTESIAN_POINT('',(179.500000597656,-70.2999999999998,9.2));
#4668=CARTESIAN_POINT('Origin',(179.50000074707,-70.49999925292,9.2));
#4669=CARTESIAN_POINT('',(179.500000597656,-70.2999999999998,2.8));
#4670=CARTESIAN_POINT('Origin',(163.5,-70.2999999999947,2.8));
#4671=CARTESIAN_POINT('',(163.5,-70.299999999995,2.8));
#4672=CARTESIAN_POINT('',(81.7499999999888,-70.299999999969,2.8));
#4673=CARTESIAN_POINT('',(163.5,-70.299999999995,9.2));
#4674=CARTESIAN_POINT('',(179.500000597656,-70.2999999999998,9.2));
#4675=CARTESIAN_POINT('',(163.5,-70.299999999995,2.8));
#4676=CARTESIAN_POINT('Origin',(163.49999925292,-68.5000007470701,2.8));
#4677=CARTESIAN_POINT('',(161.699999999995,-68.4999994023435,2.8));
#4678=CARTESIAN_POINT('Origin',(163.49999925292,-68.5000007470701,2.8));
#4679=CARTESIAN_POINT('',(161.699999999995,-68.4999994023435,9.2));
#4680=CARTESIAN_POINT('Origin',(163.49999925292,-68.5000007470701,9.2));
#4681=CARTESIAN_POINT('',(161.699999999995,-68.4999994023435,2.8));
#4682=CARTESIAN_POINT('Origin',(161.69999999999,-57.5000000000004,2.8));
#4683=CARTESIAN_POINT('',(161.69999999999,-57.5000000000004,2.8));
#4684=CARTESIAN_POINT('',(161.699999999976,-28.7499999999607,2.8));
#4685=CARTESIAN_POINT('',(161.69999999999,-57.5000000000004,9.2));
#4686=CARTESIAN_POINT('',(161.699999999995,-68.4999994023435,9.2));
#4687=CARTESIAN_POINT('',(161.69999999999,-57.5000000000004,2.8));
#4688=CARTESIAN_POINT('Origin',(161.50000074707,-57.49999925292,2.8));
#4689=CARTESIAN_POINT('',(161.500000597656,-57.2999999999998,2.8));
#4690=CARTESIAN_POINT('Origin',(161.50000074707,-57.49999925292,2.8));
#4691=CARTESIAN_POINT('',(161.500000597656,-57.2999999999998,9.2));
#4692=CARTESIAN_POINT('Origin',(161.50000074707,-57.49999925292,9.2));
#4693=CARTESIAN_POINT('',(161.500000597656,-57.2999999999998,2.8));
#4694=CARTESIAN_POINT('Origin',(149.5,-57.2999999999947,2.8));
#4695=CARTESIAN_POINT('',(149.5,-57.2999999999949,2.8));
#4696=CARTESIAN_POINT('',(74.7499999999878,-57.2999999999634,2.8));
#4697=CARTESIAN_POINT('',(149.5,-57.2999999999949,9.2));
#4698=CARTESIAN_POINT('',(161.500000597656,-57.2999999999998,9.2));
#4699=CARTESIAN_POINT('',(149.5,-57.2999999999949,2.8));
#4700=CARTESIAN_POINT('Origin',(149.49999925292,-55.50000074707,2.8));
#4701=CARTESIAN_POINT('',(147.699999999995,-55.4999994023436,2.8));
#4702=CARTESIAN_POINT('Origin',(149.49999925292,-55.50000074707,2.8));
#4703=CARTESIAN_POINT('',(147.699999999995,-55.4999994023436,9.2));
#4704=CARTESIAN_POINT('Origin',(149.49999925292,-55.50000074707,9.2));
#4705=CARTESIAN_POINT('',(147.699999999995,-55.4999994023436,2.8));
#4706=CARTESIAN_POINT('Origin',(147.69999999999,-47.5000000000005,2.8));
#4707=CARTESIAN_POINT('',(147.69999999999,-47.5000000000005,2.8));
#4708=CARTESIAN_POINT('',(147.699999999974,-23.7499999999509,2.8));
#4709=CARTESIAN_POINT('',(147.69999999999,-47.5000000000005,9.2));
#4710=CARTESIAN_POINT('',(147.699999999995,-55.4999994023436,9.2));
#4711=CARTESIAN_POINT('',(147.69999999999,-47.5000000000005,2.8));
#4712=CARTESIAN_POINT('Origin',(147.50000074707,-47.49999925292,2.8));
#4713=CARTESIAN_POINT('',(147.500000597656,-47.2999999999998,2.8));
#4714=CARTESIAN_POINT('Origin',(147.50000074707,-47.49999925292,2.8));
#4715=CARTESIAN_POINT('',(147.500000597656,-47.2999999999998,9.2));
#4716=CARTESIAN_POINT('Origin',(147.50000074707,-47.49999925292,9.2));
#4717=CARTESIAN_POINT('',(147.500000597656,-47.2999999999998,2.8));
#4718=CARTESIAN_POINT('Origin',(127.,-47.2999999999932,2.8));
#4719=CARTESIAN_POINT('',(127.,-47.2999999999955,2.8));
#4720=CARTESIAN_POINT('',(63.4999999999923,-47.2999999999729,2.8));
#4721=CARTESIAN_POINT('',(127.,-47.2999999999955,9.2));
#4722=CARTESIAN_POINT('',(147.500000597656,-47.2999999999998,9.2));
#4723=CARTESIAN_POINT('',(127.,-47.2999999999955,2.8));
#4724=CARTESIAN_POINT('Origin',(127.00000133357,-45.99999866642,2.8));
#4725=CARTESIAN_POINT('',(125.735089215219,-46.2999999999975,2.8));
#4726=CARTESIAN_POINT('Origin',(127.00000133357,-45.99999866642,2.8));
#4727=CARTESIAN_POINT('',(125.735089215219,-46.2999999999975,9.2));
#4728=CARTESIAN_POINT('Origin',(127.00000133357,-45.99999866642,9.2));
#4729=CARTESIAN_POINT('',(125.735089215219,-46.2999999999975,2.8));
#4730=CARTESIAN_POINT('Origin',(106.5,-46.3,2.8));
#4731=CARTESIAN_POINT('',(106.5,-46.3,2.8));
#4732=CARTESIAN_POINT('',(53.250000000003,-46.3000000000067,2.8));
#4733=CARTESIAN_POINT('',(106.5,-46.3,9.2));
#4734=CARTESIAN_POINT('',(125.735089215219,-46.2999999999975,9.2));
#4735=CARTESIAN_POINT('',(106.5,-46.3,2.8));
#4736=CARTESIAN_POINT('Origin',(106.49999925292,-46.49999925292,2.8));
#4737=CARTESIAN_POINT('',(106.3,-46.4999994023356,2.8));
#4738=CARTESIAN_POINT('Origin',(106.49999925292,-46.49999925292,2.8));
#4739=CARTESIAN_POINT('',(106.3,-46.4999994023356,9.2));
#4740=CARTESIAN_POINT('Origin',(106.49999925292,-46.49999925292,9.2));
#4741=CARTESIAN_POINT('',(106.3,-46.4999994023356,2.8));
#4742=CARTESIAN_POINT('Origin',(106.299999999995,-47.0000000000085,2.8));
#4743=CARTESIAN_POINT('',(106.299999999995,-47.0000000000085,2.8));
#4744=CARTESIAN_POINT('',(106.300000000232,-23.5000000005405,2.8));
#4745=CARTESIAN_POINT('',(106.299999999995,-47.0000000000085,9.2));
#4746=CARTESIAN_POINT('',(106.3,-46.4999994023356,9.2));
#4747=CARTESIAN_POINT('',(106.299999999995,-47.0000000000085,2.8));
#4748=CARTESIAN_POINT('Origin',(104.50000074707,-47.00000074707,2.8));
#4749=CARTESIAN_POINT('',(104.499999402344,-48.7999999999946,2.8));
#4750=CARTESIAN_POINT('Origin',(104.50000074707,-47.00000074707,2.8));
#4751=CARTESIAN_POINT('',(104.499999402344,-48.7999999999946,9.2));
#4752=CARTESIAN_POINT('Origin',(104.50000074707,-47.00000074707,9.2));
#4753=CARTESIAN_POINT('',(104.499999402344,-48.7999999999946,2.8));
#4754=CARTESIAN_POINT('Origin',(86.2500000000001,-48.799999999995,2.8));
#4755=CARTESIAN_POINT('',(86.2500000000001,-48.799999999995,2.8));
#4756=CARTESIAN_POINT('',(43.1250000000006,-48.7999999999959,2.8));
#4757=CARTESIAN_POINT('',(86.2500000000001,-48.799999999995,9.2));
#4758=CARTESIAN_POINT('',(104.499999402344,-48.7999999999946,9.2));
#4759=CARTESIAN_POINT('',(86.2500000000001,-48.799999999995,2.8));
#4760=CARTESIAN_POINT('Origin',(86.249999252925,-48.99999925292,2.8));
#4761=CARTESIAN_POINT('',(86.0499999999998,-48.9999994023356,2.8));
#4762=CARTESIAN_POINT('Origin',(86.249999252925,-48.99999925292,2.8));
#4763=CARTESIAN_POINT('',(86.0499999999998,-48.9999994023356,9.2));
#4764=CARTESIAN_POINT('Origin',(86.249999252925,-48.99999925292,9.2));
#4765=CARTESIAN_POINT('',(86.0499999999998,-48.9999994023356,2.8));
#4766=CARTESIAN_POINT('Origin',(86.0499999999997,-49.5000000000007,2.8));
#4767=CARTESIAN_POINT('',(86.0499999999999,-49.5000000000007,2.8));
#4768=CARTESIAN_POINT('',(86.0500000000049,-24.7500000000095,2.8));
#4769=CARTESIAN_POINT('',(86.0499999999999,-49.5000000000007,9.2));
#4770=CARTESIAN_POINT('',(86.0499999999998,-48.9999994023356,9.2));
#4771=CARTESIAN_POINT('',(86.0499999999999,-49.5000000000007,2.8));
#4772=CARTESIAN_POINT('Origin',(84.250000747075,-49.50000074707,2.8));
#4773=CARTESIAN_POINT('',(84.2499994023395,-51.2999999999945,2.8));
#4774=CARTESIAN_POINT('Origin',(84.250000747075,-49.50000074707,2.8));
#4775=CARTESIAN_POINT('',(84.2499994023395,-51.2999999999945,9.2));
#4776=CARTESIAN_POINT('Origin',(84.250000747075,-49.50000074707,9.2));
#4777=CARTESIAN_POINT('',(84.2499994023395,-51.2999999999945,2.8));
#4778=CARTESIAN_POINT('Origin',(50.5,-51.299999999995,2.8));
#4779=CARTESIAN_POINT('',(50.5,-51.299999999995,2.8));
#4780=CARTESIAN_POINT('',(25.2500000000004,-51.2999999999953,2.8));
#4781=CARTESIAN_POINT('',(50.5,-51.299999999995,9.2));
#4782=CARTESIAN_POINT('',(84.2499994023395,-51.2999999999945,9.2));
#4783=CARTESIAN_POINT('',(50.5,-51.299999999995,2.8));
#4784=CARTESIAN_POINT('Origin',(50.499999252925,-51.49999925292,2.8));
#4785=CARTESIAN_POINT('',(50.2999999999998,-51.4999994023356,2.8));
#4786=CARTESIAN_POINT('Origin',(50.499999252925,-51.49999925292,2.8));
#4787=CARTESIAN_POINT('',(50.2999999999998,-51.4999994023356,9.2));
#4788=CARTESIAN_POINT('Origin',(50.499999252925,-51.49999925292,9.2));
#4789=CARTESIAN_POINT('',(50.2999999999998,-51.4999994023356,2.8));
#4790=CARTESIAN_POINT('Origin',(50.2999999999997,-103.700259900244,2.8));
#4791=CARTESIAN_POINT('',(50.2999999999912,-103.700259900244,2.8));
#4792=CARTESIAN_POINT('',(50.2999999999998,-51.850129950122,2.8));
#4793=CARTESIAN_POINT('',(50.2999999999912,-103.700259900244,9.2));
#4794=CARTESIAN_POINT('',(50.2999999999998,-51.4999994023356,9.2));
#4795=CARTESIAN_POINT('',(50.2999999999912,-103.700259900244,2.8));
#4796=CARTESIAN_POINT('Origin',(44.4998354090531,-103.7001549544,2.8));
#4797=CARTESIAN_POINT('',(47.4000049521802,-108.723194463911,2.8));
#4798=CARTESIAN_POINT('Origin',(44.4998354090531,-103.7001549544,2.8));
#4799=CARTESIAN_POINT('',(47.4000049521802,-108.723194463911,9.2));
#4800=CARTESIAN_POINT('Origin',(44.4998354090531,-103.7001549544,9.2));
#4801=CARTESIAN_POINT('',(47.4000049521802,-108.723194463911,2.8));
#4802=CARTESIAN_POINT('Origin',(36.3557850233378,-115.099578309487,2.8));
#4803=CARTESIAN_POINT('',(36.3557850233378,-115.099578309487,2.8));
#4804=CARTESIAN_POINT('',(47.6421568363043,-108.583387997537,2.8));
#4805=CARTESIAN_POINT('',(36.3557850233378,-115.099578309487,9.2));
#4806=CARTESIAN_POINT('',(47.4000049521802,-108.723194463911,9.2));
#4807=CARTESIAN_POINT('',(36.3557850233378,-115.099578309487,2.8));
#4808=CARTESIAN_POINT('Origin',(36.455784698856,-115.2727827494,2.8));
#4809=CARTESIAN_POINT('',(36.2825806559938,-115.372783112627,2.8));
#4810=CARTESIAN_POINT('Origin',(36.455784698856,-115.2727827494,2.8));
#4811=CARTESIAN_POINT('',(36.2825806559938,-115.372783112627,9.2));
#4812=CARTESIAN_POINT('Origin',(36.455784698856,-115.2727827494,9.2));
#4813=CARTESIAN_POINT('',(36.2825806559938,-115.372783112627,2.8));
#4814=CARTESIAN_POINT('Origin',(45.2787249281613,-130.954436584106,2.8));
#4815=CARTESIAN_POINT('',(45.2787249281613,-130.954436584106,2.8));
#4816=CARTESIAN_POINT('',(11.2662345772084,-72.0435496177619,2.8));
#4817=CARTESIAN_POINT('',(45.2787249281613,-130.954436584106,9.2));
#4818=CARTESIAN_POINT('',(36.2825806559938,-115.372783112627,9.2));
#4819=CARTESIAN_POINT('',(45.2787249281613,-130.954436584106,2.8));
#4820=CARTESIAN_POINT('Origin',(45.451929637423,-130.8544364261,2.8));
#4821=CARTESIAN_POINT('',(45.5050034584098,-131.047265553665,2.8));
#4822=CARTESIAN_POINT('Origin',(45.451929637423,-130.8544364261,2.8));
#4823=CARTESIAN_POINT('',(45.5050034584098,-131.047265553665,9.2));
#4824=CARTESIAN_POINT('Origin',(45.451929637423,-130.8544364261,9.2));
#4825=CARTESIAN_POINT('',(45.5050034584098,-131.047265553665,2.8));
#4826=CARTESIAN_POINT('Origin',(79.5874937221916,-121.666487722386,2.8));
#4827=CARTESIAN_POINT('',(79.5874937221916,-121.666487722386,2.8));
#4828=CARTESIAN_POINT('',(58.1605464376762,-127.563986130598,2.8));
#4829=CARTESIAN_POINT('',(79.5874937221916,-121.666487722386,9.2));
#4830=CARTESIAN_POINT('',(45.5050034584098,-131.047265553665,9.2));
#4831=CARTESIAN_POINT('',(79.5874937221916,-121.666487722386,2.8));
#4832=CARTESIAN_POINT('Origin',(79.534377259298,-121.4735840737,2.8));
#4833=CARTESIAN_POINT('',(79.7276563194958,-121.421850320737,2.8));
#4834=CARTESIAN_POINT('Origin',(79.534377259298,-121.4735840737,2.8));
#4835=CARTESIAN_POINT('',(79.7276563194958,-121.421850320737,9.2));
#4836=CARTESIAN_POINT('Origin',(79.534377259298,-121.4735840737,9.2));
#4837=CARTESIAN_POINT('',(79.7276563194958,-121.421850320737,2.8));
#4838=CARTESIAN_POINT('Origin',(76.9354549805924,-111.001140898585,2.8));
#4839=CARTESIAN_POINT('',(76.9354549805924,-111.001140898585,2.8));
#4840=CARTESIAN_POINT('',(60.4835797455166,-49.601481466593,2.8));
#4841=CARTESIAN_POINT('',(76.9354549805924,-111.001140898585,9.2));
#4842=CARTESIAN_POINT('',(79.7276563194958,-121.421850320737,9.2));
#4843=CARTESIAN_POINT('',(76.9354549805924,-111.001140898585,2.8));
#4844=CARTESIAN_POINT('Origin',(82.537827617493,-109.5000002164,2.8));
#4845=CARTESIAN_POINT('',(82.5378269012011,-103.699999999986,2.8));
#4846=CARTESIAN_POINT('Origin',(82.537827617493,-109.5000002164,2.8));
#4847=CARTESIAN_POINT('',(82.5378269012011,-103.699999999986,9.2));
#4848=CARTESIAN_POINT('Origin',(82.537827617493,-109.5000002164,9.2));
#4849=CARTESIAN_POINT('',(82.5378269012011,-103.699999999986,2.8));
#4850=CARTESIAN_POINT('Origin',(89.4999999999935,-103.699999999925,2.8));
#4851=CARTESIAN_POINT('',(89.4999999999935,-103.699999999925,2.8));
#4852=CARTESIAN_POINT('',(44.7500000004489,-103.700000000316,2.8));
#4853=CARTESIAN_POINT('',(89.4999999999935,-103.699999999925,9.2));
#4854=CARTESIAN_POINT('',(82.5378269012011,-103.699999999986,9.2));
#4855=CARTESIAN_POINT('',(89.4999999999935,-103.699999999925,2.8));
#4856=CARTESIAN_POINT('Origin',(89.500000747075,-103.500000747,2.8));
#4857=CARTESIAN_POINT('',(89.7000000000005,-103.5000005976,2.8));
#4858=CARTESIAN_POINT('Origin',(89.500000747075,-103.500000747,2.8));
#4859=CARTESIAN_POINT('',(89.7000000000005,-103.5000005976,9.2));
#4860=CARTESIAN_POINT('Origin',(89.500000747075,-103.500000747,9.2));
#4861=CARTESIAN_POINT('',(89.7000000000005,-103.5000005976,2.8));
#4862=CARTESIAN_POINT('Origin',(91.499999252925,-103.4999992529,2.8));
#4863=CARTESIAN_POINT('',(91.5000005976605,-101.699999999975,2.8));
#4864=CARTESIAN_POINT('Origin',(91.499999252925,-103.4999992529,2.8));
#4865=CARTESIAN_POINT('',(91.5000005976605,-101.699999999975,9.2));
#4866=CARTESIAN_POINT('Origin',(91.499999252925,-103.4999992529,9.2));
#4867=CARTESIAN_POINT('',(91.5000005976605,-101.699999999975,2.8));
#4868=CARTESIAN_POINT('Origin',(125.999999999996,-101.699999999975,2.8));
#4869=CARTESIAN_POINT('',(125.999999999996,-101.699999999975,2.8));
#4870=CARTESIAN_POINT('',(62.9999999999982,-101.699999999976,2.8));
#4871=CARTESIAN_POINT('',(125.999999999996,-101.699999999975,9.2));
#4872=CARTESIAN_POINT('',(91.5000005976605,-101.699999999975,9.2));
#4873=CARTESIAN_POINT('',(125.999999999996,-101.699999999975,2.8));
#4874=CARTESIAN_POINT('Origin',(141.999999999989,-126.19999999993,2.8));
#4875=CARTESIAN_POINT('',(137.000000149402,-126.2,2.8));
#4876=CARTESIAN_POINT('',(71.0000000008767,-126.200000000923,2.8));
#4877=CARTESIAN_POINT('',(137.000000149402,-126.2,9.2));
#4878=CARTESIAN_POINT('',(137.000000149402,-126.2,2.8));
#4879=CARTESIAN_POINT('',(137.000000149402,-126.2,9.2));
#4880=CARTESIAN_POINT('Origin',(107.977892708042,-88.677218091687,9.2));
#4881=CARTESIAN_POINT('',(137.000000149416,-127.2,9.2));
#4882=CARTESIAN_POINT('',(137.000000149402,-126.2,9.2));
#4883=CARTESIAN_POINT('',(142.000000000003,-127.19999999993,9.2));
#4884=CARTESIAN_POINT('',(124.988946354292,-127.200000000168,9.2));
#4885=CARTESIAN_POINT('',(143.2,-125.9999998506,9.2));
#4886=CARTESIAN_POINT('Origin',(142.00000074707,-126.000000747,9.2));
#4887=CARTESIAN_POINT('',(143.199999999995,-111.5,9.2));
#4888=CARTESIAN_POINT('',(143.199999999992,-100.088609045838,9.2));
#4889=CARTESIAN_POINT('',(143.999999850584,-110.699999999975,9.2));
#4890=CARTESIAN_POINT('Origin',(143.99999925292,-111.4999992529,9.2));
#4891=CARTESIAN_POINT('',(165.500000000001,-110.69999999993,9.2));
#4892=CARTESIAN_POINT('',(136.738946354045,-110.69999999999,9.2));
#4893=CARTESIAN_POINT('',(166.7,-109.4999998506,9.2));
#4894=CARTESIAN_POINT('Origin',(165.50000074707,-109.500000747,9.2));
#4895=CARTESIAN_POINT('',(166.699999999995,-107.5,9.2));
#4896=CARTESIAN_POINT('',(166.699999999973,-98.0886090457739,9.2));
#4897=CARTESIAN_POINT('',(167.499999850584,-106.699999999975,9.2));
#4898=CARTESIAN_POINT('Origin',(167.49999925292,-107.4999992529,9.2));
#4899=CARTESIAN_POINT('',(179.500000000001,-106.69999999993,9.2));
#4900=CARTESIAN_POINT('',(143.738946354056,-106.700000000065,9.2));
#4901=CARTESIAN_POINT('',(180.7,-105.4999998506,9.2));
#4902=CARTESIAN_POINT('Origin',(179.50000074707,-105.500000747,9.2));
#4903=CARTESIAN_POINT('',(180.69999999999,-70.5,9.2));
#4904=CARTESIAN_POINT('',(180.699999999993,-79.5886090458332,9.2));
#4905=CARTESIAN_POINT('',(179.499999850586,-69.3000000000001,9.2));
#4906=CARTESIAN_POINT('Origin',(179.50000074707,-70.49999925292,9.2));
#4907=CARTESIAN_POINT('',(163.5,-69.2999999999948,9.2));
#4908=CARTESIAN_POINT('',(135.738946354024,-69.2999999999855,9.2));
#4909=CARTESIAN_POINT('',(162.699999999995,-68.5000001494141,9.2));
#4910=CARTESIAN_POINT('Origin',(163.49999925292,-68.50000074707,9.2));
#4911=CARTESIAN_POINT('',(162.69999999999,-57.4999999999999,9.2));
#4912=CARTESIAN_POINT('',(162.699999999997,-73.0886090458306,9.2));
#4913=CARTESIAN_POINT('',(161.499999850586,-56.3000000000001,9.2));
#4914=CARTESIAN_POINT('Origin',(161.50000074707,-57.49999925292,9.2));
#4915=CARTESIAN_POINT('',(149.5,-56.2999999999947,9.2));
#4916=CARTESIAN_POINT('',(128.738946354028,-56.2999999999855,9.2));
#4917=CARTESIAN_POINT('',(148.699999999995,-55.5000001494141,9.2));
#4918=CARTESIAN_POINT('Origin',(149.49999925292,-55.50000074707,9.2));
#4919=CARTESIAN_POINT('',(148.69999999999,-47.4999999999999,9.2));
#4920=CARTESIAN_POINT('',(148.700000000003,-68.0886090458303,9.2));
#4921=CARTESIAN_POINT('',(147.499999850586,-46.3000000000001,9.2));
#4922=CARTESIAN_POINT('Origin',(147.50000074707,-47.49999925292,9.2));
#4923=CARTESIAN_POINT('',(127.,-46.2999999999932,9.2));
#4924=CARTESIAN_POINT('',(117.488946354028,-46.2999999999901,9.2));
#4925=CARTESIAN_POINT('',(126.699999999995,-45.9999994665694,9.2));
#4926=CARTESIAN_POINT('Origin',(127.00000133357,-45.99999866642,9.2));
#4927=CARTESIAN_POINT('',(126.000000533431,-45.2999999999975,9.2));
#4928=CARTESIAN_POINT('Origin',(125.99999866642,-46.00000133357,9.2));
#4929=CARTESIAN_POINT('',(106.5,-45.3,9.2));
#4930=CARTESIAN_POINT('',(107.238946354018,-45.2999999999999,9.2));
#4931=CARTESIAN_POINT('',(105.3,-46.5000001494161,9.2));
#4932=CARTESIAN_POINT('Origin',(106.49999925292,-46.49999925292,9.2));
#4933=CARTESIAN_POINT('',(105.299999999995,-46.9999999999979,9.2));
#4934=CARTESIAN_POINT('',(105.299999999773,-67.8386090458282,9.2));
#4935=CARTESIAN_POINT('',(104.500000149414,-47.7999999999949,9.2));
#4936=CARTESIAN_POINT('Origin',(104.50000074707,-47.00000074707,9.2));
#4937=CARTESIAN_POINT('',(86.2500000000001,-47.799999999995,9.2));
#4938=CARTESIAN_POINT('',(97.1139463540209,-47.7999999999949,9.2));
#4939=CARTESIAN_POINT('',(85.0500000000001,-49.0000001494161,9.2));
#4940=CARTESIAN_POINT('Origin',(86.249999252925,-48.99999925292,9.2));
#4941=CARTESIAN_POINT('',(85.0499999999997,-49.4999999999999,9.2));
#4942=CARTESIAN_POINT('',(85.0499999999844,-69.0886090458345,9.2));
#4943=CARTESIAN_POINT('',(84.2500001494151,-50.2999999999948,9.2));
#4944=CARTESIAN_POINT('Origin',(84.250000747075,-49.50000074707,9.2));
#4945=CARTESIAN_POINT('',(50.5,-50.299999999995,9.2));
#4946=CARTESIAN_POINT('',(79.238946354021,-50.2999999999948,9.2));
#4947=CARTESIAN_POINT('',(49.3000000000001,-51.5000001494161,9.2));
#4948=CARTESIAN_POINT('Origin',(50.499999252925,-51.49999925292,9.2));
#4949=CARTESIAN_POINT('',(49.2999999999997,-103.70025,9.2));
#4950=CARTESIAN_POINT('',(49.2999999999997,-96.1887340458433,9.2));
#4951=CARTESIAN_POINT('',(46.8999967083054,-107.857173819739,9.2));
#4952=CARTESIAN_POINT('Origin',(44.4998354090531,-103.7001549544,9.2));
#4953=CARTESIAN_POINT('',(35.8557849941288,-114.233552922567,9.2));
#4954=CARTESIAN_POINT('',(68.4346833467447,-95.4241157235739,9.2));
#4955=CARTESIAN_POINT('',(35.4165573360016,-115.872786721843,9.2));
#4956=CARTESIAN_POINT('Origin',(36.455784698856,-115.2727827494,9.2));
#4957=CARTESIAN_POINT('',(44.4127012679193,-131.454439603998,9.2));
#4958=CARTESIAN_POINT('',(43.0968687533704,-129.17536918806,9.2));
#4959=CARTESIAN_POINT('',(45.7703728853976,-132.011412361584,9.2));
#4960=CARTESIAN_POINT('Origin',(45.451929637423,-130.8544364261,9.2));
#4961=CARTESIAN_POINT('',(79.852929804992,-122.630616181764,9.2));
#4962=CARTESIAN_POINT('',(97.2686921719593,-117.837146094818,9.2));
#4963=CARTESIAN_POINT('',(80.6935923918151,-121.163069500771,9.2));
#4964=CARTESIAN_POINT('Origin',(79.534377259298,-121.4735840737,9.2));
#4965=CARTESIAN_POINT('',(77.9013812548561,-110.742323525352,9.2));
#4966=CARTESIAN_POINT('',(76.1506187179489,-104.208343548373,9.2));
#4967=CARTESIAN_POINT('',(82.5378270246997,-104.699999999986,9.2));
#4968=CARTESIAN_POINT('Origin',(82.537827617493,-109.5000002164,9.2));
#4969=CARTESIAN_POINT('',(89.5000000000022,-104.699999999925,9.2));
#4970=CARTESIAN_POINT('',(98.738946354092,-104.699999999845,9.2));
#4971=CARTESIAN_POINT('',(90.7000000000002,-103.4999998506,9.2));
#4972=CARTESIAN_POINT('Origin',(89.500000747075,-103.500000747,9.2));
#4973=CARTESIAN_POINT('',(91.4999998505849,-102.699999999975,9.2));
#4974=CARTESIAN_POINT('Origin',(91.499999252925,-103.4999992529,9.2));
#4975=CARTESIAN_POINT('',(125.999999999996,-102.699999999975,9.2));
#4976=CARTESIAN_POINT('',(116.988946354019,-102.699999999975,9.2));
#4977=CARTESIAN_POINT('',(125.999999999996,-101.699999999975,9.2));
#4978=CARTESIAN_POINT('Origin',(125.999999999996,-102.699999999975,0.));
#4979=CARTESIAN_POINT('',(91.4999998505849,-102.699999999975,14.7));
#4980=CARTESIAN_POINT('',(91.4999998505849,-102.699999999975,0.));
#4981=CARTESIAN_POINT('',(125.999999999996,-102.699999999975,14.7));
#4982=CARTESIAN_POINT('',(135.,-102.699999999975,14.7));
#4983=CARTESIAN_POINT('',(125.999999999996,-102.699999999975,0.));
#4984=CARTESIAN_POINT('Origin',(91.499999252925,-103.4999992529,0.));
#4985=CARTESIAN_POINT('',(90.7000000000002,-103.4999998506,14.7));
#4986=CARTESIAN_POINT('',(90.7000000000002,-103.4999998506,0.));
#4987=CARTESIAN_POINT('Origin',(91.499999252925,-103.4999992529,14.7));
#4988=CARTESIAN_POINT('Origin',(89.500000747075,-103.500000747,0.));
#4989=CARTESIAN_POINT('',(89.5000000000022,-104.699999999925,14.7));
#4990=CARTESIAN_POINT('',(89.5000000000022,-104.699999999925,0.));
#4991=CARTESIAN_POINT('Origin',(89.500000747075,-103.500000747,14.7));
#4992=CARTESIAN_POINT('Origin',(89.5000000000022,-104.699999999925,0.));
#4993=CARTESIAN_POINT('',(82.5378270246997,-104.699999999986,14.7));
#4994=CARTESIAN_POINT('',(82.5378270246997,-104.699999999986,0.));
#4995=CARTESIAN_POINT('',(89.5000000000022,-104.699999999925,14.7));
#4996=CARTESIAN_POINT('Origin',(82.537827617493,-109.5000002164,0.));
#4997=CARTESIAN_POINT('',(77.9013812548561,-110.742323525352,14.7));
#4998=CARTESIAN_POINT('',(77.9013812548561,-110.742323525352,0.));
#4999=CARTESIAN_POINT('Origin',(82.537827617493,-109.5000002164,14.7));
#5000=CARTESIAN_POINT('Origin',(77.9013812548561,-110.742323525352,0.));
#5001=CARTESIAN_POINT('',(80.6935923918151,-121.163069500771,14.7));
#5002=CARTESIAN_POINT('',(80.6935923918151,-121.163069500771,0.));
#5003=CARTESIAN_POINT('',(77.9013812548561,-110.742323525352,14.7));
#5004=CARTESIAN_POINT('Origin',(79.534377259298,-121.4735840737,0.));
#5005=CARTESIAN_POINT('',(79.852929804992,-122.630616181764,14.7));
#5006=CARTESIAN_POINT('',(79.852929804992,-122.630616181764,0.));
#5007=CARTESIAN_POINT('Origin',(79.534377259298,-121.4735840737,14.7));
#5008=CARTESIAN_POINT('Origin',(79.852929804992,-122.630616181764,0.));
#5009=CARTESIAN_POINT('',(45.7703728853976,-132.011412361584,14.7));
#5010=CARTESIAN_POINT('',(45.7703728853976,-132.011412361584,0.));
#5011=CARTESIAN_POINT('',(79.852929804992,-122.630616181764,14.7));
#5012=CARTESIAN_POINT('Origin',(45.451929637423,-130.8544364261,0.));
#5013=CARTESIAN_POINT('',(44.4127012679193,-131.454439603998,14.7));
#5014=CARTESIAN_POINT('',(44.4127012679193,-131.454439603998,0.));
#5015=CARTESIAN_POINT('Origin',(45.451929637423,-130.8544364261,14.7));
#5016=CARTESIAN_POINT('Origin',(44.4127012679193,-131.454439603998,0.));
#5017=CARTESIAN_POINT('',(35.4165573360016,-115.872786721843,14.7));
#5018=CARTESIAN_POINT('',(35.4165573360016,-115.872786721843,0.));
#5019=CARTESIAN_POINT('',(44.4127012679193,-131.454439603998,14.7));
#5020=CARTESIAN_POINT('Origin',(36.455784698856,-115.2727827494,0.));
#5021=CARTESIAN_POINT('',(35.8557849941288,-114.233552922567,14.7));
#5022=CARTESIAN_POINT('',(35.8557849941288,-114.233552922567,0.));
#5023=CARTESIAN_POINT('Origin',(36.455784698856,-115.2727827494,14.7));
#5024=CARTESIAN_POINT('Origin',(35.8557849941288,-114.233552922567,0.));
#5025=CARTESIAN_POINT('',(46.8999967083054,-107.857173819739,14.7));
#5026=CARTESIAN_POINT('',(46.8999967083054,-107.857173819739,0.));
#5027=CARTESIAN_POINT('',(35.8557849941288,-114.233552922567,14.7));
#5028=CARTESIAN_POINT('Origin',(44.4998354090531,-103.7001549544,0.));
#5029=CARTESIAN_POINT('',(49.2999999999997,-103.70025,14.7));
#5030=CARTESIAN_POINT('',(49.2999999999997,-103.70025,0.));
#5031=CARTESIAN_POINT('Origin',(44.4998354090531,-103.7001549544,14.7));
#5032=CARTESIAN_POINT('Origin',(49.2999999999997,-103.70025,0.));
#5033=CARTESIAN_POINT('',(49.3000000000001,-51.5000001494161,14.7));
#5034=CARTESIAN_POINT('',(49.3000000000001,-51.5000001494161,0.));
#5035=CARTESIAN_POINT('',(49.2999999999997,-103.70025,14.7));
#5036=CARTESIAN_POINT('Origin',(50.499999252925,-51.49999925292,0.));
#5037=CARTESIAN_POINT('',(50.5,-50.299999999995,14.7));
#5038=CARTESIAN_POINT('',(50.5,-50.299999999995,0.));
#5039=CARTESIAN_POINT('Origin',(50.499999252925,-51.49999925292,14.7));
#5040=CARTESIAN_POINT('Origin',(50.5,-50.299999999995,0.));
#5041=CARTESIAN_POINT('',(84.2500001494151,-50.2999999999948,14.7));
#5042=CARTESIAN_POINT('',(84.2500001494151,-50.2999999999948,0.));
#5043=CARTESIAN_POINT('',(64.5999999996861,-50.2999999999949,14.7));
#5044=CARTESIAN_POINT('',(50.5,-50.299999999995,14.7));
#5045=CARTESIAN_POINT('',(64.5999999996861,-50.2999999999949,14.));
#5046=CARTESIAN_POINT('',(64.5999999996861,-50.2999999999949,7.35));
#5047=CARTESIAN_POINT('',(63.5999999996861,-50.2999999999949,13.));
#5048=CARTESIAN_POINT('Origin',(63.5999999996861,-50.299999999995,14.));
#5049=CARTESIAN_POINT('',(56.3999999996861,-50.2999999999949,13.));
#5050=CARTESIAN_POINT('',(57.0499999998431,-50.2999999999949,13.));
#5051=CARTESIAN_POINT('',(55.3999999996861,-50.2999999999949,14.));
#5052=CARTESIAN_POINT('Origin',(56.3999999996861,-50.299999999995,14.));
#5053=CARTESIAN_POINT('',(55.3999999996861,-50.2999999999949,14.7));
#5054=CARTESIAN_POINT('',(55.3999999996861,-50.2999999999949,7.));
#5055=CARTESIAN_POINT('',(50.5,-50.299999999995,14.7));
#5056=CARTESIAN_POINT('Origin',(84.250000747075,-49.50000074707,0.));
#5057=CARTESIAN_POINT('',(85.0499999999997,-49.4999999999999,14.7));
#5058=CARTESIAN_POINT('',(85.0499999999997,-49.4999999999999,0.));
#5059=CARTESIAN_POINT('Origin',(84.250000747075,-49.50000074707,14.7));
#5060=CARTESIAN_POINT('Origin',(85.0499999999997,-49.4999999999999,0.));
#5061=CARTESIAN_POINT('',(85.0500000000001,-49.0000001494161,14.7));
#5062=CARTESIAN_POINT('',(85.0500000000001,-49.0000001494161,0.));
#5063=CARTESIAN_POINT('',(85.0499999999997,-49.4999999999999,14.7));
#5064=CARTESIAN_POINT('Origin',(86.249999252925,-48.99999925292,0.));
#5065=CARTESIAN_POINT('',(86.2500000000001,-47.799999999995,14.7));
#5066=CARTESIAN_POINT('',(86.2500000000001,-47.799999999995,0.));
#5067=CARTESIAN_POINT('Origin',(86.249999252925,-48.99999925292,14.7));
#5068=CARTESIAN_POINT('Origin',(86.2500000000001,-47.799999999995,0.));
#5069=CARTESIAN_POINT('',(104.500000149414,-47.7999999999949,14.7));
#5070=CARTESIAN_POINT('',(104.500000149414,-47.7999999999949,0.));
#5071=CARTESIAN_POINT('',(86.2500000000001,-47.799999999995,14.7));
#5072=CARTESIAN_POINT('Origin',(104.50000074707,-47.00000074707,0.));
#5073=CARTESIAN_POINT('',(105.299999999995,-46.9999999999979,14.7));
#5074=CARTESIAN_POINT('',(105.299999999995,-46.9999999999979,0.));
#5075=CARTESIAN_POINT('Origin',(104.50000074707,-47.00000074707,14.7));
#5076=CARTESIAN_POINT('Origin',(105.299999999995,-46.9999999999979,0.));
#5077=CARTESIAN_POINT('',(105.3,-46.5000001494161,14.7));
#5078=CARTESIAN_POINT('',(105.3,-46.5000001494161,0.));
#5079=CARTESIAN_POINT('',(105.299999999995,-46.9999999999979,14.7));
#5080=CARTESIAN_POINT('Origin',(106.49999925292,-46.49999925292,0.));
#5081=CARTESIAN_POINT('',(106.5,-45.3,14.7));
#5082=CARTESIAN_POINT('',(106.5,-45.3,0.));
#5083=CARTESIAN_POINT('Origin',(106.49999925292,-46.49999925292,14.7));
#5084=CARTESIAN_POINT('Origin',(106.5,-45.3,0.));
#5085=CARTESIAN_POINT('',(126.000000533431,-45.2999999999975,14.7));
#5086=CARTESIAN_POINT('',(126.000000533431,-45.2999999999975,0.));
#5087=CARTESIAN_POINT('',(106.5,-45.3,14.7));
#5088=CARTESIAN_POINT('Origin',(125.99999866642,-46.00000133357,0.));
#5089=CARTESIAN_POINT('',(126.699999999995,-45.9999994665694,14.7));
#5090=CARTESIAN_POINT('',(126.699999999995,-45.9999994665694,0.));
#5091=CARTESIAN_POINT('Origin',(125.99999866642,-46.00000133357,14.7));
#5092=CARTESIAN_POINT('Origin',(127.00000133357,-45.99999866642,0.));
#5093=CARTESIAN_POINT('',(127.,-46.2999999999932,14.7));
#5094=CARTESIAN_POINT('',(127.,-46.2999999999932,0.));
#5095=CARTESIAN_POINT('Origin',(127.00000133357,-45.99999866642,14.7));
#5096=CARTESIAN_POINT('Origin',(127.,-46.2999999999932,0.));
#5097=CARTESIAN_POINT('',(147.499999850586,-46.3000000000001,14.7));
#5098=CARTESIAN_POINT('',(147.499999850586,-46.3000000000001,0.));
#5099=CARTESIAN_POINT('',(127.,-46.2999999999932,14.7));
#5100=CARTESIAN_POINT('Origin',(147.50000074707,-47.49999925292,0.));
#5101=CARTESIAN_POINT('',(148.69999999999,-47.4999999999999,14.7));
#5102=CARTESIAN_POINT('',(148.69999999999,-47.4999999999999,0.));
#5103=CARTESIAN_POINT('Origin',(147.50000074707,-47.49999925292,14.7));
#5104=CARTESIAN_POINT('Origin',(148.69999999999,-47.4999999999999,0.));
#5105=CARTESIAN_POINT('',(148.699999999995,-55.5000001494141,14.7));
#5106=CARTESIAN_POINT('',(148.699999999995,-55.5000001494141,0.));
#5107=CARTESIAN_POINT('',(148.69999999999,-47.4999999999999,14.7));
#5108=CARTESIAN_POINT('Origin',(149.49999925292,-55.50000074707,0.));
#5109=CARTESIAN_POINT('',(149.5,-56.2999999999947,14.7));
#5110=CARTESIAN_POINT('',(149.5,-56.2999999999947,0.));
#5111=CARTESIAN_POINT('Origin',(149.49999925292,-55.50000074707,14.7));
#5112=CARTESIAN_POINT('Origin',(149.5,-56.2999999999947,0.));
#5113=CARTESIAN_POINT('',(161.499999850586,-56.3000000000001,14.7));
#5114=CARTESIAN_POINT('',(161.499999850586,-56.3000000000001,0.));
#5115=CARTESIAN_POINT('',(149.5,-56.2999999999947,14.7));
#5116=CARTESIAN_POINT('Origin',(161.50000074707,-57.49999925292,0.));
#5117=CARTESIAN_POINT('',(162.69999999999,-57.4999999999999,14.7));
#5118=CARTESIAN_POINT('',(162.69999999999,-57.4999999999999,0.));
#5119=CARTESIAN_POINT('Origin',(161.50000074707,-57.49999925292,14.7));
#5120=CARTESIAN_POINT('Origin',(162.69999999999,-57.4999999999999,0.));
#5121=CARTESIAN_POINT('',(162.699999999995,-68.5000001494141,14.7));
#5122=CARTESIAN_POINT('',(162.699999999995,-68.5000001494141,0.));
#5123=CARTESIAN_POINT('',(162.69999999999,-57.4999999999999,14.7));
#5124=CARTESIAN_POINT('Origin',(163.49999925292,-68.50000074707,0.));
#5125=CARTESIAN_POINT('',(163.5,-69.2999999999947,14.7));
#5126=CARTESIAN_POINT('',(163.5,-69.2999999999947,0.));
#5127=CARTESIAN_POINT('Origin',(163.49999925292,-68.50000074707,14.7));
#5128=CARTESIAN_POINT('Origin',(163.5,-69.2999999999947,0.));
#5129=CARTESIAN_POINT('',(179.499999850586,-69.3000000000001,14.7));
#5130=CARTESIAN_POINT('',(179.499999850586,-69.3000000000001,0.));
#5131=CARTESIAN_POINT('',(163.5,-69.2999999999947,14.7));
#5132=CARTESIAN_POINT('Origin',(179.50000074707,-70.49999925292,0.));
#5133=CARTESIAN_POINT('',(180.69999999999,-70.5,14.7));
#5134=CARTESIAN_POINT('',(180.69999999999,-70.5,0.));
#5135=CARTESIAN_POINT('Origin',(179.50000074707,-70.49999925292,14.7));
#5136=CARTESIAN_POINT('Origin',(180.69999999999,-70.5,0.));
#5137=CARTESIAN_POINT('',(180.7,-105.4999998506,14.7));
#5138=CARTESIAN_POINT('',(180.7,-105.4999998506,0.));
#5139=CARTESIAN_POINT('',(180.69999999999,-70.5,14.7));
#5140=CARTESIAN_POINT('Origin',(179.50000074707,-105.500000747,0.));
#5141=CARTESIAN_POINT('',(179.500000000001,-106.69999999993,14.7));
#5142=CARTESIAN_POINT('',(179.500000000001,-106.69999999993,0.));
#5143=CARTESIAN_POINT('Origin',(179.50000074707,-105.500000747,14.7));
#5144=CARTESIAN_POINT('Origin',(179.500000000001,-106.69999999993,0.));
#5145=CARTESIAN_POINT('',(167.499999850584,-106.699999999975,14.7));
#5146=CARTESIAN_POINT('',(167.499999850584,-106.699999999975,0.));
#5147=CARTESIAN_POINT('',(179.500000000001,-106.69999999993,14.7));
#5148=CARTESIAN_POINT('Origin',(167.49999925292,-107.4999992529,0.));
#5149=CARTESIAN_POINT('',(166.699999999995,-107.5,14.7));
#5150=CARTESIAN_POINT('',(166.699999999995,-107.5,0.));
#5151=CARTESIAN_POINT('Origin',(167.49999925292,-107.4999992529,14.7));
#5152=CARTESIAN_POINT('Origin',(166.699999999995,-107.5,0.));
#5153=CARTESIAN_POINT('',(166.7,-109.4999998506,14.7));
#5154=CARTESIAN_POINT('',(166.7,-109.4999998506,0.));
#5155=CARTESIAN_POINT('',(166.699999999995,-107.5,14.7));
#5156=CARTESIAN_POINT('Origin',(165.50000074707,-109.500000747,0.));
#5157=CARTESIAN_POINT('',(165.500000000001,-110.69999999993,14.7));
#5158=CARTESIAN_POINT('',(165.500000000001,-110.69999999993,0.));
#5159=CARTESIAN_POINT('Origin',(165.50000074707,-109.500000747,14.7));
#5160=CARTESIAN_POINT('Origin',(165.500000000001,-110.69999999993,0.));
#5161=CARTESIAN_POINT('',(143.999999850584,-110.699999999975,14.7));
#5162=CARTESIAN_POINT('',(143.999999850584,-110.699999999975,0.));
#5163=CARTESIAN_POINT('',(165.500000000001,-110.69999999993,14.7));
#5164=CARTESIAN_POINT('Origin',(143.99999925292,-111.4999992529,0.));
#5165=CARTESIAN_POINT('',(143.199999999995,-111.5,14.7));
#5166=CARTESIAN_POINT('',(143.199999999995,-111.5,0.));
#5167=CARTESIAN_POINT('Origin',(143.99999925292,-111.4999992529,14.7));
#5168=CARTESIAN_POINT('Origin',(143.199999999995,-111.5,0.));
#5169=CARTESIAN_POINT('',(143.2,-125.9999998506,14.7));
#5170=CARTESIAN_POINT('',(143.2,-125.9999998506,0.));
#5171=CARTESIAN_POINT('',(143.199999999995,-111.5,14.7));
#5172=CARTESIAN_POINT('Origin',(142.00000074707,-126.000000747,0.));
#5173=CARTESIAN_POINT('',(142.000000000003,-127.19999999993,14.7));
#5174=CARTESIAN_POINT('',(142.000000000003,-127.19999999993,0.));
#5175=CARTESIAN_POINT('Origin',(142.00000074707,-126.000000747,14.7));
#5176=CARTESIAN_POINT('Origin',(142.000000000003,-127.19999999993,0.));
#5177=CARTESIAN_POINT('',(137.000000149416,-127.2,14.7));
#5178=CARTESIAN_POINT('',(137.000000149416,-127.2,0.));
#5179=CARTESIAN_POINT('',(142.000000000003,-127.19999999993,14.7));
#5180=CARTESIAN_POINT('Origin',(63.5999999996861,-50.2999999999949,13.));
#5181=CARTESIAN_POINT('',(56.3999999996861,-47.2999999999954,13.));
#5182=CARTESIAN_POINT('',(63.5999999996861,-47.2999999999952,13.));
#5183=CARTESIAN_POINT('',(73.0047134324905,-47.299999999995,13.));
#5184=CARTESIAN_POINT('',(56.3999999996861,-50.2999999999949,13.));
#5185=CARTESIAN_POINT('',(63.5999999996861,-50.2999999999949,13.));
#5186=CARTESIAN_POINT('Origin',(63.5999999996861,-50.2999999999949,14.));
#5187=CARTESIAN_POINT('',(64.5999999996861,-47.2999999999952,14.));
#5188=CARTESIAN_POINT('Origin',(63.5999999996861,-47.2999999999948,14.));
#5189=CARTESIAN_POINT('',(64.5999999996861,-50.2999999999949,14.));
#5190=CARTESIAN_POINT('Origin',(64.5999999996861,-50.2999999999949,14.7));
#5191=CARTESIAN_POINT('',(64.5999999996861,-47.2999999999952,14.7));
#5192=CARTESIAN_POINT('',(64.5999999996861,-47.2999999999952,7.35));
#5193=CARTESIAN_POINT('',(64.5999999996861,-69.4886090458415,14.7));
#5194=CARTESIAN_POINT('Origin',(55.3999999996861,-50.2999999999949,14.));
#5195=CARTESIAN_POINT('',(55.3999999996861,-47.2999999999954,14.7));
#5196=CARTESIAN_POINT('',(55.3999999996861,-47.2999999999954,14.));
#5197=CARTESIAN_POINT('',(55.3999999996861,-47.2999999999954,7.));
#5198=CARTESIAN_POINT('',(55.3999999996861,-69.4886090458415,14.7));
#5199=CARTESIAN_POINT('',(55.3999999996861,-50.2999999999949,14.));
#5200=CARTESIAN_POINT('Origin',(56.3999999996861,-50.2999999999949,14.));
#5201=CARTESIAN_POINT('Origin',(56.3999999996861,-47.2999999999948,14.));
#5202=CARTESIAN_POINT('Origin',(82.4094268652949,-47.2999999999948,0.));
#5203=CARTESIAN_POINT('',(82.4094268652949,-47.2999999999948,14.7));
#5204=CARTESIAN_POINT('',(50.5000018676888,-47.2999999999955,14.7));
#5205=CARTESIAN_POINT('',(82.4094268652949,-47.2999999999948,0.));
#5206=CARTESIAN_POINT('',(82.4094268652949,-47.2999999999948,0.));
#5207=CARTESIAN_POINT('',(50.5000018676888,-47.2999999999955,0.));
#5208=CARTESIAN_POINT('',(50.5000018676888,-47.2999999999955,0.));
#5209=CARTESIAN_POINT('',(50.5000018676888,-47.2999999999955,14.7));
#5210=CARTESIAN_POINT('',(50.5000018676888,-47.2999999999955,0.));
#5211=CARTESIAN_POINT('',(50.5000018676888,-47.2999999999955,14.7));
#5212=CARTESIAN_POINT('Origin',(107.977892708042,-88.6772180916881,14.7));
#5213=CARTESIAN_POINT('',(137.000000149458,-130.2,14.7));
#5214=CARTESIAN_POINT('',(137.000000149458,-130.2,14.7));
#5215=CARTESIAN_POINT('',(141.999998132334,-130.199999999929,14.7));
#5216=CARTESIAN_POINT('',(141.999998132334,-130.199999999929,14.7));
#5217=CARTESIAN_POINT('',(146.2,-125.999999850599,14.7));
#5218=CARTESIAN_POINT('Origin',(142.00000074707,-126.000000747,14.7));
#5219=CARTESIAN_POINT('',(146.199999999996,-113.699999999971,14.7));
#5220=CARTESIAN_POINT('',(146.199999999996,-113.699999999971,14.7));
#5221=CARTESIAN_POINT('',(165.499998132326,-113.69999999993,14.7));
#5222=CARTESIAN_POINT('',(165.499998132326,-113.69999999993,14.7));
#5223=CARTESIAN_POINT('',(169.695235427446,-109.699999999967,14.7));
#5224=CARTESIAN_POINT('Origin',(165.50000074707,-109.500000747,14.7));
#5225=CARTESIAN_POINT('',(179.499998132328,-109.699999999929,14.7));
#5226=CARTESIAN_POINT('',(179.499998132328,-109.699999999929,14.7));
#5227=CARTESIAN_POINT('',(183.7,-105.499999850599,14.7));
#5228=CARTESIAN_POINT('Origin',(179.50000074707,-105.500000747,14.7));
#5229=CARTESIAN_POINT('',(183.69999999999,-70.5000018677011,14.7));
#5230=CARTESIAN_POINT('',(183.69999999999,-70.5000018677011,14.7));
#5231=CARTESIAN_POINT('',(179.499999850587,-66.3000000000001,14.7));
#5232=CARTESIAN_POINT('Origin',(179.50000074707,-70.49999925292,14.7));
#5233=CARTESIAN_POINT('',(165.699999999994,-66.2999999999955,14.7));
#5234=CARTESIAN_POINT('',(165.699999999994,-66.2999999999955,14.7));
#5235=CARTESIAN_POINT('',(165.699999999989,-57.5000018677008,14.7));
#5236=CARTESIAN_POINT('',(165.699999999989,-57.5000018677008,14.7));
#5237=CARTESIAN_POINT('',(161.499999850587,-53.3000000000001,14.7));
#5238=CARTESIAN_POINT('Origin',(161.50000074707,-57.49999925292,14.7));
#5239=CARTESIAN_POINT('',(151.699999999994,-53.2999999999957,14.7));
#5240=CARTESIAN_POINT('',(151.699999999994,-53.2999999999957,14.7));
#5241=CARTESIAN_POINT('',(151.699999999989,-47.5000018677007,14.7));
#5242=CARTESIAN_POINT('',(151.699999999989,-47.5000018677007,14.7));
#5243=CARTESIAN_POINT('',(147.499999850587,-43.3000000000001,14.7));
#5244=CARTESIAN_POINT('Origin',(147.50000074707,-47.49999925292,14.7));
#5245=CARTESIAN_POINT('',(128.529821321695,-43.2999999999937,14.7));
#5246=CARTESIAN_POINT('',(128.529821321695,-43.2999999999937,14.7));
#5247=CARTESIAN_POINT('',(126.00000053343,-42.2999999999975,14.7));
#5248=CARTESIAN_POINT('Origin',(125.99999866642,-46.00000133357,14.7));
#5249=CARTESIAN_POINT('',(106.500001867701,-42.3000000000005,14.7));
#5250=CARTESIAN_POINT('',(106.500001867701,-42.3000000000005,14.7));
#5251=CARTESIAN_POINT('',(102.659426865295,-44.7999999999948,14.7));
#5252=CARTESIAN_POINT('Origin',(106.49999925292,-46.49999925292,14.7));
#5253=CARTESIAN_POINT('',(86.2500018676889,-44.7999999999955,14.7));
#5254=CARTESIAN_POINT('',(86.2500018676889,-44.7999999999955,14.7));
#5255=CARTESIAN_POINT('Origin',(86.249999252925,-48.99999925292,14.7));
#5256=CARTESIAN_POINT('Origin',(114.749999999994,-108.200000000349,-13.6));
#5257=CARTESIAN_POINT('',(113.649999999994,-108.200000000349,1.4));
#5258=CARTESIAN_POINT('Origin',(114.749999999994,-108.200000000349,1.4));
#5259=CARTESIAN_POINT('',(113.649999999994,-108.200000000349,-13.6));
#5260=CARTESIAN_POINT('Origin',(114.750000000016,-124.200000000349,-13.6));
#5261=CARTESIAN_POINT('',(113.650000000016,-124.200000000349,1.4));
#5262=CARTESIAN_POINT('Origin',(114.750000000016,-124.200000000349,1.4));
#5263=CARTESIAN_POINT('',(113.650000000016,-124.200000000349,-13.6));
#5264=CARTESIAN_POINT('Ctrl Pts',(76.5148856311726,-126.660930200102,0.));
#5265=CARTESIAN_POINT('Ctrl Pts',(76.5148856311726,-126.660930200102,1.4));
#5266=CARTESIAN_POINT('Ctrl Pts',(77.6803442944925,-126.340152325296,0.));
#5267=CARTESIAN_POINT('Ctrl Pts',(77.6803442944925,-126.340152325296,1.4));
#5268=CARTESIAN_POINT('Ctrl Pts',(80.0050842699301,-125.88950827231,0.));
#5269=CARTESIAN_POINT('Ctrl Pts',(80.0050842699301,-125.88950827231,1.4));
#5270=CARTESIAN_POINT('Ctrl Pts',(83.4736816590965,-125.785708790455,0.));
#5271=CARTESIAN_POINT('Ctrl Pts',(83.4736816590965,-125.785708790455,1.4));
#5272=CARTESIAN_POINT('Ctrl Pts',(88.0689912799297,-126.587681024191,0.));
#5273=CARTESIAN_POINT('Ctrl Pts',(88.0689912799297,-126.587681024191,1.4));
#5274=CARTESIAN_POINT('Ctrl Pts',(93.7976166352593,-128.307147883769,0.));
#5275=CARTESIAN_POINT('Ctrl Pts',(93.7976166352593,-128.307147883769,1.4));
#5276=CARTESIAN_POINT('Ctrl Pts',(98.3982025705249,-129.554769597352,0.));
#5277=CARTESIAN_POINT('Ctrl Pts',(98.3982025705249,-129.554769597352,1.4));
#5278=CARTESIAN_POINT('Ctrl Pts',(101.874278382015,-130.082614620685,0.));
#5279=CARTESIAN_POINT('Ctrl Pts',(101.874278382015,-130.082614620685,1.4));
#5280=CARTESIAN_POINT('Ctrl Pts',(104.205743602359,-130.200000000458,0.));
#5281=CARTESIAN_POINT('Ctrl Pts',(104.205743602359,-130.200000000458,1.4));
#5282=CARTESIAN_POINT('Ctrl Pts',(105.375000149458,-130.200000000442,0.));
#5283=CARTESIAN_POINT('Ctrl Pts',(105.375000149458,-130.200000000442,1.4));
#5284=CARTESIAN_POINT('',(105.375000149458,-130.200000000442,0.));
#5285=CARTESIAN_POINT('',(76.5148856311726,-126.660930200102,0.));
#5286=CARTESIAN_POINT('Ctrl Pts',(105.375000149458,-130.200000000442,0.));
#5287=CARTESIAN_POINT('Ctrl Pts',(104.205743602359,-130.200000000458,0.));
#5288=CARTESIAN_POINT('Ctrl Pts',(101.874278382015,-130.082614620685,0.));
#5289=CARTESIAN_POINT('Ctrl Pts',(98.3982025705249,-129.554769597352,0.));
#5290=CARTESIAN_POINT('Ctrl Pts',(93.7976166352593,-128.307147883769,0.));
#5291=CARTESIAN_POINT('Ctrl Pts',(88.0689912799297,-126.587681024191,0.));
#5292=CARTESIAN_POINT('Ctrl Pts',(83.4736816590965,-125.785708790455,0.));
#5293=CARTESIAN_POINT('Ctrl Pts',(80.0050842699301,-125.88950827231,0.));
#5294=CARTESIAN_POINT('Ctrl Pts',(77.6803442944925,-126.340152325296,0.));
#5295=CARTESIAN_POINT('Ctrl Pts',(76.5148856311726,-126.660930200102,0.));
#5296=CARTESIAN_POINT('',(105.375000149458,-130.200000000442,1.4));
#5297=CARTESIAN_POINT('',(105.375000149458,-130.200000000442,0.));
#5298=CARTESIAN_POINT('',(76.5148856311726,-126.660930200102,1.4));
#5299=CARTESIAN_POINT('Ctrl Pts',(76.5148856311726,-126.660930200102,1.4));
#5300=CARTESIAN_POINT('Ctrl Pts',(77.6803442944925,-126.340152325296,1.4));
#5301=CARTESIAN_POINT('Ctrl Pts',(80.0050842699301,-125.88950827231,1.4));
#5302=CARTESIAN_POINT('Ctrl Pts',(83.4736816590965,-125.785708790455,1.4));
#5303=CARTESIAN_POINT('Ctrl Pts',(88.0689912799297,-126.587681024191,1.4));
#5304=CARTESIAN_POINT('Ctrl Pts',(93.7976166352593,-128.307147883769,1.4));
#5305=CARTESIAN_POINT('Ctrl Pts',(98.3982025705249,-129.554769597352,1.4));
#5306=CARTESIAN_POINT('Ctrl Pts',(101.874278382015,-130.082614620685,1.4));
#5307=CARTESIAN_POINT('Ctrl Pts',(104.205743602359,-130.200000000458,1.4));
#5308=CARTESIAN_POINT('Ctrl Pts',(105.375000149458,-130.200000000442,1.4));
#5309=CARTESIAN_POINT('',(76.5148856311726,-126.660930200102,0.));
#5310=CARTESIAN_POINT('Origin',(106.757442890315,-116.450000000217,1.4));
#5311=CARTESIAN_POINT('',(137.000000149458,-130.2,1.4));
#5312=CARTESIAN_POINT('',(137.000000149458,-130.2,1.4));
#5313=CARTESIAN_POINT('',(137.000000149416,-127.2,1.4));
#5314=CARTESIAN_POINT('',(137.000000149341,-121.824999999897,1.4));
#5315=CARTESIAN_POINT('',(135.79999999992,-126.,1.4));
#5316=CARTESIAN_POINT('Origin',(136.99999925292,-126.000000747,1.4));
#5317=CARTESIAN_POINT('',(135.799999999995,-103.49999985058,1.4));
#5318=CARTESIAN_POINT('',(135.799999999995,-109.974999925398,1.4));
#5319=CARTESIAN_POINT('',(135.,-102.699999999975,1.4));
#5320=CARTESIAN_POINT('Origin',(135.00000074707,-103.4999992529,1.4));
#5321=CARTESIAN_POINT('',(125.999999999996,-102.699999999975,1.4));
#5322=CARTESIAN_POINT('',(99.1287213704501,-102.699999999975,1.4));
#5323=CARTESIAN_POINT('',(125.999999999996,-103.199999999975,1.4));
#5324=CARTESIAN_POINT('',(125.999999999996,-109.825000000096,1.4));
#5325=CARTESIAN_POINT('',(91.4999998505849,-103.199999999976,1.4));
#5326=CARTESIAN_POINT('',(99.1287213704501,-103.199999999975,1.4));
#5327=CARTESIAN_POINT('',(91.2000000000001,-103.499999477037,1.4));
#5328=CARTESIAN_POINT('Origin',(91.499999252925,-103.4999992529,1.4));
#5329=CARTESIAN_POINT('',(89.4999996887216,-105.199999999925,1.4));
#5330=CARTESIAN_POINT('Origin',(89.500000747075,-103.500000747,1.4));
#5331=CARTESIAN_POINT('',(82.5378270247041,-105.199999999986,1.4));
#5332=CARTESIAN_POINT('',(94.6476349574606,-105.19999999988,1.4));
#5333=CARTESIAN_POINT('',(78.3843443958558,-110.612914853171,1.4));
#5334=CARTESIAN_POINT('Origin',(82.537827617493,-109.5000002164,1.4));
#5335=CARTESIAN_POINT('',(80.7182273542785,-119.323144937193,1.4));
#5336=CARTESIAN_POINT('',(81.2312234698824,-121.237685759814,1.4));
#5337=CARTESIAN_POINT('Origin',(74.922669708696,-120.876049176588,1.4));
#5338=CARTESIAN_POINT('Origin',(74.922669708696,-120.876049176588,0.));
#5339=CARTESIAN_POINT('',(80.7182273542785,-119.323144937193,14.7));
#5340=CARTESIAN_POINT('',(80.7182273542785,-119.323144937193,0.));
#5341=CARTESIAN_POINT('',(76.5148856311726,-126.660930200102,14.7));
#5342=CARTESIAN_POINT('Origin',(74.922669708696,-120.876049176588,14.7));
#5343=CARTESIAN_POINT('',(76.5148856311726,-126.660930200102,0.));
#5344=CARTESIAN_POINT('Origin',(80.7182273542785,-119.323144937193,0.));
#5345=CARTESIAN_POINT('',(78.3843443958558,-110.612914853171,14.7));
#5346=CARTESIAN_POINT('',(78.3843443958558,-110.612914853171,0.));
#5347=CARTESIAN_POINT('',(78.3843443958558,-110.612914853171,14.7));
#5348=CARTESIAN_POINT('Origin',(82.537827617493,-109.5000002164,0.));
#5349=CARTESIAN_POINT('',(82.5378270247041,-105.199999999986,14.7));
#5350=CARTESIAN_POINT('',(82.5378270247041,-105.199999999986,0.));
#5351=CARTESIAN_POINT('Origin',(82.537827617493,-109.5000002164,14.7));
#5352=CARTESIAN_POINT('Origin',(82.5378270247041,-105.199999999986,0.));
#5353=CARTESIAN_POINT('',(89.4999996887216,-105.199999999925,14.7));
#5354=CARTESIAN_POINT('',(89.4999996887216,-105.199999999925,0.));
#5355=CARTESIAN_POINT('',(89.4999996887216,-105.199999999925,14.7));
#5356=CARTESIAN_POINT('Origin',(89.500000747075,-103.500000747,0.));
#5357=CARTESIAN_POINT('',(91.2000000000001,-103.499999477037,14.7));
#5358=CARTESIAN_POINT('',(91.2000000000001,-103.499999477037,0.));
#5359=CARTESIAN_POINT('Origin',(89.500000747075,-103.500000747,14.7));
#5360=CARTESIAN_POINT('Origin',(91.499999252925,-103.4999992529,0.));
#5361=CARTESIAN_POINT('',(91.4999998505849,-103.199999999976,14.7));
#5362=CARTESIAN_POINT('',(91.4999998505849,-103.199999999976,0.));
#5363=CARTESIAN_POINT('Origin',(91.499999252925,-103.4999992529,14.7));
#5364=CARTESIAN_POINT('Origin',(91.4999998505849,-103.199999999975,0.));
#5365=CARTESIAN_POINT('',(125.999999999996,-103.199999999975,14.7));
#5366=CARTESIAN_POINT('',(125.999999999996,-103.199999999975,0.));
#5367=CARTESIAN_POINT('',(125.999999999996,-103.199999999975,14.7));
#5368=CARTESIAN_POINT('Origin',(125.999999999996,-103.199999999975,0.));
#5369=CARTESIAN_POINT('',(125.999999999996,-102.699999999975,2.8));
#5370=CARTESIAN_POINT('',(125.999999999996,-102.699999999975,0.));
#5371=CARTESIAN_POINT('',(125.999999999996,-51.3499999999876,2.8));
#5372=CARTESIAN_POINT('',(125.999999999996,-103.199999999975,14.7));
#5373=CARTESIAN_POINT('Origin',(91.4999998505849,-102.699999999975,0.));
#5374=CARTESIAN_POINT('',(135.,-102.699999999975,2.8));
#5375=CARTESIAN_POINT('',(135.,-102.699999999975,0.));
#5376=CARTESIAN_POINT('',(135.,-102.699999999975,2.8));
#5377=CARTESIAN_POINT('Origin',(135.00000074707,-103.4999992529,0.));
#5378=CARTESIAN_POINT('',(135.799999999995,-103.49999985058,2.8));
#5379=CARTESIAN_POINT('',(135.799999999995,-103.49999985058,0.));
#5380=CARTESIAN_POINT('Origin',(135.00000074707,-103.4999992529,2.8));
#5381=CARTESIAN_POINT('Origin',(135.799999999995,-103.49999985058,0.));
#5382=CARTESIAN_POINT('',(135.79999999992,-126.,2.8));
#5383=CARTESIAN_POINT('',(135.79999999992,-126.,0.));
#5384=CARTESIAN_POINT('',(135.799999999995,-126.,2.8));
#5385=CARTESIAN_POINT('Origin',(136.99999925292,-126.000000747,0.));
#5386=CARTESIAN_POINT('',(137.000000149416,-127.2,2.8));
#5387=CARTESIAN_POINT('',(137.000000149416,-127.2,0.));
#5388=CARTESIAN_POINT('Origin',(136.99999925292,-126.000000747,2.8));
#5389=CARTESIAN_POINT('Origin',(137.000000149416,-127.2,0.));
#5390=CARTESIAN_POINT('',(137.000000149458,-130.2,0.));
#5391=CARTESIAN_POINT('',(137.00000014852,-63.0999999990424,2.8));
#5392=CARTESIAN_POINT('Origin',(46.5664808466359,-134.903852873341,0.));
#5393=CARTESIAN_POINT('',(46.5664808466359,-134.903852873341,0.));
#5394=CARTESIAN_POINT('',(76.5148856311726,-126.660930200102,0.));
#5395=CARTESIAN_POINT('',(46.5664808466359,-134.903852873341,14.7));
#5396=CARTESIAN_POINT('',(76.5148856311726,-126.660930200102,14.7));
#5397=CARTESIAN_POINT('',(46.5664808466359,-134.903852873341,0.));
#5398=CARTESIAN_POINT('Origin',(45.451929637423,-130.8544364261,0.));
#5399=CARTESIAN_POINT('',(41.8146298186541,-132.954447852146,0.));
#5400=CARTESIAN_POINT('Origin',(45.451929637423,-130.8544364261,0.));
#5401=CARTESIAN_POINT('',(41.8146298186541,-132.954447852146,14.7));
#5402=CARTESIAN_POINT('Origin',(45.451929637423,-130.8544364261,14.7));
#5403=CARTESIAN_POINT('',(41.8146298186541,-132.954447852146,0.));
#5404=CARTESIAN_POINT('Origin',(32.8184863552754,-117.372795781519,0.));
#5405=CARTESIAN_POINT('',(32.8184863552754,-117.372795781519,0.));
#5406=CARTESIAN_POINT('',(41.8146298186541,-132.954447852146,0.));
#5407=CARTESIAN_POINT('',(32.8184863552754,-117.372795781519,14.7));
#5408=CARTESIAN_POINT('',(41.8146298186541,-132.954447852146,14.7));
#5409=CARTESIAN_POINT('',(32.8184863552754,-117.372795781519,0.));
#5410=CARTESIAN_POINT('Origin',(36.455784698856,-115.2727827494,0.));
#5411=CARTESIAN_POINT('',(34.3557848357755,-111.635476802638,0.));
#5412=CARTESIAN_POINT('Origin',(36.455784698856,-115.2727827494,0.));
#5413=CARTESIAN_POINT('',(34.3557848357755,-111.635476802638,14.7));
#5414=CARTESIAN_POINT('Origin',(36.455784698856,-115.2727827494,14.7));
#5415=CARTESIAN_POINT('',(34.3557848357755,-111.635476802638,0.));
#5416=CARTESIAN_POINT('Origin',(45.3999719766469,-105.259111887173,0.));
#5417=CARTESIAN_POINT('',(45.3999719763964,-105.259111886739,0.));
#5418=CARTESIAN_POINT('',(34.3557848357755,-111.635476802638,0.));
#5419=CARTESIAN_POINT('',(45.3999719763964,-105.259111886739,14.7));
#5420=CARTESIAN_POINT('',(34.3557848357755,-111.635476802638,14.7));
#5421=CARTESIAN_POINT('',(45.3999719763964,-105.259111886739,0.));
#5422=CARTESIAN_POINT('Origin',(44.4998354090531,-103.7001549544,0.));
#5423=CARTESIAN_POINT('',(46.3000000003133,-103.700188558948,0.));
#5424=CARTESIAN_POINT('Origin',(44.4998354090531,-103.7001549544,0.));
#5425=CARTESIAN_POINT('',(46.3000000003133,-103.700188558948,14.7));
#5426=CARTESIAN_POINT('Origin',(44.4998354090531,-103.7001549544,14.7));
#5427=CARTESIAN_POINT('',(46.3000000003133,-103.700188558948,0.));
#5428=CARTESIAN_POINT('Origin',(46.2999999996864,-51.5000001494161,0.));
#5429=CARTESIAN_POINT('',(46.2999999996864,-51.5000001494161,0.));
#5430=CARTESIAN_POINT('',(46.3000000003133,-103.700188558948,0.));
#5431=CARTESIAN_POINT('',(46.2999999996864,-51.5000001494161,14.7));
#5432=CARTESIAN_POINT('',(46.3000000003133,-103.700188558948,14.7));
#5433=CARTESIAN_POINT('',(46.2999999996864,-51.5000001494161,0.));
#5434=CARTESIAN_POINT('Origin',(50.499999252925,-51.49999925292,0.));
#5435=CARTESIAN_POINT('Origin',(50.499999252925,-51.49999925292,0.));
#5436=CARTESIAN_POINT('Origin',(50.499999252925,-51.49999925292,14.7));
#5437=CARTESIAN_POINT('Origin',(86.249999252925,-48.99999925292,0.));
#5438=CARTESIAN_POINT('',(86.2500018676889,-44.7999999999955,0.));
#5439=CARTESIAN_POINT('Origin',(86.249999252925,-48.99999925292,0.));
#5440=CARTESIAN_POINT('',(86.2500018676889,-44.7999999999955,0.));
#5441=CARTESIAN_POINT('Origin',(102.659426865295,-44.7999999999948,0.));
#5442=CARTESIAN_POINT('',(102.659426865295,-44.7999999999948,0.));
#5443=CARTESIAN_POINT('',(86.2500018676889,-44.7999999999955,0.));
#5444=CARTESIAN_POINT('',(102.659426865295,-44.7999999999948,0.));
#5445=CARTESIAN_POINT('Origin',(106.49999925292,-46.49999925292,0.));
#5446=CARTESIAN_POINT('',(106.500001867701,-42.3000000000005,0.));
#5447=CARTESIAN_POINT('Origin',(106.49999925292,-46.49999925292,0.));
#5448=CARTESIAN_POINT('',(106.500001867701,-42.3000000000005,0.));
#5449=CARTESIAN_POINT('Origin',(126.00000053343,-42.2999999999975,0.));
#5450=CARTESIAN_POINT('',(126.00000053343,-42.2999999999975,0.));
#5451=CARTESIAN_POINT('',(106.500001867701,-42.3000000000005,0.));
#5452=CARTESIAN_POINT('',(126.00000053343,-42.2999999999975,0.));
#5453=CARTESIAN_POINT('Origin',(125.99999866642,-46.00000133357,0.));
#5454=CARTESIAN_POINT('',(128.529821321695,-43.2999999999937,0.));
#5455=CARTESIAN_POINT('Origin',(125.99999866642,-46.00000133357,0.));
#5456=CARTESIAN_POINT('',(128.529821321695,-43.2999999999937,0.));
#5457=CARTESIAN_POINT('Origin',(147.499999850587,-43.3000000000001,0.));
#5458=CARTESIAN_POINT('',(147.499999850587,-43.3000000000001,0.));
#5459=CARTESIAN_POINT('',(128.529821321695,-43.2999999999937,0.));
#5460=CARTESIAN_POINT('',(147.499999850587,-43.3000000000001,0.));
#5461=CARTESIAN_POINT('Origin',(147.50000074707,-47.49999925292,0.));
#5462=CARTESIAN_POINT('',(151.699999999989,-47.5000018677007,0.));
#5463=CARTESIAN_POINT('Origin',(147.50000074707,-47.49999925292,0.));
#5464=CARTESIAN_POINT('',(151.699999999989,-47.5000018677007,0.));
#5465=CARTESIAN_POINT('Origin',(151.699999999994,-53.2999999999957,0.));
#5466=CARTESIAN_POINT('',(151.699999999994,-53.2999999999957,0.));
#5467=CARTESIAN_POINT('',(151.699999999989,-47.5000018677007,0.));
#5468=CARTESIAN_POINT('',(151.699999999994,-53.2999999999957,0.));
#5469=CARTESIAN_POINT('Origin',(161.499999850587,-53.3000000000001,0.));
#5470=CARTESIAN_POINT('',(161.499999850587,-53.3000000000001,0.));
#5471=CARTESIAN_POINT('',(151.699999999994,-53.2999999999957,0.));
#5472=CARTESIAN_POINT('',(161.499999850587,-53.3000000000001,0.));
#5473=CARTESIAN_POINT('Origin',(161.50000074707,-57.49999925292,0.));
#5474=CARTESIAN_POINT('',(165.699999999989,-57.5000018677008,0.));
#5475=CARTESIAN_POINT('Origin',(161.50000074707,-57.49999925292,0.));
#5476=CARTESIAN_POINT('',(165.699999999989,-57.5000018677008,0.));
#5477=CARTESIAN_POINT('Origin',(165.699999999994,-66.2999999999955,0.));
#5478=CARTESIAN_POINT('',(165.699999999994,-66.2999999999955,0.));
#5479=CARTESIAN_POINT('',(165.699999999989,-57.5000018677008,0.));
#5480=CARTESIAN_POINT('',(165.699999999994,-66.2999999999955,0.));
#5481=CARTESIAN_POINT('Origin',(179.499999850587,-66.3000000000001,0.));
#5482=CARTESIAN_POINT('',(179.499999850587,-66.3000000000001,0.));
#5483=CARTESIAN_POINT('',(165.699999999994,-66.2999999999955,0.));
#5484=CARTESIAN_POINT('',(179.499999850587,-66.3000000000001,0.));
#5485=CARTESIAN_POINT('Origin',(179.50000074707,-70.49999925292,0.));
#5486=CARTESIAN_POINT('',(183.69999999999,-70.5000018677011,0.));
#5487=CARTESIAN_POINT('Origin',(179.50000074707,-70.49999925292,0.));
#5488=CARTESIAN_POINT('',(183.69999999999,-70.5000018677011,0.));
#5489=CARTESIAN_POINT('Origin',(183.7,-105.499999850599,0.));
#5490=CARTESIAN_POINT('',(183.7,-105.499999850599,0.));
#5491=CARTESIAN_POINT('',(183.69999999999,-70.5000018677011,0.));
#5492=CARTESIAN_POINT('',(183.7,-105.499999850599,0.));
#5493=CARTESIAN_POINT('Origin',(179.50000074707,-105.500000747,0.));
#5494=CARTESIAN_POINT('',(179.499998132328,-109.699999999929,0.));
#5495=CARTESIAN_POINT('Origin',(179.50000074707,-105.500000747,0.));
#5496=CARTESIAN_POINT('',(179.499998132328,-109.699999999929,0.));
#5497=CARTESIAN_POINT('Origin',(169.695235427446,-109.699999999967,0.));
#5498=CARTESIAN_POINT('',(169.695235427446,-109.699999999967,0.));
#5499=CARTESIAN_POINT('',(179.499998132328,-109.699999999929,0.));
#5500=CARTESIAN_POINT('',(169.695235427446,-109.699999999967,0.));
#5501=CARTESIAN_POINT('Origin',(165.50000074707,-109.500000747,0.));
#5502=CARTESIAN_POINT('',(165.499998132326,-113.69999999993,0.));
#5503=CARTESIAN_POINT('Origin',(165.50000074707,-109.500000747,0.));
#5504=CARTESIAN_POINT('',(165.499998132326,-113.69999999993,0.));
#5505=CARTESIAN_POINT('Origin',(146.199999999996,-113.699999999971,0.));
#5506=CARTESIAN_POINT('',(146.199999999996,-113.699999999971,0.));
#5507=CARTESIAN_POINT('',(165.499998132326,-113.69999999993,0.));
#5508=CARTESIAN_POINT('',(146.199999999996,-113.699999999971,0.));
#5509=CARTESIAN_POINT('Origin',(146.2,-125.999999850599,0.));
#5510=CARTESIAN_POINT('',(146.2,-125.999999850599,0.));
#5511=CARTESIAN_POINT('',(146.199999999996,-113.699999999971,0.));
#5512=CARTESIAN_POINT('',(146.2,-125.999999850599,0.));
#5513=CARTESIAN_POINT('Origin',(142.00000074707,-126.000000747,0.));
#5514=CARTESIAN_POINT('',(141.999998132334,-130.199999999929,0.));
#5515=CARTESIAN_POINT('Origin',(142.00000074707,-126.000000747,0.));
#5516=CARTESIAN_POINT('',(141.999998132334,-130.199999999929,0.));
#5517=CARTESIAN_POINT('Origin',(137.000000149458,-130.2,0.));
#5518=CARTESIAN_POINT('',(141.999998132334,-130.199999999929,0.));
#5519=CARTESIAN_POINT('Origin',(107.977892708042,-88.6772180916881,14.7));
#5520=CARTESIAN_POINT('Origin',(0.,0.,0.));
#5521=CARTESIAN_POINT('Origin',(0.,0.,2.8));
#5522=CARTESIAN_POINT('',(58.,-106.4,2.8));
#5523=CARTESIAN_POINT('Origin',(58.,-107.5,2.8));
#5524=CARTESIAN_POINT('',(163.5,-106.4,2.8));
#5525=CARTESIAN_POINT('Origin',(163.5,-107.5,2.8));
#5526=CARTESIAN_POINT('',(88.,-49.65,2.8));
#5527=CARTESIAN_POINT('Origin',(88.,-50.75,2.8));
#5528=CARTESIAN_POINT('',(145.5,-49.4,2.8));
#5529=CARTESIAN_POINT('Origin',(145.5,-50.5,2.8));
#5530=CARTESIAN_POINT('Origin',(58.,-107.5,-0.046));
#5531=CARTESIAN_POINT('',(58.,-106.4,-0.046));
#5532=CARTESIAN_POINT('Origin',(163.5,-107.5,-0.046));
#5533=CARTESIAN_POINT('',(163.5,-106.4,-0.046));
#5534=CARTESIAN_POINT('Origin',(88.,-50.75,-0.046));
#5535=CARTESIAN_POINT('',(88.,-49.65,-0.046));
#5536=CARTESIAN_POINT('Origin',(145.5,-50.5,-0.046));
#5537=CARTESIAN_POINT('',(145.5,-49.4,-0.046));
#5538=CARTESIAN_POINT('',(0.,0.,0.));
#5539=UNCERTAINTY_MEASURE_WITH_UNIT(LENGTH_MEASURE(0.01),#5545,
'DISTANCE_ACCURACY_VALUE',
'Maximum model space distance between geometric entities at asserted c
onnectivities');
#5540=UNCERTAINTY_MEASURE_WITH_UNIT(LENGTH_MEASURE(0.01),#5545,
'DISTANCE_ACCURACY_VALUE',
'Maximum model space distance between geometric entities at asserted c
onnectivities');
#5541=UNCERTAINTY_MEASURE_WITH_UNIT(LENGTH_MEASURE(0.01),#5545,
'DISTANCE_ACCURACY_VALUE',
'Maximum model space distance between geometric entities at asserted c
onnectivities');
#5542=(
GEOMETRIC_REPRESENTATION_CONTEXT(3)
GLOBAL_UNCERTAINTY_ASSIGNED_CONTEXT((#5539))
GLOBAL_UNIT_ASSIGNED_CONTEXT((#5545,#5547,#5548))
REPRESENTATION_CONTEXT('','3D')
);
#5543=(
GEOMETRIC_REPRESENTATION_CONTEXT(3)
GLOBAL_UNCERTAINTY_ASSIGNED_CONTEXT((#5540))
GLOBAL_UNIT_ASSIGNED_CONTEXT((#5545,#5547,#5548))
REPRESENTATION_CONTEXT('','3D')
);
#5544=(
GEOMETRIC_REPRESENTATION_CONTEXT(3)
GLOBAL_UNCERTAINTY_ASSIGNED_CONTEXT((#5541))
GLOBAL_UNIT_ASSIGNED_CONTEXT((#5545,#5547,#5548))
REPRESENTATION_CONTEXT('','3D')
);
#5545=(
LENGTH_UNIT()
NAMED_UNIT(*)
SI_UNIT(.MILLI.,.METRE.)
);
#5546=(
LENGTH_UNIT()
NAMED_UNIT(*)
SI_UNIT($,.METRE.)
);
#5547=(
NAMED_UNIT(*)
PLANE_ANGLE_UNIT()
SI_UNIT($,.RADIAN.)
);
#5548=(
NAMED_UNIT(*)
SI_UNIT($,.STERADIAN.)
SOLID_ANGLE_UNIT()
);
#5549=SHAPE_DEFINITION_REPRESENTATION(#5551,#5554);
#5550=SHAPE_DEFINITION_REPRESENTATION(#5552,#5555);
#5551=PRODUCT_DEFINITION_SHAPE('',$,#5557);
#5552=PRODUCT_DEFINITION_SHAPE('',$,#5558);
#5553=PRODUCT_DEFINITION_SHAPE($,$,#14);
#5554=SHAPE_REPRESENTATION('',(#3250,#3577),#5542);
#5555=SHAPE_REPRESENTATION('',(#3251),#5543);
#5556=PRODUCT_DEFINITION_CONTEXT('part definition',#5564,'design');
#5557=PRODUCT_DEFINITION('reel_right_bottom','reel_right_bottom',#5559,
#5556);
#5558=PRODUCT_DEFINITION('reel-right-bottom_PCB',
'reel-right-bottom_PCB',#5560,#5556);
#5559=PRODUCT_DEFINITION_FORMATION('',$,#5566);
#5560=PRODUCT_DEFINITION_FORMATION('',$,#5567);
#5561=PRODUCT_RELATED_PRODUCT_CATEGORY('reel_right_bottom',
'reel_right_bottom',(#5566));
#5562=PRODUCT_RELATED_PRODUCT_CATEGORY('reel-right-bottom_PCB',
'reel-right-bottom_PCB',(#5567));
#5563=APPLICATION_PROTOCOL_DEFINITION('international standard',
'automotive_design',2009,#5564);
#5564=APPLICATION_CONTEXT(
'Core Data for Automotive Mechanical Design Process');
#5565=PRODUCT_CONTEXT('part definition',#5564,'mechanical');
#5566=PRODUCT('reel_right_bottom','reel_right_bottom',$,(#5565));
#5567=PRODUCT('reel-right-bottom_PCB','reel-right-bottom_PCB',$,(#5565));
#5568=PRESENTATION_STYLE_ASSIGNMENT((#5570));
#5569=PRESENTATION_STYLE_ASSIGNMENT((#5571));
#5570=SURFACE_STYLE_USAGE(.BOTH.,#5572);
#5571=SURFACE_STYLE_USAGE(.BOTH.,#5573);
#5572=SURFACE_SIDE_STYLE('',(#5574));
#5573=SURFACE_SIDE_STYLE('',(#5575));
#5574=SURFACE_STYLE_FILL_AREA(#5576);
#5575=SURFACE_STYLE_FILL_AREA(#5577);
#5576=FILL_AREA_STYLE('\X2\92FC\X0\ - \X2\30B530C630F3\X0\',(#5578));
#5577=FILL_AREA_STYLE('Opaque(80,124,105)',(#5579));
#5578=FILL_AREA_STYLE_COLOUR('\X2\92FC\X0\ - \X2\30B530C630F3\X0\',#5580);
#5579=FILL_AREA_STYLE_COLOUR('Opaque(80,124,105)',#5581);
#5580=COLOUR_RGB('\X2\92FC\X0\ - \X2\30B530C630F3\X0\',0.627450980392157,
0.627450980392157,0.627450980392157);
#5581=COLOUR_RGB('Opaque(80,124,105)',0.313725490196078,0.486274509803922,
0.411764705882353);
ENDSEC;
END-ISO-10303-21;
