ISO-10303-21;
HEADER;
FILE_DESCRIPTION(('KiCad electronic assembly'),'2;1');
FILE_NAME('reel_right_top_neo.step','2026-08-20T19:26:57',('Pcbnew'),(
    'Kicad'),'Open CASCADE STEP processor 7.9','KiCad to STEP converter'
  ,'Unknown');
FILE_SCHEMA(('AUTOMOTIVE_DESIGN { 1 0 10303 214 1 1 1 1 }'));
ENDSEC;
DATA;
#1 = APPLICATION_PROTOCOL_DEFINITION('international standard',
  'automotive_design',2000,#2);
#2 = APPLICATION_CONTEXT(
  'core data for automotive mechanical design processes');
#3 = SHAPE_DEFINITION_REPRESENTATION(#4,#10);
#4 = PRODUCT_DEFINITION_SHAPE('','',#5);
#5 = PRODUCT_DEFINITION('design','',#6,#9);
#6 = PRODUCT_DEFINITION_FORMATION('','',#7);
#7 = PRODUCT('reel_right_top_neo 1','reel_right_top_neo 1','',(#8));
#8 = PRODUCT_CONTEXT('',#2,'mechanical');
#9 = PRODUCT_DEFINITION_CONTEXT('part definition',#2,'design');
#10 = SHAPE_REPRESENTATION('',(#11,#15),#19);
#11 = AXIS2_PLACEMENT_3D('',#12,#13,#14);
#12 = CARTESIAN_POINT('',(0.,0.,0.));
#13 = DIRECTION('',(0.,0.,1.));
#14 = DIRECTION('',(1.,0.,-0.));
#15 = AXIS2_PLACEMENT_3D('',#16,#17,#18);
#16 = CARTESIAN_POINT('',(0.,0.,0.));
#17 = DIRECTION('',(0.,0.,1.));
#18 = DIRECTION('',(1.,0.,-0.));
#19 = ( GEOMETRIC_REPRESENTATION_CONTEXT(3) 
GLOBAL_UNCERTAINTY_ASSIGNED_CONTEXT((#23)) GLOBAL_UNIT_ASSIGNED_CONTEXT(
(#20,#21,#22)) REPRESENTATION_CONTEXT('Context #1',
  '3D Context with UNIT and UNCERTAINTY') );
#20 = ( LENGTH_UNIT() NAMED_UNIT(*) SI_UNIT(.MILLI.,.METRE.) );
#21 = ( NAMED_UNIT(*) PLANE_ANGLE_UNIT() SI_UNIT($,.RADIAN.) );
#22 = ( NAMED_UNIT(*) SI_UNIT($,.STERADIAN.) SOLID_ANGLE_UNIT() );
#23 = UNCERTAINTY_MEASURE_WITH_UNIT(LENGTH_MEASURE(1.E-07),#20,
  'distance_accuracy_value','confusion accuracy');
#24 = PRODUCT_RELATED_PRODUCT_CATEGORY('part',$,(#7));
#25 = SHAPE_DEFINITION_REPRESENTATION(#26,#32);
#26 = PRODUCT_DEFINITION_SHAPE('','',#27);
#27 = PRODUCT_DEFINITION('design','',#28,#31);
#28 = PRODUCT_DEFINITION_FORMATION('','',#29);
#29 = PRODUCT('reel_right_top_PCB','reel_right_top_PCB','',(#30));
#30 = PRODUCT_CONTEXT('',#2,'mechanical');
#31 = PRODUCT_DEFINITION_CONTEXT('part definition',#2,'design');
#32 = ADVANCED_BREP_SHAPE_REPRESENTATION('',(#11,#33),#7153);
#33 = MANIFOLD_SOLID_BREP('',#34);
#34 = CLOSED_SHELL('',(#35,#77,#108,#141,#1924,#3707,#3724,#3741,#3758,
    #3775,#3792,#3809,#3826,#3843,#3860,#3877,#3894,#3911,#3928,#3945,
    #3962,#3979,#3996,#4013,#4030,#4047,#4064,#4081,#4098,#4115,#4132,
    #4149,#4166,#4183,#4200,#4217,#4234,#4251,#4268,#4285,#4302,#4319,
    #4336,#4353,#4370,#4387,#4404,#4421,#4438,#4455,#4472,#4489,#4501,
    #4523,#4540,#4557,#4574,#4591,#4608,#4625,#4637,#4659,#4676,#4693,
    #4710,#4727,#4744,#4761,#4773,#4790,#4812,#4829,#4846,#4863,#4880,
    #4897,#4914,#4926,#4948,#4965,#4982,#4999,#5016,#5033,#5050,#5062,
    #5084,#5101,#5118,#5135,#5152,#5169,#5186,#5198,#5220,#5237,#5254,
    #5271,#5288,#5305,#5322,#5334,#5356,#5373,#5390,#5407,#5424,#5441,
    #5458,#5470,#5492,#5509,#5526,#5543,#5560,#5577,#5594,#5606,#5628,
    #5645,#5662,#5679,#5696,#5713,#5730,#5742,#5764,#5781,#5798,#5815,
    #5832,#5849,#5866,#5878,#5895,#5917,#5934,#5951,#5968,#5985,#6002,
    #6019,#6031,#6053,#6070,#6087,#6104,#6121,#6138,#6155,#6167,#6189,
    #6206,#6223,#6240,#6257,#6274,#6291,#6303,#6325,#6342,#6359,#6376,
    #6393,#6410,#6427,#6439,#6461,#6478,#6495,#6512,#6529,#6546,#6563,
    #6575,#6592,#6614,#6631,#6648,#6665,#6682,#6699,#6716,#6728,#6745,
    #6767,#6784,#6801,#6818,#6835,#6852,#6869,#6881,#6903,#6920,#6937,
    #6954,#6971,#6988,#7005,#7017,#7039,#7056,#7073,#7090,#7107,#7124,
    #7141));
#35 = ADVANCED_FACE('',(#36),#72,.T.);
#36 = FACE_BOUND('',#37,.T.);
#37 = EDGE_LOOP('',(#38,#48,#57,#65));
#38 = ORIENTED_EDGE('',*,*,#39,.T.);
#39 = EDGE_CURVE('',#40,#42,#44,.T.);
#40 = VERTEX_POINT('',#41);
#41 = CARTESIAN_POINT('',(16.351357,46.305602,0.));
#42 = VERTEX_POINT('',#43);
#43 = CARTESIAN_POINT('',(16.351357,46.305602,1.2));
#44 = LINE('',#45,#46);
#45 = CARTESIAN_POINT('',(16.351357,46.305602,0.));
#46 = VECTOR('',#47,1.);
#47 = DIRECTION('',(0.,0.,1.));
#48 = ORIENTED_EDGE('',*,*,#49,.T.);
#49 = EDGE_CURVE('',#42,#50,#52,.T.);
#50 = VERTEX_POINT('',#51);
#51 = CARTESIAN_POINT('',(16.851357,45.805602,1.2));
#52 = CIRCLE('',#53,0.500001333575);
#53 = AXIS2_PLACEMENT_3D('',#54,#55,#56);
#54 = CARTESIAN_POINT('',(16.351355666427,45.805600666427,1.2));
#55 = DIRECTION('',(0.,0.,-1.));
#56 = DIRECTION('',(2.667139176832E-06,0.999999999996,0.));
#57 = ORIENTED_EDGE('',*,*,#58,.F.);
#58 = EDGE_CURVE('',#59,#50,#61,.T.);
#59 = VERTEX_POINT('',#60);
#60 = CARTESIAN_POINT('',(16.851357,45.805602,0.));
#61 = LINE('',#62,#63);
#62 = CARTESIAN_POINT('',(16.851357,45.805602,0.));
#63 = VECTOR('',#64,1.);
#64 = DIRECTION('',(0.,0.,1.));
#65 = ORIENTED_EDGE('',*,*,#66,.F.);
#66 = EDGE_CURVE('',#40,#59,#67,.T.);
#67 = CIRCLE('',#68,0.500001333575);
#68 = AXIS2_PLACEMENT_3D('',#69,#70,#71);
#69 = CARTESIAN_POINT('',(16.351355666427,45.805600666427,0.));
#70 = DIRECTION('',(0.,0.,-1.));
#71 = DIRECTION('',(2.667139176832E-06,0.999999999996,0.));
#72 = CYLINDRICAL_SURFACE('',#73,0.500001333575);
#73 = AXIS2_PLACEMENT_3D('',#74,#75,#76);
#74 = CARTESIAN_POINT('',(16.351355666427,45.805600666427,0.));
#75 = DIRECTION('',(0.,0.,-1.));
#76 = DIRECTION('',(2.667139176832E-06,0.999999999996,0.));
#77 = ADVANCED_FACE('',(#78),#103,.T.);
#78 = FACE_BOUND('',#79,.T.);
#79 = EDGE_LOOP('',(#80,#90,#96,#97));
#80 = ORIENTED_EDGE('',*,*,#81,.T.);
#81 = EDGE_CURVE('',#82,#84,#86,.T.);
#82 = VERTEX_POINT('',#83);
#83 = CARTESIAN_POINT('',(-3.148643,46.305602,0.));
#84 = VERTEX_POINT('',#85);
#85 = CARTESIAN_POINT('',(-3.148643,46.305602,1.2));
#86 = LINE('',#87,#88);
#87 = CARTESIAN_POINT('',(-3.148643,46.305602,0.));
#88 = VECTOR('',#89,1.);
#89 = DIRECTION('',(0.,0.,1.));
#90 = ORIENTED_EDGE('',*,*,#91,.T.);
#91 = EDGE_CURVE('',#84,#42,#92,.T.);
#92 = LINE('',#93,#94);
#93 = CARTESIAN_POINT('',(-3.148643,46.305602,1.2));
#94 = VECTOR('',#95,1.);
#95 = DIRECTION('',(1.,0.,0.));
#96 = ORIENTED_EDGE('',*,*,#39,.F.);
#97 = ORIENTED_EDGE('',*,*,#98,.F.);
#98 = EDGE_CURVE('',#82,#40,#99,.T.);
#99 = LINE('',#100,#101);
#100 = CARTESIAN_POINT('',(-3.148643,46.305602,0.));
#101 = VECTOR('',#102,1.);
#102 = DIRECTION('',(1.,0.,0.));
#103 = PLANE('',#104);
#104 = AXIS2_PLACEMENT_3D('',#105,#106,#107);
#105 = CARTESIAN_POINT('',(-3.148643,46.305602,0.));
#106 = DIRECTION('',(0.,1.,0.));
#107 = DIRECTION('',(1.,0.,0.));
#108 = ADVANCED_FACE('',(#109),#136,.F.);
#109 = FACE_BOUND('',#110,.T.);
#110 = EDGE_LOOP('',(#111,#112,#121,#129));
#111 = ORIENTED_EDGE('',*,*,#58,.T.);
#112 = ORIENTED_EDGE('',*,*,#113,.T.);
#113 = EDGE_CURVE('',#50,#114,#116,.T.);
#114 = VERTEX_POINT('',#115);
#115 = CARTESIAN_POINT('',(17.351357,45.305602,1.2));
#116 = CIRCLE('',#117,0.500001333575);
#117 = AXIS2_PLACEMENT_3D('',#118,#119,#120);
#118 = CARTESIAN_POINT('',(17.351358333573,45.805603333573,1.2));
#119 = DIRECTION('',(0.,0.,1.));
#120 = DIRECTION('',(-0.999999999996,-2.667139191042E-06,0.));
#121 = ORIENTED_EDGE('',*,*,#122,.F.);
#122 = EDGE_CURVE('',#123,#114,#125,.T.);
#123 = VERTEX_POINT('',#124);
#124 = CARTESIAN_POINT('',(17.351357,45.305602,0.));
#125 = LINE('',#126,#127);
#126 = CARTESIAN_POINT('',(17.351357,45.305602,0.));
#127 = VECTOR('',#128,1.);
#128 = DIRECTION('',(0.,0.,1.));
#129 = ORIENTED_EDGE('',*,*,#130,.F.);
#130 = EDGE_CURVE('',#59,#123,#131,.T.);
#131 = CIRCLE('',#132,0.500001333575);
#132 = AXIS2_PLACEMENT_3D('',#133,#134,#135);
#133 = CARTESIAN_POINT('',(17.351358333573,45.805603333573,0.));
#134 = DIRECTION('',(0.,0.,1.));
#135 = DIRECTION('',(-0.999999999996,-2.667139191042E-06,0.));
#136 = CYLINDRICAL_SURFACE('',#137,0.500001333575);
#137 = AXIS2_PLACEMENT_3D('',#138,#139,#140);
#138 = CARTESIAN_POINT('',(17.351358333573,45.805603333573,0.));
#139 = DIRECTION('',(-0.,-0.,-1.));
#140 = DIRECTION('',(-0.999999999996,-2.667139191042E-06,0.));
#141 = ADVANCED_FACE('',(#142,#545,#615,#685,#696,#766,#836,#906,#976,
    #1046,#1116,#1186,#1256,#1267,#1337,#1407,#1477,#1547,#1617,#1628,
    #1698,#1709,#1779,#1849),#1919,.F.);
#142 = FACE_BOUND('',#143,.F.);
#143 = EDGE_LOOP('',(#144,#145,#146,#155,#163,#172,#180,#189,#198,#206,
    #215,#223,#232,#240,#249,#257,#266,#274,#282,#291,#299,#308,#316,
    #325,#334,#342,#351,#359,#368,#376,#385,#393,#402,#410,#419,#427,
    #436,#444,#453,#461,#470,#478,#487,#495,#504,#512,#521,#529,#538,
    #544));
#144 = ORIENTED_EDGE('',*,*,#66,.F.);
#145 = ORIENTED_EDGE('',*,*,#98,.F.);
#146 = ORIENTED_EDGE('',*,*,#147,.F.);
#147 = EDGE_CURVE('',#148,#82,#150,.T.);
#148 = VERTEX_POINT('',#149);
#149 = CARTESIAN_POINT('',(-4.148643,45.305602,0.));
#150 = CIRCLE('',#151,0.999999252925);
#151 = AXIS2_PLACEMENT_3D('',#152,#153,#154);
#152 = CARTESIAN_POINT('',(-3.148643747075,45.305602747075,0.));
#153 = DIRECTION('',(0.,0.,-1.));
#154 = DIRECTION('',(-1.,-7.470757420593E-07,-0.));
#155 = ORIENTED_EDGE('',*,*,#156,.F.);
#156 = EDGE_CURVE('',#157,#148,#159,.T.);
#157 = VERTEX_POINT('',#158);
#158 = CARTESIAN_POINT('',(-4.148643,44.305602,0.));
#159 = LINE('',#160,#161);
#160 = CARTESIAN_POINT('',(-4.148643,44.305602,0.));
#161 = VECTOR('',#162,1.);
#162 = DIRECTION('',(0.,1.,0.));
#163 = ORIENTED_EDGE('',*,*,#164,.F.);
#164 = EDGE_CURVE('',#165,#157,#167,.T.);
#165 = VERTEX_POINT('',#166);
#166 = CARTESIAN_POINT('',(-5.148643,43.305602,0.));
#167 = CIRCLE('',#168,0.999999252925);
#168 = AXIS2_PLACEMENT_3D('',#169,#170,#171);
#169 = CARTESIAN_POINT('',(-5.148642252925,44.305601252925,0.));
#170 = DIRECTION('',(0.,0.,1.));
#171 = DIRECTION('',(-7.470757420593E-07,-1.,0.));
#172 = ORIENTED_EDGE('',*,*,#173,.F.);
#173 = EDGE_CURVE('',#174,#165,#176,.T.);
#174 = VERTEX_POINT('',#175);
#175 = CARTESIAN_POINT('',(-22.148643,43.305602,0.));
#176 = LINE('',#177,#178);
#177 = CARTESIAN_POINT('',(-22.148643,43.305602,0.));
#178 = VECTOR('',#179,1.);
#179 = DIRECTION('',(1.,0.,0.));
#180 = ORIENTED_EDGE('',*,*,#181,.F.);
#181 = EDGE_CURVE('',#182,#174,#184,.T.);
#182 = VERTEX_POINT('',#183);
#183 = CARTESIAN_POINT('',(-23.148643,42.305602,0.));
#184 = CIRCLE('',#185,0.999999252925);
#185 = AXIS2_PLACEMENT_3D('',#186,#187,#188);
#186 = CARTESIAN_POINT('',(-22.14864374707,42.305602747075,0.));
#187 = DIRECTION('',(0.,0.,-1.));
#188 = DIRECTION('',(-1.,-7.470757420593E-07,-0.));
#189 = ORIENTED_EDGE('',*,*,#190,.F.);
#190 = EDGE_CURVE('',#191,#182,#193,.T.);
#191 = VERTEX_POINT('',#192);
#192 = CARTESIAN_POINT('',(-24.148643,41.305602,0.));
#193 = CIRCLE('',#194,0.999999252925);
#194 = AXIS2_PLACEMENT_3D('',#195,#196,#197);
#195 = CARTESIAN_POINT('',(-24.14864225292,42.305601252925,0.));
#196 = DIRECTION('',(0.,0.,1.));
#197 = DIRECTION('',(-7.470757420593E-07,-1.,0.));
#198 = ORIENTED_EDGE('',*,*,#199,.F.);
#199 = EDGE_CURVE('',#200,#191,#202,.T.);
#200 = VERTEX_POINT('',#201);
#201 = CARTESIAN_POINT('',(-61.148643,41.305602,0.));
#202 = LINE('',#203,#204);
#203 = CARTESIAN_POINT('',(-61.148643,41.305602,0.));
#204 = VECTOR('',#205,1.);
#205 = DIRECTION('',(1.,0.,0.));
#206 = ORIENTED_EDGE('',*,*,#207,.F.);
#207 = EDGE_CURVE('',#208,#200,#210,.T.);
#208 = VERTEX_POINT('',#209);
#209 = CARTESIAN_POINT('',(-62.148643,40.305602,0.));
#210 = CIRCLE('',#211,0.999999252925);
#211 = AXIS2_PLACEMENT_3D('',#212,#213,#214);
#212 = CARTESIAN_POINT('',(-61.14864374707,40.305602747075,0.));
#213 = DIRECTION('',(0.,0.,-1.));
#214 = DIRECTION('',(-1.,-7.470757420593E-07,-0.));
#215 = ORIENTED_EDGE('',*,*,#216,.F.);
#216 = EDGE_CURVE('',#217,#208,#219,.T.);
#217 = VERTEX_POINT('',#218);
#218 = CARTESIAN_POINT('',(-62.148643,-20.204017,0.));
#219 = LINE('',#220,#221);
#220 = CARTESIAN_POINT('',(-62.148643,-20.204017,0.));
#221 = VECTOR('',#222,1.);
#222 = DIRECTION('',(0.,1.,0.));
#223 = ORIENTED_EDGE('',*,*,#224,.F.);
#224 = EDGE_CURVE('',#225,#217,#227,.T.);
#225 = VERTEX_POINT('',#226);
#226 = CARTESIAN_POINT('',(-64.648643,-24.534145,0.));
#227 = CIRCLE('',#228,5.000003276822);
#228 = AXIS2_PLACEMENT_3D('',#229,#230,#231);
#229 = CARTESIAN_POINT('',(-67.14864627682,-20.2040160892,0.));
#230 = DIRECTION('',(0.,0.,1.));
#231 = DIRECTION('',(0.500000327682,-0.866025214597,0.));
#232 = ORIENTED_EDGE('',*,*,#233,.F.);
#233 = EDGE_CURVE('',#234,#225,#236,.T.);
#234 = VERTEX_POINT('',#235);
#235 = CARTESIAN_POINT('',(-73.351364,-29.558663,0.));
#236 = LINE('',#237,#238);
#237 = CARTESIAN_POINT('',(-73.351364,-29.558663,0.));
#238 = VECTOR('',#239,1.);
#239 = DIRECTION('',(0.86602541723,0.499999976712,0.));
#240 = ORIENTED_EDGE('',*,*,#241,.F.);
#241 = EDGE_CURVE('',#242,#234,#244,.T.);
#242 = VERTEX_POINT('',#243);
#243 = CARTESIAN_POINT('',(-73.717389,-30.924688,0.));
#244 = CIRCLE('',#245,0.999998429191);
#245 = AXIS2_PLACEMENT_3D('',#246,#247,#248);
#246 = CARTESIAN_POINT('',(-72.85136566808,-30.42468755303,0.));
#247 = DIRECTION('',(0.,0.,-1.));
#248 = DIRECTION('',(-0.866024692275,-0.500001232368,-0.));
#249 = ORIENTED_EDGE('',*,*,#250,.F.);
#250 = EDGE_CURVE('',#251,#242,#253,.T.);
#251 = VERTEX_POINT('',#252);
#252 = CARTESIAN_POINT('',(-65.125883,-45.805613,0.));
#253 = LINE('',#254,#255);
#254 = CARTESIAN_POINT('',(-65.125883,-45.805613,0.));
#255 = VECTOR('',#256,1.);
#256 = DIRECTION('',(-0.499999997619,0.866025405159,0.));
#257 = ORIENTED_EDGE('',*,*,#258,.F.);
#258 = EDGE_CURVE('',#259,#251,#261,.T.);
#259 = VERTEX_POINT('',#260);
#260 = CARTESIAN_POINT('',(-63.759858,-46.171638,0.));
#261 = CIRCLE('',#262,1.000030788153);
#262 = AXIS2_PLACEMENT_3D('',#263,#264,#265);
#263 = CARTESIAN_POINT('',(-64.25984660294,-45.30557046557,0.));
#264 = DIRECTION('',(-0.,0.,-1.));
#265 = DIRECTION('',(0.499973209694,-0.866040870622,-0.));
#266 = ORIENTED_EDGE('',*,*,#267,.F.);
#267 = EDGE_CURVE('',#268,#259,#270,.T.);
#268 = VERTEX_POINT('',#269);
#269 = CARTESIAN_POINT('',(-54.976969,-41.100835,0.));
#270 = LINE('',#271,#272);
#271 = CARTESIAN_POINT('',(-54.976969,-41.100835,0.));
#272 = VECTOR('',#273,1.);
#273 = DIRECTION('',(-0.866025417807,-0.499999975713,0.));
#274 = ORIENTED_EDGE('',*,*,#275,.F.);
#275 = EDGE_CURVE('',#276,#268,#278,.T.);
#276 = VERTEX_POINT('',#277);
#277 = CARTESIAN_POINT('',(-30.979509,-34.670735,0.));
#278 = LINE('',#279,#280);
#279 = CARTESIAN_POINT('',(-30.979509,-34.670735,0.));
#280 = VECTOR('',#281,1.);
#281 = DIRECTION('',(-0.965925826565,-0.258819044074,0.));
#282 = ORIENTED_EDGE('',*,*,#283,.F.);
#283 = EDGE_CURVE('',#284,#276,#286,.T.);
#284 = VERTEX_POINT('',#285);
#285 = CARTESIAN_POINT('',(-30.272402,-33.44599,0.));
#286 = CIRCLE('',#287,1.000016659985);
#287 = AXIS2_PLACEMENT_3D('',#288,#289,#290);
#288 = CARTESIAN_POINT('',(-31.23834821285,-33.70479733009,0.));
#289 = DIRECTION('',(0.,0.,-1.));
#290 = DIRECTION('',(0.965930120477,0.258803018444,0.));
#291 = ORIENTED_EDGE('',*,*,#292,.F.);
#292 = EDGE_CURVE('',#293,#284,#295,.T.);
#293 = VERTEX_POINT('',#294);
#294 = CARTESIAN_POINT('',(-33.07448,-22.988493,0.));
#295 = LINE('',#296,#297);
#296 = CARTESIAN_POINT('',(-33.07448,-22.988493,0.));
#297 = VECTOR('',#298,1.);
#298 = DIRECTION('',(0.258819055789,-0.965925823426,0.));
#299 = ORIENTED_EDGE('',*,*,#300,.F.);
#300 = EDGE_CURVE('',#301,#293,#303,.T.);
#301 = VERTEX_POINT('',#302);
#302 = CARTESIAN_POINT('',(-28.24485,-16.694398,0.));
#303 = CIRCLE('',#304,4.99999981922);
#304 = AXIS2_PLACEMENT_3D('',#305,#306,#307);
#305 = CARTESIAN_POINT('',(-28.24485104372,-21.69439781922,0.));
#306 = DIRECTION('',(0.,0.,1.));
#307 = DIRECTION('',(2.087451638189E-07,1.,-0.));
#308 = ORIENTED_EDGE('',*,*,#309,.F.);
#309 = EDGE_CURVE('',#310,#301,#312,.T.);
#310 = VERTEX_POINT('',#311);
#311 = CARTESIAN_POINT('',(-21.148643,-16.694398,0.));
#312 = LINE('',#313,#314);
#313 = CARTESIAN_POINT('',(-21.148643,-16.694398,0.));
#314 = VECTOR('',#315,1.);
#315 = DIRECTION('',(-1.,0.,0.));
#316 = ORIENTED_EDGE('',*,*,#317,.F.);
#317 = EDGE_CURVE('',#318,#310,#320,.T.);
#318 = VERTEX_POINT('',#319);
#319 = CARTESIAN_POINT('',(-20.148643,-15.694398,0.));
#320 = CIRCLE('',#321,0.999999252925);
#321 = AXIS2_PLACEMENT_3D('',#322,#323,#324);
#322 = CARTESIAN_POINT('',(-21.14864225292,-15.69439874707,0.));
#323 = DIRECTION('',(0.,0.,-1.));
#324 = DIRECTION('',(1.,7.470757438357E-07,0.));
#325 = ORIENTED_EDGE('',*,*,#326,.F.);
#326 = EDGE_CURVE('',#327,#318,#329,.T.);
#327 = VERTEX_POINT('',#328);
#328 = CARTESIAN_POINT('',(-19.148643,-14.694398,0.));
#329 = CIRCLE('',#330,0.999999252925);
#330 = AXIS2_PLACEMENT_3D('',#331,#332,#333);
#331 = CARTESIAN_POINT('',(-19.14864374707,-15.69439725292,0.));
#332 = DIRECTION('',(0.,0.,1.));
#333 = DIRECTION('',(7.470757385066E-07,1.,-0.));
#334 = ORIENTED_EDGE('',*,*,#335,.F.);
#335 = EDGE_CURVE('',#336,#327,#338,.T.);
#336 = VERTEX_POINT('',#337);
#337 = CARTESIAN_POINT('',(25.851357,-14.694398,0.));
#338 = LINE('',#339,#340);
#339 = CARTESIAN_POINT('',(25.851357,-14.694398,0.));
#340 = VECTOR('',#341,1.);
#341 = DIRECTION('',(-1.,0.,0.));
#342 = ORIENTED_EDGE('',*,*,#343,.F.);
#343 = EDGE_CURVE('',#344,#336,#346,.T.);
#344 = VERTEX_POINT('',#345);
#345 = CARTESIAN_POINT('',(26.851357,-15.694398,0.));
#346 = CIRCLE('',#347,0.999999252925);
#347 = AXIS2_PLACEMENT_3D('',#348,#349,#350);
#348 = CARTESIAN_POINT('',(25.851357747075,-15.69439725292,0.));
#349 = DIRECTION('',(0.,0.,1.));
#350 = DIRECTION('',(1.,-7.470757420593E-07,0.));
#351 = ORIENTED_EDGE('',*,*,#352,.F.);
#352 = EDGE_CURVE('',#353,#344,#355,.T.);
#353 = VERTEX_POINT('',#354);
#354 = CARTESIAN_POINT('',(26.851357,-38.194398,0.));
#355 = LINE('',#356,#357);
#356 = CARTESIAN_POINT('',(26.851357,-38.194398,0.));
#357 = VECTOR('',#358,1.);
#358 = DIRECTION('',(0.,1.,0.));
#359 = ORIENTED_EDGE('',*,*,#360,.F.);
#360 = EDGE_CURVE('',#361,#353,#363,.T.);
#361 = VERTEX_POINT('',#362);
#362 = CARTESIAN_POINT('',(27.851357,-39.194398,0.));
#363 = CIRCLE('',#364,0.999999252925);
#364 = AXIS2_PLACEMENT_3D('',#365,#366,#367);
#365 = CARTESIAN_POINT('',(27.851356252925,-38.19439874707,0.));
#366 = DIRECTION('',(0.,0.,-1.));
#367 = DIRECTION('',(7.470757420593E-07,-1.,0.));
#368 = ORIENTED_EDGE('',*,*,#369,.F.);
#369 = EDGE_CURVE('',#370,#361,#372,.T.);
#370 = VERTEX_POINT('',#371);
#371 = CARTESIAN_POINT('',(31.351357,-39.194398,0.));
#372 = LINE('',#373,#374);
#373 = CARTESIAN_POINT('',(31.351357,-39.194398,0.));
#374 = VECTOR('',#375,1.);
#375 = DIRECTION('',(-1.,0.,0.));
#376 = ORIENTED_EDGE('',*,*,#377,.F.);
#377 = EDGE_CURVE('',#378,#370,#380,.T.);
#378 = VERTEX_POINT('',#379);
#379 = CARTESIAN_POINT('',(32.351357,-38.194398,0.));
#380 = CIRCLE('',#381,0.999999252925);
#381 = AXIS2_PLACEMENT_3D('',#382,#383,#384);
#382 = CARTESIAN_POINT('',(31.351357747075,-38.19439874707,0.));
#383 = DIRECTION('',(0.,0.,-1.));
#384 = DIRECTION('',(1.,7.470757420593E-07,0.));
#385 = ORIENTED_EDGE('',*,*,#386,.F.);
#386 = EDGE_CURVE('',#387,#378,#389,.T.);
#387 = VERTEX_POINT('',#388);
#388 = CARTESIAN_POINT('',(32.351357,-23.694398,0.));
#389 = LINE('',#390,#391);
#390 = CARTESIAN_POINT('',(32.351357,-23.694398,0.));
#391 = VECTOR('',#392,1.);
#392 = DIRECTION('',(0.,-1.,0.));
#393 = ORIENTED_EDGE('',*,*,#394,.F.);
#394 = EDGE_CURVE('',#395,#387,#397,.T.);
#395 = VERTEX_POINT('',#396);
#396 = CARTESIAN_POINT('',(33.351357,-22.694398,0.));
#397 = CIRCLE('',#398,0.999999252925);
#398 = AXIS2_PLACEMENT_3D('',#399,#400,#401);
#399 = CARTESIAN_POINT('',(33.351356252925,-23.69439725292,0.));
#400 = DIRECTION('',(0.,0.,1.));
#401 = DIRECTION('',(7.470757420593E-07,1.,-0.));
#402 = ORIENTED_EDGE('',*,*,#403,.F.);
#403 = EDGE_CURVE('',#404,#395,#406,.T.);
#404 = VERTEX_POINT('',#405);
#405 = CARTESIAN_POINT('',(53.851357,-22.694398,0.));
#406 = LINE('',#407,#408);
#407 = CARTESIAN_POINT('',(53.851357,-22.694398,0.));
#408 = VECTOR('',#409,1.);
#409 = DIRECTION('',(-1.,0.,0.));
#410 = ORIENTED_EDGE('',*,*,#411,.F.);
#411 = EDGE_CURVE('',#412,#404,#414,.T.);
#412 = VERTEX_POINT('',#413);
#413 = CARTESIAN_POINT('',(54.851357,-21.694398,0.));
#414 = CIRCLE('',#415,0.999999252925);
#415 = AXIS2_PLACEMENT_3D('',#416,#417,#418);
#416 = CARTESIAN_POINT('',(53.851357747075,-21.69439874707,0.));
#417 = DIRECTION('',(0.,0.,-1.));
#418 = DIRECTION('',(1.,7.470757420593E-07,0.));
#419 = ORIENTED_EDGE('',*,*,#420,.F.);
#420 = EDGE_CURVE('',#421,#412,#423,.T.);
#421 = VERTEX_POINT('',#422);
#422 = CARTESIAN_POINT('',(54.851357,-18.694398,0.));
#423 = LINE('',#424,#425);
#424 = CARTESIAN_POINT('',(54.851357,-18.694398,0.));
#425 = VECTOR('',#426,1.);
#426 = DIRECTION('',(0.,-1.,0.));
#427 = ORIENTED_EDGE('',*,*,#428,.F.);
#428 = EDGE_CURVE('',#429,#421,#431,.T.);
#429 = VERTEX_POINT('',#430);
#430 = CARTESIAN_POINT('',(55.851357,-17.694398,0.));
#431 = CIRCLE('',#432,0.999999252925);
#432 = AXIS2_PLACEMENT_3D('',#433,#434,#435);
#433 = CARTESIAN_POINT('',(55.851356252925,-18.69439725292,0.));
#434 = DIRECTION('',(0.,0.,1.));
#435 = DIRECTION('',(7.470757420593E-07,1.,-0.));
#436 = ORIENTED_EDGE('',*,*,#437,.F.);
#437 = EDGE_CURVE('',#438,#429,#440,.T.);
#438 = VERTEX_POINT('',#439);
#439 = CARTESIAN_POINT('',(72.851357,-17.694398,0.));
#440 = LINE('',#441,#442);
#441 = CARTESIAN_POINT('',(72.851357,-17.694398,0.));
#442 = VECTOR('',#443,1.);
#443 = DIRECTION('',(-1.,0.,0.));
#444 = ORIENTED_EDGE('',*,*,#445,.F.);
#445 = EDGE_CURVE('',#446,#438,#448,.T.);
#446 = VERTEX_POINT('',#447);
#447 = CARTESIAN_POINT('',(73.851357,-16.694398,0.));
#448 = CIRCLE('',#449,0.999999252925);
#449 = AXIS2_PLACEMENT_3D('',#450,#451,#452);
#450 = CARTESIAN_POINT('',(72.851357747075,-16.69439874707,0.));
#451 = DIRECTION('',(0.,0.,-1.));
#452 = DIRECTION('',(1.,7.470757562702E-07,0.));
#453 = ORIENTED_EDGE('',*,*,#454,.F.);
#454 = EDGE_CURVE('',#455,#446,#457,.T.);
#455 = VERTEX_POINT('',#456);
#456 = CARTESIAN_POINT('',(73.851357,20.305602,0.));
#457 = LINE('',#458,#459);
#458 = CARTESIAN_POINT('',(73.851357,20.305602,0.));
#459 = VECTOR('',#460,1.);
#460 = DIRECTION('',(0.,-1.,0.));
#461 = ORIENTED_EDGE('',*,*,#462,.F.);
#462 = EDGE_CURVE('',#463,#455,#465,.T.);
#463 = VERTEX_POINT('',#464);
#464 = CARTESIAN_POINT('',(72.851357,21.305602,0.));
#465 = CIRCLE('',#466,0.999999252925);
#466 = AXIS2_PLACEMENT_3D('',#467,#468,#469);
#467 = CARTESIAN_POINT('',(72.851357747075,20.305602747075,0.));
#468 = DIRECTION('',(0.,0.,-1.));
#469 = DIRECTION('',(-7.470757491648E-07,1.,0.));
#470 = ORIENTED_EDGE('',*,*,#471,.F.);
#471 = EDGE_CURVE('',#472,#463,#474,.T.);
#472 = VERTEX_POINT('',#473);
#473 = CARTESIAN_POINT('',(55.851357,21.305602,0.));
#474 = LINE('',#475,#476);
#475 = CARTESIAN_POINT('',(55.851357,21.305602,0.));
#476 = VECTOR('',#477,1.);
#477 = DIRECTION('',(1.,0.,0.));
#478 = ORIENTED_EDGE('',*,*,#479,.F.);
#479 = EDGE_CURVE('',#480,#472,#482,.T.);
#480 = VERTEX_POINT('',#481);
#481 = CARTESIAN_POINT('',(54.851357,22.305602,0.));
#482 = CIRCLE('',#483,0.999999252925);
#483 = AXIS2_PLACEMENT_3D('',#484,#485,#486);
#484 = CARTESIAN_POINT('',(55.851356252925,22.305601252925,0.));
#485 = DIRECTION('',(0.,0.,1.));
#486 = DIRECTION('',(-1.,7.470757420593E-07,0.));
#487 = ORIENTED_EDGE('',*,*,#488,.F.);
#488 = EDGE_CURVE('',#489,#480,#491,.T.);
#489 = VERTEX_POINT('',#490);
#490 = CARTESIAN_POINT('',(54.851357,34.305602,0.));
#491 = LINE('',#492,#493);
#492 = CARTESIAN_POINT('',(54.851357,34.305602,0.));
#493 = VECTOR('',#494,1.);
#494 = DIRECTION('',(0.,-1.,0.));
#495 = ORIENTED_EDGE('',*,*,#496,.F.);
#496 = EDGE_CURVE('',#497,#489,#499,.T.);
#497 = VERTEX_POINT('',#498);
#498 = CARTESIAN_POINT('',(53.851357,35.305602,0.));
#499 = CIRCLE('',#500,0.999999252925);
#500 = AXIS2_PLACEMENT_3D('',#501,#502,#503);
#501 = CARTESIAN_POINT('',(53.851357747075,34.305602747075,0.));
#502 = DIRECTION('',(0.,0.,-1.));
#503 = DIRECTION('',(-7.470757420593E-07,1.,0.));
#504 = ORIENTED_EDGE('',*,*,#505,.F.);
#505 = EDGE_CURVE('',#506,#497,#508,.T.);
#506 = VERTEX_POINT('',#507);
#507 = CARTESIAN_POINT('',(36.851357,35.305602,0.));
#508 = LINE('',#509,#510);
#509 = CARTESIAN_POINT('',(36.851357,35.305602,0.));
#510 = VECTOR('',#511,1.);
#511 = DIRECTION('',(1.,0.,0.));
#512 = ORIENTED_EDGE('',*,*,#513,.F.);
#513 = EDGE_CURVE('',#514,#506,#516,.T.);
#514 = VERTEX_POINT('',#515);
#515 = CARTESIAN_POINT('',(35.851357,36.305602,0.));
#516 = CIRCLE('',#517,0.999999252925);
#517 = AXIS2_PLACEMENT_3D('',#518,#519,#520);
#518 = CARTESIAN_POINT('',(36.851356252925,36.305601252925,0.));
#519 = DIRECTION('',(0.,0.,1.));
#520 = DIRECTION('',(-1.,7.470757420593E-07,0.));
#521 = ORIENTED_EDGE('',*,*,#522,.F.);
#522 = EDGE_CURVE('',#523,#514,#525,.T.);
#523 = VERTEX_POINT('',#524);
#524 = CARTESIAN_POINT('',(35.851357,44.305602,0.));
#525 = LINE('',#526,#527);
#526 = CARTESIAN_POINT('',(35.851357,44.305602,0.));
#527 = VECTOR('',#528,1.);
#528 = DIRECTION('',(0.,-1.,0.));
#529 = ORIENTED_EDGE('',*,*,#530,.F.);
#530 = EDGE_CURVE('',#531,#523,#533,.T.);
#531 = VERTEX_POINT('',#532);
#532 = CARTESIAN_POINT('',(34.851357,45.305602,0.));
#533 = CIRCLE('',#534,0.999999252925);
#534 = AXIS2_PLACEMENT_3D('',#535,#536,#537);
#535 = CARTESIAN_POINT('',(34.851357747075,44.305602747075,0.));
#536 = DIRECTION('',(0.,0.,-1.));
#537 = DIRECTION('',(-7.470757420593E-07,1.,0.));
#538 = ORIENTED_EDGE('',*,*,#539,.F.);
#539 = EDGE_CURVE('',#123,#531,#540,.T.);
#540 = LINE('',#541,#542);
#541 = CARTESIAN_POINT('',(17.351357,45.305602,0.));
#542 = VECTOR('',#543,1.);
#543 = DIRECTION('',(1.,0.,0.));
#544 = ORIENTED_EDGE('',*,*,#130,.F.);
#545 = FACE_BOUND('',#546,.F.);
#546 = EDGE_LOOP('',(#547,#558,#566,#575,#583,#592,#600,#609));
#547 = ORIENTED_EDGE('',*,*,#548,.F.);
#548 = EDGE_CURVE('',#549,#551,#553,.T.);
#549 = VERTEX_POINT('',#550);
#550 = CARTESIAN_POINT('',(-58.406465,-24.443989,0.));
#551 = VERTEX_POINT('',#552);
#552 = CARTESIAN_POINT('',(-58.898234,-24.31222,0.));
#553 = CIRCLE('',#554,0.36000313088);
#554 = AXIS2_PLACEMENT_3D('',#555,#556,#557);
#555 = CARTESIAN_POINT('',(-58.71823519205,-24.6239934488,0.));
#556 = DIRECTION('',(0.,0.,1.));
#557 = DIRECTION('',(0.866020779572,0.500008009285,-0.));
#558 = ORIENTED_EDGE('',*,*,#559,.F.);
#559 = EDGE_CURVE('',#560,#549,#562,.T.);
#560 = VERTEX_POINT('',#561);
#561 = CARTESIAN_POINT('',(-51.766465,-35.944807,0.));
#562 = LINE('',#563,#564);
#563 = CARTESIAN_POINT('',(-51.766465,-35.944807,0.));
#564 = VECTOR('',#565,1.);
#565 = DIRECTION('',(-0.499999979206,0.86602541579,0.));
#566 = ORIENTED_EDGE('',*,*,#567,.F.);
#567 = EDGE_CURVE('',#568,#560,#570,.T.);
#568 = VERTEX_POINT('',#569);
#569 = CARTESIAN_POINT('',(-51.898234,-36.436576,0.));
#570 = CIRCLE('',#571,0.36000313088);
#571 = AXIS2_PLACEMENT_3D('',#572,#573,#574);
#572 = CARTESIAN_POINT('',(-52.0782384488,-36.12480580794,0.));
#573 = DIRECTION('',(0.,-0.,1.));
#574 = DIRECTION('',(0.500008009285,-0.866020779572,-0.));
#575 = ORIENTED_EDGE('',*,*,#576,.F.);
#576 = EDGE_CURVE('',#577,#568,#579,.T.);
#577 = VERTEX_POINT('',#578);
#578 = CARTESIAN_POINT('',(-63.399052,-43.076576,0.));
#579 = LINE('',#580,#581);
#580 = CARTESIAN_POINT('',(-63.399052,-43.076576,0.));
#581 = VECTOR('',#582,1.);
#582 = DIRECTION('',(0.86602541579,0.499999979206,0.));
#583 = ORIENTED_EDGE('',*,*,#584,.F.);
#584 = EDGE_CURVE('',#585,#577,#587,.T.);
#585 = VERTEX_POINT('',#586);
#586 = CARTESIAN_POINT('',(-63.890821,-42.944807,0.));
#587 = CIRCLE('',#588,0.36000313088);
#588 = AXIS2_PLACEMENT_3D('',#589,#590,#591);
#589 = CARTESIAN_POINT('',(-63.57905080794,-42.76480255119,0.));
#590 = DIRECTION('',(0.,0.,1.));
#591 = DIRECTION('',(-0.866020779572,-0.500008009285,0.));
#592 = ORIENTED_EDGE('',*,*,#593,.F.);
#593 = EDGE_CURVE('',#594,#585,#596,.T.);
#594 = VERTEX_POINT('',#595);
#595 = CARTESIAN_POINT('',(-70.530821,-31.443989,0.));
#596 = LINE('',#597,#598);
#597 = CARTESIAN_POINT('',(-70.530821,-31.443989,0.));
#598 = VECTOR('',#599,1.);
#599 = DIRECTION('',(0.499999979206,-0.86602541579,0.));
#600 = ORIENTED_EDGE('',*,*,#601,.F.);
#601 = EDGE_CURVE('',#602,#594,#604,.T.);
#602 = VERTEX_POINT('',#603);
#603 = CARTESIAN_POINT('',(-70.399052,-30.95222,0.));
#604 = CIRCLE('',#605,0.36000313088);
#605 = AXIS2_PLACEMENT_3D('',#606,#607,#608);
#606 = CARTESIAN_POINT('',(-70.21904755119,-31.26399019205,0.));
#607 = DIRECTION('',(0.,0.,1.));
#608 = DIRECTION('',(-0.500008009285,0.866020779572,0.));
#609 = ORIENTED_EDGE('',*,*,#610,.F.);
#610 = EDGE_CURVE('',#551,#602,#611,.T.);
#611 = LINE('',#612,#613);
#612 = CARTESIAN_POINT('',(-58.898234,-24.31222,0.));
#613 = VECTOR('',#614,1.);
#614 = DIRECTION('',(-0.86602541579,-0.499999979206,0.));
#615 = FACE_BOUND('',#616,.F.);
#616 = EDGE_LOOP('',(#617,#628,#636,#645,#653,#662,#670,#679));
#617 = ORIENTED_EDGE('',*,*,#618,.F.);
#618 = EDGE_CURVE('',#619,#621,#623,.T.);
#619 = VERTEX_POINT('',#620);
#620 = CARTESIAN_POINT('',(-36.605721,-19.468917,0.));
#621 = VERTEX_POINT('',#622);
#622 = CARTESIAN_POINT('',(-37.046629,-19.214359,0.));
#623 = CIRCLE('',#624,0.359999449958);
#624 = AXIS2_PLACEMENT_3D('',#625,#626,#627);
#625 = CARTESIAN_POINT('',(-36.95345378792,-19.56209163267,0.));
#626 = DIRECTION('',(0.,0.,1.));
#627 = DIRECTION('',(0.96592588673,0.258818819535,-0.));
#628 = ORIENTED_EDGE('',*,*,#629,.F.);
#629 = EDGE_CURVE('',#630,#619,#632,.T.);
#630 = VERTEX_POINT('',#631);
#631 = CARTESIAN_POINT('',(-33.168604,-32.296412,0.));
#632 = LINE('',#633,#634);
#633 = CARTESIAN_POINT('',(-33.168604,-32.296412,0.));
#634 = VECTOR('',#635,1.);
#635 = DIRECTION('',(-0.25881905029,0.965925824899,0.));
#636 = ORIENTED_EDGE('',*,*,#637,.F.);
#637 = EDGE_CURVE('',#638,#630,#640,.T.);
#638 = VERTEX_POINT('',#639);
#639 = CARTESIAN_POINT('',(-33.423162,-32.73732,0.));
#640 = CIRCLE('',#641,0.359999449958);
#641 = AXIS2_PLACEMENT_3D('',#642,#643,#644);
#642 = CARTESIAN_POINT('',(-33.51633663267,-32.38958721207,0.));
#643 = DIRECTION('',(0.,0.,1.));
#644 = DIRECTION('',(0.258818819535,-0.96592588673,0.));
#645 = ORIENTED_EDGE('',*,*,#646,.F.);
#646 = EDGE_CURVE('',#647,#638,#649,.T.);
#647 = VERTEX_POINT('',#648);
#648 = CARTESIAN_POINT('',(-46.250657,-36.174437,0.));
#649 = LINE('',#650,#651);
#650 = CARTESIAN_POINT('',(-46.250657,-36.174437,0.));
#651 = VECTOR('',#652,1.);
#652 = DIRECTION('',(0.965925824899,0.25881905029,0.));
#653 = ORIENTED_EDGE('',*,*,#654,.F.);
#654 = EDGE_CURVE('',#655,#647,#657,.T.);
#655 = VERTEX_POINT('',#656);
#656 = CARTESIAN_POINT('',(-46.691565,-35.919879,0.));
#657 = CIRCLE('',#658,0.359999449958);
#658 = AXIS2_PLACEMENT_3D('',#659,#660,#661);
#659 = CARTESIAN_POINT('',(-46.34383221207,-35.82670436732,0.));
#660 = DIRECTION('',(0.,0.,1.));
#661 = DIRECTION('',(-0.96592588673,-0.258818819535,0.));
#662 = ORIENTED_EDGE('',*,*,#663,.F.);
#663 = EDGE_CURVE('',#664,#655,#666,.T.);
#664 = VERTEX_POINT('',#665);
#665 = CARTESIAN_POINT('',(-50.128682,-23.092384,0.));
#666 = LINE('',#667,#668);
#667 = CARTESIAN_POINT('',(-50.128682,-23.092384,0.));
#668 = VECTOR('',#669,1.);
#669 = DIRECTION('',(0.25881905029,-0.965925824899,0.));
#670 = ORIENTED_EDGE('',*,*,#671,.F.);
#671 = EDGE_CURVE('',#672,#664,#674,.T.);
#672 = VERTEX_POINT('',#673);
#673 = CARTESIAN_POINT('',(-49.874124,-22.651476,0.));
#674 = CIRCLE('',#675,0.359999449958);
#675 = AXIS2_PLACEMENT_3D('',#676,#677,#678);
#676 = CARTESIAN_POINT('',(-49.78094936732,-22.99920878792,0.));
#677 = DIRECTION('',(0.,0.,1.));
#678 = DIRECTION('',(-0.258818819535,0.96592588673,0.));
#679 = ORIENTED_EDGE('',*,*,#680,.F.);
#680 = EDGE_CURVE('',#621,#672,#681,.T.);
#681 = LINE('',#682,#683);
#682 = CARTESIAN_POINT('',(-37.046629,-19.214359,0.));
#683 = VECTOR('',#684,1.);
#684 = DIRECTION('',(-0.965925824899,-0.25881905029,0.));
#685 = FACE_BOUND('',#686,.F.);
#686 = EDGE_LOOP('',(#687));
#687 = ORIENTED_EDGE('',*,*,#688,.T.);
#688 = EDGE_CURVE('',#689,#689,#691,.T.);
#689 = VERTEX_POINT('',#690);
#690 = CARTESIAN_POINT('',(-54.648643,-20.794398,0.));
#691 = CIRCLE('',#692,1.1);
#692 = AXIS2_PLACEMENT_3D('',#693,#694,#695);
#693 = CARTESIAN_POINT('',(-54.648643,-19.694398,0.));
#694 = DIRECTION('',(-0.,0.,-1.));
#695 = DIRECTION('',(-0.,-1.,0.));
#696 = FACE_BOUND('',#697,.F.);
#697 = EDGE_LOOP('',(#698,#709,#717,#726,#734,#743,#751,#760));
#698 = ORIENTED_EDGE('',*,*,#699,.F.);
#699 = EDGE_CURVE('',#700,#702,#704,.T.);
#700 = VERTEX_POINT('',#701);
#701 = CARTESIAN_POINT('',(-38.288643,0.305602,0.));
#702 = VERTEX_POINT('',#703);
#703 = CARTESIAN_POINT('',(-38.648643,-5.4398E-02,0.));
#704 = CIRCLE('',#705,0.360001506454);
#705 = AXIS2_PLACEMENT_3D('',#706,#707,#708);
#706 = CARTESIAN_POINT('',(-38.28864149354,-5.439950645135E-02,0.));
#707 = DIRECTION('',(0.,0.,1.));
#708 = DIRECTION('',(-4.184569566117E-06,0.999999999991,0.));
#709 = ORIENTED_EDGE('',*,*,#710,.F.);
#710 = EDGE_CURVE('',#711,#700,#713,.T.);
#711 = VERTEX_POINT('',#712);
#712 = CARTESIAN_POINT('',(-25.008643,0.305602,0.));
#713 = LINE('',#714,#715);
#714 = CARTESIAN_POINT('',(-25.008643,0.305602,0.));
#715 = VECTOR('',#716,1.);
#716 = DIRECTION('',(-1.,0.,0.));
#717 = ORIENTED_EDGE('',*,*,#718,.F.);
#718 = EDGE_CURVE('',#719,#711,#721,.T.);
#719 = VERTEX_POINT('',#720);
#720 = CARTESIAN_POINT('',(-24.648643,-5.4398E-02,0.));
#721 = CIRCLE('',#722,0.360001506455);
#722 = AXIS2_PLACEMENT_3D('',#723,#724,#725);
#723 = CARTESIAN_POINT('',(-25.00864450645,-5.439950645135E-02,0.));
#724 = DIRECTION('',(0.,0.,1.));
#725 = DIRECTION('',(0.999999999991,4.184569581884E-06,-0.));
#726 = ORIENTED_EDGE('',*,*,#727,.F.);
#727 = EDGE_CURVE('',#728,#719,#730,.T.);
#728 = VERTEX_POINT('',#729);
#729 = CARTESIAN_POINT('',(-24.648643,-13.334398,0.));
#730 = LINE('',#731,#732);
#731 = CARTESIAN_POINT('',(-24.648643,-13.334398,0.));
#732 = VECTOR('',#733,1.);
#733 = DIRECTION('',(0.,1.,0.));
#734 = ORIENTED_EDGE('',*,*,#735,.F.);
#735 = EDGE_CURVE('',#736,#728,#738,.T.);
#736 = VERTEX_POINT('',#737);
#737 = CARTESIAN_POINT('',(-25.008643,-13.694398,0.));
#738 = CIRCLE('',#739,0.360001506455);
#739 = AXIS2_PLACEMENT_3D('',#740,#741,#742);
#740 = CARTESIAN_POINT('',(-25.00864450645,-13.33439649354,0.));
#741 = DIRECTION('',(0.,0.,1.));
#742 = DIRECTION('',(4.184569575986E-06,-0.999999999991,0.));
#743 = ORIENTED_EDGE('',*,*,#744,.F.);
#744 = EDGE_CURVE('',#745,#736,#747,.T.);
#745 = VERTEX_POINT('',#746);
#746 = CARTESIAN_POINT('',(-38.288643,-13.694398,0.));
#747 = LINE('',#748,#749);
#748 = CARTESIAN_POINT('',(-38.288643,-13.694398,0.));
#749 = VECTOR('',#750,1.);
#750 = DIRECTION('',(1.,0.,0.));
#751 = ORIENTED_EDGE('',*,*,#752,.F.);
#752 = EDGE_CURVE('',#753,#745,#755,.T.);
#753 = VERTEX_POINT('',#754);
#754 = CARTESIAN_POINT('',(-38.648643,-13.334398,0.));
#755 = CIRCLE('',#756,0.360001506454);
#756 = AXIS2_PLACEMENT_3D('',#757,#758,#759);
#757 = CARTESIAN_POINT('',(-38.28864149354,-13.33439649354,0.));
#758 = DIRECTION('',(0.,0.,1.));
#759 = DIRECTION('',(-0.999999999991,-4.184569566117E-06,0.));
#760 = ORIENTED_EDGE('',*,*,#761,.F.);
#761 = EDGE_CURVE('',#702,#753,#762,.T.);
#762 = LINE('',#763,#764);
#763 = CARTESIAN_POINT('',(-38.648643,-5.4398E-02,0.));
#764 = VECTOR('',#765,1.);
#765 = DIRECTION('',(0.,-1.,0.));
#766 = FACE_BOUND('',#767,.F.);
#767 = EDGE_LOOP('',(#768,#779,#787,#796,#804,#813,#821,#830));
#768 = ORIENTED_EDGE('',*,*,#769,.F.);
#769 = EDGE_CURVE('',#770,#772,#774,.T.);
#770 = VERTEX_POINT('',#771);
#771 = CARTESIAN_POINT('',(-19.288643,2.305602,0.));
#772 = VERTEX_POINT('',#773);
#773 = CARTESIAN_POINT('',(-19.648643,1.945602,0.));
#774 = CIRCLE('',#775,0.360001506455);
#775 = AXIS2_PLACEMENT_3D('',#776,#777,#778);
#776 = CARTESIAN_POINT('',(-19.28864149354,1.945600493549,0.));
#777 = DIRECTION('',(0.,0.,1.));
#778 = DIRECTION('',(-4.184569575986E-06,0.999999999991,0.));
#779 = ORIENTED_EDGE('',*,*,#780,.F.);
#780 = EDGE_CURVE('',#781,#770,#783,.T.);
#781 = VERTEX_POINT('',#782);
#782 = CARTESIAN_POINT('',(-6.008643,2.305602,0.));
#783 = LINE('',#784,#785);
#784 = CARTESIAN_POINT('',(-6.008643,2.305602,0.));
#785 = VECTOR('',#786,1.);
#786 = DIRECTION('',(-1.,0.,0.));
#787 = ORIENTED_EDGE('',*,*,#788,.F.);
#788 = EDGE_CURVE('',#789,#781,#791,.T.);
#789 = VERTEX_POINT('',#790);
#790 = CARTESIAN_POINT('',(-5.648643,1.945602,0.));
#791 = CIRCLE('',#792,0.360001506455);
#792 = AXIS2_PLACEMENT_3D('',#793,#794,#795);
#793 = CARTESIAN_POINT('',(-6.008644506451,1.945600493549,0.));
#794 = DIRECTION('',(0.,0.,1.));
#795 = DIRECTION('',(0.999999999991,4.184569582771E-06,-0.));
#796 = ORIENTED_EDGE('',*,*,#797,.F.);
#797 = EDGE_CURVE('',#798,#789,#800,.T.);
#798 = VERTEX_POINT('',#799);
#799 = CARTESIAN_POINT('',(-5.648643,-11.334398,0.));
#800 = LINE('',#801,#802);
#801 = CARTESIAN_POINT('',(-5.648643,-11.334398,0.));
#802 = VECTOR('',#803,1.);
#803 = DIRECTION('',(0.,1.,0.));
#804 = ORIENTED_EDGE('',*,*,#805,.F.);
#805 = EDGE_CURVE('',#806,#798,#808,.T.);
#806 = VERTEX_POINT('',#807);
#807 = CARTESIAN_POINT('',(-6.008643,-11.694398,0.));
#808 = CIRCLE('',#809,0.360001506455);
#809 = AXIS2_PLACEMENT_3D('',#810,#811,#812);
#810 = CARTESIAN_POINT('',(-6.008644506451,-11.33439649354,0.));
#811 = DIRECTION('',(0.,0.,1.));
#812 = DIRECTION('',(4.184569578453E-06,-0.999999999991,0.));
#813 = ORIENTED_EDGE('',*,*,#814,.F.);
#814 = EDGE_CURVE('',#815,#806,#817,.T.);
#815 = VERTEX_POINT('',#816);
#816 = CARTESIAN_POINT('',(-19.288643,-11.694398,0.));
#817 = LINE('',#818,#819);
#818 = CARTESIAN_POINT('',(-19.288643,-11.694398,0.));
#819 = VECTOR('',#820,1.);
#820 = DIRECTION('',(1.,0.,0.));
#821 = ORIENTED_EDGE('',*,*,#822,.F.);
#822 = EDGE_CURVE('',#823,#815,#825,.T.);
#823 = VERTEX_POINT('',#824);
#824 = CARTESIAN_POINT('',(-19.648643,-11.334398,0.));
#825 = CIRCLE('',#826,0.360001506455);
#826 = AXIS2_PLACEMENT_3D('',#827,#828,#829);
#827 = CARTESIAN_POINT('',(-19.28864149354,-11.33439649354,0.));
#828 = DIRECTION('',(0.,0.,1.));
#829 = DIRECTION('',(-0.999999999991,-4.184569585855E-06,0.));
#830 = ORIENTED_EDGE('',*,*,#831,.F.);
#831 = EDGE_CURVE('',#772,#823,#832,.T.);
#832 = LINE('',#833,#834);
#833 = CARTESIAN_POINT('',(-19.648643,1.945602,0.));
#834 = VECTOR('',#835,1.);
#835 = DIRECTION('',(0.,-1.,0.));
#836 = FACE_BOUND('',#837,.F.);
#837 = EDGE_LOOP('',(#838,#849,#857,#866,#874,#883,#891,#900));
#838 = ORIENTED_EDGE('',*,*,#839,.F.);
#839 = EDGE_CURVE('',#840,#842,#844,.T.);
#840 = VERTEX_POINT('',#841);
#841 = CARTESIAN_POINT('',(-0.288643,5.305602,0.));
#842 = VERTEX_POINT('',#843);
#843 = CARTESIAN_POINT('',(-0.648643,4.945602,0.));
#844 = CIRCLE('',#845,0.360001506455);
#845 = AXIS2_PLACEMENT_3D('',#846,#847,#848);
#846 = CARTESIAN_POINT('',(-0.288641493549,4.945600493549,0.));
#847 = DIRECTION('',(0.,0.,1.));
#848 = DIRECTION('',(-4.184569581229E-06,0.999999999991,0.));
#849 = ORIENTED_EDGE('',*,*,#850,.F.);
#850 = EDGE_CURVE('',#851,#840,#853,.T.);
#851 = VERTEX_POINT('',#852);
#852 = CARTESIAN_POINT('',(12.991357,5.305602,0.));
#853 = LINE('',#854,#855);
#854 = CARTESIAN_POINT('',(12.991357,5.305602,0.));
#855 = VECTOR('',#856,1.);
#856 = DIRECTION('',(-1.,0.,0.));
#857 = ORIENTED_EDGE('',*,*,#858,.F.);
#858 = EDGE_CURVE('',#859,#851,#861,.T.);
#859 = VERTEX_POINT('',#860);
#860 = CARTESIAN_POINT('',(13.351357,4.945602,0.));
#861 = CIRCLE('',#862,0.360001506455);
#862 = AXIS2_PLACEMENT_3D('',#863,#864,#865);
#863 = CARTESIAN_POINT('',(12.991355493549,4.945600493549,0.));
#864 = DIRECTION('',(0.,0.,1.));
#865 = DIRECTION('',(0.999999999991,4.184569578453E-06,-0.));
#866 = ORIENTED_EDGE('',*,*,#867,.F.);
#867 = EDGE_CURVE('',#868,#859,#870,.T.);
#868 = VERTEX_POINT('',#869);
#869 = CARTESIAN_POINT('',(13.351357,-8.334398,0.));
#870 = LINE('',#871,#872);
#871 = CARTESIAN_POINT('',(13.351357,-8.334398,0.));
#872 = VECTOR('',#873,1.);
#873 = DIRECTION('',(0.,1.,0.));
#874 = ORIENTED_EDGE('',*,*,#875,.F.);
#875 = EDGE_CURVE('',#876,#868,#878,.T.);
#876 = VERTEX_POINT('',#877);
#877 = CARTESIAN_POINT('',(12.991357,-8.694398,0.));
#878 = CIRCLE('',#879,0.360001506455);
#879 = AXIS2_PLACEMENT_3D('',#880,#881,#882);
#880 = CARTESIAN_POINT('',(12.991355493549,-8.334396493549,0.));
#881 = DIRECTION('',(0.,0.,1.));
#882 = DIRECTION('',(4.184569585855E-06,-0.999999999991,0.));
#883 = ORIENTED_EDGE('',*,*,#884,.F.);
#884 = EDGE_CURVE('',#885,#876,#887,.T.);
#885 = VERTEX_POINT('',#886);
#886 = CARTESIAN_POINT('',(-0.288643,-8.694398,0.));
#887 = LINE('',#888,#889);
#888 = CARTESIAN_POINT('',(-0.288643,-8.694398,0.));
#889 = VECTOR('',#890,1.);
#890 = DIRECTION('',(1.,0.,0.));
#891 = ORIENTED_EDGE('',*,*,#892,.F.);
#892 = EDGE_CURVE('',#893,#885,#895,.T.);
#893 = VERTEX_POINT('',#894);
#894 = CARTESIAN_POINT('',(-0.648643,-8.334398,0.));
#895 = CIRCLE('',#896,0.360001506455);
#896 = AXIS2_PLACEMENT_3D('',#897,#898,#899);
#897 = CARTESIAN_POINT('',(-0.288641493549,-8.334396493549,0.));
#898 = DIRECTION('',(0.,0.,1.));
#899 = DIRECTION('',(-0.999999999991,-4.184569585855E-06,0.));
#900 = ORIENTED_EDGE('',*,*,#901,.F.);
#901 = EDGE_CURVE('',#842,#893,#902,.T.);
#902 = LINE('',#903,#904);
#903 = CARTESIAN_POINT('',(-0.648643,4.945602,0.));
#904 = VECTOR('',#905,1.);
#905 = DIRECTION('',(0.,-1.,0.));
#906 = FACE_BOUND('',#907,.F.);
#907 = EDGE_LOOP('',(#908,#919,#927,#936,#944,#953,#961,#970));
#908 = ORIENTED_EDGE('',*,*,#909,.F.);
#909 = EDGE_CURVE('',#910,#912,#914,.T.);
#910 = VERTEX_POINT('',#911);
#911 = CARTESIAN_POINT('',(18.711357,4.305602,0.));
#912 = VERTEX_POINT('',#913);
#913 = CARTESIAN_POINT('',(18.351357,3.945602,0.));
#914 = CIRCLE('',#915,0.360001506455);
#915 = AXIS2_PLACEMENT_3D('',#916,#917,#918);
#916 = CARTESIAN_POINT('',(18.711358506451,3.945600493549,0.));
#917 = DIRECTION('',(0.,0.,1.));
#918 = DIRECTION('',(-4.184569575986E-06,0.999999999991,0.));
#919 = ORIENTED_EDGE('',*,*,#920,.F.);
#920 = EDGE_CURVE('',#921,#910,#923,.T.);
#921 = VERTEX_POINT('',#922);
#922 = CARTESIAN_POINT('',(31.991357,4.305602,0.));
#923 = LINE('',#924,#925);
#924 = CARTESIAN_POINT('',(31.991357,4.305602,0.));
#925 = VECTOR('',#926,1.);
#926 = DIRECTION('',(-1.,0.,0.));
#927 = ORIENTED_EDGE('',*,*,#928,.F.);
#928 = EDGE_CURVE('',#929,#921,#931,.T.);
#929 = VERTEX_POINT('',#930);
#930 = CARTESIAN_POINT('',(32.351357,3.945602,0.));
#931 = CIRCLE('',#932,0.360001506455);
#932 = AXIS2_PLACEMENT_3D('',#933,#934,#935);
#933 = CARTESIAN_POINT('',(31.991355493549,3.945600493549,0.));
#934 = DIRECTION('',(0.,0.,1.));
#935 = DIRECTION('',(0.999999999991,4.184569606825E-06,-0.));
#936 = ORIENTED_EDGE('',*,*,#937,.F.);
#937 = EDGE_CURVE('',#938,#929,#940,.T.);
#938 = VERTEX_POINT('',#939);
#939 = CARTESIAN_POINT('',(32.351357,-9.334398,0.));
#940 = LINE('',#941,#942);
#941 = CARTESIAN_POINT('',(32.351357,-9.334398,0.));
#942 = VECTOR('',#943,1.);
#943 = DIRECTION('',(0.,1.,0.));
#944 = ORIENTED_EDGE('',*,*,#945,.F.);
#945 = EDGE_CURVE('',#946,#938,#948,.T.);
#946 = VERTEX_POINT('',#947);
#947 = CARTESIAN_POINT('',(31.991357,-9.694398,0.));
#948 = CIRCLE('',#949,0.360001506455);
#949 = AXIS2_PLACEMENT_3D('',#950,#951,#952);
#950 = CARTESIAN_POINT('',(31.991355493549,-9.334396493549,0.));
#951 = DIRECTION('',(0.,0.,1.));
#952 = DIRECTION('',(4.18456961546E-06,-0.999999999991,0.));
#953 = ORIENTED_EDGE('',*,*,#954,.F.);
#954 = EDGE_CURVE('',#955,#946,#957,.T.);
#955 = VERTEX_POINT('',#956);
#956 = CARTESIAN_POINT('',(18.711357,-9.694398,0.));
#957 = LINE('',#958,#959);
#958 = CARTESIAN_POINT('',(18.711357,-9.694398,0.));
#959 = VECTOR('',#960,1.);
#960 = DIRECTION('',(1.,0.,0.));
#961 = ORIENTED_EDGE('',*,*,#962,.F.);
#962 = EDGE_CURVE('',#963,#955,#965,.T.);
#963 = VERTEX_POINT('',#964);
#964 = CARTESIAN_POINT('',(18.351357,-9.334398,0.));
#965 = CIRCLE('',#966,0.360001506455);
#966 = AXIS2_PLACEMENT_3D('',#967,#968,#969);
#967 = CARTESIAN_POINT('',(18.711358506451,-9.334396493549,0.));
#968 = DIRECTION('',(0.,0.,1.));
#969 = DIRECTION('',(-0.999999999991,-4.184569585855E-06,0.));
#970 = ORIENTED_EDGE('',*,*,#971,.F.);
#971 = EDGE_CURVE('',#912,#963,#972,.T.);
#972 = LINE('',#973,#974);
#973 = CARTESIAN_POINT('',(18.351357,3.945602,0.));
#974 = VECTOR('',#975,1.);
#975 = DIRECTION('',(0.,-1.,0.));
#976 = FACE_BOUND('',#977,.F.);
#977 = EDGE_LOOP('',(#978,#989,#997,#1006,#1014,#1023,#1031,#1040));
#978 = ORIENTED_EDGE('',*,*,#979,.F.);
#979 = EDGE_CURVE('',#980,#982,#984,.T.);
#980 = VERTEX_POINT('',#981);
#981 = CARTESIAN_POINT('',(37.711357,-5.694398,0.));
#982 = VERTEX_POINT('',#983);
#983 = CARTESIAN_POINT('',(37.351357,-6.054398,0.));
#984 = CIRCLE('',#985,0.360001506454);
#985 = AXIS2_PLACEMENT_3D('',#986,#987,#988);
#986 = CARTESIAN_POINT('',(37.711358506451,-6.054399506451,0.));
#987 = DIRECTION('',(0.,0.,1.));
#988 = DIRECTION('',(-4.184569566117E-06,0.999999999991,0.));
#989 = ORIENTED_EDGE('',*,*,#990,.F.);
#990 = EDGE_CURVE('',#991,#980,#993,.T.);
#991 = VERTEX_POINT('',#992);
#992 = CARTESIAN_POINT('',(50.991357,-5.694398,0.));
#993 = LINE('',#994,#995);
#994 = CARTESIAN_POINT('',(50.991357,-5.694398,0.));
#995 = VECTOR('',#996,1.);
#996 = DIRECTION('',(-1.,0.,0.));
#997 = ORIENTED_EDGE('',*,*,#998,.F.);
#998 = EDGE_CURVE('',#999,#991,#1001,.T.);
#999 = VERTEX_POINT('',#1000);
#1000 = CARTESIAN_POINT('',(51.351357,-6.054398,0.));
#1001 = CIRCLE('',#1002,0.360001506455);
#1002 = AXIS2_PLACEMENT_3D('',#1003,#1004,#1005);
#1003 = CARTESIAN_POINT('',(50.991355493549,-6.054399506451,0.));
#1004 = DIRECTION('',(0.,0.,1.));
#1005 = DIRECTION('',(0.999999999991,4.184569605592E-06,-0.));
#1006 = ORIENTED_EDGE('',*,*,#1007,.F.);
#1007 = EDGE_CURVE('',#1008,#999,#1010,.T.);
#1008 = VERTEX_POINT('',#1009);
#1009 = CARTESIAN_POINT('',(51.351357,-19.334398,0.));
#1010 = LINE('',#1011,#1012);
#1011 = CARTESIAN_POINT('',(51.351357,-19.334398,0.));
#1012 = VECTOR('',#1013,1.);
#1013 = DIRECTION('',(0.,1.,0.));
#1014 = ORIENTED_EDGE('',*,*,#1015,.F.);
#1015 = EDGE_CURVE('',#1016,#1008,#1018,.T.);
#1016 = VERTEX_POINT('',#1017);
#1017 = CARTESIAN_POINT('',(50.991357,-19.694398,0.));
#1018 = CIRCLE('',#1019,0.360001506455);
#1019 = AXIS2_PLACEMENT_3D('',#1020,#1021,#1022);
#1020 = CARTESIAN_POINT('',(50.991355493549,-19.33439649354,0.));
#1021 = DIRECTION('',(0.,0.,1.));
#1022 = DIRECTION('',(4.184569605592E-06,-0.999999999991,0.));
#1023 = ORIENTED_EDGE('',*,*,#1024,.F.);
#1024 = EDGE_CURVE('',#1025,#1016,#1027,.T.);
#1025 = VERTEX_POINT('',#1026);
#1026 = CARTESIAN_POINT('',(37.711357,-19.694398,0.));
#1027 = LINE('',#1028,#1029);
#1028 = CARTESIAN_POINT('',(37.711357,-19.694398,0.));
#1029 = VECTOR('',#1030,1.);
#1030 = DIRECTION('',(1.,0.,0.));
#1031 = ORIENTED_EDGE('',*,*,#1032,.F.);
#1032 = EDGE_CURVE('',#1033,#1025,#1035,.T.);
#1033 = VERTEX_POINT('',#1034);
#1034 = CARTESIAN_POINT('',(37.351357,-19.334398,0.));
#1035 = CIRCLE('',#1036,0.360001506454);
#1036 = AXIS2_PLACEMENT_3D('',#1037,#1038,#1039);
#1037 = CARTESIAN_POINT('',(37.711358506451,-19.33439649354,0.));
#1038 = DIRECTION('',(0.,0.,1.));
#1039 = DIRECTION('',(-0.999999999991,-4.184569566117E-06,0.));
#1040 = ORIENTED_EDGE('',*,*,#1041,.F.);
#1041 = EDGE_CURVE('',#982,#1033,#1042,.T.);
#1042 = LINE('',#1043,#1044);
#1043 = CARTESIAN_POINT('',(37.351357,-6.054398,0.));
#1044 = VECTOR('',#1045,1.);
#1045 = DIRECTION('',(0.,-1.,0.));
#1046 = FACE_BOUND('',#1047,.F.);
#1047 = EDGE_LOOP('',(#1048,#1059,#1067,#1076,#1084,#1093,#1101,#1110));
#1048 = ORIENTED_EDGE('',*,*,#1049,.F.);
#1049 = EDGE_CURVE('',#1050,#1052,#1054,.T.);
#1050 = VERTEX_POINT('',#1051);
#1051 = CARTESIAN_POINT('',(56.711357,-0.694398,0.));
#1052 = VERTEX_POINT('',#1053);
#1053 = CARTESIAN_POINT('',(56.351357,-1.054398,0.));
#1054 = CIRCLE('',#1055,0.360001506454);
#1055 = AXIS2_PLACEMENT_3D('',#1056,#1057,#1058);
#1056 = CARTESIAN_POINT('',(56.711358506451,-1.054399506451,0.));
#1057 = DIRECTION('',(0.,0.,1.));
#1058 = DIRECTION('',(-4.184569566117E-06,0.999999999991,0.));
#1059 = ORIENTED_EDGE('',*,*,#1060,.F.);
#1060 = EDGE_CURVE('',#1061,#1050,#1063,.T.);
#1061 = VERTEX_POINT('',#1062);
#1062 = CARTESIAN_POINT('',(69.991357,-0.694398,0.));
#1063 = LINE('',#1064,#1065);
#1064 = CARTESIAN_POINT('',(69.991357,-0.694398,0.));
#1065 = VECTOR('',#1066,1.);
#1066 = DIRECTION('',(-1.,0.,0.));
#1067 = ORIENTED_EDGE('',*,*,#1068,.F.);
#1068 = EDGE_CURVE('',#1069,#1061,#1071,.T.);
#1069 = VERTEX_POINT('',#1070);
#1070 = CARTESIAN_POINT('',(70.351357,-1.054398,0.));
#1071 = CIRCLE('',#1072,0.360001506454);
#1072 = AXIS2_PLACEMENT_3D('',#1073,#1074,#1075);
#1073 = CARTESIAN_POINT('',(69.991355493549,-1.054399506451,0.));
#1074 = DIRECTION('',(0.,0.,1.));
#1075 = DIRECTION('',(0.999999999991,4.184569556249E-06,-0.));
#1076 = ORIENTED_EDGE('',*,*,#1077,.F.);
#1077 = EDGE_CURVE('',#1078,#1069,#1080,.T.);
#1078 = VERTEX_POINT('',#1079);
#1079 = CARTESIAN_POINT('',(70.351357,-14.334398,0.));
#1080 = LINE('',#1081,#1082);
#1081 = CARTESIAN_POINT('',(70.351357,-14.334398,0.));
#1082 = VECTOR('',#1083,1.);
#1083 = DIRECTION('',(0.,1.,0.));
#1084 = ORIENTED_EDGE('',*,*,#1085,.F.);
#1085 = EDGE_CURVE('',#1086,#1078,#1088,.T.);
#1086 = VERTEX_POINT('',#1087);
#1087 = CARTESIAN_POINT('',(69.991357,-14.694398,0.));
#1088 = CIRCLE('',#1089,0.360001506454);
#1089 = AXIS2_PLACEMENT_3D('',#1090,#1091,#1092);
#1090 = CARTESIAN_POINT('',(69.991355493549,-14.33439649354,0.));
#1091 = DIRECTION('',(0.,0.,1.));
#1092 = DIRECTION('',(4.18456954638E-06,-0.999999999991,0.));
#1093 = ORIENTED_EDGE('',*,*,#1094,.F.);
#1094 = EDGE_CURVE('',#1095,#1086,#1097,.T.);
#1095 = VERTEX_POINT('',#1096);
#1096 = CARTESIAN_POINT('',(56.711357,-14.694398,0.));
#1097 = LINE('',#1098,#1099);
#1098 = CARTESIAN_POINT('',(56.711357,-14.694398,0.));
#1099 = VECTOR('',#1100,1.);
#1100 = DIRECTION('',(1.,0.,0.));
#1101 = ORIENTED_EDGE('',*,*,#1102,.F.);
#1102 = EDGE_CURVE('',#1103,#1095,#1105,.T.);
#1103 = VERTEX_POINT('',#1104);
#1104 = CARTESIAN_POINT('',(56.351357,-14.334398,0.));
#1105 = CIRCLE('',#1106,0.360001506454);
#1106 = AXIS2_PLACEMENT_3D('',#1107,#1108,#1109);
#1107 = CARTESIAN_POINT('',(56.711358506451,-14.33439649354,0.));
#1108 = DIRECTION('',(0.,0.,1.));
#1109 = DIRECTION('',(-0.999999999991,-4.184569566117E-06,0.));
#1110 = ORIENTED_EDGE('',*,*,#1111,.F.);
#1111 = EDGE_CURVE('',#1052,#1103,#1112,.T.);
#1112 = LINE('',#1113,#1114);
#1113 = CARTESIAN_POINT('',(56.351357,-1.054398,0.));
#1114 = VECTOR('',#1115,1.);
#1115 = DIRECTION('',(0.,-1.,0.));
#1116 = FACE_BOUND('',#1117,.F.);
#1117 = EDGE_LOOP('',(#1118,#1129,#1137,#1146,#1154,#1163,#1171,#1180));
#1118 = ORIENTED_EDGE('',*,*,#1119,.F.);
#1119 = EDGE_CURVE('',#1120,#1122,#1124,.T.);
#1120 = VERTEX_POINT('',#1121);
#1121 = CARTESIAN_POINT('',(-38.288643,19.305602,0.));
#1122 = VERTEX_POINT('',#1123);
#1123 = CARTESIAN_POINT('',(-38.648643,18.945602,0.));
#1124 = CIRCLE('',#1125,0.360001506454);
#1125 = AXIS2_PLACEMENT_3D('',#1126,#1127,#1128);
#1126 = CARTESIAN_POINT('',(-38.28864149354,18.945600493549,0.));
#1127 = DIRECTION('',(0.,0.,1.));
#1128 = DIRECTION('',(-4.184569566117E-06,0.999999999991,0.));
#1129 = ORIENTED_EDGE('',*,*,#1130,.F.);
#1130 = EDGE_CURVE('',#1131,#1120,#1133,.T.);
#1131 = VERTEX_POINT('',#1132);
#1132 = CARTESIAN_POINT('',(-25.008643,19.305602,0.));
#1133 = LINE('',#1134,#1135);
#1134 = CARTESIAN_POINT('',(-25.008643,19.305602,0.));
#1135 = VECTOR('',#1136,1.);
#1136 = DIRECTION('',(-1.,0.,0.));
#1137 = ORIENTED_EDGE('',*,*,#1138,.F.);
#1138 = EDGE_CURVE('',#1139,#1131,#1141,.T.);
#1139 = VERTEX_POINT('',#1140);
#1140 = CARTESIAN_POINT('',(-24.648643,18.945602,0.));
#1141 = CIRCLE('',#1142,0.360001506455);
#1142 = AXIS2_PLACEMENT_3D('',#1143,#1144,#1145);
#1143 = CARTESIAN_POINT('',(-25.00864450645,18.945600493549,0.));
#1144 = DIRECTION('',(0.,0.,1.));
#1145 = DIRECTION('',(0.999999999991,4.184569575986E-06,-0.));
#1146 = ORIENTED_EDGE('',*,*,#1147,.F.);
#1147 = EDGE_CURVE('',#1148,#1139,#1150,.T.);
#1148 = VERTEX_POINT('',#1149);
#1149 = CARTESIAN_POINT('',(-24.648643,5.665602,0.));
#1150 = LINE('',#1151,#1152);
#1151 = CARTESIAN_POINT('',(-24.648643,5.665602,0.));
#1152 = VECTOR('',#1153,1.);
#1153 = DIRECTION('',(0.,1.,0.));
#1154 = ORIENTED_EDGE('',*,*,#1155,.F.);
#1155 = EDGE_CURVE('',#1156,#1148,#1158,.T.);
#1156 = VERTEX_POINT('',#1157);
#1157 = CARTESIAN_POINT('',(-25.008643,5.305602,0.));
#1158 = CIRCLE('',#1159,0.360001506455);
#1159 = AXIS2_PLACEMENT_3D('',#1160,#1161,#1162);
#1160 = CARTESIAN_POINT('',(-25.00864450645,5.665603506451,0.));
#1161 = DIRECTION('',(0.,0.,1.));
#1162 = DIRECTION('',(4.184569575986E-06,-0.999999999991,0.));
#1163 = ORIENTED_EDGE('',*,*,#1164,.F.);
#1164 = EDGE_CURVE('',#1165,#1156,#1167,.T.);
#1165 = VERTEX_POINT('',#1166);
#1166 = CARTESIAN_POINT('',(-38.288643,5.305602,0.));
#1167 = LINE('',#1168,#1169);
#1168 = CARTESIAN_POINT('',(-38.288643,5.305602,0.));
#1169 = VECTOR('',#1170,1.);
#1170 = DIRECTION('',(1.,0.,0.));
#1171 = ORIENTED_EDGE('',*,*,#1172,.F.);
#1172 = EDGE_CURVE('',#1173,#1165,#1175,.T.);
#1173 = VERTEX_POINT('',#1174);
#1174 = CARTESIAN_POINT('',(-38.648643,5.665602,0.));
#1175 = CIRCLE('',#1176,0.360001506454);
#1176 = AXIS2_PLACEMENT_3D('',#1177,#1178,#1179);
#1177 = CARTESIAN_POINT('',(-38.28864149354,5.665603506451,0.));
#1178 = DIRECTION('',(0.,0.,1.));
#1179 = DIRECTION('',(-0.999999999991,-4.184569566117E-06,0.));
#1180 = ORIENTED_EDGE('',*,*,#1181,.F.);
#1181 = EDGE_CURVE('',#1122,#1173,#1182,.T.);
#1182 = LINE('',#1183,#1184);
#1183 = CARTESIAN_POINT('',(-38.648643,18.945602,0.));
#1184 = VECTOR('',#1185,1.);
#1185 = DIRECTION('',(0.,-1.,0.));
#1186 = FACE_BOUND('',#1187,.F.);
#1187 = EDGE_LOOP('',(#1188,#1199,#1207,#1216,#1224,#1233,#1241,#1250));
#1188 = ORIENTED_EDGE('',*,*,#1189,.F.);
#1189 = EDGE_CURVE('',#1190,#1192,#1194,.T.);
#1190 = VERTEX_POINT('',#1191);
#1191 = CARTESIAN_POINT('',(-19.288643,21.305602,0.));
#1192 = VERTEX_POINT('',#1193);
#1193 = CARTESIAN_POINT('',(-19.648643,20.945602,0.));
#1194 = CIRCLE('',#1195,0.360001506455);
#1195 = AXIS2_PLACEMENT_3D('',#1196,#1197,#1198);
#1196 = CARTESIAN_POINT('',(-19.28864149354,20.945600493549,0.));
#1197 = DIRECTION('',(0.,0.,1.));
#1198 = DIRECTION('',(-4.184569575986E-06,0.999999999991,0.));
#1199 = ORIENTED_EDGE('',*,*,#1200,.F.);
#1200 = EDGE_CURVE('',#1201,#1190,#1203,.T.);
#1201 = VERTEX_POINT('',#1202);
#1202 = CARTESIAN_POINT('',(-6.008643,21.305602,0.));
#1203 = LINE('',#1204,#1205);
#1204 = CARTESIAN_POINT('',(-6.008643,21.305602,0.));
#1205 = VECTOR('',#1206,1.);
#1206 = DIRECTION('',(-1.,0.,0.));
#1207 = ORIENTED_EDGE('',*,*,#1208,.F.);
#1208 = EDGE_CURVE('',#1209,#1201,#1211,.T.);
#1209 = VERTEX_POINT('',#1210);
#1210 = CARTESIAN_POINT('',(-5.648643,20.945602,0.));
#1211 = CIRCLE('',#1212,0.360001506455);
#1212 = AXIS2_PLACEMENT_3D('',#1213,#1214,#1215);
#1213 = CARTESIAN_POINT('',(-6.008644506451,20.945600493549,0.));
#1214 = DIRECTION('',(0.,0.,1.));
#1215 = DIRECTION('',(0.999999999991,4.184569575986E-06,-0.));
#1216 = ORIENTED_EDGE('',*,*,#1217,.F.);
#1217 = EDGE_CURVE('',#1218,#1209,#1220,.T.);
#1218 = VERTEX_POINT('',#1219);
#1219 = CARTESIAN_POINT('',(-5.648643,7.665602,0.));
#1220 = LINE('',#1221,#1222);
#1221 = CARTESIAN_POINT('',(-5.648643,7.665602,0.));
#1222 = VECTOR('',#1223,1.);
#1223 = DIRECTION('',(0.,1.,0.));
#1224 = ORIENTED_EDGE('',*,*,#1225,.F.);
#1225 = EDGE_CURVE('',#1226,#1218,#1228,.T.);
#1226 = VERTEX_POINT('',#1227);
#1227 = CARTESIAN_POINT('',(-6.008643,7.305602,0.));
#1228 = CIRCLE('',#1229,0.360001506455);
#1229 = AXIS2_PLACEMENT_3D('',#1230,#1231,#1232);
#1230 = CARTESIAN_POINT('',(-6.008644506451,7.665603506451,0.));
#1231 = DIRECTION('',(0.,0.,1.));
#1232 = DIRECTION('',(4.184569578453E-06,-0.999999999991,0.));
#1233 = ORIENTED_EDGE('',*,*,#1234,.F.);
#1234 = EDGE_CURVE('',#1235,#1226,#1237,.T.);
#1235 = VERTEX_POINT('',#1236);
#1236 = CARTESIAN_POINT('',(-19.288643,7.305602,0.));
#1237 = LINE('',#1238,#1239);
#1238 = CARTESIAN_POINT('',(-19.288643,7.305602,0.));
#1239 = VECTOR('',#1240,1.);
#1240 = DIRECTION('',(1.,0.,0.));
#1241 = ORIENTED_EDGE('',*,*,#1242,.F.);
#1242 = EDGE_CURVE('',#1243,#1235,#1245,.T.);
#1243 = VERTEX_POINT('',#1244);
#1244 = CARTESIAN_POINT('',(-19.648643,7.665602,0.));
#1245 = CIRCLE('',#1246,0.360001506455);
#1246 = AXIS2_PLACEMENT_3D('',#1247,#1248,#1249);
#1247 = CARTESIAN_POINT('',(-19.28864149354,7.665603506451,0.));
#1248 = DIRECTION('',(0.,0.,1.));
#1249 = DIRECTION('',(-0.999999999991,-4.184569583387E-06,0.));
#1250 = ORIENTED_EDGE('',*,*,#1251,.F.);
#1251 = EDGE_CURVE('',#1192,#1243,#1252,.T.);
#1252 = LINE('',#1253,#1254);
#1253 = CARTESIAN_POINT('',(-19.648643,20.945602,0.));
#1254 = VECTOR('',#1255,1.);
#1255 = DIRECTION('',(0.,-1.,0.));
#1256 = FACE_BOUND('',#1257,.F.);
#1257 = EDGE_LOOP('',(#1258));
#1258 = ORIENTED_EDGE('',*,*,#1259,.T.);
#1259 = EDGE_CURVE('',#1260,#1260,#1262,.T.);
#1260 = VERTEX_POINT('',#1261);
#1261 = CARTESIAN_POINT('',(-22.648643,20.705602,0.));
#1262 = CIRCLE('',#1263,1.1);
#1263 = AXIS2_PLACEMENT_3D('',#1264,#1265,#1266);
#1264 = CARTESIAN_POINT('',(-22.648643,21.805602,0.));
#1265 = DIRECTION('',(-0.,0.,-1.));
#1266 = DIRECTION('',(-0.,-1.,0.));
#1267 = FACE_BOUND('',#1268,.F.);
#1268 = EDGE_LOOP('',(#1269,#1280,#1288,#1297,#1305,#1314,#1322,#1331));
#1269 = ORIENTED_EDGE('',*,*,#1270,.F.);
#1270 = EDGE_CURVE('',#1271,#1273,#1275,.T.);
#1271 = VERTEX_POINT('',#1272);
#1272 = CARTESIAN_POINT('',(-38.288643,38.305602,0.));
#1273 = VERTEX_POINT('',#1274);
#1274 = CARTESIAN_POINT('',(-38.648643,37.945602,0.));
#1275 = CIRCLE('',#1276,0.360001506455);
#1276 = AXIS2_PLACEMENT_3D('',#1277,#1278,#1279);
#1277 = CARTESIAN_POINT('',(-38.28864149354,37.945600493549,0.));
#1278 = DIRECTION('',(0.,0.,1.));
#1279 = DIRECTION('',(-4.184569585854E-06,0.999999999991,0.));
#1280 = ORIENTED_EDGE('',*,*,#1281,.F.);
#1281 = EDGE_CURVE('',#1282,#1271,#1284,.T.);
#1282 = VERTEX_POINT('',#1283);
#1283 = CARTESIAN_POINT('',(-25.008643,38.305602,0.));
#1284 = LINE('',#1285,#1286);
#1285 = CARTESIAN_POINT('',(-25.008643,38.305602,0.));
#1286 = VECTOR('',#1287,1.);
#1287 = DIRECTION('',(-1.,0.,0.));
#1288 = ORIENTED_EDGE('',*,*,#1289,.F.);
#1289 = EDGE_CURVE('',#1290,#1282,#1292,.T.);
#1290 = VERTEX_POINT('',#1291);
#1291 = CARTESIAN_POINT('',(-24.648643,37.945602,0.));
#1292 = CIRCLE('',#1293,0.360001506455);
#1293 = AXIS2_PLACEMENT_3D('',#1294,#1295,#1296);
#1294 = CARTESIAN_POINT('',(-25.00864450645,37.945600493549,0.));
#1295 = DIRECTION('',(0.,0.,1.));
#1296 = DIRECTION('',(0.999999999991,4.184569605592E-06,-0.));
#1297 = ORIENTED_EDGE('',*,*,#1298,.F.);
#1298 = EDGE_CURVE('',#1299,#1290,#1301,.T.);
#1299 = VERTEX_POINT('',#1300);
#1300 = CARTESIAN_POINT('',(-24.648643,24.665602,0.));
#1301 = LINE('',#1302,#1303);
#1302 = CARTESIAN_POINT('',(-24.648643,24.665602,0.));
#1303 = VECTOR('',#1304,1.);
#1304 = DIRECTION('',(0.,1.,0.));
#1305 = ORIENTED_EDGE('',*,*,#1306,.F.);
#1306 = EDGE_CURVE('',#1307,#1299,#1309,.T.);
#1307 = VERTEX_POINT('',#1308);
#1308 = CARTESIAN_POINT('',(-25.008643,24.305602,0.));
#1309 = CIRCLE('',#1310,0.360001506455);
#1310 = AXIS2_PLACEMENT_3D('',#1311,#1312,#1313);
#1311 = CARTESIAN_POINT('',(-25.00864450645,24.665603506451,0.));
#1312 = DIRECTION('',(0.,0.,1.));
#1313 = DIRECTION('',(4.184569575986E-06,-0.999999999991,0.));
#1314 = ORIENTED_EDGE('',*,*,#1315,.F.);
#1315 = EDGE_CURVE('',#1316,#1307,#1318,.T.);
#1316 = VERTEX_POINT('',#1317);
#1317 = CARTESIAN_POINT('',(-38.288643,24.305602,0.));
#1318 = LINE('',#1319,#1320);
#1319 = CARTESIAN_POINT('',(-38.288643,24.305602,0.));
#1320 = VECTOR('',#1321,1.);
#1321 = DIRECTION('',(1.,0.,0.));
#1322 = ORIENTED_EDGE('',*,*,#1323,.F.);
#1323 = EDGE_CURVE('',#1324,#1316,#1326,.T.);
#1324 = VERTEX_POINT('',#1325);
#1325 = CARTESIAN_POINT('',(-38.648643,24.665602,0.));
#1326 = CIRCLE('',#1327,0.360001506454);
#1327 = AXIS2_PLACEMENT_3D('',#1328,#1329,#1330);
#1328 = CARTESIAN_POINT('',(-38.28864149354,24.665603506451,0.));
#1329 = DIRECTION('',(0.,0.,1.));
#1330 = DIRECTION('',(-0.999999999991,-4.184569566117E-06,0.));
#1331 = ORIENTED_EDGE('',*,*,#1332,.F.);
#1332 = EDGE_CURVE('',#1273,#1324,#1333,.T.);
#1333 = LINE('',#1334,#1335);
#1334 = CARTESIAN_POINT('',(-38.648643,37.945602,0.));
#1335 = VECTOR('',#1336,1.);
#1336 = DIRECTION('',(0.,-1.,0.));
#1337 = FACE_BOUND('',#1338,.F.);
#1338 = EDGE_LOOP('',(#1339,#1350,#1358,#1367,#1375,#1384,#1392,#1401));
#1339 = ORIENTED_EDGE('',*,*,#1340,.F.);
#1340 = EDGE_CURVE('',#1341,#1343,#1345,.T.);
#1341 = VERTEX_POINT('',#1342);
#1342 = CARTESIAN_POINT('',(-19.288643,40.305602,0.));
#1343 = VERTEX_POINT('',#1344);
#1344 = CARTESIAN_POINT('',(-19.648643,39.945602,0.));
#1345 = CIRCLE('',#1346,0.360001506455);
#1346 = AXIS2_PLACEMENT_3D('',#1347,#1348,#1349);
#1347 = CARTESIAN_POINT('',(-19.28864149354,39.945600493549,0.));
#1348 = DIRECTION('',(0.,0.,1.));
#1349 = DIRECTION('',(-4.184569605592E-06,0.999999999991,0.));
#1350 = ORIENTED_EDGE('',*,*,#1351,.F.);
#1351 = EDGE_CURVE('',#1352,#1341,#1354,.T.);
#1352 = VERTEX_POINT('',#1353);
#1353 = CARTESIAN_POINT('',(-6.008643,40.305602,0.));
#1354 = LINE('',#1355,#1356);
#1355 = CARTESIAN_POINT('',(-6.008643,40.305602,0.));
#1356 = VECTOR('',#1357,1.);
#1357 = DIRECTION('',(-1.,0.,0.));
#1358 = ORIENTED_EDGE('',*,*,#1359,.F.);
#1359 = EDGE_CURVE('',#1360,#1352,#1362,.T.);
#1360 = VERTEX_POINT('',#1361);
#1361 = CARTESIAN_POINT('',(-5.648643,39.945602,0.));
#1362 = CIRCLE('',#1363,0.360001506455);
#1363 = AXIS2_PLACEMENT_3D('',#1364,#1365,#1366);
#1364 = CARTESIAN_POINT('',(-6.008644506451,39.945600493549,0.));
#1365 = DIRECTION('',(0.,0.,1.));
#1366 = DIRECTION('',(0.999999999991,4.184569605592E-06,-0.));
#1367 = ORIENTED_EDGE('',*,*,#1368,.F.);
#1368 = EDGE_CURVE('',#1369,#1360,#1371,.T.);
#1369 = VERTEX_POINT('',#1370);
#1370 = CARTESIAN_POINT('',(-5.648643,26.665602,0.));
#1371 = LINE('',#1372,#1373);
#1372 = CARTESIAN_POINT('',(-5.648643,26.665602,0.));
#1373 = VECTOR('',#1374,1.);
#1374 = DIRECTION('',(0.,1.,0.));
#1375 = ORIENTED_EDGE('',*,*,#1376,.F.);
#1376 = EDGE_CURVE('',#1377,#1369,#1379,.T.);
#1377 = VERTEX_POINT('',#1378);
#1378 = CARTESIAN_POINT('',(-6.008643,26.305602,0.));
#1379 = CIRCLE('',#1380,0.360001506455);
#1380 = AXIS2_PLACEMENT_3D('',#1381,#1382,#1383);
#1381 = CARTESIAN_POINT('',(-6.008644506451,26.665603506451,0.));
#1382 = DIRECTION('',(0.,0.,1.));
#1383 = DIRECTION('',(4.184569578453E-06,-0.999999999991,0.));
#1384 = ORIENTED_EDGE('',*,*,#1385,.F.);
#1385 = EDGE_CURVE('',#1386,#1377,#1388,.T.);
#1386 = VERTEX_POINT('',#1387);
#1387 = CARTESIAN_POINT('',(-19.288643,26.305602,0.));
#1388 = LINE('',#1389,#1390);
#1389 = CARTESIAN_POINT('',(-19.288643,26.305602,0.));
#1390 = VECTOR('',#1391,1.);
#1391 = DIRECTION('',(1.,0.,0.));
#1392 = ORIENTED_EDGE('',*,*,#1393,.F.);
#1393 = EDGE_CURVE('',#1394,#1386,#1396,.T.);
#1394 = VERTEX_POINT('',#1395);
#1395 = CARTESIAN_POINT('',(-19.648643,26.665602,0.));
#1396 = CIRCLE('',#1397,0.360001506455);
#1397 = AXIS2_PLACEMENT_3D('',#1398,#1399,#1400);
#1398 = CARTESIAN_POINT('',(-19.28864149354,26.665603506451,0.));
#1399 = DIRECTION('',(0.,0.,1.));
#1400 = DIRECTION('',(-0.999999999991,-4.184569575986E-06,0.));
#1401 = ORIENTED_EDGE('',*,*,#1402,.F.);
#1402 = EDGE_CURVE('',#1343,#1394,#1403,.T.);
#1403 = LINE('',#1404,#1405);
#1404 = CARTESIAN_POINT('',(-19.648643,39.945602,0.));
#1405 = VECTOR('',#1406,1.);
#1406 = DIRECTION('',(0.,-1.,0.));
#1407 = FACE_BOUND('',#1408,.F.);
#1408 = EDGE_LOOP('',(#1409,#1420,#1428,#1437,#1445,#1454,#1462,#1471));
#1409 = ORIENTED_EDGE('',*,*,#1410,.F.);
#1410 = EDGE_CURVE('',#1411,#1413,#1415,.T.);
#1411 = VERTEX_POINT('',#1412);
#1412 = CARTESIAN_POINT('',(-0.288643,24.305602,0.));
#1413 = VERTEX_POINT('',#1414);
#1414 = CARTESIAN_POINT('',(-0.648643,23.945602,0.));
#1415 = CIRCLE('',#1416,0.360001506455);
#1416 = AXIS2_PLACEMENT_3D('',#1417,#1418,#1419);
#1417 = CARTESIAN_POINT('',(-0.288641493549,23.945600493549,0.));
#1418 = DIRECTION('',(0.,0.,1.));
#1419 = DIRECTION('',(-4.184569581845E-06,0.999999999991,0.));
#1420 = ORIENTED_EDGE('',*,*,#1421,.F.);
#1421 = EDGE_CURVE('',#1422,#1411,#1424,.T.);
#1422 = VERTEX_POINT('',#1423);
#1423 = CARTESIAN_POINT('',(12.991357,24.305602,0.));
#1424 = LINE('',#1425,#1426);
#1425 = CARTESIAN_POINT('',(12.991357,24.305602,0.));
#1426 = VECTOR('',#1427,1.);
#1427 = DIRECTION('',(-1.,0.,0.));
#1428 = ORIENTED_EDGE('',*,*,#1429,.F.);
#1429 = EDGE_CURVE('',#1430,#1422,#1432,.T.);
#1430 = VERTEX_POINT('',#1431);
#1431 = CARTESIAN_POINT('',(13.351357,23.945602,0.));
#1432 = CIRCLE('',#1433,0.360001506455);
#1433 = AXIS2_PLACEMENT_3D('',#1434,#1435,#1436);
#1434 = CARTESIAN_POINT('',(12.991355493549,23.945600493549,0.));
#1435 = DIRECTION('',(0.,0.,1.));
#1436 = DIRECTION('',(0.999999999991,4.184569575986E-06,-0.));
#1437 = ORIENTED_EDGE('',*,*,#1438,.F.);
#1438 = EDGE_CURVE('',#1439,#1430,#1441,.T.);
#1439 = VERTEX_POINT('',#1440);
#1440 = CARTESIAN_POINT('',(13.351357,10.665602,0.));
#1441 = LINE('',#1442,#1443);
#1442 = CARTESIAN_POINT('',(13.351357,10.665602,0.));
#1443 = VECTOR('',#1444,1.);
#1444 = DIRECTION('',(0.,1.,0.));
#1445 = ORIENTED_EDGE('',*,*,#1446,.F.);
#1446 = EDGE_CURVE('',#1447,#1439,#1449,.T.);
#1447 = VERTEX_POINT('',#1448);
#1448 = CARTESIAN_POINT('',(12.991357,10.305602,0.));
#1449 = CIRCLE('',#1450,0.360001506455);
#1450 = AXIS2_PLACEMENT_3D('',#1451,#1452,#1453);
#1451 = CARTESIAN_POINT('',(12.991355493549,10.665603506451,0.));
#1452 = DIRECTION('',(0.,0.,1.));
#1453 = DIRECTION('',(4.184569585855E-06,-0.999999999991,0.));
#1454 = ORIENTED_EDGE('',*,*,#1455,.F.);
#1455 = EDGE_CURVE('',#1456,#1447,#1458,.T.);
#1456 = VERTEX_POINT('',#1457);
#1457 = CARTESIAN_POINT('',(-0.288643,10.305602,0.));
#1458 = LINE('',#1459,#1460);
#1459 = CARTESIAN_POINT('',(-0.288643,10.305602,0.));
#1460 = VECTOR('',#1461,1.);
#1461 = DIRECTION('',(1.,0.,0.));
#1462 = ORIENTED_EDGE('',*,*,#1463,.F.);
#1463 = EDGE_CURVE('',#1464,#1456,#1466,.T.);
#1464 = VERTEX_POINT('',#1465);
#1465 = CARTESIAN_POINT('',(-0.648643,10.665602,0.));
#1466 = CIRCLE('',#1467,0.360001506455);
#1467 = AXIS2_PLACEMENT_3D('',#1468,#1469,#1470);
#1468 = CARTESIAN_POINT('',(-0.288641493549,10.665603506451,0.));
#1469 = DIRECTION('',(0.,0.,1.));
#1470 = DIRECTION('',(-0.999999999991,-4.184569585855E-06,0.));
#1471 = ORIENTED_EDGE('',*,*,#1472,.F.);
#1472 = EDGE_CURVE('',#1413,#1464,#1473,.T.);
#1473 = LINE('',#1474,#1475);
#1474 = CARTESIAN_POINT('',(-0.648643,23.945602,0.));
#1475 = VECTOR('',#1476,1.);
#1476 = DIRECTION('',(0.,-1.,0.));
#1477 = FACE_BOUND('',#1478,.F.);
#1478 = EDGE_LOOP('',(#1479,#1490,#1498,#1507,#1515,#1524,#1532,#1541));
#1479 = ORIENTED_EDGE('',*,*,#1480,.F.);
#1480 = EDGE_CURVE('',#1481,#1483,#1485,.T.);
#1481 = VERTEX_POINT('',#1482);
#1482 = CARTESIAN_POINT('',(18.711357,23.305602,0.));
#1483 = VERTEX_POINT('',#1484);
#1484 = CARTESIAN_POINT('',(18.351357,22.945602,0.));
#1485 = CIRCLE('',#1486,0.360001506455);
#1486 = AXIS2_PLACEMENT_3D('',#1487,#1488,#1489);
#1487 = CARTESIAN_POINT('',(18.711358506451,22.945600493549,0.));
#1488 = DIRECTION('',(0.,0.,1.));
#1489 = DIRECTION('',(-4.184569575986E-06,0.999999999991,0.));
#1490 = ORIENTED_EDGE('',*,*,#1491,.F.);
#1491 = EDGE_CURVE('',#1492,#1481,#1494,.T.);
#1492 = VERTEX_POINT('',#1493);
#1493 = CARTESIAN_POINT('',(31.991357,23.305602,0.));
#1494 = LINE('',#1495,#1496);
#1495 = CARTESIAN_POINT('',(31.991357,23.305602,0.));
#1496 = VECTOR('',#1497,1.);
#1497 = DIRECTION('',(-1.,0.,0.));
#1498 = ORIENTED_EDGE('',*,*,#1499,.F.);
#1499 = EDGE_CURVE('',#1500,#1492,#1502,.T.);
#1500 = VERTEX_POINT('',#1501);
#1501 = CARTESIAN_POINT('',(32.351357,22.945602,0.));
#1502 = CIRCLE('',#1503,0.360001506455);
#1503 = AXIS2_PLACEMENT_3D('',#1504,#1505,#1506);
#1504 = CARTESIAN_POINT('',(31.991355493549,22.945600493549,0.));
#1505 = DIRECTION('',(0.,0.,1.));
#1506 = DIRECTION('',(0.999999999991,4.184569605592E-06,-0.));
#1507 = ORIENTED_EDGE('',*,*,#1508,.F.);
#1508 = EDGE_CURVE('',#1509,#1500,#1511,.T.);
#1509 = VERTEX_POINT('',#1510);
#1510 = CARTESIAN_POINT('',(32.351357,9.665602,0.));
#1511 = LINE('',#1512,#1513);
#1512 = CARTESIAN_POINT('',(32.351357,9.665602,0.));
#1513 = VECTOR('',#1514,1.);
#1514 = DIRECTION('',(0.,1.,0.));
#1515 = ORIENTED_EDGE('',*,*,#1516,.F.);
#1516 = EDGE_CURVE('',#1517,#1509,#1519,.T.);
#1517 = VERTEX_POINT('',#1518);
#1518 = CARTESIAN_POINT('',(31.991357,9.305602,0.));
#1519 = CIRCLE('',#1520,0.360001506455);
#1520 = AXIS2_PLACEMENT_3D('',#1521,#1522,#1523);
#1521 = CARTESIAN_POINT('',(31.991355493549,9.665603506451,0.));
#1522 = DIRECTION('',(0.,0.,1.));
#1523 = DIRECTION('',(4.18456961546E-06,-0.999999999991,0.));
#1524 = ORIENTED_EDGE('',*,*,#1525,.F.);
#1525 = EDGE_CURVE('',#1526,#1517,#1528,.T.);
#1526 = VERTEX_POINT('',#1527);
#1527 = CARTESIAN_POINT('',(18.711357,9.305602,0.));
#1528 = LINE('',#1529,#1530);
#1529 = CARTESIAN_POINT('',(18.711357,9.305602,0.));
#1530 = VECTOR('',#1531,1.);
#1531 = DIRECTION('',(1.,0.,0.));
#1532 = ORIENTED_EDGE('',*,*,#1533,.F.);
#1533 = EDGE_CURVE('',#1534,#1526,#1536,.T.);
#1534 = VERTEX_POINT('',#1535);
#1535 = CARTESIAN_POINT('',(18.351357,9.665602,0.));
#1536 = CIRCLE('',#1537,0.360001506455);
#1537 = AXIS2_PLACEMENT_3D('',#1538,#1539,#1540);
#1538 = CARTESIAN_POINT('',(18.711358506451,9.665603506451,0.));
#1539 = DIRECTION('',(0.,0.,1.));
#1540 = DIRECTION('',(-0.999999999991,-4.184569585855E-06,0.));
#1541 = ORIENTED_EDGE('',*,*,#1542,.F.);
#1542 = EDGE_CURVE('',#1483,#1534,#1543,.T.);
#1543 = LINE('',#1544,#1545);
#1544 = CARTESIAN_POINT('',(18.351357,22.945602,0.));
#1545 = VECTOR('',#1546,1.);
#1546 = DIRECTION('',(0.,-1.,0.));
#1547 = FACE_BOUND('',#1548,.F.);
#1548 = EDGE_LOOP('',(#1549,#1560,#1568,#1577,#1585,#1594,#1602,#1611));
#1549 = ORIENTED_EDGE('',*,*,#1550,.F.);
#1550 = EDGE_CURVE('',#1551,#1553,#1555,.T.);
#1551 = VERTEX_POINT('',#1552);
#1552 = CARTESIAN_POINT('',(37.711357,13.305602,0.));
#1553 = VERTEX_POINT('',#1554);
#1554 = CARTESIAN_POINT('',(37.351357,12.945602,0.));
#1555 = CIRCLE('',#1556,0.360001506454);
#1556 = AXIS2_PLACEMENT_3D('',#1557,#1558,#1559);
#1557 = CARTESIAN_POINT('',(37.711358506451,12.945600493549,0.));
#1558 = DIRECTION('',(0.,0.,1.));
#1559 = DIRECTION('',(-4.184569566117E-06,0.999999999991,0.));
#1560 = ORIENTED_EDGE('',*,*,#1561,.F.);
#1561 = EDGE_CURVE('',#1562,#1551,#1564,.T.);
#1562 = VERTEX_POINT('',#1563);
#1563 = CARTESIAN_POINT('',(50.991357,13.305602,0.));
#1564 = LINE('',#1565,#1566);
#1565 = CARTESIAN_POINT('',(50.991357,13.305602,0.));
#1566 = VECTOR('',#1567,1.);
#1567 = DIRECTION('',(-1.,0.,0.));
#1568 = ORIENTED_EDGE('',*,*,#1569,.F.);
#1569 = EDGE_CURVE('',#1570,#1562,#1572,.T.);
#1570 = VERTEX_POINT('',#1571);
#1571 = CARTESIAN_POINT('',(51.351357,12.945602,0.));
#1572 = CIRCLE('',#1573,0.360001506455);
#1573 = AXIS2_PLACEMENT_3D('',#1574,#1575,#1576);
#1574 = CARTESIAN_POINT('',(50.991355493549,12.945600493549,0.));
#1575 = DIRECTION('',(0.,0.,1.));
#1576 = DIRECTION('',(0.999999999991,4.184569610526E-06,-0.));
#1577 = ORIENTED_EDGE('',*,*,#1578,.F.);
#1578 = EDGE_CURVE('',#1579,#1570,#1581,.T.);
#1579 = VERTEX_POINT('',#1580);
#1580 = CARTESIAN_POINT('',(51.351357,-0.334398,0.));
#1581 = LINE('',#1582,#1583);
#1582 = CARTESIAN_POINT('',(51.351357,-0.334398,0.));
#1583 = VECTOR('',#1584,1.);
#1584 = DIRECTION('',(0.,1.,0.));
#1585 = ORIENTED_EDGE('',*,*,#1586,.F.);
#1586 = EDGE_CURVE('',#1587,#1579,#1589,.T.);
#1587 = VERTEX_POINT('',#1588);
#1588 = CARTESIAN_POINT('',(50.991357,-0.694398,0.));
#1589 = CIRCLE('',#1590,0.360001506455);
#1590 = AXIS2_PLACEMENT_3D('',#1591,#1592,#1593);
#1591 = CARTESIAN_POINT('',(50.991355493549,-0.334396493549,0.));
#1592 = DIRECTION('',(0.,0.,1.));
#1593 = DIRECTION('',(4.184569605592E-06,-0.999999999991,0.));
#1594 = ORIENTED_EDGE('',*,*,#1595,.F.);
#1595 = EDGE_CURVE('',#1596,#1587,#1598,.T.);
#1596 = VERTEX_POINT('',#1597);
#1597 = CARTESIAN_POINT('',(37.711357,-0.694398,0.));
#1598 = LINE('',#1599,#1600);
#1599 = CARTESIAN_POINT('',(37.711357,-0.694398,0.));
#1600 = VECTOR('',#1601,1.);
#1601 = DIRECTION('',(1.,0.,0.));
#1602 = ORIENTED_EDGE('',*,*,#1603,.F.);
#1603 = EDGE_CURVE('',#1604,#1596,#1606,.T.);
#1604 = VERTEX_POINT('',#1605);
#1605 = CARTESIAN_POINT('',(37.351357,-0.334398,0.));
#1606 = CIRCLE('',#1607,0.360001506454);
#1607 = AXIS2_PLACEMENT_3D('',#1608,#1609,#1610);
#1608 = CARTESIAN_POINT('',(37.711358506451,-0.334396493549,0.));
#1609 = DIRECTION('',(0.,0.,1.));
#1610 = DIRECTION('',(-0.999999999991,-4.184569565192E-06,0.));
#1611 = ORIENTED_EDGE('',*,*,#1612,.F.);
#1612 = EDGE_CURVE('',#1553,#1604,#1613,.T.);
#1613 = LINE('',#1614,#1615);
#1614 = CARTESIAN_POINT('',(37.351357,12.945602,0.));
#1615 = VECTOR('',#1616,1.);
#1616 = DIRECTION('',(0.,-1.,0.));
#1617 = FACE_BOUND('',#1618,.F.);
#1618 = EDGE_LOOP('',(#1619));
#1619 = ORIENTED_EDGE('',*,*,#1620,.T.);
#1620 = EDGE_CURVE('',#1621,#1621,#1623,.T.);
#1621 = VERTEX_POINT('',#1622);
#1622 = CARTESIAN_POINT('',(54.351357,0.705602,0.));
#1623 = CIRCLE('',#1624,1.1);
#1624 = AXIS2_PLACEMENT_3D('',#1625,#1626,#1627);
#1625 = CARTESIAN_POINT('',(54.351357,1.805602,0.));
#1626 = DIRECTION('',(-0.,0.,-1.));
#1627 = DIRECTION('',(-0.,-1.,0.));
#1628 = FACE_BOUND('',#1629,.F.);
#1629 = EDGE_LOOP('',(#1630,#1641,#1649,#1658,#1666,#1675,#1683,#1692));
#1630 = ORIENTED_EDGE('',*,*,#1631,.F.);
#1631 = EDGE_CURVE('',#1632,#1634,#1636,.T.);
#1632 = VERTEX_POINT('',#1633);
#1633 = CARTESIAN_POINT('',(56.711357,18.305602,0.));
#1634 = VERTEX_POINT('',#1635);
#1635 = CARTESIAN_POINT('',(56.351357,17.945602,0.));
#1636 = CIRCLE('',#1637,0.360001506454);
#1637 = AXIS2_PLACEMENT_3D('',#1638,#1639,#1640);
#1638 = CARTESIAN_POINT('',(56.711358506451,17.945600493549,0.));
#1639 = DIRECTION('',(0.,0.,1.));
#1640 = DIRECTION('',(-4.184569566117E-06,0.999999999991,0.));
#1641 = ORIENTED_EDGE('',*,*,#1642,.F.);
#1642 = EDGE_CURVE('',#1643,#1632,#1645,.T.);
#1643 = VERTEX_POINT('',#1644);
#1644 = CARTESIAN_POINT('',(69.991357,18.305602,0.));
#1645 = LINE('',#1646,#1647);
#1646 = CARTESIAN_POINT('',(69.991357,18.305602,0.));
#1647 = VECTOR('',#1648,1.);
#1648 = DIRECTION('',(-1.,0.,0.));
#1649 = ORIENTED_EDGE('',*,*,#1650,.F.);
#1650 = EDGE_CURVE('',#1651,#1643,#1653,.T.);
#1651 = VERTEX_POINT('',#1652);
#1652 = CARTESIAN_POINT('',(70.351357,17.945602,0.));
#1653 = CIRCLE('',#1654,0.360001506454);
#1654 = AXIS2_PLACEMENT_3D('',#1655,#1656,#1657);
#1655 = CARTESIAN_POINT('',(69.991355493549,17.945600493549,0.));
#1656 = DIRECTION('',(0.,0.,1.));
#1657 = DIRECTION('',(0.999999999991,4.184569556249E-06,-0.));
#1658 = ORIENTED_EDGE('',*,*,#1659,.F.);
#1659 = EDGE_CURVE('',#1660,#1651,#1662,.T.);
#1660 = VERTEX_POINT('',#1661);
#1661 = CARTESIAN_POINT('',(70.351357,4.665602,0.));
#1662 = LINE('',#1663,#1664);
#1663 = CARTESIAN_POINT('',(70.351357,4.665602,0.));
#1664 = VECTOR('',#1665,1.);
#1665 = DIRECTION('',(0.,1.,0.));
#1666 = ORIENTED_EDGE('',*,*,#1667,.F.);
#1667 = EDGE_CURVE('',#1668,#1660,#1670,.T.);
#1668 = VERTEX_POINT('',#1669);
#1669 = CARTESIAN_POINT('',(69.991357,4.305602,0.));
#1670 = CIRCLE('',#1671,0.360001506454);
#1671 = AXIS2_PLACEMENT_3D('',#1672,#1673,#1674);
#1672 = CARTESIAN_POINT('',(69.991355493549,4.665603506451,0.));
#1673 = DIRECTION('',(0.,0.,1.));
#1674 = DIRECTION('',(4.18456954638E-06,-0.999999999991,0.));
#1675 = ORIENTED_EDGE('',*,*,#1676,.F.);
#1676 = EDGE_CURVE('',#1677,#1668,#1679,.T.);
#1677 = VERTEX_POINT('',#1678);
#1678 = CARTESIAN_POINT('',(56.711357,4.305602,0.));
#1679 = LINE('',#1680,#1681);
#1680 = CARTESIAN_POINT('',(56.711357,4.305602,0.));
#1681 = VECTOR('',#1682,1.);
#1682 = DIRECTION('',(1.,0.,0.));
#1683 = ORIENTED_EDGE('',*,*,#1684,.F.);
#1684 = EDGE_CURVE('',#1685,#1677,#1687,.T.);
#1685 = VERTEX_POINT('',#1686);
#1686 = CARTESIAN_POINT('',(56.351357,4.665602,0.));
#1687 = CIRCLE('',#1688,0.360001506454);
#1688 = AXIS2_PLACEMENT_3D('',#1689,#1690,#1691);
#1689 = CARTESIAN_POINT('',(56.711358506451,4.665603506451,0.));
#1690 = DIRECTION('',(0.,0.,1.));
#1691 = DIRECTION('',(-0.999999999991,-4.184569566117E-06,0.));
#1692 = ORIENTED_EDGE('',*,*,#1693,.F.);
#1693 = EDGE_CURVE('',#1634,#1685,#1694,.T.);
#1694 = LINE('',#1695,#1696);
#1695 = CARTESIAN_POINT('',(56.351357,17.945602,0.));
#1696 = VECTOR('',#1697,1.);
#1697 = DIRECTION('',(0.,-1.,0.));
#1698 = FACE_BOUND('',#1699,.F.);
#1699 = EDGE_LOOP('',(#1700));
#1700 = ORIENTED_EDGE('',*,*,#1701,.T.);
#1701 = EDGE_CURVE('',#1702,#1702,#1704,.T.);
#1702 = VERTEX_POINT('',#1703);
#1703 = CARTESIAN_POINT('',(34.351357,24.705602,0.));
#1704 = CIRCLE('',#1705,1.1);
#1705 = AXIS2_PLACEMENT_3D('',#1706,#1707,#1708);
#1706 = CARTESIAN_POINT('',(34.351357,25.805602,0.));
#1707 = DIRECTION('',(-0.,0.,-1.));
#1708 = DIRECTION('',(-0.,-1.,0.));
#1709 = FACE_BOUND('',#1710,.F.);
#1710 = EDGE_LOOP('',(#1711,#1722,#1730,#1739,#1747,#1756,#1764,#1773));
#1711 = ORIENTED_EDGE('',*,*,#1712,.F.);
#1712 = EDGE_CURVE('',#1713,#1715,#1717,.T.);
#1713 = VERTEX_POINT('',#1714);
#1714 = CARTESIAN_POINT('',(-0.288643,43.305602,0.));
#1715 = VERTEX_POINT('',#1716);
#1716 = CARTESIAN_POINT('',(-0.648643,42.945602,0.));
#1717 = CIRCLE('',#1718,0.360001506455);
#1718 = AXIS2_PLACEMENT_3D('',#1719,#1720,#1721);
#1719 = CARTESIAN_POINT('',(-0.288641493549,42.945600493549,0.));
#1720 = DIRECTION('',(0.,0.,1.));
#1721 = DIRECTION('',(-4.184569608984E-06,0.999999999991,0.));
#1722 = ORIENTED_EDGE('',*,*,#1723,.F.);
#1723 = EDGE_CURVE('',#1724,#1713,#1726,.T.);
#1724 = VERTEX_POINT('',#1725);
#1725 = CARTESIAN_POINT('',(12.991357,43.305602,0.));
#1726 = LINE('',#1727,#1728);
#1727 = CARTESIAN_POINT('',(12.991357,43.305602,0.));
#1728 = VECTOR('',#1729,1.);
#1729 = DIRECTION('',(-1.,0.,0.));
#1730 = ORIENTED_EDGE('',*,*,#1731,.F.);
#1731 = EDGE_CURVE('',#1732,#1724,#1734,.T.);
#1732 = VERTEX_POINT('',#1733);
#1733 = CARTESIAN_POINT('',(13.351357,42.945602,0.));
#1734 = CIRCLE('',#1735,0.360001506455);
#1735 = AXIS2_PLACEMENT_3D('',#1736,#1737,#1738);
#1736 = CARTESIAN_POINT('',(12.991355493549,42.945600493549,0.));
#1737 = DIRECTION('',(0.,0.,1.));
#1738 = DIRECTION('',(0.999999999991,4.184569605592E-06,-0.));
#1739 = ORIENTED_EDGE('',*,*,#1740,.F.);
#1740 = EDGE_CURVE('',#1741,#1732,#1743,.T.);
#1741 = VERTEX_POINT('',#1742);
#1742 = CARTESIAN_POINT('',(13.351357,29.665602,0.));
#1743 = LINE('',#1744,#1745);
#1744 = CARTESIAN_POINT('',(13.351357,29.665602,0.));
#1745 = VECTOR('',#1746,1.);
#1746 = DIRECTION('',(0.,1.,0.));
#1747 = ORIENTED_EDGE('',*,*,#1748,.F.);
#1748 = EDGE_CURVE('',#1749,#1741,#1751,.T.);
#1749 = VERTEX_POINT('',#1750);
#1750 = CARTESIAN_POINT('',(12.991357,29.305602,0.));
#1751 = CIRCLE('',#1752,0.360001506455);
#1752 = AXIS2_PLACEMENT_3D('',#1753,#1754,#1755);
#1753 = CARTESIAN_POINT('',(12.991355493549,29.665603506451,0.));
#1754 = DIRECTION('',(0.,0.,1.));
#1755 = DIRECTION('',(4.184569585855E-06,-0.999999999991,0.));
#1756 = ORIENTED_EDGE('',*,*,#1757,.F.);
#1757 = EDGE_CURVE('',#1758,#1749,#1760,.T.);
#1758 = VERTEX_POINT('',#1759);
#1759 = CARTESIAN_POINT('',(-0.288643,29.305602,0.));
#1760 = LINE('',#1761,#1762);
#1761 = CARTESIAN_POINT('',(-0.288643,29.305602,0.));
#1762 = VECTOR('',#1763,1.);
#1763 = DIRECTION('',(1.,0.,0.));
#1764 = ORIENTED_EDGE('',*,*,#1765,.F.);
#1765 = EDGE_CURVE('',#1766,#1758,#1768,.T.);
#1766 = VERTEX_POINT('',#1767);
#1767 = CARTESIAN_POINT('',(-0.648643,29.665602,0.));
#1768 = CIRCLE('',#1769,0.360001506455);
#1769 = AXIS2_PLACEMENT_3D('',#1770,#1771,#1772);
#1770 = CARTESIAN_POINT('',(-0.288641493549,29.665603506451,0.));
#1771 = DIRECTION('',(0.,0.,1.));
#1772 = DIRECTION('',(-0.999999999991,-4.184569575986E-06,0.));
#1773 = ORIENTED_EDGE('',*,*,#1774,.F.);
#1774 = EDGE_CURVE('',#1715,#1766,#1775,.T.);
#1775 = LINE('',#1776,#1777);
#1776 = CARTESIAN_POINT('',(-0.648643,42.945602,0.));
#1777 = VECTOR('',#1778,1.);
#1778 = DIRECTION('',(0.,-1.,0.));
#1779 = FACE_BOUND('',#1780,.F.);
#1780 = EDGE_LOOP('',(#1781,#1792,#1800,#1809,#1817,#1826,#1834,#1843));
#1781 = ORIENTED_EDGE('',*,*,#1782,.F.);
#1782 = EDGE_CURVE('',#1783,#1785,#1787,.T.);
#1783 = VERTEX_POINT('',#1784);
#1784 = CARTESIAN_POINT('',(18.711357,42.305602,0.));
#1785 = VERTEX_POINT('',#1786);
#1786 = CARTESIAN_POINT('',(18.351357,41.945602,0.));
#1787 = CIRCLE('',#1788,0.360001506455);
#1788 = AXIS2_PLACEMENT_3D('',#1789,#1790,#1791);
#1789 = CARTESIAN_POINT('',(18.711358506451,41.945600493549,0.));
#1790 = DIRECTION('',(0.,0.,1.));
#1791 = DIRECTION('',(-4.184569605592E-06,0.999999999991,0.));
#1792 = ORIENTED_EDGE('',*,*,#1793,.F.);
#1793 = EDGE_CURVE('',#1794,#1783,#1796,.T.);
#1794 = VERTEX_POINT('',#1795);
#1795 = CARTESIAN_POINT('',(31.991357,42.305602,0.));
#1796 = LINE('',#1797,#1798);
#1797 = CARTESIAN_POINT('',(31.991357,42.305602,0.));
#1798 = VECTOR('',#1799,1.);
#1799 = DIRECTION('',(-1.,0.,0.));
#1800 = ORIENTED_EDGE('',*,*,#1801,.F.);
#1801 = EDGE_CURVE('',#1802,#1794,#1804,.T.);
#1802 = VERTEX_POINT('',#1803);
#1803 = CARTESIAN_POINT('',(32.351357,41.945602,0.));
#1804 = CIRCLE('',#1805,0.360001506455);
#1805 = AXIS2_PLACEMENT_3D('',#1806,#1807,#1808);
#1806 = CARTESIAN_POINT('',(31.991355493549,41.945600493549,0.));
#1807 = DIRECTION('',(0.,0.,1.));
#1808 = DIRECTION('',(0.999999999991,4.184569645066E-06,-0.));
#1809 = ORIENTED_EDGE('',*,*,#1810,.F.);
#1810 = EDGE_CURVE('',#1811,#1802,#1813,.T.);
#1811 = VERTEX_POINT('',#1812);
#1812 = CARTESIAN_POINT('',(32.351357,28.665602,0.));
#1813 = LINE('',#1814,#1815);
#1814 = CARTESIAN_POINT('',(32.351357,28.665602,0.));
#1815 = VECTOR('',#1816,1.);
#1816 = DIRECTION('',(0.,1.,0.));
#1817 = ORIENTED_EDGE('',*,*,#1818,.F.);
#1818 = EDGE_CURVE('',#1819,#1811,#1821,.T.);
#1819 = VERTEX_POINT('',#1820);
#1820 = CARTESIAN_POINT('',(31.991357,28.305602,0.));
#1821 = CIRCLE('',#1822,0.360001506455);
#1822 = AXIS2_PLACEMENT_3D('',#1823,#1824,#1825);
#1823 = CARTESIAN_POINT('',(31.991355493549,28.665603506451,0.));
#1824 = DIRECTION('',(0.,0.,1.));
#1825 = DIRECTION('',(4.18456961546E-06,-0.999999999991,0.));
#1826 = ORIENTED_EDGE('',*,*,#1827,.F.);
#1827 = EDGE_CURVE('',#1828,#1819,#1830,.T.);
#1828 = VERTEX_POINT('',#1829);
#1829 = CARTESIAN_POINT('',(18.711357,28.305602,0.));
#1830 = LINE('',#1831,#1832);
#1831 = CARTESIAN_POINT('',(18.711357,28.305602,0.));
#1832 = VECTOR('',#1833,1.);
#1833 = DIRECTION('',(1.,0.,0.));
#1834 = ORIENTED_EDGE('',*,*,#1835,.F.);
#1835 = EDGE_CURVE('',#1836,#1828,#1838,.T.);
#1836 = VERTEX_POINT('',#1837);
#1837 = CARTESIAN_POINT('',(18.351357,28.665602,0.));
#1838 = CIRCLE('',#1839,0.360001506455);
#1839 = AXIS2_PLACEMENT_3D('',#1840,#1841,#1842);
#1840 = CARTESIAN_POINT('',(18.711358506451,28.665603506451,0.));
#1841 = DIRECTION('',(0.,0.,1.));
#1842 = DIRECTION('',(-0.999999999991,-4.184569575986E-06,0.));
#1843 = ORIENTED_EDGE('',*,*,#1844,.F.);
#1844 = EDGE_CURVE('',#1785,#1836,#1845,.T.);
#1845 = LINE('',#1846,#1847);
#1846 = CARTESIAN_POINT('',(18.351357,41.945602,0.));
#1847 = VECTOR('',#1848,1.);
#1848 = DIRECTION('',(0.,-1.,0.));
#1849 = FACE_BOUND('',#1850,.F.);
#1850 = EDGE_LOOP('',(#1851,#1862,#1870,#1879,#1887,#1896,#1904,#1913));
#1851 = ORIENTED_EDGE('',*,*,#1852,.F.);
#1852 = EDGE_CURVE('',#1853,#1855,#1857,.T.);
#1853 = VERTEX_POINT('',#1854);
#1854 = CARTESIAN_POINT('',(37.711357,32.305602,0.));
#1855 = VERTEX_POINT('',#1856);
#1856 = CARTESIAN_POINT('',(37.351357,31.945602,0.));
#1857 = CIRCLE('',#1858,0.360001506455);
#1858 = AXIS2_PLACEMENT_3D('',#1859,#1860,#1861);
#1859 = CARTESIAN_POINT('',(37.711358506451,31.945600493549,0.));
#1860 = DIRECTION('',(0.,0.,1.));
#1861 = DIRECTION('',(-4.184569585854E-06,0.999999999991,0.));
#1862 = ORIENTED_EDGE('',*,*,#1863,.F.);
#1863 = EDGE_CURVE('',#1864,#1853,#1866,.T.);
#1864 = VERTEX_POINT('',#1865);
#1865 = CARTESIAN_POINT('',(50.991357,32.305602,0.));
#1866 = LINE('',#1867,#1868);
#1867 = CARTESIAN_POINT('',(50.991357,32.305602,0.));
#1868 = VECTOR('',#1869,1.);
#1869 = DIRECTION('',(-1.,0.,0.));
#1870 = ORIENTED_EDGE('',*,*,#1871,.F.);
#1871 = EDGE_CURVE('',#1872,#1864,#1874,.T.);
#1872 = VERTEX_POINT('',#1873);
#1873 = CARTESIAN_POINT('',(51.351357,31.945602,0.));
#1874 = CIRCLE('',#1875,0.360001506455);
#1875 = AXIS2_PLACEMENT_3D('',#1876,#1877,#1878);
#1876 = CARTESIAN_POINT('',(50.991355493549,31.945600493549,0.));
#1877 = DIRECTION('',(0.,0.,1.));
#1878 = DIRECTION('',(0.999999999991,4.184569645066E-06,-0.));
#1879 = ORIENTED_EDGE('',*,*,#1880,.F.);
#1880 = EDGE_CURVE('',#1881,#1872,#1883,.T.);
#1881 = VERTEX_POINT('',#1882);
#1882 = CARTESIAN_POINT('',(51.351357,18.665602,0.));
#1883 = LINE('',#1884,#1885);
#1884 = CARTESIAN_POINT('',(51.351357,18.665602,0.));
#1885 = VECTOR('',#1886,1.);
#1886 = DIRECTION('',(0.,1.,0.));
#1887 = ORIENTED_EDGE('',*,*,#1888,.F.);
#1888 = EDGE_CURVE('',#1889,#1881,#1891,.T.);
#1889 = VERTEX_POINT('',#1890);
#1890 = CARTESIAN_POINT('',(50.991357,18.305602,0.));
#1891 = CIRCLE('',#1892,0.360001506455);
#1892 = AXIS2_PLACEMENT_3D('',#1893,#1894,#1895);
#1893 = CARTESIAN_POINT('',(50.991355493549,18.665603506451,0.));
#1894 = DIRECTION('',(0.,0.,1.));
#1895 = DIRECTION('',(4.184569605592E-06,-0.999999999991,0.));
#1896 = ORIENTED_EDGE('',*,*,#1897,.F.);
#1897 = EDGE_CURVE('',#1898,#1889,#1900,.T.);
#1898 = VERTEX_POINT('',#1899);
#1899 = CARTESIAN_POINT('',(37.711357,18.305602,0.));
#1900 = LINE('',#1901,#1902);
#1901 = CARTESIAN_POINT('',(37.711357,18.305602,0.));
#1902 = VECTOR('',#1903,1.);
#1903 = DIRECTION('',(1.,0.,0.));
#1904 = ORIENTED_EDGE('',*,*,#1905,.F.);
#1905 = EDGE_CURVE('',#1906,#1898,#1908,.T.);
#1906 = VERTEX_POINT('',#1907);
#1907 = CARTESIAN_POINT('',(37.351357,18.665602,0.));
#1908 = CIRCLE('',#1909,0.360001506454);
#1909 = AXIS2_PLACEMENT_3D('',#1910,#1911,#1912);
#1910 = CARTESIAN_POINT('',(37.711358506451,18.665603506451,0.));
#1911 = DIRECTION('',(0.,0.,1.));
#1912 = DIRECTION('',(-0.999999999991,-4.184569566117E-06,0.));
#1913 = ORIENTED_EDGE('',*,*,#1914,.F.);
#1914 = EDGE_CURVE('',#1855,#1906,#1915,.T.);
#1915 = LINE('',#1916,#1917);
#1916 = CARTESIAN_POINT('',(37.351357,31.945602,0.));
#1917 = VECTOR('',#1918,1.);
#1918 = DIRECTION('',(0.,-1.,0.));
#1919 = PLANE('',#1920);
#1920 = AXIS2_PLACEMENT_3D('',#1921,#1922,#1923);
#1921 = CARTESIAN_POINT('',(0.,0.,0.));
#1922 = DIRECTION('',(0.,0.,1.));
#1923 = DIRECTION('',(1.,0.,-0.));
#1924 = ADVANCED_FACE('',(#1925,#2328,#2398,#2468,#2479,#2549,#2619,
    #2689,#2759,#2829,#2899,#2969,#3039,#3050,#3120,#3190,#3260,#3330,
    #3400,#3411,#3481,#3492,#3562,#3632),#3702,.T.);
#1925 = FACE_BOUND('',#1926,.T.);
#1926 = EDGE_LOOP('',(#1927,#1928,#1929,#1938,#1946,#1955,#1963,#1972,
    #1981,#1989,#1998,#2006,#2015,#2023,#2032,#2040,#2049,#2057,#2065,
    #2074,#2082,#2091,#2099,#2108,#2117,#2125,#2134,#2142,#2151,#2159,
    #2168,#2176,#2185,#2193,#2202,#2210,#2219,#2227,#2236,#2244,#2253,
    #2261,#2270,#2278,#2287,#2295,#2304,#2312,#2321,#2327));
#1927 = ORIENTED_EDGE('',*,*,#49,.F.);
#1928 = ORIENTED_EDGE('',*,*,#91,.F.);
#1929 = ORIENTED_EDGE('',*,*,#1930,.F.);
#1930 = EDGE_CURVE('',#1931,#84,#1933,.T.);
#1931 = VERTEX_POINT('',#1932);
#1932 = CARTESIAN_POINT('',(-4.148643,45.305602,1.2));
#1933 = CIRCLE('',#1934,0.999999252925);
#1934 = AXIS2_PLACEMENT_3D('',#1935,#1936,#1937);
#1935 = CARTESIAN_POINT('',(-3.148643747075,45.305602747075,1.2));
#1936 = DIRECTION('',(0.,0.,-1.));
#1937 = DIRECTION('',(-1.,-7.470757420593E-07,-0.));
#1938 = ORIENTED_EDGE('',*,*,#1939,.F.);
#1939 = EDGE_CURVE('',#1940,#1931,#1942,.T.);
#1940 = VERTEX_POINT('',#1941);
#1941 = CARTESIAN_POINT('',(-4.148643,44.305602,1.2));
#1942 = LINE('',#1943,#1944);
#1943 = CARTESIAN_POINT('',(-4.148643,44.305602,1.2));
#1944 = VECTOR('',#1945,1.);
#1945 = DIRECTION('',(0.,1.,0.));
#1946 = ORIENTED_EDGE('',*,*,#1947,.F.);
#1947 = EDGE_CURVE('',#1948,#1940,#1950,.T.);
#1948 = VERTEX_POINT('',#1949);
#1949 = CARTESIAN_POINT('',(-5.148643,43.305602,1.2));
#1950 = CIRCLE('',#1951,0.999999252925);
#1951 = AXIS2_PLACEMENT_3D('',#1952,#1953,#1954);
#1952 = CARTESIAN_POINT('',(-5.148642252925,44.305601252925,1.2));
#1953 = DIRECTION('',(0.,0.,1.));
#1954 = DIRECTION('',(-7.470757420593E-07,-1.,0.));
#1955 = ORIENTED_EDGE('',*,*,#1956,.F.);
#1956 = EDGE_CURVE('',#1957,#1948,#1959,.T.);
#1957 = VERTEX_POINT('',#1958);
#1958 = CARTESIAN_POINT('',(-22.148643,43.305602,1.2));
#1959 = LINE('',#1960,#1961);
#1960 = CARTESIAN_POINT('',(-22.148643,43.305602,1.2));
#1961 = VECTOR('',#1962,1.);
#1962 = DIRECTION('',(1.,0.,0.));
#1963 = ORIENTED_EDGE('',*,*,#1964,.F.);
#1964 = EDGE_CURVE('',#1965,#1957,#1967,.T.);
#1965 = VERTEX_POINT('',#1966);
#1966 = CARTESIAN_POINT('',(-23.148643,42.305602,1.2));
#1967 = CIRCLE('',#1968,0.999999252925);
#1968 = AXIS2_PLACEMENT_3D('',#1969,#1970,#1971);
#1969 = CARTESIAN_POINT('',(-22.14864374707,42.305602747075,1.2));
#1970 = DIRECTION('',(0.,0.,-1.));
#1971 = DIRECTION('',(-1.,-7.470757420593E-07,-0.));
#1972 = ORIENTED_EDGE('',*,*,#1973,.F.);
#1973 = EDGE_CURVE('',#1974,#1965,#1976,.T.);
#1974 = VERTEX_POINT('',#1975);
#1975 = CARTESIAN_POINT('',(-24.148643,41.305602,1.2));
#1976 = CIRCLE('',#1977,0.999999252925);
#1977 = AXIS2_PLACEMENT_3D('',#1978,#1979,#1980);
#1978 = CARTESIAN_POINT('',(-24.14864225292,42.305601252925,1.2));
#1979 = DIRECTION('',(0.,0.,1.));
#1980 = DIRECTION('',(-7.470757420593E-07,-1.,0.));
#1981 = ORIENTED_EDGE('',*,*,#1982,.F.);
#1982 = EDGE_CURVE('',#1983,#1974,#1985,.T.);
#1983 = VERTEX_POINT('',#1984);
#1984 = CARTESIAN_POINT('',(-61.148643,41.305602,1.2));
#1985 = LINE('',#1986,#1987);
#1986 = CARTESIAN_POINT('',(-61.148643,41.305602,1.2));
#1987 = VECTOR('',#1988,1.);
#1988 = DIRECTION('',(1.,0.,0.));
#1989 = ORIENTED_EDGE('',*,*,#1990,.F.);
#1990 = EDGE_CURVE('',#1991,#1983,#1993,.T.);
#1991 = VERTEX_POINT('',#1992);
#1992 = CARTESIAN_POINT('',(-62.148643,40.305602,1.2));
#1993 = CIRCLE('',#1994,0.999999252925);
#1994 = AXIS2_PLACEMENT_3D('',#1995,#1996,#1997);
#1995 = CARTESIAN_POINT('',(-61.14864374707,40.305602747075,1.2));
#1996 = DIRECTION('',(0.,0.,-1.));
#1997 = DIRECTION('',(-1.,-7.470757420593E-07,-0.));
#1998 = ORIENTED_EDGE('',*,*,#1999,.F.);
#1999 = EDGE_CURVE('',#2000,#1991,#2002,.T.);
#2000 = VERTEX_POINT('',#2001);
#2001 = CARTESIAN_POINT('',(-62.148643,-20.204017,1.2));
#2002 = LINE('',#2003,#2004);
#2003 = CARTESIAN_POINT('',(-62.148643,-20.204017,1.2));
#2004 = VECTOR('',#2005,1.);
#2005 = DIRECTION('',(0.,1.,0.));
#2006 = ORIENTED_EDGE('',*,*,#2007,.F.);
#2007 = EDGE_CURVE('',#2008,#2000,#2010,.T.);
#2008 = VERTEX_POINT('',#2009);
#2009 = CARTESIAN_POINT('',(-64.648643,-24.534145,1.2));
#2010 = CIRCLE('',#2011,5.000003276822);
#2011 = AXIS2_PLACEMENT_3D('',#2012,#2013,#2014);
#2012 = CARTESIAN_POINT('',(-67.14864627682,-20.2040160892,1.2));
#2013 = DIRECTION('',(0.,0.,1.));
#2014 = DIRECTION('',(0.500000327682,-0.866025214597,0.));
#2015 = ORIENTED_EDGE('',*,*,#2016,.F.);
#2016 = EDGE_CURVE('',#2017,#2008,#2019,.T.);
#2017 = VERTEX_POINT('',#2018);
#2018 = CARTESIAN_POINT('',(-73.351364,-29.558663,1.2));
#2019 = LINE('',#2020,#2021);
#2020 = CARTESIAN_POINT('',(-73.351364,-29.558663,1.2));
#2021 = VECTOR('',#2022,1.);
#2022 = DIRECTION('',(0.86602541723,0.499999976712,0.));
#2023 = ORIENTED_EDGE('',*,*,#2024,.F.);
#2024 = EDGE_CURVE('',#2025,#2017,#2027,.T.);
#2025 = VERTEX_POINT('',#2026);
#2026 = CARTESIAN_POINT('',(-73.717389,-30.924688,1.2));
#2027 = CIRCLE('',#2028,0.999998429191);
#2028 = AXIS2_PLACEMENT_3D('',#2029,#2030,#2031);
#2029 = CARTESIAN_POINT('',(-72.85136566808,-30.42468755303,1.2));
#2030 = DIRECTION('',(0.,0.,-1.));
#2031 = DIRECTION('',(-0.866024692275,-0.500001232368,-0.));
#2032 = ORIENTED_EDGE('',*,*,#2033,.F.);
#2033 = EDGE_CURVE('',#2034,#2025,#2036,.T.);
#2034 = VERTEX_POINT('',#2035);
#2035 = CARTESIAN_POINT('',(-65.125883,-45.805613,1.2));
#2036 = LINE('',#2037,#2038);
#2037 = CARTESIAN_POINT('',(-65.125883,-45.805613,1.2));
#2038 = VECTOR('',#2039,1.);
#2039 = DIRECTION('',(-0.499999997619,0.866025405159,0.));
#2040 = ORIENTED_EDGE('',*,*,#2041,.F.);
#2041 = EDGE_CURVE('',#2042,#2034,#2044,.T.);
#2042 = VERTEX_POINT('',#2043);
#2043 = CARTESIAN_POINT('',(-63.759858,-46.171638,1.2));
#2044 = CIRCLE('',#2045,1.000030788153);
#2045 = AXIS2_PLACEMENT_3D('',#2046,#2047,#2048);
#2046 = CARTESIAN_POINT('',(-64.25984660294,-45.30557046557,1.2));
#2047 = DIRECTION('',(-0.,0.,-1.));
#2048 = DIRECTION('',(0.499973209694,-0.866040870622,-0.));
#2049 = ORIENTED_EDGE('',*,*,#2050,.F.);
#2050 = EDGE_CURVE('',#2051,#2042,#2053,.T.);
#2051 = VERTEX_POINT('',#2052);
#2052 = CARTESIAN_POINT('',(-54.976969,-41.100835,1.2));
#2053 = LINE('',#2054,#2055);
#2054 = CARTESIAN_POINT('',(-54.976969,-41.100835,1.2));
#2055 = VECTOR('',#2056,1.);
#2056 = DIRECTION('',(-0.866025417807,-0.499999975713,0.));
#2057 = ORIENTED_EDGE('',*,*,#2058,.F.);
#2058 = EDGE_CURVE('',#2059,#2051,#2061,.T.);
#2059 = VERTEX_POINT('',#2060);
#2060 = CARTESIAN_POINT('',(-30.979509,-34.670735,1.2));
#2061 = LINE('',#2062,#2063);
#2062 = CARTESIAN_POINT('',(-30.979509,-34.670735,1.2));
#2063 = VECTOR('',#2064,1.);
#2064 = DIRECTION('',(-0.965925826565,-0.258819044074,0.));
#2065 = ORIENTED_EDGE('',*,*,#2066,.F.);
#2066 = EDGE_CURVE('',#2067,#2059,#2069,.T.);
#2067 = VERTEX_POINT('',#2068);
#2068 = CARTESIAN_POINT('',(-30.272402,-33.44599,1.2));
#2069 = CIRCLE('',#2070,1.000016659985);
#2070 = AXIS2_PLACEMENT_3D('',#2071,#2072,#2073);
#2071 = CARTESIAN_POINT('',(-31.23834821285,-33.70479733009,1.2));
#2072 = DIRECTION('',(0.,0.,-1.));
#2073 = DIRECTION('',(0.965930120477,0.258803018444,0.));
#2074 = ORIENTED_EDGE('',*,*,#2075,.F.);
#2075 = EDGE_CURVE('',#2076,#2067,#2078,.T.);
#2076 = VERTEX_POINT('',#2077);
#2077 = CARTESIAN_POINT('',(-33.07448,-22.988493,1.2));
#2078 = LINE('',#2079,#2080);
#2079 = CARTESIAN_POINT('',(-33.07448,-22.988493,1.2));
#2080 = VECTOR('',#2081,1.);
#2081 = DIRECTION('',(0.258819055789,-0.965925823426,0.));
#2082 = ORIENTED_EDGE('',*,*,#2083,.F.);
#2083 = EDGE_CURVE('',#2084,#2076,#2086,.T.);
#2084 = VERTEX_POINT('',#2085);
#2085 = CARTESIAN_POINT('',(-28.24485,-16.694398,1.2));
#2086 = CIRCLE('',#2087,4.99999981922);
#2087 = AXIS2_PLACEMENT_3D('',#2088,#2089,#2090);
#2088 = CARTESIAN_POINT('',(-28.24485104372,-21.69439781922,1.2));
#2089 = DIRECTION('',(0.,0.,1.));
#2090 = DIRECTION('',(2.087451638189E-07,1.,-0.));
#2091 = ORIENTED_EDGE('',*,*,#2092,.F.);
#2092 = EDGE_CURVE('',#2093,#2084,#2095,.T.);
#2093 = VERTEX_POINT('',#2094);
#2094 = CARTESIAN_POINT('',(-21.148643,-16.694398,1.2));
#2095 = LINE('',#2096,#2097);
#2096 = CARTESIAN_POINT('',(-21.148643,-16.694398,1.2));
#2097 = VECTOR('',#2098,1.);
#2098 = DIRECTION('',(-1.,0.,0.));
#2099 = ORIENTED_EDGE('',*,*,#2100,.F.);
#2100 = EDGE_CURVE('',#2101,#2093,#2103,.T.);
#2101 = VERTEX_POINT('',#2102);
#2102 = CARTESIAN_POINT('',(-20.148643,-15.694398,1.2));
#2103 = CIRCLE('',#2104,0.999999252925);
#2104 = AXIS2_PLACEMENT_3D('',#2105,#2106,#2107);
#2105 = CARTESIAN_POINT('',(-21.14864225292,-15.69439874707,1.2));
#2106 = DIRECTION('',(0.,0.,-1.));
#2107 = DIRECTION('',(1.,7.470757438357E-07,0.));
#2108 = ORIENTED_EDGE('',*,*,#2109,.F.);
#2109 = EDGE_CURVE('',#2110,#2101,#2112,.T.);
#2110 = VERTEX_POINT('',#2111);
#2111 = CARTESIAN_POINT('',(-19.148643,-14.694398,1.2));
#2112 = CIRCLE('',#2113,0.999999252925);
#2113 = AXIS2_PLACEMENT_3D('',#2114,#2115,#2116);
#2114 = CARTESIAN_POINT('',(-19.14864374707,-15.69439725292,1.2));
#2115 = DIRECTION('',(0.,0.,1.));
#2116 = DIRECTION('',(7.470757385066E-07,1.,-0.));
#2117 = ORIENTED_EDGE('',*,*,#2118,.F.);
#2118 = EDGE_CURVE('',#2119,#2110,#2121,.T.);
#2119 = VERTEX_POINT('',#2120);
#2120 = CARTESIAN_POINT('',(25.851357,-14.694398,1.2));
#2121 = LINE('',#2122,#2123);
#2122 = CARTESIAN_POINT('',(25.851357,-14.694398,1.2));
#2123 = VECTOR('',#2124,1.);
#2124 = DIRECTION('',(-1.,0.,0.));
#2125 = ORIENTED_EDGE('',*,*,#2126,.F.);
#2126 = EDGE_CURVE('',#2127,#2119,#2129,.T.);
#2127 = VERTEX_POINT('',#2128);
#2128 = CARTESIAN_POINT('',(26.851357,-15.694398,1.2));
#2129 = CIRCLE('',#2130,0.999999252925);
#2130 = AXIS2_PLACEMENT_3D('',#2131,#2132,#2133);
#2131 = CARTESIAN_POINT('',(25.851357747075,-15.69439725292,1.2));
#2132 = DIRECTION('',(0.,0.,1.));
#2133 = DIRECTION('',(1.,-7.470757420593E-07,0.));
#2134 = ORIENTED_EDGE('',*,*,#2135,.F.);
#2135 = EDGE_CURVE('',#2136,#2127,#2138,.T.);
#2136 = VERTEX_POINT('',#2137);
#2137 = CARTESIAN_POINT('',(26.851357,-38.194398,1.2));
#2138 = LINE('',#2139,#2140);
#2139 = CARTESIAN_POINT('',(26.851357,-38.194398,1.2));
#2140 = VECTOR('',#2141,1.);
#2141 = DIRECTION('',(0.,1.,0.));
#2142 = ORIENTED_EDGE('',*,*,#2143,.F.);
#2143 = EDGE_CURVE('',#2144,#2136,#2146,.T.);
#2144 = VERTEX_POINT('',#2145);
#2145 = CARTESIAN_POINT('',(27.851357,-39.194398,1.2));
#2146 = CIRCLE('',#2147,0.999999252925);
#2147 = AXIS2_PLACEMENT_3D('',#2148,#2149,#2150);
#2148 = CARTESIAN_POINT('',(27.851356252925,-38.19439874707,1.2));
#2149 = DIRECTION('',(0.,0.,-1.));
#2150 = DIRECTION('',(7.470757420593E-07,-1.,0.));
#2151 = ORIENTED_EDGE('',*,*,#2152,.F.);
#2152 = EDGE_CURVE('',#2153,#2144,#2155,.T.);
#2153 = VERTEX_POINT('',#2154);
#2154 = CARTESIAN_POINT('',(31.351357,-39.194398,1.2));
#2155 = LINE('',#2156,#2157);
#2156 = CARTESIAN_POINT('',(31.351357,-39.194398,1.2));
#2157 = VECTOR('',#2158,1.);
#2158 = DIRECTION('',(-1.,0.,0.));
#2159 = ORIENTED_EDGE('',*,*,#2160,.F.);
#2160 = EDGE_CURVE('',#2161,#2153,#2163,.T.);
#2161 = VERTEX_POINT('',#2162);
#2162 = CARTESIAN_POINT('',(32.351357,-38.194398,1.2));
#2163 = CIRCLE('',#2164,0.999999252925);
#2164 = AXIS2_PLACEMENT_3D('',#2165,#2166,#2167);
#2165 = CARTESIAN_POINT('',(31.351357747075,-38.19439874707,1.2));
#2166 = DIRECTION('',(0.,0.,-1.));
#2167 = DIRECTION('',(1.,7.470757420593E-07,0.));
#2168 = ORIENTED_EDGE('',*,*,#2169,.F.);
#2169 = EDGE_CURVE('',#2170,#2161,#2172,.T.);
#2170 = VERTEX_POINT('',#2171);
#2171 = CARTESIAN_POINT('',(32.351357,-23.694398,1.2));
#2172 = LINE('',#2173,#2174);
#2173 = CARTESIAN_POINT('',(32.351357,-23.694398,1.2));
#2174 = VECTOR('',#2175,1.);
#2175 = DIRECTION('',(0.,-1.,0.));
#2176 = ORIENTED_EDGE('',*,*,#2177,.F.);
#2177 = EDGE_CURVE('',#2178,#2170,#2180,.T.);
#2178 = VERTEX_POINT('',#2179);
#2179 = CARTESIAN_POINT('',(33.351357,-22.694398,1.2));
#2180 = CIRCLE('',#2181,0.999999252925);
#2181 = AXIS2_PLACEMENT_3D('',#2182,#2183,#2184);
#2182 = CARTESIAN_POINT('',(33.351356252925,-23.69439725292,1.2));
#2183 = DIRECTION('',(0.,0.,1.));
#2184 = DIRECTION('',(7.470757420593E-07,1.,-0.));
#2185 = ORIENTED_EDGE('',*,*,#2186,.F.);
#2186 = EDGE_CURVE('',#2187,#2178,#2189,.T.);
#2187 = VERTEX_POINT('',#2188);
#2188 = CARTESIAN_POINT('',(53.851357,-22.694398,1.2));
#2189 = LINE('',#2190,#2191);
#2190 = CARTESIAN_POINT('',(53.851357,-22.694398,1.2));
#2191 = VECTOR('',#2192,1.);
#2192 = DIRECTION('',(-1.,0.,0.));
#2193 = ORIENTED_EDGE('',*,*,#2194,.F.);
#2194 = EDGE_CURVE('',#2195,#2187,#2197,.T.);
#2195 = VERTEX_POINT('',#2196);
#2196 = CARTESIAN_POINT('',(54.851357,-21.694398,1.2));
#2197 = CIRCLE('',#2198,0.999999252925);
#2198 = AXIS2_PLACEMENT_3D('',#2199,#2200,#2201);
#2199 = CARTESIAN_POINT('',(53.851357747075,-21.69439874707,1.2));
#2200 = DIRECTION('',(0.,0.,-1.));
#2201 = DIRECTION('',(1.,7.470757420593E-07,0.));
#2202 = ORIENTED_EDGE('',*,*,#2203,.F.);
#2203 = EDGE_CURVE('',#2204,#2195,#2206,.T.);
#2204 = VERTEX_POINT('',#2205);
#2205 = CARTESIAN_POINT('',(54.851357,-18.694398,1.2));
#2206 = LINE('',#2207,#2208);
#2207 = CARTESIAN_POINT('',(54.851357,-18.694398,1.2));
#2208 = VECTOR('',#2209,1.);
#2209 = DIRECTION('',(0.,-1.,0.));
#2210 = ORIENTED_EDGE('',*,*,#2211,.F.);
#2211 = EDGE_CURVE('',#2212,#2204,#2214,.T.);
#2212 = VERTEX_POINT('',#2213);
#2213 = CARTESIAN_POINT('',(55.851357,-17.694398,1.2));
#2214 = CIRCLE('',#2215,0.999999252925);
#2215 = AXIS2_PLACEMENT_3D('',#2216,#2217,#2218);
#2216 = CARTESIAN_POINT('',(55.851356252925,-18.69439725292,1.2));
#2217 = DIRECTION('',(0.,0.,1.));
#2218 = DIRECTION('',(7.470757420593E-07,1.,-0.));
#2219 = ORIENTED_EDGE('',*,*,#2220,.F.);
#2220 = EDGE_CURVE('',#2221,#2212,#2223,.T.);
#2221 = VERTEX_POINT('',#2222);
#2222 = CARTESIAN_POINT('',(72.851357,-17.694398,1.2));
#2223 = LINE('',#2224,#2225);
#2224 = CARTESIAN_POINT('',(72.851357,-17.694398,1.2));
#2225 = VECTOR('',#2226,1.);
#2226 = DIRECTION('',(-1.,0.,0.));
#2227 = ORIENTED_EDGE('',*,*,#2228,.F.);
#2228 = EDGE_CURVE('',#2229,#2221,#2231,.T.);
#2229 = VERTEX_POINT('',#2230);
#2230 = CARTESIAN_POINT('',(73.851357,-16.694398,1.2));
#2231 = CIRCLE('',#2232,0.999999252925);
#2232 = AXIS2_PLACEMENT_3D('',#2233,#2234,#2235);
#2233 = CARTESIAN_POINT('',(72.851357747075,-16.69439874707,1.2));
#2234 = DIRECTION('',(0.,0.,-1.));
#2235 = DIRECTION('',(1.,7.470757562702E-07,0.));
#2236 = ORIENTED_EDGE('',*,*,#2237,.F.);
#2237 = EDGE_CURVE('',#2238,#2229,#2240,.T.);
#2238 = VERTEX_POINT('',#2239);
#2239 = CARTESIAN_POINT('',(73.851357,20.305602,1.2));
#2240 = LINE('',#2241,#2242);
#2241 = CARTESIAN_POINT('',(73.851357,20.305602,1.2));
#2242 = VECTOR('',#2243,1.);
#2243 = DIRECTION('',(0.,-1.,0.));
#2244 = ORIENTED_EDGE('',*,*,#2245,.F.);
#2245 = EDGE_CURVE('',#2246,#2238,#2248,.T.);
#2246 = VERTEX_POINT('',#2247);
#2247 = CARTESIAN_POINT('',(72.851357,21.305602,1.2));
#2248 = CIRCLE('',#2249,0.999999252925);
#2249 = AXIS2_PLACEMENT_3D('',#2250,#2251,#2252);
#2250 = CARTESIAN_POINT('',(72.851357747075,20.305602747075,1.2));
#2251 = DIRECTION('',(0.,0.,-1.));
#2252 = DIRECTION('',(-7.470757491648E-07,1.,0.));
#2253 = ORIENTED_EDGE('',*,*,#2254,.F.);
#2254 = EDGE_CURVE('',#2255,#2246,#2257,.T.);
#2255 = VERTEX_POINT('',#2256);
#2256 = CARTESIAN_POINT('',(55.851357,21.305602,1.2));
#2257 = LINE('',#2258,#2259);
#2258 = CARTESIAN_POINT('',(55.851357,21.305602,1.2));
#2259 = VECTOR('',#2260,1.);
#2260 = DIRECTION('',(1.,0.,0.));
#2261 = ORIENTED_EDGE('',*,*,#2262,.F.);
#2262 = EDGE_CURVE('',#2263,#2255,#2265,.T.);
#2263 = VERTEX_POINT('',#2264);
#2264 = CARTESIAN_POINT('',(54.851357,22.305602,1.2));
#2265 = CIRCLE('',#2266,0.999999252925);
#2266 = AXIS2_PLACEMENT_3D('',#2267,#2268,#2269);
#2267 = CARTESIAN_POINT('',(55.851356252925,22.305601252925,1.2));
#2268 = DIRECTION('',(0.,0.,1.));
#2269 = DIRECTION('',(-1.,7.470757420593E-07,0.));
#2270 = ORIENTED_EDGE('',*,*,#2271,.F.);
#2271 = EDGE_CURVE('',#2272,#2263,#2274,.T.);
#2272 = VERTEX_POINT('',#2273);
#2273 = CARTESIAN_POINT('',(54.851357,34.305602,1.2));
#2274 = LINE('',#2275,#2276);
#2275 = CARTESIAN_POINT('',(54.851357,34.305602,1.2));
#2276 = VECTOR('',#2277,1.);
#2277 = DIRECTION('',(0.,-1.,0.));
#2278 = ORIENTED_EDGE('',*,*,#2279,.F.);
#2279 = EDGE_CURVE('',#2280,#2272,#2282,.T.);
#2280 = VERTEX_POINT('',#2281);
#2281 = CARTESIAN_POINT('',(53.851357,35.305602,1.2));
#2282 = CIRCLE('',#2283,0.999999252925);
#2283 = AXIS2_PLACEMENT_3D('',#2284,#2285,#2286);
#2284 = CARTESIAN_POINT('',(53.851357747075,34.305602747075,1.2));
#2285 = DIRECTION('',(0.,0.,-1.));
#2286 = DIRECTION('',(-7.470757420593E-07,1.,0.));
#2287 = ORIENTED_EDGE('',*,*,#2288,.F.);
#2288 = EDGE_CURVE('',#2289,#2280,#2291,.T.);
#2289 = VERTEX_POINT('',#2290);
#2290 = CARTESIAN_POINT('',(36.851357,35.305602,1.2));
#2291 = LINE('',#2292,#2293);
#2292 = CARTESIAN_POINT('',(36.851357,35.305602,1.2));
#2293 = VECTOR('',#2294,1.);
#2294 = DIRECTION('',(1.,0.,0.));
#2295 = ORIENTED_EDGE('',*,*,#2296,.F.);
#2296 = EDGE_CURVE('',#2297,#2289,#2299,.T.);
#2297 = VERTEX_POINT('',#2298);
#2298 = CARTESIAN_POINT('',(35.851357,36.305602,1.2));
#2299 = CIRCLE('',#2300,0.999999252925);
#2300 = AXIS2_PLACEMENT_3D('',#2301,#2302,#2303);
#2301 = CARTESIAN_POINT('',(36.851356252925,36.305601252925,1.2));
#2302 = DIRECTION('',(0.,0.,1.));
#2303 = DIRECTION('',(-1.,7.470757420593E-07,0.));
#2304 = ORIENTED_EDGE('',*,*,#2305,.F.);
#2305 = EDGE_CURVE('',#2306,#2297,#2308,.T.);
#2306 = VERTEX_POINT('',#2307);
#2307 = CARTESIAN_POINT('',(35.851357,44.305602,1.2));
#2308 = LINE('',#2309,#2310);
#2309 = CARTESIAN_POINT('',(35.851357,44.305602,1.2));
#2310 = VECTOR('',#2311,1.);
#2311 = DIRECTION('',(0.,-1.,0.));
#2312 = ORIENTED_EDGE('',*,*,#2313,.F.);
#2313 = EDGE_CURVE('',#2314,#2306,#2316,.T.);
#2314 = VERTEX_POINT('',#2315);
#2315 = CARTESIAN_POINT('',(34.851357,45.305602,1.2));
#2316 = CIRCLE('',#2317,0.999999252925);
#2317 = AXIS2_PLACEMENT_3D('',#2318,#2319,#2320);
#2318 = CARTESIAN_POINT('',(34.851357747075,44.305602747075,1.2));
#2319 = DIRECTION('',(0.,0.,-1.));
#2320 = DIRECTION('',(-7.470757420593E-07,1.,0.));
#2321 = ORIENTED_EDGE('',*,*,#2322,.F.);
#2322 = EDGE_CURVE('',#114,#2314,#2323,.T.);
#2323 = LINE('',#2324,#2325);
#2324 = CARTESIAN_POINT('',(17.351357,45.305602,1.2));
#2325 = VECTOR('',#2326,1.);
#2326 = DIRECTION('',(1.,0.,0.));
#2327 = ORIENTED_EDGE('',*,*,#113,.F.);
#2328 = FACE_BOUND('',#2329,.T.);
#2329 = EDGE_LOOP('',(#2330,#2341,#2349,#2358,#2366,#2375,#2383,#2392));
#2330 = ORIENTED_EDGE('',*,*,#2331,.F.);
#2331 = EDGE_CURVE('',#2332,#2334,#2336,.T.);
#2332 = VERTEX_POINT('',#2333);
#2333 = CARTESIAN_POINT('',(-58.406465,-24.443989,1.2));
#2334 = VERTEX_POINT('',#2335);
#2335 = CARTESIAN_POINT('',(-58.898234,-24.31222,1.2));
#2336 = CIRCLE('',#2337,0.36000313088);
#2337 = AXIS2_PLACEMENT_3D('',#2338,#2339,#2340);
#2338 = CARTESIAN_POINT('',(-58.71823519205,-24.6239934488,1.2));
#2339 = DIRECTION('',(0.,0.,1.));
#2340 = DIRECTION('',(0.866020779572,0.500008009285,-0.));
#2341 = ORIENTED_EDGE('',*,*,#2342,.F.);
#2342 = EDGE_CURVE('',#2343,#2332,#2345,.T.);
#2343 = VERTEX_POINT('',#2344);
#2344 = CARTESIAN_POINT('',(-51.766465,-35.944807,1.2));
#2345 = LINE('',#2346,#2347);
#2346 = CARTESIAN_POINT('',(-51.766465,-35.944807,1.2));
#2347 = VECTOR('',#2348,1.);
#2348 = DIRECTION('',(-0.499999979206,0.86602541579,0.));
#2349 = ORIENTED_EDGE('',*,*,#2350,.F.);
#2350 = EDGE_CURVE('',#2351,#2343,#2353,.T.);
#2351 = VERTEX_POINT('',#2352);
#2352 = CARTESIAN_POINT('',(-51.898234,-36.436576,1.2));
#2353 = CIRCLE('',#2354,0.36000313088);
#2354 = AXIS2_PLACEMENT_3D('',#2355,#2356,#2357);
#2355 = CARTESIAN_POINT('',(-52.0782384488,-36.12480580794,1.2));
#2356 = DIRECTION('',(0.,-0.,1.));
#2357 = DIRECTION('',(0.500008009285,-0.866020779572,-0.));
#2358 = ORIENTED_EDGE('',*,*,#2359,.F.);
#2359 = EDGE_CURVE('',#2360,#2351,#2362,.T.);
#2360 = VERTEX_POINT('',#2361);
#2361 = CARTESIAN_POINT('',(-63.399052,-43.076576,1.2));
#2362 = LINE('',#2363,#2364);
#2363 = CARTESIAN_POINT('',(-63.399052,-43.076576,1.2));
#2364 = VECTOR('',#2365,1.);
#2365 = DIRECTION('',(0.86602541579,0.499999979206,0.));
#2366 = ORIENTED_EDGE('',*,*,#2367,.F.);
#2367 = EDGE_CURVE('',#2368,#2360,#2370,.T.);
#2368 = VERTEX_POINT('',#2369);
#2369 = CARTESIAN_POINT('',(-63.890821,-42.944807,1.2));
#2370 = CIRCLE('',#2371,0.36000313088);
#2371 = AXIS2_PLACEMENT_3D('',#2372,#2373,#2374);
#2372 = CARTESIAN_POINT('',(-63.57905080794,-42.76480255119,1.2));
#2373 = DIRECTION('',(0.,0.,1.));
#2374 = DIRECTION('',(-0.866020779572,-0.500008009285,0.));
#2375 = ORIENTED_EDGE('',*,*,#2376,.F.);
#2376 = EDGE_CURVE('',#2377,#2368,#2379,.T.);
#2377 = VERTEX_POINT('',#2378);
#2378 = CARTESIAN_POINT('',(-70.530821,-31.443989,1.2));
#2379 = LINE('',#2380,#2381);
#2380 = CARTESIAN_POINT('',(-70.530821,-31.443989,1.2));
#2381 = VECTOR('',#2382,1.);
#2382 = DIRECTION('',(0.499999979206,-0.86602541579,0.));
#2383 = ORIENTED_EDGE('',*,*,#2384,.F.);
#2384 = EDGE_CURVE('',#2385,#2377,#2387,.T.);
#2385 = VERTEX_POINT('',#2386);
#2386 = CARTESIAN_POINT('',(-70.399052,-30.95222,1.2));
#2387 = CIRCLE('',#2388,0.36000313088);
#2388 = AXIS2_PLACEMENT_3D('',#2389,#2390,#2391);
#2389 = CARTESIAN_POINT('',(-70.21904755119,-31.26399019205,1.2));
#2390 = DIRECTION('',(0.,0.,1.));
#2391 = DIRECTION('',(-0.500008009285,0.866020779572,0.));
#2392 = ORIENTED_EDGE('',*,*,#2393,.F.);
#2393 = EDGE_CURVE('',#2334,#2385,#2394,.T.);
#2394 = LINE('',#2395,#2396);
#2395 = CARTESIAN_POINT('',(-58.898234,-24.31222,1.2));
#2396 = VECTOR('',#2397,1.);
#2397 = DIRECTION('',(-0.86602541579,-0.499999979206,0.));
#2398 = FACE_BOUND('',#2399,.T.);
#2399 = EDGE_LOOP('',(#2400,#2411,#2419,#2428,#2436,#2445,#2453,#2462));
#2400 = ORIENTED_EDGE('',*,*,#2401,.F.);
#2401 = EDGE_CURVE('',#2402,#2404,#2406,.T.);
#2402 = VERTEX_POINT('',#2403);
#2403 = CARTESIAN_POINT('',(-36.605721,-19.468917,1.2));
#2404 = VERTEX_POINT('',#2405);
#2405 = CARTESIAN_POINT('',(-37.046629,-19.214359,1.2));
#2406 = CIRCLE('',#2407,0.359999449958);
#2407 = AXIS2_PLACEMENT_3D('',#2408,#2409,#2410);
#2408 = CARTESIAN_POINT('',(-36.95345378792,-19.56209163267,1.2));
#2409 = DIRECTION('',(0.,0.,1.));
#2410 = DIRECTION('',(0.96592588673,0.258818819535,-0.));
#2411 = ORIENTED_EDGE('',*,*,#2412,.F.);
#2412 = EDGE_CURVE('',#2413,#2402,#2415,.T.);
#2413 = VERTEX_POINT('',#2414);
#2414 = CARTESIAN_POINT('',(-33.168604,-32.296412,1.2));
#2415 = LINE('',#2416,#2417);
#2416 = CARTESIAN_POINT('',(-33.168604,-32.296412,1.2));
#2417 = VECTOR('',#2418,1.);
#2418 = DIRECTION('',(-0.25881905029,0.965925824899,0.));
#2419 = ORIENTED_EDGE('',*,*,#2420,.F.);
#2420 = EDGE_CURVE('',#2421,#2413,#2423,.T.);
#2421 = VERTEX_POINT('',#2422);
#2422 = CARTESIAN_POINT('',(-33.423162,-32.73732,1.2));
#2423 = CIRCLE('',#2424,0.359999449958);
#2424 = AXIS2_PLACEMENT_3D('',#2425,#2426,#2427);
#2425 = CARTESIAN_POINT('',(-33.51633663267,-32.38958721207,1.2));
#2426 = DIRECTION('',(0.,0.,1.));
#2427 = DIRECTION('',(0.258818819535,-0.96592588673,0.));
#2428 = ORIENTED_EDGE('',*,*,#2429,.F.);
#2429 = EDGE_CURVE('',#2430,#2421,#2432,.T.);
#2430 = VERTEX_POINT('',#2431);
#2431 = CARTESIAN_POINT('',(-46.250657,-36.174437,1.2));
#2432 = LINE('',#2433,#2434);
#2433 = CARTESIAN_POINT('',(-46.250657,-36.174437,1.2));
#2434 = VECTOR('',#2435,1.);
#2435 = DIRECTION('',(0.965925824899,0.25881905029,0.));
#2436 = ORIENTED_EDGE('',*,*,#2437,.F.);
#2437 = EDGE_CURVE('',#2438,#2430,#2440,.T.);
#2438 = VERTEX_POINT('',#2439);
#2439 = CARTESIAN_POINT('',(-46.691565,-35.919879,1.2));
#2440 = CIRCLE('',#2441,0.359999449958);
#2441 = AXIS2_PLACEMENT_3D('',#2442,#2443,#2444);
#2442 = CARTESIAN_POINT('',(-46.34383221207,-35.82670436732,1.2));
#2443 = DIRECTION('',(0.,0.,1.));
#2444 = DIRECTION('',(-0.96592588673,-0.258818819535,0.));
#2445 = ORIENTED_EDGE('',*,*,#2446,.F.);
#2446 = EDGE_CURVE('',#2447,#2438,#2449,.T.);
#2447 = VERTEX_POINT('',#2448);
#2448 = CARTESIAN_POINT('',(-50.128682,-23.092384,1.2));
#2449 = LINE('',#2450,#2451);
#2450 = CARTESIAN_POINT('',(-50.128682,-23.092384,1.2));
#2451 = VECTOR('',#2452,1.);
#2452 = DIRECTION('',(0.25881905029,-0.965925824899,0.));
#2453 = ORIENTED_EDGE('',*,*,#2454,.F.);
#2454 = EDGE_CURVE('',#2455,#2447,#2457,.T.);
#2455 = VERTEX_POINT('',#2456);
#2456 = CARTESIAN_POINT('',(-49.874124,-22.651476,1.2));
#2457 = CIRCLE('',#2458,0.359999449958);
#2458 = AXIS2_PLACEMENT_3D('',#2459,#2460,#2461);
#2459 = CARTESIAN_POINT('',(-49.78094936732,-22.99920878792,1.2));
#2460 = DIRECTION('',(0.,0.,1.));
#2461 = DIRECTION('',(-0.258818819535,0.96592588673,0.));
#2462 = ORIENTED_EDGE('',*,*,#2463,.F.);
#2463 = EDGE_CURVE('',#2404,#2455,#2464,.T.);
#2464 = LINE('',#2465,#2466);
#2465 = CARTESIAN_POINT('',(-37.046629,-19.214359,1.2));
#2466 = VECTOR('',#2467,1.);
#2467 = DIRECTION('',(-0.965925824899,-0.25881905029,0.));
#2468 = FACE_BOUND('',#2469,.T.);
#2469 = EDGE_LOOP('',(#2470));
#2470 = ORIENTED_EDGE('',*,*,#2471,.T.);
#2471 = EDGE_CURVE('',#2472,#2472,#2474,.T.);
#2472 = VERTEX_POINT('',#2473);
#2473 = CARTESIAN_POINT('',(-54.648643,-20.794398,1.2));
#2474 = CIRCLE('',#2475,1.1);
#2475 = AXIS2_PLACEMENT_3D('',#2476,#2477,#2478);
#2476 = CARTESIAN_POINT('',(-54.648643,-19.694398,1.2));
#2477 = DIRECTION('',(-0.,0.,-1.));
#2478 = DIRECTION('',(-0.,-1.,0.));
#2479 = FACE_BOUND('',#2480,.T.);
#2480 = EDGE_LOOP('',(#2481,#2492,#2500,#2509,#2517,#2526,#2534,#2543));
#2481 = ORIENTED_EDGE('',*,*,#2482,.F.);
#2482 = EDGE_CURVE('',#2483,#2485,#2487,.T.);
#2483 = VERTEX_POINT('',#2484);
#2484 = CARTESIAN_POINT('',(-38.288643,0.305602,1.2));
#2485 = VERTEX_POINT('',#2486);
#2486 = CARTESIAN_POINT('',(-38.648643,-5.4398E-02,1.2));
#2487 = CIRCLE('',#2488,0.360001506454);
#2488 = AXIS2_PLACEMENT_3D('',#2489,#2490,#2491);
#2489 = CARTESIAN_POINT('',(-38.28864149354,-5.439950645135E-02,1.2));
#2490 = DIRECTION('',(0.,0.,1.));
#2491 = DIRECTION('',(-4.184569566117E-06,0.999999999991,0.));
#2492 = ORIENTED_EDGE('',*,*,#2493,.F.);
#2493 = EDGE_CURVE('',#2494,#2483,#2496,.T.);
#2494 = VERTEX_POINT('',#2495);
#2495 = CARTESIAN_POINT('',(-25.008643,0.305602,1.2));
#2496 = LINE('',#2497,#2498);
#2497 = CARTESIAN_POINT('',(-25.008643,0.305602,1.2));
#2498 = VECTOR('',#2499,1.);
#2499 = DIRECTION('',(-1.,0.,0.));
#2500 = ORIENTED_EDGE('',*,*,#2501,.F.);
#2501 = EDGE_CURVE('',#2502,#2494,#2504,.T.);
#2502 = VERTEX_POINT('',#2503);
#2503 = CARTESIAN_POINT('',(-24.648643,-5.4398E-02,1.2));
#2504 = CIRCLE('',#2505,0.360001506455);
#2505 = AXIS2_PLACEMENT_3D('',#2506,#2507,#2508);
#2506 = CARTESIAN_POINT('',(-25.00864450645,-5.439950645135E-02,1.2));
#2507 = DIRECTION('',(0.,0.,1.));
#2508 = DIRECTION('',(0.999999999991,4.184569581884E-06,-0.));
#2509 = ORIENTED_EDGE('',*,*,#2510,.F.);
#2510 = EDGE_CURVE('',#2511,#2502,#2513,.T.);
#2511 = VERTEX_POINT('',#2512);
#2512 = CARTESIAN_POINT('',(-24.648643,-13.334398,1.2));
#2513 = LINE('',#2514,#2515);
#2514 = CARTESIAN_POINT('',(-24.648643,-13.334398,1.2));
#2515 = VECTOR('',#2516,1.);
#2516 = DIRECTION('',(0.,1.,0.));
#2517 = ORIENTED_EDGE('',*,*,#2518,.F.);
#2518 = EDGE_CURVE('',#2519,#2511,#2521,.T.);
#2519 = VERTEX_POINT('',#2520);
#2520 = CARTESIAN_POINT('',(-25.008643,-13.694398,1.2));
#2521 = CIRCLE('',#2522,0.360001506455);
#2522 = AXIS2_PLACEMENT_3D('',#2523,#2524,#2525);
#2523 = CARTESIAN_POINT('',(-25.00864450645,-13.33439649354,1.2));
#2524 = DIRECTION('',(0.,0.,1.));
#2525 = DIRECTION('',(4.184569575986E-06,-0.999999999991,0.));
#2526 = ORIENTED_EDGE('',*,*,#2527,.F.);
#2527 = EDGE_CURVE('',#2528,#2519,#2530,.T.);
#2528 = VERTEX_POINT('',#2529);
#2529 = CARTESIAN_POINT('',(-38.288643,-13.694398,1.2));
#2530 = LINE('',#2531,#2532);
#2531 = CARTESIAN_POINT('',(-38.288643,-13.694398,1.2));
#2532 = VECTOR('',#2533,1.);
#2533 = DIRECTION('',(1.,0.,0.));
#2534 = ORIENTED_EDGE('',*,*,#2535,.F.);
#2535 = EDGE_CURVE('',#2536,#2528,#2538,.T.);
#2536 = VERTEX_POINT('',#2537);
#2537 = CARTESIAN_POINT('',(-38.648643,-13.334398,1.2));
#2538 = CIRCLE('',#2539,0.360001506454);
#2539 = AXIS2_PLACEMENT_3D('',#2540,#2541,#2542);
#2540 = CARTESIAN_POINT('',(-38.28864149354,-13.33439649354,1.2));
#2541 = DIRECTION('',(0.,0.,1.));
#2542 = DIRECTION('',(-0.999999999991,-4.184569566117E-06,0.));
#2543 = ORIENTED_EDGE('',*,*,#2544,.F.);
#2544 = EDGE_CURVE('',#2485,#2536,#2545,.T.);
#2545 = LINE('',#2546,#2547);
#2546 = CARTESIAN_POINT('',(-38.648643,-5.4398E-02,1.2));
#2547 = VECTOR('',#2548,1.);
#2548 = DIRECTION('',(0.,-1.,0.));
#2549 = FACE_BOUND('',#2550,.T.);
#2550 = EDGE_LOOP('',(#2551,#2562,#2570,#2579,#2587,#2596,#2604,#2613));
#2551 = ORIENTED_EDGE('',*,*,#2552,.F.);
#2552 = EDGE_CURVE('',#2553,#2555,#2557,.T.);
#2553 = VERTEX_POINT('',#2554);
#2554 = CARTESIAN_POINT('',(-19.288643,2.305602,1.2));
#2555 = VERTEX_POINT('',#2556);
#2556 = CARTESIAN_POINT('',(-19.648643,1.945602,1.2));
#2557 = CIRCLE('',#2558,0.360001506455);
#2558 = AXIS2_PLACEMENT_3D('',#2559,#2560,#2561);
#2559 = CARTESIAN_POINT('',(-19.28864149354,1.945600493549,1.2));
#2560 = DIRECTION('',(0.,0.,1.));
#2561 = DIRECTION('',(-4.184569575986E-06,0.999999999991,0.));
#2562 = ORIENTED_EDGE('',*,*,#2563,.F.);
#2563 = EDGE_CURVE('',#2564,#2553,#2566,.T.);
#2564 = VERTEX_POINT('',#2565);
#2565 = CARTESIAN_POINT('',(-6.008643,2.305602,1.2));
#2566 = LINE('',#2567,#2568);
#2567 = CARTESIAN_POINT('',(-6.008643,2.305602,1.2));
#2568 = VECTOR('',#2569,1.);
#2569 = DIRECTION('',(-1.,0.,0.));
#2570 = ORIENTED_EDGE('',*,*,#2571,.F.);
#2571 = EDGE_CURVE('',#2572,#2564,#2574,.T.);
#2572 = VERTEX_POINT('',#2573);
#2573 = CARTESIAN_POINT('',(-5.648643,1.945602,1.2));
#2574 = CIRCLE('',#2575,0.360001506455);
#2575 = AXIS2_PLACEMENT_3D('',#2576,#2577,#2578);
#2576 = CARTESIAN_POINT('',(-6.008644506451,1.945600493549,1.2));
#2577 = DIRECTION('',(0.,0.,1.));
#2578 = DIRECTION('',(0.999999999991,4.184569582771E-06,-0.));
#2579 = ORIENTED_EDGE('',*,*,#2580,.F.);
#2580 = EDGE_CURVE('',#2581,#2572,#2583,.T.);
#2581 = VERTEX_POINT('',#2582);
#2582 = CARTESIAN_POINT('',(-5.648643,-11.334398,1.2));
#2583 = LINE('',#2584,#2585);
#2584 = CARTESIAN_POINT('',(-5.648643,-11.334398,1.2));
#2585 = VECTOR('',#2586,1.);
#2586 = DIRECTION('',(0.,1.,0.));
#2587 = ORIENTED_EDGE('',*,*,#2588,.F.);
#2588 = EDGE_CURVE('',#2589,#2581,#2591,.T.);
#2589 = VERTEX_POINT('',#2590);
#2590 = CARTESIAN_POINT('',(-6.008643,-11.694398,1.2));
#2591 = CIRCLE('',#2592,0.360001506455);
#2592 = AXIS2_PLACEMENT_3D('',#2593,#2594,#2595);
#2593 = CARTESIAN_POINT('',(-6.008644506451,-11.33439649354,1.2));
#2594 = DIRECTION('',(0.,0.,1.));
#2595 = DIRECTION('',(4.184569578453E-06,-0.999999999991,0.));
#2596 = ORIENTED_EDGE('',*,*,#2597,.F.);
#2597 = EDGE_CURVE('',#2598,#2589,#2600,.T.);
#2598 = VERTEX_POINT('',#2599);
#2599 = CARTESIAN_POINT('',(-19.288643,-11.694398,1.2));
#2600 = LINE('',#2601,#2602);
#2601 = CARTESIAN_POINT('',(-19.288643,-11.694398,1.2));
#2602 = VECTOR('',#2603,1.);
#2603 = DIRECTION('',(1.,0.,0.));
#2604 = ORIENTED_EDGE('',*,*,#2605,.F.);
#2605 = EDGE_CURVE('',#2606,#2598,#2608,.T.);
#2606 = VERTEX_POINT('',#2607);
#2607 = CARTESIAN_POINT('',(-19.648643,-11.334398,1.2));
#2608 = CIRCLE('',#2609,0.360001506455);
#2609 = AXIS2_PLACEMENT_3D('',#2610,#2611,#2612);
#2610 = CARTESIAN_POINT('',(-19.28864149354,-11.33439649354,1.2));
#2611 = DIRECTION('',(0.,0.,1.));
#2612 = DIRECTION('',(-0.999999999991,-4.184569585855E-06,0.));
#2613 = ORIENTED_EDGE('',*,*,#2614,.F.);
#2614 = EDGE_CURVE('',#2555,#2606,#2615,.T.);
#2615 = LINE('',#2616,#2617);
#2616 = CARTESIAN_POINT('',(-19.648643,1.945602,1.2));
#2617 = VECTOR('',#2618,1.);
#2618 = DIRECTION('',(0.,-1.,0.));
#2619 = FACE_BOUND('',#2620,.T.);
#2620 = EDGE_LOOP('',(#2621,#2632,#2640,#2649,#2657,#2666,#2674,#2683));
#2621 = ORIENTED_EDGE('',*,*,#2622,.F.);
#2622 = EDGE_CURVE('',#2623,#2625,#2627,.T.);
#2623 = VERTEX_POINT('',#2624);
#2624 = CARTESIAN_POINT('',(-0.288643,5.305602,1.2));
#2625 = VERTEX_POINT('',#2626);
#2626 = CARTESIAN_POINT('',(-0.648643,4.945602,1.2));
#2627 = CIRCLE('',#2628,0.360001506455);
#2628 = AXIS2_PLACEMENT_3D('',#2629,#2630,#2631);
#2629 = CARTESIAN_POINT('',(-0.288641493549,4.945600493549,1.2));
#2630 = DIRECTION('',(0.,0.,1.));
#2631 = DIRECTION('',(-4.184569581229E-06,0.999999999991,0.));
#2632 = ORIENTED_EDGE('',*,*,#2633,.F.);
#2633 = EDGE_CURVE('',#2634,#2623,#2636,.T.);
#2634 = VERTEX_POINT('',#2635);
#2635 = CARTESIAN_POINT('',(12.991357,5.305602,1.2));
#2636 = LINE('',#2637,#2638);
#2637 = CARTESIAN_POINT('',(12.991357,5.305602,1.2));
#2638 = VECTOR('',#2639,1.);
#2639 = DIRECTION('',(-1.,0.,0.));
#2640 = ORIENTED_EDGE('',*,*,#2641,.F.);
#2641 = EDGE_CURVE('',#2642,#2634,#2644,.T.);
#2642 = VERTEX_POINT('',#2643);
#2643 = CARTESIAN_POINT('',(13.351357,4.945602,1.2));
#2644 = CIRCLE('',#2645,0.360001506455);
#2645 = AXIS2_PLACEMENT_3D('',#2646,#2647,#2648);
#2646 = CARTESIAN_POINT('',(12.991355493549,4.945600493549,1.2));
#2647 = DIRECTION('',(0.,0.,1.));
#2648 = DIRECTION('',(0.999999999991,4.184569578453E-06,-0.));
#2649 = ORIENTED_EDGE('',*,*,#2650,.F.);
#2650 = EDGE_CURVE('',#2651,#2642,#2653,.T.);
#2651 = VERTEX_POINT('',#2652);
#2652 = CARTESIAN_POINT('',(13.351357,-8.334398,1.2));
#2653 = LINE('',#2654,#2655);
#2654 = CARTESIAN_POINT('',(13.351357,-8.334398,1.2));
#2655 = VECTOR('',#2656,1.);
#2656 = DIRECTION('',(0.,1.,0.));
#2657 = ORIENTED_EDGE('',*,*,#2658,.F.);
#2658 = EDGE_CURVE('',#2659,#2651,#2661,.T.);
#2659 = VERTEX_POINT('',#2660);
#2660 = CARTESIAN_POINT('',(12.991357,-8.694398,1.2));
#2661 = CIRCLE('',#2662,0.360001506455);
#2662 = AXIS2_PLACEMENT_3D('',#2663,#2664,#2665);
#2663 = CARTESIAN_POINT('',(12.991355493549,-8.334396493549,1.2));
#2664 = DIRECTION('',(0.,0.,1.));
#2665 = DIRECTION('',(4.184569585855E-06,-0.999999999991,0.));
#2666 = ORIENTED_EDGE('',*,*,#2667,.F.);
#2667 = EDGE_CURVE('',#2668,#2659,#2670,.T.);
#2668 = VERTEX_POINT('',#2669);
#2669 = CARTESIAN_POINT('',(-0.288643,-8.694398,1.2));
#2670 = LINE('',#2671,#2672);
#2671 = CARTESIAN_POINT('',(-0.288643,-8.694398,1.2));
#2672 = VECTOR('',#2673,1.);
#2673 = DIRECTION('',(1.,0.,0.));
#2674 = ORIENTED_EDGE('',*,*,#2675,.F.);
#2675 = EDGE_CURVE('',#2676,#2668,#2678,.T.);
#2676 = VERTEX_POINT('',#2677);
#2677 = CARTESIAN_POINT('',(-0.648643,-8.334398,1.2));
#2678 = CIRCLE('',#2679,0.360001506455);
#2679 = AXIS2_PLACEMENT_3D('',#2680,#2681,#2682);
#2680 = CARTESIAN_POINT('',(-0.288641493549,-8.334396493549,1.2));
#2681 = DIRECTION('',(0.,0.,1.));
#2682 = DIRECTION('',(-0.999999999991,-4.184569585855E-06,0.));
#2683 = ORIENTED_EDGE('',*,*,#2684,.F.);
#2684 = EDGE_CURVE('',#2625,#2676,#2685,.T.);
#2685 = LINE('',#2686,#2687);
#2686 = CARTESIAN_POINT('',(-0.648643,4.945602,1.2));
#2687 = VECTOR('',#2688,1.);
#2688 = DIRECTION('',(0.,-1.,0.));
#2689 = FACE_BOUND('',#2690,.T.);
#2690 = EDGE_LOOP('',(#2691,#2702,#2710,#2719,#2727,#2736,#2744,#2753));
#2691 = ORIENTED_EDGE('',*,*,#2692,.F.);
#2692 = EDGE_CURVE('',#2693,#2695,#2697,.T.);
#2693 = VERTEX_POINT('',#2694);
#2694 = CARTESIAN_POINT('',(18.711357,4.305602,1.2));
#2695 = VERTEX_POINT('',#2696);
#2696 = CARTESIAN_POINT('',(18.351357,3.945602,1.2));
#2697 = CIRCLE('',#2698,0.360001506455);
#2698 = AXIS2_PLACEMENT_3D('',#2699,#2700,#2701);
#2699 = CARTESIAN_POINT('',(18.711358506451,3.945600493549,1.2));
#2700 = DIRECTION('',(0.,0.,1.));
#2701 = DIRECTION('',(-4.184569575986E-06,0.999999999991,0.));
#2702 = ORIENTED_EDGE('',*,*,#2703,.F.);
#2703 = EDGE_CURVE('',#2704,#2693,#2706,.T.);
#2704 = VERTEX_POINT('',#2705);
#2705 = CARTESIAN_POINT('',(31.991357,4.305602,1.2));
#2706 = LINE('',#2707,#2708);
#2707 = CARTESIAN_POINT('',(31.991357,4.305602,1.2));
#2708 = VECTOR('',#2709,1.);
#2709 = DIRECTION('',(-1.,0.,0.));
#2710 = ORIENTED_EDGE('',*,*,#2711,.F.);
#2711 = EDGE_CURVE('',#2712,#2704,#2714,.T.);
#2712 = VERTEX_POINT('',#2713);
#2713 = CARTESIAN_POINT('',(32.351357,3.945602,1.2));
#2714 = CIRCLE('',#2715,0.360001506455);
#2715 = AXIS2_PLACEMENT_3D('',#2716,#2717,#2718);
#2716 = CARTESIAN_POINT('',(31.991355493549,3.945600493549,1.2));
#2717 = DIRECTION('',(0.,0.,1.));
#2718 = DIRECTION('',(0.999999999991,4.184569606825E-06,-0.));
#2719 = ORIENTED_EDGE('',*,*,#2720,.F.);
#2720 = EDGE_CURVE('',#2721,#2712,#2723,.T.);
#2721 = VERTEX_POINT('',#2722);
#2722 = CARTESIAN_POINT('',(32.351357,-9.334398,1.2));
#2723 = LINE('',#2724,#2725);
#2724 = CARTESIAN_POINT('',(32.351357,-9.334398,1.2));
#2725 = VECTOR('',#2726,1.);
#2726 = DIRECTION('',(0.,1.,0.));
#2727 = ORIENTED_EDGE('',*,*,#2728,.F.);
#2728 = EDGE_CURVE('',#2729,#2721,#2731,.T.);
#2729 = VERTEX_POINT('',#2730);
#2730 = CARTESIAN_POINT('',(31.991357,-9.694398,1.2));
#2731 = CIRCLE('',#2732,0.360001506455);
#2732 = AXIS2_PLACEMENT_3D('',#2733,#2734,#2735);
#2733 = CARTESIAN_POINT('',(31.991355493549,-9.334396493549,1.2));
#2734 = DIRECTION('',(0.,0.,1.));
#2735 = DIRECTION('',(4.18456961546E-06,-0.999999999991,0.));
#2736 = ORIENTED_EDGE('',*,*,#2737,.F.);
#2737 = EDGE_CURVE('',#2738,#2729,#2740,.T.);
#2738 = VERTEX_POINT('',#2739);
#2739 = CARTESIAN_POINT('',(18.711357,-9.694398,1.2));
#2740 = LINE('',#2741,#2742);
#2741 = CARTESIAN_POINT('',(18.711357,-9.694398,1.2));
#2742 = VECTOR('',#2743,1.);
#2743 = DIRECTION('',(1.,0.,0.));
#2744 = ORIENTED_EDGE('',*,*,#2745,.F.);
#2745 = EDGE_CURVE('',#2746,#2738,#2748,.T.);
#2746 = VERTEX_POINT('',#2747);
#2747 = CARTESIAN_POINT('',(18.351357,-9.334398,1.2));
#2748 = CIRCLE('',#2749,0.360001506455);
#2749 = AXIS2_PLACEMENT_3D('',#2750,#2751,#2752);
#2750 = CARTESIAN_POINT('',(18.711358506451,-9.334396493549,1.2));
#2751 = DIRECTION('',(0.,0.,1.));
#2752 = DIRECTION('',(-0.999999999991,-4.184569585855E-06,0.));
#2753 = ORIENTED_EDGE('',*,*,#2754,.F.);
#2754 = EDGE_CURVE('',#2695,#2746,#2755,.T.);
#2755 = LINE('',#2756,#2757);
#2756 = CARTESIAN_POINT('',(18.351357,3.945602,1.2));
#2757 = VECTOR('',#2758,1.);
#2758 = DIRECTION('',(0.,-1.,0.));
#2759 = FACE_BOUND('',#2760,.T.);
#2760 = EDGE_LOOP('',(#2761,#2772,#2780,#2789,#2797,#2806,#2814,#2823));
#2761 = ORIENTED_EDGE('',*,*,#2762,.F.);
#2762 = EDGE_CURVE('',#2763,#2765,#2767,.T.);
#2763 = VERTEX_POINT('',#2764);
#2764 = CARTESIAN_POINT('',(37.711357,-5.694398,1.2));
#2765 = VERTEX_POINT('',#2766);
#2766 = CARTESIAN_POINT('',(37.351357,-6.054398,1.2));
#2767 = CIRCLE('',#2768,0.360001506454);
#2768 = AXIS2_PLACEMENT_3D('',#2769,#2770,#2771);
#2769 = CARTESIAN_POINT('',(37.711358506451,-6.054399506451,1.2));
#2770 = DIRECTION('',(0.,0.,1.));
#2771 = DIRECTION('',(-4.184569566117E-06,0.999999999991,0.));
#2772 = ORIENTED_EDGE('',*,*,#2773,.F.);
#2773 = EDGE_CURVE('',#2774,#2763,#2776,.T.);
#2774 = VERTEX_POINT('',#2775);
#2775 = CARTESIAN_POINT('',(50.991357,-5.694398,1.2));
#2776 = LINE('',#2777,#2778);
#2777 = CARTESIAN_POINT('',(50.991357,-5.694398,1.2));
#2778 = VECTOR('',#2779,1.);
#2779 = DIRECTION('',(-1.,0.,0.));
#2780 = ORIENTED_EDGE('',*,*,#2781,.F.);
#2781 = EDGE_CURVE('',#2782,#2774,#2784,.T.);
#2782 = VERTEX_POINT('',#2783);
#2783 = CARTESIAN_POINT('',(51.351357,-6.054398,1.2));
#2784 = CIRCLE('',#2785,0.360001506455);
#2785 = AXIS2_PLACEMENT_3D('',#2786,#2787,#2788);
#2786 = CARTESIAN_POINT('',(50.991355493549,-6.054399506451,1.2));
#2787 = DIRECTION('',(0.,0.,1.));
#2788 = DIRECTION('',(0.999999999991,4.184569605592E-06,-0.));
#2789 = ORIENTED_EDGE('',*,*,#2790,.F.);
#2790 = EDGE_CURVE('',#2791,#2782,#2793,.T.);
#2791 = VERTEX_POINT('',#2792);
#2792 = CARTESIAN_POINT('',(51.351357,-19.334398,1.2));
#2793 = LINE('',#2794,#2795);
#2794 = CARTESIAN_POINT('',(51.351357,-19.334398,1.2));
#2795 = VECTOR('',#2796,1.);
#2796 = DIRECTION('',(0.,1.,0.));
#2797 = ORIENTED_EDGE('',*,*,#2798,.F.);
#2798 = EDGE_CURVE('',#2799,#2791,#2801,.T.);
#2799 = VERTEX_POINT('',#2800);
#2800 = CARTESIAN_POINT('',(50.991357,-19.694398,1.2));
#2801 = CIRCLE('',#2802,0.360001506455);
#2802 = AXIS2_PLACEMENT_3D('',#2803,#2804,#2805);
#2803 = CARTESIAN_POINT('',(50.991355493549,-19.33439649354,1.2));
#2804 = DIRECTION('',(0.,0.,1.));
#2805 = DIRECTION('',(4.184569605592E-06,-0.999999999991,0.));
#2806 = ORIENTED_EDGE('',*,*,#2807,.F.);
#2807 = EDGE_CURVE('',#2808,#2799,#2810,.T.);
#2808 = VERTEX_POINT('',#2809);
#2809 = CARTESIAN_POINT('',(37.711357,-19.694398,1.2));
#2810 = LINE('',#2811,#2812);
#2811 = CARTESIAN_POINT('',(37.711357,-19.694398,1.2));
#2812 = VECTOR('',#2813,1.);
#2813 = DIRECTION('',(1.,0.,0.));
#2814 = ORIENTED_EDGE('',*,*,#2815,.F.);
#2815 = EDGE_CURVE('',#2816,#2808,#2818,.T.);
#2816 = VERTEX_POINT('',#2817);
#2817 = CARTESIAN_POINT('',(37.351357,-19.334398,1.2));
#2818 = CIRCLE('',#2819,0.360001506454);
#2819 = AXIS2_PLACEMENT_3D('',#2820,#2821,#2822);
#2820 = CARTESIAN_POINT('',(37.711358506451,-19.33439649354,1.2));
#2821 = DIRECTION('',(0.,0.,1.));
#2822 = DIRECTION('',(-0.999999999991,-4.184569566117E-06,0.));
#2823 = ORIENTED_EDGE('',*,*,#2824,.F.);
#2824 = EDGE_CURVE('',#2765,#2816,#2825,.T.);
#2825 = LINE('',#2826,#2827);
#2826 = CARTESIAN_POINT('',(37.351357,-6.054398,1.2));
#2827 = VECTOR('',#2828,1.);
#2828 = DIRECTION('',(0.,-1.,0.));
#2829 = FACE_BOUND('',#2830,.T.);
#2830 = EDGE_LOOP('',(#2831,#2842,#2850,#2859,#2867,#2876,#2884,#2893));
#2831 = ORIENTED_EDGE('',*,*,#2832,.F.);
#2832 = EDGE_CURVE('',#2833,#2835,#2837,.T.);
#2833 = VERTEX_POINT('',#2834);
#2834 = CARTESIAN_POINT('',(56.711357,-0.694398,1.2));
#2835 = VERTEX_POINT('',#2836);
#2836 = CARTESIAN_POINT('',(56.351357,-1.054398,1.2));
#2837 = CIRCLE('',#2838,0.360001506454);
#2838 = AXIS2_PLACEMENT_3D('',#2839,#2840,#2841);
#2839 = CARTESIAN_POINT('',(56.711358506451,-1.054399506451,1.2));
#2840 = DIRECTION('',(0.,0.,1.));
#2841 = DIRECTION('',(-4.184569566117E-06,0.999999999991,0.));
#2842 = ORIENTED_EDGE('',*,*,#2843,.F.);
#2843 = EDGE_CURVE('',#2844,#2833,#2846,.T.);
#2844 = VERTEX_POINT('',#2845);
#2845 = CARTESIAN_POINT('',(69.991357,-0.694398,1.2));
#2846 = LINE('',#2847,#2848);
#2847 = CARTESIAN_POINT('',(69.991357,-0.694398,1.2));
#2848 = VECTOR('',#2849,1.);
#2849 = DIRECTION('',(-1.,0.,0.));
#2850 = ORIENTED_EDGE('',*,*,#2851,.F.);
#2851 = EDGE_CURVE('',#2852,#2844,#2854,.T.);
#2852 = VERTEX_POINT('',#2853);
#2853 = CARTESIAN_POINT('',(70.351357,-1.054398,1.2));
#2854 = CIRCLE('',#2855,0.360001506454);
#2855 = AXIS2_PLACEMENT_3D('',#2856,#2857,#2858);
#2856 = CARTESIAN_POINT('',(69.991355493549,-1.054399506451,1.2));
#2857 = DIRECTION('',(0.,0.,1.));
#2858 = DIRECTION('',(0.999999999991,4.184569556249E-06,-0.));
#2859 = ORIENTED_EDGE('',*,*,#2860,.F.);
#2860 = EDGE_CURVE('',#2861,#2852,#2863,.T.);
#2861 = VERTEX_POINT('',#2862);
#2862 = CARTESIAN_POINT('',(70.351357,-14.334398,1.2));
#2863 = LINE('',#2864,#2865);
#2864 = CARTESIAN_POINT('',(70.351357,-14.334398,1.2));
#2865 = VECTOR('',#2866,1.);
#2866 = DIRECTION('',(0.,1.,0.));
#2867 = ORIENTED_EDGE('',*,*,#2868,.F.);
#2868 = EDGE_CURVE('',#2869,#2861,#2871,.T.);
#2869 = VERTEX_POINT('',#2870);
#2870 = CARTESIAN_POINT('',(69.991357,-14.694398,1.2));
#2871 = CIRCLE('',#2872,0.360001506454);
#2872 = AXIS2_PLACEMENT_3D('',#2873,#2874,#2875);
#2873 = CARTESIAN_POINT('',(69.991355493549,-14.33439649354,1.2));
#2874 = DIRECTION('',(0.,0.,1.));
#2875 = DIRECTION('',(4.18456954638E-06,-0.999999999991,0.));
#2876 = ORIENTED_EDGE('',*,*,#2877,.F.);
#2877 = EDGE_CURVE('',#2878,#2869,#2880,.T.);
#2878 = VERTEX_POINT('',#2879);
#2879 = CARTESIAN_POINT('',(56.711357,-14.694398,1.2));
#2880 = LINE('',#2881,#2882);
#2881 = CARTESIAN_POINT('',(56.711357,-14.694398,1.2));
#2882 = VECTOR('',#2883,1.);
#2883 = DIRECTION('',(1.,0.,0.));
#2884 = ORIENTED_EDGE('',*,*,#2885,.F.);
#2885 = EDGE_CURVE('',#2886,#2878,#2888,.T.);
#2886 = VERTEX_POINT('',#2887);
#2887 = CARTESIAN_POINT('',(56.351357,-14.334398,1.2));
#2888 = CIRCLE('',#2889,0.360001506454);
#2889 = AXIS2_PLACEMENT_3D('',#2890,#2891,#2892);
#2890 = CARTESIAN_POINT('',(56.711358506451,-14.33439649354,1.2));
#2891 = DIRECTION('',(0.,0.,1.));
#2892 = DIRECTION('',(-0.999999999991,-4.184569566117E-06,0.));
#2893 = ORIENTED_EDGE('',*,*,#2894,.F.);
#2894 = EDGE_CURVE('',#2835,#2886,#2895,.T.);
#2895 = LINE('',#2896,#2897);
#2896 = CARTESIAN_POINT('',(56.351357,-1.054398,1.2));
#2897 = VECTOR('',#2898,1.);
#2898 = DIRECTION('',(0.,-1.,0.));
#2899 = FACE_BOUND('',#2900,.T.);
#2900 = EDGE_LOOP('',(#2901,#2912,#2920,#2929,#2937,#2946,#2954,#2963));
#2901 = ORIENTED_EDGE('',*,*,#2902,.F.);
#2902 = EDGE_CURVE('',#2903,#2905,#2907,.T.);
#2903 = VERTEX_POINT('',#2904);
#2904 = CARTESIAN_POINT('',(-38.288643,19.305602,1.2));
#2905 = VERTEX_POINT('',#2906);
#2906 = CARTESIAN_POINT('',(-38.648643,18.945602,1.2));
#2907 = CIRCLE('',#2908,0.360001506454);
#2908 = AXIS2_PLACEMENT_3D('',#2909,#2910,#2911);
#2909 = CARTESIAN_POINT('',(-38.28864149354,18.945600493549,1.2));
#2910 = DIRECTION('',(0.,0.,1.));
#2911 = DIRECTION('',(-4.184569566117E-06,0.999999999991,0.));
#2912 = ORIENTED_EDGE('',*,*,#2913,.F.);
#2913 = EDGE_CURVE('',#2914,#2903,#2916,.T.);
#2914 = VERTEX_POINT('',#2915);
#2915 = CARTESIAN_POINT('',(-25.008643,19.305602,1.2));
#2916 = LINE('',#2917,#2918);
#2917 = CARTESIAN_POINT('',(-25.008643,19.305602,1.2));
#2918 = VECTOR('',#2919,1.);
#2919 = DIRECTION('',(-1.,0.,0.));
#2920 = ORIENTED_EDGE('',*,*,#2921,.F.);
#2921 = EDGE_CURVE('',#2922,#2914,#2924,.T.);
#2922 = VERTEX_POINT('',#2923);
#2923 = CARTESIAN_POINT('',(-24.648643,18.945602,1.2));
#2924 = CIRCLE('',#2925,0.360001506455);
#2925 = AXIS2_PLACEMENT_3D('',#2926,#2927,#2928);
#2926 = CARTESIAN_POINT('',(-25.00864450645,18.945600493549,1.2));
#2927 = DIRECTION('',(0.,0.,1.));
#2928 = DIRECTION('',(0.999999999991,4.184569575986E-06,-0.));
#2929 = ORIENTED_EDGE('',*,*,#2930,.F.);
#2930 = EDGE_CURVE('',#2931,#2922,#2933,.T.);
#2931 = VERTEX_POINT('',#2932);
#2932 = CARTESIAN_POINT('',(-24.648643,5.665602,1.2));
#2933 = LINE('',#2934,#2935);
#2934 = CARTESIAN_POINT('',(-24.648643,5.665602,1.2));
#2935 = VECTOR('',#2936,1.);
#2936 = DIRECTION('',(0.,1.,0.));
#2937 = ORIENTED_EDGE('',*,*,#2938,.F.);
#2938 = EDGE_CURVE('',#2939,#2931,#2941,.T.);
#2939 = VERTEX_POINT('',#2940);
#2940 = CARTESIAN_POINT('',(-25.008643,5.305602,1.2));
#2941 = CIRCLE('',#2942,0.360001506455);
#2942 = AXIS2_PLACEMENT_3D('',#2943,#2944,#2945);
#2943 = CARTESIAN_POINT('',(-25.00864450645,5.665603506451,1.2));
#2944 = DIRECTION('',(0.,0.,1.));
#2945 = DIRECTION('',(4.184569575986E-06,-0.999999999991,0.));
#2946 = ORIENTED_EDGE('',*,*,#2947,.F.);
#2947 = EDGE_CURVE('',#2948,#2939,#2950,.T.);
#2948 = VERTEX_POINT('',#2949);
#2949 = CARTESIAN_POINT('',(-38.288643,5.305602,1.2));
#2950 = LINE('',#2951,#2952);
#2951 = CARTESIAN_POINT('',(-38.288643,5.305602,1.2));
#2952 = VECTOR('',#2953,1.);
#2953 = DIRECTION('',(1.,0.,0.));
#2954 = ORIENTED_EDGE('',*,*,#2955,.F.);
#2955 = EDGE_CURVE('',#2956,#2948,#2958,.T.);
#2956 = VERTEX_POINT('',#2957);
#2957 = CARTESIAN_POINT('',(-38.648643,5.665602,1.2));
#2958 = CIRCLE('',#2959,0.360001506454);
#2959 = AXIS2_PLACEMENT_3D('',#2960,#2961,#2962);
#2960 = CARTESIAN_POINT('',(-38.28864149354,5.665603506451,1.2));
#2961 = DIRECTION('',(0.,0.,1.));
#2962 = DIRECTION('',(-0.999999999991,-4.184569566117E-06,0.));
#2963 = ORIENTED_EDGE('',*,*,#2964,.F.);
#2964 = EDGE_CURVE('',#2905,#2956,#2965,.T.);
#2965 = LINE('',#2966,#2967);
#2966 = CARTESIAN_POINT('',(-38.648643,18.945602,1.2));
#2967 = VECTOR('',#2968,1.);
#2968 = DIRECTION('',(0.,-1.,0.));
#2969 = FACE_BOUND('',#2970,.T.);
#2970 = EDGE_LOOP('',(#2971,#2982,#2990,#2999,#3007,#3016,#3024,#3033));
#2971 = ORIENTED_EDGE('',*,*,#2972,.F.);
#2972 = EDGE_CURVE('',#2973,#2975,#2977,.T.);
#2973 = VERTEX_POINT('',#2974);
#2974 = CARTESIAN_POINT('',(-19.288643,21.305602,1.2));
#2975 = VERTEX_POINT('',#2976);
#2976 = CARTESIAN_POINT('',(-19.648643,20.945602,1.2));
#2977 = CIRCLE('',#2978,0.360001506455);
#2978 = AXIS2_PLACEMENT_3D('',#2979,#2980,#2981);
#2979 = CARTESIAN_POINT('',(-19.28864149354,20.945600493549,1.2));
#2980 = DIRECTION('',(0.,0.,1.));
#2981 = DIRECTION('',(-4.184569575986E-06,0.999999999991,0.));
#2982 = ORIENTED_EDGE('',*,*,#2983,.F.);
#2983 = EDGE_CURVE('',#2984,#2973,#2986,.T.);
#2984 = VERTEX_POINT('',#2985);
#2985 = CARTESIAN_POINT('',(-6.008643,21.305602,1.2));
#2986 = LINE('',#2987,#2988);
#2987 = CARTESIAN_POINT('',(-6.008643,21.305602,1.2));
#2988 = VECTOR('',#2989,1.);
#2989 = DIRECTION('',(-1.,0.,0.));
#2990 = ORIENTED_EDGE('',*,*,#2991,.F.);
#2991 = EDGE_CURVE('',#2992,#2984,#2994,.T.);
#2992 = VERTEX_POINT('',#2993);
#2993 = CARTESIAN_POINT('',(-5.648643,20.945602,1.2));
#2994 = CIRCLE('',#2995,0.360001506455);
#2995 = AXIS2_PLACEMENT_3D('',#2996,#2997,#2998);
#2996 = CARTESIAN_POINT('',(-6.008644506451,20.945600493549,1.2));
#2997 = DIRECTION('',(0.,0.,1.));
#2998 = DIRECTION('',(0.999999999991,4.184569575986E-06,-0.));
#2999 = ORIENTED_EDGE('',*,*,#3000,.F.);
#3000 = EDGE_CURVE('',#3001,#2992,#3003,.T.);
#3001 = VERTEX_POINT('',#3002);
#3002 = CARTESIAN_POINT('',(-5.648643,7.665602,1.2));
#3003 = LINE('',#3004,#3005);
#3004 = CARTESIAN_POINT('',(-5.648643,7.665602,1.2));
#3005 = VECTOR('',#3006,1.);
#3006 = DIRECTION('',(0.,1.,0.));
#3007 = ORIENTED_EDGE('',*,*,#3008,.F.);
#3008 = EDGE_CURVE('',#3009,#3001,#3011,.T.);
#3009 = VERTEX_POINT('',#3010);
#3010 = CARTESIAN_POINT('',(-6.008643,7.305602,1.2));
#3011 = CIRCLE('',#3012,0.360001506455);
#3012 = AXIS2_PLACEMENT_3D('',#3013,#3014,#3015);
#3013 = CARTESIAN_POINT('',(-6.008644506451,7.665603506451,1.2));
#3014 = DIRECTION('',(0.,0.,1.));
#3015 = DIRECTION('',(4.184569578453E-06,-0.999999999991,0.));
#3016 = ORIENTED_EDGE('',*,*,#3017,.F.);
#3017 = EDGE_CURVE('',#3018,#3009,#3020,.T.);
#3018 = VERTEX_POINT('',#3019);
#3019 = CARTESIAN_POINT('',(-19.288643,7.305602,1.2));
#3020 = LINE('',#3021,#3022);
#3021 = CARTESIAN_POINT('',(-19.288643,7.305602,1.2));
#3022 = VECTOR('',#3023,1.);
#3023 = DIRECTION('',(1.,0.,0.));
#3024 = ORIENTED_EDGE('',*,*,#3025,.F.);
#3025 = EDGE_CURVE('',#3026,#3018,#3028,.T.);
#3026 = VERTEX_POINT('',#3027);
#3027 = CARTESIAN_POINT('',(-19.648643,7.665602,1.2));
#3028 = CIRCLE('',#3029,0.360001506455);
#3029 = AXIS2_PLACEMENT_3D('',#3030,#3031,#3032);
#3030 = CARTESIAN_POINT('',(-19.28864149354,7.665603506451,1.2));
#3031 = DIRECTION('',(0.,0.,1.));
#3032 = DIRECTION('',(-0.999999999991,-4.184569583387E-06,0.));
#3033 = ORIENTED_EDGE('',*,*,#3034,.F.);
#3034 = EDGE_CURVE('',#2975,#3026,#3035,.T.);
#3035 = LINE('',#3036,#3037);
#3036 = CARTESIAN_POINT('',(-19.648643,20.945602,1.2));
#3037 = VECTOR('',#3038,1.);
#3038 = DIRECTION('',(0.,-1.,0.));
#3039 = FACE_BOUND('',#3040,.T.);
#3040 = EDGE_LOOP('',(#3041));
#3041 = ORIENTED_EDGE('',*,*,#3042,.T.);
#3042 = EDGE_CURVE('',#3043,#3043,#3045,.T.);
#3043 = VERTEX_POINT('',#3044);
#3044 = CARTESIAN_POINT('',(-22.648643,20.705602,1.2));
#3045 = CIRCLE('',#3046,1.1);
#3046 = AXIS2_PLACEMENT_3D('',#3047,#3048,#3049);
#3047 = CARTESIAN_POINT('',(-22.648643,21.805602,1.2));
#3048 = DIRECTION('',(-0.,0.,-1.));
#3049 = DIRECTION('',(-0.,-1.,0.));
#3050 = FACE_BOUND('',#3051,.T.);
#3051 = EDGE_LOOP('',(#3052,#3063,#3071,#3080,#3088,#3097,#3105,#3114));
#3052 = ORIENTED_EDGE('',*,*,#3053,.F.);
#3053 = EDGE_CURVE('',#3054,#3056,#3058,.T.);
#3054 = VERTEX_POINT('',#3055);
#3055 = CARTESIAN_POINT('',(-38.288643,38.305602,1.2));
#3056 = VERTEX_POINT('',#3057);
#3057 = CARTESIAN_POINT('',(-38.648643,37.945602,1.2));
#3058 = CIRCLE('',#3059,0.360001506455);
#3059 = AXIS2_PLACEMENT_3D('',#3060,#3061,#3062);
#3060 = CARTESIAN_POINT('',(-38.28864149354,37.945600493549,1.2));
#3061 = DIRECTION('',(0.,0.,1.));
#3062 = DIRECTION('',(-4.184569585854E-06,0.999999999991,0.));
#3063 = ORIENTED_EDGE('',*,*,#3064,.F.);
#3064 = EDGE_CURVE('',#3065,#3054,#3067,.T.);
#3065 = VERTEX_POINT('',#3066);
#3066 = CARTESIAN_POINT('',(-25.008643,38.305602,1.2));
#3067 = LINE('',#3068,#3069);
#3068 = CARTESIAN_POINT('',(-25.008643,38.305602,1.2));
#3069 = VECTOR('',#3070,1.);
#3070 = DIRECTION('',(-1.,0.,0.));
#3071 = ORIENTED_EDGE('',*,*,#3072,.F.);
#3072 = EDGE_CURVE('',#3073,#3065,#3075,.T.);
#3073 = VERTEX_POINT('',#3074);
#3074 = CARTESIAN_POINT('',(-24.648643,37.945602,1.2));
#3075 = CIRCLE('',#3076,0.360001506455);
#3076 = AXIS2_PLACEMENT_3D('',#3077,#3078,#3079);
#3077 = CARTESIAN_POINT('',(-25.00864450645,37.945600493549,1.2));
#3078 = DIRECTION('',(0.,0.,1.));
#3079 = DIRECTION('',(0.999999999991,4.184569605592E-06,-0.));
#3080 = ORIENTED_EDGE('',*,*,#3081,.F.);
#3081 = EDGE_CURVE('',#3082,#3073,#3084,.T.);
#3082 = VERTEX_POINT('',#3083);
#3083 = CARTESIAN_POINT('',(-24.648643,24.665602,1.2));
#3084 = LINE('',#3085,#3086);
#3085 = CARTESIAN_POINT('',(-24.648643,24.665602,1.2));
#3086 = VECTOR('',#3087,1.);
#3087 = DIRECTION('',(0.,1.,0.));
#3088 = ORIENTED_EDGE('',*,*,#3089,.F.);
#3089 = EDGE_CURVE('',#3090,#3082,#3092,.T.);
#3090 = VERTEX_POINT('',#3091);
#3091 = CARTESIAN_POINT('',(-25.008643,24.305602,1.2));
#3092 = CIRCLE('',#3093,0.360001506455);
#3093 = AXIS2_PLACEMENT_3D('',#3094,#3095,#3096);
#3094 = CARTESIAN_POINT('',(-25.00864450645,24.665603506451,1.2));
#3095 = DIRECTION('',(0.,0.,1.));
#3096 = DIRECTION('',(4.184569575986E-06,-0.999999999991,0.));
#3097 = ORIENTED_EDGE('',*,*,#3098,.F.);
#3098 = EDGE_CURVE('',#3099,#3090,#3101,.T.);
#3099 = VERTEX_POINT('',#3100);
#3100 = CARTESIAN_POINT('',(-38.288643,24.305602,1.2));
#3101 = LINE('',#3102,#3103);
#3102 = CARTESIAN_POINT('',(-38.288643,24.305602,1.2));
#3103 = VECTOR('',#3104,1.);
#3104 = DIRECTION('',(1.,0.,0.));
#3105 = ORIENTED_EDGE('',*,*,#3106,.F.);
#3106 = EDGE_CURVE('',#3107,#3099,#3109,.T.);
#3107 = VERTEX_POINT('',#3108);
#3108 = CARTESIAN_POINT('',(-38.648643,24.665602,1.2));
#3109 = CIRCLE('',#3110,0.360001506454);
#3110 = AXIS2_PLACEMENT_3D('',#3111,#3112,#3113);
#3111 = CARTESIAN_POINT('',(-38.28864149354,24.665603506451,1.2));
#3112 = DIRECTION('',(0.,0.,1.));
#3113 = DIRECTION('',(-0.999999999991,-4.184569566117E-06,0.));
#3114 = ORIENTED_EDGE('',*,*,#3115,.F.);
#3115 = EDGE_CURVE('',#3056,#3107,#3116,.T.);
#3116 = LINE('',#3117,#3118);
#3117 = CARTESIAN_POINT('',(-38.648643,37.945602,1.2));
#3118 = VECTOR('',#3119,1.);
#3119 = DIRECTION('',(0.,-1.,0.));
#3120 = FACE_BOUND('',#3121,.T.);
#3121 = EDGE_LOOP('',(#3122,#3133,#3141,#3150,#3158,#3167,#3175,#3184));
#3122 = ORIENTED_EDGE('',*,*,#3123,.F.);
#3123 = EDGE_CURVE('',#3124,#3126,#3128,.T.);
#3124 = VERTEX_POINT('',#3125);
#3125 = CARTESIAN_POINT('',(-19.288643,40.305602,1.2));
#3126 = VERTEX_POINT('',#3127);
#3127 = CARTESIAN_POINT('',(-19.648643,39.945602,1.2));
#3128 = CIRCLE('',#3129,0.360001506455);
#3129 = AXIS2_PLACEMENT_3D('',#3130,#3131,#3132);
#3130 = CARTESIAN_POINT('',(-19.28864149354,39.945600493549,1.2));
#3131 = DIRECTION('',(0.,0.,1.));
#3132 = DIRECTION('',(-4.184569605592E-06,0.999999999991,0.));
#3133 = ORIENTED_EDGE('',*,*,#3134,.F.);
#3134 = EDGE_CURVE('',#3135,#3124,#3137,.T.);
#3135 = VERTEX_POINT('',#3136);
#3136 = CARTESIAN_POINT('',(-6.008643,40.305602,1.2));
#3137 = LINE('',#3138,#3139);
#3138 = CARTESIAN_POINT('',(-6.008643,40.305602,1.2));
#3139 = VECTOR('',#3140,1.);
#3140 = DIRECTION('',(-1.,0.,0.));
#3141 = ORIENTED_EDGE('',*,*,#3142,.F.);
#3142 = EDGE_CURVE('',#3143,#3135,#3145,.T.);
#3143 = VERTEX_POINT('',#3144);
#3144 = CARTESIAN_POINT('',(-5.648643,39.945602,1.2));
#3145 = CIRCLE('',#3146,0.360001506455);
#3146 = AXIS2_PLACEMENT_3D('',#3147,#3148,#3149);
#3147 = CARTESIAN_POINT('',(-6.008644506451,39.945600493549,1.2));
#3148 = DIRECTION('',(0.,0.,1.));
#3149 = DIRECTION('',(0.999999999991,4.184569605592E-06,-0.));
#3150 = ORIENTED_EDGE('',*,*,#3151,.F.);
#3151 = EDGE_CURVE('',#3152,#3143,#3154,.T.);
#3152 = VERTEX_POINT('',#3153);
#3153 = CARTESIAN_POINT('',(-5.648643,26.665602,1.2));
#3154 = LINE('',#3155,#3156);
#3155 = CARTESIAN_POINT('',(-5.648643,26.665602,1.2));
#3156 = VECTOR('',#3157,1.);
#3157 = DIRECTION('',(0.,1.,0.));
#3158 = ORIENTED_EDGE('',*,*,#3159,.F.);
#3159 = EDGE_CURVE('',#3160,#3152,#3162,.T.);
#3160 = VERTEX_POINT('',#3161);
#3161 = CARTESIAN_POINT('',(-6.008643,26.305602,1.2));
#3162 = CIRCLE('',#3163,0.360001506455);
#3163 = AXIS2_PLACEMENT_3D('',#3164,#3165,#3166);
#3164 = CARTESIAN_POINT('',(-6.008644506451,26.665603506451,1.2));
#3165 = DIRECTION('',(0.,0.,1.));
#3166 = DIRECTION('',(4.184569578453E-06,-0.999999999991,0.));
#3167 = ORIENTED_EDGE('',*,*,#3168,.F.);
#3168 = EDGE_CURVE('',#3169,#3160,#3171,.T.);
#3169 = VERTEX_POINT('',#3170);
#3170 = CARTESIAN_POINT('',(-19.288643,26.305602,1.2));
#3171 = LINE('',#3172,#3173);
#3172 = CARTESIAN_POINT('',(-19.288643,26.305602,1.2));
#3173 = VECTOR('',#3174,1.);
#3174 = DIRECTION('',(1.,0.,0.));
#3175 = ORIENTED_EDGE('',*,*,#3176,.F.);
#3176 = EDGE_CURVE('',#3177,#3169,#3179,.T.);
#3177 = VERTEX_POINT('',#3178);
#3178 = CARTESIAN_POINT('',(-19.648643,26.665602,1.2));
#3179 = CIRCLE('',#3180,0.360001506455);
#3180 = AXIS2_PLACEMENT_3D('',#3181,#3182,#3183);
#3181 = CARTESIAN_POINT('',(-19.28864149354,26.665603506451,1.2));
#3182 = DIRECTION('',(0.,0.,1.));
#3183 = DIRECTION('',(-0.999999999991,-4.184569575986E-06,0.));
#3184 = ORIENTED_EDGE('',*,*,#3185,.F.);
#3185 = EDGE_CURVE('',#3126,#3177,#3186,.T.);
#3186 = LINE('',#3187,#3188);
#3187 = CARTESIAN_POINT('',(-19.648643,39.945602,1.2));
#3188 = VECTOR('',#3189,1.);
#3189 = DIRECTION('',(0.,-1.,0.));
#3190 = FACE_BOUND('',#3191,.T.);
#3191 = EDGE_LOOP('',(#3192,#3203,#3211,#3220,#3228,#3237,#3245,#3254));
#3192 = ORIENTED_EDGE('',*,*,#3193,.F.);
#3193 = EDGE_CURVE('',#3194,#3196,#3198,.T.);
#3194 = VERTEX_POINT('',#3195);
#3195 = CARTESIAN_POINT('',(-0.288643,24.305602,1.2));
#3196 = VERTEX_POINT('',#3197);
#3197 = CARTESIAN_POINT('',(-0.648643,23.945602,1.2));
#3198 = CIRCLE('',#3199,0.360001506455);
#3199 = AXIS2_PLACEMENT_3D('',#3200,#3201,#3202);
#3200 = CARTESIAN_POINT('',(-0.288641493549,23.945600493549,1.2));
#3201 = DIRECTION('',(0.,0.,1.));
#3202 = DIRECTION('',(-4.184569581845E-06,0.999999999991,0.));
#3203 = ORIENTED_EDGE('',*,*,#3204,.F.);
#3204 = EDGE_CURVE('',#3205,#3194,#3207,.T.);
#3205 = VERTEX_POINT('',#3206);
#3206 = CARTESIAN_POINT('',(12.991357,24.305602,1.2));
#3207 = LINE('',#3208,#3209);
#3208 = CARTESIAN_POINT('',(12.991357,24.305602,1.2));
#3209 = VECTOR('',#3210,1.);
#3210 = DIRECTION('',(-1.,0.,0.));
#3211 = ORIENTED_EDGE('',*,*,#3212,.F.);
#3212 = EDGE_CURVE('',#3213,#3205,#3215,.T.);
#3213 = VERTEX_POINT('',#3214);
#3214 = CARTESIAN_POINT('',(13.351357,23.945602,1.2));
#3215 = CIRCLE('',#3216,0.360001506455);
#3216 = AXIS2_PLACEMENT_3D('',#3217,#3218,#3219);
#3217 = CARTESIAN_POINT('',(12.991355493549,23.945600493549,1.2));
#3218 = DIRECTION('',(0.,0.,1.));
#3219 = DIRECTION('',(0.999999999991,4.184569575986E-06,-0.));
#3220 = ORIENTED_EDGE('',*,*,#3221,.F.);
#3221 = EDGE_CURVE('',#3222,#3213,#3224,.T.);
#3222 = VERTEX_POINT('',#3223);
#3223 = CARTESIAN_POINT('',(13.351357,10.665602,1.2));
#3224 = LINE('',#3225,#3226);
#3225 = CARTESIAN_POINT('',(13.351357,10.665602,1.2));
#3226 = VECTOR('',#3227,1.);
#3227 = DIRECTION('',(0.,1.,0.));
#3228 = ORIENTED_EDGE('',*,*,#3229,.F.);
#3229 = EDGE_CURVE('',#3230,#3222,#3232,.T.);
#3230 = VERTEX_POINT('',#3231);
#3231 = CARTESIAN_POINT('',(12.991357,10.305602,1.2));
#3232 = CIRCLE('',#3233,0.360001506455);
#3233 = AXIS2_PLACEMENT_3D('',#3234,#3235,#3236);
#3234 = CARTESIAN_POINT('',(12.991355493549,10.665603506451,1.2));
#3235 = DIRECTION('',(0.,0.,1.));
#3236 = DIRECTION('',(4.184569585855E-06,-0.999999999991,0.));
#3237 = ORIENTED_EDGE('',*,*,#3238,.F.);
#3238 = EDGE_CURVE('',#3239,#3230,#3241,.T.);
#3239 = VERTEX_POINT('',#3240);
#3240 = CARTESIAN_POINT('',(-0.288643,10.305602,1.2));
#3241 = LINE('',#3242,#3243);
#3242 = CARTESIAN_POINT('',(-0.288643,10.305602,1.2));
#3243 = VECTOR('',#3244,1.);
#3244 = DIRECTION('',(1.,0.,0.));
#3245 = ORIENTED_EDGE('',*,*,#3246,.F.);
#3246 = EDGE_CURVE('',#3247,#3239,#3249,.T.);
#3247 = VERTEX_POINT('',#3248);
#3248 = CARTESIAN_POINT('',(-0.648643,10.665602,1.2));
#3249 = CIRCLE('',#3250,0.360001506455);
#3250 = AXIS2_PLACEMENT_3D('',#3251,#3252,#3253);
#3251 = CARTESIAN_POINT('',(-0.288641493549,10.665603506451,1.2));
#3252 = DIRECTION('',(0.,0.,1.));
#3253 = DIRECTION('',(-0.999999999991,-4.184569585855E-06,0.));
#3254 = ORIENTED_EDGE('',*,*,#3255,.F.);
#3255 = EDGE_CURVE('',#3196,#3247,#3256,.T.);
#3256 = LINE('',#3257,#3258);
#3257 = CARTESIAN_POINT('',(-0.648643,23.945602,1.2));
#3258 = VECTOR('',#3259,1.);
#3259 = DIRECTION('',(0.,-1.,0.));
#3260 = FACE_BOUND('',#3261,.T.);
#3261 = EDGE_LOOP('',(#3262,#3273,#3281,#3290,#3298,#3307,#3315,#3324));
#3262 = ORIENTED_EDGE('',*,*,#3263,.F.);
#3263 = EDGE_CURVE('',#3264,#3266,#3268,.T.);
#3264 = VERTEX_POINT('',#3265);
#3265 = CARTESIAN_POINT('',(18.711357,23.305602,1.2));
#3266 = VERTEX_POINT('',#3267);
#3267 = CARTESIAN_POINT('',(18.351357,22.945602,1.2));
#3268 = CIRCLE('',#3269,0.360001506455);
#3269 = AXIS2_PLACEMENT_3D('',#3270,#3271,#3272);
#3270 = CARTESIAN_POINT('',(18.711358506451,22.945600493549,1.2));
#3271 = DIRECTION('',(0.,0.,1.));
#3272 = DIRECTION('',(-4.184569575986E-06,0.999999999991,0.));
#3273 = ORIENTED_EDGE('',*,*,#3274,.F.);
#3274 = EDGE_CURVE('',#3275,#3264,#3277,.T.);
#3275 = VERTEX_POINT('',#3276);
#3276 = CARTESIAN_POINT('',(31.991357,23.305602,1.2));
#3277 = LINE('',#3278,#3279);
#3278 = CARTESIAN_POINT('',(31.991357,23.305602,1.2));
#3279 = VECTOR('',#3280,1.);
#3280 = DIRECTION('',(-1.,0.,0.));
#3281 = ORIENTED_EDGE('',*,*,#3282,.F.);
#3282 = EDGE_CURVE('',#3283,#3275,#3285,.T.);
#3283 = VERTEX_POINT('',#3284);
#3284 = CARTESIAN_POINT('',(32.351357,22.945602,1.2));
#3285 = CIRCLE('',#3286,0.360001506455);
#3286 = AXIS2_PLACEMENT_3D('',#3287,#3288,#3289);
#3287 = CARTESIAN_POINT('',(31.991355493549,22.945600493549,1.2));
#3288 = DIRECTION('',(0.,0.,1.));
#3289 = DIRECTION('',(0.999999999991,4.184569605592E-06,-0.));
#3290 = ORIENTED_EDGE('',*,*,#3291,.F.);
#3291 = EDGE_CURVE('',#3292,#3283,#3294,.T.);
#3292 = VERTEX_POINT('',#3293);
#3293 = CARTESIAN_POINT('',(32.351357,9.665602,1.2));
#3294 = LINE('',#3295,#3296);
#3295 = CARTESIAN_POINT('',(32.351357,9.665602,1.2));
#3296 = VECTOR('',#3297,1.);
#3297 = DIRECTION('',(0.,1.,0.));
#3298 = ORIENTED_EDGE('',*,*,#3299,.F.);
#3299 = EDGE_CURVE('',#3300,#3292,#3302,.T.);
#3300 = VERTEX_POINT('',#3301);
#3301 = CARTESIAN_POINT('',(31.991357,9.305602,1.2));
#3302 = CIRCLE('',#3303,0.360001506455);
#3303 = AXIS2_PLACEMENT_3D('',#3304,#3305,#3306);
#3304 = CARTESIAN_POINT('',(31.991355493549,9.665603506451,1.2));
#3305 = DIRECTION('',(0.,0.,1.));
#3306 = DIRECTION('',(4.18456961546E-06,-0.999999999991,0.));
#3307 = ORIENTED_EDGE('',*,*,#3308,.F.);
#3308 = EDGE_CURVE('',#3309,#3300,#3311,.T.);
#3309 = VERTEX_POINT('',#3310);
#3310 = CARTESIAN_POINT('',(18.711357,9.305602,1.2));
#3311 = LINE('',#3312,#3313);
#3312 = CARTESIAN_POINT('',(18.711357,9.305602,1.2));
#3313 = VECTOR('',#3314,1.);
#3314 = DIRECTION('',(1.,0.,0.));
#3315 = ORIENTED_EDGE('',*,*,#3316,.F.);
#3316 = EDGE_CURVE('',#3317,#3309,#3319,.T.);
#3317 = VERTEX_POINT('',#3318);
#3318 = CARTESIAN_POINT('',(18.351357,9.665602,1.2));
#3319 = CIRCLE('',#3320,0.360001506455);
#3320 = AXIS2_PLACEMENT_3D('',#3321,#3322,#3323);
#3321 = CARTESIAN_POINT('',(18.711358506451,9.665603506451,1.2));
#3322 = DIRECTION('',(0.,0.,1.));
#3323 = DIRECTION('',(-0.999999999991,-4.184569585855E-06,0.));
#3324 = ORIENTED_EDGE('',*,*,#3325,.F.);
#3325 = EDGE_CURVE('',#3266,#3317,#3326,.T.);
#3326 = LINE('',#3327,#3328);
#3327 = CARTESIAN_POINT('',(18.351357,22.945602,1.2));
#3328 = VECTOR('',#3329,1.);
#3329 = DIRECTION('',(0.,-1.,0.));
#3330 = FACE_BOUND('',#3331,.T.);
#3331 = EDGE_LOOP('',(#3332,#3343,#3351,#3360,#3368,#3377,#3385,#3394));
#3332 = ORIENTED_EDGE('',*,*,#3333,.F.);
#3333 = EDGE_CURVE('',#3334,#3336,#3338,.T.);
#3334 = VERTEX_POINT('',#3335);
#3335 = CARTESIAN_POINT('',(37.711357,13.305602,1.2));
#3336 = VERTEX_POINT('',#3337);
#3337 = CARTESIAN_POINT('',(37.351357,12.945602,1.2));
#3338 = CIRCLE('',#3339,0.360001506454);
#3339 = AXIS2_PLACEMENT_3D('',#3340,#3341,#3342);
#3340 = CARTESIAN_POINT('',(37.711358506451,12.945600493549,1.2));
#3341 = DIRECTION('',(0.,0.,1.));
#3342 = DIRECTION('',(-4.184569566117E-06,0.999999999991,0.));
#3343 = ORIENTED_EDGE('',*,*,#3344,.F.);
#3344 = EDGE_CURVE('',#3345,#3334,#3347,.T.);
#3345 = VERTEX_POINT('',#3346);
#3346 = CARTESIAN_POINT('',(50.991357,13.305602,1.2));
#3347 = LINE('',#3348,#3349);
#3348 = CARTESIAN_POINT('',(50.991357,13.305602,1.2));
#3349 = VECTOR('',#3350,1.);
#3350 = DIRECTION('',(-1.,0.,0.));
#3351 = ORIENTED_EDGE('',*,*,#3352,.F.);
#3352 = EDGE_CURVE('',#3353,#3345,#3355,.T.);
#3353 = VERTEX_POINT('',#3354);
#3354 = CARTESIAN_POINT('',(51.351357,12.945602,1.2));
#3355 = CIRCLE('',#3356,0.360001506455);
#3356 = AXIS2_PLACEMENT_3D('',#3357,#3358,#3359);
#3357 = CARTESIAN_POINT('',(50.991355493549,12.945600493549,1.2));
#3358 = DIRECTION('',(0.,0.,1.));
#3359 = DIRECTION('',(0.999999999991,4.184569610526E-06,-0.));
#3360 = ORIENTED_EDGE('',*,*,#3361,.F.);
#3361 = EDGE_CURVE('',#3362,#3353,#3364,.T.);
#3362 = VERTEX_POINT('',#3363);
#3363 = CARTESIAN_POINT('',(51.351357,-0.334398,1.2));
#3364 = LINE('',#3365,#3366);
#3365 = CARTESIAN_POINT('',(51.351357,-0.334398,1.2));
#3366 = VECTOR('',#3367,1.);
#3367 = DIRECTION('',(0.,1.,0.));
#3368 = ORIENTED_EDGE('',*,*,#3369,.F.);
#3369 = EDGE_CURVE('',#3370,#3362,#3372,.T.);
#3370 = VERTEX_POINT('',#3371);
#3371 = CARTESIAN_POINT('',(50.991357,-0.694398,1.2));
#3372 = CIRCLE('',#3373,0.360001506455);
#3373 = AXIS2_PLACEMENT_3D('',#3374,#3375,#3376);
#3374 = CARTESIAN_POINT('',(50.991355493549,-0.334396493549,1.2));
#3375 = DIRECTION('',(0.,0.,1.));
#3376 = DIRECTION('',(4.184569605592E-06,-0.999999999991,0.));
#3377 = ORIENTED_EDGE('',*,*,#3378,.F.);
#3378 = EDGE_CURVE('',#3379,#3370,#3381,.T.);
#3379 = VERTEX_POINT('',#3380);
#3380 = CARTESIAN_POINT('',(37.711357,-0.694398,1.2));
#3381 = LINE('',#3382,#3383);
#3382 = CARTESIAN_POINT('',(37.711357,-0.694398,1.2));
#3383 = VECTOR('',#3384,1.);
#3384 = DIRECTION('',(1.,0.,0.));
#3385 = ORIENTED_EDGE('',*,*,#3386,.F.);
#3386 = EDGE_CURVE('',#3387,#3379,#3389,.T.);
#3387 = VERTEX_POINT('',#3388);
#3388 = CARTESIAN_POINT('',(37.351357,-0.334398,1.2));
#3389 = CIRCLE('',#3390,0.360001506454);
#3390 = AXIS2_PLACEMENT_3D('',#3391,#3392,#3393);
#3391 = CARTESIAN_POINT('',(37.711358506451,-0.334396493549,1.2));
#3392 = DIRECTION('',(0.,0.,1.));
#3393 = DIRECTION('',(-0.999999999991,-4.184569565192E-06,0.));
#3394 = ORIENTED_EDGE('',*,*,#3395,.F.);
#3395 = EDGE_CURVE('',#3336,#3387,#3396,.T.);
#3396 = LINE('',#3397,#3398);
#3397 = CARTESIAN_POINT('',(37.351357,12.945602,1.2));
#3398 = VECTOR('',#3399,1.);
#3399 = DIRECTION('',(0.,-1.,0.));
#3400 = FACE_BOUND('',#3401,.T.);
#3401 = EDGE_LOOP('',(#3402));
#3402 = ORIENTED_EDGE('',*,*,#3403,.T.);
#3403 = EDGE_CURVE('',#3404,#3404,#3406,.T.);
#3404 = VERTEX_POINT('',#3405);
#3405 = CARTESIAN_POINT('',(54.351357,0.705602,1.2));
#3406 = CIRCLE('',#3407,1.1);
#3407 = AXIS2_PLACEMENT_3D('',#3408,#3409,#3410);
#3408 = CARTESIAN_POINT('',(54.351357,1.805602,1.2));
#3409 = DIRECTION('',(-0.,0.,-1.));
#3410 = DIRECTION('',(-0.,-1.,0.));
#3411 = FACE_BOUND('',#3412,.T.);
#3412 = EDGE_LOOP('',(#3413,#3424,#3432,#3441,#3449,#3458,#3466,#3475));
#3413 = ORIENTED_EDGE('',*,*,#3414,.F.);
#3414 = EDGE_CURVE('',#3415,#3417,#3419,.T.);
#3415 = VERTEX_POINT('',#3416);
#3416 = CARTESIAN_POINT('',(56.711357,18.305602,1.2));
#3417 = VERTEX_POINT('',#3418);
#3418 = CARTESIAN_POINT('',(56.351357,17.945602,1.2));
#3419 = CIRCLE('',#3420,0.360001506454);
#3420 = AXIS2_PLACEMENT_3D('',#3421,#3422,#3423);
#3421 = CARTESIAN_POINT('',(56.711358506451,17.945600493549,1.2));
#3422 = DIRECTION('',(0.,0.,1.));
#3423 = DIRECTION('',(-4.184569566117E-06,0.999999999991,0.));
#3424 = ORIENTED_EDGE('',*,*,#3425,.F.);
#3425 = EDGE_CURVE('',#3426,#3415,#3428,.T.);
#3426 = VERTEX_POINT('',#3427);
#3427 = CARTESIAN_POINT('',(69.991357,18.305602,1.2));
#3428 = LINE('',#3429,#3430);
#3429 = CARTESIAN_POINT('',(69.991357,18.305602,1.2));
#3430 = VECTOR('',#3431,1.);
#3431 = DIRECTION('',(-1.,0.,0.));
#3432 = ORIENTED_EDGE('',*,*,#3433,.F.);
#3433 = EDGE_CURVE('',#3434,#3426,#3436,.T.);
#3434 = VERTEX_POINT('',#3435);
#3435 = CARTESIAN_POINT('',(70.351357,17.945602,1.2));
#3436 = CIRCLE('',#3437,0.360001506454);
#3437 = AXIS2_PLACEMENT_3D('',#3438,#3439,#3440);
#3438 = CARTESIAN_POINT('',(69.991355493549,17.945600493549,1.2));
#3439 = DIRECTION('',(0.,0.,1.));
#3440 = DIRECTION('',(0.999999999991,4.184569556249E-06,-0.));
#3441 = ORIENTED_EDGE('',*,*,#3442,.F.);
#3442 = EDGE_CURVE('',#3443,#3434,#3445,.T.);
#3443 = VERTEX_POINT('',#3444);
#3444 = CARTESIAN_POINT('',(70.351357,4.665602,1.2));
#3445 = LINE('',#3446,#3447);
#3446 = CARTESIAN_POINT('',(70.351357,4.665602,1.2));
#3447 = VECTOR('',#3448,1.);
#3448 = DIRECTION('',(0.,1.,0.));
#3449 = ORIENTED_EDGE('',*,*,#3450,.F.);
#3450 = EDGE_CURVE('',#3451,#3443,#3453,.T.);
#3451 = VERTEX_POINT('',#3452);
#3452 = CARTESIAN_POINT('',(69.991357,4.305602,1.2));
#3453 = CIRCLE('',#3454,0.360001506454);
#3454 = AXIS2_PLACEMENT_3D('',#3455,#3456,#3457);
#3455 = CARTESIAN_POINT('',(69.991355493549,4.665603506451,1.2));
#3456 = DIRECTION('',(0.,0.,1.));
#3457 = DIRECTION('',(4.18456954638E-06,-0.999999999991,0.));
#3458 = ORIENTED_EDGE('',*,*,#3459,.F.);
#3459 = EDGE_CURVE('',#3460,#3451,#3462,.T.);
#3460 = VERTEX_POINT('',#3461);
#3461 = CARTESIAN_POINT('',(56.711357,4.305602,1.2));
#3462 = LINE('',#3463,#3464);
#3463 = CARTESIAN_POINT('',(56.711357,4.305602,1.2));
#3464 = VECTOR('',#3465,1.);
#3465 = DIRECTION('',(1.,0.,0.));
#3466 = ORIENTED_EDGE('',*,*,#3467,.F.);
#3467 = EDGE_CURVE('',#3468,#3460,#3470,.T.);
#3468 = VERTEX_POINT('',#3469);
#3469 = CARTESIAN_POINT('',(56.351357,4.665602,1.2));
#3470 = CIRCLE('',#3471,0.360001506454);
#3471 = AXIS2_PLACEMENT_3D('',#3472,#3473,#3474);
#3472 = CARTESIAN_POINT('',(56.711358506451,4.665603506451,1.2));
#3473 = DIRECTION('',(0.,0.,1.));
#3474 = DIRECTION('',(-0.999999999991,-4.184569566117E-06,0.));
#3475 = ORIENTED_EDGE('',*,*,#3476,.F.);
#3476 = EDGE_CURVE('',#3417,#3468,#3477,.T.);
#3477 = LINE('',#3478,#3479);
#3478 = CARTESIAN_POINT('',(56.351357,17.945602,1.2));
#3479 = VECTOR('',#3480,1.);
#3480 = DIRECTION('',(0.,-1.,0.));
#3481 = FACE_BOUND('',#3482,.T.);
#3482 = EDGE_LOOP('',(#3483));
#3483 = ORIENTED_EDGE('',*,*,#3484,.T.);
#3484 = EDGE_CURVE('',#3485,#3485,#3487,.T.);
#3485 = VERTEX_POINT('',#3486);
#3486 = CARTESIAN_POINT('',(34.351357,24.705602,1.2));
#3487 = CIRCLE('',#3488,1.1);
#3488 = AXIS2_PLACEMENT_3D('',#3489,#3490,#3491);
#3489 = CARTESIAN_POINT('',(34.351357,25.805602,1.2));
#3490 = DIRECTION('',(-0.,0.,-1.));
#3491 = DIRECTION('',(-0.,-1.,0.));
#3492 = FACE_BOUND('',#3493,.T.);
#3493 = EDGE_LOOP('',(#3494,#3505,#3513,#3522,#3530,#3539,#3547,#3556));
#3494 = ORIENTED_EDGE('',*,*,#3495,.F.);
#3495 = EDGE_CURVE('',#3496,#3498,#3500,.T.);
#3496 = VERTEX_POINT('',#3497);
#3497 = CARTESIAN_POINT('',(-0.288643,43.305602,1.2));
#3498 = VERTEX_POINT('',#3499);
#3499 = CARTESIAN_POINT('',(-0.648643,42.945602,1.2));
#3500 = CIRCLE('',#3501,0.360001506455);
#3501 = AXIS2_PLACEMENT_3D('',#3502,#3503,#3504);
#3502 = CARTESIAN_POINT('',(-0.288641493549,42.945600493549,1.2));
#3503 = DIRECTION('',(0.,0.,1.));
#3504 = DIRECTION('',(-4.184569608984E-06,0.999999999991,0.));
#3505 = ORIENTED_EDGE('',*,*,#3506,.F.);
#3506 = EDGE_CURVE('',#3507,#3496,#3509,.T.);
#3507 = VERTEX_POINT('',#3508);
#3508 = CARTESIAN_POINT('',(12.991357,43.305602,1.2));
#3509 = LINE('',#3510,#3511);
#3510 = CARTESIAN_POINT('',(12.991357,43.305602,1.2));
#3511 = VECTOR('',#3512,1.);
#3512 = DIRECTION('',(-1.,0.,0.));
#3513 = ORIENTED_EDGE('',*,*,#3514,.F.);
#3514 = EDGE_CURVE('',#3515,#3507,#3517,.T.);
#3515 = VERTEX_POINT('',#3516);
#3516 = CARTESIAN_POINT('',(13.351357,42.945602,1.2));
#3517 = CIRCLE('',#3518,0.360001506455);
#3518 = AXIS2_PLACEMENT_3D('',#3519,#3520,#3521);
#3519 = CARTESIAN_POINT('',(12.991355493549,42.945600493549,1.2));
#3520 = DIRECTION('',(0.,0.,1.));
#3521 = DIRECTION('',(0.999999999991,4.184569605592E-06,-0.));
#3522 = ORIENTED_EDGE('',*,*,#3523,.F.);
#3523 = EDGE_CURVE('',#3524,#3515,#3526,.T.);
#3524 = VERTEX_POINT('',#3525);
#3525 = CARTESIAN_POINT('',(13.351357,29.665602,1.2));
#3526 = LINE('',#3527,#3528);
#3527 = CARTESIAN_POINT('',(13.351357,29.665602,1.2));
#3528 = VECTOR('',#3529,1.);
#3529 = DIRECTION('',(0.,1.,0.));
#3530 = ORIENTED_EDGE('',*,*,#3531,.F.);
#3531 = EDGE_CURVE('',#3532,#3524,#3534,.T.);
#3532 = VERTEX_POINT('',#3533);
#3533 = CARTESIAN_POINT('',(12.991357,29.305602,1.2));
#3534 = CIRCLE('',#3535,0.360001506455);
#3535 = AXIS2_PLACEMENT_3D('',#3536,#3537,#3538);
#3536 = CARTESIAN_POINT('',(12.991355493549,29.665603506451,1.2));
#3537 = DIRECTION('',(0.,0.,1.));
#3538 = DIRECTION('',(4.184569585855E-06,-0.999999999991,0.));
#3539 = ORIENTED_EDGE('',*,*,#3540,.F.);
#3540 = EDGE_CURVE('',#3541,#3532,#3543,.T.);
#3541 = VERTEX_POINT('',#3542);
#3542 = CARTESIAN_POINT('',(-0.288643,29.305602,1.2));
#3543 = LINE('',#3544,#3545);
#3544 = CARTESIAN_POINT('',(-0.288643,29.305602,1.2));
#3545 = VECTOR('',#3546,1.);
#3546 = DIRECTION('',(1.,0.,0.));
#3547 = ORIENTED_EDGE('',*,*,#3548,.F.);
#3548 = EDGE_CURVE('',#3549,#3541,#3551,.T.);
#3549 = VERTEX_POINT('',#3550);
#3550 = CARTESIAN_POINT('',(-0.648643,29.665602,1.2));
#3551 = CIRCLE('',#3552,0.360001506455);
#3552 = AXIS2_PLACEMENT_3D('',#3553,#3554,#3555);
#3553 = CARTESIAN_POINT('',(-0.288641493549,29.665603506451,1.2));
#3554 = DIRECTION('',(0.,0.,1.));
#3555 = DIRECTION('',(-0.999999999991,-4.184569575986E-06,0.));
#3556 = ORIENTED_EDGE('',*,*,#3557,.F.);
#3557 = EDGE_CURVE('',#3498,#3549,#3558,.T.);
#3558 = LINE('',#3559,#3560);
#3559 = CARTESIAN_POINT('',(-0.648643,42.945602,1.2));
#3560 = VECTOR('',#3561,1.);
#3561 = DIRECTION('',(0.,-1.,0.));
#3562 = FACE_BOUND('',#3563,.T.);
#3563 = EDGE_LOOP('',(#3564,#3575,#3583,#3592,#3600,#3609,#3617,#3626));
#3564 = ORIENTED_EDGE('',*,*,#3565,.F.);
#3565 = EDGE_CURVE('',#3566,#3568,#3570,.T.);
#3566 = VERTEX_POINT('',#3567);
#3567 = CARTESIAN_POINT('',(18.711357,42.305602,1.2));
#3568 = VERTEX_POINT('',#3569);
#3569 = CARTESIAN_POINT('',(18.351357,41.945602,1.2));
#3570 = CIRCLE('',#3571,0.360001506455);
#3571 = AXIS2_PLACEMENT_3D('',#3572,#3573,#3574);
#3572 = CARTESIAN_POINT('',(18.711358506451,41.945600493549,1.2));
#3573 = DIRECTION('',(0.,0.,1.));
#3574 = DIRECTION('',(-4.184569605592E-06,0.999999999991,0.));
#3575 = ORIENTED_EDGE('',*,*,#3576,.F.);
#3576 = EDGE_CURVE('',#3577,#3566,#3579,.T.);
#3577 = VERTEX_POINT('',#3578);
#3578 = CARTESIAN_POINT('',(31.991357,42.305602,1.2));
#3579 = LINE('',#3580,#3581);
#3580 = CARTESIAN_POINT('',(31.991357,42.305602,1.2));
#3581 = VECTOR('',#3582,1.);
#3582 = DIRECTION('',(-1.,0.,0.));
#3583 = ORIENTED_EDGE('',*,*,#3584,.F.);
#3584 = EDGE_CURVE('',#3585,#3577,#3587,.T.);
#3585 = VERTEX_POINT('',#3586);
#3586 = CARTESIAN_POINT('',(32.351357,41.945602,1.2));
#3587 = CIRCLE('',#3588,0.360001506455);
#3588 = AXIS2_PLACEMENT_3D('',#3589,#3590,#3591);
#3589 = CARTESIAN_POINT('',(31.991355493549,41.945600493549,1.2));
#3590 = DIRECTION('',(0.,0.,1.));
#3591 = DIRECTION('',(0.999999999991,4.184569645066E-06,-0.));
#3592 = ORIENTED_EDGE('',*,*,#3593,.F.);
#3593 = EDGE_CURVE('',#3594,#3585,#3596,.T.);
#3594 = VERTEX_POINT('',#3595);
#3595 = CARTESIAN_POINT('',(32.351357,28.665602,1.2));
#3596 = LINE('',#3597,#3598);
#3597 = CARTESIAN_POINT('',(32.351357,28.665602,1.2));
#3598 = VECTOR('',#3599,1.);
#3599 = DIRECTION('',(0.,1.,0.));
#3600 = ORIENTED_EDGE('',*,*,#3601,.F.);
#3601 = EDGE_CURVE('',#3602,#3594,#3604,.T.);
#3602 = VERTEX_POINT('',#3603);
#3603 = CARTESIAN_POINT('',(31.991357,28.305602,1.2));
#3604 = CIRCLE('',#3605,0.360001506455);
#3605 = AXIS2_PLACEMENT_3D('',#3606,#3607,#3608);
#3606 = CARTESIAN_POINT('',(31.991355493549,28.665603506451,1.2));
#3607 = DIRECTION('',(0.,0.,1.));
#3608 = DIRECTION('',(4.18456961546E-06,-0.999999999991,0.));
#3609 = ORIENTED_EDGE('',*,*,#3610,.F.);
#3610 = EDGE_CURVE('',#3611,#3602,#3613,.T.);
#3611 = VERTEX_POINT('',#3612);
#3612 = CARTESIAN_POINT('',(18.711357,28.305602,1.2));
#3613 = LINE('',#3614,#3615);
#3614 = CARTESIAN_POINT('',(18.711357,28.305602,1.2));
#3615 = VECTOR('',#3616,1.);
#3616 = DIRECTION('',(1.,0.,0.));
#3617 = ORIENTED_EDGE('',*,*,#3618,.F.);
#3618 = EDGE_CURVE('',#3619,#3611,#3621,.T.);
#3619 = VERTEX_POINT('',#3620);
#3620 = CARTESIAN_POINT('',(18.351357,28.665602,1.2));
#3621 = CIRCLE('',#3622,0.360001506455);
#3622 = AXIS2_PLACEMENT_3D('',#3623,#3624,#3625);
#3623 = CARTESIAN_POINT('',(18.711358506451,28.665603506451,1.2));
#3624 = DIRECTION('',(0.,0.,1.));
#3625 = DIRECTION('',(-0.999999999991,-4.184569575986E-06,0.));
#3626 = ORIENTED_EDGE('',*,*,#3627,.F.);
#3627 = EDGE_CURVE('',#3568,#3619,#3628,.T.);
#3628 = LINE('',#3629,#3630);
#3629 = CARTESIAN_POINT('',(18.351357,41.945602,1.2));
#3630 = VECTOR('',#3631,1.);
#3631 = DIRECTION('',(0.,-1.,0.));
#3632 = FACE_BOUND('',#3633,.T.);
#3633 = EDGE_LOOP('',(#3634,#3645,#3653,#3662,#3670,#3679,#3687,#3696));
#3634 = ORIENTED_EDGE('',*,*,#3635,.F.);
#3635 = EDGE_CURVE('',#3636,#3638,#3640,.T.);
#3636 = VERTEX_POINT('',#3637);
#3637 = CARTESIAN_POINT('',(37.711357,32.305602,1.2));
#3638 = VERTEX_POINT('',#3639);
#3639 = CARTESIAN_POINT('',(37.351357,31.945602,1.2));
#3640 = CIRCLE('',#3641,0.360001506455);
#3641 = AXIS2_PLACEMENT_3D('',#3642,#3643,#3644);
#3642 = CARTESIAN_POINT('',(37.711358506451,31.945600493549,1.2));
#3643 = DIRECTION('',(0.,0.,1.));
#3644 = DIRECTION('',(-4.184569585854E-06,0.999999999991,0.));
#3645 = ORIENTED_EDGE('',*,*,#3646,.F.);
#3646 = EDGE_CURVE('',#3647,#3636,#3649,.T.);
#3647 = VERTEX_POINT('',#3648);
#3648 = CARTESIAN_POINT('',(50.991357,32.305602,1.2));
#3649 = LINE('',#3650,#3651);
#3650 = CARTESIAN_POINT('',(50.991357,32.305602,1.2));
#3651 = VECTOR('',#3652,1.);
#3652 = DIRECTION('',(-1.,0.,0.));
#3653 = ORIENTED_EDGE('',*,*,#3654,.F.);
#3654 = EDGE_CURVE('',#3655,#3647,#3657,.T.);
#3655 = VERTEX_POINT('',#3656);
#3656 = CARTESIAN_POINT('',(51.351357,31.945602,1.2));
#3657 = CIRCLE('',#3658,0.360001506455);
#3658 = AXIS2_PLACEMENT_3D('',#3659,#3660,#3661);
#3659 = CARTESIAN_POINT('',(50.991355493549,31.945600493549,1.2));
#3660 = DIRECTION('',(0.,0.,1.));
#3661 = DIRECTION('',(0.999999999991,4.184569645066E-06,-0.));
#3662 = ORIENTED_EDGE('',*,*,#3663,.F.);
#3663 = EDGE_CURVE('',#3664,#3655,#3666,.T.);
#3664 = VERTEX_POINT('',#3665);
#3665 = CARTESIAN_POINT('',(51.351357,18.665602,1.2));
#3666 = LINE('',#3667,#3668);
#3667 = CARTESIAN_POINT('',(51.351357,18.665602,1.2));
#3668 = VECTOR('',#3669,1.);
#3669 = DIRECTION('',(0.,1.,0.));
#3670 = ORIENTED_EDGE('',*,*,#3671,.F.);
#3671 = EDGE_CURVE('',#3672,#3664,#3674,.T.);
#3672 = VERTEX_POINT('',#3673);
#3673 = CARTESIAN_POINT('',(50.991357,18.305602,1.2));
#3674 = CIRCLE('',#3675,0.360001506455);
#3675 = AXIS2_PLACEMENT_3D('',#3676,#3677,#3678);
#3676 = CARTESIAN_POINT('',(50.991355493549,18.665603506451,1.2));
#3677 = DIRECTION('',(0.,0.,1.));
#3678 = DIRECTION('',(4.184569605592E-06,-0.999999999991,0.));
#3679 = ORIENTED_EDGE('',*,*,#3680,.F.);
#3680 = EDGE_CURVE('',#3681,#3672,#3683,.T.);
#3681 = VERTEX_POINT('',#3682);
#3682 = CARTESIAN_POINT('',(37.711357,18.305602,1.2));
#3683 = LINE('',#3684,#3685);
#3684 = CARTESIAN_POINT('',(37.711357,18.305602,1.2));
#3685 = VECTOR('',#3686,1.);
#3686 = DIRECTION('',(1.,0.,0.));
#3687 = ORIENTED_EDGE('',*,*,#3688,.F.);
#3688 = EDGE_CURVE('',#3689,#3681,#3691,.T.);
#3689 = VERTEX_POINT('',#3690);
#3690 = CARTESIAN_POINT('',(37.351357,18.665602,1.2));
#3691 = CIRCLE('',#3692,0.360001506454);
#3692 = AXIS2_PLACEMENT_3D('',#3693,#3694,#3695);
#3693 = CARTESIAN_POINT('',(37.711358506451,18.665603506451,1.2));
#3694 = DIRECTION('',(0.,0.,1.));
#3695 = DIRECTION('',(-0.999999999991,-4.184569566117E-06,0.));
#3696 = ORIENTED_EDGE('',*,*,#3697,.F.);
#3697 = EDGE_CURVE('',#3638,#3689,#3698,.T.);
#3698 = LINE('',#3699,#3700);
#3699 = CARTESIAN_POINT('',(37.351357,31.945602,1.2));
#3700 = VECTOR('',#3701,1.);
#3701 = DIRECTION('',(0.,-1.,0.));
#3702 = PLANE('',#3703);
#3703 = AXIS2_PLACEMENT_3D('',#3704,#3705,#3706);
#3704 = CARTESIAN_POINT('',(0.,0.,1.2));
#3705 = DIRECTION('',(0.,0.,1.));
#3706 = DIRECTION('',(1.,0.,-0.));
#3707 = ADVANCED_FACE('',(#3708),#3719,.T.);
#3708 = FACE_BOUND('',#3709,.T.);
#3709 = EDGE_LOOP('',(#3710,#3716,#3717,#3718));
#3710 = ORIENTED_EDGE('',*,*,#3711,.T.);
#3711 = EDGE_CURVE('',#148,#1931,#3712,.T.);
#3712 = LINE('',#3713,#3714);
#3713 = CARTESIAN_POINT('',(-4.148643,45.305602,0.));
#3714 = VECTOR('',#3715,1.);
#3715 = DIRECTION('',(0.,0.,1.));
#3716 = ORIENTED_EDGE('',*,*,#1930,.T.);
#3717 = ORIENTED_EDGE('',*,*,#81,.F.);
#3718 = ORIENTED_EDGE('',*,*,#147,.F.);
#3719 = CYLINDRICAL_SURFACE('',#3720,0.999999252925);
#3720 = AXIS2_PLACEMENT_3D('',#3721,#3722,#3723);
#3721 = CARTESIAN_POINT('',(-3.148643747075,45.305602747075,0.));
#3722 = DIRECTION('',(0.,0.,-1.));
#3723 = DIRECTION('',(-1.,-7.470757420593E-07,-0.));
#3724 = ADVANCED_FACE('',(#3725),#3736,.T.);
#3725 = FACE_BOUND('',#3726,.T.);
#3726 = EDGE_LOOP('',(#3727,#3728,#3729,#3735));
#3727 = ORIENTED_EDGE('',*,*,#122,.T.);
#3728 = ORIENTED_EDGE('',*,*,#2322,.T.);
#3729 = ORIENTED_EDGE('',*,*,#3730,.F.);
#3730 = EDGE_CURVE('',#531,#2314,#3731,.T.);
#3731 = LINE('',#3732,#3733);
#3732 = CARTESIAN_POINT('',(34.851357,45.305602,0.));
#3733 = VECTOR('',#3734,1.);
#3734 = DIRECTION('',(0.,0.,1.));
#3735 = ORIENTED_EDGE('',*,*,#539,.F.);
#3736 = PLANE('',#3737);
#3737 = AXIS2_PLACEMENT_3D('',#3738,#3739,#3740);
#3738 = CARTESIAN_POINT('',(17.351357,45.305602,0.));
#3739 = DIRECTION('',(0.,1.,0.));
#3740 = DIRECTION('',(1.,0.,0.));
#3741 = ADVANCED_FACE('',(#3742),#3753,.T.);
#3742 = FACE_BOUND('',#3743,.T.);
#3743 = EDGE_LOOP('',(#3744,#3750,#3751,#3752));
#3744 = ORIENTED_EDGE('',*,*,#3745,.T.);
#3745 = EDGE_CURVE('',#157,#1940,#3746,.T.);
#3746 = LINE('',#3747,#3748);
#3747 = CARTESIAN_POINT('',(-4.148643,44.305602,0.));
#3748 = VECTOR('',#3749,1.);
#3749 = DIRECTION('',(0.,0.,1.));
#3750 = ORIENTED_EDGE('',*,*,#1939,.T.);
#3751 = ORIENTED_EDGE('',*,*,#3711,.F.);
#3752 = ORIENTED_EDGE('',*,*,#156,.F.);
#3753 = PLANE('',#3754);
#3754 = AXIS2_PLACEMENT_3D('',#3755,#3756,#3757);
#3755 = CARTESIAN_POINT('',(-4.148643,44.305602,0.));
#3756 = DIRECTION('',(-1.,0.,0.));
#3757 = DIRECTION('',(0.,1.,0.));
#3758 = ADVANCED_FACE('',(#3759),#3770,.T.);
#3759 = FACE_BOUND('',#3760,.T.);
#3760 = EDGE_LOOP('',(#3761,#3762,#3763,#3769));
#3761 = ORIENTED_EDGE('',*,*,#3730,.T.);
#3762 = ORIENTED_EDGE('',*,*,#2313,.T.);
#3763 = ORIENTED_EDGE('',*,*,#3764,.F.);
#3764 = EDGE_CURVE('',#523,#2306,#3765,.T.);
#3765 = LINE('',#3766,#3767);
#3766 = CARTESIAN_POINT('',(35.851357,44.305602,0.));
#3767 = VECTOR('',#3768,1.);
#3768 = DIRECTION('',(0.,0.,1.));
#3769 = ORIENTED_EDGE('',*,*,#530,.F.);
#3770 = CYLINDRICAL_SURFACE('',#3771,0.999999252925);
#3771 = AXIS2_PLACEMENT_3D('',#3772,#3773,#3774);
#3772 = CARTESIAN_POINT('',(34.851357747075,44.305602747075,0.));
#3773 = DIRECTION('',(0.,0.,-1.));
#3774 = DIRECTION('',(-7.470757420593E-07,1.,0.));
#3775 = ADVANCED_FACE('',(#3776),#3787,.F.);
#3776 = FACE_BOUND('',#3777,.T.);
#3777 = EDGE_LOOP('',(#3778,#3784,#3785,#3786));
#3778 = ORIENTED_EDGE('',*,*,#3779,.T.);
#3779 = EDGE_CURVE('',#165,#1948,#3780,.T.);
#3780 = LINE('',#3781,#3782);
#3781 = CARTESIAN_POINT('',(-5.148643,43.305602,0.));
#3782 = VECTOR('',#3783,1.);
#3783 = DIRECTION('',(0.,0.,1.));
#3784 = ORIENTED_EDGE('',*,*,#1947,.T.);
#3785 = ORIENTED_EDGE('',*,*,#3745,.F.);
#3786 = ORIENTED_EDGE('',*,*,#164,.F.);
#3787 = CYLINDRICAL_SURFACE('',#3788,0.999999252925);
#3788 = AXIS2_PLACEMENT_3D('',#3789,#3790,#3791);
#3789 = CARTESIAN_POINT('',(-5.148642252925,44.305601252925,0.));
#3790 = DIRECTION('',(-0.,-0.,-1.));
#3791 = DIRECTION('',(-7.470757420593E-07,-1.,0.));
#3792 = ADVANCED_FACE('',(#3793),#3804,.T.);
#3793 = FACE_BOUND('',#3794,.T.);
#3794 = EDGE_LOOP('',(#3795,#3796,#3797,#3803));
#3795 = ORIENTED_EDGE('',*,*,#3764,.T.);
#3796 = ORIENTED_EDGE('',*,*,#2305,.T.);
#3797 = ORIENTED_EDGE('',*,*,#3798,.F.);
#3798 = EDGE_CURVE('',#514,#2297,#3799,.T.);
#3799 = LINE('',#3800,#3801);
#3800 = CARTESIAN_POINT('',(35.851357,36.305602,0.));
#3801 = VECTOR('',#3802,1.);
#3802 = DIRECTION('',(0.,0.,1.));
#3803 = ORIENTED_EDGE('',*,*,#522,.F.);
#3804 = PLANE('',#3805);
#3805 = AXIS2_PLACEMENT_3D('',#3806,#3807,#3808);
#3806 = CARTESIAN_POINT('',(35.851357,44.305602,0.));
#3807 = DIRECTION('',(1.,0.,-0.));
#3808 = DIRECTION('',(0.,-1.,0.));
#3809 = ADVANCED_FACE('',(#3810),#3821,.T.);
#3810 = FACE_BOUND('',#3811,.T.);
#3811 = EDGE_LOOP('',(#3812,#3818,#3819,#3820));
#3812 = ORIENTED_EDGE('',*,*,#3813,.T.);
#3813 = EDGE_CURVE('',#174,#1957,#3814,.T.);
#3814 = LINE('',#3815,#3816);
#3815 = CARTESIAN_POINT('',(-22.148643,43.305602,0.));
#3816 = VECTOR('',#3817,1.);
#3817 = DIRECTION('',(0.,0.,1.));
#3818 = ORIENTED_EDGE('',*,*,#1956,.T.);
#3819 = ORIENTED_EDGE('',*,*,#3779,.F.);
#3820 = ORIENTED_EDGE('',*,*,#173,.F.);
#3821 = PLANE('',#3822);
#3822 = AXIS2_PLACEMENT_3D('',#3823,#3824,#3825);
#3823 = CARTESIAN_POINT('',(-22.148643,43.305602,0.));
#3824 = DIRECTION('',(0.,1.,0.));
#3825 = DIRECTION('',(1.,0.,0.));
#3826 = ADVANCED_FACE('',(#3827),#3838,.F.);
#3827 = FACE_BOUND('',#3828,.T.);
#3828 = EDGE_LOOP('',(#3829,#3830,#3831,#3837));
#3829 = ORIENTED_EDGE('',*,*,#3798,.T.);
#3830 = ORIENTED_EDGE('',*,*,#2296,.T.);
#3831 = ORIENTED_EDGE('',*,*,#3832,.F.);
#3832 = EDGE_CURVE('',#506,#2289,#3833,.T.);
#3833 = LINE('',#3834,#3835);
#3834 = CARTESIAN_POINT('',(36.851357,35.305602,0.));
#3835 = VECTOR('',#3836,1.);
#3836 = DIRECTION('',(0.,0.,1.));
#3837 = ORIENTED_EDGE('',*,*,#513,.F.);
#3838 = CYLINDRICAL_SURFACE('',#3839,0.999999252925);
#3839 = AXIS2_PLACEMENT_3D('',#3840,#3841,#3842);
#3840 = CARTESIAN_POINT('',(36.851356252925,36.305601252925,0.));
#3841 = DIRECTION('',(-0.,-0.,-1.));
#3842 = DIRECTION('',(-1.,7.470757420593E-07,0.));
#3843 = ADVANCED_FACE('',(#3844),#3855,.T.);
#3844 = FACE_BOUND('',#3845,.T.);
#3845 = EDGE_LOOP('',(#3846,#3852,#3853,#3854));
#3846 = ORIENTED_EDGE('',*,*,#3847,.T.);
#3847 = EDGE_CURVE('',#182,#1965,#3848,.T.);
#3848 = LINE('',#3849,#3850);
#3849 = CARTESIAN_POINT('',(-23.148643,42.305602,0.));
#3850 = VECTOR('',#3851,1.);
#3851 = DIRECTION('',(0.,0.,1.));
#3852 = ORIENTED_EDGE('',*,*,#1964,.T.);
#3853 = ORIENTED_EDGE('',*,*,#3813,.F.);
#3854 = ORIENTED_EDGE('',*,*,#181,.F.);
#3855 = CYLINDRICAL_SURFACE('',#3856,0.999999252925);
#3856 = AXIS2_PLACEMENT_3D('',#3857,#3858,#3859);
#3857 = CARTESIAN_POINT('',(-22.14864374707,42.305602747075,0.));
#3858 = DIRECTION('',(0.,0.,-1.));
#3859 = DIRECTION('',(-1.,-7.470757420593E-07,-0.));
#3860 = ADVANCED_FACE('',(#3861),#3872,.T.);
#3861 = FACE_BOUND('',#3862,.T.);
#3862 = EDGE_LOOP('',(#3863,#3864,#3865,#3871));
#3863 = ORIENTED_EDGE('',*,*,#3832,.T.);
#3864 = ORIENTED_EDGE('',*,*,#2288,.T.);
#3865 = ORIENTED_EDGE('',*,*,#3866,.F.);
#3866 = EDGE_CURVE('',#497,#2280,#3867,.T.);
#3867 = LINE('',#3868,#3869);
#3868 = CARTESIAN_POINT('',(53.851357,35.305602,0.));
#3869 = VECTOR('',#3870,1.);
#3870 = DIRECTION('',(0.,0.,1.));
#3871 = ORIENTED_EDGE('',*,*,#505,.F.);
#3872 = PLANE('',#3873);
#3873 = AXIS2_PLACEMENT_3D('',#3874,#3875,#3876);
#3874 = CARTESIAN_POINT('',(36.851357,35.305602,0.));
#3875 = DIRECTION('',(0.,1.,0.));
#3876 = DIRECTION('',(1.,0.,0.));
#3877 = ADVANCED_FACE('',(#3878),#3889,.F.);
#3878 = FACE_BOUND('',#3879,.T.);
#3879 = EDGE_LOOP('',(#3880,#3886,#3887,#3888));
#3880 = ORIENTED_EDGE('',*,*,#3881,.T.);
#3881 = EDGE_CURVE('',#191,#1974,#3882,.T.);
#3882 = LINE('',#3883,#3884);
#3883 = CARTESIAN_POINT('',(-24.148643,41.305602,0.));
#3884 = VECTOR('',#3885,1.);
#3885 = DIRECTION('',(0.,0.,1.));
#3886 = ORIENTED_EDGE('',*,*,#1973,.T.);
#3887 = ORIENTED_EDGE('',*,*,#3847,.F.);
#3888 = ORIENTED_EDGE('',*,*,#190,.F.);
#3889 = CYLINDRICAL_SURFACE('',#3890,0.999999252925);
#3890 = AXIS2_PLACEMENT_3D('',#3891,#3892,#3893);
#3891 = CARTESIAN_POINT('',(-24.14864225292,42.305601252925,0.));
#3892 = DIRECTION('',(-0.,-0.,-1.));
#3893 = DIRECTION('',(-7.470757420593E-07,-1.,0.));
#3894 = ADVANCED_FACE('',(#3895),#3906,.T.);
#3895 = FACE_BOUND('',#3896,.T.);
#3896 = EDGE_LOOP('',(#3897,#3898,#3899,#3905));
#3897 = ORIENTED_EDGE('',*,*,#3866,.T.);
#3898 = ORIENTED_EDGE('',*,*,#2279,.T.);
#3899 = ORIENTED_EDGE('',*,*,#3900,.F.);
#3900 = EDGE_CURVE('',#489,#2272,#3901,.T.);
#3901 = LINE('',#3902,#3903);
#3902 = CARTESIAN_POINT('',(54.851357,34.305602,0.));
#3903 = VECTOR('',#3904,1.);
#3904 = DIRECTION('',(0.,0.,1.));
#3905 = ORIENTED_EDGE('',*,*,#496,.F.);
#3906 = CYLINDRICAL_SURFACE('',#3907,0.999999252925);
#3907 = AXIS2_PLACEMENT_3D('',#3908,#3909,#3910);
#3908 = CARTESIAN_POINT('',(53.851357747075,34.305602747075,0.));
#3909 = DIRECTION('',(0.,0.,-1.));
#3910 = DIRECTION('',(-7.470757420593E-07,1.,0.));
#3911 = ADVANCED_FACE('',(#3912),#3923,.T.);
#3912 = FACE_BOUND('',#3913,.T.);
#3913 = EDGE_LOOP('',(#3914,#3920,#3921,#3922));
#3914 = ORIENTED_EDGE('',*,*,#3915,.T.);
#3915 = EDGE_CURVE('',#200,#1983,#3916,.T.);
#3916 = LINE('',#3917,#3918);
#3917 = CARTESIAN_POINT('',(-61.148643,41.305602,0.));
#3918 = VECTOR('',#3919,1.);
#3919 = DIRECTION('',(0.,0.,1.));
#3920 = ORIENTED_EDGE('',*,*,#1982,.T.);
#3921 = ORIENTED_EDGE('',*,*,#3881,.F.);
#3922 = ORIENTED_EDGE('',*,*,#199,.F.);
#3923 = PLANE('',#3924);
#3924 = AXIS2_PLACEMENT_3D('',#3925,#3926,#3927);
#3925 = CARTESIAN_POINT('',(-61.148643,41.305602,0.));
#3926 = DIRECTION('',(0.,1.,0.));
#3927 = DIRECTION('',(1.,0.,0.));
#3928 = ADVANCED_FACE('',(#3929),#3940,.T.);
#3929 = FACE_BOUND('',#3930,.T.);
#3930 = EDGE_LOOP('',(#3931,#3932,#3933,#3939));
#3931 = ORIENTED_EDGE('',*,*,#3900,.T.);
#3932 = ORIENTED_EDGE('',*,*,#2271,.T.);
#3933 = ORIENTED_EDGE('',*,*,#3934,.F.);
#3934 = EDGE_CURVE('',#480,#2263,#3935,.T.);
#3935 = LINE('',#3936,#3937);
#3936 = CARTESIAN_POINT('',(54.851357,22.305602,0.));
#3937 = VECTOR('',#3938,1.);
#3938 = DIRECTION('',(0.,0.,1.));
#3939 = ORIENTED_EDGE('',*,*,#488,.F.);
#3940 = PLANE('',#3941);
#3941 = AXIS2_PLACEMENT_3D('',#3942,#3943,#3944);
#3942 = CARTESIAN_POINT('',(54.851357,34.305602,0.));
#3943 = DIRECTION('',(1.,0.,-0.));
#3944 = DIRECTION('',(0.,-1.,0.));
#3945 = ADVANCED_FACE('',(#3946),#3957,.T.);
#3946 = FACE_BOUND('',#3947,.T.);
#3947 = EDGE_LOOP('',(#3948,#3954,#3955,#3956));
#3948 = ORIENTED_EDGE('',*,*,#3949,.T.);
#3949 = EDGE_CURVE('',#208,#1991,#3950,.T.);
#3950 = LINE('',#3951,#3952);
#3951 = CARTESIAN_POINT('',(-62.148643,40.305602,0.));
#3952 = VECTOR('',#3953,1.);
#3953 = DIRECTION('',(0.,0.,1.));
#3954 = ORIENTED_EDGE('',*,*,#1990,.T.);
#3955 = ORIENTED_EDGE('',*,*,#3915,.F.);
#3956 = ORIENTED_EDGE('',*,*,#207,.F.);
#3957 = CYLINDRICAL_SURFACE('',#3958,0.999999252925);
#3958 = AXIS2_PLACEMENT_3D('',#3959,#3960,#3961);
#3959 = CARTESIAN_POINT('',(-61.14864374707,40.305602747075,0.));
#3960 = DIRECTION('',(0.,0.,-1.));
#3961 = DIRECTION('',(-1.,-7.470757420593E-07,-0.));
#3962 = ADVANCED_FACE('',(#3963),#3974,.F.);
#3963 = FACE_BOUND('',#3964,.T.);
#3964 = EDGE_LOOP('',(#3965,#3966,#3967,#3973));
#3965 = ORIENTED_EDGE('',*,*,#3934,.T.);
#3966 = ORIENTED_EDGE('',*,*,#2262,.T.);
#3967 = ORIENTED_EDGE('',*,*,#3968,.F.);
#3968 = EDGE_CURVE('',#472,#2255,#3969,.T.);
#3969 = LINE('',#3970,#3971);
#3970 = CARTESIAN_POINT('',(55.851357,21.305602,0.));
#3971 = VECTOR('',#3972,1.);
#3972 = DIRECTION('',(0.,0.,1.));
#3973 = ORIENTED_EDGE('',*,*,#479,.F.);
#3974 = CYLINDRICAL_SURFACE('',#3975,0.999999252925);
#3975 = AXIS2_PLACEMENT_3D('',#3976,#3977,#3978);
#3976 = CARTESIAN_POINT('',(55.851356252925,22.305601252925,0.));
#3977 = DIRECTION('',(-0.,-0.,-1.));
#3978 = DIRECTION('',(-1.,7.470757420593E-07,0.));
#3979 = ADVANCED_FACE('',(#3980),#3991,.T.);
#3980 = FACE_BOUND('',#3981,.T.);
#3981 = EDGE_LOOP('',(#3982,#3988,#3989,#3990));
#3982 = ORIENTED_EDGE('',*,*,#3983,.T.);
#3983 = EDGE_CURVE('',#217,#2000,#3984,.T.);
#3984 = LINE('',#3985,#3986);
#3985 = CARTESIAN_POINT('',(-62.148643,-20.204017,0.));
#3986 = VECTOR('',#3987,1.);
#3987 = DIRECTION('',(0.,0.,1.));
#3988 = ORIENTED_EDGE('',*,*,#1999,.T.);
#3989 = ORIENTED_EDGE('',*,*,#3949,.F.);
#3990 = ORIENTED_EDGE('',*,*,#216,.F.);
#3991 = PLANE('',#3992);
#3992 = AXIS2_PLACEMENT_3D('',#3993,#3994,#3995);
#3993 = CARTESIAN_POINT('',(-62.148643,-20.204017,0.));
#3994 = DIRECTION('',(-1.,0.,0.));
#3995 = DIRECTION('',(0.,1.,0.));
#3996 = ADVANCED_FACE('',(#3997),#4008,.T.);
#3997 = FACE_BOUND('',#3998,.T.);
#3998 = EDGE_LOOP('',(#3999,#4000,#4001,#4007));
#3999 = ORIENTED_EDGE('',*,*,#3968,.T.);
#4000 = ORIENTED_EDGE('',*,*,#2254,.T.);
#4001 = ORIENTED_EDGE('',*,*,#4002,.F.);
#4002 = EDGE_CURVE('',#463,#2246,#4003,.T.);
#4003 = LINE('',#4004,#4005);
#4004 = CARTESIAN_POINT('',(72.851357,21.305602,0.));
#4005 = VECTOR('',#4006,1.);
#4006 = DIRECTION('',(0.,0.,1.));
#4007 = ORIENTED_EDGE('',*,*,#471,.F.);
#4008 = PLANE('',#4009);
#4009 = AXIS2_PLACEMENT_3D('',#4010,#4011,#4012);
#4010 = CARTESIAN_POINT('',(55.851357,21.305602,0.));
#4011 = DIRECTION('',(0.,1.,0.));
#4012 = DIRECTION('',(1.,0.,0.));
#4013 = ADVANCED_FACE('',(#4014),#4025,.F.);
#4014 = FACE_BOUND('',#4015,.T.);
#4015 = EDGE_LOOP('',(#4016,#4022,#4023,#4024));
#4016 = ORIENTED_EDGE('',*,*,#4017,.T.);
#4017 = EDGE_CURVE('',#225,#2008,#4018,.T.);
#4018 = LINE('',#4019,#4020);
#4019 = CARTESIAN_POINT('',(-64.648643,-24.534145,0.));
#4020 = VECTOR('',#4021,1.);
#4021 = DIRECTION('',(0.,0.,1.));
#4022 = ORIENTED_EDGE('',*,*,#2007,.T.);
#4023 = ORIENTED_EDGE('',*,*,#3983,.F.);
#4024 = ORIENTED_EDGE('',*,*,#224,.F.);
#4025 = CYLINDRICAL_SURFACE('',#4026,5.000003276822);
#4026 = AXIS2_PLACEMENT_3D('',#4027,#4028,#4029);
#4027 = CARTESIAN_POINT('',(-67.14864627682,-20.2040160892,0.));
#4028 = DIRECTION('',(-0.,-0.,-1.));
#4029 = DIRECTION('',(0.500000327682,-0.866025214597,0.));
#4030 = ADVANCED_FACE('',(#4031),#4042,.T.);
#4031 = FACE_BOUND('',#4032,.T.);
#4032 = EDGE_LOOP('',(#4033,#4034,#4035,#4041));
#4033 = ORIENTED_EDGE('',*,*,#4002,.T.);
#4034 = ORIENTED_EDGE('',*,*,#2245,.T.);
#4035 = ORIENTED_EDGE('',*,*,#4036,.F.);
#4036 = EDGE_CURVE('',#455,#2238,#4037,.T.);
#4037 = LINE('',#4038,#4039);
#4038 = CARTESIAN_POINT('',(73.851357,20.305602,0.));
#4039 = VECTOR('',#4040,1.);
#4040 = DIRECTION('',(0.,0.,1.));
#4041 = ORIENTED_EDGE('',*,*,#462,.F.);
#4042 = CYLINDRICAL_SURFACE('',#4043,0.999999252925);
#4043 = AXIS2_PLACEMENT_3D('',#4044,#4045,#4046);
#4044 = CARTESIAN_POINT('',(72.851357747075,20.305602747075,0.));
#4045 = DIRECTION('',(0.,0.,-1.));
#4046 = DIRECTION('',(-7.470757491648E-07,1.,0.));
#4047 = ADVANCED_FACE('',(#4048),#4059,.T.);
#4048 = FACE_BOUND('',#4049,.T.);
#4049 = EDGE_LOOP('',(#4050,#4056,#4057,#4058));
#4050 = ORIENTED_EDGE('',*,*,#4051,.T.);
#4051 = EDGE_CURVE('',#234,#2017,#4052,.T.);
#4052 = LINE('',#4053,#4054);
#4053 = CARTESIAN_POINT('',(-73.351364,-29.558663,0.));
#4054 = VECTOR('',#4055,1.);
#4055 = DIRECTION('',(0.,0.,1.));
#4056 = ORIENTED_EDGE('',*,*,#2016,.T.);
#4057 = ORIENTED_EDGE('',*,*,#4017,.F.);
#4058 = ORIENTED_EDGE('',*,*,#233,.F.);
#4059 = PLANE('',#4060);
#4060 = AXIS2_PLACEMENT_3D('',#4061,#4062,#4063);
#4061 = CARTESIAN_POINT('',(-73.351364,-29.558663,0.));
#4062 = DIRECTION('',(-0.499999976712,0.86602541723,0.));
#4063 = DIRECTION('',(0.86602541723,0.499999976712,0.));
#4064 = ADVANCED_FACE('',(#4065),#4076,.T.);
#4065 = FACE_BOUND('',#4066,.T.);
#4066 = EDGE_LOOP('',(#4067,#4068,#4069,#4075));
#4067 = ORIENTED_EDGE('',*,*,#4036,.T.);
#4068 = ORIENTED_EDGE('',*,*,#2237,.T.);
#4069 = ORIENTED_EDGE('',*,*,#4070,.F.);
#4070 = EDGE_CURVE('',#446,#2229,#4071,.T.);
#4071 = LINE('',#4072,#4073);
#4072 = CARTESIAN_POINT('',(73.851357,-16.694398,0.));
#4073 = VECTOR('',#4074,1.);
#4074 = DIRECTION('',(0.,0.,1.));
#4075 = ORIENTED_EDGE('',*,*,#454,.F.);
#4076 = PLANE('',#4077);
#4077 = AXIS2_PLACEMENT_3D('',#4078,#4079,#4080);
#4078 = CARTESIAN_POINT('',(73.851357,20.305602,0.));
#4079 = DIRECTION('',(1.,0.,-0.));
#4080 = DIRECTION('',(0.,-1.,0.));
#4081 = ADVANCED_FACE('',(#4082),#4093,.T.);
#4082 = FACE_BOUND('',#4083,.T.);
#4083 = EDGE_LOOP('',(#4084,#4090,#4091,#4092));
#4084 = ORIENTED_EDGE('',*,*,#4085,.T.);
#4085 = EDGE_CURVE('',#242,#2025,#4086,.T.);
#4086 = LINE('',#4087,#4088);
#4087 = CARTESIAN_POINT('',(-73.717389,-30.924688,0.));
#4088 = VECTOR('',#4089,1.);
#4089 = DIRECTION('',(0.,0.,1.));
#4090 = ORIENTED_EDGE('',*,*,#2024,.T.);
#4091 = ORIENTED_EDGE('',*,*,#4051,.F.);
#4092 = ORIENTED_EDGE('',*,*,#241,.F.);
#4093 = CYLINDRICAL_SURFACE('',#4094,0.999998429191);
#4094 = AXIS2_PLACEMENT_3D('',#4095,#4096,#4097);
#4095 = CARTESIAN_POINT('',(-72.85136566808,-30.42468755303,0.));
#4096 = DIRECTION('',(0.,0.,-1.));
#4097 = DIRECTION('',(-0.866024692275,-0.500001232368,-0.));
#4098 = ADVANCED_FACE('',(#4099),#4110,.T.);
#4099 = FACE_BOUND('',#4100,.T.);
#4100 = EDGE_LOOP('',(#4101,#4102,#4103,#4109));
#4101 = ORIENTED_EDGE('',*,*,#4070,.T.);
#4102 = ORIENTED_EDGE('',*,*,#2228,.T.);
#4103 = ORIENTED_EDGE('',*,*,#4104,.F.);
#4104 = EDGE_CURVE('',#438,#2221,#4105,.T.);
#4105 = LINE('',#4106,#4107);
#4106 = CARTESIAN_POINT('',(72.851357,-17.694398,0.));
#4107 = VECTOR('',#4108,1.);
#4108 = DIRECTION('',(0.,0.,1.));
#4109 = ORIENTED_EDGE('',*,*,#445,.F.);
#4110 = CYLINDRICAL_SURFACE('',#4111,0.999999252925);
#4111 = AXIS2_PLACEMENT_3D('',#4112,#4113,#4114);
#4112 = CARTESIAN_POINT('',(72.851357747075,-16.69439874707,0.));
#4113 = DIRECTION('',(0.,0.,-1.));
#4114 = DIRECTION('',(1.,7.470757562702E-07,0.));
#4115 = ADVANCED_FACE('',(#4116),#4127,.T.);
#4116 = FACE_BOUND('',#4117,.T.);
#4117 = EDGE_LOOP('',(#4118,#4124,#4125,#4126));
#4118 = ORIENTED_EDGE('',*,*,#4119,.T.);
#4119 = EDGE_CURVE('',#251,#2034,#4120,.T.);
#4120 = LINE('',#4121,#4122);
#4121 = CARTESIAN_POINT('',(-65.125883,-45.805613,0.));
#4122 = VECTOR('',#4123,1.);
#4123 = DIRECTION('',(0.,0.,1.));
#4124 = ORIENTED_EDGE('',*,*,#2033,.T.);
#4125 = ORIENTED_EDGE('',*,*,#4085,.F.);
#4126 = ORIENTED_EDGE('',*,*,#250,.F.);
#4127 = PLANE('',#4128);
#4128 = AXIS2_PLACEMENT_3D('',#4129,#4130,#4131);
#4129 = CARTESIAN_POINT('',(-65.125883,-45.805613,0.));
#4130 = DIRECTION('',(-0.866025405159,-0.499999997619,0.));
#4131 = DIRECTION('',(-0.499999997619,0.866025405159,0.));
#4132 = ADVANCED_FACE('',(#4133),#4144,.T.);
#4133 = FACE_BOUND('',#4134,.T.);
#4134 = EDGE_LOOP('',(#4135,#4136,#4137,#4143));
#4135 = ORIENTED_EDGE('',*,*,#4104,.T.);
#4136 = ORIENTED_EDGE('',*,*,#2220,.T.);
#4137 = ORIENTED_EDGE('',*,*,#4138,.F.);
#4138 = EDGE_CURVE('',#429,#2212,#4139,.T.);
#4139 = LINE('',#4140,#4141);
#4140 = CARTESIAN_POINT('',(55.851357,-17.694398,0.));
#4141 = VECTOR('',#4142,1.);
#4142 = DIRECTION('',(0.,0.,1.));
#4143 = ORIENTED_EDGE('',*,*,#437,.F.);
#4144 = PLANE('',#4145);
#4145 = AXIS2_PLACEMENT_3D('',#4146,#4147,#4148);
#4146 = CARTESIAN_POINT('',(72.851357,-17.694398,0.));
#4147 = DIRECTION('',(0.,-1.,0.));
#4148 = DIRECTION('',(-1.,0.,0.));
#4149 = ADVANCED_FACE('',(#4150),#4161,.T.);
#4150 = FACE_BOUND('',#4151,.T.);
#4151 = EDGE_LOOP('',(#4152,#4158,#4159,#4160));
#4152 = ORIENTED_EDGE('',*,*,#4153,.T.);
#4153 = EDGE_CURVE('',#259,#2042,#4154,.T.);
#4154 = LINE('',#4155,#4156);
#4155 = CARTESIAN_POINT('',(-63.759858,-46.171638,0.));
#4156 = VECTOR('',#4157,1.);
#4157 = DIRECTION('',(0.,0.,1.));
#4158 = ORIENTED_EDGE('',*,*,#2041,.T.);
#4159 = ORIENTED_EDGE('',*,*,#4119,.F.);
#4160 = ORIENTED_EDGE('',*,*,#258,.F.);
#4161 = CYLINDRICAL_SURFACE('',#4162,1.000030788153);
#4162 = AXIS2_PLACEMENT_3D('',#4163,#4164,#4165);
#4163 = CARTESIAN_POINT('',(-64.25984660294,-45.30557046557,0.));
#4164 = DIRECTION('',(-0.,0.,-1.));
#4165 = DIRECTION('',(0.499973209694,-0.866040870622,-0.));
#4166 = ADVANCED_FACE('',(#4167),#4178,.F.);
#4167 = FACE_BOUND('',#4168,.T.);
#4168 = EDGE_LOOP('',(#4169,#4170,#4171,#4177));
#4169 = ORIENTED_EDGE('',*,*,#4138,.T.);
#4170 = ORIENTED_EDGE('',*,*,#2211,.T.);
#4171 = ORIENTED_EDGE('',*,*,#4172,.F.);
#4172 = EDGE_CURVE('',#421,#2204,#4173,.T.);
#4173 = LINE('',#4174,#4175);
#4174 = CARTESIAN_POINT('',(54.851357,-18.694398,0.));
#4175 = VECTOR('',#4176,1.);
#4176 = DIRECTION('',(0.,0.,1.));
#4177 = ORIENTED_EDGE('',*,*,#428,.F.);
#4178 = CYLINDRICAL_SURFACE('',#4179,0.999999252925);
#4179 = AXIS2_PLACEMENT_3D('',#4180,#4181,#4182);
#4180 = CARTESIAN_POINT('',(55.851356252925,-18.69439725292,0.));
#4181 = DIRECTION('',(-0.,-0.,-1.));
#4182 = DIRECTION('',(7.470757420593E-07,1.,-0.));
#4183 = ADVANCED_FACE('',(#4184),#4195,.T.);
#4184 = FACE_BOUND('',#4185,.T.);
#4185 = EDGE_LOOP('',(#4186,#4192,#4193,#4194));
#4186 = ORIENTED_EDGE('',*,*,#4187,.T.);
#4187 = EDGE_CURVE('',#268,#2051,#4188,.T.);
#4188 = LINE('',#4189,#4190);
#4189 = CARTESIAN_POINT('',(-54.976969,-41.100835,0.));
#4190 = VECTOR('',#4191,1.);
#4191 = DIRECTION('',(0.,0.,1.));
#4192 = ORIENTED_EDGE('',*,*,#2050,.T.);
#4193 = ORIENTED_EDGE('',*,*,#4153,.F.);
#4194 = ORIENTED_EDGE('',*,*,#267,.F.);
#4195 = PLANE('',#4196);
#4196 = AXIS2_PLACEMENT_3D('',#4197,#4198,#4199);
#4197 = CARTESIAN_POINT('',(-54.976969,-41.100835,0.));
#4198 = DIRECTION('',(0.499999975713,-0.866025417807,0.));
#4199 = DIRECTION('',(-0.866025417807,-0.499999975713,0.));
#4200 = ADVANCED_FACE('',(#4201),#4212,.T.);
#4201 = FACE_BOUND('',#4202,.T.);
#4202 = EDGE_LOOP('',(#4203,#4204,#4205,#4211));
#4203 = ORIENTED_EDGE('',*,*,#4172,.T.);
#4204 = ORIENTED_EDGE('',*,*,#2203,.T.);
#4205 = ORIENTED_EDGE('',*,*,#4206,.F.);
#4206 = EDGE_CURVE('',#412,#2195,#4207,.T.);
#4207 = LINE('',#4208,#4209);
#4208 = CARTESIAN_POINT('',(54.851357,-21.694398,0.));
#4209 = VECTOR('',#4210,1.);
#4210 = DIRECTION('',(0.,0.,1.));
#4211 = ORIENTED_EDGE('',*,*,#420,.F.);
#4212 = PLANE('',#4213);
#4213 = AXIS2_PLACEMENT_3D('',#4214,#4215,#4216);
#4214 = CARTESIAN_POINT('',(54.851357,-18.694398,0.));
#4215 = DIRECTION('',(1.,0.,-0.));
#4216 = DIRECTION('',(0.,-1.,0.));
#4217 = ADVANCED_FACE('',(#4218),#4229,.T.);
#4218 = FACE_BOUND('',#4219,.T.);
#4219 = EDGE_LOOP('',(#4220,#4226,#4227,#4228));
#4220 = ORIENTED_EDGE('',*,*,#4221,.T.);
#4221 = EDGE_CURVE('',#276,#2059,#4222,.T.);
#4222 = LINE('',#4223,#4224);
#4223 = CARTESIAN_POINT('',(-30.979509,-34.670735,0.));
#4224 = VECTOR('',#4225,1.);
#4225 = DIRECTION('',(0.,0.,1.));
#4226 = ORIENTED_EDGE('',*,*,#2058,.T.);
#4227 = ORIENTED_EDGE('',*,*,#4187,.F.);
#4228 = ORIENTED_EDGE('',*,*,#275,.F.);
#4229 = PLANE('',#4230);
#4230 = AXIS2_PLACEMENT_3D('',#4231,#4232,#4233);
#4231 = CARTESIAN_POINT('',(-30.979509,-34.670735,0.));
#4232 = DIRECTION('',(0.258819044074,-0.965925826565,0.));
#4233 = DIRECTION('',(-0.965925826565,-0.258819044074,0.));
#4234 = ADVANCED_FACE('',(#4235),#4246,.T.);
#4235 = FACE_BOUND('',#4236,.T.);
#4236 = EDGE_LOOP('',(#4237,#4238,#4239,#4245));
#4237 = ORIENTED_EDGE('',*,*,#4206,.T.);
#4238 = ORIENTED_EDGE('',*,*,#2194,.T.);
#4239 = ORIENTED_EDGE('',*,*,#4240,.F.);
#4240 = EDGE_CURVE('',#404,#2187,#4241,.T.);
#4241 = LINE('',#4242,#4243);
#4242 = CARTESIAN_POINT('',(53.851357,-22.694398,0.));
#4243 = VECTOR('',#4244,1.);
#4244 = DIRECTION('',(0.,0.,1.));
#4245 = ORIENTED_EDGE('',*,*,#411,.F.);
#4246 = CYLINDRICAL_SURFACE('',#4247,0.999999252925);
#4247 = AXIS2_PLACEMENT_3D('',#4248,#4249,#4250);
#4248 = CARTESIAN_POINT('',(53.851357747075,-21.69439874707,0.));
#4249 = DIRECTION('',(0.,0.,-1.));
#4250 = DIRECTION('',(1.,7.470757420593E-07,0.));
#4251 = ADVANCED_FACE('',(#4252),#4263,.T.);
#4252 = FACE_BOUND('',#4253,.T.);
#4253 = EDGE_LOOP('',(#4254,#4260,#4261,#4262));
#4254 = ORIENTED_EDGE('',*,*,#4255,.T.);
#4255 = EDGE_CURVE('',#284,#2067,#4256,.T.);
#4256 = LINE('',#4257,#4258);
#4257 = CARTESIAN_POINT('',(-30.272402,-33.44599,0.));
#4258 = VECTOR('',#4259,1.);
#4259 = DIRECTION('',(0.,0.,1.));
#4260 = ORIENTED_EDGE('',*,*,#2066,.T.);
#4261 = ORIENTED_EDGE('',*,*,#4221,.F.);
#4262 = ORIENTED_EDGE('',*,*,#283,.F.);
#4263 = CYLINDRICAL_SURFACE('',#4264,1.000016659985);
#4264 = AXIS2_PLACEMENT_3D('',#4265,#4266,#4267);
#4265 = CARTESIAN_POINT('',(-31.23834821285,-33.70479733009,0.));
#4266 = DIRECTION('',(0.,0.,-1.));
#4267 = DIRECTION('',(0.965930120477,0.258803018444,0.));
#4268 = ADVANCED_FACE('',(#4269),#4280,.T.);
#4269 = FACE_BOUND('',#4270,.T.);
#4270 = EDGE_LOOP('',(#4271,#4272,#4273,#4279));
#4271 = ORIENTED_EDGE('',*,*,#4240,.T.);
#4272 = ORIENTED_EDGE('',*,*,#2186,.T.);
#4273 = ORIENTED_EDGE('',*,*,#4274,.F.);
#4274 = EDGE_CURVE('',#395,#2178,#4275,.T.);
#4275 = LINE('',#4276,#4277);
#4276 = CARTESIAN_POINT('',(33.351357,-22.694398,0.));
#4277 = VECTOR('',#4278,1.);
#4278 = DIRECTION('',(0.,0.,1.));
#4279 = ORIENTED_EDGE('',*,*,#403,.F.);
#4280 = PLANE('',#4281);
#4281 = AXIS2_PLACEMENT_3D('',#4282,#4283,#4284);
#4282 = CARTESIAN_POINT('',(53.851357,-22.694398,0.));
#4283 = DIRECTION('',(0.,-1.,0.));
#4284 = DIRECTION('',(-1.,0.,0.));
#4285 = ADVANCED_FACE('',(#4286),#4297,.T.);
#4286 = FACE_BOUND('',#4287,.T.);
#4287 = EDGE_LOOP('',(#4288,#4294,#4295,#4296));
#4288 = ORIENTED_EDGE('',*,*,#4289,.T.);
#4289 = EDGE_CURVE('',#293,#2076,#4290,.T.);
#4290 = LINE('',#4291,#4292);
#4291 = CARTESIAN_POINT('',(-33.07448,-22.988493,0.));
#4292 = VECTOR('',#4293,1.);
#4293 = DIRECTION('',(0.,0.,1.));
#4294 = ORIENTED_EDGE('',*,*,#2075,.T.);
#4295 = ORIENTED_EDGE('',*,*,#4255,.F.);
#4296 = ORIENTED_EDGE('',*,*,#292,.F.);
#4297 = PLANE('',#4298);
#4298 = AXIS2_PLACEMENT_3D('',#4299,#4300,#4301);
#4299 = CARTESIAN_POINT('',(-33.07448,-22.988493,0.));
#4300 = DIRECTION('',(0.965925823426,0.258819055789,-0.));
#4301 = DIRECTION('',(0.258819055789,-0.965925823426,0.));
#4302 = ADVANCED_FACE('',(#4303),#4314,.F.);
#4303 = FACE_BOUND('',#4304,.T.);
#4304 = EDGE_LOOP('',(#4305,#4306,#4307,#4313));
#4305 = ORIENTED_EDGE('',*,*,#4274,.T.);
#4306 = ORIENTED_EDGE('',*,*,#2177,.T.);
#4307 = ORIENTED_EDGE('',*,*,#4308,.F.);
#4308 = EDGE_CURVE('',#387,#2170,#4309,.T.);
#4309 = LINE('',#4310,#4311);
#4310 = CARTESIAN_POINT('',(32.351357,-23.694398,0.));
#4311 = VECTOR('',#4312,1.);
#4312 = DIRECTION('',(0.,0.,1.));
#4313 = ORIENTED_EDGE('',*,*,#394,.F.);
#4314 = CYLINDRICAL_SURFACE('',#4315,0.999999252925);
#4315 = AXIS2_PLACEMENT_3D('',#4316,#4317,#4318);
#4316 = CARTESIAN_POINT('',(33.351356252925,-23.69439725292,0.));
#4317 = DIRECTION('',(-0.,-0.,-1.));
#4318 = DIRECTION('',(7.470757420593E-07,1.,-0.));
#4319 = ADVANCED_FACE('',(#4320),#4331,.F.);
#4320 = FACE_BOUND('',#4321,.T.);
#4321 = EDGE_LOOP('',(#4322,#4328,#4329,#4330));
#4322 = ORIENTED_EDGE('',*,*,#4323,.T.);
#4323 = EDGE_CURVE('',#301,#2084,#4324,.T.);
#4324 = LINE('',#4325,#4326);
#4325 = CARTESIAN_POINT('',(-28.24485,-16.694398,0.));
#4326 = VECTOR('',#4327,1.);
#4327 = DIRECTION('',(0.,0.,1.));
#4328 = ORIENTED_EDGE('',*,*,#2083,.T.);
#4329 = ORIENTED_EDGE('',*,*,#4289,.F.);
#4330 = ORIENTED_EDGE('',*,*,#300,.F.);
#4331 = CYLINDRICAL_SURFACE('',#4332,4.99999981922);
#4332 = AXIS2_PLACEMENT_3D('',#4333,#4334,#4335);
#4333 = CARTESIAN_POINT('',(-28.24485104372,-21.69439781922,0.));
#4334 = DIRECTION('',(-0.,-0.,-1.));
#4335 = DIRECTION('',(2.087451638189E-07,1.,-0.));
#4336 = ADVANCED_FACE('',(#4337),#4348,.T.);
#4337 = FACE_BOUND('',#4338,.T.);
#4338 = EDGE_LOOP('',(#4339,#4340,#4341,#4347));
#4339 = ORIENTED_EDGE('',*,*,#4308,.T.);
#4340 = ORIENTED_EDGE('',*,*,#2169,.T.);
#4341 = ORIENTED_EDGE('',*,*,#4342,.F.);
#4342 = EDGE_CURVE('',#378,#2161,#4343,.T.);
#4343 = LINE('',#4344,#4345);
#4344 = CARTESIAN_POINT('',(32.351357,-38.194398,0.));
#4345 = VECTOR('',#4346,1.);
#4346 = DIRECTION('',(0.,0.,1.));
#4347 = ORIENTED_EDGE('',*,*,#386,.F.);
#4348 = PLANE('',#4349);
#4349 = AXIS2_PLACEMENT_3D('',#4350,#4351,#4352);
#4350 = CARTESIAN_POINT('',(32.351357,-23.694398,0.));
#4351 = DIRECTION('',(1.,0.,-0.));
#4352 = DIRECTION('',(0.,-1.,0.));
#4353 = ADVANCED_FACE('',(#4354),#4365,.T.);
#4354 = FACE_BOUND('',#4355,.T.);
#4355 = EDGE_LOOP('',(#4356,#4362,#4363,#4364));
#4356 = ORIENTED_EDGE('',*,*,#4357,.T.);
#4357 = EDGE_CURVE('',#310,#2093,#4358,.T.);
#4358 = LINE('',#4359,#4360);
#4359 = CARTESIAN_POINT('',(-21.148643,-16.694398,0.));
#4360 = VECTOR('',#4361,1.);
#4361 = DIRECTION('',(0.,0.,1.));
#4362 = ORIENTED_EDGE('',*,*,#2092,.T.);
#4363 = ORIENTED_EDGE('',*,*,#4323,.F.);
#4364 = ORIENTED_EDGE('',*,*,#309,.F.);
#4365 = PLANE('',#4366);
#4366 = AXIS2_PLACEMENT_3D('',#4367,#4368,#4369);
#4367 = CARTESIAN_POINT('',(-21.148643,-16.694398,0.));
#4368 = DIRECTION('',(0.,-1.,0.));
#4369 = DIRECTION('',(-1.,0.,0.));
#4370 = ADVANCED_FACE('',(#4371),#4382,.T.);
#4371 = FACE_BOUND('',#4372,.T.);
#4372 = EDGE_LOOP('',(#4373,#4374,#4375,#4381));
#4373 = ORIENTED_EDGE('',*,*,#4342,.T.);
#4374 = ORIENTED_EDGE('',*,*,#2160,.T.);
#4375 = ORIENTED_EDGE('',*,*,#4376,.F.);
#4376 = EDGE_CURVE('',#370,#2153,#4377,.T.);
#4377 = LINE('',#4378,#4379);
#4378 = CARTESIAN_POINT('',(31.351357,-39.194398,0.));
#4379 = VECTOR('',#4380,1.);
#4380 = DIRECTION('',(0.,0.,1.));
#4381 = ORIENTED_EDGE('',*,*,#377,.F.);
#4382 = CYLINDRICAL_SURFACE('',#4383,0.999999252925);
#4383 = AXIS2_PLACEMENT_3D('',#4384,#4385,#4386);
#4384 = CARTESIAN_POINT('',(31.351357747075,-38.19439874707,0.));
#4385 = DIRECTION('',(0.,0.,-1.));
#4386 = DIRECTION('',(1.,7.470757420593E-07,0.));
#4387 = ADVANCED_FACE('',(#4388),#4399,.T.);
#4388 = FACE_BOUND('',#4389,.T.);
#4389 = EDGE_LOOP('',(#4390,#4396,#4397,#4398));
#4390 = ORIENTED_EDGE('',*,*,#4391,.T.);
#4391 = EDGE_CURVE('',#318,#2101,#4392,.T.);
#4392 = LINE('',#4393,#4394);
#4393 = CARTESIAN_POINT('',(-20.148643,-15.694398,0.));
#4394 = VECTOR('',#4395,1.);
#4395 = DIRECTION('',(0.,0.,1.));
#4396 = ORIENTED_EDGE('',*,*,#2100,.T.);
#4397 = ORIENTED_EDGE('',*,*,#4357,.F.);
#4398 = ORIENTED_EDGE('',*,*,#317,.F.);
#4399 = CYLINDRICAL_SURFACE('',#4400,0.999999252925);
#4400 = AXIS2_PLACEMENT_3D('',#4401,#4402,#4403);
#4401 = CARTESIAN_POINT('',(-21.14864225292,-15.69439874707,0.));
#4402 = DIRECTION('',(0.,0.,-1.));
#4403 = DIRECTION('',(1.,7.470757438357E-07,0.));
#4404 = ADVANCED_FACE('',(#4405),#4416,.T.);
#4405 = FACE_BOUND('',#4406,.T.);
#4406 = EDGE_LOOP('',(#4407,#4408,#4409,#4415));
#4407 = ORIENTED_EDGE('',*,*,#4376,.T.);
#4408 = ORIENTED_EDGE('',*,*,#2152,.T.);
#4409 = ORIENTED_EDGE('',*,*,#4410,.F.);
#4410 = EDGE_CURVE('',#361,#2144,#4411,.T.);
#4411 = LINE('',#4412,#4413);
#4412 = CARTESIAN_POINT('',(27.851357,-39.194398,0.));
#4413 = VECTOR('',#4414,1.);
#4414 = DIRECTION('',(0.,0.,1.));
#4415 = ORIENTED_EDGE('',*,*,#369,.F.);
#4416 = PLANE('',#4417);
#4417 = AXIS2_PLACEMENT_3D('',#4418,#4419,#4420);
#4418 = CARTESIAN_POINT('',(31.351357,-39.194398,0.));
#4419 = DIRECTION('',(0.,-1.,0.));
#4420 = DIRECTION('',(-1.,0.,0.));
#4421 = ADVANCED_FACE('',(#4422),#4433,.F.);
#4422 = FACE_BOUND('',#4423,.T.);
#4423 = EDGE_LOOP('',(#4424,#4430,#4431,#4432));
#4424 = ORIENTED_EDGE('',*,*,#4425,.T.);
#4425 = EDGE_CURVE('',#327,#2110,#4426,.T.);
#4426 = LINE('',#4427,#4428);
#4427 = CARTESIAN_POINT('',(-19.148643,-14.694398,0.));
#4428 = VECTOR('',#4429,1.);
#4429 = DIRECTION('',(0.,0.,1.));
#4430 = ORIENTED_EDGE('',*,*,#2109,.T.);
#4431 = ORIENTED_EDGE('',*,*,#4391,.F.);
#4432 = ORIENTED_EDGE('',*,*,#326,.F.);
#4433 = CYLINDRICAL_SURFACE('',#4434,0.999999252925);
#4434 = AXIS2_PLACEMENT_3D('',#4435,#4436,#4437);
#4435 = CARTESIAN_POINT('',(-19.14864374707,-15.69439725292,0.));
#4436 = DIRECTION('',(-0.,-0.,-1.));
#4437 = DIRECTION('',(7.470757385066E-07,1.,-0.));
#4438 = ADVANCED_FACE('',(#4439),#4450,.T.);
#4439 = FACE_BOUND('',#4440,.T.);
#4440 = EDGE_LOOP('',(#4441,#4442,#4443,#4449));
#4441 = ORIENTED_EDGE('',*,*,#4410,.T.);
#4442 = ORIENTED_EDGE('',*,*,#2143,.T.);
#4443 = ORIENTED_EDGE('',*,*,#4444,.F.);
#4444 = EDGE_CURVE('',#353,#2136,#4445,.T.);
#4445 = LINE('',#4446,#4447);
#4446 = CARTESIAN_POINT('',(26.851357,-38.194398,0.));
#4447 = VECTOR('',#4448,1.);
#4448 = DIRECTION('',(0.,0.,1.));
#4449 = ORIENTED_EDGE('',*,*,#360,.F.);
#4450 = CYLINDRICAL_SURFACE('',#4451,0.999999252925);
#4451 = AXIS2_PLACEMENT_3D('',#4452,#4453,#4454);
#4452 = CARTESIAN_POINT('',(27.851356252925,-38.19439874707,0.));
#4453 = DIRECTION('',(0.,0.,-1.));
#4454 = DIRECTION('',(7.470757420593E-07,-1.,0.));
#4455 = ADVANCED_FACE('',(#4456),#4467,.T.);
#4456 = FACE_BOUND('',#4457,.T.);
#4457 = EDGE_LOOP('',(#4458,#4464,#4465,#4466));
#4458 = ORIENTED_EDGE('',*,*,#4459,.T.);
#4459 = EDGE_CURVE('',#336,#2119,#4460,.T.);
#4460 = LINE('',#4461,#4462);
#4461 = CARTESIAN_POINT('',(25.851357,-14.694398,0.));
#4462 = VECTOR('',#4463,1.);
#4463 = DIRECTION('',(0.,0.,1.));
#4464 = ORIENTED_EDGE('',*,*,#2118,.T.);
#4465 = ORIENTED_EDGE('',*,*,#4425,.F.);
#4466 = ORIENTED_EDGE('',*,*,#335,.F.);
#4467 = PLANE('',#4468);
#4468 = AXIS2_PLACEMENT_3D('',#4469,#4470,#4471);
#4469 = CARTESIAN_POINT('',(25.851357,-14.694398,0.));
#4470 = DIRECTION('',(0.,-1.,0.));
#4471 = DIRECTION('',(-1.,0.,0.));
#4472 = ADVANCED_FACE('',(#4473),#4484,.T.);
#4473 = FACE_BOUND('',#4474,.T.);
#4474 = EDGE_LOOP('',(#4475,#4476,#4477,#4483));
#4475 = ORIENTED_EDGE('',*,*,#4444,.T.);
#4476 = ORIENTED_EDGE('',*,*,#2135,.T.);
#4477 = ORIENTED_EDGE('',*,*,#4478,.F.);
#4478 = EDGE_CURVE('',#344,#2127,#4479,.T.);
#4479 = LINE('',#4480,#4481);
#4480 = CARTESIAN_POINT('',(26.851357,-15.694398,0.));
#4481 = VECTOR('',#4482,1.);
#4482 = DIRECTION('',(0.,0.,1.));
#4483 = ORIENTED_EDGE('',*,*,#352,.F.);
#4484 = PLANE('',#4485);
#4485 = AXIS2_PLACEMENT_3D('',#4486,#4487,#4488);
#4486 = CARTESIAN_POINT('',(26.851357,-38.194398,0.));
#4487 = DIRECTION('',(-1.,0.,0.));
#4488 = DIRECTION('',(0.,1.,0.));
#4489 = ADVANCED_FACE('',(#4490),#4496,.F.);
#4490 = FACE_BOUND('',#4491,.T.);
#4491 = EDGE_LOOP('',(#4492,#4493,#4494,#4495));
#4492 = ORIENTED_EDGE('',*,*,#4478,.T.);
#4493 = ORIENTED_EDGE('',*,*,#2126,.T.);
#4494 = ORIENTED_EDGE('',*,*,#4459,.F.);
#4495 = ORIENTED_EDGE('',*,*,#343,.F.);
#4496 = CYLINDRICAL_SURFACE('',#4497,0.999999252925);
#4497 = AXIS2_PLACEMENT_3D('',#4498,#4499,#4500);
#4498 = CARTESIAN_POINT('',(25.851357747075,-15.69439725292,0.));
#4499 = DIRECTION('',(-0.,-0.,-1.));
#4500 = DIRECTION('',(1.,-7.470757420593E-07,0.));
#4501 = ADVANCED_FACE('',(#4502),#4518,.F.);
#4502 = FACE_BOUND('',#4503,.T.);
#4503 = EDGE_LOOP('',(#4504,#4510,#4511,#4517));
#4504 = ORIENTED_EDGE('',*,*,#4505,.T.);
#4505 = EDGE_CURVE('',#549,#2332,#4506,.T.);
#4506 = LINE('',#4507,#4508);
#4507 = CARTESIAN_POINT('',(-58.406465,-24.443989,0.));
#4508 = VECTOR('',#4509,1.);
#4509 = DIRECTION('',(0.,0.,1.));
#4510 = ORIENTED_EDGE('',*,*,#2331,.T.);
#4511 = ORIENTED_EDGE('',*,*,#4512,.F.);
#4512 = EDGE_CURVE('',#551,#2334,#4513,.T.);
#4513 = LINE('',#4514,#4515);
#4514 = CARTESIAN_POINT('',(-58.898234,-24.31222,0.));
#4515 = VECTOR('',#4516,1.);
#4516 = DIRECTION('',(0.,0.,1.));
#4517 = ORIENTED_EDGE('',*,*,#548,.F.);
#4518 = CYLINDRICAL_SURFACE('',#4519,0.36000313088);
#4519 = AXIS2_PLACEMENT_3D('',#4520,#4521,#4522);
#4520 = CARTESIAN_POINT('',(-58.71823519205,-24.6239934488,0.));
#4521 = DIRECTION('',(-0.,-0.,-1.));
#4522 = DIRECTION('',(0.866020779572,0.500008009285,-0.));
#4523 = ADVANCED_FACE('',(#4524),#4535,.T.);
#4524 = FACE_BOUND('',#4525,.T.);
#4525 = EDGE_LOOP('',(#4526,#4532,#4533,#4534));
#4526 = ORIENTED_EDGE('',*,*,#4527,.T.);
#4527 = EDGE_CURVE('',#560,#2343,#4528,.T.);
#4528 = LINE('',#4529,#4530);
#4529 = CARTESIAN_POINT('',(-51.766465,-35.944807,0.));
#4530 = VECTOR('',#4531,1.);
#4531 = DIRECTION('',(0.,0.,1.));
#4532 = ORIENTED_EDGE('',*,*,#2342,.T.);
#4533 = ORIENTED_EDGE('',*,*,#4505,.F.);
#4534 = ORIENTED_EDGE('',*,*,#559,.F.);
#4535 = PLANE('',#4536);
#4536 = AXIS2_PLACEMENT_3D('',#4537,#4538,#4539);
#4537 = CARTESIAN_POINT('',(-51.766465,-35.944807,0.));
#4538 = DIRECTION('',(-0.86602541579,-0.499999979206,0.));
#4539 = DIRECTION('',(-0.499999979206,0.86602541579,0.));
#4540 = ADVANCED_FACE('',(#4541),#4552,.T.);
#4541 = FACE_BOUND('',#4542,.T.);
#4542 = EDGE_LOOP('',(#4543,#4544,#4545,#4551));
#4543 = ORIENTED_EDGE('',*,*,#4512,.T.);
#4544 = ORIENTED_EDGE('',*,*,#2393,.T.);
#4545 = ORIENTED_EDGE('',*,*,#4546,.F.);
#4546 = EDGE_CURVE('',#602,#2385,#4547,.T.);
#4547 = LINE('',#4548,#4549);
#4548 = CARTESIAN_POINT('',(-70.399052,-30.95222,0.));
#4549 = VECTOR('',#4550,1.);
#4550 = DIRECTION('',(0.,0.,1.));
#4551 = ORIENTED_EDGE('',*,*,#610,.F.);
#4552 = PLANE('',#4553);
#4553 = AXIS2_PLACEMENT_3D('',#4554,#4555,#4556);
#4554 = CARTESIAN_POINT('',(-58.898234,-24.31222,0.));
#4555 = DIRECTION('',(0.499999979206,-0.86602541579,0.));
#4556 = DIRECTION('',(-0.86602541579,-0.499999979206,0.));
#4557 = ADVANCED_FACE('',(#4558),#4569,.F.);
#4558 = FACE_BOUND('',#4559,.T.);
#4559 = EDGE_LOOP('',(#4560,#4566,#4567,#4568));
#4560 = ORIENTED_EDGE('',*,*,#4561,.T.);
#4561 = EDGE_CURVE('',#568,#2351,#4562,.T.);
#4562 = LINE('',#4563,#4564);
#4563 = CARTESIAN_POINT('',(-51.898234,-36.436576,0.));
#4564 = VECTOR('',#4565,1.);
#4565 = DIRECTION('',(0.,0.,1.));
#4566 = ORIENTED_EDGE('',*,*,#2350,.T.);
#4567 = ORIENTED_EDGE('',*,*,#4527,.F.);
#4568 = ORIENTED_EDGE('',*,*,#567,.F.);
#4569 = CYLINDRICAL_SURFACE('',#4570,0.36000313088);
#4570 = AXIS2_PLACEMENT_3D('',#4571,#4572,#4573);
#4571 = CARTESIAN_POINT('',(-52.0782384488,-36.12480580794,0.));
#4572 = DIRECTION('',(-0.,0.,-1.));
#4573 = DIRECTION('',(0.500008009285,-0.866020779572,-0.));
#4574 = ADVANCED_FACE('',(#4575),#4586,.F.);
#4575 = FACE_BOUND('',#4576,.T.);
#4576 = EDGE_LOOP('',(#4577,#4578,#4579,#4585));
#4577 = ORIENTED_EDGE('',*,*,#4546,.T.);
#4578 = ORIENTED_EDGE('',*,*,#2384,.T.);
#4579 = ORIENTED_EDGE('',*,*,#4580,.F.);
#4580 = EDGE_CURVE('',#594,#2377,#4581,.T.);
#4581 = LINE('',#4582,#4583);
#4582 = CARTESIAN_POINT('',(-70.530821,-31.443989,0.));
#4583 = VECTOR('',#4584,1.);
#4584 = DIRECTION('',(0.,0.,1.));
#4585 = ORIENTED_EDGE('',*,*,#601,.F.);
#4586 = CYLINDRICAL_SURFACE('',#4587,0.36000313088);
#4587 = AXIS2_PLACEMENT_3D('',#4588,#4589,#4590);
#4588 = CARTESIAN_POINT('',(-70.21904755119,-31.26399019205,0.));
#4589 = DIRECTION('',(-0.,-0.,-1.));
#4590 = DIRECTION('',(-0.500008009285,0.866020779572,0.));
#4591 = ADVANCED_FACE('',(#4592),#4603,.T.);
#4592 = FACE_BOUND('',#4593,.T.);
#4593 = EDGE_LOOP('',(#4594,#4600,#4601,#4602));
#4594 = ORIENTED_EDGE('',*,*,#4595,.T.);
#4595 = EDGE_CURVE('',#577,#2360,#4596,.T.);
#4596 = LINE('',#4597,#4598);
#4597 = CARTESIAN_POINT('',(-63.399052,-43.076576,0.));
#4598 = VECTOR('',#4599,1.);
#4599 = DIRECTION('',(0.,0.,1.));
#4600 = ORIENTED_EDGE('',*,*,#2359,.T.);
#4601 = ORIENTED_EDGE('',*,*,#4561,.F.);
#4602 = ORIENTED_EDGE('',*,*,#576,.F.);
#4603 = PLANE('',#4604);
#4604 = AXIS2_PLACEMENT_3D('',#4605,#4606,#4607);
#4605 = CARTESIAN_POINT('',(-63.399052,-43.076576,0.));
#4606 = DIRECTION('',(-0.499999979206,0.86602541579,0.));
#4607 = DIRECTION('',(0.86602541579,0.499999979206,0.));
#4608 = ADVANCED_FACE('',(#4609),#4620,.T.);
#4609 = FACE_BOUND('',#4610,.T.);
#4610 = EDGE_LOOP('',(#4611,#4612,#4613,#4619));
#4611 = ORIENTED_EDGE('',*,*,#4580,.T.);
#4612 = ORIENTED_EDGE('',*,*,#2376,.T.);
#4613 = ORIENTED_EDGE('',*,*,#4614,.F.);
#4614 = EDGE_CURVE('',#585,#2368,#4615,.T.);
#4615 = LINE('',#4616,#4617);
#4616 = CARTESIAN_POINT('',(-63.890821,-42.944807,0.));
#4617 = VECTOR('',#4618,1.);
#4618 = DIRECTION('',(0.,0.,1.));
#4619 = ORIENTED_EDGE('',*,*,#593,.F.);
#4620 = PLANE('',#4621);
#4621 = AXIS2_PLACEMENT_3D('',#4622,#4623,#4624);
#4622 = CARTESIAN_POINT('',(-70.530821,-31.443989,0.));
#4623 = DIRECTION('',(0.86602541579,0.499999979206,-0.));
#4624 = DIRECTION('',(0.499999979206,-0.86602541579,0.));
#4625 = ADVANCED_FACE('',(#4626),#4632,.F.);
#4626 = FACE_BOUND('',#4627,.T.);
#4627 = EDGE_LOOP('',(#4628,#4629,#4630,#4631));
#4628 = ORIENTED_EDGE('',*,*,#4614,.T.);
#4629 = ORIENTED_EDGE('',*,*,#2367,.T.);
#4630 = ORIENTED_EDGE('',*,*,#4595,.F.);
#4631 = ORIENTED_EDGE('',*,*,#584,.F.);
#4632 = CYLINDRICAL_SURFACE('',#4633,0.36000313088);
#4633 = AXIS2_PLACEMENT_3D('',#4634,#4635,#4636);
#4634 = CARTESIAN_POINT('',(-63.57905080794,-42.76480255119,0.));
#4635 = DIRECTION('',(-0.,-0.,-1.));
#4636 = DIRECTION('',(-0.866020779572,-0.500008009285,0.));
#4637 = ADVANCED_FACE('',(#4638),#4654,.F.);
#4638 = FACE_BOUND('',#4639,.T.);
#4639 = EDGE_LOOP('',(#4640,#4646,#4647,#4653));
#4640 = ORIENTED_EDGE('',*,*,#4641,.T.);
#4641 = EDGE_CURVE('',#619,#2402,#4642,.T.);
#4642 = LINE('',#4643,#4644);
#4643 = CARTESIAN_POINT('',(-36.605721,-19.468917,0.));
#4644 = VECTOR('',#4645,1.);
#4645 = DIRECTION('',(0.,0.,1.));
#4646 = ORIENTED_EDGE('',*,*,#2401,.T.);
#4647 = ORIENTED_EDGE('',*,*,#4648,.F.);
#4648 = EDGE_CURVE('',#621,#2404,#4649,.T.);
#4649 = LINE('',#4650,#4651);
#4650 = CARTESIAN_POINT('',(-37.046629,-19.214359,0.));
#4651 = VECTOR('',#4652,1.);
#4652 = DIRECTION('',(0.,0.,1.));
#4653 = ORIENTED_EDGE('',*,*,#618,.F.);
#4654 = CYLINDRICAL_SURFACE('',#4655,0.359999449958);
#4655 = AXIS2_PLACEMENT_3D('',#4656,#4657,#4658);
#4656 = CARTESIAN_POINT('',(-36.95345378792,-19.56209163267,0.));
#4657 = DIRECTION('',(-0.,-0.,-1.));
#4658 = DIRECTION('',(0.96592588673,0.258818819535,-0.));
#4659 = ADVANCED_FACE('',(#4660),#4671,.T.);
#4660 = FACE_BOUND('',#4661,.T.);
#4661 = EDGE_LOOP('',(#4662,#4668,#4669,#4670));
#4662 = ORIENTED_EDGE('',*,*,#4663,.T.);
#4663 = EDGE_CURVE('',#630,#2413,#4664,.T.);
#4664 = LINE('',#4665,#4666);
#4665 = CARTESIAN_POINT('',(-33.168604,-32.296412,0.));
#4666 = VECTOR('',#4667,1.);
#4667 = DIRECTION('',(0.,0.,1.));
#4668 = ORIENTED_EDGE('',*,*,#2412,.T.);
#4669 = ORIENTED_EDGE('',*,*,#4641,.F.);
#4670 = ORIENTED_EDGE('',*,*,#629,.F.);
#4671 = PLANE('',#4672);
#4672 = AXIS2_PLACEMENT_3D('',#4673,#4674,#4675);
#4673 = CARTESIAN_POINT('',(-33.168604,-32.296412,0.));
#4674 = DIRECTION('',(-0.965925824899,-0.25881905029,0.));
#4675 = DIRECTION('',(-0.25881905029,0.965925824899,0.));
#4676 = ADVANCED_FACE('',(#4677),#4688,.T.);
#4677 = FACE_BOUND('',#4678,.T.);
#4678 = EDGE_LOOP('',(#4679,#4680,#4681,#4687));
#4679 = ORIENTED_EDGE('',*,*,#4648,.T.);
#4680 = ORIENTED_EDGE('',*,*,#2463,.T.);
#4681 = ORIENTED_EDGE('',*,*,#4682,.F.);
#4682 = EDGE_CURVE('',#672,#2455,#4683,.T.);
#4683 = LINE('',#4684,#4685);
#4684 = CARTESIAN_POINT('',(-49.874124,-22.651476,0.));
#4685 = VECTOR('',#4686,1.);
#4686 = DIRECTION('',(0.,0.,1.));
#4687 = ORIENTED_EDGE('',*,*,#680,.F.);
#4688 = PLANE('',#4689);
#4689 = AXIS2_PLACEMENT_3D('',#4690,#4691,#4692);
#4690 = CARTESIAN_POINT('',(-37.046629,-19.214359,0.));
#4691 = DIRECTION('',(0.25881905029,-0.965925824899,0.));
#4692 = DIRECTION('',(-0.965925824899,-0.25881905029,0.));
#4693 = ADVANCED_FACE('',(#4694),#4705,.F.);
#4694 = FACE_BOUND('',#4695,.T.);
#4695 = EDGE_LOOP('',(#4696,#4702,#4703,#4704));
#4696 = ORIENTED_EDGE('',*,*,#4697,.T.);
#4697 = EDGE_CURVE('',#638,#2421,#4698,.T.);
#4698 = LINE('',#4699,#4700);
#4699 = CARTESIAN_POINT('',(-33.423162,-32.73732,0.));
#4700 = VECTOR('',#4701,1.);
#4701 = DIRECTION('',(0.,0.,1.));
#4702 = ORIENTED_EDGE('',*,*,#2420,.T.);
#4703 = ORIENTED_EDGE('',*,*,#4663,.F.);
#4704 = ORIENTED_EDGE('',*,*,#637,.F.);
#4705 = CYLINDRICAL_SURFACE('',#4706,0.359999449958);
#4706 = AXIS2_PLACEMENT_3D('',#4707,#4708,#4709);
#4707 = CARTESIAN_POINT('',(-33.51633663267,-32.38958721207,0.));
#4708 = DIRECTION('',(-0.,-0.,-1.));
#4709 = DIRECTION('',(0.258818819535,-0.96592588673,0.));
#4710 = ADVANCED_FACE('',(#4711),#4722,.F.);
#4711 = FACE_BOUND('',#4712,.T.);
#4712 = EDGE_LOOP('',(#4713,#4714,#4715,#4721));
#4713 = ORIENTED_EDGE('',*,*,#4682,.T.);
#4714 = ORIENTED_EDGE('',*,*,#2454,.T.);
#4715 = ORIENTED_EDGE('',*,*,#4716,.F.);
#4716 = EDGE_CURVE('',#664,#2447,#4717,.T.);
#4717 = LINE('',#4718,#4719);
#4718 = CARTESIAN_POINT('',(-50.128682,-23.092384,0.));
#4719 = VECTOR('',#4720,1.);
#4720 = DIRECTION('',(0.,0.,1.));
#4721 = ORIENTED_EDGE('',*,*,#671,.F.);
#4722 = CYLINDRICAL_SURFACE('',#4723,0.359999449958);
#4723 = AXIS2_PLACEMENT_3D('',#4724,#4725,#4726);
#4724 = CARTESIAN_POINT('',(-49.78094936732,-22.99920878792,0.));
#4725 = DIRECTION('',(-0.,-0.,-1.));
#4726 = DIRECTION('',(-0.258818819535,0.96592588673,0.));
#4727 = ADVANCED_FACE('',(#4728),#4739,.T.);
#4728 = FACE_BOUND('',#4729,.T.);
#4729 = EDGE_LOOP('',(#4730,#4736,#4737,#4738));
#4730 = ORIENTED_EDGE('',*,*,#4731,.T.);
#4731 = EDGE_CURVE('',#647,#2430,#4732,.T.);
#4732 = LINE('',#4733,#4734);
#4733 = CARTESIAN_POINT('',(-46.250657,-36.174437,0.));
#4734 = VECTOR('',#4735,1.);
#4735 = DIRECTION('',(0.,0.,1.));
#4736 = ORIENTED_EDGE('',*,*,#2429,.T.);
#4737 = ORIENTED_EDGE('',*,*,#4697,.F.);
#4738 = ORIENTED_EDGE('',*,*,#646,.F.);
#4739 = PLANE('',#4740);
#4740 = AXIS2_PLACEMENT_3D('',#4741,#4742,#4743);
#4741 = CARTESIAN_POINT('',(-46.250657,-36.174437,0.));
#4742 = DIRECTION('',(-0.25881905029,0.965925824899,0.));
#4743 = DIRECTION('',(0.965925824899,0.25881905029,0.));
#4744 = ADVANCED_FACE('',(#4745),#4756,.T.);
#4745 = FACE_BOUND('',#4746,.T.);
#4746 = EDGE_LOOP('',(#4747,#4748,#4749,#4755));
#4747 = ORIENTED_EDGE('',*,*,#4716,.T.);
#4748 = ORIENTED_EDGE('',*,*,#2446,.T.);
#4749 = ORIENTED_EDGE('',*,*,#4750,.F.);
#4750 = EDGE_CURVE('',#655,#2438,#4751,.T.);
#4751 = LINE('',#4752,#4753);
#4752 = CARTESIAN_POINT('',(-46.691565,-35.919879,0.));
#4753 = VECTOR('',#4754,1.);
#4754 = DIRECTION('',(0.,0.,1.));
#4755 = ORIENTED_EDGE('',*,*,#663,.F.);
#4756 = PLANE('',#4757);
#4757 = AXIS2_PLACEMENT_3D('',#4758,#4759,#4760);
#4758 = CARTESIAN_POINT('',(-50.128682,-23.092384,0.));
#4759 = DIRECTION('',(0.965925824899,0.25881905029,-0.));
#4760 = DIRECTION('',(0.25881905029,-0.965925824899,0.));
#4761 = ADVANCED_FACE('',(#4762),#4768,.F.);
#4762 = FACE_BOUND('',#4763,.T.);
#4763 = EDGE_LOOP('',(#4764,#4765,#4766,#4767));
#4764 = ORIENTED_EDGE('',*,*,#4750,.T.);
#4765 = ORIENTED_EDGE('',*,*,#2437,.T.);
#4766 = ORIENTED_EDGE('',*,*,#4731,.F.);
#4767 = ORIENTED_EDGE('',*,*,#654,.F.);
#4768 = CYLINDRICAL_SURFACE('',#4769,0.359999449958);
#4769 = AXIS2_PLACEMENT_3D('',#4770,#4771,#4772);
#4770 = CARTESIAN_POINT('',(-46.34383221207,-35.82670436732,0.));
#4771 = DIRECTION('',(-0.,-0.,-1.));
#4772 = DIRECTION('',(-0.96592588673,-0.258818819535,0.));
#4773 = ADVANCED_FACE('',(#4774),#4785,.F.);
#4774 = FACE_BOUND('',#4775,.T.);
#4775 = EDGE_LOOP('',(#4776,#4777,#4783,#4784));
#4776 = ORIENTED_EDGE('',*,*,#688,.T.);
#4777 = ORIENTED_EDGE('',*,*,#4778,.T.);
#4778 = EDGE_CURVE('',#689,#2472,#4779,.T.);
#4779 = LINE('',#4780,#4781);
#4780 = CARTESIAN_POINT('',(-54.648643,-20.794398,-4.6E-02));
#4781 = VECTOR('',#4782,1.);
#4782 = DIRECTION('',(0.,0.,1.));
#4783 = ORIENTED_EDGE('',*,*,#2471,.F.);
#4784 = ORIENTED_EDGE('',*,*,#4778,.F.);
#4785 = CYLINDRICAL_SURFACE('',#4786,1.1);
#4786 = AXIS2_PLACEMENT_3D('',#4787,#4788,#4789);
#4787 = CARTESIAN_POINT('',(-54.648643,-19.694398,-4.6E-02));
#4788 = DIRECTION('',(-0.,-0.,-1.));
#4789 = DIRECTION('',(-0.,-1.,0.));
#4790 = ADVANCED_FACE('',(#4791),#4807,.F.);
#4791 = FACE_BOUND('',#4792,.T.);
#4792 = EDGE_LOOP('',(#4793,#4799,#4800,#4806));
#4793 = ORIENTED_EDGE('',*,*,#4794,.T.);
#4794 = EDGE_CURVE('',#700,#2483,#4795,.T.);
#4795 = LINE('',#4796,#4797);
#4796 = CARTESIAN_POINT('',(-38.288643,0.305602,0.));
#4797 = VECTOR('',#4798,1.);
#4798 = DIRECTION('',(0.,0.,1.));
#4799 = ORIENTED_EDGE('',*,*,#2482,.T.);
#4800 = ORIENTED_EDGE('',*,*,#4801,.F.);
#4801 = EDGE_CURVE('',#702,#2485,#4802,.T.);
#4802 = LINE('',#4803,#4804);
#4803 = CARTESIAN_POINT('',(-38.648643,-5.4398E-02,0.));
#4804 = VECTOR('',#4805,1.);
#4805 = DIRECTION('',(0.,0.,1.));
#4806 = ORIENTED_EDGE('',*,*,#699,.F.);
#4807 = CYLINDRICAL_SURFACE('',#4808,0.360001506454);
#4808 = AXIS2_PLACEMENT_3D('',#4809,#4810,#4811);
#4809 = CARTESIAN_POINT('',(-38.28864149354,-5.439950645135E-02,0.));
#4810 = DIRECTION('',(-0.,-0.,-1.));
#4811 = DIRECTION('',(-4.184569566117E-06,0.999999999991,0.));
#4812 = ADVANCED_FACE('',(#4813),#4824,.T.);
#4813 = FACE_BOUND('',#4814,.T.);
#4814 = EDGE_LOOP('',(#4815,#4821,#4822,#4823));
#4815 = ORIENTED_EDGE('',*,*,#4816,.T.);
#4816 = EDGE_CURVE('',#711,#2494,#4817,.T.);
#4817 = LINE('',#4818,#4819);
#4818 = CARTESIAN_POINT('',(-25.008643,0.305602,0.));
#4819 = VECTOR('',#4820,1.);
#4820 = DIRECTION('',(0.,0.,1.));
#4821 = ORIENTED_EDGE('',*,*,#2493,.T.);
#4822 = ORIENTED_EDGE('',*,*,#4794,.F.);
#4823 = ORIENTED_EDGE('',*,*,#710,.F.);
#4824 = PLANE('',#4825);
#4825 = AXIS2_PLACEMENT_3D('',#4826,#4827,#4828);
#4826 = CARTESIAN_POINT('',(-25.008643,0.305602,0.));
#4827 = DIRECTION('',(0.,-1.,0.));
#4828 = DIRECTION('',(-1.,0.,0.));
#4829 = ADVANCED_FACE('',(#4830),#4841,.T.);
#4830 = FACE_BOUND('',#4831,.T.);
#4831 = EDGE_LOOP('',(#4832,#4833,#4834,#4840));
#4832 = ORIENTED_EDGE('',*,*,#4801,.T.);
#4833 = ORIENTED_EDGE('',*,*,#2544,.T.);
#4834 = ORIENTED_EDGE('',*,*,#4835,.F.);
#4835 = EDGE_CURVE('',#753,#2536,#4836,.T.);
#4836 = LINE('',#4837,#4838);
#4837 = CARTESIAN_POINT('',(-38.648643,-13.334398,0.));
#4838 = VECTOR('',#4839,1.);
#4839 = DIRECTION('',(0.,0.,1.));
#4840 = ORIENTED_EDGE('',*,*,#761,.F.);
#4841 = PLANE('',#4842);
#4842 = AXIS2_PLACEMENT_3D('',#4843,#4844,#4845);
#4843 = CARTESIAN_POINT('',(-38.648643,-5.4398E-02,0.));
#4844 = DIRECTION('',(1.,0.,-0.));
#4845 = DIRECTION('',(0.,-1.,0.));
#4846 = ADVANCED_FACE('',(#4847),#4858,.F.);
#4847 = FACE_BOUND('',#4848,.T.);
#4848 = EDGE_LOOP('',(#4849,#4855,#4856,#4857));
#4849 = ORIENTED_EDGE('',*,*,#4850,.T.);
#4850 = EDGE_CURVE('',#719,#2502,#4851,.T.);
#4851 = LINE('',#4852,#4853);
#4852 = CARTESIAN_POINT('',(-24.648643,-5.4398E-02,0.));
#4853 = VECTOR('',#4854,1.);
#4854 = DIRECTION('',(0.,0.,1.));
#4855 = ORIENTED_EDGE('',*,*,#2501,.T.);
#4856 = ORIENTED_EDGE('',*,*,#4816,.F.);
#4857 = ORIENTED_EDGE('',*,*,#718,.F.);
#4858 = CYLINDRICAL_SURFACE('',#4859,0.360001506455);
#4859 = AXIS2_PLACEMENT_3D('',#4860,#4861,#4862);
#4860 = CARTESIAN_POINT('',(-25.00864450645,-5.439950645135E-02,0.));
#4861 = DIRECTION('',(-0.,-0.,-1.));
#4862 = DIRECTION('',(0.999999999991,4.184569581884E-06,-0.));
#4863 = ADVANCED_FACE('',(#4864),#4875,.F.);
#4864 = FACE_BOUND('',#4865,.T.);
#4865 = EDGE_LOOP('',(#4866,#4867,#4868,#4874));
#4866 = ORIENTED_EDGE('',*,*,#4835,.T.);
#4867 = ORIENTED_EDGE('',*,*,#2535,.T.);
#4868 = ORIENTED_EDGE('',*,*,#4869,.F.);
#4869 = EDGE_CURVE('',#745,#2528,#4870,.T.);
#4870 = LINE('',#4871,#4872);
#4871 = CARTESIAN_POINT('',(-38.288643,-13.694398,0.));
#4872 = VECTOR('',#4873,1.);
#4873 = DIRECTION('',(0.,0.,1.));
#4874 = ORIENTED_EDGE('',*,*,#752,.F.);
#4875 = CYLINDRICAL_SURFACE('',#4876,0.360001506454);
#4876 = AXIS2_PLACEMENT_3D('',#4877,#4878,#4879);
#4877 = CARTESIAN_POINT('',(-38.28864149354,-13.33439649354,0.));
#4878 = DIRECTION('',(-0.,-0.,-1.));
#4879 = DIRECTION('',(-0.999999999991,-4.184569566117E-06,0.));
#4880 = ADVANCED_FACE('',(#4881),#4892,.T.);
#4881 = FACE_BOUND('',#4882,.T.);
#4882 = EDGE_LOOP('',(#4883,#4889,#4890,#4891));
#4883 = ORIENTED_EDGE('',*,*,#4884,.T.);
#4884 = EDGE_CURVE('',#728,#2511,#4885,.T.);
#4885 = LINE('',#4886,#4887);
#4886 = CARTESIAN_POINT('',(-24.648643,-13.334398,0.));
#4887 = VECTOR('',#4888,1.);
#4888 = DIRECTION('',(0.,0.,1.));
#4889 = ORIENTED_EDGE('',*,*,#2510,.T.);
#4890 = ORIENTED_EDGE('',*,*,#4850,.F.);
#4891 = ORIENTED_EDGE('',*,*,#727,.F.);
#4892 = PLANE('',#4893);
#4893 = AXIS2_PLACEMENT_3D('',#4894,#4895,#4896);
#4894 = CARTESIAN_POINT('',(-24.648643,-13.334398,0.));
#4895 = DIRECTION('',(-1.,0.,0.));
#4896 = DIRECTION('',(0.,1.,0.));
#4897 = ADVANCED_FACE('',(#4898),#4909,.T.);
#4898 = FACE_BOUND('',#4899,.T.);
#4899 = EDGE_LOOP('',(#4900,#4901,#4902,#4908));
#4900 = ORIENTED_EDGE('',*,*,#4869,.T.);
#4901 = ORIENTED_EDGE('',*,*,#2527,.T.);
#4902 = ORIENTED_EDGE('',*,*,#4903,.F.);
#4903 = EDGE_CURVE('',#736,#2519,#4904,.T.);
#4904 = LINE('',#4905,#4906);
#4905 = CARTESIAN_POINT('',(-25.008643,-13.694398,0.));
#4906 = VECTOR('',#4907,1.);
#4907 = DIRECTION('',(0.,0.,1.));
#4908 = ORIENTED_EDGE('',*,*,#744,.F.);
#4909 = PLANE('',#4910);
#4910 = AXIS2_PLACEMENT_3D('',#4911,#4912,#4913);
#4911 = CARTESIAN_POINT('',(-38.288643,-13.694398,0.));
#4912 = DIRECTION('',(0.,1.,0.));
#4913 = DIRECTION('',(1.,0.,0.));
#4914 = ADVANCED_FACE('',(#4915),#4921,.F.);
#4915 = FACE_BOUND('',#4916,.T.);
#4916 = EDGE_LOOP('',(#4917,#4918,#4919,#4920));
#4917 = ORIENTED_EDGE('',*,*,#4903,.T.);
#4918 = ORIENTED_EDGE('',*,*,#2518,.T.);
#4919 = ORIENTED_EDGE('',*,*,#4884,.F.);
#4920 = ORIENTED_EDGE('',*,*,#735,.F.);
#4921 = CYLINDRICAL_SURFACE('',#4922,0.360001506455);
#4922 = AXIS2_PLACEMENT_3D('',#4923,#4924,#4925);
#4923 = CARTESIAN_POINT('',(-25.00864450645,-13.33439649354,0.));
#4924 = DIRECTION('',(-0.,-0.,-1.));
#4925 = DIRECTION('',(4.184569575986E-06,-0.999999999991,0.));
#4926 = ADVANCED_FACE('',(#4927),#4943,.F.);
#4927 = FACE_BOUND('',#4928,.T.);
#4928 = EDGE_LOOP('',(#4929,#4935,#4936,#4942));
#4929 = ORIENTED_EDGE('',*,*,#4930,.T.);
#4930 = EDGE_CURVE('',#770,#2553,#4931,.T.);
#4931 = LINE('',#4932,#4933);
#4932 = CARTESIAN_POINT('',(-19.288643,2.305602,0.));
#4933 = VECTOR('',#4934,1.);
#4934 = DIRECTION('',(0.,0.,1.));
#4935 = ORIENTED_EDGE('',*,*,#2552,.T.);
#4936 = ORIENTED_EDGE('',*,*,#4937,.F.);
#4937 = EDGE_CURVE('',#772,#2555,#4938,.T.);
#4938 = LINE('',#4939,#4940);
#4939 = CARTESIAN_POINT('',(-19.648643,1.945602,0.));
#4940 = VECTOR('',#4941,1.);
#4941 = DIRECTION('',(0.,0.,1.));
#4942 = ORIENTED_EDGE('',*,*,#769,.F.);
#4943 = CYLINDRICAL_SURFACE('',#4944,0.360001506455);
#4944 = AXIS2_PLACEMENT_3D('',#4945,#4946,#4947);
#4945 = CARTESIAN_POINT('',(-19.28864149354,1.945600493549,0.));
#4946 = DIRECTION('',(-0.,-0.,-1.));
#4947 = DIRECTION('',(-4.184569575986E-06,0.999999999991,0.));
#4948 = ADVANCED_FACE('',(#4949),#4960,.T.);
#4949 = FACE_BOUND('',#4950,.T.);
#4950 = EDGE_LOOP('',(#4951,#4957,#4958,#4959));
#4951 = ORIENTED_EDGE('',*,*,#4952,.T.);
#4952 = EDGE_CURVE('',#781,#2564,#4953,.T.);
#4953 = LINE('',#4954,#4955);
#4954 = CARTESIAN_POINT('',(-6.008643,2.305602,0.));
#4955 = VECTOR('',#4956,1.);
#4956 = DIRECTION('',(0.,0.,1.));
#4957 = ORIENTED_EDGE('',*,*,#2563,.T.);
#4958 = ORIENTED_EDGE('',*,*,#4930,.F.);
#4959 = ORIENTED_EDGE('',*,*,#780,.F.);
#4960 = PLANE('',#4961);
#4961 = AXIS2_PLACEMENT_3D('',#4962,#4963,#4964);
#4962 = CARTESIAN_POINT('',(-6.008643,2.305602,0.));
#4963 = DIRECTION('',(0.,-1.,0.));
#4964 = DIRECTION('',(-1.,0.,0.));
#4965 = ADVANCED_FACE('',(#4966),#4977,.T.);
#4966 = FACE_BOUND('',#4967,.T.);
#4967 = EDGE_LOOP('',(#4968,#4969,#4970,#4976));
#4968 = ORIENTED_EDGE('',*,*,#4937,.T.);
#4969 = ORIENTED_EDGE('',*,*,#2614,.T.);
#4970 = ORIENTED_EDGE('',*,*,#4971,.F.);
#4971 = EDGE_CURVE('',#823,#2606,#4972,.T.);
#4972 = LINE('',#4973,#4974);
#4973 = CARTESIAN_POINT('',(-19.648643,-11.334398,0.));
#4974 = VECTOR('',#4975,1.);
#4975 = DIRECTION('',(0.,0.,1.));
#4976 = ORIENTED_EDGE('',*,*,#831,.F.);
#4977 = PLANE('',#4978);
#4978 = AXIS2_PLACEMENT_3D('',#4979,#4980,#4981);
#4979 = CARTESIAN_POINT('',(-19.648643,1.945602,0.));
#4980 = DIRECTION('',(1.,0.,-0.));
#4981 = DIRECTION('',(0.,-1.,0.));
#4982 = ADVANCED_FACE('',(#4983),#4994,.F.);
#4983 = FACE_BOUND('',#4984,.T.);
#4984 = EDGE_LOOP('',(#4985,#4991,#4992,#4993));
#4985 = ORIENTED_EDGE('',*,*,#4986,.T.);
#4986 = EDGE_CURVE('',#789,#2572,#4987,.T.);
#4987 = LINE('',#4988,#4989);
#4988 = CARTESIAN_POINT('',(-5.648643,1.945602,0.));
#4989 = VECTOR('',#4990,1.);
#4990 = DIRECTION('',(0.,0.,1.));
#4991 = ORIENTED_EDGE('',*,*,#2571,.T.);
#4992 = ORIENTED_EDGE('',*,*,#4952,.F.);
#4993 = ORIENTED_EDGE('',*,*,#788,.F.);
#4994 = CYLINDRICAL_SURFACE('',#4995,0.360001506455);
#4995 = AXIS2_PLACEMENT_3D('',#4996,#4997,#4998);
#4996 = CARTESIAN_POINT('',(-6.008644506451,1.945600493549,0.));
#4997 = DIRECTION('',(-0.,-0.,-1.));
#4998 = DIRECTION('',(0.999999999991,4.184569582771E-06,-0.));
#4999 = ADVANCED_FACE('',(#5000),#5011,.F.);
#5000 = FACE_BOUND('',#5001,.T.);
#5001 = EDGE_LOOP('',(#5002,#5003,#5004,#5010));
#5002 = ORIENTED_EDGE('',*,*,#4971,.T.);
#5003 = ORIENTED_EDGE('',*,*,#2605,.T.);
#5004 = ORIENTED_EDGE('',*,*,#5005,.F.);
#5005 = EDGE_CURVE('',#815,#2598,#5006,.T.);
#5006 = LINE('',#5007,#5008);
#5007 = CARTESIAN_POINT('',(-19.288643,-11.694398,0.));
#5008 = VECTOR('',#5009,1.);
#5009 = DIRECTION('',(0.,0.,1.));
#5010 = ORIENTED_EDGE('',*,*,#822,.F.);
#5011 = CYLINDRICAL_SURFACE('',#5012,0.360001506455);
#5012 = AXIS2_PLACEMENT_3D('',#5013,#5014,#5015);
#5013 = CARTESIAN_POINT('',(-19.28864149354,-11.33439649354,0.));
#5014 = DIRECTION('',(-0.,-0.,-1.));
#5015 = DIRECTION('',(-0.999999999991,-4.184569585855E-06,0.));
#5016 = ADVANCED_FACE('',(#5017),#5028,.T.);
#5017 = FACE_BOUND('',#5018,.T.);
#5018 = EDGE_LOOP('',(#5019,#5025,#5026,#5027));
#5019 = ORIENTED_EDGE('',*,*,#5020,.T.);
#5020 = EDGE_CURVE('',#798,#2581,#5021,.T.);
#5021 = LINE('',#5022,#5023);
#5022 = CARTESIAN_POINT('',(-5.648643,-11.334398,0.));
#5023 = VECTOR('',#5024,1.);
#5024 = DIRECTION('',(0.,0.,1.));
#5025 = ORIENTED_EDGE('',*,*,#2580,.T.);
#5026 = ORIENTED_EDGE('',*,*,#4986,.F.);
#5027 = ORIENTED_EDGE('',*,*,#797,.F.);
#5028 = PLANE('',#5029);
#5029 = AXIS2_PLACEMENT_3D('',#5030,#5031,#5032);
#5030 = CARTESIAN_POINT('',(-5.648643,-11.334398,0.));
#5031 = DIRECTION('',(-1.,0.,0.));
#5032 = DIRECTION('',(0.,1.,0.));
#5033 = ADVANCED_FACE('',(#5034),#5045,.T.);
#5034 = FACE_BOUND('',#5035,.T.);
#5035 = EDGE_LOOP('',(#5036,#5037,#5038,#5044));
#5036 = ORIENTED_EDGE('',*,*,#5005,.T.);
#5037 = ORIENTED_EDGE('',*,*,#2597,.T.);
#5038 = ORIENTED_EDGE('',*,*,#5039,.F.);
#5039 = EDGE_CURVE('',#806,#2589,#5040,.T.);
#5040 = LINE('',#5041,#5042);
#5041 = CARTESIAN_POINT('',(-6.008643,-11.694398,0.));
#5042 = VECTOR('',#5043,1.);
#5043 = DIRECTION('',(0.,0.,1.));
#5044 = ORIENTED_EDGE('',*,*,#814,.F.);
#5045 = PLANE('',#5046);
#5046 = AXIS2_PLACEMENT_3D('',#5047,#5048,#5049);
#5047 = CARTESIAN_POINT('',(-19.288643,-11.694398,0.));
#5048 = DIRECTION('',(0.,1.,0.));
#5049 = DIRECTION('',(1.,0.,0.));
#5050 = ADVANCED_FACE('',(#5051),#5057,.F.);
#5051 = FACE_BOUND('',#5052,.T.);
#5052 = EDGE_LOOP('',(#5053,#5054,#5055,#5056));
#5053 = ORIENTED_EDGE('',*,*,#5039,.T.);
#5054 = ORIENTED_EDGE('',*,*,#2588,.T.);
#5055 = ORIENTED_EDGE('',*,*,#5020,.F.);
#5056 = ORIENTED_EDGE('',*,*,#805,.F.);
#5057 = CYLINDRICAL_SURFACE('',#5058,0.360001506455);
#5058 = AXIS2_PLACEMENT_3D('',#5059,#5060,#5061);
#5059 = CARTESIAN_POINT('',(-6.008644506451,-11.33439649354,0.));
#5060 = DIRECTION('',(-0.,-0.,-1.));
#5061 = DIRECTION('',(4.184569578453E-06,-0.999999999991,0.));
#5062 = ADVANCED_FACE('',(#5063),#5079,.F.);
#5063 = FACE_BOUND('',#5064,.T.);
#5064 = EDGE_LOOP('',(#5065,#5071,#5072,#5078));
#5065 = ORIENTED_EDGE('',*,*,#5066,.T.);
#5066 = EDGE_CURVE('',#840,#2623,#5067,.T.);
#5067 = LINE('',#5068,#5069);
#5068 = CARTESIAN_POINT('',(-0.288643,5.305602,0.));
#5069 = VECTOR('',#5070,1.);
#5070 = DIRECTION('',(0.,0.,1.));
#5071 = ORIENTED_EDGE('',*,*,#2622,.T.);
#5072 = ORIENTED_EDGE('',*,*,#5073,.F.);
#5073 = EDGE_CURVE('',#842,#2625,#5074,.T.);
#5074 = LINE('',#5075,#5076);
#5075 = CARTESIAN_POINT('',(-0.648643,4.945602,0.));
#5076 = VECTOR('',#5077,1.);
#5077 = DIRECTION('',(0.,0.,1.));
#5078 = ORIENTED_EDGE('',*,*,#839,.F.);
#5079 = CYLINDRICAL_SURFACE('',#5080,0.360001506455);
#5080 = AXIS2_PLACEMENT_3D('',#5081,#5082,#5083);
#5081 = CARTESIAN_POINT('',(-0.288641493549,4.945600493549,0.));
#5082 = DIRECTION('',(-0.,-0.,-1.));
#5083 = DIRECTION('',(-4.184569581229E-06,0.999999999991,0.));
#5084 = ADVANCED_FACE('',(#5085),#5096,.T.);
#5085 = FACE_BOUND('',#5086,.T.);
#5086 = EDGE_LOOP('',(#5087,#5093,#5094,#5095));
#5087 = ORIENTED_EDGE('',*,*,#5088,.T.);
#5088 = EDGE_CURVE('',#851,#2634,#5089,.T.);
#5089 = LINE('',#5090,#5091);
#5090 = CARTESIAN_POINT('',(12.991357,5.305602,0.));
#5091 = VECTOR('',#5092,1.);
#5092 = DIRECTION('',(0.,0.,1.));
#5093 = ORIENTED_EDGE('',*,*,#2633,.T.);
#5094 = ORIENTED_EDGE('',*,*,#5066,.F.);
#5095 = ORIENTED_EDGE('',*,*,#850,.F.);
#5096 = PLANE('',#5097);
#5097 = AXIS2_PLACEMENT_3D('',#5098,#5099,#5100);
#5098 = CARTESIAN_POINT('',(12.991357,5.305602,0.));
#5099 = DIRECTION('',(0.,-1.,0.));
#5100 = DIRECTION('',(-1.,0.,0.));
#5101 = ADVANCED_FACE('',(#5102),#5113,.T.);
#5102 = FACE_BOUND('',#5103,.T.);
#5103 = EDGE_LOOP('',(#5104,#5105,#5106,#5112));
#5104 = ORIENTED_EDGE('',*,*,#5073,.T.);
#5105 = ORIENTED_EDGE('',*,*,#2684,.T.);
#5106 = ORIENTED_EDGE('',*,*,#5107,.F.);
#5107 = EDGE_CURVE('',#893,#2676,#5108,.T.);
#5108 = LINE('',#5109,#5110);
#5109 = CARTESIAN_POINT('',(-0.648643,-8.334398,0.));
#5110 = VECTOR('',#5111,1.);
#5111 = DIRECTION('',(0.,0.,1.));
#5112 = ORIENTED_EDGE('',*,*,#901,.F.);
#5113 = PLANE('',#5114);
#5114 = AXIS2_PLACEMENT_3D('',#5115,#5116,#5117);
#5115 = CARTESIAN_POINT('',(-0.648643,4.945602,0.));
#5116 = DIRECTION('',(1.,0.,-0.));
#5117 = DIRECTION('',(0.,-1.,0.));
#5118 = ADVANCED_FACE('',(#5119),#5130,.F.);
#5119 = FACE_BOUND('',#5120,.T.);
#5120 = EDGE_LOOP('',(#5121,#5127,#5128,#5129));
#5121 = ORIENTED_EDGE('',*,*,#5122,.T.);
#5122 = EDGE_CURVE('',#859,#2642,#5123,.T.);
#5123 = LINE('',#5124,#5125);
#5124 = CARTESIAN_POINT('',(13.351357,4.945602,0.));
#5125 = VECTOR('',#5126,1.);
#5126 = DIRECTION('',(0.,0.,1.));
#5127 = ORIENTED_EDGE('',*,*,#2641,.T.);
#5128 = ORIENTED_EDGE('',*,*,#5088,.F.);
#5129 = ORIENTED_EDGE('',*,*,#858,.F.);
#5130 = CYLINDRICAL_SURFACE('',#5131,0.360001506455);
#5131 = AXIS2_PLACEMENT_3D('',#5132,#5133,#5134);
#5132 = CARTESIAN_POINT('',(12.991355493549,4.945600493549,0.));
#5133 = DIRECTION('',(-0.,-0.,-1.));
#5134 = DIRECTION('',(0.999999999991,4.184569578453E-06,-0.));
#5135 = ADVANCED_FACE('',(#5136),#5147,.F.);
#5136 = FACE_BOUND('',#5137,.T.);
#5137 = EDGE_LOOP('',(#5138,#5139,#5140,#5146));
#5138 = ORIENTED_EDGE('',*,*,#5107,.T.);
#5139 = ORIENTED_EDGE('',*,*,#2675,.T.);
#5140 = ORIENTED_EDGE('',*,*,#5141,.F.);
#5141 = EDGE_CURVE('',#885,#2668,#5142,.T.);
#5142 = LINE('',#5143,#5144);
#5143 = CARTESIAN_POINT('',(-0.288643,-8.694398,0.));
#5144 = VECTOR('',#5145,1.);
#5145 = DIRECTION('',(0.,0.,1.));
#5146 = ORIENTED_EDGE('',*,*,#892,.F.);
#5147 = CYLINDRICAL_SURFACE('',#5148,0.360001506455);
#5148 = AXIS2_PLACEMENT_3D('',#5149,#5150,#5151);
#5149 = CARTESIAN_POINT('',(-0.288641493549,-8.334396493549,0.));
#5150 = DIRECTION('',(-0.,-0.,-1.));
#5151 = DIRECTION('',(-0.999999999991,-4.184569585855E-06,0.));
#5152 = ADVANCED_FACE('',(#5153),#5164,.T.);
#5153 = FACE_BOUND('',#5154,.T.);
#5154 = EDGE_LOOP('',(#5155,#5161,#5162,#5163));
#5155 = ORIENTED_EDGE('',*,*,#5156,.T.);
#5156 = EDGE_CURVE('',#868,#2651,#5157,.T.);
#5157 = LINE('',#5158,#5159);
#5158 = CARTESIAN_POINT('',(13.351357,-8.334398,0.));
#5159 = VECTOR('',#5160,1.);
#5160 = DIRECTION('',(0.,0.,1.));
#5161 = ORIENTED_EDGE('',*,*,#2650,.T.);
#5162 = ORIENTED_EDGE('',*,*,#5122,.F.);
#5163 = ORIENTED_EDGE('',*,*,#867,.F.);
#5164 = PLANE('',#5165);
#5165 = AXIS2_PLACEMENT_3D('',#5166,#5167,#5168);
#5166 = CARTESIAN_POINT('',(13.351357,-8.334398,0.));
#5167 = DIRECTION('',(-1.,0.,0.));
#5168 = DIRECTION('',(0.,1.,0.));
#5169 = ADVANCED_FACE('',(#5170),#5181,.T.);
#5170 = FACE_BOUND('',#5171,.T.);
#5171 = EDGE_LOOP('',(#5172,#5173,#5174,#5180));
#5172 = ORIENTED_EDGE('',*,*,#5141,.T.);
#5173 = ORIENTED_EDGE('',*,*,#2667,.T.);
#5174 = ORIENTED_EDGE('',*,*,#5175,.F.);
#5175 = EDGE_CURVE('',#876,#2659,#5176,.T.);
#5176 = LINE('',#5177,#5178);
#5177 = CARTESIAN_POINT('',(12.991357,-8.694398,0.));
#5178 = VECTOR('',#5179,1.);
#5179 = DIRECTION('',(0.,0.,1.));
#5180 = ORIENTED_EDGE('',*,*,#884,.F.);
#5181 = PLANE('',#5182);
#5182 = AXIS2_PLACEMENT_3D('',#5183,#5184,#5185);
#5183 = CARTESIAN_POINT('',(-0.288643,-8.694398,0.));
#5184 = DIRECTION('',(0.,1.,0.));
#5185 = DIRECTION('',(1.,0.,0.));
#5186 = ADVANCED_FACE('',(#5187),#5193,.F.);
#5187 = FACE_BOUND('',#5188,.T.);
#5188 = EDGE_LOOP('',(#5189,#5190,#5191,#5192));
#5189 = ORIENTED_EDGE('',*,*,#5175,.T.);
#5190 = ORIENTED_EDGE('',*,*,#2658,.T.);
#5191 = ORIENTED_EDGE('',*,*,#5156,.F.);
#5192 = ORIENTED_EDGE('',*,*,#875,.F.);
#5193 = CYLINDRICAL_SURFACE('',#5194,0.360001506455);
#5194 = AXIS2_PLACEMENT_3D('',#5195,#5196,#5197);
#5195 = CARTESIAN_POINT('',(12.991355493549,-8.334396493549,0.));
#5196 = DIRECTION('',(-0.,-0.,-1.));
#5197 = DIRECTION('',(4.184569585855E-06,-0.999999999991,0.));
#5198 = ADVANCED_FACE('',(#5199),#5215,.F.);
#5199 = FACE_BOUND('',#5200,.T.);
#5200 = EDGE_LOOP('',(#5201,#5207,#5208,#5214));
#5201 = ORIENTED_EDGE('',*,*,#5202,.T.);
#5202 = EDGE_CURVE('',#910,#2693,#5203,.T.);
#5203 = LINE('',#5204,#5205);
#5204 = CARTESIAN_POINT('',(18.711357,4.305602,0.));
#5205 = VECTOR('',#5206,1.);
#5206 = DIRECTION('',(0.,0.,1.));
#5207 = ORIENTED_EDGE('',*,*,#2692,.T.);
#5208 = ORIENTED_EDGE('',*,*,#5209,.F.);
#5209 = EDGE_CURVE('',#912,#2695,#5210,.T.);
#5210 = LINE('',#5211,#5212);
#5211 = CARTESIAN_POINT('',(18.351357,3.945602,0.));
#5212 = VECTOR('',#5213,1.);
#5213 = DIRECTION('',(0.,0.,1.));
#5214 = ORIENTED_EDGE('',*,*,#909,.F.);
#5215 = CYLINDRICAL_SURFACE('',#5216,0.360001506455);
#5216 = AXIS2_PLACEMENT_3D('',#5217,#5218,#5219);
#5217 = CARTESIAN_POINT('',(18.711358506451,3.945600493549,0.));
#5218 = DIRECTION('',(-0.,-0.,-1.));
#5219 = DIRECTION('',(-4.184569575986E-06,0.999999999991,0.));
#5220 = ADVANCED_FACE('',(#5221),#5232,.T.);
#5221 = FACE_BOUND('',#5222,.T.);
#5222 = EDGE_LOOP('',(#5223,#5229,#5230,#5231));
#5223 = ORIENTED_EDGE('',*,*,#5224,.T.);
#5224 = EDGE_CURVE('',#921,#2704,#5225,.T.);
#5225 = LINE('',#5226,#5227);
#5226 = CARTESIAN_POINT('',(31.991357,4.305602,0.));
#5227 = VECTOR('',#5228,1.);
#5228 = DIRECTION('',(0.,0.,1.));
#5229 = ORIENTED_EDGE('',*,*,#2703,.T.);
#5230 = ORIENTED_EDGE('',*,*,#5202,.F.);
#5231 = ORIENTED_EDGE('',*,*,#920,.F.);
#5232 = PLANE('',#5233);
#5233 = AXIS2_PLACEMENT_3D('',#5234,#5235,#5236);
#5234 = CARTESIAN_POINT('',(31.991357,4.305602,0.));
#5235 = DIRECTION('',(0.,-1.,0.));
#5236 = DIRECTION('',(-1.,0.,0.));
#5237 = ADVANCED_FACE('',(#5238),#5249,.T.);
#5238 = FACE_BOUND('',#5239,.T.);
#5239 = EDGE_LOOP('',(#5240,#5241,#5242,#5248));
#5240 = ORIENTED_EDGE('',*,*,#5209,.T.);
#5241 = ORIENTED_EDGE('',*,*,#2754,.T.);
#5242 = ORIENTED_EDGE('',*,*,#5243,.F.);
#5243 = EDGE_CURVE('',#963,#2746,#5244,.T.);
#5244 = LINE('',#5245,#5246);
#5245 = CARTESIAN_POINT('',(18.351357,-9.334398,0.));
#5246 = VECTOR('',#5247,1.);
#5247 = DIRECTION('',(0.,0.,1.));
#5248 = ORIENTED_EDGE('',*,*,#971,.F.);
#5249 = PLANE('',#5250);
#5250 = AXIS2_PLACEMENT_3D('',#5251,#5252,#5253);
#5251 = CARTESIAN_POINT('',(18.351357,3.945602,0.));
#5252 = DIRECTION('',(1.,0.,-0.));
#5253 = DIRECTION('',(0.,-1.,0.));
#5254 = ADVANCED_FACE('',(#5255),#5266,.F.);
#5255 = FACE_BOUND('',#5256,.T.);
#5256 = EDGE_LOOP('',(#5257,#5263,#5264,#5265));
#5257 = ORIENTED_EDGE('',*,*,#5258,.T.);
#5258 = EDGE_CURVE('',#929,#2712,#5259,.T.);
#5259 = LINE('',#5260,#5261);
#5260 = CARTESIAN_POINT('',(32.351357,3.945602,0.));
#5261 = VECTOR('',#5262,1.);
#5262 = DIRECTION('',(0.,0.,1.));
#5263 = ORIENTED_EDGE('',*,*,#2711,.T.);
#5264 = ORIENTED_EDGE('',*,*,#5224,.F.);
#5265 = ORIENTED_EDGE('',*,*,#928,.F.);
#5266 = CYLINDRICAL_SURFACE('',#5267,0.360001506455);
#5267 = AXIS2_PLACEMENT_3D('',#5268,#5269,#5270);
#5268 = CARTESIAN_POINT('',(31.991355493549,3.945600493549,0.));
#5269 = DIRECTION('',(-0.,-0.,-1.));
#5270 = DIRECTION('',(0.999999999991,4.184569606825E-06,-0.));
#5271 = ADVANCED_FACE('',(#5272),#5283,.F.);
#5272 = FACE_BOUND('',#5273,.T.);
#5273 = EDGE_LOOP('',(#5274,#5275,#5276,#5282));
#5274 = ORIENTED_EDGE('',*,*,#5243,.T.);
#5275 = ORIENTED_EDGE('',*,*,#2745,.T.);
#5276 = ORIENTED_EDGE('',*,*,#5277,.F.);
#5277 = EDGE_CURVE('',#955,#2738,#5278,.T.);
#5278 = LINE('',#5279,#5280);
#5279 = CARTESIAN_POINT('',(18.711357,-9.694398,0.));
#5280 = VECTOR('',#5281,1.);
#5281 = DIRECTION('',(0.,0.,1.));
#5282 = ORIENTED_EDGE('',*,*,#962,.F.);
#5283 = CYLINDRICAL_SURFACE('',#5284,0.360001506455);
#5284 = AXIS2_PLACEMENT_3D('',#5285,#5286,#5287);
#5285 = CARTESIAN_POINT('',(18.711358506451,-9.334396493549,0.));
#5286 = DIRECTION('',(-0.,-0.,-1.));
#5287 = DIRECTION('',(-0.999999999991,-4.184569585855E-06,0.));
#5288 = ADVANCED_FACE('',(#5289),#5300,.T.);
#5289 = FACE_BOUND('',#5290,.T.);
#5290 = EDGE_LOOP('',(#5291,#5297,#5298,#5299));
#5291 = ORIENTED_EDGE('',*,*,#5292,.T.);
#5292 = EDGE_CURVE('',#938,#2721,#5293,.T.);
#5293 = LINE('',#5294,#5295);
#5294 = CARTESIAN_POINT('',(32.351357,-9.334398,0.));
#5295 = VECTOR('',#5296,1.);
#5296 = DIRECTION('',(0.,0.,1.));
#5297 = ORIENTED_EDGE('',*,*,#2720,.T.);
#5298 = ORIENTED_EDGE('',*,*,#5258,.F.);
#5299 = ORIENTED_EDGE('',*,*,#937,.F.);
#5300 = PLANE('',#5301);
#5301 = AXIS2_PLACEMENT_3D('',#5302,#5303,#5304);
#5302 = CARTESIAN_POINT('',(32.351357,-9.334398,0.));
#5303 = DIRECTION('',(-1.,0.,0.));
#5304 = DIRECTION('',(0.,1.,0.));
#5305 = ADVANCED_FACE('',(#5306),#5317,.T.);
#5306 = FACE_BOUND('',#5307,.T.);
#5307 = EDGE_LOOP('',(#5308,#5309,#5310,#5316));
#5308 = ORIENTED_EDGE('',*,*,#5277,.T.);
#5309 = ORIENTED_EDGE('',*,*,#2737,.T.);
#5310 = ORIENTED_EDGE('',*,*,#5311,.F.);
#5311 = EDGE_CURVE('',#946,#2729,#5312,.T.);
#5312 = LINE('',#5313,#5314);
#5313 = CARTESIAN_POINT('',(31.991357,-9.694398,0.));
#5314 = VECTOR('',#5315,1.);
#5315 = DIRECTION('',(0.,0.,1.));
#5316 = ORIENTED_EDGE('',*,*,#954,.F.);
#5317 = PLANE('',#5318);
#5318 = AXIS2_PLACEMENT_3D('',#5319,#5320,#5321);
#5319 = CARTESIAN_POINT('',(18.711357,-9.694398,0.));
#5320 = DIRECTION('',(0.,1.,0.));
#5321 = DIRECTION('',(1.,0.,0.));
#5322 = ADVANCED_FACE('',(#5323),#5329,.F.);
#5323 = FACE_BOUND('',#5324,.T.);
#5324 = EDGE_LOOP('',(#5325,#5326,#5327,#5328));
#5325 = ORIENTED_EDGE('',*,*,#5311,.T.);
#5326 = ORIENTED_EDGE('',*,*,#2728,.T.);
#5327 = ORIENTED_EDGE('',*,*,#5292,.F.);
#5328 = ORIENTED_EDGE('',*,*,#945,.F.);
#5329 = CYLINDRICAL_SURFACE('',#5330,0.360001506455);
#5330 = AXIS2_PLACEMENT_3D('',#5331,#5332,#5333);
#5331 = CARTESIAN_POINT('',(31.991355493549,-9.334396493549,0.));
#5332 = DIRECTION('',(-0.,-0.,-1.));
#5333 = DIRECTION('',(4.18456961546E-06,-0.999999999991,0.));
#5334 = ADVANCED_FACE('',(#5335),#5351,.F.);
#5335 = FACE_BOUND('',#5336,.T.);
#5336 = EDGE_LOOP('',(#5337,#5343,#5344,#5350));
#5337 = ORIENTED_EDGE('',*,*,#5338,.T.);
#5338 = EDGE_CURVE('',#980,#2763,#5339,.T.);
#5339 = LINE('',#5340,#5341);
#5340 = CARTESIAN_POINT('',(37.711357,-5.694398,0.));
#5341 = VECTOR('',#5342,1.);
#5342 = DIRECTION('',(0.,0.,1.));
#5343 = ORIENTED_EDGE('',*,*,#2762,.T.);
#5344 = ORIENTED_EDGE('',*,*,#5345,.F.);
#5345 = EDGE_CURVE('',#982,#2765,#5346,.T.);
#5346 = LINE('',#5347,#5348);
#5347 = CARTESIAN_POINT('',(37.351357,-6.054398,0.));
#5348 = VECTOR('',#5349,1.);
#5349 = DIRECTION('',(0.,0.,1.));
#5350 = ORIENTED_EDGE('',*,*,#979,.F.);
#5351 = CYLINDRICAL_SURFACE('',#5352,0.360001506454);
#5352 = AXIS2_PLACEMENT_3D('',#5353,#5354,#5355);
#5353 = CARTESIAN_POINT('',(37.711358506451,-6.054399506451,0.));
#5354 = DIRECTION('',(-0.,-0.,-1.));
#5355 = DIRECTION('',(-4.184569566117E-06,0.999999999991,0.));
#5356 = ADVANCED_FACE('',(#5357),#5368,.T.);
#5357 = FACE_BOUND('',#5358,.T.);
#5358 = EDGE_LOOP('',(#5359,#5365,#5366,#5367));
#5359 = ORIENTED_EDGE('',*,*,#5360,.T.);
#5360 = EDGE_CURVE('',#991,#2774,#5361,.T.);
#5361 = LINE('',#5362,#5363);
#5362 = CARTESIAN_POINT('',(50.991357,-5.694398,0.));
#5363 = VECTOR('',#5364,1.);
#5364 = DIRECTION('',(0.,0.,1.));
#5365 = ORIENTED_EDGE('',*,*,#2773,.T.);
#5366 = ORIENTED_EDGE('',*,*,#5338,.F.);
#5367 = ORIENTED_EDGE('',*,*,#990,.F.);
#5368 = PLANE('',#5369);
#5369 = AXIS2_PLACEMENT_3D('',#5370,#5371,#5372);
#5370 = CARTESIAN_POINT('',(50.991357,-5.694398,0.));
#5371 = DIRECTION('',(0.,-1.,0.));
#5372 = DIRECTION('',(-1.,0.,0.));
#5373 = ADVANCED_FACE('',(#5374),#5385,.T.);
#5374 = FACE_BOUND('',#5375,.T.);
#5375 = EDGE_LOOP('',(#5376,#5377,#5378,#5384));
#5376 = ORIENTED_EDGE('',*,*,#5345,.T.);
#5377 = ORIENTED_EDGE('',*,*,#2824,.T.);
#5378 = ORIENTED_EDGE('',*,*,#5379,.F.);
#5379 = EDGE_CURVE('',#1033,#2816,#5380,.T.);
#5380 = LINE('',#5381,#5382);
#5381 = CARTESIAN_POINT('',(37.351357,-19.334398,0.));
#5382 = VECTOR('',#5383,1.);
#5383 = DIRECTION('',(0.,0.,1.));
#5384 = ORIENTED_EDGE('',*,*,#1041,.F.);
#5385 = PLANE('',#5386);
#5386 = AXIS2_PLACEMENT_3D('',#5387,#5388,#5389);
#5387 = CARTESIAN_POINT('',(37.351357,-6.054398,0.));
#5388 = DIRECTION('',(1.,0.,-0.));
#5389 = DIRECTION('',(0.,-1.,0.));
#5390 = ADVANCED_FACE('',(#5391),#5402,.F.);
#5391 = FACE_BOUND('',#5392,.T.);
#5392 = EDGE_LOOP('',(#5393,#5399,#5400,#5401));
#5393 = ORIENTED_EDGE('',*,*,#5394,.T.);
#5394 = EDGE_CURVE('',#999,#2782,#5395,.T.);
#5395 = LINE('',#5396,#5397);
#5396 = CARTESIAN_POINT('',(51.351357,-6.054398,0.));
#5397 = VECTOR('',#5398,1.);
#5398 = DIRECTION('',(0.,0.,1.));
#5399 = ORIENTED_EDGE('',*,*,#2781,.T.);
#5400 = ORIENTED_EDGE('',*,*,#5360,.F.);
#5401 = ORIENTED_EDGE('',*,*,#998,.F.);
#5402 = CYLINDRICAL_SURFACE('',#5403,0.360001506455);
#5403 = AXIS2_PLACEMENT_3D('',#5404,#5405,#5406);
#5404 = CARTESIAN_POINT('',(50.991355493549,-6.054399506451,0.));
#5405 = DIRECTION('',(-0.,-0.,-1.));
#5406 = DIRECTION('',(0.999999999991,4.184569605592E-06,-0.));
#5407 = ADVANCED_FACE('',(#5408),#5419,.F.);
#5408 = FACE_BOUND('',#5409,.T.);
#5409 = EDGE_LOOP('',(#5410,#5411,#5412,#5418));
#5410 = ORIENTED_EDGE('',*,*,#5379,.T.);
#5411 = ORIENTED_EDGE('',*,*,#2815,.T.);
#5412 = ORIENTED_EDGE('',*,*,#5413,.F.);
#5413 = EDGE_CURVE('',#1025,#2808,#5414,.T.);
#5414 = LINE('',#5415,#5416);
#5415 = CARTESIAN_POINT('',(37.711357,-19.694398,0.));
#5416 = VECTOR('',#5417,1.);
#5417 = DIRECTION('',(0.,0.,1.));
#5418 = ORIENTED_EDGE('',*,*,#1032,.F.);
#5419 = CYLINDRICAL_SURFACE('',#5420,0.360001506454);
#5420 = AXIS2_PLACEMENT_3D('',#5421,#5422,#5423);
#5421 = CARTESIAN_POINT('',(37.711358506451,-19.33439649354,0.));
#5422 = DIRECTION('',(-0.,-0.,-1.));
#5423 = DIRECTION('',(-0.999999999991,-4.184569566117E-06,0.));
#5424 = ADVANCED_FACE('',(#5425),#5436,.T.);
#5425 = FACE_BOUND('',#5426,.T.);
#5426 = EDGE_LOOP('',(#5427,#5433,#5434,#5435));
#5427 = ORIENTED_EDGE('',*,*,#5428,.T.);
#5428 = EDGE_CURVE('',#1008,#2791,#5429,.T.);
#5429 = LINE('',#5430,#5431);
#5430 = CARTESIAN_POINT('',(51.351357,-19.334398,0.));
#5431 = VECTOR('',#5432,1.);
#5432 = DIRECTION('',(0.,0.,1.));
#5433 = ORIENTED_EDGE('',*,*,#2790,.T.);
#5434 = ORIENTED_EDGE('',*,*,#5394,.F.);
#5435 = ORIENTED_EDGE('',*,*,#1007,.F.);
#5436 = PLANE('',#5437);
#5437 = AXIS2_PLACEMENT_3D('',#5438,#5439,#5440);
#5438 = CARTESIAN_POINT('',(51.351357,-19.334398,0.));
#5439 = DIRECTION('',(-1.,0.,0.));
#5440 = DIRECTION('',(0.,1.,0.));
#5441 = ADVANCED_FACE('',(#5442),#5453,.T.);
#5442 = FACE_BOUND('',#5443,.T.);
#5443 = EDGE_LOOP('',(#5444,#5445,#5446,#5452));
#5444 = ORIENTED_EDGE('',*,*,#5413,.T.);
#5445 = ORIENTED_EDGE('',*,*,#2807,.T.);
#5446 = ORIENTED_EDGE('',*,*,#5447,.F.);
#5447 = EDGE_CURVE('',#1016,#2799,#5448,.T.);
#5448 = LINE('',#5449,#5450);
#5449 = CARTESIAN_POINT('',(50.991357,-19.694398,0.));
#5450 = VECTOR('',#5451,1.);
#5451 = DIRECTION('',(0.,0.,1.));
#5452 = ORIENTED_EDGE('',*,*,#1024,.F.);
#5453 = PLANE('',#5454);
#5454 = AXIS2_PLACEMENT_3D('',#5455,#5456,#5457);
#5455 = CARTESIAN_POINT('',(37.711357,-19.694398,0.));
#5456 = DIRECTION('',(0.,1.,0.));
#5457 = DIRECTION('',(1.,0.,0.));
#5458 = ADVANCED_FACE('',(#5459),#5465,.F.);
#5459 = FACE_BOUND('',#5460,.T.);
#5460 = EDGE_LOOP('',(#5461,#5462,#5463,#5464));
#5461 = ORIENTED_EDGE('',*,*,#5447,.T.);
#5462 = ORIENTED_EDGE('',*,*,#2798,.T.);
#5463 = ORIENTED_EDGE('',*,*,#5428,.F.);
#5464 = ORIENTED_EDGE('',*,*,#1015,.F.);
#5465 = CYLINDRICAL_SURFACE('',#5466,0.360001506455);
#5466 = AXIS2_PLACEMENT_3D('',#5467,#5468,#5469);
#5467 = CARTESIAN_POINT('',(50.991355493549,-19.33439649354,0.));
#5468 = DIRECTION('',(-0.,-0.,-1.));
#5469 = DIRECTION('',(4.184569605592E-06,-0.999999999991,0.));
#5470 = ADVANCED_FACE('',(#5471),#5487,.F.);
#5471 = FACE_BOUND('',#5472,.T.);
#5472 = EDGE_LOOP('',(#5473,#5479,#5480,#5486));
#5473 = ORIENTED_EDGE('',*,*,#5474,.T.);
#5474 = EDGE_CURVE('',#1050,#2833,#5475,.T.);
#5475 = LINE('',#5476,#5477);
#5476 = CARTESIAN_POINT('',(56.711357,-0.694398,0.));
#5477 = VECTOR('',#5478,1.);
#5478 = DIRECTION('',(0.,0.,1.));
#5479 = ORIENTED_EDGE('',*,*,#2832,.T.);
#5480 = ORIENTED_EDGE('',*,*,#5481,.F.);
#5481 = EDGE_CURVE('',#1052,#2835,#5482,.T.);
#5482 = LINE('',#5483,#5484);
#5483 = CARTESIAN_POINT('',(56.351357,-1.054398,0.));
#5484 = VECTOR('',#5485,1.);
#5485 = DIRECTION('',(0.,0.,1.));
#5486 = ORIENTED_EDGE('',*,*,#1049,.F.);
#5487 = CYLINDRICAL_SURFACE('',#5488,0.360001506454);
#5488 = AXIS2_PLACEMENT_3D('',#5489,#5490,#5491);
#5489 = CARTESIAN_POINT('',(56.711358506451,-1.054399506451,0.));
#5490 = DIRECTION('',(-0.,-0.,-1.));
#5491 = DIRECTION('',(-4.184569566117E-06,0.999999999991,0.));
#5492 = ADVANCED_FACE('',(#5493),#5504,.T.);
#5493 = FACE_BOUND('',#5494,.T.);
#5494 = EDGE_LOOP('',(#5495,#5501,#5502,#5503));
#5495 = ORIENTED_EDGE('',*,*,#5496,.T.);
#5496 = EDGE_CURVE('',#1061,#2844,#5497,.T.);
#5497 = LINE('',#5498,#5499);
#5498 = CARTESIAN_POINT('',(69.991357,-0.694398,0.));
#5499 = VECTOR('',#5500,1.);
#5500 = DIRECTION('',(0.,0.,1.));
#5501 = ORIENTED_EDGE('',*,*,#2843,.T.);
#5502 = ORIENTED_EDGE('',*,*,#5474,.F.);
#5503 = ORIENTED_EDGE('',*,*,#1060,.F.);
#5504 = PLANE('',#5505);
#5505 = AXIS2_PLACEMENT_3D('',#5506,#5507,#5508);
#5506 = CARTESIAN_POINT('',(69.991357,-0.694398,0.));
#5507 = DIRECTION('',(0.,-1.,0.));
#5508 = DIRECTION('',(-1.,0.,0.));
#5509 = ADVANCED_FACE('',(#5510),#5521,.T.);
#5510 = FACE_BOUND('',#5511,.T.);
#5511 = EDGE_LOOP('',(#5512,#5513,#5514,#5520));
#5512 = ORIENTED_EDGE('',*,*,#5481,.T.);
#5513 = ORIENTED_EDGE('',*,*,#2894,.T.);
#5514 = ORIENTED_EDGE('',*,*,#5515,.F.);
#5515 = EDGE_CURVE('',#1103,#2886,#5516,.T.);
#5516 = LINE('',#5517,#5518);
#5517 = CARTESIAN_POINT('',(56.351357,-14.334398,0.));
#5518 = VECTOR('',#5519,1.);
#5519 = DIRECTION('',(0.,0.,1.));
#5520 = ORIENTED_EDGE('',*,*,#1111,.F.);
#5521 = PLANE('',#5522);
#5522 = AXIS2_PLACEMENT_3D('',#5523,#5524,#5525);
#5523 = CARTESIAN_POINT('',(56.351357,-1.054398,0.));
#5524 = DIRECTION('',(1.,0.,-0.));
#5525 = DIRECTION('',(0.,-1.,0.));
#5526 = ADVANCED_FACE('',(#5527),#5538,.F.);
#5527 = FACE_BOUND('',#5528,.T.);
#5528 = EDGE_LOOP('',(#5529,#5535,#5536,#5537));
#5529 = ORIENTED_EDGE('',*,*,#5530,.T.);
#5530 = EDGE_CURVE('',#1069,#2852,#5531,.T.);
#5531 = LINE('',#5532,#5533);
#5532 = CARTESIAN_POINT('',(70.351357,-1.054398,0.));
#5533 = VECTOR('',#5534,1.);
#5534 = DIRECTION('',(0.,0.,1.));
#5535 = ORIENTED_EDGE('',*,*,#2851,.T.);
#5536 = ORIENTED_EDGE('',*,*,#5496,.F.);
#5537 = ORIENTED_EDGE('',*,*,#1068,.F.);
#5538 = CYLINDRICAL_SURFACE('',#5539,0.360001506454);
#5539 = AXIS2_PLACEMENT_3D('',#5540,#5541,#5542);
#5540 = CARTESIAN_POINT('',(69.991355493549,-1.054399506451,0.));
#5541 = DIRECTION('',(-0.,-0.,-1.));
#5542 = DIRECTION('',(0.999999999991,4.184569556249E-06,-0.));
#5543 = ADVANCED_FACE('',(#5544),#5555,.F.);
#5544 = FACE_BOUND('',#5545,.T.);
#5545 = EDGE_LOOP('',(#5546,#5547,#5548,#5554));
#5546 = ORIENTED_EDGE('',*,*,#5515,.T.);
#5547 = ORIENTED_EDGE('',*,*,#2885,.T.);
#5548 = ORIENTED_EDGE('',*,*,#5549,.F.);
#5549 = EDGE_CURVE('',#1095,#2878,#5550,.T.);
#5550 = LINE('',#5551,#5552);
#5551 = CARTESIAN_POINT('',(56.711357,-14.694398,0.));
#5552 = VECTOR('',#5553,1.);
#5553 = DIRECTION('',(0.,0.,1.));
#5554 = ORIENTED_EDGE('',*,*,#1102,.F.);
#5555 = CYLINDRICAL_SURFACE('',#5556,0.360001506454);
#5556 = AXIS2_PLACEMENT_3D('',#5557,#5558,#5559);
#5557 = CARTESIAN_POINT('',(56.711358506451,-14.33439649354,0.));
#5558 = DIRECTION('',(-0.,-0.,-1.));
#5559 = DIRECTION('',(-0.999999999991,-4.184569566117E-06,0.));
#5560 = ADVANCED_FACE('',(#5561),#5572,.T.);
#5561 = FACE_BOUND('',#5562,.T.);
#5562 = EDGE_LOOP('',(#5563,#5569,#5570,#5571));
#5563 = ORIENTED_EDGE('',*,*,#5564,.T.);
#5564 = EDGE_CURVE('',#1078,#2861,#5565,.T.);
#5565 = LINE('',#5566,#5567);
#5566 = CARTESIAN_POINT('',(70.351357,-14.334398,0.));
#5567 = VECTOR('',#5568,1.);
#5568 = DIRECTION('',(0.,0.,1.));
#5569 = ORIENTED_EDGE('',*,*,#2860,.T.);
#5570 = ORIENTED_EDGE('',*,*,#5530,.F.);
#5571 = ORIENTED_EDGE('',*,*,#1077,.F.);
#5572 = PLANE('',#5573);
#5573 = AXIS2_PLACEMENT_3D('',#5574,#5575,#5576);
#5574 = CARTESIAN_POINT('',(70.351357,-14.334398,0.));
#5575 = DIRECTION('',(-1.,0.,0.));
#5576 = DIRECTION('',(0.,1.,0.));
#5577 = ADVANCED_FACE('',(#5578),#5589,.T.);
#5578 = FACE_BOUND('',#5579,.T.);
#5579 = EDGE_LOOP('',(#5580,#5581,#5582,#5588));
#5580 = ORIENTED_EDGE('',*,*,#5549,.T.);
#5581 = ORIENTED_EDGE('',*,*,#2877,.T.);
#5582 = ORIENTED_EDGE('',*,*,#5583,.F.);
#5583 = EDGE_CURVE('',#1086,#2869,#5584,.T.);
#5584 = LINE('',#5585,#5586);
#5585 = CARTESIAN_POINT('',(69.991357,-14.694398,0.));
#5586 = VECTOR('',#5587,1.);
#5587 = DIRECTION('',(0.,0.,1.));
#5588 = ORIENTED_EDGE('',*,*,#1094,.F.);
#5589 = PLANE('',#5590);
#5590 = AXIS2_PLACEMENT_3D('',#5591,#5592,#5593);
#5591 = CARTESIAN_POINT('',(56.711357,-14.694398,0.));
#5592 = DIRECTION('',(0.,1.,0.));
#5593 = DIRECTION('',(1.,0.,0.));
#5594 = ADVANCED_FACE('',(#5595),#5601,.F.);
#5595 = FACE_BOUND('',#5596,.T.);
#5596 = EDGE_LOOP('',(#5597,#5598,#5599,#5600));
#5597 = ORIENTED_EDGE('',*,*,#5583,.T.);
#5598 = ORIENTED_EDGE('',*,*,#2868,.T.);
#5599 = ORIENTED_EDGE('',*,*,#5564,.F.);
#5600 = ORIENTED_EDGE('',*,*,#1085,.F.);
#5601 = CYLINDRICAL_SURFACE('',#5602,0.360001506454);
#5602 = AXIS2_PLACEMENT_3D('',#5603,#5604,#5605);
#5603 = CARTESIAN_POINT('',(69.991355493549,-14.33439649354,0.));
#5604 = DIRECTION('',(-0.,-0.,-1.));
#5605 = DIRECTION('',(4.18456954638E-06,-0.999999999991,0.));
#5606 = ADVANCED_FACE('',(#5607),#5623,.F.);
#5607 = FACE_BOUND('',#5608,.T.);
#5608 = EDGE_LOOP('',(#5609,#5615,#5616,#5622));
#5609 = ORIENTED_EDGE('',*,*,#5610,.T.);
#5610 = EDGE_CURVE('',#1120,#2903,#5611,.T.);
#5611 = LINE('',#5612,#5613);
#5612 = CARTESIAN_POINT('',(-38.288643,19.305602,0.));
#5613 = VECTOR('',#5614,1.);
#5614 = DIRECTION('',(0.,0.,1.));
#5615 = ORIENTED_EDGE('',*,*,#2902,.T.);
#5616 = ORIENTED_EDGE('',*,*,#5617,.F.);
#5617 = EDGE_CURVE('',#1122,#2905,#5618,.T.);
#5618 = LINE('',#5619,#5620);
#5619 = CARTESIAN_POINT('',(-38.648643,18.945602,0.));
#5620 = VECTOR('',#5621,1.);
#5621 = DIRECTION('',(0.,0.,1.));
#5622 = ORIENTED_EDGE('',*,*,#1119,.F.);
#5623 = CYLINDRICAL_SURFACE('',#5624,0.360001506454);
#5624 = AXIS2_PLACEMENT_3D('',#5625,#5626,#5627);
#5625 = CARTESIAN_POINT('',(-38.28864149354,18.945600493549,0.));
#5626 = DIRECTION('',(-0.,-0.,-1.));
#5627 = DIRECTION('',(-4.184569566117E-06,0.999999999991,0.));
#5628 = ADVANCED_FACE('',(#5629),#5640,.T.);
#5629 = FACE_BOUND('',#5630,.T.);
#5630 = EDGE_LOOP('',(#5631,#5637,#5638,#5639));
#5631 = ORIENTED_EDGE('',*,*,#5632,.T.);
#5632 = EDGE_CURVE('',#1131,#2914,#5633,.T.);
#5633 = LINE('',#5634,#5635);
#5634 = CARTESIAN_POINT('',(-25.008643,19.305602,0.));
#5635 = VECTOR('',#5636,1.);
#5636 = DIRECTION('',(0.,0.,1.));
#5637 = ORIENTED_EDGE('',*,*,#2913,.T.);
#5638 = ORIENTED_EDGE('',*,*,#5610,.F.);
#5639 = ORIENTED_EDGE('',*,*,#1130,.F.);
#5640 = PLANE('',#5641);
#5641 = AXIS2_PLACEMENT_3D('',#5642,#5643,#5644);
#5642 = CARTESIAN_POINT('',(-25.008643,19.305602,0.));
#5643 = DIRECTION('',(0.,-1.,0.));
#5644 = DIRECTION('',(-1.,0.,0.));
#5645 = ADVANCED_FACE('',(#5646),#5657,.T.);
#5646 = FACE_BOUND('',#5647,.T.);
#5647 = EDGE_LOOP('',(#5648,#5649,#5650,#5656));
#5648 = ORIENTED_EDGE('',*,*,#5617,.T.);
#5649 = ORIENTED_EDGE('',*,*,#2964,.T.);
#5650 = ORIENTED_EDGE('',*,*,#5651,.F.);
#5651 = EDGE_CURVE('',#1173,#2956,#5652,.T.);
#5652 = LINE('',#5653,#5654);
#5653 = CARTESIAN_POINT('',(-38.648643,5.665602,0.));
#5654 = VECTOR('',#5655,1.);
#5655 = DIRECTION('',(0.,0.,1.));
#5656 = ORIENTED_EDGE('',*,*,#1181,.F.);
#5657 = PLANE('',#5658);
#5658 = AXIS2_PLACEMENT_3D('',#5659,#5660,#5661);
#5659 = CARTESIAN_POINT('',(-38.648643,18.945602,0.));
#5660 = DIRECTION('',(1.,0.,-0.));
#5661 = DIRECTION('',(0.,-1.,0.));
#5662 = ADVANCED_FACE('',(#5663),#5674,.F.);
#5663 = FACE_BOUND('',#5664,.T.);
#5664 = EDGE_LOOP('',(#5665,#5671,#5672,#5673));
#5665 = ORIENTED_EDGE('',*,*,#5666,.T.);
#5666 = EDGE_CURVE('',#1139,#2922,#5667,.T.);
#5667 = LINE('',#5668,#5669);
#5668 = CARTESIAN_POINT('',(-24.648643,18.945602,0.));
#5669 = VECTOR('',#5670,1.);
#5670 = DIRECTION('',(0.,0.,1.));
#5671 = ORIENTED_EDGE('',*,*,#2921,.T.);
#5672 = ORIENTED_EDGE('',*,*,#5632,.F.);
#5673 = ORIENTED_EDGE('',*,*,#1138,.F.);
#5674 = CYLINDRICAL_SURFACE('',#5675,0.360001506455);
#5675 = AXIS2_PLACEMENT_3D('',#5676,#5677,#5678);
#5676 = CARTESIAN_POINT('',(-25.00864450645,18.945600493549,0.));
#5677 = DIRECTION('',(-0.,-0.,-1.));
#5678 = DIRECTION('',(0.999999999991,4.184569575986E-06,-0.));
#5679 = ADVANCED_FACE('',(#5680),#5691,.F.);
#5680 = FACE_BOUND('',#5681,.T.);
#5681 = EDGE_LOOP('',(#5682,#5683,#5684,#5690));
#5682 = ORIENTED_EDGE('',*,*,#5651,.T.);
#5683 = ORIENTED_EDGE('',*,*,#2955,.T.);
#5684 = ORIENTED_EDGE('',*,*,#5685,.F.);
#5685 = EDGE_CURVE('',#1165,#2948,#5686,.T.);
#5686 = LINE('',#5687,#5688);
#5687 = CARTESIAN_POINT('',(-38.288643,5.305602,0.));
#5688 = VECTOR('',#5689,1.);
#5689 = DIRECTION('',(0.,0.,1.));
#5690 = ORIENTED_EDGE('',*,*,#1172,.F.);
#5691 = CYLINDRICAL_SURFACE('',#5692,0.360001506454);
#5692 = AXIS2_PLACEMENT_3D('',#5693,#5694,#5695);
#5693 = CARTESIAN_POINT('',(-38.28864149354,5.665603506451,0.));
#5694 = DIRECTION('',(-0.,-0.,-1.));
#5695 = DIRECTION('',(-0.999999999991,-4.184569566117E-06,0.));
#5696 = ADVANCED_FACE('',(#5697),#5708,.T.);
#5697 = FACE_BOUND('',#5698,.T.);
#5698 = EDGE_LOOP('',(#5699,#5705,#5706,#5707));
#5699 = ORIENTED_EDGE('',*,*,#5700,.T.);
#5700 = EDGE_CURVE('',#1148,#2931,#5701,.T.);
#5701 = LINE('',#5702,#5703);
#5702 = CARTESIAN_POINT('',(-24.648643,5.665602,0.));
#5703 = VECTOR('',#5704,1.);
#5704 = DIRECTION('',(0.,0.,1.));
#5705 = ORIENTED_EDGE('',*,*,#2930,.T.);
#5706 = ORIENTED_EDGE('',*,*,#5666,.F.);
#5707 = ORIENTED_EDGE('',*,*,#1147,.F.);
#5708 = PLANE('',#5709);
#5709 = AXIS2_PLACEMENT_3D('',#5710,#5711,#5712);
#5710 = CARTESIAN_POINT('',(-24.648643,5.665602,0.));
#5711 = DIRECTION('',(-1.,0.,0.));
#5712 = DIRECTION('',(0.,1.,0.));
#5713 = ADVANCED_FACE('',(#5714),#5725,.T.);
#5714 = FACE_BOUND('',#5715,.T.);
#5715 = EDGE_LOOP('',(#5716,#5717,#5718,#5724));
#5716 = ORIENTED_EDGE('',*,*,#5685,.T.);
#5717 = ORIENTED_EDGE('',*,*,#2947,.T.);
#5718 = ORIENTED_EDGE('',*,*,#5719,.F.);
#5719 = EDGE_CURVE('',#1156,#2939,#5720,.T.);
#5720 = LINE('',#5721,#5722);
#5721 = CARTESIAN_POINT('',(-25.008643,5.305602,0.));
#5722 = VECTOR('',#5723,1.);
#5723 = DIRECTION('',(0.,0.,1.));
#5724 = ORIENTED_EDGE('',*,*,#1164,.F.);
#5725 = PLANE('',#5726);
#5726 = AXIS2_PLACEMENT_3D('',#5727,#5728,#5729);
#5727 = CARTESIAN_POINT('',(-38.288643,5.305602,0.));
#5728 = DIRECTION('',(0.,1.,0.));
#5729 = DIRECTION('',(1.,0.,0.));
#5730 = ADVANCED_FACE('',(#5731),#5737,.F.);
#5731 = FACE_BOUND('',#5732,.T.);
#5732 = EDGE_LOOP('',(#5733,#5734,#5735,#5736));
#5733 = ORIENTED_EDGE('',*,*,#5719,.T.);
#5734 = ORIENTED_EDGE('',*,*,#2938,.T.);
#5735 = ORIENTED_EDGE('',*,*,#5700,.F.);
#5736 = ORIENTED_EDGE('',*,*,#1155,.F.);
#5737 = CYLINDRICAL_SURFACE('',#5738,0.360001506455);
#5738 = AXIS2_PLACEMENT_3D('',#5739,#5740,#5741);
#5739 = CARTESIAN_POINT('',(-25.00864450645,5.665603506451,0.));
#5740 = DIRECTION('',(-0.,-0.,-1.));
#5741 = DIRECTION('',(4.184569575986E-06,-0.999999999991,0.));
#5742 = ADVANCED_FACE('',(#5743),#5759,.F.);
#5743 = FACE_BOUND('',#5744,.T.);
#5744 = EDGE_LOOP('',(#5745,#5751,#5752,#5758));
#5745 = ORIENTED_EDGE('',*,*,#5746,.T.);
#5746 = EDGE_CURVE('',#1190,#2973,#5747,.T.);
#5747 = LINE('',#5748,#5749);
#5748 = CARTESIAN_POINT('',(-19.288643,21.305602,0.));
#5749 = VECTOR('',#5750,1.);
#5750 = DIRECTION('',(0.,0.,1.));
#5751 = ORIENTED_EDGE('',*,*,#2972,.T.);
#5752 = ORIENTED_EDGE('',*,*,#5753,.F.);
#5753 = EDGE_CURVE('',#1192,#2975,#5754,.T.);
#5754 = LINE('',#5755,#5756);
#5755 = CARTESIAN_POINT('',(-19.648643,20.945602,0.));
#5756 = VECTOR('',#5757,1.);
#5757 = DIRECTION('',(0.,0.,1.));
#5758 = ORIENTED_EDGE('',*,*,#1189,.F.);
#5759 = CYLINDRICAL_SURFACE('',#5760,0.360001506455);
#5760 = AXIS2_PLACEMENT_3D('',#5761,#5762,#5763);
#5761 = CARTESIAN_POINT('',(-19.28864149354,20.945600493549,0.));
#5762 = DIRECTION('',(-0.,-0.,-1.));
#5763 = DIRECTION('',(-4.184569575986E-06,0.999999999991,0.));
#5764 = ADVANCED_FACE('',(#5765),#5776,.T.);
#5765 = FACE_BOUND('',#5766,.T.);
#5766 = EDGE_LOOP('',(#5767,#5773,#5774,#5775));
#5767 = ORIENTED_EDGE('',*,*,#5768,.T.);
#5768 = EDGE_CURVE('',#1201,#2984,#5769,.T.);
#5769 = LINE('',#5770,#5771);
#5770 = CARTESIAN_POINT('',(-6.008643,21.305602,0.));
#5771 = VECTOR('',#5772,1.);
#5772 = DIRECTION('',(0.,0.,1.));
#5773 = ORIENTED_EDGE('',*,*,#2983,.T.);
#5774 = ORIENTED_EDGE('',*,*,#5746,.F.);
#5775 = ORIENTED_EDGE('',*,*,#1200,.F.);
#5776 = PLANE('',#5777);
#5777 = AXIS2_PLACEMENT_3D('',#5778,#5779,#5780);
#5778 = CARTESIAN_POINT('',(-6.008643,21.305602,0.));
#5779 = DIRECTION('',(0.,-1.,0.));
#5780 = DIRECTION('',(-1.,0.,0.));
#5781 = ADVANCED_FACE('',(#5782),#5793,.T.);
#5782 = FACE_BOUND('',#5783,.T.);
#5783 = EDGE_LOOP('',(#5784,#5785,#5786,#5792));
#5784 = ORIENTED_EDGE('',*,*,#5753,.T.);
#5785 = ORIENTED_EDGE('',*,*,#3034,.T.);
#5786 = ORIENTED_EDGE('',*,*,#5787,.F.);
#5787 = EDGE_CURVE('',#1243,#3026,#5788,.T.);
#5788 = LINE('',#5789,#5790);
#5789 = CARTESIAN_POINT('',(-19.648643,7.665602,0.));
#5790 = VECTOR('',#5791,1.);
#5791 = DIRECTION('',(0.,0.,1.));
#5792 = ORIENTED_EDGE('',*,*,#1251,.F.);
#5793 = PLANE('',#5794);
#5794 = AXIS2_PLACEMENT_3D('',#5795,#5796,#5797);
#5795 = CARTESIAN_POINT('',(-19.648643,20.945602,0.));
#5796 = DIRECTION('',(1.,0.,-0.));
#5797 = DIRECTION('',(0.,-1.,0.));
#5798 = ADVANCED_FACE('',(#5799),#5810,.F.);
#5799 = FACE_BOUND('',#5800,.T.);
#5800 = EDGE_LOOP('',(#5801,#5807,#5808,#5809));
#5801 = ORIENTED_EDGE('',*,*,#5802,.T.);
#5802 = EDGE_CURVE('',#1209,#2992,#5803,.T.);
#5803 = LINE('',#5804,#5805);
#5804 = CARTESIAN_POINT('',(-5.648643,20.945602,0.));
#5805 = VECTOR('',#5806,1.);
#5806 = DIRECTION('',(0.,0.,1.));
#5807 = ORIENTED_EDGE('',*,*,#2991,.T.);
#5808 = ORIENTED_EDGE('',*,*,#5768,.F.);
#5809 = ORIENTED_EDGE('',*,*,#1208,.F.);
#5810 = CYLINDRICAL_SURFACE('',#5811,0.360001506455);
#5811 = AXIS2_PLACEMENT_3D('',#5812,#5813,#5814);
#5812 = CARTESIAN_POINT('',(-6.008644506451,20.945600493549,0.));
#5813 = DIRECTION('',(-0.,-0.,-1.));
#5814 = DIRECTION('',(0.999999999991,4.184569575986E-06,-0.));
#5815 = ADVANCED_FACE('',(#5816),#5827,.F.);
#5816 = FACE_BOUND('',#5817,.T.);
#5817 = EDGE_LOOP('',(#5818,#5819,#5820,#5826));
#5818 = ORIENTED_EDGE('',*,*,#5787,.T.);
#5819 = ORIENTED_EDGE('',*,*,#3025,.T.);
#5820 = ORIENTED_EDGE('',*,*,#5821,.F.);
#5821 = EDGE_CURVE('',#1235,#3018,#5822,.T.);
#5822 = LINE('',#5823,#5824);
#5823 = CARTESIAN_POINT('',(-19.288643,7.305602,0.));
#5824 = VECTOR('',#5825,1.);
#5825 = DIRECTION('',(0.,0.,1.));
#5826 = ORIENTED_EDGE('',*,*,#1242,.F.);
#5827 = CYLINDRICAL_SURFACE('',#5828,0.360001506455);
#5828 = AXIS2_PLACEMENT_3D('',#5829,#5830,#5831);
#5829 = CARTESIAN_POINT('',(-19.28864149354,7.665603506451,0.));
#5830 = DIRECTION('',(-0.,-0.,-1.));
#5831 = DIRECTION('',(-0.999999999991,-4.184569583387E-06,0.));
#5832 = ADVANCED_FACE('',(#5833),#5844,.T.);
#5833 = FACE_BOUND('',#5834,.T.);
#5834 = EDGE_LOOP('',(#5835,#5841,#5842,#5843));
#5835 = ORIENTED_EDGE('',*,*,#5836,.T.);
#5836 = EDGE_CURVE('',#1218,#3001,#5837,.T.);
#5837 = LINE('',#5838,#5839);
#5838 = CARTESIAN_POINT('',(-5.648643,7.665602,0.));
#5839 = VECTOR('',#5840,1.);
#5840 = DIRECTION('',(0.,0.,1.));
#5841 = ORIENTED_EDGE('',*,*,#3000,.T.);
#5842 = ORIENTED_EDGE('',*,*,#5802,.F.);
#5843 = ORIENTED_EDGE('',*,*,#1217,.F.);
#5844 = PLANE('',#5845);
#5845 = AXIS2_PLACEMENT_3D('',#5846,#5847,#5848);
#5846 = CARTESIAN_POINT('',(-5.648643,7.665602,0.));
#5847 = DIRECTION('',(-1.,0.,0.));
#5848 = DIRECTION('',(0.,1.,0.));
#5849 = ADVANCED_FACE('',(#5850),#5861,.T.);
#5850 = FACE_BOUND('',#5851,.T.);
#5851 = EDGE_LOOP('',(#5852,#5853,#5854,#5860));
#5852 = ORIENTED_EDGE('',*,*,#5821,.T.);
#5853 = ORIENTED_EDGE('',*,*,#3017,.T.);
#5854 = ORIENTED_EDGE('',*,*,#5855,.F.);
#5855 = EDGE_CURVE('',#1226,#3009,#5856,.T.);
#5856 = LINE('',#5857,#5858);
#5857 = CARTESIAN_POINT('',(-6.008643,7.305602,0.));
#5858 = VECTOR('',#5859,1.);
#5859 = DIRECTION('',(0.,0.,1.));
#5860 = ORIENTED_EDGE('',*,*,#1234,.F.);
#5861 = PLANE('',#5862);
#5862 = AXIS2_PLACEMENT_3D('',#5863,#5864,#5865);
#5863 = CARTESIAN_POINT('',(-19.288643,7.305602,0.));
#5864 = DIRECTION('',(0.,1.,0.));
#5865 = DIRECTION('',(1.,0.,0.));
#5866 = ADVANCED_FACE('',(#5867),#5873,.F.);
#5867 = FACE_BOUND('',#5868,.T.);
#5868 = EDGE_LOOP('',(#5869,#5870,#5871,#5872));
#5869 = ORIENTED_EDGE('',*,*,#5855,.T.);
#5870 = ORIENTED_EDGE('',*,*,#3008,.T.);
#5871 = ORIENTED_EDGE('',*,*,#5836,.F.);
#5872 = ORIENTED_EDGE('',*,*,#1225,.F.);
#5873 = CYLINDRICAL_SURFACE('',#5874,0.360001506455);
#5874 = AXIS2_PLACEMENT_3D('',#5875,#5876,#5877);
#5875 = CARTESIAN_POINT('',(-6.008644506451,7.665603506451,0.));
#5876 = DIRECTION('',(-0.,-0.,-1.));
#5877 = DIRECTION('',(4.184569578453E-06,-0.999999999991,0.));
#5878 = ADVANCED_FACE('',(#5879),#5890,.F.);
#5879 = FACE_BOUND('',#5880,.T.);
#5880 = EDGE_LOOP('',(#5881,#5882,#5888,#5889));
#5881 = ORIENTED_EDGE('',*,*,#1259,.T.);
#5882 = ORIENTED_EDGE('',*,*,#5883,.T.);
#5883 = EDGE_CURVE('',#1260,#3043,#5884,.T.);
#5884 = LINE('',#5885,#5886);
#5885 = CARTESIAN_POINT('',(-22.648643,20.705602,-4.6E-02));
#5886 = VECTOR('',#5887,1.);
#5887 = DIRECTION('',(0.,0.,1.));
#5888 = ORIENTED_EDGE('',*,*,#3042,.F.);
#5889 = ORIENTED_EDGE('',*,*,#5883,.F.);
#5890 = CYLINDRICAL_SURFACE('',#5891,1.1);
#5891 = AXIS2_PLACEMENT_3D('',#5892,#5893,#5894);
#5892 = CARTESIAN_POINT('',(-22.648643,21.805602,-4.6E-02));
#5893 = DIRECTION('',(-0.,-0.,-1.));
#5894 = DIRECTION('',(-0.,-1.,0.));
#5895 = ADVANCED_FACE('',(#5896),#5912,.F.);
#5896 = FACE_BOUND('',#5897,.T.);
#5897 = EDGE_LOOP('',(#5898,#5904,#5905,#5911));
#5898 = ORIENTED_EDGE('',*,*,#5899,.T.);
#5899 = EDGE_CURVE('',#1271,#3054,#5900,.T.);
#5900 = LINE('',#5901,#5902);
#5901 = CARTESIAN_POINT('',(-38.288643,38.305602,0.));
#5902 = VECTOR('',#5903,1.);
#5903 = DIRECTION('',(0.,0.,1.));
#5904 = ORIENTED_EDGE('',*,*,#3053,.T.);
#5905 = ORIENTED_EDGE('',*,*,#5906,.F.);
#5906 = EDGE_CURVE('',#1273,#3056,#5907,.T.);
#5907 = LINE('',#5908,#5909);
#5908 = CARTESIAN_POINT('',(-38.648643,37.945602,0.));
#5909 = VECTOR('',#5910,1.);
#5910 = DIRECTION('',(0.,0.,1.));
#5911 = ORIENTED_EDGE('',*,*,#1270,.F.);
#5912 = CYLINDRICAL_SURFACE('',#5913,0.360001506455);
#5913 = AXIS2_PLACEMENT_3D('',#5914,#5915,#5916);
#5914 = CARTESIAN_POINT('',(-38.28864149354,37.945600493549,0.));
#5915 = DIRECTION('',(-0.,-0.,-1.));
#5916 = DIRECTION('',(-4.184569585854E-06,0.999999999991,0.));
#5917 = ADVANCED_FACE('',(#5918),#5929,.T.);
#5918 = FACE_BOUND('',#5919,.T.);
#5919 = EDGE_LOOP('',(#5920,#5926,#5927,#5928));
#5920 = ORIENTED_EDGE('',*,*,#5921,.T.);
#5921 = EDGE_CURVE('',#1282,#3065,#5922,.T.);
#5922 = LINE('',#5923,#5924);
#5923 = CARTESIAN_POINT('',(-25.008643,38.305602,0.));
#5924 = VECTOR('',#5925,1.);
#5925 = DIRECTION('',(0.,0.,1.));
#5926 = ORIENTED_EDGE('',*,*,#3064,.T.);
#5927 = ORIENTED_EDGE('',*,*,#5899,.F.);
#5928 = ORIENTED_EDGE('',*,*,#1281,.F.);
#5929 = PLANE('',#5930);
#5930 = AXIS2_PLACEMENT_3D('',#5931,#5932,#5933);
#5931 = CARTESIAN_POINT('',(-25.008643,38.305602,0.));
#5932 = DIRECTION('',(0.,-1.,0.));
#5933 = DIRECTION('',(-1.,0.,0.));
#5934 = ADVANCED_FACE('',(#5935),#5946,.T.);
#5935 = FACE_BOUND('',#5936,.T.);
#5936 = EDGE_LOOP('',(#5937,#5938,#5939,#5945));
#5937 = ORIENTED_EDGE('',*,*,#5906,.T.);
#5938 = ORIENTED_EDGE('',*,*,#3115,.T.);
#5939 = ORIENTED_EDGE('',*,*,#5940,.F.);
#5940 = EDGE_CURVE('',#1324,#3107,#5941,.T.);
#5941 = LINE('',#5942,#5943);
#5942 = CARTESIAN_POINT('',(-38.648643,24.665602,0.));
#5943 = VECTOR('',#5944,1.);
#5944 = DIRECTION('',(0.,0.,1.));
#5945 = ORIENTED_EDGE('',*,*,#1332,.F.);
#5946 = PLANE('',#5947);
#5947 = AXIS2_PLACEMENT_3D('',#5948,#5949,#5950);
#5948 = CARTESIAN_POINT('',(-38.648643,37.945602,0.));
#5949 = DIRECTION('',(1.,0.,-0.));
#5950 = DIRECTION('',(0.,-1.,0.));
#5951 = ADVANCED_FACE('',(#5952),#5963,.F.);
#5952 = FACE_BOUND('',#5953,.T.);
#5953 = EDGE_LOOP('',(#5954,#5960,#5961,#5962));
#5954 = ORIENTED_EDGE('',*,*,#5955,.T.);
#5955 = EDGE_CURVE('',#1290,#3073,#5956,.T.);
#5956 = LINE('',#5957,#5958);
#5957 = CARTESIAN_POINT('',(-24.648643,37.945602,0.));
#5958 = VECTOR('',#5959,1.);
#5959 = DIRECTION('',(0.,0.,1.));
#5960 = ORIENTED_EDGE('',*,*,#3072,.T.);
#5961 = ORIENTED_EDGE('',*,*,#5921,.F.);
#5962 = ORIENTED_EDGE('',*,*,#1289,.F.);
#5963 = CYLINDRICAL_SURFACE('',#5964,0.360001506455);
#5964 = AXIS2_PLACEMENT_3D('',#5965,#5966,#5967);
#5965 = CARTESIAN_POINT('',(-25.00864450645,37.945600493549,0.));
#5966 = DIRECTION('',(-0.,-0.,-1.));
#5967 = DIRECTION('',(0.999999999991,4.184569605592E-06,-0.));
#5968 = ADVANCED_FACE('',(#5969),#5980,.F.);
#5969 = FACE_BOUND('',#5970,.T.);
#5970 = EDGE_LOOP('',(#5971,#5972,#5973,#5979));
#5971 = ORIENTED_EDGE('',*,*,#5940,.T.);
#5972 = ORIENTED_EDGE('',*,*,#3106,.T.);
#5973 = ORIENTED_EDGE('',*,*,#5974,.F.);
#5974 = EDGE_CURVE('',#1316,#3099,#5975,.T.);
#5975 = LINE('',#5976,#5977);
#5976 = CARTESIAN_POINT('',(-38.288643,24.305602,0.));
#5977 = VECTOR('',#5978,1.);
#5978 = DIRECTION('',(0.,0.,1.));
#5979 = ORIENTED_EDGE('',*,*,#1323,.F.);
#5980 = CYLINDRICAL_SURFACE('',#5981,0.360001506454);
#5981 = AXIS2_PLACEMENT_3D('',#5982,#5983,#5984);
#5982 = CARTESIAN_POINT('',(-38.28864149354,24.665603506451,0.));
#5983 = DIRECTION('',(-0.,-0.,-1.));
#5984 = DIRECTION('',(-0.999999999991,-4.184569566117E-06,0.));
#5985 = ADVANCED_FACE('',(#5986),#5997,.T.);
#5986 = FACE_BOUND('',#5987,.T.);
#5987 = EDGE_LOOP('',(#5988,#5994,#5995,#5996));
#5988 = ORIENTED_EDGE('',*,*,#5989,.T.);
#5989 = EDGE_CURVE('',#1299,#3082,#5990,.T.);
#5990 = LINE('',#5991,#5992);
#5991 = CARTESIAN_POINT('',(-24.648643,24.665602,0.));
#5992 = VECTOR('',#5993,1.);
#5993 = DIRECTION('',(0.,0.,1.));
#5994 = ORIENTED_EDGE('',*,*,#3081,.T.);
#5995 = ORIENTED_EDGE('',*,*,#5955,.F.);
#5996 = ORIENTED_EDGE('',*,*,#1298,.F.);
#5997 = PLANE('',#5998);
#5998 = AXIS2_PLACEMENT_3D('',#5999,#6000,#6001);
#5999 = CARTESIAN_POINT('',(-24.648643,24.665602,0.));
#6000 = DIRECTION('',(-1.,0.,0.));
#6001 = DIRECTION('',(0.,1.,0.));
#6002 = ADVANCED_FACE('',(#6003),#6014,.T.);
#6003 = FACE_BOUND('',#6004,.T.);
#6004 = EDGE_LOOP('',(#6005,#6006,#6007,#6013));
#6005 = ORIENTED_EDGE('',*,*,#5974,.T.);
#6006 = ORIENTED_EDGE('',*,*,#3098,.T.);
#6007 = ORIENTED_EDGE('',*,*,#6008,.F.);
#6008 = EDGE_CURVE('',#1307,#3090,#6009,.T.);
#6009 = LINE('',#6010,#6011);
#6010 = CARTESIAN_POINT('',(-25.008643,24.305602,0.));
#6011 = VECTOR('',#6012,1.);
#6012 = DIRECTION('',(0.,0.,1.));
#6013 = ORIENTED_EDGE('',*,*,#1315,.F.);
#6014 = PLANE('',#6015);
#6015 = AXIS2_PLACEMENT_3D('',#6016,#6017,#6018);
#6016 = CARTESIAN_POINT('',(-38.288643,24.305602,0.));
#6017 = DIRECTION('',(0.,1.,0.));
#6018 = DIRECTION('',(1.,0.,0.));
#6019 = ADVANCED_FACE('',(#6020),#6026,.F.);
#6020 = FACE_BOUND('',#6021,.T.);
#6021 = EDGE_LOOP('',(#6022,#6023,#6024,#6025));
#6022 = ORIENTED_EDGE('',*,*,#6008,.T.);
#6023 = ORIENTED_EDGE('',*,*,#3089,.T.);
#6024 = ORIENTED_EDGE('',*,*,#5989,.F.);
#6025 = ORIENTED_EDGE('',*,*,#1306,.F.);
#6026 = CYLINDRICAL_SURFACE('',#6027,0.360001506455);
#6027 = AXIS2_PLACEMENT_3D('',#6028,#6029,#6030);
#6028 = CARTESIAN_POINT('',(-25.00864450645,24.665603506451,0.));
#6029 = DIRECTION('',(-0.,-0.,-1.));
#6030 = DIRECTION('',(4.184569575986E-06,-0.999999999991,0.));
#6031 = ADVANCED_FACE('',(#6032),#6048,.F.);
#6032 = FACE_BOUND('',#6033,.T.);
#6033 = EDGE_LOOP('',(#6034,#6040,#6041,#6047));
#6034 = ORIENTED_EDGE('',*,*,#6035,.T.);
#6035 = EDGE_CURVE('',#1341,#3124,#6036,.T.);
#6036 = LINE('',#6037,#6038);
#6037 = CARTESIAN_POINT('',(-19.288643,40.305602,0.));
#6038 = VECTOR('',#6039,1.);
#6039 = DIRECTION('',(0.,0.,1.));
#6040 = ORIENTED_EDGE('',*,*,#3123,.T.);
#6041 = ORIENTED_EDGE('',*,*,#6042,.F.);
#6042 = EDGE_CURVE('',#1343,#3126,#6043,.T.);
#6043 = LINE('',#6044,#6045);
#6044 = CARTESIAN_POINT('',(-19.648643,39.945602,0.));
#6045 = VECTOR('',#6046,1.);
#6046 = DIRECTION('',(0.,0.,1.));
#6047 = ORIENTED_EDGE('',*,*,#1340,.F.);
#6048 = CYLINDRICAL_SURFACE('',#6049,0.360001506455);
#6049 = AXIS2_PLACEMENT_3D('',#6050,#6051,#6052);
#6050 = CARTESIAN_POINT('',(-19.28864149354,39.945600493549,0.));
#6051 = DIRECTION('',(-0.,-0.,-1.));
#6052 = DIRECTION('',(-4.184569605592E-06,0.999999999991,0.));
#6053 = ADVANCED_FACE('',(#6054),#6065,.T.);
#6054 = FACE_BOUND('',#6055,.T.);
#6055 = EDGE_LOOP('',(#6056,#6062,#6063,#6064));
#6056 = ORIENTED_EDGE('',*,*,#6057,.T.);
#6057 = EDGE_CURVE('',#1352,#3135,#6058,.T.);
#6058 = LINE('',#6059,#6060);
#6059 = CARTESIAN_POINT('',(-6.008643,40.305602,0.));
#6060 = VECTOR('',#6061,1.);
#6061 = DIRECTION('',(0.,0.,1.));
#6062 = ORIENTED_EDGE('',*,*,#3134,.T.);
#6063 = ORIENTED_EDGE('',*,*,#6035,.F.);
#6064 = ORIENTED_EDGE('',*,*,#1351,.F.);
#6065 = PLANE('',#6066);
#6066 = AXIS2_PLACEMENT_3D('',#6067,#6068,#6069);
#6067 = CARTESIAN_POINT('',(-6.008643,40.305602,0.));
#6068 = DIRECTION('',(0.,-1.,0.));
#6069 = DIRECTION('',(-1.,0.,0.));
#6070 = ADVANCED_FACE('',(#6071),#6082,.T.);
#6071 = FACE_BOUND('',#6072,.T.);
#6072 = EDGE_LOOP('',(#6073,#6074,#6075,#6081));
#6073 = ORIENTED_EDGE('',*,*,#6042,.T.);
#6074 = ORIENTED_EDGE('',*,*,#3185,.T.);
#6075 = ORIENTED_EDGE('',*,*,#6076,.F.);
#6076 = EDGE_CURVE('',#1394,#3177,#6077,.T.);
#6077 = LINE('',#6078,#6079);
#6078 = CARTESIAN_POINT('',(-19.648643,26.665602,0.));
#6079 = VECTOR('',#6080,1.);
#6080 = DIRECTION('',(0.,0.,1.));
#6081 = ORIENTED_EDGE('',*,*,#1402,.F.);
#6082 = PLANE('',#6083);
#6083 = AXIS2_PLACEMENT_3D('',#6084,#6085,#6086);
#6084 = CARTESIAN_POINT('',(-19.648643,39.945602,0.));
#6085 = DIRECTION('',(1.,0.,-0.));
#6086 = DIRECTION('',(0.,-1.,0.));
#6087 = ADVANCED_FACE('',(#6088),#6099,.F.);
#6088 = FACE_BOUND('',#6089,.T.);
#6089 = EDGE_LOOP('',(#6090,#6096,#6097,#6098));
#6090 = ORIENTED_EDGE('',*,*,#6091,.T.);
#6091 = EDGE_CURVE('',#1360,#3143,#6092,.T.);
#6092 = LINE('',#6093,#6094);
#6093 = CARTESIAN_POINT('',(-5.648643,39.945602,0.));
#6094 = VECTOR('',#6095,1.);
#6095 = DIRECTION('',(0.,0.,1.));
#6096 = ORIENTED_EDGE('',*,*,#3142,.T.);
#6097 = ORIENTED_EDGE('',*,*,#6057,.F.);
#6098 = ORIENTED_EDGE('',*,*,#1359,.F.);
#6099 = CYLINDRICAL_SURFACE('',#6100,0.360001506455);
#6100 = AXIS2_PLACEMENT_3D('',#6101,#6102,#6103);
#6101 = CARTESIAN_POINT('',(-6.008644506451,39.945600493549,0.));
#6102 = DIRECTION('',(-0.,-0.,-1.));
#6103 = DIRECTION('',(0.999999999991,4.184569605592E-06,-0.));
#6104 = ADVANCED_FACE('',(#6105),#6116,.F.);
#6105 = FACE_BOUND('',#6106,.T.);
#6106 = EDGE_LOOP('',(#6107,#6108,#6109,#6115));
#6107 = ORIENTED_EDGE('',*,*,#6076,.T.);
#6108 = ORIENTED_EDGE('',*,*,#3176,.T.);
#6109 = ORIENTED_EDGE('',*,*,#6110,.F.);
#6110 = EDGE_CURVE('',#1386,#3169,#6111,.T.);
#6111 = LINE('',#6112,#6113);
#6112 = CARTESIAN_POINT('',(-19.288643,26.305602,0.));
#6113 = VECTOR('',#6114,1.);
#6114 = DIRECTION('',(0.,0.,1.));
#6115 = ORIENTED_EDGE('',*,*,#1393,.F.);
#6116 = CYLINDRICAL_SURFACE('',#6117,0.360001506455);
#6117 = AXIS2_PLACEMENT_3D('',#6118,#6119,#6120);
#6118 = CARTESIAN_POINT('',(-19.28864149354,26.665603506451,0.));
#6119 = DIRECTION('',(-0.,-0.,-1.));
#6120 = DIRECTION('',(-0.999999999991,-4.184569575986E-06,0.));
#6121 = ADVANCED_FACE('',(#6122),#6133,.T.);
#6122 = FACE_BOUND('',#6123,.T.);
#6123 = EDGE_LOOP('',(#6124,#6130,#6131,#6132));
#6124 = ORIENTED_EDGE('',*,*,#6125,.T.);
#6125 = EDGE_CURVE('',#1369,#3152,#6126,.T.);
#6126 = LINE('',#6127,#6128);
#6127 = CARTESIAN_POINT('',(-5.648643,26.665602,0.));
#6128 = VECTOR('',#6129,1.);
#6129 = DIRECTION('',(0.,0.,1.));
#6130 = ORIENTED_EDGE('',*,*,#3151,.T.);
#6131 = ORIENTED_EDGE('',*,*,#6091,.F.);
#6132 = ORIENTED_EDGE('',*,*,#1368,.F.);
#6133 = PLANE('',#6134);
#6134 = AXIS2_PLACEMENT_3D('',#6135,#6136,#6137);
#6135 = CARTESIAN_POINT('',(-5.648643,26.665602,0.));
#6136 = DIRECTION('',(-1.,0.,0.));
#6137 = DIRECTION('',(0.,1.,0.));
#6138 = ADVANCED_FACE('',(#6139),#6150,.T.);
#6139 = FACE_BOUND('',#6140,.T.);
#6140 = EDGE_LOOP('',(#6141,#6142,#6143,#6149));
#6141 = ORIENTED_EDGE('',*,*,#6110,.T.);
#6142 = ORIENTED_EDGE('',*,*,#3168,.T.);
#6143 = ORIENTED_EDGE('',*,*,#6144,.F.);
#6144 = EDGE_CURVE('',#1377,#3160,#6145,.T.);
#6145 = LINE('',#6146,#6147);
#6146 = CARTESIAN_POINT('',(-6.008643,26.305602,0.));
#6147 = VECTOR('',#6148,1.);
#6148 = DIRECTION('',(0.,0.,1.));
#6149 = ORIENTED_EDGE('',*,*,#1385,.F.);
#6150 = PLANE('',#6151);
#6151 = AXIS2_PLACEMENT_3D('',#6152,#6153,#6154);
#6152 = CARTESIAN_POINT('',(-19.288643,26.305602,0.));
#6153 = DIRECTION('',(0.,1.,0.));
#6154 = DIRECTION('',(1.,0.,0.));
#6155 = ADVANCED_FACE('',(#6156),#6162,.F.);
#6156 = FACE_BOUND('',#6157,.T.);
#6157 = EDGE_LOOP('',(#6158,#6159,#6160,#6161));
#6158 = ORIENTED_EDGE('',*,*,#6144,.T.);
#6159 = ORIENTED_EDGE('',*,*,#3159,.T.);
#6160 = ORIENTED_EDGE('',*,*,#6125,.F.);
#6161 = ORIENTED_EDGE('',*,*,#1376,.F.);
#6162 = CYLINDRICAL_SURFACE('',#6163,0.360001506455);
#6163 = AXIS2_PLACEMENT_3D('',#6164,#6165,#6166);
#6164 = CARTESIAN_POINT('',(-6.008644506451,26.665603506451,0.));
#6165 = DIRECTION('',(-0.,-0.,-1.));
#6166 = DIRECTION('',(4.184569578453E-06,-0.999999999991,0.));
#6167 = ADVANCED_FACE('',(#6168),#6184,.F.);
#6168 = FACE_BOUND('',#6169,.T.);
#6169 = EDGE_LOOP('',(#6170,#6176,#6177,#6183));
#6170 = ORIENTED_EDGE('',*,*,#6171,.T.);
#6171 = EDGE_CURVE('',#1411,#3194,#6172,.T.);
#6172 = LINE('',#6173,#6174);
#6173 = CARTESIAN_POINT('',(-0.288643,24.305602,0.));
#6174 = VECTOR('',#6175,1.);
#6175 = DIRECTION('',(0.,0.,1.));
#6176 = ORIENTED_EDGE('',*,*,#3193,.T.);
#6177 = ORIENTED_EDGE('',*,*,#6178,.F.);
#6178 = EDGE_CURVE('',#1413,#3196,#6179,.T.);
#6179 = LINE('',#6180,#6181);
#6180 = CARTESIAN_POINT('',(-0.648643,23.945602,0.));
#6181 = VECTOR('',#6182,1.);
#6182 = DIRECTION('',(0.,0.,1.));
#6183 = ORIENTED_EDGE('',*,*,#1410,.F.);
#6184 = CYLINDRICAL_SURFACE('',#6185,0.360001506455);
#6185 = AXIS2_PLACEMENT_3D('',#6186,#6187,#6188);
#6186 = CARTESIAN_POINT('',(-0.288641493549,23.945600493549,0.));
#6187 = DIRECTION('',(-0.,-0.,-1.));
#6188 = DIRECTION('',(-4.184569581845E-06,0.999999999991,0.));
#6189 = ADVANCED_FACE('',(#6190),#6201,.T.);
#6190 = FACE_BOUND('',#6191,.T.);
#6191 = EDGE_LOOP('',(#6192,#6198,#6199,#6200));
#6192 = ORIENTED_EDGE('',*,*,#6193,.T.);
#6193 = EDGE_CURVE('',#1422,#3205,#6194,.T.);
#6194 = LINE('',#6195,#6196);
#6195 = CARTESIAN_POINT('',(12.991357,24.305602,0.));
#6196 = VECTOR('',#6197,1.);
#6197 = DIRECTION('',(0.,0.,1.));
#6198 = ORIENTED_EDGE('',*,*,#3204,.T.);
#6199 = ORIENTED_EDGE('',*,*,#6171,.F.);
#6200 = ORIENTED_EDGE('',*,*,#1421,.F.);
#6201 = PLANE('',#6202);
#6202 = AXIS2_PLACEMENT_3D('',#6203,#6204,#6205);
#6203 = CARTESIAN_POINT('',(12.991357,24.305602,0.));
#6204 = DIRECTION('',(0.,-1.,0.));
#6205 = DIRECTION('',(-1.,0.,0.));
#6206 = ADVANCED_FACE('',(#6207),#6218,.T.);
#6207 = FACE_BOUND('',#6208,.T.);
#6208 = EDGE_LOOP('',(#6209,#6210,#6211,#6217));
#6209 = ORIENTED_EDGE('',*,*,#6178,.T.);
#6210 = ORIENTED_EDGE('',*,*,#3255,.T.);
#6211 = ORIENTED_EDGE('',*,*,#6212,.F.);
#6212 = EDGE_CURVE('',#1464,#3247,#6213,.T.);
#6213 = LINE('',#6214,#6215);
#6214 = CARTESIAN_POINT('',(-0.648643,10.665602,0.));
#6215 = VECTOR('',#6216,1.);
#6216 = DIRECTION('',(0.,0.,1.));
#6217 = ORIENTED_EDGE('',*,*,#1472,.F.);
#6218 = PLANE('',#6219);
#6219 = AXIS2_PLACEMENT_3D('',#6220,#6221,#6222);
#6220 = CARTESIAN_POINT('',(-0.648643,23.945602,0.));
#6221 = DIRECTION('',(1.,0.,-0.));
#6222 = DIRECTION('',(0.,-1.,0.));
#6223 = ADVANCED_FACE('',(#6224),#6235,.F.);
#6224 = FACE_BOUND('',#6225,.T.);
#6225 = EDGE_LOOP('',(#6226,#6232,#6233,#6234));
#6226 = ORIENTED_EDGE('',*,*,#6227,.T.);
#6227 = EDGE_CURVE('',#1430,#3213,#6228,.T.);
#6228 = LINE('',#6229,#6230);
#6229 = CARTESIAN_POINT('',(13.351357,23.945602,0.));
#6230 = VECTOR('',#6231,1.);
#6231 = DIRECTION('',(0.,0.,1.));
#6232 = ORIENTED_EDGE('',*,*,#3212,.T.);
#6233 = ORIENTED_EDGE('',*,*,#6193,.F.);
#6234 = ORIENTED_EDGE('',*,*,#1429,.F.);
#6235 = CYLINDRICAL_SURFACE('',#6236,0.360001506455);
#6236 = AXIS2_PLACEMENT_3D('',#6237,#6238,#6239);
#6237 = CARTESIAN_POINT('',(12.991355493549,23.945600493549,0.));
#6238 = DIRECTION('',(-0.,-0.,-1.));
#6239 = DIRECTION('',(0.999999999991,4.184569575986E-06,-0.));
#6240 = ADVANCED_FACE('',(#6241),#6252,.F.);
#6241 = FACE_BOUND('',#6242,.T.);
#6242 = EDGE_LOOP('',(#6243,#6244,#6245,#6251));
#6243 = ORIENTED_EDGE('',*,*,#6212,.T.);
#6244 = ORIENTED_EDGE('',*,*,#3246,.T.);
#6245 = ORIENTED_EDGE('',*,*,#6246,.F.);
#6246 = EDGE_CURVE('',#1456,#3239,#6247,.T.);
#6247 = LINE('',#6248,#6249);
#6248 = CARTESIAN_POINT('',(-0.288643,10.305602,0.));
#6249 = VECTOR('',#6250,1.);
#6250 = DIRECTION('',(0.,0.,1.));
#6251 = ORIENTED_EDGE('',*,*,#1463,.F.);
#6252 = CYLINDRICAL_SURFACE('',#6253,0.360001506455);
#6253 = AXIS2_PLACEMENT_3D('',#6254,#6255,#6256);
#6254 = CARTESIAN_POINT('',(-0.288641493549,10.665603506451,0.));
#6255 = DIRECTION('',(-0.,-0.,-1.));
#6256 = DIRECTION('',(-0.999999999991,-4.184569585855E-06,0.));
#6257 = ADVANCED_FACE('',(#6258),#6269,.T.);
#6258 = FACE_BOUND('',#6259,.T.);
#6259 = EDGE_LOOP('',(#6260,#6266,#6267,#6268));
#6260 = ORIENTED_EDGE('',*,*,#6261,.T.);
#6261 = EDGE_CURVE('',#1439,#3222,#6262,.T.);
#6262 = LINE('',#6263,#6264);
#6263 = CARTESIAN_POINT('',(13.351357,10.665602,0.));
#6264 = VECTOR('',#6265,1.);
#6265 = DIRECTION('',(0.,0.,1.));
#6266 = ORIENTED_EDGE('',*,*,#3221,.T.);
#6267 = ORIENTED_EDGE('',*,*,#6227,.F.);
#6268 = ORIENTED_EDGE('',*,*,#1438,.F.);
#6269 = PLANE('',#6270);
#6270 = AXIS2_PLACEMENT_3D('',#6271,#6272,#6273);
#6271 = CARTESIAN_POINT('',(13.351357,10.665602,0.));
#6272 = DIRECTION('',(-1.,0.,0.));
#6273 = DIRECTION('',(0.,1.,0.));
#6274 = ADVANCED_FACE('',(#6275),#6286,.T.);
#6275 = FACE_BOUND('',#6276,.T.);
#6276 = EDGE_LOOP('',(#6277,#6278,#6279,#6285));
#6277 = ORIENTED_EDGE('',*,*,#6246,.T.);
#6278 = ORIENTED_EDGE('',*,*,#3238,.T.);
#6279 = ORIENTED_EDGE('',*,*,#6280,.F.);
#6280 = EDGE_CURVE('',#1447,#3230,#6281,.T.);
#6281 = LINE('',#6282,#6283);
#6282 = CARTESIAN_POINT('',(12.991357,10.305602,0.));
#6283 = VECTOR('',#6284,1.);
#6284 = DIRECTION('',(0.,0.,1.));
#6285 = ORIENTED_EDGE('',*,*,#1455,.F.);
#6286 = PLANE('',#6287);
#6287 = AXIS2_PLACEMENT_3D('',#6288,#6289,#6290);
#6288 = CARTESIAN_POINT('',(-0.288643,10.305602,0.));
#6289 = DIRECTION('',(0.,1.,0.));
#6290 = DIRECTION('',(1.,0.,0.));
#6291 = ADVANCED_FACE('',(#6292),#6298,.F.);
#6292 = FACE_BOUND('',#6293,.T.);
#6293 = EDGE_LOOP('',(#6294,#6295,#6296,#6297));
#6294 = ORIENTED_EDGE('',*,*,#6280,.T.);
#6295 = ORIENTED_EDGE('',*,*,#3229,.T.);
#6296 = ORIENTED_EDGE('',*,*,#6261,.F.);
#6297 = ORIENTED_EDGE('',*,*,#1446,.F.);
#6298 = CYLINDRICAL_SURFACE('',#6299,0.360001506455);
#6299 = AXIS2_PLACEMENT_3D('',#6300,#6301,#6302);
#6300 = CARTESIAN_POINT('',(12.991355493549,10.665603506451,0.));
#6301 = DIRECTION('',(-0.,-0.,-1.));
#6302 = DIRECTION('',(4.184569585855E-06,-0.999999999991,0.));
#6303 = ADVANCED_FACE('',(#6304),#6320,.F.);
#6304 = FACE_BOUND('',#6305,.T.);
#6305 = EDGE_LOOP('',(#6306,#6312,#6313,#6319));
#6306 = ORIENTED_EDGE('',*,*,#6307,.T.);
#6307 = EDGE_CURVE('',#1481,#3264,#6308,.T.);
#6308 = LINE('',#6309,#6310);
#6309 = CARTESIAN_POINT('',(18.711357,23.305602,0.));
#6310 = VECTOR('',#6311,1.);
#6311 = DIRECTION('',(0.,0.,1.));
#6312 = ORIENTED_EDGE('',*,*,#3263,.T.);
#6313 = ORIENTED_EDGE('',*,*,#6314,.F.);
#6314 = EDGE_CURVE('',#1483,#3266,#6315,.T.);
#6315 = LINE('',#6316,#6317);
#6316 = CARTESIAN_POINT('',(18.351357,22.945602,0.));
#6317 = VECTOR('',#6318,1.);
#6318 = DIRECTION('',(0.,0.,1.));
#6319 = ORIENTED_EDGE('',*,*,#1480,.F.);
#6320 = CYLINDRICAL_SURFACE('',#6321,0.360001506455);
#6321 = AXIS2_PLACEMENT_3D('',#6322,#6323,#6324);
#6322 = CARTESIAN_POINT('',(18.711358506451,22.945600493549,0.));
#6323 = DIRECTION('',(-0.,-0.,-1.));
#6324 = DIRECTION('',(-4.184569575986E-06,0.999999999991,0.));
#6325 = ADVANCED_FACE('',(#6326),#6337,.T.);
#6326 = FACE_BOUND('',#6327,.T.);
#6327 = EDGE_LOOP('',(#6328,#6334,#6335,#6336));
#6328 = ORIENTED_EDGE('',*,*,#6329,.T.);
#6329 = EDGE_CURVE('',#1492,#3275,#6330,.T.);
#6330 = LINE('',#6331,#6332);
#6331 = CARTESIAN_POINT('',(31.991357,23.305602,0.));
#6332 = VECTOR('',#6333,1.);
#6333 = DIRECTION('',(0.,0.,1.));
#6334 = ORIENTED_EDGE('',*,*,#3274,.T.);
#6335 = ORIENTED_EDGE('',*,*,#6307,.F.);
#6336 = ORIENTED_EDGE('',*,*,#1491,.F.);
#6337 = PLANE('',#6338);
#6338 = AXIS2_PLACEMENT_3D('',#6339,#6340,#6341);
#6339 = CARTESIAN_POINT('',(31.991357,23.305602,0.));
#6340 = DIRECTION('',(0.,-1.,0.));
#6341 = DIRECTION('',(-1.,0.,0.));
#6342 = ADVANCED_FACE('',(#6343),#6354,.T.);
#6343 = FACE_BOUND('',#6344,.T.);
#6344 = EDGE_LOOP('',(#6345,#6346,#6347,#6353));
#6345 = ORIENTED_EDGE('',*,*,#6314,.T.);
#6346 = ORIENTED_EDGE('',*,*,#3325,.T.);
#6347 = ORIENTED_EDGE('',*,*,#6348,.F.);
#6348 = EDGE_CURVE('',#1534,#3317,#6349,.T.);
#6349 = LINE('',#6350,#6351);
#6350 = CARTESIAN_POINT('',(18.351357,9.665602,0.));
#6351 = VECTOR('',#6352,1.);
#6352 = DIRECTION('',(0.,0.,1.));
#6353 = ORIENTED_EDGE('',*,*,#1542,.F.);
#6354 = PLANE('',#6355);
#6355 = AXIS2_PLACEMENT_3D('',#6356,#6357,#6358);
#6356 = CARTESIAN_POINT('',(18.351357,22.945602,0.));
#6357 = DIRECTION('',(1.,0.,-0.));
#6358 = DIRECTION('',(0.,-1.,0.));
#6359 = ADVANCED_FACE('',(#6360),#6371,.F.);
#6360 = FACE_BOUND('',#6361,.T.);
#6361 = EDGE_LOOP('',(#6362,#6368,#6369,#6370));
#6362 = ORIENTED_EDGE('',*,*,#6363,.T.);
#6363 = EDGE_CURVE('',#1500,#3283,#6364,.T.);
#6364 = LINE('',#6365,#6366);
#6365 = CARTESIAN_POINT('',(32.351357,22.945602,0.));
#6366 = VECTOR('',#6367,1.);
#6367 = DIRECTION('',(0.,0.,1.));
#6368 = ORIENTED_EDGE('',*,*,#3282,.T.);
#6369 = ORIENTED_EDGE('',*,*,#6329,.F.);
#6370 = ORIENTED_EDGE('',*,*,#1499,.F.);
#6371 = CYLINDRICAL_SURFACE('',#6372,0.360001506455);
#6372 = AXIS2_PLACEMENT_3D('',#6373,#6374,#6375);
#6373 = CARTESIAN_POINT('',(31.991355493549,22.945600493549,0.));
#6374 = DIRECTION('',(-0.,-0.,-1.));
#6375 = DIRECTION('',(0.999999999991,4.184569605592E-06,-0.));
#6376 = ADVANCED_FACE('',(#6377),#6388,.F.);
#6377 = FACE_BOUND('',#6378,.T.);
#6378 = EDGE_LOOP('',(#6379,#6380,#6381,#6387));
#6379 = ORIENTED_EDGE('',*,*,#6348,.T.);
#6380 = ORIENTED_EDGE('',*,*,#3316,.T.);
#6381 = ORIENTED_EDGE('',*,*,#6382,.F.);
#6382 = EDGE_CURVE('',#1526,#3309,#6383,.T.);
#6383 = LINE('',#6384,#6385);
#6384 = CARTESIAN_POINT('',(18.711357,9.305602,0.));
#6385 = VECTOR('',#6386,1.);
#6386 = DIRECTION('',(0.,0.,1.));
#6387 = ORIENTED_EDGE('',*,*,#1533,.F.);
#6388 = CYLINDRICAL_SURFACE('',#6389,0.360001506455);
#6389 = AXIS2_PLACEMENT_3D('',#6390,#6391,#6392);
#6390 = CARTESIAN_POINT('',(18.711358506451,9.665603506451,0.));
#6391 = DIRECTION('',(-0.,-0.,-1.));
#6392 = DIRECTION('',(-0.999999999991,-4.184569585855E-06,0.));
#6393 = ADVANCED_FACE('',(#6394),#6405,.T.);
#6394 = FACE_BOUND('',#6395,.T.);
#6395 = EDGE_LOOP('',(#6396,#6402,#6403,#6404));
#6396 = ORIENTED_EDGE('',*,*,#6397,.T.);
#6397 = EDGE_CURVE('',#1509,#3292,#6398,.T.);
#6398 = LINE('',#6399,#6400);
#6399 = CARTESIAN_POINT('',(32.351357,9.665602,0.));
#6400 = VECTOR('',#6401,1.);
#6401 = DIRECTION('',(0.,0.,1.));
#6402 = ORIENTED_EDGE('',*,*,#3291,.T.);
#6403 = ORIENTED_EDGE('',*,*,#6363,.F.);
#6404 = ORIENTED_EDGE('',*,*,#1508,.F.);
#6405 = PLANE('',#6406);
#6406 = AXIS2_PLACEMENT_3D('',#6407,#6408,#6409);
#6407 = CARTESIAN_POINT('',(32.351357,9.665602,0.));
#6408 = DIRECTION('',(-1.,0.,0.));
#6409 = DIRECTION('',(0.,1.,0.));
#6410 = ADVANCED_FACE('',(#6411),#6422,.T.);
#6411 = FACE_BOUND('',#6412,.T.);
#6412 = EDGE_LOOP('',(#6413,#6414,#6415,#6421));
#6413 = ORIENTED_EDGE('',*,*,#6382,.T.);
#6414 = ORIENTED_EDGE('',*,*,#3308,.T.);
#6415 = ORIENTED_EDGE('',*,*,#6416,.F.);
#6416 = EDGE_CURVE('',#1517,#3300,#6417,.T.);
#6417 = LINE('',#6418,#6419);
#6418 = CARTESIAN_POINT('',(31.991357,9.305602,0.));
#6419 = VECTOR('',#6420,1.);
#6420 = DIRECTION('',(0.,0.,1.));
#6421 = ORIENTED_EDGE('',*,*,#1525,.F.);
#6422 = PLANE('',#6423);
#6423 = AXIS2_PLACEMENT_3D('',#6424,#6425,#6426);
#6424 = CARTESIAN_POINT('',(18.711357,9.305602,0.));
#6425 = DIRECTION('',(0.,1.,0.));
#6426 = DIRECTION('',(1.,0.,0.));
#6427 = ADVANCED_FACE('',(#6428),#6434,.F.);
#6428 = FACE_BOUND('',#6429,.T.);
#6429 = EDGE_LOOP('',(#6430,#6431,#6432,#6433));
#6430 = ORIENTED_EDGE('',*,*,#6416,.T.);
#6431 = ORIENTED_EDGE('',*,*,#3299,.T.);
#6432 = ORIENTED_EDGE('',*,*,#6397,.F.);
#6433 = ORIENTED_EDGE('',*,*,#1516,.F.);
#6434 = CYLINDRICAL_SURFACE('',#6435,0.360001506455);
#6435 = AXIS2_PLACEMENT_3D('',#6436,#6437,#6438);
#6436 = CARTESIAN_POINT('',(31.991355493549,9.665603506451,0.));
#6437 = DIRECTION('',(-0.,-0.,-1.));
#6438 = DIRECTION('',(4.18456961546E-06,-0.999999999991,0.));
#6439 = ADVANCED_FACE('',(#6440),#6456,.F.);
#6440 = FACE_BOUND('',#6441,.T.);
#6441 = EDGE_LOOP('',(#6442,#6448,#6449,#6455));
#6442 = ORIENTED_EDGE('',*,*,#6443,.T.);
#6443 = EDGE_CURVE('',#1551,#3334,#6444,.T.);
#6444 = LINE('',#6445,#6446);
#6445 = CARTESIAN_POINT('',(37.711357,13.305602,0.));
#6446 = VECTOR('',#6447,1.);
#6447 = DIRECTION('',(0.,0.,1.));
#6448 = ORIENTED_EDGE('',*,*,#3333,.T.);
#6449 = ORIENTED_EDGE('',*,*,#6450,.F.);
#6450 = EDGE_CURVE('',#1553,#3336,#6451,.T.);
#6451 = LINE('',#6452,#6453);
#6452 = CARTESIAN_POINT('',(37.351357,12.945602,0.));
#6453 = VECTOR('',#6454,1.);
#6454 = DIRECTION('',(0.,0.,1.));
#6455 = ORIENTED_EDGE('',*,*,#1550,.F.);
#6456 = CYLINDRICAL_SURFACE('',#6457,0.360001506454);
#6457 = AXIS2_PLACEMENT_3D('',#6458,#6459,#6460);
#6458 = CARTESIAN_POINT('',(37.711358506451,12.945600493549,0.));
#6459 = DIRECTION('',(-0.,-0.,-1.));
#6460 = DIRECTION('',(-4.184569566117E-06,0.999999999991,0.));
#6461 = ADVANCED_FACE('',(#6462),#6473,.T.);
#6462 = FACE_BOUND('',#6463,.T.);
#6463 = EDGE_LOOP('',(#6464,#6470,#6471,#6472));
#6464 = ORIENTED_EDGE('',*,*,#6465,.T.);
#6465 = EDGE_CURVE('',#1562,#3345,#6466,.T.);
#6466 = LINE('',#6467,#6468);
#6467 = CARTESIAN_POINT('',(50.991357,13.305602,0.));
#6468 = VECTOR('',#6469,1.);
#6469 = DIRECTION('',(0.,0.,1.));
#6470 = ORIENTED_EDGE('',*,*,#3344,.T.);
#6471 = ORIENTED_EDGE('',*,*,#6443,.F.);
#6472 = ORIENTED_EDGE('',*,*,#1561,.F.);
#6473 = PLANE('',#6474);
#6474 = AXIS2_PLACEMENT_3D('',#6475,#6476,#6477);
#6475 = CARTESIAN_POINT('',(50.991357,13.305602,0.));
#6476 = DIRECTION('',(0.,-1.,0.));
#6477 = DIRECTION('',(-1.,0.,0.));
#6478 = ADVANCED_FACE('',(#6479),#6490,.T.);
#6479 = FACE_BOUND('',#6480,.T.);
#6480 = EDGE_LOOP('',(#6481,#6482,#6483,#6489));
#6481 = ORIENTED_EDGE('',*,*,#6450,.T.);
#6482 = ORIENTED_EDGE('',*,*,#3395,.T.);
#6483 = ORIENTED_EDGE('',*,*,#6484,.F.);
#6484 = EDGE_CURVE('',#1604,#3387,#6485,.T.);
#6485 = LINE('',#6486,#6487);
#6486 = CARTESIAN_POINT('',(37.351357,-0.334398,0.));
#6487 = VECTOR('',#6488,1.);
#6488 = DIRECTION('',(0.,0.,1.));
#6489 = ORIENTED_EDGE('',*,*,#1612,.F.);
#6490 = PLANE('',#6491);
#6491 = AXIS2_PLACEMENT_3D('',#6492,#6493,#6494);
#6492 = CARTESIAN_POINT('',(37.351357,12.945602,0.));
#6493 = DIRECTION('',(1.,0.,-0.));
#6494 = DIRECTION('',(0.,-1.,0.));
#6495 = ADVANCED_FACE('',(#6496),#6507,.F.);
#6496 = FACE_BOUND('',#6497,.T.);
#6497 = EDGE_LOOP('',(#6498,#6504,#6505,#6506));
#6498 = ORIENTED_EDGE('',*,*,#6499,.T.);
#6499 = EDGE_CURVE('',#1570,#3353,#6500,.T.);
#6500 = LINE('',#6501,#6502);
#6501 = CARTESIAN_POINT('',(51.351357,12.945602,0.));
#6502 = VECTOR('',#6503,1.);
#6503 = DIRECTION('',(0.,0.,1.));
#6504 = ORIENTED_EDGE('',*,*,#3352,.T.);
#6505 = ORIENTED_EDGE('',*,*,#6465,.F.);
#6506 = ORIENTED_EDGE('',*,*,#1569,.F.);
#6507 = CYLINDRICAL_SURFACE('',#6508,0.360001506455);
#6508 = AXIS2_PLACEMENT_3D('',#6509,#6510,#6511);
#6509 = CARTESIAN_POINT('',(50.991355493549,12.945600493549,0.));
#6510 = DIRECTION('',(-0.,-0.,-1.));
#6511 = DIRECTION('',(0.999999999991,4.184569610526E-06,-0.));
#6512 = ADVANCED_FACE('',(#6513),#6524,.F.);
#6513 = FACE_BOUND('',#6514,.T.);
#6514 = EDGE_LOOP('',(#6515,#6516,#6517,#6523));
#6515 = ORIENTED_EDGE('',*,*,#6484,.T.);
#6516 = ORIENTED_EDGE('',*,*,#3386,.T.);
#6517 = ORIENTED_EDGE('',*,*,#6518,.F.);
#6518 = EDGE_CURVE('',#1596,#3379,#6519,.T.);
#6519 = LINE('',#6520,#6521);
#6520 = CARTESIAN_POINT('',(37.711357,-0.694398,0.));
#6521 = VECTOR('',#6522,1.);
#6522 = DIRECTION('',(0.,0.,1.));
#6523 = ORIENTED_EDGE('',*,*,#1603,.F.);
#6524 = CYLINDRICAL_SURFACE('',#6525,0.360001506454);
#6525 = AXIS2_PLACEMENT_3D('',#6526,#6527,#6528);
#6526 = CARTESIAN_POINT('',(37.711358506451,-0.334396493549,0.));
#6527 = DIRECTION('',(-0.,-0.,-1.));
#6528 = DIRECTION('',(-0.999999999991,-4.184569565192E-06,0.));
#6529 = ADVANCED_FACE('',(#6530),#6541,.T.);
#6530 = FACE_BOUND('',#6531,.T.);
#6531 = EDGE_LOOP('',(#6532,#6538,#6539,#6540));
#6532 = ORIENTED_EDGE('',*,*,#6533,.T.);
#6533 = EDGE_CURVE('',#1579,#3362,#6534,.T.);
#6534 = LINE('',#6535,#6536);
#6535 = CARTESIAN_POINT('',(51.351357,-0.334398,0.));
#6536 = VECTOR('',#6537,1.);
#6537 = DIRECTION('',(0.,0.,1.));
#6538 = ORIENTED_EDGE('',*,*,#3361,.T.);
#6539 = ORIENTED_EDGE('',*,*,#6499,.F.);
#6540 = ORIENTED_EDGE('',*,*,#1578,.F.);
#6541 = PLANE('',#6542);
#6542 = AXIS2_PLACEMENT_3D('',#6543,#6544,#6545);
#6543 = CARTESIAN_POINT('',(51.351357,-0.334398,0.));
#6544 = DIRECTION('',(-1.,0.,0.));
#6545 = DIRECTION('',(0.,1.,0.));
#6546 = ADVANCED_FACE('',(#6547),#6558,.T.);
#6547 = FACE_BOUND('',#6548,.T.);
#6548 = EDGE_LOOP('',(#6549,#6550,#6551,#6557));
#6549 = ORIENTED_EDGE('',*,*,#6518,.T.);
#6550 = ORIENTED_EDGE('',*,*,#3378,.T.);
#6551 = ORIENTED_EDGE('',*,*,#6552,.F.);
#6552 = EDGE_CURVE('',#1587,#3370,#6553,.T.);
#6553 = LINE('',#6554,#6555);
#6554 = CARTESIAN_POINT('',(50.991357,-0.694398,0.));
#6555 = VECTOR('',#6556,1.);
#6556 = DIRECTION('',(0.,0.,1.));
#6557 = ORIENTED_EDGE('',*,*,#1595,.F.);
#6558 = PLANE('',#6559);
#6559 = AXIS2_PLACEMENT_3D('',#6560,#6561,#6562);
#6560 = CARTESIAN_POINT('',(37.711357,-0.694398,0.));
#6561 = DIRECTION('',(0.,1.,0.));
#6562 = DIRECTION('',(1.,0.,0.));
#6563 = ADVANCED_FACE('',(#6564),#6570,.F.);
#6564 = FACE_BOUND('',#6565,.T.);
#6565 = EDGE_LOOP('',(#6566,#6567,#6568,#6569));
#6566 = ORIENTED_EDGE('',*,*,#6552,.T.);
#6567 = ORIENTED_EDGE('',*,*,#3369,.T.);
#6568 = ORIENTED_EDGE('',*,*,#6533,.F.);
#6569 = ORIENTED_EDGE('',*,*,#1586,.F.);
#6570 = CYLINDRICAL_SURFACE('',#6571,0.360001506455);
#6571 = AXIS2_PLACEMENT_3D('',#6572,#6573,#6574);
#6572 = CARTESIAN_POINT('',(50.991355493549,-0.334396493549,0.));
#6573 = DIRECTION('',(-0.,-0.,-1.));
#6574 = DIRECTION('',(4.184569605592E-06,-0.999999999991,0.));
#6575 = ADVANCED_FACE('',(#6576),#6587,.F.);
#6576 = FACE_BOUND('',#6577,.T.);
#6577 = EDGE_LOOP('',(#6578,#6579,#6585,#6586));
#6578 = ORIENTED_EDGE('',*,*,#1620,.T.);
#6579 = ORIENTED_EDGE('',*,*,#6580,.T.);
#6580 = EDGE_CURVE('',#1621,#3404,#6581,.T.);
#6581 = LINE('',#6582,#6583);
#6582 = CARTESIAN_POINT('',(54.351357,0.705602,-4.6E-02));
#6583 = VECTOR('',#6584,1.);
#6584 = DIRECTION('',(0.,0.,1.));
#6585 = ORIENTED_EDGE('',*,*,#3403,.F.);
#6586 = ORIENTED_EDGE('',*,*,#6580,.F.);
#6587 = CYLINDRICAL_SURFACE('',#6588,1.1);
#6588 = AXIS2_PLACEMENT_3D('',#6589,#6590,#6591);
#6589 = CARTESIAN_POINT('',(54.351357,1.805602,-4.6E-02));
#6590 = DIRECTION('',(-0.,-0.,-1.));
#6591 = DIRECTION('',(-0.,-1.,0.));
#6592 = ADVANCED_FACE('',(#6593),#6609,.F.);
#6593 = FACE_BOUND('',#6594,.T.);
#6594 = EDGE_LOOP('',(#6595,#6601,#6602,#6608));
#6595 = ORIENTED_EDGE('',*,*,#6596,.T.);
#6596 = EDGE_CURVE('',#1632,#3415,#6597,.T.);
#6597 = LINE('',#6598,#6599);
#6598 = CARTESIAN_POINT('',(56.711357,18.305602,0.));
#6599 = VECTOR('',#6600,1.);
#6600 = DIRECTION('',(0.,0.,1.));
#6601 = ORIENTED_EDGE('',*,*,#3414,.T.);
#6602 = ORIENTED_EDGE('',*,*,#6603,.F.);
#6603 = EDGE_CURVE('',#1634,#3417,#6604,.T.);
#6604 = LINE('',#6605,#6606);
#6605 = CARTESIAN_POINT('',(56.351357,17.945602,0.));
#6606 = VECTOR('',#6607,1.);
#6607 = DIRECTION('',(0.,0.,1.));
#6608 = ORIENTED_EDGE('',*,*,#1631,.F.);
#6609 = CYLINDRICAL_SURFACE('',#6610,0.360001506454);
#6610 = AXIS2_PLACEMENT_3D('',#6611,#6612,#6613);
#6611 = CARTESIAN_POINT('',(56.711358506451,17.945600493549,0.));
#6612 = DIRECTION('',(-0.,-0.,-1.));
#6613 = DIRECTION('',(-4.184569566117E-06,0.999999999991,0.));
#6614 = ADVANCED_FACE('',(#6615),#6626,.T.);
#6615 = FACE_BOUND('',#6616,.T.);
#6616 = EDGE_LOOP('',(#6617,#6623,#6624,#6625));
#6617 = ORIENTED_EDGE('',*,*,#6618,.T.);
#6618 = EDGE_CURVE('',#1643,#3426,#6619,.T.);
#6619 = LINE('',#6620,#6621);
#6620 = CARTESIAN_POINT('',(69.991357,18.305602,0.));
#6621 = VECTOR('',#6622,1.);
#6622 = DIRECTION('',(0.,0.,1.));
#6623 = ORIENTED_EDGE('',*,*,#3425,.T.);
#6624 = ORIENTED_EDGE('',*,*,#6596,.F.);
#6625 = ORIENTED_EDGE('',*,*,#1642,.F.);
#6626 = PLANE('',#6627);
#6627 = AXIS2_PLACEMENT_3D('',#6628,#6629,#6630);
#6628 = CARTESIAN_POINT('',(69.991357,18.305602,0.));
#6629 = DIRECTION('',(0.,-1.,0.));
#6630 = DIRECTION('',(-1.,0.,0.));
#6631 = ADVANCED_FACE('',(#6632),#6643,.T.);
#6632 = FACE_BOUND('',#6633,.T.);
#6633 = EDGE_LOOP('',(#6634,#6635,#6636,#6642));
#6634 = ORIENTED_EDGE('',*,*,#6603,.T.);
#6635 = ORIENTED_EDGE('',*,*,#3476,.T.);
#6636 = ORIENTED_EDGE('',*,*,#6637,.F.);
#6637 = EDGE_CURVE('',#1685,#3468,#6638,.T.);
#6638 = LINE('',#6639,#6640);
#6639 = CARTESIAN_POINT('',(56.351357,4.665602,0.));
#6640 = VECTOR('',#6641,1.);
#6641 = DIRECTION('',(0.,0.,1.));
#6642 = ORIENTED_EDGE('',*,*,#1693,.F.);
#6643 = PLANE('',#6644);
#6644 = AXIS2_PLACEMENT_3D('',#6645,#6646,#6647);
#6645 = CARTESIAN_POINT('',(56.351357,17.945602,0.));
#6646 = DIRECTION('',(1.,0.,-0.));
#6647 = DIRECTION('',(0.,-1.,0.));
#6648 = ADVANCED_FACE('',(#6649),#6660,.F.);
#6649 = FACE_BOUND('',#6650,.T.);
#6650 = EDGE_LOOP('',(#6651,#6657,#6658,#6659));
#6651 = ORIENTED_EDGE('',*,*,#6652,.T.);
#6652 = EDGE_CURVE('',#1651,#3434,#6653,.T.);
#6653 = LINE('',#6654,#6655);
#6654 = CARTESIAN_POINT('',(70.351357,17.945602,0.));
#6655 = VECTOR('',#6656,1.);
#6656 = DIRECTION('',(0.,0.,1.));
#6657 = ORIENTED_EDGE('',*,*,#3433,.T.);
#6658 = ORIENTED_EDGE('',*,*,#6618,.F.);
#6659 = ORIENTED_EDGE('',*,*,#1650,.F.);
#6660 = CYLINDRICAL_SURFACE('',#6661,0.360001506454);
#6661 = AXIS2_PLACEMENT_3D('',#6662,#6663,#6664);
#6662 = CARTESIAN_POINT('',(69.991355493549,17.945600493549,0.));
#6663 = DIRECTION('',(-0.,-0.,-1.));
#6664 = DIRECTION('',(0.999999999991,4.184569556249E-06,-0.));
#6665 = ADVANCED_FACE('',(#6666),#6677,.F.);
#6666 = FACE_BOUND('',#6667,.T.);
#6667 = EDGE_LOOP('',(#6668,#6669,#6670,#6676));
#6668 = ORIENTED_EDGE('',*,*,#6637,.T.);
#6669 = ORIENTED_EDGE('',*,*,#3467,.T.);
#6670 = ORIENTED_EDGE('',*,*,#6671,.F.);
#6671 = EDGE_CURVE('',#1677,#3460,#6672,.T.);
#6672 = LINE('',#6673,#6674);
#6673 = CARTESIAN_POINT('',(56.711357,4.305602,0.));
#6674 = VECTOR('',#6675,1.);
#6675 = DIRECTION('',(0.,0.,1.));
#6676 = ORIENTED_EDGE('',*,*,#1684,.F.);
#6677 = CYLINDRICAL_SURFACE('',#6678,0.360001506454);
#6678 = AXIS2_PLACEMENT_3D('',#6679,#6680,#6681);
#6679 = CARTESIAN_POINT('',(56.711358506451,4.665603506451,0.));
#6680 = DIRECTION('',(-0.,-0.,-1.));
#6681 = DIRECTION('',(-0.999999999991,-4.184569566117E-06,0.));
#6682 = ADVANCED_FACE('',(#6683),#6694,.T.);
#6683 = FACE_BOUND('',#6684,.T.);
#6684 = EDGE_LOOP('',(#6685,#6691,#6692,#6693));
#6685 = ORIENTED_EDGE('',*,*,#6686,.T.);
#6686 = EDGE_CURVE('',#1660,#3443,#6687,.T.);
#6687 = LINE('',#6688,#6689);
#6688 = CARTESIAN_POINT('',(70.351357,4.665602,0.));
#6689 = VECTOR('',#6690,1.);
#6690 = DIRECTION('',(0.,0.,1.));
#6691 = ORIENTED_EDGE('',*,*,#3442,.T.);
#6692 = ORIENTED_EDGE('',*,*,#6652,.F.);
#6693 = ORIENTED_EDGE('',*,*,#1659,.F.);
#6694 = PLANE('',#6695);
#6695 = AXIS2_PLACEMENT_3D('',#6696,#6697,#6698);
#6696 = CARTESIAN_POINT('',(70.351357,4.665602,0.));
#6697 = DIRECTION('',(-1.,0.,0.));
#6698 = DIRECTION('',(0.,1.,0.));
#6699 = ADVANCED_FACE('',(#6700),#6711,.T.);
#6700 = FACE_BOUND('',#6701,.T.);
#6701 = EDGE_LOOP('',(#6702,#6703,#6704,#6710));
#6702 = ORIENTED_EDGE('',*,*,#6671,.T.);
#6703 = ORIENTED_EDGE('',*,*,#3459,.T.);
#6704 = ORIENTED_EDGE('',*,*,#6705,.F.);
#6705 = EDGE_CURVE('',#1668,#3451,#6706,.T.);
#6706 = LINE('',#6707,#6708);
#6707 = CARTESIAN_POINT('',(69.991357,4.305602,0.));
#6708 = VECTOR('',#6709,1.);
#6709 = DIRECTION('',(0.,0.,1.));
#6710 = ORIENTED_EDGE('',*,*,#1676,.F.);
#6711 = PLANE('',#6712);
#6712 = AXIS2_PLACEMENT_3D('',#6713,#6714,#6715);
#6713 = CARTESIAN_POINT('',(56.711357,4.305602,0.));
#6714 = DIRECTION('',(0.,1.,0.));
#6715 = DIRECTION('',(1.,0.,0.));
#6716 = ADVANCED_FACE('',(#6717),#6723,.F.);
#6717 = FACE_BOUND('',#6718,.T.);
#6718 = EDGE_LOOP('',(#6719,#6720,#6721,#6722));
#6719 = ORIENTED_EDGE('',*,*,#6705,.T.);
#6720 = ORIENTED_EDGE('',*,*,#3450,.T.);
#6721 = ORIENTED_EDGE('',*,*,#6686,.F.);
#6722 = ORIENTED_EDGE('',*,*,#1667,.F.);
#6723 = CYLINDRICAL_SURFACE('',#6724,0.360001506454);
#6724 = AXIS2_PLACEMENT_3D('',#6725,#6726,#6727);
#6725 = CARTESIAN_POINT('',(69.991355493549,4.665603506451,0.));
#6726 = DIRECTION('',(-0.,-0.,-1.));
#6727 = DIRECTION('',(4.18456954638E-06,-0.999999999991,0.));
#6728 = ADVANCED_FACE('',(#6729),#6740,.F.);
#6729 = FACE_BOUND('',#6730,.T.);
#6730 = EDGE_LOOP('',(#6731,#6732,#6738,#6739));
#6731 = ORIENTED_EDGE('',*,*,#1701,.T.);
#6732 = ORIENTED_EDGE('',*,*,#6733,.T.);
#6733 = EDGE_CURVE('',#1702,#3485,#6734,.T.);
#6734 = LINE('',#6735,#6736);
#6735 = CARTESIAN_POINT('',(34.351357,24.705602,-4.6E-02));
#6736 = VECTOR('',#6737,1.);
#6737 = DIRECTION('',(0.,0.,1.));
#6738 = ORIENTED_EDGE('',*,*,#3484,.F.);
#6739 = ORIENTED_EDGE('',*,*,#6733,.F.);
#6740 = CYLINDRICAL_SURFACE('',#6741,1.1);
#6741 = AXIS2_PLACEMENT_3D('',#6742,#6743,#6744);
#6742 = CARTESIAN_POINT('',(34.351357,25.805602,-4.6E-02));
#6743 = DIRECTION('',(-0.,-0.,-1.));
#6744 = DIRECTION('',(-0.,-1.,0.));
#6745 = ADVANCED_FACE('',(#6746),#6762,.F.);
#6746 = FACE_BOUND('',#6747,.T.);
#6747 = EDGE_LOOP('',(#6748,#6754,#6755,#6761));
#6748 = ORIENTED_EDGE('',*,*,#6749,.T.);
#6749 = EDGE_CURVE('',#1713,#3496,#6750,.T.);
#6750 = LINE('',#6751,#6752);
#6751 = CARTESIAN_POINT('',(-0.288643,43.305602,0.));
#6752 = VECTOR('',#6753,1.);
#6753 = DIRECTION('',(0.,0.,1.));
#6754 = ORIENTED_EDGE('',*,*,#3495,.T.);
#6755 = ORIENTED_EDGE('',*,*,#6756,.F.);
#6756 = EDGE_CURVE('',#1715,#3498,#6757,.T.);
#6757 = LINE('',#6758,#6759);
#6758 = CARTESIAN_POINT('',(-0.648643,42.945602,0.));
#6759 = VECTOR('',#6760,1.);
#6760 = DIRECTION('',(0.,0.,1.));
#6761 = ORIENTED_EDGE('',*,*,#1712,.F.);
#6762 = CYLINDRICAL_SURFACE('',#6763,0.360001506455);
#6763 = AXIS2_PLACEMENT_3D('',#6764,#6765,#6766);
#6764 = CARTESIAN_POINT('',(-0.288641493549,42.945600493549,0.));
#6765 = DIRECTION('',(-0.,-0.,-1.));
#6766 = DIRECTION('',(-4.184569608984E-06,0.999999999991,0.));
#6767 = ADVANCED_FACE('',(#6768),#6779,.T.);
#6768 = FACE_BOUND('',#6769,.T.);
#6769 = EDGE_LOOP('',(#6770,#6776,#6777,#6778));
#6770 = ORIENTED_EDGE('',*,*,#6771,.T.);
#6771 = EDGE_CURVE('',#1724,#3507,#6772,.T.);
#6772 = LINE('',#6773,#6774);
#6773 = CARTESIAN_POINT('',(12.991357,43.305602,0.));
#6774 = VECTOR('',#6775,1.);
#6775 = DIRECTION('',(0.,0.,1.));
#6776 = ORIENTED_EDGE('',*,*,#3506,.T.);
#6777 = ORIENTED_EDGE('',*,*,#6749,.F.);
#6778 = ORIENTED_EDGE('',*,*,#1723,.F.);
#6779 = PLANE('',#6780);
#6780 = AXIS2_PLACEMENT_3D('',#6781,#6782,#6783);
#6781 = CARTESIAN_POINT('',(12.991357,43.305602,0.));
#6782 = DIRECTION('',(0.,-1.,0.));
#6783 = DIRECTION('',(-1.,0.,0.));
#6784 = ADVANCED_FACE('',(#6785),#6796,.T.);
#6785 = FACE_BOUND('',#6786,.T.);
#6786 = EDGE_LOOP('',(#6787,#6788,#6789,#6795));
#6787 = ORIENTED_EDGE('',*,*,#6756,.T.);
#6788 = ORIENTED_EDGE('',*,*,#3557,.T.);
#6789 = ORIENTED_EDGE('',*,*,#6790,.F.);
#6790 = EDGE_CURVE('',#1766,#3549,#6791,.T.);
#6791 = LINE('',#6792,#6793);
#6792 = CARTESIAN_POINT('',(-0.648643,29.665602,0.));
#6793 = VECTOR('',#6794,1.);
#6794 = DIRECTION('',(0.,0.,1.));
#6795 = ORIENTED_EDGE('',*,*,#1774,.F.);
#6796 = PLANE('',#6797);
#6797 = AXIS2_PLACEMENT_3D('',#6798,#6799,#6800);
#6798 = CARTESIAN_POINT('',(-0.648643,42.945602,0.));
#6799 = DIRECTION('',(1.,0.,-0.));
#6800 = DIRECTION('',(0.,-1.,0.));
#6801 = ADVANCED_FACE('',(#6802),#6813,.F.);
#6802 = FACE_BOUND('',#6803,.T.);
#6803 = EDGE_LOOP('',(#6804,#6810,#6811,#6812));
#6804 = ORIENTED_EDGE('',*,*,#6805,.T.);
#6805 = EDGE_CURVE('',#1732,#3515,#6806,.T.);
#6806 = LINE('',#6807,#6808);
#6807 = CARTESIAN_POINT('',(13.351357,42.945602,0.));
#6808 = VECTOR('',#6809,1.);
#6809 = DIRECTION('',(0.,0.,1.));
#6810 = ORIENTED_EDGE('',*,*,#3514,.T.);
#6811 = ORIENTED_EDGE('',*,*,#6771,.F.);
#6812 = ORIENTED_EDGE('',*,*,#1731,.F.);
#6813 = CYLINDRICAL_SURFACE('',#6814,0.360001506455);
#6814 = AXIS2_PLACEMENT_3D('',#6815,#6816,#6817);
#6815 = CARTESIAN_POINT('',(12.991355493549,42.945600493549,0.));
#6816 = DIRECTION('',(-0.,-0.,-1.));
#6817 = DIRECTION('',(0.999999999991,4.184569605592E-06,-0.));
#6818 = ADVANCED_FACE('',(#6819),#6830,.F.);
#6819 = FACE_BOUND('',#6820,.T.);
#6820 = EDGE_LOOP('',(#6821,#6822,#6823,#6829));
#6821 = ORIENTED_EDGE('',*,*,#6790,.T.);
#6822 = ORIENTED_EDGE('',*,*,#3548,.T.);
#6823 = ORIENTED_EDGE('',*,*,#6824,.F.);
#6824 = EDGE_CURVE('',#1758,#3541,#6825,.T.);
#6825 = LINE('',#6826,#6827);
#6826 = CARTESIAN_POINT('',(-0.288643,29.305602,0.));
#6827 = VECTOR('',#6828,1.);
#6828 = DIRECTION('',(0.,0.,1.));
#6829 = ORIENTED_EDGE('',*,*,#1765,.F.);
#6830 = CYLINDRICAL_SURFACE('',#6831,0.360001506455);
#6831 = AXIS2_PLACEMENT_3D('',#6832,#6833,#6834);
#6832 = CARTESIAN_POINT('',(-0.288641493549,29.665603506451,0.));
#6833 = DIRECTION('',(-0.,-0.,-1.));
#6834 = DIRECTION('',(-0.999999999991,-4.184569575986E-06,0.));
#6835 = ADVANCED_FACE('',(#6836),#6847,.T.);
#6836 = FACE_BOUND('',#6837,.T.);
#6837 = EDGE_LOOP('',(#6838,#6844,#6845,#6846));
#6838 = ORIENTED_EDGE('',*,*,#6839,.T.);
#6839 = EDGE_CURVE('',#1741,#3524,#6840,.T.);
#6840 = LINE('',#6841,#6842);
#6841 = CARTESIAN_POINT('',(13.351357,29.665602,0.));
#6842 = VECTOR('',#6843,1.);
#6843 = DIRECTION('',(0.,0.,1.));
#6844 = ORIENTED_EDGE('',*,*,#3523,.T.);
#6845 = ORIENTED_EDGE('',*,*,#6805,.F.);
#6846 = ORIENTED_EDGE('',*,*,#1740,.F.);
#6847 = PLANE('',#6848);
#6848 = AXIS2_PLACEMENT_3D('',#6849,#6850,#6851);
#6849 = CARTESIAN_POINT('',(13.351357,29.665602,0.));
#6850 = DIRECTION('',(-1.,0.,0.));
#6851 = DIRECTION('',(0.,1.,0.));
#6852 = ADVANCED_FACE('',(#6853),#6864,.T.);
#6853 = FACE_BOUND('',#6854,.T.);
#6854 = EDGE_LOOP('',(#6855,#6856,#6857,#6863));
#6855 = ORIENTED_EDGE('',*,*,#6824,.T.);
#6856 = ORIENTED_EDGE('',*,*,#3540,.T.);
#6857 = ORIENTED_EDGE('',*,*,#6858,.F.);
#6858 = EDGE_CURVE('',#1749,#3532,#6859,.T.);
#6859 = LINE('',#6860,#6861);
#6860 = CARTESIAN_POINT('',(12.991357,29.305602,0.));
#6861 = VECTOR('',#6862,1.);
#6862 = DIRECTION('',(0.,0.,1.));
#6863 = ORIENTED_EDGE('',*,*,#1757,.F.);
#6864 = PLANE('',#6865);
#6865 = AXIS2_PLACEMENT_3D('',#6866,#6867,#6868);
#6866 = CARTESIAN_POINT('',(-0.288643,29.305602,0.));
#6867 = DIRECTION('',(0.,1.,0.));
#6868 = DIRECTION('',(1.,0.,0.));
#6869 = ADVANCED_FACE('',(#6870),#6876,.F.);
#6870 = FACE_BOUND('',#6871,.T.);
#6871 = EDGE_LOOP('',(#6872,#6873,#6874,#6875));
#6872 = ORIENTED_EDGE('',*,*,#6858,.T.);
#6873 = ORIENTED_EDGE('',*,*,#3531,.T.);
#6874 = ORIENTED_EDGE('',*,*,#6839,.F.);
#6875 = ORIENTED_EDGE('',*,*,#1748,.F.);
#6876 = CYLINDRICAL_SURFACE('',#6877,0.360001506455);
#6877 = AXIS2_PLACEMENT_3D('',#6878,#6879,#6880);
#6878 = CARTESIAN_POINT('',(12.991355493549,29.665603506451,0.));
#6879 = DIRECTION('',(-0.,-0.,-1.));
#6880 = DIRECTION('',(4.184569585855E-06,-0.999999999991,0.));
#6881 = ADVANCED_FACE('',(#6882),#6898,.F.);
#6882 = FACE_BOUND('',#6883,.T.);
#6883 = EDGE_LOOP('',(#6884,#6890,#6891,#6897));
#6884 = ORIENTED_EDGE('',*,*,#6885,.T.);
#6885 = EDGE_CURVE('',#1783,#3566,#6886,.T.);
#6886 = LINE('',#6887,#6888);
#6887 = CARTESIAN_POINT('',(18.711357,42.305602,0.));
#6888 = VECTOR('',#6889,1.);
#6889 = DIRECTION('',(0.,0.,1.));
#6890 = ORIENTED_EDGE('',*,*,#3565,.T.);
#6891 = ORIENTED_EDGE('',*,*,#6892,.F.);
#6892 = EDGE_CURVE('',#1785,#3568,#6893,.T.);
#6893 = LINE('',#6894,#6895);
#6894 = CARTESIAN_POINT('',(18.351357,41.945602,0.));
#6895 = VECTOR('',#6896,1.);
#6896 = DIRECTION('',(0.,0.,1.));
#6897 = ORIENTED_EDGE('',*,*,#1782,.F.);
#6898 = CYLINDRICAL_SURFACE('',#6899,0.360001506455);
#6899 = AXIS2_PLACEMENT_3D('',#6900,#6901,#6902);
#6900 = CARTESIAN_POINT('',(18.711358506451,41.945600493549,0.));
#6901 = DIRECTION('',(-0.,-0.,-1.));
#6902 = DIRECTION('',(-4.184569605592E-06,0.999999999991,0.));
#6903 = ADVANCED_FACE('',(#6904),#6915,.T.);
#6904 = FACE_BOUND('',#6905,.T.);
#6905 = EDGE_LOOP('',(#6906,#6912,#6913,#6914));
#6906 = ORIENTED_EDGE('',*,*,#6907,.T.);
#6907 = EDGE_CURVE('',#1794,#3577,#6908,.T.);
#6908 = LINE('',#6909,#6910);
#6909 = CARTESIAN_POINT('',(31.991357,42.305602,0.));
#6910 = VECTOR('',#6911,1.);
#6911 = DIRECTION('',(0.,0.,1.));
#6912 = ORIENTED_EDGE('',*,*,#3576,.T.);
#6913 = ORIENTED_EDGE('',*,*,#6885,.F.);
#6914 = ORIENTED_EDGE('',*,*,#1793,.F.);
#6915 = PLANE('',#6916);
#6916 = AXIS2_PLACEMENT_3D('',#6917,#6918,#6919);
#6917 = CARTESIAN_POINT('',(31.991357,42.305602,0.));
#6918 = DIRECTION('',(0.,-1.,0.));
#6919 = DIRECTION('',(-1.,0.,0.));
#6920 = ADVANCED_FACE('',(#6921),#6932,.T.);
#6921 = FACE_BOUND('',#6922,.T.);
#6922 = EDGE_LOOP('',(#6923,#6924,#6925,#6931));
#6923 = ORIENTED_EDGE('',*,*,#6892,.T.);
#6924 = ORIENTED_EDGE('',*,*,#3627,.T.);
#6925 = ORIENTED_EDGE('',*,*,#6926,.F.);
#6926 = EDGE_CURVE('',#1836,#3619,#6927,.T.);
#6927 = LINE('',#6928,#6929);
#6928 = CARTESIAN_POINT('',(18.351357,28.665602,0.));
#6929 = VECTOR('',#6930,1.);
#6930 = DIRECTION('',(0.,0.,1.));
#6931 = ORIENTED_EDGE('',*,*,#1844,.F.);
#6932 = PLANE('',#6933);
#6933 = AXIS2_PLACEMENT_3D('',#6934,#6935,#6936);
#6934 = CARTESIAN_POINT('',(18.351357,41.945602,0.));
#6935 = DIRECTION('',(1.,0.,-0.));
#6936 = DIRECTION('',(0.,-1.,0.));
#6937 = ADVANCED_FACE('',(#6938),#6949,.F.);
#6938 = FACE_BOUND('',#6939,.T.);
#6939 = EDGE_LOOP('',(#6940,#6946,#6947,#6948));
#6940 = ORIENTED_EDGE('',*,*,#6941,.T.);
#6941 = EDGE_CURVE('',#1802,#3585,#6942,.T.);
#6942 = LINE('',#6943,#6944);
#6943 = CARTESIAN_POINT('',(32.351357,41.945602,0.));
#6944 = VECTOR('',#6945,1.);
#6945 = DIRECTION('',(0.,0.,1.));
#6946 = ORIENTED_EDGE('',*,*,#3584,.T.);
#6947 = ORIENTED_EDGE('',*,*,#6907,.F.);
#6948 = ORIENTED_EDGE('',*,*,#1801,.F.);
#6949 = CYLINDRICAL_SURFACE('',#6950,0.360001506455);
#6950 = AXIS2_PLACEMENT_3D('',#6951,#6952,#6953);
#6951 = CARTESIAN_POINT('',(31.991355493549,41.945600493549,0.));
#6952 = DIRECTION('',(-0.,-0.,-1.));
#6953 = DIRECTION('',(0.999999999991,4.184569645066E-06,-0.));
#6954 = ADVANCED_FACE('',(#6955),#6966,.F.);
#6955 = FACE_BOUND('',#6956,.T.);
#6956 = EDGE_LOOP('',(#6957,#6958,#6959,#6965));
#6957 = ORIENTED_EDGE('',*,*,#6926,.T.);
#6958 = ORIENTED_EDGE('',*,*,#3618,.T.);
#6959 = ORIENTED_EDGE('',*,*,#6960,.F.);
#6960 = EDGE_CURVE('',#1828,#3611,#6961,.T.);
#6961 = LINE('',#6962,#6963);
#6962 = CARTESIAN_POINT('',(18.711357,28.305602,0.));
#6963 = VECTOR('',#6964,1.);
#6964 = DIRECTION('',(0.,0.,1.));
#6965 = ORIENTED_EDGE('',*,*,#1835,.F.);
#6966 = CYLINDRICAL_SURFACE('',#6967,0.360001506455);
#6967 = AXIS2_PLACEMENT_3D('',#6968,#6969,#6970);
#6968 = CARTESIAN_POINT('',(18.711358506451,28.665603506451,0.));
#6969 = DIRECTION('',(-0.,-0.,-1.));
#6970 = DIRECTION('',(-0.999999999991,-4.184569575986E-06,0.));
#6971 = ADVANCED_FACE('',(#6972),#6983,.T.);
#6972 = FACE_BOUND('',#6973,.T.);
#6973 = EDGE_LOOP('',(#6974,#6980,#6981,#6982));
#6974 = ORIENTED_EDGE('',*,*,#6975,.T.);
#6975 = EDGE_CURVE('',#1811,#3594,#6976,.T.);
#6976 = LINE('',#6977,#6978);
#6977 = CARTESIAN_POINT('',(32.351357,28.665602,0.));
#6978 = VECTOR('',#6979,1.);
#6979 = DIRECTION('',(0.,0.,1.));
#6980 = ORIENTED_EDGE('',*,*,#3593,.T.);
#6981 = ORIENTED_EDGE('',*,*,#6941,.F.);
#6982 = ORIENTED_EDGE('',*,*,#1810,.F.);
#6983 = PLANE('',#6984);
#6984 = AXIS2_PLACEMENT_3D('',#6985,#6986,#6987);
#6985 = CARTESIAN_POINT('',(32.351357,28.665602,0.));
#6986 = DIRECTION('',(-1.,0.,0.));
#6987 = DIRECTION('',(0.,1.,0.));
#6988 = ADVANCED_FACE('',(#6989),#7000,.T.);
#6989 = FACE_BOUND('',#6990,.T.);
#6990 = EDGE_LOOP('',(#6991,#6992,#6993,#6999));
#6991 = ORIENTED_EDGE('',*,*,#6960,.T.);
#6992 = ORIENTED_EDGE('',*,*,#3610,.T.);
#6993 = ORIENTED_EDGE('',*,*,#6994,.F.);
#6994 = EDGE_CURVE('',#1819,#3602,#6995,.T.);
#6995 = LINE('',#6996,#6997);
#6996 = CARTESIAN_POINT('',(31.991357,28.305602,0.));
#6997 = VECTOR('',#6998,1.);
#6998 = DIRECTION('',(0.,0.,1.));
#6999 = ORIENTED_EDGE('',*,*,#1827,.F.);
#7000 = PLANE('',#7001);
#7001 = AXIS2_PLACEMENT_3D('',#7002,#7003,#7004);
#7002 = CARTESIAN_POINT('',(18.711357,28.305602,0.));
#7003 = DIRECTION('',(0.,1.,0.));
#7004 = DIRECTION('',(1.,0.,0.));
#7005 = ADVANCED_FACE('',(#7006),#7012,.F.);
#7006 = FACE_BOUND('',#7007,.T.);
#7007 = EDGE_LOOP('',(#7008,#7009,#7010,#7011));
#7008 = ORIENTED_EDGE('',*,*,#6994,.T.);
#7009 = ORIENTED_EDGE('',*,*,#3601,.T.);
#7010 = ORIENTED_EDGE('',*,*,#6975,.F.);
#7011 = ORIENTED_EDGE('',*,*,#1818,.F.);
#7012 = CYLINDRICAL_SURFACE('',#7013,0.360001506455);
#7013 = AXIS2_PLACEMENT_3D('',#7014,#7015,#7016);
#7014 = CARTESIAN_POINT('',(31.991355493549,28.665603506451,0.));
#7015 = DIRECTION('',(-0.,-0.,-1.));
#7016 = DIRECTION('',(4.18456961546E-06,-0.999999999991,0.));
#7017 = ADVANCED_FACE('',(#7018),#7034,.F.);
#7018 = FACE_BOUND('',#7019,.T.);
#7019 = EDGE_LOOP('',(#7020,#7026,#7027,#7033));
#7020 = ORIENTED_EDGE('',*,*,#7021,.T.);
#7021 = EDGE_CURVE('',#1853,#3636,#7022,.T.);
#7022 = LINE('',#7023,#7024);
#7023 = CARTESIAN_POINT('',(37.711357,32.305602,0.));
#7024 = VECTOR('',#7025,1.);
#7025 = DIRECTION('',(0.,0.,1.));
#7026 = ORIENTED_EDGE('',*,*,#3635,.T.);
#7027 = ORIENTED_EDGE('',*,*,#7028,.F.);
#7028 = EDGE_CURVE('',#1855,#3638,#7029,.T.);
#7029 = LINE('',#7030,#7031);
#7030 = CARTESIAN_POINT('',(37.351357,31.945602,0.));
#7031 = VECTOR('',#7032,1.);
#7032 = DIRECTION('',(0.,0.,1.));
#7033 = ORIENTED_EDGE('',*,*,#1852,.F.);
#7034 = CYLINDRICAL_SURFACE('',#7035,0.360001506455);
#7035 = AXIS2_PLACEMENT_3D('',#7036,#7037,#7038);
#7036 = CARTESIAN_POINT('',(37.711358506451,31.945600493549,0.));
#7037 = DIRECTION('',(-0.,-0.,-1.));
#7038 = DIRECTION('',(-4.184569585854E-06,0.999999999991,0.));
#7039 = ADVANCED_FACE('',(#7040),#7051,.T.);
#7040 = FACE_BOUND('',#7041,.T.);
#7041 = EDGE_LOOP('',(#7042,#7048,#7049,#7050));
#7042 = ORIENTED_EDGE('',*,*,#7043,.T.);
#7043 = EDGE_CURVE('',#1864,#3647,#7044,.T.);
#7044 = LINE('',#7045,#7046);
#7045 = CARTESIAN_POINT('',(50.991357,32.305602,0.));
#7046 = VECTOR('',#7047,1.);
#7047 = DIRECTION('',(0.,0.,1.));
#7048 = ORIENTED_EDGE('',*,*,#3646,.T.);
#7049 = ORIENTED_EDGE('',*,*,#7021,.F.);
#7050 = ORIENTED_EDGE('',*,*,#1863,.F.);
#7051 = PLANE('',#7052);
#7052 = AXIS2_PLACEMENT_3D('',#7053,#7054,#7055);
#7053 = CARTESIAN_POINT('',(50.991357,32.305602,0.));
#7054 = DIRECTION('',(0.,-1.,0.));
#7055 = DIRECTION('',(-1.,0.,0.));
#7056 = ADVANCED_FACE('',(#7057),#7068,.T.);
#7057 = FACE_BOUND('',#7058,.T.);
#7058 = EDGE_LOOP('',(#7059,#7060,#7061,#7067));
#7059 = ORIENTED_EDGE('',*,*,#7028,.T.);
#7060 = ORIENTED_EDGE('',*,*,#3697,.T.);
#7061 = ORIENTED_EDGE('',*,*,#7062,.F.);
#7062 = EDGE_CURVE('',#1906,#3689,#7063,.T.);
#7063 = LINE('',#7064,#7065);
#7064 = CARTESIAN_POINT('',(37.351357,18.665602,0.));
#7065 = VECTOR('',#7066,1.);
#7066 = DIRECTION('',(0.,0.,1.));
#7067 = ORIENTED_EDGE('',*,*,#1914,.F.);
#7068 = PLANE('',#7069);
#7069 = AXIS2_PLACEMENT_3D('',#7070,#7071,#7072);
#7070 = CARTESIAN_POINT('',(37.351357,31.945602,0.));
#7071 = DIRECTION('',(1.,0.,-0.));
#7072 = DIRECTION('',(0.,-1.,0.));
#7073 = ADVANCED_FACE('',(#7074),#7085,.F.);
#7074 = FACE_BOUND('',#7075,.T.);
#7075 = EDGE_LOOP('',(#7076,#7082,#7083,#7084));
#7076 = ORIENTED_EDGE('',*,*,#7077,.T.);
#7077 = EDGE_CURVE('',#1872,#3655,#7078,.T.);
#7078 = LINE('',#7079,#7080);
#7079 = CARTESIAN_POINT('',(51.351357,31.945602,0.));
#7080 = VECTOR('',#7081,1.);
#7081 = DIRECTION('',(0.,0.,1.));
#7082 = ORIENTED_EDGE('',*,*,#3654,.T.);
#7083 = ORIENTED_EDGE('',*,*,#7043,.F.);
#7084 = ORIENTED_EDGE('',*,*,#1871,.F.);
#7085 = CYLINDRICAL_SURFACE('',#7086,0.360001506455);
#7086 = AXIS2_PLACEMENT_3D('',#7087,#7088,#7089);
#7087 = CARTESIAN_POINT('',(50.991355493549,31.945600493549,0.));
#7088 = DIRECTION('',(-0.,-0.,-1.));
#7089 = DIRECTION('',(0.999999999991,4.184569645066E-06,-0.));
#7090 = ADVANCED_FACE('',(#7091),#7102,.F.);
#7091 = FACE_BOUND('',#7092,.T.);
#7092 = EDGE_LOOP('',(#7093,#7094,#7095,#7101));
#7093 = ORIENTED_EDGE('',*,*,#7062,.T.);
#7094 = ORIENTED_EDGE('',*,*,#3688,.T.);
#7095 = ORIENTED_EDGE('',*,*,#7096,.F.);
#7096 = EDGE_CURVE('',#1898,#3681,#7097,.T.);
#7097 = LINE('',#7098,#7099);
#7098 = CARTESIAN_POINT('',(37.711357,18.305602,0.));
#7099 = VECTOR('',#7100,1.);
#7100 = DIRECTION('',(0.,0.,1.));
#7101 = ORIENTED_EDGE('',*,*,#1905,.F.);
#7102 = CYLINDRICAL_SURFACE('',#7103,0.360001506454);
#7103 = AXIS2_PLACEMENT_3D('',#7104,#7105,#7106);
#7104 = CARTESIAN_POINT('',(37.711358506451,18.665603506451,0.));
#7105 = DIRECTION('',(-0.,-0.,-1.));
#7106 = DIRECTION('',(-0.999999999991,-4.184569566117E-06,0.));
#7107 = ADVANCED_FACE('',(#7108),#7119,.T.);
#7108 = FACE_BOUND('',#7109,.T.);
#7109 = EDGE_LOOP('',(#7110,#7116,#7117,#7118));
#7110 = ORIENTED_EDGE('',*,*,#7111,.T.);
#7111 = EDGE_CURVE('',#1881,#3664,#7112,.T.);
#7112 = LINE('',#7113,#7114);
#7113 = CARTESIAN_POINT('',(51.351357,18.665602,0.));
#7114 = VECTOR('',#7115,1.);
#7115 = DIRECTION('',(0.,0.,1.));
#7116 = ORIENTED_EDGE('',*,*,#3663,.T.);
#7117 = ORIENTED_EDGE('',*,*,#7077,.F.);
#7118 = ORIENTED_EDGE('',*,*,#1880,.F.);
#7119 = PLANE('',#7120);
#7120 = AXIS2_PLACEMENT_3D('',#7121,#7122,#7123);
#7121 = CARTESIAN_POINT('',(51.351357,18.665602,0.));
#7122 = DIRECTION('',(-1.,0.,0.));
#7123 = DIRECTION('',(0.,1.,0.));
#7124 = ADVANCED_FACE('',(#7125),#7136,.T.);
#7125 = FACE_BOUND('',#7126,.T.);
#7126 = EDGE_LOOP('',(#7127,#7128,#7129,#7135));
#7127 = ORIENTED_EDGE('',*,*,#7096,.T.);
#7128 = ORIENTED_EDGE('',*,*,#3680,.T.);
#7129 = ORIENTED_EDGE('',*,*,#7130,.F.);
#7130 = EDGE_CURVE('',#1889,#3672,#7131,.T.);
#7131 = LINE('',#7132,#7133);
#7132 = CARTESIAN_POINT('',(50.991357,18.305602,0.));
#7133 = VECTOR('',#7134,1.);
#7134 = DIRECTION('',(0.,0.,1.));
#7135 = ORIENTED_EDGE('',*,*,#1897,.F.);
#7136 = PLANE('',#7137);
#7137 = AXIS2_PLACEMENT_3D('',#7138,#7139,#7140);
#7138 = CARTESIAN_POINT('',(37.711357,18.305602,0.));
#7139 = DIRECTION('',(0.,1.,0.));
#7140 = DIRECTION('',(1.,0.,0.));
#7141 = ADVANCED_FACE('',(#7142),#7148,.F.);
#7142 = FACE_BOUND('',#7143,.T.);
#7143 = EDGE_LOOP('',(#7144,#7145,#7146,#7147));
#7144 = ORIENTED_EDGE('',*,*,#7130,.T.);
#7145 = ORIENTED_EDGE('',*,*,#3671,.T.);
#7146 = ORIENTED_EDGE('',*,*,#7111,.F.);
#7147 = ORIENTED_EDGE('',*,*,#1888,.F.);
#7148 = CYLINDRICAL_SURFACE('',#7149,0.360001506455);
#7149 = AXIS2_PLACEMENT_3D('',#7150,#7151,#7152);
#7150 = CARTESIAN_POINT('',(50.991355493549,18.665603506451,0.));
#7151 = DIRECTION('',(-0.,-0.,-1.));
#7152 = DIRECTION('',(4.184569605592E-06,-0.999999999991,0.));
#7153 = ( GEOMETRIC_REPRESENTATION_CONTEXT(3) 
GLOBAL_UNCERTAINTY_ASSIGNED_CONTEXT((#7157)) 
GLOBAL_UNIT_ASSIGNED_CONTEXT((#7154,#7155,#7156)) REPRESENTATION_CONTEXT
('Context #1','3D Context with UNIT and UNCERTAINTY') );
#7154 = ( LENGTH_UNIT() NAMED_UNIT(*) SI_UNIT(.MILLI.,.METRE.) );
#7155 = ( NAMED_UNIT(*) PLANE_ANGLE_UNIT() SI_UNIT($,.RADIAN.) );
#7156 = ( NAMED_UNIT(*) SI_UNIT($,.STERADIAN.) SOLID_ANGLE_UNIT() );
#7157 = UNCERTAINTY_MEASURE_WITH_UNIT(LENGTH_MEASURE(1.E-07),#7154,
  'distance_accuracy_value','confusion accuracy');
#7158 = CONTEXT_DEPENDENT_SHAPE_REPRESENTATION(#7159,#7161);
#7159 = ( REPRESENTATION_RELATIONSHIP('','',#32,#10) 
REPRESENTATION_RELATIONSHIP_WITH_TRANSFORMATION(#7160) 
SHAPE_REPRESENTATION_RELATIONSHIP() );
#7160 = ITEM_DEFINED_TRANSFORMATION('','',#11,#15);
#7161 = PRODUCT_DEFINITION_SHAPE('Placement','Placement of an item',
  #7162);
#7162 = NEXT_ASSEMBLY_USAGE_OCCURRENCE('1','=>[0:1:1:2]','',#5,#27,$);
#7163 = PRODUCT_RELATED_PRODUCT_CATEGORY('part',$,(#29));
#7164 = MECHANICAL_DESIGN_GEOMETRIC_PRESENTATION_REPRESENTATION('',(
    #7165),#7153);
#7165 = STYLED_ITEM('color',(#7166),#33);
#7166 = PRESENTATION_STYLE_ASSIGNMENT((#7167));
#7167 = SURFACE_STYLE_USAGE(.BOTH.,#7168);
#7168 = SURFACE_SIDE_STYLE('',(#7169));
#7169 = SURFACE_STYLE_FILL_AREA(#7170);
#7170 = FILL_AREA_STYLE('',(#7171));
#7171 = FILL_AREA_STYLE_COLOUR('',#7172);
#7172 = COLOUR_RGB('',0.313304153717,0.484529207832,0.410020903123);
ENDSEC;
END-ISO-10303-21;
