ISO-10303-21;
HEADER;
/* Generated by software containing ST-Developer
 * from STEP Tools, Inc. (www.steptools.com) 
 */

FILE_DESCRIPTION(
/* description */ ('KiCad electronic assembly'),
/* implementation_level */ '2;1');

FILE_NAME(
/* name */ 'reel_left_bottom.step',
/* time_stamp */ '2026-08-14T18:36:22+09:00',
/* author */ (''),
/* organization */ (''),
/* preprocessor_version */ 'ST-DEVELOPER v20.1',
/* originating_system */ 'Autodesk Translation Framework v15.8.0.0',
/* authorisation */ '');

FILE_SCHEMA (('AUTOMOTIVE_DESIGN { 1 0 10303 214 3 1 1 }'));
ENDSEC;

DATA;
#10=MECHANICAL_DESIGN_GEOMETRIC_PRESENTATION_REPRESENTATION('',(#17),#5812);
#11=ITEM_DEFINED_TRANSFORMATION($,$,#3426,#3770);
#12=(
REPRESENTATION_RELATIONSHIP($,$,#5823,#5822)
REPRESENTATION_RELATIONSHIP_WITH_TRANSFORMATION(#11)
SHAPE_REPRESENTATION_RELATIONSHIP()
);
#13=CONTEXT_DEPENDENT_SHAPE_REPRESENTATION(#12,#5821);
#14=NEXT_ASSEMBLY_USAGE_OCCURRENCE('reel_left_bottom_PCB:1',
'reel_left_bottom_PCB:1','reel_left_bottom_PCB:1',#5825,#5826,
'reel_left_bottom_PCB:1');
#15=SHAPE_REPRESENTATION_RELATIONSHIP('SRR','None',#5823,#16);
#16=ADVANCED_BREP_SHAPE_REPRESENTATION('',(#18),#5811);
#17=STYLED_ITEM('',(#5837),#18);
#18=MANIFOLD_SOLID_BREP('\X2\30DC30C730A3\X0\1',#3412);
#19=FACE_BOUND('',#314,.T.);
#20=FACE_BOUND('',#315,.T.);
#21=FACE_BOUND('',#316,.T.);
#22=FACE_BOUND('',#317,.T.);
#23=FACE_BOUND('',#318,.T.);
#24=FACE_BOUND('',#319,.T.);
#25=FACE_BOUND('',#465,.T.);
#26=FACE_BOUND('',#469,.T.);
#27=FACE_BOUND('',#470,.T.);
#28=FACE_BOUND('',#471,.T.);
#29=FACE_BOUND('',#472,.T.);
#30=FACE_BOUND('',#473,.T.);
#31=TOROIDAL_SURFACE('',#3483,2.,1.);
#32=TOROIDAL_SURFACE('',#3489,2.00000000000001,1.);
#33=TOROIDAL_SURFACE('',#3495,2.00000000000001,1.);
#34=TOROIDAL_SURFACE('',#3501,2.00000000000001,1.);
#35=PLANE('',#3430);
#36=PLANE('',#3463);
#37=PLANE('',#3466);
#38=PLANE('',#3470);
#39=PLANE('',#3471);
#40=PLANE('',#3506);
#41=PLANE('',#3509);
#42=PLANE('',#3510);
#43=PLANE('',#3542);
#44=PLANE('',#3545);
#45=PLANE('',#3546);
#46=PLANE('',#3547);
#47=PLANE('',#3548);
#48=PLANE('',#3549);
#49=PLANE('',#3550);
#50=PLANE('',#3551);
#51=PLANE('',#3601);
#52=PLANE('',#3603);
#53=PLANE('',#3606);
#54=PLANE('',#3608);
#55=PLANE('',#3610);
#56=PLANE('',#3612);
#57=PLANE('',#3614);
#58=PLANE('',#3616);
#59=PLANE('',#3618);
#60=PLANE('',#3620);
#61=PLANE('',#3622);
#62=PLANE('',#3624);
#63=PLANE('',#3626);
#64=PLANE('',#3628);
#65=PLANE('',#3630);
#66=PLANE('',#3632);
#67=PLANE('',#3634);
#68=PLANE('',#3636);
#69=PLANE('',#3638);
#70=PLANE('',#3640);
#71=PLANE('',#3642);
#72=PLANE('',#3644);
#73=PLANE('',#3646);
#74=PLANE('',#3648);
#75=PLANE('',#3652);
#76=PLANE('',#3654);
#77=PLANE('',#3656);
#78=PLANE('',#3659);
#79=PLANE('',#3661);
#80=PLANE('',#3663);
#81=PLANE('',#3665);
#82=PLANE('',#3667);
#83=PLANE('',#3669);
#84=PLANE('',#3671);
#85=PLANE('',#3673);
#86=PLANE('',#3676);
#87=PLANE('',#3679);
#88=PLANE('',#3682);
#89=PLANE('',#3684);
#90=PLANE('',#3686);
#91=PLANE('',#3689);
#92=PLANE('',#3691);
#93=PLANE('',#3693);
#94=PLANE('',#3695);
#95=PLANE('',#3697);
#96=PLANE('',#3699);
#97=PLANE('',#3701);
#98=PLANE('',#3703);
#99=PLANE('',#3706);
#100=PLANE('',#3709);
#101=PLANE('',#3710);
#102=PLANE('',#3713);
#103=PLANE('',#3716);
#104=PLANE('',#3719);
#105=PLANE('',#3722);
#106=PLANE('',#3725);
#107=PLANE('',#3728);
#108=PLANE('',#3729);
#109=PLANE('',#3732);
#110=PLANE('',#3735);
#111=PLANE('',#3736);
#112=PLANE('',#3739);
#113=PLANE('',#3740);
#114=PLANE('',#3743);
#115=PLANE('',#3746);
#116=PLANE('',#3749);
#117=PLANE('',#3752);
#118=PLANE('',#3755);
#119=PLANE('',#3758);
#120=PLANE('',#3759);
#121=FACE_OUTER_BOUND('',#294,.T.);
#122=FACE_OUTER_BOUND('',#295,.T.);
#123=FACE_OUTER_BOUND('',#296,.T.);
#124=FACE_OUTER_BOUND('',#297,.T.);
#125=FACE_OUTER_BOUND('',#298,.T.);
#126=FACE_OUTER_BOUND('',#299,.T.);
#127=FACE_OUTER_BOUND('',#300,.T.);
#128=FACE_OUTER_BOUND('',#301,.T.);
#129=FACE_OUTER_BOUND('',#302,.T.);
#130=FACE_OUTER_BOUND('',#303,.T.);
#131=FACE_OUTER_BOUND('',#304,.T.);
#132=FACE_OUTER_BOUND('',#305,.T.);
#133=FACE_OUTER_BOUND('',#306,.T.);
#134=FACE_OUTER_BOUND('',#307,.T.);
#135=FACE_OUTER_BOUND('',#308,.T.);
#136=FACE_OUTER_BOUND('',#309,.T.);
#137=FACE_OUTER_BOUND('',#310,.T.);
#138=FACE_OUTER_BOUND('',#311,.T.);
#139=FACE_OUTER_BOUND('',#312,.T.);
#140=FACE_OUTER_BOUND('',#313,.T.);
#141=FACE_OUTER_BOUND('',#320,.T.);
#142=FACE_OUTER_BOUND('',#321,.T.);
#143=FACE_OUTER_BOUND('',#322,.T.);
#144=FACE_OUTER_BOUND('',#323,.T.);
#145=FACE_OUTER_BOUND('',#324,.T.);
#146=FACE_OUTER_BOUND('',#325,.T.);
#147=FACE_OUTER_BOUND('',#326,.T.);
#148=FACE_OUTER_BOUND('',#327,.T.);
#149=FACE_OUTER_BOUND('',#328,.T.);
#150=FACE_OUTER_BOUND('',#329,.T.);
#151=FACE_OUTER_BOUND('',#330,.T.);
#152=FACE_OUTER_BOUND('',#331,.T.);
#153=FACE_OUTER_BOUND('',#332,.T.);
#154=FACE_OUTER_BOUND('',#333,.T.);
#155=FACE_OUTER_BOUND('',#334,.T.);
#156=FACE_OUTER_BOUND('',#335,.T.);
#157=FACE_OUTER_BOUND('',#336,.T.);
#158=FACE_OUTER_BOUND('',#337,.T.);
#159=FACE_OUTER_BOUND('',#338,.T.);
#160=FACE_OUTER_BOUND('',#339,.T.);
#161=FACE_OUTER_BOUND('',#340,.T.);
#162=FACE_OUTER_BOUND('',#341,.T.);
#163=FACE_OUTER_BOUND('',#342,.T.);
#164=FACE_OUTER_BOUND('',#343,.T.);
#165=FACE_OUTER_BOUND('',#344,.T.);
#166=FACE_OUTER_BOUND('',#345,.T.);
#167=FACE_OUTER_BOUND('',#346,.T.);
#168=FACE_OUTER_BOUND('',#347,.T.);
#169=FACE_OUTER_BOUND('',#348,.T.);
#170=FACE_OUTER_BOUND('',#349,.T.);
#171=FACE_OUTER_BOUND('',#350,.T.);
#172=FACE_OUTER_BOUND('',#351,.T.);
#173=FACE_OUTER_BOUND('',#352,.T.);
#174=FACE_OUTER_BOUND('',#353,.T.);
#175=FACE_OUTER_BOUND('',#354,.T.);
#176=FACE_OUTER_BOUND('',#355,.T.);
#177=FACE_OUTER_BOUND('',#356,.T.);
#178=FACE_OUTER_BOUND('',#357,.T.);
#179=FACE_OUTER_BOUND('',#358,.T.);
#180=FACE_OUTER_BOUND('',#359,.T.);
#181=FACE_OUTER_BOUND('',#360,.T.);
#182=FACE_OUTER_BOUND('',#361,.T.);
#183=FACE_OUTER_BOUND('',#362,.T.);
#184=FACE_OUTER_BOUND('',#363,.T.);
#185=FACE_OUTER_BOUND('',#364,.T.);
#186=FACE_OUTER_BOUND('',#365,.T.);
#187=FACE_OUTER_BOUND('',#366,.T.);
#188=FACE_OUTER_BOUND('',#367,.T.);
#189=FACE_OUTER_BOUND('',#368,.T.);
#190=FACE_OUTER_BOUND('',#369,.T.);
#191=FACE_OUTER_BOUND('',#370,.T.);
#192=FACE_OUTER_BOUND('',#371,.T.);
#193=FACE_OUTER_BOUND('',#372,.T.);
#194=FACE_OUTER_BOUND('',#373,.T.);
#195=FACE_OUTER_BOUND('',#374,.T.);
#196=FACE_OUTER_BOUND('',#375,.T.);
#197=FACE_OUTER_BOUND('',#376,.T.);
#198=FACE_OUTER_BOUND('',#377,.T.);
#199=FACE_OUTER_BOUND('',#378,.T.);
#200=FACE_OUTER_BOUND('',#379,.T.);
#201=FACE_OUTER_BOUND('',#380,.T.);
#202=FACE_OUTER_BOUND('',#381,.T.);
#203=FACE_OUTER_BOUND('',#382,.T.);
#204=FACE_OUTER_BOUND('',#383,.T.);
#205=FACE_OUTER_BOUND('',#384,.T.);
#206=FACE_OUTER_BOUND('',#385,.T.);
#207=FACE_OUTER_BOUND('',#386,.T.);
#208=FACE_OUTER_BOUND('',#387,.T.);
#209=FACE_OUTER_BOUND('',#388,.T.);
#210=FACE_OUTER_BOUND('',#389,.T.);
#211=FACE_OUTER_BOUND('',#390,.T.);
#212=FACE_OUTER_BOUND('',#391,.T.);
#213=FACE_OUTER_BOUND('',#392,.T.);
#214=FACE_OUTER_BOUND('',#393,.T.);
#215=FACE_OUTER_BOUND('',#394,.T.);
#216=FACE_OUTER_BOUND('',#395,.T.);
#217=FACE_OUTER_BOUND('',#396,.T.);
#218=FACE_OUTER_BOUND('',#397,.T.);
#219=FACE_OUTER_BOUND('',#398,.T.);
#220=FACE_OUTER_BOUND('',#399,.T.);
#221=FACE_OUTER_BOUND('',#400,.T.);
#222=FACE_OUTER_BOUND('',#401,.T.);
#223=FACE_OUTER_BOUND('',#402,.T.);
#224=FACE_OUTER_BOUND('',#403,.T.);
#225=FACE_OUTER_BOUND('',#404,.T.);
#226=FACE_OUTER_BOUND('',#405,.T.);
#227=FACE_OUTER_BOUND('',#406,.T.);
#228=FACE_OUTER_BOUND('',#407,.T.);
#229=FACE_OUTER_BOUND('',#408,.T.);
#230=FACE_OUTER_BOUND('',#409,.T.);
#231=FACE_OUTER_BOUND('',#410,.T.);
#232=FACE_OUTER_BOUND('',#411,.T.);
#233=FACE_OUTER_BOUND('',#412,.T.);
#234=FACE_OUTER_BOUND('',#413,.T.);
#235=FACE_OUTER_BOUND('',#414,.T.);
#236=FACE_OUTER_BOUND('',#415,.T.);
#237=FACE_OUTER_BOUND('',#416,.T.);
#238=FACE_OUTER_BOUND('',#417,.T.);
#239=FACE_OUTER_BOUND('',#418,.T.);
#240=FACE_OUTER_BOUND('',#419,.T.);
#241=FACE_OUTER_BOUND('',#420,.T.);
#242=FACE_OUTER_BOUND('',#421,.T.);
#243=FACE_OUTER_BOUND('',#422,.T.);
#244=FACE_OUTER_BOUND('',#423,.T.);
#245=FACE_OUTER_BOUND('',#424,.T.);
#246=FACE_OUTER_BOUND('',#425,.T.);
#247=FACE_OUTER_BOUND('',#426,.T.);
#248=FACE_OUTER_BOUND('',#427,.T.);
#249=FACE_OUTER_BOUND('',#428,.T.);
#250=FACE_OUTER_BOUND('',#429,.T.);
#251=FACE_OUTER_BOUND('',#430,.T.);
#252=FACE_OUTER_BOUND('',#431,.T.);
#253=FACE_OUTER_BOUND('',#432,.T.);
#254=FACE_OUTER_BOUND('',#433,.T.);
#255=FACE_OUTER_BOUND('',#434,.T.);
#256=FACE_OUTER_BOUND('',#435,.T.);
#257=FACE_OUTER_BOUND('',#436,.T.);
#258=FACE_OUTER_BOUND('',#437,.T.);
#259=FACE_OUTER_BOUND('',#438,.T.);
#260=FACE_OUTER_BOUND('',#439,.T.);
#261=FACE_OUTER_BOUND('',#440,.T.);
#262=FACE_OUTER_BOUND('',#441,.T.);
#263=FACE_OUTER_BOUND('',#442,.T.);
#264=FACE_OUTER_BOUND('',#443,.T.);
#265=FACE_OUTER_BOUND('',#444,.T.);
#266=FACE_OUTER_BOUND('',#445,.T.);
#267=FACE_OUTER_BOUND('',#446,.T.);
#268=FACE_OUTER_BOUND('',#447,.T.);
#269=FACE_OUTER_BOUND('',#448,.T.);
#270=FACE_OUTER_BOUND('',#449,.T.);
#271=FACE_OUTER_BOUND('',#450,.T.);
#272=FACE_OUTER_BOUND('',#451,.T.);
#273=FACE_OUTER_BOUND('',#452,.T.);
#274=FACE_OUTER_BOUND('',#453,.T.);
#275=FACE_OUTER_BOUND('',#454,.T.);
#276=FACE_OUTER_BOUND('',#455,.T.);
#277=FACE_OUTER_BOUND('',#456,.T.);
#278=FACE_OUTER_BOUND('',#457,.T.);
#279=FACE_OUTER_BOUND('',#458,.T.);
#280=FACE_OUTER_BOUND('',#459,.T.);
#281=FACE_OUTER_BOUND('',#460,.T.);
#282=FACE_OUTER_BOUND('',#461,.T.);
#283=FACE_OUTER_BOUND('',#462,.T.);
#284=FACE_OUTER_BOUND('',#463,.T.);
#285=FACE_OUTER_BOUND('',#464,.T.);
#286=FACE_OUTER_BOUND('',#466,.T.);
#287=FACE_OUTER_BOUND('',#467,.T.);
#288=FACE_OUTER_BOUND('',#468,.T.);
#289=FACE_OUTER_BOUND('',#474,.T.);
#290=FACE_OUTER_BOUND('',#475,.T.);
#291=FACE_OUTER_BOUND('',#476,.T.);
#292=FACE_OUTER_BOUND('',#477,.T.);
#293=FACE_OUTER_BOUND('',#478,.T.);
#294=EDGE_LOOP('',(#2150,#2151,#2152,#2153));
#295=EDGE_LOOP('',(#2154,#2155,#2156,#2157,#2158,#2159,#2160,#2161,#2162,
#2163,#2164,#2165,#2166,#2167,#2168,#2169,#2170,#2171,#2172,#2173,#2174,
#2175,#2176,#2177,#2178,#2179,#2180,#2181,#2182,#2183,#2184,#2185,#2186,
#2187,#2188,#2189,#2190,#2191,#2192,#2193,#2194,#2195,#2196,#2197,#2198,
#2199,#2200,#2201,#2202,#2203,#2204,#2205,#2206,#2207,#2208,#2209,#2210,
#2211,#2212,#2213,#2214,#2215,#2216,#2217,#2218,#2219,#2220,#2221,#2222));
#296=EDGE_LOOP('',(#2223,#2224,#2225,#2226,#2227,#2228,#2229,#2230,#2231,
#2232));
#297=EDGE_LOOP('',(#2233,#2234,#2235,#2236,#2237,#2238));
#298=EDGE_LOOP('',(#2239,#2240,#2241,#2242));
#299=EDGE_LOOP('',(#2243,#2244,#2245,#2246,#2247,#2248));
#300=EDGE_LOOP('',(#2249,#2250,#2251,#2252,#2253,#2254,#2255,#2256,#2257,
#2258,#2259,#2260,#2261,#2262,#2263,#2264,#2265,#2266,#2267,#2268));
#301=EDGE_LOOP('',(#2269,#2270,#2271,#2272));
#302=EDGE_LOOP('',(#2273,#2274,#2275,#2276));
#303=EDGE_LOOP('',(#2277,#2278,#2279,#2280));
#304=EDGE_LOOP('',(#2281,#2282,#2283,#2284));
#305=EDGE_LOOP('',(#2285,#2286,#2287,#2288));
#306=EDGE_LOOP('',(#2289,#2290,#2291,#2292));
#307=EDGE_LOOP('',(#2293,#2294,#2295,#2296));
#308=EDGE_LOOP('',(#2297,#2298,#2299,#2300));
#309=EDGE_LOOP('',(#2301,#2302,#2303,#2304));
#310=EDGE_LOOP('',(#2305,#2306,#2307,#2308));
#311=EDGE_LOOP('',(#2309,#2310,#2311,#2312));
#312=EDGE_LOOP('',(#2313,#2314,#2315,#2316));
#313=EDGE_LOOP('',(#2317,#2318,#2319,#2320,#2321,#2322,#2323,#2324,#2325,
#2326,#2327,#2328,#2329,#2330,#2331,#2332,#2333,#2334,#2335,#2336,#2337,
#2338,#2339,#2340,#2341,#2342,#2343,#2344,#2345,#2346,#2347,#2348,#2349,
#2350,#2351,#2352,#2353,#2354,#2355,#2356,#2357,#2358,#2359,#2360,#2361,
#2362,#2363));
#314=EDGE_LOOP('',(#2364));
#315=EDGE_LOOP('',(#2365));
#316=EDGE_LOOP('',(#2366));
#317=EDGE_LOOP('',(#2367));
#318=EDGE_LOOP('',(#2368));
#319=EDGE_LOOP('',(#2369,#2370,#2371,#2372,#2373,#2374,#2375,#2376));
#320=EDGE_LOOP('',(#2377,#2378,#2379,#2380));
#321=EDGE_LOOP('',(#2381,#2382,#2383,#2384));
#322=EDGE_LOOP('',(#2385,#2386,#2387,#2388));
#323=EDGE_LOOP('',(#2389,#2390,#2391,#2392));
#324=EDGE_LOOP('',(#2393,#2394,#2395,#2396,#2397,#2398,#2399,#2400));
#325=EDGE_LOOP('',(#2401,#2402,#2403,#2404,#2405));
#326=EDGE_LOOP('',(#2406,#2407,#2408,#2409,#2410));
#327=EDGE_LOOP('',(#2411,#2412,#2413,#2414));
#328=EDGE_LOOP('',(#2415,#2416,#2417,#2418));
#329=EDGE_LOOP('',(#2419,#2420,#2421,#2422,#2423,#2424,#2425,#2426,#2427,
#2428,#2429,#2430,#2431,#2432,#2433,#2434,#2435,#2436,#2437,#2438,#2439,
#2440,#2441,#2442,#2443,#2444,#2445,#2446,#2447,#2448,#2449,#2450,#2451,
#2452,#2453,#2454,#2455,#2456,#2457,#2458,#2459,#2460,#2461,#2462,#2463,
#2464,#2465,#2466,#2467,#2468,#2469,#2470,#2471,#2472,#2473,#2474,#2475,
#2476,#2477,#2478,#2479,#2480,#2481,#2482,#2483,#2484,#2485,#2486,#2487,
#2488,#2489,#2490,#2491,#2492,#2493,#2494,#2495,#2496,#2497,#2498,#2499,
#2500,#2501,#2502,#2503,#2504,#2505,#2506,#2507,#2508,#2509,#2510,#2511,
#2512,#2513,#2514,#2515,#2516,#2517));
#330=EDGE_LOOP('',(#2518,#2519,#2520,#2521,#2522,#2523,#2524,#2525));
#331=EDGE_LOOP('',(#2526,#2527,#2528,#2529));
#332=EDGE_LOOP('',(#2530,#2531,#2532,#2533));
#333=EDGE_LOOP('',(#2534,#2535,#2536,#2537));
#334=EDGE_LOOP('',(#2538,#2539,#2540,#2541));
#335=EDGE_LOOP('',(#2542,#2543,#2544,#2545));
#336=EDGE_LOOP('',(#2546,#2547,#2548,#2549));
#337=EDGE_LOOP('',(#2550,#2551,#2552,#2553));
#338=EDGE_LOOP('',(#2554,#2555,#2556,#2557));
#339=EDGE_LOOP('',(#2558,#2559,#2560,#2561));
#340=EDGE_LOOP('',(#2562,#2563,#2564,#2565));
#341=EDGE_LOOP('',(#2566,#2567,#2568,#2569));
#342=EDGE_LOOP('',(#2570,#2571,#2572,#2573));
#343=EDGE_LOOP('',(#2574,#2575,#2576,#2577));
#344=EDGE_LOOP('',(#2578,#2579,#2580,#2581));
#345=EDGE_LOOP('',(#2582,#2583,#2584,#2585));
#346=EDGE_LOOP('',(#2586,#2587,#2588,#2589));
#347=EDGE_LOOP('',(#2590,#2591,#2592,#2593));
#348=EDGE_LOOP('',(#2594,#2595,#2596,#2597));
#349=EDGE_LOOP('',(#2598,#2599,#2600,#2601));
#350=EDGE_LOOP('',(#2602,#2603,#2604,#2605));
#351=EDGE_LOOP('',(#2606,#2607,#2608,#2609));
#352=EDGE_LOOP('',(#2610,#2611,#2612,#2613));
#353=EDGE_LOOP('',(#2614,#2615,#2616,#2617));
#354=EDGE_LOOP('',(#2618,#2619,#2620,#2621));
#355=EDGE_LOOP('',(#2622,#2623,#2624,#2625));
#356=EDGE_LOOP('',(#2626,#2627,#2628,#2629));
#357=EDGE_LOOP('',(#2630,#2631,#2632,#2633));
#358=EDGE_LOOP('',(#2634,#2635,#2636,#2637));
#359=EDGE_LOOP('',(#2638,#2639,#2640,#2641));
#360=EDGE_LOOP('',(#2642,#2643,#2644,#2645));
#361=EDGE_LOOP('',(#2646,#2647,#2648,#2649));
#362=EDGE_LOOP('',(#2650,#2651,#2652,#2653));
#363=EDGE_LOOP('',(#2654,#2655,#2656,#2657));
#364=EDGE_LOOP('',(#2658,#2659,#2660,#2661));
#365=EDGE_LOOP('',(#2662,#2663,#2664,#2665));
#366=EDGE_LOOP('',(#2666,#2667,#2668,#2669));
#367=EDGE_LOOP('',(#2670,#2671,#2672,#2673));
#368=EDGE_LOOP('',(#2674,#2675,#2676,#2677));
#369=EDGE_LOOP('',(#2678,#2679,#2680,#2681));
#370=EDGE_LOOP('',(#2682,#2683,#2684,#2685));
#371=EDGE_LOOP('',(#2686,#2687,#2688,#2689));
#372=EDGE_LOOP('',(#2690,#2691,#2692,#2693));
#373=EDGE_LOOP('',(#2694,#2695,#2696,#2697));
#374=EDGE_LOOP('',(#2698,#2699,#2700,#2701));
#375=EDGE_LOOP('',(#2702,#2703,#2704,#2705));
#376=EDGE_LOOP('',(#2706,#2707,#2708,#2709));
#377=EDGE_LOOP('',(#2710,#2711,#2712,#2713,#2714,#2715,#2716,#2717,#2718,
#2719));
#378=EDGE_LOOP('',(#2720,#2721,#2722,#2723));
#379=EDGE_LOOP('',(#2724,#2725,#2726,#2727,#2728,#2729));
#380=EDGE_LOOP('',(#2730,#2731,#2732,#2733));
#381=EDGE_LOOP('',(#2734,#2735,#2736,#2737));
#382=EDGE_LOOP('',(#2738,#2739,#2740,#2741));
#383=EDGE_LOOP('',(#2742,#2743,#2744,#2745));
#384=EDGE_LOOP('',(#2746,#2747,#2748,#2749));
#385=EDGE_LOOP('',(#2750,#2751,#2752,#2753));
#386=EDGE_LOOP('',(#2754,#2755,#2756,#2757));
#387=EDGE_LOOP('',(#2758,#2759,#2760,#2761));
#388=EDGE_LOOP('',(#2762,#2763,#2764,#2765,#2766,#2767));
#389=EDGE_LOOP('',(#2768,#2769,#2770,#2771));
#390=EDGE_LOOP('',(#2772,#2773,#2774,#2775));
#391=EDGE_LOOP('',(#2776,#2777,#2778,#2779));
#392=EDGE_LOOP('',(#2780,#2781,#2782,#2783));
#393=EDGE_LOOP('',(#2784,#2785,#2786,#2787));
#394=EDGE_LOOP('',(#2788,#2789,#2790,#2791));
#395=EDGE_LOOP('',(#2792,#2793,#2794,#2795));
#396=EDGE_LOOP('',(#2796,#2797,#2798,#2799));
#397=EDGE_LOOP('',(#2800,#2801,#2802,#2803));
#398=EDGE_LOOP('',(#2804,#2805,#2806,#2807));
#399=EDGE_LOOP('',(#2808,#2809,#2810,#2811));
#400=EDGE_LOOP('',(#2812,#2813,#2814,#2815));
#401=EDGE_LOOP('',(#2816,#2817,#2818,#2819));
#402=EDGE_LOOP('',(#2820,#2821,#2822,#2823));
#403=EDGE_LOOP('',(#2824,#2825,#2826,#2827));
#404=EDGE_LOOP('',(#2828,#2829,#2830,#2831));
#405=EDGE_LOOP('',(#2832,#2833,#2834,#2835));
#406=EDGE_LOOP('',(#2836,#2837,#2838,#2839));
#407=EDGE_LOOP('',(#2840,#2841,#2842,#2843));
#408=EDGE_LOOP('',(#2844,#2845,#2846,#2847));
#409=EDGE_LOOP('',(#2848,#2849,#2850,#2851));
#410=EDGE_LOOP('',(#2852,#2853,#2854,#2855));
#411=EDGE_LOOP('',(#2856,#2857,#2858,#2859));
#412=EDGE_LOOP('',(#2860,#2861,#2862,#2863));
#413=EDGE_LOOP('',(#2864,#2865,#2866,#2867));
#414=EDGE_LOOP('',(#2868,#2869,#2870,#2871));
#415=EDGE_LOOP('',(#2872,#2873,#2874,#2875));
#416=EDGE_LOOP('',(#2876,#2877,#2878,#2879));
#417=EDGE_LOOP('',(#2880,#2881,#2882,#2883));
#418=EDGE_LOOP('',(#2884,#2885,#2886,#2887));
#419=EDGE_LOOP('',(#2888,#2889,#2890,#2891));
#420=EDGE_LOOP('',(#2892,#2893,#2894,#2895));
#421=EDGE_LOOP('',(#2896,#2897,#2898,#2899));
#422=EDGE_LOOP('',(#2900,#2901,#2902,#2903));
#423=EDGE_LOOP('',(#2904,#2905,#2906,#2907));
#424=EDGE_LOOP('',(#2908,#2909,#2910,#2911));
#425=EDGE_LOOP('',(#2912,#2913,#2914,#2915));
#426=EDGE_LOOP('',(#2916,#2917,#2918,#2919));
#427=EDGE_LOOP('',(#2920,#2921,#2922,#2923));
#428=EDGE_LOOP('',(#2924,#2925,#2926,#2927));
#429=EDGE_LOOP('',(#2928,#2929,#2930,#2931));
#430=EDGE_LOOP('',(#2932,#2933,#2934,#2935));
#431=EDGE_LOOP('',(#2936,#2937,#2938,#2939));
#432=EDGE_LOOP('',(#2940,#2941,#2942,#2943,#2944,#2945));
#433=EDGE_LOOP('',(#2946,#2947,#2948,#2949));
#434=EDGE_LOOP('',(#2950,#2951,#2952,#2953));
#435=EDGE_LOOP('',(#2954,#2955,#2956,#2957));
#436=EDGE_LOOP('',(#2958,#2959,#2960,#2961));
#437=EDGE_LOOP('',(#2962,#2963,#2964,#2965));
#438=EDGE_LOOP('',(#2966,#2967,#2968,#2969));
#439=EDGE_LOOP('',(#2970,#2971,#2972,#2973));
#440=EDGE_LOOP('',(#2974,#2975,#2976,#2977));
#441=EDGE_LOOP('',(#2978,#2979,#2980,#2981));
#442=EDGE_LOOP('',(#2982,#2983,#2984,#2985));
#443=EDGE_LOOP('',(#2986,#2987,#2988,#2989));
#444=EDGE_LOOP('',(#2990,#2991,#2992,#2993));
#445=EDGE_LOOP('',(#2994,#2995,#2996,#2997));
#446=EDGE_LOOP('',(#2998,#2999,#3000,#3001));
#447=EDGE_LOOP('',(#3002,#3003,#3004,#3005));
#448=EDGE_LOOP('',(#3006,#3007,#3008,#3009));
#449=EDGE_LOOP('',(#3010,#3011,#3012,#3013));
#450=EDGE_LOOP('',(#3014,#3015,#3016,#3017));
#451=EDGE_LOOP('',(#3018,#3019,#3020,#3021));
#452=EDGE_LOOP('',(#3022,#3023,#3024,#3025));
#453=EDGE_LOOP('',(#3026,#3027,#3028,#3029));
#454=EDGE_LOOP('',(#3030,#3031,#3032,#3033));
#455=EDGE_LOOP('',(#3034,#3035,#3036,#3037));
#456=EDGE_LOOP('',(#3038,#3039,#3040,#3041));
#457=EDGE_LOOP('',(#3042,#3043,#3044,#3045));
#458=EDGE_LOOP('',(#3046,#3047,#3048,#3049));
#459=EDGE_LOOP('',(#3050,#3051,#3052,#3053));
#460=EDGE_LOOP('',(#3054,#3055,#3056,#3057));
#461=EDGE_LOOP('',(#3058,#3059,#3060,#3061));
#462=EDGE_LOOP('',(#3062,#3063,#3064,#3065,#3066,#3067,#3068,#3069,#3070,
#3071));
#463=EDGE_LOOP('',(#3072,#3073,#3074,#3075));
#464=EDGE_LOOP('',(#3076,#3077,#3078,#3079));
#465=EDGE_LOOP('',(#3080,#3081,#3082,#3083));
#466=EDGE_LOOP('',(#3084,#3085,#3086,#3087));
#467=EDGE_LOOP('',(#3088,#3089,#3090,#3091));
#468=EDGE_LOOP('',(#3092,#3093,#3094,#3095,#3096,#3097,#3098,#3099,#3100,
#3101,#3102,#3103,#3104,#3105,#3106,#3107,#3108,#3109,#3110,#3111,#3112,
#3113,#3114,#3115,#3116,#3117,#3118,#3119,#3120,#3121,#3122,#3123,#3124,
#3125,#3126,#3127,#3128,#3129,#3130));
#469=EDGE_LOOP('',(#3131));
#470=EDGE_LOOP('',(#3132));
#471=EDGE_LOOP('',(#3133));
#472=EDGE_LOOP('',(#3134));
#473=EDGE_LOOP('',(#3135));
#474=EDGE_LOOP('',(#3136,#3137,#3138,#3139));
#475=EDGE_LOOP('',(#3140,#3141,#3142,#3143));
#476=EDGE_LOOP('',(#3144,#3145,#3146,#3147));
#477=EDGE_LOOP('',(#3148,#3149,#3150,#3151));
#478=EDGE_LOOP('',(#3152,#3153,#3154,#3155));
#479=LINE('',#4803,#812);
#480=LINE('',#4806,#813);
#481=LINE('',#4809,#814);
#482=LINE('',#4813,#815);
#483=LINE('',#4817,#816);
#484=LINE('',#4821,#817);
#485=LINE('',#4825,#818);
#486=LINE('',#4829,#819);
#487=LINE('',#4833,#820);
#488=LINE('',#4837,#821);
#489=LINE('',#4841,#822);
#490=LINE('',#4845,#823);
#491=LINE('',#4849,#824);
#492=LINE('',#4853,#825);
#493=LINE('',#4857,#826);
#494=LINE('',#4861,#827);
#495=LINE('',#4867,#828);
#496=LINE('',#4871,#829);
#497=LINE('',#4875,#830);
#498=LINE('',#4881,#831);
#499=LINE('',#4883,#832);
#500=LINE('',#4885,#833);
#501=LINE('',#4889,#834);
#502=LINE('',#4893,#835);
#503=LINE('',#4897,#836);
#504=LINE('',#4901,#837);
#505=LINE('',#4903,#838);
#506=LINE('',#4907,#839);
#507=LINE('',#4909,#840);
#508=LINE('',#4913,#841);
#509=LINE('',#4917,#842);
#510=LINE('',#4919,#843);
#511=LINE('',#4923,#844);
#512=LINE('',#4927,#845);
#513=LINE('',#4931,#846);
#514=LINE('',#4935,#847);
#515=LINE('',#4939,#848);
#516=LINE('',#4942,#849);
#517=LINE('',#4945,#850);
#518=LINE('',#4947,#851);
#519=LINE('',#4949,#852);
#520=LINE('',#4951,#853);
#521=LINE('',#4953,#854);
#522=LINE('',#4957,#855);
#523=LINE('',#4960,#856);
#524=LINE('',#4963,#857);
#525=LINE('',#4965,#858);
#526=LINE('',#4966,#859);
#527=LINE('',#4972,#860);
#528=LINE('',#4975,#861);
#529=LINE('',#4977,#862);
#530=LINE('',#4979,#863);
#531=LINE('',#4980,#864);
#532=LINE('',#4983,#865);
#533=LINE('',#4987,#866);
#534=LINE('',#4991,#867);
#535=LINE('',#4995,#868);
#536=LINE('',#4999,#869);
#537=LINE('',#5001,#870);
#538=LINE('',#5003,#871);
#539=LINE('',#5007,#872);
#540=LINE('',#5011,#873);
#541=LINE('',#5015,#874);
#542=LINE('',#5022,#875);
#543=LINE('',#5025,#876);
#544=LINE('',#5036,#877);
#545=LINE('',#5037,#878);
#546=LINE('',#5048,#879);
#547=LINE('',#5049,#880);
#548=LINE('',#5060,#881);
#549=LINE('',#5061,#882);
#550=LINE('',#5067,#883);
#551=LINE('',#5070,#884);
#552=LINE('',#5073,#885);
#553=LINE('',#5074,#886);
#554=LINE('',#5077,#887);
#555=LINE('',#5081,#888);
#556=LINE('',#5082,#889);
#557=LINE('',#5088,#890);
#558=LINE('',#5094,#891);
#559=LINE('',#5098,#892);
#560=LINE('',#5102,#893);
#561=LINE('',#5106,#894);
#562=LINE('',#5110,#895);
#563=LINE('',#5114,#896);
#564=LINE('',#5118,#897);
#565=LINE('',#5122,#898);
#566=LINE('',#5126,#899);
#567=LINE('',#5130,#900);
#568=LINE('',#5134,#901);
#569=LINE('',#5138,#902);
#570=LINE('',#5142,#903);
#571=LINE('',#5146,#904);
#572=LINE('',#5150,#905);
#573=LINE('',#5154,#906);
#574=LINE('',#5158,#907);
#575=LINE('',#5162,#908);
#576=LINE('',#5166,#909);
#577=LINE('',#5170,#910);
#578=LINE('',#5174,#911);
#579=LINE('',#5177,#912);
#580=LINE('',#5190,#913);
#581=LINE('',#5194,#914);
#582=LINE('',#5195,#915);
#583=LINE('',#5198,#916);
#584=LINE('',#5201,#917);
#585=LINE('',#5206,#918);
#586=LINE('',#5208,#919);
#587=LINE('',#5210,#920);
#588=LINE('',#5212,#921);
#589=LINE('',#5213,#922);
#590=LINE('',#5217,#923);
#591=LINE('',#5219,#924);
#592=LINE('',#5221,#925);
#593=LINE('',#5223,#926);
#594=LINE('',#5224,#927);
#595=LINE('',#5226,#928);
#596=LINE('',#5227,#929);
#597=LINE('',#5229,#930);
#598=LINE('',#5230,#931);
#599=LINE('',#5233,#932);
#600=LINE('',#5237,#933);
#601=LINE('',#5241,#934);
#602=LINE('',#5245,#935);
#603=LINE('',#5249,#936);
#604=LINE('',#5253,#937);
#605=LINE('',#5257,#938);
#606=LINE('',#5261,#939);
#607=LINE('',#5265,#940);
#608=LINE('',#5269,#941);
#609=LINE('',#5273,#942);
#610=LINE('',#5277,#943);
#611=LINE('',#5281,#944);
#612=LINE('',#5285,#945);
#613=LINE('',#5289,#946);
#614=LINE('',#5293,#947);
#615=LINE('',#5297,#948);
#616=LINE('',#5301,#949);
#617=LINE('',#5305,#950);
#618=LINE('',#5309,#951);
#619=LINE('',#5313,#952);
#620=LINE('',#5317,#953);
#621=LINE('',#5323,#954);
#622=LINE('',#5326,#955);
#623=LINE('',#5328,#956);
#624=LINE('',#5332,#957);
#625=LINE('',#5338,#958);
#626=LINE('',#5342,#959);
#627=LINE('',#5346,#960);
#628=LINE('',#5352,#961);
#629=LINE('',#5356,#962);
#630=LINE('',#5360,#963);
#631=LINE('',#5364,#964);
#632=LINE('',#5368,#965);
#633=LINE('',#5372,#966);
#634=LINE('',#5376,#967);
#635=LINE('',#5380,#968);
#636=LINE('',#5384,#969);
#637=LINE('',#5388,#970);
#638=LINE('',#5392,#971);
#639=LINE('',#5396,#972);
#640=LINE('',#5400,#973);
#641=LINE('',#5404,#974);
#642=LINE('',#5408,#975);
#643=LINE('',#5413,#976);
#644=LINE('',#5417,#977);
#645=LINE('',#5420,#978);
#646=LINE('',#5422,#979);
#647=LINE('',#5423,#980);
#648=LINE('',#5425,#981);
#649=LINE('',#5427,#982);
#650=LINE('',#5429,#983);
#651=LINE('',#5431,#984);
#652=LINE('',#5433,#985);
#653=LINE('',#5435,#986);
#654=LINE('',#5437,#987);
#655=LINE('',#5439,#988);
#656=LINE('',#5441,#989);
#657=LINE('',#5443,#990);
#658=LINE('',#5445,#991);
#659=LINE('',#5447,#992);
#660=LINE('',#5449,#993);
#661=LINE('',#5451,#994);
#662=LINE('',#5453,#995);
#663=LINE('',#5455,#996);
#664=LINE('',#5457,#997);
#665=LINE('',#5459,#998);
#666=LINE('',#5461,#999);
#667=LINE('',#5463,#1000);
#668=LINE('',#5465,#1001);
#669=LINE('',#5467,#1002);
#670=LINE('',#5469,#1003);
#671=LINE('',#5471,#1004);
#672=LINE('',#5473,#1005);
#673=LINE('',#5475,#1006);
#674=LINE('',#5477,#1007);
#675=LINE('',#5479,#1008);
#676=LINE('',#5481,#1009);
#677=LINE('',#5483,#1010);
#678=LINE('',#5485,#1011);
#679=LINE('',#5487,#1012);
#680=LINE('',#5489,#1013);
#681=LINE('',#5491,#1014);
#682=LINE('',#5493,#1015);
#683=LINE('',#5495,#1016);
#684=LINE('',#5497,#1017);
#685=LINE('',#5499,#1018);
#686=LINE('',#5501,#1019);
#687=LINE('',#5503,#1020);
#688=LINE('',#5505,#1021);
#689=LINE('',#5507,#1022);
#690=LINE('',#5509,#1023);
#691=LINE('',#5511,#1024);
#692=LINE('',#5513,#1025);
#693=LINE('',#5516,#1026);
#694=LINE('',#5518,#1027);
#695=LINE('',#5522,#1028);
#696=LINE('',#5525,#1029);
#697=LINE('',#5526,#1030);
#698=LINE('',#5528,#1031);
#699=LINE('',#5530,#1032);
#700=LINE('',#5532,#1033);
#701=LINE('',#5534,#1034);
#702=LINE('',#5536,#1035);
#703=LINE('',#5538,#1036);
#704=LINE('',#5541,#1037);
#705=LINE('',#5543,#1038);
#706=LINE('',#5545,#1039);
#707=LINE('',#5547,#1040);
#708=LINE('',#5549,#1041);
#709=LINE('',#5551,#1042);
#710=LINE('',#5553,#1043);
#711=LINE('',#5555,#1044);
#712=LINE('',#5557,#1045);
#713=LINE('',#5559,#1046);
#714=LINE('',#5561,#1047);
#715=LINE('',#5563,#1048);
#716=LINE('',#5565,#1049);
#717=LINE('',#5567,#1050);
#718=LINE('',#5569,#1051);
#719=LINE('',#5572,#1052);
#720=LINE('',#5573,#1053);
#721=LINE('',#5577,#1054);
#722=LINE('',#5580,#1055);
#723=LINE('',#5581,#1056);
#724=LINE('',#5585,#1057);
#725=LINE('',#5587,#1058);
#726=LINE('',#5589,#1059);
#727=LINE('',#5591,#1060);
#728=LINE('',#5593,#1061);
#729=LINE('',#5595,#1062);
#730=LINE('',#5597,#1063);
#731=LINE('',#5599,#1064);
#732=LINE('',#5601,#1065);
#733=LINE('',#5603,#1066);
#734=LINE('',#5605,#1067);
#735=LINE('',#5607,#1068);
#736=LINE('',#5609,#1069);
#737=LINE('',#5611,#1070);
#738=LINE('',#5613,#1071);
#739=LINE('',#5615,#1072);
#740=LINE('',#5617,#1073);
#741=LINE('',#5619,#1074);
#742=LINE('',#5621,#1075);
#743=LINE('',#5623,#1076);
#744=LINE('',#5625,#1077);
#745=LINE('',#5627,#1078);
#746=LINE('',#5629,#1079);
#747=LINE('',#5631,#1080);
#748=LINE('',#5633,#1081);
#749=LINE('',#5639,#1082);
#750=LINE('',#5640,#1083);
#751=LINE('',#5643,#1084);
#752=LINE('',#5644,#1085);
#753=LINE('',#5648,#1086);
#754=LINE('',#5651,#1087);
#755=LINE('',#5652,#1088);
#756=LINE('',#5654,#1089);
#757=LINE('',#5658,#1090);
#758=LINE('',#5661,#1091);
#759=LINE('',#5662,#1092);
#760=LINE('',#5666,#1093);
#761=LINE('',#5669,#1094);
#762=LINE('',#5670,#1095);
#763=LINE('',#5674,#1096);
#764=LINE('',#5677,#1097);
#765=LINE('',#5678,#1098);
#766=LINE('',#5682,#1099);
#767=LINE('',#5685,#1100);
#768=LINE('',#5686,#1101);
#769=LINE('',#5690,#1102);
#770=LINE('',#5693,#1103);
#771=LINE('',#5694,#1104);
#772=LINE('',#5698,#1105);
#773=LINE('',#5701,#1106);
#774=LINE('',#5702,#1107);
#775=LINE('',#5705,#1108);
#776=LINE('',#5706,#1109);
#777=LINE('',#5710,#1110);
#778=LINE('',#5713,#1111);
#779=LINE('',#5714,#1112);
#780=LINE('',#5718,#1113);
#781=LINE('',#5721,#1114);
#782=LINE('',#5722,#1115);
#783=LINE('',#5725,#1116);
#784=LINE('',#5726,#1117);
#785=LINE('',#5730,#1118);
#786=LINE('',#5733,#1119);
#787=LINE('',#5734,#1120);
#788=LINE('',#5737,#1121);
#789=LINE('',#5738,#1122);
#790=LINE('',#5742,#1123);
#791=LINE('',#5745,#1124);
#792=LINE('',#5746,#1125);
#793=LINE('',#5750,#1126);
#794=LINE('',#5753,#1127);
#795=LINE('',#5754,#1128);
#796=LINE('',#5758,#1129);
#797=LINE('',#5761,#1130);
#798=LINE('',#5762,#1131);
#799=LINE('',#5766,#1132);
#800=LINE('',#5769,#1133);
#801=LINE('',#5770,#1134);
#802=LINE('',#5774,#1135);
#803=LINE('',#5777,#1136);
#804=LINE('',#5778,#1137);
#805=LINE('',#5782,#1138);
#806=LINE('',#5784,#1139);
#807=LINE('',#5797,#1140);
#808=LINE('',#5799,#1141);
#809=LINE('',#5801,#1142);
#810=LINE('',#5803,#1143);
#811=LINE('',#5805,#1144);
#812=VECTOR('',#3779,10.);
#813=VECTOR('',#3782,10.);
#814=VECTOR('',#3785,10.);
#815=VECTOR('',#3788,10.);
#816=VECTOR('',#3791,10.);
#817=VECTOR('',#3794,10.);
#818=VECTOR('',#3797,10.);
#819=VECTOR('',#3800,10.);
#820=VECTOR('',#3803,10.);
#821=VECTOR('',#3806,10.);
#822=VECTOR('',#3809,10.);
#823=VECTOR('',#3812,10.);
#824=VECTOR('',#3815,10.);
#825=VECTOR('',#3818,10.);
#826=VECTOR('',#3821,10.);
#827=VECTOR('',#3824,10.);
#828=VECTOR('',#3829,10.);
#829=VECTOR('',#3832,10.);
#830=VECTOR('',#3835,10.);
#831=VECTOR('',#3840,10.);
#832=VECTOR('',#3841,10.);
#833=VECTOR('',#3842,10.);
#834=VECTOR('',#3845,10.);
#835=VECTOR('',#3848,10.);
#836=VECTOR('',#3851,10.);
#837=VECTOR('',#3854,10.);
#838=VECTOR('',#3855,10.);
#839=VECTOR('',#3858,10.);
#840=VECTOR('',#3859,10.);
#841=VECTOR('',#3862,10.);
#842=VECTOR('',#3865,10.);
#843=VECTOR('',#3866,10.);
#844=VECTOR('',#3869,10.);
#845=VECTOR('',#3872,10.);
#846=VECTOR('',#3875,10.);
#847=VECTOR('',#3878,10.);
#848=VECTOR('',#3881,10.);
#849=VECTOR('',#3884,10.);
#850=VECTOR('',#3887,10.);
#851=VECTOR('',#3888,10.);
#852=VECTOR('',#3889,10.);
#853=VECTOR('',#3890,10.);
#854=VECTOR('',#3891,10.);
#855=VECTOR('',#3894,10.);
#856=VECTOR('',#3897,10.);
#857=VECTOR('',#3900,10.);
#858=VECTOR('',#3901,10.);
#859=VECTOR('',#3902,10.);
#860=VECTOR('',#3909,10.);
#861=VECTOR('',#3912,10.);
#862=VECTOR('',#3913,10.);
#863=VECTOR('',#3914,10.);
#864=VECTOR('',#3915,10.);
#865=VECTOR('',#3918,10.);
#866=VECTOR('',#3921,10.);
#867=VECTOR('',#3924,10.);
#868=VECTOR('',#3927,10.);
#869=VECTOR('',#3930,10.);
#870=VECTOR('',#3931,10.);
#871=VECTOR('',#3932,10.);
#872=VECTOR('',#3935,10.);
#873=VECTOR('',#3938,10.);
#874=VECTOR('',#3941,10.);
#875=VECTOR('',#3948,10.);
#876=VECTOR('',#3951,10.);
#877=VECTOR('',#3964,10.);
#878=VECTOR('',#3965,10.);
#879=VECTOR('',#3978,10.);
#880=VECTOR('',#3979,10.);
#881=VECTOR('',#3992,10.);
#882=VECTOR('',#3993,10.);
#883=VECTOR('',#4002,10.);
#884=VECTOR('',#4005,10.);
#885=VECTOR('',#4008,10.);
#886=VECTOR('',#4009,10.);
#887=VECTOR('',#4012,10.);
#888=VECTOR('',#4017,10.);
#889=VECTOR('',#4018,10.);
#890=VECTOR('',#4023,10.);
#891=VECTOR('',#4028,10.);
#892=VECTOR('',#4031,10.);
#893=VECTOR('',#4034,10.);
#894=VECTOR('',#4037,10.);
#895=VECTOR('',#4040,10.);
#896=VECTOR('',#4043,10.);
#897=VECTOR('',#4046,10.);
#898=VECTOR('',#4049,10.);
#899=VECTOR('',#4052,10.);
#900=VECTOR('',#4055,10.);
#901=VECTOR('',#4058,10.);
#902=VECTOR('',#4061,10.);
#903=VECTOR('',#4064,10.);
#904=VECTOR('',#4067,10.);
#905=VECTOR('',#4070,10.);
#906=VECTOR('',#4073,10.);
#907=VECTOR('',#4076,10.);
#908=VECTOR('',#4079,10.);
#909=VECTOR('',#4082,10.);
#910=VECTOR('',#4085,10.);
#911=VECTOR('',#4088,10.);
#912=VECTOR('',#4091,10.);
#913=VECTOR('',#4104,10.);
#914=VECTOR('',#4109,10.);
#915=VECTOR('',#4110,10.);
#916=VECTOR('',#4113,10.);
#917=VECTOR('',#4118,10.);
#918=VECTOR('',#4123,10.);
#919=VECTOR('',#4124,10.);
#920=VECTOR('',#4125,10.);
#921=VECTOR('',#4126,10.);
#922=VECTOR('',#4127,10.);
#923=VECTOR('',#4130,10.);
#924=VECTOR('',#4131,10.);
#925=VECTOR('',#4132,10.);
#926=VECTOR('',#4133,10.);
#927=VECTOR('',#4134,10.);
#928=VECTOR('',#4137,10.);
#929=VECTOR('',#4138,10.);
#930=VECTOR('',#4141,10.);
#931=VECTOR('',#4142,10.);
#932=VECTOR('',#4145,10.);
#933=VECTOR('',#4148,10.);
#934=VECTOR('',#4151,10.);
#935=VECTOR('',#4154,10.);
#936=VECTOR('',#4157,10.);
#937=VECTOR('',#4160,10.);
#938=VECTOR('',#4163,10.);
#939=VECTOR('',#4166,10.);
#940=VECTOR('',#4169,10.);
#941=VECTOR('',#4172,10.);
#942=VECTOR('',#4175,10.);
#943=VECTOR('',#4178,10.);
#944=VECTOR('',#4181,10.);
#945=VECTOR('',#4184,10.);
#946=VECTOR('',#4187,10.);
#947=VECTOR('',#4190,10.);
#948=VECTOR('',#4193,10.);
#949=VECTOR('',#4196,10.);
#950=VECTOR('',#4199,10.);
#951=VECTOR('',#4202,10.);
#952=VECTOR('',#4205,10.);
#953=VECTOR('',#4208,10.);
#954=VECTOR('',#4213,10.);
#955=VECTOR('',#4216,10.);
#956=VECTOR('',#4217,10.);
#957=VECTOR('',#4220,10.);
#958=VECTOR('',#4225,10.);
#959=VECTOR('',#4228,10.);
#960=VECTOR('',#4231,10.);
#961=VECTOR('',#4236,10.);
#962=VECTOR('',#4239,10.);
#963=VECTOR('',#4242,10.);
#964=VECTOR('',#4245,10.);
#965=VECTOR('',#4248,10.);
#966=VECTOR('',#4251,10.);
#967=VECTOR('',#4254,10.);
#968=VECTOR('',#4257,10.);
#969=VECTOR('',#4260,10.);
#970=VECTOR('',#4263,10.);
#971=VECTOR('',#4266,10.);
#972=VECTOR('',#4269,10.);
#973=VECTOR('',#4272,10.);
#974=VECTOR('',#4275,10.);
#975=VECTOR('',#4278,10.);
#976=VECTOR('',#4283,10.);
#977=VECTOR('',#4286,10.);
#978=VECTOR('',#4289,10.);
#979=VECTOR('',#4292,10.);
#980=VECTOR('',#4293,10.);
#981=VECTOR('',#4296,10.);
#982=VECTOR('',#4299,10.);
#983=VECTOR('',#4302,10.);
#984=VECTOR('',#4305,10.);
#985=VECTOR('',#4308,10.);
#986=VECTOR('',#4311,10.);
#987=VECTOR('',#4314,10.);
#988=VECTOR('',#4317,10.);
#989=VECTOR('',#4320,10.);
#990=VECTOR('',#4323,10.);
#991=VECTOR('',#4326,10.);
#992=VECTOR('',#4329,10.);
#993=VECTOR('',#4332,10.);
#994=VECTOR('',#4335,10.);
#995=VECTOR('',#4338,10.);
#996=VECTOR('',#4341,10.);
#997=VECTOR('',#4344,10.);
#998=VECTOR('',#4347,10.);
#999=VECTOR('',#4350,10.);
#1000=VECTOR('',#4353,10.);
#1001=VECTOR('',#4356,10.);
#1002=VECTOR('',#4359,10.);
#1003=VECTOR('',#4362,10.);
#1004=VECTOR('',#4365,10.);
#1005=VECTOR('',#4368,10.);
#1006=VECTOR('',#4371,10.);
#1007=VECTOR('',#4374,10.);
#1008=VECTOR('',#4377,10.);
#1009=VECTOR('',#4380,10.);
#1010=VECTOR('',#4383,10.);
#1011=VECTOR('',#4386,10.);
#1012=VECTOR('',#4389,10.);
#1013=VECTOR('',#4392,10.);
#1014=VECTOR('',#4395,10.);
#1015=VECTOR('',#4398,10.);
#1016=VECTOR('',#4401,10.);
#1017=VECTOR('',#4404,10.);
#1018=VECTOR('',#4407,10.);
#1019=VECTOR('',#4410,10.);
#1020=VECTOR('',#4413,10.);
#1021=VECTOR('',#4416,10.);
#1022=VECTOR('',#4419,10.);
#1023=VECTOR('',#4422,10.);
#1024=VECTOR('',#4425,10.);
#1025=VECTOR('',#4428,10.);
#1026=VECTOR('',#4433,10.);
#1027=VECTOR('',#4434,10.);
#1028=VECTOR('',#4437,10.);
#1029=VECTOR('',#4440,10.);
#1030=VECTOR('',#4441,10.);
#1031=VECTOR('',#4444,10.);
#1032=VECTOR('',#4447,10.);
#1033=VECTOR('',#4450,10.);
#1034=VECTOR('',#4453,10.);
#1035=VECTOR('',#4456,10.);
#1036=VECTOR('',#4459,10.);
#1037=VECTOR('',#4464,10.);
#1038=VECTOR('',#4467,10.);
#1039=VECTOR('',#4470,10.);
#1040=VECTOR('',#4473,10.);
#1041=VECTOR('',#4476,10.);
#1042=VECTOR('',#4479,10.);
#1043=VECTOR('',#4482,10.);
#1044=VECTOR('',#4485,10.);
#1045=VECTOR('',#4488,10.);
#1046=VECTOR('',#4491,10.);
#1047=VECTOR('',#4494,10.);
#1048=VECTOR('',#4497,10.);
#1049=VECTOR('',#4500,10.);
#1050=VECTOR('',#4503,10.);
#1051=VECTOR('',#4506,10.);
#1052=VECTOR('',#4509,10.);
#1053=VECTOR('',#4510,10.);
#1054=VECTOR('',#4515,10.);
#1055=VECTOR('',#4518,10.);
#1056=VECTOR('',#4519,10.);
#1057=VECTOR('',#4524,10.);
#1058=VECTOR('',#4527,10.);
#1059=VECTOR('',#4530,10.);
#1060=VECTOR('',#4533,10.);
#1061=VECTOR('',#4536,10.);
#1062=VECTOR('',#4539,10.);
#1063=VECTOR('',#4542,10.);
#1064=VECTOR('',#4545,10.);
#1065=VECTOR('',#4548,10.);
#1066=VECTOR('',#4551,10.);
#1067=VECTOR('',#4554,10.);
#1068=VECTOR('',#4557,10.);
#1069=VECTOR('',#4560,10.);
#1070=VECTOR('',#4563,10.);
#1071=VECTOR('',#4566,10.);
#1072=VECTOR('',#4569,10.);
#1073=VECTOR('',#4572,10.);
#1074=VECTOR('',#4575,10.);
#1075=VECTOR('',#4578,10.);
#1076=VECTOR('',#4581,10.);
#1077=VECTOR('',#4584,10.);
#1078=VECTOR('',#4587,10.);
#1079=VECTOR('',#4590,10.);
#1080=VECTOR('',#4593,10.);
#1081=VECTOR('',#4596,10.);
#1082=VECTOR('',#4603,10.);
#1083=VECTOR('',#4604,10.);
#1084=VECTOR('',#4607,10.);
#1085=VECTOR('',#4608,10.);
#1086=VECTOR('',#4613,10.);
#1087=VECTOR('',#4616,10.);
#1088=VECTOR('',#4617,10.);
#1089=VECTOR('',#4620,10.);
#1090=VECTOR('',#4625,10.);
#1091=VECTOR('',#4628,10.);
#1092=VECTOR('',#4629,10.);
#1093=VECTOR('',#4634,10.);
#1094=VECTOR('',#4637,10.);
#1095=VECTOR('',#4638,10.);
#1096=VECTOR('',#4643,10.);
#1097=VECTOR('',#4646,10.);
#1098=VECTOR('',#4647,10.);
#1099=VECTOR('',#4652,10.);
#1100=VECTOR('',#4655,10.);
#1101=VECTOR('',#4656,10.);
#1102=VECTOR('',#4661,10.);
#1103=VECTOR('',#4664,10.);
#1104=VECTOR('',#4665,10.);
#1105=VECTOR('',#4670,10.);
#1106=VECTOR('',#4673,10.);
#1107=VECTOR('',#4674,10.);
#1108=VECTOR('',#4677,10.);
#1109=VECTOR('',#4678,10.);
#1110=VECTOR('',#4683,10.);
#1111=VECTOR('',#4686,10.);
#1112=VECTOR('',#4687,10.);
#1113=VECTOR('',#4692,10.);
#1114=VECTOR('',#4695,10.);
#1115=VECTOR('',#4696,10.);
#1116=VECTOR('',#4699,10.);
#1117=VECTOR('',#4700,10.);
#1118=VECTOR('',#4705,10.);
#1119=VECTOR('',#4708,10.);
#1120=VECTOR('',#4709,10.);
#1121=VECTOR('',#4712,10.);
#1122=VECTOR('',#4713,10.);
#1123=VECTOR('',#4718,10.);
#1124=VECTOR('',#4721,10.);
#1125=VECTOR('',#4722,10.);
#1126=VECTOR('',#4727,10.);
#1127=VECTOR('',#4730,10.);
#1128=VECTOR('',#4731,10.);
#1129=VECTOR('',#4736,10.);
#1130=VECTOR('',#4739,10.);
#1131=VECTOR('',#4740,10.);
#1132=VECTOR('',#4745,10.);
#1133=VECTOR('',#4748,10.);
#1134=VECTOR('',#4749,10.);
#1135=VECTOR('',#4754,10.);
#1136=VECTOR('',#4757,10.);
#1137=VECTOR('',#4758,10.);
#1138=VECTOR('',#4763,10.);
#1139=VECTOR('',#4766,10.);
#1140=VECTOR('',#4781,1.1);
#1141=VECTOR('',#4784,1.1);
#1142=VECTOR('',#4787,1.1);
#1143=VECTOR('',#4790,1.1);
#1144=VECTOR('',#4793,1.1);
#1145=CIRCLE('',#3428,0.999999999999999);
#1146=CIRCLE('',#3429,0.999999999999999);
#1147=CIRCLE('',#3431,1.40001531672551);
#1148=CIRCLE('',#3432,1.40012375494179);
#1149=CIRCLE('',#3433,4.59999299160698);
#1150=CIRCLE('',#3434,5.40000445242524);
#1151=CIRCLE('',#3435,4.599999336336);
#1152=CIRCLE('',#3436,1.3999992529302);
#1153=CIRCLE('',#3437,0.599999252925);
#1154=CIRCLE('',#3438,1.3999992529302);
#1155=CIRCLE('',#3439,1.3999992529302);
#1156=CIRCLE('',#3440,0.599999252924988);
#1157=CIRCLE('',#3441,1.39999925293019);
#1158=CIRCLE('',#3442,0.599999252924993);
#1159=CIRCLE('',#3443,1.39999925293019);
#1160=CIRCLE('',#3444,0.100001333575004);
#1161=CIRCLE('',#3445,0.900001333578556);
#1162=CIRCLE('',#3446,1.39999925292492);
#1163=CIRCLE('',#3447,0.599999252925015);
#1164=CIRCLE('',#3448,1.3999992529252);
#1165=CIRCLE('',#3449,0.599999252925006);
#1166=CIRCLE('',#3450,4.39999925292506);
#1167=CIRCLE('',#3451,4.39999925292479);
#1168=CIRCLE('',#3452,3.90000133357856);
#1169=CIRCLE('',#3453,4.39999925293006);
#1170=CIRCLE('',#3454,4.39999925293005);
#1171=CIRCLE('',#3455,4.39999925293006);
#1172=CIRCLE('',#3456,4.39999925293006);
#1173=CIRCLE('',#3457,4.39999925293006);
#1174=CIRCLE('',#3458,1.599999336336);
#1175=CIRCLE('',#3459,8.40000445242524);
#1176=CIRCLE('',#3460,1.59999299160698);
#1177=CIRCLE('',#3461,4.40012375494179);
#1178=CIRCLE('',#3462,1.00000000000001);
#1179=CIRCLE('',#3464,0.600042784162003);
#1180=CIRCLE('',#3465,0.599955330206993);
#1181=CIRCLE('',#3468,1.);
#1182=CIRCLE('',#3469,1.);
#1183=CIRCLE('',#3472,0.999999999999998);
#1184=CIRCLE('',#3473,4.4000596909257);
#1185=CIRCLE('',#3474,1.59999817874701);
#1186=CIRCLE('',#3475,4.39999925292507);
#1187=CIRCLE('',#3476,1.39999925292521);
#1188=CIRCLE('',#3477,4.59999817874701);
#1189=CIRCLE('',#3478,1.4000596909257);
#1190=CIRCLE('',#3479,1.39998922399348);
#1191=CIRCLE('',#3481,1.);
#1192=CIRCLE('',#3482,1.);
#1193=CIRCLE('',#3484,1.);
#1194=CIRCLE('',#3485,2.);
#1195=CIRCLE('',#3486,1.);
#1196=CIRCLE('',#3488,1.);
#1197=CIRCLE('',#3490,1.);
#1198=CIRCLE('',#3491,2.);
#1199=CIRCLE('',#3492,1.00000000000001);
#1200=CIRCLE('',#3494,1.);
#1201=CIRCLE('',#3496,1.);
#1202=CIRCLE('',#3497,2.00000000000001);
#1203=CIRCLE('',#3498,1.00000000000001);
#1204=CIRCLE('',#3500,1.);
#1205=CIRCLE('',#3502,2.);
#1206=CIRCLE('',#3503,1.00000000000001);
#1207=CIRCLE('',#3505,1.00000000000001);
#1208=CIRCLE('',#3508,1.);
#1209=CIRCLE('',#3511,0.399999252926273);
#1210=CIRCLE('',#3512,1.599999252925);
#1211=CIRCLE('',#3513,0.399999252925554);
#1212=CIRCLE('',#3514,1.59999925292501);
#1213=CIRCLE('',#3515,0.39999925292598);
#1214=CIRCLE('',#3516,1.10000133357502);
#1215=CIRCLE('',#3517,0.399999252931255);
#1216=CIRCLE('',#3518,1.59999925292498);
#1217=CIRCLE('',#3519,0.399999252931242);
#1218=CIRCLE('',#3520,1.59999925292499);
#1219=CIRCLE('',#3521,0.399999252931251);
#1220=CIRCLE('',#3522,0.399999252931264);
#1221=CIRCLE('',#3523,1.59999925292501);
#1222=CIRCLE('',#3524,0.399999252931184);
#1223=CIRCLE('',#3525,5.59999933633601);
#1224=CIRCLE('',#3526,4.40000445242526);
#1225=CIRCLE('',#3527,5.59999299160709);
#1226=CIRCLE('',#3528,0.400123758261237);
#1227=CIRCLE('',#3529,0.400015316759037);
#1228=CIRCLE('',#3530,1.59995533020701);
#1229=CIRCLE('',#3531,1.600042784162);
#1230=CIRCLE('',#3532,0.399989224008272);
#1231=CIRCLE('',#3533,0.400059690873579);
#1232=CIRCLE('',#3534,5.599998178747);
#1233=CIRCLE('',#3535,1.1);
#1234=CIRCLE('',#3536,1.1);
#1235=CIRCLE('',#3537,1.1);
#1236=CIRCLE('',#3538,1.1);
#1237=CIRCLE('',#3539,1.1);
#1238=CIRCLE('',#3541,1.00000000000001);
#1239=CIRCLE('',#3544,1.00000000000001);
#1240=CIRCLE('',#3552,5.599998178747);
#1241=CIRCLE('',#3553,0.400059690873579);
#1242=CIRCLE('',#3554,0.399989224008272);
#1243=CIRCLE('',#3555,1.600042784162);
#1244=CIRCLE('',#3556,1.59995533020701);
#1245=CIRCLE('',#3557,0.400015316759037);
#1246=CIRCLE('',#3558,0.400123758261237);
#1247=CIRCLE('',#3559,5.59999299160709);
#1248=CIRCLE('',#3560,4.40000445242526);
#1249=CIRCLE('',#3561,5.59999933633601);
#1250=CIRCLE('',#3562,0.399999252931184);
#1251=CIRCLE('',#3563,1.59999925292501);
#1252=CIRCLE('',#3564,0.399999252931264);
#1253=CIRCLE('',#3565,0.399999252931251);
#1254=CIRCLE('',#3566,1.59999925292499);
#1255=CIRCLE('',#3567,0.399999252931242);
#1256=CIRCLE('',#3568,1.59999925292498);
#1257=CIRCLE('',#3569,0.399999252931255);
#1258=CIRCLE('',#3570,1.10000133357502);
#1259=CIRCLE('',#3571,0.39999925292598);
#1260=CIRCLE('',#3572,1.59999925292501);
#1261=CIRCLE('',#3573,0.399999252925554);
#1262=CIRCLE('',#3574,1.599999252925);
#1263=CIRCLE('',#3575,0.399999252926273);
#1264=CIRCLE('',#3576,1.39999925292521);
#1265=CIRCLE('',#3577,0.599999252925006);
#1266=CIRCLE('',#3578,1.3999992529252);
#1267=CIRCLE('',#3579,0.599999252925015);
#1268=CIRCLE('',#3580,1.39999925292492);
#1269=CIRCLE('',#3581,0.900001333578556);
#1270=CIRCLE('',#3582,0.100001333575004);
#1271=CIRCLE('',#3583,1.39999925293019);
#1272=CIRCLE('',#3584,0.599999252924993);
#1273=CIRCLE('',#3585,1.39999925293019);
#1274=CIRCLE('',#3586,0.599999252924988);
#1275=CIRCLE('',#3587,1.3999992529302);
#1276=CIRCLE('',#3588,1.3999992529302);
#1277=CIRCLE('',#3589,0.599999252925);
#1278=CIRCLE('',#3590,1.3999992529302);
#1279=CIRCLE('',#3591,4.599999336336);
#1280=CIRCLE('',#3592,5.40000445242524);
#1281=CIRCLE('',#3593,4.59999299160698);
#1282=CIRCLE('',#3594,1.40012375494179);
#1283=CIRCLE('',#3595,1.40001531672551);
#1284=CIRCLE('',#3596,0.599955330206993);
#1285=CIRCLE('',#3597,0.600042784162003);
#1286=CIRCLE('',#3598,1.39998922399348);
#1287=CIRCLE('',#3599,1.4000596909257);
#1288=CIRCLE('',#3600,4.59999817874701);
#1289=CIRCLE('',#3649,0.999999999999994);
#1290=CIRCLE('',#3650,0.999999999999996);
#1291=CIRCLE('',#3675,0.999999999999996);
#1292=CIRCLE('',#3678,0.999999999999994);
#1293=CIRCLE('',#3705,4.4000596909257);
#1294=CIRCLE('',#3708,0.999999999999998);
#1295=CIRCLE('',#3712,1.00000000000001);
#1296=CIRCLE('',#3715,4.40012375494179);
#1297=CIRCLE('',#3718,1.59999299160698);
#1298=CIRCLE('',#3721,8.40000445242524);
#1299=CIRCLE('',#3724,1.599999336336);
#1300=CIRCLE('',#3727,4.39999925293006);
#1301=CIRCLE('',#3731,4.39999925293006);
#1302=CIRCLE('',#3734,4.39999925293006);
#1303=CIRCLE('',#3738,4.39999925293005);
#1304=CIRCLE('',#3742,4.39999925293006);
#1305=CIRCLE('',#3745,3.90000133357856);
#1306=CIRCLE('',#3748,4.39999925292479);
#1307=CIRCLE('',#3751,4.39999925292506);
#1308=CIRCLE('',#3754,4.39999925292507);
#1309=CIRCLE('',#3757,1.59999817874701);
#1310=CIRCLE('',#3760,1.1);
#1311=CIRCLE('',#3761,1.1);
#1312=CIRCLE('',#3762,1.1);
#1313=CIRCLE('',#3763,1.1);
#1314=CIRCLE('',#3764,1.1);
#1315=VERTEX_POINT('',#4799);
#1316=VERTEX_POINT('',#4800);
#1317=VERTEX_POINT('',#4802);
#1318=VERTEX_POINT('',#4804);
#1319=VERTEX_POINT('',#4808);
#1320=VERTEX_POINT('',#4810);
#1321=VERTEX_POINT('',#4812);
#1322=VERTEX_POINT('',#4814);
#1323=VERTEX_POINT('',#4816);
#1324=VERTEX_POINT('',#4818);
#1325=VERTEX_POINT('',#4820);
#1326=VERTEX_POINT('',#4822);
#1327=VERTEX_POINT('',#4824);
#1328=VERTEX_POINT('',#4826);
#1329=VERTEX_POINT('',#4828);
#1330=VERTEX_POINT('',#4830);
#1331=VERTEX_POINT('',#4832);
#1332=VERTEX_POINT('',#4834);
#1333=VERTEX_POINT('',#4836);
#1334=VERTEX_POINT('',#4838);
#1335=VERTEX_POINT('',#4840);
#1336=VERTEX_POINT('',#4842);
#1337=VERTEX_POINT('',#4844);
#1338=VERTEX_POINT('',#4846);
#1339=VERTEX_POINT('',#4848);
#1340=VERTEX_POINT('',#4850);
#1341=VERTEX_POINT('',#4852);
#1342=VERTEX_POINT('',#4854);
#1343=VERTEX_POINT('',#4856);
#1344=VERTEX_POINT('',#4858);
#1345=VERTEX_POINT('',#4860);
#1346=VERTEX_POINT('',#4862);
#1347=VERTEX_POINT('',#4864);
#1348=VERTEX_POINT('',#4866);
#1349=VERTEX_POINT('',#4868);
#1350=VERTEX_POINT('',#4870);
#1351=VERTEX_POINT('',#4872);
#1352=VERTEX_POINT('',#4874);
#1353=VERTEX_POINT('',#4876);
#1354=VERTEX_POINT('',#4878);
#1355=VERTEX_POINT('',#4880);
#1356=VERTEX_POINT('',#4882);
#1357=VERTEX_POINT('',#4884);
#1358=VERTEX_POINT('',#4886);
#1359=VERTEX_POINT('',#4888);
#1360=VERTEX_POINT('',#4890);
#1361=VERTEX_POINT('',#4892);
#1362=VERTEX_POINT('',#4894);
#1363=VERTEX_POINT('',#4896);
#1364=VERTEX_POINT('',#4898);
#1365=VERTEX_POINT('',#4900);
#1366=VERTEX_POINT('',#4902);
#1367=VERTEX_POINT('',#4904);
#1368=VERTEX_POINT('',#4906);
#1369=VERTEX_POINT('',#4908);
#1370=VERTEX_POINT('',#4910);
#1371=VERTEX_POINT('',#4912);
#1372=VERTEX_POINT('',#4914);
#1373=VERTEX_POINT('',#4916);
#1374=VERTEX_POINT('',#4918);
#1375=VERTEX_POINT('',#4920);
#1376=VERTEX_POINT('',#4922);
#1377=VERTEX_POINT('',#4924);
#1378=VERTEX_POINT('',#4926);
#1379=VERTEX_POINT('',#4928);
#1380=VERTEX_POINT('',#4930);
#1381=VERTEX_POINT('',#4932);
#1382=VERTEX_POINT('',#4934);
#1383=VERTEX_POINT('',#4936);
#1384=VERTEX_POINT('',#4938);
#1385=VERTEX_POINT('',#4940);
#1386=VERTEX_POINT('',#4944);
#1387=VERTEX_POINT('',#4946);
#1388=VERTEX_POINT('',#4948);
#1389=VERTEX_POINT('',#4950);
#1390=VERTEX_POINT('',#4952);
#1391=VERTEX_POINT('',#4954);
#1392=VERTEX_POINT('',#4956);
#1393=VERTEX_POINT('',#4958);
#1394=VERTEX_POINT('',#4962);
#1395=VERTEX_POINT('',#4964);
#1396=VERTEX_POINT('',#4968);
#1397=VERTEX_POINT('',#4970);
#1398=VERTEX_POINT('',#4974);
#1399=VERTEX_POINT('',#4976);
#1400=VERTEX_POINT('',#4978);
#1401=VERTEX_POINT('',#4982);
#1402=VERTEX_POINT('',#4984);
#1403=VERTEX_POINT('',#4986);
#1404=VERTEX_POINT('',#4988);
#1405=VERTEX_POINT('',#4990);
#1406=VERTEX_POINT('',#4992);
#1407=VERTEX_POINT('',#4994);
#1408=VERTEX_POINT('',#4996);
#1409=VERTEX_POINT('',#4998);
#1410=VERTEX_POINT('',#5000);
#1411=VERTEX_POINT('',#5002);
#1412=VERTEX_POINT('',#5004);
#1413=VERTEX_POINT('',#5006);
#1414=VERTEX_POINT('',#5008);
#1415=VERTEX_POINT('',#5010);
#1416=VERTEX_POINT('',#5012);
#1417=VERTEX_POINT('',#5014);
#1418=VERTEX_POINT('',#5018);
#1419=VERTEX_POINT('',#5019);
#1420=VERTEX_POINT('',#5021);
#1421=VERTEX_POINT('',#5023);
#1422=VERTEX_POINT('',#5027);
#1423=VERTEX_POINT('',#5028);
#1424=VERTEX_POINT('',#5033);
#1425=VERTEX_POINT('',#5034);
#1426=VERTEX_POINT('',#5039);
#1427=VERTEX_POINT('',#5040);
#1428=VERTEX_POINT('',#5045);
#1429=VERTEX_POINT('',#5046);
#1430=VERTEX_POINT('',#5051);
#1431=VERTEX_POINT('',#5052);
#1432=VERTEX_POINT('',#5057);
#1433=VERTEX_POINT('',#5058);
#1434=VERTEX_POINT('',#5066);
#1435=VERTEX_POINT('',#5068);
#1436=VERTEX_POINT('',#5072);
#1437=VERTEX_POINT('',#5076);
#1438=VERTEX_POINT('',#5080);
#1439=VERTEX_POINT('',#5084);
#1440=VERTEX_POINT('',#5085);
#1441=VERTEX_POINT('',#5087);
#1442=VERTEX_POINT('',#5089);
#1443=VERTEX_POINT('',#5091);
#1444=VERTEX_POINT('',#5093);
#1445=VERTEX_POINT('',#5095);
#1446=VERTEX_POINT('',#5097);
#1447=VERTEX_POINT('',#5099);
#1448=VERTEX_POINT('',#5101);
#1449=VERTEX_POINT('',#5103);
#1450=VERTEX_POINT('',#5105);
#1451=VERTEX_POINT('',#5107);
#1452=VERTEX_POINT('',#5109);
#1453=VERTEX_POINT('',#5111);
#1454=VERTEX_POINT('',#5113);
#1455=VERTEX_POINT('',#5115);
#1456=VERTEX_POINT('',#5117);
#1457=VERTEX_POINT('',#5119);
#1458=VERTEX_POINT('',#5121);
#1459=VERTEX_POINT('',#5123);
#1460=VERTEX_POINT('',#5125);
#1461=VERTEX_POINT('',#5127);
#1462=VERTEX_POINT('',#5129);
#1463=VERTEX_POINT('',#5131);
#1464=VERTEX_POINT('',#5133);
#1465=VERTEX_POINT('',#5135);
#1466=VERTEX_POINT('',#5137);
#1467=VERTEX_POINT('',#5139);
#1468=VERTEX_POINT('',#5141);
#1469=VERTEX_POINT('',#5143);
#1470=VERTEX_POINT('',#5145);
#1471=VERTEX_POINT('',#5147);
#1472=VERTEX_POINT('',#5149);
#1473=VERTEX_POINT('',#5151);
#1474=VERTEX_POINT('',#5153);
#1475=VERTEX_POINT('',#5155);
#1476=VERTEX_POINT('',#5157);
#1477=VERTEX_POINT('',#5159);
#1478=VERTEX_POINT('',#5161);
#1479=VERTEX_POINT('',#5163);
#1480=VERTEX_POINT('',#5165);
#1481=VERTEX_POINT('',#5167);
#1482=VERTEX_POINT('',#5169);
#1483=VERTEX_POINT('',#5171);
#1484=VERTEX_POINT('',#5173);
#1485=VERTEX_POINT('',#5175);
#1486=VERTEX_POINT('',#5178);
#1487=VERTEX_POINT('',#5180);
#1488=VERTEX_POINT('',#5182);
#1489=VERTEX_POINT('',#5184);
#1490=VERTEX_POINT('',#5186);
#1491=VERTEX_POINT('',#5189);
#1492=VERTEX_POINT('',#5193);
#1493=VERTEX_POINT('',#5197);
#1494=VERTEX_POINT('',#5204);
#1495=VERTEX_POINT('',#5205);
#1496=VERTEX_POINT('',#5207);
#1497=VERTEX_POINT('',#5209);
#1498=VERTEX_POINT('',#5211);
#1499=VERTEX_POINT('',#5215);
#1500=VERTEX_POINT('',#5216);
#1501=VERTEX_POINT('',#5218);
#1502=VERTEX_POINT('',#5220);
#1503=VERTEX_POINT('',#5222);
#1504=VERTEX_POINT('',#5232);
#1505=VERTEX_POINT('',#5234);
#1506=VERTEX_POINT('',#5236);
#1507=VERTEX_POINT('',#5238);
#1508=VERTEX_POINT('',#5240);
#1509=VERTEX_POINT('',#5242);
#1510=VERTEX_POINT('',#5244);
#1511=VERTEX_POINT('',#5246);
#1512=VERTEX_POINT('',#5248);
#1513=VERTEX_POINT('',#5250);
#1514=VERTEX_POINT('',#5252);
#1515=VERTEX_POINT('',#5254);
#1516=VERTEX_POINT('',#5256);
#1517=VERTEX_POINT('',#5258);
#1518=VERTEX_POINT('',#5260);
#1519=VERTEX_POINT('',#5262);
#1520=VERTEX_POINT('',#5264);
#1521=VERTEX_POINT('',#5266);
#1522=VERTEX_POINT('',#5268);
#1523=VERTEX_POINT('',#5270);
#1524=VERTEX_POINT('',#5272);
#1525=VERTEX_POINT('',#5274);
#1526=VERTEX_POINT('',#5276);
#1527=VERTEX_POINT('',#5278);
#1528=VERTEX_POINT('',#5280);
#1529=VERTEX_POINT('',#5282);
#1530=VERTEX_POINT('',#5284);
#1531=VERTEX_POINT('',#5286);
#1532=VERTEX_POINT('',#5288);
#1533=VERTEX_POINT('',#5290);
#1534=VERTEX_POINT('',#5292);
#1535=VERTEX_POINT('',#5294);
#1536=VERTEX_POINT('',#5296);
#1537=VERTEX_POINT('',#5298);
#1538=VERTEX_POINT('',#5300);
#1539=VERTEX_POINT('',#5302);
#1540=VERTEX_POINT('',#5304);
#1541=VERTEX_POINT('',#5306);
#1542=VERTEX_POINT('',#5308);
#1543=VERTEX_POINT('',#5310);
#1544=VERTEX_POINT('',#5312);
#1545=VERTEX_POINT('',#5314);
#1546=VERTEX_POINT('',#5316);
#1547=VERTEX_POINT('',#5318);
#1548=VERTEX_POINT('',#5320);
#1549=VERTEX_POINT('',#5322);
#1550=VERTEX_POINT('',#5324);
#1551=VERTEX_POINT('',#5327);
#1552=VERTEX_POINT('',#5329);
#1553=VERTEX_POINT('',#5331);
#1554=VERTEX_POINT('',#5333);
#1555=VERTEX_POINT('',#5335);
#1556=VERTEX_POINT('',#5337);
#1557=VERTEX_POINT('',#5339);
#1558=VERTEX_POINT('',#5341);
#1559=VERTEX_POINT('',#5343);
#1560=VERTEX_POINT('',#5345);
#1561=VERTEX_POINT('',#5347);
#1562=VERTEX_POINT('',#5349);
#1563=VERTEX_POINT('',#5351);
#1564=VERTEX_POINT('',#5353);
#1565=VERTEX_POINT('',#5355);
#1566=VERTEX_POINT('',#5357);
#1567=VERTEX_POINT('',#5359);
#1568=VERTEX_POINT('',#5361);
#1569=VERTEX_POINT('',#5363);
#1570=VERTEX_POINT('',#5365);
#1571=VERTEX_POINT('',#5367);
#1572=VERTEX_POINT('',#5369);
#1573=VERTEX_POINT('',#5371);
#1574=VERTEX_POINT('',#5373);
#1575=VERTEX_POINT('',#5375);
#1576=VERTEX_POINT('',#5377);
#1577=VERTEX_POINT('',#5379);
#1578=VERTEX_POINT('',#5381);
#1579=VERTEX_POINT('',#5383);
#1580=VERTEX_POINT('',#5385);
#1581=VERTEX_POINT('',#5387);
#1582=VERTEX_POINT('',#5389);
#1583=VERTEX_POINT('',#5391);
#1584=VERTEX_POINT('',#5393);
#1585=VERTEX_POINT('',#5395);
#1586=VERTEX_POINT('',#5397);
#1587=VERTEX_POINT('',#5399);
#1588=VERTEX_POINT('',#5401);
#1589=VERTEX_POINT('',#5403);
#1590=VERTEX_POINT('',#5405);
#1591=VERTEX_POINT('',#5407);
#1592=VERTEX_POINT('',#5410);
#1593=VERTEX_POINT('',#5412);
#1594=VERTEX_POINT('',#5414);
#1595=VERTEX_POINT('',#5416);
#1596=VERTEX_POINT('',#5418);
#1597=VERTEX_POINT('',#5517);
#1598=VERTEX_POINT('',#5519);
#1599=VERTEX_POINT('',#5521);
#1600=VERTEX_POINT('',#5523);
#1601=VERTEX_POINT('',#5571);
#1602=VERTEX_POINT('',#5575);
#1603=VERTEX_POINT('',#5579);
#1604=VERTEX_POINT('',#5583);
#1605=VERTEX_POINT('',#5636);
#1606=VERTEX_POINT('',#5637);
#1607=VERTEX_POINT('',#5642);
#1608=VERTEX_POINT('',#5646);
#1609=VERTEX_POINT('',#5650);
#1610=VERTEX_POINT('',#5656);
#1611=VERTEX_POINT('',#5660);
#1612=VERTEX_POINT('',#5664);
#1613=VERTEX_POINT('',#5668);
#1614=VERTEX_POINT('',#5672);
#1615=VERTEX_POINT('',#5676);
#1616=VERTEX_POINT('',#5680);
#1617=VERTEX_POINT('',#5684);
#1618=VERTEX_POINT('',#5688);
#1619=VERTEX_POINT('',#5692);
#1620=VERTEX_POINT('',#5696);
#1621=VERTEX_POINT('',#5700);
#1622=VERTEX_POINT('',#5704);
#1623=VERTEX_POINT('',#5708);
#1624=VERTEX_POINT('',#5712);
#1625=VERTEX_POINT('',#5716);
#1626=VERTEX_POINT('',#5720);
#1627=VERTEX_POINT('',#5724);
#1628=VERTEX_POINT('',#5728);
#1629=VERTEX_POINT('',#5732);
#1630=VERTEX_POINT('',#5736);
#1631=VERTEX_POINT('',#5740);
#1632=VERTEX_POINT('',#5744);
#1633=VERTEX_POINT('',#5748);
#1634=VERTEX_POINT('',#5752);
#1635=VERTEX_POINT('',#5756);
#1636=VERTEX_POINT('',#5760);
#1637=VERTEX_POINT('',#5764);
#1638=VERTEX_POINT('',#5768);
#1639=VERTEX_POINT('',#5772);
#1640=VERTEX_POINT('',#5776);
#1641=VERTEX_POINT('',#5780);
#1642=VERTEX_POINT('',#5786);
#1643=VERTEX_POINT('',#5788);
#1644=VERTEX_POINT('',#5790);
#1645=VERTEX_POINT('',#5792);
#1646=VERTEX_POINT('',#5794);
#1647=EDGE_CURVE('',#1315,#1316,#1145,.T.);
#1648=EDGE_CURVE('',#1317,#1315,#479,.T.);
#1649=EDGE_CURVE('',#1318,#1317,#1146,.T.);
#1650=EDGE_CURVE('',#1316,#1318,#480,.T.);
#1651=EDGE_CURVE('',#1318,#1319,#481,.T.);
#1652=EDGE_CURVE('',#1319,#1320,#1147,.T.);
#1653=EDGE_CURVE('',#1320,#1321,#482,.T.);
#1654=EDGE_CURVE('',#1321,#1322,#1148,.T.);
#1655=EDGE_CURVE('',#1322,#1323,#483,.T.);
#1656=EDGE_CURVE('',#1323,#1324,#1149,.T.);
#1657=EDGE_CURVE('',#1324,#1325,#484,.T.);
#1658=EDGE_CURVE('',#1325,#1326,#1150,.T.);
#1659=EDGE_CURVE('',#1326,#1327,#485,.T.);
#1660=EDGE_CURVE('',#1327,#1328,#1151,.T.);
#1661=EDGE_CURVE('',#1328,#1329,#486,.T.);
#1662=EDGE_CURVE('',#1329,#1330,#1152,.T.);
#1663=EDGE_CURVE('',#1330,#1331,#487,.T.);
#1664=EDGE_CURVE('',#1331,#1332,#1153,.T.);
#1665=EDGE_CURVE('',#1332,#1333,#488,.T.);
#1666=EDGE_CURVE('',#1333,#1334,#1154,.T.);
#1667=EDGE_CURVE('',#1334,#1335,#489,.T.);
#1668=EDGE_CURVE('',#1335,#1336,#1155,.T.);
#1669=EDGE_CURVE('',#1336,#1337,#490,.T.);
#1670=EDGE_CURVE('',#1337,#1338,#1156,.T.);
#1671=EDGE_CURVE('',#1338,#1339,#491,.T.);
#1672=EDGE_CURVE('',#1339,#1340,#1157,.T.);
#1673=EDGE_CURVE('',#1340,#1341,#492,.T.);
#1674=EDGE_CURVE('',#1341,#1342,#1158,.T.);
#1675=EDGE_CURVE('',#1342,#1343,#493,.T.);
#1676=EDGE_CURVE('',#1343,#1344,#1159,.T.);
#1677=EDGE_CURVE('',#1344,#1345,#494,.T.);
#1678=EDGE_CURVE('',#1345,#1346,#1160,.T.);
#1679=EDGE_CURVE('',#1346,#1347,#1161,.T.);
#1680=EDGE_CURVE('',#1347,#1348,#495,.T.);
#1681=EDGE_CURVE('',#1348,#1349,#1162,.T.);
#1682=EDGE_CURVE('',#1349,#1350,#496,.T.);
#1683=EDGE_CURVE('',#1350,#1351,#1163,.T.);
#1684=EDGE_CURVE('',#1351,#1352,#497,.T.);
#1685=EDGE_CURVE('',#1352,#1353,#1164,.T.);
#1686=EDGE_CURVE('',#1353,#1354,#1165,.T.);
#1687=EDGE_CURVE('',#1354,#1355,#498,.T.);
#1688=EDGE_CURVE('',#1355,#1356,#499,.T.);
#1689=EDGE_CURVE('',#1356,#1357,#500,.T.);
#1690=EDGE_CURVE('',#1357,#1358,#1166,.T.);
#1691=EDGE_CURVE('',#1358,#1359,#501,.T.);
#1692=EDGE_CURVE('',#1359,#1360,#1167,.T.);
#1693=EDGE_CURVE('',#1360,#1361,#502,.T.);
#1694=EDGE_CURVE('',#1361,#1362,#1168,.T.);
#1695=EDGE_CURVE('',#1362,#1363,#503,.T.);
#1696=EDGE_CURVE('',#1363,#1364,#1169,.T.);
#1697=EDGE_CURVE('',#1364,#1365,#504,.T.);
#1698=EDGE_CURVE('',#1365,#1366,#505,.T.);
#1699=EDGE_CURVE('',#1366,#1367,#1170,.T.);
#1700=EDGE_CURVE('',#1367,#1368,#506,.T.);
#1701=EDGE_CURVE('',#1368,#1369,#507,.T.);
#1702=EDGE_CURVE('',#1369,#1370,#1171,.T.);
#1703=EDGE_CURVE('',#1370,#1371,#508,.T.);
#1704=EDGE_CURVE('',#1371,#1372,#1172,.T.);
#1705=EDGE_CURVE('',#1372,#1373,#509,.T.);
#1706=EDGE_CURVE('',#1373,#1374,#510,.T.);
#1707=EDGE_CURVE('',#1374,#1375,#1173,.T.);
#1708=EDGE_CURVE('',#1375,#1376,#511,.T.);
#1709=EDGE_CURVE('',#1376,#1377,#1174,.T.);
#1710=EDGE_CURVE('',#1377,#1378,#512,.T.);
#1711=EDGE_CURVE('',#1378,#1379,#1175,.T.);
#1712=EDGE_CURVE('',#1379,#1380,#513,.T.);
#1713=EDGE_CURVE('',#1380,#1381,#1176,.T.);
#1714=EDGE_CURVE('',#1381,#1382,#514,.T.);
#1715=EDGE_CURVE('',#1382,#1383,#1177,.T.);
#1716=EDGE_CURVE('',#1383,#1384,#515,.T.);
#1717=EDGE_CURVE('',#1384,#1385,#1178,.T.);
#1718=EDGE_CURVE('',#1385,#1316,#516,.T.);
#1719=EDGE_CURVE('',#1315,#1386,#517,.T.);
#1720=EDGE_CURVE('',#1386,#1387,#518,.T.);
#1721=EDGE_CURVE('',#1387,#1388,#519,.T.);
#1722=EDGE_CURVE('',#1388,#1389,#520,.T.);
#1723=EDGE_CURVE('',#1389,#1390,#521,.T.);
#1724=EDGE_CURVE('',#1390,#1391,#1179,.T.);
#1725=EDGE_CURVE('',#1391,#1392,#522,.T.);
#1726=EDGE_CURVE('',#1392,#1393,#1180,.T.);
#1727=EDGE_CURVE('',#1393,#1317,#523,.T.);
#1728=EDGE_CURVE('',#1394,#1385,#524,.T.);
#1729=EDGE_CURVE('',#1395,#1394,#525,.T.);
#1730=EDGE_CURVE('',#1395,#1386,#526,.T.);
#1731=EDGE_CURVE('',#1389,#1396,#1181,.T.);
#1732=EDGE_CURVE('',#1397,#1388,#1182,.T.);
#1733=EDGE_CURVE('',#1396,#1397,#527,.T.);
#1734=EDGE_CURVE('',#1398,#1396,#528,.T.);
#1735=EDGE_CURVE('',#1399,#1398,#529,.T.);
#1736=EDGE_CURVE('',#1399,#1400,#530,.T.);
#1737=EDGE_CURVE('',#1400,#1390,#531,.T.);
#1738=EDGE_CURVE('',#1397,#1401,#532,.T.);
#1739=EDGE_CURVE('',#1401,#1402,#1183,.T.);
#1740=EDGE_CURVE('',#1402,#1403,#533,.T.);
#1741=EDGE_CURVE('',#1403,#1404,#1184,.T.);
#1742=EDGE_CURVE('',#1404,#1405,#534,.T.);
#1743=EDGE_CURVE('',#1405,#1406,#1185,.T.);
#1744=EDGE_CURVE('',#1406,#1407,#535,.T.);
#1745=EDGE_CURVE('',#1407,#1408,#1186,.T.);
#1746=EDGE_CURVE('',#1408,#1409,#536,.T.);
#1747=EDGE_CURVE('',#1409,#1410,#537,.T.);
#1748=EDGE_CURVE('',#1410,#1411,#538,.T.);
#1749=EDGE_CURVE('',#1411,#1412,#1187,.T.);
#1750=EDGE_CURVE('',#1412,#1413,#539,.T.);
#1751=EDGE_CURVE('',#1413,#1414,#1188,.T.);
#1752=EDGE_CURVE('',#1414,#1415,#540,.T.);
#1753=EDGE_CURVE('',#1415,#1416,#1189,.T.);
#1754=EDGE_CURVE('',#1416,#1417,#541,.T.);
#1755=EDGE_CURVE('',#1417,#1398,#1190,.T.);
#1756=EDGE_CURVE('',#1418,#1419,#1191,.T.);
#1757=EDGE_CURVE('',#1419,#1420,#542,.T.);
#1758=EDGE_CURVE('',#1420,#1421,#1192,.T.);
#1759=EDGE_CURVE('',#1421,#1418,#543,.T.);
#1760=EDGE_CURVE('',#1422,#1423,#1193,.T.);
#1761=EDGE_CURVE('',#1423,#1421,#1194,.T.);
#1762=EDGE_CURVE('',#1420,#1422,#1195,.T.);
#1763=EDGE_CURVE('',#1424,#1425,#1196,.T.);
#1764=EDGE_CURVE('',#1425,#1423,#544,.T.);
#1765=EDGE_CURVE('',#1422,#1424,#545,.T.);
#1766=EDGE_CURVE('',#1426,#1427,#1197,.T.);
#1767=EDGE_CURVE('',#1427,#1425,#1198,.T.);
#1768=EDGE_CURVE('',#1424,#1426,#1199,.T.);
#1769=EDGE_CURVE('',#1428,#1429,#1200,.T.);
#1770=EDGE_CURVE('',#1429,#1427,#546,.T.);
#1771=EDGE_CURVE('',#1426,#1428,#547,.T.);
#1772=EDGE_CURVE('',#1430,#1431,#1201,.T.);
#1773=EDGE_CURVE('',#1431,#1429,#1202,.T.);
#1774=EDGE_CURVE('',#1428,#1430,#1203,.T.);
#1775=EDGE_CURVE('',#1432,#1433,#1204,.T.);
#1776=EDGE_CURVE('',#1433,#1431,#548,.T.);
#1777=EDGE_CURVE('',#1430,#1432,#549,.T.);
#1778=EDGE_CURVE('',#1418,#1433,#1205,.T.);
#1779=EDGE_CURVE('',#1432,#1419,#1206,.T.);
#1780=EDGE_CURVE('',#1424,#1434,#550,.T.);
#1781=EDGE_CURVE('',#1434,#1435,#1207,.T.);
#1782=EDGE_CURVE('',#1426,#1435,#551,.T.);
#1783=EDGE_CURVE('',#1422,#1436,#552,.T.);
#1784=EDGE_CURVE('',#1436,#1434,#553,.T.);
#1785=EDGE_CURVE('',#1420,#1437,#554,.T.);
#1786=EDGE_CURVE('',#1437,#1436,#1208,.T.);
#1787=EDGE_CURVE('',#1419,#1438,#555,.T.);
#1788=EDGE_CURVE('',#1438,#1437,#556,.T.);
#1789=EDGE_CURVE('',#1439,#1440,#1209,.T.);
#1790=EDGE_CURVE('',#1440,#1441,#557,.T.);
#1791=EDGE_CURVE('',#1441,#1442,#1210,.T.);
#1792=EDGE_CURVE('',#1442,#1443,#1211,.T.);
#1793=EDGE_CURVE('',#1443,#1444,#558,.T.);
#1794=EDGE_CURVE('',#1444,#1445,#1212,.T.);
#1795=EDGE_CURVE('',#1445,#1446,#559,.T.);
#1796=EDGE_CURVE('',#1446,#1447,#1213,.T.);
#1797=EDGE_CURVE('',#1447,#1448,#560,.T.);
#1798=EDGE_CURVE('',#1448,#1449,#1214,.T.);
#1799=EDGE_CURVE('',#1449,#1450,#561,.T.);
#1800=EDGE_CURVE('',#1450,#1451,#1215,.T.);
#1801=EDGE_CURVE('',#1451,#1452,#562,.T.);
#1802=EDGE_CURVE('',#1452,#1453,#1216,.T.);
#1803=EDGE_CURVE('',#1453,#1454,#563,.T.);
#1804=EDGE_CURVE('',#1454,#1455,#1217,.T.);
#1805=EDGE_CURVE('',#1455,#1456,#564,.T.);
#1806=EDGE_CURVE('',#1456,#1457,#1218,.T.);
#1807=EDGE_CURVE('',#1457,#1458,#565,.T.);
#1808=EDGE_CURVE('',#1458,#1459,#1219,.T.);
#1809=EDGE_CURVE('',#1459,#1460,#566,.T.);
#1810=EDGE_CURVE('',#1460,#1461,#1220,.T.);
#1811=EDGE_CURVE('',#1461,#1462,#567,.T.);
#1812=EDGE_CURVE('',#1462,#1463,#1221,.T.);
#1813=EDGE_CURVE('',#1463,#1464,#568,.T.);
#1814=EDGE_CURVE('',#1464,#1465,#1222,.T.);
#1815=EDGE_CURVE('',#1465,#1466,#569,.T.);
#1816=EDGE_CURVE('',#1466,#1467,#1223,.T.);
#1817=EDGE_CURVE('',#1467,#1468,#570,.T.);
#1818=EDGE_CURVE('',#1468,#1469,#1224,.T.);
#1819=EDGE_CURVE('',#1469,#1470,#571,.T.);
#1820=EDGE_CURVE('',#1470,#1471,#1225,.T.);
#1821=EDGE_CURVE('',#1471,#1472,#572,.T.);
#1822=EDGE_CURVE('',#1472,#1473,#1226,.T.);
#1823=EDGE_CURVE('',#1473,#1474,#573,.T.);
#1824=EDGE_CURVE('',#1474,#1475,#1227,.T.);
#1825=EDGE_CURVE('',#1475,#1476,#574,.T.);
#1826=EDGE_CURVE('',#1476,#1477,#1228,.T.);
#1827=EDGE_CURVE('',#1477,#1478,#575,.T.);
#1828=EDGE_CURVE('',#1478,#1479,#1229,.T.);
#1829=EDGE_CURVE('',#1479,#1480,#576,.T.);
#1830=EDGE_CURVE('',#1480,#1481,#1230,.T.);
#1831=EDGE_CURVE('',#1481,#1482,#577,.T.);
#1832=EDGE_CURVE('',#1482,#1483,#1231,.T.);
#1833=EDGE_CURVE('',#1483,#1484,#578,.T.);
#1834=EDGE_CURVE('',#1484,#1485,#1232,.T.);
#1835=EDGE_CURVE('',#1485,#1439,#579,.T.);
#1836=EDGE_CURVE('',#1486,#1486,#1233,.T.);
#1837=EDGE_CURVE('',#1487,#1487,#1234,.T.);
#1838=EDGE_CURVE('',#1488,#1488,#1235,.T.);
#1839=EDGE_CURVE('',#1489,#1489,#1236,.T.);
#1840=EDGE_CURVE('',#1490,#1490,#1237,.T.);
#1841=EDGE_CURVE('',#1432,#1491,#580,.T.);
#1842=EDGE_CURVE('',#1491,#1438,#1238,.T.);
#1843=EDGE_CURVE('',#1430,#1492,#581,.T.);
#1844=EDGE_CURVE('',#1492,#1491,#582,.T.);
#1845=EDGE_CURVE('',#1428,#1493,#583,.T.);
#1846=EDGE_CURVE('',#1493,#1492,#1239,.T.);
#1847=EDGE_CURVE('',#1435,#1493,#584,.T.);
#1848=EDGE_CURVE('',#1494,#1495,#585,.T.);
#1849=EDGE_CURVE('',#1496,#1494,#586,.T.);
#1850=EDGE_CURVE('',#1497,#1496,#587,.T.);
#1851=EDGE_CURVE('',#1498,#1497,#588,.T.);
#1852=EDGE_CURVE('',#1498,#1495,#589,.T.);
#1853=EDGE_CURVE('',#1499,#1500,#590,.T.);
#1854=EDGE_CURVE('',#1501,#1499,#591,.T.);
#1855=EDGE_CURVE('',#1502,#1501,#592,.T.);
#1856=EDGE_CURVE('',#1503,#1502,#593,.T.);
#1857=EDGE_CURVE('',#1503,#1500,#594,.T.);
#1858=EDGE_CURVE('',#1500,#1494,#595,.T.);
#1859=EDGE_CURVE('',#1496,#1503,#596,.T.);
#1860=EDGE_CURVE('',#1501,#1498,#597,.T.);
#1861=EDGE_CURVE('',#1495,#1499,#598,.T.);
#1862=EDGE_CURVE('',#1497,#1504,#599,.T.);
#1863=EDGE_CURVE('',#1504,#1505,#1240,.T.);
#1864=EDGE_CURVE('',#1505,#1506,#600,.T.);
#1865=EDGE_CURVE('',#1506,#1507,#1241,.T.);
#1866=EDGE_CURVE('',#1507,#1508,#601,.T.);
#1867=EDGE_CURVE('',#1508,#1509,#1242,.T.);
#1868=EDGE_CURVE('',#1509,#1510,#602,.T.);
#1869=EDGE_CURVE('',#1510,#1511,#1243,.T.);
#1870=EDGE_CURVE('',#1511,#1512,#603,.T.);
#1871=EDGE_CURVE('',#1512,#1513,#1244,.T.);
#1872=EDGE_CURVE('',#1513,#1514,#604,.T.);
#1873=EDGE_CURVE('',#1514,#1515,#1245,.T.);
#1874=EDGE_CURVE('',#1515,#1516,#605,.T.);
#1875=EDGE_CURVE('',#1516,#1517,#1246,.T.);
#1876=EDGE_CURVE('',#1517,#1518,#606,.T.);
#1877=EDGE_CURVE('',#1518,#1519,#1247,.T.);
#1878=EDGE_CURVE('',#1519,#1520,#607,.T.);
#1879=EDGE_CURVE('',#1520,#1521,#1248,.T.);
#1880=EDGE_CURVE('',#1521,#1522,#608,.T.);
#1881=EDGE_CURVE('',#1522,#1523,#1249,.T.);
#1882=EDGE_CURVE('',#1523,#1524,#609,.T.);
#1883=EDGE_CURVE('',#1524,#1525,#1250,.T.);
#1884=EDGE_CURVE('',#1525,#1526,#610,.T.);
#1885=EDGE_CURVE('',#1526,#1527,#1251,.T.);
#1886=EDGE_CURVE('',#1527,#1528,#611,.T.);
#1887=EDGE_CURVE('',#1528,#1529,#1252,.T.);
#1888=EDGE_CURVE('',#1529,#1530,#612,.T.);
#1889=EDGE_CURVE('',#1530,#1531,#1253,.T.);
#1890=EDGE_CURVE('',#1531,#1532,#613,.T.);
#1891=EDGE_CURVE('',#1532,#1533,#1254,.T.);
#1892=EDGE_CURVE('',#1533,#1534,#614,.T.);
#1893=EDGE_CURVE('',#1534,#1535,#1255,.T.);
#1894=EDGE_CURVE('',#1535,#1536,#615,.T.);
#1895=EDGE_CURVE('',#1536,#1537,#1256,.T.);
#1896=EDGE_CURVE('',#1537,#1538,#616,.T.);
#1897=EDGE_CURVE('',#1538,#1539,#1257,.T.);
#1898=EDGE_CURVE('',#1539,#1540,#617,.T.);
#1899=EDGE_CURVE('',#1540,#1541,#1258,.T.);
#1900=EDGE_CURVE('',#1541,#1542,#618,.T.);
#1901=EDGE_CURVE('',#1542,#1543,#1259,.T.);
#1902=EDGE_CURVE('',#1543,#1544,#619,.T.);
#1903=EDGE_CURVE('',#1544,#1545,#1260,.T.);
#1904=EDGE_CURVE('',#1545,#1546,#620,.T.);
#1905=EDGE_CURVE('',#1546,#1547,#1261,.T.);
#1906=EDGE_CURVE('',#1547,#1548,#1262,.T.);
#1907=EDGE_CURVE('',#1548,#1549,#621,.T.);
#1908=EDGE_CURVE('',#1549,#1550,#1263,.T.);
#1909=EDGE_CURVE('',#1550,#1502,#622,.T.);
#1910=EDGE_CURVE('',#1551,#1501,#623,.T.);
#1911=EDGE_CURVE('',#1552,#1551,#1264,.T.);
#1912=EDGE_CURVE('',#1553,#1552,#624,.T.);
#1913=EDGE_CURVE('',#1554,#1553,#1265,.T.);
#1914=EDGE_CURVE('',#1555,#1554,#1266,.T.);
#1915=EDGE_CURVE('',#1556,#1555,#625,.T.);
#1916=EDGE_CURVE('',#1557,#1556,#1267,.T.);
#1917=EDGE_CURVE('',#1558,#1557,#626,.T.);
#1918=EDGE_CURVE('',#1559,#1558,#1268,.T.);
#1919=EDGE_CURVE('',#1560,#1559,#627,.T.);
#1920=EDGE_CURVE('',#1561,#1560,#1269,.T.);
#1921=EDGE_CURVE('',#1562,#1561,#1270,.T.);
#1922=EDGE_CURVE('',#1563,#1562,#628,.T.);
#1923=EDGE_CURVE('',#1564,#1563,#1271,.T.);
#1924=EDGE_CURVE('',#1565,#1564,#629,.T.);
#1925=EDGE_CURVE('',#1566,#1565,#1272,.T.);
#1926=EDGE_CURVE('',#1567,#1566,#630,.T.);
#1927=EDGE_CURVE('',#1568,#1567,#1273,.T.);
#1928=EDGE_CURVE('',#1569,#1568,#631,.T.);
#1929=EDGE_CURVE('',#1570,#1569,#1274,.T.);
#1930=EDGE_CURVE('',#1571,#1570,#632,.T.);
#1931=EDGE_CURVE('',#1572,#1571,#1275,.T.);
#1932=EDGE_CURVE('',#1573,#1572,#633,.T.);
#1933=EDGE_CURVE('',#1574,#1573,#1276,.T.);
#1934=EDGE_CURVE('',#1575,#1574,#634,.T.);
#1935=EDGE_CURVE('',#1576,#1575,#1277,.T.);
#1936=EDGE_CURVE('',#1577,#1576,#635,.T.);
#1937=EDGE_CURVE('',#1578,#1577,#1278,.T.);
#1938=EDGE_CURVE('',#1579,#1578,#636,.T.);
#1939=EDGE_CURVE('',#1580,#1579,#1279,.T.);
#1940=EDGE_CURVE('',#1581,#1580,#637,.T.);
#1941=EDGE_CURVE('',#1582,#1581,#1280,.T.);
#1942=EDGE_CURVE('',#1583,#1582,#638,.T.);
#1943=EDGE_CURVE('',#1584,#1583,#1281,.T.);
#1944=EDGE_CURVE('',#1585,#1584,#639,.T.);
#1945=EDGE_CURVE('',#1586,#1585,#1282,.T.);
#1946=EDGE_CURVE('',#1587,#1586,#640,.T.);
#1947=EDGE_CURVE('',#1588,#1587,#1283,.T.);
#1948=EDGE_CURVE('',#1589,#1588,#641,.T.);
#1949=EDGE_CURVE('',#1590,#1589,#1284,.T.);
#1950=EDGE_CURVE('',#1591,#1590,#642,.T.);
#1951=EDGE_CURVE('',#1400,#1591,#1285,.T.);
#1952=EDGE_CURVE('',#1592,#1399,#1286,.T.);
#1953=EDGE_CURVE('',#1593,#1592,#643,.T.);
#1954=EDGE_CURVE('',#1594,#1593,#1287,.T.);
#1955=EDGE_CURVE('',#1595,#1594,#644,.T.);
#1956=EDGE_CURVE('',#1596,#1595,#1288,.T.);
#1957=EDGE_CURVE('',#1498,#1596,#645,.T.);
#1958=EDGE_CURVE('',#1439,#1550,#646,.T.);
#1959=EDGE_CURVE('',#1485,#1504,#647,.T.);
#1960=EDGE_CURVE('',#1440,#1549,#648,.T.);
#1961=EDGE_CURVE('',#1441,#1548,#649,.T.);
#1962=EDGE_CURVE('',#1442,#1547,#650,.T.);
#1963=EDGE_CURVE('',#1443,#1546,#651,.T.);
#1964=EDGE_CURVE('',#1444,#1545,#652,.T.);
#1965=EDGE_CURVE('',#1445,#1544,#653,.T.);
#1966=EDGE_CURVE('',#1446,#1543,#654,.T.);
#1967=EDGE_CURVE('',#1447,#1542,#655,.T.);
#1968=EDGE_CURVE('',#1448,#1541,#656,.T.);
#1969=EDGE_CURVE('',#1449,#1540,#657,.T.);
#1970=EDGE_CURVE('',#1450,#1539,#658,.T.);
#1971=EDGE_CURVE('',#1451,#1538,#659,.T.);
#1972=EDGE_CURVE('',#1452,#1537,#660,.T.);
#1973=EDGE_CURVE('',#1453,#1536,#661,.T.);
#1974=EDGE_CURVE('',#1454,#1535,#662,.T.);
#1975=EDGE_CURVE('',#1455,#1534,#663,.T.);
#1976=EDGE_CURVE('',#1456,#1533,#664,.T.);
#1977=EDGE_CURVE('',#1457,#1532,#665,.T.);
#1978=EDGE_CURVE('',#1458,#1531,#666,.T.);
#1979=EDGE_CURVE('',#1459,#1530,#667,.T.);
#1980=EDGE_CURVE('',#1460,#1529,#668,.T.);
#1981=EDGE_CURVE('',#1461,#1528,#669,.T.);
#1982=EDGE_CURVE('',#1462,#1527,#670,.T.);
#1983=EDGE_CURVE('',#1463,#1526,#671,.T.);
#1984=EDGE_CURVE('',#1464,#1525,#672,.T.);
#1985=EDGE_CURVE('',#1465,#1524,#673,.T.);
#1986=EDGE_CURVE('',#1466,#1523,#674,.T.);
#1987=EDGE_CURVE('',#1467,#1522,#675,.T.);
#1988=EDGE_CURVE('',#1468,#1521,#676,.T.);
#1989=EDGE_CURVE('',#1469,#1520,#677,.T.);
#1990=EDGE_CURVE('',#1470,#1519,#678,.T.);
#1991=EDGE_CURVE('',#1471,#1518,#679,.T.);
#1992=EDGE_CURVE('',#1472,#1517,#680,.T.);
#1993=EDGE_CURVE('',#1473,#1516,#681,.T.);
#1994=EDGE_CURVE('',#1474,#1515,#682,.T.);
#1995=EDGE_CURVE('',#1475,#1514,#683,.T.);
#1996=EDGE_CURVE('',#1476,#1513,#684,.T.);
#1997=EDGE_CURVE('',#1477,#1512,#685,.T.);
#1998=EDGE_CURVE('',#1478,#1511,#686,.T.);
#1999=EDGE_CURVE('',#1479,#1510,#687,.T.);
#2000=EDGE_CURVE('',#1480,#1509,#688,.T.);
#2001=EDGE_CURVE('',#1481,#1508,#689,.T.);
#2002=EDGE_CURVE('',#1482,#1507,#690,.T.);
#2003=EDGE_CURVE('',#1483,#1506,#691,.T.);
#2004=EDGE_CURVE('',#1484,#1505,#692,.T.);
#2005=EDGE_CURVE('',#1552,#1411,#693,.T.);
#2006=EDGE_CURVE('',#1410,#1597,#694,.T.);
#2007=EDGE_CURVE('',#1597,#1598,#1289,.T.);
#2008=EDGE_CURVE('',#1598,#1599,#695,.T.);
#2009=EDGE_CURVE('',#1599,#1600,#1290,.T.);
#2010=EDGE_CURVE('',#1600,#1355,#696,.T.);
#2011=EDGE_CURVE('',#1553,#1354,#697,.T.);
#2012=EDGE_CURVE('',#1551,#1412,#698,.T.);
#2013=EDGE_CURVE('',#1596,#1413,#699,.T.);
#2014=EDGE_CURVE('',#1595,#1414,#700,.T.);
#2015=EDGE_CURVE('',#1594,#1415,#701,.T.);
#2016=EDGE_CURVE('',#1593,#1416,#702,.T.);
#2017=EDGE_CURVE('',#1592,#1417,#703,.T.);
#2018=EDGE_CURVE('',#1591,#1391,#704,.T.);
#2019=EDGE_CURVE('',#1590,#1392,#705,.T.);
#2020=EDGE_CURVE('',#1589,#1393,#706,.T.);
#2021=EDGE_CURVE('',#1588,#1319,#707,.T.);
#2022=EDGE_CURVE('',#1587,#1320,#708,.T.);
#2023=EDGE_CURVE('',#1586,#1321,#709,.T.);
#2024=EDGE_CURVE('',#1585,#1322,#710,.T.);
#2025=EDGE_CURVE('',#1584,#1323,#711,.T.);
#2026=EDGE_CURVE('',#1583,#1324,#712,.T.);
#2027=EDGE_CURVE('',#1582,#1325,#713,.T.);
#2028=EDGE_CURVE('',#1581,#1326,#714,.T.);
#2029=EDGE_CURVE('',#1580,#1327,#715,.T.);
#2030=EDGE_CURVE('',#1579,#1328,#716,.T.);
#2031=EDGE_CURVE('',#1578,#1329,#717,.T.);
#2032=EDGE_CURVE('',#1577,#1330,#718,.T.);
#2033=EDGE_CURVE('',#1356,#1601,#719,.T.);
#2034=EDGE_CURVE('',#1600,#1601,#720,.T.);
#2035=EDGE_CURVE('',#1601,#1602,#1291,.T.);
#2036=EDGE_CURVE('',#1599,#1602,#721,.T.);
#2037=EDGE_CURVE('',#1602,#1603,#722,.T.);
#2038=EDGE_CURVE('',#1598,#1603,#723,.T.);
#2039=EDGE_CURVE('',#1603,#1604,#1292,.T.);
#2040=EDGE_CURVE('',#1597,#1604,#724,.T.);
#2041=EDGE_CURVE('',#1604,#1409,#725,.T.);
#2042=EDGE_CURVE('',#1554,#1353,#726,.T.);
#2043=EDGE_CURVE('',#1555,#1352,#727,.T.);
#2044=EDGE_CURVE('',#1556,#1351,#728,.T.);
#2045=EDGE_CURVE('',#1557,#1350,#729,.T.);
#2046=EDGE_CURVE('',#1558,#1349,#730,.T.);
#2047=EDGE_CURVE('',#1559,#1348,#731,.T.);
#2048=EDGE_CURVE('',#1560,#1347,#732,.T.);
#2049=EDGE_CURVE('',#1561,#1346,#733,.T.);
#2050=EDGE_CURVE('',#1562,#1345,#734,.T.);
#2051=EDGE_CURVE('',#1563,#1344,#735,.T.);
#2052=EDGE_CURVE('',#1564,#1343,#736,.T.);
#2053=EDGE_CURVE('',#1565,#1342,#737,.T.);
#2054=EDGE_CURVE('',#1566,#1341,#738,.T.);
#2055=EDGE_CURVE('',#1567,#1340,#739,.T.);
#2056=EDGE_CURVE('',#1568,#1339,#740,.T.);
#2057=EDGE_CURVE('',#1569,#1338,#741,.T.);
#2058=EDGE_CURVE('',#1570,#1337,#742,.T.);
#2059=EDGE_CURVE('',#1571,#1336,#743,.T.);
#2060=EDGE_CURVE('',#1572,#1335,#744,.T.);
#2061=EDGE_CURVE('',#1573,#1334,#745,.T.);
#2062=EDGE_CURVE('',#1574,#1333,#746,.T.);
#2063=EDGE_CURVE('',#1575,#1332,#747,.T.);
#2064=EDGE_CURVE('',#1576,#1331,#748,.T.);
#2065=EDGE_CURVE('',#1605,#1606,#1293,.T.);
#2066=EDGE_CURVE('',#1605,#1404,#749,.T.);
#2067=EDGE_CURVE('',#1606,#1403,#750,.T.);
#2068=EDGE_CURVE('',#1606,#1607,#751,.T.);
#2069=EDGE_CURVE('',#1607,#1402,#752,.T.);
#2070=EDGE_CURVE('',#1607,#1608,#1294,.T.);
#2071=EDGE_CURVE('',#1608,#1401,#753,.T.);
#2072=EDGE_CURVE('',#1609,#1387,#754,.T.);
#2073=EDGE_CURVE('',#1608,#1609,#755,.T.);
#2074=EDGE_CURVE('',#1609,#1395,#756,.T.);
#2075=EDGE_CURVE('',#1394,#1610,#1295,.T.);
#2076=EDGE_CURVE('',#1610,#1384,#757,.T.);
#2077=EDGE_CURVE('',#1610,#1611,#758,.T.);
#2078=EDGE_CURVE('',#1611,#1383,#759,.T.);
#2079=EDGE_CURVE('',#1611,#1612,#1296,.T.);
#2080=EDGE_CURVE('',#1612,#1382,#760,.T.);
#2081=EDGE_CURVE('',#1612,#1613,#761,.T.);
#2082=EDGE_CURVE('',#1613,#1381,#762,.T.);
#2083=EDGE_CURVE('',#1614,#1613,#1297,.T.);
#2084=EDGE_CURVE('',#1614,#1380,#763,.T.);
#2085=EDGE_CURVE('',#1614,#1615,#764,.T.);
#2086=EDGE_CURVE('',#1615,#1379,#765,.T.);
#2087=EDGE_CURVE('',#1615,#1616,#1298,.T.);
#2088=EDGE_CURVE('',#1616,#1378,#766,.T.);
#2089=EDGE_CURVE('',#1616,#1617,#767,.T.);
#2090=EDGE_CURVE('',#1617,#1377,#768,.T.);
#2091=EDGE_CURVE('',#1618,#1617,#1299,.T.);
#2092=EDGE_CURVE('',#1618,#1376,#769,.T.);
#2093=EDGE_CURVE('',#1618,#1619,#770,.T.);
#2094=EDGE_CURVE('',#1619,#1375,#771,.T.);
#2095=EDGE_CURVE('',#1619,#1620,#1300,.T.);
#2096=EDGE_CURVE('',#1620,#1374,#772,.T.);
#2097=EDGE_CURVE('',#1620,#1621,#773,.T.);
#2098=EDGE_CURVE('',#1621,#1373,#774,.T.);
#2099=EDGE_CURVE('',#1621,#1622,#775,.T.);
#2100=EDGE_CURVE('',#1622,#1372,#776,.T.);
#2101=EDGE_CURVE('',#1622,#1623,#1301,.T.);
#2102=EDGE_CURVE('',#1623,#1371,#777,.T.);
#2103=EDGE_CURVE('',#1623,#1624,#778,.T.);
#2104=EDGE_CURVE('',#1624,#1370,#779,.T.);
#2105=EDGE_CURVE('',#1624,#1625,#1302,.T.);
#2106=EDGE_CURVE('',#1625,#1369,#780,.T.);
#2107=EDGE_CURVE('',#1625,#1626,#781,.T.);
#2108=EDGE_CURVE('',#1626,#1368,#782,.T.);
#2109=EDGE_CURVE('',#1626,#1627,#783,.T.);
#2110=EDGE_CURVE('',#1627,#1367,#784,.T.);
#2111=EDGE_CURVE('',#1627,#1628,#1303,.T.);
#2112=EDGE_CURVE('',#1628,#1366,#785,.T.);
#2113=EDGE_CURVE('',#1628,#1629,#786,.T.);
#2114=EDGE_CURVE('',#1629,#1365,#787,.T.);
#2115=EDGE_CURVE('',#1629,#1630,#788,.T.);
#2116=EDGE_CURVE('',#1630,#1364,#789,.T.);
#2117=EDGE_CURVE('',#1630,#1631,#1304,.T.);
#2118=EDGE_CURVE('',#1631,#1363,#790,.T.);
#2119=EDGE_CURVE('',#1631,#1632,#791,.T.);
#2120=EDGE_CURVE('',#1632,#1362,#792,.T.);
#2121=EDGE_CURVE('',#1632,#1633,#1305,.T.);
#2122=EDGE_CURVE('',#1633,#1361,#793,.T.);
#2123=EDGE_CURVE('',#1633,#1634,#794,.T.);
#2124=EDGE_CURVE('',#1634,#1360,#795,.T.);
#2125=EDGE_CURVE('',#1634,#1635,#1306,.T.);
#2126=EDGE_CURVE('',#1635,#1359,#796,.T.);
#2127=EDGE_CURVE('',#1635,#1636,#797,.T.);
#2128=EDGE_CURVE('',#1636,#1358,#798,.T.);
#2129=EDGE_CURVE('',#1636,#1637,#1307,.T.);
#2130=EDGE_CURVE('',#1637,#1357,#799,.T.);
#2131=EDGE_CURVE('',#1638,#1408,#800,.T.);
#2132=EDGE_CURVE('',#1637,#1638,#801,.T.);
#2133=EDGE_CURVE('',#1638,#1639,#1308,.T.);
#2134=EDGE_CURVE('',#1639,#1407,#802,.T.);
#2135=EDGE_CURVE('',#1639,#1640,#803,.T.);
#2136=EDGE_CURVE('',#1640,#1406,#804,.T.);
#2137=EDGE_CURVE('',#1641,#1640,#1309,.T.);
#2138=EDGE_CURVE('',#1641,#1405,#805,.T.);
#2139=EDGE_CURVE('',#1641,#1605,#806,.T.);
#2140=EDGE_CURVE('',#1642,#1642,#1310,.T.);
#2141=EDGE_CURVE('',#1643,#1643,#1311,.T.);
#2142=EDGE_CURVE('',#1644,#1644,#1312,.T.);
#2143=EDGE_CURVE('',#1645,#1645,#1313,.T.);
#2144=EDGE_CURVE('',#1646,#1646,#1314,.T.);
#2145=EDGE_CURVE('',#1490,#1642,#807,.T.);
#2146=EDGE_CURVE('',#1489,#1643,#808,.T.);
#2147=EDGE_CURVE('',#1488,#1644,#809,.T.);
#2148=EDGE_CURVE('',#1487,#1645,#810,.T.);
#2149=EDGE_CURVE('',#1486,#1646,#811,.T.);
#2150=ORIENTED_EDGE('',*,*,#1647,.F.);
#2151=ORIENTED_EDGE('',*,*,#1648,.F.);
#2152=ORIENTED_EDGE('',*,*,#1649,.F.);
#2153=ORIENTED_EDGE('',*,*,#1650,.F.);
#2154=ORIENTED_EDGE('',*,*,#1650,.T.);
#2155=ORIENTED_EDGE('',*,*,#1651,.T.);
#2156=ORIENTED_EDGE('',*,*,#1652,.T.);
#2157=ORIENTED_EDGE('',*,*,#1653,.T.);
#2158=ORIENTED_EDGE('',*,*,#1654,.T.);
#2159=ORIENTED_EDGE('',*,*,#1655,.T.);
#2160=ORIENTED_EDGE('',*,*,#1656,.T.);
#2161=ORIENTED_EDGE('',*,*,#1657,.T.);
#2162=ORIENTED_EDGE('',*,*,#1658,.T.);
#2163=ORIENTED_EDGE('',*,*,#1659,.T.);
#2164=ORIENTED_EDGE('',*,*,#1660,.T.);
#2165=ORIENTED_EDGE('',*,*,#1661,.T.);
#2166=ORIENTED_EDGE('',*,*,#1662,.T.);
#2167=ORIENTED_EDGE('',*,*,#1663,.T.);
#2168=ORIENTED_EDGE('',*,*,#1664,.T.);
#2169=ORIENTED_EDGE('',*,*,#1665,.T.);
#2170=ORIENTED_EDGE('',*,*,#1666,.T.);
#2171=ORIENTED_EDGE('',*,*,#1667,.T.);
#2172=ORIENTED_EDGE('',*,*,#1668,.T.);
#2173=ORIENTED_EDGE('',*,*,#1669,.T.);
#2174=ORIENTED_EDGE('',*,*,#1670,.T.);
#2175=ORIENTED_EDGE('',*,*,#1671,.T.);
#2176=ORIENTED_EDGE('',*,*,#1672,.T.);
#2177=ORIENTED_EDGE('',*,*,#1673,.T.);
#2178=ORIENTED_EDGE('',*,*,#1674,.T.);
#2179=ORIENTED_EDGE('',*,*,#1675,.T.);
#2180=ORIENTED_EDGE('',*,*,#1676,.T.);
#2181=ORIENTED_EDGE('',*,*,#1677,.T.);
#2182=ORIENTED_EDGE('',*,*,#1678,.T.);
#2183=ORIENTED_EDGE('',*,*,#1679,.T.);
#2184=ORIENTED_EDGE('',*,*,#1680,.T.);
#2185=ORIENTED_EDGE('',*,*,#1681,.T.);
#2186=ORIENTED_EDGE('',*,*,#1682,.T.);
#2187=ORIENTED_EDGE('',*,*,#1683,.T.);
#2188=ORIENTED_EDGE('',*,*,#1684,.T.);
#2189=ORIENTED_EDGE('',*,*,#1685,.T.);
#2190=ORIENTED_EDGE('',*,*,#1686,.T.);
#2191=ORIENTED_EDGE('',*,*,#1687,.T.);
#2192=ORIENTED_EDGE('',*,*,#1688,.T.);
#2193=ORIENTED_EDGE('',*,*,#1689,.T.);
#2194=ORIENTED_EDGE('',*,*,#1690,.T.);
#2195=ORIENTED_EDGE('',*,*,#1691,.T.);
#2196=ORIENTED_EDGE('',*,*,#1692,.T.);
#2197=ORIENTED_EDGE('',*,*,#1693,.T.);
#2198=ORIENTED_EDGE('',*,*,#1694,.T.);
#2199=ORIENTED_EDGE('',*,*,#1695,.T.);
#2200=ORIENTED_EDGE('',*,*,#1696,.T.);
#2201=ORIENTED_EDGE('',*,*,#1697,.T.);
#2202=ORIENTED_EDGE('',*,*,#1698,.T.);
#2203=ORIENTED_EDGE('',*,*,#1699,.T.);
#2204=ORIENTED_EDGE('',*,*,#1700,.T.);
#2205=ORIENTED_EDGE('',*,*,#1701,.T.);
#2206=ORIENTED_EDGE('',*,*,#1702,.T.);
#2207=ORIENTED_EDGE('',*,*,#1703,.T.);
#2208=ORIENTED_EDGE('',*,*,#1704,.T.);
#2209=ORIENTED_EDGE('',*,*,#1705,.T.);
#2210=ORIENTED_EDGE('',*,*,#1706,.T.);
#2211=ORIENTED_EDGE('',*,*,#1707,.T.);
#2212=ORIENTED_EDGE('',*,*,#1708,.T.);
#2213=ORIENTED_EDGE('',*,*,#1709,.T.);
#2214=ORIENTED_EDGE('',*,*,#1710,.T.);
#2215=ORIENTED_EDGE('',*,*,#1711,.T.);
#2216=ORIENTED_EDGE('',*,*,#1712,.T.);
#2217=ORIENTED_EDGE('',*,*,#1713,.T.);
#2218=ORIENTED_EDGE('',*,*,#1714,.T.);
#2219=ORIENTED_EDGE('',*,*,#1715,.T.);
#2220=ORIENTED_EDGE('',*,*,#1716,.T.);
#2221=ORIENTED_EDGE('',*,*,#1717,.T.);
#2222=ORIENTED_EDGE('',*,*,#1718,.T.);
#2223=ORIENTED_EDGE('',*,*,#1648,.T.);
#2224=ORIENTED_EDGE('',*,*,#1719,.T.);
#2225=ORIENTED_EDGE('',*,*,#1720,.T.);
#2226=ORIENTED_EDGE('',*,*,#1721,.T.);
#2227=ORIENTED_EDGE('',*,*,#1722,.T.);
#2228=ORIENTED_EDGE('',*,*,#1723,.T.);
#2229=ORIENTED_EDGE('',*,*,#1724,.T.);
#2230=ORIENTED_EDGE('',*,*,#1725,.T.);
#2231=ORIENTED_EDGE('',*,*,#1726,.T.);
#2232=ORIENTED_EDGE('',*,*,#1727,.T.);
#2233=ORIENTED_EDGE('',*,*,#1647,.T.);
#2234=ORIENTED_EDGE('',*,*,#1718,.F.);
#2235=ORIENTED_EDGE('',*,*,#1728,.F.);
#2236=ORIENTED_EDGE('',*,*,#1729,.F.);
#2237=ORIENTED_EDGE('',*,*,#1730,.T.);
#2238=ORIENTED_EDGE('',*,*,#1719,.F.);
#2239=ORIENTED_EDGE('',*,*,#1731,.F.);
#2240=ORIENTED_EDGE('',*,*,#1722,.F.);
#2241=ORIENTED_EDGE('',*,*,#1732,.F.);
#2242=ORIENTED_EDGE('',*,*,#1733,.F.);
#2243=ORIENTED_EDGE('',*,*,#1731,.T.);
#2244=ORIENTED_EDGE('',*,*,#1734,.F.);
#2245=ORIENTED_EDGE('',*,*,#1735,.F.);
#2246=ORIENTED_EDGE('',*,*,#1736,.T.);
#2247=ORIENTED_EDGE('',*,*,#1737,.T.);
#2248=ORIENTED_EDGE('',*,*,#1723,.F.);
#2249=ORIENTED_EDGE('',*,*,#1733,.T.);
#2250=ORIENTED_EDGE('',*,*,#1738,.T.);
#2251=ORIENTED_EDGE('',*,*,#1739,.T.);
#2252=ORIENTED_EDGE('',*,*,#1740,.T.);
#2253=ORIENTED_EDGE('',*,*,#1741,.T.);
#2254=ORIENTED_EDGE('',*,*,#1742,.T.);
#2255=ORIENTED_EDGE('',*,*,#1743,.T.);
#2256=ORIENTED_EDGE('',*,*,#1744,.T.);
#2257=ORIENTED_EDGE('',*,*,#1745,.T.);
#2258=ORIENTED_EDGE('',*,*,#1746,.T.);
#2259=ORIENTED_EDGE('',*,*,#1747,.T.);
#2260=ORIENTED_EDGE('',*,*,#1748,.T.);
#2261=ORIENTED_EDGE('',*,*,#1749,.T.);
#2262=ORIENTED_EDGE('',*,*,#1750,.T.);
#2263=ORIENTED_EDGE('',*,*,#1751,.T.);
#2264=ORIENTED_EDGE('',*,*,#1752,.T.);
#2265=ORIENTED_EDGE('',*,*,#1753,.T.);
#2266=ORIENTED_EDGE('',*,*,#1754,.T.);
#2267=ORIENTED_EDGE('',*,*,#1755,.T.);
#2268=ORIENTED_EDGE('',*,*,#1734,.T.);
#2269=ORIENTED_EDGE('',*,*,#1756,.T.);
#2270=ORIENTED_EDGE('',*,*,#1757,.T.);
#2271=ORIENTED_EDGE('',*,*,#1758,.T.);
#2272=ORIENTED_EDGE('',*,*,#1759,.T.);
#2273=ORIENTED_EDGE('',*,*,#1760,.T.);
#2274=ORIENTED_EDGE('',*,*,#1761,.T.);
#2275=ORIENTED_EDGE('',*,*,#1758,.F.);
#2276=ORIENTED_EDGE('',*,*,#1762,.T.);
#2277=ORIENTED_EDGE('',*,*,#1763,.T.);
#2278=ORIENTED_EDGE('',*,*,#1764,.T.);
#2279=ORIENTED_EDGE('',*,*,#1760,.F.);
#2280=ORIENTED_EDGE('',*,*,#1765,.T.);
#2281=ORIENTED_EDGE('',*,*,#1766,.T.);
#2282=ORIENTED_EDGE('',*,*,#1767,.T.);
#2283=ORIENTED_EDGE('',*,*,#1763,.F.);
#2284=ORIENTED_EDGE('',*,*,#1768,.T.);
#2285=ORIENTED_EDGE('',*,*,#1769,.T.);
#2286=ORIENTED_EDGE('',*,*,#1770,.T.);
#2287=ORIENTED_EDGE('',*,*,#1766,.F.);
#2288=ORIENTED_EDGE('',*,*,#1771,.T.);
#2289=ORIENTED_EDGE('',*,*,#1772,.T.);
#2290=ORIENTED_EDGE('',*,*,#1773,.T.);
#2291=ORIENTED_EDGE('',*,*,#1769,.F.);
#2292=ORIENTED_EDGE('',*,*,#1774,.T.);
#2293=ORIENTED_EDGE('',*,*,#1775,.T.);
#2294=ORIENTED_EDGE('',*,*,#1776,.T.);
#2295=ORIENTED_EDGE('',*,*,#1772,.F.);
#2296=ORIENTED_EDGE('',*,*,#1777,.T.);
#2297=ORIENTED_EDGE('',*,*,#1756,.F.);
#2298=ORIENTED_EDGE('',*,*,#1778,.T.);
#2299=ORIENTED_EDGE('',*,*,#1775,.F.);
#2300=ORIENTED_EDGE('',*,*,#1779,.T.);
#2301=ORIENTED_EDGE('',*,*,#1768,.F.);
#2302=ORIENTED_EDGE('',*,*,#1780,.T.);
#2303=ORIENTED_EDGE('',*,*,#1781,.T.);
#2304=ORIENTED_EDGE('',*,*,#1782,.F.);
#2305=ORIENTED_EDGE('',*,*,#1765,.F.);
#2306=ORIENTED_EDGE('',*,*,#1783,.T.);
#2307=ORIENTED_EDGE('',*,*,#1784,.T.);
#2308=ORIENTED_EDGE('',*,*,#1780,.F.);
#2309=ORIENTED_EDGE('',*,*,#1762,.F.);
#2310=ORIENTED_EDGE('',*,*,#1785,.T.);
#2311=ORIENTED_EDGE('',*,*,#1786,.T.);
#2312=ORIENTED_EDGE('',*,*,#1783,.F.);
#2313=ORIENTED_EDGE('',*,*,#1757,.F.);
#2314=ORIENTED_EDGE('',*,*,#1787,.T.);
#2315=ORIENTED_EDGE('',*,*,#1788,.T.);
#2316=ORIENTED_EDGE('',*,*,#1785,.F.);
#2317=ORIENTED_EDGE('',*,*,#1789,.T.);
#2318=ORIENTED_EDGE('',*,*,#1790,.T.);
#2319=ORIENTED_EDGE('',*,*,#1791,.T.);
#2320=ORIENTED_EDGE('',*,*,#1792,.T.);
#2321=ORIENTED_EDGE('',*,*,#1793,.T.);
#2322=ORIENTED_EDGE('',*,*,#1794,.T.);
#2323=ORIENTED_EDGE('',*,*,#1795,.T.);
#2324=ORIENTED_EDGE('',*,*,#1796,.T.);
#2325=ORIENTED_EDGE('',*,*,#1797,.T.);
#2326=ORIENTED_EDGE('',*,*,#1798,.T.);
#2327=ORIENTED_EDGE('',*,*,#1799,.T.);
#2328=ORIENTED_EDGE('',*,*,#1800,.T.);
#2329=ORIENTED_EDGE('',*,*,#1801,.T.);
#2330=ORIENTED_EDGE('',*,*,#1802,.T.);
#2331=ORIENTED_EDGE('',*,*,#1803,.T.);
#2332=ORIENTED_EDGE('',*,*,#1804,.T.);
#2333=ORIENTED_EDGE('',*,*,#1805,.T.);
#2334=ORIENTED_EDGE('',*,*,#1806,.T.);
#2335=ORIENTED_EDGE('',*,*,#1807,.T.);
#2336=ORIENTED_EDGE('',*,*,#1808,.T.);
#2337=ORIENTED_EDGE('',*,*,#1809,.T.);
#2338=ORIENTED_EDGE('',*,*,#1810,.T.);
#2339=ORIENTED_EDGE('',*,*,#1811,.T.);
#2340=ORIENTED_EDGE('',*,*,#1812,.T.);
#2341=ORIENTED_EDGE('',*,*,#1813,.T.);
#2342=ORIENTED_EDGE('',*,*,#1814,.T.);
#2343=ORIENTED_EDGE('',*,*,#1815,.T.);
#2344=ORIENTED_EDGE('',*,*,#1816,.T.);
#2345=ORIENTED_EDGE('',*,*,#1817,.T.);
#2346=ORIENTED_EDGE('',*,*,#1818,.T.);
#2347=ORIENTED_EDGE('',*,*,#1819,.T.);
#2348=ORIENTED_EDGE('',*,*,#1820,.T.);
#2349=ORIENTED_EDGE('',*,*,#1821,.T.);
#2350=ORIENTED_EDGE('',*,*,#1822,.T.);
#2351=ORIENTED_EDGE('',*,*,#1823,.T.);
#2352=ORIENTED_EDGE('',*,*,#1824,.T.);
#2353=ORIENTED_EDGE('',*,*,#1825,.T.);
#2354=ORIENTED_EDGE('',*,*,#1826,.T.);
#2355=ORIENTED_EDGE('',*,*,#1827,.T.);
#2356=ORIENTED_EDGE('',*,*,#1828,.T.);
#2357=ORIENTED_EDGE('',*,*,#1829,.T.);
#2358=ORIENTED_EDGE('',*,*,#1830,.T.);
#2359=ORIENTED_EDGE('',*,*,#1831,.T.);
#2360=ORIENTED_EDGE('',*,*,#1832,.T.);
#2361=ORIENTED_EDGE('',*,*,#1833,.T.);
#2362=ORIENTED_EDGE('',*,*,#1834,.T.);
#2363=ORIENTED_EDGE('',*,*,#1835,.T.);
#2364=ORIENTED_EDGE('',*,*,#1836,.T.);
#2365=ORIENTED_EDGE('',*,*,#1837,.T.);
#2366=ORIENTED_EDGE('',*,*,#1838,.T.);
#2367=ORIENTED_EDGE('',*,*,#1839,.T.);
#2368=ORIENTED_EDGE('',*,*,#1840,.T.);
#2369=ORIENTED_EDGE('',*,*,#1759,.F.);
#2370=ORIENTED_EDGE('',*,*,#1761,.F.);
#2371=ORIENTED_EDGE('',*,*,#1764,.F.);
#2372=ORIENTED_EDGE('',*,*,#1767,.F.);
#2373=ORIENTED_EDGE('',*,*,#1770,.F.);
#2374=ORIENTED_EDGE('',*,*,#1773,.F.);
#2375=ORIENTED_EDGE('',*,*,#1776,.F.);
#2376=ORIENTED_EDGE('',*,*,#1778,.F.);
#2377=ORIENTED_EDGE('',*,*,#1779,.F.);
#2378=ORIENTED_EDGE('',*,*,#1841,.T.);
#2379=ORIENTED_EDGE('',*,*,#1842,.T.);
#2380=ORIENTED_EDGE('',*,*,#1787,.F.);
#2381=ORIENTED_EDGE('',*,*,#1777,.F.);
#2382=ORIENTED_EDGE('',*,*,#1843,.T.);
#2383=ORIENTED_EDGE('',*,*,#1844,.T.);
#2384=ORIENTED_EDGE('',*,*,#1841,.F.);
#2385=ORIENTED_EDGE('',*,*,#1774,.F.);
#2386=ORIENTED_EDGE('',*,*,#1845,.T.);
#2387=ORIENTED_EDGE('',*,*,#1846,.T.);
#2388=ORIENTED_EDGE('',*,*,#1843,.F.);
#2389=ORIENTED_EDGE('',*,*,#1771,.F.);
#2390=ORIENTED_EDGE('',*,*,#1782,.T.);
#2391=ORIENTED_EDGE('',*,*,#1847,.T.);
#2392=ORIENTED_EDGE('',*,*,#1845,.F.);
#2393=ORIENTED_EDGE('',*,*,#1786,.F.);
#2394=ORIENTED_EDGE('',*,*,#1788,.F.);
#2395=ORIENTED_EDGE('',*,*,#1842,.F.);
#2396=ORIENTED_EDGE('',*,*,#1844,.F.);
#2397=ORIENTED_EDGE('',*,*,#1846,.F.);
#2398=ORIENTED_EDGE('',*,*,#1847,.F.);
#2399=ORIENTED_EDGE('',*,*,#1781,.F.);
#2400=ORIENTED_EDGE('',*,*,#1784,.F.);
#2401=ORIENTED_EDGE('',*,*,#1848,.F.);
#2402=ORIENTED_EDGE('',*,*,#1849,.F.);
#2403=ORIENTED_EDGE('',*,*,#1850,.F.);
#2404=ORIENTED_EDGE('',*,*,#1851,.F.);
#2405=ORIENTED_EDGE('',*,*,#1852,.T.);
#2406=ORIENTED_EDGE('',*,*,#1853,.F.);
#2407=ORIENTED_EDGE('',*,*,#1854,.F.);
#2408=ORIENTED_EDGE('',*,*,#1855,.F.);
#2409=ORIENTED_EDGE('',*,*,#1856,.F.);
#2410=ORIENTED_EDGE('',*,*,#1857,.T.);
#2411=ORIENTED_EDGE('',*,*,#1858,.F.);
#2412=ORIENTED_EDGE('',*,*,#1857,.F.);
#2413=ORIENTED_EDGE('',*,*,#1859,.F.);
#2414=ORIENTED_EDGE('',*,*,#1849,.T.);
#2415=ORIENTED_EDGE('',*,*,#1860,.F.);
#2416=ORIENTED_EDGE('',*,*,#1854,.T.);
#2417=ORIENTED_EDGE('',*,*,#1861,.F.);
#2418=ORIENTED_EDGE('',*,*,#1852,.F.);
#2419=ORIENTED_EDGE('',*,*,#1851,.T.);
#2420=ORIENTED_EDGE('',*,*,#1862,.T.);
#2421=ORIENTED_EDGE('',*,*,#1863,.T.);
#2422=ORIENTED_EDGE('',*,*,#1864,.T.);
#2423=ORIENTED_EDGE('',*,*,#1865,.T.);
#2424=ORIENTED_EDGE('',*,*,#1866,.T.);
#2425=ORIENTED_EDGE('',*,*,#1867,.T.);
#2426=ORIENTED_EDGE('',*,*,#1868,.T.);
#2427=ORIENTED_EDGE('',*,*,#1869,.T.);
#2428=ORIENTED_EDGE('',*,*,#1870,.T.);
#2429=ORIENTED_EDGE('',*,*,#1871,.T.);
#2430=ORIENTED_EDGE('',*,*,#1872,.T.);
#2431=ORIENTED_EDGE('',*,*,#1873,.T.);
#2432=ORIENTED_EDGE('',*,*,#1874,.T.);
#2433=ORIENTED_EDGE('',*,*,#1875,.T.);
#2434=ORIENTED_EDGE('',*,*,#1876,.T.);
#2435=ORIENTED_EDGE('',*,*,#1877,.T.);
#2436=ORIENTED_EDGE('',*,*,#1878,.T.);
#2437=ORIENTED_EDGE('',*,*,#1879,.T.);
#2438=ORIENTED_EDGE('',*,*,#1880,.T.);
#2439=ORIENTED_EDGE('',*,*,#1881,.T.);
#2440=ORIENTED_EDGE('',*,*,#1882,.T.);
#2441=ORIENTED_EDGE('',*,*,#1883,.T.);
#2442=ORIENTED_EDGE('',*,*,#1884,.T.);
#2443=ORIENTED_EDGE('',*,*,#1885,.T.);
#2444=ORIENTED_EDGE('',*,*,#1886,.T.);
#2445=ORIENTED_EDGE('',*,*,#1887,.T.);
#2446=ORIENTED_EDGE('',*,*,#1888,.T.);
#2447=ORIENTED_EDGE('',*,*,#1889,.T.);
#2448=ORIENTED_EDGE('',*,*,#1890,.T.);
#2449=ORIENTED_EDGE('',*,*,#1891,.T.);
#2450=ORIENTED_EDGE('',*,*,#1892,.T.);
#2451=ORIENTED_EDGE('',*,*,#1893,.T.);
#2452=ORIENTED_EDGE('',*,*,#1894,.T.);
#2453=ORIENTED_EDGE('',*,*,#1895,.T.);
#2454=ORIENTED_EDGE('',*,*,#1896,.T.);
#2455=ORIENTED_EDGE('',*,*,#1897,.T.);
#2456=ORIENTED_EDGE('',*,*,#1898,.T.);
#2457=ORIENTED_EDGE('',*,*,#1899,.T.);
#2458=ORIENTED_EDGE('',*,*,#1900,.T.);
#2459=ORIENTED_EDGE('',*,*,#1901,.T.);
#2460=ORIENTED_EDGE('',*,*,#1902,.T.);
#2461=ORIENTED_EDGE('',*,*,#1903,.T.);
#2462=ORIENTED_EDGE('',*,*,#1904,.T.);
#2463=ORIENTED_EDGE('',*,*,#1905,.T.);
#2464=ORIENTED_EDGE('',*,*,#1906,.T.);
#2465=ORIENTED_EDGE('',*,*,#1907,.T.);
#2466=ORIENTED_EDGE('',*,*,#1908,.T.);
#2467=ORIENTED_EDGE('',*,*,#1909,.T.);
#2468=ORIENTED_EDGE('',*,*,#1855,.T.);
#2469=ORIENTED_EDGE('',*,*,#1910,.F.);
#2470=ORIENTED_EDGE('',*,*,#1911,.F.);
#2471=ORIENTED_EDGE('',*,*,#1912,.F.);
#2472=ORIENTED_EDGE('',*,*,#1913,.F.);
#2473=ORIENTED_EDGE('',*,*,#1914,.F.);
#2474=ORIENTED_EDGE('',*,*,#1915,.F.);
#2475=ORIENTED_EDGE('',*,*,#1916,.F.);
#2476=ORIENTED_EDGE('',*,*,#1917,.F.);
#2477=ORIENTED_EDGE('',*,*,#1918,.F.);
#2478=ORIENTED_EDGE('',*,*,#1919,.F.);
#2479=ORIENTED_EDGE('',*,*,#1920,.F.);
#2480=ORIENTED_EDGE('',*,*,#1921,.F.);
#2481=ORIENTED_EDGE('',*,*,#1922,.F.);
#2482=ORIENTED_EDGE('',*,*,#1923,.F.);
#2483=ORIENTED_EDGE('',*,*,#1924,.F.);
#2484=ORIENTED_EDGE('',*,*,#1925,.F.);
#2485=ORIENTED_EDGE('',*,*,#1926,.F.);
#2486=ORIENTED_EDGE('',*,*,#1927,.F.);
#2487=ORIENTED_EDGE('',*,*,#1928,.F.);
#2488=ORIENTED_EDGE('',*,*,#1929,.F.);
#2489=ORIENTED_EDGE('',*,*,#1930,.F.);
#2490=ORIENTED_EDGE('',*,*,#1931,.F.);
#2491=ORIENTED_EDGE('',*,*,#1932,.F.);
#2492=ORIENTED_EDGE('',*,*,#1933,.F.);
#2493=ORIENTED_EDGE('',*,*,#1934,.F.);
#2494=ORIENTED_EDGE('',*,*,#1935,.F.);
#2495=ORIENTED_EDGE('',*,*,#1936,.F.);
#2496=ORIENTED_EDGE('',*,*,#1937,.F.);
#2497=ORIENTED_EDGE('',*,*,#1938,.F.);
#2498=ORIENTED_EDGE('',*,*,#1939,.F.);
#2499=ORIENTED_EDGE('',*,*,#1940,.F.);
#2500=ORIENTED_EDGE('',*,*,#1941,.F.);
#2501=ORIENTED_EDGE('',*,*,#1942,.F.);
#2502=ORIENTED_EDGE('',*,*,#1943,.F.);
#2503=ORIENTED_EDGE('',*,*,#1944,.F.);
#2504=ORIENTED_EDGE('',*,*,#1945,.F.);
#2505=ORIENTED_EDGE('',*,*,#1946,.F.);
#2506=ORIENTED_EDGE('',*,*,#1947,.F.);
#2507=ORIENTED_EDGE('',*,*,#1948,.F.);
#2508=ORIENTED_EDGE('',*,*,#1949,.F.);
#2509=ORIENTED_EDGE('',*,*,#1950,.F.);
#2510=ORIENTED_EDGE('',*,*,#1951,.F.);
#2511=ORIENTED_EDGE('',*,*,#1736,.F.);
#2512=ORIENTED_EDGE('',*,*,#1952,.F.);
#2513=ORIENTED_EDGE('',*,*,#1953,.F.);
#2514=ORIENTED_EDGE('',*,*,#1954,.F.);
#2515=ORIENTED_EDGE('',*,*,#1955,.F.);
#2516=ORIENTED_EDGE('',*,*,#1956,.F.);
#2517=ORIENTED_EDGE('',*,*,#1957,.F.);
#2518=ORIENTED_EDGE('',*,*,#1850,.T.);
#2519=ORIENTED_EDGE('',*,*,#1859,.T.);
#2520=ORIENTED_EDGE('',*,*,#1856,.T.);
#2521=ORIENTED_EDGE('',*,*,#1909,.F.);
#2522=ORIENTED_EDGE('',*,*,#1958,.F.);
#2523=ORIENTED_EDGE('',*,*,#1835,.F.);
#2524=ORIENTED_EDGE('',*,*,#1959,.T.);
#2525=ORIENTED_EDGE('',*,*,#1862,.F.);
#2526=ORIENTED_EDGE('',*,*,#1789,.F.);
#2527=ORIENTED_EDGE('',*,*,#1958,.T.);
#2528=ORIENTED_EDGE('',*,*,#1908,.F.);
#2529=ORIENTED_EDGE('',*,*,#1960,.F.);
#2530=ORIENTED_EDGE('',*,*,#1790,.F.);
#2531=ORIENTED_EDGE('',*,*,#1960,.T.);
#2532=ORIENTED_EDGE('',*,*,#1907,.F.);
#2533=ORIENTED_EDGE('',*,*,#1961,.F.);
#2534=ORIENTED_EDGE('',*,*,#1791,.F.);
#2535=ORIENTED_EDGE('',*,*,#1961,.T.);
#2536=ORIENTED_EDGE('',*,*,#1906,.F.);
#2537=ORIENTED_EDGE('',*,*,#1962,.F.);
#2538=ORIENTED_EDGE('',*,*,#1792,.F.);
#2539=ORIENTED_EDGE('',*,*,#1962,.T.);
#2540=ORIENTED_EDGE('',*,*,#1905,.F.);
#2541=ORIENTED_EDGE('',*,*,#1963,.F.);
#2542=ORIENTED_EDGE('',*,*,#1793,.F.);
#2543=ORIENTED_EDGE('',*,*,#1963,.T.);
#2544=ORIENTED_EDGE('',*,*,#1904,.F.);
#2545=ORIENTED_EDGE('',*,*,#1964,.F.);
#2546=ORIENTED_EDGE('',*,*,#1794,.F.);
#2547=ORIENTED_EDGE('',*,*,#1964,.T.);
#2548=ORIENTED_EDGE('',*,*,#1903,.F.);
#2549=ORIENTED_EDGE('',*,*,#1965,.F.);
#2550=ORIENTED_EDGE('',*,*,#1795,.F.);
#2551=ORIENTED_EDGE('',*,*,#1965,.T.);
#2552=ORIENTED_EDGE('',*,*,#1902,.F.);
#2553=ORIENTED_EDGE('',*,*,#1966,.F.);
#2554=ORIENTED_EDGE('',*,*,#1796,.F.);
#2555=ORIENTED_EDGE('',*,*,#1966,.T.);
#2556=ORIENTED_EDGE('',*,*,#1901,.F.);
#2557=ORIENTED_EDGE('',*,*,#1967,.F.);
#2558=ORIENTED_EDGE('',*,*,#1797,.F.);
#2559=ORIENTED_EDGE('',*,*,#1967,.T.);
#2560=ORIENTED_EDGE('',*,*,#1900,.F.);
#2561=ORIENTED_EDGE('',*,*,#1968,.F.);
#2562=ORIENTED_EDGE('',*,*,#1798,.F.);
#2563=ORIENTED_EDGE('',*,*,#1968,.T.);
#2564=ORIENTED_EDGE('',*,*,#1899,.F.);
#2565=ORIENTED_EDGE('',*,*,#1969,.F.);
#2566=ORIENTED_EDGE('',*,*,#1799,.F.);
#2567=ORIENTED_EDGE('',*,*,#1969,.T.);
#2568=ORIENTED_EDGE('',*,*,#1898,.F.);
#2569=ORIENTED_EDGE('',*,*,#1970,.F.);
#2570=ORIENTED_EDGE('',*,*,#1800,.F.);
#2571=ORIENTED_EDGE('',*,*,#1970,.T.);
#2572=ORIENTED_EDGE('',*,*,#1897,.F.);
#2573=ORIENTED_EDGE('',*,*,#1971,.F.);
#2574=ORIENTED_EDGE('',*,*,#1801,.F.);
#2575=ORIENTED_EDGE('',*,*,#1971,.T.);
#2576=ORIENTED_EDGE('',*,*,#1896,.F.);
#2577=ORIENTED_EDGE('',*,*,#1972,.F.);
#2578=ORIENTED_EDGE('',*,*,#1802,.F.);
#2579=ORIENTED_EDGE('',*,*,#1972,.T.);
#2580=ORIENTED_EDGE('',*,*,#1895,.F.);
#2581=ORIENTED_EDGE('',*,*,#1973,.F.);
#2582=ORIENTED_EDGE('',*,*,#1803,.F.);
#2583=ORIENTED_EDGE('',*,*,#1973,.T.);
#2584=ORIENTED_EDGE('',*,*,#1894,.F.);
#2585=ORIENTED_EDGE('',*,*,#1974,.F.);
#2586=ORIENTED_EDGE('',*,*,#1804,.F.);
#2587=ORIENTED_EDGE('',*,*,#1974,.T.);
#2588=ORIENTED_EDGE('',*,*,#1893,.F.);
#2589=ORIENTED_EDGE('',*,*,#1975,.F.);
#2590=ORIENTED_EDGE('',*,*,#1805,.F.);
#2591=ORIENTED_EDGE('',*,*,#1975,.T.);
#2592=ORIENTED_EDGE('',*,*,#1892,.F.);
#2593=ORIENTED_EDGE('',*,*,#1976,.F.);
#2594=ORIENTED_EDGE('',*,*,#1806,.F.);
#2595=ORIENTED_EDGE('',*,*,#1976,.T.);
#2596=ORIENTED_EDGE('',*,*,#1891,.F.);
#2597=ORIENTED_EDGE('',*,*,#1977,.F.);
#2598=ORIENTED_EDGE('',*,*,#1807,.F.);
#2599=ORIENTED_EDGE('',*,*,#1977,.T.);
#2600=ORIENTED_EDGE('',*,*,#1890,.F.);
#2601=ORIENTED_EDGE('',*,*,#1978,.F.);
#2602=ORIENTED_EDGE('',*,*,#1808,.F.);
#2603=ORIENTED_EDGE('',*,*,#1978,.T.);
#2604=ORIENTED_EDGE('',*,*,#1889,.F.);
#2605=ORIENTED_EDGE('',*,*,#1979,.F.);
#2606=ORIENTED_EDGE('',*,*,#1809,.F.);
#2607=ORIENTED_EDGE('',*,*,#1979,.T.);
#2608=ORIENTED_EDGE('',*,*,#1888,.F.);
#2609=ORIENTED_EDGE('',*,*,#1980,.F.);
#2610=ORIENTED_EDGE('',*,*,#1810,.F.);
#2611=ORIENTED_EDGE('',*,*,#1980,.T.);
#2612=ORIENTED_EDGE('',*,*,#1887,.F.);
#2613=ORIENTED_EDGE('',*,*,#1981,.F.);
#2614=ORIENTED_EDGE('',*,*,#1811,.F.);
#2615=ORIENTED_EDGE('',*,*,#1981,.T.);
#2616=ORIENTED_EDGE('',*,*,#1886,.F.);
#2617=ORIENTED_EDGE('',*,*,#1982,.F.);
#2618=ORIENTED_EDGE('',*,*,#1812,.F.);
#2619=ORIENTED_EDGE('',*,*,#1982,.T.);
#2620=ORIENTED_EDGE('',*,*,#1885,.F.);
#2621=ORIENTED_EDGE('',*,*,#1983,.F.);
#2622=ORIENTED_EDGE('',*,*,#1813,.F.);
#2623=ORIENTED_EDGE('',*,*,#1983,.T.);
#2624=ORIENTED_EDGE('',*,*,#1884,.F.);
#2625=ORIENTED_EDGE('',*,*,#1984,.F.);
#2626=ORIENTED_EDGE('',*,*,#1814,.F.);
#2627=ORIENTED_EDGE('',*,*,#1984,.T.);
#2628=ORIENTED_EDGE('',*,*,#1883,.F.);
#2629=ORIENTED_EDGE('',*,*,#1985,.F.);
#2630=ORIENTED_EDGE('',*,*,#1815,.F.);
#2631=ORIENTED_EDGE('',*,*,#1985,.T.);
#2632=ORIENTED_EDGE('',*,*,#1882,.F.);
#2633=ORIENTED_EDGE('',*,*,#1986,.F.);
#2634=ORIENTED_EDGE('',*,*,#1816,.F.);
#2635=ORIENTED_EDGE('',*,*,#1986,.T.);
#2636=ORIENTED_EDGE('',*,*,#1881,.F.);
#2637=ORIENTED_EDGE('',*,*,#1987,.F.);
#2638=ORIENTED_EDGE('',*,*,#1817,.F.);
#2639=ORIENTED_EDGE('',*,*,#1987,.T.);
#2640=ORIENTED_EDGE('',*,*,#1880,.F.);
#2641=ORIENTED_EDGE('',*,*,#1988,.F.);
#2642=ORIENTED_EDGE('',*,*,#1818,.F.);
#2643=ORIENTED_EDGE('',*,*,#1988,.T.);
#2644=ORIENTED_EDGE('',*,*,#1879,.F.);
#2645=ORIENTED_EDGE('',*,*,#1989,.F.);
#2646=ORIENTED_EDGE('',*,*,#1819,.F.);
#2647=ORIENTED_EDGE('',*,*,#1989,.T.);
#2648=ORIENTED_EDGE('',*,*,#1878,.F.);
#2649=ORIENTED_EDGE('',*,*,#1990,.F.);
#2650=ORIENTED_EDGE('',*,*,#1820,.F.);
#2651=ORIENTED_EDGE('',*,*,#1990,.T.);
#2652=ORIENTED_EDGE('',*,*,#1877,.F.);
#2653=ORIENTED_EDGE('',*,*,#1991,.F.);
#2654=ORIENTED_EDGE('',*,*,#1821,.F.);
#2655=ORIENTED_EDGE('',*,*,#1991,.T.);
#2656=ORIENTED_EDGE('',*,*,#1876,.F.);
#2657=ORIENTED_EDGE('',*,*,#1992,.F.);
#2658=ORIENTED_EDGE('',*,*,#1822,.F.);
#2659=ORIENTED_EDGE('',*,*,#1992,.T.);
#2660=ORIENTED_EDGE('',*,*,#1875,.F.);
#2661=ORIENTED_EDGE('',*,*,#1993,.F.);
#2662=ORIENTED_EDGE('',*,*,#1823,.F.);
#2663=ORIENTED_EDGE('',*,*,#1993,.T.);
#2664=ORIENTED_EDGE('',*,*,#1874,.F.);
#2665=ORIENTED_EDGE('',*,*,#1994,.F.);
#2666=ORIENTED_EDGE('',*,*,#1824,.F.);
#2667=ORIENTED_EDGE('',*,*,#1994,.T.);
#2668=ORIENTED_EDGE('',*,*,#1873,.F.);
#2669=ORIENTED_EDGE('',*,*,#1995,.F.);
#2670=ORIENTED_EDGE('',*,*,#1825,.F.);
#2671=ORIENTED_EDGE('',*,*,#1995,.T.);
#2672=ORIENTED_EDGE('',*,*,#1872,.F.);
#2673=ORIENTED_EDGE('',*,*,#1996,.F.);
#2674=ORIENTED_EDGE('',*,*,#1826,.F.);
#2675=ORIENTED_EDGE('',*,*,#1996,.T.);
#2676=ORIENTED_EDGE('',*,*,#1871,.F.);
#2677=ORIENTED_EDGE('',*,*,#1997,.F.);
#2678=ORIENTED_EDGE('',*,*,#1827,.F.);
#2679=ORIENTED_EDGE('',*,*,#1997,.T.);
#2680=ORIENTED_EDGE('',*,*,#1870,.F.);
#2681=ORIENTED_EDGE('',*,*,#1998,.F.);
#2682=ORIENTED_EDGE('',*,*,#1828,.F.);
#2683=ORIENTED_EDGE('',*,*,#1998,.T.);
#2684=ORIENTED_EDGE('',*,*,#1869,.F.);
#2685=ORIENTED_EDGE('',*,*,#1999,.F.);
#2686=ORIENTED_EDGE('',*,*,#1829,.F.);
#2687=ORIENTED_EDGE('',*,*,#1999,.T.);
#2688=ORIENTED_EDGE('',*,*,#1868,.F.);
#2689=ORIENTED_EDGE('',*,*,#2000,.F.);
#2690=ORIENTED_EDGE('',*,*,#1830,.F.);
#2691=ORIENTED_EDGE('',*,*,#2000,.T.);
#2692=ORIENTED_EDGE('',*,*,#1867,.F.);
#2693=ORIENTED_EDGE('',*,*,#2001,.F.);
#2694=ORIENTED_EDGE('',*,*,#1831,.F.);
#2695=ORIENTED_EDGE('',*,*,#2001,.T.);
#2696=ORIENTED_EDGE('',*,*,#1866,.F.);
#2697=ORIENTED_EDGE('',*,*,#2002,.F.);
#2698=ORIENTED_EDGE('',*,*,#1832,.F.);
#2699=ORIENTED_EDGE('',*,*,#2002,.T.);
#2700=ORIENTED_EDGE('',*,*,#1865,.F.);
#2701=ORIENTED_EDGE('',*,*,#2003,.F.);
#2702=ORIENTED_EDGE('',*,*,#1833,.F.);
#2703=ORIENTED_EDGE('',*,*,#2003,.T.);
#2704=ORIENTED_EDGE('',*,*,#1864,.F.);
#2705=ORIENTED_EDGE('',*,*,#2004,.F.);
#2706=ORIENTED_EDGE('',*,*,#1834,.F.);
#2707=ORIENTED_EDGE('',*,*,#2004,.T.);
#2708=ORIENTED_EDGE('',*,*,#1863,.F.);
#2709=ORIENTED_EDGE('',*,*,#1959,.F.);
#2710=ORIENTED_EDGE('',*,*,#1912,.T.);
#2711=ORIENTED_EDGE('',*,*,#2005,.T.);
#2712=ORIENTED_EDGE('',*,*,#1748,.F.);
#2713=ORIENTED_EDGE('',*,*,#2006,.T.);
#2714=ORIENTED_EDGE('',*,*,#2007,.T.);
#2715=ORIENTED_EDGE('',*,*,#2008,.T.);
#2716=ORIENTED_EDGE('',*,*,#2009,.T.);
#2717=ORIENTED_EDGE('',*,*,#2010,.T.);
#2718=ORIENTED_EDGE('',*,*,#1687,.F.);
#2719=ORIENTED_EDGE('',*,*,#2011,.F.);
#2720=ORIENTED_EDGE('',*,*,#1911,.T.);
#2721=ORIENTED_EDGE('',*,*,#2012,.T.);
#2722=ORIENTED_EDGE('',*,*,#1749,.F.);
#2723=ORIENTED_EDGE('',*,*,#2005,.F.);
#2724=ORIENTED_EDGE('',*,*,#1910,.T.);
#2725=ORIENTED_EDGE('',*,*,#1860,.T.);
#2726=ORIENTED_EDGE('',*,*,#1957,.T.);
#2727=ORIENTED_EDGE('',*,*,#2013,.T.);
#2728=ORIENTED_EDGE('',*,*,#1750,.F.);
#2729=ORIENTED_EDGE('',*,*,#2012,.F.);
#2730=ORIENTED_EDGE('',*,*,#1956,.T.);
#2731=ORIENTED_EDGE('',*,*,#2014,.T.);
#2732=ORIENTED_EDGE('',*,*,#1751,.F.);
#2733=ORIENTED_EDGE('',*,*,#2013,.F.);
#2734=ORIENTED_EDGE('',*,*,#1955,.T.);
#2735=ORIENTED_EDGE('',*,*,#2015,.T.);
#2736=ORIENTED_EDGE('',*,*,#1752,.F.);
#2737=ORIENTED_EDGE('',*,*,#2014,.F.);
#2738=ORIENTED_EDGE('',*,*,#1954,.T.);
#2739=ORIENTED_EDGE('',*,*,#2016,.T.);
#2740=ORIENTED_EDGE('',*,*,#1753,.F.);
#2741=ORIENTED_EDGE('',*,*,#2015,.F.);
#2742=ORIENTED_EDGE('',*,*,#1953,.T.);
#2743=ORIENTED_EDGE('',*,*,#2017,.T.);
#2744=ORIENTED_EDGE('',*,*,#1754,.F.);
#2745=ORIENTED_EDGE('',*,*,#2016,.F.);
#2746=ORIENTED_EDGE('',*,*,#1952,.T.);
#2747=ORIENTED_EDGE('',*,*,#1735,.T.);
#2748=ORIENTED_EDGE('',*,*,#1755,.F.);
#2749=ORIENTED_EDGE('',*,*,#2017,.F.);
#2750=ORIENTED_EDGE('',*,*,#1951,.T.);
#2751=ORIENTED_EDGE('',*,*,#2018,.T.);
#2752=ORIENTED_EDGE('',*,*,#1724,.F.);
#2753=ORIENTED_EDGE('',*,*,#1737,.F.);
#2754=ORIENTED_EDGE('',*,*,#1950,.T.);
#2755=ORIENTED_EDGE('',*,*,#2019,.T.);
#2756=ORIENTED_EDGE('',*,*,#1725,.F.);
#2757=ORIENTED_EDGE('',*,*,#2018,.F.);
#2758=ORIENTED_EDGE('',*,*,#1949,.T.);
#2759=ORIENTED_EDGE('',*,*,#2020,.T.);
#2760=ORIENTED_EDGE('',*,*,#1726,.F.);
#2761=ORIENTED_EDGE('',*,*,#2019,.F.);
#2762=ORIENTED_EDGE('',*,*,#1649,.T.);
#2763=ORIENTED_EDGE('',*,*,#1727,.F.);
#2764=ORIENTED_EDGE('',*,*,#2020,.F.);
#2765=ORIENTED_EDGE('',*,*,#1948,.T.);
#2766=ORIENTED_EDGE('',*,*,#2021,.T.);
#2767=ORIENTED_EDGE('',*,*,#1651,.F.);
#2768=ORIENTED_EDGE('',*,*,#1947,.T.);
#2769=ORIENTED_EDGE('',*,*,#2022,.T.);
#2770=ORIENTED_EDGE('',*,*,#1652,.F.);
#2771=ORIENTED_EDGE('',*,*,#2021,.F.);
#2772=ORIENTED_EDGE('',*,*,#1946,.T.);
#2773=ORIENTED_EDGE('',*,*,#2023,.T.);
#2774=ORIENTED_EDGE('',*,*,#1653,.F.);
#2775=ORIENTED_EDGE('',*,*,#2022,.F.);
#2776=ORIENTED_EDGE('',*,*,#1945,.T.);
#2777=ORIENTED_EDGE('',*,*,#2024,.T.);
#2778=ORIENTED_EDGE('',*,*,#1654,.F.);
#2779=ORIENTED_EDGE('',*,*,#2023,.F.);
#2780=ORIENTED_EDGE('',*,*,#1944,.T.);
#2781=ORIENTED_EDGE('',*,*,#2025,.T.);
#2782=ORIENTED_EDGE('',*,*,#1655,.F.);
#2783=ORIENTED_EDGE('',*,*,#2024,.F.);
#2784=ORIENTED_EDGE('',*,*,#1943,.T.);
#2785=ORIENTED_EDGE('',*,*,#2026,.T.);
#2786=ORIENTED_EDGE('',*,*,#1656,.F.);
#2787=ORIENTED_EDGE('',*,*,#2025,.F.);
#2788=ORIENTED_EDGE('',*,*,#1942,.T.);
#2789=ORIENTED_EDGE('',*,*,#2027,.T.);
#2790=ORIENTED_EDGE('',*,*,#1657,.F.);
#2791=ORIENTED_EDGE('',*,*,#2026,.F.);
#2792=ORIENTED_EDGE('',*,*,#1941,.T.);
#2793=ORIENTED_EDGE('',*,*,#2028,.T.);
#2794=ORIENTED_EDGE('',*,*,#1658,.F.);
#2795=ORIENTED_EDGE('',*,*,#2027,.F.);
#2796=ORIENTED_EDGE('',*,*,#1940,.T.);
#2797=ORIENTED_EDGE('',*,*,#2029,.T.);
#2798=ORIENTED_EDGE('',*,*,#1659,.F.);
#2799=ORIENTED_EDGE('',*,*,#2028,.F.);
#2800=ORIENTED_EDGE('',*,*,#1939,.T.);
#2801=ORIENTED_EDGE('',*,*,#2030,.T.);
#2802=ORIENTED_EDGE('',*,*,#1660,.F.);
#2803=ORIENTED_EDGE('',*,*,#2029,.F.);
#2804=ORIENTED_EDGE('',*,*,#1938,.T.);
#2805=ORIENTED_EDGE('',*,*,#2031,.T.);
#2806=ORIENTED_EDGE('',*,*,#1661,.F.);
#2807=ORIENTED_EDGE('',*,*,#2030,.F.);
#2808=ORIENTED_EDGE('',*,*,#1937,.T.);
#2809=ORIENTED_EDGE('',*,*,#2032,.T.);
#2810=ORIENTED_EDGE('',*,*,#1662,.F.);
#2811=ORIENTED_EDGE('',*,*,#2031,.F.);
#2812=ORIENTED_EDGE('',*,*,#2033,.F.);
#2813=ORIENTED_EDGE('',*,*,#1688,.F.);
#2814=ORIENTED_EDGE('',*,*,#2010,.F.);
#2815=ORIENTED_EDGE('',*,*,#2034,.T.);
#2816=ORIENTED_EDGE('',*,*,#2035,.F.);
#2817=ORIENTED_EDGE('',*,*,#2034,.F.);
#2818=ORIENTED_EDGE('',*,*,#2009,.F.);
#2819=ORIENTED_EDGE('',*,*,#2036,.T.);
#2820=ORIENTED_EDGE('',*,*,#2037,.F.);
#2821=ORIENTED_EDGE('',*,*,#2036,.F.);
#2822=ORIENTED_EDGE('',*,*,#2008,.F.);
#2823=ORIENTED_EDGE('',*,*,#2038,.T.);
#2824=ORIENTED_EDGE('',*,*,#2039,.F.);
#2825=ORIENTED_EDGE('',*,*,#2038,.F.);
#2826=ORIENTED_EDGE('',*,*,#2007,.F.);
#2827=ORIENTED_EDGE('',*,*,#2040,.T.);
#2828=ORIENTED_EDGE('',*,*,#2041,.F.);
#2829=ORIENTED_EDGE('',*,*,#2040,.F.);
#2830=ORIENTED_EDGE('',*,*,#2006,.F.);
#2831=ORIENTED_EDGE('',*,*,#1747,.F.);
#2832=ORIENTED_EDGE('',*,*,#1913,.T.);
#2833=ORIENTED_EDGE('',*,*,#2011,.T.);
#2834=ORIENTED_EDGE('',*,*,#1686,.F.);
#2835=ORIENTED_EDGE('',*,*,#2042,.F.);
#2836=ORIENTED_EDGE('',*,*,#1914,.T.);
#2837=ORIENTED_EDGE('',*,*,#2042,.T.);
#2838=ORIENTED_EDGE('',*,*,#1685,.F.);
#2839=ORIENTED_EDGE('',*,*,#2043,.F.);
#2840=ORIENTED_EDGE('',*,*,#1915,.T.);
#2841=ORIENTED_EDGE('',*,*,#2043,.T.);
#2842=ORIENTED_EDGE('',*,*,#1684,.F.);
#2843=ORIENTED_EDGE('',*,*,#2044,.F.);
#2844=ORIENTED_EDGE('',*,*,#1916,.T.);
#2845=ORIENTED_EDGE('',*,*,#2044,.T.);
#2846=ORIENTED_EDGE('',*,*,#1683,.F.);
#2847=ORIENTED_EDGE('',*,*,#2045,.F.);
#2848=ORIENTED_EDGE('',*,*,#1917,.T.);
#2849=ORIENTED_EDGE('',*,*,#2045,.T.);
#2850=ORIENTED_EDGE('',*,*,#1682,.F.);
#2851=ORIENTED_EDGE('',*,*,#2046,.F.);
#2852=ORIENTED_EDGE('',*,*,#1918,.T.);
#2853=ORIENTED_EDGE('',*,*,#2046,.T.);
#2854=ORIENTED_EDGE('',*,*,#1681,.F.);
#2855=ORIENTED_EDGE('',*,*,#2047,.F.);
#2856=ORIENTED_EDGE('',*,*,#1919,.T.);
#2857=ORIENTED_EDGE('',*,*,#2047,.T.);
#2858=ORIENTED_EDGE('',*,*,#1680,.F.);
#2859=ORIENTED_EDGE('',*,*,#2048,.F.);
#2860=ORIENTED_EDGE('',*,*,#1920,.T.);
#2861=ORIENTED_EDGE('',*,*,#2048,.T.);
#2862=ORIENTED_EDGE('',*,*,#1679,.F.);
#2863=ORIENTED_EDGE('',*,*,#2049,.F.);
#2864=ORIENTED_EDGE('',*,*,#1921,.T.);
#2865=ORIENTED_EDGE('',*,*,#2049,.T.);
#2866=ORIENTED_EDGE('',*,*,#1678,.F.);
#2867=ORIENTED_EDGE('',*,*,#2050,.F.);
#2868=ORIENTED_EDGE('',*,*,#1922,.T.);
#2869=ORIENTED_EDGE('',*,*,#2050,.T.);
#2870=ORIENTED_EDGE('',*,*,#1677,.F.);
#2871=ORIENTED_EDGE('',*,*,#2051,.F.);
#2872=ORIENTED_EDGE('',*,*,#1923,.T.);
#2873=ORIENTED_EDGE('',*,*,#2051,.T.);
#2874=ORIENTED_EDGE('',*,*,#1676,.F.);
#2875=ORIENTED_EDGE('',*,*,#2052,.F.);
#2876=ORIENTED_EDGE('',*,*,#1924,.T.);
#2877=ORIENTED_EDGE('',*,*,#2052,.T.);
#2878=ORIENTED_EDGE('',*,*,#1675,.F.);
#2879=ORIENTED_EDGE('',*,*,#2053,.F.);
#2880=ORIENTED_EDGE('',*,*,#1925,.T.);
#2881=ORIENTED_EDGE('',*,*,#2053,.T.);
#2882=ORIENTED_EDGE('',*,*,#1674,.F.);
#2883=ORIENTED_EDGE('',*,*,#2054,.F.);
#2884=ORIENTED_EDGE('',*,*,#1926,.T.);
#2885=ORIENTED_EDGE('',*,*,#2054,.T.);
#2886=ORIENTED_EDGE('',*,*,#1673,.F.);
#2887=ORIENTED_EDGE('',*,*,#2055,.F.);
#2888=ORIENTED_EDGE('',*,*,#1927,.T.);
#2889=ORIENTED_EDGE('',*,*,#2055,.T.);
#2890=ORIENTED_EDGE('',*,*,#1672,.F.);
#2891=ORIENTED_EDGE('',*,*,#2056,.F.);
#2892=ORIENTED_EDGE('',*,*,#1928,.T.);
#2893=ORIENTED_EDGE('',*,*,#2056,.T.);
#2894=ORIENTED_EDGE('',*,*,#1671,.F.);
#2895=ORIENTED_EDGE('',*,*,#2057,.F.);
#2896=ORIENTED_EDGE('',*,*,#1929,.T.);
#2897=ORIENTED_EDGE('',*,*,#2057,.T.);
#2898=ORIENTED_EDGE('',*,*,#1670,.F.);
#2899=ORIENTED_EDGE('',*,*,#2058,.F.);
#2900=ORIENTED_EDGE('',*,*,#1930,.T.);
#2901=ORIENTED_EDGE('',*,*,#2058,.T.);
#2902=ORIENTED_EDGE('',*,*,#1669,.F.);
#2903=ORIENTED_EDGE('',*,*,#2059,.F.);
#2904=ORIENTED_EDGE('',*,*,#1931,.T.);
#2905=ORIENTED_EDGE('',*,*,#2059,.T.);
#2906=ORIENTED_EDGE('',*,*,#1668,.F.);
#2907=ORIENTED_EDGE('',*,*,#2060,.F.);
#2908=ORIENTED_EDGE('',*,*,#1932,.T.);
#2909=ORIENTED_EDGE('',*,*,#2060,.T.);
#2910=ORIENTED_EDGE('',*,*,#1667,.F.);
#2911=ORIENTED_EDGE('',*,*,#2061,.F.);
#2912=ORIENTED_EDGE('',*,*,#1933,.T.);
#2913=ORIENTED_EDGE('',*,*,#2061,.T.);
#2914=ORIENTED_EDGE('',*,*,#1666,.F.);
#2915=ORIENTED_EDGE('',*,*,#2062,.F.);
#2916=ORIENTED_EDGE('',*,*,#1934,.T.);
#2917=ORIENTED_EDGE('',*,*,#2062,.T.);
#2918=ORIENTED_EDGE('',*,*,#1665,.F.);
#2919=ORIENTED_EDGE('',*,*,#2063,.F.);
#2920=ORIENTED_EDGE('',*,*,#1935,.T.);
#2921=ORIENTED_EDGE('',*,*,#2063,.T.);
#2922=ORIENTED_EDGE('',*,*,#1664,.F.);
#2923=ORIENTED_EDGE('',*,*,#2064,.F.);
#2924=ORIENTED_EDGE('',*,*,#1936,.T.);
#2925=ORIENTED_EDGE('',*,*,#2064,.T.);
#2926=ORIENTED_EDGE('',*,*,#1663,.F.);
#2927=ORIENTED_EDGE('',*,*,#2032,.F.);
#2928=ORIENTED_EDGE('',*,*,#2065,.F.);
#2929=ORIENTED_EDGE('',*,*,#2066,.T.);
#2930=ORIENTED_EDGE('',*,*,#1741,.F.);
#2931=ORIENTED_EDGE('',*,*,#2067,.F.);
#2932=ORIENTED_EDGE('',*,*,#2068,.F.);
#2933=ORIENTED_EDGE('',*,*,#2067,.T.);
#2934=ORIENTED_EDGE('',*,*,#1740,.F.);
#2935=ORIENTED_EDGE('',*,*,#2069,.F.);
#2936=ORIENTED_EDGE('',*,*,#2070,.F.);
#2937=ORIENTED_EDGE('',*,*,#2069,.T.);
#2938=ORIENTED_EDGE('',*,*,#1739,.F.);
#2939=ORIENTED_EDGE('',*,*,#2071,.F.);
#2940=ORIENTED_EDGE('',*,*,#1732,.T.);
#2941=ORIENTED_EDGE('',*,*,#1721,.F.);
#2942=ORIENTED_EDGE('',*,*,#2072,.F.);
#2943=ORIENTED_EDGE('',*,*,#2073,.F.);
#2944=ORIENTED_EDGE('',*,*,#2071,.T.);
#2945=ORIENTED_EDGE('',*,*,#1738,.F.);
#2946=ORIENTED_EDGE('',*,*,#2074,.F.);
#2947=ORIENTED_EDGE('',*,*,#2072,.T.);
#2948=ORIENTED_EDGE('',*,*,#1720,.F.);
#2949=ORIENTED_EDGE('',*,*,#1730,.F.);
#2950=ORIENTED_EDGE('',*,*,#2075,.F.);
#2951=ORIENTED_EDGE('',*,*,#1728,.T.);
#2952=ORIENTED_EDGE('',*,*,#1717,.F.);
#2953=ORIENTED_EDGE('',*,*,#2076,.F.);
#2954=ORIENTED_EDGE('',*,*,#2077,.F.);
#2955=ORIENTED_EDGE('',*,*,#2076,.T.);
#2956=ORIENTED_EDGE('',*,*,#1716,.F.);
#2957=ORIENTED_EDGE('',*,*,#2078,.F.);
#2958=ORIENTED_EDGE('',*,*,#2079,.F.);
#2959=ORIENTED_EDGE('',*,*,#2078,.T.);
#2960=ORIENTED_EDGE('',*,*,#1715,.F.);
#2961=ORIENTED_EDGE('',*,*,#2080,.F.);
#2962=ORIENTED_EDGE('',*,*,#2081,.F.);
#2963=ORIENTED_EDGE('',*,*,#2080,.T.);
#2964=ORIENTED_EDGE('',*,*,#1714,.F.);
#2965=ORIENTED_EDGE('',*,*,#2082,.F.);
#2966=ORIENTED_EDGE('',*,*,#2083,.T.);
#2967=ORIENTED_EDGE('',*,*,#2082,.T.);
#2968=ORIENTED_EDGE('',*,*,#1713,.F.);
#2969=ORIENTED_EDGE('',*,*,#2084,.F.);
#2970=ORIENTED_EDGE('',*,*,#2085,.F.);
#2971=ORIENTED_EDGE('',*,*,#2084,.T.);
#2972=ORIENTED_EDGE('',*,*,#1712,.F.);
#2973=ORIENTED_EDGE('',*,*,#2086,.F.);
#2974=ORIENTED_EDGE('',*,*,#2087,.F.);
#2975=ORIENTED_EDGE('',*,*,#2086,.T.);
#2976=ORIENTED_EDGE('',*,*,#1711,.F.);
#2977=ORIENTED_EDGE('',*,*,#2088,.F.);
#2978=ORIENTED_EDGE('',*,*,#2089,.F.);
#2979=ORIENTED_EDGE('',*,*,#2088,.T.);
#2980=ORIENTED_EDGE('',*,*,#1710,.F.);
#2981=ORIENTED_EDGE('',*,*,#2090,.F.);
#2982=ORIENTED_EDGE('',*,*,#2091,.T.);
#2983=ORIENTED_EDGE('',*,*,#2090,.T.);
#2984=ORIENTED_EDGE('',*,*,#1709,.F.);
#2985=ORIENTED_EDGE('',*,*,#2092,.F.);
#2986=ORIENTED_EDGE('',*,*,#2093,.F.);
#2987=ORIENTED_EDGE('',*,*,#2092,.T.);
#2988=ORIENTED_EDGE('',*,*,#1708,.F.);
#2989=ORIENTED_EDGE('',*,*,#2094,.F.);
#2990=ORIENTED_EDGE('',*,*,#2095,.F.);
#2991=ORIENTED_EDGE('',*,*,#2094,.T.);
#2992=ORIENTED_EDGE('',*,*,#1707,.F.);
#2993=ORIENTED_EDGE('',*,*,#2096,.F.);
#2994=ORIENTED_EDGE('',*,*,#2097,.F.);
#2995=ORIENTED_EDGE('',*,*,#2096,.T.);
#2996=ORIENTED_EDGE('',*,*,#1706,.F.);
#2997=ORIENTED_EDGE('',*,*,#2098,.F.);
#2998=ORIENTED_EDGE('',*,*,#2099,.F.);
#2999=ORIENTED_EDGE('',*,*,#2098,.T.);
#3000=ORIENTED_EDGE('',*,*,#1705,.F.);
#3001=ORIENTED_EDGE('',*,*,#2100,.F.);
#3002=ORIENTED_EDGE('',*,*,#2101,.F.);
#3003=ORIENTED_EDGE('',*,*,#2100,.T.);
#3004=ORIENTED_EDGE('',*,*,#1704,.F.);
#3005=ORIENTED_EDGE('',*,*,#2102,.F.);
#3006=ORIENTED_EDGE('',*,*,#2103,.F.);
#3007=ORIENTED_EDGE('',*,*,#2102,.T.);
#3008=ORIENTED_EDGE('',*,*,#1703,.F.);
#3009=ORIENTED_EDGE('',*,*,#2104,.F.);
#3010=ORIENTED_EDGE('',*,*,#2105,.F.);
#3011=ORIENTED_EDGE('',*,*,#2104,.T.);
#3012=ORIENTED_EDGE('',*,*,#1702,.F.);
#3013=ORIENTED_EDGE('',*,*,#2106,.F.);
#3014=ORIENTED_EDGE('',*,*,#2107,.F.);
#3015=ORIENTED_EDGE('',*,*,#2106,.T.);
#3016=ORIENTED_EDGE('',*,*,#1701,.F.);
#3017=ORIENTED_EDGE('',*,*,#2108,.F.);
#3018=ORIENTED_EDGE('',*,*,#2109,.F.);
#3019=ORIENTED_EDGE('',*,*,#2108,.T.);
#3020=ORIENTED_EDGE('',*,*,#1700,.F.);
#3021=ORIENTED_EDGE('',*,*,#2110,.F.);
#3022=ORIENTED_EDGE('',*,*,#2111,.F.);
#3023=ORIENTED_EDGE('',*,*,#2110,.T.);
#3024=ORIENTED_EDGE('',*,*,#1699,.F.);
#3025=ORIENTED_EDGE('',*,*,#2112,.F.);
#3026=ORIENTED_EDGE('',*,*,#2113,.F.);
#3027=ORIENTED_EDGE('',*,*,#2112,.T.);
#3028=ORIENTED_EDGE('',*,*,#1698,.F.);
#3029=ORIENTED_EDGE('',*,*,#2114,.F.);
#3030=ORIENTED_EDGE('',*,*,#2115,.F.);
#3031=ORIENTED_EDGE('',*,*,#2114,.T.);
#3032=ORIENTED_EDGE('',*,*,#1697,.F.);
#3033=ORIENTED_EDGE('',*,*,#2116,.F.);
#3034=ORIENTED_EDGE('',*,*,#2117,.F.);
#3035=ORIENTED_EDGE('',*,*,#2116,.T.);
#3036=ORIENTED_EDGE('',*,*,#1696,.F.);
#3037=ORIENTED_EDGE('',*,*,#2118,.F.);
#3038=ORIENTED_EDGE('',*,*,#2119,.F.);
#3039=ORIENTED_EDGE('',*,*,#2118,.T.);
#3040=ORIENTED_EDGE('',*,*,#1695,.F.);
#3041=ORIENTED_EDGE('',*,*,#2120,.F.);
#3042=ORIENTED_EDGE('',*,*,#2121,.F.);
#3043=ORIENTED_EDGE('',*,*,#2120,.T.);
#3044=ORIENTED_EDGE('',*,*,#1694,.F.);
#3045=ORIENTED_EDGE('',*,*,#2122,.F.);
#3046=ORIENTED_EDGE('',*,*,#2123,.F.);
#3047=ORIENTED_EDGE('',*,*,#2122,.T.);
#3048=ORIENTED_EDGE('',*,*,#1693,.F.);
#3049=ORIENTED_EDGE('',*,*,#2124,.F.);
#3050=ORIENTED_EDGE('',*,*,#2125,.F.);
#3051=ORIENTED_EDGE('',*,*,#2124,.T.);
#3052=ORIENTED_EDGE('',*,*,#1692,.F.);
#3053=ORIENTED_EDGE('',*,*,#2126,.F.);
#3054=ORIENTED_EDGE('',*,*,#2127,.F.);
#3055=ORIENTED_EDGE('',*,*,#2126,.T.);
#3056=ORIENTED_EDGE('',*,*,#1691,.F.);
#3057=ORIENTED_EDGE('',*,*,#2128,.F.);
#3058=ORIENTED_EDGE('',*,*,#2129,.F.);
#3059=ORIENTED_EDGE('',*,*,#2128,.T.);
#3060=ORIENTED_EDGE('',*,*,#1690,.F.);
#3061=ORIENTED_EDGE('',*,*,#2130,.F.);
#3062=ORIENTED_EDGE('',*,*,#2041,.T.);
#3063=ORIENTED_EDGE('',*,*,#1746,.F.);
#3064=ORIENTED_EDGE('',*,*,#2131,.F.);
#3065=ORIENTED_EDGE('',*,*,#2132,.F.);
#3066=ORIENTED_EDGE('',*,*,#2130,.T.);
#3067=ORIENTED_EDGE('',*,*,#1689,.F.);
#3068=ORIENTED_EDGE('',*,*,#2033,.T.);
#3069=ORIENTED_EDGE('',*,*,#2035,.T.);
#3070=ORIENTED_EDGE('',*,*,#2037,.T.);
#3071=ORIENTED_EDGE('',*,*,#2039,.T.);
#3072=ORIENTED_EDGE('',*,*,#2133,.F.);
#3073=ORIENTED_EDGE('',*,*,#2131,.T.);
#3074=ORIENTED_EDGE('',*,*,#1745,.F.);
#3075=ORIENTED_EDGE('',*,*,#2134,.F.);
#3076=ORIENTED_EDGE('',*,*,#2135,.F.);
#3077=ORIENTED_EDGE('',*,*,#2134,.T.);
#3078=ORIENTED_EDGE('',*,*,#1744,.F.);
#3079=ORIENTED_EDGE('',*,*,#2136,.F.);
#3080=ORIENTED_EDGE('',*,*,#1853,.T.);
#3081=ORIENTED_EDGE('',*,*,#1858,.T.);
#3082=ORIENTED_EDGE('',*,*,#1848,.T.);
#3083=ORIENTED_EDGE('',*,*,#1861,.T.);
#3084=ORIENTED_EDGE('',*,*,#2137,.T.);
#3085=ORIENTED_EDGE('',*,*,#2136,.T.);
#3086=ORIENTED_EDGE('',*,*,#1743,.F.);
#3087=ORIENTED_EDGE('',*,*,#2138,.F.);
#3088=ORIENTED_EDGE('',*,*,#2139,.F.);
#3089=ORIENTED_EDGE('',*,*,#2138,.T.);
#3090=ORIENTED_EDGE('',*,*,#1742,.F.);
#3091=ORIENTED_EDGE('',*,*,#2066,.F.);
#3092=ORIENTED_EDGE('',*,*,#2139,.T.);
#3093=ORIENTED_EDGE('',*,*,#2065,.T.);
#3094=ORIENTED_EDGE('',*,*,#2068,.T.);
#3095=ORIENTED_EDGE('',*,*,#2070,.T.);
#3096=ORIENTED_EDGE('',*,*,#2073,.T.);
#3097=ORIENTED_EDGE('',*,*,#2074,.T.);
#3098=ORIENTED_EDGE('',*,*,#1729,.T.);
#3099=ORIENTED_EDGE('',*,*,#2075,.T.);
#3100=ORIENTED_EDGE('',*,*,#2077,.T.);
#3101=ORIENTED_EDGE('',*,*,#2079,.T.);
#3102=ORIENTED_EDGE('',*,*,#2081,.T.);
#3103=ORIENTED_EDGE('',*,*,#2083,.F.);
#3104=ORIENTED_EDGE('',*,*,#2085,.T.);
#3105=ORIENTED_EDGE('',*,*,#2087,.T.);
#3106=ORIENTED_EDGE('',*,*,#2089,.T.);
#3107=ORIENTED_EDGE('',*,*,#2091,.F.);
#3108=ORIENTED_EDGE('',*,*,#2093,.T.);
#3109=ORIENTED_EDGE('',*,*,#2095,.T.);
#3110=ORIENTED_EDGE('',*,*,#2097,.T.);
#3111=ORIENTED_EDGE('',*,*,#2099,.T.);
#3112=ORIENTED_EDGE('',*,*,#2101,.T.);
#3113=ORIENTED_EDGE('',*,*,#2103,.T.);
#3114=ORIENTED_EDGE('',*,*,#2105,.T.);
#3115=ORIENTED_EDGE('',*,*,#2107,.T.);
#3116=ORIENTED_EDGE('',*,*,#2109,.T.);
#3117=ORIENTED_EDGE('',*,*,#2111,.T.);
#3118=ORIENTED_EDGE('',*,*,#2113,.T.);
#3119=ORIENTED_EDGE('',*,*,#2115,.T.);
#3120=ORIENTED_EDGE('',*,*,#2117,.T.);
#3121=ORIENTED_EDGE('',*,*,#2119,.T.);
#3122=ORIENTED_EDGE('',*,*,#2121,.T.);
#3123=ORIENTED_EDGE('',*,*,#2123,.T.);
#3124=ORIENTED_EDGE('',*,*,#2125,.T.);
#3125=ORIENTED_EDGE('',*,*,#2127,.T.);
#3126=ORIENTED_EDGE('',*,*,#2129,.T.);
#3127=ORIENTED_EDGE('',*,*,#2132,.T.);
#3128=ORIENTED_EDGE('',*,*,#2133,.T.);
#3129=ORIENTED_EDGE('',*,*,#2135,.T.);
#3130=ORIENTED_EDGE('',*,*,#2137,.F.);
#3131=ORIENTED_EDGE('',*,*,#2140,.F.);
#3132=ORIENTED_EDGE('',*,*,#2141,.F.);
#3133=ORIENTED_EDGE('',*,*,#2142,.F.);
#3134=ORIENTED_EDGE('',*,*,#2143,.F.);
#3135=ORIENTED_EDGE('',*,*,#2144,.F.);
#3136=ORIENTED_EDGE('',*,*,#1840,.F.);
#3137=ORIENTED_EDGE('',*,*,#2145,.T.);
#3138=ORIENTED_EDGE('',*,*,#2140,.T.);
#3139=ORIENTED_EDGE('',*,*,#2145,.F.);
#3140=ORIENTED_EDGE('',*,*,#1839,.F.);
#3141=ORIENTED_EDGE('',*,*,#2146,.T.);
#3142=ORIENTED_EDGE('',*,*,#2141,.T.);
#3143=ORIENTED_EDGE('',*,*,#2146,.F.);
#3144=ORIENTED_EDGE('',*,*,#1838,.F.);
#3145=ORIENTED_EDGE('',*,*,#2147,.T.);
#3146=ORIENTED_EDGE('',*,*,#2142,.T.);
#3147=ORIENTED_EDGE('',*,*,#2147,.F.);
#3148=ORIENTED_EDGE('',*,*,#1837,.F.);
#3149=ORIENTED_EDGE('',*,*,#2148,.T.);
#3150=ORIENTED_EDGE('',*,*,#2143,.T.);
#3151=ORIENTED_EDGE('',*,*,#2148,.F.);
#3152=ORIENTED_EDGE('',*,*,#1836,.F.);
#3153=ORIENTED_EDGE('',*,*,#2149,.T.);
#3154=ORIENTED_EDGE('',*,*,#2144,.T.);
#3155=ORIENTED_EDGE('',*,*,#2149,.F.);
#3156=CYLINDRICAL_SURFACE('',#3427,0.999999999999999);
#3157=CYLINDRICAL_SURFACE('',#3467,1.);
#3158=CYLINDRICAL_SURFACE('',#3480,1.);
#3159=CYLINDRICAL_SURFACE('',#3487,1.);
#3160=CYLINDRICAL_SURFACE('',#3493,1.);
#3161=CYLINDRICAL_SURFACE('',#3499,1.);
#3162=CYLINDRICAL_SURFACE('',#3504,1.00000000000001);
#3163=CYLINDRICAL_SURFACE('',#3507,1.);
#3164=CYLINDRICAL_SURFACE('',#3540,1.00000000000001);
#3165=CYLINDRICAL_SURFACE('',#3543,1.00000000000001);
#3166=CYLINDRICAL_SURFACE('',#3602,0.399999252926273);
#3167=CYLINDRICAL_SURFACE('',#3604,1.599999252925);
#3168=CYLINDRICAL_SURFACE('',#3605,0.399999252925554);
#3169=CYLINDRICAL_SURFACE('',#3607,1.59999925292501);
#3170=CYLINDRICAL_SURFACE('',#3609,0.39999925292598);
#3171=CYLINDRICAL_SURFACE('',#3611,1.10000133357502);
#3172=CYLINDRICAL_SURFACE('',#3613,0.399999252931255);
#3173=CYLINDRICAL_SURFACE('',#3615,1.59999925292498);
#3174=CYLINDRICAL_SURFACE('',#3617,0.399999252931242);
#3175=CYLINDRICAL_SURFACE('',#3619,1.59999925292499);
#3176=CYLINDRICAL_SURFACE('',#3621,0.399999252931251);
#3177=CYLINDRICAL_SURFACE('',#3623,0.399999252931264);
#3178=CYLINDRICAL_SURFACE('',#3625,1.59999925292501);
#3179=CYLINDRICAL_SURFACE('',#3627,0.399999252931184);
#3180=CYLINDRICAL_SURFACE('',#3629,5.59999933633601);
#3181=CYLINDRICAL_SURFACE('',#3631,4.40000445242526);
#3182=CYLINDRICAL_SURFACE('',#3633,5.59999299160709);
#3183=CYLINDRICAL_SURFACE('',#3635,0.400123758261237);
#3184=CYLINDRICAL_SURFACE('',#3637,0.400015316759037);
#3185=CYLINDRICAL_SURFACE('',#3639,1.59995533020701);
#3186=CYLINDRICAL_SURFACE('',#3641,1.600042784162);
#3187=CYLINDRICAL_SURFACE('',#3643,0.399989224008272);
#3188=CYLINDRICAL_SURFACE('',#3645,0.400059690873579);
#3189=CYLINDRICAL_SURFACE('',#3647,5.599998178747);
#3190=CYLINDRICAL_SURFACE('',#3651,1.39999925292521);
#3191=CYLINDRICAL_SURFACE('',#3653,4.59999817874701);
#3192=CYLINDRICAL_SURFACE('',#3655,1.4000596909257);
#3193=CYLINDRICAL_SURFACE('',#3657,1.39998922399348);
#3194=CYLINDRICAL_SURFACE('',#3658,0.600042784162003);
#3195=CYLINDRICAL_SURFACE('',#3660,0.599955330206993);
#3196=CYLINDRICAL_SURFACE('',#3662,1.40001531672551);
#3197=CYLINDRICAL_SURFACE('',#3664,1.40012375494179);
#3198=CYLINDRICAL_SURFACE('',#3666,4.59999299160698);
#3199=CYLINDRICAL_SURFACE('',#3668,5.40000445242524);
#3200=CYLINDRICAL_SURFACE('',#3670,4.599999336336);
#3201=CYLINDRICAL_SURFACE('',#3672,1.3999992529302);
#3202=CYLINDRICAL_SURFACE('',#3674,0.999999999999996);
#3203=CYLINDRICAL_SURFACE('',#3677,0.999999999999994);
#3204=CYLINDRICAL_SURFACE('',#3680,0.599999252925006);
#3205=CYLINDRICAL_SURFACE('',#3681,1.3999992529252);
#3206=CYLINDRICAL_SURFACE('',#3683,0.599999252925015);
#3207=CYLINDRICAL_SURFACE('',#3685,1.39999925292492);
#3208=CYLINDRICAL_SURFACE('',#3687,0.900001333578556);
#3209=CYLINDRICAL_SURFACE('',#3688,0.100001333575004);
#3210=CYLINDRICAL_SURFACE('',#3690,1.39999925293019);
#3211=CYLINDRICAL_SURFACE('',#3692,0.599999252924993);
#3212=CYLINDRICAL_SURFACE('',#3694,1.39999925293019);
#3213=CYLINDRICAL_SURFACE('',#3696,0.599999252924988);
#3214=CYLINDRICAL_SURFACE('',#3698,1.3999992529302);
#3215=CYLINDRICAL_SURFACE('',#3700,1.3999992529302);
#3216=CYLINDRICAL_SURFACE('',#3702,0.599999252925);
#3217=CYLINDRICAL_SURFACE('',#3704,4.4000596909257);
#3218=CYLINDRICAL_SURFACE('',#3707,0.999999999999998);
#3219=CYLINDRICAL_SURFACE('',#3711,1.00000000000001);
#3220=CYLINDRICAL_SURFACE('',#3714,4.40012375494179);
#3221=CYLINDRICAL_SURFACE('',#3717,1.59999299160698);
#3222=CYLINDRICAL_SURFACE('',#3720,8.40000445242524);
#3223=CYLINDRICAL_SURFACE('',#3723,1.599999336336);
#3224=CYLINDRICAL_SURFACE('',#3726,4.39999925293006);
#3225=CYLINDRICAL_SURFACE('',#3730,4.39999925293006);
#3226=CYLINDRICAL_SURFACE('',#3733,4.39999925293006);
#3227=CYLINDRICAL_SURFACE('',#3737,4.39999925293005);
#3228=CYLINDRICAL_SURFACE('',#3741,4.39999925293006);
#3229=CYLINDRICAL_SURFACE('',#3744,3.90000133357856);
#3230=CYLINDRICAL_SURFACE('',#3747,4.39999925292479);
#3231=CYLINDRICAL_SURFACE('',#3750,4.39999925292506);
#3232=CYLINDRICAL_SURFACE('',#3753,4.39999925292507);
#3233=CYLINDRICAL_SURFACE('',#3756,1.59999817874701);
#3234=CYLINDRICAL_SURFACE('',#3765,1.1);
#3235=CYLINDRICAL_SURFACE('',#3766,1.1);
#3236=CYLINDRICAL_SURFACE('',#3767,1.1);
#3237=CYLINDRICAL_SURFACE('',#3768,1.1);
#3238=CYLINDRICAL_SURFACE('',#3769,1.1);
#3239=ADVANCED_FACE('',(#121),#3156,.F.);
#3240=ADVANCED_FACE('',(#122),#35,.F.);
#3241=ADVANCED_FACE('',(#123),#36,.F.);
#3242=ADVANCED_FACE('',(#124),#37,.T.);
#3243=ADVANCED_FACE('',(#125),#3157,.F.);
#3244=ADVANCED_FACE('',(#126),#38,.T.);
#3245=ADVANCED_FACE('',(#127),#39,.F.);
#3246=ADVANCED_FACE('',(#128),#3158,.T.);
#3247=ADVANCED_FACE('',(#129),#31,.T.);
#3248=ADVANCED_FACE('',(#130),#3159,.T.);
#3249=ADVANCED_FACE('',(#131),#32,.T.);
#3250=ADVANCED_FACE('',(#132),#3160,.T.);
#3251=ADVANCED_FACE('',(#133),#33,.T.);
#3252=ADVANCED_FACE('',(#134),#3161,.T.);
#3253=ADVANCED_FACE('',(#135),#34,.T.);
#3254=ADVANCED_FACE('',(#136),#3162,.F.);
#3255=ADVANCED_FACE('',(#137),#40,.F.);
#3256=ADVANCED_FACE('',(#138),#3163,.F.);
#3257=ADVANCED_FACE('',(#139),#41,.F.);
#3258=ADVANCED_FACE('',(#140,#19,#20,#21,#22,#23,#24),#42,.T.);
#3259=ADVANCED_FACE('',(#141),#3164,.F.);
#3260=ADVANCED_FACE('',(#142),#43,.F.);
#3261=ADVANCED_FACE('',(#143),#3165,.F.);
#3262=ADVANCED_FACE('',(#144),#44,.F.);
#3263=ADVANCED_FACE('',(#145),#45,.T.);
#3264=ADVANCED_FACE('',(#146),#46,.F.);
#3265=ADVANCED_FACE('',(#147),#47,.F.);
#3266=ADVANCED_FACE('',(#148),#48,.F.);
#3267=ADVANCED_FACE('',(#149),#49,.F.);
#3268=ADVANCED_FACE('',(#150),#50,.T.);
#3269=ADVANCED_FACE('',(#151),#51,.T.);
#3270=ADVANCED_FACE('',(#152),#3166,.F.);
#3271=ADVANCED_FACE('',(#153),#52,.T.);
#3272=ADVANCED_FACE('',(#154),#3167,.T.);
#3273=ADVANCED_FACE('',(#155),#3168,.F.);
#3274=ADVANCED_FACE('',(#156),#53,.T.);
#3275=ADVANCED_FACE('',(#157),#3169,.T.);
#3276=ADVANCED_FACE('',(#158),#54,.T.);
#3277=ADVANCED_FACE('',(#159),#3170,.F.);
#3278=ADVANCED_FACE('',(#160),#55,.T.);
#3279=ADVANCED_FACE('',(#161),#3171,.T.);
#3280=ADVANCED_FACE('',(#162),#56,.T.);
#3281=ADVANCED_FACE('',(#163),#3172,.F.);
#3282=ADVANCED_FACE('',(#164),#57,.T.);
#3283=ADVANCED_FACE('',(#165),#3173,.T.);
#3284=ADVANCED_FACE('',(#166),#58,.T.);
#3285=ADVANCED_FACE('',(#167),#3174,.F.);
#3286=ADVANCED_FACE('',(#168),#59,.T.);
#3287=ADVANCED_FACE('',(#169),#3175,.T.);
#3288=ADVANCED_FACE('',(#170),#60,.T.);
#3289=ADVANCED_FACE('',(#171),#3176,.F.);
#3290=ADVANCED_FACE('',(#172),#61,.T.);
#3291=ADVANCED_FACE('',(#173),#3177,.F.);
#3292=ADVANCED_FACE('',(#174),#62,.T.);
#3293=ADVANCED_FACE('',(#175),#3178,.T.);
#3294=ADVANCED_FACE('',(#176),#63,.T.);
#3295=ADVANCED_FACE('',(#177),#3179,.F.);
#3296=ADVANCED_FACE('',(#178),#64,.T.);
#3297=ADVANCED_FACE('',(#179),#3180,.T.);
#3298=ADVANCED_FACE('',(#180),#65,.T.);
#3299=ADVANCED_FACE('',(#181),#3181,.F.);
#3300=ADVANCED_FACE('',(#182),#66,.T.);
#3301=ADVANCED_FACE('',(#183),#3182,.T.);
#3302=ADVANCED_FACE('',(#184),#67,.T.);
#3303=ADVANCED_FACE('',(#185),#3183,.F.);
#3304=ADVANCED_FACE('',(#186),#68,.T.);
#3305=ADVANCED_FACE('',(#187),#3184,.F.);
#3306=ADVANCED_FACE('',(#188),#69,.T.);
#3307=ADVANCED_FACE('',(#189),#3185,.T.);
#3308=ADVANCED_FACE('',(#190),#70,.T.);
#3309=ADVANCED_FACE('',(#191),#3186,.T.);
#3310=ADVANCED_FACE('',(#192),#71,.T.);
#3311=ADVANCED_FACE('',(#193),#3187,.F.);
#3312=ADVANCED_FACE('',(#194),#72,.T.);
#3313=ADVANCED_FACE('',(#195),#3188,.F.);
#3314=ADVANCED_FACE('',(#196),#73,.T.);
#3315=ADVANCED_FACE('',(#197),#3189,.T.);
#3316=ADVANCED_FACE('',(#198),#74,.T.);
#3317=ADVANCED_FACE('',(#199),#3190,.F.);
#3318=ADVANCED_FACE('',(#200),#75,.T.);
#3319=ADVANCED_FACE('',(#201),#3191,.T.);
#3320=ADVANCED_FACE('',(#202),#76,.T.);
#3321=ADVANCED_FACE('',(#203),#3192,.F.);
#3322=ADVANCED_FACE('',(#204),#77,.T.);
#3323=ADVANCED_FACE('',(#205),#3193,.F.);
#3324=ADVANCED_FACE('',(#206),#3194,.T.);
#3325=ADVANCED_FACE('',(#207),#78,.T.);
#3326=ADVANCED_FACE('',(#208),#3195,.T.);
#3327=ADVANCED_FACE('',(#209),#79,.T.);
#3328=ADVANCED_FACE('',(#210),#3196,.F.);
#3329=ADVANCED_FACE('',(#211),#80,.T.);
#3330=ADVANCED_FACE('',(#212),#3197,.F.);
#3331=ADVANCED_FACE('',(#213),#81,.T.);
#3332=ADVANCED_FACE('',(#214),#3198,.T.);
#3333=ADVANCED_FACE('',(#215),#82,.T.);
#3334=ADVANCED_FACE('',(#216),#3199,.F.);
#3335=ADVANCED_FACE('',(#217),#83,.T.);
#3336=ADVANCED_FACE('',(#218),#3200,.T.);
#3337=ADVANCED_FACE('',(#219),#84,.T.);
#3338=ADVANCED_FACE('',(#220),#3201,.F.);
#3339=ADVANCED_FACE('',(#221),#85,.F.);
#3340=ADVANCED_FACE('',(#222),#3202,.F.);
#3341=ADVANCED_FACE('',(#223),#86,.F.);
#3342=ADVANCED_FACE('',(#224),#3203,.F.);
#3343=ADVANCED_FACE('',(#225),#87,.F.);
#3344=ADVANCED_FACE('',(#226),#3204,.T.);
#3345=ADVANCED_FACE('',(#227),#3205,.F.);
#3346=ADVANCED_FACE('',(#228),#88,.T.);
#3347=ADVANCED_FACE('',(#229),#3206,.T.);
#3348=ADVANCED_FACE('',(#230),#89,.T.);
#3349=ADVANCED_FACE('',(#231),#3207,.F.);
#3350=ADVANCED_FACE('',(#232),#90,.T.);
#3351=ADVANCED_FACE('',(#233),#3208,.F.);
#3352=ADVANCED_FACE('',(#234),#3209,.T.);
#3353=ADVANCED_FACE('',(#235),#91,.T.);
#3354=ADVANCED_FACE('',(#236),#3210,.F.);
#3355=ADVANCED_FACE('',(#237),#92,.T.);
#3356=ADVANCED_FACE('',(#238),#3211,.T.);
#3357=ADVANCED_FACE('',(#239),#93,.T.);
#3358=ADVANCED_FACE('',(#240),#3212,.F.);
#3359=ADVANCED_FACE('',(#241),#94,.T.);
#3360=ADVANCED_FACE('',(#242),#3213,.T.);
#3361=ADVANCED_FACE('',(#243),#95,.T.);
#3362=ADVANCED_FACE('',(#244),#3214,.F.);
#3363=ADVANCED_FACE('',(#245),#96,.T.);
#3364=ADVANCED_FACE('',(#246),#3215,.F.);
#3365=ADVANCED_FACE('',(#247),#97,.T.);
#3366=ADVANCED_FACE('',(#248),#3216,.T.);
#3367=ADVANCED_FACE('',(#249),#98,.T.);
#3368=ADVANCED_FACE('',(#250),#3217,.T.);
#3369=ADVANCED_FACE('',(#251),#99,.T.);
#3370=ADVANCED_FACE('',(#252),#3218,.T.);
#3371=ADVANCED_FACE('',(#253),#100,.T.);
#3372=ADVANCED_FACE('',(#254),#101,.T.);
#3373=ADVANCED_FACE('',(#255),#3219,.T.);
#3374=ADVANCED_FACE('',(#256),#102,.T.);
#3375=ADVANCED_FACE('',(#257),#3220,.T.);
#3376=ADVANCED_FACE('',(#258),#103,.T.);
#3377=ADVANCED_FACE('',(#259),#3221,.F.);
#3378=ADVANCED_FACE('',(#260),#104,.T.);
#3379=ADVANCED_FACE('',(#261),#3222,.T.);
#3380=ADVANCED_FACE('',(#262),#105,.T.);
#3381=ADVANCED_FACE('',(#263),#3223,.F.);
#3382=ADVANCED_FACE('',(#264),#106,.T.);
#3383=ADVANCED_FACE('',(#265),#3224,.T.);
#3384=ADVANCED_FACE('',(#266),#107,.T.);
#3385=ADVANCED_FACE('',(#267),#108,.T.);
#3386=ADVANCED_FACE('',(#268),#3225,.T.);
#3387=ADVANCED_FACE('',(#269),#109,.T.);
#3388=ADVANCED_FACE('',(#270),#3226,.T.);
#3389=ADVANCED_FACE('',(#271),#110,.T.);
#3390=ADVANCED_FACE('',(#272),#111,.T.);
#3391=ADVANCED_FACE('',(#273),#3227,.T.);
#3392=ADVANCED_FACE('',(#274),#112,.T.);
#3393=ADVANCED_FACE('',(#275),#113,.T.);
#3394=ADVANCED_FACE('',(#276),#3228,.T.);
#3395=ADVANCED_FACE('',(#277),#114,.T.);
#3396=ADVANCED_FACE('',(#278),#3229,.T.);
#3397=ADVANCED_FACE('',(#279),#115,.T.);
#3398=ADVANCED_FACE('',(#280),#3230,.T.);
#3399=ADVANCED_FACE('',(#281),#116,.T.);
#3400=ADVANCED_FACE('',(#282),#3231,.T.);
#3401=ADVANCED_FACE('',(#283),#117,.T.);
#3402=ADVANCED_FACE('',(#284),#3232,.T.);
#3403=ADVANCED_FACE('',(#285,#25),#118,.T.);
#3404=ADVANCED_FACE('',(#286),#3233,.F.);
#3405=ADVANCED_FACE('',(#287),#119,.T.);
#3406=ADVANCED_FACE('',(#288,#26,#27,#28,#29,#30),#120,.F.);
#3407=ADVANCED_FACE('',(#289),#3234,.F.);
#3408=ADVANCED_FACE('',(#290),#3235,.F.);
#3409=ADVANCED_FACE('',(#291),#3236,.F.);
#3410=ADVANCED_FACE('',(#292),#3237,.F.);
#3411=ADVANCED_FACE('',(#293),#3238,.F.);
#3412=CLOSED_SHELL('',(#3239,#3240,#3241,#3242,#3243,#3244,#3245,#3246,
#3247,#3248,#3249,#3250,#3251,#3252,#3253,#3254,#3255,#3256,#3257,#3258,
#3259,#3260,#3261,#3262,#3263,#3264,#3265,#3266,#3267,#3268,#3269,#3270,
#3271,#3272,#3273,#3274,#3275,#3276,#3277,#3278,#3279,#3280,#3281,#3282,
#3283,#3284,#3285,#3286,#3287,#3288,#3289,#3290,#3291,#3292,#3293,#3294,
#3295,#3296,#3297,#3298,#3299,#3300,#3301,#3302,#3303,#3304,#3305,#3306,
#3307,#3308,#3309,#3310,#3311,#3312,#3313,#3314,#3315,#3316,#3317,#3318,
#3319,#3320,#3321,#3322,#3323,#3324,#3325,#3326,#3327,#3328,#3329,#3330,
#3331,#3332,#3333,#3334,#3335,#3336,#3337,#3338,#3339,#3340,#3341,#3342,
#3343,#3344,#3345,#3346,#3347,#3348,#3349,#3350,#3351,#3352,#3353,#3354,
#3355,#3356,#3357,#3358,#3359,#3360,#3361,#3362,#3363,#3364,#3365,#3366,
#3367,#3368,#3369,#3370,#3371,#3372,#3373,#3374,#3375,#3376,#3377,#3378,
#3379,#3380,#3381,#3382,#3383,#3384,#3385,#3386,#3387,#3388,#3389,#3390,
#3391,#3392,#3393,#3394,#3395,#3396,#3397,#3398,#3399,#3400,#3401,#3402,
#3403,#3404,#3405,#3406,#3407,#3408,#3409,#3410,#3411));
#3413=DERIVED_UNIT_ELEMENT(#3415,1.);
#3414=DERIVED_UNIT_ELEMENT(#5814,-3.);
#3415=(
MASS_UNIT()
NAMED_UNIT(*)
SI_UNIT(.KILO.,.GRAM.)
);
#3416=DERIVED_UNIT((#3413,#3414));
#3417=MEASURE_REPRESENTATION_ITEM('density measure',
POSITIVE_RATIO_MEASURE(7850.),#3416);
#3418=PROPERTY_DEFINITION_REPRESENTATION(#3423,#3420);
#3419=PROPERTY_DEFINITION_REPRESENTATION(#3424,#3421);
#3420=REPRESENTATION('material name',(#3422),#5811);
#3421=REPRESENTATION('density',(#3417),#5811);
#3422=DESCRIPTIVE_REPRESENTATION_ITEM('\X2\92FC\X0\','\X2\92FC\X0\');
#3423=PROPERTY_DEFINITION('material property','material name',#5826);
#3424=PROPERTY_DEFINITION('material property','density of part',#5826);
#3425=AXIS2_PLACEMENT_3D('',#4796,#3771,#3772);
#3426=AXIS2_PLACEMENT_3D('',#4797,#3773,#3774);
#3427=AXIS2_PLACEMENT_3D('',#4798,#3775,#3776);
#3428=AXIS2_PLACEMENT_3D('',#4801,#3777,#3778);
#3429=AXIS2_PLACEMENT_3D('',#4805,#3780,#3781);
#3430=AXIS2_PLACEMENT_3D('',#4807,#3783,#3784);
#3431=AXIS2_PLACEMENT_3D('',#4811,#3786,#3787);
#3432=AXIS2_PLACEMENT_3D('',#4815,#3789,#3790);
#3433=AXIS2_PLACEMENT_3D('',#4819,#3792,#3793);
#3434=AXIS2_PLACEMENT_3D('',#4823,#3795,#3796);
#3435=AXIS2_PLACEMENT_3D('',#4827,#3798,#3799);
#3436=AXIS2_PLACEMENT_3D('',#4831,#3801,#3802);
#3437=AXIS2_PLACEMENT_3D('',#4835,#3804,#3805);
#3438=AXIS2_PLACEMENT_3D('',#4839,#3807,#3808);
#3439=AXIS2_PLACEMENT_3D('',#4843,#3810,#3811);
#3440=AXIS2_PLACEMENT_3D('',#4847,#3813,#3814);
#3441=AXIS2_PLACEMENT_3D('',#4851,#3816,#3817);
#3442=AXIS2_PLACEMENT_3D('',#4855,#3819,#3820);
#3443=AXIS2_PLACEMENT_3D('',#4859,#3822,#3823);
#3444=AXIS2_PLACEMENT_3D('',#4863,#3825,#3826);
#3445=AXIS2_PLACEMENT_3D('',#4865,#3827,#3828);
#3446=AXIS2_PLACEMENT_3D('',#4869,#3830,#3831);
#3447=AXIS2_PLACEMENT_3D('',#4873,#3833,#3834);
#3448=AXIS2_PLACEMENT_3D('',#4877,#3836,#3837);
#3449=AXIS2_PLACEMENT_3D('',#4879,#3838,#3839);
#3450=AXIS2_PLACEMENT_3D('',#4887,#3843,#3844);
#3451=AXIS2_PLACEMENT_3D('',#4891,#3846,#3847);
#3452=AXIS2_PLACEMENT_3D('',#4895,#3849,#3850);
#3453=AXIS2_PLACEMENT_3D('',#4899,#3852,#3853);
#3454=AXIS2_PLACEMENT_3D('',#4905,#3856,#3857);
#3455=AXIS2_PLACEMENT_3D('',#4911,#3860,#3861);
#3456=AXIS2_PLACEMENT_3D('',#4915,#3863,#3864);
#3457=AXIS2_PLACEMENT_3D('',#4921,#3867,#3868);
#3458=AXIS2_PLACEMENT_3D('',#4925,#3870,#3871);
#3459=AXIS2_PLACEMENT_3D('',#4929,#3873,#3874);
#3460=AXIS2_PLACEMENT_3D('',#4933,#3876,#3877);
#3461=AXIS2_PLACEMENT_3D('',#4937,#3879,#3880);
#3462=AXIS2_PLACEMENT_3D('',#4941,#3882,#3883);
#3463=AXIS2_PLACEMENT_3D('',#4943,#3885,#3886);
#3464=AXIS2_PLACEMENT_3D('',#4955,#3892,#3893);
#3465=AXIS2_PLACEMENT_3D('',#4959,#3895,#3896);
#3466=AXIS2_PLACEMENT_3D('',#4961,#3898,#3899);
#3467=AXIS2_PLACEMENT_3D('',#4967,#3903,#3904);
#3468=AXIS2_PLACEMENT_3D('',#4969,#3905,#3906);
#3469=AXIS2_PLACEMENT_3D('',#4971,#3907,#3908);
#3470=AXIS2_PLACEMENT_3D('',#4973,#3910,#3911);
#3471=AXIS2_PLACEMENT_3D('',#4981,#3916,#3917);
#3472=AXIS2_PLACEMENT_3D('',#4985,#3919,#3920);
#3473=AXIS2_PLACEMENT_3D('',#4989,#3922,#3923);
#3474=AXIS2_PLACEMENT_3D('',#4993,#3925,#3926);
#3475=AXIS2_PLACEMENT_3D('',#4997,#3928,#3929);
#3476=AXIS2_PLACEMENT_3D('',#5005,#3933,#3934);
#3477=AXIS2_PLACEMENT_3D('',#5009,#3936,#3937);
#3478=AXIS2_PLACEMENT_3D('',#5013,#3939,#3940);
#3479=AXIS2_PLACEMENT_3D('',#5016,#3942,#3943);
#3480=AXIS2_PLACEMENT_3D('',#5017,#3944,#3945);
#3481=AXIS2_PLACEMENT_3D('',#5020,#3946,#3947);
#3482=AXIS2_PLACEMENT_3D('',#5024,#3949,#3950);
#3483=AXIS2_PLACEMENT_3D('',#5026,#3952,#3953);
#3484=AXIS2_PLACEMENT_3D('',#5029,#3954,#3955);
#3485=AXIS2_PLACEMENT_3D('',#5030,#3956,#3957);
#3486=AXIS2_PLACEMENT_3D('',#5031,#3958,#3959);
#3487=AXIS2_PLACEMENT_3D('',#5032,#3960,#3961);
#3488=AXIS2_PLACEMENT_3D('',#5035,#3962,#3963);
#3489=AXIS2_PLACEMENT_3D('',#5038,#3966,#3967);
#3490=AXIS2_PLACEMENT_3D('',#5041,#3968,#3969);
#3491=AXIS2_PLACEMENT_3D('',#5042,#3970,#3971);
#3492=AXIS2_PLACEMENT_3D('',#5043,#3972,#3973);
#3493=AXIS2_PLACEMENT_3D('',#5044,#3974,#3975);
#3494=AXIS2_PLACEMENT_3D('',#5047,#3976,#3977);
#3495=AXIS2_PLACEMENT_3D('',#5050,#3980,#3981);
#3496=AXIS2_PLACEMENT_3D('',#5053,#3982,#3983);
#3497=AXIS2_PLACEMENT_3D('',#5054,#3984,#3985);
#3498=AXIS2_PLACEMENT_3D('',#5055,#3986,#3987);
#3499=AXIS2_PLACEMENT_3D('',#5056,#3988,#3989);
#3500=AXIS2_PLACEMENT_3D('',#5059,#3990,#3991);
#3501=AXIS2_PLACEMENT_3D('',#5062,#3994,#3995);
#3502=AXIS2_PLACEMENT_3D('',#5063,#3996,#3997);
#3503=AXIS2_PLACEMENT_3D('',#5064,#3998,#3999);
#3504=AXIS2_PLACEMENT_3D('',#5065,#4000,#4001);
#3505=AXIS2_PLACEMENT_3D('',#5069,#4003,#4004);
#3506=AXIS2_PLACEMENT_3D('',#5071,#4006,#4007);
#3507=AXIS2_PLACEMENT_3D('',#5075,#4010,#4011);
#3508=AXIS2_PLACEMENT_3D('',#5078,#4013,#4014);
#3509=AXIS2_PLACEMENT_3D('',#5079,#4015,#4016);
#3510=AXIS2_PLACEMENT_3D('',#5083,#4019,#4020);
#3511=AXIS2_PLACEMENT_3D('',#5086,#4021,#4022);
#3512=AXIS2_PLACEMENT_3D('',#5090,#4024,#4025);
#3513=AXIS2_PLACEMENT_3D('',#5092,#4026,#4027);
#3514=AXIS2_PLACEMENT_3D('',#5096,#4029,#4030);
#3515=AXIS2_PLACEMENT_3D('',#5100,#4032,#4033);
#3516=AXIS2_PLACEMENT_3D('',#5104,#4035,#4036);
#3517=AXIS2_PLACEMENT_3D('',#5108,#4038,#4039);
#3518=AXIS2_PLACEMENT_3D('',#5112,#4041,#4042);
#3519=AXIS2_PLACEMENT_3D('',#5116,#4044,#4045);
#3520=AXIS2_PLACEMENT_3D('',#5120,#4047,#4048);
#3521=AXIS2_PLACEMENT_3D('',#5124,#4050,#4051);
#3522=AXIS2_PLACEMENT_3D('',#5128,#4053,#4054);
#3523=AXIS2_PLACEMENT_3D('',#5132,#4056,#4057);
#3524=AXIS2_PLACEMENT_3D('',#5136,#4059,#4060);
#3525=AXIS2_PLACEMENT_3D('',#5140,#4062,#4063);
#3526=AXIS2_PLACEMENT_3D('',#5144,#4065,#4066);
#3527=AXIS2_PLACEMENT_3D('',#5148,#4068,#4069);
#3528=AXIS2_PLACEMENT_3D('',#5152,#4071,#4072);
#3529=AXIS2_PLACEMENT_3D('',#5156,#4074,#4075);
#3530=AXIS2_PLACEMENT_3D('',#5160,#4077,#4078);
#3531=AXIS2_PLACEMENT_3D('',#5164,#4080,#4081);
#3532=AXIS2_PLACEMENT_3D('',#5168,#4083,#4084);
#3533=AXIS2_PLACEMENT_3D('',#5172,#4086,#4087);
#3534=AXIS2_PLACEMENT_3D('',#5176,#4089,#4090);
#3535=AXIS2_PLACEMENT_3D('',#5179,#4092,#4093);
#3536=AXIS2_PLACEMENT_3D('',#5181,#4094,#4095);
#3537=AXIS2_PLACEMENT_3D('',#5183,#4096,#4097);
#3538=AXIS2_PLACEMENT_3D('',#5185,#4098,#4099);
#3539=AXIS2_PLACEMENT_3D('',#5187,#4100,#4101);
#3540=AXIS2_PLACEMENT_3D('',#5188,#4102,#4103);
#3541=AXIS2_PLACEMENT_3D('',#5191,#4105,#4106);
#3542=AXIS2_PLACEMENT_3D('',#5192,#4107,#4108);
#3543=AXIS2_PLACEMENT_3D('',#5196,#4111,#4112);
#3544=AXIS2_PLACEMENT_3D('',#5199,#4114,#4115);
#3545=AXIS2_PLACEMENT_3D('',#5200,#4116,#4117);
#3546=AXIS2_PLACEMENT_3D('',#5202,#4119,#4120);
#3547=AXIS2_PLACEMENT_3D('',#5203,#4121,#4122);
#3548=AXIS2_PLACEMENT_3D('',#5214,#4128,#4129);
#3549=AXIS2_PLACEMENT_3D('',#5225,#4135,#4136);
#3550=AXIS2_PLACEMENT_3D('',#5228,#4139,#4140);
#3551=AXIS2_PLACEMENT_3D('',#5231,#4143,#4144);
#3552=AXIS2_PLACEMENT_3D('',#5235,#4146,#4147);
#3553=AXIS2_PLACEMENT_3D('',#5239,#4149,#4150);
#3554=AXIS2_PLACEMENT_3D('',#5243,#4152,#4153);
#3555=AXIS2_PLACEMENT_3D('',#5247,#4155,#4156);
#3556=AXIS2_PLACEMENT_3D('',#5251,#4158,#4159);
#3557=AXIS2_PLACEMENT_3D('',#5255,#4161,#4162);
#3558=AXIS2_PLACEMENT_3D('',#5259,#4164,#4165);
#3559=AXIS2_PLACEMENT_3D('',#5263,#4167,#4168);
#3560=AXIS2_PLACEMENT_3D('',#5267,#4170,#4171);
#3561=AXIS2_PLACEMENT_3D('',#5271,#4173,#4174);
#3562=AXIS2_PLACEMENT_3D('',#5275,#4176,#4177);
#3563=AXIS2_PLACEMENT_3D('',#5279,#4179,#4180);
#3564=AXIS2_PLACEMENT_3D('',#5283,#4182,#4183);
#3565=AXIS2_PLACEMENT_3D('',#5287,#4185,#4186);
#3566=AXIS2_PLACEMENT_3D('',#5291,#4188,#4189);
#3567=AXIS2_PLACEMENT_3D('',#5295,#4191,#4192);
#3568=AXIS2_PLACEMENT_3D('',#5299,#4194,#4195);
#3569=AXIS2_PLACEMENT_3D('',#5303,#4197,#4198);
#3570=AXIS2_PLACEMENT_3D('',#5307,#4200,#4201);
#3571=AXIS2_PLACEMENT_3D('',#5311,#4203,#4204);
#3572=AXIS2_PLACEMENT_3D('',#5315,#4206,#4207);
#3573=AXIS2_PLACEMENT_3D('',#5319,#4209,#4210);
#3574=AXIS2_PLACEMENT_3D('',#5321,#4211,#4212);
#3575=AXIS2_PLACEMENT_3D('',#5325,#4214,#4215);
#3576=AXIS2_PLACEMENT_3D('',#5330,#4218,#4219);
#3577=AXIS2_PLACEMENT_3D('',#5334,#4221,#4222);
#3578=AXIS2_PLACEMENT_3D('',#5336,#4223,#4224);
#3579=AXIS2_PLACEMENT_3D('',#5340,#4226,#4227);
#3580=AXIS2_PLACEMENT_3D('',#5344,#4229,#4230);
#3581=AXIS2_PLACEMENT_3D('',#5348,#4232,#4233);
#3582=AXIS2_PLACEMENT_3D('',#5350,#4234,#4235);
#3583=AXIS2_PLACEMENT_3D('',#5354,#4237,#4238);
#3584=AXIS2_PLACEMENT_3D('',#5358,#4240,#4241);
#3585=AXIS2_PLACEMENT_3D('',#5362,#4243,#4244);
#3586=AXIS2_PLACEMENT_3D('',#5366,#4246,#4247);
#3587=AXIS2_PLACEMENT_3D('',#5370,#4249,#4250);
#3588=AXIS2_PLACEMENT_3D('',#5374,#4252,#4253);
#3589=AXIS2_PLACEMENT_3D('',#5378,#4255,#4256);
#3590=AXIS2_PLACEMENT_3D('',#5382,#4258,#4259);
#3591=AXIS2_PLACEMENT_3D('',#5386,#4261,#4262);
#3592=AXIS2_PLACEMENT_3D('',#5390,#4264,#4265);
#3593=AXIS2_PLACEMENT_3D('',#5394,#4267,#4268);
#3594=AXIS2_PLACEMENT_3D('',#5398,#4270,#4271);
#3595=AXIS2_PLACEMENT_3D('',#5402,#4273,#4274);
#3596=AXIS2_PLACEMENT_3D('',#5406,#4276,#4277);
#3597=AXIS2_PLACEMENT_3D('',#5409,#4279,#4280);
#3598=AXIS2_PLACEMENT_3D('',#5411,#4281,#4282);
#3599=AXIS2_PLACEMENT_3D('',#5415,#4284,#4285);
#3600=AXIS2_PLACEMENT_3D('',#5419,#4287,#4288);
#3601=AXIS2_PLACEMENT_3D('',#5421,#4290,#4291);
#3602=AXIS2_PLACEMENT_3D('',#5424,#4294,#4295);
#3603=AXIS2_PLACEMENT_3D('',#5426,#4297,#4298);
#3604=AXIS2_PLACEMENT_3D('',#5428,#4300,#4301);
#3605=AXIS2_PLACEMENT_3D('',#5430,#4303,#4304);
#3606=AXIS2_PLACEMENT_3D('',#5432,#4306,#4307);
#3607=AXIS2_PLACEMENT_3D('',#5434,#4309,#4310);
#3608=AXIS2_PLACEMENT_3D('',#5436,#4312,#4313);
#3609=AXIS2_PLACEMENT_3D('',#5438,#4315,#4316);
#3610=AXIS2_PLACEMENT_3D('',#5440,#4318,#4319);
#3611=AXIS2_PLACEMENT_3D('',#5442,#4321,#4322);
#3612=AXIS2_PLACEMENT_3D('',#5444,#4324,#4325);
#3613=AXIS2_PLACEMENT_3D('',#5446,#4327,#4328);
#3614=AXIS2_PLACEMENT_3D('',#5448,#4330,#4331);
#3615=AXIS2_PLACEMENT_3D('',#5450,#4333,#4334);
#3616=AXIS2_PLACEMENT_3D('',#5452,#4336,#4337);
#3617=AXIS2_PLACEMENT_3D('',#5454,#4339,#4340);
#3618=AXIS2_PLACEMENT_3D('',#5456,#4342,#4343);
#3619=AXIS2_PLACEMENT_3D('',#5458,#4345,#4346);
#3620=AXIS2_PLACEMENT_3D('',#5460,#4348,#4349);
#3621=AXIS2_PLACEMENT_3D('',#5462,#4351,#4352);
#3622=AXIS2_PLACEMENT_3D('',#5464,#4354,#4355);
#3623=AXIS2_PLACEMENT_3D('',#5466,#4357,#4358);
#3624=AXIS2_PLACEMENT_3D('',#5468,#4360,#4361);
#3625=AXIS2_PLACEMENT_3D('',#5470,#4363,#4364);
#3626=AXIS2_PLACEMENT_3D('',#5472,#4366,#4367);
#3627=AXIS2_PLACEMENT_3D('',#5474,#4369,#4370);
#3628=AXIS2_PLACEMENT_3D('',#5476,#4372,#4373);
#3629=AXIS2_PLACEMENT_3D('',#5478,#4375,#4376);
#3630=AXIS2_PLACEMENT_3D('',#5480,#4378,#4379);
#3631=AXIS2_PLACEMENT_3D('',#5482,#4381,#4382);
#3632=AXIS2_PLACEMENT_3D('',#5484,#4384,#4385);
#3633=AXIS2_PLACEMENT_3D('',#5486,#4387,#4388);
#3634=AXIS2_PLACEMENT_3D('',#5488,#4390,#4391);
#3635=AXIS2_PLACEMENT_3D('',#5490,#4393,#4394);
#3636=AXIS2_PLACEMENT_3D('',#5492,#4396,#4397);
#3637=AXIS2_PLACEMENT_3D('',#5494,#4399,#4400);
#3638=AXIS2_PLACEMENT_3D('',#5496,#4402,#4403);
#3639=AXIS2_PLACEMENT_3D('',#5498,#4405,#4406);
#3640=AXIS2_PLACEMENT_3D('',#5500,#4408,#4409);
#3641=AXIS2_PLACEMENT_3D('',#5502,#4411,#4412);
#3642=AXIS2_PLACEMENT_3D('',#5504,#4414,#4415);
#3643=AXIS2_PLACEMENT_3D('',#5506,#4417,#4418);
#3644=AXIS2_PLACEMENT_3D('',#5508,#4420,#4421);
#3645=AXIS2_PLACEMENT_3D('',#5510,#4423,#4424);
#3646=AXIS2_PLACEMENT_3D('',#5512,#4426,#4427);
#3647=AXIS2_PLACEMENT_3D('',#5514,#4429,#4430);
#3648=AXIS2_PLACEMENT_3D('',#5515,#4431,#4432);
#3649=AXIS2_PLACEMENT_3D('',#5520,#4435,#4436);
#3650=AXIS2_PLACEMENT_3D('',#5524,#4438,#4439);
#3651=AXIS2_PLACEMENT_3D('',#5527,#4442,#4443);
#3652=AXIS2_PLACEMENT_3D('',#5529,#4445,#4446);
#3653=AXIS2_PLACEMENT_3D('',#5531,#4448,#4449);
#3654=AXIS2_PLACEMENT_3D('',#5533,#4451,#4452);
#3655=AXIS2_PLACEMENT_3D('',#5535,#4454,#4455);
#3656=AXIS2_PLACEMENT_3D('',#5537,#4457,#4458);
#3657=AXIS2_PLACEMENT_3D('',#5539,#4460,#4461);
#3658=AXIS2_PLACEMENT_3D('',#5540,#4462,#4463);
#3659=AXIS2_PLACEMENT_3D('',#5542,#4465,#4466);
#3660=AXIS2_PLACEMENT_3D('',#5544,#4468,#4469);
#3661=AXIS2_PLACEMENT_3D('',#5546,#4471,#4472);
#3662=AXIS2_PLACEMENT_3D('',#5548,#4474,#4475);
#3663=AXIS2_PLACEMENT_3D('',#5550,#4477,#4478);
#3664=AXIS2_PLACEMENT_3D('',#5552,#4480,#4481);
#3665=AXIS2_PLACEMENT_3D('',#5554,#4483,#4484);
#3666=AXIS2_PLACEMENT_3D('',#5556,#4486,#4487);
#3667=AXIS2_PLACEMENT_3D('',#5558,#4489,#4490);
#3668=AXIS2_PLACEMENT_3D('',#5560,#4492,#4493);
#3669=AXIS2_PLACEMENT_3D('',#5562,#4495,#4496);
#3670=AXIS2_PLACEMENT_3D('',#5564,#4498,#4499);
#3671=AXIS2_PLACEMENT_3D('',#5566,#4501,#4502);
#3672=AXIS2_PLACEMENT_3D('',#5568,#4504,#4505);
#3673=AXIS2_PLACEMENT_3D('',#5570,#4507,#4508);
#3674=AXIS2_PLACEMENT_3D('',#5574,#4511,#4512);
#3675=AXIS2_PLACEMENT_3D('',#5576,#4513,#4514);
#3676=AXIS2_PLACEMENT_3D('',#5578,#4516,#4517);
#3677=AXIS2_PLACEMENT_3D('',#5582,#4520,#4521);
#3678=AXIS2_PLACEMENT_3D('',#5584,#4522,#4523);
#3679=AXIS2_PLACEMENT_3D('',#5586,#4525,#4526);
#3680=AXIS2_PLACEMENT_3D('',#5588,#4528,#4529);
#3681=AXIS2_PLACEMENT_3D('',#5590,#4531,#4532);
#3682=AXIS2_PLACEMENT_3D('',#5592,#4534,#4535);
#3683=AXIS2_PLACEMENT_3D('',#5594,#4537,#4538);
#3684=AXIS2_PLACEMENT_3D('',#5596,#4540,#4541);
#3685=AXIS2_PLACEMENT_3D('',#5598,#4543,#4544);
#3686=AXIS2_PLACEMENT_3D('',#5600,#4546,#4547);
#3687=AXIS2_PLACEMENT_3D('',#5602,#4549,#4550);
#3688=AXIS2_PLACEMENT_3D('',#5604,#4552,#4553);
#3689=AXIS2_PLACEMENT_3D('',#5606,#4555,#4556);
#3690=AXIS2_PLACEMENT_3D('',#5608,#4558,#4559);
#3691=AXIS2_PLACEMENT_3D('',#5610,#4561,#4562);
#3692=AXIS2_PLACEMENT_3D('',#5612,#4564,#4565);
#3693=AXIS2_PLACEMENT_3D('',#5614,#4567,#4568);
#3694=AXIS2_PLACEMENT_3D('',#5616,#4570,#4571);
#3695=AXIS2_PLACEMENT_3D('',#5618,#4573,#4574);
#3696=AXIS2_PLACEMENT_3D('',#5620,#4576,#4577);
#3697=AXIS2_PLACEMENT_3D('',#5622,#4579,#4580);
#3698=AXIS2_PLACEMENT_3D('',#5624,#4582,#4583);
#3699=AXIS2_PLACEMENT_3D('',#5626,#4585,#4586);
#3700=AXIS2_PLACEMENT_3D('',#5628,#4588,#4589);
#3701=AXIS2_PLACEMENT_3D('',#5630,#4591,#4592);
#3702=AXIS2_PLACEMENT_3D('',#5632,#4594,#4595);
#3703=AXIS2_PLACEMENT_3D('',#5634,#4597,#4598);
#3704=AXIS2_PLACEMENT_3D('',#5635,#4599,#4600);
#3705=AXIS2_PLACEMENT_3D('',#5638,#4601,#4602);
#3706=AXIS2_PLACEMENT_3D('',#5641,#4605,#4606);
#3707=AXIS2_PLACEMENT_3D('',#5645,#4609,#4610);
#3708=AXIS2_PLACEMENT_3D('',#5647,#4611,#4612);
#3709=AXIS2_PLACEMENT_3D('',#5649,#4614,#4615);
#3710=AXIS2_PLACEMENT_3D('',#5653,#4618,#4619);
#3711=AXIS2_PLACEMENT_3D('',#5655,#4621,#4622);
#3712=AXIS2_PLACEMENT_3D('',#5657,#4623,#4624);
#3713=AXIS2_PLACEMENT_3D('',#5659,#4626,#4627);
#3714=AXIS2_PLACEMENT_3D('',#5663,#4630,#4631);
#3715=AXIS2_PLACEMENT_3D('',#5665,#4632,#4633);
#3716=AXIS2_PLACEMENT_3D('',#5667,#4635,#4636);
#3717=AXIS2_PLACEMENT_3D('',#5671,#4639,#4640);
#3718=AXIS2_PLACEMENT_3D('',#5673,#4641,#4642);
#3719=AXIS2_PLACEMENT_3D('',#5675,#4644,#4645);
#3720=AXIS2_PLACEMENT_3D('',#5679,#4648,#4649);
#3721=AXIS2_PLACEMENT_3D('',#5681,#4650,#4651);
#3722=AXIS2_PLACEMENT_3D('',#5683,#4653,#4654);
#3723=AXIS2_PLACEMENT_3D('',#5687,#4657,#4658);
#3724=AXIS2_PLACEMENT_3D('',#5689,#4659,#4660);
#3725=AXIS2_PLACEMENT_3D('',#5691,#4662,#4663);
#3726=AXIS2_PLACEMENT_3D('',#5695,#4666,#4667);
#3727=AXIS2_PLACEMENT_3D('',#5697,#4668,#4669);
#3728=AXIS2_PLACEMENT_3D('',#5699,#4671,#4672);
#3729=AXIS2_PLACEMENT_3D('',#5703,#4675,#4676);
#3730=AXIS2_PLACEMENT_3D('',#5707,#4679,#4680);
#3731=AXIS2_PLACEMENT_3D('',#5709,#4681,#4682);
#3732=AXIS2_PLACEMENT_3D('',#5711,#4684,#4685);
#3733=AXIS2_PLACEMENT_3D('',#5715,#4688,#4689);
#3734=AXIS2_PLACEMENT_3D('',#5717,#4690,#4691);
#3735=AXIS2_PLACEMENT_3D('',#5719,#4693,#4694);
#3736=AXIS2_PLACEMENT_3D('',#5723,#4697,#4698);
#3737=AXIS2_PLACEMENT_3D('',#5727,#4701,#4702);
#3738=AXIS2_PLACEMENT_3D('',#5729,#4703,#4704);
#3739=AXIS2_PLACEMENT_3D('',#5731,#4706,#4707);
#3740=AXIS2_PLACEMENT_3D('',#5735,#4710,#4711);
#3741=AXIS2_PLACEMENT_3D('',#5739,#4714,#4715);
#3742=AXIS2_PLACEMENT_3D('',#5741,#4716,#4717);
#3743=AXIS2_PLACEMENT_3D('',#5743,#4719,#4720);
#3744=AXIS2_PLACEMENT_3D('',#5747,#4723,#4724);
#3745=AXIS2_PLACEMENT_3D('',#5749,#4725,#4726);
#3746=AXIS2_PLACEMENT_3D('',#5751,#4728,#4729);
#3747=AXIS2_PLACEMENT_3D('',#5755,#4732,#4733);
#3748=AXIS2_PLACEMENT_3D('',#5757,#4734,#4735);
#3749=AXIS2_PLACEMENT_3D('',#5759,#4737,#4738);
#3750=AXIS2_PLACEMENT_3D('',#5763,#4741,#4742);
#3751=AXIS2_PLACEMENT_3D('',#5765,#4743,#4744);
#3752=AXIS2_PLACEMENT_3D('',#5767,#4746,#4747);
#3753=AXIS2_PLACEMENT_3D('',#5771,#4750,#4751);
#3754=AXIS2_PLACEMENT_3D('',#5773,#4752,#4753);
#3755=AXIS2_PLACEMENT_3D('',#5775,#4755,#4756);
#3756=AXIS2_PLACEMENT_3D('',#5779,#4759,#4760);
#3757=AXIS2_PLACEMENT_3D('',#5781,#4761,#4762);
#3758=AXIS2_PLACEMENT_3D('',#5783,#4764,#4765);
#3759=AXIS2_PLACEMENT_3D('',#5785,#4767,#4768);
#3760=AXIS2_PLACEMENT_3D('',#5787,#4769,#4770);
#3761=AXIS2_PLACEMENT_3D('',#5789,#4771,#4772);
#3762=AXIS2_PLACEMENT_3D('',#5791,#4773,#4774);
#3763=AXIS2_PLACEMENT_3D('',#5793,#4775,#4776);
#3764=AXIS2_PLACEMENT_3D('',#5795,#4777,#4778);
#3765=AXIS2_PLACEMENT_3D('',#5796,#4779,#4780);
#3766=AXIS2_PLACEMENT_3D('',#5798,#4782,#4783);
#3767=AXIS2_PLACEMENT_3D('',#5800,#4785,#4786);
#3768=AXIS2_PLACEMENT_3D('',#5802,#4788,#4789);
#3769=AXIS2_PLACEMENT_3D('',#5804,#4791,#4792);
#3770=AXIS2_PLACEMENT_3D('',#5806,#4794,#4795);
#3771=DIRECTION('axis',(0.,0.,1.));
#3772=DIRECTION('refdir',(1.,0.,0.));
#3773=DIRECTION('axis',(0.,0.,1.));
#3774=DIRECTION('refdir',(1.,0.,0.));
#3775=DIRECTION('center_axis',(-0.499998543767663,-0.866026244538938,0.));
#3776=DIRECTION('ref_axis',(0.,0.,-1.));
#3777=DIRECTION('center_axis',(-0.499998543767661,-0.866026244538939,0.));
#3778=DIRECTION('ref_axis',(0.,0.,-1.));
#3779=DIRECTION('',(0.499998543767663,0.866026244538938,0.));
#3780=DIRECTION('center_axis',(0.499998543767662,0.866026244538939,0.));
#3781=DIRECTION('ref_axis',(0.,0.,-1.));
#3782=DIRECTION('',(-0.499998543767663,-0.866026244538938,0.));
#3783=DIRECTION('center_axis',(0.,0.,-1.));
#3784=DIRECTION('ref_axis',(-1.,0.,0.));
#3785=DIRECTION('',(0.866026244538939,-0.499998543767662,0.));
#3786=DIRECTION('center_axis',(0.,0.,-1.));
#3787=DIRECTION('ref_axis',(0.500008019036393,0.866020773942116,0.));
#3788=DIRECTION('',(-0.49999684746721,-0.866027223892443,0.));
#3789=DIRECTION('center_axis',(0.,0.,-1.));
#3790=DIRECTION('ref_axis',(0.865974307212233,-0.500088491417561,0.));
#3791=DIRECTION('',(-0.866025407880742,0.499999992904994,0.));
#3792=DIRECTION('center_axis',(0.,0.,1.));
#3793=DIRECTION('ref_axis',(0.163906132109591,0.98647593982665,0.));
#3794=DIRECTION('',(-0.986475926564686,0.163906211927262,0.));
#3795=DIRECTION('center_axis',(0.,0.,-1.));
#3796=DIRECTION('ref_axis',(-0.179762827896125,-0.983709980485503,0.));
#3797=DIRECTION('',(-0.526354750528422,0.850265062551768,0.));
#3798=DIRECTION('center_axis',(0.,0.,1.));
#3799=DIRECTION('ref_axis',(8.17960117260977E-8,0.999999999999997,0.));
#3800=DIRECTION('',(-1.,-1.35442294663448E-13,0.));
#3801=DIRECTION('center_axis',(0.,0.,-1.));
#3802=DIRECTION('ref_axis',(5.33621755572152E-7,-0.999999999999858,0.));
#3803=DIRECTION('',(1.45365215837364E-12,1.,0.));
#3804=DIRECTION('center_axis',(0.,0.,1.));
#3805=DIRECTION('ref_axis',(-7.47080557999169E-7,0.999999999999721,0.));
#3806=DIRECTION('',(-1.,-2.8421708930797E-13,0.));
#3807=DIRECTION('center_axis',(0.,0.,-1.));
#3808=DIRECTION('ref_axis',(5.33621793636961E-7,-0.999999999999858,0.));
#3809=DIRECTION('',(-5.0410126930655E-15,1.,0.));
#3810=DIRECTION('center_axis',(0.,0.,-1.));
#3811=DIRECTION('ref_axis',(-0.999999999999858,-5.33625324148064E-7,0.));
#3812=DIRECTION('',(1.,-2.54959456725041E-13,0.));
#3813=DIRECTION('center_axis',(0.,0.,1.));
#3814=DIRECTION('ref_axis',(0.999999999999721,7.47075561989351E-7,0.));
#3815=DIRECTION('',(-4.03381022235275E-13,1.,0.));
#3816=DIRECTION('center_axis',(0.,0.,-1.));
#3817=DIRECTION('ref_axis',(-0.999999999999858,-5.33625393933551E-7,0.));
#3818=DIRECTION('',(1.,-2.55220685676604E-13,0.));
#3819=DIRECTION('center_axis',(0.,0.,1.));
#3820=DIRECTION('ref_axis',(0.999999999999721,7.47075569390842E-7,0.));
#3821=DIRECTION('',(-6.03961302835866E-13,1.,0.));
#3822=DIRECTION('center_axis',(0.,0.,-1.));
#3823=DIRECTION('ref_axis',(-0.999999999999858,-5.33625454202832E-7,0.));
#3824=DIRECTION('',(1.,1.18762145005016E-13,0.));
#3825=DIRECTION('center_axis',(0.,0.,1.));
#3826=DIRECTION('ref_axis',(0.999999999996443,-2.66713891297664E-6,0.));
#3827=DIRECTION('center_axis',(0.,0.,-1.));
#3828=DIRECTION('ref_axis',(-0.999999999996443,2.66713888047325E-6,0.));
#3829=DIRECTION('',(1.,-1.34820921973188E-13,0.));
#3830=DIRECTION('center_axis',(0.,0.,-1.));
#3831=DIRECTION('ref_axis',(-5.33625277163825E-7,0.999999999999858,0.));
#3832=DIRECTION('',(9.26481390910452E-13,-1.,0.));
#3833=DIRECTION('center_axis',(0.,0.,1.));
#3834=DIRECTION('ref_axis',(7.470755490367E-7,-0.999999999999721,0.));
#3835=DIRECTION('',(1.,-9.92669981038976E-15,0.));
#3836=DIRECTION('center_axis',(0.,0.,-1.));
#3837=DIRECTION('ref_axis',(-5.33625279741025E-7,0.999999999999858,0.));
#3838=DIRECTION('center_axis',(0.,0.,1.));
#3839=DIRECTION('ref_axis',(7.47075554587833E-7,-0.999999999999721,0.));
#3840=DIRECTION('',(1.,-4.32086795283288E-15,0.));
#3841=DIRECTION('',(0.,1.,0.));
#3842=DIRECTION('',(-1.,4.52739273124484E-15,0.));
#3843=DIRECTION('center_axis',(0.,0.,1.));
#3844=DIRECTION('ref_axis',(-1.69789792895202E-7,0.999999999999986,0.));
#3845=DIRECTION('',(-1.,9.58336493363688E-15,0.));
#3846=DIRECTION('center_axis',(0.,0.,1.));
#3847=DIRECTION('ref_axis',(-1.6978970729448E-7,0.999999999999986,0.));
#3848=DIRECTION('',(-1.,-4.12205690270407E-13,0.));
#3849=DIRECTION('center_axis',(0.,0.,1.));
#3850=DIRECTION('ref_axis',(-0.668636046616689,0.743589831267752,0.));
#3851=DIRECTION('',(-1.,-1.71573955740126E-13,0.));
#3852=DIRECTION('center_axis',(0.,0.,1.));
#3853=DIRECTION('ref_axis',(-0.999999999999986,-1.69790267263109E-7,0.));
#3854=DIRECTION('',(6.04278531974885E-13,-1.,0.));
#3855=DIRECTION('',(-1.,1.98319325476764E-13,0.));
#3856=DIRECTION('center_axis',(0.,0.,1.));
#3857=DIRECTION('ref_axis',(-0.999999999999986,-1.69790110822566E-7,0.));
#3858=DIRECTION('',(4.03381032280576E-13,-1.,0.));
#3859=DIRECTION('',(-1.,1.9801515473216E-13,0.));
#3860=DIRECTION('center_axis',(0.,0.,1.));
#3861=DIRECTION('ref_axis',(-0.999999999999986,-1.69789817118061E-7,0.));
#3862=DIRECTION('',(2.78455956102992E-14,-1.,0.));
#3863=DIRECTION('center_axis',(0.,0.,1.));
#3864=DIRECTION('ref_axis',(1.69788884530562E-7,-0.999999999999986,0.));
#3865=DIRECTION('',(1.,2.84247511373206E-13,0.));
#3866=DIRECTION('',(-4.44091089862134E-14,-1.,0.));
#3867=DIRECTION('center_axis',(0.,0.,1.));
#3868=DIRECTION('ref_axis',(1.69788771489653E-7,-0.999999999999986,0.));
#3869=DIRECTION('',(1.,1.35693393478575E-13,0.));
#3870=DIRECTION('center_axis',(0.,0.,-1.));
#3871=DIRECTION('ref_axis',(8.17960122520853E-8,0.999999999999997,0.));
#3872=DIRECTION('',(0.526354750528425,-0.850265062551766,0.));
#3873=DIRECTION('center_axis',(0.,0.,1.));
#3874=DIRECTION('ref_axis',(-0.17662331211212,-0.984278520348049,0.));
#3875=DIRECTION('',(0.986475926564685,-0.163906211927269,0.));
#3876=DIRECTION('center_axis',(0.,0.,-1.));
#3877=DIRECTION('ref_axis',(0.16390613210959,0.986475939826651,0.));
#3878=DIRECTION('',(0.866025407791741,-0.499999993059149,0.));
#3879=DIRECTION('center_axis',(0.,0.,1.));
#3880=DIRECTION('ref_axis',(0.866009991091609,-0.500026694616909,0.));
#3881=DIRECTION('',(0.499996845958443,0.866027224763523,0.));
#3882=DIRECTION('center_axis',(0.,0.,1.));
#3883=DIRECTION('ref_axis',(0.499998543767665,0.866026244538937,0.));
#3884=DIRECTION('',(-0.866026244538939,0.499998543767661,0.));
#3885=DIRECTION('center_axis',(0.,0.,-1.));
#3886=DIRECTION('ref_axis',(-1.,0.,0.));
#3887=DIRECTION('',(-0.866026244538939,0.499998543767661,0.));
#3888=DIRECTION('',(0.499999975893499,0.866025417702333,0.));
#3889=DIRECTION('',(0.866025405745445,-0.499999996603438,0.));
#3890=DIRECTION('',(0.499999996603438,0.866025405745444,0.));
#3891=DIRECTION('',(-0.866025405745445,0.499999996603438,0.));
#3892=DIRECTION('center_axis',(0.,0.,1.));
#3893=DIRECTION('ref_axis',(-0.866009257883479,0.500027964478093,0.));
#3894=DIRECTION('',(-0.499999975893499,-0.866025417702333,0.));
#3895=DIRECTION('center_axis',(0.,0.,1.));
#3896=DIRECTION('ref_axis',(-0.499971148370766,-0.866042060639561,0.));
#3897=DIRECTION('',(0.866026244538939,-0.499998543767662,0.));
#3898=DIRECTION('center_axis',(0.499998543767661,0.866026244538939,0.));
#3899=DIRECTION('ref_axis',(-0.866026244538939,0.499998543767661,0.));
#3900=DIRECTION('',(0.,0.,1.));
#3901=DIRECTION('',(0.866026244538939,-0.499998543767661,0.));
#3902=DIRECTION('',(0.,0.,1.));
#3903=DIRECTION('center_axis',(0.499999996603438,0.866025405745444,0.));
#3904=DIRECTION('ref_axis',(1.06057524112645E-16,-6.12323395414088E-17,
-1.));
#3905=DIRECTION('center_axis',(-0.499999996603438,-0.866025405745445,0.));
#3906=DIRECTION('ref_axis',(0.,0.,1.));
#3907=DIRECTION('center_axis',(0.499999996603438,0.866025405745445,0.));
#3908=DIRECTION('ref_axis',(0.,0.,1.));
#3909=DIRECTION('',(-0.499999996603438,-0.866025405745444,0.));
#3910=DIRECTION('center_axis',(0.499999996603438,0.866025405745445,0.));
#3911=DIRECTION('ref_axis',(-0.866025405745445,0.499999996603438,0.));
#3912=DIRECTION('',(-0.866025405745445,0.499999996603438,0.));
#3913=DIRECTION('',(0.,0.,1.));
#3914=DIRECTION('',(-0.866025405745445,0.499999996603438,0.));
#3915=DIRECTION('',(0.,0.,1.));
#3916=DIRECTION('center_axis',(0.,0.,-1.));
#3917=DIRECTION('ref_axis',(-1.,0.,0.));
#3918=DIRECTION('',(0.866025405745445,-0.499999996603438,0.));
#3919=DIRECTION('center_axis',(0.,0.,1.));
#3920=DIRECTION('ref_axis',(0.866025427880778,-0.499999958263913,0.));
#3921=DIRECTION('',(0.499999958263917,0.866025427880776,0.));
#3922=DIRECTION('center_axis',(0.,0.,1.));
#3923=DIRECTION('ref_axis',(0.500014462393238,0.866017053756796,0.));
#3924=DIRECTION('',(-0.866025483900414,0.499999861235035,0.));
#3925=DIRECTION('center_axis',(0.,0.,-1.));
#3926=DIRECTION('ref_axis',(-0.499999617874558,-0.866025624404553,0.));
#3927=DIRECTION('',(-2.37084932396246E-14,1.,0.));
#3928=DIRECTION('center_axis',(0.,0.,1.));
#3929=DIRECTION('ref_axis',(-1.6978979491379E-7,0.999999999999986,0.));
#3930=DIRECTION('',(-1.,4.52739273124484E-15,0.));
#3931=DIRECTION('',(0.,-1.,0.));
#3932=DIRECTION('',(1.,-4.32086795283288E-15,0.));
#3933=DIRECTION('center_axis',(0.,0.,-1.));
#3934=DIRECTION('ref_axis',(-5.33625276568954E-7,0.999999999999858,0.));
#3935=DIRECTION('',(7.62058678708737E-15,-1.,0.));
#3936=DIRECTION('center_axis',(0.,0.,1.));
#3937=DIRECTION('ref_axis',(-0.499999617874558,-0.866025624404553,0.));
#3938=DIRECTION('',(0.866025483853638,-0.499999861316053,0.));
#3939=DIRECTION('center_axis',(0.,0.,-1.));
#3940=DIRECTION('ref_axis',(0.50004469427371,0.865999597995699,0.));
#3941=DIRECTION('',(-0.4999999583366,-0.866025427838813,0.));
#3942=DIRECTION('center_axis',(0.,0.,-1.));
#3943=DIRECTION('ref_axis',(0.866029062257307,-0.499993663285575,0.));
#3944=DIRECTION('center_axis',(6.93889390390723E-17,-1.,0.));
#3945=DIRECTION('ref_axis',(-0.707106781186549,0.,0.707106781186546));
#3946=DIRECTION('center_axis',(0.,-1.,0.));
#3947=DIRECTION('ref_axis',(0.,0.,1.));
#3948=DIRECTION('',(6.93889390390723E-17,-1.,0.));
#3949=DIRECTION('center_axis',(-1.11022302462515E-15,1.,0.));
#3950=DIRECTION('ref_axis',(-1.,-1.11022302462515E-15,0.));
#3951=DIRECTION('',(-6.93889390390723E-17,1.,0.));
#3952=DIRECTION('center_axis',(0.,0.,-1.));
#3953=DIRECTION('ref_axis',(-1.,0.,0.));
#3954=DIRECTION('center_axis',(1.,0.,0.));
#3955=DIRECTION('ref_axis',(0.,1.,0.));
#3956=DIRECTION('center_axis',(0.,0.,1.));
#3957=DIRECTION('ref_axis',(0.707106781186548,-0.707106781186548,0.));
#3958=DIRECTION('center_axis',(0.,0.,-1.));
#3959=DIRECTION('ref_axis',(0.707106781186547,-0.707106781186547,0.));
#3960=DIRECTION('center_axis',(-1.,0.,0.));
#3961=DIRECTION('ref_axis',(0.,0.707106781186548,0.707106781186547));
#3962=DIRECTION('center_axis',(1.,-4.44089209850062E-15,0.));
#3963=DIRECTION('ref_axis',(4.44089209850062E-15,1.,0.));
#3964=DIRECTION('',(1.,0.,0.));
#3965=DIRECTION('',(-1.,0.,0.));
#3966=DIRECTION('center_axis',(0.,0.,-1.));
#3967=DIRECTION('ref_axis',(-1.,0.,0.));
#3968=DIRECTION('center_axis',(3.33066907387547E-15,-1.,0.));
#3969=DIRECTION('ref_axis',(1.,3.33066907387547E-15,0.));
#3970=DIRECTION('center_axis',(0.,0.,1.));
#3971=DIRECTION('ref_axis',(-0.707106781186547,-0.707106781186548,0.));
#3972=DIRECTION('center_axis',(0.,0.,-1.));
#3973=DIRECTION('ref_axis',(-0.707106781186547,-0.707106781186548,0.));
#3974=DIRECTION('center_axis',(1.38777878078145E-16,1.,0.));
#3975=DIRECTION('ref_axis',(0.707106781186549,0.,0.707106781186546));
#3976=DIRECTION('center_axis',(0.,-1.,0.));
#3977=DIRECTION('ref_axis',(1.,0.,0.));
#3978=DIRECTION('',(-1.38777878078145E-16,-1.,0.));
#3979=DIRECTION('',(1.38777878078145E-16,1.,0.));
#3980=DIRECTION('center_axis',(0.,0.,-1.));
#3981=DIRECTION('ref_axis',(-1.,0.,0.));
#3982=DIRECTION('center_axis',(-1.,-8.88178419700124E-15,0.));
#3983=DIRECTION('ref_axis',(8.88178419700124E-15,-1.,0.));
#3984=DIRECTION('center_axis',(0.,0.,1.));
#3985=DIRECTION('ref_axis',(-0.707106781186545,0.70710678118655,0.));
#3986=DIRECTION('center_axis',(0.,0.,-1.));
#3987=DIRECTION('ref_axis',(-0.707106781186545,0.70710678118655,0.));
#3988=DIRECTION('center_axis',(1.,0.,0.));
#3989=DIRECTION('ref_axis',(0.,-0.707106781186549,0.707106781186546));
#3990=DIRECTION('center_axis',(-1.,-2.22044604925031E-15,0.));
#3991=DIRECTION('ref_axis',(2.22044604925031E-15,-1.,0.));
#3992=DIRECTION('',(-1.,0.,0.));
#3993=DIRECTION('',(1.,0.,0.));
#3994=DIRECTION('center_axis',(0.,0.,-1.));
#3995=DIRECTION('ref_axis',(-1.,0.,0.));
#3996=DIRECTION('center_axis',(0.,0.,1.));
#3997=DIRECTION('ref_axis',(0.707106781186548,0.707106781186548,0.));
#3998=DIRECTION('center_axis',(0.,0.,-1.));
#3999=DIRECTION('ref_axis',(0.707106781186548,0.707106781186548,0.));
#4000=DIRECTION('center_axis',(0.,0.,-1.));
#4001=DIRECTION('ref_axis',(-1.,-4.4408920985006E-15,0.));
#4002=DIRECTION('',(0.,0.,-1.));
#4003=DIRECTION('center_axis',(0.,0.,-1.));
#4004=DIRECTION('ref_axis',(-1.,-4.4408920985006E-15,0.));
#4005=DIRECTION('',(0.,0.,-1.));
#4006=DIRECTION('center_axis',(0.,-1.,0.));
#4007=DIRECTION('ref_axis',(-1.,0.,0.));
#4008=DIRECTION('',(0.,0.,-1.));
#4009=DIRECTION('',(-1.,0.,0.));
#4010=DIRECTION('center_axis',(0.,0.,-1.));
#4011=DIRECTION('ref_axis',(0.,-1.,0.));
#4012=DIRECTION('',(0.,0.,-1.));
#4013=DIRECTION('center_axis',(0.,0.,-1.));
#4014=DIRECTION('ref_axis',(0.,-1.,0.));
#4015=DIRECTION('center_axis',(1.,6.93889390390723E-17,0.));
#4016=DIRECTION('ref_axis',(6.93889390390723E-17,-1.,0.));
#4017=DIRECTION('',(0.,0.,-1.));
#4018=DIRECTION('',(6.93889390390723E-17,-1.,0.));
#4019=DIRECTION('center_axis',(0.,0.,1.));
#4020=DIRECTION('ref_axis',(1.,0.,0.));
#4021=DIRECTION('center_axis',(0.,0.,1.));
#4022=DIRECTION('ref_axis',(0.999999999996582,-2.61476795628912E-6,0.));
#4023=DIRECTION('',(-1.,-1.68033751297845E-15,0.));
#4024=DIRECTION('center_axis',(0.,0.,-1.));
#4025=DIRECTION('ref_axis',(-0.999999999999721,7.47075567180635E-7,0.));
#4026=DIRECTION('center_axis',(0.,0.,1.));
#4027=DIRECTION('ref_axis',(0.999999999999721,-7.47075531189856E-7,0.));
#4028=DIRECTION('',(-1.,-1.93309411292293E-14,0.));
#4029=DIRECTION('center_axis',(0.,0.,-1.));
#4030=DIRECTION('ref_axis',(-0.999999999999225,1.24512673911088E-6,0.));
#4031=DIRECTION('',(-1.62231589952101E-12,1.,0.));
#4032=DIRECTION('center_axis',(0.,0.,1.));
#4033=DIRECTION('ref_axis',(0.999999999996582,-2.61477008792322E-6,0.));
#4034=DIRECTION('',(-1.,1.235834404395E-13,0.));
#4035=DIRECTION('center_axis',(0.,0.,-1.));
#4036=DIRECTION('ref_axis',(2.32239929952279E-6,-0.999999999997303,0.));
#4037=DIRECTION('',(-1.,2.24836010966737E-13,0.));
#4038=DIRECTION('center_axis',(0.,0.,1.));
#4039=DIRECTION('ref_axis',(2.61475074776753E-6,0.999999999996582,0.));
#4040=DIRECTION('',(6.31716835277247E-13,-1.,0.));
#4041=DIRECTION('center_axis',(0.,0.,-1.));
#4042=DIRECTION('ref_axis',(-1.24513492423397E-6,-0.999999999999225,0.));
#4043=DIRECTION('',(-1.,2.13946526999854E-13,0.));
#4044=DIRECTION('center_axis',(0.,0.,1.));
#4045=DIRECTION('ref_axis',(2.61474981517853E-6,0.999999999996582,0.));
#4046=DIRECTION('',(4.21144571459148E-13,-1.,0.));
#4047=DIRECTION('center_axis',(0.,0.,-1.));
#4048=DIRECTION('ref_axis',(-1.24513495476511E-6,-0.999999999999225,0.));
#4049=DIRECTION('',(-1.,2.13946526999854E-13,0.));
#4050=DIRECTION('center_axis',(0.,0.,1.));
#4051=DIRECTION('ref_axis',(2.61474979297397E-6,0.999999999996582,0.));
#4052=DIRECTION('',(8.64173592062138E-15,-1.,0.));
#4053=DIRECTION('center_axis',(0.,0.,1.));
#4054=DIRECTION('ref_axis',(-0.999999999996582,2.61475045910894E-6,0.));
#4055=DIRECTION('',(1.,2.97931599430925E-13,0.));
#4056=DIRECTION('center_axis',(0.,0.,-1.));
#4057=DIRECTION('ref_axis',(0.999999999999225,-1.2451360344575E-6,0.));
#4058=DIRECTION('',(-1.19608088743125E-12,-1.,0.));
#4059=DIRECTION('center_axis',(0.,0.,1.));
#4060=DIRECTION('ref_axis',(-0.999999999996582,2.61474681757114E-6,0.));
#4061=DIRECTION('',(1.,1.38907446243121E-13,0.));
#4062=DIRECTION('center_axis',(0.,0.,-1.));
#4063=DIRECTION('ref_axis',(0.850265206142216,0.526354518574634,0.));
#4064=DIRECTION('',(0.526354750528426,-0.850265062551766,0.));
#4065=DIRECTION('center_axis',(0.,0.,1.));
#4066=DIRECTION('ref_axis',(-0.850264967577588,-0.526354903948166,0.));
#4067=DIRECTION('',(0.986475926564686,-0.163906211927261,0.));
#4068=DIRECTION('center_axis',(0.,0.,-1.));
#4069=DIRECTION('ref_axis',(0.50000043888425,0.86602515039435,0.));
#4070=DIRECTION('',(0.866025407884412,-0.499999992898638,0.));
#4071=DIRECTION('center_axis',(0.,0.,1.));
#4072=DIRECTION('ref_axis',(-0.499792673990997,-0.866145070426963,0.));
#4073=DIRECTION('',(0.49999684856896,0.866027223256353,0.));
#4074=DIRECTION('center_axis',(0.,0.,1.));
#4075=DIRECTION('ref_axis',(0.866033681774325,-0.499985661826823,0.));
#4076=DIRECTION('',(-0.866026244555311,0.499998543739304,0.));
#4077=DIRECTION('center_axis',(0.,0.,-1.));
#4078=DIRECTION('ref_axis',(-0.866013996974728,0.500019756653531,0.));
#4079=DIRECTION('',(0.499999975889462,0.866025417704664,0.));
#4080=DIRECTION('center_axis',(0.,0.,-1.));
#4081=DIRECTION('ref_axis',(0.49998088822253,0.866036437693132,0.));
#4082=DIRECTION('',(0.866025405746204,-0.499999996602122,0.));
#4083=DIRECTION('center_axis',(0.,0.,1.));
#4084=DIRECTION('ref_axis',(-0.500009942122728,-0.866019663621113,0.));
#4085=DIRECTION('',(0.499999958459165,0.86602542776805,0.));
#4086=DIRECTION('center_axis',(0.,0.,1.));
#4087=DIRECTION('ref_axis',(0.866053100352449,-0.499952025068318,0.));
#4088=DIRECTION('',(-0.866025483899111,0.499999861237292,0.));
#4089=DIRECTION('center_axis',(0.,0.,-1.));
#4090=DIRECTION('ref_axis',(-0.99999999999995,3.16354253896227E-7,0.));
#4091=DIRECTION('',(-6.94320133678206E-15,1.,0.));
#4092=DIRECTION('center_axis',(0.,0.,-1.));
#4093=DIRECTION('ref_axis',(0.,-1.,0.));
#4094=DIRECTION('center_axis',(0.,0.,-1.));
#4095=DIRECTION('ref_axis',(0.,-1.,0.));
#4096=DIRECTION('center_axis',(0.,0.,-1.));
#4097=DIRECTION('ref_axis',(0.,-1.,0.));
#4098=DIRECTION('center_axis',(0.,0.,-1.));
#4099=DIRECTION('ref_axis',(0.,-1.,0.));
#4100=DIRECTION('center_axis',(0.,0.,-1.));
#4101=DIRECTION('ref_axis',(0.,-1.,0.));
#4102=DIRECTION('center_axis',(0.,0.,-1.));
#4103=DIRECTION('ref_axis',(1.,8.8817841970012E-15,0.));
#4104=DIRECTION('',(0.,0.,-1.));
#4105=DIRECTION('center_axis',(0.,0.,-1.));
#4106=DIRECTION('ref_axis',(1.,8.8817841970012E-15,0.));
#4107=DIRECTION('center_axis',(0.,1.,0.));
#4108=DIRECTION('ref_axis',(1.,0.,0.));
#4109=DIRECTION('',(0.,0.,-1.));
#4110=DIRECTION('',(1.,0.,0.));
#4111=DIRECTION('center_axis',(0.,0.,-1.));
#4112=DIRECTION('ref_axis',(-8.88178419700117E-15,1.,0.));
#4113=DIRECTION('',(0.,0.,-1.));
#4114=DIRECTION('center_axis',(0.,0.,-1.));
#4115=DIRECTION('ref_axis',(-8.88178419700117E-15,1.,0.));
#4116=DIRECTION('center_axis',(-1.,1.38777878078145E-16,0.));
#4117=DIRECTION('ref_axis',(1.38777878078145E-16,1.,0.));
#4118=DIRECTION('',(1.38777878078145E-16,1.,0.));
#4119=DIRECTION('center_axis',(0.,0.,1.));
#4120=DIRECTION('ref_axis',(1.,0.,0.));
#4121=DIRECTION('center_axis',(0.,-1.,0.));
#4122=DIRECTION('ref_axis',(0.,0.,-1.));
#4123=DIRECTION('',(0.,0.,1.));
#4124=DIRECTION('',(1.,0.,0.));
#4125=DIRECTION('',(0.,0.,-1.));
#4126=DIRECTION('',(-1.,0.,0.));
#4127=DIRECTION('',(1.,0.,0.));
#4128=DIRECTION('center_axis',(0.,1.,0.));
#4129=DIRECTION('ref_axis',(0.,0.,1.));
#4130=DIRECTION('',(0.,0.,-1.));
#4131=DIRECTION('',(1.,0.,0.));
#4132=DIRECTION('',(1.,0.,0.));
#4133=DIRECTION('',(0.,0.,1.));
#4134=DIRECTION('',(1.,0.,0.));
#4135=DIRECTION('center_axis',(0.,0.,-1.));
#4136=DIRECTION('ref_axis',(0.,1.,0.));
#4137=DIRECTION('',(2.37084932396246E-14,-1.,0.));
#4138=DIRECTION('',(-6.94320133678206E-15,1.,0.));
#4139=DIRECTION('center_axis',(0.,0.,1.));
#4140=DIRECTION('ref_axis',(0.,-1.,0.));
#4141=DIRECTION('',(7.62058678708737E-15,-1.,0.));
#4142=DIRECTION('',(-2.37084932396246E-14,1.,0.));
#4143=DIRECTION('center_axis',(0.,0.,1.));
#4144=DIRECTION('ref_axis',(1.,0.,0.));
#4145=DIRECTION('',(6.94320133678206E-15,-1.,0.));
#4146=DIRECTION('center_axis',(0.,0.,1.));
#4147=DIRECTION('ref_axis',(-0.99999999999995,3.16354253896227E-7,0.));
#4148=DIRECTION('',(0.866025483899111,-0.499999861237292,0.));
#4149=DIRECTION('center_axis',(0.,0.,-1.));
#4150=DIRECTION('ref_axis',(0.866053100352449,-0.499952025068318,0.));
#4151=DIRECTION('',(-0.499999958459165,-0.86602542776805,0.));
#4152=DIRECTION('center_axis',(0.,0.,-1.));
#4153=DIRECTION('ref_axis',(-0.500009942122728,-0.866019663621113,0.));
#4154=DIRECTION('',(-0.866025405746204,0.499999996602122,0.));
#4155=DIRECTION('center_axis',(0.,0.,1.));
#4156=DIRECTION('ref_axis',(0.49998088822253,0.866036437693132,0.));
#4157=DIRECTION('',(-0.499999975889462,-0.866025417704664,0.));
#4158=DIRECTION('center_axis',(0.,0.,1.));
#4159=DIRECTION('ref_axis',(-0.866013996974728,0.500019756653531,0.));
#4160=DIRECTION('',(0.866026244555311,-0.499998543739304,0.));
#4161=DIRECTION('center_axis',(0.,0.,-1.));
#4162=DIRECTION('ref_axis',(0.866033681774325,-0.499985661826823,0.));
#4163=DIRECTION('',(-0.49999684856896,-0.866027223256353,0.));
#4164=DIRECTION('center_axis',(0.,0.,-1.));
#4165=DIRECTION('ref_axis',(-0.499792673990997,-0.866145070426963,0.));
#4166=DIRECTION('',(-0.866025407884412,0.499999992898638,0.));
#4167=DIRECTION('center_axis',(0.,0.,1.));
#4168=DIRECTION('ref_axis',(0.50000043888425,0.86602515039435,0.));
#4169=DIRECTION('',(-0.986475926564686,0.163906211927261,0.));
#4170=DIRECTION('center_axis',(0.,0.,-1.));
#4171=DIRECTION('ref_axis',(-0.850264967577588,-0.526354903948166,0.));
#4172=DIRECTION('',(-0.526354750528426,0.850265062551766,0.));
#4173=DIRECTION('center_axis',(0.,0.,1.));
#4174=DIRECTION('ref_axis',(0.850265206142216,0.526354518574634,0.));
#4175=DIRECTION('',(-1.,-1.38907446243121E-13,0.));
#4176=DIRECTION('center_axis',(0.,0.,-1.));
#4177=DIRECTION('ref_axis',(-0.999999999996582,2.61474681757114E-6,0.));
#4178=DIRECTION('',(1.19608088743125E-12,1.,0.));
#4179=DIRECTION('center_axis',(0.,0.,1.));
#4180=DIRECTION('ref_axis',(0.999999999999225,-1.2451360344575E-6,0.));
#4181=DIRECTION('',(-1.,-2.97931599430925E-13,0.));
#4182=DIRECTION('center_axis',(0.,0.,-1.));
#4183=DIRECTION('ref_axis',(-0.999999999996582,2.61475045910894E-6,0.));
#4184=DIRECTION('',(-8.64173592062138E-15,1.,0.));
#4185=DIRECTION('center_axis',(0.,0.,-1.));
#4186=DIRECTION('ref_axis',(2.61474979297397E-6,0.999999999996582,0.));
#4187=DIRECTION('',(1.,-2.13946526999854E-13,0.));
#4188=DIRECTION('center_axis',(0.,0.,1.));
#4189=DIRECTION('ref_axis',(-1.24513495476511E-6,-0.999999999999225,0.));
#4190=DIRECTION('',(-4.21144571459148E-13,1.,0.));
#4191=DIRECTION('center_axis',(0.,0.,-1.));
#4192=DIRECTION('ref_axis',(2.61474981517853E-6,0.999999999996582,0.));
#4193=DIRECTION('',(1.,-2.13946526999854E-13,0.));
#4194=DIRECTION('center_axis',(0.,0.,1.));
#4195=DIRECTION('ref_axis',(-1.24513492423397E-6,-0.999999999999225,0.));
#4196=DIRECTION('',(-6.31716835277247E-13,1.,0.));
#4197=DIRECTION('center_axis',(0.,0.,-1.));
#4198=DIRECTION('ref_axis',(2.61475074776753E-6,0.999999999996582,0.));
#4199=DIRECTION('',(1.,-2.24836010966737E-13,0.));
#4200=DIRECTION('center_axis',(0.,0.,1.));
#4201=DIRECTION('ref_axis',(2.32239929952279E-6,-0.999999999997303,0.));
#4202=DIRECTION('',(1.,-1.235834404395E-13,0.));
#4203=DIRECTION('center_axis',(0.,0.,-1.));
#4204=DIRECTION('ref_axis',(0.999999999996582,-2.61477008792322E-6,0.));
#4205=DIRECTION('',(1.62231589952101E-12,-1.,0.));
#4206=DIRECTION('center_axis',(0.,0.,1.));
#4207=DIRECTION('ref_axis',(-0.999999999999225,1.24512673911088E-6,0.));
#4208=DIRECTION('',(1.,1.93309411292293E-14,0.));
#4209=DIRECTION('center_axis',(0.,0.,-1.));
#4210=DIRECTION('ref_axis',(0.999999999999721,-7.47075531189856E-7,0.));
#4211=DIRECTION('center_axis',(0.,0.,1.));
#4212=DIRECTION('ref_axis',(-0.999999999999721,7.47075567180635E-7,0.));
#4213=DIRECTION('',(1.,1.68033751297845E-15,0.));
#4214=DIRECTION('center_axis',(0.,0.,-1.));
#4215=DIRECTION('ref_axis',(0.999999999996582,-2.61476795628912E-6,0.));
#4216=DIRECTION('',(6.94320133678206E-15,-1.,0.));
#4217=DIRECTION('',(7.62058678708737E-15,-1.,0.));
#4218=DIRECTION('center_axis',(0.,0.,-1.));
#4219=DIRECTION('ref_axis',(-5.33625276568954E-7,0.999999999999858,0.));
#4220=DIRECTION('',(1.,-4.32086795283288E-15,0.));
#4221=DIRECTION('center_axis',(0.,0.,1.));
#4222=DIRECTION('ref_axis',(7.47075554587833E-7,-0.999999999999721,0.));
#4223=DIRECTION('center_axis',(0.,0.,-1.));
#4224=DIRECTION('ref_axis',(-5.33625279741025E-7,0.999999999999858,0.));
#4225=DIRECTION('',(1.,-9.92669981038976E-15,0.));
#4226=DIRECTION('center_axis',(0.,0.,1.));
#4227=DIRECTION('ref_axis',(7.470755490367E-7,-0.999999999999721,0.));
#4228=DIRECTION('',(9.26481390910452E-13,-1.,0.));
#4229=DIRECTION('center_axis',(0.,0.,-1.));
#4230=DIRECTION('ref_axis',(-5.33625277163825E-7,0.999999999999858,0.));
#4231=DIRECTION('',(1.,-1.34820921973188E-13,0.));
#4232=DIRECTION('center_axis',(0.,0.,-1.));
#4233=DIRECTION('ref_axis',(-0.999999999996443,2.66713888047325E-6,0.));
#4234=DIRECTION('center_axis',(0.,0.,1.));
#4235=DIRECTION('ref_axis',(0.999999999996443,-2.66713891297664E-6,0.));
#4236=DIRECTION('',(1.,1.18762145005016E-13,0.));
#4237=DIRECTION('center_axis',(0.,0.,-1.));
#4238=DIRECTION('ref_axis',(-0.999999999999858,-5.33625454202832E-7,0.));
#4239=DIRECTION('',(-6.03961302835866E-13,1.,0.));
#4240=DIRECTION('center_axis',(0.,0.,1.));
#4241=DIRECTION('ref_axis',(0.999999999999721,7.47075569390842E-7,0.));
#4242=DIRECTION('',(1.,-2.55220685676604E-13,0.));
#4243=DIRECTION('center_axis',(0.,0.,-1.));
#4244=DIRECTION('ref_axis',(-0.999999999999858,-5.33625393933551E-7,0.));
#4245=DIRECTION('',(-4.03381022235275E-13,1.,0.));
#4246=DIRECTION('center_axis',(0.,0.,1.));
#4247=DIRECTION('ref_axis',(0.999999999999721,7.47075561989351E-7,0.));
#4248=DIRECTION('',(1.,-2.54959456725041E-13,0.));
#4249=DIRECTION('center_axis',(0.,0.,-1.));
#4250=DIRECTION('ref_axis',(-0.999999999999858,-5.33625324148064E-7,0.));
#4251=DIRECTION('',(-5.0410126930655E-15,1.,0.));
#4252=DIRECTION('center_axis',(0.,0.,-1.));
#4253=DIRECTION('ref_axis',(5.33621793636961E-7,-0.999999999999858,0.));
#4254=DIRECTION('',(-1.,-2.8421708930797E-13,0.));
#4255=DIRECTION('center_axis',(0.,0.,1.));
#4256=DIRECTION('ref_axis',(-7.47080557999169E-7,0.999999999999721,0.));
#4257=DIRECTION('',(1.45365215837364E-12,1.,0.));
#4258=DIRECTION('center_axis',(0.,0.,-1.));
#4259=DIRECTION('ref_axis',(5.33621755572152E-7,-0.999999999999858,0.));
#4260=DIRECTION('',(-1.,-1.35442294663448E-13,0.));
#4261=DIRECTION('center_axis',(0.,0.,1.));
#4262=DIRECTION('ref_axis',(8.17960117260977E-8,0.999999999999997,0.));
#4263=DIRECTION('',(-0.526354750528422,0.850265062551768,0.));
#4264=DIRECTION('center_axis',(0.,0.,-1.));
#4265=DIRECTION('ref_axis',(-0.179762827896125,-0.983709980485503,0.));
#4266=DIRECTION('',(-0.986475926564686,0.163906211927262,0.));
#4267=DIRECTION('center_axis',(0.,0.,1.));
#4268=DIRECTION('ref_axis',(0.163906132109591,0.98647593982665,0.));
#4269=DIRECTION('',(-0.866025407880742,0.499999992904994,0.));
#4270=DIRECTION('center_axis',(0.,0.,-1.));
#4271=DIRECTION('ref_axis',(0.865974307212233,-0.500088491417561,0.));
#4272=DIRECTION('',(-0.49999684746721,-0.866027223892443,0.));
#4273=DIRECTION('center_axis',(0.,0.,-1.));
#4274=DIRECTION('ref_axis',(0.500008019036393,0.866020773942116,0.));
#4275=DIRECTION('',(0.866026244538939,-0.499998543767662,0.));
#4276=DIRECTION('center_axis',(0.,0.,1.));
#4277=DIRECTION('ref_axis',(-0.499971148370766,-0.866042060639561,0.));
#4278=DIRECTION('',(-0.499999975893499,-0.866025417702333,0.));
#4279=DIRECTION('center_axis',(0.,0.,1.));
#4280=DIRECTION('ref_axis',(-0.866009257883479,0.500027964478093,0.));
#4281=DIRECTION('center_axis',(0.,0.,-1.));
#4282=DIRECTION('ref_axis',(0.866029062257307,-0.499993663285575,0.));
#4283=DIRECTION('',(-0.4999999583366,-0.866025427838813,0.));
#4284=DIRECTION('center_axis',(0.,0.,-1.));
#4285=DIRECTION('ref_axis',(0.50004469427371,0.865999597995699,0.));
#4286=DIRECTION('',(0.866025483853638,-0.499999861316053,0.));
#4287=DIRECTION('center_axis',(0.,0.,1.));
#4288=DIRECTION('ref_axis',(-0.499999617874558,-0.866025624404553,0.));
#4289=DIRECTION('',(7.62058678708737E-15,-1.,0.));
#4290=DIRECTION('center_axis',(-1.,-6.94320133678206E-15,0.));
#4291=DIRECTION('ref_axis',(6.94320133678206E-15,-1.,0.));
#4292=DIRECTION('',(0.,0.,1.));
#4293=DIRECTION('',(0.,0.,1.));
#4294=DIRECTION('center_axis',(0.,0.,1.));
#4295=DIRECTION('ref_axis',(0.999999999996582,-2.61476795628912E-6,0.));
#4296=DIRECTION('',(0.,0.,1.));
#4297=DIRECTION('center_axis',(1.68033751297845E-15,-1.,0.));
#4298=DIRECTION('ref_axis',(1.,1.68033751297845E-15,0.));
#4299=DIRECTION('',(0.,0.,1.));
#4300=DIRECTION('center_axis',(0.,0.,1.));
#4301=DIRECTION('ref_axis',(-0.999999999999721,7.47075567180635E-7,0.));
#4302=DIRECTION('',(0.,0.,1.));
#4303=DIRECTION('center_axis',(0.,0.,1.));
#4304=DIRECTION('ref_axis',(0.999999999999721,-7.47075531189856E-7,0.));
#4305=DIRECTION('',(0.,0.,1.));
#4306=DIRECTION('center_axis',(1.93309411292293E-14,-1.,0.));
#4307=DIRECTION('ref_axis',(1.,1.93309411292293E-14,0.));
#4308=DIRECTION('',(0.,0.,1.));
#4309=DIRECTION('center_axis',(0.,0.,1.));
#4310=DIRECTION('ref_axis',(-0.999999999999225,1.24512673911088E-6,0.));
#4311=DIRECTION('',(0.,0.,1.));
#4312=DIRECTION('center_axis',(-1.,-1.62231589952101E-12,0.));
#4313=DIRECTION('ref_axis',(1.62231589952101E-12,-1.,0.));
#4314=DIRECTION('',(0.,0.,1.));
#4315=DIRECTION('center_axis',(0.,0.,1.));
#4316=DIRECTION('ref_axis',(0.999999999996582,-2.61477008792322E-6,0.));
#4317=DIRECTION('',(0.,0.,1.));
#4318=DIRECTION('center_axis',(-1.235834404395E-13,-1.,0.));
#4319=DIRECTION('ref_axis',(1.,-1.235834404395E-13,0.));
#4320=DIRECTION('',(0.,0.,1.));
#4321=DIRECTION('center_axis',(0.,0.,1.));
#4322=DIRECTION('ref_axis',(2.32239929952279E-6,-0.999999999997303,0.));
#4323=DIRECTION('',(0.,0.,1.));
#4324=DIRECTION('center_axis',(-2.24836010966737E-13,-1.,0.));
#4325=DIRECTION('ref_axis',(1.,-2.24836010966737E-13,0.));
#4326=DIRECTION('',(0.,0.,1.));
#4327=DIRECTION('center_axis',(0.,0.,1.));
#4328=DIRECTION('ref_axis',(2.61475074776753E-6,0.999999999996582,0.));
#4329=DIRECTION('',(0.,0.,1.));
#4330=DIRECTION('center_axis',(1.,6.31716835277247E-13,0.));
#4331=DIRECTION('ref_axis',(-6.31716835277247E-13,1.,0.));
#4332=DIRECTION('',(0.,0.,1.));
#4333=DIRECTION('center_axis',(0.,0.,1.));
#4334=DIRECTION('ref_axis',(-1.24513492423397E-6,-0.999999999999225,0.));
#4335=DIRECTION('',(0.,0.,1.));
#4336=DIRECTION('center_axis',(-2.13946526999854E-13,-1.,0.));
#4337=DIRECTION('ref_axis',(1.,-2.13946526999854E-13,0.));
#4338=DIRECTION('',(0.,0.,1.));
#4339=DIRECTION('center_axis',(0.,0.,1.));
#4340=DIRECTION('ref_axis',(2.61474981517853E-6,0.999999999996582,0.));
#4341=DIRECTION('',(0.,0.,1.));
#4342=DIRECTION('center_axis',(1.,4.21144571459148E-13,0.));
#4343=DIRECTION('ref_axis',(-4.21144571459148E-13,1.,0.));
#4344=DIRECTION('',(0.,0.,1.));
#4345=DIRECTION('center_axis',(0.,0.,1.));
#4346=DIRECTION('ref_axis',(-1.24513495476511E-6,-0.999999999999225,0.));
#4347=DIRECTION('',(0.,0.,1.));
#4348=DIRECTION('center_axis',(-2.13946526999854E-13,-1.,0.));
#4349=DIRECTION('ref_axis',(1.,-2.13946526999854E-13,0.));
#4350=DIRECTION('',(0.,0.,1.));
#4351=DIRECTION('center_axis',(0.,0.,1.));
#4352=DIRECTION('ref_axis',(2.61474979297397E-6,0.999999999996582,0.));
#4353=DIRECTION('',(0.,0.,1.));
#4354=DIRECTION('center_axis',(1.,8.64173592062138E-15,0.));
#4355=DIRECTION('ref_axis',(-8.64173592062138E-15,1.,0.));
#4356=DIRECTION('',(0.,0.,1.));
#4357=DIRECTION('center_axis',(0.,0.,1.));
#4358=DIRECTION('ref_axis',(-0.999999999996582,2.61475045910894E-6,0.));
#4359=DIRECTION('',(0.,0.,1.));
#4360=DIRECTION('center_axis',(-2.97931599430925E-13,1.,0.));
#4361=DIRECTION('ref_axis',(-1.,-2.97931599430925E-13,0.));
#4362=DIRECTION('',(0.,0.,1.));
#4363=DIRECTION('center_axis',(0.,0.,1.));
#4364=DIRECTION('ref_axis',(0.999999999999225,-1.2451360344575E-6,0.));
#4365=DIRECTION('',(0.,0.,1.));
#4366=DIRECTION('center_axis',(1.,-1.19608088743125E-12,0.));
#4367=DIRECTION('ref_axis',(1.19608088743125E-12,1.,0.));
#4368=DIRECTION('',(0.,0.,1.));
#4369=DIRECTION('center_axis',(0.,0.,1.));
#4370=DIRECTION('ref_axis',(-0.999999999996582,2.61474681757114E-6,0.));
#4371=DIRECTION('',(0.,0.,1.));
#4372=DIRECTION('center_axis',(-1.38907446243121E-13,1.,0.));
#4373=DIRECTION('ref_axis',(-1.,-1.38907446243121E-13,0.));
#4374=DIRECTION('',(0.,0.,1.));
#4375=DIRECTION('center_axis',(0.,0.,1.));
#4376=DIRECTION('ref_axis',(0.850265206142216,0.526354518574634,0.));
#4377=DIRECTION('',(0.,0.,1.));
#4378=DIRECTION('center_axis',(0.850265062551766,0.526354750528426,0.));
#4379=DIRECTION('ref_axis',(-0.526354750528426,0.850265062551766,0.));
#4380=DIRECTION('',(0.,0.,1.));
#4381=DIRECTION('center_axis',(0.,0.,1.));
#4382=DIRECTION('ref_axis',(-0.850264967577588,-0.526354903948166,0.));
#4383=DIRECTION('',(0.,0.,1.));
#4384=DIRECTION('center_axis',(0.163906211927261,0.986475926564686,0.));
#4385=DIRECTION('ref_axis',(-0.986475926564686,0.163906211927261,0.));
#4386=DIRECTION('',(0.,0.,1.));
#4387=DIRECTION('center_axis',(0.,0.,1.));
#4388=DIRECTION('ref_axis',(0.50000043888425,0.86602515039435,0.));
#4389=DIRECTION('',(0.,0.,1.));
#4390=DIRECTION('center_axis',(0.499999992898638,0.866025407884412,0.));
#4391=DIRECTION('ref_axis',(-0.866025407884412,0.499999992898638,0.));
#4392=DIRECTION('',(0.,0.,1.));
#4393=DIRECTION('center_axis',(0.,0.,1.));
#4394=DIRECTION('ref_axis',(-0.499792673990997,-0.866145070426963,0.));
#4395=DIRECTION('',(0.,0.,1.));
#4396=DIRECTION('center_axis',(-0.866027223256352,0.49999684856896,0.));
#4397=DIRECTION('ref_axis',(-0.49999684856896,-0.866027223256353,0.));
#4398=DIRECTION('',(0.,0.,1.));
#4399=DIRECTION('center_axis',(0.,0.,1.));
#4400=DIRECTION('ref_axis',(0.866033681774325,-0.499985661826823,0.));
#4401=DIRECTION('',(0.,0.,1.));
#4402=DIRECTION('center_axis',(-0.499998543739304,-0.866026244555311,0.));
#4403=DIRECTION('ref_axis',(0.866026244555311,-0.499998543739304,0.));
#4404=DIRECTION('',(0.,0.,1.));
#4405=DIRECTION('center_axis',(0.,0.,1.));
#4406=DIRECTION('ref_axis',(-0.866013996974728,0.500019756653531,0.));
#4407=DIRECTION('',(0.,0.,1.));
#4408=DIRECTION('center_axis',(-0.866025417704664,0.499999975889462,0.));
#4409=DIRECTION('ref_axis',(-0.499999975889462,-0.866025417704664,0.));
#4410=DIRECTION('',(0.,0.,1.));
#4411=DIRECTION('center_axis',(0.,0.,1.));
#4412=DIRECTION('ref_axis',(0.49998088822253,0.866036437693132,0.));
#4413=DIRECTION('',(0.,0.,1.));
#4414=DIRECTION('center_axis',(0.499999996602122,0.866025405746204,0.));
#4415=DIRECTION('ref_axis',(-0.866025405746204,0.499999996602122,0.));
#4416=DIRECTION('',(0.,0.,1.));
#4417=DIRECTION('center_axis',(0.,0.,1.));
#4418=DIRECTION('ref_axis',(-0.500009942122728,-0.866019663621113,0.));
#4419=DIRECTION('',(0.,0.,1.));
#4420=DIRECTION('center_axis',(-0.86602542776805,0.499999958459165,0.));
#4421=DIRECTION('ref_axis',(-0.499999958459165,-0.86602542776805,0.));
#4422=DIRECTION('',(0.,0.,1.));
#4423=DIRECTION('center_axis',(0.,0.,1.));
#4424=DIRECTION('ref_axis',(0.866053100352449,-0.499952025068318,0.));
#4425=DIRECTION('',(0.,0.,1.));
#4426=DIRECTION('center_axis',(-0.499999861237292,-0.866025483899111,0.));
#4427=DIRECTION('ref_axis',(0.866025483899111,-0.499999861237292,0.));
#4428=DIRECTION('',(0.,0.,1.));
#4429=DIRECTION('center_axis',(0.,0.,1.));
#4430=DIRECTION('ref_axis',(-0.99999999999995,3.16354253896227E-7,0.));
#4431=DIRECTION('center_axis',(-4.32086795283288E-15,-1.,0.));
#4432=DIRECTION('ref_axis',(1.,-4.32086795283288E-15,0.));
#4433=DIRECTION('',(0.,0.,1.));
#4434=DIRECTION('',(0.,0.,-1.));
#4435=DIRECTION('center_axis',(4.32086795283288E-15,1.,0.));
#4436=DIRECTION('ref_axis',(0.,0.,-1.));
#4437=DIRECTION('',(-1.,4.32086795283288E-15,-3.08395284618099E-16));
#4438=DIRECTION('center_axis',(4.32086795283288E-15,1.,0.));
#4439=DIRECTION('ref_axis',(-1.,0.,6.66133814775096E-15));
#4440=DIRECTION('',(0.,0.,1.));
#4441=DIRECTION('',(0.,0.,1.));
#4442=DIRECTION('center_axis',(0.,0.,1.));
#4443=DIRECTION('ref_axis',(-5.33625276568954E-7,0.999999999999858,0.));
#4444=DIRECTION('',(0.,0.,1.));
#4445=DIRECTION('center_axis',(-1.,-7.62058678708737E-15,0.));
#4446=DIRECTION('ref_axis',(7.62058678708737E-15,-1.,0.));
#4447=DIRECTION('',(0.,0.,1.));
#4448=DIRECTION('center_axis',(0.,0.,1.));
#4449=DIRECTION('ref_axis',(-0.499999617874558,-0.866025624404553,0.));
#4450=DIRECTION('',(0.,0.,1.));
#4451=DIRECTION('center_axis',(-0.499999861316053,-0.866025483853638,0.));
#4452=DIRECTION('ref_axis',(0.866025483853638,-0.499999861316053,0.));
#4453=DIRECTION('',(0.,0.,1.));
#4454=DIRECTION('center_axis',(0.,0.,1.));
#4455=DIRECTION('ref_axis',(0.50004469427371,0.865999597995699,0.));
#4456=DIRECTION('',(0.,0.,1.));
#4457=DIRECTION('center_axis',(-0.866025427838813,0.4999999583366,0.));
#4458=DIRECTION('ref_axis',(-0.4999999583366,-0.866025427838813,0.));
#4459=DIRECTION('',(0.,0.,1.));
#4460=DIRECTION('center_axis',(0.,0.,1.));
#4461=DIRECTION('ref_axis',(0.866029062257307,-0.499993663285575,0.));
#4462=DIRECTION('center_axis',(0.,0.,1.));
#4463=DIRECTION('ref_axis',(-0.866009257883479,0.500027964478093,0.));
#4464=DIRECTION('',(0.,0.,1.));
#4465=DIRECTION('center_axis',(-0.866025417702333,0.499999975893499,0.));
#4466=DIRECTION('ref_axis',(-0.499999975893499,-0.866025417702333,0.));
#4467=DIRECTION('',(0.,0.,1.));
#4468=DIRECTION('center_axis',(0.,0.,1.));
#4469=DIRECTION('ref_axis',(-0.499971148370766,-0.866042060639561,0.));
#4470=DIRECTION('',(0.,0.,1.));
#4471=DIRECTION('center_axis',(-0.499998543767662,-0.866026244538939,0.));
#4472=DIRECTION('ref_axis',(0.866026244538939,-0.499998543767662,0.));
#4473=DIRECTION('',(0.,0.,1.));
#4474=DIRECTION('center_axis',(0.,0.,1.));
#4475=DIRECTION('ref_axis',(0.500008019036393,0.866020773942116,0.));
#4476=DIRECTION('',(0.,0.,1.));
#4477=DIRECTION('center_axis',(-0.866027223892443,0.49999684746721,0.));
#4478=DIRECTION('ref_axis',(-0.49999684746721,-0.866027223892443,0.));
#4479=DIRECTION('',(0.,0.,1.));
#4480=DIRECTION('center_axis',(0.,0.,1.));
#4481=DIRECTION('ref_axis',(0.865974307212233,-0.500088491417561,0.));
#4482=DIRECTION('',(0.,0.,1.));
#4483=DIRECTION('center_axis',(0.499999992904994,0.866025407880742,0.));
#4484=DIRECTION('ref_axis',(-0.866025407880742,0.499999992904994,0.));
#4485=DIRECTION('',(0.,0.,1.));
#4486=DIRECTION('center_axis',(0.,0.,1.));
#4487=DIRECTION('ref_axis',(0.163906132109591,0.98647593982665,0.));
#4488=DIRECTION('',(0.,0.,1.));
#4489=DIRECTION('center_axis',(0.163906211927262,0.986475926564686,0.));
#4490=DIRECTION('ref_axis',(-0.986475926564686,0.163906211927262,0.));
#4491=DIRECTION('',(0.,0.,1.));
#4492=DIRECTION('center_axis',(0.,0.,1.));
#4493=DIRECTION('ref_axis',(-0.179762827896125,-0.983709980485503,0.));
#4494=DIRECTION('',(0.,0.,1.));
#4495=DIRECTION('center_axis',(0.850265062551768,0.526354750528422,0.));
#4496=DIRECTION('ref_axis',(-0.526354750528422,0.850265062551768,0.));
#4497=DIRECTION('',(0.,0.,1.));
#4498=DIRECTION('center_axis',(0.,0.,1.));
#4499=DIRECTION('ref_axis',(8.17960117260977E-8,0.999999999999997,0.));
#4500=DIRECTION('',(0.,0.,1.));
#4501=DIRECTION('center_axis',(-1.35442294663448E-13,1.,0.));
#4502=DIRECTION('ref_axis',(-1.,-1.35442294663448E-13,0.));
#4503=DIRECTION('',(0.,0.,1.));
#4504=DIRECTION('center_axis',(0.,0.,1.));
#4505=DIRECTION('ref_axis',(5.33621755572152E-7,-0.999999999999858,0.));
#4506=DIRECTION('',(0.,0.,1.));
#4507=DIRECTION('center_axis',(-1.,0.,0.));
#4508=DIRECTION('ref_axis',(0.,0.,1.));
#4509=DIRECTION('',(0.,0.,-1.));
#4510=DIRECTION('',(0.,1.,0.));
#4511=DIRECTION('center_axis',(0.,1.,0.));
#4512=DIRECTION('ref_axis',(-1.,0.,6.66133814775096E-15));
#4513=DIRECTION('center_axis',(-4.52739273124484E-15,-1.,0.));
#4514=DIRECTION('ref_axis',(-1.,0.,6.66133814775096E-15));
#4515=DIRECTION('',(0.,1.,0.));
#4516=DIRECTION('center_axis',(3.08395284618099E-16,0.,-1.));
#4517=DIRECTION('ref_axis',(-1.,0.,-3.08395284618099E-16));
#4518=DIRECTION('',(1.,-4.52739273124484E-15,3.08395284618099E-16));
#4519=DIRECTION('',(0.,1.,0.));
#4520=DIRECTION('center_axis',(0.,1.,0.));
#4521=DIRECTION('ref_axis',(0.,0.,-1.));
#4522=DIRECTION('center_axis',(-4.52739273124484E-15,-1.,0.));
#4523=DIRECTION('ref_axis',(0.,0.,-1.));
#4524=DIRECTION('',(0.,1.,0.));
#4525=DIRECTION('center_axis',(1.,0.,0.));
#4526=DIRECTION('ref_axis',(0.,0.,-1.));
#4527=DIRECTION('',(0.,0.,1.));
#4528=DIRECTION('center_axis',(0.,0.,1.));
#4529=DIRECTION('ref_axis',(7.47075554587833E-7,-0.999999999999721,0.));
#4530=DIRECTION('',(0.,0.,1.));
#4531=DIRECTION('center_axis',(0.,0.,1.));
#4532=DIRECTION('ref_axis',(-5.33625279741025E-7,0.999999999999858,0.));
#4533=DIRECTION('',(0.,0.,1.));
#4534=DIRECTION('center_axis',(-9.92669981038976E-15,-1.,0.));
#4535=DIRECTION('ref_axis',(1.,-9.92669981038976E-15,0.));
#4536=DIRECTION('',(0.,0.,1.));
#4537=DIRECTION('center_axis',(0.,0.,1.));
#4538=DIRECTION('ref_axis',(7.470755490367E-7,-0.999999999999721,0.));
#4539=DIRECTION('',(0.,0.,1.));
#4540=DIRECTION('center_axis',(-1.,-9.26481390910452E-13,0.));
#4541=DIRECTION('ref_axis',(9.26481390910452E-13,-1.,0.));
#4542=DIRECTION('',(0.,0.,1.));
#4543=DIRECTION('center_axis',(0.,0.,1.));
#4544=DIRECTION('ref_axis',(-5.33625277163825E-7,0.999999999999858,0.));
#4545=DIRECTION('',(0.,0.,1.));
#4546=DIRECTION('center_axis',(-1.34820921973188E-13,-1.,0.));
#4547=DIRECTION('ref_axis',(1.,-1.34820921973188E-13,0.));
#4548=DIRECTION('',(0.,0.,1.));
#4549=DIRECTION('center_axis',(0.,0.,1.));
#4550=DIRECTION('ref_axis',(-0.999999999996443,2.66713888047325E-6,0.));
#4551=DIRECTION('',(0.,0.,1.));
#4552=DIRECTION('center_axis',(0.,0.,1.));
#4553=DIRECTION('ref_axis',(0.999999999996443,-2.66713891297664E-6,0.));
#4554=DIRECTION('',(0.,0.,1.));
#4555=DIRECTION('center_axis',(1.18762145005016E-13,-1.,0.));
#4556=DIRECTION('ref_axis',(1.,1.18762145005016E-13,0.));
#4557=DIRECTION('',(0.,0.,1.));
#4558=DIRECTION('center_axis',(0.,0.,1.));
#4559=DIRECTION('ref_axis',(-0.999999999999858,-5.33625454202832E-7,0.));
#4560=DIRECTION('',(0.,0.,1.));
#4561=DIRECTION('center_axis',(1.,6.03961302835866E-13,0.));
#4562=DIRECTION('ref_axis',(-6.03961302835866E-13,1.,0.));
#4563=DIRECTION('',(0.,0.,1.));
#4564=DIRECTION('center_axis',(0.,0.,1.));
#4565=DIRECTION('ref_axis',(0.999999999999721,7.47075569390842E-7,0.));
#4566=DIRECTION('',(0.,0.,1.));
#4567=DIRECTION('center_axis',(-2.55220685676604E-13,-1.,0.));
#4568=DIRECTION('ref_axis',(1.,-2.55220685676604E-13,0.));
#4569=DIRECTION('',(0.,0.,1.));
#4570=DIRECTION('center_axis',(0.,0.,1.));
#4571=DIRECTION('ref_axis',(-0.999999999999858,-5.33625393933551E-7,0.));
#4572=DIRECTION('',(0.,0.,1.));
#4573=DIRECTION('center_axis',(1.,4.03381022235275E-13,0.));
#4574=DIRECTION('ref_axis',(-4.03381022235275E-13,1.,0.));
#4575=DIRECTION('',(0.,0.,1.));
#4576=DIRECTION('center_axis',(0.,0.,1.));
#4577=DIRECTION('ref_axis',(0.999999999999721,7.47075561989351E-7,0.));
#4578=DIRECTION('',(0.,0.,1.));
#4579=DIRECTION('center_axis',(-2.54959456725041E-13,-1.,0.));
#4580=DIRECTION('ref_axis',(1.,-2.54959456725041E-13,0.));
#4581=DIRECTION('',(0.,0.,1.));
#4582=DIRECTION('center_axis',(0.,0.,1.));
#4583=DIRECTION('ref_axis',(-0.999999999999858,-5.33625324148064E-7,0.));
#4584=DIRECTION('',(0.,0.,1.));
#4585=DIRECTION('center_axis',(1.,5.0410126930655E-15,0.));
#4586=DIRECTION('ref_axis',(-5.0410126930655E-15,1.,0.));
#4587=DIRECTION('',(0.,0.,1.));
#4588=DIRECTION('center_axis',(0.,0.,1.));
#4589=DIRECTION('ref_axis',(5.33621793636961E-7,-0.999999999999858,0.));
#4590=DIRECTION('',(0.,0.,1.));
#4591=DIRECTION('center_axis',(-2.8421708930797E-13,1.,0.));
#4592=DIRECTION('ref_axis',(-1.,-2.8421708930797E-13,0.));
#4593=DIRECTION('',(0.,0.,1.));
#4594=DIRECTION('center_axis',(0.,0.,1.));
#4595=DIRECTION('ref_axis',(-7.47080557999169E-7,0.999999999999721,0.));
#4596=DIRECTION('',(0.,0.,1.));
#4597=DIRECTION('center_axis',(1.,-1.45365215837364E-12,0.));
#4598=DIRECTION('ref_axis',(1.45365215837364E-12,1.,0.));
#4599=DIRECTION('center_axis',(0.,0.,1.));
#4600=DIRECTION('ref_axis',(0.500014462393238,0.866017053756796,0.));
#4601=DIRECTION('center_axis',(0.,0.,-1.));
#4602=DIRECTION('ref_axis',(0.500014462393238,0.866017053756796,0.));
#4603=DIRECTION('',(0.,0.,1.));
#4604=DIRECTION('',(0.,0.,1.));
#4605=DIRECTION('center_axis',(0.866025427880776,-0.499999958263917,0.));
#4606=DIRECTION('ref_axis',(0.499999958263917,0.866025427880776,0.));
#4607=DIRECTION('',(-0.499999958263917,-0.866025427880776,0.));
#4608=DIRECTION('',(0.,0.,1.));
#4609=DIRECTION('center_axis',(0.,0.,1.));
#4610=DIRECTION('ref_axis',(0.866025427880778,-0.499999958263913,0.));
#4611=DIRECTION('center_axis',(0.,0.,-1.));
#4612=DIRECTION('ref_axis',(0.866025427880778,-0.499999958263913,0.));
#4613=DIRECTION('',(0.,0.,1.));
#4614=DIRECTION('center_axis',(-0.499999996603438,-0.866025405745445,0.));
#4615=DIRECTION('ref_axis',(0.866025405745445,-0.499999996603438,0.));
#4616=DIRECTION('',(0.,0.,1.));
#4617=DIRECTION('',(-0.866025405745445,0.499999996603438,0.));
#4618=DIRECTION('center_axis',(0.866025417702333,-0.499999975893499,0.));
#4619=DIRECTION('ref_axis',(0.499999975893499,0.866025417702333,0.));
#4620=DIRECTION('',(-0.499999975893499,-0.866025417702333,0.));
#4621=DIRECTION('center_axis',(0.,0.,1.));
#4622=DIRECTION('ref_axis',(0.499998543767665,0.866026244538937,0.));
#4623=DIRECTION('center_axis',(0.,0.,-1.));
#4624=DIRECTION('ref_axis',(0.499998543767665,0.866026244538937,0.));
#4625=DIRECTION('',(0.,0.,1.));
#4626=DIRECTION('center_axis',(0.866027224763523,-0.499996845958443,0.));
#4627=DIRECTION('ref_axis',(0.499996845958443,0.866027224763523,0.));
#4628=DIRECTION('',(-0.499996845958443,-0.866027224763523,0.));
#4629=DIRECTION('',(0.,0.,1.));
#4630=DIRECTION('center_axis',(0.,0.,1.));
#4631=DIRECTION('ref_axis',(0.866009991091609,-0.500026694616909,0.));
#4632=DIRECTION('center_axis',(0.,0.,-1.));
#4633=DIRECTION('ref_axis',(0.866009991091609,-0.500026694616909,0.));
#4634=DIRECTION('',(0.,0.,1.));
#4635=DIRECTION('center_axis',(-0.499999993059149,-0.866025407791741,0.));
#4636=DIRECTION('ref_axis',(0.866025407791741,-0.499999993059149,0.));
#4637=DIRECTION('',(-0.866025407791741,0.499999993059149,0.));
#4638=DIRECTION('',(0.,0.,1.));
#4639=DIRECTION('center_axis',(0.,0.,1.));
#4640=DIRECTION('ref_axis',(0.16390613210959,0.986475939826651,0.));
#4641=DIRECTION('center_axis',(0.,0.,-1.));
#4642=DIRECTION('ref_axis',(0.16390613210959,0.986475939826651,0.));
#4643=DIRECTION('',(0.,0.,1.));
#4644=DIRECTION('center_axis',(-0.163906211927269,-0.986475926564685,0.));
#4645=DIRECTION('ref_axis',(0.986475926564685,-0.163906211927269,0.));
#4646=DIRECTION('',(-0.986475926564685,0.163906211927269,0.));
#4647=DIRECTION('',(0.,0.,1.));
#4648=DIRECTION('center_axis',(0.,0.,1.));
#4649=DIRECTION('ref_axis',(-0.17662331211212,-0.984278520348049,0.));
#4650=DIRECTION('center_axis',(0.,0.,-1.));
#4651=DIRECTION('ref_axis',(-0.17662331211212,-0.984278520348049,0.));
#4652=DIRECTION('',(0.,0.,1.));
#4653=DIRECTION('center_axis',(-0.850265062551766,-0.526354750528425,0.));
#4654=DIRECTION('ref_axis',(0.526354750528425,-0.850265062551766,0.));
#4655=DIRECTION('',(-0.526354750528425,0.850265062551766,0.));
#4656=DIRECTION('',(0.,0.,1.));
#4657=DIRECTION('center_axis',(0.,0.,1.));
#4658=DIRECTION('ref_axis',(8.17960122520853E-8,0.999999999999997,0.));
#4659=DIRECTION('center_axis',(0.,0.,-1.));
#4660=DIRECTION('ref_axis',(8.17960122520853E-8,0.999999999999997,0.));
#4661=DIRECTION('',(0.,0.,1.));
#4662=DIRECTION('center_axis',(1.35693393478575E-13,-1.,0.));
#4663=DIRECTION('ref_axis',(1.,1.35693393478575E-13,0.));
#4664=DIRECTION('',(-1.,-1.35693393478575E-13,0.));
#4665=DIRECTION('',(0.,0.,1.));
#4666=DIRECTION('center_axis',(0.,0.,1.));
#4667=DIRECTION('ref_axis',(1.69788771489653E-7,-0.999999999999986,0.));
#4668=DIRECTION('center_axis',(0.,0.,-1.));
#4669=DIRECTION('ref_axis',(1.69788771489653E-7,-0.999999999999986,0.));
#4670=DIRECTION('',(0.,0.,1.));
#4671=DIRECTION('center_axis',(-1.,4.44091089862134E-14,0.));
#4672=DIRECTION('ref_axis',(-4.44091089862134E-14,-1.,0.));
#4673=DIRECTION('',(4.44091089862134E-14,1.,0.));
#4674=DIRECTION('',(0.,0.,1.));
#4675=DIRECTION('center_axis',(2.84247511373206E-13,-1.,0.));
#4676=DIRECTION('ref_axis',(1.,2.84247511373206E-13,0.));
#4677=DIRECTION('',(-1.,-2.84247511373206E-13,0.));
#4678=DIRECTION('',(0.,0.,1.));
#4679=DIRECTION('center_axis',(0.,0.,1.));
#4680=DIRECTION('ref_axis',(1.69788884530562E-7,-0.999999999999986,0.));
#4681=DIRECTION('center_axis',(0.,0.,-1.));
#4682=DIRECTION('ref_axis',(1.69788884530562E-7,-0.999999999999986,0.));
#4683=DIRECTION('',(0.,0.,1.));
#4684=DIRECTION('center_axis',(-1.,-2.78455956102992E-14,0.));
#4685=DIRECTION('ref_axis',(2.78455956102992E-14,-1.,0.));
#4686=DIRECTION('',(-2.78455956102992E-14,1.,0.));
#4687=DIRECTION('',(0.,0.,1.));
#4688=DIRECTION('center_axis',(0.,0.,1.));
#4689=DIRECTION('ref_axis',(-0.999999999999986,-1.69789817118061E-7,0.));
#4690=DIRECTION('center_axis',(0.,0.,-1.));
#4691=DIRECTION('ref_axis',(-0.999999999999986,-1.69789817118061E-7,0.));
#4692=DIRECTION('',(0.,0.,1.));
#4693=DIRECTION('center_axis',(1.9801515473216E-13,1.,0.));
#4694=DIRECTION('ref_axis',(-1.,1.9801515473216E-13,0.));
#4695=DIRECTION('',(1.,-1.9801515473216E-13,0.));
#4696=DIRECTION('',(0.,0.,1.));
#4697=DIRECTION('center_axis',(-1.,-4.03381032280576E-13,0.));
#4698=DIRECTION('ref_axis',(4.03381032280576E-13,-1.,0.));
#4699=DIRECTION('',(-4.03381032280576E-13,1.,0.));
#4700=DIRECTION('',(0.,0.,1.));
#4701=DIRECTION('center_axis',(0.,0.,1.));
#4702=DIRECTION('ref_axis',(-0.999999999999986,-1.69790110822566E-7,0.));
#4703=DIRECTION('center_axis',(0.,0.,-1.));
#4704=DIRECTION('ref_axis',(-0.999999999999986,-1.69790110822566E-7,0.));
#4705=DIRECTION('',(0.,0.,1.));
#4706=DIRECTION('center_axis',(1.98319325476764E-13,1.,0.));
#4707=DIRECTION('ref_axis',(-1.,1.98319325476764E-13,0.));
#4708=DIRECTION('',(1.,-1.98319325476764E-13,0.));
#4709=DIRECTION('',(0.,0.,1.));
#4710=DIRECTION('center_axis',(-1.,-6.04278531974885E-13,0.));
#4711=DIRECTION('ref_axis',(6.04278531974885E-13,-1.,0.));
#4712=DIRECTION('',(-6.04278531974885E-13,1.,0.));
#4713=DIRECTION('',(0.,0.,1.));
#4714=DIRECTION('center_axis',(0.,0.,1.));
#4715=DIRECTION('ref_axis',(-0.999999999999986,-1.69790267263109E-7,0.));
#4716=DIRECTION('center_axis',(0.,0.,-1.));
#4717=DIRECTION('ref_axis',(-0.999999999999986,-1.69790267263109E-7,0.));
#4718=DIRECTION('',(0.,0.,1.));
#4719=DIRECTION('center_axis',(-1.71573955740126E-13,1.,0.));
#4720=DIRECTION('ref_axis',(-1.,-1.71573955740126E-13,0.));
#4721=DIRECTION('',(1.,1.71573955740126E-13,0.));
#4722=DIRECTION('',(0.,0.,1.));
#4723=DIRECTION('center_axis',(0.,0.,1.));
#4724=DIRECTION('ref_axis',(-0.668636046616689,0.743589831267752,0.));
#4725=DIRECTION('center_axis',(0.,0.,-1.));
#4726=DIRECTION('ref_axis',(-0.668636046616689,0.743589831267752,0.));
#4727=DIRECTION('',(0.,0.,1.));
#4728=DIRECTION('center_axis',(-4.12205690270407E-13,1.,0.));
#4729=DIRECTION('ref_axis',(-1.,-4.12205690270407E-13,0.));
#4730=DIRECTION('',(1.,4.12205690270407E-13,0.));
#4731=DIRECTION('',(0.,0.,1.));
#4732=DIRECTION('center_axis',(0.,0.,1.));
#4733=DIRECTION('ref_axis',(-1.6978970729448E-7,0.999999999999986,0.));
#4734=DIRECTION('center_axis',(0.,0.,-1.));
#4735=DIRECTION('ref_axis',(-1.6978970729448E-7,0.999999999999986,0.));
#4736=DIRECTION('',(0.,0.,1.));
#4737=DIRECTION('center_axis',(9.58336493363688E-15,1.,0.));
#4738=DIRECTION('ref_axis',(-1.,9.58336493363688E-15,0.));
#4739=DIRECTION('',(1.,-9.58336493363688E-15,0.));
#4740=DIRECTION('',(0.,0.,1.));
#4741=DIRECTION('center_axis',(0.,0.,1.));
#4742=DIRECTION('ref_axis',(-1.69789792895202E-7,0.999999999999986,0.));
#4743=DIRECTION('center_axis',(0.,0.,-1.));
#4744=DIRECTION('ref_axis',(-1.69789792895202E-7,0.999999999999986,0.));
#4745=DIRECTION('',(0.,0.,1.));
#4746=DIRECTION('center_axis',(4.52739273124484E-15,1.,0.));
#4747=DIRECTION('ref_axis',(-1.,4.52739273124484E-15,0.));
#4748=DIRECTION('',(0.,0.,1.));
#4749=DIRECTION('',(1.,-4.52739273124484E-15,0.));
#4750=DIRECTION('center_axis',(0.,0.,1.));
#4751=DIRECTION('ref_axis',(-1.6978979491379E-7,0.999999999999986,0.));
#4752=DIRECTION('center_axis',(0.,0.,-1.));
#4753=DIRECTION('ref_axis',(-1.6978979491379E-7,0.999999999999986,0.));
#4754=DIRECTION('',(0.,0.,1.));
#4755=DIRECTION('center_axis',(1.,2.37084932396246E-14,0.));
#4756=DIRECTION('ref_axis',(-2.37084932396246E-14,1.,0.));
#4757=DIRECTION('',(2.37084932396246E-14,-1.,0.));
#4758=DIRECTION('',(0.,0.,1.));
#4759=DIRECTION('center_axis',(0.,0.,1.));
#4760=DIRECTION('ref_axis',(-0.499999617874558,-0.866025624404553,0.));
#4761=DIRECTION('center_axis',(0.,0.,-1.));
#4762=DIRECTION('ref_axis',(-0.499999617874558,-0.866025624404553,0.));
#4763=DIRECTION('',(0.,0.,1.));
#4764=DIRECTION('center_axis',(0.499999861235035,0.866025483900414,0.));
#4765=DIRECTION('ref_axis',(-0.866025483900414,0.499999861235035,0.));
#4766=DIRECTION('',(0.866025483900414,-0.499999861235035,0.));
#4767=DIRECTION('center_axis',(0.,0.,1.));
#4768=DIRECTION('ref_axis',(1.,0.,0.));
#4769=DIRECTION('center_axis',(0.,0.,-1.));
#4770=DIRECTION('ref_axis',(0.,-1.,0.));
#4771=DIRECTION('center_axis',(0.,0.,-1.));
#4772=DIRECTION('ref_axis',(0.,-1.,0.));
#4773=DIRECTION('center_axis',(0.,0.,-1.));
#4774=DIRECTION('ref_axis',(0.,-1.,0.));
#4775=DIRECTION('center_axis',(0.,0.,-1.));
#4776=DIRECTION('ref_axis',(0.,-1.,0.));
#4777=DIRECTION('center_axis',(0.,0.,-1.));
#4778=DIRECTION('ref_axis',(0.,-1.,0.));
#4779=DIRECTION('center_axis',(0.,0.,-1.));
#4780=DIRECTION('ref_axis',(0.,-1.,0.));
#4781=DIRECTION('',(0.,0.,-1.));
#4782=DIRECTION('center_axis',(0.,0.,-1.));
#4783=DIRECTION('ref_axis',(0.,-1.,0.));
#4784=DIRECTION('',(0.,0.,-1.));
#4785=DIRECTION('center_axis',(0.,0.,-1.));
#4786=DIRECTION('ref_axis',(0.,-1.,0.));
#4787=DIRECTION('',(0.,0.,-1.));
#4788=DIRECTION('center_axis',(0.,0.,-1.));
#4789=DIRECTION('ref_axis',(0.,-1.,0.));
#4790=DIRECTION('',(0.,0.,-1.));
#4791=DIRECTION('center_axis',(0.,0.,-1.));
#4792=DIRECTION('ref_axis',(0.,-1.,0.));
#4793=DIRECTION('',(0.,0.,-1.));
#4794=DIRECTION('',(0.,0.,1.));
#4795=DIRECTION('',(1.,0.,0.));
#4796=CARTESIAN_POINT('',(0.,0.,0.));
#4797=CARTESIAN_POINT('',(0.,0.,0.));
#4798=CARTESIAN_POINT('Origin',(56.6890659431399,-42.4439302976875,14.8));
#4799=CARTESIAN_POINT('',(55.8230396986009,-41.9439317539199,14.8));
#4800=CARTESIAN_POINT('',(57.5550921876788,-42.9439288414552,14.8));
#4801=CARTESIAN_POINT('Origin',(56.6890659431399,-42.4439302976875,14.8));
#4802=CARTESIAN_POINT('',(55.3230411548333,-42.8099579984588,14.8));
#4803=CARTESIAN_POINT('',(55.8230396986009,-41.9439317539199,14.8));
#4804=CARTESIAN_POINT('',(57.0550936439111,-43.8099550859941,14.8));
#4805=CARTESIAN_POINT('Origin',(56.1890673993722,-43.3099565422265,14.8));
#4806=CARTESIAN_POINT('',(57.5550921876788,-42.9439288414552,14.8));
#4807=CARTESIAN_POINT('Origin',(1.38382218128896E-5,-1.70507260044417E-5,
14.8));
#4808=CARTESIAN_POINT('',(59.7397714175315,-45.3599485021985,14.8));
#4809=CARTESIAN_POINT('',(52.3785291008502,-41.1099497730942,14.8));
#4810=CARTESIAN_POINT('',(60.2522122810766,-47.2723795965818,14.8));
#4811=CARTESIAN_POINT('Origin',(59.039752532395,-46.57239085032,14.8));
#4812=CARTESIAN_POINT('',(58.7522085436431,-49.8704841229167,14.8));
#4813=CARTESIAN_POINT('',(60.2522122810766,-47.2723795965818,14.8));
#4814=CARTESIAN_POINT('',(56.8398045044723,-50.3829155771227,14.8));
#4815=CARTESIAN_POINT('Origin',(57.539737344946,-49.17029834651,14.8));
#4816=CARTESIAN_POINT('',(31.130651002839,-35.5397291631506,14.8));
#4817=CARTESIAN_POINT('',(56.8398045044723,-50.3829155771227,14.8));
#4818=CARTESIAN_POINT('',(29.5846195471565,-34.9856563759285,14.8));
#4819=CARTESIAN_POINT('Origin',(28.830652488171,-39.52343878552,14.8));
#4820=CARTESIAN_POINT('',(0.323320640546374,-30.1237955532769,14.8));
#4821=CARTESIAN_POINT('',(29.5846195471565,-34.9856563759285,14.8));
#4822=CARTESIAN_POINT('',(-3.29739399406837,-27.6540759502162,14.8));
#4823=CARTESIAN_POINT('Origin',(1.294040711566,-24.81175727876,14.8));
#4824=CARTESIAN_POINT('',(-7.16377802501621,-21.4083809002092,14.8));
#4825=CARTESIAN_POINT('',(-3.29739399406837,-27.6540759502162,14.8));
#4826=CARTESIAN_POINT('',(-11.0749970327184,-19.229611999994,14.8));
#4827=CARTESIAN_POINT('Origin',(-11.07499740898,-23.82961133633,14.8));
#4828=CARTESIAN_POINT('',(-55.2897159999999,-19.229612,14.8));
#4829=CARTESIAN_POINT('',(-11.0749970327184,-19.229611999994,14.8));
#4830=CARTESIAN_POINT('',(-56.6897159999998,-17.8296117011718,14.8));
#4831=CARTESIAN_POINT('Origin',(-55.28971674707,-17.82961274707,14.8));
#4832=CARTESIAN_POINT('',(-56.6897159999955,-14.8296120000007,14.8));
#4833=CARTESIAN_POINT('',(-56.6897159999998,-17.8296117011718,14.8));
#4834=CARTESIAN_POINT('',(-57.2897157011678,-14.2296119999952,14.8));
#4835=CARTESIAN_POINT('Origin',(-57.28971525292,-14.82961125292,14.8));
#4836=CARTESIAN_POINT('',(-74.2897159999999,-14.229612,14.8));
#4837=CARTESIAN_POINT('',(-57.2897157011678,-14.2296119999952,14.8));
#4838=CARTESIAN_POINT('',(-75.6897159999998,-12.8296117011718,14.8));
#4839=CARTESIAN_POINT('Origin',(-74.28971674707,-12.82961274707,14.8));
#4840=CARTESIAN_POINT('',(-75.689716,24.1703879999999,14.8));
#4841=CARTESIAN_POINT('',(-75.6897159999998,-12.8296117011718,14.8));
#4842=CARTESIAN_POINT('',(-74.2897157011718,25.5703880000048,14.8));
#4843=CARTESIAN_POINT('Origin',(-74.28971674707,24.170388747075,14.8));
#4844=CARTESIAN_POINT('',(-57.289716,25.5703880000005,14.8));
#4845=CARTESIAN_POINT('',(-74.2897157011718,25.5703880000048,14.8));
#4846=CARTESIAN_POINT('',(-56.6897159999952,26.1703877011698,14.8));
#4847=CARTESIAN_POINT('Origin',(-57.28971525292,26.170387252925,14.8));
#4848=CARTESIAN_POINT('',(-56.689716,38.1703879999999,14.8));
#4849=CARTESIAN_POINT('',(-56.6897159999952,26.1703877011698,14.8));
#4850=CARTESIAN_POINT('',(-55.2897157011718,39.5703880000048,14.8));
#4851=CARTESIAN_POINT('Origin',(-55.28971674707,38.170388747075,14.8));
#4852=CARTESIAN_POINT('',(-38.289716,39.5703880000005,14.8));
#4853=CARTESIAN_POINT('',(-55.2897157011718,39.5703880000048,14.8));
#4854=CARTESIAN_POINT('',(-37.6897159999952,40.1703877011698,14.8));
#4855=CARTESIAN_POINT('Origin',(-38.28971525292,40.170387252925,14.8));
#4856=CARTESIAN_POINT('',(-37.689716,48.1703879999998,14.8));
#4857=CARTESIAN_POINT('',(-37.6897159999952,40.1703877011698,14.8));
#4858=CARTESIAN_POINT('',(-36.2897157011718,49.5703880000048,14.8));
#4859=CARTESIAN_POINT('Origin',(-36.28971674707,48.170388747075,14.8));
#4860=CARTESIAN_POINT('',(-18.789716,49.5703880000069,14.8));
#4861=CARTESIAN_POINT('',(-36.2897157011718,49.5703880000048,14.8));
#4862=CARTESIAN_POINT('',(-18.6897159999954,49.6703890668556,14.8));
#4863=CARTESIAN_POINT('Origin',(-18.78971733357,49.670389333573,14.8));
#4864=CARTESIAN_POINT('',(-17.7897170668612,50.5703880000024,14.8));
#4865=CARTESIAN_POINT('Origin',(-17.78971466642,49.670386666427,14.8));
#4866=CARTESIAN_POINT('',(1.71028400000001,50.5703879999997,14.8));
#4867=CARTESIAN_POINT('',(-17.7897170668612,50.5703880000024,14.8));
#4868=CARTESIAN_POINT('',(3.11028399999953,49.1703877011698,14.8));
#4869=CARTESIAN_POINT('Origin',(1.710284747075,49.170388747075,14.8));
#4870=CARTESIAN_POINT('',(3.11028400000046,48.1703880000001,14.8));
#4871=CARTESIAN_POINT('',(3.11028399999953,49.1703877011698,14.8));
#4872=CARTESIAN_POINT('',(3.71028370116978,47.5703880000002,14.8));
#4873=CARTESIAN_POINT('Origin',(3.71028325292501,48.170387252925,14.8));
#4874=CARTESIAN_POINT('',(20.710284,47.570388,14.8));
#4875=CARTESIAN_POINT('',(3.71028370116978,47.5703880000002,14.8));
#4876=CARTESIAN_POINT('',(22.1102840000002,46.1703877011698,14.8));
#4877=CARTESIAN_POINT('Origin',(20.710284747075,46.170388747075,14.8));
#4878=CARTESIAN_POINT('',(22.7102837011698,45.5703880000002,14.8));
#4879=CARTESIAN_POINT('Origin',(22.710283252925,46.170387252925,14.8));
#4880=CARTESIAN_POINT('',(45.3102839999998,45.5703880000001,14.8));
#4881=CARTESIAN_POINT('',(22.7102837011698,45.5703880000002,14.8));
#4882=CARTESIAN_POINT('',(45.3102839999998,48.5703880000001,14.8));
#4883=CARTESIAN_POINT('',(45.3102839999998,22.785185474637,14.8));
#4884=CARTESIAN_POINT('',(24.398102124834,48.5703880000002,14.8));
#4885=CARTESIAN_POINT('',(24.398102124834,48.5703880000002,14.8));
#4886=CARTESIAN_POINT('',(20.710284,50.570388,14.8));
#4887=CARTESIAN_POINT('Origin',(20.710284747075,46.170388747075,14.8));
#4888=CARTESIAN_POINT('',(5.88161493270511,50.5703880000002,14.8));
#4889=CARTESIAN_POINT('',(5.88161493270511,50.5703880000001,14.8));
#4890=CARTESIAN_POINT('',(1.71028400000042,53.5703879999997,14.8));
#4891=CARTESIAN_POINT('Origin',(1.710284747075,49.170388747075,14.8));
#4892=CARTESIAN_POINT('',(-17.7897250683198,53.5703879999917,14.8));
#4893=CARTESIAN_POINT('',(-17.7897250683198,53.5703879999917,14.8));
#4894=CARTESIAN_POINT('',(-20.3973961399038,52.5703880000067,14.8));
#4895=CARTESIAN_POINT('Origin',(-17.78971466642,49.670386666427,14.8));
#4896=CARTESIAN_POINT('',(-36.2897134599601,52.570388000004,14.8));
#4897=CARTESIAN_POINT('',(-36.2897134599601,52.570388000004,14.8));
#4898=CARTESIAN_POINT('',(-40.689716,48.170387999998,14.8));
#4899=CARTESIAN_POINT('Origin',(-36.28971674707,48.170388747075,14.8));
#4900=CARTESIAN_POINT('',(-40.6897159999966,42.5703880000011,14.8));
#4901=CARTESIAN_POINT('',(-40.6897159999966,42.5703880000011,14.8));
#4902=CARTESIAN_POINT('',(-55.28971345996,42.570388000004,14.8));
#4903=CARTESIAN_POINT('',(-55.28971345996,42.570388000004,14.8));
#4904=CARTESIAN_POINT('',(-59.689716,38.1703879999986,14.8));
#4905=CARTESIAN_POINT('Origin',(-55.28971674707,38.170388747075,14.8));
#4906=CARTESIAN_POINT('',(-59.6897159999961,28.5703880000011,14.8));
#4907=CARTESIAN_POINT('',(-59.6897159999961,28.5703880000011,14.8));
#4908=CARTESIAN_POINT('',(-74.2897134599601,28.570388000004,14.8));
#4909=CARTESIAN_POINT('',(-74.2897134599601,28.570388000004,14.8));
#4910=CARTESIAN_POINT('',(-78.689716,24.1703879999999,14.8));
#4911=CARTESIAN_POINT('Origin',(-74.28971674707,24.170388747075,14.8));
#4912=CARTESIAN_POINT('',(-78.689715999999,-12.8296094599601,14.8));
#4913=CARTESIAN_POINT('',(-78.689715999999,-12.8296094599601,14.8));
#4914=CARTESIAN_POINT('',(-74.289715999999,-17.229612,14.8));
#4915=CARTESIAN_POINT('Origin',(-74.28971674707,-12.82961274707,14.8));
#4916=CARTESIAN_POINT('',(-59.689715999999,-17.2296119999958,14.8));
#4917=CARTESIAN_POINT('',(-59.689715999999,-17.2296119999958,14.8));
#4918=CARTESIAN_POINT('',(-59.689715999999,-17.8296094599601,14.8));
#4919=CARTESIAN_POINT('',(-59.689715999999,-17.8296094599601,14.8));
#4920=CARTESIAN_POINT('',(-55.2897159999995,-22.229612,14.8));
#4921=CARTESIAN_POINT('Origin',(-55.28971674707,-17.82961274707,14.8));
#4922=CARTESIAN_POINT('',(-11.0749972781064,-22.229611999994,14.8));
#4923=CARTESIAN_POINT('',(-11.0749972781064,-22.229611999994,14.8));
#4924=CARTESIAN_POINT('',(-9.71457321267179,-22.9874451517947,14.8));
#4925=CARTESIAN_POINT('Origin',(-11.07499740898,-23.82961133633,14.8));
#4926=CARTESIAN_POINT('',(-5.84818894956453,-29.2331405768276,14.8));
#4927=CARTESIAN_POINT('',(-5.84818894956453,-29.2331405768276,14.8));
#4928=CARTESIAN_POINT('',(-0.189595896577899,-33.0797012321101,14.8));
#4929=CARTESIAN_POINT('Origin',(1.294040711566,-24.81175727876,14.8));
#4930=CARTESIAN_POINT('',(29.0929011508277,-37.9450841954084,14.8));
#4931=CARTESIAN_POINT('',(29.0929011508278,-37.9450841954084,14.8));
#4932=CARTESIAN_POINT('',(29.6306510241234,-38.1378053867938,14.8));
#4933=CARTESIAN_POINT('Origin',(28.830652488171,-39.52343878552,14.8));
#4934=CARTESIAN_POINT('',(55.339807555282,-52.9809935559635,14.8));
#4935=CARTESIAN_POINT('',(55.339807555282,-52.9809935559635,14.8));
#4936=CARTESIAN_POINT('',(61.3502884787651,-51.3704776835989,14.8));
#4937=CARTESIAN_POINT('Origin',(57.539737344946,-49.17029834651,14.8));
#4938=CARTESIAN_POINT('',(63.5502854958119,-47.5599390240822,14.8));
#4939=CARTESIAN_POINT('',(63.5502854958119,-47.5599390240822,14.8));
#4940=CARTESIAN_POINT('',(63.1842568148161,-46.1939159335848,14.8));
#4941=CARTESIAN_POINT('Origin',(62.6842582710484,-47.0599421781237,14.8));
#4942=CARTESIAN_POINT('',(53.2249609649841,-40.4439361226168,14.8));
#4943=CARTESIAN_POINT('Origin',(1.38382218128896E-5,-1.70507260044417E-5,
14.8));
#4944=CARTESIAN_POINT('',(53.2249609649841,-40.4439361226168,14.8));
#4945=CARTESIAN_POINT('',(53.2249609649841,-40.4439361226168,14.8));
#4946=CARTESIAN_POINT('',(62.0749602996984,-25.115286642554,14.8));
#4947=CARTESIAN_POINT('',(62.0749602996984,-25.115286642554,14.8));
#4948=CARTESIAN_POINT('',(65.5390622892461,-27.1152868406047,14.8));
#4949=CARTESIAN_POINT('',(72.0342523133865,-30.8652865155143,14.8));
#4950=CARTESIAN_POINT('',(66.0390622858495,-26.2492614348592,14.8));
#4951=CARTESIAN_POINT('',(65.5390622892461,-27.1152868406047,14.8));
#4952=CARTESIAN_POINT('',(62.2285705003346,-24.0492729966737,14.8));
#4953=CARTESIAN_POINT('',(69.5897623182465,-28.2992590358074,14.8));
#4954=CARTESIAN_POINT('',(61.4089231815215,-24.2688967486957,14.8));
#4955=CARTESIAN_POINT('Origin',(61.928565787732,-24.56893492066,14.8));
#4956=CARTESIAN_POINT('',(52.1589228574743,-40.2903683098985,14.8));
#4957=CARTESIAN_POINT('',(61.4089231815215,-24.2688967486957,14.8));
#4958=CARTESIAN_POINT('',(52.3785291008502,-41.1099497730942,14.8));
#4959=CARTESIAN_POINT('Origin',(52.678489456265,-40.59036322263,14.8));
#4960=CARTESIAN_POINT('',(52.3785291008502,-41.1099497730942,14.8));
#4961=CARTESIAN_POINT('Origin',(63.1842568148161,-46.1939159335848,0.));
#4962=CARTESIAN_POINT('',(63.1842568148161,-46.1939159335848,0.));
#4963=CARTESIAN_POINT('',(63.1842568148161,-46.1939159335848,0.));
#4964=CARTESIAN_POINT('',(53.2249609649841,-40.4439361226168,0.));
#4965=CARTESIAN_POINT('',(53.2249609649841,-40.4439361226168,0.));
#4966=CARTESIAN_POINT('',(53.2249609649841,-40.4439361226168,0.));
#4967=CARTESIAN_POINT('Origin',(66.4050876949915,-27.6152868372081,14.8));
#4968=CARTESIAN_POINT('',(67.7711130973404,-27.2492614280661,14.8));
#4969=CARTESIAN_POINT('Origin',(66.9050876915949,-26.7492614314627,14.8));
#4970=CARTESIAN_POINT('',(67.271113100737,-28.1152868338115,14.8));
#4971=CARTESIAN_POINT('Origin',(66.4050876949915,-27.6152868372081,14.8));
#4972=CARTESIAN_POINT('',(67.271113100737,-28.1152868338115,14.8));
#4973=CARTESIAN_POINT('Origin',(69.5897623182465,-28.2992590358074,0.));
#4974=CARTESIAN_POINT('',(69.5897623182465,-28.2992590358074,14.8));
#4975=CARTESIAN_POINT('',(69.5897623182465,-28.2992590358074,14.8));
#4976=CARTESIAN_POINT('',(69.5897623182391,-28.2992590358202,9.2));
#4977=CARTESIAN_POINT('',(69.5897623182465,-28.2992590358074,0.));
#4978=CARTESIAN_POINT('',(62.2285705003346,-24.0492729966737,9.2));
#4979=CARTESIAN_POINT('',(37.3666409310372,-9.69523139727809,9.2));
#4980=CARTESIAN_POINT('',(62.2285705003346,-24.0492729966737,0.));
#4981=CARTESIAN_POINT('Origin',(1.38382218128896E-5,-1.70507260044417E-5,
14.8));
#4982=CARTESIAN_POINT('',(72.0342523133865,-30.8652865155143,14.8));
#4983=CARTESIAN_POINT('',(72.0342523133865,-30.8652865155143,14.8));
#4984=CARTESIAN_POINT('',(73.4002777378707,-30.4992610680328,14.8));
#4985=CARTESIAN_POINT('Origin',(72.53425230999,-29.9992611097689,14.8));
#4986=CARTESIAN_POINT('',(78.1003218661769,-22.3585449339599,14.8));
#4987=CARTESIAN_POINT('',(78.1003218661769,-22.3585449339599,14.8));
#4988=CARTESIAN_POINT('',(76.4897774663744,-16.3481172458005,14.8));
#4989=CARTESIAN_POINT('Origin',(74.289683985518,-20.15864397569,14.8));
#4990=CARTESIAN_POINT('',(64.9102837007735,-9.66269587702452,14.8));
#4991=CARTESIAN_POINT('',(64.9102837007735,-9.66269587702452,14.8));
#4992=CARTESIAN_POINT('',(64.1102840000007,-8.27705499999998,14.8));
#4993=CARTESIAN_POINT('Origin',(65.710282178747,-8.27705645522899,14.8));
#4994=CARTESIAN_POINT('',(64.110283999999,44.1703854599431,14.8));
#4995=CARTESIAN_POINT('',(64.110283999999,44.1703854599431,14.8));
#4996=CARTESIAN_POINT('',(59.710284,48.570388,14.8));
#4997=CARTESIAN_POINT('Origin',(59.710284747075,44.170388747075,14.8));
#4998=CARTESIAN_POINT('',(54.5102839999998,48.570388,14.8));
#4999=CARTESIAN_POINT('',(24.398102124834,48.5703880000002,14.8));
#5000=CARTESIAN_POINT('',(54.5102839999998,45.5703880000001,14.8));
#5001=CARTESIAN_POINT('',(54.5102839999998,22.785185474637,14.8));
#5002=CARTESIAN_POINT('',(59.710284,45.570388,14.8));
#5003=CARTESIAN_POINT('',(22.7102837011698,45.5703880000002,14.8));
#5004=CARTESIAN_POINT('',(61.1102839999998,44.1703877011698,14.8));
#5005=CARTESIAN_POINT('Origin',(59.710284747075,44.170388747075,14.8));
#5006=CARTESIAN_POINT('',(61.1102840000002,-8.27705500000001,14.8));
#5007=CARTESIAN_POINT('',(61.1102839999998,44.1703877011698,14.8));
#5008=CARTESIAN_POINT('',(63.4102848471498,-12.2607727502382,14.8));
#5009=CARTESIAN_POINT('Origin',(65.710282178747,-8.27705645522899,14.8));
#5010=CARTESIAN_POINT('',(74.9897764056319,-18.9461928461784,14.8));
#5011=CARTESIAN_POINT('',(63.4102848471498,-12.2607727502382,14.8));
#5012=CARTESIAN_POINT('',(75.5022071496457,-20.8586116282346,14.8));
#5013=CARTESIAN_POINT('Origin',(74.289683985518,-20.15864397569,14.8));
#5014=CARTESIAN_POINT('',(71.5022011711354,-27.7868259833348,14.8));
#5015=CARTESIAN_POINT('',(75.5022071496457,-20.8586116282346,14.8));
#5016=CARTESIAN_POINT('Origin',(70.28976981631,-27.08684024267,14.8));
#5017=CARTESIAN_POINT('Origin',(16.710284,11.835194,1.8));
#5018=CARTESIAN_POINT('',(16.710284,23.670388,2.8));
#5019=CARTESIAN_POINT('',(15.710284,23.670388,1.8));
#5020=CARTESIAN_POINT('Origin',(16.710284,23.670388,1.8));
#5021=CARTESIAN_POINT('',(15.710284,-8.329612,1.8));
#5022=CARTESIAN_POINT('',(15.710284,11.835194,1.8));
#5023=CARTESIAN_POINT('',(16.710284,-8.329612,2.8));
#5024=CARTESIAN_POINT('Origin',(16.710284,-8.329612,1.8));
#5025=CARTESIAN_POINT('',(16.710284,11.835194,2.8));
#5026=CARTESIAN_POINT('Origin',(14.710284,-8.329612,1.8));
#5027=CARTESIAN_POINT('',(14.710284,-9.329612,1.8));
#5028=CARTESIAN_POINT('',(14.710284,-10.329612,2.8));
#5029=CARTESIAN_POINT('Origin',(14.710284,-10.329612,1.8));
#5030=CARTESIAN_POINT('Origin',(14.710284,-8.329612,2.8));
#5031=CARTESIAN_POINT('Origin',(14.710284,-8.329612,1.8));
#5032=CARTESIAN_POINT('Origin',(7.355142,-10.329612,1.8));
#5033=CARTESIAN_POINT('',(-35.289716,-9.329612,1.8));
#5034=CARTESIAN_POINT('',(-35.289716,-10.329612,2.8));
#5035=CARTESIAN_POINT('Origin',(-35.289716,-10.329612,1.8));
#5036=CARTESIAN_POINT('',(7.355142,-10.329612,2.8));
#5037=CARTESIAN_POINT('',(7.355142,-9.329612,1.8));
#5038=CARTESIAN_POINT('Origin',(-35.289716,-8.329612,1.8));
#5039=CARTESIAN_POINT('',(-36.289716,-8.329612,1.8));
#5040=CARTESIAN_POINT('',(-37.289716,-8.329612,2.8));
#5041=CARTESIAN_POINT('Origin',(-37.289716,-8.329612,1.8));
#5042=CARTESIAN_POINT('Origin',(-35.289716,-8.329612,2.8));
#5043=CARTESIAN_POINT('Origin',(-35.289716,-8.329612,1.8));
#5044=CARTESIAN_POINT('Origin',(-37.289716,-4.164806,1.8));
#5045=CARTESIAN_POINT('',(-36.289716,23.670388,1.8));
#5046=CARTESIAN_POINT('',(-37.289716,23.670388,2.8));
#5047=CARTESIAN_POINT('Origin',(-37.289716,23.670388,1.8));
#5048=CARTESIAN_POINT('',(-37.289716,-4.164806,2.8));
#5049=CARTESIAN_POINT('',(-36.289716,-4.164806,1.8));
#5050=CARTESIAN_POINT('Origin',(-35.289716,23.670388,1.8));
#5051=CARTESIAN_POINT('',(-35.289716,24.670388,1.8));
#5052=CARTESIAN_POINT('',(-35.289716,25.670388,2.8));
#5053=CARTESIAN_POINT('Origin',(-35.289716,25.670388,1.8));
#5054=CARTESIAN_POINT('Origin',(-35.289716,23.670388,2.8));
#5055=CARTESIAN_POINT('Origin',(-35.289716,23.670388,1.8));
#5056=CARTESIAN_POINT('Origin',(-17.644858,25.670388,1.8));
#5057=CARTESIAN_POINT('',(14.710284,24.670388,1.8));
#5058=CARTESIAN_POINT('',(14.710284,25.670388,2.8));
#5059=CARTESIAN_POINT('Origin',(14.710284,25.670388,1.8));
#5060=CARTESIAN_POINT('',(-17.644858,25.670388,2.8));
#5061=CARTESIAN_POINT('',(-17.644858,24.670388,1.8));
#5062=CARTESIAN_POINT('Origin',(14.710284,23.670388,1.8));
#5063=CARTESIAN_POINT('Origin',(14.710284,23.670388,2.8));
#5064=CARTESIAN_POINT('Origin',(14.710284,23.670388,1.8));
#5065=CARTESIAN_POINT('Origin',(-35.289716,-8.329612,2.8));
#5066=CARTESIAN_POINT('',(-35.289716,-9.329612,0.8));
#5067=CARTESIAN_POINT('',(-35.289716,-9.329612,2.8));
#5068=CARTESIAN_POINT('',(-36.289716,-8.329612,0.8));
#5069=CARTESIAN_POINT('Origin',(-35.289716,-8.329612,0.8));
#5070=CARTESIAN_POINT('',(-36.289716,-8.329612,2.8));
#5071=CARTESIAN_POINT('Origin',(14.710284,-9.329612,2.8));
#5072=CARTESIAN_POINT('',(14.710284,-9.329612,0.8));
#5073=CARTESIAN_POINT('',(14.710284,-9.329612,2.8));
#5074=CARTESIAN_POINT('',(-35.289716,-9.329612,0.8));
#5075=CARTESIAN_POINT('Origin',(14.710284,-8.329612,2.8));
#5076=CARTESIAN_POINT('',(15.710284,-8.329612,0.8));
#5077=CARTESIAN_POINT('',(15.710284,-8.329612,2.8));
#5078=CARTESIAN_POINT('Origin',(14.710284,-8.329612,0.8));
#5079=CARTESIAN_POINT('Origin',(15.710284,23.670388,2.8));
#5080=CARTESIAN_POINT('',(15.710284,23.670388,0.8));
#5081=CARTESIAN_POINT('',(15.710284,23.670388,2.8));
#5082=CARTESIAN_POINT('',(15.710284,-8.329612,0.8));
#5083=CARTESIAN_POINT('Origin',(0.,0.,2.8));
#5084=CARTESIAN_POINT('',(60.1102839999999,44.1703877011698,2.8));
#5085=CARTESIAN_POINT('',(59.7102845336253,44.5703880000012,2.8));
#5086=CARTESIAN_POINT('Origin',(59.710284747075,44.170388747075,2.8));
#5087=CARTESIAN_POINT('',(22.7102837011698,44.5703880000001,2.8));
#5088=CARTESIAN_POINT('',(11.3551418505848,44.5703880000002,2.8));
#5089=CARTESIAN_POINT('',(21.1102840000004,46.1703884482453,2.8));
#5090=CARTESIAN_POINT('Origin',(22.710283252925,46.170387252925,2.8));
#5091=CARTESIAN_POINT('',(20.7102845336253,46.5703880000005,2.8));
#5092=CARTESIAN_POINT('Origin',(20.710284747075,46.170388747075,2.8));
#5093=CARTESIAN_POINT('',(3.71028370116977,46.5703880000001,2.8));
#5094=CARTESIAN_POINT('',(1.85514185058444,46.5703880000001,2.8));
#5095=CARTESIAN_POINT('',(2.11028400000123,48.1703892451269,2.8));
#5096=CARTESIAN_POINT('Origin',(3.710283252925,48.170387252925,2.8));
#5097=CARTESIAN_POINT('',(2.11028399999961,49.1703877011689,2.8));
#5098=CARTESIAN_POINT('',(2.1102840000395,24.5851938505862,2.8));
#5099=CARTESIAN_POINT('',(1.71028453362529,49.570388,2.8));
#5100=CARTESIAN_POINT('Origin',(1.710284747075,49.170388747075,2.8));
#5101=CARTESIAN_POINT('',(-17.6942710011781,49.5703880000024,2.8));
#5102=CARTESIAN_POINT('',(-8.84713550058598,49.5703880000013,2.8));
#5103=CARTESIAN_POINT('',(-18.7897147789277,48.570388000001,2.8));
#5104=CARTESIAN_POINT('Origin',(-18.78971733357,49.670389333573,2.8));
#5105=CARTESIAN_POINT('',(-36.2897157011717,48.5703880000049,2.8));
#5106=CARTESIAN_POINT('',(-18.1448578505804,48.5703880000008,2.8));
#5107=CARTESIAN_POINT('',(-36.6897160000002,48.1703885336252,2.8));
#5108=CARTESIAN_POINT('Origin',(-36.28971674707,48.170388747075,2.8));
#5109=CARTESIAN_POINT('',(-36.6897159999951,40.1703877011704,2.8));
#5110=CARTESIAN_POINT('',(-36.6897159999825,20.0851938505736,2.8));
#5111=CARTESIAN_POINT('',(-38.2897172451349,38.5703880000012,2.8));
#5112=CARTESIAN_POINT('Origin',(-38.28971525292,40.170387252925,2.8));
#5113=CARTESIAN_POINT('',(-55.289715701172,38.5703880000049,2.8));
#5114=CARTESIAN_POINT('',(-27.6448578505819,38.570387999999,2.8));
#5115=CARTESIAN_POINT('',(-55.6897160000002,38.1703885336252,2.8));
#5116=CARTESIAN_POINT('Origin',(-55.28971674707,38.170388747075,2.8));
#5117=CARTESIAN_POINT('',(-55.6897159999951,26.1703877011702,2.8));
#5118=CARTESIAN_POINT('',(-55.6897159999897,13.0851938505734,2.8));
#5119=CARTESIAN_POINT('',(-57.289717245135,24.5703880000012,2.8));
#5120=CARTESIAN_POINT('Origin',(-57.28971525292,26.170387252925,2.8));
#5121=CARTESIAN_POINT('',(-74.289715701172,24.5703880000049,2.8));
#5122=CARTESIAN_POINT('',(-37.1448578505834,24.5703879999969,2.8));
#5123=CARTESIAN_POINT('',(-74.6897160000002,24.1703885336253,2.8));
#5124=CARTESIAN_POINT('Origin',(-74.28971674707,24.170388747075,2.8));
#5125=CARTESIAN_POINT('',(-74.6897159999999,-12.8296117011718,2.8));
#5126=CARTESIAN_POINT('',(-74.6897159999999,-6.41480585058621,2.8));
#5127=CARTESIAN_POINT('',(-74.2897165336217,-13.2296120000002,2.8));
#5128=CARTESIAN_POINT('Origin',(-74.28971674707,-12.82961274707,2.8));
#5129=CARTESIAN_POINT('',(-57.2897157011681,-13.2296119999951,2.8));
#5130=CARTESIAN_POINT('',(-28.6448578505821,-13.2296119999866,2.8));
#5131=CARTESIAN_POINT('',(-55.6897159999962,-14.8296132451367,2.8));
#5132=CARTESIAN_POINT('Origin',(-57.28971525292,-14.82961125292,2.8));
#5133=CARTESIAN_POINT('',(-55.6897159999998,-17.8296117011732,2.8));
#5134=CARTESIAN_POINT('',(-55.6897159999892,-8.91480585055331,2.8));
#5135=CARTESIAN_POINT('',(-55.2897165336217,-18.2296120000002,2.8));
#5136=CARTESIAN_POINT('Origin',(-55.28971674707,-17.82961274707,2.8));
#5137=CARTESIAN_POINT('',(-11.0749970327185,-18.229611999994,2.8));
#5138=CARTESIAN_POINT('',(-5.537498516358,-18.2296119999932,2.8));
#5139=CARTESIAN_POINT('',(-6.313512818874,-20.8820263816346,2.8));
#5140=CARTESIAN_POINT('Origin',(-11.07499740898,-23.82961133633,2.8));
#5141=CARTESIAN_POINT('',(-2.44712893151661,-27.1277211996878,2.8));
#5142=CARTESIAN_POINT('',(-8.17852570527021,-17.8693143334969,2.8));
#5143=CARTESIAN_POINT('',(0.49557245315096,-29.1387062756475,2.8));
#5144=CARTESIAN_POINT('Origin',(1.294040711566,-24.81175727876,2.8));
#5145=CARTESIAN_POINT('',(29.7485257590838,-33.9991804493638,2.8));
#5146=CARTESIAN_POINT('',(12.5252078230643,-31.1374696628242,2.8));
#5147=CARTESIAN_POINT('',(31.6306514417232,-34.6737040127562,2.8));
#5148=CARTESIAN_POINT('Origin',(28.830652488171,-39.5234387855201,2.8));
#5149=CARTESIAN_POINT('',(57.3397584218773,-49.5168635672887,2.8));
#5150=CARTESIAN_POINT('',(25.116633470337,-30.9128340546898,2.8));
#5151=CARTESIAN_POINT('',(57.8862077724513,-49.3704414502102,2.8));
#5152=CARTESIAN_POINT('Origin',(57.539737344946,-49.17029834651,2.8));
#5153=CARTESIAN_POINT('',(59.386179269934,-46.7723927732106,2.8));
#5154=CARTESIAN_POINT('',(62.0894779700379,-42.0901027276152,2.8));
#5155=CARTESIAN_POINT('',(59.2397644522306,-46.2259698844915,2.8));
#5156=CARTESIAN_POINT('Origin',(59.039752532395,-46.57239085032,2.8));
#5157=CARTESIAN_POINT('',(51.8785296175325,-41.9759754754168,2.8));
#5158=CARTESIAN_POINT('',(23.335995605261,-25.4969997740588,2.8));
#5159=CARTESIAN_POINT('',(51.2929057457714,-39.7903539477634,2.8));
#5160=CARTESIAN_POINT('Origin',(52.678489456265,-40.59036322263,2.8));
#5161=CARTESIAN_POINT('',(60.5429058435732,-23.7688827784201,2.8));
#5162=CARTESIAN_POINT('',(58.1211572539043,-27.963474648412,2.8));
#5163=CARTESIAN_POINT('',(62.7285566001514,-23.1832395677077,2.8));
#5164=CARTESIAN_POINT('Origin',(61.928565787732,-24.56893492066,2.8));
#5165=CARTESIAN_POINT('',(70.0897712275639,-27.4332387758977,2.8));
#5166=CARTESIAN_POINT('',(37.8666365030551,-8.82920343714026,2.8));
#5167=CARTESIAN_POINT('',(70.6361721088909,-27.2868323200567,2.8));
#5168=CARTESIAN_POINT('Origin',(70.28976981631,-27.08684024267,2.8));
#5169=CARTESIAN_POINT('',(74.6361569211251,-20.3586546282905,2.8));
#5170=CARTESIAN_POINT('',(69.7144166358148,-28.8833598084354,2.8));
#5171=CARTESIAN_POINT('',(74.4897328764163,-19.8121931169636,2.8));
#5172=CARTESIAN_POINT('Origin',(74.289683985518,-20.15864397569,2.8));
#5173=CARTESIAN_POINT('',(62.9102849858338,-13.1267982340918,2.8));
#5174=CARTESIAN_POINT('',(36.4768890919017,2.13452435365798,2.8));
#5175=CARTESIAN_POINT('',(60.1102840000003,-8.27705468364575,2.8));
#5176=CARTESIAN_POINT('Origin',(65.710282178747,-8.277056455229,2.8));
#5177=CARTESIAN_POINT('',(60.1102840000001,22.0851938505851,2.8));
#5178=CARTESIAN_POINT('',(20.710284,27.770388,2.8));
#5179=CARTESIAN_POINT('Origin',(20.710284,26.670388,2.8));
#5180=CARTESIAN_POINT('',(-35.789716,30.770388,2.8));
#5181=CARTESIAN_POINT('Origin',(-35.789716,29.670388,2.8));
#5182=CARTESIAN_POINT('',(41.210284,-14.729612,2.8));
#5183=CARTESIAN_POINT('Origin',(41.210284,-15.829612,2.8));
#5184=CARTESIAN_POINT('',(-54.789716,1.770388,2.8));
#5185=CARTESIAN_POINT('Origin',(-54.789716,0.670388,2.8));
#5186=CARTESIAN_POINT('',(-7.789716,-12.729612,2.8));
#5187=CARTESIAN_POINT('Origin',(-7.789716,-13.829612,2.8));
#5188=CARTESIAN_POINT('Origin',(14.710284,23.670388,2.8));
#5189=CARTESIAN_POINT('',(14.710284,24.670388,0.8));
#5190=CARTESIAN_POINT('',(14.710284,24.670388,2.8));
#5191=CARTESIAN_POINT('Origin',(14.710284,23.670388,0.8));
#5192=CARTESIAN_POINT('Origin',(-35.289716,24.670388,2.8));
#5193=CARTESIAN_POINT('',(-35.289716,24.670388,0.8));
#5194=CARTESIAN_POINT('',(-35.289716,24.670388,2.8));
#5195=CARTESIAN_POINT('',(14.710284,24.670388,0.8));
#5196=CARTESIAN_POINT('Origin',(-35.289716,23.670388,2.8));
#5197=CARTESIAN_POINT('',(-36.289716,23.670388,0.8));
#5198=CARTESIAN_POINT('',(-36.289716,23.670388,2.8));
#5199=CARTESIAN_POINT('Origin',(-35.289716,23.670388,0.8));
#5200=CARTESIAN_POINT('Origin',(-36.289716,-8.329612,2.8));
#5201=CARTESIAN_POINT('',(-36.289716,23.670388,0.8));
#5202=CARTESIAN_POINT('Origin',(-10.289716,7.670388,0.8));
#5203=CARTESIAN_POINT('Origin',(60.1102840000001,6.07038800000001,9.2));
#5204=CARTESIAN_POINT('',(64.1102839999999,6.07038800000001,7.2));
#5205=CARTESIAN_POINT('',(64.1102839999999,6.07038800000001,9.2));
#5206=CARTESIAN_POINT('',(64.1102839999999,6.07038800000001,4.6));
#5207=CARTESIAN_POINT('',(60.1102840000001,6.07038800000001,7.2));
#5208=CARTESIAN_POINT('',(60.1102840000001,6.07038800000001,7.2));
#5209=CARTESIAN_POINT('',(60.1102840000001,6.07038800000001,9.2));
#5210=CARTESIAN_POINT('',(60.1102840000002,6.07038800000001,6.));
#5211=CARTESIAN_POINT('',(61.1102840000001,6.07038800000001,9.2));
#5212=CARTESIAN_POINT('',(30.0551489190979,6.07038800000001,9.2));
#5213=CARTESIAN_POINT('',(60.1102840000001,6.07038800000001,9.2));
#5214=CARTESIAN_POINT('Origin',(60.1102840000001,14.070388,7.2));
#5215=CARTESIAN_POINT('',(64.1102839999997,14.070388,9.2));
#5216=CARTESIAN_POINT('',(64.1102839999997,14.070388,7.2));
#5217=CARTESIAN_POINT('',(64.1102839999997,14.070388,3.6));
#5218=CARTESIAN_POINT('',(61.1102840000001,14.070388,9.2));
#5219=CARTESIAN_POINT('',(60.1102840000001,14.070388,9.2));
#5220=CARTESIAN_POINT('',(60.1102840000001,14.070388,9.2));
#5221=CARTESIAN_POINT('',(30.0551489190979,14.070388,9.2));
#5222=CARTESIAN_POINT('',(60.1102840000001,14.070388,7.2));
#5223=CARTESIAN_POINT('',(60.1102840000001,14.070388,5.));
#5224=CARTESIAN_POINT('',(60.1102840000001,14.070388,7.2));
#5225=CARTESIAN_POINT('Origin',(60.1102840000001,6.07038800000001,7.2));
#5226=CARTESIAN_POINT('',(64.110284,-1.10333349999994,7.2));
#5227=CARTESIAN_POINT('',(60.110284,25.1203878505849,7.2));
#5228=CARTESIAN_POINT('Origin',(60.1102840000001,14.070388,9.2));
#5229=CARTESIAN_POINT('',(61.110284,22.0851853252772,9.2));
#5230=CARTESIAN_POINT('',(64.110284,2.89666650000006,9.2));
#5231=CARTESIAN_POINT('Origin',(1.38381956471534E-5,-1.70506158525541E-5,
9.2));
#5232=CARTESIAN_POINT('',(60.1102840000003,-8.27705468364575,9.2));
#5233=CARTESIAN_POINT('',(60.1102840000003,-8.27705468364575,9.2));
#5234=CARTESIAN_POINT('',(62.9102849858338,-13.1267982340918,9.2));
#5235=CARTESIAN_POINT('Origin',(65.710282178747,-8.277056455229,9.2));
#5236=CARTESIAN_POINT('',(74.4897328764163,-19.8121931169636,9.2));
#5237=CARTESIAN_POINT('',(74.4897328764163,-19.8121931169636,9.2));
#5238=CARTESIAN_POINT('',(74.6361569211251,-20.3586546282904,9.2));
#5239=CARTESIAN_POINT('Origin',(74.289683985518,-20.15864397569,9.2));
#5240=CARTESIAN_POINT('',(70.6361721088909,-27.2868323200567,9.2));
#5241=CARTESIAN_POINT('',(70.6361721088909,-27.2868323200567,9.2));
#5242=CARTESIAN_POINT('',(70.0897712275639,-27.4332387758977,9.2));
#5243=CARTESIAN_POINT('Origin',(70.28976981631,-27.08684024267,9.2));
#5244=CARTESIAN_POINT('',(62.7285566001514,-23.1832395677078,9.2));
#5245=CARTESIAN_POINT('',(62.7285566001514,-23.1832395677077,9.2));
#5246=CARTESIAN_POINT('',(60.5429058435732,-23.7688827784201,9.2));
#5247=CARTESIAN_POINT('Origin',(61.928565787732,-24.56893492066,9.2));
#5248=CARTESIAN_POINT('',(51.2929057457714,-39.7903539477634,9.2));
#5249=CARTESIAN_POINT('',(51.2929057457714,-39.7903539477634,9.2));
#5250=CARTESIAN_POINT('',(51.8785296175325,-41.9759754754168,9.2));
#5251=CARTESIAN_POINT('Origin',(52.678489456265,-40.59036322263,9.2));
#5252=CARTESIAN_POINT('',(59.2397644522306,-46.2259698844915,9.2));
#5253=CARTESIAN_POINT('',(59.2397644522306,-46.2259698844915,9.2));
#5254=CARTESIAN_POINT('',(59.386179269934,-46.7723927732106,9.2));
#5255=CARTESIAN_POINT('Origin',(59.039752532395,-46.57239085032,9.2));
#5256=CARTESIAN_POINT('',(57.8862077724513,-49.3704414502102,9.2));
#5257=CARTESIAN_POINT('',(57.8862077724513,-49.3704414502102,9.2));
#5258=CARTESIAN_POINT('',(57.3397584218773,-49.5168635672887,9.2));
#5259=CARTESIAN_POINT('Origin',(57.539737344946,-49.17029834651,9.2));
#5260=CARTESIAN_POINT('',(31.6306514417232,-34.6737040127562,9.2));
#5261=CARTESIAN_POINT('',(31.6306514417232,-34.6737040127562,9.2));
#5262=CARTESIAN_POINT('',(29.7485257590838,-33.9991804493638,9.2));
#5263=CARTESIAN_POINT('Origin',(28.830652488171,-39.5234387855201,9.2));
#5264=CARTESIAN_POINT('',(0.495572453150963,-29.1387062756475,9.2));
#5265=CARTESIAN_POINT('',(0.49557245315096,-29.1387062756475,9.2));
#5266=CARTESIAN_POINT('',(-2.44712893151661,-27.1277211996878,9.2));
#5267=CARTESIAN_POINT('Origin',(1.294040711566,-24.81175727876,9.2));
#5268=CARTESIAN_POINT('',(-6.313512818874,-20.8820263816346,9.2));
#5269=CARTESIAN_POINT('',(-6.313512818874,-20.8820263816346,9.2));
#5270=CARTESIAN_POINT('',(-11.0749970327185,-18.229611999994,9.2));
#5271=CARTESIAN_POINT('Origin',(-11.07499740898,-23.82961133633,9.2));
#5272=CARTESIAN_POINT('',(-55.2897165336217,-18.2296120000002,9.2));
#5273=CARTESIAN_POINT('',(-55.2897165336217,-18.2296120000002,9.2));
#5274=CARTESIAN_POINT('',(-55.6897159999998,-17.8296117011732,9.2));
#5275=CARTESIAN_POINT('Origin',(-55.28971674707,-17.82961274707,9.2));
#5276=CARTESIAN_POINT('',(-55.6897159999962,-14.8296132451367,9.2));
#5277=CARTESIAN_POINT('',(-55.6897159999962,-14.8296132451367,9.2));
#5278=CARTESIAN_POINT('',(-57.2897157011681,-13.2296119999951,9.2));
#5279=CARTESIAN_POINT('Origin',(-57.28971525292,-14.82961125292,9.2));
#5280=CARTESIAN_POINT('',(-74.2897165336217,-13.2296120000002,9.2));
#5281=CARTESIAN_POINT('',(-74.2897165336217,-13.2296120000002,9.2));
#5282=CARTESIAN_POINT('',(-74.6897159999999,-12.8296117011718,9.2));
#5283=CARTESIAN_POINT('Origin',(-74.28971674707,-12.82961274707,9.2));
#5284=CARTESIAN_POINT('',(-74.6897160000002,24.1703885336253,9.2));
#5285=CARTESIAN_POINT('',(-74.6897160000002,24.1703885336253,9.2));
#5286=CARTESIAN_POINT('',(-74.289715701172,24.5703880000049,9.2));
#5287=CARTESIAN_POINT('Origin',(-74.28971674707,24.170388747075,9.2));
#5288=CARTESIAN_POINT('',(-57.289717245135,24.5703880000012,9.2));
#5289=CARTESIAN_POINT('',(-57.289717245135,24.5703880000012,9.2));
#5290=CARTESIAN_POINT('',(-55.6897159999951,26.1703877011702,9.2));
#5291=CARTESIAN_POINT('Origin',(-57.28971525292,26.170387252925,9.2));
#5292=CARTESIAN_POINT('',(-55.6897160000002,38.1703885336252,9.2));
#5293=CARTESIAN_POINT('',(-55.6897160000002,38.1703885336252,9.2));
#5294=CARTESIAN_POINT('',(-55.289715701172,38.5703880000049,9.2));
#5295=CARTESIAN_POINT('Origin',(-55.28971674707,38.170388747075,9.2));
#5296=CARTESIAN_POINT('',(-38.2897172451349,38.5703880000012,9.2));
#5297=CARTESIAN_POINT('',(-38.2897172451349,38.5703880000012,9.2));
#5298=CARTESIAN_POINT('',(-36.6897159999951,40.1703877011704,9.2));
#5299=CARTESIAN_POINT('Origin',(-38.28971525292,40.170387252925,9.2));
#5300=CARTESIAN_POINT('',(-36.6897160000002,48.1703885336252,9.2));
#5301=CARTESIAN_POINT('',(-36.6897160000002,48.1703885336252,9.2));
#5302=CARTESIAN_POINT('',(-36.2897157011717,48.5703880000049,9.2));
#5303=CARTESIAN_POINT('Origin',(-36.28971674707,48.170388747075,9.2));
#5304=CARTESIAN_POINT('',(-18.7897147789277,48.570388000001,9.2));
#5305=CARTESIAN_POINT('',(-18.7897147789277,48.570388000001,9.2));
#5306=CARTESIAN_POINT('',(-17.6942710011781,49.5703880000024,9.2));
#5307=CARTESIAN_POINT('Origin',(-18.78971733357,49.670389333573,9.2));
#5308=CARTESIAN_POINT('',(1.71028453362529,49.570388,9.2));
#5309=CARTESIAN_POINT('',(1.71028453362529,49.570388,9.2));
#5310=CARTESIAN_POINT('',(2.11028399999961,49.1703877011689,9.2));
#5311=CARTESIAN_POINT('Origin',(1.710284747075,49.170388747075,9.2));
#5312=CARTESIAN_POINT('',(2.11028400000123,48.1703892451269,9.2));
#5313=CARTESIAN_POINT('',(2.11028400000123,48.1703892451269,9.2));
#5314=CARTESIAN_POINT('',(3.71028370116977,46.5703880000001,9.2));
#5315=CARTESIAN_POINT('Origin',(3.710283252925,48.170387252925,9.2));
#5316=CARTESIAN_POINT('',(20.7102845336253,46.5703880000005,9.2));
#5317=CARTESIAN_POINT('',(20.7102845336253,46.5703880000005,9.2));
#5318=CARTESIAN_POINT('',(21.1102840000004,46.1703884482453,9.2));
#5319=CARTESIAN_POINT('Origin',(20.710284747075,46.170388747075,9.2));
#5320=CARTESIAN_POINT('',(22.7102837011698,44.5703880000001,9.2));
#5321=CARTESIAN_POINT('Origin',(22.710283252925,46.170387252925,9.2));
#5322=CARTESIAN_POINT('',(59.7102845336253,44.5703880000012,9.2));
#5323=CARTESIAN_POINT('',(59.7102845336253,44.5703880000002,9.2));
#5324=CARTESIAN_POINT('',(60.1102839999999,44.1703877011698,9.2));
#5325=CARTESIAN_POINT('Origin',(59.710284747075,44.170388747075,9.2));
#5326=CARTESIAN_POINT('',(60.1102840000003,-8.27705468364575,9.2));
#5327=CARTESIAN_POINT('',(61.1102839999999,44.1703877011698,9.2));
#5328=CARTESIAN_POINT('',(61.110284,22.0851853252772,9.2));
#5329=CARTESIAN_POINT('',(59.710284,45.570388,9.2));
#5330=CARTESIAN_POINT('Origin',(59.710284747075,44.170388747075,9.2));
#5331=CARTESIAN_POINT('',(22.7102837011698,45.5703880000002,9.2));
#5332=CARTESIAN_POINT('',(11.3551487696828,45.5703880000002,9.2));
#5333=CARTESIAN_POINT('',(22.1102840000002,46.1703877011698,9.2));
#5334=CARTESIAN_POINT('Origin',(22.710283252925,46.170387252925,9.2));
#5335=CARTESIAN_POINT('',(20.710284,47.570388,9.2));
#5336=CARTESIAN_POINT('Origin',(20.710284747075,46.170388747075,9.2));
#5337=CARTESIAN_POINT('',(3.71028370116978,47.5703880000002,9.2));
#5338=CARTESIAN_POINT('',(1.85514876968295,47.5703880000002,9.2));
#5339=CARTESIAN_POINT('',(3.11028400000046,48.1703880000001,9.2));
#5340=CARTESIAN_POINT('Origin',(3.71028325292501,48.170387252925,9.2));
#5341=CARTESIAN_POINT('',(3.11028399999961,49.1703877011698,9.2));
#5342=CARTESIAN_POINT('',(3.11028400002231,24.5851853252784,9.2));
#5343=CARTESIAN_POINT('',(1.71028400000001,50.5703879999997,9.2));
#5344=CARTESIAN_POINT('Origin',(1.710284747075,49.170388747075,9.2));
#5345=CARTESIAN_POINT('',(-17.7897170668612,50.5703880000024,9.2));
#5346=CARTESIAN_POINT('',(-8.89485161432934,50.5703880000012,9.2));
#5347=CARTESIAN_POINT('',(-18.6897159999954,49.6703890668556,9.2));
#5348=CARTESIAN_POINT('Origin',(-17.78971466642,49.670386666427,9.2));
#5349=CARTESIAN_POINT('',(-18.789716,49.5703880000069,9.2));
#5350=CARTESIAN_POINT('Origin',(-18.78971733357,49.670389333573,9.2));
#5351=CARTESIAN_POINT('',(-36.2897157011718,49.5703880000049,9.2));
#5352=CARTESIAN_POINT('',(-18.144850931491,49.570388000007,9.2));
#5353=CARTESIAN_POINT('',(-37.689716,48.1703879999998,9.2));
#5354=CARTESIAN_POINT('Origin',(-36.28971674707,48.170388747075,9.2));
#5355=CARTESIAN_POINT('',(-37.6897159999952,40.1703877011698,9.2));
#5356=CARTESIAN_POINT('',(-37.689715999983,20.0851853252656,9.2));
#5357=CARTESIAN_POINT('',(-38.289716,39.5703880000005,9.2));
#5358=CARTESIAN_POINT('Origin',(-38.28971525292,40.170387252925,9.2));
#5359=CARTESIAN_POINT('',(-55.2897157011718,39.5703880000049,9.2));
#5360=CARTESIAN_POINT('',(-27.644850931483,39.5703879999977,9.2));
#5361=CARTESIAN_POINT('',(-56.689716,38.1703879999999,9.2));
#5362=CARTESIAN_POINT('Origin',(-55.28971674707,38.170388747075,9.2));
#5363=CARTESIAN_POINT('',(-56.6897159999952,26.1703877011698,9.2));
#5364=CARTESIAN_POINT('',(-56.6897159999899,13.0851853252655,9.2));
#5365=CARTESIAN_POINT('',(-57.289716,25.5703880000005,9.2));
#5366=CARTESIAN_POINT('Origin',(-57.28971525292,26.170387252925,9.2));
#5367=CARTESIAN_POINT('',(-74.2897157011718,25.5703880000049,9.2));
#5368=CARTESIAN_POINT('',(-37.1448509314848,25.5703879999953,9.2));
#5369=CARTESIAN_POINT('',(-75.689716,24.1703879999999,9.2));
#5370=CARTESIAN_POINT('Origin',(-74.28971674707,24.170388747075,9.2));
#5371=CARTESIAN_POINT('',(-75.6897159999999,-12.8296117011718,9.2));
#5372=CARTESIAN_POINT('',(-75.6897159999998,-6.414814375894,9.2));
#5373=CARTESIAN_POINT('',(-74.2897159999999,-14.229612,9.2));
#5374=CARTESIAN_POINT('Origin',(-74.28971674707,-12.82961274707,9.2));
#5375=CARTESIAN_POINT('',(-57.2897157011678,-14.2296119999952,9.2));
#5376=CARTESIAN_POINT('',(-28.644850931484,-14.229611999987,9.2));
#5377=CARTESIAN_POINT('',(-56.6897159999955,-14.8296120000007,9.2));
#5378=CARTESIAN_POINT('Origin',(-57.28971525292,-14.82961125292,9.2));
#5379=CARTESIAN_POINT('',(-56.6897159999998,-17.8296117011718,9.2));
#5380=CARTESIAN_POINT('',(-56.6897159999869,-8.91481437585261,9.2));
#5381=CARTESIAN_POINT('',(-55.2897159999999,-19.229612,9.2));
#5382=CARTESIAN_POINT('Origin',(-55.28971674707,-17.82961274707,9.2));
#5383=CARTESIAN_POINT('',(-11.0749970327184,-19.229611999994,9.2));
#5384=CARTESIAN_POINT('',(-5.53749159726008,-19.2296119999933,9.2));
#5385=CARTESIAN_POINT('',(-7.16377802501621,-21.4083809002092,9.2));
#5386=CARTESIAN_POINT('Origin',(-11.07499740898,-23.82961133633,9.2));
#5387=CARTESIAN_POINT('',(-3.29739399406837,-27.6540759502162,9.2));
#5388=CARTESIAN_POINT('',(-9.02878503546528,-18.3956783439827,9.2));
#5389=CARTESIAN_POINT('',(0.323320640546365,-30.1237955532769,9.2));
#5390=CARTESIAN_POINT('Origin',(1.294040711566,-24.81175727876,9.2));
#5391=CARTESIAN_POINT('',(29.5846195471565,-34.9856563759285,9.2));
#5392=CARTESIAN_POINT('',(12.3613097228046,-32.1239469371691,9.2));
#5393=CARTESIAN_POINT('',(31.130651002839,-35.5397291631506,9.2));
#5394=CARTESIAN_POINT('Origin',(28.830652488171,-39.52343878552,9.2));
#5395=CARTESIAN_POINT('',(56.8398045045812,-50.3829155769341,9.2));
#5396=CARTESIAN_POINT('',(24.616665396109,-31.778877890763,9.2));
#5397=CARTESIAN_POINT('',(58.7522085436431,-49.8704841229167,9.2));
#5398=CARTESIAN_POINT('Origin',(57.539737344946,-49.17029834651,9.2));
#5399=CARTESIAN_POINT('',(60.2522122811056,-47.2723795965985,9.2));
#5400=CARTESIAN_POINT('',(62.9555061435517,-42.5900979163191,9.2));
#5401=CARTESIAN_POINT('',(59.7397714175315,-45.3599485021985,9.2));
#5402=CARTESIAN_POINT('Origin',(59.039752532395,-46.57239085032,9.2));
#5403=CARTESIAN_POINT('',(52.3785291008503,-41.1099497730942,9.2));
#5404=CARTESIAN_POINT('',(23.8360035001385,-24.6309789268875,9.2));
#5405=CARTESIAN_POINT('',(52.1589228574742,-40.2903683098985,9.2));
#5406=CARTESIAN_POINT('Origin',(52.678489456265,-40.59036322263,9.2));
#5407=CARTESIAN_POINT('',(61.4089231815215,-24.2688967486957,9.2));
#5408=CARTESIAN_POINT('',(58.9871766698783,-28.4634850195594,9.2));
#5409=CARTESIAN_POINT('Origin',(61.928565787732,-24.56893492066,9.2));
#5410=CARTESIAN_POINT('',(71.5022011711354,-27.7868259833348,9.2));
#5411=CARTESIAN_POINT('Origin',(70.28976981631,-27.08684024267,9.2));
#5412=CARTESIAN_POINT('',(75.5022071496005,-20.8586116282085,9.2));
#5413=CARTESIAN_POINT('',(70.5804525055477,-29.3833416813183,9.2));
#5414=CARTESIAN_POINT('',(74.9897764056319,-18.9461928461784,9.2));
#5415=CARTESIAN_POINT('Origin',(74.289683985518,-20.15864397569,9.2));
#5416=CARTESIAN_POINT('',(63.4102848471498,-12.2607727502382,9.2));
#5417=CARTESIAN_POINT('',(36.976897836287,3.00054471207643,9.2));
#5418=CARTESIAN_POINT('',(61.1102840000002,-8.277055,9.2));
#5419=CARTESIAN_POINT('Origin',(65.710282178747,-8.27705645522899,9.2));
#5420=CARTESIAN_POINT('',(61.110284,22.0851853252772,9.2));
#5421=CARTESIAN_POINT('Origin',(60.1102839999999,44.1703877011698,2.8));
#5422=CARTESIAN_POINT('',(60.1102839999999,44.1703877011698,2.8));
#5423=CARTESIAN_POINT('',(60.1102840000003,-8.27705468364575,2.8));
#5424=CARTESIAN_POINT('Origin',(59.710284747075,44.170388747075,2.8));
#5425=CARTESIAN_POINT('',(59.7102845336253,44.5703880000012,2.8));
#5426=CARTESIAN_POINT('Origin',(22.7102837011698,44.5703880000002,2.8));
#5427=CARTESIAN_POINT('',(22.7102837011698,44.5703880000001,2.8));
#5428=CARTESIAN_POINT('Origin',(22.710283252925,46.170387252925,2.8));
#5429=CARTESIAN_POINT('',(21.1102840000004,46.1703884482453,2.8));
#5430=CARTESIAN_POINT('Origin',(20.710284747075,46.170388747075,2.8));
#5431=CARTESIAN_POINT('',(20.7102845336253,46.5703880000005,2.8));
#5432=CARTESIAN_POINT('Origin',(3.71028370116977,46.5703880000002,2.8));
#5433=CARTESIAN_POINT('',(3.71028370116977,46.5703880000001,2.8));
#5434=CARTESIAN_POINT('Origin',(3.710283252925,48.170387252925,2.8));
#5435=CARTESIAN_POINT('',(2.11028400000123,48.1703892451269,2.8));
#5436=CARTESIAN_POINT('Origin',(2.11028399999961,49.1703877011689,2.8));
#5437=CARTESIAN_POINT('',(2.11028399999961,49.1703877011689,2.8));
#5438=CARTESIAN_POINT('Origin',(1.710284747075,49.170388747075,2.8));
#5439=CARTESIAN_POINT('',(1.71028453362529,49.570388,2.8));
#5440=CARTESIAN_POINT('Origin',(-17.6942710011781,49.5703880000024,2.8));
#5441=CARTESIAN_POINT('',(-17.6942710011781,49.5703880000024,2.8));
#5442=CARTESIAN_POINT('Origin',(-18.78971733357,49.670389333573,2.8));
#5443=CARTESIAN_POINT('',(-18.7897147789277,48.570388000001,2.8));
#5444=CARTESIAN_POINT('Origin',(-36.2897157011717,48.5703880000049,2.8));
#5445=CARTESIAN_POINT('',(-36.2897157011717,48.5703880000049,2.8));
#5446=CARTESIAN_POINT('Origin',(-36.28971674707,48.170388747075,2.8));
#5447=CARTESIAN_POINT('',(-36.6897160000002,48.1703885336252,2.8));
#5448=CARTESIAN_POINT('Origin',(-36.6897159999952,40.1703877011704,2.8));
#5449=CARTESIAN_POINT('',(-36.6897159999951,40.1703877011704,2.8));
#5450=CARTESIAN_POINT('Origin',(-38.28971525292,40.170387252925,2.8));
#5451=CARTESIAN_POINT('',(-38.2897172451349,38.5703880000012,2.8));
#5452=CARTESIAN_POINT('Origin',(-55.289715701172,38.5703880000049,2.8));
#5453=CARTESIAN_POINT('',(-55.289715701172,38.5703880000049,2.8));
#5454=CARTESIAN_POINT('Origin',(-55.28971674707,38.170388747075,2.8));
#5455=CARTESIAN_POINT('',(-55.6897160000002,38.1703885336252,2.8));
#5456=CARTESIAN_POINT('Origin',(-55.6897159999952,26.1703877011702,2.8));
#5457=CARTESIAN_POINT('',(-55.6897159999951,26.1703877011702,2.8));
#5458=CARTESIAN_POINT('Origin',(-57.28971525292,26.170387252925,2.8));
#5459=CARTESIAN_POINT('',(-57.289717245135,24.5703880000012,2.8));
#5460=CARTESIAN_POINT('Origin',(-74.289715701172,24.5703880000049,2.8));
#5461=CARTESIAN_POINT('',(-74.289715701172,24.5703880000049,2.8));
#5462=CARTESIAN_POINT('Origin',(-74.28971674707,24.170388747075,2.8));
#5463=CARTESIAN_POINT('',(-74.6897160000002,24.1703885336253,2.8));
#5464=CARTESIAN_POINT('Origin',(-74.6897159999999,-12.8296117011718,2.8));
#5465=CARTESIAN_POINT('',(-74.6897159999999,-12.8296117011718,2.8));
#5466=CARTESIAN_POINT('Origin',(-74.28971674707,-12.82961274707,2.8));
#5467=CARTESIAN_POINT('',(-74.2897165336217,-13.2296120000002,2.8));
#5468=CARTESIAN_POINT('Origin',(-57.2897157011681,-13.2296119999952,2.8));
#5469=CARTESIAN_POINT('',(-57.2897157011681,-13.2296119999951,2.8));
#5470=CARTESIAN_POINT('Origin',(-57.28971525292,-14.82961125292,2.8));
#5471=CARTESIAN_POINT('',(-55.6897159999962,-14.8296132451367,2.8));
#5472=CARTESIAN_POINT('Origin',(-55.6897159999998,-17.8296117011732,2.8));
#5473=CARTESIAN_POINT('',(-55.6897159999998,-17.8296117011732,2.8));
#5474=CARTESIAN_POINT('Origin',(-55.28971674707,-17.82961274707,2.8));
#5475=CARTESIAN_POINT('',(-55.2897165336217,-18.2296120000002,2.8));
#5476=CARTESIAN_POINT('Origin',(-11.0749970327185,-18.229611999994,2.8));
#5477=CARTESIAN_POINT('',(-11.0749970327185,-18.229611999994,2.8));
#5478=CARTESIAN_POINT('Origin',(-11.07499740898,-23.82961133633,2.8));
#5479=CARTESIAN_POINT('',(-6.313512818874,-20.8820263816346,2.8));
#5480=CARTESIAN_POINT('Origin',(-2.44712893151661,-27.1277211996878,2.8));
#5481=CARTESIAN_POINT('',(-2.44712893151661,-27.1277211996878,2.8));
#5482=CARTESIAN_POINT('Origin',(1.294040711566,-24.81175727876,2.8));
#5483=CARTESIAN_POINT('',(0.49557245315096,-29.1387062756475,2.8));
#5484=CARTESIAN_POINT('Origin',(29.7485257590838,-33.9991804493638,2.8));
#5485=CARTESIAN_POINT('',(29.7485257590838,-33.9991804493638,2.8));
#5486=CARTESIAN_POINT('Origin',(28.830652488171,-39.5234387855201,2.8));
#5487=CARTESIAN_POINT('',(31.6306514417232,-34.6737040127562,2.8));
#5488=CARTESIAN_POINT('Origin',(57.3397584218773,-49.5168635672887,2.8));
#5489=CARTESIAN_POINT('',(57.3397584218773,-49.5168635672887,2.8));
#5490=CARTESIAN_POINT('Origin',(57.539737344946,-49.17029834651,2.8));
#5491=CARTESIAN_POINT('',(57.8862077724513,-49.3704414502102,2.8));
#5492=CARTESIAN_POINT('Origin',(59.386179269934,-46.7723927732106,2.8));
#5493=CARTESIAN_POINT('',(59.386179269934,-46.7723927732106,2.8));
#5494=CARTESIAN_POINT('Origin',(59.039752532395,-46.57239085032,2.8));
#5495=CARTESIAN_POINT('',(59.2397644522306,-46.2259698844915,2.8));
#5496=CARTESIAN_POINT('Origin',(51.8785296175325,-41.9759754754168,2.8));
#5497=CARTESIAN_POINT('',(51.8785296175325,-41.9759754754168,2.8));
#5498=CARTESIAN_POINT('Origin',(52.678489456265,-40.59036322263,2.8));
#5499=CARTESIAN_POINT('',(51.2929057457714,-39.7903539477634,2.8));
#5500=CARTESIAN_POINT('Origin',(60.5429058435025,-23.7688827783793,2.8));
#5501=CARTESIAN_POINT('',(60.5429058435732,-23.7688827784201,2.8));
#5502=CARTESIAN_POINT('Origin',(61.928565787732,-24.56893492066,2.8));
#5503=CARTESIAN_POINT('',(62.7285566001514,-23.1832395677077,2.8));
#5504=CARTESIAN_POINT('Origin',(70.0897712275639,-27.4332387758977,2.8));
#5505=CARTESIAN_POINT('',(70.0897712275639,-27.4332387758977,2.8));
#5506=CARTESIAN_POINT('Origin',(70.28976981631,-27.08684024267,2.8));
#5507=CARTESIAN_POINT('',(70.6361721088909,-27.2868323200567,2.8));
#5508=CARTESIAN_POINT('Origin',(74.6361569211251,-20.3586546282905,2.8));
#5509=CARTESIAN_POINT('',(74.6361569211251,-20.3586546282905,2.8));
#5510=CARTESIAN_POINT('Origin',(74.289683985518,-20.15864397569,2.8));
#5511=CARTESIAN_POINT('',(74.4897328764163,-19.8121931169636,2.8));
#5512=CARTESIAN_POINT('Origin',(62.9102849858338,-13.1267982340918,2.8));
#5513=CARTESIAN_POINT('',(62.9102849858338,-13.1267982340918,2.8));
#5514=CARTESIAN_POINT('Origin',(65.710282178747,-8.277056455229,2.8));
#5515=CARTESIAN_POINT('Origin',(22.7102837011698,45.5703880000002,0.));
#5516=CARTESIAN_POINT('',(59.710284,45.570388,0.));
#5517=CARTESIAN_POINT('',(54.5102839999998,45.5703880000001,13.));
#5518=CARTESIAN_POINT('',(54.5102839999998,45.570388,7.4));
#5519=CARTESIAN_POINT('',(53.5102839999998,45.5703880000001,12.));
#5520=CARTESIAN_POINT('Origin',(53.5102839999998,45.5703880000002,13.));
#5521=CARTESIAN_POINT('',(46.3102839999998,45.5703880000001,12.));
#5522=CARTESIAN_POINT('',(38.1102838505848,45.5703880000001,12.));
#5523=CARTESIAN_POINT('',(45.3102839999998,45.5703880000001,13.));
#5524=CARTESIAN_POINT('Origin',(46.3102839999998,45.5703880000002,13.));
#5525=CARTESIAN_POINT('',(45.3102839999998,45.5703880000001,6.5));
#5526=CARTESIAN_POINT('',(22.7102837011698,45.5703880000002,0.));
#5527=CARTESIAN_POINT('Origin',(59.710284747075,44.170388747075,0.));
#5528=CARTESIAN_POINT('',(61.1102839999998,44.1703877011698,0.));
#5529=CARTESIAN_POINT('Origin',(61.1102839999998,44.1703877011698,0.));
#5530=CARTESIAN_POINT('',(61.1102840000002,-8.27705500000001,0.));
#5531=CARTESIAN_POINT('Origin',(65.710282178747,-8.27705645522899,0.));
#5532=CARTESIAN_POINT('',(63.4102848471498,-12.2607727502382,0.));
#5533=CARTESIAN_POINT('Origin',(63.4102848471498,-12.2607727502382,0.));
#5534=CARTESIAN_POINT('',(74.9897764056319,-18.9461928461784,0.));
#5535=CARTESIAN_POINT('Origin',(74.289683985518,-20.15864397569,0.));
#5536=CARTESIAN_POINT('',(75.5022071496457,-20.8586116282346,0.));
#5537=CARTESIAN_POINT('Origin',(75.5022071496457,-20.8586116282346,0.));
#5538=CARTESIAN_POINT('',(71.5022011711354,-27.7868259833348,0.));
#5539=CARTESIAN_POINT('Origin',(70.28976981631,-27.08684024267,0.));
#5540=CARTESIAN_POINT('Origin',(61.928565787732,-24.56893492066,0.));
#5541=CARTESIAN_POINT('',(61.4089231815215,-24.2688967486957,0.));
#5542=CARTESIAN_POINT('Origin',(61.4089231815215,-24.2688967486957,0.));
#5543=CARTESIAN_POINT('',(52.1589228574742,-40.2903683098985,0.));
#5544=CARTESIAN_POINT('Origin',(52.678489456265,-40.59036322263,0.));
#5545=CARTESIAN_POINT('',(52.3785291008502,-41.1099497730942,0.));
#5546=CARTESIAN_POINT('Origin',(52.3785291008502,-41.1099497730942,0.));
#5547=CARTESIAN_POINT('',(59.7397714175315,-45.3599485021985,0.));
#5548=CARTESIAN_POINT('Origin',(59.039752532395,-46.57239085032,0.));
#5549=CARTESIAN_POINT('',(60.2522122810766,-47.2723795965818,0.));
#5550=CARTESIAN_POINT('Origin',(60.2522122810766,-47.2723795965818,0.));
#5551=CARTESIAN_POINT('',(58.7522085436431,-49.8704841229167,0.));
#5552=CARTESIAN_POINT('Origin',(57.539737344946,-49.17029834651,0.));
#5553=CARTESIAN_POINT('',(56.8398045044723,-50.3829155771227,0.));
#5554=CARTESIAN_POINT('Origin',(56.8398045044723,-50.3829155771227,0.));
#5555=CARTESIAN_POINT('',(31.130651002839,-35.5397291631506,0.));
#5556=CARTESIAN_POINT('Origin',(28.830652488171,-39.52343878552,0.));
#5557=CARTESIAN_POINT('',(29.5846195471565,-34.9856563759285,0.));
#5558=CARTESIAN_POINT('Origin',(29.5846195471565,-34.9856563759285,0.));
#5559=CARTESIAN_POINT('',(0.32332064054637,-30.1237955532769,0.));
#5560=CARTESIAN_POINT('Origin',(1.294040711566,-24.81175727876,0.));
#5561=CARTESIAN_POINT('',(-3.29739399406837,-27.6540759502162,0.));
#5562=CARTESIAN_POINT('Origin',(-3.29739399406837,-27.6540759502162,0.));
#5563=CARTESIAN_POINT('',(-7.16377802501621,-21.4083809002092,0.));
#5564=CARTESIAN_POINT('Origin',(-11.07499740898,-23.82961133633,0.));
#5565=CARTESIAN_POINT('',(-11.0749970327184,-19.229611999994,0.));
#5566=CARTESIAN_POINT('Origin',(-11.0749970327184,-19.229611999994,0.));
#5567=CARTESIAN_POINT('',(-55.2897159999999,-19.229612,0.));
#5568=CARTESIAN_POINT('Origin',(-55.28971674707,-17.82961274707,0.));
#5569=CARTESIAN_POINT('',(-56.6897159999998,-17.8296117011718,0.));
#5570=CARTESIAN_POINT('Origin',(45.3102839999998,45.5703880000001,13.));
#5571=CARTESIAN_POINT('',(45.3102839999998,48.5703880000001,13.));
#5572=CARTESIAN_POINT('',(45.3102839999998,48.5703880000001,6.5));
#5573=CARTESIAN_POINT('',(45.3102839999998,45.5703880000001,13.));
#5574=CARTESIAN_POINT('Origin',(46.3102839999998,45.5703880000001,13.));
#5575=CARTESIAN_POINT('',(46.3102839999998,48.5703880000001,12.));
#5576=CARTESIAN_POINT('Origin',(46.3102839999998,48.570388,13.));
#5577=CARTESIAN_POINT('',(46.3102839999998,45.5703880000001,12.));
#5578=CARTESIAN_POINT('Origin',(53.5102839999998,45.5703880000001,12.));
#5579=CARTESIAN_POINT('',(53.5102839999998,48.570388,12.));
#5580=CARTESIAN_POINT('',(56.6102839999999,48.570388,12.));
#5581=CARTESIAN_POINT('',(53.5102839999998,45.5703880000001,12.));
#5582=CARTESIAN_POINT('Origin',(53.5102839999998,45.5703880000001,13.));
#5583=CARTESIAN_POINT('',(54.5102839999998,48.570388,13.));
#5584=CARTESIAN_POINT('Origin',(53.5102839999998,48.570388,13.));
#5585=CARTESIAN_POINT('',(54.5102839999998,45.5703880000001,13.));
#5586=CARTESIAN_POINT('Origin',(54.5102839999998,45.5703880000001,14.8));
#5587=CARTESIAN_POINT('',(54.5102839999998,48.570388,7.4));
#5588=CARTESIAN_POINT('Origin',(22.710283252925,46.170387252925,0.));
#5589=CARTESIAN_POINT('',(22.1102840000002,46.1703877011698,0.));
#5590=CARTESIAN_POINT('Origin',(20.710284747075,46.170388747075,0.));
#5591=CARTESIAN_POINT('',(20.710284,47.570388,0.));
#5592=CARTESIAN_POINT('Origin',(3.71028370116978,47.5703880000002,0.));
#5593=CARTESIAN_POINT('',(3.71028370116978,47.5703880000002,0.));
#5594=CARTESIAN_POINT('Origin',(3.71028325292501,48.170387252925,0.));
#5595=CARTESIAN_POINT('',(3.11028400000046,48.1703880000001,0.));
#5596=CARTESIAN_POINT('Origin',(3.11028399999953,49.1703877011698,0.));
#5597=CARTESIAN_POINT('',(3.11028399999953,49.1703877011698,0.));
#5598=CARTESIAN_POINT('Origin',(1.710284747075,49.170388747075,0.));
#5599=CARTESIAN_POINT('',(1.71028400000001,50.5703879999997,0.));
#5600=CARTESIAN_POINT('Origin',(-17.7897170668612,50.5703880000024,0.));
#5601=CARTESIAN_POINT('',(-17.7897170668612,50.5703880000024,0.));
#5602=CARTESIAN_POINT('Origin',(-17.78971466642,49.670386666427,0.));
#5603=CARTESIAN_POINT('',(-18.6897159999954,49.6703890668556,0.));
#5604=CARTESIAN_POINT('Origin',(-18.78971733357,49.670389333573,0.));
#5605=CARTESIAN_POINT('',(-18.789716,49.5703880000069,0.));
#5606=CARTESIAN_POINT('Origin',(-36.2897157011718,49.5703880000048,0.));
#5607=CARTESIAN_POINT('',(-36.2897157011718,49.5703880000048,0.));
#5608=CARTESIAN_POINT('Origin',(-36.28971674707,48.170388747075,0.));
#5609=CARTESIAN_POINT('',(-37.689716,48.1703879999998,0.));
#5610=CARTESIAN_POINT('Origin',(-37.6897159999952,40.1703877011698,0.));
#5611=CARTESIAN_POINT('',(-37.6897159999952,40.1703877011698,0.));
#5612=CARTESIAN_POINT('Origin',(-38.28971525292,40.170387252925,0.));
#5613=CARTESIAN_POINT('',(-38.289716,39.5703880000005,0.));
#5614=CARTESIAN_POINT('Origin',(-55.2897157011718,39.5703880000048,0.));
#5615=CARTESIAN_POINT('',(-55.2897157011718,39.5703880000048,0.));
#5616=CARTESIAN_POINT('Origin',(-55.28971674707,38.170388747075,0.));
#5617=CARTESIAN_POINT('',(-56.689716,38.1703879999999,0.));
#5618=CARTESIAN_POINT('Origin',(-56.6897159999952,26.1703877011698,0.));
#5619=CARTESIAN_POINT('',(-56.6897159999952,26.1703877011698,0.));
#5620=CARTESIAN_POINT('Origin',(-57.28971525292,26.170387252925,0.));
#5621=CARTESIAN_POINT('',(-57.289716,25.5703880000005,0.));
#5622=CARTESIAN_POINT('Origin',(-74.2897157011718,25.5703880000048,0.));
#5623=CARTESIAN_POINT('',(-74.2897157011718,25.5703880000048,0.));
#5624=CARTESIAN_POINT('Origin',(-74.28971674707,24.170388747075,0.));
#5625=CARTESIAN_POINT('',(-75.689716,24.1703879999999,0.));
#5626=CARTESIAN_POINT('Origin',(-75.6897159999998,-12.8296117011718,0.));
#5627=CARTESIAN_POINT('',(-75.6897159999998,-12.8296117011718,0.));
#5628=CARTESIAN_POINT('Origin',(-74.28971674707,-12.82961274707,0.));
#5629=CARTESIAN_POINT('',(-74.2897159999999,-14.229612,0.));
#5630=CARTESIAN_POINT('Origin',(-57.2897157011678,-14.2296119999952,0.));
#5631=CARTESIAN_POINT('',(-57.2897157011678,-14.2296119999952,0.));
#5632=CARTESIAN_POINT('Origin',(-57.28971525292,-14.82961125292,0.));
#5633=CARTESIAN_POINT('',(-56.6897159999955,-14.8296120000007,0.));
#5634=CARTESIAN_POINT('Origin',(-56.6897159999998,-17.8296117011718,0.));
#5635=CARTESIAN_POINT('Origin',(74.289683985518,-20.15864397569,0.));
#5636=CARTESIAN_POINT('',(76.4897774663744,-16.3481172458005,0.));
#5637=CARTESIAN_POINT('',(78.1003218661769,-22.3585449339599,0.));
#5638=CARTESIAN_POINT('Origin',(74.289683985518,-20.15864397569,0.));
#5639=CARTESIAN_POINT('',(76.4897774663744,-16.3481172458005,0.));
#5640=CARTESIAN_POINT('',(78.1003218661769,-22.3585449339599,0.));
#5641=CARTESIAN_POINT('Origin',(73.4002777378707,-30.4992610680328,0.));
#5642=CARTESIAN_POINT('',(73.4002777378707,-30.4992610680328,0.));
#5643=CARTESIAN_POINT('',(78.1003218661769,-22.3585449339599,0.));
#5644=CARTESIAN_POINT('',(73.4002777378707,-30.4992610680328,0.));
#5645=CARTESIAN_POINT('Origin',(72.53425230999,-29.9992611097689,0.));
#5646=CARTESIAN_POINT('',(72.0342523133865,-30.8652865155143,0.));
#5647=CARTESIAN_POINT('Origin',(72.53425230999,-29.9992611097689,0.));
#5648=CARTESIAN_POINT('',(72.0342523133865,-30.8652865155143,0.));
#5649=CARTESIAN_POINT('Origin',(62.0749602996984,-25.115286642554,0.));
#5650=CARTESIAN_POINT('',(62.0749602996984,-25.115286642554,0.));
#5651=CARTESIAN_POINT('',(62.0749602996984,-25.115286642554,0.));
#5652=CARTESIAN_POINT('',(72.0342523133865,-30.8652865155143,0.));
#5653=CARTESIAN_POINT('Origin',(53.2249609649841,-40.4439361226168,0.));
#5654=CARTESIAN_POINT('',(62.0749602996984,-25.115286642554,0.));
#5655=CARTESIAN_POINT('Origin',(62.6842582710484,-47.0599421781237,0.));
#5656=CARTESIAN_POINT('',(63.5502854958119,-47.5599390240822,0.));
#5657=CARTESIAN_POINT('Origin',(62.6842582710484,-47.0599421781237,0.));
#5658=CARTESIAN_POINT('',(63.5502854958119,-47.5599390240822,0.));
#5659=CARTESIAN_POINT('Origin',(61.3502884787651,-51.3704776835989,0.));
#5660=CARTESIAN_POINT('',(61.3502884787651,-51.3704776835989,0.));
#5661=CARTESIAN_POINT('',(63.5502854958119,-47.5599390240822,0.));
#5662=CARTESIAN_POINT('',(61.3502884787651,-51.3704776835989,0.));
#5663=CARTESIAN_POINT('Origin',(57.539737344946,-49.17029834651,0.));
#5664=CARTESIAN_POINT('',(55.339807555282,-52.9809935559635,0.));
#5665=CARTESIAN_POINT('Origin',(57.539737344946,-49.17029834651,0.));
#5666=CARTESIAN_POINT('',(55.339807555282,-52.9809935559635,0.));
#5667=CARTESIAN_POINT('Origin',(29.630651024124,-38.1378053867928,0.));
#5668=CARTESIAN_POINT('',(29.6306510241234,-38.1378053867938,0.));
#5669=CARTESIAN_POINT('',(55.339807555282,-52.9809935559635,0.));
#5670=CARTESIAN_POINT('',(29.6306510241234,-38.1378053867938,0.));
#5671=CARTESIAN_POINT('Origin',(28.830652488171,-39.52343878552,0.));
#5672=CARTESIAN_POINT('',(29.0929011508278,-37.9450841954084,0.));
#5673=CARTESIAN_POINT('Origin',(28.830652488171,-39.52343878552,0.));
#5674=CARTESIAN_POINT('',(29.0929011508278,-37.9450841954084,0.));
#5675=CARTESIAN_POINT('Origin',(-0.189595896577899,-33.0797012321101,0.));
#5676=CARTESIAN_POINT('',(-0.189595896577899,-33.0797012321101,0.));
#5677=CARTESIAN_POINT('',(29.0929011508278,-37.9450841954084,0.));
#5678=CARTESIAN_POINT('',(-0.189595896577899,-33.0797012321101,0.));
#5679=CARTESIAN_POINT('Origin',(1.294040711566,-24.81175727876,0.));
#5680=CARTESIAN_POINT('',(-5.84818894956453,-29.2331405768276,0.));
#5681=CARTESIAN_POINT('Origin',(1.294040711566,-24.81175727876,0.));
#5682=CARTESIAN_POINT('',(-5.84818894956453,-29.2331405768276,0.));
#5683=CARTESIAN_POINT('Origin',(-9.71457321267152,-22.9874451517945,0.));
#5684=CARTESIAN_POINT('',(-9.71457321267179,-22.9874451517947,0.));
#5685=CARTESIAN_POINT('',(-5.84818894956453,-29.2331405768276,0.));
#5686=CARTESIAN_POINT('',(-9.71457321267179,-22.9874451517947,0.));
#5687=CARTESIAN_POINT('Origin',(-11.07499740898,-23.82961133633,0.));
#5688=CARTESIAN_POINT('',(-11.0749972781064,-22.229611999994,0.));
#5689=CARTESIAN_POINT('Origin',(-11.07499740898,-23.82961133633,0.));
#5690=CARTESIAN_POINT('',(-11.0749972781064,-22.229611999994,0.));
#5691=CARTESIAN_POINT('Origin',(-55.2897159999995,-22.229612,0.));
#5692=CARTESIAN_POINT('',(-55.2897159999995,-22.229612,0.));
#5693=CARTESIAN_POINT('',(-11.0749972781064,-22.229611999994,0.));
#5694=CARTESIAN_POINT('',(-55.2897159999995,-22.229612,0.));
#5695=CARTESIAN_POINT('Origin',(-55.28971674707,-17.82961274707,0.));
#5696=CARTESIAN_POINT('',(-59.689715999999,-17.8296094599601,0.));
#5697=CARTESIAN_POINT('Origin',(-55.28971674707,-17.82961274707,0.));
#5698=CARTESIAN_POINT('',(-59.689715999999,-17.8296094599601,0.));
#5699=CARTESIAN_POINT('Origin',(-59.689715999999,-17.2296119999958,0.));
#5700=CARTESIAN_POINT('',(-59.689715999999,-17.2296119999958,0.));
#5701=CARTESIAN_POINT('',(-59.689715999999,-17.8296094599601,0.));
#5702=CARTESIAN_POINT('',(-59.689715999999,-17.2296119999958,0.));
#5703=CARTESIAN_POINT('Origin',(-74.289715999999,-17.229612,0.));
#5704=CARTESIAN_POINT('',(-74.289715999999,-17.229612,0.));
#5705=CARTESIAN_POINT('',(-59.689715999999,-17.2296119999958,0.));
#5706=CARTESIAN_POINT('',(-74.289715999999,-17.229612,0.));
#5707=CARTESIAN_POINT('Origin',(-74.28971674707,-12.82961274707,0.));
#5708=CARTESIAN_POINT('',(-78.689715999999,-12.8296094599601,0.));
#5709=CARTESIAN_POINT('Origin',(-74.28971674707,-12.82961274707,0.));
#5710=CARTESIAN_POINT('',(-78.689715999999,-12.8296094599601,0.));
#5711=CARTESIAN_POINT('Origin',(-78.689716,24.1703879999999,0.));
#5712=CARTESIAN_POINT('',(-78.689716,24.1703879999999,0.));
#5713=CARTESIAN_POINT('',(-78.689715999999,-12.8296094599601,0.));
#5714=CARTESIAN_POINT('',(-78.689716,24.1703879999999,0.));
#5715=CARTESIAN_POINT('Origin',(-74.28971674707,24.170388747075,0.));
#5716=CARTESIAN_POINT('',(-74.2897134599601,28.570388000004,0.));
#5717=CARTESIAN_POINT('Origin',(-74.28971674707,24.170388747075,0.));
#5718=CARTESIAN_POINT('',(-74.2897134599601,28.570388000004,0.));
#5719=CARTESIAN_POINT('Origin',(-59.6897159999961,28.5703880000011,0.));
#5720=CARTESIAN_POINT('',(-59.6897159999961,28.5703880000011,0.));
#5721=CARTESIAN_POINT('',(-74.2897134599601,28.570388000004,0.));
#5722=CARTESIAN_POINT('',(-59.6897159999961,28.5703880000011,0.));
#5723=CARTESIAN_POINT('Origin',(-59.689716,38.1703879999986,0.));
#5724=CARTESIAN_POINT('',(-59.689716,38.1703879999986,0.));
#5725=CARTESIAN_POINT('',(-59.6897159999961,28.5703880000011,0.));
#5726=CARTESIAN_POINT('',(-59.689716,38.1703879999986,0.));
#5727=CARTESIAN_POINT('Origin',(-55.28971674707,38.170388747075,0.));
#5728=CARTESIAN_POINT('',(-55.28971345996,42.570388000004,0.));
#5729=CARTESIAN_POINT('Origin',(-55.28971674707,38.170388747075,0.));
#5730=CARTESIAN_POINT('',(-55.28971345996,42.570388000004,0.));
#5731=CARTESIAN_POINT('Origin',(-40.6897159999966,42.5703880000011,0.));
#5732=CARTESIAN_POINT('',(-40.6897159999966,42.5703880000011,0.));
#5733=CARTESIAN_POINT('',(-55.28971345996,42.570388000004,0.));
#5734=CARTESIAN_POINT('',(-40.6897159999966,42.5703880000011,0.));
#5735=CARTESIAN_POINT('Origin',(-40.689716,48.170387999998,0.));
#5736=CARTESIAN_POINT('',(-40.689716,48.170387999998,0.));
#5737=CARTESIAN_POINT('',(-40.6897159999966,42.5703880000011,0.));
#5738=CARTESIAN_POINT('',(-40.689716,48.170387999998,0.));
#5739=CARTESIAN_POINT('Origin',(-36.28971674707,48.170388747075,0.));
#5740=CARTESIAN_POINT('',(-36.2897134599601,52.570388000004,0.));
#5741=CARTESIAN_POINT('Origin',(-36.28971674707,48.170388747075,0.));
#5742=CARTESIAN_POINT('',(-36.2897134599601,52.570388000004,0.));
#5743=CARTESIAN_POINT('Origin',(-20.3973961399038,52.5703880000067,0.));
#5744=CARTESIAN_POINT('',(-20.3973961399038,52.5703880000067,0.));
#5745=CARTESIAN_POINT('',(-36.2897134599601,52.570388000004,0.));
#5746=CARTESIAN_POINT('',(-20.3973961399038,52.5703880000067,0.));
#5747=CARTESIAN_POINT('Origin',(-17.78971466642,49.670386666427,0.));
#5748=CARTESIAN_POINT('',(-17.7897250683198,53.5703879999917,0.));
#5749=CARTESIAN_POINT('Origin',(-17.78971466642,49.670386666427,0.));
#5750=CARTESIAN_POINT('',(-17.7897250683198,53.5703879999917,0.));
#5751=CARTESIAN_POINT('Origin',(1.71028400000041,53.5703879999997,0.));
#5752=CARTESIAN_POINT('',(1.71028400000041,53.5703879999997,0.));
#5753=CARTESIAN_POINT('',(-17.7897250683198,53.5703879999917,0.));
#5754=CARTESIAN_POINT('',(1.71028400000041,53.5703879999997,0.));
#5755=CARTESIAN_POINT('Origin',(1.710284747075,49.170388747075,0.));
#5756=CARTESIAN_POINT('',(5.88161493270511,50.5703880000001,0.));
#5757=CARTESIAN_POINT('Origin',(1.710284747075,49.170388747075,0.));
#5758=CARTESIAN_POINT('',(5.88161493270511,50.5703880000001,0.));
#5759=CARTESIAN_POINT('Origin',(20.710284,50.570388,0.));
#5760=CARTESIAN_POINT('',(20.710284,50.570388,0.));
#5761=CARTESIAN_POINT('',(5.88161493270511,50.5703880000001,0.));
#5762=CARTESIAN_POINT('',(20.710284,50.570388,0.));
#5763=CARTESIAN_POINT('Origin',(20.710284747075,46.170388747075,0.));
#5764=CARTESIAN_POINT('',(24.398102124834,48.5703880000002,0.));
#5765=CARTESIAN_POINT('Origin',(20.710284747075,46.170388747075,0.));
#5766=CARTESIAN_POINT('',(24.398102124834,48.5703880000002,0.));
#5767=CARTESIAN_POINT('Origin',(59.710284,48.570388,0.));
#5768=CARTESIAN_POINT('',(59.710284,48.570388,0.));
#5769=CARTESIAN_POINT('',(59.710284,48.570388,0.));
#5770=CARTESIAN_POINT('',(24.398102124834,48.5703880000002,0.));
#5771=CARTESIAN_POINT('Origin',(59.710284747075,44.170388747075,0.));
#5772=CARTESIAN_POINT('',(64.110283999999,44.1703854599431,0.));
#5773=CARTESIAN_POINT('Origin',(59.710284747075,44.170388747075,0.));
#5774=CARTESIAN_POINT('',(64.110283999999,44.1703854599431,0.));
#5775=CARTESIAN_POINT('Origin',(64.1102840000002,-8.27705499999998,0.));
#5776=CARTESIAN_POINT('',(64.1102840000007,-8.27705499999998,0.));
#5777=CARTESIAN_POINT('',(64.110283999999,44.1703854599431,0.));
#5778=CARTESIAN_POINT('',(64.1102840000007,-8.27705499999998,0.));
#5779=CARTESIAN_POINT('Origin',(65.710282178747,-8.27705645522899,0.));
#5780=CARTESIAN_POINT('',(64.9102837007735,-9.66269587702452,0.));
#5781=CARTESIAN_POINT('Origin',(65.710282178747,-8.27705645522899,0.));
#5782=CARTESIAN_POINT('',(64.9102837007735,-9.66269587702452,0.));
#5783=CARTESIAN_POINT('Origin',(76.4897774663744,-16.3481172458005,0.));
#5784=CARTESIAN_POINT('',(64.9102837007735,-9.66269587702452,0.));
#5785=CARTESIAN_POINT('Origin',(0.,0.,0.));
#5786=CARTESIAN_POINT('',(-7.789716,-12.729612,0.));
#5787=CARTESIAN_POINT('Origin',(-7.789716,-13.829612,0.));
#5788=CARTESIAN_POINT('',(-54.789716,1.770388,0.));
#5789=CARTESIAN_POINT('Origin',(-54.789716,0.670388,0.));
#5790=CARTESIAN_POINT('',(41.210284,-14.729612,0.));
#5791=CARTESIAN_POINT('Origin',(41.210284,-15.829612,0.));
#5792=CARTESIAN_POINT('',(-35.789716,30.770388,0.));
#5793=CARTESIAN_POINT('Origin',(-35.789716,29.670388,0.));
#5794=CARTESIAN_POINT('',(20.710284,27.770388,0.));
#5795=CARTESIAN_POINT('Origin',(20.710284,26.670388,0.));
#5796=CARTESIAN_POINT('Origin',(-7.789716,-13.829612,-0.046));
#5797=CARTESIAN_POINT('',(-7.789716,-12.729612,-0.046));
#5798=CARTESIAN_POINT('Origin',(-54.789716,0.670388,-0.046));
#5799=CARTESIAN_POINT('',(-54.789716,1.770388,-0.046));
#5800=CARTESIAN_POINT('Origin',(41.210284,-15.829612,-0.046));
#5801=CARTESIAN_POINT('',(41.210284,-14.729612,-0.046));
#5802=CARTESIAN_POINT('Origin',(-35.789716,29.670388,-0.046));
#5803=CARTESIAN_POINT('',(-35.789716,30.770388,-0.046));
#5804=CARTESIAN_POINT('Origin',(20.710284,26.670388,-0.046));
#5805=CARTESIAN_POINT('',(20.710284,27.770388,-0.046));
#5806=CARTESIAN_POINT('',(0.,0.,0.));
#5807=UNCERTAINTY_MEASURE_WITH_UNIT(LENGTH_MEASURE(0.01),#5813,
'DISTANCE_ACCURACY_VALUE',
'Maximum model space distance between geometric entities at asserted c
onnectivities');
#5808=UNCERTAINTY_MEASURE_WITH_UNIT(LENGTH_MEASURE(0.01),#5813,
'DISTANCE_ACCURACY_VALUE',
'Maximum model space distance between geometric entities at asserted c
onnectivities');
#5809=UNCERTAINTY_MEASURE_WITH_UNIT(LENGTH_MEASURE(0.01),#5813,
'DISTANCE_ACCURACY_VALUE',
'Maximum model space distance between geometric entities at asserted c
onnectivities');
#5810=(
GEOMETRIC_REPRESENTATION_CONTEXT(3)
GLOBAL_UNCERTAINTY_ASSIGNED_CONTEXT((#5807))
GLOBAL_UNIT_ASSIGNED_CONTEXT((#5813,#5815,#5816))
REPRESENTATION_CONTEXT('','3D')
);
#5811=(
GEOMETRIC_REPRESENTATION_CONTEXT(3)
GLOBAL_UNCERTAINTY_ASSIGNED_CONTEXT((#5808))
GLOBAL_UNIT_ASSIGNED_CONTEXT((#5813,#5815,#5816))
REPRESENTATION_CONTEXT('','3D')
);
#5812=(
GEOMETRIC_REPRESENTATION_CONTEXT(3)
GLOBAL_UNCERTAINTY_ASSIGNED_CONTEXT((#5809))
GLOBAL_UNIT_ASSIGNED_CONTEXT((#5813,#5815,#5816))
REPRESENTATION_CONTEXT('','3D')
);
#5813=(
LENGTH_UNIT()
NAMED_UNIT(*)
SI_UNIT(.MILLI.,.METRE.)
);
#5814=(
LENGTH_UNIT()
NAMED_UNIT(*)
SI_UNIT($,.METRE.)
);
#5815=(
NAMED_UNIT(*)
PLANE_ANGLE_UNIT()
SI_UNIT($,.RADIAN.)
);
#5816=(
NAMED_UNIT(*)
SI_UNIT($,.STERADIAN.)
SOLID_ANGLE_UNIT()
);
#5817=SHAPE_DEFINITION_REPRESENTATION(#5819,#5822);
#5818=SHAPE_DEFINITION_REPRESENTATION(#5820,#5823);
#5819=PRODUCT_DEFINITION_SHAPE('',$,#5825);
#5820=PRODUCT_DEFINITION_SHAPE('',$,#5826);
#5821=PRODUCT_DEFINITION_SHAPE($,$,#14);
#5822=SHAPE_REPRESENTATION('',(#3425,#3770),#5810);
#5823=SHAPE_REPRESENTATION('',(#3426),#5811);
#5824=PRODUCT_DEFINITION_CONTEXT('part definition',#5832,'design');
#5825=PRODUCT_DEFINITION('reel_left_bottom 1','reel_left_bottom',#5827,
#5824);
#5826=PRODUCT_DEFINITION('reel_left_bottom_PCB','reel_left_bottom_PCB',
#5828,#5824);
#5827=PRODUCT_DEFINITION_FORMATION('',$,#5834);
#5828=PRODUCT_DEFINITION_FORMATION('',$,#5835);
#5829=PRODUCT_RELATED_PRODUCT_CATEGORY('reel_left_bottom',
'reel_left_bottom',(#5834));
#5830=PRODUCT_RELATED_PRODUCT_CATEGORY('reel_left_bottom_PCB',
'reel_left_bottom_PCB',(#5835));
#5831=APPLICATION_PROTOCOL_DEFINITION('international standard',
'automotive_design',2009,#5832);
#5832=APPLICATION_CONTEXT(
'Core Data for Automotive Mechanical Design Process');
#5833=PRODUCT_CONTEXT('part definition',#5832,'mechanical');
#5834=PRODUCT('reel_left_bottom 1','reel_left_bottom',
'KiCad electronic assembly',(#5833));
#5835=PRODUCT('reel_left_bottom_PCB','reel_left_bottom_PCB',$,(#5833));
#5836=PRESENTATION_STYLE_ASSIGNMENT((#5838));
#5837=PRESENTATION_STYLE_ASSIGNMENT((#5839));
#5838=SURFACE_STYLE_USAGE(.BOTH.,#5840);
#5839=SURFACE_STYLE_USAGE(.BOTH.,#5841);
#5840=SURFACE_SIDE_STYLE('',(#5842));
#5841=SURFACE_SIDE_STYLE('',(#5843));
#5842=SURFACE_STYLE_FILL_AREA(#5844);
#5843=SURFACE_STYLE_FILL_AREA(#5845);
#5844=FILL_AREA_STYLE('\X2\92FC\X0\ - \X2\30B530C630F3\X0\',(#5846));
#5845=FILL_AREA_STYLE('Opaque(80,124,105)',(#5847));
#5846=FILL_AREA_STYLE_COLOUR('\X2\92FC\X0\ - \X2\30B530C630F3\X0\',#5848);
#5847=FILL_AREA_STYLE_COLOUR('Opaque(80,124,105)',#5849);
#5848=COLOUR_RGB('\X2\92FC\X0\ - \X2\30B530C630F3\X0\',0.627450980392157,
0.627450980392157,0.627450980392157);
#5849=COLOUR_RGB('Opaque(80,124,105)',0.313725490196078,0.486274509803922,
0.411764705882353);
ENDSEC;
END-ISO-10303-21;
