ISO-10303-21;
HEADER;
/* Generated by software containing ST-Developer
 * from STEP Tools, Inc. (www.steptools.com) 
 */

FILE_DESCRIPTION(
/* description */ ('KiCad electronic assembly'),
/* implementation_level */ '2;1');

FILE_NAME(
/* name */ 'reel_left_top.step',
/* time_stamp */ '2026-07-31T10:34:09+09:00',
/* author */ (''),
/* organization */ (''),
/* preprocessor_version */ 'ST-DEVELOPER v20.1',
/* originating_system */ 'Autodesk Translation Framework v15.8.0.0',
/* authorisation */ '');

FILE_SCHEMA (('AUTOMOTIVE_DESIGN { 1 0 10303 214 3 1 1 }'));
ENDSEC;

DATA;
#10=MECHANICAL_DESIGN_GEOMETRIC_PRESENTATION_REPRESENTATION('',(#17),#7274);
#11=ITEM_DEFINED_TRANSFORMATION($,$,#4318,#4742);
#12=(
REPRESENTATION_RELATIONSHIP($,$,#7285,#7284)
REPRESENTATION_RELATIONSHIP_WITH_TRANSFORMATION(#11)
SHAPE_REPRESENTATION_RELATIONSHIP()
);
#13=CONTEXT_DEPENDENT_SHAPE_REPRESENTATION(#12,#7283);
#14=NEXT_ASSEMBLY_USAGE_OCCURRENCE('reel_left_top_PCB:1',
'reel_left_top_PCB:1','reel_left_top_PCB:1',#7287,#7288,
'reel_left_top_PCB:1');
#15=SHAPE_REPRESENTATION_RELATIONSHIP('SRR','None',#7285,#16);
#16=ADVANCED_BREP_SHAPE_REPRESENTATION('',(#18),#7273);
#17=STYLED_ITEM('',(#7299),#18);
#18=MANIFOLD_SOLID_BREP('\X2\30DC30C730A3\X0\1',#4304);
#19=FACE_BOUND('',#391,.T.);
#20=FACE_BOUND('',#392,.T.);
#21=FACE_BOUND('',#393,.T.);
#22=FACE_BOUND('',#394,.T.);
#23=FACE_BOUND('',#395,.T.);
#24=FACE_BOUND('',#396,.T.);
#25=FACE_BOUND('',#397,.T.);
#26=FACE_BOUND('',#398,.T.);
#27=FACE_BOUND('',#399,.T.);
#28=FACE_BOUND('',#400,.T.);
#29=FACE_BOUND('',#401,.T.);
#30=FACE_BOUND('',#402,.T.);
#31=FACE_BOUND('',#403,.T.);
#32=FACE_BOUND('',#404,.T.);
#33=FACE_BOUND('',#405,.T.);
#34=FACE_BOUND('',#406,.T.);
#35=FACE_BOUND('',#407,.T.);
#36=FACE_BOUND('',#408,.T.);
#37=FACE_BOUND('',#409,.T.);
#38=FACE_BOUND('',#410,.T.);
#39=FACE_BOUND('',#411,.T.);
#40=FACE_BOUND('',#412,.T.);
#41=FACE_BOUND('',#413,.T.);
#42=FACE_BOUND('',#414,.T.);
#43=FACE_BOUND('',#415,.T.);
#44=FACE_BOUND('',#417,.T.);
#45=FACE_BOUND('',#418,.T.);
#46=FACE_BOUND('',#419,.T.);
#47=FACE_BOUND('',#420,.T.);
#48=FACE_BOUND('',#421,.T.);
#49=FACE_BOUND('',#422,.T.);
#50=FACE_BOUND('',#423,.T.);
#51=FACE_BOUND('',#424,.T.);
#52=FACE_BOUND('',#425,.T.);
#53=FACE_BOUND('',#426,.T.);
#54=FACE_BOUND('',#427,.T.);
#55=FACE_BOUND('',#428,.T.);
#56=FACE_BOUND('',#429,.T.);
#57=FACE_BOUND('',#430,.T.);
#58=FACE_BOUND('',#431,.T.);
#59=FACE_BOUND('',#432,.T.);
#60=FACE_BOUND('',#433,.T.);
#61=FACE_BOUND('',#434,.T.);
#62=FACE_BOUND('',#435,.T.);
#63=FACE_BOUND('',#436,.T.);
#64=FACE_BOUND('',#437,.T.);
#65=FACE_BOUND('',#438,.T.);
#66=FACE_BOUND('',#439,.T.);
#67=FACE_BOUND('',#440,.T.);
#68=FACE_BOUND('',#441,.T.);
#69=PLANE('',#4322);
#70=PLANE('',#4323);
#71=PLANE('',#4327);
#72=PLANE('',#4328);
#73=PLANE('',#4433);
#74=PLANE('',#4539);
#75=PLANE('',#4541);
#76=PLANE('',#4543);
#77=PLANE('',#4545);
#78=PLANE('',#4547);
#79=PLANE('',#4549);
#80=PLANE('',#4551);
#81=PLANE('',#4553);
#82=PLANE('',#4555);
#83=PLANE('',#4557);
#84=PLANE('',#4559);
#85=PLANE('',#4561);
#86=PLANE('',#4563);
#87=PLANE('',#4565);
#88=PLANE('',#4567);
#89=PLANE('',#4569);
#90=PLANE('',#4571);
#91=PLANE('',#4573);
#92=PLANE('',#4575);
#93=PLANE('',#4577);
#94=PLANE('',#4579);
#95=PLANE('',#4581);
#96=PLANE('',#4583);
#97=PLANE('',#4585);
#98=PLANE('',#4587);
#99=PLANE('',#4589);
#100=PLANE('',#4591);
#101=PLANE('',#4593);
#102=PLANE('',#4595);
#103=PLANE('',#4597);
#104=PLANE('',#4599);
#105=PLANE('',#4601);
#106=PLANE('',#4603);
#107=PLANE('',#4605);
#108=PLANE('',#4607);
#109=PLANE('',#4609);
#110=PLANE('',#4611);
#111=PLANE('',#4613);
#112=PLANE('',#4615);
#113=PLANE('',#4617);
#114=PLANE('',#4619);
#115=PLANE('',#4621);
#116=PLANE('',#4623);
#117=PLANE('',#4625);
#118=PLANE('',#4627);
#119=PLANE('',#4629);
#120=PLANE('',#4632);
#121=PLANE('',#4634);
#122=PLANE('',#4636);
#123=PLANE('',#4638);
#124=PLANE('',#4640);
#125=PLANE('',#4642);
#126=PLANE('',#4664);
#127=PLANE('',#4666);
#128=PLANE('',#4668);
#129=PLANE('',#4669);
#130=PLANE('',#4671);
#131=PLANE('',#4673);
#132=PLANE('',#4675);
#133=PLANE('',#4676);
#134=PLANE('',#4678);
#135=PLANE('',#4679);
#136=PLANE('',#4681);
#137=PLANE('',#4682);
#138=PLANE('',#4685);
#139=PLANE('',#4686);
#140=PLANE('',#4688);
#141=PLANE('',#4689);
#142=PLANE('',#4691);
#143=PLANE('',#4692);
#144=PLANE('',#4694);
#145=PLANE('',#4695);
#146=PLANE('',#4697);
#147=PLANE('',#4698);
#148=PLANE('',#4700);
#149=PLANE('',#4701);
#150=PLANE('',#4704);
#151=PLANE('',#4705);
#152=PLANE('',#4707);
#153=PLANE('',#4708);
#154=PLANE('',#4710);
#155=PLANE('',#4711);
#156=PLANE('',#4713);
#157=PLANE('',#4714);
#158=PLANE('',#4716);
#159=PLANE('',#4717);
#160=PLANE('',#4719);
#161=PLANE('',#4720);
#162=PLANE('',#4722);
#163=PLANE('',#4723);
#164=PLANE('',#4726);
#165=PLANE('',#4727);
#166=PLANE('',#4729);
#167=PLANE('',#4730);
#168=PLANE('',#4732);
#169=PLANE('',#4733);
#170=PLANE('',#4735);
#171=PLANE('',#4736);
#172=PLANE('',#4739);
#173=PLANE('',#4740);
#174=FACE_OUTER_BOUND('',#385,.T.);
#175=FACE_OUTER_BOUND('',#386,.T.);
#176=FACE_OUTER_BOUND('',#387,.T.);
#177=FACE_OUTER_BOUND('',#388,.T.);
#178=FACE_OUTER_BOUND('',#389,.T.);
#179=FACE_OUTER_BOUND('',#390,.T.);
#180=FACE_OUTER_BOUND('',#416,.T.);
#181=FACE_OUTER_BOUND('',#442,.T.);
#182=FACE_OUTER_BOUND('',#443,.T.);
#183=FACE_OUTER_BOUND('',#444,.T.);
#184=FACE_OUTER_BOUND('',#445,.T.);
#185=FACE_OUTER_BOUND('',#446,.T.);
#186=FACE_OUTER_BOUND('',#447,.T.);
#187=FACE_OUTER_BOUND('',#448,.T.);
#188=FACE_OUTER_BOUND('',#449,.T.);
#189=FACE_OUTER_BOUND('',#450,.T.);
#190=FACE_OUTER_BOUND('',#451,.T.);
#191=FACE_OUTER_BOUND('',#452,.T.);
#192=FACE_OUTER_BOUND('',#453,.T.);
#193=FACE_OUTER_BOUND('',#454,.T.);
#194=FACE_OUTER_BOUND('',#455,.T.);
#195=FACE_OUTER_BOUND('',#456,.T.);
#196=FACE_OUTER_BOUND('',#457,.T.);
#197=FACE_OUTER_BOUND('',#458,.T.);
#198=FACE_OUTER_BOUND('',#459,.T.);
#199=FACE_OUTER_BOUND('',#460,.T.);
#200=FACE_OUTER_BOUND('',#461,.T.);
#201=FACE_OUTER_BOUND('',#462,.T.);
#202=FACE_OUTER_BOUND('',#463,.T.);
#203=FACE_OUTER_BOUND('',#464,.T.);
#204=FACE_OUTER_BOUND('',#465,.T.);
#205=FACE_OUTER_BOUND('',#466,.T.);
#206=FACE_OUTER_BOUND('',#467,.T.);
#207=FACE_OUTER_BOUND('',#468,.T.);
#208=FACE_OUTER_BOUND('',#469,.T.);
#209=FACE_OUTER_BOUND('',#470,.T.);
#210=FACE_OUTER_BOUND('',#471,.T.);
#211=FACE_OUTER_BOUND('',#472,.T.);
#212=FACE_OUTER_BOUND('',#473,.T.);
#213=FACE_OUTER_BOUND('',#474,.T.);
#214=FACE_OUTER_BOUND('',#475,.T.);
#215=FACE_OUTER_BOUND('',#476,.T.);
#216=FACE_OUTER_BOUND('',#477,.T.);
#217=FACE_OUTER_BOUND('',#478,.T.);
#218=FACE_OUTER_BOUND('',#479,.T.);
#219=FACE_OUTER_BOUND('',#480,.T.);
#220=FACE_OUTER_BOUND('',#481,.T.);
#221=FACE_OUTER_BOUND('',#482,.T.);
#222=FACE_OUTER_BOUND('',#483,.T.);
#223=FACE_OUTER_BOUND('',#484,.T.);
#224=FACE_OUTER_BOUND('',#485,.T.);
#225=FACE_OUTER_BOUND('',#486,.T.);
#226=FACE_OUTER_BOUND('',#487,.T.);
#227=FACE_OUTER_BOUND('',#488,.T.);
#228=FACE_OUTER_BOUND('',#489,.T.);
#229=FACE_OUTER_BOUND('',#490,.T.);
#230=FACE_OUTER_BOUND('',#491,.T.);
#231=FACE_OUTER_BOUND('',#492,.T.);
#232=FACE_OUTER_BOUND('',#493,.T.);
#233=FACE_OUTER_BOUND('',#494,.T.);
#234=FACE_OUTER_BOUND('',#495,.T.);
#235=FACE_OUTER_BOUND('',#496,.T.);
#236=FACE_OUTER_BOUND('',#497,.T.);
#237=FACE_OUTER_BOUND('',#498,.T.);
#238=FACE_OUTER_BOUND('',#499,.T.);
#239=FACE_OUTER_BOUND('',#500,.T.);
#240=FACE_OUTER_BOUND('',#501,.T.);
#241=FACE_OUTER_BOUND('',#502,.T.);
#242=FACE_OUTER_BOUND('',#503,.T.);
#243=FACE_OUTER_BOUND('',#504,.T.);
#244=FACE_OUTER_BOUND('',#505,.T.);
#245=FACE_OUTER_BOUND('',#506,.T.);
#246=FACE_OUTER_BOUND('',#507,.T.);
#247=FACE_OUTER_BOUND('',#508,.T.);
#248=FACE_OUTER_BOUND('',#509,.T.);
#249=FACE_OUTER_BOUND('',#510,.T.);
#250=FACE_OUTER_BOUND('',#511,.T.);
#251=FACE_OUTER_BOUND('',#512,.T.);
#252=FACE_OUTER_BOUND('',#513,.T.);
#253=FACE_OUTER_BOUND('',#514,.T.);
#254=FACE_OUTER_BOUND('',#515,.T.);
#255=FACE_OUTER_BOUND('',#516,.T.);
#256=FACE_OUTER_BOUND('',#517,.T.);
#257=FACE_OUTER_BOUND('',#518,.T.);
#258=FACE_OUTER_BOUND('',#519,.T.);
#259=FACE_OUTER_BOUND('',#520,.T.);
#260=FACE_OUTER_BOUND('',#521,.T.);
#261=FACE_OUTER_BOUND('',#522,.T.);
#262=FACE_OUTER_BOUND('',#523,.T.);
#263=FACE_OUTER_BOUND('',#524,.T.);
#264=FACE_OUTER_BOUND('',#525,.T.);
#265=FACE_OUTER_BOUND('',#526,.T.);
#266=FACE_OUTER_BOUND('',#527,.T.);
#267=FACE_OUTER_BOUND('',#528,.T.);
#268=FACE_OUTER_BOUND('',#529,.T.);
#269=FACE_OUTER_BOUND('',#530,.T.);
#270=FACE_OUTER_BOUND('',#531,.T.);
#271=FACE_OUTER_BOUND('',#532,.T.);
#272=FACE_OUTER_BOUND('',#533,.T.);
#273=FACE_OUTER_BOUND('',#534,.T.);
#274=FACE_OUTER_BOUND('',#535,.T.);
#275=FACE_OUTER_BOUND('',#536,.T.);
#276=FACE_OUTER_BOUND('',#537,.T.);
#277=FACE_OUTER_BOUND('',#538,.T.);
#278=FACE_OUTER_BOUND('',#539,.T.);
#279=FACE_OUTER_BOUND('',#540,.T.);
#280=FACE_OUTER_BOUND('',#541,.T.);
#281=FACE_OUTER_BOUND('',#542,.T.);
#282=FACE_OUTER_BOUND('',#543,.T.);
#283=FACE_OUTER_BOUND('',#544,.T.);
#284=FACE_OUTER_BOUND('',#545,.T.);
#285=FACE_OUTER_BOUND('',#546,.T.);
#286=FACE_OUTER_BOUND('',#547,.T.);
#287=FACE_OUTER_BOUND('',#548,.T.);
#288=FACE_OUTER_BOUND('',#549,.T.);
#289=FACE_OUTER_BOUND('',#550,.T.);
#290=FACE_OUTER_BOUND('',#551,.T.);
#291=FACE_OUTER_BOUND('',#552,.T.);
#292=FACE_OUTER_BOUND('',#553,.T.);
#293=FACE_OUTER_BOUND('',#554,.T.);
#294=FACE_OUTER_BOUND('',#555,.T.);
#295=FACE_OUTER_BOUND('',#556,.T.);
#296=FACE_OUTER_BOUND('',#557,.T.);
#297=FACE_OUTER_BOUND('',#558,.T.);
#298=FACE_OUTER_BOUND('',#559,.T.);
#299=FACE_OUTER_BOUND('',#560,.T.);
#300=FACE_OUTER_BOUND('',#561,.T.);
#301=FACE_OUTER_BOUND('',#562,.T.);
#302=FACE_OUTER_BOUND('',#563,.T.);
#303=FACE_OUTER_BOUND('',#564,.T.);
#304=FACE_OUTER_BOUND('',#565,.T.);
#305=FACE_OUTER_BOUND('',#566,.T.);
#306=FACE_OUTER_BOUND('',#567,.T.);
#307=FACE_OUTER_BOUND('',#568,.T.);
#308=FACE_OUTER_BOUND('',#569,.T.);
#309=FACE_OUTER_BOUND('',#570,.T.);
#310=FACE_OUTER_BOUND('',#571,.T.);
#311=FACE_OUTER_BOUND('',#572,.T.);
#312=FACE_OUTER_BOUND('',#573,.T.);
#313=FACE_OUTER_BOUND('',#574,.T.);
#314=FACE_OUTER_BOUND('',#575,.T.);
#315=FACE_OUTER_BOUND('',#576,.T.);
#316=FACE_OUTER_BOUND('',#577,.T.);
#317=FACE_OUTER_BOUND('',#578,.T.);
#318=FACE_OUTER_BOUND('',#579,.T.);
#319=FACE_OUTER_BOUND('',#580,.T.);
#320=FACE_OUTER_BOUND('',#581,.T.);
#321=FACE_OUTER_BOUND('',#582,.T.);
#322=FACE_OUTER_BOUND('',#583,.T.);
#323=FACE_OUTER_BOUND('',#584,.T.);
#324=FACE_OUTER_BOUND('',#585,.T.);
#325=FACE_OUTER_BOUND('',#586,.T.);
#326=FACE_OUTER_BOUND('',#587,.T.);
#327=FACE_OUTER_BOUND('',#588,.T.);
#328=FACE_OUTER_BOUND('',#589,.T.);
#329=FACE_OUTER_BOUND('',#590,.T.);
#330=FACE_OUTER_BOUND('',#591,.T.);
#331=FACE_OUTER_BOUND('',#592,.T.);
#332=FACE_OUTER_BOUND('',#593,.T.);
#333=FACE_OUTER_BOUND('',#594,.T.);
#334=FACE_OUTER_BOUND('',#595,.T.);
#335=FACE_OUTER_BOUND('',#596,.T.);
#336=FACE_OUTER_BOUND('',#597,.T.);
#337=FACE_OUTER_BOUND('',#598,.T.);
#338=FACE_OUTER_BOUND('',#599,.T.);
#339=FACE_OUTER_BOUND('',#600,.T.);
#340=FACE_OUTER_BOUND('',#601,.T.);
#341=FACE_OUTER_BOUND('',#602,.T.);
#342=FACE_OUTER_BOUND('',#603,.T.);
#343=FACE_OUTER_BOUND('',#604,.T.);
#344=FACE_OUTER_BOUND('',#605,.T.);
#345=FACE_OUTER_BOUND('',#606,.T.);
#346=FACE_OUTER_BOUND('',#607,.T.);
#347=FACE_OUTER_BOUND('',#608,.T.);
#348=FACE_OUTER_BOUND('',#609,.T.);
#349=FACE_OUTER_BOUND('',#610,.T.);
#350=FACE_OUTER_BOUND('',#611,.T.);
#351=FACE_OUTER_BOUND('',#612,.T.);
#352=FACE_OUTER_BOUND('',#613,.T.);
#353=FACE_OUTER_BOUND('',#614,.T.);
#354=FACE_OUTER_BOUND('',#615,.T.);
#355=FACE_OUTER_BOUND('',#616,.T.);
#356=FACE_OUTER_BOUND('',#617,.T.);
#357=FACE_OUTER_BOUND('',#618,.T.);
#358=FACE_OUTER_BOUND('',#619,.T.);
#359=FACE_OUTER_BOUND('',#620,.T.);
#360=FACE_OUTER_BOUND('',#621,.T.);
#361=FACE_OUTER_BOUND('',#622,.T.);
#362=FACE_OUTER_BOUND('',#623,.T.);
#363=FACE_OUTER_BOUND('',#624,.T.);
#364=FACE_OUTER_BOUND('',#625,.T.);
#365=FACE_OUTER_BOUND('',#626,.T.);
#366=FACE_OUTER_BOUND('',#627,.T.);
#367=FACE_OUTER_BOUND('',#628,.T.);
#368=FACE_OUTER_BOUND('',#629,.T.);
#369=FACE_OUTER_BOUND('',#630,.T.);
#370=FACE_OUTER_BOUND('',#631,.T.);
#371=FACE_OUTER_BOUND('',#632,.T.);
#372=FACE_OUTER_BOUND('',#633,.T.);
#373=FACE_OUTER_BOUND('',#634,.T.);
#374=FACE_OUTER_BOUND('',#635,.T.);
#375=FACE_OUTER_BOUND('',#636,.T.);
#376=FACE_OUTER_BOUND('',#637,.T.);
#377=FACE_OUTER_BOUND('',#638,.T.);
#378=FACE_OUTER_BOUND('',#639,.T.);
#379=FACE_OUTER_BOUND('',#640,.T.);
#380=FACE_OUTER_BOUND('',#641,.T.);
#381=FACE_OUTER_BOUND('',#642,.T.);
#382=FACE_OUTER_BOUND('',#643,.T.);
#383=FACE_OUTER_BOUND('',#644,.T.);
#384=FACE_OUTER_BOUND('',#645,.T.);
#385=EDGE_LOOP('',(#2733,#2734,#2735,#2736));
#386=EDGE_LOOP('',(#2737,#2738,#2739,#2740));
#387=EDGE_LOOP('',(#2741,#2742,#2743,#2744));
#388=EDGE_LOOP('',(#2745,#2746,#2747,#2748));
#389=EDGE_LOOP('',(#2749,#2750,#2751,#2752));
#390=EDGE_LOOP('',(#2753,#2754,#2755,#2756,#2757,#2758,#2759,#2760,#2761,
#2762,#2763,#2764,#2765,#2766,#2767,#2768,#2769,#2770,#2771,#2772,#2773,
#2774,#2775,#2776,#2777,#2778,#2779,#2780,#2781,#2782,#2783,#2784,#2785,
#2786,#2787,#2788,#2789,#2790,#2791,#2792,#2793,#2794,#2795,#2796));
#391=EDGE_LOOP('',(#2797));
#392=EDGE_LOOP('',(#2798));
#393=EDGE_LOOP('',(#2799));
#394=EDGE_LOOP('',(#2800));
#395=EDGE_LOOP('',(#2801));
#396=EDGE_LOOP('',(#2802,#2803,#2804,#2805,#2806,#2807,#2808,#2809));
#397=EDGE_LOOP('',(#2810,#2811,#2812,#2813,#2814,#2815,#2816,#2817));
#398=EDGE_LOOP('',(#2818,#2819,#2820,#2821,#2822,#2823,#2824,#2825));
#399=EDGE_LOOP('',(#2826,#2827,#2828,#2829,#2830,#2831,#2832,#2833));
#400=EDGE_LOOP('',(#2834,#2835,#2836,#2837,#2838,#2839,#2840,#2841));
#401=EDGE_LOOP('',(#2842,#2843,#2844,#2845,#2846,#2847,#2848,#2849));
#402=EDGE_LOOP('',(#2850,#2851,#2852,#2853,#2854,#2855,#2856,#2857));
#403=EDGE_LOOP('',(#2858,#2859,#2860,#2861,#2862,#2863,#2864,#2865));
#404=EDGE_LOOP('',(#2866,#2867,#2868,#2869,#2870,#2871,#2872,#2873));
#405=EDGE_LOOP('',(#2874,#2875,#2876,#2877,#2878,#2879,#2880,#2881));
#406=EDGE_LOOP('',(#2882,#2883,#2884,#2885,#2886,#2887,#2888,#2889));
#407=EDGE_LOOP('',(#2890,#2891,#2892,#2893,#2894,#2895,#2896,#2897));
#408=EDGE_LOOP('',(#2898,#2899,#2900,#2901,#2902,#2903,#2904,#2905));
#409=EDGE_LOOP('',(#2906,#2907,#2908,#2909,#2910,#2911,#2912,#2913));
#410=EDGE_LOOP('',(#2914,#2915,#2916,#2917,#2918,#2919,#2920,#2921));
#411=EDGE_LOOP('',(#2922,#2923,#2924,#2925,#2926,#2927,#2928,#2929));
#412=EDGE_LOOP('',(#2930,#2931,#2932,#2933,#2934,#2935,#2936,#2937));
#413=EDGE_LOOP('',(#2938,#2939,#2940,#2941,#2942,#2943,#2944,#2945));
#414=EDGE_LOOP('',(#2946,#2947,#2948,#2949,#2950,#2951,#2952,#2953));
#415=EDGE_LOOP('',(#2954,#2955,#2956,#2957,#2958,#2959,#2960,#2961));
#416=EDGE_LOOP('',(#2962,#2963,#2964,#2965,#2966,#2967,#2968,#2969,#2970,
#2971,#2972,#2973,#2974,#2975,#2976,#2977,#2978,#2979,#2980,#2981,#2982,
#2983,#2984,#2985,#2986,#2987,#2988,#2989,#2990,#2991,#2992,#2993,#2994,
#2995,#2996,#2997,#2998,#2999,#3000,#3001,#3002,#3003,#3004,#3005));
#417=EDGE_LOOP('',(#3006));
#418=EDGE_LOOP('',(#3007,#3008,#3009,#3010,#3011,#3012,#3013,#3014));
#419=EDGE_LOOP('',(#3015,#3016,#3017,#3018,#3019,#3020,#3021,#3022));
#420=EDGE_LOOP('',(#3023));
#421=EDGE_LOOP('',(#3024,#3025,#3026,#3027,#3028,#3029,#3030,#3031));
#422=EDGE_LOOP('',(#3032,#3033,#3034,#3035,#3036,#3037,#3038,#3039));
#423=EDGE_LOOP('',(#3040,#3041,#3042,#3043,#3044,#3045,#3046,#3047));
#424=EDGE_LOOP('',(#3048,#3049,#3050,#3051,#3052,#3053,#3054,#3055));
#425=EDGE_LOOP('',(#3056,#3057,#3058,#3059,#3060,#3061,#3062,#3063));
#426=EDGE_LOOP('',(#3064,#3065,#3066,#3067,#3068,#3069,#3070,#3071));
#427=EDGE_LOOP('',(#3072));
#428=EDGE_LOOP('',(#3073,#3074,#3075,#3076,#3077,#3078,#3079,#3080));
#429=EDGE_LOOP('',(#3081,#3082,#3083,#3084,#3085,#3086,#3087,#3088));
#430=EDGE_LOOP('',(#3089,#3090,#3091,#3092,#3093,#3094,#3095,#3096));
#431=EDGE_LOOP('',(#3097,#3098,#3099,#3100,#3101,#3102,#3103,#3104));
#432=EDGE_LOOP('',(#3105,#3106,#3107,#3108,#3109,#3110,#3111,#3112));
#433=EDGE_LOOP('',(#3113,#3114,#3115,#3116,#3117,#3118,#3119,#3120));
#434=EDGE_LOOP('',(#3121,#3122,#3123,#3124,#3125,#3126,#3127,#3128));
#435=EDGE_LOOP('',(#3129));
#436=EDGE_LOOP('',(#3130,#3131,#3132,#3133,#3134,#3135,#3136,#3137));
#437=EDGE_LOOP('',(#3138,#3139,#3140,#3141,#3142,#3143,#3144,#3145));
#438=EDGE_LOOP('',(#3146,#3147,#3148,#3149,#3150,#3151,#3152,#3153));
#439=EDGE_LOOP('',(#3154,#3155,#3156,#3157,#3158,#3159,#3160,#3161));
#440=EDGE_LOOP('',(#3162));
#441=EDGE_LOOP('',(#3163,#3164,#3165,#3166,#3167,#3168,#3169,#3170));
#442=EDGE_LOOP('',(#3171,#3172,#3173,#3174));
#443=EDGE_LOOP('',(#3175,#3176,#3177,#3178));
#444=EDGE_LOOP('',(#3179,#3180,#3181,#3182));
#445=EDGE_LOOP('',(#3183,#3184,#3185,#3186));
#446=EDGE_LOOP('',(#3187,#3188,#3189,#3190));
#447=EDGE_LOOP('',(#3191,#3192,#3193,#3194));
#448=EDGE_LOOP('',(#3195,#3196,#3197,#3198));
#449=EDGE_LOOP('',(#3199,#3200,#3201,#3202));
#450=EDGE_LOOP('',(#3203,#3204,#3205,#3206));
#451=EDGE_LOOP('',(#3207,#3208,#3209,#3210));
#452=EDGE_LOOP('',(#3211,#3212,#3213,#3214));
#453=EDGE_LOOP('',(#3215,#3216,#3217,#3218));
#454=EDGE_LOOP('',(#3219,#3220,#3221,#3222));
#455=EDGE_LOOP('',(#3223,#3224,#3225,#3226));
#456=EDGE_LOOP('',(#3227,#3228,#3229,#3230));
#457=EDGE_LOOP('',(#3231,#3232,#3233,#3234));
#458=EDGE_LOOP('',(#3235,#3236,#3237,#3238));
#459=EDGE_LOOP('',(#3239,#3240,#3241,#3242));
#460=EDGE_LOOP('',(#3243,#3244,#3245,#3246));
#461=EDGE_LOOP('',(#3247,#3248,#3249,#3250));
#462=EDGE_LOOP('',(#3251,#3252,#3253,#3254));
#463=EDGE_LOOP('',(#3255,#3256,#3257,#3258));
#464=EDGE_LOOP('',(#3259,#3260,#3261,#3262));
#465=EDGE_LOOP('',(#3263,#3264,#3265,#3266));
#466=EDGE_LOOP('',(#3267,#3268,#3269,#3270));
#467=EDGE_LOOP('',(#3271,#3272,#3273,#3274));
#468=EDGE_LOOP('',(#3275,#3276,#3277,#3278));
#469=EDGE_LOOP('',(#3279,#3280,#3281,#3282));
#470=EDGE_LOOP('',(#3283,#3284,#3285,#3286));
#471=EDGE_LOOP('',(#3287,#3288,#3289,#3290));
#472=EDGE_LOOP('',(#3291,#3292,#3293,#3294));
#473=EDGE_LOOP('',(#3295,#3296,#3297,#3298));
#474=EDGE_LOOP('',(#3299,#3300,#3301,#3302));
#475=EDGE_LOOP('',(#3303,#3304,#3305,#3306));
#476=EDGE_LOOP('',(#3307,#3308,#3309,#3310));
#477=EDGE_LOOP('',(#3311,#3312,#3313,#3314));
#478=EDGE_LOOP('',(#3315,#3316,#3317,#3318));
#479=EDGE_LOOP('',(#3319,#3320,#3321,#3322));
#480=EDGE_LOOP('',(#3323,#3324,#3325,#3326));
#481=EDGE_LOOP('',(#3327,#3328,#3329,#3330));
#482=EDGE_LOOP('',(#3331,#3332,#3333,#3334));
#483=EDGE_LOOP('',(#3335,#3336,#3337,#3338));
#484=EDGE_LOOP('',(#3339,#3340,#3341,#3342));
#485=EDGE_LOOP('',(#3343,#3344,#3345,#3346));
#486=EDGE_LOOP('',(#3347,#3348,#3349,#3350));
#487=EDGE_LOOP('',(#3351,#3352,#3353,#3354));
#488=EDGE_LOOP('',(#3355,#3356,#3357,#3358));
#489=EDGE_LOOP('',(#3359,#3360,#3361,#3362));
#490=EDGE_LOOP('',(#3363,#3364,#3365,#3366));
#491=EDGE_LOOP('',(#3367,#3368,#3369,#3370));
#492=EDGE_LOOP('',(#3371,#3372,#3373,#3374));
#493=EDGE_LOOP('',(#3375,#3376,#3377,#3378));
#494=EDGE_LOOP('',(#3379,#3380,#3381,#3382));
#495=EDGE_LOOP('',(#3383,#3384,#3385,#3386));
#496=EDGE_LOOP('',(#3387,#3388,#3389,#3390));
#497=EDGE_LOOP('',(#3391,#3392,#3393,#3394));
#498=EDGE_LOOP('',(#3395,#3396,#3397,#3398));
#499=EDGE_LOOP('',(#3399,#3400,#3401,#3402));
#500=EDGE_LOOP('',(#3403,#3404,#3405,#3406));
#501=EDGE_LOOP('',(#3407,#3408,#3409,#3410));
#502=EDGE_LOOP('',(#3411,#3412,#3413,#3414));
#503=EDGE_LOOP('',(#3415,#3416,#3417,#3418));
#504=EDGE_LOOP('',(#3419,#3420,#3421,#3422));
#505=EDGE_LOOP('',(#3423,#3424,#3425,#3426));
#506=EDGE_LOOP('',(#3427,#3428,#3429,#3430));
#507=EDGE_LOOP('',(#3431,#3432,#3433,#3434));
#508=EDGE_LOOP('',(#3435,#3436,#3437,#3438));
#509=EDGE_LOOP('',(#3439,#3440,#3441,#3442));
#510=EDGE_LOOP('',(#3443,#3444,#3445,#3446));
#511=EDGE_LOOP('',(#3447,#3448,#3449,#3450));
#512=EDGE_LOOP('',(#3451,#3452,#3453,#3454));
#513=EDGE_LOOP('',(#3455,#3456,#3457,#3458));
#514=EDGE_LOOP('',(#3459,#3460,#3461,#3462));
#515=EDGE_LOOP('',(#3463,#3464,#3465,#3466));
#516=EDGE_LOOP('',(#3467,#3468,#3469,#3470));
#517=EDGE_LOOP('',(#3471,#3472,#3473,#3474));
#518=EDGE_LOOP('',(#3475,#3476,#3477,#3478));
#519=EDGE_LOOP('',(#3479,#3480,#3481,#3482));
#520=EDGE_LOOP('',(#3483,#3484,#3485,#3486));
#521=EDGE_LOOP('',(#3487,#3488,#3489,#3490));
#522=EDGE_LOOP('',(#3491,#3492,#3493,#3494));
#523=EDGE_LOOP('',(#3495,#3496,#3497,#3498));
#524=EDGE_LOOP('',(#3499,#3500,#3501,#3502));
#525=EDGE_LOOP('',(#3503,#3504,#3505,#3506));
#526=EDGE_LOOP('',(#3507,#3508,#3509,#3510));
#527=EDGE_LOOP('',(#3511,#3512,#3513,#3514));
#528=EDGE_LOOP('',(#3515,#3516,#3517,#3518));
#529=EDGE_LOOP('',(#3519,#3520,#3521,#3522));
#530=EDGE_LOOP('',(#3523,#3524,#3525,#3526));
#531=EDGE_LOOP('',(#3527,#3528,#3529,#3530));
#532=EDGE_LOOP('',(#3531,#3532,#3533,#3534));
#533=EDGE_LOOP('',(#3535,#3536,#3537,#3538));
#534=EDGE_LOOP('',(#3539,#3540,#3541,#3542));
#535=EDGE_LOOP('',(#3543,#3544,#3545,#3546));
#536=EDGE_LOOP('',(#3547,#3548,#3549,#3550));
#537=EDGE_LOOP('',(#3551,#3552,#3553,#3554));
#538=EDGE_LOOP('',(#3555,#3556,#3557,#3558));
#539=EDGE_LOOP('',(#3559,#3560,#3561,#3562));
#540=EDGE_LOOP('',(#3563,#3564,#3565,#3566));
#541=EDGE_LOOP('',(#3567,#3568,#3569,#3570));
#542=EDGE_LOOP('',(#3571,#3572,#3573,#3574));
#543=EDGE_LOOP('',(#3575,#3576,#3577,#3578));
#544=EDGE_LOOP('',(#3579,#3580,#3581,#3582));
#545=EDGE_LOOP('',(#3583,#3584,#3585,#3586));
#546=EDGE_LOOP('',(#3587,#3588,#3589,#3590));
#547=EDGE_LOOP('',(#3591,#3592,#3593,#3594));
#548=EDGE_LOOP('',(#3595,#3596,#3597,#3598));
#549=EDGE_LOOP('',(#3599,#3600,#3601,#3602));
#550=EDGE_LOOP('',(#3603,#3604,#3605,#3606));
#551=EDGE_LOOP('',(#3607,#3608,#3609,#3610));
#552=EDGE_LOOP('',(#3611,#3612,#3613,#3614));
#553=EDGE_LOOP('',(#3615,#3616,#3617,#3618));
#554=EDGE_LOOP('',(#3619,#3620,#3621,#3622));
#555=EDGE_LOOP('',(#3623,#3624,#3625,#3626));
#556=EDGE_LOOP('',(#3627,#3628,#3629,#3630));
#557=EDGE_LOOP('',(#3631,#3632,#3633,#3634));
#558=EDGE_LOOP('',(#3635,#3636,#3637,#3638));
#559=EDGE_LOOP('',(#3639,#3640,#3641,#3642));
#560=EDGE_LOOP('',(#3643,#3644,#3645,#3646));
#561=EDGE_LOOP('',(#3647,#3648,#3649,#3650));
#562=EDGE_LOOP('',(#3651,#3652,#3653,#3654));
#563=EDGE_LOOP('',(#3655,#3656,#3657,#3658));
#564=EDGE_LOOP('',(#3659,#3660,#3661,#3662));
#565=EDGE_LOOP('',(#3663,#3664,#3665,#3666));
#566=EDGE_LOOP('',(#3667,#3668,#3669,#3670));
#567=EDGE_LOOP('',(#3671,#3672,#3673,#3674));
#568=EDGE_LOOP('',(#3675,#3676,#3677,#3678));
#569=EDGE_LOOP('',(#3679,#3680,#3681,#3682));
#570=EDGE_LOOP('',(#3683,#3684,#3685,#3686));
#571=EDGE_LOOP('',(#3687,#3688,#3689,#3690));
#572=EDGE_LOOP('',(#3691,#3692,#3693,#3694));
#573=EDGE_LOOP('',(#3695,#3696,#3697,#3698));
#574=EDGE_LOOP('',(#3699,#3700,#3701,#3702));
#575=EDGE_LOOP('',(#3703,#3704,#3705,#3706));
#576=EDGE_LOOP('',(#3707,#3708,#3709,#3710));
#577=EDGE_LOOP('',(#3711,#3712,#3713,#3714));
#578=EDGE_LOOP('',(#3715,#3716,#3717,#3718));
#579=EDGE_LOOP('',(#3719,#3720,#3721,#3722));
#580=EDGE_LOOP('',(#3723,#3724,#3725,#3726));
#581=EDGE_LOOP('',(#3727,#3728,#3729,#3730));
#582=EDGE_LOOP('',(#3731,#3732,#3733,#3734));
#583=EDGE_LOOP('',(#3735,#3736,#3737,#3738));
#584=EDGE_LOOP('',(#3739,#3740,#3741,#3742));
#585=EDGE_LOOP('',(#3743,#3744,#3745,#3746));
#586=EDGE_LOOP('',(#3747,#3748,#3749,#3750));
#587=EDGE_LOOP('',(#3751,#3752,#3753,#3754));
#588=EDGE_LOOP('',(#3755,#3756,#3757,#3758));
#589=EDGE_LOOP('',(#3759,#3760,#3761,#3762));
#590=EDGE_LOOP('',(#3763,#3764,#3765,#3766));
#591=EDGE_LOOP('',(#3767,#3768,#3769,#3770));
#592=EDGE_LOOP('',(#3771,#3772,#3773,#3774));
#593=EDGE_LOOP('',(#3775,#3776,#3777,#3778));
#594=EDGE_LOOP('',(#3779,#3780,#3781,#3782));
#595=EDGE_LOOP('',(#3783,#3784,#3785,#3786));
#596=EDGE_LOOP('',(#3787,#3788,#3789,#3790));
#597=EDGE_LOOP('',(#3791,#3792,#3793,#3794));
#598=EDGE_LOOP('',(#3795,#3796,#3797,#3798));
#599=EDGE_LOOP('',(#3799,#3800,#3801,#3802));
#600=EDGE_LOOP('',(#3803,#3804,#3805,#3806));
#601=EDGE_LOOP('',(#3807,#3808,#3809,#3810));
#602=EDGE_LOOP('',(#3811,#3812,#3813,#3814));
#603=EDGE_LOOP('',(#3815,#3816,#3817,#3818));
#604=EDGE_LOOP('',(#3819,#3820,#3821,#3822));
#605=EDGE_LOOP('',(#3823,#3824,#3825,#3826));
#606=EDGE_LOOP('',(#3827,#3828,#3829,#3830));
#607=EDGE_LOOP('',(#3831,#3832,#3833,#3834));
#608=EDGE_LOOP('',(#3835,#3836,#3837,#3838));
#609=EDGE_LOOP('',(#3839,#3840,#3841,#3842));
#610=EDGE_LOOP('',(#3843,#3844,#3845,#3846));
#611=EDGE_LOOP('',(#3847,#3848,#3849,#3850));
#612=EDGE_LOOP('',(#3851,#3852,#3853,#3854));
#613=EDGE_LOOP('',(#3855,#3856,#3857,#3858));
#614=EDGE_LOOP('',(#3859,#3860,#3861,#3862));
#615=EDGE_LOOP('',(#3863,#3864,#3865,#3866));
#616=EDGE_LOOP('',(#3867,#3868,#3869,#3870));
#617=EDGE_LOOP('',(#3871,#3872,#3873,#3874));
#618=EDGE_LOOP('',(#3875,#3876,#3877,#3878));
#619=EDGE_LOOP('',(#3879,#3880,#3881,#3882));
#620=EDGE_LOOP('',(#3883,#3884,#3885,#3886));
#621=EDGE_LOOP('',(#3887,#3888,#3889,#3890));
#622=EDGE_LOOP('',(#3891,#3892,#3893,#3894));
#623=EDGE_LOOP('',(#3895,#3896,#3897,#3898));
#624=EDGE_LOOP('',(#3899,#3900,#3901,#3902));
#625=EDGE_LOOP('',(#3903,#3904,#3905,#3906));
#626=EDGE_LOOP('',(#3907,#3908,#3909,#3910));
#627=EDGE_LOOP('',(#3911,#3912,#3913,#3914));
#628=EDGE_LOOP('',(#3915,#3916,#3917,#3918));
#629=EDGE_LOOP('',(#3919,#3920,#3921,#3922));
#630=EDGE_LOOP('',(#3923,#3924,#3925,#3926));
#631=EDGE_LOOP('',(#3927,#3928,#3929,#3930));
#632=EDGE_LOOP('',(#3931,#3932,#3933,#3934));
#633=EDGE_LOOP('',(#3935,#3936,#3937,#3938));
#634=EDGE_LOOP('',(#3939,#3940,#3941,#3942));
#635=EDGE_LOOP('',(#3943,#3944,#3945,#3946));
#636=EDGE_LOOP('',(#3947,#3948,#3949,#3950));
#637=EDGE_LOOP('',(#3951,#3952,#3953,#3954));
#638=EDGE_LOOP('',(#3955,#3956,#3957,#3958));
#639=EDGE_LOOP('',(#3959,#3960,#3961,#3962));
#640=EDGE_LOOP('',(#3963,#3964,#3965,#3966));
#641=EDGE_LOOP('',(#3967,#3968,#3969,#3970));
#642=EDGE_LOOP('',(#3971,#3972,#3973,#3974));
#643=EDGE_LOOP('',(#3975,#3976,#3977,#3978));
#644=EDGE_LOOP('',(#3979,#3980,#3981,#3982));
#645=EDGE_LOOP('',(#3983,#3984,#3985,#3986));
#646=LINE('',#6017,#1061);
#647=LINE('',#6020,#1062);
#648=LINE('',#6023,#1063);
#649=LINE('',#6025,#1064);
#650=LINE('',#6026,#1065);
#651=LINE('',#6030,#1066);
#652=LINE('',#6032,#1067);
#653=LINE('',#6034,#1068);
#654=LINE('',#6035,#1069);
#655=LINE('',#6041,#1070);
#656=LINE('',#6044,#1071);
#657=LINE('',#6046,#1072);
#658=LINE('',#6047,#1073);
#659=LINE('',#6052,#1074);
#660=LINE('',#6056,#1075);
#661=LINE('',#6060,#1076);
#662=LINE('',#6064,#1077);
#663=LINE('',#6068,#1078);
#664=LINE('',#6072,#1079);
#665=LINE('',#6076,#1080);
#666=LINE('',#6082,#1081);
#667=LINE('',#6086,#1082);
#668=LINE('',#6090,#1083);
#669=LINE('',#6094,#1084);
#670=LINE('',#6098,#1085);
#671=LINE('',#6102,#1086);
#672=LINE('',#6106,#1087);
#673=LINE('',#6110,#1088);
#674=LINE('',#6114,#1089);
#675=LINE('',#6118,#1090);
#676=LINE('',#6122,#1091);
#677=LINE('',#6123,#1092);
#678=LINE('',#6124,#1093);
#679=LINE('',#6137,#1094);
#680=LINE('',#6141,#1095);
#681=LINE('',#6145,#1096);
#682=LINE('',#6149,#1097);
#683=LINE('',#6153,#1098);
#684=LINE('',#6157,#1099);
#685=LINE('',#6161,#1100);
#686=LINE('',#6165,#1101);
#687=LINE('',#6169,#1102);
#688=LINE('',#6173,#1103);
#689=LINE('',#6177,#1104);
#690=LINE('',#6181,#1105);
#691=LINE('',#6185,#1106);
#692=LINE('',#6189,#1107);
#693=LINE('',#6193,#1108);
#694=LINE('',#6197,#1109);
#695=LINE('',#6201,#1110);
#696=LINE('',#6205,#1111);
#697=LINE('',#6209,#1112);
#698=LINE('',#6213,#1113);
#699=LINE('',#6217,#1114);
#700=LINE('',#6221,#1115);
#701=LINE('',#6225,#1116);
#702=LINE('',#6229,#1117);
#703=LINE('',#6233,#1118);
#704=LINE('',#6237,#1119);
#705=LINE('',#6241,#1120);
#706=LINE('',#6245,#1121);
#707=LINE('',#6249,#1122);
#708=LINE('',#6253,#1123);
#709=LINE('',#6257,#1124);
#710=LINE('',#6261,#1125);
#711=LINE('',#6265,#1126);
#712=LINE('',#6269,#1127);
#713=LINE('',#6273,#1128);
#714=LINE('',#6277,#1129);
#715=LINE('',#6281,#1130);
#716=LINE('',#6285,#1131);
#717=LINE('',#6289,#1132);
#718=LINE('',#6293,#1133);
#719=LINE('',#6297,#1134);
#720=LINE('',#6301,#1135);
#721=LINE('',#6305,#1136);
#722=LINE('',#6309,#1137);
#723=LINE('',#6313,#1138);
#724=LINE('',#6317,#1139);
#725=LINE('',#6321,#1140);
#726=LINE('',#6325,#1141);
#727=LINE('',#6329,#1142);
#728=LINE('',#6333,#1143);
#729=LINE('',#6337,#1144);
#730=LINE('',#6341,#1145);
#731=LINE('',#6345,#1146);
#732=LINE('',#6349,#1147);
#733=LINE('',#6353,#1148);
#734=LINE('',#6357,#1149);
#735=LINE('',#6361,#1150);
#736=LINE('',#6365,#1151);
#737=LINE('',#6369,#1152);
#738=LINE('',#6373,#1153);
#739=LINE('',#6377,#1154);
#740=LINE('',#6381,#1155);
#741=LINE('',#6385,#1156);
#742=LINE('',#6389,#1157);
#743=LINE('',#6393,#1158);
#744=LINE('',#6397,#1159);
#745=LINE('',#6401,#1160);
#746=LINE('',#6405,#1161);
#747=LINE('',#6409,#1162);
#748=LINE('',#6413,#1163);
#749=LINE('',#6417,#1164);
#750=LINE('',#6421,#1165);
#751=LINE('',#6425,#1166);
#752=LINE('',#6429,#1167);
#753=LINE('',#6433,#1168);
#754=LINE('',#6437,#1169);
#755=LINE('',#6441,#1170);
#756=LINE('',#6445,#1171);
#757=LINE('',#6449,#1172);
#758=LINE('',#6453,#1173);
#759=LINE('',#6456,#1174);
#760=LINE('',#6458,#1175);
#761=LINE('',#6460,#1176);
#762=LINE('',#6464,#1177);
#763=LINE('',#6468,#1178);
#764=LINE('',#6472,#1179);
#765=LINE('',#6476,#1180);
#766=LINE('',#6480,#1181);
#767=LINE('',#6484,#1182);
#768=LINE('',#6488,#1183);
#769=LINE('',#6492,#1184);
#770=LINE('',#6496,#1185);
#771=LINE('',#6500,#1186);
#772=LINE('',#6506,#1187);
#773=LINE('',#6510,#1188);
#774=LINE('',#6514,#1189);
#775=LINE('',#6518,#1190);
#776=LINE('',#6522,#1191);
#777=LINE('',#6526,#1192);
#778=LINE('',#6530,#1193);
#779=LINE('',#6538,#1194);
#780=LINE('',#6542,#1195);
#781=LINE('',#6546,#1196);
#782=LINE('',#6549,#1197);
#783=LINE('',#6554,#1198);
#784=LINE('',#6558,#1199);
#785=LINE('',#6562,#1200);
#786=LINE('',#6565,#1201);
#787=LINE('',#6572,#1202);
#788=LINE('',#6576,#1203);
#789=LINE('',#6580,#1204);
#790=LINE('',#6583,#1205);
#791=LINE('',#6588,#1206);
#792=LINE('',#6592,#1207);
#793=LINE('',#6596,#1208);
#794=LINE('',#6599,#1209);
#795=LINE('',#6604,#1210);
#796=LINE('',#6608,#1211);
#797=LINE('',#6612,#1212);
#798=LINE('',#6615,#1213);
#799=LINE('',#6620,#1214);
#800=LINE('',#6624,#1215);
#801=LINE('',#6628,#1216);
#802=LINE('',#6631,#1217);
#803=LINE('',#6636,#1218);
#804=LINE('',#6640,#1219);
#805=LINE('',#6644,#1220);
#806=LINE('',#6647,#1221);
#807=LINE('',#6652,#1222);
#808=LINE('',#6656,#1223);
#809=LINE('',#6660,#1224);
#810=LINE('',#6663,#1225);
#811=LINE('',#6670,#1226);
#812=LINE('',#6674,#1227);
#813=LINE('',#6678,#1228);
#814=LINE('',#6681,#1229);
#815=LINE('',#6686,#1230);
#816=LINE('',#6690,#1231);
#817=LINE('',#6694,#1232);
#818=LINE('',#6697,#1233);
#819=LINE('',#6702,#1234);
#820=LINE('',#6706,#1235);
#821=LINE('',#6710,#1236);
#822=LINE('',#6713,#1237);
#823=LINE('',#6718,#1238);
#824=LINE('',#6722,#1239);
#825=LINE('',#6726,#1240);
#826=LINE('',#6729,#1241);
#827=LINE('',#6734,#1242);
#828=LINE('',#6738,#1243);
#829=LINE('',#6742,#1244);
#830=LINE('',#6745,#1245);
#831=LINE('',#6750,#1246);
#832=LINE('',#6754,#1247);
#833=LINE('',#6758,#1248);
#834=LINE('',#6761,#1249);
#835=LINE('',#6766,#1250);
#836=LINE('',#6770,#1251);
#837=LINE('',#6774,#1252);
#838=LINE('',#6777,#1253);
#839=LINE('',#6784,#1254);
#840=LINE('',#6788,#1255);
#841=LINE('',#6792,#1256);
#842=LINE('',#6795,#1257);
#843=LINE('',#6800,#1258);
#844=LINE('',#6804,#1259);
#845=LINE('',#6808,#1260);
#846=LINE('',#6811,#1261);
#847=LINE('',#6816,#1262);
#848=LINE('',#6820,#1263);
#849=LINE('',#6824,#1264);
#850=LINE('',#6827,#1265);
#851=LINE('',#6832,#1266);
#852=LINE('',#6836,#1267);
#853=LINE('',#6840,#1268);
#854=LINE('',#6843,#1269);
#855=LINE('',#6850,#1270);
#856=LINE('',#6854,#1271);
#857=LINE('',#6858,#1272);
#858=LINE('',#6861,#1273);
#859=LINE('',#6863,#1274);
#860=LINE('',#6864,#1275);
#861=LINE('',#6866,#1276);
#862=LINE('',#6868,#1277);
#863=LINE('',#6870,#1278);
#864=LINE('',#6872,#1279);
#865=LINE('',#6873,#1280);
#866=LINE('',#6875,#1281);
#867=LINE('',#6877,#1282);
#868=LINE('',#6879,#1283);
#869=LINE('',#6881,#1284);
#870=LINE('',#6882,#1285);
#871=LINE('',#6884,#1286);
#872=LINE('',#6886,#1287);
#873=LINE('',#6888,#1288);
#874=LINE('',#6890,#1289);
#875=LINE('',#6891,#1290);
#876=LINE('',#6893,#1291);
#877=LINE('',#6895,#1292);
#878=LINE('',#6897,#1293);
#879=LINE('',#6899,#1294);
#880=LINE('',#6900,#1295);
#881=LINE('',#6902,#1296);
#882=LINE('',#6904,#1297);
#883=LINE('',#6906,#1298);
#884=LINE('',#6908,#1299);
#885=LINE('',#6909,#1300);
#886=LINE('',#6911,#1301);
#887=LINE('',#6913,#1302);
#888=LINE('',#6915,#1303);
#889=LINE('',#6917,#1304);
#890=LINE('',#6918,#1305);
#891=LINE('',#6920,#1306);
#892=LINE('',#6922,#1307);
#893=LINE('',#6924,#1308);
#894=LINE('',#6926,#1309);
#895=LINE('',#6927,#1310);
#896=LINE('',#6929,#1311);
#897=LINE('',#6931,#1312);
#898=LINE('',#6933,#1313);
#899=LINE('',#6935,#1314);
#900=LINE('',#6936,#1315);
#901=LINE('',#6938,#1316);
#902=LINE('',#6940,#1317);
#903=LINE('',#6942,#1318);
#904=LINE('',#6944,#1319);
#905=LINE('',#6945,#1320);
#906=LINE('',#6947,#1321);
#907=LINE('',#6949,#1322);
#908=LINE('',#6951,#1323);
#909=LINE('',#6953,#1324);
#910=LINE('',#6954,#1325);
#911=LINE('',#6956,#1326);
#912=LINE('',#6958,#1327);
#913=LINE('',#6960,#1328);
#914=LINE('',#6962,#1329);
#915=LINE('',#6963,#1330);
#916=LINE('',#6965,#1331);
#917=LINE('',#6967,#1332);
#918=LINE('',#6969,#1333);
#919=LINE('',#6971,#1334);
#920=LINE('',#6972,#1335);
#921=LINE('',#6974,#1336);
#922=LINE('',#6976,#1337);
#923=LINE('',#6978,#1338);
#924=LINE('',#6980,#1339);
#925=LINE('',#6981,#1340);
#926=LINE('',#6983,#1341);
#927=LINE('',#6985,#1342);
#928=LINE('',#6987,#1343);
#929=LINE('',#6989,#1344);
#930=LINE('',#6990,#1345);
#931=LINE('',#6992,#1346);
#932=LINE('',#6994,#1347);
#933=LINE('',#6996,#1348);
#934=LINE('',#6998,#1349);
#935=LINE('',#6999,#1350);
#936=LINE('',#7001,#1351);
#937=LINE('',#7003,#1352);
#938=LINE('',#7005,#1353);
#939=LINE('',#7007,#1354);
#940=LINE('',#7008,#1355);
#941=LINE('',#7010,#1356);
#942=LINE('',#7012,#1357);
#943=LINE('',#7014,#1358);
#944=LINE('',#7016,#1359);
#945=LINE('',#7017,#1360);
#946=LINE('',#7019,#1361);
#947=LINE('',#7021,#1362);
#948=LINE('',#7023,#1363);
#949=LINE('',#7025,#1364);
#950=LINE('',#7026,#1365);
#951=LINE('',#7028,#1366);
#952=LINE('',#7030,#1367);
#953=LINE('',#7032,#1368);
#954=LINE('',#7034,#1369);
#955=LINE('',#7035,#1370);
#956=LINE('',#7037,#1371);
#957=LINE('',#7039,#1372);
#958=LINE('',#7041,#1373);
#959=LINE('',#7043,#1374);
#960=LINE('',#7044,#1375);
#961=LINE('',#7046,#1376);
#962=LINE('',#7048,#1377);
#963=LINE('',#7050,#1378);
#964=LINE('',#7052,#1379);
#965=LINE('',#7054,#1380);
#966=LINE('',#7056,#1381);
#967=LINE('',#7058,#1382);
#968=LINE('',#7060,#1383);
#969=LINE('',#7062,#1384);
#970=LINE('',#7064,#1385);
#971=LINE('',#7066,#1386);
#972=LINE('',#7068,#1387);
#973=LINE('',#7070,#1388);
#974=LINE('',#7072,#1389);
#975=LINE('',#7074,#1390);
#976=LINE('',#7076,#1391);
#977=LINE('',#7078,#1392);
#978=LINE('',#7080,#1393);
#979=LINE('',#7082,#1394);
#980=LINE('',#7084,#1395);
#981=LINE('',#7086,#1396);
#982=LINE('',#7088,#1397);
#983=LINE('',#7090,#1398);
#984=LINE('',#7092,#1399);
#985=LINE('',#7094,#1400);
#986=LINE('',#7096,#1401);
#987=LINE('',#7098,#1402);
#988=LINE('',#7100,#1403);
#989=LINE('',#7102,#1404);
#990=LINE('',#7104,#1405);
#991=LINE('',#7106,#1406);
#992=LINE('',#7108,#1407);
#993=LINE('',#7110,#1408);
#994=LINE('',#7112,#1409);
#995=LINE('',#7114,#1410);
#996=LINE('',#7116,#1411);
#997=LINE('',#7118,#1412);
#998=LINE('',#7120,#1413);
#999=LINE('',#7122,#1414);
#1000=LINE('',#7124,#1415);
#1001=LINE('',#7126,#1416);
#1002=LINE('',#7128,#1417);
#1003=LINE('',#7130,#1418);
#1004=LINE('',#7132,#1419);
#1005=LINE('',#7134,#1420);
#1006=LINE('',#7136,#1421);
#1007=LINE('',#7139,#1422);
#1008=LINE('',#7141,#1423);
#1009=LINE('',#7144,#1424);
#1010=LINE('',#7146,#1425);
#1011=LINE('',#7148,#1426);
#1012=LINE('',#7150,#1427);
#1013=LINE('',#7152,#1428);
#1014=LINE('',#7154,#1429);
#1015=LINE('',#7156,#1430);
#1016=LINE('',#7159,#1431);
#1017=LINE('',#7161,#1432);
#1018=LINE('',#7163,#1433);
#1019=LINE('',#7166,#1434);
#1020=LINE('',#7168,#1435);
#1021=LINE('',#7171,#1436);
#1022=LINE('',#7173,#1437);
#1023=LINE('',#7175,#1438);
#1024=LINE('',#7178,#1439);
#1025=LINE('',#7180,#1440);
#1026=LINE('',#7183,#1441);
#1027=LINE('',#7185,#1442);
#1028=LINE('',#7188,#1443);
#1029=LINE('',#7190,#1444);
#1030=LINE('',#7193,#1445);
#1031=LINE('',#7195,#1446);
#1032=LINE('',#7198,#1447);
#1033=LINE('',#7200,#1448);
#1034=LINE('',#7203,#1449);
#1035=LINE('',#7205,#1450);
#1036=LINE('',#7207,#1451);
#1037=LINE('',#7210,#1452);
#1038=LINE('',#7212,#1453);
#1039=LINE('',#7215,#1454);
#1040=LINE('',#7217,#1455);
#1041=LINE('',#7220,#1456);
#1042=LINE('',#7222,#1457);
#1043=LINE('',#7225,#1458);
#1044=LINE('',#7227,#1459);
#1045=LINE('',#7230,#1460);
#1046=LINE('',#7232,#1461);
#1047=LINE('',#7235,#1462);
#1048=LINE('',#7237,#1463);
#1049=LINE('',#7240,#1464);
#1050=LINE('',#7242,#1465);
#1051=LINE('',#7244,#1466);
#1052=LINE('',#7247,#1467);
#1053=LINE('',#7249,#1468);
#1054=LINE('',#7252,#1469);
#1055=LINE('',#7254,#1470);
#1056=LINE('',#7257,#1471);
#1057=LINE('',#7259,#1472);
#1058=LINE('',#7262,#1473);
#1059=LINE('',#7264,#1474);
#1060=LINE('',#7266,#1475);
#1061=VECTOR('',#4751,10.);
#1062=VECTOR('',#4754,10.);
#1063=VECTOR('',#4757,10.);
#1064=VECTOR('',#4758,10.);
#1065=VECTOR('',#4759,1.);
#1066=VECTOR('',#4762,10.);
#1067=VECTOR('',#4763,1.);
#1068=VECTOR('',#4764,10.);
#1069=VECTOR('',#4765,10.);
#1070=VECTOR('',#4772,10.);
#1071=VECTOR('',#4775,1.0000000000001);
#1072=VECTOR('',#4776,1.);
#1073=VECTOR('',#4777,10.);
#1074=VECTOR('',#4782,10.);
#1075=VECTOR('',#4785,10.);
#1076=VECTOR('',#4788,10.);
#1077=VECTOR('',#4791,10.);
#1078=VECTOR('',#4794,10.);
#1079=VECTOR('',#4797,10.);
#1080=VECTOR('',#4800,10.);
#1081=VECTOR('',#4805,10.);
#1082=VECTOR('',#4808,10.);
#1083=VECTOR('',#4811,10.);
#1084=VECTOR('',#4814,10.);
#1085=VECTOR('',#4817,10.);
#1086=VECTOR('',#4820,10.);
#1087=VECTOR('',#4823,10.);
#1088=VECTOR('',#4826,10.);
#1089=VECTOR('',#4829,10.);
#1090=VECTOR('',#4832,10.);
#1091=VECTOR('',#4835,10.);
#1092=VECTOR('',#4836,10.);
#1093=VECTOR('',#4837,10.);
#1094=VECTOR('',#4848,10.);
#1095=VECTOR('',#4851,10.);
#1096=VECTOR('',#4854,10.);
#1097=VECTOR('',#4857,10.);
#1098=VECTOR('',#4860,10.);
#1099=VECTOR('',#4863,10.);
#1100=VECTOR('',#4866,10.);
#1101=VECTOR('',#4869,10.);
#1102=VECTOR('',#4872,10.);
#1103=VECTOR('',#4875,10.);
#1104=VECTOR('',#4878,10.);
#1105=VECTOR('',#4881,10.);
#1106=VECTOR('',#4884,10.);
#1107=VECTOR('',#4887,10.);
#1108=VECTOR('',#4890,10.);
#1109=VECTOR('',#4893,10.);
#1110=VECTOR('',#4896,10.);
#1111=VECTOR('',#4899,10.);
#1112=VECTOR('',#4902,10.);
#1113=VECTOR('',#4905,10.);
#1114=VECTOR('',#4908,10.);
#1115=VECTOR('',#4911,10.);
#1116=VECTOR('',#4914,10.);
#1117=VECTOR('',#4917,10.);
#1118=VECTOR('',#4920,10.);
#1119=VECTOR('',#4923,10.);
#1120=VECTOR('',#4926,10.);
#1121=VECTOR('',#4929,10.);
#1122=VECTOR('',#4932,10.);
#1123=VECTOR('',#4935,10.);
#1124=VECTOR('',#4938,10.);
#1125=VECTOR('',#4941,10.);
#1126=VECTOR('',#4944,10.);
#1127=VECTOR('',#4947,10.);
#1128=VECTOR('',#4950,10.);
#1129=VECTOR('',#4953,10.);
#1130=VECTOR('',#4956,10.);
#1131=VECTOR('',#4959,10.);
#1132=VECTOR('',#4962,10.);
#1133=VECTOR('',#4965,10.);
#1134=VECTOR('',#4968,10.);
#1135=VECTOR('',#4971,10.);
#1136=VECTOR('',#4974,10.);
#1137=VECTOR('',#4977,10.);
#1138=VECTOR('',#4980,10.);
#1139=VECTOR('',#4983,10.);
#1140=VECTOR('',#4986,10.);
#1141=VECTOR('',#4989,10.);
#1142=VECTOR('',#4992,10.);
#1143=VECTOR('',#4995,10.);
#1144=VECTOR('',#4998,10.);
#1145=VECTOR('',#5001,10.);
#1146=VECTOR('',#5004,10.);
#1147=VECTOR('',#5007,10.);
#1148=VECTOR('',#5010,10.);
#1149=VECTOR('',#5013,10.);
#1150=VECTOR('',#5016,10.);
#1151=VECTOR('',#5019,10.);
#1152=VECTOR('',#5022,10.);
#1153=VECTOR('',#5025,10.);
#1154=VECTOR('',#5028,10.);
#1155=VECTOR('',#5031,10.);
#1156=VECTOR('',#5034,10.);
#1157=VECTOR('',#5037,10.);
#1158=VECTOR('',#5040,10.);
#1159=VECTOR('',#5043,10.);
#1160=VECTOR('',#5046,10.);
#1161=VECTOR('',#5049,10.);
#1162=VECTOR('',#5052,10.);
#1163=VECTOR('',#5055,10.);
#1164=VECTOR('',#5058,10.);
#1165=VECTOR('',#5061,10.);
#1166=VECTOR('',#5064,10.);
#1167=VECTOR('',#5067,10.);
#1168=VECTOR('',#5070,10.);
#1169=VECTOR('',#5073,10.);
#1170=VECTOR('',#5076,10.);
#1171=VECTOR('',#5079,10.);
#1172=VECTOR('',#5082,10.);
#1173=VECTOR('',#5085,10.);
#1174=VECTOR('',#5090,0.999999999999828);
#1175=VECTOR('',#5091,1.00000000000051);
#1176=VECTOR('',#5092,1.00000000000046);
#1177=VECTOR('',#5095,0.999999999999651);
#1178=VECTOR('',#5098,1.);
#1179=VECTOR('',#5101,1.);
#1180=VECTOR('',#5104,1.);
#1181=VECTOR('',#5107,1.);
#1182=VECTOR('',#5110,1.);
#1183=VECTOR('',#5113,1.);
#1184=VECTOR('',#5116,1.);
#1185=VECTOR('',#5119,1.);
#1186=VECTOR('',#5122,1.);
#1187=VECTOR('',#5127,1.);
#1188=VECTOR('',#5130,1.);
#1189=VECTOR('',#5133,1.);
#1190=VECTOR('',#5136,1.);
#1191=VECTOR('',#5139,1.);
#1192=VECTOR('',#5142,10.);
#1193=VECTOR('',#5145,10.);
#1194=VECTOR('',#5152,1.);
#1195=VECTOR('',#5155,1.);
#1196=VECTOR('',#5158,1.);
#1197=VECTOR('',#5161,1.);
#1198=VECTOR('',#5164,1.);
#1199=VECTOR('',#5167,1.);
#1200=VECTOR('',#5170,1.);
#1201=VECTOR('',#5173,1.);
#1202=VECTOR('',#5178,1.);
#1203=VECTOR('',#5181,1.);
#1204=VECTOR('',#5184,1.);
#1205=VECTOR('',#5187,1.);
#1206=VECTOR('',#5190,1.);
#1207=VECTOR('',#5193,1.);
#1208=VECTOR('',#5196,1.);
#1209=VECTOR('',#5199,1.);
#1210=VECTOR('',#5202,1.);
#1211=VECTOR('',#5205,1.);
#1212=VECTOR('',#5208,1.);
#1213=VECTOR('',#5211,1.);
#1214=VECTOR('',#5214,1.00000000000012);
#1215=VECTOR('',#5217,1.00000000000012);
#1216=VECTOR('',#5220,1.00000000000012);
#1217=VECTOR('',#5223,1.00000000000012);
#1218=VECTOR('',#5226,0.999999999999916);
#1219=VECTOR('',#5229,0.999999999999916);
#1220=VECTOR('',#5232,0.999999999999916);
#1221=VECTOR('',#5235,0.999999999999916);
#1222=VECTOR('',#5238,1.);
#1223=VECTOR('',#5241,1.);
#1224=VECTOR('',#5244,1.);
#1225=VECTOR('',#5247,1.);
#1226=VECTOR('',#5252,1.);
#1227=VECTOR('',#5255,1.);
#1228=VECTOR('',#5258,1.);
#1229=VECTOR('',#5261,1.);
#1230=VECTOR('',#5264,1.);
#1231=VECTOR('',#5267,1.);
#1232=VECTOR('',#5270,1.);
#1233=VECTOR('',#5273,1.);
#1234=VECTOR('',#5276,1.);
#1235=VECTOR('',#5279,1.);
#1236=VECTOR('',#5282,1.);
#1237=VECTOR('',#5285,1.);
#1238=VECTOR('',#5288,1.);
#1239=VECTOR('',#5291,1.);
#1240=VECTOR('',#5294,1.);
#1241=VECTOR('',#5297,1.);
#1242=VECTOR('',#5300,1.);
#1243=VECTOR('',#5303,1.);
#1244=VECTOR('',#5306,1.);
#1245=VECTOR('',#5309,1.);
#1246=VECTOR('',#5312,1.);
#1247=VECTOR('',#5315,1.);
#1248=VECTOR('',#5318,1.);
#1249=VECTOR('',#5321,1.);
#1250=VECTOR('',#5324,1.);
#1251=VECTOR('',#5327,1.);
#1252=VECTOR('',#5330,1.);
#1253=VECTOR('',#5333,1.);
#1254=VECTOR('',#5338,1.);
#1255=VECTOR('',#5341,1.);
#1256=VECTOR('',#5344,1.);
#1257=VECTOR('',#5347,1.);
#1258=VECTOR('',#5350,1.);
#1259=VECTOR('',#5353,1.);
#1260=VECTOR('',#5356,1.);
#1261=VECTOR('',#5359,1.);
#1262=VECTOR('',#5362,1.);
#1263=VECTOR('',#5365,1.);
#1264=VECTOR('',#5368,1.);
#1265=VECTOR('',#5371,1.);
#1266=VECTOR('',#5374,1.);
#1267=VECTOR('',#5377,1.);
#1268=VECTOR('',#5380,1.);
#1269=VECTOR('',#5383,1.);
#1270=VECTOR('',#5388,1.);
#1271=VECTOR('',#5391,1.);
#1272=VECTOR('',#5394,1.);
#1273=VECTOR('',#5397,1.);
#1274=VECTOR('',#5400,1.);
#1275=VECTOR('',#5401,1.);
#1276=VECTOR('',#5404,1.);
#1277=VECTOR('',#5407,1.);
#1278=VECTOR('',#5410,1.);
#1279=VECTOR('',#5413,1.);
#1280=VECTOR('',#5414,1.);
#1281=VECTOR('',#5417,1.);
#1282=VECTOR('',#5420,1.);
#1283=VECTOR('',#5423,1.);
#1284=VECTOR('',#5426,1.);
#1285=VECTOR('',#5427,1.);
#1286=VECTOR('',#5430,1.);
#1287=VECTOR('',#5433,1.);
#1288=VECTOR('',#5436,1.);
#1289=VECTOR('',#5439,1.);
#1290=VECTOR('',#5440,1.);
#1291=VECTOR('',#5443,1.);
#1292=VECTOR('',#5446,1.);
#1293=VECTOR('',#5449,1.);
#1294=VECTOR('',#5452,1.);
#1295=VECTOR('',#5453,1.);
#1296=VECTOR('',#5456,1.);
#1297=VECTOR('',#5459,1.);
#1298=VECTOR('',#5462,1.);
#1299=VECTOR('',#5465,1.);
#1300=VECTOR('',#5466,1.);
#1301=VECTOR('',#5469,1.);
#1302=VECTOR('',#5472,1.);
#1303=VECTOR('',#5475,1.);
#1304=VECTOR('',#5478,1.);
#1305=VECTOR('',#5479,1.);
#1306=VECTOR('',#5482,1.);
#1307=VECTOR('',#5485,1.);
#1308=VECTOR('',#5488,1.);
#1309=VECTOR('',#5491,1.);
#1310=VECTOR('',#5492,1.);
#1311=VECTOR('',#5495,1.);
#1312=VECTOR('',#5498,1.);
#1313=VECTOR('',#5501,1.);
#1314=VECTOR('',#5504,1.);
#1315=VECTOR('',#5505,1.);
#1316=VECTOR('',#5508,1.);
#1317=VECTOR('',#5511,1.);
#1318=VECTOR('',#5514,1.);
#1319=VECTOR('',#5517,1.);
#1320=VECTOR('',#5518,1.);
#1321=VECTOR('',#5521,1.);
#1322=VECTOR('',#5524,1.);
#1323=VECTOR('',#5527,1.);
#1324=VECTOR('',#5530,1.);
#1325=VECTOR('',#5531,1.);
#1326=VECTOR('',#5534,1.);
#1327=VECTOR('',#5537,1.);
#1328=VECTOR('',#5540,1.);
#1329=VECTOR('',#5543,1.);
#1330=VECTOR('',#5544,1.);
#1331=VECTOR('',#5547,1.);
#1332=VECTOR('',#5550,1.);
#1333=VECTOR('',#5553,1.);
#1334=VECTOR('',#5556,1.);
#1335=VECTOR('',#5557,1.);
#1336=VECTOR('',#5560,1.);
#1337=VECTOR('',#5563,1.);
#1338=VECTOR('',#5566,1.);
#1339=VECTOR('',#5569,1.);
#1340=VECTOR('',#5570,1.);
#1341=VECTOR('',#5573,1.);
#1342=VECTOR('',#5576,1.);
#1343=VECTOR('',#5579,1.);
#1344=VECTOR('',#5582,1.);
#1345=VECTOR('',#5583,1.);
#1346=VECTOR('',#5586,1.);
#1347=VECTOR('',#5589,1.);
#1348=VECTOR('',#5592,1.);
#1349=VECTOR('',#5595,1.);
#1350=VECTOR('',#5596,1.);
#1351=VECTOR('',#5599,1.);
#1352=VECTOR('',#5602,1.);
#1353=VECTOR('',#5605,1.);
#1354=VECTOR('',#5608,1.);
#1355=VECTOR('',#5609,1.);
#1356=VECTOR('',#5612,1.);
#1357=VECTOR('',#5615,1.);
#1358=VECTOR('',#5618,1.);
#1359=VECTOR('',#5621,1.);
#1360=VECTOR('',#5622,1.);
#1361=VECTOR('',#5625,1.);
#1362=VECTOR('',#5628,1.);
#1363=VECTOR('',#5631,1.);
#1364=VECTOR('',#5634,1.);
#1365=VECTOR('',#5635,1.);
#1366=VECTOR('',#5638,1.);
#1367=VECTOR('',#5641,1.);
#1368=VECTOR('',#5644,1.);
#1369=VECTOR('',#5647,1.);
#1370=VECTOR('',#5648,1.);
#1371=VECTOR('',#5651,1.);
#1372=VECTOR('',#5654,1.);
#1373=VECTOR('',#5657,1.);
#1374=VECTOR('',#5660,1.);
#1375=VECTOR('',#5661,1.);
#1376=VECTOR('',#5664,1.);
#1377=VECTOR('',#5667,1.);
#1378=VECTOR('',#5670,1.);
#1379=VECTOR('',#5673,1.);
#1380=VECTOR('',#5676,1.);
#1381=VECTOR('',#5679,1.);
#1382=VECTOR('',#5682,1.);
#1383=VECTOR('',#5685,1.);
#1384=VECTOR('',#5688,1.);
#1385=VECTOR('',#5691,1.);
#1386=VECTOR('',#5694,1.);
#1387=VECTOR('',#5697,1.);
#1388=VECTOR('',#5700,1.);
#1389=VECTOR('',#5703,1.);
#1390=VECTOR('',#5706,1.);
#1391=VECTOR('',#5709,1.);
#1392=VECTOR('',#5712,1.);
#1393=VECTOR('',#5715,1.);
#1394=VECTOR('',#5718,1.);
#1395=VECTOR('',#5721,1.);
#1396=VECTOR('',#5724,1.);
#1397=VECTOR('',#5727,10.);
#1398=VECTOR('',#5730,10.);
#1399=VECTOR('',#5733,10.);
#1400=VECTOR('',#5736,1.);
#1401=VECTOR('',#5739,1.);
#1402=VECTOR('',#5742,1.);
#1403=VECTOR('',#5745,1.);
#1404=VECTOR('',#5748,1.);
#1405=VECTOR('',#5751,1.);
#1406=VECTOR('',#5754,1.);
#1407=VECTOR('',#5757,1.);
#1408=VECTOR('',#5760,1.);
#1409=VECTOR('',#5763,1.);
#1410=VECTOR('',#5766,1.);
#1411=VECTOR('',#5769,1.);
#1412=VECTOR('',#5772,1.);
#1413=VECTOR('',#5775,1.);
#1414=VECTOR('',#5778,1.);
#1415=VECTOR('',#5781,1.);
#1416=VECTOR('',#5784,1.);
#1417=VECTOR('',#5787,1.);
#1418=VECTOR('',#5790,1.);
#1419=VECTOR('',#5793,1.);
#1420=VECTOR('',#5796,10.);
#1421=VECTOR('',#5799,10.);
#1422=VECTOR('',#5804,1.);
#1423=VECTOR('',#5807,1.);
#1424=VECTOR('',#5812,1.);
#1425=VECTOR('',#5815,1.);
#1426=VECTOR('',#5818,1.);
#1427=VECTOR('',#5821,1.);
#1428=VECTOR('',#5824,1.);
#1429=VECTOR('',#5827,1.);
#1430=VECTOR('',#5830,1.);
#1431=VECTOR('',#5835,1.1);
#1432=VECTOR('',#5838,1.);
#1433=VECTOR('',#5841,1.);
#1434=VECTOR('',#5846,1.);
#1435=VECTOR('',#5849,1.);
#1436=VECTOR('',#5854,1.1);
#1437=VECTOR('',#5857,1.);
#1438=VECTOR('',#5860,1.);
#1439=VECTOR('',#5865,1.);
#1440=VECTOR('',#5868,1.);
#1441=VECTOR('',#5873,1.);
#1442=VECTOR('',#5876,1.);
#1443=VECTOR('',#5881,1.);
#1444=VECTOR('',#5884,1.);
#1445=VECTOR('',#5889,1.);
#1446=VECTOR('',#5892,1.);
#1447=VECTOR('',#5897,1.);
#1448=VECTOR('',#5900,1.);
#1449=VECTOR('',#5905,1.1);
#1450=VECTOR('',#5908,1.);
#1451=VECTOR('',#5911,1.);
#1452=VECTOR('',#5916,1.);
#1453=VECTOR('',#5919,1.);
#1454=VECTOR('',#5924,1.);
#1455=VECTOR('',#5927,1.);
#1456=VECTOR('',#5932,1.);
#1457=VECTOR('',#5935,1.);
#1458=VECTOR('',#5940,1.);
#1459=VECTOR('',#5943,1.);
#1460=VECTOR('',#5948,1.);
#1461=VECTOR('',#5951,1.);
#1462=VECTOR('',#5956,1.);
#1463=VECTOR('',#5959,1.);
#1464=VECTOR('',#5964,1.1);
#1465=VECTOR('',#5967,1.);
#1466=VECTOR('',#5970,1.);
#1467=VECTOR('',#5975,1.);
#1468=VECTOR('',#5978,1.);
#1469=VECTOR('',#5983,1.);
#1470=VECTOR('',#5986,1.);
#1471=VECTOR('',#5991,1.);
#1472=VECTOR('',#5994,1.);
#1473=VECTOR('',#5999,1.1);
#1474=VECTOR('',#6002,1.);
#1475=VECTOR('',#6005,1.);
#1476=CIRCLE('',#4320,1.00000000000007);
#1477=CIRCLE('',#4321,1.00000000000007);
#1478=CIRCLE('',#4325,1.00000000000004);
#1479=CIRCLE('',#4326,1.00000000000004);
#1480=CIRCLE('',#4329,5.000082517598);
#1481=CIRCLE('',#4330,1.00000000000001);
#1482=CIRCLE('',#4331,0.499998692424874);
#1483=CIRCLE('',#4332,0.999999252925);
#1484=CIRCLE('',#4333,0.999999252925);
#1485=CIRCLE('',#4334,0.999999252925);
#1486=CIRCLE('',#4335,0.999999252925);
#1487=CIRCLE('',#4336,0.500001333575);
#1488=CIRCLE('',#4337,0.500001333575);
#1489=CIRCLE('',#4338,0.999999252925);
#1490=CIRCLE('',#4339,0.999999252925);
#1491=CIRCLE('',#4340,0.999999252925);
#1492=CIRCLE('',#4341,0.999999252925);
#1493=CIRCLE('',#4342,0.999999252925);
#1494=CIRCLE('',#4343,0.999999252925);
#1495=CIRCLE('',#4344,0.999999252925);
#1496=CIRCLE('',#4345,0.999999252925);
#1497=CIRCLE('',#4346,4.999999336336);
#1498=CIRCLE('',#4347,5.00000445242);
#1499=CIRCLE('',#4348,1.1);
#1500=CIRCLE('',#4349,1.1);
#1501=CIRCLE('',#4350,1.1);
#1502=CIRCLE('',#4351,1.1);
#1503=CIRCLE('',#4352,1.1);
#1504=CIRCLE('',#4353,0.360001506454);
#1505=CIRCLE('',#4354,0.360001506454);
#1506=CIRCLE('',#4355,0.360001506454);
#1507=CIRCLE('',#4356,0.360001506454);
#1508=CIRCLE('',#4357,0.360001506454);
#1509=CIRCLE('',#4358,0.360001506454);
#1510=CIRCLE('',#4359,0.360001506454);
#1511=CIRCLE('',#4360,0.360001506454);
#1512=CIRCLE('',#4361,0.360001506454);
#1513=CIRCLE('',#4362,0.360001506454);
#1514=CIRCLE('',#4363,0.360001506455);
#1515=CIRCLE('',#4364,0.360001506455);
#1516=CIRCLE('',#4365,0.360001506455);
#1517=CIRCLE('',#4366,0.360001506455);
#1518=CIRCLE('',#4367,0.360001506455);
#1519=CIRCLE('',#4368,0.360001506455);
#1520=CIRCLE('',#4369,0.360001506455);
#1521=CIRCLE('',#4370,0.360001506455);
#1522=CIRCLE('',#4371,0.360001506455);
#1523=CIRCLE('',#4372,0.360001506455);
#1524=CIRCLE('',#4373,0.36000313088);
#1525=CIRCLE('',#4374,0.36000313088);
#1526=CIRCLE('',#4375,0.36000313088);
#1527=CIRCLE('',#4376,0.36000313088);
#1528=CIRCLE('',#4377,0.359999449958);
#1529=CIRCLE('',#4378,0.359999449958);
#1530=CIRCLE('',#4379,0.359999449958);
#1531=CIRCLE('',#4380,0.359999449958);
#1532=CIRCLE('',#4381,0.360001506455);
#1533=CIRCLE('',#4382,0.360001506455);
#1534=CIRCLE('',#4383,0.360001506455);
#1535=CIRCLE('',#4384,0.360001506455);
#1536=CIRCLE('',#4385,0.360001506455);
#1537=CIRCLE('',#4386,0.360001506455);
#1538=CIRCLE('',#4387,0.360001506455);
#1539=CIRCLE('',#4388,0.360001506455);
#1540=CIRCLE('',#4389,0.360001506454);
#1541=CIRCLE('',#4390,0.360001506454);
#1542=CIRCLE('',#4391,0.360001506454);
#1543=CIRCLE('',#4392,0.360001506454);
#1544=CIRCLE('',#4393,0.360001506454);
#1545=CIRCLE('',#4394,0.360001506454);
#1546=CIRCLE('',#4395,0.360001506454);
#1547=CIRCLE('',#4396,0.360001506454);
#1548=CIRCLE('',#4397,0.360001506454);
#1549=CIRCLE('',#4398,0.360001506454);
#1550=CIRCLE('',#4399,0.360001506455);
#1551=CIRCLE('',#4400,0.360001506455);
#1552=CIRCLE('',#4401,0.360001506455);
#1553=CIRCLE('',#4402,0.360001506455);
#1554=CIRCLE('',#4403,0.360001506455);
#1555=CIRCLE('',#4404,0.360001506455);
#1556=CIRCLE('',#4405,0.360001506454);
#1557=CIRCLE('',#4406,0.360001506454);
#1558=CIRCLE('',#4407,0.360001506454);
#1559=CIRCLE('',#4408,0.360001506454);
#1560=CIRCLE('',#4409,0.360001506454);
#1561=CIRCLE('',#4410,0.360001506454);
#1562=CIRCLE('',#4411,0.360001506455);
#1563=CIRCLE('',#4412,0.360001506455);
#1564=CIRCLE('',#4413,0.360001506455);
#1565=CIRCLE('',#4414,0.360001506455);
#1566=CIRCLE('',#4415,0.360001506455);
#1567=CIRCLE('',#4416,0.360001506455);
#1568=CIRCLE('',#4417,0.360001506455);
#1569=CIRCLE('',#4418,0.360001506455);
#1570=CIRCLE('',#4419,0.360001506455);
#1571=CIRCLE('',#4420,0.360001506455);
#1572=CIRCLE('',#4421,0.360001506455);
#1573=CIRCLE('',#4422,0.360001506455);
#1574=CIRCLE('',#4423,0.360001506455);
#1575=CIRCLE('',#4424,0.360001506455);
#1576=CIRCLE('',#4425,0.360001506455);
#1577=CIRCLE('',#4426,0.360001506455);
#1578=CIRCLE('',#4427,0.360001506455);
#1579=CIRCLE('',#4428,0.360001506455);
#1580=CIRCLE('',#4429,0.360001506455);
#1581=CIRCLE('',#4430,0.360001506455);
#1582=CIRCLE('',#4431,0.360001506455);
#1583=CIRCLE('',#4432,0.360001506455);
#1584=CIRCLE('',#4434,5.00000445242);
#1585=CIRCLE('',#4435,4.999999336336);
#1586=CIRCLE('',#4436,0.999999252925);
#1587=CIRCLE('',#4437,0.999999252925);
#1588=CIRCLE('',#4438,0.999999252925);
#1589=CIRCLE('',#4439,0.999999252925);
#1590=CIRCLE('',#4440,0.999999252925);
#1591=CIRCLE('',#4441,0.999999252925);
#1592=CIRCLE('',#4442,0.999999252925);
#1593=CIRCLE('',#4443,0.999999252925);
#1594=CIRCLE('',#4444,0.500001333575);
#1595=CIRCLE('',#4445,0.500001333575);
#1596=CIRCLE('',#4446,0.999999252925);
#1597=CIRCLE('',#4447,0.999999252925);
#1598=CIRCLE('',#4448,0.999999252925);
#1599=CIRCLE('',#4449,0.999999252925);
#1600=CIRCLE('',#4450,0.499998692424874);
#1601=CIRCLE('',#4451,1.00000000000001);
#1602=CIRCLE('',#4452,5.000082517598);
#1603=CIRCLE('',#4453,1.1);
#1604=CIRCLE('',#4454,0.360001506454);
#1605=CIRCLE('',#4455,0.360001506454);
#1606=CIRCLE('',#4456,0.360001506454);
#1607=CIRCLE('',#4457,0.360001506454);
#1608=CIRCLE('',#4458,0.360001506454);
#1609=CIRCLE('',#4459,0.360001506454);
#1610=CIRCLE('',#4460,0.360001506454);
#1611=CIRCLE('',#4461,0.360001506454);
#1612=CIRCLE('',#4462,1.1);
#1613=CIRCLE('',#4463,0.360001506454);
#1614=CIRCLE('',#4464,0.360001506454);
#1615=CIRCLE('',#4465,0.360001506455);
#1616=CIRCLE('',#4466,0.360001506455);
#1617=CIRCLE('',#4467,0.360001506455);
#1618=CIRCLE('',#4468,0.360001506455);
#1619=CIRCLE('',#4469,0.360001506455);
#1620=CIRCLE('',#4470,0.360001506455);
#1621=CIRCLE('',#4471,0.360001506455);
#1622=CIRCLE('',#4472,0.360001506455);
#1623=CIRCLE('',#4473,0.360001506455);
#1624=CIRCLE('',#4474,0.360001506455);
#1625=CIRCLE('',#4475,0.36000313088);
#1626=CIRCLE('',#4476,0.36000313088);
#1627=CIRCLE('',#4477,0.36000313088);
#1628=CIRCLE('',#4478,0.36000313088);
#1629=CIRCLE('',#4479,0.359999449958);
#1630=CIRCLE('',#4480,0.359999449958);
#1631=CIRCLE('',#4481,0.359999449958);
#1632=CIRCLE('',#4482,0.359999449958);
#1633=CIRCLE('',#4483,0.360001506455);
#1634=CIRCLE('',#4484,0.360001506455);
#1635=CIRCLE('',#4485,0.360001506455);
#1636=CIRCLE('',#4486,0.360001506455);
#1637=CIRCLE('',#4487,1.1);
#1638=CIRCLE('',#4488,0.360001506455);
#1639=CIRCLE('',#4489,0.360001506455);
#1640=CIRCLE('',#4490,0.360001506455);
#1641=CIRCLE('',#4491,0.360001506455);
#1642=CIRCLE('',#4492,0.360001506454);
#1643=CIRCLE('',#4493,0.360001506454);
#1644=CIRCLE('',#4494,0.360001506454);
#1645=CIRCLE('',#4495,0.360001506454);
#1646=CIRCLE('',#4496,0.360001506454);
#1647=CIRCLE('',#4497,0.360001506454);
#1648=CIRCLE('',#4498,0.360001506454);
#1649=CIRCLE('',#4499,0.360001506454);
#1650=CIRCLE('',#4500,0.360001506454);
#1651=CIRCLE('',#4501,0.360001506454);
#1652=CIRCLE('',#4502,0.360001506455);
#1653=CIRCLE('',#4503,0.360001506455);
#1654=CIRCLE('',#4504,0.360001506455);
#1655=CIRCLE('',#4505,0.360001506455);
#1656=CIRCLE('',#4506,0.360001506455);
#1657=CIRCLE('',#4507,0.360001506455);
#1658=CIRCLE('',#4508,0.360001506454);
#1659=CIRCLE('',#4509,0.360001506454);
#1660=CIRCLE('',#4510,0.360001506454);
#1661=CIRCLE('',#4511,0.360001506454);
#1662=CIRCLE('',#4512,0.360001506454);
#1663=CIRCLE('',#4513,0.360001506454);
#1664=CIRCLE('',#4514,0.360001506455);
#1665=CIRCLE('',#4515,0.360001506455);
#1666=CIRCLE('',#4516,1.1);
#1667=CIRCLE('',#4517,0.360001506455);
#1668=CIRCLE('',#4518,0.360001506455);
#1669=CIRCLE('',#4519,0.360001506455);
#1670=CIRCLE('',#4520,0.360001506455);
#1671=CIRCLE('',#4521,0.360001506455);
#1672=CIRCLE('',#4522,0.360001506455);
#1673=CIRCLE('',#4523,0.360001506455);
#1674=CIRCLE('',#4524,0.360001506455);
#1675=CIRCLE('',#4525,0.360001506455);
#1676=CIRCLE('',#4526,0.360001506455);
#1677=CIRCLE('',#4527,0.360001506455);
#1678=CIRCLE('',#4528,0.360001506455);
#1679=CIRCLE('',#4529,0.360001506455);
#1680=CIRCLE('',#4530,0.360001506455);
#1681=CIRCLE('',#4531,0.360001506455);
#1682=CIRCLE('',#4532,0.360001506455);
#1683=CIRCLE('',#4533,1.1);
#1684=CIRCLE('',#4534,0.360001506455);
#1685=CIRCLE('',#4535,0.360001506455);
#1686=CIRCLE('',#4536,0.360001506455);
#1687=CIRCLE('',#4537,0.360001506455);
#1688=VERTEX_POINT('',#6013);
#1689=VERTEX_POINT('',#6014);
#1690=VERTEX_POINT('',#6016);
#1691=VERTEX_POINT('',#6018);
#1692=VERTEX_POINT('',#6022);
#1693=VERTEX_POINT('',#6024);
#1694=VERTEX_POINT('',#6028);
#1695=VERTEX_POINT('',#6029);
#1696=VERTEX_POINT('',#6031);
#1697=VERTEX_POINT('',#6033);
#1698=VERTEX_POINT('',#6037);
#1699=VERTEX_POINT('',#6039);
#1700=VERTEX_POINT('',#6043);
#1701=VERTEX_POINT('',#6045);
#1702=VERTEX_POINT('',#6049);
#1703=VERTEX_POINT('',#6051);
#1704=VERTEX_POINT('',#6053);
#1705=VERTEX_POINT('',#6055);
#1706=VERTEX_POINT('',#6057);
#1707=VERTEX_POINT('',#6059);
#1708=VERTEX_POINT('',#6061);
#1709=VERTEX_POINT('',#6063);
#1710=VERTEX_POINT('',#6065);
#1711=VERTEX_POINT('',#6067);
#1712=VERTEX_POINT('',#6069);
#1713=VERTEX_POINT('',#6071);
#1714=VERTEX_POINT('',#6073);
#1715=VERTEX_POINT('',#6075);
#1716=VERTEX_POINT('',#6077);
#1717=VERTEX_POINT('',#6079);
#1718=VERTEX_POINT('',#6081);
#1719=VERTEX_POINT('',#6083);
#1720=VERTEX_POINT('',#6085);
#1721=VERTEX_POINT('',#6087);
#1722=VERTEX_POINT('',#6089);
#1723=VERTEX_POINT('',#6091);
#1724=VERTEX_POINT('',#6093);
#1725=VERTEX_POINT('',#6095);
#1726=VERTEX_POINT('',#6097);
#1727=VERTEX_POINT('',#6099);
#1728=VERTEX_POINT('',#6101);
#1729=VERTEX_POINT('',#6103);
#1730=VERTEX_POINT('',#6105);
#1731=VERTEX_POINT('',#6107);
#1732=VERTEX_POINT('',#6109);
#1733=VERTEX_POINT('',#6111);
#1734=VERTEX_POINT('',#6113);
#1735=VERTEX_POINT('',#6115);
#1736=VERTEX_POINT('',#6117);
#1737=VERTEX_POINT('',#6119);
#1738=VERTEX_POINT('',#6121);
#1739=VERTEX_POINT('',#6125);
#1740=VERTEX_POINT('',#6127);
#1741=VERTEX_POINT('',#6129);
#1742=VERTEX_POINT('',#6131);
#1743=VERTEX_POINT('',#6133);
#1744=VERTEX_POINT('',#6135);
#1745=VERTEX_POINT('',#6136);
#1746=VERTEX_POINT('',#6138);
#1747=VERTEX_POINT('',#6140);
#1748=VERTEX_POINT('',#6142);
#1749=VERTEX_POINT('',#6144);
#1750=VERTEX_POINT('',#6146);
#1751=VERTEX_POINT('',#6148);
#1752=VERTEX_POINT('',#6151);
#1753=VERTEX_POINT('',#6152);
#1754=VERTEX_POINT('',#6154);
#1755=VERTEX_POINT('',#6156);
#1756=VERTEX_POINT('',#6158);
#1757=VERTEX_POINT('',#6160);
#1758=VERTEX_POINT('',#6162);
#1759=VERTEX_POINT('',#6164);
#1760=VERTEX_POINT('',#6167);
#1761=VERTEX_POINT('',#6168);
#1762=VERTEX_POINT('',#6170);
#1763=VERTEX_POINT('',#6172);
#1764=VERTEX_POINT('',#6174);
#1765=VERTEX_POINT('',#6176);
#1766=VERTEX_POINT('',#6178);
#1767=VERTEX_POINT('',#6180);
#1768=VERTEX_POINT('',#6183);
#1769=VERTEX_POINT('',#6184);
#1770=VERTEX_POINT('',#6186);
#1771=VERTEX_POINT('',#6188);
#1772=VERTEX_POINT('',#6190);
#1773=VERTEX_POINT('',#6192);
#1774=VERTEX_POINT('',#6194);
#1775=VERTEX_POINT('',#6196);
#1776=VERTEX_POINT('',#6199);
#1777=VERTEX_POINT('',#6200);
#1778=VERTEX_POINT('',#6202);
#1779=VERTEX_POINT('',#6204);
#1780=VERTEX_POINT('',#6206);
#1781=VERTEX_POINT('',#6208);
#1782=VERTEX_POINT('',#6210);
#1783=VERTEX_POINT('',#6212);
#1784=VERTEX_POINT('',#6215);
#1785=VERTEX_POINT('',#6216);
#1786=VERTEX_POINT('',#6218);
#1787=VERTEX_POINT('',#6220);
#1788=VERTEX_POINT('',#6222);
#1789=VERTEX_POINT('',#6224);
#1790=VERTEX_POINT('',#6226);
#1791=VERTEX_POINT('',#6228);
#1792=VERTEX_POINT('',#6231);
#1793=VERTEX_POINT('',#6232);
#1794=VERTEX_POINT('',#6234);
#1795=VERTEX_POINT('',#6236);
#1796=VERTEX_POINT('',#6238);
#1797=VERTEX_POINT('',#6240);
#1798=VERTEX_POINT('',#6242);
#1799=VERTEX_POINT('',#6244);
#1800=VERTEX_POINT('',#6247);
#1801=VERTEX_POINT('',#6248);
#1802=VERTEX_POINT('',#6250);
#1803=VERTEX_POINT('',#6252);
#1804=VERTEX_POINT('',#6254);
#1805=VERTEX_POINT('',#6256);
#1806=VERTEX_POINT('',#6258);
#1807=VERTEX_POINT('',#6260);
#1808=VERTEX_POINT('',#6263);
#1809=VERTEX_POINT('',#6264);
#1810=VERTEX_POINT('',#6266);
#1811=VERTEX_POINT('',#6268);
#1812=VERTEX_POINT('',#6270);
#1813=VERTEX_POINT('',#6272);
#1814=VERTEX_POINT('',#6274);
#1815=VERTEX_POINT('',#6276);
#1816=VERTEX_POINT('',#6279);
#1817=VERTEX_POINT('',#6280);
#1818=VERTEX_POINT('',#6282);
#1819=VERTEX_POINT('',#6284);
#1820=VERTEX_POINT('',#6286);
#1821=VERTEX_POINT('',#6288);
#1822=VERTEX_POINT('',#6290);
#1823=VERTEX_POINT('',#6292);
#1824=VERTEX_POINT('',#6295);
#1825=VERTEX_POINT('',#6296);
#1826=VERTEX_POINT('',#6298);
#1827=VERTEX_POINT('',#6300);
#1828=VERTEX_POINT('',#6302);
#1829=VERTEX_POINT('',#6304);
#1830=VERTEX_POINT('',#6306);
#1831=VERTEX_POINT('',#6308);
#1832=VERTEX_POINT('',#6311);
#1833=VERTEX_POINT('',#6312);
#1834=VERTEX_POINT('',#6314);
#1835=VERTEX_POINT('',#6316);
#1836=VERTEX_POINT('',#6318);
#1837=VERTEX_POINT('',#6320);
#1838=VERTEX_POINT('',#6322);
#1839=VERTEX_POINT('',#6324);
#1840=VERTEX_POINT('',#6327);
#1841=VERTEX_POINT('',#6328);
#1842=VERTEX_POINT('',#6330);
#1843=VERTEX_POINT('',#6332);
#1844=VERTEX_POINT('',#6334);
#1845=VERTEX_POINT('',#6336);
#1846=VERTEX_POINT('',#6338);
#1847=VERTEX_POINT('',#6340);
#1848=VERTEX_POINT('',#6343);
#1849=VERTEX_POINT('',#6344);
#1850=VERTEX_POINT('',#6346);
#1851=VERTEX_POINT('',#6348);
#1852=VERTEX_POINT('',#6350);
#1853=VERTEX_POINT('',#6352);
#1854=VERTEX_POINT('',#6354);
#1855=VERTEX_POINT('',#6356);
#1856=VERTEX_POINT('',#6359);
#1857=VERTEX_POINT('',#6360);
#1858=VERTEX_POINT('',#6362);
#1859=VERTEX_POINT('',#6364);
#1860=VERTEX_POINT('',#6366);
#1861=VERTEX_POINT('',#6368);
#1862=VERTEX_POINT('',#6370);
#1863=VERTEX_POINT('',#6372);
#1864=VERTEX_POINT('',#6375);
#1865=VERTEX_POINT('',#6376);
#1866=VERTEX_POINT('',#6378);
#1867=VERTEX_POINT('',#6380);
#1868=VERTEX_POINT('',#6382);
#1869=VERTEX_POINT('',#6384);
#1870=VERTEX_POINT('',#6386);
#1871=VERTEX_POINT('',#6388);
#1872=VERTEX_POINT('',#6391);
#1873=VERTEX_POINT('',#6392);
#1874=VERTEX_POINT('',#6394);
#1875=VERTEX_POINT('',#6396);
#1876=VERTEX_POINT('',#6398);
#1877=VERTEX_POINT('',#6400);
#1878=VERTEX_POINT('',#6402);
#1879=VERTEX_POINT('',#6404);
#1880=VERTEX_POINT('',#6407);
#1881=VERTEX_POINT('',#6408);
#1882=VERTEX_POINT('',#6410);
#1883=VERTEX_POINT('',#6412);
#1884=VERTEX_POINT('',#6414);
#1885=VERTEX_POINT('',#6416);
#1886=VERTEX_POINT('',#6418);
#1887=VERTEX_POINT('',#6420);
#1888=VERTEX_POINT('',#6423);
#1889=VERTEX_POINT('',#6424);
#1890=VERTEX_POINT('',#6426);
#1891=VERTEX_POINT('',#6428);
#1892=VERTEX_POINT('',#6430);
#1893=VERTEX_POINT('',#6432);
#1894=VERTEX_POINT('',#6434);
#1895=VERTEX_POINT('',#6436);
#1896=VERTEX_POINT('',#6439);
#1897=VERTEX_POINT('',#6440);
#1898=VERTEX_POINT('',#6442);
#1899=VERTEX_POINT('',#6444);
#1900=VERTEX_POINT('',#6446);
#1901=VERTEX_POINT('',#6448);
#1902=VERTEX_POINT('',#6450);
#1903=VERTEX_POINT('',#6452);
#1904=VERTEX_POINT('',#6457);
#1905=VERTEX_POINT('',#6459);
#1906=VERTEX_POINT('',#6461);
#1907=VERTEX_POINT('',#6463);
#1908=VERTEX_POINT('',#6465);
#1909=VERTEX_POINT('',#6467);
#1910=VERTEX_POINT('',#6469);
#1911=VERTEX_POINT('',#6471);
#1912=VERTEX_POINT('',#6473);
#1913=VERTEX_POINT('',#6475);
#1914=VERTEX_POINT('',#6477);
#1915=VERTEX_POINT('',#6479);
#1916=VERTEX_POINT('',#6481);
#1917=VERTEX_POINT('',#6483);
#1918=VERTEX_POINT('',#6485);
#1919=VERTEX_POINT('',#6487);
#1920=VERTEX_POINT('',#6489);
#1921=VERTEX_POINT('',#6491);
#1922=VERTEX_POINT('',#6493);
#1923=VERTEX_POINT('',#6495);
#1924=VERTEX_POINT('',#6497);
#1925=VERTEX_POINT('',#6499);
#1926=VERTEX_POINT('',#6501);
#1927=VERTEX_POINT('',#6503);
#1928=VERTEX_POINT('',#6505);
#1929=VERTEX_POINT('',#6507);
#1930=VERTEX_POINT('',#6509);
#1931=VERTEX_POINT('',#6511);
#1932=VERTEX_POINT('',#6513);
#1933=VERTEX_POINT('',#6515);
#1934=VERTEX_POINT('',#6517);
#1935=VERTEX_POINT('',#6519);
#1936=VERTEX_POINT('',#6521);
#1937=VERTEX_POINT('',#6523);
#1938=VERTEX_POINT('',#6525);
#1939=VERTEX_POINT('',#6527);
#1940=VERTEX_POINT('',#6529);
#1941=VERTEX_POINT('',#6532);
#1942=VERTEX_POINT('',#6534);
#1943=VERTEX_POINT('',#6535);
#1944=VERTEX_POINT('',#6537);
#1945=VERTEX_POINT('',#6539);
#1946=VERTEX_POINT('',#6541);
#1947=VERTEX_POINT('',#6543);
#1948=VERTEX_POINT('',#6545);
#1949=VERTEX_POINT('',#6547);
#1950=VERTEX_POINT('',#6550);
#1951=VERTEX_POINT('',#6551);
#1952=VERTEX_POINT('',#6553);
#1953=VERTEX_POINT('',#6555);
#1954=VERTEX_POINT('',#6557);
#1955=VERTEX_POINT('',#6559);
#1956=VERTEX_POINT('',#6561);
#1957=VERTEX_POINT('',#6563);
#1958=VERTEX_POINT('',#6566);
#1959=VERTEX_POINT('',#6568);
#1960=VERTEX_POINT('',#6569);
#1961=VERTEX_POINT('',#6571);
#1962=VERTEX_POINT('',#6573);
#1963=VERTEX_POINT('',#6575);
#1964=VERTEX_POINT('',#6577);
#1965=VERTEX_POINT('',#6579);
#1966=VERTEX_POINT('',#6581);
#1967=VERTEX_POINT('',#6584);
#1968=VERTEX_POINT('',#6585);
#1969=VERTEX_POINT('',#6587);
#1970=VERTEX_POINT('',#6589);
#1971=VERTEX_POINT('',#6591);
#1972=VERTEX_POINT('',#6593);
#1973=VERTEX_POINT('',#6595);
#1974=VERTEX_POINT('',#6597);
#1975=VERTEX_POINT('',#6600);
#1976=VERTEX_POINT('',#6601);
#1977=VERTEX_POINT('',#6603);
#1978=VERTEX_POINT('',#6605);
#1979=VERTEX_POINT('',#6607);
#1980=VERTEX_POINT('',#6609);
#1981=VERTEX_POINT('',#6611);
#1982=VERTEX_POINT('',#6613);
#1983=VERTEX_POINT('',#6616);
#1984=VERTEX_POINT('',#6617);
#1985=VERTEX_POINT('',#6619);
#1986=VERTEX_POINT('',#6621);
#1987=VERTEX_POINT('',#6623);
#1988=VERTEX_POINT('',#6625);
#1989=VERTEX_POINT('',#6627);
#1990=VERTEX_POINT('',#6629);
#1991=VERTEX_POINT('',#6632);
#1992=VERTEX_POINT('',#6633);
#1993=VERTEX_POINT('',#6635);
#1994=VERTEX_POINT('',#6637);
#1995=VERTEX_POINT('',#6639);
#1996=VERTEX_POINT('',#6641);
#1997=VERTEX_POINT('',#6643);
#1998=VERTEX_POINT('',#6645);
#1999=VERTEX_POINT('',#6648);
#2000=VERTEX_POINT('',#6649);
#2001=VERTEX_POINT('',#6651);
#2002=VERTEX_POINT('',#6653);
#2003=VERTEX_POINT('',#6655);
#2004=VERTEX_POINT('',#6657);
#2005=VERTEX_POINT('',#6659);
#2006=VERTEX_POINT('',#6661);
#2007=VERTEX_POINT('',#6664);
#2008=VERTEX_POINT('',#6666);
#2009=VERTEX_POINT('',#6667);
#2010=VERTEX_POINT('',#6669);
#2011=VERTEX_POINT('',#6671);
#2012=VERTEX_POINT('',#6673);
#2013=VERTEX_POINT('',#6675);
#2014=VERTEX_POINT('',#6677);
#2015=VERTEX_POINT('',#6679);
#2016=VERTEX_POINT('',#6682);
#2017=VERTEX_POINT('',#6683);
#2018=VERTEX_POINT('',#6685);
#2019=VERTEX_POINT('',#6687);
#2020=VERTEX_POINT('',#6689);
#2021=VERTEX_POINT('',#6691);
#2022=VERTEX_POINT('',#6693);
#2023=VERTEX_POINT('',#6695);
#2024=VERTEX_POINT('',#6698);
#2025=VERTEX_POINT('',#6699);
#2026=VERTEX_POINT('',#6701);
#2027=VERTEX_POINT('',#6703);
#2028=VERTEX_POINT('',#6705);
#2029=VERTEX_POINT('',#6707);
#2030=VERTEX_POINT('',#6709);
#2031=VERTEX_POINT('',#6711);
#2032=VERTEX_POINT('',#6714);
#2033=VERTEX_POINT('',#6715);
#2034=VERTEX_POINT('',#6717);
#2035=VERTEX_POINT('',#6719);
#2036=VERTEX_POINT('',#6721);
#2037=VERTEX_POINT('',#6723);
#2038=VERTEX_POINT('',#6725);
#2039=VERTEX_POINT('',#6727);
#2040=VERTEX_POINT('',#6730);
#2041=VERTEX_POINT('',#6731);
#2042=VERTEX_POINT('',#6733);
#2043=VERTEX_POINT('',#6735);
#2044=VERTEX_POINT('',#6737);
#2045=VERTEX_POINT('',#6739);
#2046=VERTEX_POINT('',#6741);
#2047=VERTEX_POINT('',#6743);
#2048=VERTEX_POINT('',#6746);
#2049=VERTEX_POINT('',#6747);
#2050=VERTEX_POINT('',#6749);
#2051=VERTEX_POINT('',#6751);
#2052=VERTEX_POINT('',#6753);
#2053=VERTEX_POINT('',#6755);
#2054=VERTEX_POINT('',#6757);
#2055=VERTEX_POINT('',#6759);
#2056=VERTEX_POINT('',#6762);
#2057=VERTEX_POINT('',#6763);
#2058=VERTEX_POINT('',#6765);
#2059=VERTEX_POINT('',#6767);
#2060=VERTEX_POINT('',#6769);
#2061=VERTEX_POINT('',#6771);
#2062=VERTEX_POINT('',#6773);
#2063=VERTEX_POINT('',#6775);
#2064=VERTEX_POINT('',#6778);
#2065=VERTEX_POINT('',#6780);
#2066=VERTEX_POINT('',#6781);
#2067=VERTEX_POINT('',#6783);
#2068=VERTEX_POINT('',#6785);
#2069=VERTEX_POINT('',#6787);
#2070=VERTEX_POINT('',#6789);
#2071=VERTEX_POINT('',#6791);
#2072=VERTEX_POINT('',#6793);
#2073=VERTEX_POINT('',#6796);
#2074=VERTEX_POINT('',#6797);
#2075=VERTEX_POINT('',#6799);
#2076=VERTEX_POINT('',#6801);
#2077=VERTEX_POINT('',#6803);
#2078=VERTEX_POINT('',#6805);
#2079=VERTEX_POINT('',#6807);
#2080=VERTEX_POINT('',#6809);
#2081=VERTEX_POINT('',#6812);
#2082=VERTEX_POINT('',#6813);
#2083=VERTEX_POINT('',#6815);
#2084=VERTEX_POINT('',#6817);
#2085=VERTEX_POINT('',#6819);
#2086=VERTEX_POINT('',#6821);
#2087=VERTEX_POINT('',#6823);
#2088=VERTEX_POINT('',#6825);
#2089=VERTEX_POINT('',#6828);
#2090=VERTEX_POINT('',#6829);
#2091=VERTEX_POINT('',#6831);
#2092=VERTEX_POINT('',#6833);
#2093=VERTEX_POINT('',#6835);
#2094=VERTEX_POINT('',#6837);
#2095=VERTEX_POINT('',#6839);
#2096=VERTEX_POINT('',#6841);
#2097=VERTEX_POINT('',#6844);
#2098=VERTEX_POINT('',#6846);
#2099=VERTEX_POINT('',#6847);
#2100=VERTEX_POINT('',#6849);
#2101=VERTEX_POINT('',#6851);
#2102=VERTEX_POINT('',#6853);
#2103=VERTEX_POINT('',#6855);
#2104=VERTEX_POINT('',#6857);
#2105=VERTEX_POINT('',#6859);
#2106=EDGE_CURVE('',#1688,#1689,#1476,.T.);
#2107=EDGE_CURVE('',#1688,#1690,#646,.T.);
#2108=EDGE_CURVE('',#1691,#1690,#1477,.T.);
#2109=EDGE_CURVE('',#1691,#1689,#647,.T.);
#2110=EDGE_CURVE('',#1689,#1692,#648,.T.);
#2111=EDGE_CURVE('',#1693,#1691,#649,.T.);
#2112=EDGE_CURVE('',#1692,#1693,#650,.T.);
#2113=EDGE_CURVE('',#1694,#1695,#651,.T.);
#2114=EDGE_CURVE('',#1694,#1696,#652,.T.);
#2115=EDGE_CURVE('',#1697,#1696,#653,.T.);
#2116=EDGE_CURVE('',#1697,#1695,#654,.T.);
#2117=EDGE_CURVE('',#1695,#1698,#1478,.T.);
#2118=EDGE_CURVE('',#1699,#1697,#1479,.T.);
#2119=EDGE_CURVE('',#1698,#1699,#655,.T.);
#2120=EDGE_CURVE('',#1700,#1688,#656,.T.);
#2121=EDGE_CURVE('',#1700,#1701,#657,.T.);
#2122=EDGE_CURVE('',#1701,#1690,#658,.T.);
#2123=EDGE_CURVE('',#1702,#1701,#1480,.T.);
#2124=EDGE_CURVE('',#1703,#1702,#659,.T.);
#2125=EDGE_CURVE('',#1704,#1703,#1481,.T.);
#2126=EDGE_CURVE('',#1705,#1704,#660,.T.);
#2127=EDGE_CURVE('',#1706,#1705,#1482,.T.);
#2128=EDGE_CURVE('',#1707,#1706,#661,.T.);
#2129=EDGE_CURVE('',#1708,#1707,#1483,.T.);
#2130=EDGE_CURVE('',#1709,#1708,#662,.T.);
#2131=EDGE_CURVE('',#1710,#1709,#1484,.T.);
#2132=EDGE_CURVE('',#1711,#1710,#663,.T.);
#2133=EDGE_CURVE('',#1712,#1711,#1485,.T.);
#2134=EDGE_CURVE('',#1713,#1712,#664,.T.);
#2135=EDGE_CURVE('',#1714,#1713,#1486,.T.);
#2136=EDGE_CURVE('',#1715,#1714,#665,.T.);
#2137=EDGE_CURVE('',#1716,#1715,#1487,.T.);
#2138=EDGE_CURVE('',#1717,#1716,#1488,.T.);
#2139=EDGE_CURVE('',#1718,#1717,#666,.T.);
#2140=EDGE_CURVE('',#1719,#1718,#1489,.T.);
#2141=EDGE_CURVE('',#1720,#1719,#667,.T.);
#2142=EDGE_CURVE('',#1721,#1720,#1490,.T.);
#2143=EDGE_CURVE('',#1722,#1721,#668,.T.);
#2144=EDGE_CURVE('',#1723,#1722,#1491,.T.);
#2145=EDGE_CURVE('',#1724,#1723,#669,.T.);
#2146=EDGE_CURVE('',#1725,#1724,#1492,.T.);
#2147=EDGE_CURVE('',#1726,#1725,#670,.T.);
#2148=EDGE_CURVE('',#1727,#1726,#1493,.T.);
#2149=EDGE_CURVE('',#1728,#1727,#671,.T.);
#2150=EDGE_CURVE('',#1729,#1728,#1494,.T.);
#2151=EDGE_CURVE('',#1730,#1729,#672,.T.);
#2152=EDGE_CURVE('',#1731,#1730,#1495,.T.);
#2153=EDGE_CURVE('',#1732,#1731,#673,.T.);
#2154=EDGE_CURVE('',#1733,#1732,#1496,.T.);
#2155=EDGE_CURVE('',#1734,#1733,#674,.T.);
#2156=EDGE_CURVE('',#1735,#1734,#1497,.T.);
#2157=EDGE_CURVE('',#1736,#1735,#675,.T.);
#2158=EDGE_CURVE('',#1737,#1736,#1498,.T.);
#2159=EDGE_CURVE('',#1738,#1737,#676,.T.);
#2160=EDGE_CURVE('',#1699,#1738,#677,.T.);
#2161=EDGE_CURVE('',#1693,#1696,#678,.T.);
#2162=EDGE_CURVE('',#1739,#1739,#1499,.T.);
#2163=EDGE_CURVE('',#1740,#1740,#1500,.T.);
#2164=EDGE_CURVE('',#1741,#1741,#1501,.T.);
#2165=EDGE_CURVE('',#1742,#1742,#1502,.T.);
#2166=EDGE_CURVE('',#1743,#1743,#1503,.T.);
#2167=EDGE_CURVE('',#1744,#1745,#679,.T.);
#2168=EDGE_CURVE('',#1746,#1744,#1504,.T.);
#2169=EDGE_CURVE('',#1747,#1746,#680,.T.);
#2170=EDGE_CURVE('',#1748,#1747,#1505,.T.);
#2171=EDGE_CURVE('',#1749,#1748,#681,.T.);
#2172=EDGE_CURVE('',#1750,#1749,#1506,.T.);
#2173=EDGE_CURVE('',#1751,#1750,#682,.T.);
#2174=EDGE_CURVE('',#1745,#1751,#1507,.T.);
#2175=EDGE_CURVE('',#1752,#1753,#683,.T.);
#2176=EDGE_CURVE('',#1754,#1752,#1508,.T.);
#2177=EDGE_CURVE('',#1755,#1754,#684,.T.);
#2178=EDGE_CURVE('',#1756,#1755,#1509,.T.);
#2179=EDGE_CURVE('',#1757,#1756,#685,.T.);
#2180=EDGE_CURVE('',#1758,#1757,#1510,.T.);
#2181=EDGE_CURVE('',#1759,#1758,#686,.T.);
#2182=EDGE_CURVE('',#1753,#1759,#1511,.T.);
#2183=EDGE_CURVE('',#1760,#1761,#687,.T.);
#2184=EDGE_CURVE('',#1762,#1760,#1512,.T.);
#2185=EDGE_CURVE('',#1763,#1762,#688,.T.);
#2186=EDGE_CURVE('',#1764,#1763,#1513,.T.);
#2187=EDGE_CURVE('',#1765,#1764,#689,.T.);
#2188=EDGE_CURVE('',#1766,#1765,#1514,.T.);
#2189=EDGE_CURVE('',#1767,#1766,#690,.T.);
#2190=EDGE_CURVE('',#1761,#1767,#1515,.T.);
#2191=EDGE_CURVE('',#1768,#1769,#691,.T.);
#2192=EDGE_CURVE('',#1770,#1768,#1516,.T.);
#2193=EDGE_CURVE('',#1771,#1770,#692,.T.);
#2194=EDGE_CURVE('',#1772,#1771,#1517,.T.);
#2195=EDGE_CURVE('',#1773,#1772,#693,.T.);
#2196=EDGE_CURVE('',#1774,#1773,#1518,.T.);
#2197=EDGE_CURVE('',#1775,#1774,#694,.T.);
#2198=EDGE_CURVE('',#1769,#1775,#1519,.T.);
#2199=EDGE_CURVE('',#1776,#1777,#695,.T.);
#2200=EDGE_CURVE('',#1778,#1776,#1520,.T.);
#2201=EDGE_CURVE('',#1779,#1778,#696,.T.);
#2202=EDGE_CURVE('',#1780,#1779,#1521,.T.);
#2203=EDGE_CURVE('',#1781,#1780,#697,.T.);
#2204=EDGE_CURVE('',#1782,#1781,#1522,.T.);
#2205=EDGE_CURVE('',#1783,#1782,#698,.T.);
#2206=EDGE_CURVE('',#1777,#1783,#1523,.T.);
#2207=EDGE_CURVE('',#1784,#1785,#699,.T.);
#2208=EDGE_CURVE('',#1786,#1784,#1524,.T.);
#2209=EDGE_CURVE('',#1787,#1786,#700,.T.);
#2210=EDGE_CURVE('',#1788,#1787,#1525,.T.);
#2211=EDGE_CURVE('',#1789,#1788,#701,.T.);
#2212=EDGE_CURVE('',#1790,#1789,#1526,.T.);
#2213=EDGE_CURVE('',#1791,#1790,#702,.T.);
#2214=EDGE_CURVE('',#1785,#1791,#1527,.T.);
#2215=EDGE_CURVE('',#1792,#1793,#703,.T.);
#2216=EDGE_CURVE('',#1794,#1792,#1528,.T.);
#2217=EDGE_CURVE('',#1795,#1794,#704,.T.);
#2218=EDGE_CURVE('',#1796,#1795,#1529,.T.);
#2219=EDGE_CURVE('',#1797,#1796,#705,.T.);
#2220=EDGE_CURVE('',#1798,#1797,#1530,.T.);
#2221=EDGE_CURVE('',#1799,#1798,#706,.T.);
#2222=EDGE_CURVE('',#1793,#1799,#1531,.T.);
#2223=EDGE_CURVE('',#1800,#1801,#707,.T.);
#2224=EDGE_CURVE('',#1802,#1800,#1532,.T.);
#2225=EDGE_CURVE('',#1803,#1802,#708,.T.);
#2226=EDGE_CURVE('',#1804,#1803,#1533,.T.);
#2227=EDGE_CURVE('',#1805,#1804,#709,.T.);
#2228=EDGE_CURVE('',#1806,#1805,#1534,.T.);
#2229=EDGE_CURVE('',#1807,#1806,#710,.T.);
#2230=EDGE_CURVE('',#1801,#1807,#1535,.T.);
#2231=EDGE_CURVE('',#1808,#1809,#711,.T.);
#2232=EDGE_CURVE('',#1810,#1808,#1536,.T.);
#2233=EDGE_CURVE('',#1811,#1810,#712,.T.);
#2234=EDGE_CURVE('',#1812,#1811,#1537,.T.);
#2235=EDGE_CURVE('',#1813,#1812,#713,.T.);
#2236=EDGE_CURVE('',#1814,#1813,#1538,.T.);
#2237=EDGE_CURVE('',#1815,#1814,#714,.T.);
#2238=EDGE_CURVE('',#1809,#1815,#1539,.T.);
#2239=EDGE_CURVE('',#1816,#1817,#715,.T.);
#2240=EDGE_CURVE('',#1818,#1816,#1540,.T.);
#2241=EDGE_CURVE('',#1819,#1818,#716,.T.);
#2242=EDGE_CURVE('',#1820,#1819,#1541,.T.);
#2243=EDGE_CURVE('',#1821,#1820,#717,.T.);
#2244=EDGE_CURVE('',#1822,#1821,#1542,.T.);
#2245=EDGE_CURVE('',#1823,#1822,#718,.T.);
#2246=EDGE_CURVE('',#1817,#1823,#1543,.T.);
#2247=EDGE_CURVE('',#1824,#1825,#719,.T.);
#2248=EDGE_CURVE('',#1826,#1824,#1544,.T.);
#2249=EDGE_CURVE('',#1827,#1826,#720,.T.);
#2250=EDGE_CURVE('',#1828,#1827,#1545,.T.);
#2251=EDGE_CURVE('',#1829,#1828,#721,.T.);
#2252=EDGE_CURVE('',#1830,#1829,#1546,.T.);
#2253=EDGE_CURVE('',#1831,#1830,#722,.T.);
#2254=EDGE_CURVE('',#1825,#1831,#1547,.T.);
#2255=EDGE_CURVE('',#1832,#1833,#723,.T.);
#2256=EDGE_CURVE('',#1834,#1832,#1548,.T.);
#2257=EDGE_CURVE('',#1835,#1834,#724,.T.);
#2258=EDGE_CURVE('',#1836,#1835,#1549,.T.);
#2259=EDGE_CURVE('',#1837,#1836,#725,.T.);
#2260=EDGE_CURVE('',#1838,#1837,#1550,.T.);
#2261=EDGE_CURVE('',#1839,#1838,#726,.T.);
#2262=EDGE_CURVE('',#1833,#1839,#1551,.T.);
#2263=EDGE_CURVE('',#1840,#1841,#727,.T.);
#2264=EDGE_CURVE('',#1842,#1840,#1552,.T.);
#2265=EDGE_CURVE('',#1843,#1842,#728,.T.);
#2266=EDGE_CURVE('',#1844,#1843,#1553,.T.);
#2267=EDGE_CURVE('',#1845,#1844,#729,.T.);
#2268=EDGE_CURVE('',#1846,#1845,#1554,.T.);
#2269=EDGE_CURVE('',#1847,#1846,#730,.T.);
#2270=EDGE_CURVE('',#1841,#1847,#1555,.T.);
#2271=EDGE_CURVE('',#1848,#1849,#731,.T.);
#2272=EDGE_CURVE('',#1850,#1848,#1556,.T.);
#2273=EDGE_CURVE('',#1851,#1850,#732,.T.);
#2274=EDGE_CURVE('',#1852,#1851,#1557,.T.);
#2275=EDGE_CURVE('',#1853,#1852,#733,.T.);
#2276=EDGE_CURVE('',#1854,#1853,#1558,.T.);
#2277=EDGE_CURVE('',#1855,#1854,#734,.T.);
#2278=EDGE_CURVE('',#1849,#1855,#1559,.T.);
#2279=EDGE_CURVE('',#1856,#1857,#735,.T.);
#2280=EDGE_CURVE('',#1858,#1856,#1560,.T.);
#2281=EDGE_CURVE('',#1859,#1858,#736,.T.);
#2282=EDGE_CURVE('',#1860,#1859,#1561,.T.);
#2283=EDGE_CURVE('',#1861,#1860,#737,.T.);
#2284=EDGE_CURVE('',#1862,#1861,#1562,.T.);
#2285=EDGE_CURVE('',#1863,#1862,#738,.T.);
#2286=EDGE_CURVE('',#1857,#1863,#1563,.T.);
#2287=EDGE_CURVE('',#1864,#1865,#739,.T.);
#2288=EDGE_CURVE('',#1866,#1864,#1564,.T.);
#2289=EDGE_CURVE('',#1867,#1866,#740,.T.);
#2290=EDGE_CURVE('',#1868,#1867,#1565,.T.);
#2291=EDGE_CURVE('',#1869,#1868,#741,.T.);
#2292=EDGE_CURVE('',#1870,#1869,#1566,.T.);
#2293=EDGE_CURVE('',#1871,#1870,#742,.T.);
#2294=EDGE_CURVE('',#1865,#1871,#1567,.T.);
#2295=EDGE_CURVE('',#1872,#1873,#743,.T.);
#2296=EDGE_CURVE('',#1874,#1872,#1568,.T.);
#2297=EDGE_CURVE('',#1875,#1874,#744,.T.);
#2298=EDGE_CURVE('',#1876,#1875,#1569,.T.);
#2299=EDGE_CURVE('',#1877,#1876,#745,.T.);
#2300=EDGE_CURVE('',#1878,#1877,#1570,.T.);
#2301=EDGE_CURVE('',#1879,#1878,#746,.T.);
#2302=EDGE_CURVE('',#1873,#1879,#1571,.T.);
#2303=EDGE_CURVE('',#1880,#1881,#747,.T.);
#2304=EDGE_CURVE('',#1882,#1880,#1572,.T.);
#2305=EDGE_CURVE('',#1883,#1882,#748,.T.);
#2306=EDGE_CURVE('',#1884,#1883,#1573,.T.);
#2307=EDGE_CURVE('',#1885,#1884,#749,.T.);
#2308=EDGE_CURVE('',#1886,#1885,#1574,.T.);
#2309=EDGE_CURVE('',#1887,#1886,#750,.T.);
#2310=EDGE_CURVE('',#1881,#1887,#1575,.T.);
#2311=EDGE_CURVE('',#1888,#1889,#751,.T.);
#2312=EDGE_CURVE('',#1890,#1888,#1576,.T.);
#2313=EDGE_CURVE('',#1891,#1890,#752,.T.);
#2314=EDGE_CURVE('',#1892,#1891,#1577,.T.);
#2315=EDGE_CURVE('',#1893,#1892,#753,.T.);
#2316=EDGE_CURVE('',#1894,#1893,#1578,.T.);
#2317=EDGE_CURVE('',#1895,#1894,#754,.T.);
#2318=EDGE_CURVE('',#1889,#1895,#1579,.T.);
#2319=EDGE_CURVE('',#1896,#1897,#755,.T.);
#2320=EDGE_CURVE('',#1898,#1896,#1580,.T.);
#2321=EDGE_CURVE('',#1899,#1898,#756,.T.);
#2322=EDGE_CURVE('',#1900,#1899,#1581,.T.);
#2323=EDGE_CURVE('',#1901,#1900,#757,.T.);
#2324=EDGE_CURVE('',#1902,#1901,#1582,.T.);
#2325=EDGE_CURVE('',#1903,#1902,#758,.T.);
#2326=EDGE_CURVE('',#1897,#1903,#1583,.T.);
#2327=EDGE_CURVE('',#1692,#1694,#759,.T.);
#2328=EDGE_CURVE('',#1698,#1904,#760,.T.);
#2329=EDGE_CURVE('',#1904,#1905,#761,.T.);
#2330=EDGE_CURVE('',#1905,#1906,#1584,.T.);
#2331=EDGE_CURVE('',#1906,#1907,#762,.T.);
#2332=EDGE_CURVE('',#1907,#1908,#1585,.T.);
#2333=EDGE_CURVE('',#1908,#1909,#763,.T.);
#2334=EDGE_CURVE('',#1909,#1910,#1586,.T.);
#2335=EDGE_CURVE('',#1910,#1911,#764,.T.);
#2336=EDGE_CURVE('',#1911,#1912,#1587,.T.);
#2337=EDGE_CURVE('',#1912,#1913,#765,.T.);
#2338=EDGE_CURVE('',#1913,#1914,#1588,.T.);
#2339=EDGE_CURVE('',#1914,#1915,#766,.T.);
#2340=EDGE_CURVE('',#1915,#1916,#1589,.T.);
#2341=EDGE_CURVE('',#1916,#1917,#767,.T.);
#2342=EDGE_CURVE('',#1917,#1918,#1590,.T.);
#2343=EDGE_CURVE('',#1918,#1919,#768,.T.);
#2344=EDGE_CURVE('',#1919,#1920,#1591,.T.);
#2345=EDGE_CURVE('',#1920,#1921,#769,.T.);
#2346=EDGE_CURVE('',#1921,#1922,#1592,.T.);
#2347=EDGE_CURVE('',#1922,#1923,#770,.T.);
#2348=EDGE_CURVE('',#1923,#1924,#1593,.T.);
#2349=EDGE_CURVE('',#1924,#1925,#771,.T.);
#2350=EDGE_CURVE('',#1925,#1926,#1594,.T.);
#2351=EDGE_CURVE('',#1926,#1927,#1595,.T.);
#2352=EDGE_CURVE('',#1927,#1928,#772,.T.);
#2353=EDGE_CURVE('',#1928,#1929,#1596,.T.);
#2354=EDGE_CURVE('',#1929,#1930,#773,.T.);
#2355=EDGE_CURVE('',#1930,#1931,#1597,.T.);
#2356=EDGE_CURVE('',#1931,#1932,#774,.T.);
#2357=EDGE_CURVE('',#1932,#1933,#1598,.T.);
#2358=EDGE_CURVE('',#1933,#1934,#775,.T.);
#2359=EDGE_CURVE('',#1934,#1935,#1599,.T.);
#2360=EDGE_CURVE('',#1935,#1936,#776,.T.);
#2361=EDGE_CURVE('',#1936,#1937,#1600,.T.);
#2362=EDGE_CURVE('',#1937,#1938,#777,.T.);
#2363=EDGE_CURVE('',#1938,#1939,#1601,.T.);
#2364=EDGE_CURVE('',#1939,#1940,#778,.T.);
#2365=EDGE_CURVE('',#1940,#1700,#1602,.T.);
#2366=EDGE_CURVE('',#1941,#1941,#1603,.T.);
#2367=EDGE_CURVE('',#1942,#1943,#1604,.T.);
#2368=EDGE_CURVE('',#1943,#1944,#779,.T.);
#2369=EDGE_CURVE('',#1944,#1945,#1605,.T.);
#2370=EDGE_CURVE('',#1945,#1946,#780,.T.);
#2371=EDGE_CURVE('',#1946,#1947,#1606,.T.);
#2372=EDGE_CURVE('',#1947,#1948,#781,.T.);
#2373=EDGE_CURVE('',#1948,#1949,#1607,.T.);
#2374=EDGE_CURVE('',#1949,#1942,#782,.T.);
#2375=EDGE_CURVE('',#1950,#1951,#1608,.T.);
#2376=EDGE_CURVE('',#1951,#1952,#783,.T.);
#2377=EDGE_CURVE('',#1952,#1953,#1609,.T.);
#2378=EDGE_CURVE('',#1953,#1954,#784,.T.);
#2379=EDGE_CURVE('',#1954,#1955,#1610,.T.);
#2380=EDGE_CURVE('',#1955,#1956,#785,.T.);
#2381=EDGE_CURVE('',#1956,#1957,#1611,.T.);
#2382=EDGE_CURVE('',#1957,#1950,#786,.T.);
#2383=EDGE_CURVE('',#1958,#1958,#1612,.T.);
#2384=EDGE_CURVE('',#1959,#1960,#1613,.T.);
#2385=EDGE_CURVE('',#1960,#1961,#787,.T.);
#2386=EDGE_CURVE('',#1961,#1962,#1614,.T.);
#2387=EDGE_CURVE('',#1962,#1963,#788,.T.);
#2388=EDGE_CURVE('',#1963,#1964,#1615,.T.);
#2389=EDGE_CURVE('',#1964,#1965,#789,.T.);
#2390=EDGE_CURVE('',#1965,#1966,#1616,.T.);
#2391=EDGE_CURVE('',#1966,#1959,#790,.T.);
#2392=EDGE_CURVE('',#1967,#1968,#1617,.T.);
#2393=EDGE_CURVE('',#1968,#1969,#791,.T.);
#2394=EDGE_CURVE('',#1969,#1970,#1618,.T.);
#2395=EDGE_CURVE('',#1970,#1971,#792,.T.);
#2396=EDGE_CURVE('',#1971,#1972,#1619,.T.);
#2397=EDGE_CURVE('',#1972,#1973,#793,.T.);
#2398=EDGE_CURVE('',#1973,#1974,#1620,.T.);
#2399=EDGE_CURVE('',#1974,#1967,#794,.T.);
#2400=EDGE_CURVE('',#1975,#1976,#1621,.T.);
#2401=EDGE_CURVE('',#1976,#1977,#795,.T.);
#2402=EDGE_CURVE('',#1977,#1978,#1622,.T.);
#2403=EDGE_CURVE('',#1978,#1979,#796,.T.);
#2404=EDGE_CURVE('',#1979,#1980,#1623,.T.);
#2405=EDGE_CURVE('',#1980,#1981,#797,.T.);
#2406=EDGE_CURVE('',#1981,#1982,#1624,.T.);
#2407=EDGE_CURVE('',#1982,#1975,#798,.T.);
#2408=EDGE_CURVE('',#1983,#1984,#1625,.T.);
#2409=EDGE_CURVE('',#1984,#1985,#799,.T.);
#2410=EDGE_CURVE('',#1985,#1986,#1626,.T.);
#2411=EDGE_CURVE('',#1986,#1987,#800,.T.);
#2412=EDGE_CURVE('',#1987,#1988,#1627,.T.);
#2413=EDGE_CURVE('',#1988,#1989,#801,.T.);
#2414=EDGE_CURVE('',#1989,#1990,#1628,.T.);
#2415=EDGE_CURVE('',#1990,#1983,#802,.T.);
#2416=EDGE_CURVE('',#1991,#1992,#1629,.T.);
#2417=EDGE_CURVE('',#1992,#1993,#803,.T.);
#2418=EDGE_CURVE('',#1993,#1994,#1630,.T.);
#2419=EDGE_CURVE('',#1994,#1995,#804,.T.);
#2420=EDGE_CURVE('',#1995,#1996,#1631,.T.);
#2421=EDGE_CURVE('',#1996,#1997,#805,.T.);
#2422=EDGE_CURVE('',#1997,#1998,#1632,.T.);
#2423=EDGE_CURVE('',#1998,#1991,#806,.T.);
#2424=EDGE_CURVE('',#1999,#2000,#1633,.T.);
#2425=EDGE_CURVE('',#2000,#2001,#807,.T.);
#2426=EDGE_CURVE('',#2001,#2002,#1634,.T.);
#2427=EDGE_CURVE('',#2002,#2003,#808,.T.);
#2428=EDGE_CURVE('',#2003,#2004,#1635,.T.);
#2429=EDGE_CURVE('',#2004,#2005,#809,.T.);
#2430=EDGE_CURVE('',#2005,#2006,#1636,.T.);
#2431=EDGE_CURVE('',#2006,#1999,#810,.T.);
#2432=EDGE_CURVE('',#2007,#2007,#1637,.T.);
#2433=EDGE_CURVE('',#2008,#2009,#1638,.T.);
#2434=EDGE_CURVE('',#2009,#2010,#811,.T.);
#2435=EDGE_CURVE('',#2010,#2011,#1639,.T.);
#2436=EDGE_CURVE('',#2011,#2012,#812,.T.);
#2437=EDGE_CURVE('',#2012,#2013,#1640,.T.);
#2438=EDGE_CURVE('',#2013,#2014,#813,.T.);
#2439=EDGE_CURVE('',#2014,#2015,#1641,.T.);
#2440=EDGE_CURVE('',#2015,#2008,#814,.T.);
#2441=EDGE_CURVE('',#2016,#2017,#1642,.T.);
#2442=EDGE_CURVE('',#2017,#2018,#815,.T.);
#2443=EDGE_CURVE('',#2018,#2019,#1643,.T.);
#2444=EDGE_CURVE('',#2019,#2020,#816,.T.);
#2445=EDGE_CURVE('',#2020,#2021,#1644,.T.);
#2446=EDGE_CURVE('',#2021,#2022,#817,.T.);
#2447=EDGE_CURVE('',#2022,#2023,#1645,.T.);
#2448=EDGE_CURVE('',#2023,#2016,#818,.T.);
#2449=EDGE_CURVE('',#2024,#2025,#1646,.T.);
#2450=EDGE_CURVE('',#2025,#2026,#819,.T.);
#2451=EDGE_CURVE('',#2026,#2027,#1647,.T.);
#2452=EDGE_CURVE('',#2027,#2028,#820,.T.);
#2453=EDGE_CURVE('',#2028,#2029,#1648,.T.);
#2454=EDGE_CURVE('',#2029,#2030,#821,.T.);
#2455=EDGE_CURVE('',#2030,#2031,#1649,.T.);
#2456=EDGE_CURVE('',#2031,#2024,#822,.T.);
#2457=EDGE_CURVE('',#2032,#2033,#1650,.T.);
#2458=EDGE_CURVE('',#2033,#2034,#823,.T.);
#2459=EDGE_CURVE('',#2034,#2035,#1651,.T.);
#2460=EDGE_CURVE('',#2035,#2036,#824,.T.);
#2461=EDGE_CURVE('',#2036,#2037,#1652,.T.);
#2462=EDGE_CURVE('',#2037,#2038,#825,.T.);
#2463=EDGE_CURVE('',#2038,#2039,#1653,.T.);
#2464=EDGE_CURVE('',#2039,#2032,#826,.T.);
#2465=EDGE_CURVE('',#2040,#2041,#1654,.T.);
#2466=EDGE_CURVE('',#2041,#2042,#827,.T.);
#2467=EDGE_CURVE('',#2042,#2043,#1655,.T.);
#2468=EDGE_CURVE('',#2043,#2044,#828,.T.);
#2469=EDGE_CURVE('',#2044,#2045,#1656,.T.);
#2470=EDGE_CURVE('',#2045,#2046,#829,.T.);
#2471=EDGE_CURVE('',#2046,#2047,#1657,.T.);
#2472=EDGE_CURVE('',#2047,#2040,#830,.T.);
#2473=EDGE_CURVE('',#2048,#2049,#1658,.T.);
#2474=EDGE_CURVE('',#2049,#2050,#831,.T.);
#2475=EDGE_CURVE('',#2050,#2051,#1659,.T.);
#2476=EDGE_CURVE('',#2051,#2052,#832,.T.);
#2477=EDGE_CURVE('',#2052,#2053,#1660,.T.);
#2478=EDGE_CURVE('',#2053,#2054,#833,.T.);
#2479=EDGE_CURVE('',#2054,#2055,#1661,.T.);
#2480=EDGE_CURVE('',#2055,#2048,#834,.T.);
#2481=EDGE_CURVE('',#2056,#2057,#1662,.T.);
#2482=EDGE_CURVE('',#2057,#2058,#835,.T.);
#2483=EDGE_CURVE('',#2058,#2059,#1663,.T.);
#2484=EDGE_CURVE('',#2059,#2060,#836,.T.);
#2485=EDGE_CURVE('',#2060,#2061,#1664,.T.);
#2486=EDGE_CURVE('',#2061,#2062,#837,.T.);
#2487=EDGE_CURVE('',#2062,#2063,#1665,.T.);
#2488=EDGE_CURVE('',#2063,#2056,#838,.T.);
#2489=EDGE_CURVE('',#2064,#2064,#1666,.T.);
#2490=EDGE_CURVE('',#2065,#2066,#1667,.T.);
#2491=EDGE_CURVE('',#2066,#2067,#839,.T.);
#2492=EDGE_CURVE('',#2067,#2068,#1668,.T.);
#2493=EDGE_CURVE('',#2068,#2069,#840,.T.);
#2494=EDGE_CURVE('',#2069,#2070,#1669,.T.);
#2495=EDGE_CURVE('',#2070,#2071,#841,.T.);
#2496=EDGE_CURVE('',#2071,#2072,#1670,.T.);
#2497=EDGE_CURVE('',#2072,#2065,#842,.T.);
#2498=EDGE_CURVE('',#2073,#2074,#1671,.T.);
#2499=EDGE_CURVE('',#2074,#2075,#843,.T.);
#2500=EDGE_CURVE('',#2075,#2076,#1672,.T.);
#2501=EDGE_CURVE('',#2076,#2077,#844,.T.);
#2502=EDGE_CURVE('',#2077,#2078,#1673,.T.);
#2503=EDGE_CURVE('',#2078,#2079,#845,.T.);
#2504=EDGE_CURVE('',#2079,#2080,#1674,.T.);
#2505=EDGE_CURVE('',#2080,#2073,#846,.T.);
#2506=EDGE_CURVE('',#2081,#2082,#1675,.T.);
#2507=EDGE_CURVE('',#2082,#2083,#847,.T.);
#2508=EDGE_CURVE('',#2083,#2084,#1676,.T.);
#2509=EDGE_CURVE('',#2084,#2085,#848,.T.);
#2510=EDGE_CURVE('',#2085,#2086,#1677,.T.);
#2511=EDGE_CURVE('',#2086,#2087,#849,.T.);
#2512=EDGE_CURVE('',#2087,#2088,#1678,.T.);
#2513=EDGE_CURVE('',#2088,#2081,#850,.T.);
#2514=EDGE_CURVE('',#2089,#2090,#1679,.T.);
#2515=EDGE_CURVE('',#2090,#2091,#851,.T.);
#2516=EDGE_CURVE('',#2091,#2092,#1680,.T.);
#2517=EDGE_CURVE('',#2092,#2093,#852,.T.);
#2518=EDGE_CURVE('',#2093,#2094,#1681,.T.);
#2519=EDGE_CURVE('',#2094,#2095,#853,.T.);
#2520=EDGE_CURVE('',#2095,#2096,#1682,.T.);
#2521=EDGE_CURVE('',#2096,#2089,#854,.T.);
#2522=EDGE_CURVE('',#2097,#2097,#1683,.T.);
#2523=EDGE_CURVE('',#2098,#2099,#1684,.T.);
#2524=EDGE_CURVE('',#2099,#2100,#855,.T.);
#2525=EDGE_CURVE('',#2100,#2101,#1685,.T.);
#2526=EDGE_CURVE('',#2101,#2102,#856,.T.);
#2527=EDGE_CURVE('',#2102,#2103,#1686,.T.);
#2528=EDGE_CURVE('',#2103,#2104,#857,.T.);
#2529=EDGE_CURVE('',#2104,#2105,#1687,.T.);
#2530=EDGE_CURVE('',#2105,#2098,#858,.T.);
#2531=EDGE_CURVE('',#1949,#1749,#859,.T.);
#2532=EDGE_CURVE('',#1948,#1750,#860,.T.);
#2533=EDGE_CURVE('',#1942,#1748,#861,.T.);
#2534=EDGE_CURVE('',#1943,#1747,#862,.T.);
#2535=EDGE_CURVE('',#1944,#1746,#863,.T.);
#2536=EDGE_CURVE('',#1957,#1757,#864,.T.);
#2537=EDGE_CURVE('',#1956,#1758,#865,.T.);
#2538=EDGE_CURVE('',#1950,#1756,#866,.T.);
#2539=EDGE_CURVE('',#1951,#1755,#867,.T.);
#2540=EDGE_CURVE('',#1952,#1754,#868,.T.);
#2541=EDGE_CURVE('',#1966,#1765,#869,.T.);
#2542=EDGE_CURVE('',#1965,#1766,#870,.T.);
#2543=EDGE_CURVE('',#1959,#1764,#871,.T.);
#2544=EDGE_CURVE('',#1960,#1763,#872,.T.);
#2545=EDGE_CURVE('',#1961,#1762,#873,.T.);
#2546=EDGE_CURVE('',#1974,#1773,#874,.T.);
#2547=EDGE_CURVE('',#1973,#1774,#875,.T.);
#2548=EDGE_CURVE('',#1967,#1772,#876,.T.);
#2549=EDGE_CURVE('',#1968,#1771,#877,.T.);
#2550=EDGE_CURVE('',#1969,#1770,#878,.T.);
#2551=EDGE_CURVE('',#1982,#1781,#879,.T.);
#2552=EDGE_CURVE('',#1981,#1782,#880,.T.);
#2553=EDGE_CURVE('',#1975,#1780,#881,.T.);
#2554=EDGE_CURVE('',#1976,#1779,#882,.T.);
#2555=EDGE_CURVE('',#1977,#1778,#883,.T.);
#2556=EDGE_CURVE('',#1990,#1789,#884,.T.);
#2557=EDGE_CURVE('',#1989,#1790,#885,.T.);
#2558=EDGE_CURVE('',#1983,#1788,#886,.T.);
#2559=EDGE_CURVE('',#1984,#1787,#887,.T.);
#2560=EDGE_CURVE('',#1985,#1786,#888,.T.);
#2561=EDGE_CURVE('',#1998,#1797,#889,.T.);
#2562=EDGE_CURVE('',#1997,#1798,#890,.T.);
#2563=EDGE_CURVE('',#1991,#1796,#891,.T.);
#2564=EDGE_CURVE('',#1992,#1795,#892,.T.);
#2565=EDGE_CURVE('',#1993,#1794,#893,.T.);
#2566=EDGE_CURVE('',#2006,#1805,#894,.T.);
#2567=EDGE_CURVE('',#2005,#1806,#895,.T.);
#2568=EDGE_CURVE('',#1999,#1804,#896,.T.);
#2569=EDGE_CURVE('',#2000,#1803,#897,.T.);
#2570=EDGE_CURVE('',#2001,#1802,#898,.T.);
#2571=EDGE_CURVE('',#2015,#1813,#899,.T.);
#2572=EDGE_CURVE('',#2014,#1814,#900,.T.);
#2573=EDGE_CURVE('',#2008,#1812,#901,.T.);
#2574=EDGE_CURVE('',#2009,#1811,#902,.T.);
#2575=EDGE_CURVE('',#2010,#1810,#903,.T.);
#2576=EDGE_CURVE('',#2023,#1821,#904,.T.);
#2577=EDGE_CURVE('',#2022,#1822,#905,.T.);
#2578=EDGE_CURVE('',#2016,#1820,#906,.T.);
#2579=EDGE_CURVE('',#2017,#1819,#907,.T.);
#2580=EDGE_CURVE('',#2018,#1818,#908,.T.);
#2581=EDGE_CURVE('',#2031,#1829,#909,.T.);
#2582=EDGE_CURVE('',#2030,#1830,#910,.T.);
#2583=EDGE_CURVE('',#2024,#1828,#911,.T.);
#2584=EDGE_CURVE('',#2025,#1827,#912,.T.);
#2585=EDGE_CURVE('',#2026,#1826,#913,.T.);
#2586=EDGE_CURVE('',#2039,#1837,#914,.T.);
#2587=EDGE_CURVE('',#2038,#1838,#915,.T.);
#2588=EDGE_CURVE('',#2032,#1836,#916,.T.);
#2589=EDGE_CURVE('',#2033,#1835,#917,.T.);
#2590=EDGE_CURVE('',#2034,#1834,#918,.T.);
#2591=EDGE_CURVE('',#2047,#1845,#919,.T.);
#2592=EDGE_CURVE('',#2046,#1846,#920,.T.);
#2593=EDGE_CURVE('',#2040,#1844,#921,.T.);
#2594=EDGE_CURVE('',#2041,#1843,#922,.T.);
#2595=EDGE_CURVE('',#2042,#1842,#923,.T.);
#2596=EDGE_CURVE('',#2055,#1853,#924,.T.);
#2597=EDGE_CURVE('',#2054,#1854,#925,.T.);
#2598=EDGE_CURVE('',#2048,#1852,#926,.T.);
#2599=EDGE_CURVE('',#2049,#1851,#927,.T.);
#2600=EDGE_CURVE('',#2050,#1850,#928,.T.);
#2601=EDGE_CURVE('',#2063,#1861,#929,.T.);
#2602=EDGE_CURVE('',#2062,#1862,#930,.T.);
#2603=EDGE_CURVE('',#2056,#1860,#931,.T.);
#2604=EDGE_CURVE('',#2057,#1859,#932,.T.);
#2605=EDGE_CURVE('',#2058,#1858,#933,.T.);
#2606=EDGE_CURVE('',#2072,#1869,#934,.T.);
#2607=EDGE_CURVE('',#2071,#1870,#935,.T.);
#2608=EDGE_CURVE('',#2065,#1868,#936,.T.);
#2609=EDGE_CURVE('',#2066,#1867,#937,.T.);
#2610=EDGE_CURVE('',#2067,#1866,#938,.T.);
#2611=EDGE_CURVE('',#2080,#1877,#939,.T.);
#2612=EDGE_CURVE('',#2079,#1878,#940,.T.);
#2613=EDGE_CURVE('',#2073,#1876,#941,.T.);
#2614=EDGE_CURVE('',#2074,#1875,#942,.T.);
#2615=EDGE_CURVE('',#2075,#1874,#943,.T.);
#2616=EDGE_CURVE('',#2088,#1885,#944,.T.);
#2617=EDGE_CURVE('',#2087,#1886,#945,.T.);
#2618=EDGE_CURVE('',#2081,#1884,#946,.T.);
#2619=EDGE_CURVE('',#2082,#1883,#947,.T.);
#2620=EDGE_CURVE('',#2083,#1882,#948,.T.);
#2621=EDGE_CURVE('',#2096,#1893,#949,.T.);
#2622=EDGE_CURVE('',#2095,#1894,#950,.T.);
#2623=EDGE_CURVE('',#2089,#1892,#951,.T.);
#2624=EDGE_CURVE('',#2090,#1891,#952,.T.);
#2625=EDGE_CURVE('',#2091,#1890,#953,.T.);
#2626=EDGE_CURVE('',#2105,#1901,#954,.T.);
#2627=EDGE_CURVE('',#2104,#1902,#955,.T.);
#2628=EDGE_CURVE('',#2098,#1900,#956,.T.);
#2629=EDGE_CURVE('',#2099,#1899,#957,.T.);
#2630=EDGE_CURVE('',#2100,#1898,#958,.T.);
#2631=EDGE_CURVE('',#1914,#1728,#959,.T.);
#2632=EDGE_CURVE('',#1913,#1729,#960,.T.);
#2633=EDGE_CURVE('',#1915,#1727,#961,.T.);
#2634=EDGE_CURVE('',#1916,#1726,#962,.T.);
#2635=EDGE_CURVE('',#1917,#1725,#963,.T.);
#2636=EDGE_CURVE('',#1918,#1724,#964,.T.);
#2637=EDGE_CURVE('',#1919,#1723,#965,.T.);
#2638=EDGE_CURVE('',#1920,#1722,#966,.T.);
#2639=EDGE_CURVE('',#1921,#1721,#967,.T.);
#2640=EDGE_CURVE('',#1922,#1720,#968,.T.);
#2641=EDGE_CURVE('',#1923,#1719,#969,.T.);
#2642=EDGE_CURVE('',#1924,#1718,#970,.T.);
#2643=EDGE_CURVE('',#1925,#1717,#971,.T.);
#2644=EDGE_CURVE('',#1926,#1716,#972,.T.);
#2645=EDGE_CURVE('',#1927,#1715,#973,.T.);
#2646=EDGE_CURVE('',#1928,#1714,#974,.T.);
#2647=EDGE_CURVE('',#1929,#1713,#975,.T.);
#2648=EDGE_CURVE('',#1930,#1712,#976,.T.);
#2649=EDGE_CURVE('',#1931,#1711,#977,.T.);
#2650=EDGE_CURVE('',#1932,#1710,#978,.T.);
#2651=EDGE_CURVE('',#1933,#1709,#979,.T.);
#2652=EDGE_CURVE('',#1934,#1708,#980,.T.);
#2653=EDGE_CURVE('',#1935,#1707,#981,.T.);
#2654=EDGE_CURVE('',#1936,#1706,#982,.T.);
#2655=EDGE_CURVE('',#1705,#1937,#983,.T.);
#2656=EDGE_CURVE('',#1704,#1938,#984,.T.);
#2657=EDGE_CURVE('',#1945,#1744,#985,.T.);
#2658=EDGE_CURVE('',#1953,#1752,#986,.T.);
#2659=EDGE_CURVE('',#1962,#1760,#987,.T.);
#2660=EDGE_CURVE('',#1970,#1768,#988,.T.);
#2661=EDGE_CURVE('',#1978,#1776,#989,.T.);
#2662=EDGE_CURVE('',#1986,#1784,#990,.T.);
#2663=EDGE_CURVE('',#1994,#1792,#991,.T.);
#2664=EDGE_CURVE('',#2002,#1800,#992,.T.);
#2665=EDGE_CURVE('',#2011,#1808,#993,.T.);
#2666=EDGE_CURVE('',#2019,#1816,#994,.T.);
#2667=EDGE_CURVE('',#2027,#1824,#995,.T.);
#2668=EDGE_CURVE('',#2035,#1832,#996,.T.);
#2669=EDGE_CURVE('',#2043,#1840,#997,.T.);
#2670=EDGE_CURVE('',#2051,#1848,#998,.T.);
#2671=EDGE_CURVE('',#2059,#1856,#999,.T.);
#2672=EDGE_CURVE('',#2068,#1864,#1000,.T.);
#2673=EDGE_CURVE('',#2076,#1872,#1001,.T.);
#2674=EDGE_CURVE('',#2084,#1880,#1002,.T.);
#2675=EDGE_CURVE('',#2092,#1888,#1003,.T.);
#2676=EDGE_CURVE('',#2101,#1896,#1004,.T.);
#2677=EDGE_CURVE('',#1703,#1939,#1005,.T.);
#2678=EDGE_CURVE('',#1940,#1702,#1006,.T.);
#2679=EDGE_CURVE('',#1912,#1730,#1007,.T.);
#2680=EDGE_CURVE('',#1911,#1731,#1008,.T.);
#2681=EDGE_CURVE('',#1910,#1732,#1009,.T.);
#2682=EDGE_CURVE('',#1909,#1733,#1010,.T.);
#2683=EDGE_CURVE('',#1908,#1734,#1011,.T.);
#2684=EDGE_CURVE('',#1907,#1735,#1012,.T.);
#2685=EDGE_CURVE('',#1906,#1736,#1013,.T.);
#2686=EDGE_CURVE('',#1905,#1737,#1014,.T.);
#2687=EDGE_CURVE('',#1904,#1738,#1015,.T.);
#2688=EDGE_CURVE('',#1739,#1941,#1016,.T.);
#2689=EDGE_CURVE('',#1947,#1751,#1017,.T.);
#2690=EDGE_CURVE('',#1946,#1745,#1018,.T.);
#2691=EDGE_CURVE('',#1955,#1759,#1019,.T.);
#2692=EDGE_CURVE('',#1954,#1753,#1020,.T.);
#2693=EDGE_CURVE('',#1740,#1958,#1021,.T.);
#2694=EDGE_CURVE('',#1964,#1767,#1022,.T.);
#2695=EDGE_CURVE('',#1963,#1761,#1023,.T.);
#2696=EDGE_CURVE('',#1972,#1775,#1024,.T.);
#2697=EDGE_CURVE('',#1971,#1769,#1025,.T.);
#2698=EDGE_CURVE('',#1980,#1783,#1026,.T.);
#2699=EDGE_CURVE('',#1979,#1777,#1027,.T.);
#2700=EDGE_CURVE('',#1988,#1791,#1028,.T.);
#2701=EDGE_CURVE('',#1987,#1785,#1029,.T.);
#2702=EDGE_CURVE('',#1996,#1799,#1030,.T.);
#2703=EDGE_CURVE('',#1995,#1793,#1031,.T.);
#2704=EDGE_CURVE('',#2004,#1807,#1032,.T.);
#2705=EDGE_CURVE('',#2003,#1801,#1033,.T.);
#2706=EDGE_CURVE('',#1741,#2007,#1034,.T.);
#2707=EDGE_CURVE('',#2013,#1815,#1035,.T.);
#2708=EDGE_CURVE('',#2012,#1809,#1036,.T.);
#2709=EDGE_CURVE('',#2021,#1823,#1037,.T.);
#2710=EDGE_CURVE('',#2020,#1817,#1038,.T.);
#2711=EDGE_CURVE('',#2029,#1831,#1039,.T.);
#2712=EDGE_CURVE('',#2028,#1825,#1040,.T.);
#2713=EDGE_CURVE('',#2037,#1839,#1041,.T.);
#2714=EDGE_CURVE('',#2036,#1833,#1042,.T.);
#2715=EDGE_CURVE('',#2045,#1847,#1043,.T.);
#2716=EDGE_CURVE('',#2044,#1841,#1044,.T.);
#2717=EDGE_CURVE('',#2053,#1855,#1045,.T.);
#2718=EDGE_CURVE('',#2052,#1849,#1046,.T.);
#2719=EDGE_CURVE('',#2061,#1863,#1047,.T.);
#2720=EDGE_CURVE('',#2060,#1857,#1048,.T.);
#2721=EDGE_CURVE('',#1742,#2064,#1049,.T.);
#2722=EDGE_CURVE('',#2070,#1871,#1050,.T.);
#2723=EDGE_CURVE('',#2069,#1865,#1051,.T.);
#2724=EDGE_CURVE('',#2078,#1879,#1052,.T.);
#2725=EDGE_CURVE('',#2077,#1873,#1053,.T.);
#2726=EDGE_CURVE('',#2086,#1887,#1054,.T.);
#2727=EDGE_CURVE('',#2085,#1881,#1055,.T.);
#2728=EDGE_CURVE('',#2094,#1895,#1056,.T.);
#2729=EDGE_CURVE('',#2093,#1889,#1057,.T.);
#2730=EDGE_CURVE('',#1743,#2097,#1058,.T.);
#2731=EDGE_CURVE('',#2103,#1903,#1059,.T.);
#2732=EDGE_CURVE('',#2102,#1897,#1060,.T.);
#2733=ORIENTED_EDGE('',*,*,#2106,.F.);
#2734=ORIENTED_EDGE('',*,*,#2107,.T.);
#2735=ORIENTED_EDGE('',*,*,#2108,.F.);
#2736=ORIENTED_EDGE('',*,*,#2109,.T.);
#2737=ORIENTED_EDGE('',*,*,#2110,.F.);
#2738=ORIENTED_EDGE('',*,*,#2109,.F.);
#2739=ORIENTED_EDGE('',*,*,#2111,.F.);
#2740=ORIENTED_EDGE('',*,*,#2112,.F.);
#2741=ORIENTED_EDGE('',*,*,#2113,.F.);
#2742=ORIENTED_EDGE('',*,*,#2114,.T.);
#2743=ORIENTED_EDGE('',*,*,#2115,.F.);
#2744=ORIENTED_EDGE('',*,*,#2116,.T.);
#2745=ORIENTED_EDGE('',*,*,#2117,.F.);
#2746=ORIENTED_EDGE('',*,*,#2116,.F.);
#2747=ORIENTED_EDGE('',*,*,#2118,.F.);
#2748=ORIENTED_EDGE('',*,*,#2119,.F.);
#2749=ORIENTED_EDGE('',*,*,#2107,.F.);
#2750=ORIENTED_EDGE('',*,*,#2120,.F.);
#2751=ORIENTED_EDGE('',*,*,#2121,.T.);
#2752=ORIENTED_EDGE('',*,*,#2122,.T.);
#2753=ORIENTED_EDGE('',*,*,#2108,.T.);
#2754=ORIENTED_EDGE('',*,*,#2122,.F.);
#2755=ORIENTED_EDGE('',*,*,#2123,.F.);
#2756=ORIENTED_EDGE('',*,*,#2124,.F.);
#2757=ORIENTED_EDGE('',*,*,#2125,.F.);
#2758=ORIENTED_EDGE('',*,*,#2126,.F.);
#2759=ORIENTED_EDGE('',*,*,#2127,.F.);
#2760=ORIENTED_EDGE('',*,*,#2128,.F.);
#2761=ORIENTED_EDGE('',*,*,#2129,.F.);
#2762=ORIENTED_EDGE('',*,*,#2130,.F.);
#2763=ORIENTED_EDGE('',*,*,#2131,.F.);
#2764=ORIENTED_EDGE('',*,*,#2132,.F.);
#2765=ORIENTED_EDGE('',*,*,#2133,.F.);
#2766=ORIENTED_EDGE('',*,*,#2134,.F.);
#2767=ORIENTED_EDGE('',*,*,#2135,.F.);
#2768=ORIENTED_EDGE('',*,*,#2136,.F.);
#2769=ORIENTED_EDGE('',*,*,#2137,.F.);
#2770=ORIENTED_EDGE('',*,*,#2138,.F.);
#2771=ORIENTED_EDGE('',*,*,#2139,.F.);
#2772=ORIENTED_EDGE('',*,*,#2140,.F.);
#2773=ORIENTED_EDGE('',*,*,#2141,.F.);
#2774=ORIENTED_EDGE('',*,*,#2142,.F.);
#2775=ORIENTED_EDGE('',*,*,#2143,.F.);
#2776=ORIENTED_EDGE('',*,*,#2144,.F.);
#2777=ORIENTED_EDGE('',*,*,#2145,.F.);
#2778=ORIENTED_EDGE('',*,*,#2146,.F.);
#2779=ORIENTED_EDGE('',*,*,#2147,.F.);
#2780=ORIENTED_EDGE('',*,*,#2148,.F.);
#2781=ORIENTED_EDGE('',*,*,#2149,.F.);
#2782=ORIENTED_EDGE('',*,*,#2150,.F.);
#2783=ORIENTED_EDGE('',*,*,#2151,.F.);
#2784=ORIENTED_EDGE('',*,*,#2152,.F.);
#2785=ORIENTED_EDGE('',*,*,#2153,.F.);
#2786=ORIENTED_EDGE('',*,*,#2154,.F.);
#2787=ORIENTED_EDGE('',*,*,#2155,.F.);
#2788=ORIENTED_EDGE('',*,*,#2156,.F.);
#2789=ORIENTED_EDGE('',*,*,#2157,.F.);
#2790=ORIENTED_EDGE('',*,*,#2158,.F.);
#2791=ORIENTED_EDGE('',*,*,#2159,.F.);
#2792=ORIENTED_EDGE('',*,*,#2160,.F.);
#2793=ORIENTED_EDGE('',*,*,#2118,.T.);
#2794=ORIENTED_EDGE('',*,*,#2115,.T.);
#2795=ORIENTED_EDGE('',*,*,#2161,.F.);
#2796=ORIENTED_EDGE('',*,*,#2111,.T.);
#2797=ORIENTED_EDGE('',*,*,#2162,.F.);
#2798=ORIENTED_EDGE('',*,*,#2163,.F.);
#2799=ORIENTED_EDGE('',*,*,#2164,.F.);
#2800=ORIENTED_EDGE('',*,*,#2165,.F.);
#2801=ORIENTED_EDGE('',*,*,#2166,.F.);
#2802=ORIENTED_EDGE('',*,*,#2167,.F.);
#2803=ORIENTED_EDGE('',*,*,#2168,.F.);
#2804=ORIENTED_EDGE('',*,*,#2169,.F.);
#2805=ORIENTED_EDGE('',*,*,#2170,.F.);
#2806=ORIENTED_EDGE('',*,*,#2171,.F.);
#2807=ORIENTED_EDGE('',*,*,#2172,.F.);
#2808=ORIENTED_EDGE('',*,*,#2173,.F.);
#2809=ORIENTED_EDGE('',*,*,#2174,.F.);
#2810=ORIENTED_EDGE('',*,*,#2175,.F.);
#2811=ORIENTED_EDGE('',*,*,#2176,.F.);
#2812=ORIENTED_EDGE('',*,*,#2177,.F.);
#2813=ORIENTED_EDGE('',*,*,#2178,.F.);
#2814=ORIENTED_EDGE('',*,*,#2179,.F.);
#2815=ORIENTED_EDGE('',*,*,#2180,.F.);
#2816=ORIENTED_EDGE('',*,*,#2181,.F.);
#2817=ORIENTED_EDGE('',*,*,#2182,.F.);
#2818=ORIENTED_EDGE('',*,*,#2183,.F.);
#2819=ORIENTED_EDGE('',*,*,#2184,.F.);
#2820=ORIENTED_EDGE('',*,*,#2185,.F.);
#2821=ORIENTED_EDGE('',*,*,#2186,.F.);
#2822=ORIENTED_EDGE('',*,*,#2187,.F.);
#2823=ORIENTED_EDGE('',*,*,#2188,.F.);
#2824=ORIENTED_EDGE('',*,*,#2189,.F.);
#2825=ORIENTED_EDGE('',*,*,#2190,.F.);
#2826=ORIENTED_EDGE('',*,*,#2191,.F.);
#2827=ORIENTED_EDGE('',*,*,#2192,.F.);
#2828=ORIENTED_EDGE('',*,*,#2193,.F.);
#2829=ORIENTED_EDGE('',*,*,#2194,.F.);
#2830=ORIENTED_EDGE('',*,*,#2195,.F.);
#2831=ORIENTED_EDGE('',*,*,#2196,.F.);
#2832=ORIENTED_EDGE('',*,*,#2197,.F.);
#2833=ORIENTED_EDGE('',*,*,#2198,.F.);
#2834=ORIENTED_EDGE('',*,*,#2199,.F.);
#2835=ORIENTED_EDGE('',*,*,#2200,.F.);
#2836=ORIENTED_EDGE('',*,*,#2201,.F.);
#2837=ORIENTED_EDGE('',*,*,#2202,.F.);
#2838=ORIENTED_EDGE('',*,*,#2203,.F.);
#2839=ORIENTED_EDGE('',*,*,#2204,.F.);
#2840=ORIENTED_EDGE('',*,*,#2205,.F.);
#2841=ORIENTED_EDGE('',*,*,#2206,.F.);
#2842=ORIENTED_EDGE('',*,*,#2207,.F.);
#2843=ORIENTED_EDGE('',*,*,#2208,.F.);
#2844=ORIENTED_EDGE('',*,*,#2209,.F.);
#2845=ORIENTED_EDGE('',*,*,#2210,.F.);
#2846=ORIENTED_EDGE('',*,*,#2211,.F.);
#2847=ORIENTED_EDGE('',*,*,#2212,.F.);
#2848=ORIENTED_EDGE('',*,*,#2213,.F.);
#2849=ORIENTED_EDGE('',*,*,#2214,.F.);
#2850=ORIENTED_EDGE('',*,*,#2215,.F.);
#2851=ORIENTED_EDGE('',*,*,#2216,.F.);
#2852=ORIENTED_EDGE('',*,*,#2217,.F.);
#2853=ORIENTED_EDGE('',*,*,#2218,.F.);
#2854=ORIENTED_EDGE('',*,*,#2219,.F.);
#2855=ORIENTED_EDGE('',*,*,#2220,.F.);
#2856=ORIENTED_EDGE('',*,*,#2221,.F.);
#2857=ORIENTED_EDGE('',*,*,#2222,.F.);
#2858=ORIENTED_EDGE('',*,*,#2223,.F.);
#2859=ORIENTED_EDGE('',*,*,#2224,.F.);
#2860=ORIENTED_EDGE('',*,*,#2225,.F.);
#2861=ORIENTED_EDGE('',*,*,#2226,.F.);
#2862=ORIENTED_EDGE('',*,*,#2227,.F.);
#2863=ORIENTED_EDGE('',*,*,#2228,.F.);
#2864=ORIENTED_EDGE('',*,*,#2229,.F.);
#2865=ORIENTED_EDGE('',*,*,#2230,.F.);
#2866=ORIENTED_EDGE('',*,*,#2231,.F.);
#2867=ORIENTED_EDGE('',*,*,#2232,.F.);
#2868=ORIENTED_EDGE('',*,*,#2233,.F.);
#2869=ORIENTED_EDGE('',*,*,#2234,.F.);
#2870=ORIENTED_EDGE('',*,*,#2235,.F.);
#2871=ORIENTED_EDGE('',*,*,#2236,.F.);
#2872=ORIENTED_EDGE('',*,*,#2237,.F.);
#2873=ORIENTED_EDGE('',*,*,#2238,.F.);
#2874=ORIENTED_EDGE('',*,*,#2239,.F.);
#2875=ORIENTED_EDGE('',*,*,#2240,.F.);
#2876=ORIENTED_EDGE('',*,*,#2241,.F.);
#2877=ORIENTED_EDGE('',*,*,#2242,.F.);
#2878=ORIENTED_EDGE('',*,*,#2243,.F.);
#2879=ORIENTED_EDGE('',*,*,#2244,.F.);
#2880=ORIENTED_EDGE('',*,*,#2245,.F.);
#2881=ORIENTED_EDGE('',*,*,#2246,.F.);
#2882=ORIENTED_EDGE('',*,*,#2247,.F.);
#2883=ORIENTED_EDGE('',*,*,#2248,.F.);
#2884=ORIENTED_EDGE('',*,*,#2249,.F.);
#2885=ORIENTED_EDGE('',*,*,#2250,.F.);
#2886=ORIENTED_EDGE('',*,*,#2251,.F.);
#2887=ORIENTED_EDGE('',*,*,#2252,.F.);
#2888=ORIENTED_EDGE('',*,*,#2253,.F.);
#2889=ORIENTED_EDGE('',*,*,#2254,.F.);
#2890=ORIENTED_EDGE('',*,*,#2255,.F.);
#2891=ORIENTED_EDGE('',*,*,#2256,.F.);
#2892=ORIENTED_EDGE('',*,*,#2257,.F.);
#2893=ORIENTED_EDGE('',*,*,#2258,.F.);
#2894=ORIENTED_EDGE('',*,*,#2259,.F.);
#2895=ORIENTED_EDGE('',*,*,#2260,.F.);
#2896=ORIENTED_EDGE('',*,*,#2261,.F.);
#2897=ORIENTED_EDGE('',*,*,#2262,.F.);
#2898=ORIENTED_EDGE('',*,*,#2263,.F.);
#2899=ORIENTED_EDGE('',*,*,#2264,.F.);
#2900=ORIENTED_EDGE('',*,*,#2265,.F.);
#2901=ORIENTED_EDGE('',*,*,#2266,.F.);
#2902=ORIENTED_EDGE('',*,*,#2267,.F.);
#2903=ORIENTED_EDGE('',*,*,#2268,.F.);
#2904=ORIENTED_EDGE('',*,*,#2269,.F.);
#2905=ORIENTED_EDGE('',*,*,#2270,.F.);
#2906=ORIENTED_EDGE('',*,*,#2271,.F.);
#2907=ORIENTED_EDGE('',*,*,#2272,.F.);
#2908=ORIENTED_EDGE('',*,*,#2273,.F.);
#2909=ORIENTED_EDGE('',*,*,#2274,.F.);
#2910=ORIENTED_EDGE('',*,*,#2275,.F.);
#2911=ORIENTED_EDGE('',*,*,#2276,.F.);
#2912=ORIENTED_EDGE('',*,*,#2277,.F.);
#2913=ORIENTED_EDGE('',*,*,#2278,.F.);
#2914=ORIENTED_EDGE('',*,*,#2279,.F.);
#2915=ORIENTED_EDGE('',*,*,#2280,.F.);
#2916=ORIENTED_EDGE('',*,*,#2281,.F.);
#2917=ORIENTED_EDGE('',*,*,#2282,.F.);
#2918=ORIENTED_EDGE('',*,*,#2283,.F.);
#2919=ORIENTED_EDGE('',*,*,#2284,.F.);
#2920=ORIENTED_EDGE('',*,*,#2285,.F.);
#2921=ORIENTED_EDGE('',*,*,#2286,.F.);
#2922=ORIENTED_EDGE('',*,*,#2287,.F.);
#2923=ORIENTED_EDGE('',*,*,#2288,.F.);
#2924=ORIENTED_EDGE('',*,*,#2289,.F.);
#2925=ORIENTED_EDGE('',*,*,#2290,.F.);
#2926=ORIENTED_EDGE('',*,*,#2291,.F.);
#2927=ORIENTED_EDGE('',*,*,#2292,.F.);
#2928=ORIENTED_EDGE('',*,*,#2293,.F.);
#2929=ORIENTED_EDGE('',*,*,#2294,.F.);
#2930=ORIENTED_EDGE('',*,*,#2295,.F.);
#2931=ORIENTED_EDGE('',*,*,#2296,.F.);
#2932=ORIENTED_EDGE('',*,*,#2297,.F.);
#2933=ORIENTED_EDGE('',*,*,#2298,.F.);
#2934=ORIENTED_EDGE('',*,*,#2299,.F.);
#2935=ORIENTED_EDGE('',*,*,#2300,.F.);
#2936=ORIENTED_EDGE('',*,*,#2301,.F.);
#2937=ORIENTED_EDGE('',*,*,#2302,.F.);
#2938=ORIENTED_EDGE('',*,*,#2303,.F.);
#2939=ORIENTED_EDGE('',*,*,#2304,.F.);
#2940=ORIENTED_EDGE('',*,*,#2305,.F.);
#2941=ORIENTED_EDGE('',*,*,#2306,.F.);
#2942=ORIENTED_EDGE('',*,*,#2307,.F.);
#2943=ORIENTED_EDGE('',*,*,#2308,.F.);
#2944=ORIENTED_EDGE('',*,*,#2309,.F.);
#2945=ORIENTED_EDGE('',*,*,#2310,.F.);
#2946=ORIENTED_EDGE('',*,*,#2311,.F.);
#2947=ORIENTED_EDGE('',*,*,#2312,.F.);
#2948=ORIENTED_EDGE('',*,*,#2313,.F.);
#2949=ORIENTED_EDGE('',*,*,#2314,.F.);
#2950=ORIENTED_EDGE('',*,*,#2315,.F.);
#2951=ORIENTED_EDGE('',*,*,#2316,.F.);
#2952=ORIENTED_EDGE('',*,*,#2317,.F.);
#2953=ORIENTED_EDGE('',*,*,#2318,.F.);
#2954=ORIENTED_EDGE('',*,*,#2319,.F.);
#2955=ORIENTED_EDGE('',*,*,#2320,.F.);
#2956=ORIENTED_EDGE('',*,*,#2321,.F.);
#2957=ORIENTED_EDGE('',*,*,#2322,.F.);
#2958=ORIENTED_EDGE('',*,*,#2323,.F.);
#2959=ORIENTED_EDGE('',*,*,#2324,.F.);
#2960=ORIENTED_EDGE('',*,*,#2325,.F.);
#2961=ORIENTED_EDGE('',*,*,#2326,.F.);
#2962=ORIENTED_EDGE('',*,*,#2106,.T.);
#2963=ORIENTED_EDGE('',*,*,#2110,.T.);
#2964=ORIENTED_EDGE('',*,*,#2327,.T.);
#2965=ORIENTED_EDGE('',*,*,#2113,.T.);
#2966=ORIENTED_EDGE('',*,*,#2117,.T.);
#2967=ORIENTED_EDGE('',*,*,#2328,.T.);
#2968=ORIENTED_EDGE('',*,*,#2329,.T.);
#2969=ORIENTED_EDGE('',*,*,#2330,.T.);
#2970=ORIENTED_EDGE('',*,*,#2331,.T.);
#2971=ORIENTED_EDGE('',*,*,#2332,.T.);
#2972=ORIENTED_EDGE('',*,*,#2333,.T.);
#2973=ORIENTED_EDGE('',*,*,#2334,.T.);
#2974=ORIENTED_EDGE('',*,*,#2335,.T.);
#2975=ORIENTED_EDGE('',*,*,#2336,.T.);
#2976=ORIENTED_EDGE('',*,*,#2337,.T.);
#2977=ORIENTED_EDGE('',*,*,#2338,.T.);
#2978=ORIENTED_EDGE('',*,*,#2339,.T.);
#2979=ORIENTED_EDGE('',*,*,#2340,.T.);
#2980=ORIENTED_EDGE('',*,*,#2341,.T.);
#2981=ORIENTED_EDGE('',*,*,#2342,.T.);
#2982=ORIENTED_EDGE('',*,*,#2343,.T.);
#2983=ORIENTED_EDGE('',*,*,#2344,.T.);
#2984=ORIENTED_EDGE('',*,*,#2345,.T.);
#2985=ORIENTED_EDGE('',*,*,#2346,.T.);
#2986=ORIENTED_EDGE('',*,*,#2347,.T.);
#2987=ORIENTED_EDGE('',*,*,#2348,.T.);
#2988=ORIENTED_EDGE('',*,*,#2349,.T.);
#2989=ORIENTED_EDGE('',*,*,#2350,.T.);
#2990=ORIENTED_EDGE('',*,*,#2351,.T.);
#2991=ORIENTED_EDGE('',*,*,#2352,.T.);
#2992=ORIENTED_EDGE('',*,*,#2353,.T.);
#2993=ORIENTED_EDGE('',*,*,#2354,.T.);
#2994=ORIENTED_EDGE('',*,*,#2355,.T.);
#2995=ORIENTED_EDGE('',*,*,#2356,.T.);
#2996=ORIENTED_EDGE('',*,*,#2357,.T.);
#2997=ORIENTED_EDGE('',*,*,#2358,.T.);
#2998=ORIENTED_EDGE('',*,*,#2359,.T.);
#2999=ORIENTED_EDGE('',*,*,#2360,.T.);
#3000=ORIENTED_EDGE('',*,*,#2361,.T.);
#3001=ORIENTED_EDGE('',*,*,#2362,.T.);
#3002=ORIENTED_EDGE('',*,*,#2363,.T.);
#3003=ORIENTED_EDGE('',*,*,#2364,.T.);
#3004=ORIENTED_EDGE('',*,*,#2365,.T.);
#3005=ORIENTED_EDGE('',*,*,#2120,.T.);
#3006=ORIENTED_EDGE('',*,*,#2366,.F.);
#3007=ORIENTED_EDGE('',*,*,#2367,.T.);
#3008=ORIENTED_EDGE('',*,*,#2368,.T.);
#3009=ORIENTED_EDGE('',*,*,#2369,.T.);
#3010=ORIENTED_EDGE('',*,*,#2370,.T.);
#3011=ORIENTED_EDGE('',*,*,#2371,.T.);
#3012=ORIENTED_EDGE('',*,*,#2372,.T.);
#3013=ORIENTED_EDGE('',*,*,#2373,.T.);
#3014=ORIENTED_EDGE('',*,*,#2374,.T.);
#3015=ORIENTED_EDGE('',*,*,#2375,.T.);
#3016=ORIENTED_EDGE('',*,*,#2376,.T.);
#3017=ORIENTED_EDGE('',*,*,#2377,.T.);
#3018=ORIENTED_EDGE('',*,*,#2378,.T.);
#3019=ORIENTED_EDGE('',*,*,#2379,.T.);
#3020=ORIENTED_EDGE('',*,*,#2380,.T.);
#3021=ORIENTED_EDGE('',*,*,#2381,.T.);
#3022=ORIENTED_EDGE('',*,*,#2382,.T.);
#3023=ORIENTED_EDGE('',*,*,#2383,.F.);
#3024=ORIENTED_EDGE('',*,*,#2384,.T.);
#3025=ORIENTED_EDGE('',*,*,#2385,.T.);
#3026=ORIENTED_EDGE('',*,*,#2386,.T.);
#3027=ORIENTED_EDGE('',*,*,#2387,.T.);
#3028=ORIENTED_EDGE('',*,*,#2388,.T.);
#3029=ORIENTED_EDGE('',*,*,#2389,.T.);
#3030=ORIENTED_EDGE('',*,*,#2390,.T.);
#3031=ORIENTED_EDGE('',*,*,#2391,.T.);
#3032=ORIENTED_EDGE('',*,*,#2392,.T.);
#3033=ORIENTED_EDGE('',*,*,#2393,.T.);
#3034=ORIENTED_EDGE('',*,*,#2394,.T.);
#3035=ORIENTED_EDGE('',*,*,#2395,.T.);
#3036=ORIENTED_EDGE('',*,*,#2396,.T.);
#3037=ORIENTED_EDGE('',*,*,#2397,.T.);
#3038=ORIENTED_EDGE('',*,*,#2398,.T.);
#3039=ORIENTED_EDGE('',*,*,#2399,.T.);
#3040=ORIENTED_EDGE('',*,*,#2400,.T.);
#3041=ORIENTED_EDGE('',*,*,#2401,.T.);
#3042=ORIENTED_EDGE('',*,*,#2402,.T.);
#3043=ORIENTED_EDGE('',*,*,#2403,.T.);
#3044=ORIENTED_EDGE('',*,*,#2404,.T.);
#3045=ORIENTED_EDGE('',*,*,#2405,.T.);
#3046=ORIENTED_EDGE('',*,*,#2406,.T.);
#3047=ORIENTED_EDGE('',*,*,#2407,.T.);
#3048=ORIENTED_EDGE('',*,*,#2408,.T.);
#3049=ORIENTED_EDGE('',*,*,#2409,.T.);
#3050=ORIENTED_EDGE('',*,*,#2410,.T.);
#3051=ORIENTED_EDGE('',*,*,#2411,.T.);
#3052=ORIENTED_EDGE('',*,*,#2412,.T.);
#3053=ORIENTED_EDGE('',*,*,#2413,.T.);
#3054=ORIENTED_EDGE('',*,*,#2414,.T.);
#3055=ORIENTED_EDGE('',*,*,#2415,.T.);
#3056=ORIENTED_EDGE('',*,*,#2416,.T.);
#3057=ORIENTED_EDGE('',*,*,#2417,.T.);
#3058=ORIENTED_EDGE('',*,*,#2418,.T.);
#3059=ORIENTED_EDGE('',*,*,#2419,.T.);
#3060=ORIENTED_EDGE('',*,*,#2420,.T.);
#3061=ORIENTED_EDGE('',*,*,#2421,.T.);
#3062=ORIENTED_EDGE('',*,*,#2422,.T.);
#3063=ORIENTED_EDGE('',*,*,#2423,.T.);
#3064=ORIENTED_EDGE('',*,*,#2424,.T.);
#3065=ORIENTED_EDGE('',*,*,#2425,.T.);
#3066=ORIENTED_EDGE('',*,*,#2426,.T.);
#3067=ORIENTED_EDGE('',*,*,#2427,.T.);
#3068=ORIENTED_EDGE('',*,*,#2428,.T.);
#3069=ORIENTED_EDGE('',*,*,#2429,.T.);
#3070=ORIENTED_EDGE('',*,*,#2430,.T.);
#3071=ORIENTED_EDGE('',*,*,#2431,.T.);
#3072=ORIENTED_EDGE('',*,*,#2432,.F.);
#3073=ORIENTED_EDGE('',*,*,#2433,.T.);
#3074=ORIENTED_EDGE('',*,*,#2434,.T.);
#3075=ORIENTED_EDGE('',*,*,#2435,.T.);
#3076=ORIENTED_EDGE('',*,*,#2436,.T.);
#3077=ORIENTED_EDGE('',*,*,#2437,.T.);
#3078=ORIENTED_EDGE('',*,*,#2438,.T.);
#3079=ORIENTED_EDGE('',*,*,#2439,.T.);
#3080=ORIENTED_EDGE('',*,*,#2440,.T.);
#3081=ORIENTED_EDGE('',*,*,#2441,.T.);
#3082=ORIENTED_EDGE('',*,*,#2442,.T.);
#3083=ORIENTED_EDGE('',*,*,#2443,.T.);
#3084=ORIENTED_EDGE('',*,*,#2444,.T.);
#3085=ORIENTED_EDGE('',*,*,#2445,.T.);
#3086=ORIENTED_EDGE('',*,*,#2446,.T.);
#3087=ORIENTED_EDGE('',*,*,#2447,.T.);
#3088=ORIENTED_EDGE('',*,*,#2448,.T.);
#3089=ORIENTED_EDGE('',*,*,#2449,.T.);
#3090=ORIENTED_EDGE('',*,*,#2450,.T.);
#3091=ORIENTED_EDGE('',*,*,#2451,.T.);
#3092=ORIENTED_EDGE('',*,*,#2452,.T.);
#3093=ORIENTED_EDGE('',*,*,#2453,.T.);
#3094=ORIENTED_EDGE('',*,*,#2454,.T.);
#3095=ORIENTED_EDGE('',*,*,#2455,.T.);
#3096=ORIENTED_EDGE('',*,*,#2456,.T.);
#3097=ORIENTED_EDGE('',*,*,#2457,.T.);
#3098=ORIENTED_EDGE('',*,*,#2458,.T.);
#3099=ORIENTED_EDGE('',*,*,#2459,.T.);
#3100=ORIENTED_EDGE('',*,*,#2460,.T.);
#3101=ORIENTED_EDGE('',*,*,#2461,.T.);
#3102=ORIENTED_EDGE('',*,*,#2462,.T.);
#3103=ORIENTED_EDGE('',*,*,#2463,.T.);
#3104=ORIENTED_EDGE('',*,*,#2464,.T.);
#3105=ORIENTED_EDGE('',*,*,#2465,.T.);
#3106=ORIENTED_EDGE('',*,*,#2466,.T.);
#3107=ORIENTED_EDGE('',*,*,#2467,.T.);
#3108=ORIENTED_EDGE('',*,*,#2468,.T.);
#3109=ORIENTED_EDGE('',*,*,#2469,.T.);
#3110=ORIENTED_EDGE('',*,*,#2470,.T.);
#3111=ORIENTED_EDGE('',*,*,#2471,.T.);
#3112=ORIENTED_EDGE('',*,*,#2472,.T.);
#3113=ORIENTED_EDGE('',*,*,#2473,.T.);
#3114=ORIENTED_EDGE('',*,*,#2474,.T.);
#3115=ORIENTED_EDGE('',*,*,#2475,.T.);
#3116=ORIENTED_EDGE('',*,*,#2476,.T.);
#3117=ORIENTED_EDGE('',*,*,#2477,.T.);
#3118=ORIENTED_EDGE('',*,*,#2478,.T.);
#3119=ORIENTED_EDGE('',*,*,#2479,.T.);
#3120=ORIENTED_EDGE('',*,*,#2480,.T.);
#3121=ORIENTED_EDGE('',*,*,#2481,.T.);
#3122=ORIENTED_EDGE('',*,*,#2482,.T.);
#3123=ORIENTED_EDGE('',*,*,#2483,.T.);
#3124=ORIENTED_EDGE('',*,*,#2484,.T.);
#3125=ORIENTED_EDGE('',*,*,#2485,.T.);
#3126=ORIENTED_EDGE('',*,*,#2486,.T.);
#3127=ORIENTED_EDGE('',*,*,#2487,.T.);
#3128=ORIENTED_EDGE('',*,*,#2488,.T.);
#3129=ORIENTED_EDGE('',*,*,#2489,.F.);
#3130=ORIENTED_EDGE('',*,*,#2490,.T.);
#3131=ORIENTED_EDGE('',*,*,#2491,.T.);
#3132=ORIENTED_EDGE('',*,*,#2492,.T.);
#3133=ORIENTED_EDGE('',*,*,#2493,.T.);
#3134=ORIENTED_EDGE('',*,*,#2494,.T.);
#3135=ORIENTED_EDGE('',*,*,#2495,.T.);
#3136=ORIENTED_EDGE('',*,*,#2496,.T.);
#3137=ORIENTED_EDGE('',*,*,#2497,.T.);
#3138=ORIENTED_EDGE('',*,*,#2498,.T.);
#3139=ORIENTED_EDGE('',*,*,#2499,.T.);
#3140=ORIENTED_EDGE('',*,*,#2500,.T.);
#3141=ORIENTED_EDGE('',*,*,#2501,.T.);
#3142=ORIENTED_EDGE('',*,*,#2502,.T.);
#3143=ORIENTED_EDGE('',*,*,#2503,.T.);
#3144=ORIENTED_EDGE('',*,*,#2504,.T.);
#3145=ORIENTED_EDGE('',*,*,#2505,.T.);
#3146=ORIENTED_EDGE('',*,*,#2506,.T.);
#3147=ORIENTED_EDGE('',*,*,#2507,.T.);
#3148=ORIENTED_EDGE('',*,*,#2508,.T.);
#3149=ORIENTED_EDGE('',*,*,#2509,.T.);
#3150=ORIENTED_EDGE('',*,*,#2510,.T.);
#3151=ORIENTED_EDGE('',*,*,#2511,.T.);
#3152=ORIENTED_EDGE('',*,*,#2512,.T.);
#3153=ORIENTED_EDGE('',*,*,#2513,.T.);
#3154=ORIENTED_EDGE('',*,*,#2514,.T.);
#3155=ORIENTED_EDGE('',*,*,#2515,.T.);
#3156=ORIENTED_EDGE('',*,*,#2516,.T.);
#3157=ORIENTED_EDGE('',*,*,#2517,.T.);
#3158=ORIENTED_EDGE('',*,*,#2518,.T.);
#3159=ORIENTED_EDGE('',*,*,#2519,.T.);
#3160=ORIENTED_EDGE('',*,*,#2520,.T.);
#3161=ORIENTED_EDGE('',*,*,#2521,.T.);
#3162=ORIENTED_EDGE('',*,*,#2522,.F.);
#3163=ORIENTED_EDGE('',*,*,#2523,.T.);
#3164=ORIENTED_EDGE('',*,*,#2524,.T.);
#3165=ORIENTED_EDGE('',*,*,#2525,.T.);
#3166=ORIENTED_EDGE('',*,*,#2526,.T.);
#3167=ORIENTED_EDGE('',*,*,#2527,.T.);
#3168=ORIENTED_EDGE('',*,*,#2528,.T.);
#3169=ORIENTED_EDGE('',*,*,#2529,.T.);
#3170=ORIENTED_EDGE('',*,*,#2530,.T.);
#3171=ORIENTED_EDGE('',*,*,#2172,.T.);
#3172=ORIENTED_EDGE('',*,*,#2531,.F.);
#3173=ORIENTED_EDGE('',*,*,#2373,.F.);
#3174=ORIENTED_EDGE('',*,*,#2532,.T.);
#3175=ORIENTED_EDGE('',*,*,#2171,.T.);
#3176=ORIENTED_EDGE('',*,*,#2533,.F.);
#3177=ORIENTED_EDGE('',*,*,#2374,.F.);
#3178=ORIENTED_EDGE('',*,*,#2531,.T.);
#3179=ORIENTED_EDGE('',*,*,#2170,.T.);
#3180=ORIENTED_EDGE('',*,*,#2534,.F.);
#3181=ORIENTED_EDGE('',*,*,#2367,.F.);
#3182=ORIENTED_EDGE('',*,*,#2533,.T.);
#3183=ORIENTED_EDGE('',*,*,#2169,.T.);
#3184=ORIENTED_EDGE('',*,*,#2535,.F.);
#3185=ORIENTED_EDGE('',*,*,#2368,.F.);
#3186=ORIENTED_EDGE('',*,*,#2534,.T.);
#3187=ORIENTED_EDGE('',*,*,#2180,.T.);
#3188=ORIENTED_EDGE('',*,*,#2536,.F.);
#3189=ORIENTED_EDGE('',*,*,#2381,.F.);
#3190=ORIENTED_EDGE('',*,*,#2537,.T.);
#3191=ORIENTED_EDGE('',*,*,#2179,.T.);
#3192=ORIENTED_EDGE('',*,*,#2538,.F.);
#3193=ORIENTED_EDGE('',*,*,#2382,.F.);
#3194=ORIENTED_EDGE('',*,*,#2536,.T.);
#3195=ORIENTED_EDGE('',*,*,#2178,.T.);
#3196=ORIENTED_EDGE('',*,*,#2539,.F.);
#3197=ORIENTED_EDGE('',*,*,#2375,.F.);
#3198=ORIENTED_EDGE('',*,*,#2538,.T.);
#3199=ORIENTED_EDGE('',*,*,#2177,.T.);
#3200=ORIENTED_EDGE('',*,*,#2540,.F.);
#3201=ORIENTED_EDGE('',*,*,#2376,.F.);
#3202=ORIENTED_EDGE('',*,*,#2539,.T.);
#3203=ORIENTED_EDGE('',*,*,#2188,.T.);
#3204=ORIENTED_EDGE('',*,*,#2541,.F.);
#3205=ORIENTED_EDGE('',*,*,#2390,.F.);
#3206=ORIENTED_EDGE('',*,*,#2542,.T.);
#3207=ORIENTED_EDGE('',*,*,#2187,.T.);
#3208=ORIENTED_EDGE('',*,*,#2543,.F.);
#3209=ORIENTED_EDGE('',*,*,#2391,.F.);
#3210=ORIENTED_EDGE('',*,*,#2541,.T.);
#3211=ORIENTED_EDGE('',*,*,#2186,.T.);
#3212=ORIENTED_EDGE('',*,*,#2544,.F.);
#3213=ORIENTED_EDGE('',*,*,#2384,.F.);
#3214=ORIENTED_EDGE('',*,*,#2543,.T.);
#3215=ORIENTED_EDGE('',*,*,#2185,.T.);
#3216=ORIENTED_EDGE('',*,*,#2545,.F.);
#3217=ORIENTED_EDGE('',*,*,#2385,.F.);
#3218=ORIENTED_EDGE('',*,*,#2544,.T.);
#3219=ORIENTED_EDGE('',*,*,#2196,.T.);
#3220=ORIENTED_EDGE('',*,*,#2546,.F.);
#3221=ORIENTED_EDGE('',*,*,#2398,.F.);
#3222=ORIENTED_EDGE('',*,*,#2547,.T.);
#3223=ORIENTED_EDGE('',*,*,#2195,.T.);
#3224=ORIENTED_EDGE('',*,*,#2548,.F.);
#3225=ORIENTED_EDGE('',*,*,#2399,.F.);
#3226=ORIENTED_EDGE('',*,*,#2546,.T.);
#3227=ORIENTED_EDGE('',*,*,#2194,.T.);
#3228=ORIENTED_EDGE('',*,*,#2549,.F.);
#3229=ORIENTED_EDGE('',*,*,#2392,.F.);
#3230=ORIENTED_EDGE('',*,*,#2548,.T.);
#3231=ORIENTED_EDGE('',*,*,#2193,.T.);
#3232=ORIENTED_EDGE('',*,*,#2550,.F.);
#3233=ORIENTED_EDGE('',*,*,#2393,.F.);
#3234=ORIENTED_EDGE('',*,*,#2549,.T.);
#3235=ORIENTED_EDGE('',*,*,#2204,.T.);
#3236=ORIENTED_EDGE('',*,*,#2551,.F.);
#3237=ORIENTED_EDGE('',*,*,#2406,.F.);
#3238=ORIENTED_EDGE('',*,*,#2552,.T.);
#3239=ORIENTED_EDGE('',*,*,#2203,.T.);
#3240=ORIENTED_EDGE('',*,*,#2553,.F.);
#3241=ORIENTED_EDGE('',*,*,#2407,.F.);
#3242=ORIENTED_EDGE('',*,*,#2551,.T.);
#3243=ORIENTED_EDGE('',*,*,#2202,.T.);
#3244=ORIENTED_EDGE('',*,*,#2554,.F.);
#3245=ORIENTED_EDGE('',*,*,#2400,.F.);
#3246=ORIENTED_EDGE('',*,*,#2553,.T.);
#3247=ORIENTED_EDGE('',*,*,#2201,.T.);
#3248=ORIENTED_EDGE('',*,*,#2555,.F.);
#3249=ORIENTED_EDGE('',*,*,#2401,.F.);
#3250=ORIENTED_EDGE('',*,*,#2554,.T.);
#3251=ORIENTED_EDGE('',*,*,#2212,.T.);
#3252=ORIENTED_EDGE('',*,*,#2556,.F.);
#3253=ORIENTED_EDGE('',*,*,#2414,.F.);
#3254=ORIENTED_EDGE('',*,*,#2557,.T.);
#3255=ORIENTED_EDGE('',*,*,#2211,.T.);
#3256=ORIENTED_EDGE('',*,*,#2558,.F.);
#3257=ORIENTED_EDGE('',*,*,#2415,.F.);
#3258=ORIENTED_EDGE('',*,*,#2556,.T.);
#3259=ORIENTED_EDGE('',*,*,#2210,.T.);
#3260=ORIENTED_EDGE('',*,*,#2559,.F.);
#3261=ORIENTED_EDGE('',*,*,#2408,.F.);
#3262=ORIENTED_EDGE('',*,*,#2558,.T.);
#3263=ORIENTED_EDGE('',*,*,#2209,.T.);
#3264=ORIENTED_EDGE('',*,*,#2560,.F.);
#3265=ORIENTED_EDGE('',*,*,#2409,.F.);
#3266=ORIENTED_EDGE('',*,*,#2559,.T.);
#3267=ORIENTED_EDGE('',*,*,#2220,.T.);
#3268=ORIENTED_EDGE('',*,*,#2561,.F.);
#3269=ORIENTED_EDGE('',*,*,#2422,.F.);
#3270=ORIENTED_EDGE('',*,*,#2562,.T.);
#3271=ORIENTED_EDGE('',*,*,#2219,.T.);
#3272=ORIENTED_EDGE('',*,*,#2563,.F.);
#3273=ORIENTED_EDGE('',*,*,#2423,.F.);
#3274=ORIENTED_EDGE('',*,*,#2561,.T.);
#3275=ORIENTED_EDGE('',*,*,#2218,.T.);
#3276=ORIENTED_EDGE('',*,*,#2564,.F.);
#3277=ORIENTED_EDGE('',*,*,#2416,.F.);
#3278=ORIENTED_EDGE('',*,*,#2563,.T.);
#3279=ORIENTED_EDGE('',*,*,#2217,.T.);
#3280=ORIENTED_EDGE('',*,*,#2565,.F.);
#3281=ORIENTED_EDGE('',*,*,#2417,.F.);
#3282=ORIENTED_EDGE('',*,*,#2564,.T.);
#3283=ORIENTED_EDGE('',*,*,#2228,.T.);
#3284=ORIENTED_EDGE('',*,*,#2566,.F.);
#3285=ORIENTED_EDGE('',*,*,#2430,.F.);
#3286=ORIENTED_EDGE('',*,*,#2567,.T.);
#3287=ORIENTED_EDGE('',*,*,#2227,.T.);
#3288=ORIENTED_EDGE('',*,*,#2568,.F.);
#3289=ORIENTED_EDGE('',*,*,#2431,.F.);
#3290=ORIENTED_EDGE('',*,*,#2566,.T.);
#3291=ORIENTED_EDGE('',*,*,#2226,.T.);
#3292=ORIENTED_EDGE('',*,*,#2569,.F.);
#3293=ORIENTED_EDGE('',*,*,#2424,.F.);
#3294=ORIENTED_EDGE('',*,*,#2568,.T.);
#3295=ORIENTED_EDGE('',*,*,#2225,.T.);
#3296=ORIENTED_EDGE('',*,*,#2570,.F.);
#3297=ORIENTED_EDGE('',*,*,#2425,.F.);
#3298=ORIENTED_EDGE('',*,*,#2569,.T.);
#3299=ORIENTED_EDGE('',*,*,#2236,.T.);
#3300=ORIENTED_EDGE('',*,*,#2571,.F.);
#3301=ORIENTED_EDGE('',*,*,#2439,.F.);
#3302=ORIENTED_EDGE('',*,*,#2572,.T.);
#3303=ORIENTED_EDGE('',*,*,#2235,.T.);
#3304=ORIENTED_EDGE('',*,*,#2573,.F.);
#3305=ORIENTED_EDGE('',*,*,#2440,.F.);
#3306=ORIENTED_EDGE('',*,*,#2571,.T.);
#3307=ORIENTED_EDGE('',*,*,#2234,.T.);
#3308=ORIENTED_EDGE('',*,*,#2574,.F.);
#3309=ORIENTED_EDGE('',*,*,#2433,.F.);
#3310=ORIENTED_EDGE('',*,*,#2573,.T.);
#3311=ORIENTED_EDGE('',*,*,#2233,.T.);
#3312=ORIENTED_EDGE('',*,*,#2575,.F.);
#3313=ORIENTED_EDGE('',*,*,#2434,.F.);
#3314=ORIENTED_EDGE('',*,*,#2574,.T.);
#3315=ORIENTED_EDGE('',*,*,#2244,.T.);
#3316=ORIENTED_EDGE('',*,*,#2576,.F.);
#3317=ORIENTED_EDGE('',*,*,#2447,.F.);
#3318=ORIENTED_EDGE('',*,*,#2577,.T.);
#3319=ORIENTED_EDGE('',*,*,#2243,.T.);
#3320=ORIENTED_EDGE('',*,*,#2578,.F.);
#3321=ORIENTED_EDGE('',*,*,#2448,.F.);
#3322=ORIENTED_EDGE('',*,*,#2576,.T.);
#3323=ORIENTED_EDGE('',*,*,#2242,.T.);
#3324=ORIENTED_EDGE('',*,*,#2579,.F.);
#3325=ORIENTED_EDGE('',*,*,#2441,.F.);
#3326=ORIENTED_EDGE('',*,*,#2578,.T.);
#3327=ORIENTED_EDGE('',*,*,#2241,.T.);
#3328=ORIENTED_EDGE('',*,*,#2580,.F.);
#3329=ORIENTED_EDGE('',*,*,#2442,.F.);
#3330=ORIENTED_EDGE('',*,*,#2579,.T.);
#3331=ORIENTED_EDGE('',*,*,#2252,.T.);
#3332=ORIENTED_EDGE('',*,*,#2581,.F.);
#3333=ORIENTED_EDGE('',*,*,#2455,.F.);
#3334=ORIENTED_EDGE('',*,*,#2582,.T.);
#3335=ORIENTED_EDGE('',*,*,#2251,.T.);
#3336=ORIENTED_EDGE('',*,*,#2583,.F.);
#3337=ORIENTED_EDGE('',*,*,#2456,.F.);
#3338=ORIENTED_EDGE('',*,*,#2581,.T.);
#3339=ORIENTED_EDGE('',*,*,#2250,.T.);
#3340=ORIENTED_EDGE('',*,*,#2584,.F.);
#3341=ORIENTED_EDGE('',*,*,#2449,.F.);
#3342=ORIENTED_EDGE('',*,*,#2583,.T.);
#3343=ORIENTED_EDGE('',*,*,#2249,.T.);
#3344=ORIENTED_EDGE('',*,*,#2585,.F.);
#3345=ORIENTED_EDGE('',*,*,#2450,.F.);
#3346=ORIENTED_EDGE('',*,*,#2584,.T.);
#3347=ORIENTED_EDGE('',*,*,#2260,.T.);
#3348=ORIENTED_EDGE('',*,*,#2586,.F.);
#3349=ORIENTED_EDGE('',*,*,#2463,.F.);
#3350=ORIENTED_EDGE('',*,*,#2587,.T.);
#3351=ORIENTED_EDGE('',*,*,#2259,.T.);
#3352=ORIENTED_EDGE('',*,*,#2588,.F.);
#3353=ORIENTED_EDGE('',*,*,#2464,.F.);
#3354=ORIENTED_EDGE('',*,*,#2586,.T.);
#3355=ORIENTED_EDGE('',*,*,#2258,.T.);
#3356=ORIENTED_EDGE('',*,*,#2589,.F.);
#3357=ORIENTED_EDGE('',*,*,#2457,.F.);
#3358=ORIENTED_EDGE('',*,*,#2588,.T.);
#3359=ORIENTED_EDGE('',*,*,#2257,.T.);
#3360=ORIENTED_EDGE('',*,*,#2590,.F.);
#3361=ORIENTED_EDGE('',*,*,#2458,.F.);
#3362=ORIENTED_EDGE('',*,*,#2589,.T.);
#3363=ORIENTED_EDGE('',*,*,#2268,.T.);
#3364=ORIENTED_EDGE('',*,*,#2591,.F.);
#3365=ORIENTED_EDGE('',*,*,#2471,.F.);
#3366=ORIENTED_EDGE('',*,*,#2592,.T.);
#3367=ORIENTED_EDGE('',*,*,#2267,.T.);
#3368=ORIENTED_EDGE('',*,*,#2593,.F.);
#3369=ORIENTED_EDGE('',*,*,#2472,.F.);
#3370=ORIENTED_EDGE('',*,*,#2591,.T.);
#3371=ORIENTED_EDGE('',*,*,#2266,.T.);
#3372=ORIENTED_EDGE('',*,*,#2594,.F.);
#3373=ORIENTED_EDGE('',*,*,#2465,.F.);
#3374=ORIENTED_EDGE('',*,*,#2593,.T.);
#3375=ORIENTED_EDGE('',*,*,#2265,.T.);
#3376=ORIENTED_EDGE('',*,*,#2595,.F.);
#3377=ORIENTED_EDGE('',*,*,#2466,.F.);
#3378=ORIENTED_EDGE('',*,*,#2594,.T.);
#3379=ORIENTED_EDGE('',*,*,#2276,.T.);
#3380=ORIENTED_EDGE('',*,*,#2596,.F.);
#3381=ORIENTED_EDGE('',*,*,#2479,.F.);
#3382=ORIENTED_EDGE('',*,*,#2597,.T.);
#3383=ORIENTED_EDGE('',*,*,#2275,.T.);
#3384=ORIENTED_EDGE('',*,*,#2598,.F.);
#3385=ORIENTED_EDGE('',*,*,#2480,.F.);
#3386=ORIENTED_EDGE('',*,*,#2596,.T.);
#3387=ORIENTED_EDGE('',*,*,#2274,.T.);
#3388=ORIENTED_EDGE('',*,*,#2599,.F.);
#3389=ORIENTED_EDGE('',*,*,#2473,.F.);
#3390=ORIENTED_EDGE('',*,*,#2598,.T.);
#3391=ORIENTED_EDGE('',*,*,#2273,.T.);
#3392=ORIENTED_EDGE('',*,*,#2600,.F.);
#3393=ORIENTED_EDGE('',*,*,#2474,.F.);
#3394=ORIENTED_EDGE('',*,*,#2599,.T.);
#3395=ORIENTED_EDGE('',*,*,#2284,.T.);
#3396=ORIENTED_EDGE('',*,*,#2601,.F.);
#3397=ORIENTED_EDGE('',*,*,#2487,.F.);
#3398=ORIENTED_EDGE('',*,*,#2602,.T.);
#3399=ORIENTED_EDGE('',*,*,#2283,.T.);
#3400=ORIENTED_EDGE('',*,*,#2603,.F.);
#3401=ORIENTED_EDGE('',*,*,#2488,.F.);
#3402=ORIENTED_EDGE('',*,*,#2601,.T.);
#3403=ORIENTED_EDGE('',*,*,#2282,.T.);
#3404=ORIENTED_EDGE('',*,*,#2604,.F.);
#3405=ORIENTED_EDGE('',*,*,#2481,.F.);
#3406=ORIENTED_EDGE('',*,*,#2603,.T.);
#3407=ORIENTED_EDGE('',*,*,#2281,.T.);
#3408=ORIENTED_EDGE('',*,*,#2605,.F.);
#3409=ORIENTED_EDGE('',*,*,#2482,.F.);
#3410=ORIENTED_EDGE('',*,*,#2604,.T.);
#3411=ORIENTED_EDGE('',*,*,#2292,.T.);
#3412=ORIENTED_EDGE('',*,*,#2606,.F.);
#3413=ORIENTED_EDGE('',*,*,#2496,.F.);
#3414=ORIENTED_EDGE('',*,*,#2607,.T.);
#3415=ORIENTED_EDGE('',*,*,#2291,.T.);
#3416=ORIENTED_EDGE('',*,*,#2608,.F.);
#3417=ORIENTED_EDGE('',*,*,#2497,.F.);
#3418=ORIENTED_EDGE('',*,*,#2606,.T.);
#3419=ORIENTED_EDGE('',*,*,#2290,.T.);
#3420=ORIENTED_EDGE('',*,*,#2609,.F.);
#3421=ORIENTED_EDGE('',*,*,#2490,.F.);
#3422=ORIENTED_EDGE('',*,*,#2608,.T.);
#3423=ORIENTED_EDGE('',*,*,#2289,.T.);
#3424=ORIENTED_EDGE('',*,*,#2610,.F.);
#3425=ORIENTED_EDGE('',*,*,#2491,.F.);
#3426=ORIENTED_EDGE('',*,*,#2609,.T.);
#3427=ORIENTED_EDGE('',*,*,#2300,.T.);
#3428=ORIENTED_EDGE('',*,*,#2611,.F.);
#3429=ORIENTED_EDGE('',*,*,#2504,.F.);
#3430=ORIENTED_EDGE('',*,*,#2612,.T.);
#3431=ORIENTED_EDGE('',*,*,#2299,.T.);
#3432=ORIENTED_EDGE('',*,*,#2613,.F.);
#3433=ORIENTED_EDGE('',*,*,#2505,.F.);
#3434=ORIENTED_EDGE('',*,*,#2611,.T.);
#3435=ORIENTED_EDGE('',*,*,#2298,.T.);
#3436=ORIENTED_EDGE('',*,*,#2614,.F.);
#3437=ORIENTED_EDGE('',*,*,#2498,.F.);
#3438=ORIENTED_EDGE('',*,*,#2613,.T.);
#3439=ORIENTED_EDGE('',*,*,#2297,.T.);
#3440=ORIENTED_EDGE('',*,*,#2615,.F.);
#3441=ORIENTED_EDGE('',*,*,#2499,.F.);
#3442=ORIENTED_EDGE('',*,*,#2614,.T.);
#3443=ORIENTED_EDGE('',*,*,#2308,.T.);
#3444=ORIENTED_EDGE('',*,*,#2616,.F.);
#3445=ORIENTED_EDGE('',*,*,#2512,.F.);
#3446=ORIENTED_EDGE('',*,*,#2617,.T.);
#3447=ORIENTED_EDGE('',*,*,#2307,.T.);
#3448=ORIENTED_EDGE('',*,*,#2618,.F.);
#3449=ORIENTED_EDGE('',*,*,#2513,.F.);
#3450=ORIENTED_EDGE('',*,*,#2616,.T.);
#3451=ORIENTED_EDGE('',*,*,#2306,.T.);
#3452=ORIENTED_EDGE('',*,*,#2619,.F.);
#3453=ORIENTED_EDGE('',*,*,#2506,.F.);
#3454=ORIENTED_EDGE('',*,*,#2618,.T.);
#3455=ORIENTED_EDGE('',*,*,#2305,.T.);
#3456=ORIENTED_EDGE('',*,*,#2620,.F.);
#3457=ORIENTED_EDGE('',*,*,#2507,.F.);
#3458=ORIENTED_EDGE('',*,*,#2619,.T.);
#3459=ORIENTED_EDGE('',*,*,#2316,.T.);
#3460=ORIENTED_EDGE('',*,*,#2621,.F.);
#3461=ORIENTED_EDGE('',*,*,#2520,.F.);
#3462=ORIENTED_EDGE('',*,*,#2622,.T.);
#3463=ORIENTED_EDGE('',*,*,#2315,.T.);
#3464=ORIENTED_EDGE('',*,*,#2623,.F.);
#3465=ORIENTED_EDGE('',*,*,#2521,.F.);
#3466=ORIENTED_EDGE('',*,*,#2621,.T.);
#3467=ORIENTED_EDGE('',*,*,#2314,.T.);
#3468=ORIENTED_EDGE('',*,*,#2624,.F.);
#3469=ORIENTED_EDGE('',*,*,#2514,.F.);
#3470=ORIENTED_EDGE('',*,*,#2623,.T.);
#3471=ORIENTED_EDGE('',*,*,#2313,.T.);
#3472=ORIENTED_EDGE('',*,*,#2625,.F.);
#3473=ORIENTED_EDGE('',*,*,#2515,.F.);
#3474=ORIENTED_EDGE('',*,*,#2624,.T.);
#3475=ORIENTED_EDGE('',*,*,#2324,.T.);
#3476=ORIENTED_EDGE('',*,*,#2626,.F.);
#3477=ORIENTED_EDGE('',*,*,#2529,.F.);
#3478=ORIENTED_EDGE('',*,*,#2627,.T.);
#3479=ORIENTED_EDGE('',*,*,#2323,.T.);
#3480=ORIENTED_EDGE('',*,*,#2628,.F.);
#3481=ORIENTED_EDGE('',*,*,#2530,.F.);
#3482=ORIENTED_EDGE('',*,*,#2626,.T.);
#3483=ORIENTED_EDGE('',*,*,#2322,.T.);
#3484=ORIENTED_EDGE('',*,*,#2629,.F.);
#3485=ORIENTED_EDGE('',*,*,#2523,.F.);
#3486=ORIENTED_EDGE('',*,*,#2628,.T.);
#3487=ORIENTED_EDGE('',*,*,#2321,.T.);
#3488=ORIENTED_EDGE('',*,*,#2630,.F.);
#3489=ORIENTED_EDGE('',*,*,#2524,.F.);
#3490=ORIENTED_EDGE('',*,*,#2629,.T.);
#3491=ORIENTED_EDGE('',*,*,#2150,.T.);
#3492=ORIENTED_EDGE('',*,*,#2631,.F.);
#3493=ORIENTED_EDGE('',*,*,#2338,.F.);
#3494=ORIENTED_EDGE('',*,*,#2632,.T.);
#3495=ORIENTED_EDGE('',*,*,#2149,.T.);
#3496=ORIENTED_EDGE('',*,*,#2633,.F.);
#3497=ORIENTED_EDGE('',*,*,#2339,.F.);
#3498=ORIENTED_EDGE('',*,*,#2631,.T.);
#3499=ORIENTED_EDGE('',*,*,#2148,.T.);
#3500=ORIENTED_EDGE('',*,*,#2634,.F.);
#3501=ORIENTED_EDGE('',*,*,#2340,.F.);
#3502=ORIENTED_EDGE('',*,*,#2633,.T.);
#3503=ORIENTED_EDGE('',*,*,#2147,.T.);
#3504=ORIENTED_EDGE('',*,*,#2635,.F.);
#3505=ORIENTED_EDGE('',*,*,#2341,.F.);
#3506=ORIENTED_EDGE('',*,*,#2634,.T.);
#3507=ORIENTED_EDGE('',*,*,#2146,.T.);
#3508=ORIENTED_EDGE('',*,*,#2636,.F.);
#3509=ORIENTED_EDGE('',*,*,#2342,.F.);
#3510=ORIENTED_EDGE('',*,*,#2635,.T.);
#3511=ORIENTED_EDGE('',*,*,#2145,.T.);
#3512=ORIENTED_EDGE('',*,*,#2637,.F.);
#3513=ORIENTED_EDGE('',*,*,#2343,.F.);
#3514=ORIENTED_EDGE('',*,*,#2636,.T.);
#3515=ORIENTED_EDGE('',*,*,#2144,.T.);
#3516=ORIENTED_EDGE('',*,*,#2638,.F.);
#3517=ORIENTED_EDGE('',*,*,#2344,.F.);
#3518=ORIENTED_EDGE('',*,*,#2637,.T.);
#3519=ORIENTED_EDGE('',*,*,#2143,.T.);
#3520=ORIENTED_EDGE('',*,*,#2639,.F.);
#3521=ORIENTED_EDGE('',*,*,#2345,.F.);
#3522=ORIENTED_EDGE('',*,*,#2638,.T.);
#3523=ORIENTED_EDGE('',*,*,#2142,.T.);
#3524=ORIENTED_EDGE('',*,*,#2640,.F.);
#3525=ORIENTED_EDGE('',*,*,#2346,.F.);
#3526=ORIENTED_EDGE('',*,*,#2639,.T.);
#3527=ORIENTED_EDGE('',*,*,#2141,.T.);
#3528=ORIENTED_EDGE('',*,*,#2641,.F.);
#3529=ORIENTED_EDGE('',*,*,#2347,.F.);
#3530=ORIENTED_EDGE('',*,*,#2640,.T.);
#3531=ORIENTED_EDGE('',*,*,#2140,.T.);
#3532=ORIENTED_EDGE('',*,*,#2642,.F.);
#3533=ORIENTED_EDGE('',*,*,#2348,.F.);
#3534=ORIENTED_EDGE('',*,*,#2641,.T.);
#3535=ORIENTED_EDGE('',*,*,#2139,.T.);
#3536=ORIENTED_EDGE('',*,*,#2643,.F.);
#3537=ORIENTED_EDGE('',*,*,#2349,.F.);
#3538=ORIENTED_EDGE('',*,*,#2642,.T.);
#3539=ORIENTED_EDGE('',*,*,#2138,.T.);
#3540=ORIENTED_EDGE('',*,*,#2644,.F.);
#3541=ORIENTED_EDGE('',*,*,#2350,.F.);
#3542=ORIENTED_EDGE('',*,*,#2643,.T.);
#3543=ORIENTED_EDGE('',*,*,#2137,.T.);
#3544=ORIENTED_EDGE('',*,*,#2645,.F.);
#3545=ORIENTED_EDGE('',*,*,#2351,.F.);
#3546=ORIENTED_EDGE('',*,*,#2644,.T.);
#3547=ORIENTED_EDGE('',*,*,#2136,.T.);
#3548=ORIENTED_EDGE('',*,*,#2646,.F.);
#3549=ORIENTED_EDGE('',*,*,#2352,.F.);
#3550=ORIENTED_EDGE('',*,*,#2645,.T.);
#3551=ORIENTED_EDGE('',*,*,#2135,.T.);
#3552=ORIENTED_EDGE('',*,*,#2647,.F.);
#3553=ORIENTED_EDGE('',*,*,#2353,.F.);
#3554=ORIENTED_EDGE('',*,*,#2646,.T.);
#3555=ORIENTED_EDGE('',*,*,#2134,.T.);
#3556=ORIENTED_EDGE('',*,*,#2648,.F.);
#3557=ORIENTED_EDGE('',*,*,#2354,.F.);
#3558=ORIENTED_EDGE('',*,*,#2647,.T.);
#3559=ORIENTED_EDGE('',*,*,#2133,.T.);
#3560=ORIENTED_EDGE('',*,*,#2649,.F.);
#3561=ORIENTED_EDGE('',*,*,#2355,.F.);
#3562=ORIENTED_EDGE('',*,*,#2648,.T.);
#3563=ORIENTED_EDGE('',*,*,#2132,.T.);
#3564=ORIENTED_EDGE('',*,*,#2650,.F.);
#3565=ORIENTED_EDGE('',*,*,#2356,.F.);
#3566=ORIENTED_EDGE('',*,*,#2649,.T.);
#3567=ORIENTED_EDGE('',*,*,#2131,.T.);
#3568=ORIENTED_EDGE('',*,*,#2651,.F.);
#3569=ORIENTED_EDGE('',*,*,#2357,.F.);
#3570=ORIENTED_EDGE('',*,*,#2650,.T.);
#3571=ORIENTED_EDGE('',*,*,#2130,.T.);
#3572=ORIENTED_EDGE('',*,*,#2652,.F.);
#3573=ORIENTED_EDGE('',*,*,#2358,.F.);
#3574=ORIENTED_EDGE('',*,*,#2651,.T.);
#3575=ORIENTED_EDGE('',*,*,#2129,.T.);
#3576=ORIENTED_EDGE('',*,*,#2653,.F.);
#3577=ORIENTED_EDGE('',*,*,#2359,.F.);
#3578=ORIENTED_EDGE('',*,*,#2652,.T.);
#3579=ORIENTED_EDGE('',*,*,#2128,.T.);
#3580=ORIENTED_EDGE('',*,*,#2654,.F.);
#3581=ORIENTED_EDGE('',*,*,#2360,.F.);
#3582=ORIENTED_EDGE('',*,*,#2653,.T.);
#3583=ORIENTED_EDGE('',*,*,#2127,.T.);
#3584=ORIENTED_EDGE('',*,*,#2655,.T.);
#3585=ORIENTED_EDGE('',*,*,#2361,.F.);
#3586=ORIENTED_EDGE('',*,*,#2654,.T.);
#3587=ORIENTED_EDGE('',*,*,#2126,.T.);
#3588=ORIENTED_EDGE('',*,*,#2656,.T.);
#3589=ORIENTED_EDGE('',*,*,#2362,.F.);
#3590=ORIENTED_EDGE('',*,*,#2655,.F.);
#3591=ORIENTED_EDGE('',*,*,#2168,.T.);
#3592=ORIENTED_EDGE('',*,*,#2657,.F.);
#3593=ORIENTED_EDGE('',*,*,#2369,.F.);
#3594=ORIENTED_EDGE('',*,*,#2535,.T.);
#3595=ORIENTED_EDGE('',*,*,#2176,.T.);
#3596=ORIENTED_EDGE('',*,*,#2658,.F.);
#3597=ORIENTED_EDGE('',*,*,#2377,.F.);
#3598=ORIENTED_EDGE('',*,*,#2540,.T.);
#3599=ORIENTED_EDGE('',*,*,#2184,.T.);
#3600=ORIENTED_EDGE('',*,*,#2659,.F.);
#3601=ORIENTED_EDGE('',*,*,#2386,.F.);
#3602=ORIENTED_EDGE('',*,*,#2545,.T.);
#3603=ORIENTED_EDGE('',*,*,#2192,.T.);
#3604=ORIENTED_EDGE('',*,*,#2660,.F.);
#3605=ORIENTED_EDGE('',*,*,#2394,.F.);
#3606=ORIENTED_EDGE('',*,*,#2550,.T.);
#3607=ORIENTED_EDGE('',*,*,#2200,.T.);
#3608=ORIENTED_EDGE('',*,*,#2661,.F.);
#3609=ORIENTED_EDGE('',*,*,#2402,.F.);
#3610=ORIENTED_EDGE('',*,*,#2555,.T.);
#3611=ORIENTED_EDGE('',*,*,#2208,.T.);
#3612=ORIENTED_EDGE('',*,*,#2662,.F.);
#3613=ORIENTED_EDGE('',*,*,#2410,.F.);
#3614=ORIENTED_EDGE('',*,*,#2560,.T.);
#3615=ORIENTED_EDGE('',*,*,#2216,.T.);
#3616=ORIENTED_EDGE('',*,*,#2663,.F.);
#3617=ORIENTED_EDGE('',*,*,#2418,.F.);
#3618=ORIENTED_EDGE('',*,*,#2565,.T.);
#3619=ORIENTED_EDGE('',*,*,#2224,.T.);
#3620=ORIENTED_EDGE('',*,*,#2664,.F.);
#3621=ORIENTED_EDGE('',*,*,#2426,.F.);
#3622=ORIENTED_EDGE('',*,*,#2570,.T.);
#3623=ORIENTED_EDGE('',*,*,#2232,.T.);
#3624=ORIENTED_EDGE('',*,*,#2665,.F.);
#3625=ORIENTED_EDGE('',*,*,#2435,.F.);
#3626=ORIENTED_EDGE('',*,*,#2575,.T.);
#3627=ORIENTED_EDGE('',*,*,#2240,.T.);
#3628=ORIENTED_EDGE('',*,*,#2666,.F.);
#3629=ORIENTED_EDGE('',*,*,#2443,.F.);
#3630=ORIENTED_EDGE('',*,*,#2580,.T.);
#3631=ORIENTED_EDGE('',*,*,#2248,.T.);
#3632=ORIENTED_EDGE('',*,*,#2667,.F.);
#3633=ORIENTED_EDGE('',*,*,#2451,.F.);
#3634=ORIENTED_EDGE('',*,*,#2585,.T.);
#3635=ORIENTED_EDGE('',*,*,#2256,.T.);
#3636=ORIENTED_EDGE('',*,*,#2668,.F.);
#3637=ORIENTED_EDGE('',*,*,#2459,.F.);
#3638=ORIENTED_EDGE('',*,*,#2590,.T.);
#3639=ORIENTED_EDGE('',*,*,#2264,.T.);
#3640=ORIENTED_EDGE('',*,*,#2669,.F.);
#3641=ORIENTED_EDGE('',*,*,#2467,.F.);
#3642=ORIENTED_EDGE('',*,*,#2595,.T.);
#3643=ORIENTED_EDGE('',*,*,#2272,.T.);
#3644=ORIENTED_EDGE('',*,*,#2670,.F.);
#3645=ORIENTED_EDGE('',*,*,#2475,.F.);
#3646=ORIENTED_EDGE('',*,*,#2600,.T.);
#3647=ORIENTED_EDGE('',*,*,#2280,.T.);
#3648=ORIENTED_EDGE('',*,*,#2671,.F.);
#3649=ORIENTED_EDGE('',*,*,#2483,.F.);
#3650=ORIENTED_EDGE('',*,*,#2605,.T.);
#3651=ORIENTED_EDGE('',*,*,#2288,.T.);
#3652=ORIENTED_EDGE('',*,*,#2672,.F.);
#3653=ORIENTED_EDGE('',*,*,#2492,.F.);
#3654=ORIENTED_EDGE('',*,*,#2610,.T.);
#3655=ORIENTED_EDGE('',*,*,#2296,.T.);
#3656=ORIENTED_EDGE('',*,*,#2673,.F.);
#3657=ORIENTED_EDGE('',*,*,#2500,.F.);
#3658=ORIENTED_EDGE('',*,*,#2615,.T.);
#3659=ORIENTED_EDGE('',*,*,#2304,.T.);
#3660=ORIENTED_EDGE('',*,*,#2674,.F.);
#3661=ORIENTED_EDGE('',*,*,#2508,.F.);
#3662=ORIENTED_EDGE('',*,*,#2620,.T.);
#3663=ORIENTED_EDGE('',*,*,#2312,.T.);
#3664=ORIENTED_EDGE('',*,*,#2675,.F.);
#3665=ORIENTED_EDGE('',*,*,#2516,.F.);
#3666=ORIENTED_EDGE('',*,*,#2625,.T.);
#3667=ORIENTED_EDGE('',*,*,#2320,.T.);
#3668=ORIENTED_EDGE('',*,*,#2676,.F.);
#3669=ORIENTED_EDGE('',*,*,#2525,.F.);
#3670=ORIENTED_EDGE('',*,*,#2630,.T.);
#3671=ORIENTED_EDGE('',*,*,#2125,.T.);
#3672=ORIENTED_EDGE('',*,*,#2677,.T.);
#3673=ORIENTED_EDGE('',*,*,#2363,.F.);
#3674=ORIENTED_EDGE('',*,*,#2656,.F.);
#3675=ORIENTED_EDGE('',*,*,#2124,.T.);
#3676=ORIENTED_EDGE('',*,*,#2678,.F.);
#3677=ORIENTED_EDGE('',*,*,#2364,.F.);
#3678=ORIENTED_EDGE('',*,*,#2677,.F.);
#3679=ORIENTED_EDGE('',*,*,#2123,.T.);
#3680=ORIENTED_EDGE('',*,*,#2121,.F.);
#3681=ORIENTED_EDGE('',*,*,#2365,.F.);
#3682=ORIENTED_EDGE('',*,*,#2678,.T.);
#3683=ORIENTED_EDGE('',*,*,#2151,.T.);
#3684=ORIENTED_EDGE('',*,*,#2632,.F.);
#3685=ORIENTED_EDGE('',*,*,#2337,.F.);
#3686=ORIENTED_EDGE('',*,*,#2679,.T.);
#3687=ORIENTED_EDGE('',*,*,#2152,.T.);
#3688=ORIENTED_EDGE('',*,*,#2679,.F.);
#3689=ORIENTED_EDGE('',*,*,#2336,.F.);
#3690=ORIENTED_EDGE('',*,*,#2680,.T.);
#3691=ORIENTED_EDGE('',*,*,#2161,.T.);
#3692=ORIENTED_EDGE('',*,*,#2114,.F.);
#3693=ORIENTED_EDGE('',*,*,#2327,.F.);
#3694=ORIENTED_EDGE('',*,*,#2112,.T.);
#3695=ORIENTED_EDGE('',*,*,#2153,.T.);
#3696=ORIENTED_EDGE('',*,*,#2680,.F.);
#3697=ORIENTED_EDGE('',*,*,#2335,.F.);
#3698=ORIENTED_EDGE('',*,*,#2681,.T.);
#3699=ORIENTED_EDGE('',*,*,#2154,.T.);
#3700=ORIENTED_EDGE('',*,*,#2681,.F.);
#3701=ORIENTED_EDGE('',*,*,#2334,.F.);
#3702=ORIENTED_EDGE('',*,*,#2682,.T.);
#3703=ORIENTED_EDGE('',*,*,#2155,.T.);
#3704=ORIENTED_EDGE('',*,*,#2682,.F.);
#3705=ORIENTED_EDGE('',*,*,#2333,.F.);
#3706=ORIENTED_EDGE('',*,*,#2683,.T.);
#3707=ORIENTED_EDGE('',*,*,#2156,.T.);
#3708=ORIENTED_EDGE('',*,*,#2683,.F.);
#3709=ORIENTED_EDGE('',*,*,#2332,.F.);
#3710=ORIENTED_EDGE('',*,*,#2684,.T.);
#3711=ORIENTED_EDGE('',*,*,#2157,.T.);
#3712=ORIENTED_EDGE('',*,*,#2684,.F.);
#3713=ORIENTED_EDGE('',*,*,#2331,.F.);
#3714=ORIENTED_EDGE('',*,*,#2685,.T.);
#3715=ORIENTED_EDGE('',*,*,#2158,.T.);
#3716=ORIENTED_EDGE('',*,*,#2685,.F.);
#3717=ORIENTED_EDGE('',*,*,#2330,.F.);
#3718=ORIENTED_EDGE('',*,*,#2686,.T.);
#3719=ORIENTED_EDGE('',*,*,#2119,.T.);
#3720=ORIENTED_EDGE('',*,*,#2160,.T.);
#3721=ORIENTED_EDGE('',*,*,#2687,.F.);
#3722=ORIENTED_EDGE('',*,*,#2328,.F.);
#3723=ORIENTED_EDGE('',*,*,#2159,.T.);
#3724=ORIENTED_EDGE('',*,*,#2686,.F.);
#3725=ORIENTED_EDGE('',*,*,#2329,.F.);
#3726=ORIENTED_EDGE('',*,*,#2687,.T.);
#3727=ORIENTED_EDGE('',*,*,#2162,.T.);
#3728=ORIENTED_EDGE('',*,*,#2688,.T.);
#3729=ORIENTED_EDGE('',*,*,#2366,.T.);
#3730=ORIENTED_EDGE('',*,*,#2688,.F.);
#3731=ORIENTED_EDGE('',*,*,#2173,.T.);
#3732=ORIENTED_EDGE('',*,*,#2532,.F.);
#3733=ORIENTED_EDGE('',*,*,#2372,.F.);
#3734=ORIENTED_EDGE('',*,*,#2689,.T.);
#3735=ORIENTED_EDGE('',*,*,#2167,.T.);
#3736=ORIENTED_EDGE('',*,*,#2690,.F.);
#3737=ORIENTED_EDGE('',*,*,#2370,.F.);
#3738=ORIENTED_EDGE('',*,*,#2657,.T.);
#3739=ORIENTED_EDGE('',*,*,#2174,.T.);
#3740=ORIENTED_EDGE('',*,*,#2689,.F.);
#3741=ORIENTED_EDGE('',*,*,#2371,.F.);
#3742=ORIENTED_EDGE('',*,*,#2690,.T.);
#3743=ORIENTED_EDGE('',*,*,#2181,.T.);
#3744=ORIENTED_EDGE('',*,*,#2537,.F.);
#3745=ORIENTED_EDGE('',*,*,#2380,.F.);
#3746=ORIENTED_EDGE('',*,*,#2691,.T.);
#3747=ORIENTED_EDGE('',*,*,#2175,.T.);
#3748=ORIENTED_EDGE('',*,*,#2692,.F.);
#3749=ORIENTED_EDGE('',*,*,#2378,.F.);
#3750=ORIENTED_EDGE('',*,*,#2658,.T.);
#3751=ORIENTED_EDGE('',*,*,#2182,.T.);
#3752=ORIENTED_EDGE('',*,*,#2691,.F.);
#3753=ORIENTED_EDGE('',*,*,#2379,.F.);
#3754=ORIENTED_EDGE('',*,*,#2692,.T.);
#3755=ORIENTED_EDGE('',*,*,#2163,.T.);
#3756=ORIENTED_EDGE('',*,*,#2693,.T.);
#3757=ORIENTED_EDGE('',*,*,#2383,.T.);
#3758=ORIENTED_EDGE('',*,*,#2693,.F.);
#3759=ORIENTED_EDGE('',*,*,#2189,.T.);
#3760=ORIENTED_EDGE('',*,*,#2542,.F.);
#3761=ORIENTED_EDGE('',*,*,#2389,.F.);
#3762=ORIENTED_EDGE('',*,*,#2694,.T.);
#3763=ORIENTED_EDGE('',*,*,#2183,.T.);
#3764=ORIENTED_EDGE('',*,*,#2695,.F.);
#3765=ORIENTED_EDGE('',*,*,#2387,.F.);
#3766=ORIENTED_EDGE('',*,*,#2659,.T.);
#3767=ORIENTED_EDGE('',*,*,#2190,.T.);
#3768=ORIENTED_EDGE('',*,*,#2694,.F.);
#3769=ORIENTED_EDGE('',*,*,#2388,.F.);
#3770=ORIENTED_EDGE('',*,*,#2695,.T.);
#3771=ORIENTED_EDGE('',*,*,#2197,.T.);
#3772=ORIENTED_EDGE('',*,*,#2547,.F.);
#3773=ORIENTED_EDGE('',*,*,#2397,.F.);
#3774=ORIENTED_EDGE('',*,*,#2696,.T.);
#3775=ORIENTED_EDGE('',*,*,#2191,.T.);
#3776=ORIENTED_EDGE('',*,*,#2697,.F.);
#3777=ORIENTED_EDGE('',*,*,#2395,.F.);
#3778=ORIENTED_EDGE('',*,*,#2660,.T.);
#3779=ORIENTED_EDGE('',*,*,#2198,.T.);
#3780=ORIENTED_EDGE('',*,*,#2696,.F.);
#3781=ORIENTED_EDGE('',*,*,#2396,.F.);
#3782=ORIENTED_EDGE('',*,*,#2697,.T.);
#3783=ORIENTED_EDGE('',*,*,#2205,.T.);
#3784=ORIENTED_EDGE('',*,*,#2552,.F.);
#3785=ORIENTED_EDGE('',*,*,#2405,.F.);
#3786=ORIENTED_EDGE('',*,*,#2698,.T.);
#3787=ORIENTED_EDGE('',*,*,#2199,.T.);
#3788=ORIENTED_EDGE('',*,*,#2699,.F.);
#3789=ORIENTED_EDGE('',*,*,#2403,.F.);
#3790=ORIENTED_EDGE('',*,*,#2661,.T.);
#3791=ORIENTED_EDGE('',*,*,#2206,.T.);
#3792=ORIENTED_EDGE('',*,*,#2698,.F.);
#3793=ORIENTED_EDGE('',*,*,#2404,.F.);
#3794=ORIENTED_EDGE('',*,*,#2699,.T.);
#3795=ORIENTED_EDGE('',*,*,#2213,.T.);
#3796=ORIENTED_EDGE('',*,*,#2557,.F.);
#3797=ORIENTED_EDGE('',*,*,#2413,.F.);
#3798=ORIENTED_EDGE('',*,*,#2700,.T.);
#3799=ORIENTED_EDGE('',*,*,#2207,.T.);
#3800=ORIENTED_EDGE('',*,*,#2701,.F.);
#3801=ORIENTED_EDGE('',*,*,#2411,.F.);
#3802=ORIENTED_EDGE('',*,*,#2662,.T.);
#3803=ORIENTED_EDGE('',*,*,#2214,.T.);
#3804=ORIENTED_EDGE('',*,*,#2700,.F.);
#3805=ORIENTED_EDGE('',*,*,#2412,.F.);
#3806=ORIENTED_EDGE('',*,*,#2701,.T.);
#3807=ORIENTED_EDGE('',*,*,#2221,.T.);
#3808=ORIENTED_EDGE('',*,*,#2562,.F.);
#3809=ORIENTED_EDGE('',*,*,#2421,.F.);
#3810=ORIENTED_EDGE('',*,*,#2702,.T.);
#3811=ORIENTED_EDGE('',*,*,#2215,.T.);
#3812=ORIENTED_EDGE('',*,*,#2703,.F.);
#3813=ORIENTED_EDGE('',*,*,#2419,.F.);
#3814=ORIENTED_EDGE('',*,*,#2663,.T.);
#3815=ORIENTED_EDGE('',*,*,#2222,.T.);
#3816=ORIENTED_EDGE('',*,*,#2702,.F.);
#3817=ORIENTED_EDGE('',*,*,#2420,.F.);
#3818=ORIENTED_EDGE('',*,*,#2703,.T.);
#3819=ORIENTED_EDGE('',*,*,#2229,.T.);
#3820=ORIENTED_EDGE('',*,*,#2567,.F.);
#3821=ORIENTED_EDGE('',*,*,#2429,.F.);
#3822=ORIENTED_EDGE('',*,*,#2704,.T.);
#3823=ORIENTED_EDGE('',*,*,#2223,.T.);
#3824=ORIENTED_EDGE('',*,*,#2705,.F.);
#3825=ORIENTED_EDGE('',*,*,#2427,.F.);
#3826=ORIENTED_EDGE('',*,*,#2664,.T.);
#3827=ORIENTED_EDGE('',*,*,#2230,.T.);
#3828=ORIENTED_EDGE('',*,*,#2704,.F.);
#3829=ORIENTED_EDGE('',*,*,#2428,.F.);
#3830=ORIENTED_EDGE('',*,*,#2705,.T.);
#3831=ORIENTED_EDGE('',*,*,#2164,.T.);
#3832=ORIENTED_EDGE('',*,*,#2706,.T.);
#3833=ORIENTED_EDGE('',*,*,#2432,.T.);
#3834=ORIENTED_EDGE('',*,*,#2706,.F.);
#3835=ORIENTED_EDGE('',*,*,#2237,.T.);
#3836=ORIENTED_EDGE('',*,*,#2572,.F.);
#3837=ORIENTED_EDGE('',*,*,#2438,.F.);
#3838=ORIENTED_EDGE('',*,*,#2707,.T.);
#3839=ORIENTED_EDGE('',*,*,#2231,.T.);
#3840=ORIENTED_EDGE('',*,*,#2708,.F.);
#3841=ORIENTED_EDGE('',*,*,#2436,.F.);
#3842=ORIENTED_EDGE('',*,*,#2665,.T.);
#3843=ORIENTED_EDGE('',*,*,#2238,.T.);
#3844=ORIENTED_EDGE('',*,*,#2707,.F.);
#3845=ORIENTED_EDGE('',*,*,#2437,.F.);
#3846=ORIENTED_EDGE('',*,*,#2708,.T.);
#3847=ORIENTED_EDGE('',*,*,#2245,.T.);
#3848=ORIENTED_EDGE('',*,*,#2577,.F.);
#3849=ORIENTED_EDGE('',*,*,#2446,.F.);
#3850=ORIENTED_EDGE('',*,*,#2709,.T.);
#3851=ORIENTED_EDGE('',*,*,#2239,.T.);
#3852=ORIENTED_EDGE('',*,*,#2710,.F.);
#3853=ORIENTED_EDGE('',*,*,#2444,.F.);
#3854=ORIENTED_EDGE('',*,*,#2666,.T.);
#3855=ORIENTED_EDGE('',*,*,#2246,.T.);
#3856=ORIENTED_EDGE('',*,*,#2709,.F.);
#3857=ORIENTED_EDGE('',*,*,#2445,.F.);
#3858=ORIENTED_EDGE('',*,*,#2710,.T.);
#3859=ORIENTED_EDGE('',*,*,#2253,.T.);
#3860=ORIENTED_EDGE('',*,*,#2582,.F.);
#3861=ORIENTED_EDGE('',*,*,#2454,.F.);
#3862=ORIENTED_EDGE('',*,*,#2711,.T.);
#3863=ORIENTED_EDGE('',*,*,#2247,.T.);
#3864=ORIENTED_EDGE('',*,*,#2712,.F.);
#3865=ORIENTED_EDGE('',*,*,#2452,.F.);
#3866=ORIENTED_EDGE('',*,*,#2667,.T.);
#3867=ORIENTED_EDGE('',*,*,#2254,.T.);
#3868=ORIENTED_EDGE('',*,*,#2711,.F.);
#3869=ORIENTED_EDGE('',*,*,#2453,.F.);
#3870=ORIENTED_EDGE('',*,*,#2712,.T.);
#3871=ORIENTED_EDGE('',*,*,#2261,.T.);
#3872=ORIENTED_EDGE('',*,*,#2587,.F.);
#3873=ORIENTED_EDGE('',*,*,#2462,.F.);
#3874=ORIENTED_EDGE('',*,*,#2713,.T.);
#3875=ORIENTED_EDGE('',*,*,#2255,.T.);
#3876=ORIENTED_EDGE('',*,*,#2714,.F.);
#3877=ORIENTED_EDGE('',*,*,#2460,.F.);
#3878=ORIENTED_EDGE('',*,*,#2668,.T.);
#3879=ORIENTED_EDGE('',*,*,#2262,.T.);
#3880=ORIENTED_EDGE('',*,*,#2713,.F.);
#3881=ORIENTED_EDGE('',*,*,#2461,.F.);
#3882=ORIENTED_EDGE('',*,*,#2714,.T.);
#3883=ORIENTED_EDGE('',*,*,#2269,.T.);
#3884=ORIENTED_EDGE('',*,*,#2592,.F.);
#3885=ORIENTED_EDGE('',*,*,#2470,.F.);
#3886=ORIENTED_EDGE('',*,*,#2715,.T.);
#3887=ORIENTED_EDGE('',*,*,#2263,.T.);
#3888=ORIENTED_EDGE('',*,*,#2716,.F.);
#3889=ORIENTED_EDGE('',*,*,#2468,.F.);
#3890=ORIENTED_EDGE('',*,*,#2669,.T.);
#3891=ORIENTED_EDGE('',*,*,#2270,.T.);
#3892=ORIENTED_EDGE('',*,*,#2715,.F.);
#3893=ORIENTED_EDGE('',*,*,#2469,.F.);
#3894=ORIENTED_EDGE('',*,*,#2716,.T.);
#3895=ORIENTED_EDGE('',*,*,#2277,.T.);
#3896=ORIENTED_EDGE('',*,*,#2597,.F.);
#3897=ORIENTED_EDGE('',*,*,#2478,.F.);
#3898=ORIENTED_EDGE('',*,*,#2717,.T.);
#3899=ORIENTED_EDGE('',*,*,#2271,.T.);
#3900=ORIENTED_EDGE('',*,*,#2718,.F.);
#3901=ORIENTED_EDGE('',*,*,#2476,.F.);
#3902=ORIENTED_EDGE('',*,*,#2670,.T.);
#3903=ORIENTED_EDGE('',*,*,#2278,.T.);
#3904=ORIENTED_EDGE('',*,*,#2717,.F.);
#3905=ORIENTED_EDGE('',*,*,#2477,.F.);
#3906=ORIENTED_EDGE('',*,*,#2718,.T.);
#3907=ORIENTED_EDGE('',*,*,#2285,.T.);
#3908=ORIENTED_EDGE('',*,*,#2602,.F.);
#3909=ORIENTED_EDGE('',*,*,#2486,.F.);
#3910=ORIENTED_EDGE('',*,*,#2719,.T.);
#3911=ORIENTED_EDGE('',*,*,#2279,.T.);
#3912=ORIENTED_EDGE('',*,*,#2720,.F.);
#3913=ORIENTED_EDGE('',*,*,#2484,.F.);
#3914=ORIENTED_EDGE('',*,*,#2671,.T.);
#3915=ORIENTED_EDGE('',*,*,#2286,.T.);
#3916=ORIENTED_EDGE('',*,*,#2719,.F.);
#3917=ORIENTED_EDGE('',*,*,#2485,.F.);
#3918=ORIENTED_EDGE('',*,*,#2720,.T.);
#3919=ORIENTED_EDGE('',*,*,#2165,.T.);
#3920=ORIENTED_EDGE('',*,*,#2721,.T.);
#3921=ORIENTED_EDGE('',*,*,#2489,.T.);
#3922=ORIENTED_EDGE('',*,*,#2721,.F.);
#3923=ORIENTED_EDGE('',*,*,#2293,.T.);
#3924=ORIENTED_EDGE('',*,*,#2607,.F.);
#3925=ORIENTED_EDGE('',*,*,#2495,.F.);
#3926=ORIENTED_EDGE('',*,*,#2722,.T.);
#3927=ORIENTED_EDGE('',*,*,#2287,.T.);
#3928=ORIENTED_EDGE('',*,*,#2723,.F.);
#3929=ORIENTED_EDGE('',*,*,#2493,.F.);
#3930=ORIENTED_EDGE('',*,*,#2672,.T.);
#3931=ORIENTED_EDGE('',*,*,#2294,.T.);
#3932=ORIENTED_EDGE('',*,*,#2722,.F.);
#3933=ORIENTED_EDGE('',*,*,#2494,.F.);
#3934=ORIENTED_EDGE('',*,*,#2723,.T.);
#3935=ORIENTED_EDGE('',*,*,#2301,.T.);
#3936=ORIENTED_EDGE('',*,*,#2612,.F.);
#3937=ORIENTED_EDGE('',*,*,#2503,.F.);
#3938=ORIENTED_EDGE('',*,*,#2724,.T.);
#3939=ORIENTED_EDGE('',*,*,#2295,.T.);
#3940=ORIENTED_EDGE('',*,*,#2725,.F.);
#3941=ORIENTED_EDGE('',*,*,#2501,.F.);
#3942=ORIENTED_EDGE('',*,*,#2673,.T.);
#3943=ORIENTED_EDGE('',*,*,#2302,.T.);
#3944=ORIENTED_EDGE('',*,*,#2724,.F.);
#3945=ORIENTED_EDGE('',*,*,#2502,.F.);
#3946=ORIENTED_EDGE('',*,*,#2725,.T.);
#3947=ORIENTED_EDGE('',*,*,#2309,.T.);
#3948=ORIENTED_EDGE('',*,*,#2617,.F.);
#3949=ORIENTED_EDGE('',*,*,#2511,.F.);
#3950=ORIENTED_EDGE('',*,*,#2726,.T.);
#3951=ORIENTED_EDGE('',*,*,#2303,.T.);
#3952=ORIENTED_EDGE('',*,*,#2727,.F.);
#3953=ORIENTED_EDGE('',*,*,#2509,.F.);
#3954=ORIENTED_EDGE('',*,*,#2674,.T.);
#3955=ORIENTED_EDGE('',*,*,#2310,.T.);
#3956=ORIENTED_EDGE('',*,*,#2726,.F.);
#3957=ORIENTED_EDGE('',*,*,#2510,.F.);
#3958=ORIENTED_EDGE('',*,*,#2727,.T.);
#3959=ORIENTED_EDGE('',*,*,#2317,.T.);
#3960=ORIENTED_EDGE('',*,*,#2622,.F.);
#3961=ORIENTED_EDGE('',*,*,#2519,.F.);
#3962=ORIENTED_EDGE('',*,*,#2728,.T.);
#3963=ORIENTED_EDGE('',*,*,#2311,.T.);
#3964=ORIENTED_EDGE('',*,*,#2729,.F.);
#3965=ORIENTED_EDGE('',*,*,#2517,.F.);
#3966=ORIENTED_EDGE('',*,*,#2675,.T.);
#3967=ORIENTED_EDGE('',*,*,#2318,.T.);
#3968=ORIENTED_EDGE('',*,*,#2728,.F.);
#3969=ORIENTED_EDGE('',*,*,#2518,.F.);
#3970=ORIENTED_EDGE('',*,*,#2729,.T.);
#3971=ORIENTED_EDGE('',*,*,#2166,.T.);
#3972=ORIENTED_EDGE('',*,*,#2730,.T.);
#3973=ORIENTED_EDGE('',*,*,#2522,.T.);
#3974=ORIENTED_EDGE('',*,*,#2730,.F.);
#3975=ORIENTED_EDGE('',*,*,#2325,.T.);
#3976=ORIENTED_EDGE('',*,*,#2627,.F.);
#3977=ORIENTED_EDGE('',*,*,#2528,.F.);
#3978=ORIENTED_EDGE('',*,*,#2731,.T.);
#3979=ORIENTED_EDGE('',*,*,#2319,.T.);
#3980=ORIENTED_EDGE('',*,*,#2732,.F.);
#3981=ORIENTED_EDGE('',*,*,#2526,.F.);
#3982=ORIENTED_EDGE('',*,*,#2676,.T.);
#3983=ORIENTED_EDGE('',*,*,#2326,.T.);
#3984=ORIENTED_EDGE('',*,*,#2731,.F.);
#3985=ORIENTED_EDGE('',*,*,#2527,.F.);
#3986=ORIENTED_EDGE('',*,*,#2732,.T.);
#3987=CYLINDRICAL_SURFACE('',#4319,1.00000000000007);
#3988=CYLINDRICAL_SURFACE('',#4324,1.00000000000004);
#3989=CYLINDRICAL_SURFACE('',#4538,0.360001506454);
#3990=CYLINDRICAL_SURFACE('',#4540,0.360001506454);
#3991=CYLINDRICAL_SURFACE('',#4542,0.360001506454);
#3992=CYLINDRICAL_SURFACE('',#4544,0.360001506454);
#3993=CYLINDRICAL_SURFACE('',#4546,0.360001506455);
#3994=CYLINDRICAL_SURFACE('',#4548,0.360001506454);
#3995=CYLINDRICAL_SURFACE('',#4550,0.360001506455);
#3996=CYLINDRICAL_SURFACE('',#4552,0.360001506455);
#3997=CYLINDRICAL_SURFACE('',#4554,0.360001506455);
#3998=CYLINDRICAL_SURFACE('',#4556,0.360001506455);
#3999=CYLINDRICAL_SURFACE('',#4558,0.36000313088);
#4000=CYLINDRICAL_SURFACE('',#4560,0.36000313088);
#4001=CYLINDRICAL_SURFACE('',#4562,0.359999449958);
#4002=CYLINDRICAL_SURFACE('',#4564,0.359999449958);
#4003=CYLINDRICAL_SURFACE('',#4566,0.360001506455);
#4004=CYLINDRICAL_SURFACE('',#4568,0.360001506455);
#4005=CYLINDRICAL_SURFACE('',#4570,0.360001506455);
#4006=CYLINDRICAL_SURFACE('',#4572,0.360001506455);
#4007=CYLINDRICAL_SURFACE('',#4574,0.360001506454);
#4008=CYLINDRICAL_SURFACE('',#4576,0.360001506454);
#4009=CYLINDRICAL_SURFACE('',#4578,0.360001506454);
#4010=CYLINDRICAL_SURFACE('',#4580,0.360001506454);
#4011=CYLINDRICAL_SURFACE('',#4582,0.360001506455);
#4012=CYLINDRICAL_SURFACE('',#4584,0.360001506454);
#4013=CYLINDRICAL_SURFACE('',#4586,0.360001506455);
#4014=CYLINDRICAL_SURFACE('',#4588,0.360001506455);
#4015=CYLINDRICAL_SURFACE('',#4590,0.360001506454);
#4016=CYLINDRICAL_SURFACE('',#4592,0.360001506454);
#4017=CYLINDRICAL_SURFACE('',#4594,0.360001506455);
#4018=CYLINDRICAL_SURFACE('',#4596,0.360001506454);
#4019=CYLINDRICAL_SURFACE('',#4598,0.360001506455);
#4020=CYLINDRICAL_SURFACE('',#4600,0.360001506455);
#4021=CYLINDRICAL_SURFACE('',#4602,0.360001506455);
#4022=CYLINDRICAL_SURFACE('',#4604,0.360001506455);
#4023=CYLINDRICAL_SURFACE('',#4606,0.360001506455);
#4024=CYLINDRICAL_SURFACE('',#4608,0.360001506455);
#4025=CYLINDRICAL_SURFACE('',#4610,0.360001506455);
#4026=CYLINDRICAL_SURFACE('',#4612,0.360001506455);
#4027=CYLINDRICAL_SURFACE('',#4614,0.360001506455);
#4028=CYLINDRICAL_SURFACE('',#4616,0.360001506455);
#4029=CYLINDRICAL_SURFACE('',#4618,0.999999252925);
#4030=CYLINDRICAL_SURFACE('',#4620,0.999999252925);
#4031=CYLINDRICAL_SURFACE('',#4622,0.999999252925);
#4032=CYLINDRICAL_SURFACE('',#4624,0.999999252925);
#4033=CYLINDRICAL_SURFACE('',#4626,0.999999252925);
#4034=CYLINDRICAL_SURFACE('',#4628,0.999999252925);
#4035=CYLINDRICAL_SURFACE('',#4630,0.500001333575);
#4036=CYLINDRICAL_SURFACE('',#4631,0.500001333575);
#4037=CYLINDRICAL_SURFACE('',#4633,0.999999252925);
#4038=CYLINDRICAL_SURFACE('',#4635,0.999999252925);
#4039=CYLINDRICAL_SURFACE('',#4637,0.999999252925);
#4040=CYLINDRICAL_SURFACE('',#4639,0.999999252925);
#4041=CYLINDRICAL_SURFACE('',#4641,0.499998692424874);
#4042=CYLINDRICAL_SURFACE('',#4643,0.360001506454);
#4043=CYLINDRICAL_SURFACE('',#4644,0.360001506454);
#4044=CYLINDRICAL_SURFACE('',#4645,0.360001506454);
#4045=CYLINDRICAL_SURFACE('',#4646,0.360001506455);
#4046=CYLINDRICAL_SURFACE('',#4647,0.360001506455);
#4047=CYLINDRICAL_SURFACE('',#4648,0.36000313088);
#4048=CYLINDRICAL_SURFACE('',#4649,0.359999449958);
#4049=CYLINDRICAL_SURFACE('',#4650,0.360001506455);
#4050=CYLINDRICAL_SURFACE('',#4651,0.360001506455);
#4051=CYLINDRICAL_SURFACE('',#4652,0.360001506454);
#4052=CYLINDRICAL_SURFACE('',#4653,0.360001506454);
#4053=CYLINDRICAL_SURFACE('',#4654,0.360001506454);
#4054=CYLINDRICAL_SURFACE('',#4655,0.360001506455);
#4055=CYLINDRICAL_SURFACE('',#4656,0.360001506454);
#4056=CYLINDRICAL_SURFACE('',#4657,0.360001506454);
#4057=CYLINDRICAL_SURFACE('',#4658,0.360001506455);
#4058=CYLINDRICAL_SURFACE('',#4659,0.360001506455);
#4059=CYLINDRICAL_SURFACE('',#4660,0.360001506455);
#4060=CYLINDRICAL_SURFACE('',#4661,0.360001506455);
#4061=CYLINDRICAL_SURFACE('',#4662,0.360001506455);
#4062=CYLINDRICAL_SURFACE('',#4663,1.00000000000001);
#4063=CYLINDRICAL_SURFACE('',#4665,5.000082517598);
#4064=CYLINDRICAL_SURFACE('',#4667,0.999999252925);
#4065=CYLINDRICAL_SURFACE('',#4670,0.999999252925);
#4066=CYLINDRICAL_SURFACE('',#4672,4.999999336336);
#4067=CYLINDRICAL_SURFACE('',#4674,5.00000445242);
#4068=CYLINDRICAL_SURFACE('',#4677,1.1);
#4069=CYLINDRICAL_SURFACE('',#4680,0.360001506454);
#4070=CYLINDRICAL_SURFACE('',#4683,0.360001506454);
#4071=CYLINDRICAL_SURFACE('',#4684,1.1);
#4072=CYLINDRICAL_SURFACE('',#4687,0.360001506455);
#4073=CYLINDRICAL_SURFACE('',#4690,0.360001506455);
#4074=CYLINDRICAL_SURFACE('',#4693,0.360001506455);
#4075=CYLINDRICAL_SURFACE('',#4696,0.36000313088);
#4076=CYLINDRICAL_SURFACE('',#4699,0.359999449958);
#4077=CYLINDRICAL_SURFACE('',#4702,0.360001506455);
#4078=CYLINDRICAL_SURFACE('',#4703,1.1);
#4079=CYLINDRICAL_SURFACE('',#4706,0.360001506455);
#4080=CYLINDRICAL_SURFACE('',#4709,0.360001506454);
#4081=CYLINDRICAL_SURFACE('',#4712,0.360001506454);
#4082=CYLINDRICAL_SURFACE('',#4715,0.360001506455);
#4083=CYLINDRICAL_SURFACE('',#4718,0.360001506455);
#4084=CYLINDRICAL_SURFACE('',#4721,0.360001506454);
#4085=CYLINDRICAL_SURFACE('',#4724,0.360001506455);
#4086=CYLINDRICAL_SURFACE('',#4725,1.1);
#4087=CYLINDRICAL_SURFACE('',#4728,0.360001506455);
#4088=CYLINDRICAL_SURFACE('',#4731,0.360001506455);
#4089=CYLINDRICAL_SURFACE('',#4734,0.360001506455);
#4090=CYLINDRICAL_SURFACE('',#4737,0.360001506455);
#4091=CYLINDRICAL_SURFACE('',#4738,1.1);
#4092=CYLINDRICAL_SURFACE('',#4741,0.360001506455);
#4093=ADVANCED_FACE('',(#174),#3987,.T.);
#4094=ADVANCED_FACE('',(#175),#69,.F.);
#4095=ADVANCED_FACE('',(#176),#70,.F.);
#4096=ADVANCED_FACE('',(#177),#3988,.T.);
#4097=ADVANCED_FACE('',(#178),#71,.T.);
#4098=ADVANCED_FACE('',(#179,#19,#20,#21,#22,#23,#24,#25,#26,#27,#28,#29,
#30,#31,#32,#33,#34,#35,#36,#37,#38,#39,#40,#41,#42,#43),#72,.T.);
#4099=ADVANCED_FACE('',(#180,#44,#45,#46,#47,#48,#49,#50,#51,#52,#53,#54,
#55,#56,#57,#58,#59,#60,#61,#62,#63,#64,#65,#66,#67,#68),#73,.F.);
#4100=ADVANCED_FACE('',(#181),#3989,.F.);
#4101=ADVANCED_FACE('',(#182),#74,.T.);
#4102=ADVANCED_FACE('',(#183),#3990,.F.);
#4103=ADVANCED_FACE('',(#184),#75,.T.);
#4104=ADVANCED_FACE('',(#185),#3991,.F.);
#4105=ADVANCED_FACE('',(#186),#76,.T.);
#4106=ADVANCED_FACE('',(#187),#3992,.F.);
#4107=ADVANCED_FACE('',(#188),#77,.T.);
#4108=ADVANCED_FACE('',(#189),#3993,.F.);
#4109=ADVANCED_FACE('',(#190),#78,.T.);
#4110=ADVANCED_FACE('',(#191),#3994,.F.);
#4111=ADVANCED_FACE('',(#192),#79,.T.);
#4112=ADVANCED_FACE('',(#193),#3995,.F.);
#4113=ADVANCED_FACE('',(#194),#80,.T.);
#4114=ADVANCED_FACE('',(#195),#3996,.F.);
#4115=ADVANCED_FACE('',(#196),#81,.T.);
#4116=ADVANCED_FACE('',(#197),#3997,.F.);
#4117=ADVANCED_FACE('',(#198),#82,.T.);
#4118=ADVANCED_FACE('',(#199),#3998,.F.);
#4119=ADVANCED_FACE('',(#200),#83,.T.);
#4120=ADVANCED_FACE('',(#201),#3999,.F.);
#4121=ADVANCED_FACE('',(#202),#84,.T.);
#4122=ADVANCED_FACE('',(#203),#4000,.F.);
#4123=ADVANCED_FACE('',(#204),#85,.T.);
#4124=ADVANCED_FACE('',(#205),#4001,.F.);
#4125=ADVANCED_FACE('',(#206),#86,.T.);
#4126=ADVANCED_FACE('',(#207),#4002,.F.);
#4127=ADVANCED_FACE('',(#208),#87,.T.);
#4128=ADVANCED_FACE('',(#209),#4003,.F.);
#4129=ADVANCED_FACE('',(#210),#88,.T.);
#4130=ADVANCED_FACE('',(#211),#4004,.F.);
#4131=ADVANCED_FACE('',(#212),#89,.T.);
#4132=ADVANCED_FACE('',(#213),#4005,.F.);
#4133=ADVANCED_FACE('',(#214),#90,.T.);
#4134=ADVANCED_FACE('',(#215),#4006,.F.);
#4135=ADVANCED_FACE('',(#216),#91,.T.);
#4136=ADVANCED_FACE('',(#217),#4007,.F.);
#4137=ADVANCED_FACE('',(#218),#92,.T.);
#4138=ADVANCED_FACE('',(#219),#4008,.F.);
#4139=ADVANCED_FACE('',(#220),#93,.T.);
#4140=ADVANCED_FACE('',(#221),#4009,.F.);
#4141=ADVANCED_FACE('',(#222),#94,.T.);
#4142=ADVANCED_FACE('',(#223),#4010,.F.);
#4143=ADVANCED_FACE('',(#224),#95,.T.);
#4144=ADVANCED_FACE('',(#225),#4011,.F.);
#4145=ADVANCED_FACE('',(#226),#96,.T.);
#4146=ADVANCED_FACE('',(#227),#4012,.F.);
#4147=ADVANCED_FACE('',(#228),#97,.T.);
#4148=ADVANCED_FACE('',(#229),#4013,.F.);
#4149=ADVANCED_FACE('',(#230),#98,.T.);
#4150=ADVANCED_FACE('',(#231),#4014,.F.);
#4151=ADVANCED_FACE('',(#232),#99,.T.);
#4152=ADVANCED_FACE('',(#233),#4015,.F.);
#4153=ADVANCED_FACE('',(#234),#100,.T.);
#4154=ADVANCED_FACE('',(#235),#4016,.F.);
#4155=ADVANCED_FACE('',(#236),#101,.T.);
#4156=ADVANCED_FACE('',(#237),#4017,.F.);
#4157=ADVANCED_FACE('',(#238),#102,.T.);
#4158=ADVANCED_FACE('',(#239),#4018,.F.);
#4159=ADVANCED_FACE('',(#240),#103,.T.);
#4160=ADVANCED_FACE('',(#241),#4019,.F.);
#4161=ADVANCED_FACE('',(#242),#104,.T.);
#4162=ADVANCED_FACE('',(#243),#4020,.F.);
#4163=ADVANCED_FACE('',(#244),#105,.T.);
#4164=ADVANCED_FACE('',(#245),#4021,.F.);
#4165=ADVANCED_FACE('',(#246),#106,.T.);
#4166=ADVANCED_FACE('',(#247),#4022,.F.);
#4167=ADVANCED_FACE('',(#248),#107,.T.);
#4168=ADVANCED_FACE('',(#249),#4023,.F.);
#4169=ADVANCED_FACE('',(#250),#108,.T.);
#4170=ADVANCED_FACE('',(#251),#4024,.F.);
#4171=ADVANCED_FACE('',(#252),#109,.T.);
#4172=ADVANCED_FACE('',(#253),#4025,.F.);
#4173=ADVANCED_FACE('',(#254),#110,.T.);
#4174=ADVANCED_FACE('',(#255),#4026,.F.);
#4175=ADVANCED_FACE('',(#256),#111,.T.);
#4176=ADVANCED_FACE('',(#257),#4027,.F.);
#4177=ADVANCED_FACE('',(#258),#112,.T.);
#4178=ADVANCED_FACE('',(#259),#4028,.F.);
#4179=ADVANCED_FACE('',(#260),#113,.T.);
#4180=ADVANCED_FACE('',(#261),#4029,.T.);
#4181=ADVANCED_FACE('',(#262),#114,.T.);
#4182=ADVANCED_FACE('',(#263),#4030,.T.);
#4183=ADVANCED_FACE('',(#264),#115,.T.);
#4184=ADVANCED_FACE('',(#265),#4031,.F.);
#4185=ADVANCED_FACE('',(#266),#116,.T.);
#4186=ADVANCED_FACE('',(#267),#4032,.T.);
#4187=ADVANCED_FACE('',(#268),#117,.T.);
#4188=ADVANCED_FACE('',(#269),#4033,.F.);
#4189=ADVANCED_FACE('',(#270),#118,.T.);
#4190=ADVANCED_FACE('',(#271),#4034,.T.);
#4191=ADVANCED_FACE('',(#272),#119,.T.);
#4192=ADVANCED_FACE('',(#273),#4035,.F.);
#4193=ADVANCED_FACE('',(#274),#4036,.T.);
#4194=ADVANCED_FACE('',(#275),#120,.T.);
#4195=ADVANCED_FACE('',(#276),#4037,.T.);
#4196=ADVANCED_FACE('',(#277),#121,.T.);
#4197=ADVANCED_FACE('',(#278),#4038,.F.);
#4198=ADVANCED_FACE('',(#279),#122,.T.);
#4199=ADVANCED_FACE('',(#280),#4039,.T.);
#4200=ADVANCED_FACE('',(#281),#123,.T.);
#4201=ADVANCED_FACE('',(#282),#4040,.F.);
#4202=ADVANCED_FACE('',(#283),#124,.T.);
#4203=ADVANCED_FACE('',(#284),#4041,.T.);
#4204=ADVANCED_FACE('',(#285),#125,.F.);
#4205=ADVANCED_FACE('',(#286),#4042,.F.);
#4206=ADVANCED_FACE('',(#287),#4043,.F.);
#4207=ADVANCED_FACE('',(#288),#4044,.F.);
#4208=ADVANCED_FACE('',(#289),#4045,.F.);
#4209=ADVANCED_FACE('',(#290),#4046,.F.);
#4210=ADVANCED_FACE('',(#291),#4047,.F.);
#4211=ADVANCED_FACE('',(#292),#4048,.F.);
#4212=ADVANCED_FACE('',(#293),#4049,.F.);
#4213=ADVANCED_FACE('',(#294),#4050,.F.);
#4214=ADVANCED_FACE('',(#295),#4051,.F.);
#4215=ADVANCED_FACE('',(#296),#4052,.F.);
#4216=ADVANCED_FACE('',(#297),#4053,.F.);
#4217=ADVANCED_FACE('',(#298),#4054,.F.);
#4218=ADVANCED_FACE('',(#299),#4055,.F.);
#4219=ADVANCED_FACE('',(#300),#4056,.F.);
#4220=ADVANCED_FACE('',(#301),#4057,.F.);
#4221=ADVANCED_FACE('',(#302),#4058,.F.);
#4222=ADVANCED_FACE('',(#303),#4059,.F.);
#4223=ADVANCED_FACE('',(#304),#4060,.F.);
#4224=ADVANCED_FACE('',(#305),#4061,.F.);
#4225=ADVANCED_FACE('',(#306),#4062,.F.);
#4226=ADVANCED_FACE('',(#307),#126,.F.);
#4227=ADVANCED_FACE('',(#308),#4063,.F.);
#4228=ADVANCED_FACE('',(#309),#127,.T.);
#4229=ADVANCED_FACE('',(#310),#4064,.F.);
#4230=ADVANCED_FACE('',(#311),#128,.T.);
#4231=ADVANCED_FACE('',(#312),#129,.T.);
#4232=ADVANCED_FACE('',(#313),#4065,.T.);
#4233=ADVANCED_FACE('',(#314),#130,.T.);
#4234=ADVANCED_FACE('',(#315),#4066,.F.);
#4235=ADVANCED_FACE('',(#316),#131,.T.);
#4236=ADVANCED_FACE('',(#317),#4067,.T.);
#4237=ADVANCED_FACE('',(#318),#132,.T.);
#4238=ADVANCED_FACE('',(#319),#133,.T.);
#4239=ADVANCED_FACE('',(#320),#4068,.F.);
#4240=ADVANCED_FACE('',(#321),#134,.T.);
#4241=ADVANCED_FACE('',(#322),#135,.T.);
#4242=ADVANCED_FACE('',(#323),#4069,.F.);
#4243=ADVANCED_FACE('',(#324),#136,.T.);
#4244=ADVANCED_FACE('',(#325),#137,.T.);
#4245=ADVANCED_FACE('',(#326),#4070,.F.);
#4246=ADVANCED_FACE('',(#327),#4071,.F.);
#4247=ADVANCED_FACE('',(#328),#138,.T.);
#4248=ADVANCED_FACE('',(#329),#139,.T.);
#4249=ADVANCED_FACE('',(#330),#4072,.F.);
#4250=ADVANCED_FACE('',(#331),#140,.T.);
#4251=ADVANCED_FACE('',(#332),#141,.T.);
#4252=ADVANCED_FACE('',(#333),#4073,.F.);
#4253=ADVANCED_FACE('',(#334),#142,.T.);
#4254=ADVANCED_FACE('',(#335),#143,.T.);
#4255=ADVANCED_FACE('',(#336),#4074,.F.);
#4256=ADVANCED_FACE('',(#337),#144,.T.);
#4257=ADVANCED_FACE('',(#338),#145,.T.);
#4258=ADVANCED_FACE('',(#339),#4075,.F.);
#4259=ADVANCED_FACE('',(#340),#146,.T.);
#4260=ADVANCED_FACE('',(#341),#147,.T.);
#4261=ADVANCED_FACE('',(#342),#4076,.F.);
#4262=ADVANCED_FACE('',(#343),#148,.T.);
#4263=ADVANCED_FACE('',(#344),#149,.T.);
#4264=ADVANCED_FACE('',(#345),#4077,.F.);
#4265=ADVANCED_FACE('',(#346),#4078,.F.);
#4266=ADVANCED_FACE('',(#347),#150,.T.);
#4267=ADVANCED_FACE('',(#348),#151,.T.);
#4268=ADVANCED_FACE('',(#349),#4079,.F.);
#4269=ADVANCED_FACE('',(#350),#152,.T.);
#4270=ADVANCED_FACE('',(#351),#153,.T.);
#4271=ADVANCED_FACE('',(#352),#4080,.F.);
#4272=ADVANCED_FACE('',(#353),#154,.T.);
#4273=ADVANCED_FACE('',(#354),#155,.T.);
#4274=ADVANCED_FACE('',(#355),#4081,.F.);
#4275=ADVANCED_FACE('',(#356),#156,.T.);
#4276=ADVANCED_FACE('',(#357),#157,.T.);
#4277=ADVANCED_FACE('',(#358),#4082,.F.);
#4278=ADVANCED_FACE('',(#359),#158,.T.);
#4279=ADVANCED_FACE('',(#360),#159,.T.);
#4280=ADVANCED_FACE('',(#361),#4083,.F.);
#4281=ADVANCED_FACE('',(#362),#160,.T.);
#4282=ADVANCED_FACE('',(#363),#161,.T.);
#4283=ADVANCED_FACE('',(#364),#4084,.F.);
#4284=ADVANCED_FACE('',(#365),#162,.T.);
#4285=ADVANCED_FACE('',(#366),#163,.T.);
#4286=ADVANCED_FACE('',(#367),#4085,.F.);
#4287=ADVANCED_FACE('',(#368),#4086,.F.);
#4288=ADVANCED_FACE('',(#369),#164,.T.);
#4289=ADVANCED_FACE('',(#370),#165,.T.);
#4290=ADVANCED_FACE('',(#371),#4087,.F.);
#4291=ADVANCED_FACE('',(#372),#166,.T.);
#4292=ADVANCED_FACE('',(#373),#167,.T.);
#4293=ADVANCED_FACE('',(#374),#4088,.F.);
#4294=ADVANCED_FACE('',(#375),#168,.T.);
#4295=ADVANCED_FACE('',(#376),#169,.T.);
#4296=ADVANCED_FACE('',(#377),#4089,.F.);
#4297=ADVANCED_FACE('',(#378),#170,.T.);
#4298=ADVANCED_FACE('',(#379),#171,.T.);
#4299=ADVANCED_FACE('',(#380),#4090,.F.);
#4300=ADVANCED_FACE('',(#381),#4091,.F.);
#4301=ADVANCED_FACE('',(#382),#172,.T.);
#4302=ADVANCED_FACE('',(#383),#173,.T.);
#4303=ADVANCED_FACE('',(#384),#4092,.F.);
#4304=CLOSED_SHELL('',(#4093,#4094,#4095,#4096,#4097,#4098,#4099,#4100,
#4101,#4102,#4103,#4104,#4105,#4106,#4107,#4108,#4109,#4110,#4111,#4112,
#4113,#4114,#4115,#4116,#4117,#4118,#4119,#4120,#4121,#4122,#4123,#4124,
#4125,#4126,#4127,#4128,#4129,#4130,#4131,#4132,#4133,#4134,#4135,#4136,
#4137,#4138,#4139,#4140,#4141,#4142,#4143,#4144,#4145,#4146,#4147,#4148,
#4149,#4150,#4151,#4152,#4153,#4154,#4155,#4156,#4157,#4158,#4159,#4160,
#4161,#4162,#4163,#4164,#4165,#4166,#4167,#4168,#4169,#4170,#4171,#4172,
#4173,#4174,#4175,#4176,#4177,#4178,#4179,#4180,#4181,#4182,#4183,#4184,
#4185,#4186,#4187,#4188,#4189,#4190,#4191,#4192,#4193,#4194,#4195,#4196,
#4197,#4198,#4199,#4200,#4201,#4202,#4203,#4204,#4205,#4206,#4207,#4208,
#4209,#4210,#4211,#4212,#4213,#4214,#4215,#4216,#4217,#4218,#4219,#4220,
#4221,#4222,#4223,#4224,#4225,#4226,#4227,#4228,#4229,#4230,#4231,#4232,
#4233,#4234,#4235,#4236,#4237,#4238,#4239,#4240,#4241,#4242,#4243,#4244,
#4245,#4246,#4247,#4248,#4249,#4250,#4251,#4252,#4253,#4254,#4255,#4256,
#4257,#4258,#4259,#4260,#4261,#4262,#4263,#4264,#4265,#4266,#4267,#4268,
#4269,#4270,#4271,#4272,#4273,#4274,#4275,#4276,#4277,#4278,#4279,#4280,
#4281,#4282,#4283,#4284,#4285,#4286,#4287,#4288,#4289,#4290,#4291,#4292,
#4293,#4294,#4295,#4296,#4297,#4298,#4299,#4300,#4301,#4302,#4303));
#4305=DERIVED_UNIT_ELEMENT(#4307,1.);
#4306=DERIVED_UNIT_ELEMENT(#7276,-3.);
#4307=(
MASS_UNIT()
NAMED_UNIT(*)
SI_UNIT(.KILO.,.GRAM.)
);
#4308=DERIVED_UNIT((#4305,#4306));
#4309=MEASURE_REPRESENTATION_ITEM('density measure',
POSITIVE_RATIO_MEASURE(7850.),#4308);
#4310=PROPERTY_DEFINITION_REPRESENTATION(#4315,#4312);
#4311=PROPERTY_DEFINITION_REPRESENTATION(#4316,#4313);
#4312=REPRESENTATION('material name',(#4314),#7273);
#4313=REPRESENTATION('density',(#4309),#7273);
#4314=DESCRIPTIVE_REPRESENTATION_ITEM('\X2\92FC\X0\','\X2\92FC\X0\');
#4315=PROPERTY_DEFINITION('material property','material name',#7288);
#4316=PROPERTY_DEFINITION('material property','density of part',#7288);
#4317=AXIS2_PLACEMENT_3D('',#6010,#4743,#4744);
#4318=AXIS2_PLACEMENT_3D('',#6011,#4745,#4746);
#4319=AXIS2_PLACEMENT_3D('',#6012,#4747,#4748);
#4320=AXIS2_PLACEMENT_3D('',#6015,#4749,#4750);
#4321=AXIS2_PLACEMENT_3D('',#6019,#4752,#4753);
#4322=AXIS2_PLACEMENT_3D('',#6021,#4755,#4756);
#4323=AXIS2_PLACEMENT_3D('',#6027,#4760,#4761);
#4324=AXIS2_PLACEMENT_3D('',#6036,#4766,#4767);
#4325=AXIS2_PLACEMENT_3D('',#6038,#4768,#4769);
#4326=AXIS2_PLACEMENT_3D('',#6040,#4770,#4771);
#4327=AXIS2_PLACEMENT_3D('',#6042,#4773,#4774);
#4328=AXIS2_PLACEMENT_3D('',#6048,#4778,#4779);
#4329=AXIS2_PLACEMENT_3D('',#6050,#4780,#4781);
#4330=AXIS2_PLACEMENT_3D('',#6054,#4783,#4784);
#4331=AXIS2_PLACEMENT_3D('',#6058,#4786,#4787);
#4332=AXIS2_PLACEMENT_3D('',#6062,#4789,#4790);
#4333=AXIS2_PLACEMENT_3D('',#6066,#4792,#4793);
#4334=AXIS2_PLACEMENT_3D('',#6070,#4795,#4796);
#4335=AXIS2_PLACEMENT_3D('',#6074,#4798,#4799);
#4336=AXIS2_PLACEMENT_3D('',#6078,#4801,#4802);
#4337=AXIS2_PLACEMENT_3D('',#6080,#4803,#4804);
#4338=AXIS2_PLACEMENT_3D('',#6084,#4806,#4807);
#4339=AXIS2_PLACEMENT_3D('',#6088,#4809,#4810);
#4340=AXIS2_PLACEMENT_3D('',#6092,#4812,#4813);
#4341=AXIS2_PLACEMENT_3D('',#6096,#4815,#4816);
#4342=AXIS2_PLACEMENT_3D('',#6100,#4818,#4819);
#4343=AXIS2_PLACEMENT_3D('',#6104,#4821,#4822);
#4344=AXIS2_PLACEMENT_3D('',#6108,#4824,#4825);
#4345=AXIS2_PLACEMENT_3D('',#6112,#4827,#4828);
#4346=AXIS2_PLACEMENT_3D('',#6116,#4830,#4831);
#4347=AXIS2_PLACEMENT_3D('',#6120,#4833,#4834);
#4348=AXIS2_PLACEMENT_3D('',#6126,#4838,#4839);
#4349=AXIS2_PLACEMENT_3D('',#6128,#4840,#4841);
#4350=AXIS2_PLACEMENT_3D('',#6130,#4842,#4843);
#4351=AXIS2_PLACEMENT_3D('',#6132,#4844,#4845);
#4352=AXIS2_PLACEMENT_3D('',#6134,#4846,#4847);
#4353=AXIS2_PLACEMENT_3D('',#6139,#4849,#4850);
#4354=AXIS2_PLACEMENT_3D('',#6143,#4852,#4853);
#4355=AXIS2_PLACEMENT_3D('',#6147,#4855,#4856);
#4356=AXIS2_PLACEMENT_3D('',#6150,#4858,#4859);
#4357=AXIS2_PLACEMENT_3D('',#6155,#4861,#4862);
#4358=AXIS2_PLACEMENT_3D('',#6159,#4864,#4865);
#4359=AXIS2_PLACEMENT_3D('',#6163,#4867,#4868);
#4360=AXIS2_PLACEMENT_3D('',#6166,#4870,#4871);
#4361=AXIS2_PLACEMENT_3D('',#6171,#4873,#4874);
#4362=AXIS2_PLACEMENT_3D('',#6175,#4876,#4877);
#4363=AXIS2_PLACEMENT_3D('',#6179,#4879,#4880);
#4364=AXIS2_PLACEMENT_3D('',#6182,#4882,#4883);
#4365=AXIS2_PLACEMENT_3D('',#6187,#4885,#4886);
#4366=AXIS2_PLACEMENT_3D('',#6191,#4888,#4889);
#4367=AXIS2_PLACEMENT_3D('',#6195,#4891,#4892);
#4368=AXIS2_PLACEMENT_3D('',#6198,#4894,#4895);
#4369=AXIS2_PLACEMENT_3D('',#6203,#4897,#4898);
#4370=AXIS2_PLACEMENT_3D('',#6207,#4900,#4901);
#4371=AXIS2_PLACEMENT_3D('',#6211,#4903,#4904);
#4372=AXIS2_PLACEMENT_3D('',#6214,#4906,#4907);
#4373=AXIS2_PLACEMENT_3D('',#6219,#4909,#4910);
#4374=AXIS2_PLACEMENT_3D('',#6223,#4912,#4913);
#4375=AXIS2_PLACEMENT_3D('',#6227,#4915,#4916);
#4376=AXIS2_PLACEMENT_3D('',#6230,#4918,#4919);
#4377=AXIS2_PLACEMENT_3D('',#6235,#4921,#4922);
#4378=AXIS2_PLACEMENT_3D('',#6239,#4924,#4925);
#4379=AXIS2_PLACEMENT_3D('',#6243,#4927,#4928);
#4380=AXIS2_PLACEMENT_3D('',#6246,#4930,#4931);
#4381=AXIS2_PLACEMENT_3D('',#6251,#4933,#4934);
#4382=AXIS2_PLACEMENT_3D('',#6255,#4936,#4937);
#4383=AXIS2_PLACEMENT_3D('',#6259,#4939,#4940);
#4384=AXIS2_PLACEMENT_3D('',#6262,#4942,#4943);
#4385=AXIS2_PLACEMENT_3D('',#6267,#4945,#4946);
#4386=AXIS2_PLACEMENT_3D('',#6271,#4948,#4949);
#4387=AXIS2_PLACEMENT_3D('',#6275,#4951,#4952);
#4388=AXIS2_PLACEMENT_3D('',#6278,#4954,#4955);
#4389=AXIS2_PLACEMENT_3D('',#6283,#4957,#4958);
#4390=AXIS2_PLACEMENT_3D('',#6287,#4960,#4961);
#4391=AXIS2_PLACEMENT_3D('',#6291,#4963,#4964);
#4392=AXIS2_PLACEMENT_3D('',#6294,#4966,#4967);
#4393=AXIS2_PLACEMENT_3D('',#6299,#4969,#4970);
#4394=AXIS2_PLACEMENT_3D('',#6303,#4972,#4973);
#4395=AXIS2_PLACEMENT_3D('',#6307,#4975,#4976);
#4396=AXIS2_PLACEMENT_3D('',#6310,#4978,#4979);
#4397=AXIS2_PLACEMENT_3D('',#6315,#4981,#4982);
#4398=AXIS2_PLACEMENT_3D('',#6319,#4984,#4985);
#4399=AXIS2_PLACEMENT_3D('',#6323,#4987,#4988);
#4400=AXIS2_PLACEMENT_3D('',#6326,#4990,#4991);
#4401=AXIS2_PLACEMENT_3D('',#6331,#4993,#4994);
#4402=AXIS2_PLACEMENT_3D('',#6335,#4996,#4997);
#4403=AXIS2_PLACEMENT_3D('',#6339,#4999,#5000);
#4404=AXIS2_PLACEMENT_3D('',#6342,#5002,#5003);
#4405=AXIS2_PLACEMENT_3D('',#6347,#5005,#5006);
#4406=AXIS2_PLACEMENT_3D('',#6351,#5008,#5009);
#4407=AXIS2_PLACEMENT_3D('',#6355,#5011,#5012);
#4408=AXIS2_PLACEMENT_3D('',#6358,#5014,#5015);
#4409=AXIS2_PLACEMENT_3D('',#6363,#5017,#5018);
#4410=AXIS2_PLACEMENT_3D('',#6367,#5020,#5021);
#4411=AXIS2_PLACEMENT_3D('',#6371,#5023,#5024);
#4412=AXIS2_PLACEMENT_3D('',#6374,#5026,#5027);
#4413=AXIS2_PLACEMENT_3D('',#6379,#5029,#5030);
#4414=AXIS2_PLACEMENT_3D('',#6383,#5032,#5033);
#4415=AXIS2_PLACEMENT_3D('',#6387,#5035,#5036);
#4416=AXIS2_PLACEMENT_3D('',#6390,#5038,#5039);
#4417=AXIS2_PLACEMENT_3D('',#6395,#5041,#5042);
#4418=AXIS2_PLACEMENT_3D('',#6399,#5044,#5045);
#4419=AXIS2_PLACEMENT_3D('',#6403,#5047,#5048);
#4420=AXIS2_PLACEMENT_3D('',#6406,#5050,#5051);
#4421=AXIS2_PLACEMENT_3D('',#6411,#5053,#5054);
#4422=AXIS2_PLACEMENT_3D('',#6415,#5056,#5057);
#4423=AXIS2_PLACEMENT_3D('',#6419,#5059,#5060);
#4424=AXIS2_PLACEMENT_3D('',#6422,#5062,#5063);
#4425=AXIS2_PLACEMENT_3D('',#6427,#5065,#5066);
#4426=AXIS2_PLACEMENT_3D('',#6431,#5068,#5069);
#4427=AXIS2_PLACEMENT_3D('',#6435,#5071,#5072);
#4428=AXIS2_PLACEMENT_3D('',#6438,#5074,#5075);
#4429=AXIS2_PLACEMENT_3D('',#6443,#5077,#5078);
#4430=AXIS2_PLACEMENT_3D('',#6447,#5080,#5081);
#4431=AXIS2_PLACEMENT_3D('',#6451,#5083,#5084);
#4432=AXIS2_PLACEMENT_3D('',#6454,#5086,#5087);
#4433=AXIS2_PLACEMENT_3D('',#6455,#5088,#5089);
#4434=AXIS2_PLACEMENT_3D('',#6462,#5093,#5094);
#4435=AXIS2_PLACEMENT_3D('',#6466,#5096,#5097);
#4436=AXIS2_PLACEMENT_3D('',#6470,#5099,#5100);
#4437=AXIS2_PLACEMENT_3D('',#6474,#5102,#5103);
#4438=AXIS2_PLACEMENT_3D('',#6478,#5105,#5106);
#4439=AXIS2_PLACEMENT_3D('',#6482,#5108,#5109);
#4440=AXIS2_PLACEMENT_3D('',#6486,#5111,#5112);
#4441=AXIS2_PLACEMENT_3D('',#6490,#5114,#5115);
#4442=AXIS2_PLACEMENT_3D('',#6494,#5117,#5118);
#4443=AXIS2_PLACEMENT_3D('',#6498,#5120,#5121);
#4444=AXIS2_PLACEMENT_3D('',#6502,#5123,#5124);
#4445=AXIS2_PLACEMENT_3D('',#6504,#5125,#5126);
#4446=AXIS2_PLACEMENT_3D('',#6508,#5128,#5129);
#4447=AXIS2_PLACEMENT_3D('',#6512,#5131,#5132);
#4448=AXIS2_PLACEMENT_3D('',#6516,#5134,#5135);
#4449=AXIS2_PLACEMENT_3D('',#6520,#5137,#5138);
#4450=AXIS2_PLACEMENT_3D('',#6524,#5140,#5141);
#4451=AXIS2_PLACEMENT_3D('',#6528,#5143,#5144);
#4452=AXIS2_PLACEMENT_3D('',#6531,#5146,#5147);
#4453=AXIS2_PLACEMENT_3D('',#6533,#5148,#5149);
#4454=AXIS2_PLACEMENT_3D('',#6536,#5150,#5151);
#4455=AXIS2_PLACEMENT_3D('',#6540,#5153,#5154);
#4456=AXIS2_PLACEMENT_3D('',#6544,#5156,#5157);
#4457=AXIS2_PLACEMENT_3D('',#6548,#5159,#5160);
#4458=AXIS2_PLACEMENT_3D('',#6552,#5162,#5163);
#4459=AXIS2_PLACEMENT_3D('',#6556,#5165,#5166);
#4460=AXIS2_PLACEMENT_3D('',#6560,#5168,#5169);
#4461=AXIS2_PLACEMENT_3D('',#6564,#5171,#5172);
#4462=AXIS2_PLACEMENT_3D('',#6567,#5174,#5175);
#4463=AXIS2_PLACEMENT_3D('',#6570,#5176,#5177);
#4464=AXIS2_PLACEMENT_3D('',#6574,#5179,#5180);
#4465=AXIS2_PLACEMENT_3D('',#6578,#5182,#5183);
#4466=AXIS2_PLACEMENT_3D('',#6582,#5185,#5186);
#4467=AXIS2_PLACEMENT_3D('',#6586,#5188,#5189);
#4468=AXIS2_PLACEMENT_3D('',#6590,#5191,#5192);
#4469=AXIS2_PLACEMENT_3D('',#6594,#5194,#5195);
#4470=AXIS2_PLACEMENT_3D('',#6598,#5197,#5198);
#4471=AXIS2_PLACEMENT_3D('',#6602,#5200,#5201);
#4472=AXIS2_PLACEMENT_3D('',#6606,#5203,#5204);
#4473=AXIS2_PLACEMENT_3D('',#6610,#5206,#5207);
#4474=AXIS2_PLACEMENT_3D('',#6614,#5209,#5210);
#4475=AXIS2_PLACEMENT_3D('',#6618,#5212,#5213);
#4476=AXIS2_PLACEMENT_3D('',#6622,#5215,#5216);
#4477=AXIS2_PLACEMENT_3D('',#6626,#5218,#5219);
#4478=AXIS2_PLACEMENT_3D('',#6630,#5221,#5222);
#4479=AXIS2_PLACEMENT_3D('',#6634,#5224,#5225);
#4480=AXIS2_PLACEMENT_3D('',#6638,#5227,#5228);
#4481=AXIS2_PLACEMENT_3D('',#6642,#5230,#5231);
#4482=AXIS2_PLACEMENT_3D('',#6646,#5233,#5234);
#4483=AXIS2_PLACEMENT_3D('',#6650,#5236,#5237);
#4484=AXIS2_PLACEMENT_3D('',#6654,#5239,#5240);
#4485=AXIS2_PLACEMENT_3D('',#6658,#5242,#5243);
#4486=AXIS2_PLACEMENT_3D('',#6662,#5245,#5246);
#4487=AXIS2_PLACEMENT_3D('',#6665,#5248,#5249);
#4488=AXIS2_PLACEMENT_3D('',#6668,#5250,#5251);
#4489=AXIS2_PLACEMENT_3D('',#6672,#5253,#5254);
#4490=AXIS2_PLACEMENT_3D('',#6676,#5256,#5257);
#4491=AXIS2_PLACEMENT_3D('',#6680,#5259,#5260);
#4492=AXIS2_PLACEMENT_3D('',#6684,#5262,#5263);
#4493=AXIS2_PLACEMENT_3D('',#6688,#5265,#5266);
#4494=AXIS2_PLACEMENT_3D('',#6692,#5268,#5269);
#4495=AXIS2_PLACEMENT_3D('',#6696,#5271,#5272);
#4496=AXIS2_PLACEMENT_3D('',#6700,#5274,#5275);
#4497=AXIS2_PLACEMENT_3D('',#6704,#5277,#5278);
#4498=AXIS2_PLACEMENT_3D('',#6708,#5280,#5281);
#4499=AXIS2_PLACEMENT_3D('',#6712,#5283,#5284);
#4500=AXIS2_PLACEMENT_3D('',#6716,#5286,#5287);
#4501=AXIS2_PLACEMENT_3D('',#6720,#5289,#5290);
#4502=AXIS2_PLACEMENT_3D('',#6724,#5292,#5293);
#4503=AXIS2_PLACEMENT_3D('',#6728,#5295,#5296);
#4504=AXIS2_PLACEMENT_3D('',#6732,#5298,#5299);
#4505=AXIS2_PLACEMENT_3D('',#6736,#5301,#5302);
#4506=AXIS2_PLACEMENT_3D('',#6740,#5304,#5305);
#4507=AXIS2_PLACEMENT_3D('',#6744,#5307,#5308);
#4508=AXIS2_PLACEMENT_3D('',#6748,#5310,#5311);
#4509=AXIS2_PLACEMENT_3D('',#6752,#5313,#5314);
#4510=AXIS2_PLACEMENT_3D('',#6756,#5316,#5317);
#4511=AXIS2_PLACEMENT_3D('',#6760,#5319,#5320);
#4512=AXIS2_PLACEMENT_3D('',#6764,#5322,#5323);
#4513=AXIS2_PLACEMENT_3D('',#6768,#5325,#5326);
#4514=AXIS2_PLACEMENT_3D('',#6772,#5328,#5329);
#4515=AXIS2_PLACEMENT_3D('',#6776,#5331,#5332);
#4516=AXIS2_PLACEMENT_3D('',#6779,#5334,#5335);
#4517=AXIS2_PLACEMENT_3D('',#6782,#5336,#5337);
#4518=AXIS2_PLACEMENT_3D('',#6786,#5339,#5340);
#4519=AXIS2_PLACEMENT_3D('',#6790,#5342,#5343);
#4520=AXIS2_PLACEMENT_3D('',#6794,#5345,#5346);
#4521=AXIS2_PLACEMENT_3D('',#6798,#5348,#5349);
#4522=AXIS2_PLACEMENT_3D('',#6802,#5351,#5352);
#4523=AXIS2_PLACEMENT_3D('',#6806,#5354,#5355);
#4524=AXIS2_PLACEMENT_3D('',#6810,#5357,#5358);
#4525=AXIS2_PLACEMENT_3D('',#6814,#5360,#5361);
#4526=AXIS2_PLACEMENT_3D('',#6818,#5363,#5364);
#4527=AXIS2_PLACEMENT_3D('',#6822,#5366,#5367);
#4528=AXIS2_PLACEMENT_3D('',#6826,#5369,#5370);
#4529=AXIS2_PLACEMENT_3D('',#6830,#5372,#5373);
#4530=AXIS2_PLACEMENT_3D('',#6834,#5375,#5376);
#4531=AXIS2_PLACEMENT_3D('',#6838,#5378,#5379);
#4532=AXIS2_PLACEMENT_3D('',#6842,#5381,#5382);
#4533=AXIS2_PLACEMENT_3D('',#6845,#5384,#5385);
#4534=AXIS2_PLACEMENT_3D('',#6848,#5386,#5387);
#4535=AXIS2_PLACEMENT_3D('',#6852,#5389,#5390);
#4536=AXIS2_PLACEMENT_3D('',#6856,#5392,#5393);
#4537=AXIS2_PLACEMENT_3D('',#6860,#5395,#5396);
#4538=AXIS2_PLACEMENT_3D('',#6862,#5398,#5399);
#4539=AXIS2_PLACEMENT_3D('',#6865,#5402,#5403);
#4540=AXIS2_PLACEMENT_3D('',#6867,#5405,#5406);
#4541=AXIS2_PLACEMENT_3D('',#6869,#5408,#5409);
#4542=AXIS2_PLACEMENT_3D('',#6871,#5411,#5412);
#4543=AXIS2_PLACEMENT_3D('',#6874,#5415,#5416);
#4544=AXIS2_PLACEMENT_3D('',#6876,#5418,#5419);
#4545=AXIS2_PLACEMENT_3D('',#6878,#5421,#5422);
#4546=AXIS2_PLACEMENT_3D('',#6880,#5424,#5425);
#4547=AXIS2_PLACEMENT_3D('',#6883,#5428,#5429);
#4548=AXIS2_PLACEMENT_3D('',#6885,#5431,#5432);
#4549=AXIS2_PLACEMENT_3D('',#6887,#5434,#5435);
#4550=AXIS2_PLACEMENT_3D('',#6889,#5437,#5438);
#4551=AXIS2_PLACEMENT_3D('',#6892,#5441,#5442);
#4552=AXIS2_PLACEMENT_3D('',#6894,#5444,#5445);
#4553=AXIS2_PLACEMENT_3D('',#6896,#5447,#5448);
#4554=AXIS2_PLACEMENT_3D('',#6898,#5450,#5451);
#4555=AXIS2_PLACEMENT_3D('',#6901,#5454,#5455);
#4556=AXIS2_PLACEMENT_3D('',#6903,#5457,#5458);
#4557=AXIS2_PLACEMENT_3D('',#6905,#5460,#5461);
#4558=AXIS2_PLACEMENT_3D('',#6907,#5463,#5464);
#4559=AXIS2_PLACEMENT_3D('',#6910,#5467,#5468);
#4560=AXIS2_PLACEMENT_3D('',#6912,#5470,#5471);
#4561=AXIS2_PLACEMENT_3D('',#6914,#5473,#5474);
#4562=AXIS2_PLACEMENT_3D('',#6916,#5476,#5477);
#4563=AXIS2_PLACEMENT_3D('',#6919,#5480,#5481);
#4564=AXIS2_PLACEMENT_3D('',#6921,#5483,#5484);
#4565=AXIS2_PLACEMENT_3D('',#6923,#5486,#5487);
#4566=AXIS2_PLACEMENT_3D('',#6925,#5489,#5490);
#4567=AXIS2_PLACEMENT_3D('',#6928,#5493,#5494);
#4568=AXIS2_PLACEMENT_3D('',#6930,#5496,#5497);
#4569=AXIS2_PLACEMENT_3D('',#6932,#5499,#5500);
#4570=AXIS2_PLACEMENT_3D('',#6934,#5502,#5503);
#4571=AXIS2_PLACEMENT_3D('',#6937,#5506,#5507);
#4572=AXIS2_PLACEMENT_3D('',#6939,#5509,#5510);
#4573=AXIS2_PLACEMENT_3D('',#6941,#5512,#5513);
#4574=AXIS2_PLACEMENT_3D('',#6943,#5515,#5516);
#4575=AXIS2_PLACEMENT_3D('',#6946,#5519,#5520);
#4576=AXIS2_PLACEMENT_3D('',#6948,#5522,#5523);
#4577=AXIS2_PLACEMENT_3D('',#6950,#5525,#5526);
#4578=AXIS2_PLACEMENT_3D('',#6952,#5528,#5529);
#4579=AXIS2_PLACEMENT_3D('',#6955,#5532,#5533);
#4580=AXIS2_PLACEMENT_3D('',#6957,#5535,#5536);
#4581=AXIS2_PLACEMENT_3D('',#6959,#5538,#5539);
#4582=AXIS2_PLACEMENT_3D('',#6961,#5541,#5542);
#4583=AXIS2_PLACEMENT_3D('',#6964,#5545,#5546);
#4584=AXIS2_PLACEMENT_3D('',#6966,#5548,#5549);
#4585=AXIS2_PLACEMENT_3D('',#6968,#5551,#5552);
#4586=AXIS2_PLACEMENT_3D('',#6970,#5554,#5555);
#4587=AXIS2_PLACEMENT_3D('',#6973,#5558,#5559);
#4588=AXIS2_PLACEMENT_3D('',#6975,#5561,#5562);
#4589=AXIS2_PLACEMENT_3D('',#6977,#5564,#5565);
#4590=AXIS2_PLACEMENT_3D('',#6979,#5567,#5568);
#4591=AXIS2_PLACEMENT_3D('',#6982,#5571,#5572);
#4592=AXIS2_PLACEMENT_3D('',#6984,#5574,#5575);
#4593=AXIS2_PLACEMENT_3D('',#6986,#5577,#5578);
#4594=AXIS2_PLACEMENT_3D('',#6988,#5580,#5581);
#4595=AXIS2_PLACEMENT_3D('',#6991,#5584,#5585);
#4596=AXIS2_PLACEMENT_3D('',#6993,#5587,#5588);
#4597=AXIS2_PLACEMENT_3D('',#6995,#5590,#5591);
#4598=AXIS2_PLACEMENT_3D('',#6997,#5593,#5594);
#4599=AXIS2_PLACEMENT_3D('',#7000,#5597,#5598);
#4600=AXIS2_PLACEMENT_3D('',#7002,#5600,#5601);
#4601=AXIS2_PLACEMENT_3D('',#7004,#5603,#5604);
#4602=AXIS2_PLACEMENT_3D('',#7006,#5606,#5607);
#4603=AXIS2_PLACEMENT_3D('',#7009,#5610,#5611);
#4604=AXIS2_PLACEMENT_3D('',#7011,#5613,#5614);
#4605=AXIS2_PLACEMENT_3D('',#7013,#5616,#5617);
#4606=AXIS2_PLACEMENT_3D('',#7015,#5619,#5620);
#4607=AXIS2_PLACEMENT_3D('',#7018,#5623,#5624);
#4608=AXIS2_PLACEMENT_3D('',#7020,#5626,#5627);
#4609=AXIS2_PLACEMENT_3D('',#7022,#5629,#5630);
#4610=AXIS2_PLACEMENT_3D('',#7024,#5632,#5633);
#4611=AXIS2_PLACEMENT_3D('',#7027,#5636,#5637);
#4612=AXIS2_PLACEMENT_3D('',#7029,#5639,#5640);
#4613=AXIS2_PLACEMENT_3D('',#7031,#5642,#5643);
#4614=AXIS2_PLACEMENT_3D('',#7033,#5645,#5646);
#4615=AXIS2_PLACEMENT_3D('',#7036,#5649,#5650);
#4616=AXIS2_PLACEMENT_3D('',#7038,#5652,#5653);
#4617=AXIS2_PLACEMENT_3D('',#7040,#5655,#5656);
#4618=AXIS2_PLACEMENT_3D('',#7042,#5658,#5659);
#4619=AXIS2_PLACEMENT_3D('',#7045,#5662,#5663);
#4620=AXIS2_PLACEMENT_3D('',#7047,#5665,#5666);
#4621=AXIS2_PLACEMENT_3D('',#7049,#5668,#5669);
#4622=AXIS2_PLACEMENT_3D('',#7051,#5671,#5672);
#4623=AXIS2_PLACEMENT_3D('',#7053,#5674,#5675);
#4624=AXIS2_PLACEMENT_3D('',#7055,#5677,#5678);
#4625=AXIS2_PLACEMENT_3D('',#7057,#5680,#5681);
#4626=AXIS2_PLACEMENT_3D('',#7059,#5683,#5684);
#4627=AXIS2_PLACEMENT_3D('',#7061,#5686,#5687);
#4628=AXIS2_PLACEMENT_3D('',#7063,#5689,#5690);
#4629=AXIS2_PLACEMENT_3D('',#7065,#5692,#5693);
#4630=AXIS2_PLACEMENT_3D('',#7067,#5695,#5696);
#4631=AXIS2_PLACEMENT_3D('',#7069,#5698,#5699);
#4632=AXIS2_PLACEMENT_3D('',#7071,#5701,#5702);
#4633=AXIS2_PLACEMENT_3D('',#7073,#5704,#5705);
#4634=AXIS2_PLACEMENT_3D('',#7075,#5707,#5708);
#4635=AXIS2_PLACEMENT_3D('',#7077,#5710,#5711);
#4636=AXIS2_PLACEMENT_3D('',#7079,#5713,#5714);
#4637=AXIS2_PLACEMENT_3D('',#7081,#5716,#5717);
#4638=AXIS2_PLACEMENT_3D('',#7083,#5719,#5720);
#4639=AXIS2_PLACEMENT_3D('',#7085,#5722,#5723);
#4640=AXIS2_PLACEMENT_3D('',#7087,#5725,#5726);
#4641=AXIS2_PLACEMENT_3D('',#7089,#5728,#5729);
#4642=AXIS2_PLACEMENT_3D('',#7091,#5731,#5732);
#4643=AXIS2_PLACEMENT_3D('',#7093,#5734,#5735);
#4644=AXIS2_PLACEMENT_3D('',#7095,#5737,#5738);
#4645=AXIS2_PLACEMENT_3D('',#7097,#5740,#5741);
#4646=AXIS2_PLACEMENT_3D('',#7099,#5743,#5744);
#4647=AXIS2_PLACEMENT_3D('',#7101,#5746,#5747);
#4648=AXIS2_PLACEMENT_3D('',#7103,#5749,#5750);
#4649=AXIS2_PLACEMENT_3D('',#7105,#5752,#5753);
#4650=AXIS2_PLACEMENT_3D('',#7107,#5755,#5756);
#4651=AXIS2_PLACEMENT_3D('',#7109,#5758,#5759);
#4652=AXIS2_PLACEMENT_3D('',#7111,#5761,#5762);
#4653=AXIS2_PLACEMENT_3D('',#7113,#5764,#5765);
#4654=AXIS2_PLACEMENT_3D('',#7115,#5767,#5768);
#4655=AXIS2_PLACEMENT_3D('',#7117,#5770,#5771);
#4656=AXIS2_PLACEMENT_3D('',#7119,#5773,#5774);
#4657=AXIS2_PLACEMENT_3D('',#7121,#5776,#5777);
#4658=AXIS2_PLACEMENT_3D('',#7123,#5779,#5780);
#4659=AXIS2_PLACEMENT_3D('',#7125,#5782,#5783);
#4660=AXIS2_PLACEMENT_3D('',#7127,#5785,#5786);
#4661=AXIS2_PLACEMENT_3D('',#7129,#5788,#5789);
#4662=AXIS2_PLACEMENT_3D('',#7131,#5791,#5792);
#4663=AXIS2_PLACEMENT_3D('',#7133,#5794,#5795);
#4664=AXIS2_PLACEMENT_3D('',#7135,#5797,#5798);
#4665=AXIS2_PLACEMENT_3D('',#7137,#5800,#5801);
#4666=AXIS2_PLACEMENT_3D('',#7138,#5802,#5803);
#4667=AXIS2_PLACEMENT_3D('',#7140,#5805,#5806);
#4668=AXIS2_PLACEMENT_3D('',#7142,#5808,#5809);
#4669=AXIS2_PLACEMENT_3D('',#7143,#5810,#5811);
#4670=AXIS2_PLACEMENT_3D('',#7145,#5813,#5814);
#4671=AXIS2_PLACEMENT_3D('',#7147,#5816,#5817);
#4672=AXIS2_PLACEMENT_3D('',#7149,#5819,#5820);
#4673=AXIS2_PLACEMENT_3D('',#7151,#5822,#5823);
#4674=AXIS2_PLACEMENT_3D('',#7153,#5825,#5826);
#4675=AXIS2_PLACEMENT_3D('',#7155,#5828,#5829);
#4676=AXIS2_PLACEMENT_3D('',#7157,#5831,#5832);
#4677=AXIS2_PLACEMENT_3D('',#7158,#5833,#5834);
#4678=AXIS2_PLACEMENT_3D('',#7160,#5836,#5837);
#4679=AXIS2_PLACEMENT_3D('',#7162,#5839,#5840);
#4680=AXIS2_PLACEMENT_3D('',#7164,#5842,#5843);
#4681=AXIS2_PLACEMENT_3D('',#7165,#5844,#5845);
#4682=AXIS2_PLACEMENT_3D('',#7167,#5847,#5848);
#4683=AXIS2_PLACEMENT_3D('',#7169,#5850,#5851);
#4684=AXIS2_PLACEMENT_3D('',#7170,#5852,#5853);
#4685=AXIS2_PLACEMENT_3D('',#7172,#5855,#5856);
#4686=AXIS2_PLACEMENT_3D('',#7174,#5858,#5859);
#4687=AXIS2_PLACEMENT_3D('',#7176,#5861,#5862);
#4688=AXIS2_PLACEMENT_3D('',#7177,#5863,#5864);
#4689=AXIS2_PLACEMENT_3D('',#7179,#5866,#5867);
#4690=AXIS2_PLACEMENT_3D('',#7181,#5869,#5870);
#4691=AXIS2_PLACEMENT_3D('',#7182,#5871,#5872);
#4692=AXIS2_PLACEMENT_3D('',#7184,#5874,#5875);
#4693=AXIS2_PLACEMENT_3D('',#7186,#5877,#5878);
#4694=AXIS2_PLACEMENT_3D('',#7187,#5879,#5880);
#4695=AXIS2_PLACEMENT_3D('',#7189,#5882,#5883);
#4696=AXIS2_PLACEMENT_3D('',#7191,#5885,#5886);
#4697=AXIS2_PLACEMENT_3D('',#7192,#5887,#5888);
#4698=AXIS2_PLACEMENT_3D('',#7194,#5890,#5891);
#4699=AXIS2_PLACEMENT_3D('',#7196,#5893,#5894);
#4700=AXIS2_PLACEMENT_3D('',#7197,#5895,#5896);
#4701=AXIS2_PLACEMENT_3D('',#7199,#5898,#5899);
#4702=AXIS2_PLACEMENT_3D('',#7201,#5901,#5902);
#4703=AXIS2_PLACEMENT_3D('',#7202,#5903,#5904);
#4704=AXIS2_PLACEMENT_3D('',#7204,#5906,#5907);
#4705=AXIS2_PLACEMENT_3D('',#7206,#5909,#5910);
#4706=AXIS2_PLACEMENT_3D('',#7208,#5912,#5913);
#4707=AXIS2_PLACEMENT_3D('',#7209,#5914,#5915);
#4708=AXIS2_PLACEMENT_3D('',#7211,#5917,#5918);
#4709=AXIS2_PLACEMENT_3D('',#7213,#5920,#5921);
#4710=AXIS2_PLACEMENT_3D('',#7214,#5922,#5923);
#4711=AXIS2_PLACEMENT_3D('',#7216,#5925,#5926);
#4712=AXIS2_PLACEMENT_3D('',#7218,#5928,#5929);
#4713=AXIS2_PLACEMENT_3D('',#7219,#5930,#5931);
#4714=AXIS2_PLACEMENT_3D('',#7221,#5933,#5934);
#4715=AXIS2_PLACEMENT_3D('',#7223,#5936,#5937);
#4716=AXIS2_PLACEMENT_3D('',#7224,#5938,#5939);
#4717=AXIS2_PLACEMENT_3D('',#7226,#5941,#5942);
#4718=AXIS2_PLACEMENT_3D('',#7228,#5944,#5945);
#4719=AXIS2_PLACEMENT_3D('',#7229,#5946,#5947);
#4720=AXIS2_PLACEMENT_3D('',#7231,#5949,#5950);
#4721=AXIS2_PLACEMENT_3D('',#7233,#5952,#5953);
#4722=AXIS2_PLACEMENT_3D('',#7234,#5954,#5955);
#4723=AXIS2_PLACEMENT_3D('',#7236,#5957,#5958);
#4724=AXIS2_PLACEMENT_3D('',#7238,#5960,#5961);
#4725=AXIS2_PLACEMENT_3D('',#7239,#5962,#5963);
#4726=AXIS2_PLACEMENT_3D('',#7241,#5965,#5966);
#4727=AXIS2_PLACEMENT_3D('',#7243,#5968,#5969);
#4728=AXIS2_PLACEMENT_3D('',#7245,#5971,#5972);
#4729=AXIS2_PLACEMENT_3D('',#7246,#5973,#5974);
#4730=AXIS2_PLACEMENT_3D('',#7248,#5976,#5977);
#4731=AXIS2_PLACEMENT_3D('',#7250,#5979,#5980);
#4732=AXIS2_PLACEMENT_3D('',#7251,#5981,#5982);
#4733=AXIS2_PLACEMENT_3D('',#7253,#5984,#5985);
#4734=AXIS2_PLACEMENT_3D('',#7255,#5987,#5988);
#4735=AXIS2_PLACEMENT_3D('',#7256,#5989,#5990);
#4736=AXIS2_PLACEMENT_3D('',#7258,#5992,#5993);
#4737=AXIS2_PLACEMENT_3D('',#7260,#5995,#5996);
#4738=AXIS2_PLACEMENT_3D('',#7261,#5997,#5998);
#4739=AXIS2_PLACEMENT_3D('',#7263,#6000,#6001);
#4740=AXIS2_PLACEMENT_3D('',#7265,#6003,#6004);
#4741=AXIS2_PLACEMENT_3D('',#7267,#6006,#6007);
#4742=AXIS2_PLACEMENT_3D('',#7268,#6008,#6009);
#4743=DIRECTION('axis',(0.,0.,1.));
#4744=DIRECTION('refdir',(1.,0.,0.));
#4745=DIRECTION('axis',(0.,0.,1.));
#4746=DIRECTION('refdir',(1.,0.,0.));
#4747=DIRECTION('center_axis',(0.,0.,-1.));
#4748=DIRECTION('ref_axis',(0.866025408990595,-0.499999990982672,0.));
#4749=DIRECTION('center_axis',(0.,0.,-1.));
#4750=DIRECTION('ref_axis',(0.866025408990595,-0.499999990982672,0.));
#4751=DIRECTION('',(0.,0.,1.));
#4752=DIRECTION('center_axis',(0.,0.,1.));
#4753=DIRECTION('ref_axis',(0.866025408990595,-0.499999990982672,0.));
#4754=DIRECTION('',(0.,0.,-1.));
#4755=DIRECTION('center_axis',(-0.866025408990573,0.499999990982711,0.));
#4756=DIRECTION('ref_axis',(0.499999990982711,0.866025408990573,0.));
#4757=DIRECTION('',(-0.499999990982711,-0.866025408990573,0.));
#4758=DIRECTION('',(0.499999990982711,0.866025408990573,0.));
#4759=DIRECTION('',(0.,0.,1.));
#4760=DIRECTION('center_axis',(-0.866025408990573,0.499999990982711,0.));
#4761=DIRECTION('ref_axis',(0.499999990982711,0.866025408990573,0.));
#4762=DIRECTION('',(-0.499999990982711,-0.866025408990573,0.));
#4763=DIRECTION('',(0.,0.,1.));
#4764=DIRECTION('',(0.499999990982711,0.866025408990573,0.));
#4765=DIRECTION('',(0.,0.,-1.));
#4766=DIRECTION('center_axis',(0.,0.,-1.));
#4767=DIRECTION('ref_axis',(-0.499999990982667,-0.866025408990599,0.));
#4768=DIRECTION('center_axis',(0.,0.,-1.));
#4769=DIRECTION('ref_axis',(-0.499999990982667,-0.866025408990599,0.));
#4770=DIRECTION('center_axis',(0.,0.,1.));
#4771=DIRECTION('ref_axis',(-0.499999990982667,-0.866025408990599,0.));
#4772=DIRECTION('',(0.,0.,1.));
#4773=DIRECTION('center_axis',(0.499999970853952,0.866025420611917,0.));
#4774=DIRECTION('ref_axis',(0.866025420611917,-0.499999970853952,0.));
#4775=DIRECTION('',(0.866025420611917,-0.499999970853952,0.));
#4776=DIRECTION('',(0.,0.,1.));
#4777=DIRECTION('',(0.866025420611917,-0.499999970853952,0.));
#4778=DIRECTION('center_axis',(0.,0.,1.));
#4779=DIRECTION('ref_axis',(1.,0.,0.));
#4780=DIRECTION('center_axis',(0.,0.,1.));
#4781=DIRECTION('ref_axis',(-0.999999999954571,-9.53191246374591E-6,0.));
#4782=DIRECTION('',(1.,0.,0.));
#4783=DIRECTION('center_axis',(0.,0.,1.));
#4784=DIRECTION('ref_axis',(-1.,-1.77635683940023E-14,0.));
#4785=DIRECTION('',(0.,-1.,0.));
#4786=DIRECTION('center_axis',(0.,0.,-1.));
#4787=DIRECTION('ref_axis',(1.,0.,0.));
#4788=DIRECTION('',(1.,0.,0.));
#4789=DIRECTION('center_axis',(0.,0.,1.));
#4790=DIRECTION('ref_axis',(-0.999999999999721,7.47075756269992E-7,0.));
#4791=DIRECTION('',(0.,-1.,0.));
#4792=DIRECTION('center_axis',(0.,0.,-1.));
#4793=DIRECTION('ref_axis',(-7.47075763375392E-7,0.999999999999721,0.));
#4794=DIRECTION('',(1.,0.,0.));
#4795=DIRECTION('center_axis',(0.,0.,1.));
#4796=DIRECTION('ref_axis',(-0.999999999999721,7.47075756269992E-7,0.));
#4797=DIRECTION('',(0.,-1.,0.));
#4798=DIRECTION('center_axis',(0.,0.,-1.));
#4799=DIRECTION('ref_axis',(-7.47075763375392E-7,0.999999999999721,0.));
#4800=DIRECTION('',(1.,0.,0.));
#4801=DIRECTION('center_axis',(0.,0.,-1.));
#4802=DIRECTION('ref_axis',(-0.999999999996443,2.66713916262218E-6,0.));
#4803=DIRECTION('center_axis',(0.,0.,1.));
#4804=DIRECTION('ref_axis',(2.66713913420018E-6,-0.999999999996443,0.));
#4805=DIRECTION('',(1.,0.,0.));
#4806=DIRECTION('center_axis',(0.,0.,-1.));
#4807=DIRECTION('ref_axis',(-0.999999999999721,-7.47075734953692E-7,0.));
#4808=DIRECTION('',(0.,1.,0.));
#4809=DIRECTION('center_axis',(0.,0.,1.));
#4810=DIRECTION('ref_axis',(-7.47075734953692E-7,-0.999999999999721,0.));
#4811=DIRECTION('',(1.,0.,0.));
#4812=DIRECTION('center_axis',(0.,0.,-1.));
#4813=DIRECTION('ref_axis',(-0.999999999999721,-7.47075720742792E-7,0.));
#4814=DIRECTION('',(0.,1.,0.));
#4815=DIRECTION('center_axis',(0.,0.,1.));
#4816=DIRECTION('ref_axis',(-7.47075720742792E-7,-0.999999999999721,0.));
#4817=DIRECTION('',(1.,0.,0.));
#4818=DIRECTION('center_axis',(0.,0.,-1.));
#4819=DIRECTION('ref_axis',(-0.999999999999721,-7.47075720742792E-7,0.));
#4820=DIRECTION('',(0.,1.,0.));
#4821=DIRECTION('center_axis',(0.,0.,-1.));
#4822=DIRECTION('ref_axis',(7.47075720742792E-7,-0.999999999999721,0.));
#4823=DIRECTION('',(-1.,0.,0.));
#4824=DIRECTION('center_axis',(0.,0.,1.));
#4825=DIRECTION('ref_axis',(0.999999999999721,-7.47075720742792E-7,0.));
#4826=DIRECTION('',(0.,1.,0.));
#4827=DIRECTION('center_axis',(0.,0.,-1.));
#4828=DIRECTION('ref_axis',(7.47075720742792E-7,-0.999999999999721,0.));
#4829=DIRECTION('',(-1.,0.,0.));
#4830=DIRECTION('center_axis',(0.,0.,1.));
#4831=DIRECTION('ref_axis',(0.850265194654512,0.526354537131698,0.));
#4832=DIRECTION('',(-0.526354750529184,0.850265062551297,0.));
#4833=DIRECTION('center_axis',(0.,0.,-1.));
#4834=DIRECTION('ref_axis',(-0.180383981684039,-0.983596268370215,0.));
#4835=DIRECTION('',(-0.986475926035544,0.163906215111924,0.));
#4836=DIRECTION('',(-0.866025408990554,0.499999990982743,0.));
#4837=DIRECTION('',(-0.499999975892086,-0.866025417703149,0.));
#4838=DIRECTION('center_axis',(0.,0.,1.));
#4839=DIRECTION('ref_axis',(0.,-1.,0.));
#4840=DIRECTION('center_axis',(0.,0.,1.));
#4841=DIRECTION('ref_axis',(0.,-1.,0.));
#4842=DIRECTION('center_axis',(0.,0.,1.));
#4843=DIRECTION('ref_axis',(0.,-1.,0.));
#4844=DIRECTION('center_axis',(0.,0.,1.));
#4845=DIRECTION('ref_axis',(0.,-1.,0.));
#4846=DIRECTION('center_axis',(0.,0.,1.));
#4847=DIRECTION('ref_axis',(0.,-1.,0.));
#4848=DIRECTION('',(1.,0.,0.));
#4849=DIRECTION('center_axis',(0.,0.,1.));
#4850=DIRECTION('ref_axis',(-0.999999999991245,-4.18456954638102E-6,0.));
#4851=DIRECTION('',(0.,-1.,0.));
#4852=DIRECTION('center_axis',(0.,0.,1.));
#4853=DIRECTION('ref_axis',(-4.18456954638102E-6,0.999999999991245,0.));
#4854=DIRECTION('',(-1.,0.,0.));
#4855=DIRECTION('center_axis',(0.,0.,1.));
#4856=DIRECTION('ref_axis',(0.999999999991245,4.18456954638102E-6,0.));
#4857=DIRECTION('',(0.,1.,0.));
#4858=DIRECTION('center_axis',(0.,0.,1.));
#4859=DIRECTION('ref_axis',(4.18456954638102E-6,-0.999999999991245,0.));
#4860=DIRECTION('',(1.,0.,0.));
#4861=DIRECTION('center_axis',(0.,0.,1.));
#4862=DIRECTION('ref_axis',(-0.999999999991245,-4.18456954638102E-6,0.));
#4863=DIRECTION('',(0.,-1.,0.));
#4864=DIRECTION('center_axis',(0.,0.,1.));
#4865=DIRECTION('ref_axis',(-4.18456954638102E-6,0.999999999991245,0.));
#4866=DIRECTION('',(-1.,0.,0.));
#4867=DIRECTION('center_axis',(0.,0.,1.));
#4868=DIRECTION('ref_axis',(0.999999999991245,4.18456954638102E-6,0.));
#4869=DIRECTION('',(0.,1.,0.));
#4870=DIRECTION('center_axis',(0.,0.,1.));
#4871=DIRECTION('ref_axis',(4.18456954638102E-6,-0.999999999991245,0.));
#4872=DIRECTION('',(1.,0.,0.));
#4873=DIRECTION('center_axis',(0.,0.,1.));
#4874=DIRECTION('ref_axis',(-0.999999999991245,-4.18456954638102E-6,0.));
#4875=DIRECTION('',(0.,-1.,0.));
#4876=DIRECTION('center_axis',(0.,0.,1.));
#4877=DIRECTION('ref_axis',(-4.18456954638102E-6,0.999999999991245,0.));
#4878=DIRECTION('',(-1.,0.,0.));
#4879=DIRECTION('center_axis',(0.,0.,1.));
#4880=DIRECTION('ref_axis',(0.999999999991245,4.18456962532902E-6,0.));
#4881=DIRECTION('',(0.,1.,0.));
#4882=DIRECTION('center_axis',(0.,0.,1.));
#4883=DIRECTION('ref_axis',(4.18456966480402E-6,-0.999999999991245,0.));
#4884=DIRECTION('',(1.,0.,0.));
#4885=DIRECTION('center_axis',(0.,0.,1.));
#4886=DIRECTION('ref_axis',(-0.999999999991245,-4.18456962532902E-6,0.));
#4887=DIRECTION('',(0.,-1.,0.));
#4888=DIRECTION('center_axis',(0.,0.,1.));
#4889=DIRECTION('ref_axis',(-4.18456966480402E-6,0.999999999991245,0.));
#4890=DIRECTION('',(-1.,0.,0.));
#4891=DIRECTION('center_axis',(0.,0.,1.));
#4892=DIRECTION('ref_axis',(0.999999999991245,4.18456962532902E-6,0.));
#4893=DIRECTION('',(0.,1.,0.));
#4894=DIRECTION('center_axis',(0.,0.,1.));
#4895=DIRECTION('ref_axis',(4.18456966480402E-6,-0.999999999991245,0.));
#4896=DIRECTION('',(1.,0.,0.));
#4897=DIRECTION('center_axis',(0.,0.,1.));
#4898=DIRECTION('ref_axis',(-0.999999999991245,-4.18456962532902E-6,0.));
#4899=DIRECTION('',(0.,-1.,0.));
#4900=DIRECTION('center_axis',(0.,0.,1.));
#4901=DIRECTION('ref_axis',(-4.18456966480402E-6,0.999999999991245,0.));
#4902=DIRECTION('',(-1.,0.,0.));
#4903=DIRECTION('center_axis',(0.,0.,1.));
#4904=DIRECTION('ref_axis',(0.999999999991245,4.18456962532902E-6,0.));
#4905=DIRECTION('',(0.,1.,0.));
#4906=DIRECTION('center_axis',(0.,0.,1.));
#4907=DIRECTION('ref_axis',(4.18456966480402E-6,-0.999999999991245,0.));
#4908=DIRECTION('',(0.866025415789895,-0.499999979205939,0.));
#4909=DIRECTION('center_axis',(0.,0.,1.));
#4910=DIRECTION('ref_axis',(-0.866029826033252,0.499992340362145,0.));
#4911=DIRECTION('',(-0.499999979205939,-0.866025415789895,0.));
#4912=DIRECTION('center_axis',(0.,0.,1.));
#4913=DIRECTION('ref_axis',(0.499992340362145,0.866029826033252,0.));
#4914=DIRECTION('',(-0.866025415789895,0.499999979205939,0.));
#4915=DIRECTION('center_axis',(0.,0.,1.));
#4916=DIRECTION('ref_axis',(0.866029826033252,-0.499992340362145,0.));
#4917=DIRECTION('',(0.499999979205939,0.866025415789895,0.));
#4918=DIRECTION('center_axis',(0.,0.,1.));
#4919=DIRECTION('ref_axis',(-0.499992340362145,-0.866029826033252,0.));
#4920=DIRECTION('',(0.965925824899082,-0.258819050290022,0.));
#4921=DIRECTION('center_axis',(0.,0.,1.));
#4922=DIRECTION('ref_axis',(-0.965925455474625,0.258820428996899,0.));
#4923=DIRECTION('',(-0.258819050290022,-0.965925824899082,0.));
#4924=DIRECTION('center_axis',(0.,0.,1.));
#4925=DIRECTION('ref_axis',(0.258820428996899,0.965925455474625,0.));
#4926=DIRECTION('',(-0.965925824899082,0.258819050290022,0.));
#4927=DIRECTION('center_axis',(0.,0.,1.));
#4928=DIRECTION('ref_axis',(0.965925455474625,-0.258820428996899,0.));
#4929=DIRECTION('',(0.258819050290022,0.965925824899082,0.));
#4930=DIRECTION('center_axis',(0.,0.,1.));
#4931=DIRECTION('ref_axis',(-0.258820428996899,-0.965925455474625,0.));
#4932=DIRECTION('',(1.,0.,0.));
#4933=DIRECTION('center_axis',(0.,0.,1.));
#4934=DIRECTION('ref_axis',(-0.999999999991245,-4.18456962532902E-6,0.));
#4935=DIRECTION('',(0.,-1.,0.));
#4936=DIRECTION('center_axis',(0.,0.,1.));
#4937=DIRECTION('ref_axis',(-4.18456966480402E-6,0.999999999991245,0.));
#4938=DIRECTION('',(-1.,0.,0.));
#4939=DIRECTION('center_axis',(0.,0.,1.));
#4940=DIRECTION('ref_axis',(0.999999999991245,4.18456962532902E-6,0.));
#4941=DIRECTION('',(0.,1.,0.));
#4942=DIRECTION('center_axis',(0.,0.,1.));
#4943=DIRECTION('ref_axis',(4.18456966480402E-6,-0.999999999991245,0.));
#4944=DIRECTION('',(1.,0.,0.));
#4945=DIRECTION('center_axis',(0.,0.,1.));
#4946=DIRECTION('ref_axis',(-0.999999999991245,-4.18456962532902E-6,0.));
#4947=DIRECTION('',(0.,-1.,0.));
#4948=DIRECTION('center_axis',(0.,0.,1.));
#4949=DIRECTION('ref_axis',(-4.18456966480402E-6,0.999999999991245,0.));
#4950=DIRECTION('',(-1.,0.,0.));
#4951=DIRECTION('center_axis',(0.,0.,1.));
#4952=DIRECTION('ref_axis',(0.999999999991245,4.18456962532902E-6,0.));
#4953=DIRECTION('',(0.,1.,0.));
#4954=DIRECTION('center_axis',(0.,0.,1.));
#4955=DIRECTION('ref_axis',(4.18456966480402E-6,-0.999999999991245,0.));
#4956=DIRECTION('',(1.,0.,0.));
#4957=DIRECTION('center_axis',(0.,0.,1.));
#4958=DIRECTION('ref_axis',(-0.999999999991245,-4.18456954638102E-6,0.));
#4959=DIRECTION('',(0.,-1.,0.));
#4960=DIRECTION('center_axis',(0.,0.,1.));
#4961=DIRECTION('ref_axis',(-4.18456954638102E-6,0.999999999991245,0.));
#4962=DIRECTION('',(-1.,0.,0.));
#4963=DIRECTION('center_axis',(0.,0.,1.));
#4964=DIRECTION('ref_axis',(0.999999999991245,4.18456954638102E-6,0.));
#4965=DIRECTION('',(0.,1.,0.));
#4966=DIRECTION('center_axis',(0.,0.,1.));
#4967=DIRECTION('ref_axis',(4.18456954638102E-6,-0.999999999991245,0.));
#4968=DIRECTION('',(1.,0.,0.));
#4969=DIRECTION('center_axis',(0.,0.,1.));
#4970=DIRECTION('ref_axis',(-0.999999999991245,-4.18456954638102E-6,0.));
#4971=DIRECTION('',(0.,-1.,0.));
#4972=DIRECTION('center_axis',(0.,0.,1.));
#4973=DIRECTION('ref_axis',(-4.18456954638102E-6,0.999999999991245,0.));
#4974=DIRECTION('',(-1.,0.,0.));
#4975=DIRECTION('center_axis',(0.,0.,1.));
#4976=DIRECTION('ref_axis',(0.999999999991245,4.18456954638102E-6,0.));
#4977=DIRECTION('',(0.,1.,0.));
#4978=DIRECTION('center_axis',(0.,0.,1.));
#4979=DIRECTION('ref_axis',(4.18456954638102E-6,-0.999999999991245,0.));
#4980=DIRECTION('',(1.,0.,0.));
#4981=DIRECTION('center_axis',(0.,0.,1.));
#4982=DIRECTION('ref_axis',(-0.999999999991245,-4.18456954638102E-6,0.));
#4983=DIRECTION('',(0.,-1.,0.));
#4984=DIRECTION('center_axis',(0.,0.,1.));
#4985=DIRECTION('ref_axis',(-4.18456954638102E-6,0.999999999991245,0.));
#4986=DIRECTION('',(-1.,0.,0.));
#4987=DIRECTION('center_axis',(0.,0.,1.));
#4988=DIRECTION('ref_axis',(0.999999999991245,4.18456962532902E-6,0.));
#4989=DIRECTION('',(0.,1.,0.));
#4990=DIRECTION('center_axis',(0.,0.,1.));
#4991=DIRECTION('ref_axis',(4.18456966480402E-6,-0.999999999991245,0.));
#4992=DIRECTION('',(1.,0.,0.));
#4993=DIRECTION('center_axis',(0.,0.,1.));
#4994=DIRECTION('ref_axis',(-0.999999999991245,-4.18456962532902E-6,0.));
#4995=DIRECTION('',(0.,-1.,0.));
#4996=DIRECTION('center_axis',(0.,0.,1.));
#4997=DIRECTION('ref_axis',(-4.18456966480402E-6,0.999999999991245,0.));
#4998=DIRECTION('',(-1.,0.,0.));
#4999=DIRECTION('center_axis',(0.,0.,1.));
#5000=DIRECTION('ref_axis',(0.999999999991245,4.18456962532902E-6,0.));
#5001=DIRECTION('',(0.,1.,0.));
#5002=DIRECTION('center_axis',(0.,0.,1.));
#5003=DIRECTION('ref_axis',(4.18456966480402E-6,-0.999999999991245,0.));
#5004=DIRECTION('',(1.,0.,0.));
#5005=DIRECTION('center_axis',(0.,0.,1.));
#5006=DIRECTION('ref_axis',(-0.999999999991245,-4.18456954638102E-6,0.));
#5007=DIRECTION('',(0.,-1.,0.));
#5008=DIRECTION('center_axis',(0.,0.,1.));
#5009=DIRECTION('ref_axis',(-4.18456954638102E-6,0.999999999991245,0.));
#5010=DIRECTION('',(-1.,0.,0.));
#5011=DIRECTION('center_axis',(0.,0.,1.));
#5012=DIRECTION('ref_axis',(0.999999999991245,4.18456954638102E-6,0.));
#5013=DIRECTION('',(0.,1.,0.));
#5014=DIRECTION('center_axis',(0.,0.,1.));
#5015=DIRECTION('ref_axis',(4.18456954638102E-6,-0.999999999991245,0.));
#5016=DIRECTION('',(1.,0.,0.));
#5017=DIRECTION('center_axis',(0.,0.,1.));
#5018=DIRECTION('ref_axis',(-0.999999999991245,-4.18456954638102E-6,0.));
#5019=DIRECTION('',(0.,-1.,0.));
#5020=DIRECTION('center_axis',(0.,0.,1.));
#5021=DIRECTION('ref_axis',(-4.18456954638102E-6,0.999999999991245,0.));
#5022=DIRECTION('',(-1.,0.,0.));
#5023=DIRECTION('center_axis',(0.,0.,1.));
#5024=DIRECTION('ref_axis',(0.999999999991245,4.18456962533003E-6,0.));
#5025=DIRECTION('',(0.,1.,0.));
#5026=DIRECTION('center_axis',(0.,0.,1.));
#5027=DIRECTION('ref_axis',(4.18456966480402E-6,-0.999999999991245,0.));
#5028=DIRECTION('',(1.,0.,0.));
#5029=DIRECTION('center_axis',(0.,0.,1.));
#5030=DIRECTION('ref_axis',(-0.999999999991245,-4.18456962532902E-6,0.));
#5031=DIRECTION('',(0.,-1.,0.));
#5032=DIRECTION('center_axis',(0.,0.,1.));
#5033=DIRECTION('ref_axis',(-4.18456958585502E-6,0.999999999991245,0.));
#5034=DIRECTION('',(-1.,0.,0.));
#5035=DIRECTION('center_axis',(0.,0.,1.));
#5036=DIRECTION('ref_axis',(0.999999999991245,4.18456962533003E-6,0.));
#5037=DIRECTION('',(0.,1.,0.));
#5038=DIRECTION('center_axis',(0.,0.,1.));
#5039=DIRECTION('ref_axis',(4.18456966480402E-6,-0.999999999991245,0.));
#5040=DIRECTION('',(1.,0.,0.));
#5041=DIRECTION('center_axis',(0.,0.,1.));
#5042=DIRECTION('ref_axis',(-0.999999999991245,-4.18456962532902E-6,0.));
#5043=DIRECTION('',(0.,-1.,0.));
#5044=DIRECTION('center_axis',(0.,0.,1.));
#5045=DIRECTION('ref_axis',(-4.18456966480402E-6,0.999999999991245,0.));
#5046=DIRECTION('',(-1.,0.,0.));
#5047=DIRECTION('center_axis',(0.,0.,1.));
#5048=DIRECTION('ref_axis',(0.999999999991245,4.18456962532902E-6,0.));
#5049=DIRECTION('',(0.,1.,0.));
#5050=DIRECTION('center_axis',(0.,0.,1.));
#5051=DIRECTION('ref_axis',(4.18456966480402E-6,-0.999999999991245,0.));
#5052=DIRECTION('',(1.,0.,0.));
#5053=DIRECTION('center_axis',(0.,0.,1.));
#5054=DIRECTION('ref_axis',(-0.999999999991245,-4.18456962532902E-6,0.));
#5055=DIRECTION('',(0.,-1.,0.));
#5056=DIRECTION('center_axis',(0.,0.,1.));
#5057=DIRECTION('ref_axis',(-4.18456966480402E-6,0.999999999991245,0.));
#5058=DIRECTION('',(-1.,0.,0.));
#5059=DIRECTION('center_axis',(0.,0.,1.));
#5060=DIRECTION('ref_axis',(0.999999999991245,4.18456962532902E-6,0.));
#5061=DIRECTION('',(0.,1.,0.));
#5062=DIRECTION('center_axis',(0.,0.,1.));
#5063=DIRECTION('ref_axis',(4.18456966480402E-6,-0.999999999991245,0.));
#5064=DIRECTION('',(1.,0.,0.));
#5065=DIRECTION('center_axis',(0.,0.,1.));
#5066=DIRECTION('ref_axis',(-0.999999999991245,-4.18456962532902E-6,0.));
#5067=DIRECTION('',(0.,-1.,0.));
#5068=DIRECTION('center_axis',(0.,0.,1.));
#5069=DIRECTION('ref_axis',(-4.18456958585502E-6,0.999999999991245,0.));
#5070=DIRECTION('',(-1.,0.,0.));
#5071=DIRECTION('center_axis',(0.,0.,1.));
#5072=DIRECTION('ref_axis',(0.999999999991245,4.18456962533003E-6,0.));
#5073=DIRECTION('',(0.,1.,0.));
#5074=DIRECTION('center_axis',(0.,0.,1.));
#5075=DIRECTION('ref_axis',(4.18456966480402E-6,-0.999999999991245,0.));
#5076=DIRECTION('',(1.,0.,0.));
#5077=DIRECTION('center_axis',(0.,0.,1.));
#5078=DIRECTION('ref_axis',(-0.999999999991245,-4.18456962532902E-6,0.));
#5079=DIRECTION('',(0.,-1.,0.));
#5080=DIRECTION('center_axis',(0.,0.,1.));
#5081=DIRECTION('ref_axis',(-4.18456958585502E-6,0.999999999991245,0.));
#5082=DIRECTION('',(-1.,0.,0.));
#5083=DIRECTION('center_axis',(0.,0.,1.));
#5084=DIRECTION('ref_axis',(0.999999999991245,4.18456962533003E-6,0.));
#5085=DIRECTION('',(0.,1.,0.));
#5086=DIRECTION('center_axis',(0.,0.,1.));
#5087=DIRECTION('ref_axis',(4.18456966480402E-6,-0.999999999991245,0.));
#5088=DIRECTION('center_axis',(0.,0.,1.));
#5089=DIRECTION('ref_axis',(1.,0.,0.));
#5090=DIRECTION('',(-0.499999975892086,-0.866025417703149,0.));
#5091=DIRECTION('',(-0.866025408990555,0.499999990982743,0.));
#5092=DIRECTION('',(-0.986475926035544,0.163906215111924,0.));
#5093=DIRECTION('center_axis',(0.,0.,-1.));
#5094=DIRECTION('ref_axis',(-0.180383981684039,-0.983596268370215,0.));
#5095=DIRECTION('',(-0.526354750529184,0.850265062551297,0.));
#5096=DIRECTION('center_axis',(0.,0.,1.));
#5097=DIRECTION('ref_axis',(0.850265194654512,0.526354537131698,0.));
#5098=DIRECTION('',(-1.,0.,0.));
#5099=DIRECTION('center_axis',(0.,0.,-1.));
#5100=DIRECTION('ref_axis',(7.47075720742792E-7,-0.999999999999721,0.));
#5101=DIRECTION('',(0.,1.,0.));
#5102=DIRECTION('center_axis',(0.,0.,1.));
#5103=DIRECTION('ref_axis',(0.999999999999721,-7.47075720742792E-7,0.));
#5104=DIRECTION('',(-1.,0.,0.));
#5105=DIRECTION('center_axis',(0.,0.,-1.));
#5106=DIRECTION('ref_axis',(7.47075720742792E-7,-0.999999999999721,0.));
#5107=DIRECTION('',(0.,1.,0.));
#5108=DIRECTION('center_axis',(0.,0.,-1.));
#5109=DIRECTION('ref_axis',(-0.999999999999721,-7.47075720742792E-7,0.));
#5110=DIRECTION('',(1.,0.,0.));
#5111=DIRECTION('center_axis',(0.,0.,1.));
#5112=DIRECTION('ref_axis',(-7.47075720742792E-7,-0.999999999999721,0.));
#5113=DIRECTION('',(0.,1.,0.));
#5114=DIRECTION('center_axis',(0.,0.,-1.));
#5115=DIRECTION('ref_axis',(-0.999999999999721,-7.47075720742792E-7,0.));
#5116=DIRECTION('',(1.,0.,0.));
#5117=DIRECTION('center_axis',(0.,0.,1.));
#5118=DIRECTION('ref_axis',(-7.47075734953692E-7,-0.999999999999721,0.));
#5119=DIRECTION('',(0.,1.,0.));
#5120=DIRECTION('center_axis',(0.,0.,-1.));
#5121=DIRECTION('ref_axis',(-0.999999999999721,-7.47075734953692E-7,0.));
#5122=DIRECTION('',(1.,0.,0.));
#5123=DIRECTION('center_axis',(0.,0.,1.));
#5124=DIRECTION('ref_axis',(2.66713913420018E-6,-0.999999999996443,0.));
#5125=DIRECTION('center_axis',(0.,0.,-1.));
#5126=DIRECTION('ref_axis',(-0.999999999996443,2.66713916262218E-6,0.));
#5127=DIRECTION('',(1.,0.,0.));
#5128=DIRECTION('center_axis',(0.,0.,-1.));
#5129=DIRECTION('ref_axis',(-7.47075763375392E-7,0.999999999999721,0.));
#5130=DIRECTION('',(0.,-1.,0.));
#5131=DIRECTION('center_axis',(0.,0.,1.));
#5132=DIRECTION('ref_axis',(-0.999999999999721,7.47075756269992E-7,0.));
#5133=DIRECTION('',(1.,0.,0.));
#5134=DIRECTION('center_axis',(0.,0.,-1.));
#5135=DIRECTION('ref_axis',(-7.47075763375392E-7,0.999999999999721,0.));
#5136=DIRECTION('',(0.,-1.,0.));
#5137=DIRECTION('center_axis',(0.,0.,1.));
#5138=DIRECTION('ref_axis',(-0.999999999999721,7.47075756269992E-7,0.));
#5139=DIRECTION('',(1.,0.,0.));
#5140=DIRECTION('center_axis',(0.,0.,-1.));
#5141=DIRECTION('ref_axis',(1.,0.,0.));
#5142=DIRECTION('',(0.,-1.,0.));
#5143=DIRECTION('center_axis',(0.,0.,1.));
#5144=DIRECTION('ref_axis',(-1.,-1.77635683940023E-14,0.));
#5145=DIRECTION('',(1.,0.,0.));
#5146=DIRECTION('center_axis',(0.,0.,1.));
#5147=DIRECTION('ref_axis',(-0.999999999954571,-9.53191246374591E-6,0.));
#5148=DIRECTION('center_axis',(0.,0.,-1.));
#5149=DIRECTION('ref_axis',(0.,-1.,0.));
#5150=DIRECTION('center_axis',(0.,0.,1.));
#5151=DIRECTION('ref_axis',(-4.18456954638102E-6,0.999999999991245,0.));
#5152=DIRECTION('',(0.,-1.,0.));
#5153=DIRECTION('center_axis',(0.,0.,1.));
#5154=DIRECTION('ref_axis',(-0.999999999991245,-4.18456954638102E-6,0.));
#5155=DIRECTION('',(1.,0.,0.));
#5156=DIRECTION('center_axis',(0.,0.,1.));
#5157=DIRECTION('ref_axis',(4.18456954638102E-6,-0.999999999991245,0.));
#5158=DIRECTION('',(0.,1.,0.));
#5159=DIRECTION('center_axis',(0.,0.,1.));
#5160=DIRECTION('ref_axis',(0.999999999991245,4.18456954638102E-6,0.));
#5161=DIRECTION('',(-1.,0.,0.));
#5162=DIRECTION('center_axis',(0.,0.,1.));
#5163=DIRECTION('ref_axis',(-4.18456954638102E-6,0.999999999991245,0.));
#5164=DIRECTION('',(0.,-1.,0.));
#5165=DIRECTION('center_axis',(0.,0.,1.));
#5166=DIRECTION('ref_axis',(-0.999999999991245,-4.18456954638102E-6,0.));
#5167=DIRECTION('',(1.,0.,0.));
#5168=DIRECTION('center_axis',(0.,0.,1.));
#5169=DIRECTION('ref_axis',(4.18456954638102E-6,-0.999999999991245,0.));
#5170=DIRECTION('',(0.,1.,0.));
#5171=DIRECTION('center_axis',(0.,0.,1.));
#5172=DIRECTION('ref_axis',(0.999999999991245,4.18456954638102E-6,0.));
#5173=DIRECTION('',(-1.,0.,0.));
#5174=DIRECTION('center_axis',(0.,0.,-1.));
#5175=DIRECTION('ref_axis',(0.,-1.,0.));
#5176=DIRECTION('center_axis',(0.,0.,1.));
#5177=DIRECTION('ref_axis',(-4.18456954638102E-6,0.999999999991245,0.));
#5178=DIRECTION('',(0.,-1.,0.));
#5179=DIRECTION('center_axis',(0.,0.,1.));
#5180=DIRECTION('ref_axis',(-0.999999999991245,-4.18456954638102E-6,0.));
#5181=DIRECTION('',(1.,0.,0.));
#5182=DIRECTION('center_axis',(0.,0.,1.));
#5183=DIRECTION('ref_axis',(4.18456966480402E-6,-0.999999999991245,0.));
#5184=DIRECTION('',(0.,1.,0.));
#5185=DIRECTION('center_axis',(0.,0.,1.));
#5186=DIRECTION('ref_axis',(0.999999999991245,4.18456962532902E-6,0.));
#5187=DIRECTION('',(-1.,0.,0.));
#5188=DIRECTION('center_axis',(0.,0.,1.));
#5189=DIRECTION('ref_axis',(-4.18456966480402E-6,0.999999999991245,0.));
#5190=DIRECTION('',(0.,-1.,0.));
#5191=DIRECTION('center_axis',(0.,0.,1.));
#5192=DIRECTION('ref_axis',(-0.999999999991245,-4.18456962532902E-6,0.));
#5193=DIRECTION('',(1.,0.,0.));
#5194=DIRECTION('center_axis',(0.,0.,1.));
#5195=DIRECTION('ref_axis',(4.18456966480402E-6,-0.999999999991245,0.));
#5196=DIRECTION('',(0.,1.,0.));
#5197=DIRECTION('center_axis',(0.,0.,1.));
#5198=DIRECTION('ref_axis',(0.999999999991245,4.18456962532902E-6,0.));
#5199=DIRECTION('',(-1.,0.,0.));
#5200=DIRECTION('center_axis',(0.,0.,1.));
#5201=DIRECTION('ref_axis',(-4.18456966480402E-6,0.999999999991245,0.));
#5202=DIRECTION('',(0.,-1.,0.));
#5203=DIRECTION('center_axis',(0.,0.,1.));
#5204=DIRECTION('ref_axis',(-0.999999999991245,-4.18456962532902E-6,0.));
#5205=DIRECTION('',(1.,0.,0.));
#5206=DIRECTION('center_axis',(0.,0.,1.));
#5207=DIRECTION('ref_axis',(4.18456966480402E-6,-0.999999999991245,0.));
#5208=DIRECTION('',(0.,1.,0.));
#5209=DIRECTION('center_axis',(0.,0.,1.));
#5210=DIRECTION('ref_axis',(0.999999999991245,4.18456962532902E-6,0.));
#5211=DIRECTION('',(-1.,0.,0.));
#5212=DIRECTION('center_axis',(0.,0.,1.));
#5213=DIRECTION('ref_axis',(0.499992340362145,0.866029826033252,0.));
#5214=DIRECTION('',(-0.499999979205939,-0.866025415789895,0.));
#5215=DIRECTION('center_axis',(0.,0.,1.));
#5216=DIRECTION('ref_axis',(-0.866029826033252,0.499992340362145,0.));
#5217=DIRECTION('',(0.866025415789895,-0.499999979205939,0.));
#5218=DIRECTION('center_axis',(0.,0.,1.));
#5219=DIRECTION('ref_axis',(-0.499992340362145,-0.866029826033252,0.));
#5220=DIRECTION('',(0.499999979205939,0.866025415789895,0.));
#5221=DIRECTION('center_axis',(0.,0.,1.));
#5222=DIRECTION('ref_axis',(0.866029826033252,-0.499992340362145,0.));
#5223=DIRECTION('',(-0.866025415789895,0.499999979205939,0.));
#5224=DIRECTION('center_axis',(0.,0.,1.));
#5225=DIRECTION('ref_axis',(0.258820428996899,0.965925455474625,0.));
#5226=DIRECTION('',(-0.258819050290022,-0.965925824899082,0.));
#5227=DIRECTION('center_axis',(0.,0.,1.));
#5228=DIRECTION('ref_axis',(-0.965925455474625,0.258820428996899,0.));
#5229=DIRECTION('',(0.965925824899082,-0.258819050290022,0.));
#5230=DIRECTION('center_axis',(0.,0.,1.));
#5231=DIRECTION('ref_axis',(-0.258820428996899,-0.965925455474625,0.));
#5232=DIRECTION('',(0.258819050290022,0.965925824899082,0.));
#5233=DIRECTION('center_axis',(0.,0.,1.));
#5234=DIRECTION('ref_axis',(0.965925455474625,-0.258820428996899,0.));
#5235=DIRECTION('',(-0.965925824899082,0.258819050290022,0.));
#5236=DIRECTION('center_axis',(0.,0.,1.));
#5237=DIRECTION('ref_axis',(-4.18456966480402E-6,0.999999999991245,0.));
#5238=DIRECTION('',(0.,-1.,0.));
#5239=DIRECTION('center_axis',(0.,0.,1.));
#5240=DIRECTION('ref_axis',(-0.999999999991245,-4.18456962532902E-6,0.));
#5241=DIRECTION('',(1.,0.,0.));
#5242=DIRECTION('center_axis',(0.,0.,1.));
#5243=DIRECTION('ref_axis',(4.18456966480402E-6,-0.999999999991245,0.));
#5244=DIRECTION('',(0.,1.,0.));
#5245=DIRECTION('center_axis',(0.,0.,1.));
#5246=DIRECTION('ref_axis',(0.999999999991245,4.18456962532902E-6,0.));
#5247=DIRECTION('',(-1.,0.,0.));
#5248=DIRECTION('center_axis',(0.,0.,-1.));
#5249=DIRECTION('ref_axis',(0.,-1.,0.));
#5250=DIRECTION('center_axis',(0.,0.,1.));
#5251=DIRECTION('ref_axis',(-4.18456966480402E-6,0.999999999991245,0.));
#5252=DIRECTION('',(0.,-1.,0.));
#5253=DIRECTION('center_axis',(0.,0.,1.));
#5254=DIRECTION('ref_axis',(-0.999999999991245,-4.18456962532902E-6,0.));
#5255=DIRECTION('',(1.,0.,0.));
#5256=DIRECTION('center_axis',(0.,0.,1.));
#5257=DIRECTION('ref_axis',(4.18456966480402E-6,-0.999999999991245,0.));
#5258=DIRECTION('',(0.,1.,0.));
#5259=DIRECTION('center_axis',(0.,0.,1.));
#5260=DIRECTION('ref_axis',(0.999999999991245,4.18456962532902E-6,0.));
#5261=DIRECTION('',(-1.,0.,0.));
#5262=DIRECTION('center_axis',(0.,0.,1.));
#5263=DIRECTION('ref_axis',(-4.18456954638102E-6,0.999999999991245,0.));
#5264=DIRECTION('',(0.,-1.,0.));
#5265=DIRECTION('center_axis',(0.,0.,1.));
#5266=DIRECTION('ref_axis',(-0.999999999991245,-4.18456954638102E-6,0.));
#5267=DIRECTION('',(1.,0.,0.));
#5268=DIRECTION('center_axis',(0.,0.,1.));
#5269=DIRECTION('ref_axis',(4.18456954638102E-6,-0.999999999991245,0.));
#5270=DIRECTION('',(0.,1.,0.));
#5271=DIRECTION('center_axis',(0.,0.,1.));
#5272=DIRECTION('ref_axis',(0.999999999991245,4.18456954638102E-6,0.));
#5273=DIRECTION('',(-1.,0.,0.));
#5274=DIRECTION('center_axis',(0.,0.,1.));
#5275=DIRECTION('ref_axis',(-4.18456954638102E-6,0.999999999991245,0.));
#5276=DIRECTION('',(0.,-1.,0.));
#5277=DIRECTION('center_axis',(0.,0.,1.));
#5278=DIRECTION('ref_axis',(-0.999999999991245,-4.18456954638102E-6,0.));
#5279=DIRECTION('',(1.,0.,0.));
#5280=DIRECTION('center_axis',(0.,0.,1.));
#5281=DIRECTION('ref_axis',(4.18456954638102E-6,-0.999999999991245,0.));
#5282=DIRECTION('',(0.,1.,0.));
#5283=DIRECTION('center_axis',(0.,0.,1.));
#5284=DIRECTION('ref_axis',(0.999999999991245,4.18456954638102E-6,0.));
#5285=DIRECTION('',(-1.,0.,0.));
#5286=DIRECTION('center_axis',(0.,0.,1.));
#5287=DIRECTION('ref_axis',(-4.18456954638102E-6,0.999999999991245,0.));
#5288=DIRECTION('',(0.,-1.,0.));
#5289=DIRECTION('center_axis',(0.,0.,1.));
#5290=DIRECTION('ref_axis',(-0.999999999991245,-4.18456954638102E-6,0.));
#5291=DIRECTION('',(1.,0.,0.));
#5292=DIRECTION('center_axis',(0.,0.,1.));
#5293=DIRECTION('ref_axis',(4.18456966480402E-6,-0.999999999991245,0.));
#5294=DIRECTION('',(0.,1.,0.));
#5295=DIRECTION('center_axis',(0.,0.,1.));
#5296=DIRECTION('ref_axis',(0.999999999991245,4.18456962532902E-6,0.));
#5297=DIRECTION('',(-1.,0.,0.));
#5298=DIRECTION('center_axis',(0.,0.,1.));
#5299=DIRECTION('ref_axis',(-4.18456966480402E-6,0.999999999991245,0.));
#5300=DIRECTION('',(0.,-1.,0.));
#5301=DIRECTION('center_axis',(0.,0.,1.));
#5302=DIRECTION('ref_axis',(-0.999999999991245,-4.18456962532902E-6,0.));
#5303=DIRECTION('',(1.,0.,0.));
#5304=DIRECTION('center_axis',(0.,0.,1.));
#5305=DIRECTION('ref_axis',(4.18456966480402E-6,-0.999999999991245,0.));
#5306=DIRECTION('',(0.,1.,0.));
#5307=DIRECTION('center_axis',(0.,0.,1.));
#5308=DIRECTION('ref_axis',(0.999999999991245,4.18456962532902E-6,0.));
#5309=DIRECTION('',(-1.,0.,0.));
#5310=DIRECTION('center_axis',(0.,0.,1.));
#5311=DIRECTION('ref_axis',(-4.18456954638102E-6,0.999999999991245,0.));
#5312=DIRECTION('',(0.,-1.,0.));
#5313=DIRECTION('center_axis',(0.,0.,1.));
#5314=DIRECTION('ref_axis',(-0.999999999991245,-4.18456954638102E-6,0.));
#5315=DIRECTION('',(1.,0.,0.));
#5316=DIRECTION('center_axis',(0.,0.,1.));
#5317=DIRECTION('ref_axis',(4.18456954638102E-6,-0.999999999991245,0.));
#5318=DIRECTION('',(0.,1.,0.));
#5319=DIRECTION('center_axis',(0.,0.,1.));
#5320=DIRECTION('ref_axis',(0.999999999991245,4.18456954638102E-6,0.));
#5321=DIRECTION('',(-1.,0.,0.));
#5322=DIRECTION('center_axis',(0.,0.,1.));
#5323=DIRECTION('ref_axis',(-4.18456954638102E-6,0.999999999991245,0.));
#5324=DIRECTION('',(0.,-1.,0.));
#5325=DIRECTION('center_axis',(0.,0.,1.));
#5326=DIRECTION('ref_axis',(-0.999999999991245,-4.18456954638102E-6,0.));
#5327=DIRECTION('',(1.,0.,0.));
#5328=DIRECTION('center_axis',(0.,0.,1.));
#5329=DIRECTION('ref_axis',(4.18456966480402E-6,-0.999999999991245,0.));
#5330=DIRECTION('',(0.,1.,0.));
#5331=DIRECTION('center_axis',(0.,0.,1.));
#5332=DIRECTION('ref_axis',(0.999999999991245,4.18456962533003E-6,0.));
#5333=DIRECTION('',(-1.,0.,0.));
#5334=DIRECTION('center_axis',(0.,0.,-1.));
#5335=DIRECTION('ref_axis',(0.,-1.,0.));
#5336=DIRECTION('center_axis',(0.,0.,1.));
#5337=DIRECTION('ref_axis',(-4.18456958585502E-6,0.999999999991245,0.));
#5338=DIRECTION('',(0.,-1.,0.));
#5339=DIRECTION('center_axis',(0.,0.,1.));
#5340=DIRECTION('ref_axis',(-0.999999999991245,-4.18456962532902E-6,0.));
#5341=DIRECTION('',(1.,0.,0.));
#5342=DIRECTION('center_axis',(0.,0.,1.));
#5343=DIRECTION('ref_axis',(4.18456966480402E-6,-0.999999999991245,0.));
#5344=DIRECTION('',(0.,1.,0.));
#5345=DIRECTION('center_axis',(0.,0.,1.));
#5346=DIRECTION('ref_axis',(0.999999999991245,4.18456962533003E-6,0.));
#5347=DIRECTION('',(-1.,0.,0.));
#5348=DIRECTION('center_axis',(0.,0.,1.));
#5349=DIRECTION('ref_axis',(-4.18456966480402E-6,0.999999999991245,0.));
#5350=DIRECTION('',(0.,-1.,0.));
#5351=DIRECTION('center_axis',(0.,0.,1.));
#5352=DIRECTION('ref_axis',(-0.999999999991245,-4.18456962532902E-6,0.));
#5353=DIRECTION('',(1.,0.,0.));
#5354=DIRECTION('center_axis',(0.,0.,1.));
#5355=DIRECTION('ref_axis',(4.18456966480402E-6,-0.999999999991245,0.));
#5356=DIRECTION('',(0.,1.,0.));
#5357=DIRECTION('center_axis',(0.,0.,1.));
#5358=DIRECTION('ref_axis',(0.999999999991245,4.18456962532902E-6,0.));
#5359=DIRECTION('',(-1.,0.,0.));
#5360=DIRECTION('center_axis',(0.,0.,1.));
#5361=DIRECTION('ref_axis',(-4.18456966480402E-6,0.999999999991245,0.));
#5362=DIRECTION('',(0.,-1.,0.));
#5363=DIRECTION('center_axis',(0.,0.,1.));
#5364=DIRECTION('ref_axis',(-0.999999999991245,-4.18456962532902E-6,0.));
#5365=DIRECTION('',(1.,0.,0.));
#5366=DIRECTION('center_axis',(0.,0.,1.));
#5367=DIRECTION('ref_axis',(4.18456966480402E-6,-0.999999999991245,0.));
#5368=DIRECTION('',(0.,1.,0.));
#5369=DIRECTION('center_axis',(0.,0.,1.));
#5370=DIRECTION('ref_axis',(0.999999999991245,4.18456962532902E-6,0.));
#5371=DIRECTION('',(-1.,0.,0.));
#5372=DIRECTION('center_axis',(0.,0.,1.));
#5373=DIRECTION('ref_axis',(-4.18456958585502E-6,0.999999999991245,0.));
#5374=DIRECTION('',(0.,-1.,0.));
#5375=DIRECTION('center_axis',(0.,0.,1.));
#5376=DIRECTION('ref_axis',(-0.999999999991245,-4.18456962532902E-6,0.));
#5377=DIRECTION('',(1.,0.,0.));
#5378=DIRECTION('center_axis',(0.,0.,1.));
#5379=DIRECTION('ref_axis',(4.18456966480402E-6,-0.999999999991245,0.));
#5380=DIRECTION('',(0.,1.,0.));
#5381=DIRECTION('center_axis',(0.,0.,1.));
#5382=DIRECTION('ref_axis',(0.999999999991245,4.18456962533003E-6,0.));
#5383=DIRECTION('',(-1.,0.,0.));
#5384=DIRECTION('center_axis',(0.,0.,-1.));
#5385=DIRECTION('ref_axis',(0.,-1.,0.));
#5386=DIRECTION('center_axis',(0.,0.,1.));
#5387=DIRECTION('ref_axis',(-4.18456958585502E-6,0.999999999991245,0.));
#5388=DIRECTION('',(0.,-1.,0.));
#5389=DIRECTION('center_axis',(0.,0.,1.));
#5390=DIRECTION('ref_axis',(-0.999999999991245,-4.18456962532902E-6,0.));
#5391=DIRECTION('',(1.,0.,0.));
#5392=DIRECTION('center_axis',(0.,0.,1.));
#5393=DIRECTION('ref_axis',(4.18456966480402E-6,-0.999999999991245,0.));
#5394=DIRECTION('',(0.,1.,0.));
#5395=DIRECTION('center_axis',(0.,0.,1.));
#5396=DIRECTION('ref_axis',(0.999999999991245,4.18456962533003E-6,0.));
#5397=DIRECTION('',(-1.,0.,0.));
#5398=DIRECTION('center_axis',(0.,0.,-1.));
#5399=DIRECTION('ref_axis',(0.999999999991245,4.18456954638102E-6,0.));
#5400=DIRECTION('',(0.,0.,1.));
#5401=DIRECTION('',(0.,0.,1.));
#5402=DIRECTION('center_axis',(0.,-1.,0.));
#5403=DIRECTION('ref_axis',(-1.,0.,0.));
#5404=DIRECTION('',(0.,0.,1.));
#5405=DIRECTION('center_axis',(0.,0.,-1.));
#5406=DIRECTION('ref_axis',(-4.18456954638102E-6,0.999999999991245,0.));
#5407=DIRECTION('',(0.,0.,1.));
#5408=DIRECTION('center_axis',(1.,0.,0.));
#5409=DIRECTION('ref_axis',(0.,-1.,0.));
#5410=DIRECTION('',(0.,0.,1.));
#5411=DIRECTION('center_axis',(0.,0.,-1.));
#5412=DIRECTION('ref_axis',(0.999999999991245,4.18456954638102E-6,0.));
#5413=DIRECTION('',(0.,0.,1.));
#5414=DIRECTION('',(0.,0.,1.));
#5415=DIRECTION('center_axis',(0.,-1.,0.));
#5416=DIRECTION('ref_axis',(-1.,0.,0.));
#5417=DIRECTION('',(0.,0.,1.));
#5418=DIRECTION('center_axis',(0.,0.,-1.));
#5419=DIRECTION('ref_axis',(-4.18456954638102E-6,0.999999999991245,0.));
#5420=DIRECTION('',(0.,0.,1.));
#5421=DIRECTION('center_axis',(1.,0.,0.));
#5422=DIRECTION('ref_axis',(0.,-1.,0.));
#5423=DIRECTION('',(0.,0.,1.));
#5424=DIRECTION('center_axis',(0.,0.,-1.));
#5425=DIRECTION('ref_axis',(0.999999999991245,4.18456962532902E-6,0.));
#5426=DIRECTION('',(0.,0.,1.));
#5427=DIRECTION('',(0.,0.,1.));
#5428=DIRECTION('center_axis',(0.,-1.,0.));
#5429=DIRECTION('ref_axis',(-1.,0.,0.));
#5430=DIRECTION('',(0.,0.,1.));
#5431=DIRECTION('center_axis',(0.,0.,-1.));
#5432=DIRECTION('ref_axis',(-4.18456954638102E-6,0.999999999991245,0.));
#5433=DIRECTION('',(0.,0.,1.));
#5434=DIRECTION('center_axis',(1.,0.,0.));
#5435=DIRECTION('ref_axis',(0.,-1.,0.));
#5436=DIRECTION('',(0.,0.,1.));
#5437=DIRECTION('center_axis',(0.,0.,-1.));
#5438=DIRECTION('ref_axis',(0.999999999991245,4.18456962532902E-6,0.));
#5439=DIRECTION('',(0.,0.,1.));
#5440=DIRECTION('',(0.,0.,1.));
#5441=DIRECTION('center_axis',(0.,-1.,0.));
#5442=DIRECTION('ref_axis',(-1.,0.,0.));
#5443=DIRECTION('',(0.,0.,1.));
#5444=DIRECTION('center_axis',(0.,0.,-1.));
#5445=DIRECTION('ref_axis',(-4.18456966480402E-6,0.999999999991245,0.));
#5446=DIRECTION('',(0.,0.,1.));
#5447=DIRECTION('center_axis',(1.,0.,0.));
#5448=DIRECTION('ref_axis',(0.,-1.,0.));
#5449=DIRECTION('',(0.,0.,1.));
#5450=DIRECTION('center_axis',(0.,0.,-1.));
#5451=DIRECTION('ref_axis',(0.999999999991245,4.18456962532902E-6,0.));
#5452=DIRECTION('',(0.,0.,1.));
#5453=DIRECTION('',(0.,0.,1.));
#5454=DIRECTION('center_axis',(0.,-1.,0.));
#5455=DIRECTION('ref_axis',(-1.,0.,0.));
#5456=DIRECTION('',(0.,0.,1.));
#5457=DIRECTION('center_axis',(0.,0.,-1.));
#5458=DIRECTION('ref_axis',(-4.18456966480402E-6,0.999999999991245,0.));
#5459=DIRECTION('',(0.,0.,1.));
#5460=DIRECTION('center_axis',(1.,0.,0.));
#5461=DIRECTION('ref_axis',(0.,-1.,0.));
#5462=DIRECTION('',(0.,0.,1.));
#5463=DIRECTION('center_axis',(0.,0.,-1.));
#5464=DIRECTION('ref_axis',(0.866029826033252,-0.499992340362145,0.));
#5465=DIRECTION('',(0.,0.,1.));
#5466=DIRECTION('',(0.,0.,1.));
#5467=DIRECTION('center_axis',(-0.499999979205939,-0.866025415789895,0.));
#5468=DIRECTION('ref_axis',(-0.866025415789895,0.499999979205939,0.));
#5469=DIRECTION('',(0.,0.,1.));
#5470=DIRECTION('center_axis',(0.,0.,-1.));
#5471=DIRECTION('ref_axis',(0.499992340362145,0.866029826033252,0.));
#5472=DIRECTION('',(0.,0.,1.));
#5473=DIRECTION('center_axis',(0.866025415789895,-0.499999979205939,0.));
#5474=DIRECTION('ref_axis',(-0.499999979205939,-0.866025415789895,0.));
#5475=DIRECTION('',(0.,0.,1.));
#5476=DIRECTION('center_axis',(0.,0.,-1.));
#5477=DIRECTION('ref_axis',(0.965925455474625,-0.258820428996899,0.));
#5478=DIRECTION('',(0.,0.,1.));
#5479=DIRECTION('',(0.,0.,1.));
#5480=DIRECTION('center_axis',(-0.258819050290022,-0.965925824899082,0.));
#5481=DIRECTION('ref_axis',(-0.965925824899082,0.258819050290022,0.));
#5482=DIRECTION('',(0.,0.,1.));
#5483=DIRECTION('center_axis',(0.,0.,-1.));
#5484=DIRECTION('ref_axis',(0.258820428996899,0.965925455474625,0.));
#5485=DIRECTION('',(0.,0.,1.));
#5486=DIRECTION('center_axis',(0.965925824899082,-0.258819050290022,0.));
#5487=DIRECTION('ref_axis',(-0.258819050290022,-0.965925824899082,0.));
#5488=DIRECTION('',(0.,0.,1.));
#5489=DIRECTION('center_axis',(0.,0.,-1.));
#5490=DIRECTION('ref_axis',(0.999999999991245,4.18456962532902E-6,0.));
#5491=DIRECTION('',(0.,0.,1.));
#5492=DIRECTION('',(0.,0.,1.));
#5493=DIRECTION('center_axis',(0.,-1.,0.));
#5494=DIRECTION('ref_axis',(-1.,0.,0.));
#5495=DIRECTION('',(0.,0.,1.));
#5496=DIRECTION('center_axis',(0.,0.,-1.));
#5497=DIRECTION('ref_axis',(-4.18456966480402E-6,0.999999999991245,0.));
#5498=DIRECTION('',(0.,0.,1.));
#5499=DIRECTION('center_axis',(1.,0.,0.));
#5500=DIRECTION('ref_axis',(0.,-1.,0.));
#5501=DIRECTION('',(0.,0.,1.));
#5502=DIRECTION('center_axis',(0.,0.,-1.));
#5503=DIRECTION('ref_axis',(0.999999999991245,4.18456962532902E-6,0.));
#5504=DIRECTION('',(0.,0.,1.));
#5505=DIRECTION('',(0.,0.,1.));
#5506=DIRECTION('center_axis',(0.,-1.,0.));
#5507=DIRECTION('ref_axis',(-1.,0.,0.));
#5508=DIRECTION('',(0.,0.,1.));
#5509=DIRECTION('center_axis',(0.,0.,-1.));
#5510=DIRECTION('ref_axis',(-4.18456966480402E-6,0.999999999991245,0.));
#5511=DIRECTION('',(0.,0.,1.));
#5512=DIRECTION('center_axis',(1.,0.,0.));
#5513=DIRECTION('ref_axis',(0.,-1.,0.));
#5514=DIRECTION('',(0.,0.,1.));
#5515=DIRECTION('center_axis',(0.,0.,-1.));
#5516=DIRECTION('ref_axis',(0.999999999991245,4.18456954638102E-6,0.));
#5517=DIRECTION('',(0.,0.,1.));
#5518=DIRECTION('',(0.,0.,1.));
#5519=DIRECTION('center_axis',(0.,-1.,0.));
#5520=DIRECTION('ref_axis',(-1.,0.,0.));
#5521=DIRECTION('',(0.,0.,1.));
#5522=DIRECTION('center_axis',(0.,0.,-1.));
#5523=DIRECTION('ref_axis',(-4.18456954638102E-6,0.999999999991245,0.));
#5524=DIRECTION('',(0.,0.,1.));
#5525=DIRECTION('center_axis',(1.,0.,0.));
#5526=DIRECTION('ref_axis',(0.,-1.,0.));
#5527=DIRECTION('',(0.,0.,1.));
#5528=DIRECTION('center_axis',(0.,0.,-1.));
#5529=DIRECTION('ref_axis',(0.999999999991245,4.18456954638102E-6,0.));
#5530=DIRECTION('',(0.,0.,1.));
#5531=DIRECTION('',(0.,0.,1.));
#5532=DIRECTION('center_axis',(0.,-1.,0.));
#5533=DIRECTION('ref_axis',(-1.,0.,0.));
#5534=DIRECTION('',(0.,0.,1.));
#5535=DIRECTION('center_axis',(0.,0.,-1.));
#5536=DIRECTION('ref_axis',(-4.18456954638102E-6,0.999999999991245,0.));
#5537=DIRECTION('',(0.,0.,1.));
#5538=DIRECTION('center_axis',(1.,0.,0.));
#5539=DIRECTION('ref_axis',(0.,-1.,0.));
#5540=DIRECTION('',(0.,0.,1.));
#5541=DIRECTION('center_axis',(0.,0.,-1.));
#5542=DIRECTION('ref_axis',(0.999999999991245,4.18456962532902E-6,0.));
#5543=DIRECTION('',(0.,0.,1.));
#5544=DIRECTION('',(0.,0.,1.));
#5545=DIRECTION('center_axis',(0.,-1.,0.));
#5546=DIRECTION('ref_axis',(-1.,0.,0.));
#5547=DIRECTION('',(0.,0.,1.));
#5548=DIRECTION('center_axis',(0.,0.,-1.));
#5549=DIRECTION('ref_axis',(-4.18456954638102E-6,0.999999999991245,0.));
#5550=DIRECTION('',(0.,0.,1.));
#5551=DIRECTION('center_axis',(1.,0.,0.));
#5552=DIRECTION('ref_axis',(0.,-1.,0.));
#5553=DIRECTION('',(0.,0.,1.));
#5554=DIRECTION('center_axis',(0.,0.,-1.));
#5555=DIRECTION('ref_axis',(0.999999999991245,4.18456962532902E-6,0.));
#5556=DIRECTION('',(0.,0.,1.));
#5557=DIRECTION('',(0.,0.,1.));
#5558=DIRECTION('center_axis',(0.,-1.,0.));
#5559=DIRECTION('ref_axis',(-1.,0.,0.));
#5560=DIRECTION('',(0.,0.,1.));
#5561=DIRECTION('center_axis',(0.,0.,-1.));
#5562=DIRECTION('ref_axis',(-4.18456966480402E-6,0.999999999991245,0.));
#5563=DIRECTION('',(0.,0.,1.));
#5564=DIRECTION('center_axis',(1.,0.,0.));
#5565=DIRECTION('ref_axis',(0.,-1.,0.));
#5566=DIRECTION('',(0.,0.,1.));
#5567=DIRECTION('center_axis',(0.,0.,-1.));
#5568=DIRECTION('ref_axis',(0.999999999991245,4.18456954638102E-6,0.));
#5569=DIRECTION('',(0.,0.,1.));
#5570=DIRECTION('',(0.,0.,1.));
#5571=DIRECTION('center_axis',(0.,-1.,0.));
#5572=DIRECTION('ref_axis',(-1.,0.,0.));
#5573=DIRECTION('',(0.,0.,1.));
#5574=DIRECTION('center_axis',(0.,0.,-1.));
#5575=DIRECTION('ref_axis',(-4.18456954638102E-6,0.999999999991245,0.));
#5576=DIRECTION('',(0.,0.,1.));
#5577=DIRECTION('center_axis',(1.,0.,0.));
#5578=DIRECTION('ref_axis',(0.,-1.,0.));
#5579=DIRECTION('',(0.,0.,1.));
#5580=DIRECTION('center_axis',(0.,0.,-1.));
#5581=DIRECTION('ref_axis',(0.999999999991245,4.18456962533003E-6,0.));
#5582=DIRECTION('',(0.,0.,1.));
#5583=DIRECTION('',(0.,0.,1.));
#5584=DIRECTION('center_axis',(0.,-1.,0.));
#5585=DIRECTION('ref_axis',(-1.,0.,0.));
#5586=DIRECTION('',(0.,0.,1.));
#5587=DIRECTION('center_axis',(0.,0.,-1.));
#5588=DIRECTION('ref_axis',(-4.18456954638102E-6,0.999999999991245,0.));
#5589=DIRECTION('',(0.,0.,1.));
#5590=DIRECTION('center_axis',(1.,0.,0.));
#5591=DIRECTION('ref_axis',(0.,-1.,0.));
#5592=DIRECTION('',(0.,0.,1.));
#5593=DIRECTION('center_axis',(0.,0.,-1.));
#5594=DIRECTION('ref_axis',(0.999999999991245,4.18456962533003E-6,0.));
#5595=DIRECTION('',(0.,0.,1.));
#5596=DIRECTION('',(0.,0.,1.));
#5597=DIRECTION('center_axis',(0.,-1.,0.));
#5598=DIRECTION('ref_axis',(-1.,0.,0.));
#5599=DIRECTION('',(0.,0.,1.));
#5600=DIRECTION('center_axis',(0.,0.,-1.));
#5601=DIRECTION('ref_axis',(-4.18456958585502E-6,0.999999999991245,0.));
#5602=DIRECTION('',(0.,0.,1.));
#5603=DIRECTION('center_axis',(1.,0.,0.));
#5604=DIRECTION('ref_axis',(0.,-1.,0.));
#5605=DIRECTION('',(0.,0.,1.));
#5606=DIRECTION('center_axis',(0.,0.,-1.));
#5607=DIRECTION('ref_axis',(0.999999999991245,4.18456962532902E-6,0.));
#5608=DIRECTION('',(0.,0.,1.));
#5609=DIRECTION('',(0.,0.,1.));
#5610=DIRECTION('center_axis',(0.,-1.,0.));
#5611=DIRECTION('ref_axis',(-1.,0.,0.));
#5612=DIRECTION('',(0.,0.,1.));
#5613=DIRECTION('center_axis',(0.,0.,-1.));
#5614=DIRECTION('ref_axis',(-4.18456966480402E-6,0.999999999991245,0.));
#5615=DIRECTION('',(0.,0.,1.));
#5616=DIRECTION('center_axis',(1.,0.,0.));
#5617=DIRECTION('ref_axis',(0.,-1.,0.));
#5618=DIRECTION('',(0.,0.,1.));
#5619=DIRECTION('center_axis',(0.,0.,-1.));
#5620=DIRECTION('ref_axis',(0.999999999991245,4.18456962532902E-6,0.));
#5621=DIRECTION('',(0.,0.,1.));
#5622=DIRECTION('',(0.,0.,1.));
#5623=DIRECTION('center_axis',(0.,-1.,0.));
#5624=DIRECTION('ref_axis',(-1.,0.,0.));
#5625=DIRECTION('',(0.,0.,1.));
#5626=DIRECTION('center_axis',(0.,0.,-1.));
#5627=DIRECTION('ref_axis',(-4.18456966480402E-6,0.999999999991245,0.));
#5628=DIRECTION('',(0.,0.,1.));
#5629=DIRECTION('center_axis',(1.,0.,0.));
#5630=DIRECTION('ref_axis',(0.,-1.,0.));
#5631=DIRECTION('',(0.,0.,1.));
#5632=DIRECTION('center_axis',(0.,0.,-1.));
#5633=DIRECTION('ref_axis',(0.999999999991245,4.18456962533003E-6,0.));
#5634=DIRECTION('',(0.,0.,1.));
#5635=DIRECTION('',(0.,0.,1.));
#5636=DIRECTION('center_axis',(0.,-1.,0.));
#5637=DIRECTION('ref_axis',(-1.,0.,0.));
#5638=DIRECTION('',(0.,0.,1.));
#5639=DIRECTION('center_axis',(0.,0.,-1.));
#5640=DIRECTION('ref_axis',(-4.18456958585502E-6,0.999999999991245,0.));
#5641=DIRECTION('',(0.,0.,1.));
#5642=DIRECTION('center_axis',(1.,0.,0.));
#5643=DIRECTION('ref_axis',(0.,-1.,0.));
#5644=DIRECTION('',(0.,0.,1.));
#5645=DIRECTION('center_axis',(0.,0.,-1.));
#5646=DIRECTION('ref_axis',(0.999999999991245,4.18456962533003E-6,0.));
#5647=DIRECTION('',(0.,0.,1.));
#5648=DIRECTION('',(0.,0.,1.));
#5649=DIRECTION('center_axis',(0.,-1.,0.));
#5650=DIRECTION('ref_axis',(-1.,0.,0.));
#5651=DIRECTION('',(0.,0.,1.));
#5652=DIRECTION('center_axis',(0.,0.,-1.));
#5653=DIRECTION('ref_axis',(-4.18456958585502E-6,0.999999999991245,0.));
#5654=DIRECTION('',(0.,0.,1.));
#5655=DIRECTION('center_axis',(1.,0.,0.));
#5656=DIRECTION('ref_axis',(0.,-1.,0.));
#5657=DIRECTION('',(0.,0.,1.));
#5658=DIRECTION('center_axis',(0.,0.,-1.));
#5659=DIRECTION('ref_axis',(7.47075720742792E-7,-0.999999999999721,0.));
#5660=DIRECTION('',(0.,0.,1.));
#5661=DIRECTION('',(0.,0.,1.));
#5662=DIRECTION('center_axis',(-1.,0.,0.));
#5663=DIRECTION('ref_axis',(0.,1.,0.));
#5664=DIRECTION('',(0.,0.,1.));
#5665=DIRECTION('center_axis',(0.,0.,-1.));
#5666=DIRECTION('ref_axis',(-0.999999999999721,-7.47075720742792E-7,0.));
#5667=DIRECTION('',(0.,0.,1.));
#5668=DIRECTION('center_axis',(0.,1.,0.));
#5669=DIRECTION('ref_axis',(1.,0.,0.));
#5670=DIRECTION('',(0.,0.,1.));
#5671=DIRECTION('center_axis',(0.,0.,-1.));
#5672=DIRECTION('ref_axis',(-7.47075720742792E-7,-0.999999999999721,0.));
#5673=DIRECTION('',(0.,0.,1.));
#5674=DIRECTION('center_axis',(-1.,0.,0.));
#5675=DIRECTION('ref_axis',(0.,1.,0.));
#5676=DIRECTION('',(0.,0.,1.));
#5677=DIRECTION('center_axis',(0.,0.,-1.));
#5678=DIRECTION('ref_axis',(-0.999999999999721,-7.47075720742792E-7,0.));
#5679=DIRECTION('',(0.,0.,1.));
#5680=DIRECTION('center_axis',(0.,1.,0.));
#5681=DIRECTION('ref_axis',(1.,0.,0.));
#5682=DIRECTION('',(0.,0.,1.));
#5683=DIRECTION('center_axis',(0.,0.,-1.));
#5684=DIRECTION('ref_axis',(-7.47075734953692E-7,-0.999999999999721,0.));
#5685=DIRECTION('',(0.,0.,1.));
#5686=DIRECTION('center_axis',(-1.,0.,0.));
#5687=DIRECTION('ref_axis',(0.,1.,0.));
#5688=DIRECTION('',(0.,0.,1.));
#5689=DIRECTION('center_axis',(0.,0.,-1.));
#5690=DIRECTION('ref_axis',(-0.999999999999721,-7.47075734953692E-7,0.));
#5691=DIRECTION('',(0.,0.,1.));
#5692=DIRECTION('center_axis',(0.,1.,0.));
#5693=DIRECTION('ref_axis',(1.,0.,0.));
#5694=DIRECTION('',(0.,0.,1.));
#5695=DIRECTION('center_axis',(0.,0.,-1.));
#5696=DIRECTION('ref_axis',(2.66713913420018E-6,-0.999999999996443,0.));
#5697=DIRECTION('',(0.,0.,1.));
#5698=DIRECTION('center_axis',(0.,0.,-1.));
#5699=DIRECTION('ref_axis',(-0.999999999996443,2.66713916262218E-6,0.));
#5700=DIRECTION('',(0.,0.,1.));
#5701=DIRECTION('center_axis',(0.,1.,0.));
#5702=DIRECTION('ref_axis',(1.,0.,0.));
#5703=DIRECTION('',(0.,0.,1.));
#5704=DIRECTION('center_axis',(0.,0.,-1.));
#5705=DIRECTION('ref_axis',(-7.47075763375392E-7,0.999999999999721,0.));
#5706=DIRECTION('',(0.,0.,1.));
#5707=DIRECTION('center_axis',(1.,0.,0.));
#5708=DIRECTION('ref_axis',(0.,-1.,0.));
#5709=DIRECTION('',(0.,0.,1.));
#5710=DIRECTION('center_axis',(0.,0.,-1.));
#5711=DIRECTION('ref_axis',(-0.999999999999721,7.47075756269992E-7,0.));
#5712=DIRECTION('',(0.,0.,1.));
#5713=DIRECTION('center_axis',(0.,1.,0.));
#5714=DIRECTION('ref_axis',(1.,0.,0.));
#5715=DIRECTION('',(0.,0.,1.));
#5716=DIRECTION('center_axis',(0.,0.,-1.));
#5717=DIRECTION('ref_axis',(-7.47075763375392E-7,0.999999999999721,0.));
#5718=DIRECTION('',(0.,0.,1.));
#5719=DIRECTION('center_axis',(1.,0.,0.));
#5720=DIRECTION('ref_axis',(0.,-1.,0.));
#5721=DIRECTION('',(0.,0.,1.));
#5722=DIRECTION('center_axis',(0.,0.,-1.));
#5723=DIRECTION('ref_axis',(-0.999999999999721,7.47075756269992E-7,0.));
#5724=DIRECTION('',(0.,0.,1.));
#5725=DIRECTION('center_axis',(0.,1.,0.));
#5726=DIRECTION('ref_axis',(1.,0.,0.));
#5727=DIRECTION('',(0.,0.,1.));
#5728=DIRECTION('center_axis',(0.,0.,-1.));
#5729=DIRECTION('ref_axis',(1.,0.,0.));
#5730=DIRECTION('',(0.,0.,-1.));
#5731=DIRECTION('center_axis',(-1.,0.,0.));
#5732=DIRECTION('ref_axis',(0.,1.,0.));
#5733=DIRECTION('',(0.,0.,-1.));
#5734=DIRECTION('center_axis',(0.,0.,-1.));
#5735=DIRECTION('ref_axis',(-0.999999999991245,-4.18456954638102E-6,0.));
#5736=DIRECTION('',(0.,0.,1.));
#5737=DIRECTION('center_axis',(0.,0.,-1.));
#5738=DIRECTION('ref_axis',(-0.999999999991245,-4.18456954638102E-6,0.));
#5739=DIRECTION('',(0.,0.,1.));
#5740=DIRECTION('center_axis',(0.,0.,-1.));
#5741=DIRECTION('ref_axis',(-0.999999999991245,-4.18456954638102E-6,0.));
#5742=DIRECTION('',(0.,0.,1.));
#5743=DIRECTION('center_axis',(0.,0.,-1.));
#5744=DIRECTION('ref_axis',(-0.999999999991245,-4.18456962532902E-6,0.));
#5745=DIRECTION('',(0.,0.,1.));
#5746=DIRECTION('center_axis',(0.,0.,-1.));
#5747=DIRECTION('ref_axis',(-0.999999999991245,-4.18456962532902E-6,0.));
#5748=DIRECTION('',(0.,0.,1.));
#5749=DIRECTION('center_axis',(0.,0.,-1.));
#5750=DIRECTION('ref_axis',(-0.866029826033252,0.499992340362145,0.));
#5751=DIRECTION('',(0.,0.,1.));
#5752=DIRECTION('center_axis',(0.,0.,-1.));
#5753=DIRECTION('ref_axis',(-0.965925455474625,0.258820428996899,0.));
#5754=DIRECTION('',(0.,0.,1.));
#5755=DIRECTION('center_axis',(0.,0.,-1.));
#5756=DIRECTION('ref_axis',(-0.999999999991245,-4.18456962532902E-6,0.));
#5757=DIRECTION('',(0.,0.,1.));
#5758=DIRECTION('center_axis',(0.,0.,-1.));
#5759=DIRECTION('ref_axis',(-0.999999999991245,-4.18456962532902E-6,0.));
#5760=DIRECTION('',(0.,0.,1.));
#5761=DIRECTION('center_axis',(0.,0.,-1.));
#5762=DIRECTION('ref_axis',(-0.999999999991245,-4.18456954638102E-6,0.));
#5763=DIRECTION('',(0.,0.,1.));
#5764=DIRECTION('center_axis',(0.,0.,-1.));
#5765=DIRECTION('ref_axis',(-0.999999999991245,-4.18456954638102E-6,0.));
#5766=DIRECTION('',(0.,0.,1.));
#5767=DIRECTION('center_axis',(0.,0.,-1.));
#5768=DIRECTION('ref_axis',(-0.999999999991245,-4.18456954638102E-6,0.));
#5769=DIRECTION('',(0.,0.,1.));
#5770=DIRECTION('center_axis',(0.,0.,-1.));
#5771=DIRECTION('ref_axis',(-0.999999999991245,-4.18456962532902E-6,0.));
#5772=DIRECTION('',(0.,0.,1.));
#5773=DIRECTION('center_axis',(0.,0.,-1.));
#5774=DIRECTION('ref_axis',(-0.999999999991245,-4.18456954638102E-6,0.));
#5775=DIRECTION('',(0.,0.,1.));
#5776=DIRECTION('center_axis',(0.,0.,-1.));
#5777=DIRECTION('ref_axis',(-0.999999999991245,-4.18456954638102E-6,0.));
#5778=DIRECTION('',(0.,0.,1.));
#5779=DIRECTION('center_axis',(0.,0.,-1.));
#5780=DIRECTION('ref_axis',(-0.999999999991245,-4.18456962532902E-6,0.));
#5781=DIRECTION('',(0.,0.,1.));
#5782=DIRECTION('center_axis',(0.,0.,-1.));
#5783=DIRECTION('ref_axis',(-0.999999999991245,-4.18456962532902E-6,0.));
#5784=DIRECTION('',(0.,0.,1.));
#5785=DIRECTION('center_axis',(0.,0.,-1.));
#5786=DIRECTION('ref_axis',(-0.999999999991245,-4.18456962532902E-6,0.));
#5787=DIRECTION('',(0.,0.,1.));
#5788=DIRECTION('center_axis',(0.,0.,-1.));
#5789=DIRECTION('ref_axis',(-0.999999999991245,-4.18456962532902E-6,0.));
#5790=DIRECTION('',(0.,0.,1.));
#5791=DIRECTION('center_axis',(0.,0.,-1.));
#5792=DIRECTION('ref_axis',(-0.999999999991245,-4.18456962532902E-6,0.));
#5793=DIRECTION('',(0.,0.,1.));
#5794=DIRECTION('center_axis',(0.,0.,-1.));
#5795=DIRECTION('ref_axis',(-1.,-1.77635683940023E-14,0.));
#5796=DIRECTION('',(0.,0.,-1.));
#5797=DIRECTION('center_axis',(0.,-1.,0.));
#5798=DIRECTION('ref_axis',(-1.,0.,0.));
#5799=DIRECTION('',(0.,0.,1.));
#5800=DIRECTION('center_axis',(0.,0.,-1.));
#5801=DIRECTION('ref_axis',(-0.999999999954571,-9.53191246374591E-6,0.));
#5802=DIRECTION('center_axis',(0.,-1.,0.));
#5803=DIRECTION('ref_axis',(-1.,0.,0.));
#5804=DIRECTION('',(0.,0.,1.));
#5805=DIRECTION('center_axis',(0.,0.,-1.));
#5806=DIRECTION('ref_axis',(0.999999999999721,-7.47075720742792E-7,0.));
#5807=DIRECTION('',(0.,0.,1.));
#5808=DIRECTION('center_axis',(0.866025417703149,-0.499999975892086,0.));
#5809=DIRECTION('ref_axis',(-0.499999975892086,-0.866025417703149,0.));
#5810=DIRECTION('center_axis',(-1.,0.,0.));
#5811=DIRECTION('ref_axis',(0.,1.,0.));
#5812=DIRECTION('',(0.,0.,1.));
#5813=DIRECTION('center_axis',(0.,0.,-1.));
#5814=DIRECTION('ref_axis',(7.47075720742792E-7,-0.999999999999721,0.));
#5815=DIRECTION('',(0.,0.,1.));
#5816=DIRECTION('center_axis',(0.,-1.,0.));
#5817=DIRECTION('ref_axis',(-1.,0.,0.));
#5818=DIRECTION('',(0.,0.,1.));
#5819=DIRECTION('center_axis',(0.,0.,-1.));
#5820=DIRECTION('ref_axis',(0.850265194654512,0.526354537131698,0.));
#5821=DIRECTION('',(0.,0.,1.));
#5822=DIRECTION('center_axis',(-0.850265062551297,-0.526354750529184,0.));
#5823=DIRECTION('ref_axis',(-0.526354750529184,0.850265062551297,0.));
#5824=DIRECTION('',(0.,0.,1.));
#5825=DIRECTION('center_axis',(0.,0.,-1.));
#5826=DIRECTION('ref_axis',(-0.180383981684039,-0.983596268370215,0.));
#5827=DIRECTION('',(0.,0.,1.));
#5828=DIRECTION('center_axis',(-0.499999990982743,-0.866025408990554,0.));
#5829=DIRECTION('ref_axis',(-0.866025408990554,0.499999990982743,0.));
#5830=DIRECTION('',(0.,0.,1.));
#5831=DIRECTION('center_axis',(-0.163906215111924,-0.986475926035544,0.));
#5832=DIRECTION('ref_axis',(-0.986475926035544,0.163906215111924,0.));
#5833=DIRECTION('center_axis',(0.,0.,-1.));
#5834=DIRECTION('ref_axis',(0.,-1.,0.));
#5835=DIRECTION('',(0.,0.,-1.));
#5836=DIRECTION('center_axis',(-1.,0.,0.));
#5837=DIRECTION('ref_axis',(0.,1.,0.));
#5838=DIRECTION('',(0.,0.,1.));
#5839=DIRECTION('center_axis',(0.,1.,0.));
#5840=DIRECTION('ref_axis',(1.,0.,0.));
#5841=DIRECTION('',(0.,0.,1.));
#5842=DIRECTION('center_axis',(0.,0.,-1.));
#5843=DIRECTION('ref_axis',(4.18456954638102E-6,-0.999999999991245,0.));
#5844=DIRECTION('center_axis',(-1.,0.,0.));
#5845=DIRECTION('ref_axis',(0.,1.,0.));
#5846=DIRECTION('',(0.,0.,1.));
#5847=DIRECTION('center_axis',(0.,1.,0.));
#5848=DIRECTION('ref_axis',(1.,0.,0.));
#5849=DIRECTION('',(0.,0.,1.));
#5850=DIRECTION('center_axis',(0.,0.,-1.));
#5851=DIRECTION('ref_axis',(4.18456954638102E-6,-0.999999999991245,0.));
#5852=DIRECTION('center_axis',(0.,0.,-1.));
#5853=DIRECTION('ref_axis',(0.,-1.,0.));
#5854=DIRECTION('',(0.,0.,-1.));
#5855=DIRECTION('center_axis',(-1.,0.,0.));
#5856=DIRECTION('ref_axis',(0.,1.,0.));
#5857=DIRECTION('',(0.,0.,1.));
#5858=DIRECTION('center_axis',(0.,1.,0.));
#5859=DIRECTION('ref_axis',(1.,0.,0.));
#5860=DIRECTION('',(0.,0.,1.));
#5861=DIRECTION('center_axis',(0.,0.,-1.));
#5862=DIRECTION('ref_axis',(4.18456966480402E-6,-0.999999999991245,0.));
#5863=DIRECTION('center_axis',(-1.,0.,0.));
#5864=DIRECTION('ref_axis',(0.,1.,0.));
#5865=DIRECTION('',(0.,0.,1.));
#5866=DIRECTION('center_axis',(0.,1.,0.));
#5867=DIRECTION('ref_axis',(1.,0.,0.));
#5868=DIRECTION('',(0.,0.,1.));
#5869=DIRECTION('center_axis',(0.,0.,-1.));
#5870=DIRECTION('ref_axis',(4.18456966480402E-6,-0.999999999991245,0.));
#5871=DIRECTION('center_axis',(-1.,0.,0.));
#5872=DIRECTION('ref_axis',(0.,1.,0.));
#5873=DIRECTION('',(0.,0.,1.));
#5874=DIRECTION('center_axis',(0.,1.,0.));
#5875=DIRECTION('ref_axis',(1.,0.,0.));
#5876=DIRECTION('',(0.,0.,1.));
#5877=DIRECTION('center_axis',(0.,0.,-1.));
#5878=DIRECTION('ref_axis',(4.18456966480402E-6,-0.999999999991245,0.));
#5879=DIRECTION('center_axis',(-0.866025415789895,0.499999979205939,0.));
#5880=DIRECTION('ref_axis',(0.499999979205939,0.866025415789895,0.));
#5881=DIRECTION('',(0.,0.,1.));
#5882=DIRECTION('center_axis',(0.499999979205939,0.866025415789895,0.));
#5883=DIRECTION('ref_axis',(0.866025415789895,-0.499999979205939,0.));
#5884=DIRECTION('',(0.,0.,1.));
#5885=DIRECTION('center_axis',(0.,0.,-1.));
#5886=DIRECTION('ref_axis',(-0.499992340362145,-0.866029826033252,0.));
#5887=DIRECTION('center_axis',(-0.965925824899082,0.258819050290022,0.));
#5888=DIRECTION('ref_axis',(0.258819050290022,0.965925824899082,0.));
#5889=DIRECTION('',(0.,0.,1.));
#5890=DIRECTION('center_axis',(0.258819050290022,0.965925824899082,0.));
#5891=DIRECTION('ref_axis',(0.965925824899082,-0.258819050290022,0.));
#5892=DIRECTION('',(0.,0.,1.));
#5893=DIRECTION('center_axis',(0.,0.,-1.));
#5894=DIRECTION('ref_axis',(-0.258820428996899,-0.965925455474625,0.));
#5895=DIRECTION('center_axis',(-1.,0.,0.));
#5896=DIRECTION('ref_axis',(0.,1.,0.));
#5897=DIRECTION('',(0.,0.,1.));
#5898=DIRECTION('center_axis',(0.,1.,0.));
#5899=DIRECTION('ref_axis',(1.,0.,0.));
#5900=DIRECTION('',(0.,0.,1.));
#5901=DIRECTION('center_axis',(0.,0.,-1.));
#5902=DIRECTION('ref_axis',(4.18456966480402E-6,-0.999999999991245,0.));
#5903=DIRECTION('center_axis',(0.,0.,-1.));
#5904=DIRECTION('ref_axis',(0.,-1.,0.));
#5905=DIRECTION('',(0.,0.,-1.));
#5906=DIRECTION('center_axis',(-1.,0.,0.));
#5907=DIRECTION('ref_axis',(0.,1.,0.));
#5908=DIRECTION('',(0.,0.,1.));
#5909=DIRECTION('center_axis',(0.,1.,0.));
#5910=DIRECTION('ref_axis',(1.,0.,0.));
#5911=DIRECTION('',(0.,0.,1.));
#5912=DIRECTION('center_axis',(0.,0.,-1.));
#5913=DIRECTION('ref_axis',(4.18456966480402E-6,-0.999999999991245,0.));
#5914=DIRECTION('center_axis',(-1.,0.,0.));
#5915=DIRECTION('ref_axis',(0.,1.,0.));
#5916=DIRECTION('',(0.,0.,1.));
#5917=DIRECTION('center_axis',(0.,1.,0.));
#5918=DIRECTION('ref_axis',(1.,0.,0.));
#5919=DIRECTION('',(0.,0.,1.));
#5920=DIRECTION('center_axis',(0.,0.,-1.));
#5921=DIRECTION('ref_axis',(4.18456954638102E-6,-0.999999999991245,0.));
#5922=DIRECTION('center_axis',(-1.,0.,0.));
#5923=DIRECTION('ref_axis',(0.,1.,0.));
#5924=DIRECTION('',(0.,0.,1.));
#5925=DIRECTION('center_axis',(0.,1.,0.));
#5926=DIRECTION('ref_axis',(1.,0.,0.));
#5927=DIRECTION('',(0.,0.,1.));
#5928=DIRECTION('center_axis',(0.,0.,-1.));
#5929=DIRECTION('ref_axis',(4.18456954638102E-6,-0.999999999991245,0.));
#5930=DIRECTION('center_axis',(-1.,0.,0.));
#5931=DIRECTION('ref_axis',(0.,1.,0.));
#5932=DIRECTION('',(0.,0.,1.));
#5933=DIRECTION('center_axis',(0.,1.,0.));
#5934=DIRECTION('ref_axis',(1.,0.,0.));
#5935=DIRECTION('',(0.,0.,1.));
#5936=DIRECTION('center_axis',(0.,0.,-1.));
#5937=DIRECTION('ref_axis',(4.18456966480402E-6,-0.999999999991245,0.));
#5938=DIRECTION('center_axis',(-1.,0.,0.));
#5939=DIRECTION('ref_axis',(0.,1.,0.));
#5940=DIRECTION('',(0.,0.,1.));
#5941=DIRECTION('center_axis',(0.,1.,0.));
#5942=DIRECTION('ref_axis',(1.,0.,0.));
#5943=DIRECTION('',(0.,0.,1.));
#5944=DIRECTION('center_axis',(0.,0.,-1.));
#5945=DIRECTION('ref_axis',(4.18456966480402E-6,-0.999999999991245,0.));
#5946=DIRECTION('center_axis',(-1.,0.,0.));
#5947=DIRECTION('ref_axis',(0.,1.,0.));
#5948=DIRECTION('',(0.,0.,1.));
#5949=DIRECTION('center_axis',(0.,1.,0.));
#5950=DIRECTION('ref_axis',(1.,0.,0.));
#5951=DIRECTION('',(0.,0.,1.));
#5952=DIRECTION('center_axis',(0.,0.,-1.));
#5953=DIRECTION('ref_axis',(4.18456954638102E-6,-0.999999999991245,0.));
#5954=DIRECTION('center_axis',(-1.,0.,0.));
#5955=DIRECTION('ref_axis',(0.,1.,0.));
#5956=DIRECTION('',(0.,0.,1.));
#5957=DIRECTION('center_axis',(0.,1.,0.));
#5958=DIRECTION('ref_axis',(1.,0.,0.));
#5959=DIRECTION('',(0.,0.,1.));
#5960=DIRECTION('center_axis',(0.,0.,-1.));
#5961=DIRECTION('ref_axis',(4.18456966480402E-6,-0.999999999991245,0.));
#5962=DIRECTION('center_axis',(0.,0.,-1.));
#5963=DIRECTION('ref_axis',(0.,-1.,0.));
#5964=DIRECTION('',(0.,0.,-1.));
#5965=DIRECTION('center_axis',(-1.,0.,0.));
#5966=DIRECTION('ref_axis',(0.,1.,0.));
#5967=DIRECTION('',(0.,0.,1.));
#5968=DIRECTION('center_axis',(0.,1.,0.));
#5969=DIRECTION('ref_axis',(1.,0.,0.));
#5970=DIRECTION('',(0.,0.,1.));
#5971=DIRECTION('center_axis',(0.,0.,-1.));
#5972=DIRECTION('ref_axis',(4.18456966480402E-6,-0.999999999991245,0.));
#5973=DIRECTION('center_axis',(-1.,0.,0.));
#5974=DIRECTION('ref_axis',(0.,1.,0.));
#5975=DIRECTION('',(0.,0.,1.));
#5976=DIRECTION('center_axis',(0.,1.,0.));
#5977=DIRECTION('ref_axis',(1.,0.,0.));
#5978=DIRECTION('',(0.,0.,1.));
#5979=DIRECTION('center_axis',(0.,0.,-1.));
#5980=DIRECTION('ref_axis',(4.18456966480402E-6,-0.999999999991245,0.));
#5981=DIRECTION('center_axis',(-1.,0.,0.));
#5982=DIRECTION('ref_axis',(0.,1.,0.));
#5983=DIRECTION('',(0.,0.,1.));
#5984=DIRECTION('center_axis',(0.,1.,0.));
#5985=DIRECTION('ref_axis',(1.,0.,0.));
#5986=DIRECTION('',(0.,0.,1.));
#5987=DIRECTION('center_axis',(0.,0.,-1.));
#5988=DIRECTION('ref_axis',(4.18456966480402E-6,-0.999999999991245,0.));
#5989=DIRECTION('center_axis',(-1.,0.,0.));
#5990=DIRECTION('ref_axis',(0.,1.,0.));
#5991=DIRECTION('',(0.,0.,1.));
#5992=DIRECTION('center_axis',(0.,1.,0.));
#5993=DIRECTION('ref_axis',(1.,0.,0.));
#5994=DIRECTION('',(0.,0.,1.));
#5995=DIRECTION('center_axis',(0.,0.,-1.));
#5996=DIRECTION('ref_axis',(4.18456966480402E-6,-0.999999999991245,0.));
#5997=DIRECTION('center_axis',(0.,0.,-1.));
#5998=DIRECTION('ref_axis',(0.,-1.,0.));
#5999=DIRECTION('',(0.,0.,-1.));
#6000=DIRECTION('center_axis',(-1.,0.,0.));
#6001=DIRECTION('ref_axis',(0.,1.,0.));
#6002=DIRECTION('',(0.,0.,1.));
#6003=DIRECTION('center_axis',(0.,1.,0.));
#6004=DIRECTION('ref_axis',(1.,0.,0.));
#6005=DIRECTION('',(0.,0.,1.));
#6006=DIRECTION('center_axis',(0.,0.,-1.));
#6007=DIRECTION('ref_axis',(4.18456966480402E-6,-0.999999999991245,0.));
#6008=DIRECTION('',(0.,0.,1.));
#6009=DIRECTION('',(1.,0.,0.));
#6010=CARTESIAN_POINT('',(0.,0.,0.));
#6011=CARTESIAN_POINT('',(0.,0.,0.));
#6012=CARTESIAN_POINT('Origin',(212.758973835251,-113.679010566402,1.2));
#6013=CARTESIAN_POINT('',(213.258973806106,-112.812985145791,0.));
#6014=CARTESIAN_POINT('',(213.624999244242,-114.179010557385,0.));
#6015=CARTESIAN_POINT('Origin',(212.758973835251,-113.679010566402,0.));
#6016=CARTESIAN_POINT('',(213.258973806106,-112.812985145791,1.2));
#6017=CARTESIAN_POINT('',(213.258973806085,-112.812985145826,1.2));
#6018=CARTESIAN_POINT('',(213.624999244242,-114.179010557385,1.2));
#6019=CARTESIAN_POINT('Origin',(212.758973835251,-113.679010566402,1.2));
#6020=CARTESIAN_POINT('',(213.624999244242,-114.179010557385,1.2));
#6021=CARTESIAN_POINT('Origin',(208.624999781096,-122.839263873616,1.2));
#6022=CARTESIAN_POINT('',(208.625,-122.839264,0.));
#6023=CARTESIAN_POINT('',(209.142356203499,-121.943176242844,0.));
#6024=CARTESIAN_POINT('',(208.624999999973,-122.839263999985,1.2));
#6025=CARTESIAN_POINT('',(206.022382441419,-127.347129446994,1.2));
#6026=CARTESIAN_POINT('',(208.625,-122.839264,0.));
#6027=CARTESIAN_POINT('Origin',(196.875006444672,-143.190849810275,1.2));
#6028=CARTESIAN_POINT('',(199.375,-138.860735,0.));
#6029=CARTESIAN_POINT('',(196.875006444672,-143.190849810275,0.));
#6030=CARTESIAN_POINT('',(203.267359535287,-132.118969211174,0.));
#6031=CARTESIAN_POINT('',(199.374999999969,-138.860734999982,1.2));
#6032=CARTESIAN_POINT('',(199.375,-138.860735,0.));
#6033=CARTESIAN_POINT('',(196.875006444672,-143.190849810275,1.2));
#6034=CARTESIAN_POINT('',(200.147385773206,-137.522922415323,1.2));
#6035=CARTESIAN_POINT('',(196.875006444672,-143.190849810275,1.2));
#6036=CARTESIAN_POINT('Origin',(196.008981035681,-142.690849819292,1.2));
#6037=CARTESIAN_POINT('',(195.508981044698,-143.556875228283,0.));
#6038=CARTESIAN_POINT('Origin',(196.008981035681,-142.690849819292,0.));
#6039=CARTESIAN_POINT('',(195.508981044698,-143.556875228283,1.2));
#6040=CARTESIAN_POINT('Origin',(196.008981035681,-142.690849819292,1.2));
#6041=CARTESIAN_POINT('',(195.508981044699,-143.556875228283,1.2));
#6042=CARTESIAN_POINT('Origin',(210.5,-111.220091,0.));
#6043=CARTESIAN_POINT('',(210.5,-111.220091,0.));
#6044=CARTESIAN_POINT('',(210.5,-111.220091,0.));
#6045=CARTESIAN_POINT('',(210.500000000022,-111.220090999962,1.2));
#6046=CARTESIAN_POINT('',(210.5,-111.220091,0.));
#6047=CARTESIAN_POINT('',(185.565676772462,-96.8242538914047,1.2));
#6048=CARTESIAN_POINT('Origin',(149.926120548647,-100.970425680362,1.2));
#6049=CARTESIAN_POINT('',(208.124783608616,-108.,1.2));
#6050=CARTESIAN_POINT('Origin',(213.00008251737,-106.8899163396,1.2));
#6051=CARTESIAN_POINT('',(187.500000000011,-108.,1.2));
#6052=CARTESIAN_POINT('',(179.025452078631,-108.,1.2));
#6053=CARTESIAN_POINT('',(186.500000000011,-107.,1.2));
#6054=CARTESIAN_POINT('Origin',(187.500000000011,-107.,1.2));
#6055=CARTESIAN_POINT('',(186.499994535001,-58.4999986924231,1.2));
#6056=CARTESIAN_POINT('',(186.500000000011,-103.985212840181,1.2));
#6057=CARTESIAN_POINT('',(185.999995842576,-57.9999999999982,1.2));
#6058=CARTESIAN_POINT('Origin',(185.999995842576,-58.4999986924231,1.2));
#6059=CARTESIAN_POINT('',(173.25,-57.9999999999947,1.2));
#6060=CARTESIAN_POINT('',(161.588060274323,-58.,1.2));
#6061=CARTESIAN_POINT('',(172.249999999995,-57.,1.2));
#6062=CARTESIAN_POINT('Origin',(173.24999925292,-57.00000074707,1.2));
#6063=CARTESIAN_POINT('',(172.25,-56.5,1.2));
#6064=CARTESIAN_POINT('',(172.25,-78.7352128401811,1.2));
#6065=CARTESIAN_POINT('',(171.25,-55.4999999999953,1.2));
#6066=CARTESIAN_POINT('Origin',(171.25000074707,-56.49999925292,1.2));
#6067=CARTESIAN_POINT('',(153.,-55.4999999999947,1.2));
#6068=CARTESIAN_POINT('',(151.463060274323,-55.5,1.2));
#6069=CARTESIAN_POINT('',(151.999999999995,-54.5,1.2));
#6070=CARTESIAN_POINT('Origin',(152.99999925292,-54.50000074707,1.2));
#6071=CARTESIAN_POINT('',(152.,-54.,1.2));
#6072=CARTESIAN_POINT('',(152.,-77.4852128401811,1.2));
#6073=CARTESIAN_POINT('',(151.,-52.9999999999953,1.2));
#6074=CARTESIAN_POINT('Origin',(151.00000074707,-53.99999925292,1.2));
#6075=CARTESIAN_POINT('',(131.5,-53.,1.2));
#6076=CARTESIAN_POINT('',(140.713060274323,-53.,1.2));
#6077=CARTESIAN_POINT('',(130.999999999993,-53.5,1.2));
#6078=CARTESIAN_POINT('Origin',(131.50000133357,-53.50000133357,1.2));
#6079=CARTESIAN_POINT('',(130.5,-53.9999999999932,1.2));
#6080=CARTESIAN_POINT('Origin',(130.49999866642,-53.49999866642,1.2));
#6081=CARTESIAN_POINT('',(110.25,-54.,1.2));
#6082=CARTESIAN_POINT('',(130.088060274323,-54.,1.2));
#6083=CARTESIAN_POINT('',(109.249999999995,-55.,1.2));
#6084=CARTESIAN_POINT('Origin',(110.24999925292,-54.99999925292,1.2));
#6085=CARTESIAN_POINT('',(109.249999999995,-63.,1.2));
#6086=CARTESIAN_POINT('',(109.25,-81.9852128401811,1.2));
#6087=CARTESIAN_POINT('',(108.25,-63.9999999999947,1.2));
#6088=CARTESIAN_POINT('Origin',(108.25000074707,-63.00000074707,1.2));
#6089=CARTESIAN_POINT('',(96.,-64.,1.2));
#6090=CARTESIAN_POINT('',(122.963060274323,-64.,1.2));
#6091=CARTESIAN_POINT('',(95.0000000000003,-65.,1.2));
#6092=CARTESIAN_POINT('Origin',(95.999999252925,-64.99999925292,1.2));
#6093=CARTESIAN_POINT('',(94.9999999999997,-76.,1.2));
#6094=CARTESIAN_POINT('',(95.,-88.4852128401811,1.2));
#6095=CARTESIAN_POINT('',(94.,-76.9999999999947,1.2));
#6096=CARTESIAN_POINT('Origin',(94.000000747075,-76.00000074707,1.2));
#6097=CARTESIAN_POINT('',(78.,-77.,1.2));
#6098=CARTESIAN_POINT('',(113.963060274323,-77.,1.2));
#6099=CARTESIAN_POINT('',(77.0000000000003,-78.,1.2));
#6100=CARTESIAN_POINT('Origin',(77.999999252925,-77.99999925292,1.2));
#6101=CARTESIAN_POINT('',(77.,-113.,1.2));
#6102=CARTESIAN_POINT('',(77.,-106.985212840181,1.2));
#6103=CARTESIAN_POINT('',(78.,-113.999999999925,1.2));
#6104=CARTESIAN_POINT('Origin',(77.999999252925,-113.000000747,1.2));
#6105=CARTESIAN_POINT('',(90.,-113.999999999975,1.2));
#6106=CARTESIAN_POINT('',(119.963060274323,-114.,1.2));
#6107=CARTESIAN_POINT('',(90.9999999999997,-115.,1.2));
#6108=CARTESIAN_POINT('Origin',(90.000000747075,-114.9999992529,1.2));
#6109=CARTESIAN_POINT('',(91.,-117.,1.2));
#6110=CARTESIAN_POINT('',(91.,-108.985212840181,1.2));
#6111=CARTESIAN_POINT('',(92.,-117.999999999925,1.2));
#6112=CARTESIAN_POINT('Origin',(91.999999252925,-117.000000747,1.2));
#6113=CARTESIAN_POINT('',(137.214719,-117.999999999964,1.2));
#6114=CARTESIAN_POINT('',(143.570419774323,-118.,1.2));
#6115=CARTESIAN_POINT('',(141.46604400001,-120.368226999994,1.2));
#6116=CARTESIAN_POINT('Origin',(137.21471859101,-122.9999993363,1.2));
#6117=CARTESIAN_POINT('',(145.332428,-126.613922,1.2));
#6118=CARTESIAN_POINT('',(140.230509009378,-118.372363497238,1.2));
#6119=CARTESIAN_POINT('',(148.681836000011,-128.900130999938,1.2));
#6120=CARTESIAN_POINT('Origin',(149.58375671156,-123.9821452787,1.2));
#6121=CARTESIAN_POINT('',(178.786435,-133.902109,1.2));
#6122=CARTESIAN_POINT('',(162.08159323064,-131.126544674307,1.2));
#6123=CARTESIAN_POINT('',(173.741809950298,-130.989593439627,1.2));
#6124=CARTESIAN_POINT('',(206.022383007957,-127.347129152661,1.2));
#6125=CARTESIAN_POINT('',(94.,-113.9,1.2));
#6126=CARTESIAN_POINT('Origin',(94.,-115.,1.2));
#6127=CARTESIAN_POINT('',(142.5,-112.9,1.2));
#6128=CARTESIAN_POINT('Origin',(142.5,-114.,1.2));
#6129=CARTESIAN_POINT('',(189.5,-113.9,1.2));
#6130=CARTESIAN_POINT('Origin',(189.5,-115.,1.2));
#6131=CARTESIAN_POINT('',(112.,-56.9,1.2));
#6132=CARTESIAN_POINT('Origin',(112.,-58.,1.2));
#6133=CARTESIAN_POINT('',(169.5,-57.15,1.2));
#6134=CARTESIAN_POINT('Origin',(169.5,-58.25,1.2));
#6135=CARTESIAN_POINT('',(98.86,-114.999999999951,1.2));
#6136=CARTESIAN_POINT('',(112.14,-114.999999999951,1.2));
#6137=CARTESIAN_POINT('',(124.393060274323,-115.,1.2));
#6138=CARTESIAN_POINT('',(98.5000000000002,-114.64,1.2));
#6139=CARTESIAN_POINT('Origin',(98.860001506451,-114.6399984935,1.2));
#6140=CARTESIAN_POINT('',(98.5000000000002,-101.36,1.2));
#6141=CARTESIAN_POINT('',(98.5,-101.165212840181,1.2));
#6142=CARTESIAN_POINT('',(98.86,-100.999999999949,1.2));
#6143=CARTESIAN_POINT('Origin',(98.860001506451,-101.3600015064,1.2));
#6144=CARTESIAN_POINT('',(112.14,-100.999999999949,1.2));
#6145=CARTESIAN_POINT('',(131.033060274323,-101.,1.2));
#6146=CARTESIAN_POINT('',(112.499999999991,-101.36,1.2));
#6147=CARTESIAN_POINT('Origin',(112.13999849354,-101.3600015064,1.2));
#6148=CARTESIAN_POINT('',(112.499999999991,-114.64,1.2));
#6149=CARTESIAN_POINT('',(112.5,-107.805212840181,1.2));
#6150=CARTESIAN_POINT('Origin',(112.13999849354,-114.6399984935,1.2));
#6151=CARTESIAN_POINT('',(80.86,-110.999999999951,1.2));
#6152=CARTESIAN_POINT('',(94.14,-110.999999999951,1.2));
#6153=CARTESIAN_POINT('',(115.393060274323,-111.,1.2));
#6154=CARTESIAN_POINT('',(80.5000000000001,-110.64,1.2));
#6155=CARTESIAN_POINT('Origin',(80.860001506451,-110.6399984935,1.2));
#6156=CARTESIAN_POINT('',(80.5000000000001,-97.36,1.2));
#6157=CARTESIAN_POINT('',(80.5,-99.1652128401811,1.2));
#6158=CARTESIAN_POINT('',(80.86,-96.9999999999992,1.2));
#6159=CARTESIAN_POINT('Origin',(80.860001506451,-97.36000150645,1.2));
#6160=CARTESIAN_POINT('',(94.14,-96.9999999999992,1.2));
#6161=CARTESIAN_POINT('',(122.033060274323,-97.,1.2));
#6162=CARTESIAN_POINT('',(94.4999999999999,-97.36,1.2));
#6163=CARTESIAN_POINT('Origin',(94.139998493549,-97.36000150645,1.2));
#6164=CARTESIAN_POINT('',(94.4999999999999,-110.64,1.2));
#6165=CARTESIAN_POINT('',(94.5,-105.805212840181,1.2));
#6166=CARTESIAN_POINT('Origin',(94.139998493549,-110.6399984935,1.2));
#6167=CARTESIAN_POINT('',(116.86,-104.999999999951,1.2));
#6168=CARTESIAN_POINT('',(130.14,-104.999999999952,1.2));
#6169=CARTESIAN_POINT('',(133.393060274323,-105.,1.2));
#6170=CARTESIAN_POINT('',(116.499999999999,-104.64,1.2));
#6171=CARTESIAN_POINT('Origin',(116.86000150645,-104.6399984935,1.2));
#6172=CARTESIAN_POINT('',(116.499999999999,-91.36,1.2));
#6173=CARTESIAN_POINT('',(116.5,-96.1652128401811,1.2));
#6174=CARTESIAN_POINT('',(116.86,-90.9999999999992,1.2));
#6175=CARTESIAN_POINT('Origin',(116.86000150645,-91.36000150645,1.2));
#6176=CARTESIAN_POINT('',(130.14,-90.9999999999982,1.2));
#6177=CARTESIAN_POINT('',(140.033060274323,-91.,1.2));
#6178=CARTESIAN_POINT('',(130.499999999992,-91.36,1.2));
#6179=CARTESIAN_POINT('Origin',(130.13999849354,-91.36000150645,1.2));
#6180=CARTESIAN_POINT('',(130.499999999992,-104.64,1.2));
#6181=CARTESIAN_POINT('',(130.5,-102.805212840181,1.2));
#6182=CARTESIAN_POINT('Origin',(130.13999849354,-104.6399984935,1.2));
#6183=CARTESIAN_POINT('',(134.86,-103.999999999952,1.2));
#6184=CARTESIAN_POINT('',(148.14,-103.999999999952,1.2));
#6185=CARTESIAN_POINT('',(142.393060274323,-104.,1.2));
#6186=CARTESIAN_POINT('',(134.499999999998,-103.64,1.2));
#6187=CARTESIAN_POINT('Origin',(134.86000150645,-103.6399984935,1.2));
#6188=CARTESIAN_POINT('',(134.499999999998,-90.36,1.2));
#6189=CARTESIAN_POINT('',(134.5,-95.6652128401811,1.2));
#6190=CARTESIAN_POINT('',(134.86,-89.9999999999982,1.2));
#6191=CARTESIAN_POINT('Origin',(134.86000150645,-90.36000150645,1.2));
#6192=CARTESIAN_POINT('',(148.14,-89.9999999999982,1.2));
#6193=CARTESIAN_POINT('',(149.033060274323,-90.,1.2));
#6194=CARTESIAN_POINT('',(148.499999999992,-90.36,1.2));
#6195=CARTESIAN_POINT('Origin',(148.13999849354,-90.36000150645,1.2));
#6196=CARTESIAN_POINT('',(148.499999999992,-103.64,1.2));
#6197=CARTESIAN_POINT('',(148.5,-102.305212840181,1.2));
#6198=CARTESIAN_POINT('Origin',(148.13999849354,-103.6399984935,1.2));
#6199=CARTESIAN_POINT('',(149.86,-125.999999999952,1.2));
#6200=CARTESIAN_POINT('',(163.14,-125.999999999952,1.2));
#6201=CARTESIAN_POINT('',(149.893060274323,-126.,1.2));
#6202=CARTESIAN_POINT('',(149.499999999998,-125.64,1.2));
#6203=CARTESIAN_POINT('Origin',(149.86000150645,-125.6399984935,1.2));
#6204=CARTESIAN_POINT('',(149.499999999998,-112.36,1.2));
#6205=CARTESIAN_POINT('',(149.5,-106.665212840181,1.2));
#6206=CARTESIAN_POINT('',(149.86,-111.999999999948,1.2));
#6207=CARTESIAN_POINT('Origin',(149.86000150645,-112.3600015064,1.2));
#6208=CARTESIAN_POINT('',(163.14,-111.999999999948,1.2));
#6209=CARTESIAN_POINT('',(156.533060274323,-112.,1.2));
#6210=CARTESIAN_POINT('',(163.499999999992,-112.36,1.2));
#6211=CARTESIAN_POINT('Origin',(163.13999849354,-112.3600015064,1.2));
#6212=CARTESIAN_POINT('',(163.499999999992,-125.64,1.2));
#6213=CARTESIAN_POINT('',(163.5,-113.305212840181,1.2));
#6214=CARTESIAN_POINT('Origin',(163.13999849354,-125.6399984935,1.2));
#6215=CARTESIAN_POINT('',(187.249591000018,-129.242177999968,1.2));
#6216=CARTESIAN_POINT('',(198.750409000039,-135.882177999933,1.2));
#6217=CARTESIAN_POINT('',(167.13227543282,-117.627441085963,1.2));
#6218=CARTESIAN_POINT('',(187.117821999974,-128.750408999985,1.2));
#6219=CARTESIAN_POINT('Origin',(187.4295954488,-128.9304078079,1.2));
#6220=CARTESIAN_POINT('',(193.757821999994,-117.249590999997,1.2));
#6221=CARTESIAN_POINT('',(191.803402356384,-120.634745309763,1.2));
#6222=CARTESIAN_POINT('',(194.249591000002,-117.117821999996,1.2));
#6223=CARTESIAN_POINT('Origin',(194.06959219205,-117.4295954488,1.2));
#6224=CARTESIAN_POINT('',(205.750409000022,-123.757821999961,1.2));
#6225=CARTESIAN_POINT('',(179.882684362395,-108.823085045299,1.2));
#6226=CARTESIAN_POINT('',(205.882177999975,-124.249590999985,1.2));
#6227=CARTESIAN_POINT('Origin',(205.57040455119,-124.069592192,1.2));
#6228=CARTESIAN_POINT('',(199.242177999955,-135.750408999974,1.2));
#6229=CARTESIAN_POINT('',(200.607758397048,-133.385154239338,1.2));
#6230=CARTESIAN_POINT('Origin',(198.93040780794,-135.5704045511,1.2));
#6231=CARTESIAN_POINT('',(168.274519000019,-128.042921999928,1.2));
#6232=CARTESIAN_POINT('',(181.102014000007,-131.480038999975,1.2));
#6233=CARTESIAN_POINT('',(156.330812514477,-124.842615423821,1.2));
#6234=CARTESIAN_POINT('',(168.01996099998,-127.602013999995,1.2));
#6235=CARTESIAN_POINT('Origin',(168.36769363267,-127.695189212,1.2));
#6236=CARTESIAN_POINT('',(171.457077999979,-114.774518999994,1.2));
#6237=CARTESIAN_POINT('',(172.461439335478,-111.026191547359,1.2));
#6238=CARTESIAN_POINT('',(171.897986000018,-114.519960999934,1.2));
#6239=CARTESIAN_POINT('Origin',(171.80481078792,-114.8676936326,1.2));
#6240=CARTESIAN_POINT('',(184.725481000005,-117.957077999981,1.2));
#6241=CARTESIAN_POINT('',(166.368026807846,-113.038212868454,1.2));
#6242=CARTESIAN_POINT('',(184.980038999986,-118.397985999996,1.2));
#6243=CARTESIAN_POINT('Origin',(184.63230636732,-118.3048107879,1.2));
#6244=CARTESIAN_POINT('',(181.542921999986,-131.225480999996,1.2));
#6245=CARTESIAN_POINT('',(184.265841890845,-121.063405840728,1.2));
#6246=CARTESIAN_POINT('Origin',(181.19518921207,-131.1323063673,1.2));
#6247=CARTESIAN_POINT('',(152.86,-106.999999999952,1.2));
#6248=CARTESIAN_POINT('',(166.14,-106.999999999952,1.2));
#6249=CARTESIAN_POINT('',(151.393060274323,-107.,1.2));
#6250=CARTESIAN_POINT('',(152.499999999998,-106.64,1.2));
#6251=CARTESIAN_POINT('Origin',(152.86000150645,-106.6399984935,1.2));
#6252=CARTESIAN_POINT('',(152.499999999998,-93.36,1.2));
#6253=CARTESIAN_POINT('',(152.5,-97.1652128401811,1.2));
#6254=CARTESIAN_POINT('',(152.86,-92.9999999999982,1.2));
#6255=CARTESIAN_POINT('Origin',(152.86000150645,-93.36000150645,1.2));
#6256=CARTESIAN_POINT('',(166.14,-92.9999999999981,1.2));
#6257=CARTESIAN_POINT('',(158.033060274323,-93.,1.2));
#6258=CARTESIAN_POINT('',(166.499999999992,-93.36,1.2));
#6259=CARTESIAN_POINT('Origin',(166.13999849354,-93.36000150645,1.2));
#6260=CARTESIAN_POINT('',(166.499999999992,-106.64,1.2));
#6261=CARTESIAN_POINT('',(166.5,-103.805212840181,1.2));
#6262=CARTESIAN_POINT('Origin',(166.13999849354,-106.6399984935,1.2));
#6263=CARTESIAN_POINT('',(170.86,-108.999999999952,1.2));
#6264=CARTESIAN_POINT('',(184.14,-108.999999999952,1.2));
#6265=CARTESIAN_POINT('',(160.393060274323,-109.,1.2));
#6266=CARTESIAN_POINT('',(170.499999999998,-108.64,1.2));
#6267=CARTESIAN_POINT('Origin',(170.86000150645,-108.6399984935,1.2));
#6268=CARTESIAN_POINT('',(170.499999999998,-95.36,1.2));
#6269=CARTESIAN_POINT('',(170.5,-98.1652128401811,1.2));
#6270=CARTESIAN_POINT('',(170.86,-94.9999999999982,1.2));
#6271=CARTESIAN_POINT('Origin',(170.86000150645,-95.36000150645,1.2));
#6272=CARTESIAN_POINT('',(184.14,-94.9999999999981,1.2));
#6273=CARTESIAN_POINT('',(167.033060274323,-95.,1.2));
#6274=CARTESIAN_POINT('',(184.499999999992,-95.36,1.2));
#6275=CARTESIAN_POINT('Origin',(184.13999849354,-95.36000150645,1.2));
#6276=CARTESIAN_POINT('',(184.499999999992,-108.64,1.2));
#6277=CARTESIAN_POINT('',(184.5,-104.805212840181,1.2));
#6278=CARTESIAN_POINT('Origin',(184.13999849354,-108.6399984935,1.2));
#6279=CARTESIAN_POINT('',(80.86,-93.9999999999908,1.2));
#6280=CARTESIAN_POINT('',(94.14,-93.9999999999908,1.2));
#6281=CARTESIAN_POINT('',(115.393060274323,-94.,1.2));
#6282=CARTESIAN_POINT('',(80.5000000000001,-93.64,1.2));
#6283=CARTESIAN_POINT('Origin',(80.860001506451,-93.63999849354,1.2));
#6284=CARTESIAN_POINT('',(80.5000000000001,-80.36,1.2));
#6285=CARTESIAN_POINT('',(80.5,-90.6652128401811,1.2));
#6286=CARTESIAN_POINT('',(80.86,-79.9999999999992,1.2));
#6287=CARTESIAN_POINT('Origin',(80.860001506451,-80.36000150645,1.2));
#6288=CARTESIAN_POINT('',(94.14,-79.9999999999991,1.2));
#6289=CARTESIAN_POINT('',(122.033060274323,-80.,1.2));
#6290=CARTESIAN_POINT('',(94.4999999999999,-80.36,1.2));
#6291=CARTESIAN_POINT('Origin',(94.139998493549,-80.36000150645,1.2));
#6292=CARTESIAN_POINT('',(94.4999999999999,-93.64,1.2));
#6293=CARTESIAN_POINT('',(94.5,-97.3052128401811,1.2));
#6294=CARTESIAN_POINT('Origin',(94.139998493549,-93.63999849354,1.2));
#6295=CARTESIAN_POINT('',(98.86,-97.9999999999909,1.2));
#6296=CARTESIAN_POINT('',(112.14,-97.9999999999909,1.2));
#6297=CARTESIAN_POINT('',(124.393060274323,-98.,1.2));
#6298=CARTESIAN_POINT('',(98.5000000000002,-97.64,1.2));
#6299=CARTESIAN_POINT('Origin',(98.860001506451,-97.63999849354,1.2));
#6300=CARTESIAN_POINT('',(98.5000000000002,-84.36,1.2));
#6301=CARTESIAN_POINT('',(98.5,-92.6652128401811,1.2));
#6302=CARTESIAN_POINT('',(98.86,-83.9999999999991,1.2));
#6303=CARTESIAN_POINT('Origin',(98.860001506451,-84.36000150645,1.2));
#6304=CARTESIAN_POINT('',(112.14,-83.9999999999991,1.2));
#6305=CARTESIAN_POINT('',(131.033060274323,-84.,1.2));
#6306=CARTESIAN_POINT('',(112.499999999991,-84.36,1.2));
#6307=CARTESIAN_POINT('Origin',(112.13999849354,-84.36000150645,1.2));
#6308=CARTESIAN_POINT('',(112.499999999991,-97.64,1.2));
#6309=CARTESIAN_POINT('',(112.5,-99.3052128401811,1.2));
#6310=CARTESIAN_POINT('Origin',(112.13999849354,-97.63999849354,1.2));
#6311=CARTESIAN_POINT('',(116.86,-87.9999999999909,1.2));
#6312=CARTESIAN_POINT('',(130.14,-87.9999999999919,1.2));
#6313=CARTESIAN_POINT('',(133.393060274323,-88.,1.2));
#6314=CARTESIAN_POINT('',(116.499999999999,-87.64,1.2));
#6315=CARTESIAN_POINT('Origin',(116.86000150645,-87.63999849354,1.2));
#6316=CARTESIAN_POINT('',(116.499999999999,-74.36,1.2));
#6317=CARTESIAN_POINT('',(116.5,-87.6652128401811,1.2));
#6318=CARTESIAN_POINT('',(116.86,-73.9999999999992,1.2));
#6319=CARTESIAN_POINT('Origin',(116.86000150645,-74.36000150645,1.2));
#6320=CARTESIAN_POINT('',(130.14,-73.9999999999982,1.2));
#6321=CARTESIAN_POINT('',(140.033060274323,-74.,1.2));
#6322=CARTESIAN_POINT('',(130.499999999992,-74.36,1.2));
#6323=CARTESIAN_POINT('Origin',(130.13999849354,-74.36000150645,1.2));
#6324=CARTESIAN_POINT('',(130.499999999992,-87.64,1.2));
#6325=CARTESIAN_POINT('',(130.5,-94.3052128401811,1.2));
#6326=CARTESIAN_POINT('Origin',(130.13999849354,-87.63999849354,1.2));
#6327=CARTESIAN_POINT('',(134.86,-86.9999999999919,1.2));
#6328=CARTESIAN_POINT('',(148.14,-86.9999999999919,1.2));
#6329=CARTESIAN_POINT('',(142.393060274323,-87.,1.2));
#6330=CARTESIAN_POINT('',(134.499999999998,-86.64,1.2));
#6331=CARTESIAN_POINT('Origin',(134.86000150645,-86.63999849354,1.2));
#6332=CARTESIAN_POINT('',(134.499999999998,-73.36,1.2));
#6333=CARTESIAN_POINT('',(134.5,-87.1652128401811,1.2));
#6334=CARTESIAN_POINT('',(134.86,-72.9999999999982,1.2));
#6335=CARTESIAN_POINT('Origin',(134.86000150645,-73.36000150645,1.2));
#6336=CARTESIAN_POINT('',(148.14,-72.9999999999982,1.2));
#6337=CARTESIAN_POINT('',(149.033060274323,-73.,1.2));
#6338=CARTESIAN_POINT('',(148.499999999992,-73.36,1.2));
#6339=CARTESIAN_POINT('Origin',(148.13999849354,-73.36000150645,1.2));
#6340=CARTESIAN_POINT('',(148.499999999992,-86.64,1.2));
#6341=CARTESIAN_POINT('',(148.5,-93.8052128401811,1.2));
#6342=CARTESIAN_POINT('Origin',(148.13999849354,-86.63999849354,1.2));
#6343=CARTESIAN_POINT('',(98.86,-80.9999999999909,1.2));
#6344=CARTESIAN_POINT('',(112.14,-80.9999999999909,1.2));
#6345=CARTESIAN_POINT('',(124.393060274323,-81.,1.2));
#6346=CARTESIAN_POINT('',(98.5000000000002,-80.64,1.2));
#6347=CARTESIAN_POINT('Origin',(98.860001506451,-80.63999849354,1.2));
#6348=CARTESIAN_POINT('',(98.5000000000002,-67.36,1.2));
#6349=CARTESIAN_POINT('',(98.5,-84.1652128401811,1.2));
#6350=CARTESIAN_POINT('',(98.86,-66.9999999999992,1.2));
#6351=CARTESIAN_POINT('Origin',(98.860001506451,-67.36000150645,1.2));
#6352=CARTESIAN_POINT('',(112.14,-66.9999999999992,1.2));
#6353=CARTESIAN_POINT('',(131.033060274323,-67.,1.2));
#6354=CARTESIAN_POINT('',(112.499999999991,-67.36,1.2));
#6355=CARTESIAN_POINT('Origin',(112.13999849354,-67.36000150645,1.2));
#6356=CARTESIAN_POINT('',(112.499999999991,-80.64,1.2));
#6357=CARTESIAN_POINT('',(112.5,-90.8052128401811,1.2));
#6358=CARTESIAN_POINT('Origin',(112.13999849354,-80.63999849354,1.2));
#6359=CARTESIAN_POINT('',(116.86,-70.9999999999909,1.2));
#6360=CARTESIAN_POINT('',(130.14,-70.9999999999919,1.2));
#6361=CARTESIAN_POINT('',(133.393060274323,-71.,1.2));
#6362=CARTESIAN_POINT('',(116.499999999999,-70.64,1.2));
#6363=CARTESIAN_POINT('Origin',(116.86000150645,-70.63999849354,1.2));
#6364=CARTESIAN_POINT('',(116.499999999999,-57.36,1.2));
#6365=CARTESIAN_POINT('',(116.5,-79.1652128401811,1.2));
#6366=CARTESIAN_POINT('',(116.86,-56.9999999999992,1.2));
#6367=CARTESIAN_POINT('Origin',(116.86000150645,-57.36000150645,1.2));
#6368=CARTESIAN_POINT('',(130.14,-56.9999999999982,1.2));
#6369=CARTESIAN_POINT('',(140.033060274323,-57.,1.2));
#6370=CARTESIAN_POINT('',(130.499999999992,-57.36,1.2));
#6371=CARTESIAN_POINT('Origin',(130.13999849354,-57.36000150645,1.2));
#6372=CARTESIAN_POINT('',(130.499999999992,-70.64,1.2));
#6373=CARTESIAN_POINT('',(130.5,-85.8052128401811,1.2));
#6374=CARTESIAN_POINT('Origin',(130.13999849354,-70.63999849354,1.2));
#6375=CARTESIAN_POINT('',(134.86,-69.9999999999919,1.2));
#6376=CARTESIAN_POINT('',(148.14,-69.9999999999919,1.2));
#6377=CARTESIAN_POINT('',(142.393060274323,-70.,1.2));
#6378=CARTESIAN_POINT('',(134.499999999998,-69.64,1.2));
#6379=CARTESIAN_POINT('Origin',(134.86000150645,-69.63999849354,1.2));
#6380=CARTESIAN_POINT('',(134.499999999998,-56.36,1.2));
#6381=CARTESIAN_POINT('',(134.5,-78.6652128401811,1.2));
#6382=CARTESIAN_POINT('',(134.86,-55.9999999999982,1.2));
#6383=CARTESIAN_POINT('Origin',(134.86000150645,-56.36000150645,1.2));
#6384=CARTESIAN_POINT('',(148.14,-55.9999999999982,1.2));
#6385=CARTESIAN_POINT('',(149.033060274323,-56.,1.2));
#6386=CARTESIAN_POINT('',(148.499999999992,-56.36,1.2));
#6387=CARTESIAN_POINT('Origin',(148.13999849354,-56.36000150645,1.2));
#6388=CARTESIAN_POINT('',(148.499999999992,-69.64,1.2));
#6389=CARTESIAN_POINT('',(148.5,-85.3052128401811,1.2));
#6390=CARTESIAN_POINT('Origin',(148.13999849354,-69.63999849354,1.2));
#6391=CARTESIAN_POINT('',(152.86,-89.9999999999919,1.2));
#6392=CARTESIAN_POINT('',(166.14,-89.9999999999919,1.2));
#6393=CARTESIAN_POINT('',(151.393060274323,-90.,1.2));
#6394=CARTESIAN_POINT('',(152.499999999998,-89.64,1.2));
#6395=CARTESIAN_POINT('Origin',(152.86000150645,-89.63999849354,1.2));
#6396=CARTESIAN_POINT('',(152.499999999998,-76.36,1.2));
#6397=CARTESIAN_POINT('',(152.5,-88.6652128401811,1.2));
#6398=CARTESIAN_POINT('',(152.86,-75.9999999999982,1.2));
#6399=CARTESIAN_POINT('Origin',(152.86000150645,-76.36000150645,1.2));
#6400=CARTESIAN_POINT('',(166.14,-75.9999999999981,1.2));
#6401=CARTESIAN_POINT('',(158.033060274323,-76.,1.2));
#6402=CARTESIAN_POINT('',(166.499999999992,-76.36,1.2));
#6403=CARTESIAN_POINT('Origin',(166.13999849354,-76.36000150645,1.2));
#6404=CARTESIAN_POINT('',(166.499999999992,-89.64,1.2));
#6405=CARTESIAN_POINT('',(166.5,-95.3052128401811,1.2));
#6406=CARTESIAN_POINT('Origin',(166.13999849354,-89.63999849354,1.2));
#6407=CARTESIAN_POINT('',(170.86,-91.9999999999919,1.2));
#6408=CARTESIAN_POINT('',(184.14,-91.9999999999919,1.2));
#6409=CARTESIAN_POINT('',(160.393060274323,-92.,1.2));
#6410=CARTESIAN_POINT('',(170.499999999998,-91.64,1.2));
#6411=CARTESIAN_POINT('Origin',(170.86000150645,-91.63999849354,1.2));
#6412=CARTESIAN_POINT('',(170.499999999998,-78.36,1.2));
#6413=CARTESIAN_POINT('',(170.5,-89.6652128401811,1.2));
#6414=CARTESIAN_POINT('',(170.86,-77.9999999999982,1.2));
#6415=CARTESIAN_POINT('Origin',(170.86000150645,-78.36000150645,1.2));
#6416=CARTESIAN_POINT('',(184.14,-77.9999999999981,1.2));
#6417=CARTESIAN_POINT('',(167.033060274323,-78.,1.2));
#6418=CARTESIAN_POINT('',(184.499999999992,-78.36,1.2));
#6419=CARTESIAN_POINT('Origin',(184.13999849354,-78.36000150645,1.2));
#6420=CARTESIAN_POINT('',(184.499999999992,-91.64,1.2));
#6421=CARTESIAN_POINT('',(184.5,-96.3052128401811,1.2));
#6422=CARTESIAN_POINT('Origin',(184.13999849354,-91.63999849354,1.2));
#6423=CARTESIAN_POINT('',(152.86,-72.9999999999919,1.2));
#6424=CARTESIAN_POINT('',(166.14,-72.9999999999919,1.2));
#6425=CARTESIAN_POINT('',(151.393060274323,-73.,1.2));
#6426=CARTESIAN_POINT('',(152.499999999998,-72.64,1.2));
#6427=CARTESIAN_POINT('Origin',(152.86000150645,-72.63999849354,1.2));
#6428=CARTESIAN_POINT('',(152.499999999998,-59.36,1.2));
#6429=CARTESIAN_POINT('',(152.5,-80.1652128401811,1.2));
#6430=CARTESIAN_POINT('',(152.86,-58.9999999999982,1.2));
#6431=CARTESIAN_POINT('Origin',(152.86000150645,-59.36000150645,1.2));
#6432=CARTESIAN_POINT('',(166.14,-58.9999999999981,1.2));
#6433=CARTESIAN_POINT('',(158.033060274323,-59.,1.2));
#6434=CARTESIAN_POINT('',(166.499999999992,-59.36,1.2));
#6435=CARTESIAN_POINT('Origin',(166.13999849354,-59.36000150645,1.2));
#6436=CARTESIAN_POINT('',(166.499999999992,-72.64,1.2));
#6437=CARTESIAN_POINT('',(166.5,-86.8052128401811,1.2));
#6438=CARTESIAN_POINT('Origin',(166.13999849354,-72.63999849354,1.2));
#6439=CARTESIAN_POINT('',(170.86,-74.9999999999919,1.2));
#6440=CARTESIAN_POINT('',(184.14,-74.9999999999919,1.2));
#6441=CARTESIAN_POINT('',(160.393060274323,-75.,1.2));
#6442=CARTESIAN_POINT('',(170.499999999998,-74.64,1.2));
#6443=CARTESIAN_POINT('Origin',(170.86000150645,-74.63999849354,1.2));
#6444=CARTESIAN_POINT('',(170.499999999998,-61.36,1.2));
#6445=CARTESIAN_POINT('',(170.5,-81.1652128401811,1.2));
#6446=CARTESIAN_POINT('',(170.86,-60.9999999999982,1.2));
#6447=CARTESIAN_POINT('Origin',(170.86000150645,-61.36000150645,1.2));
#6448=CARTESIAN_POINT('',(184.14,-60.9999999999981,1.2));
#6449=CARTESIAN_POINT('',(167.033060274323,-61.,1.2));
#6450=CARTESIAN_POINT('',(184.499999999992,-61.36,1.2));
#6451=CARTESIAN_POINT('Origin',(184.13999849354,-61.36000150645,1.2));
#6452=CARTESIAN_POINT('',(184.499999999992,-74.64,1.2));
#6453=CARTESIAN_POINT('',(184.5,-87.8052128401811,1.2));
#6454=CARTESIAN_POINT('Origin',(184.13999849354,-74.63999849354,1.2));
#6455=CARTESIAN_POINT('Origin',(0.,0.,0.));
#6456=CARTESIAN_POINT('',(208.625,-122.839264,0.));
#6457=CARTESIAN_POINT('',(178.786435,-133.902109,0.));
#6458=CARTESIAN_POINT('',(204.602258,-148.806881,0.));
#6459=CARTESIAN_POINT('',(148.681836,-128.900131,0.));
#6460=CARTESIAN_POINT('',(178.786435,-133.902109,0.));
#6461=CARTESIAN_POINT('',(145.332428,-126.613922,0.));
#6462=CARTESIAN_POINT('Origin',(149.58375671156,-123.9821452787,0.));
#6463=CARTESIAN_POINT('',(141.466044,-120.368227,0.));
#6464=CARTESIAN_POINT('',(145.332428,-126.613922,0.));
#6465=CARTESIAN_POINT('',(137.214719,-118.,0.));
#6466=CARTESIAN_POINT('Origin',(137.21471859101,-122.9999993363,0.));
#6467=CARTESIAN_POINT('',(92.,-118.,0.));
#6468=CARTESIAN_POINT('',(137.214719,-118.,0.));
#6469=CARTESIAN_POINT('',(91.,-117.,0.));
#6470=CARTESIAN_POINT('Origin',(91.999999252925,-117.000000747,0.));
#6471=CARTESIAN_POINT('',(91.,-115.,0.));
#6472=CARTESIAN_POINT('',(91.,-117.,0.));
#6473=CARTESIAN_POINT('',(90.,-114.,0.));
#6474=CARTESIAN_POINT('Origin',(90.000000747075,-114.9999992529,0.));
#6475=CARTESIAN_POINT('',(78.,-114.,0.));
#6476=CARTESIAN_POINT('',(90.,-114.,0.));
#6477=CARTESIAN_POINT('',(77.,-113.,0.));
#6478=CARTESIAN_POINT('Origin',(77.999999252925,-113.000000747,0.));
#6479=CARTESIAN_POINT('',(77.,-78.,0.));
#6480=CARTESIAN_POINT('',(77.,-113.,0.));
#6481=CARTESIAN_POINT('',(78.,-77.,0.));
#6482=CARTESIAN_POINT('Origin',(77.999999252925,-77.99999925292,0.));
#6483=CARTESIAN_POINT('',(94.,-77.,0.));
#6484=CARTESIAN_POINT('',(78.,-77.,0.));
#6485=CARTESIAN_POINT('',(95.,-76.,0.));
#6486=CARTESIAN_POINT('Origin',(94.000000747075,-76.00000074707,0.));
#6487=CARTESIAN_POINT('',(95.,-65.,0.));
#6488=CARTESIAN_POINT('',(95.,-76.,0.));
#6489=CARTESIAN_POINT('',(96.,-64.,0.));
#6490=CARTESIAN_POINT('Origin',(95.999999252925,-64.99999925292,0.));
#6491=CARTESIAN_POINT('',(108.25,-64.,0.));
#6492=CARTESIAN_POINT('',(96.,-64.,0.));
#6493=CARTESIAN_POINT('',(109.25,-63.,0.));
#6494=CARTESIAN_POINT('Origin',(108.25000074707,-63.00000074707,0.));
#6495=CARTESIAN_POINT('',(109.25,-55.,0.));
#6496=CARTESIAN_POINT('',(109.25,-63.,0.));
#6497=CARTESIAN_POINT('',(110.25,-54.,0.));
#6498=CARTESIAN_POINT('Origin',(110.24999925292,-54.99999925292,0.));
#6499=CARTESIAN_POINT('',(130.5,-54.,0.));
#6500=CARTESIAN_POINT('',(110.25,-54.,0.));
#6501=CARTESIAN_POINT('',(131.,-53.5,0.));
#6502=CARTESIAN_POINT('Origin',(130.49999866642,-53.49999866642,0.));
#6503=CARTESIAN_POINT('',(131.5,-53.,0.));
#6504=CARTESIAN_POINT('Origin',(131.50000133357,-53.50000133357,0.));
#6505=CARTESIAN_POINT('',(151.,-53.,0.));
#6506=CARTESIAN_POINT('',(131.5,-53.,0.));
#6507=CARTESIAN_POINT('',(152.,-54.,0.));
#6508=CARTESIAN_POINT('Origin',(151.00000074707,-53.99999925292,0.));
#6509=CARTESIAN_POINT('',(152.,-54.5,0.));
#6510=CARTESIAN_POINT('',(152.,-54.,0.));
#6511=CARTESIAN_POINT('',(153.,-55.5,0.));
#6512=CARTESIAN_POINT('Origin',(152.99999925292,-54.50000074707,0.));
#6513=CARTESIAN_POINT('',(171.25,-55.5,0.));
#6514=CARTESIAN_POINT('',(153.,-55.5,0.));
#6515=CARTESIAN_POINT('',(172.25,-56.5,0.));
#6516=CARTESIAN_POINT('Origin',(171.25000074707,-56.49999925292,0.));
#6517=CARTESIAN_POINT('',(172.25,-57.,0.));
#6518=CARTESIAN_POINT('',(172.25,-56.5,0.));
#6519=CARTESIAN_POINT('',(173.25,-58.,0.));
#6520=CARTESIAN_POINT('Origin',(173.24999925292,-57.00000074707,0.));
#6521=CARTESIAN_POINT('',(185.999995842576,-57.9999999999982,0.));
#6522=CARTESIAN_POINT('',(173.25,-58.,0.));
#6523=CARTESIAN_POINT('',(186.499994535001,-58.4999986924231,0.));
#6524=CARTESIAN_POINT('Origin',(185.999995842576,-58.4999986924231,0.));
#6525=CARTESIAN_POINT('',(186.500000000011,-107.,0.));
#6526=CARTESIAN_POINT('',(186.500000000011,-53.5,0.));
#6527=CARTESIAN_POINT('',(187.500000000011,-108.,0.));
#6528=CARTESIAN_POINT('Origin',(187.500000000011,-107.,0.));
#6529=CARTESIAN_POINT('',(208.124783608616,-108.,0.));
#6530=CARTESIAN_POINT('',(104.062391804308,-108.,0.));
#6531=CARTESIAN_POINT('Origin',(213.00008251737,-106.8899163396,0.));
#6532=CARTESIAN_POINT('',(94.,-113.9,0.));
#6533=CARTESIAN_POINT('Origin',(94.,-115.,0.));
#6534=CARTESIAN_POINT('',(98.86,-101.,0.));
#6535=CARTESIAN_POINT('',(98.5,-101.36,0.));
#6536=CARTESIAN_POINT('Origin',(98.860001506451,-101.3600015064,0.));
#6537=CARTESIAN_POINT('',(98.5,-114.64,0.));
#6538=CARTESIAN_POINT('',(98.5,-101.36,0.));
#6539=CARTESIAN_POINT('',(98.86,-115.,0.));
#6540=CARTESIAN_POINT('Origin',(98.860001506451,-114.6399984935,0.));
#6541=CARTESIAN_POINT('',(112.14,-115.,0.));
#6542=CARTESIAN_POINT('',(98.86,-115.,0.));
#6543=CARTESIAN_POINT('',(112.5,-114.64,0.));
#6544=CARTESIAN_POINT('Origin',(112.13999849354,-114.6399984935,0.));
#6545=CARTESIAN_POINT('',(112.5,-101.36,0.));
#6546=CARTESIAN_POINT('',(112.5,-114.64,0.));
#6547=CARTESIAN_POINT('',(112.14,-101.,0.));
#6548=CARTESIAN_POINT('Origin',(112.13999849354,-101.3600015064,0.));
#6549=CARTESIAN_POINT('',(112.14,-101.,0.));
#6550=CARTESIAN_POINT('',(80.86,-97.,0.));
#6551=CARTESIAN_POINT('',(80.5,-97.36,0.));
#6552=CARTESIAN_POINT('Origin',(80.860001506451,-97.36000150645,0.));
#6553=CARTESIAN_POINT('',(80.5,-110.64,0.));
#6554=CARTESIAN_POINT('',(80.5,-97.36,0.));
#6555=CARTESIAN_POINT('',(80.86,-111.,0.));
#6556=CARTESIAN_POINT('Origin',(80.860001506451,-110.6399984935,0.));
#6557=CARTESIAN_POINT('',(94.14,-111.,0.));
#6558=CARTESIAN_POINT('',(80.86,-111.,0.));
#6559=CARTESIAN_POINT('',(94.5,-110.64,0.));
#6560=CARTESIAN_POINT('Origin',(94.139998493549,-110.6399984935,0.));
#6561=CARTESIAN_POINT('',(94.5,-97.36,0.));
#6562=CARTESIAN_POINT('',(94.5,-110.64,0.));
#6563=CARTESIAN_POINT('',(94.14,-97.,0.));
#6564=CARTESIAN_POINT('Origin',(94.139998493549,-97.36000150645,0.));
#6565=CARTESIAN_POINT('',(94.14,-97.,0.));
#6566=CARTESIAN_POINT('',(142.5,-112.9,0.));
#6567=CARTESIAN_POINT('Origin',(142.5,-114.,0.));
#6568=CARTESIAN_POINT('',(116.86,-91.,0.));
#6569=CARTESIAN_POINT('',(116.5,-91.36,0.));
#6570=CARTESIAN_POINT('Origin',(116.86000150645,-91.36000150645,0.));
#6571=CARTESIAN_POINT('',(116.5,-104.64,0.));
#6572=CARTESIAN_POINT('',(116.5,-91.36,0.));
#6573=CARTESIAN_POINT('',(116.86,-105.,0.));
#6574=CARTESIAN_POINT('Origin',(116.86000150645,-104.6399984935,0.));
#6575=CARTESIAN_POINT('',(130.14,-105.,0.));
#6576=CARTESIAN_POINT('',(116.86,-105.,0.));
#6577=CARTESIAN_POINT('',(130.5,-104.64,0.));
#6578=CARTESIAN_POINT('Origin',(130.13999849354,-104.6399984935,0.));
#6579=CARTESIAN_POINT('',(130.5,-91.36,0.));
#6580=CARTESIAN_POINT('',(130.5,-104.64,0.));
#6581=CARTESIAN_POINT('',(130.14,-91.,0.));
#6582=CARTESIAN_POINT('Origin',(130.13999849354,-91.36000150645,0.));
#6583=CARTESIAN_POINT('',(130.14,-91.,0.));
#6584=CARTESIAN_POINT('',(134.86,-90.,0.));
#6585=CARTESIAN_POINT('',(134.5,-90.36,0.));
#6586=CARTESIAN_POINT('Origin',(134.86000150645,-90.36000150645,0.));
#6587=CARTESIAN_POINT('',(134.5,-103.64,0.));
#6588=CARTESIAN_POINT('',(134.5,-90.36,0.));
#6589=CARTESIAN_POINT('',(134.86,-104.,0.));
#6590=CARTESIAN_POINT('Origin',(134.86000150645,-103.6399984935,0.));
#6591=CARTESIAN_POINT('',(148.14,-104.,0.));
#6592=CARTESIAN_POINT('',(134.86,-104.,0.));
#6593=CARTESIAN_POINT('',(148.5,-103.64,0.));
#6594=CARTESIAN_POINT('Origin',(148.13999849354,-103.6399984935,0.));
#6595=CARTESIAN_POINT('',(148.5,-90.36,0.));
#6596=CARTESIAN_POINT('',(148.5,-103.64,0.));
#6597=CARTESIAN_POINT('',(148.14,-90.,0.));
#6598=CARTESIAN_POINT('Origin',(148.13999849354,-90.36000150645,0.));
#6599=CARTESIAN_POINT('',(148.14,-90.,0.));
#6600=CARTESIAN_POINT('',(149.86,-112.,0.));
#6601=CARTESIAN_POINT('',(149.5,-112.36,0.));
#6602=CARTESIAN_POINT('Origin',(149.86000150645,-112.3600015064,0.));
#6603=CARTESIAN_POINT('',(149.5,-125.64,0.));
#6604=CARTESIAN_POINT('',(149.5,-112.36,0.));
#6605=CARTESIAN_POINT('',(149.86,-126.,0.));
#6606=CARTESIAN_POINT('Origin',(149.86000150645,-125.6399984935,0.));
#6607=CARTESIAN_POINT('',(163.14,-126.,0.));
#6608=CARTESIAN_POINT('',(149.86,-126.,0.));
#6609=CARTESIAN_POINT('',(163.5,-125.64,0.));
#6610=CARTESIAN_POINT('Origin',(163.13999849354,-125.6399984935,0.));
#6611=CARTESIAN_POINT('',(163.5,-112.36,0.));
#6612=CARTESIAN_POINT('',(163.5,-125.64,0.));
#6613=CARTESIAN_POINT('',(163.14,-112.,0.));
#6614=CARTESIAN_POINT('Origin',(163.13999849354,-112.3600015064,0.));
#6615=CARTESIAN_POINT('',(163.14,-112.,0.));
#6616=CARTESIAN_POINT('',(194.249591,-117.117822,0.));
#6617=CARTESIAN_POINT('',(193.757822,-117.249591,0.));
#6618=CARTESIAN_POINT('Origin',(194.06959219205,-117.4295954488,0.));
#6619=CARTESIAN_POINT('',(187.117822,-128.750409,0.));
#6620=CARTESIAN_POINT('',(193.757822,-117.249591,0.));
#6621=CARTESIAN_POINT('',(187.249591,-129.242178,0.));
#6622=CARTESIAN_POINT('Origin',(187.4295954488,-128.9304078079,0.));
#6623=CARTESIAN_POINT('',(198.750409,-135.882178,0.));
#6624=CARTESIAN_POINT('',(187.249591,-129.242178,0.));
#6625=CARTESIAN_POINT('',(199.242178,-135.750409,0.));
#6626=CARTESIAN_POINT('Origin',(198.93040780794,-135.5704045511,0.));
#6627=CARTESIAN_POINT('',(205.882178,-124.249591,0.));
#6628=CARTESIAN_POINT('',(199.242178,-135.750409,0.));
#6629=CARTESIAN_POINT('',(205.750409,-123.757822,0.));
#6630=CARTESIAN_POINT('Origin',(205.57040455119,-124.069592192,0.));
#6631=CARTESIAN_POINT('',(205.750409,-123.757822,0.));
#6632=CARTESIAN_POINT('',(171.897986,-114.519961,0.));
#6633=CARTESIAN_POINT('',(171.457078,-114.774519,0.));
#6634=CARTESIAN_POINT('Origin',(171.80481078792,-114.8676936326,0.));
#6635=CARTESIAN_POINT('',(168.019961,-127.602014,0.));
#6636=CARTESIAN_POINT('',(171.457078,-114.774519,0.));
#6637=CARTESIAN_POINT('',(168.274519,-128.042922,0.));
#6638=CARTESIAN_POINT('Origin',(168.36769363267,-127.695189212,0.));
#6639=CARTESIAN_POINT('',(181.102014,-131.480039,0.));
#6640=CARTESIAN_POINT('',(168.274519,-128.042922,0.));
#6641=CARTESIAN_POINT('',(181.542922,-131.225481,0.));
#6642=CARTESIAN_POINT('Origin',(181.19518921207,-131.1323063673,0.));
#6643=CARTESIAN_POINT('',(184.980039,-118.397986,0.));
#6644=CARTESIAN_POINT('',(181.542922,-131.225481,0.));
#6645=CARTESIAN_POINT('',(184.725481,-117.957078,0.));
#6646=CARTESIAN_POINT('Origin',(184.63230636732,-118.3048107879,0.));
#6647=CARTESIAN_POINT('',(184.725481,-117.957078,0.));
#6648=CARTESIAN_POINT('',(152.86,-93.,0.));
#6649=CARTESIAN_POINT('',(152.5,-93.36,0.));
#6650=CARTESIAN_POINT('Origin',(152.86000150645,-93.36000150645,0.));
#6651=CARTESIAN_POINT('',(152.5,-106.64,0.));
#6652=CARTESIAN_POINT('',(152.5,-93.36,0.));
#6653=CARTESIAN_POINT('',(152.86,-107.,0.));
#6654=CARTESIAN_POINT('Origin',(152.86000150645,-106.6399984935,0.));
#6655=CARTESIAN_POINT('',(166.14,-107.,0.));
#6656=CARTESIAN_POINT('',(152.86,-107.,0.));
#6657=CARTESIAN_POINT('',(166.5,-106.64,0.));
#6658=CARTESIAN_POINT('Origin',(166.13999849354,-106.6399984935,0.));
#6659=CARTESIAN_POINT('',(166.5,-93.36,0.));
#6660=CARTESIAN_POINT('',(166.5,-106.64,0.));
#6661=CARTESIAN_POINT('',(166.14,-93.,0.));
#6662=CARTESIAN_POINT('Origin',(166.13999849354,-93.36000150645,0.));
#6663=CARTESIAN_POINT('',(166.14,-93.,0.));
#6664=CARTESIAN_POINT('',(189.5,-113.9,0.));
#6665=CARTESIAN_POINT('Origin',(189.5,-115.,0.));
#6666=CARTESIAN_POINT('',(170.86,-95.,0.));
#6667=CARTESIAN_POINT('',(170.5,-95.36,0.));
#6668=CARTESIAN_POINT('Origin',(170.86000150645,-95.36000150645,0.));
#6669=CARTESIAN_POINT('',(170.5,-108.64,0.));
#6670=CARTESIAN_POINT('',(170.5,-95.36,0.));
#6671=CARTESIAN_POINT('',(170.86,-109.,0.));
#6672=CARTESIAN_POINT('Origin',(170.86000150645,-108.6399984935,0.));
#6673=CARTESIAN_POINT('',(184.14,-109.,0.));
#6674=CARTESIAN_POINT('',(170.86,-109.,0.));
#6675=CARTESIAN_POINT('',(184.5,-108.64,0.));
#6676=CARTESIAN_POINT('Origin',(184.13999849354,-108.6399984935,0.));
#6677=CARTESIAN_POINT('',(184.5,-95.36,0.));
#6678=CARTESIAN_POINT('',(184.5,-108.64,0.));
#6679=CARTESIAN_POINT('',(184.14,-95.,0.));
#6680=CARTESIAN_POINT('Origin',(184.13999849354,-95.36000150645,0.));
#6681=CARTESIAN_POINT('',(184.14,-95.,0.));
#6682=CARTESIAN_POINT('',(80.86,-80.,0.));
#6683=CARTESIAN_POINT('',(80.5,-80.36,0.));
#6684=CARTESIAN_POINT('Origin',(80.860001506451,-80.36000150645,0.));
#6685=CARTESIAN_POINT('',(80.5,-93.64,0.));
#6686=CARTESIAN_POINT('',(80.5,-80.36,0.));
#6687=CARTESIAN_POINT('',(80.86,-94.,0.));
#6688=CARTESIAN_POINT('Origin',(80.860001506451,-93.63999849354,0.));
#6689=CARTESIAN_POINT('',(94.14,-94.,0.));
#6690=CARTESIAN_POINT('',(80.86,-94.,0.));
#6691=CARTESIAN_POINT('',(94.5,-93.64,0.));
#6692=CARTESIAN_POINT('Origin',(94.139998493549,-93.63999849354,0.));
#6693=CARTESIAN_POINT('',(94.5,-80.36,0.));
#6694=CARTESIAN_POINT('',(94.5,-93.64,0.));
#6695=CARTESIAN_POINT('',(94.14,-80.,0.));
#6696=CARTESIAN_POINT('Origin',(94.139998493549,-80.36000150645,0.));
#6697=CARTESIAN_POINT('',(94.14,-80.,0.));
#6698=CARTESIAN_POINT('',(98.86,-84.,0.));
#6699=CARTESIAN_POINT('',(98.5,-84.36,0.));
#6700=CARTESIAN_POINT('Origin',(98.860001506451,-84.36000150645,0.));
#6701=CARTESIAN_POINT('',(98.5,-97.64,0.));
#6702=CARTESIAN_POINT('',(98.5,-84.36,0.));
#6703=CARTESIAN_POINT('',(98.86,-98.,0.));
#6704=CARTESIAN_POINT('Origin',(98.860001506451,-97.63999849354,0.));
#6705=CARTESIAN_POINT('',(112.14,-98.,0.));
#6706=CARTESIAN_POINT('',(98.86,-98.,0.));
#6707=CARTESIAN_POINT('',(112.5,-97.64,0.));
#6708=CARTESIAN_POINT('Origin',(112.13999849354,-97.63999849354,0.));
#6709=CARTESIAN_POINT('',(112.5,-84.36,0.));
#6710=CARTESIAN_POINT('',(112.5,-97.64,0.));
#6711=CARTESIAN_POINT('',(112.14,-84.,0.));
#6712=CARTESIAN_POINT('Origin',(112.13999849354,-84.36000150645,0.));
#6713=CARTESIAN_POINT('',(112.14,-84.,0.));
#6714=CARTESIAN_POINT('',(116.86,-74.,0.));
#6715=CARTESIAN_POINT('',(116.5,-74.36,0.));
#6716=CARTESIAN_POINT('Origin',(116.86000150645,-74.36000150645,0.));
#6717=CARTESIAN_POINT('',(116.5,-87.64,0.));
#6718=CARTESIAN_POINT('',(116.5,-74.36,0.));
#6719=CARTESIAN_POINT('',(116.86,-88.,0.));
#6720=CARTESIAN_POINT('Origin',(116.86000150645,-87.63999849354,0.));
#6721=CARTESIAN_POINT('',(130.14,-88.,0.));
#6722=CARTESIAN_POINT('',(116.86,-88.,0.));
#6723=CARTESIAN_POINT('',(130.5,-87.64,0.));
#6724=CARTESIAN_POINT('Origin',(130.13999849354,-87.63999849354,0.));
#6725=CARTESIAN_POINT('',(130.5,-74.36,0.));
#6726=CARTESIAN_POINT('',(130.5,-87.64,0.));
#6727=CARTESIAN_POINT('',(130.14,-74.,0.));
#6728=CARTESIAN_POINT('Origin',(130.13999849354,-74.36000150645,0.));
#6729=CARTESIAN_POINT('',(130.14,-74.,0.));
#6730=CARTESIAN_POINT('',(134.86,-73.,0.));
#6731=CARTESIAN_POINT('',(134.5,-73.36,0.));
#6732=CARTESIAN_POINT('Origin',(134.86000150645,-73.36000150645,0.));
#6733=CARTESIAN_POINT('',(134.5,-86.64,0.));
#6734=CARTESIAN_POINT('',(134.5,-73.36,0.));
#6735=CARTESIAN_POINT('',(134.86,-87.,0.));
#6736=CARTESIAN_POINT('Origin',(134.86000150645,-86.63999849354,0.));
#6737=CARTESIAN_POINT('',(148.14,-87.,0.));
#6738=CARTESIAN_POINT('',(134.86,-87.,0.));
#6739=CARTESIAN_POINT('',(148.5,-86.64,0.));
#6740=CARTESIAN_POINT('Origin',(148.13999849354,-86.63999849354,0.));
#6741=CARTESIAN_POINT('',(148.5,-73.36,0.));
#6742=CARTESIAN_POINT('',(148.5,-86.64,0.));
#6743=CARTESIAN_POINT('',(148.14,-73.,0.));
#6744=CARTESIAN_POINT('Origin',(148.13999849354,-73.36000150645,0.));
#6745=CARTESIAN_POINT('',(148.14,-73.,0.));
#6746=CARTESIAN_POINT('',(98.86,-67.,0.));
#6747=CARTESIAN_POINT('',(98.5,-67.36,0.));
#6748=CARTESIAN_POINT('Origin',(98.860001506451,-67.36000150645,0.));
#6749=CARTESIAN_POINT('',(98.5,-80.64,0.));
#6750=CARTESIAN_POINT('',(98.5,-67.36,0.));
#6751=CARTESIAN_POINT('',(98.86,-81.,0.));
#6752=CARTESIAN_POINT('Origin',(98.860001506451,-80.63999849354,0.));
#6753=CARTESIAN_POINT('',(112.14,-81.,0.));
#6754=CARTESIAN_POINT('',(98.86,-81.,0.));
#6755=CARTESIAN_POINT('',(112.5,-80.64,0.));
#6756=CARTESIAN_POINT('Origin',(112.13999849354,-80.63999849354,0.));
#6757=CARTESIAN_POINT('',(112.5,-67.36,0.));
#6758=CARTESIAN_POINT('',(112.5,-80.64,0.));
#6759=CARTESIAN_POINT('',(112.14,-67.,0.));
#6760=CARTESIAN_POINT('Origin',(112.13999849354,-67.36000150645,0.));
#6761=CARTESIAN_POINT('',(112.14,-67.,0.));
#6762=CARTESIAN_POINT('',(116.86,-57.,0.));
#6763=CARTESIAN_POINT('',(116.5,-57.36,0.));
#6764=CARTESIAN_POINT('Origin',(116.86000150645,-57.36000150645,0.));
#6765=CARTESIAN_POINT('',(116.5,-70.64,0.));
#6766=CARTESIAN_POINT('',(116.5,-57.36,0.));
#6767=CARTESIAN_POINT('',(116.86,-71.,0.));
#6768=CARTESIAN_POINT('Origin',(116.86000150645,-70.63999849354,0.));
#6769=CARTESIAN_POINT('',(130.14,-71.,0.));
#6770=CARTESIAN_POINT('',(116.86,-71.,0.));
#6771=CARTESIAN_POINT('',(130.5,-70.64,0.));
#6772=CARTESIAN_POINT('Origin',(130.13999849354,-70.63999849354,0.));
#6773=CARTESIAN_POINT('',(130.5,-57.36,0.));
#6774=CARTESIAN_POINT('',(130.5,-70.64,0.));
#6775=CARTESIAN_POINT('',(130.14,-57.,0.));
#6776=CARTESIAN_POINT('Origin',(130.13999849354,-57.36000150645,0.));
#6777=CARTESIAN_POINT('',(130.14,-57.,0.));
#6778=CARTESIAN_POINT('',(112.,-56.9,0.));
#6779=CARTESIAN_POINT('Origin',(112.,-58.,0.));
#6780=CARTESIAN_POINT('',(134.86,-56.,0.));
#6781=CARTESIAN_POINT('',(134.5,-56.36,0.));
#6782=CARTESIAN_POINT('Origin',(134.86000150645,-56.36000150645,0.));
#6783=CARTESIAN_POINT('',(134.5,-69.64,0.));
#6784=CARTESIAN_POINT('',(134.5,-56.36,0.));
#6785=CARTESIAN_POINT('',(134.86,-70.,0.));
#6786=CARTESIAN_POINT('Origin',(134.86000150645,-69.63999849354,0.));
#6787=CARTESIAN_POINT('',(148.14,-70.,0.));
#6788=CARTESIAN_POINT('',(134.86,-70.,0.));
#6789=CARTESIAN_POINT('',(148.5,-69.64,0.));
#6790=CARTESIAN_POINT('Origin',(148.13999849354,-69.63999849354,0.));
#6791=CARTESIAN_POINT('',(148.5,-56.36,0.));
#6792=CARTESIAN_POINT('',(148.5,-69.64,0.));
#6793=CARTESIAN_POINT('',(148.14,-56.,0.));
#6794=CARTESIAN_POINT('Origin',(148.13999849354,-56.36000150645,0.));
#6795=CARTESIAN_POINT('',(148.14,-56.,0.));
#6796=CARTESIAN_POINT('',(152.86,-76.,0.));
#6797=CARTESIAN_POINT('',(152.5,-76.36,0.));
#6798=CARTESIAN_POINT('Origin',(152.86000150645,-76.36000150645,0.));
#6799=CARTESIAN_POINT('',(152.5,-89.64,0.));
#6800=CARTESIAN_POINT('',(152.5,-76.36,0.));
#6801=CARTESIAN_POINT('',(152.86,-90.,0.));
#6802=CARTESIAN_POINT('Origin',(152.86000150645,-89.63999849354,0.));
#6803=CARTESIAN_POINT('',(166.14,-90.,0.));
#6804=CARTESIAN_POINT('',(152.86,-90.,0.));
#6805=CARTESIAN_POINT('',(166.5,-89.64,0.));
#6806=CARTESIAN_POINT('Origin',(166.13999849354,-89.63999849354,0.));
#6807=CARTESIAN_POINT('',(166.5,-76.36,0.));
#6808=CARTESIAN_POINT('',(166.5,-89.64,0.));
#6809=CARTESIAN_POINT('',(166.14,-76.,0.));
#6810=CARTESIAN_POINT('Origin',(166.13999849354,-76.36000150645,0.));
#6811=CARTESIAN_POINT('',(166.14,-76.,0.));
#6812=CARTESIAN_POINT('',(170.86,-78.,0.));
#6813=CARTESIAN_POINT('',(170.5,-78.36,0.));
#6814=CARTESIAN_POINT('Origin',(170.86000150645,-78.36000150645,0.));
#6815=CARTESIAN_POINT('',(170.5,-91.64,0.));
#6816=CARTESIAN_POINT('',(170.5,-78.36,0.));
#6817=CARTESIAN_POINT('',(170.86,-92.,0.));
#6818=CARTESIAN_POINT('Origin',(170.86000150645,-91.63999849354,0.));
#6819=CARTESIAN_POINT('',(184.14,-92.,0.));
#6820=CARTESIAN_POINT('',(170.86,-92.,0.));
#6821=CARTESIAN_POINT('',(184.5,-91.64,0.));
#6822=CARTESIAN_POINT('Origin',(184.13999849354,-91.63999849354,0.));
#6823=CARTESIAN_POINT('',(184.5,-78.36,0.));
#6824=CARTESIAN_POINT('',(184.5,-91.64,0.));
#6825=CARTESIAN_POINT('',(184.14,-78.,0.));
#6826=CARTESIAN_POINT('Origin',(184.13999849354,-78.36000150645,0.));
#6827=CARTESIAN_POINT('',(184.14,-78.,0.));
#6828=CARTESIAN_POINT('',(152.86,-59.,0.));
#6829=CARTESIAN_POINT('',(152.5,-59.36,0.));
#6830=CARTESIAN_POINT('Origin',(152.86000150645,-59.36000150645,0.));
#6831=CARTESIAN_POINT('',(152.5,-72.64,0.));
#6832=CARTESIAN_POINT('',(152.5,-59.36,0.));
#6833=CARTESIAN_POINT('',(152.86,-73.,0.));
#6834=CARTESIAN_POINT('Origin',(152.86000150645,-72.63999849354,0.));
#6835=CARTESIAN_POINT('',(166.14,-73.,0.));
#6836=CARTESIAN_POINT('',(152.86,-73.,0.));
#6837=CARTESIAN_POINT('',(166.5,-72.64,0.));
#6838=CARTESIAN_POINT('Origin',(166.13999849354,-72.63999849354,0.));
#6839=CARTESIAN_POINT('',(166.5,-59.36,0.));
#6840=CARTESIAN_POINT('',(166.5,-72.64,0.));
#6841=CARTESIAN_POINT('',(166.14,-59.,0.));
#6842=CARTESIAN_POINT('Origin',(166.13999849354,-59.36000150645,0.));
#6843=CARTESIAN_POINT('',(166.14,-59.,0.));
#6844=CARTESIAN_POINT('',(169.5,-57.15,0.));
#6845=CARTESIAN_POINT('Origin',(169.5,-58.25,0.));
#6846=CARTESIAN_POINT('',(170.86,-61.,0.));
#6847=CARTESIAN_POINT('',(170.5,-61.36,0.));
#6848=CARTESIAN_POINT('Origin',(170.86000150645,-61.36000150645,0.));
#6849=CARTESIAN_POINT('',(170.5,-74.64,0.));
#6850=CARTESIAN_POINT('',(170.5,-61.36,0.));
#6851=CARTESIAN_POINT('',(170.86,-75.,0.));
#6852=CARTESIAN_POINT('Origin',(170.86000150645,-74.63999849354,0.));
#6853=CARTESIAN_POINT('',(184.14,-75.,0.));
#6854=CARTESIAN_POINT('',(170.86,-75.,0.));
#6855=CARTESIAN_POINT('',(184.5,-74.64,0.));
#6856=CARTESIAN_POINT('Origin',(184.13999849354,-74.63999849354,0.));
#6857=CARTESIAN_POINT('',(184.5,-61.36,0.));
#6858=CARTESIAN_POINT('',(184.5,-74.64,0.));
#6859=CARTESIAN_POINT('',(184.14,-61.,0.));
#6860=CARTESIAN_POINT('Origin',(184.13999849354,-61.36000150645,0.));
#6861=CARTESIAN_POINT('',(184.14,-61.,0.));
#6862=CARTESIAN_POINT('Origin',(112.13999849354,-101.3600015064,0.));
#6863=CARTESIAN_POINT('',(112.14,-101.,0.));
#6864=CARTESIAN_POINT('',(112.5,-101.36,0.));
#6865=CARTESIAN_POINT('Origin',(112.14,-101.,0.));
#6866=CARTESIAN_POINT('',(98.86,-101.,0.));
#6867=CARTESIAN_POINT('Origin',(98.860001506451,-101.3600015064,0.));
#6868=CARTESIAN_POINT('',(98.5,-101.36,0.));
#6869=CARTESIAN_POINT('Origin',(98.5,-101.36,0.));
#6870=CARTESIAN_POINT('',(98.5,-114.64,0.));
#6871=CARTESIAN_POINT('Origin',(94.139998493549,-97.36000150645,0.));
#6872=CARTESIAN_POINT('',(94.14,-97.,0.));
#6873=CARTESIAN_POINT('',(94.5,-97.36,0.));
#6874=CARTESIAN_POINT('Origin',(94.14,-97.,0.));
#6875=CARTESIAN_POINT('',(80.86,-97.,0.));
#6876=CARTESIAN_POINT('Origin',(80.860001506451,-97.36000150645,0.));
#6877=CARTESIAN_POINT('',(80.5,-97.36,0.));
#6878=CARTESIAN_POINT('Origin',(80.5,-97.36,0.));
#6879=CARTESIAN_POINT('',(80.5,-110.64,0.));
#6880=CARTESIAN_POINT('Origin',(130.13999849354,-91.36000150645,0.));
#6881=CARTESIAN_POINT('',(130.14,-91.,0.));
#6882=CARTESIAN_POINT('',(130.5,-91.36,0.));
#6883=CARTESIAN_POINT('Origin',(130.14,-91.,0.));
#6884=CARTESIAN_POINT('',(116.86,-91.,0.));
#6885=CARTESIAN_POINT('Origin',(116.86000150645,-91.36000150645,0.));
#6886=CARTESIAN_POINT('',(116.5,-91.36,0.));
#6887=CARTESIAN_POINT('Origin',(116.5,-91.36,0.));
#6888=CARTESIAN_POINT('',(116.5,-104.64,0.));
#6889=CARTESIAN_POINT('Origin',(148.13999849354,-90.36000150645,0.));
#6890=CARTESIAN_POINT('',(148.14,-90.,0.));
#6891=CARTESIAN_POINT('',(148.5,-90.36,0.));
#6892=CARTESIAN_POINT('Origin',(148.14,-90.,0.));
#6893=CARTESIAN_POINT('',(134.86,-90.,0.));
#6894=CARTESIAN_POINT('Origin',(134.86000150645,-90.36000150645,0.));
#6895=CARTESIAN_POINT('',(134.5,-90.36,0.));
#6896=CARTESIAN_POINT('Origin',(134.5,-90.36,0.));
#6897=CARTESIAN_POINT('',(134.5,-103.64,0.));
#6898=CARTESIAN_POINT('Origin',(163.13999849354,-112.3600015064,0.));
#6899=CARTESIAN_POINT('',(163.14,-112.,0.));
#6900=CARTESIAN_POINT('',(163.5,-112.36,0.));
#6901=CARTESIAN_POINT('Origin',(163.14,-112.,0.));
#6902=CARTESIAN_POINT('',(149.86,-112.,0.));
#6903=CARTESIAN_POINT('Origin',(149.86000150645,-112.3600015064,0.));
#6904=CARTESIAN_POINT('',(149.5,-112.36,0.));
#6905=CARTESIAN_POINT('Origin',(149.5,-112.36,0.));
#6906=CARTESIAN_POINT('',(149.5,-125.64,0.));
#6907=CARTESIAN_POINT('Origin',(205.57040455119,-124.069592192,0.));
#6908=CARTESIAN_POINT('',(205.750409,-123.757822,0.));
#6909=CARTESIAN_POINT('',(205.882178,-124.249591,0.));
#6910=CARTESIAN_POINT('Origin',(205.750409,-123.757822,0.));
#6911=CARTESIAN_POINT('',(194.249591,-117.117822,0.));
#6912=CARTESIAN_POINT('Origin',(194.06959219205,-117.4295954488,0.));
#6913=CARTESIAN_POINT('',(193.757822,-117.249591,0.));
#6914=CARTESIAN_POINT('Origin',(193.757822,-117.249591,0.));
#6915=CARTESIAN_POINT('',(187.117822,-128.750409,0.));
#6916=CARTESIAN_POINT('Origin',(184.63230636732,-118.3048107879,0.));
#6917=CARTESIAN_POINT('',(184.725481,-117.957078,0.));
#6918=CARTESIAN_POINT('',(184.980039,-118.397986,0.));
#6919=CARTESIAN_POINT('Origin',(184.725481,-117.957078,0.));
#6920=CARTESIAN_POINT('',(171.897986,-114.519961,0.));
#6921=CARTESIAN_POINT('Origin',(171.80481078792,-114.8676936326,0.));
#6922=CARTESIAN_POINT('',(171.457078,-114.774519,0.));
#6923=CARTESIAN_POINT('Origin',(171.457078,-114.774519,0.));
#6924=CARTESIAN_POINT('',(168.019961,-127.602014,0.));
#6925=CARTESIAN_POINT('Origin',(166.13999849354,-93.36000150645,0.));
#6926=CARTESIAN_POINT('',(166.14,-93.,0.));
#6927=CARTESIAN_POINT('',(166.5,-93.36,0.));
#6928=CARTESIAN_POINT('Origin',(166.14,-93.,0.));
#6929=CARTESIAN_POINT('',(152.86,-93.,0.));
#6930=CARTESIAN_POINT('Origin',(152.86000150645,-93.36000150645,0.));
#6931=CARTESIAN_POINT('',(152.5,-93.36,0.));
#6932=CARTESIAN_POINT('Origin',(152.5,-93.36,0.));
#6933=CARTESIAN_POINT('',(152.5,-106.64,0.));
#6934=CARTESIAN_POINT('Origin',(184.13999849354,-95.36000150645,0.));
#6935=CARTESIAN_POINT('',(184.14,-95.,0.));
#6936=CARTESIAN_POINT('',(184.5,-95.36,0.));
#6937=CARTESIAN_POINT('Origin',(184.14,-95.,0.));
#6938=CARTESIAN_POINT('',(170.86,-95.,0.));
#6939=CARTESIAN_POINT('Origin',(170.86000150645,-95.36000150645,0.));
#6940=CARTESIAN_POINT('',(170.5,-95.36,0.));
#6941=CARTESIAN_POINT('Origin',(170.5,-95.36,0.));
#6942=CARTESIAN_POINT('',(170.5,-108.64,0.));
#6943=CARTESIAN_POINT('Origin',(94.139998493549,-80.36000150645,0.));
#6944=CARTESIAN_POINT('',(94.14,-80.,0.));
#6945=CARTESIAN_POINT('',(94.5,-80.36,0.));
#6946=CARTESIAN_POINT('Origin',(94.14,-80.,0.));
#6947=CARTESIAN_POINT('',(80.86,-80.,0.));
#6948=CARTESIAN_POINT('Origin',(80.860001506451,-80.36000150645,0.));
#6949=CARTESIAN_POINT('',(80.5,-80.36,0.));
#6950=CARTESIAN_POINT('Origin',(80.5,-80.36,0.));
#6951=CARTESIAN_POINT('',(80.5,-93.64,0.));
#6952=CARTESIAN_POINT('Origin',(112.13999849354,-84.36000150645,0.));
#6953=CARTESIAN_POINT('',(112.14,-84.,0.));
#6954=CARTESIAN_POINT('',(112.5,-84.36,0.));
#6955=CARTESIAN_POINT('Origin',(112.14,-84.,0.));
#6956=CARTESIAN_POINT('',(98.86,-84.,0.));
#6957=CARTESIAN_POINT('Origin',(98.860001506451,-84.36000150645,0.));
#6958=CARTESIAN_POINT('',(98.5,-84.36,0.));
#6959=CARTESIAN_POINT('Origin',(98.5,-84.36,0.));
#6960=CARTESIAN_POINT('',(98.5,-97.64,0.));
#6961=CARTESIAN_POINT('Origin',(130.13999849354,-74.36000150645,0.));
#6962=CARTESIAN_POINT('',(130.14,-74.,0.));
#6963=CARTESIAN_POINT('',(130.5,-74.36,0.));
#6964=CARTESIAN_POINT('Origin',(130.14,-74.,0.));
#6965=CARTESIAN_POINT('',(116.86,-74.,0.));
#6966=CARTESIAN_POINT('Origin',(116.86000150645,-74.36000150645,0.));
#6967=CARTESIAN_POINT('',(116.5,-74.36,0.));
#6968=CARTESIAN_POINT('Origin',(116.5,-74.36,0.));
#6969=CARTESIAN_POINT('',(116.5,-87.64,0.));
#6970=CARTESIAN_POINT('Origin',(148.13999849354,-73.36000150645,0.));
#6971=CARTESIAN_POINT('',(148.14,-73.,0.));
#6972=CARTESIAN_POINT('',(148.5,-73.36,0.));
#6973=CARTESIAN_POINT('Origin',(148.14,-73.,0.));
#6974=CARTESIAN_POINT('',(134.86,-73.,0.));
#6975=CARTESIAN_POINT('Origin',(134.86000150645,-73.36000150645,0.));
#6976=CARTESIAN_POINT('',(134.5,-73.36,0.));
#6977=CARTESIAN_POINT('Origin',(134.5,-73.36,0.));
#6978=CARTESIAN_POINT('',(134.5,-86.64,0.));
#6979=CARTESIAN_POINT('Origin',(112.13999849354,-67.36000150645,0.));
#6980=CARTESIAN_POINT('',(112.14,-67.,0.));
#6981=CARTESIAN_POINT('',(112.5,-67.36,0.));
#6982=CARTESIAN_POINT('Origin',(112.14,-67.,0.));
#6983=CARTESIAN_POINT('',(98.86,-67.,0.));
#6984=CARTESIAN_POINT('Origin',(98.860001506451,-67.36000150645,0.));
#6985=CARTESIAN_POINT('',(98.5,-67.36,0.));
#6986=CARTESIAN_POINT('Origin',(98.5,-67.36,0.));
#6987=CARTESIAN_POINT('',(98.5,-80.64,0.));
#6988=CARTESIAN_POINT('Origin',(130.13999849354,-57.36000150645,0.));
#6989=CARTESIAN_POINT('',(130.14,-57.,0.));
#6990=CARTESIAN_POINT('',(130.5,-57.36,0.));
#6991=CARTESIAN_POINT('Origin',(130.14,-57.,0.));
#6992=CARTESIAN_POINT('',(116.86,-57.,0.));
#6993=CARTESIAN_POINT('Origin',(116.86000150645,-57.36000150645,0.));
#6994=CARTESIAN_POINT('',(116.5,-57.36,0.));
#6995=CARTESIAN_POINT('Origin',(116.5,-57.36,0.));
#6996=CARTESIAN_POINT('',(116.5,-70.64,0.));
#6997=CARTESIAN_POINT('Origin',(148.13999849354,-56.36000150645,0.));
#6998=CARTESIAN_POINT('',(148.14,-56.,0.));
#6999=CARTESIAN_POINT('',(148.5,-56.36,0.));
#7000=CARTESIAN_POINT('Origin',(148.14,-56.,0.));
#7001=CARTESIAN_POINT('',(134.86,-56.,0.));
#7002=CARTESIAN_POINT('Origin',(134.86000150645,-56.36000150645,0.));
#7003=CARTESIAN_POINT('',(134.5,-56.36,0.));
#7004=CARTESIAN_POINT('Origin',(134.5,-56.36,0.));
#7005=CARTESIAN_POINT('',(134.5,-69.64,0.));
#7006=CARTESIAN_POINT('Origin',(166.13999849354,-76.36000150645,0.));
#7007=CARTESIAN_POINT('',(166.14,-76.,0.));
#7008=CARTESIAN_POINT('',(166.5,-76.36,0.));
#7009=CARTESIAN_POINT('Origin',(166.14,-76.,0.));
#7010=CARTESIAN_POINT('',(152.86,-76.,0.));
#7011=CARTESIAN_POINT('Origin',(152.86000150645,-76.36000150645,0.));
#7012=CARTESIAN_POINT('',(152.5,-76.36,0.));
#7013=CARTESIAN_POINT('Origin',(152.5,-76.36,0.));
#7014=CARTESIAN_POINT('',(152.5,-89.64,0.));
#7015=CARTESIAN_POINT('Origin',(184.13999849354,-78.36000150645,0.));
#7016=CARTESIAN_POINT('',(184.14,-78.,0.));
#7017=CARTESIAN_POINT('',(184.5,-78.36,0.));
#7018=CARTESIAN_POINT('Origin',(184.14,-78.,0.));
#7019=CARTESIAN_POINT('',(170.86,-78.,0.));
#7020=CARTESIAN_POINT('Origin',(170.86000150645,-78.36000150645,0.));
#7021=CARTESIAN_POINT('',(170.5,-78.36,0.));
#7022=CARTESIAN_POINT('Origin',(170.5,-78.36,0.));
#7023=CARTESIAN_POINT('',(170.5,-91.64,0.));
#7024=CARTESIAN_POINT('Origin',(166.13999849354,-59.36000150645,0.));
#7025=CARTESIAN_POINT('',(166.14,-59.,0.));
#7026=CARTESIAN_POINT('',(166.5,-59.36,0.));
#7027=CARTESIAN_POINT('Origin',(166.14,-59.,0.));
#7028=CARTESIAN_POINT('',(152.86,-59.,0.));
#7029=CARTESIAN_POINT('Origin',(152.86000150645,-59.36000150645,0.));
#7030=CARTESIAN_POINT('',(152.5,-59.36,0.));
#7031=CARTESIAN_POINT('Origin',(152.5,-59.36,0.));
#7032=CARTESIAN_POINT('',(152.5,-72.64,0.));
#7033=CARTESIAN_POINT('Origin',(184.13999849354,-61.36000150645,0.));
#7034=CARTESIAN_POINT('',(184.14,-61.,0.));
#7035=CARTESIAN_POINT('',(184.5,-61.36,0.));
#7036=CARTESIAN_POINT('Origin',(184.14,-61.,0.));
#7037=CARTESIAN_POINT('',(170.86,-61.,0.));
#7038=CARTESIAN_POINT('Origin',(170.86000150645,-61.36000150645,0.));
#7039=CARTESIAN_POINT('',(170.5,-61.36,0.));
#7040=CARTESIAN_POINT('Origin',(170.5,-61.36,0.));
#7041=CARTESIAN_POINT('',(170.5,-74.64,0.));
#7042=CARTESIAN_POINT('Origin',(77.999999252925,-113.000000747,0.));
#7043=CARTESIAN_POINT('',(77.,-113.,0.));
#7044=CARTESIAN_POINT('',(78.,-114.,0.));
#7045=CARTESIAN_POINT('Origin',(77.,-113.,0.));
#7046=CARTESIAN_POINT('',(77.,-78.,0.));
#7047=CARTESIAN_POINT('Origin',(77.999999252925,-77.99999925292,0.));
#7048=CARTESIAN_POINT('',(78.,-77.,0.));
#7049=CARTESIAN_POINT('Origin',(78.,-77.,0.));
#7050=CARTESIAN_POINT('',(94.,-77.,0.));
#7051=CARTESIAN_POINT('Origin',(94.000000747075,-76.00000074707,0.));
#7052=CARTESIAN_POINT('',(95.,-76.,0.));
#7053=CARTESIAN_POINT('Origin',(95.,-76.,0.));
#7054=CARTESIAN_POINT('',(95.,-65.,0.));
#7055=CARTESIAN_POINT('Origin',(95.999999252925,-64.99999925292,0.));
#7056=CARTESIAN_POINT('',(96.,-64.,0.));
#7057=CARTESIAN_POINT('Origin',(96.,-64.,0.));
#7058=CARTESIAN_POINT('',(108.25,-64.,0.));
#7059=CARTESIAN_POINT('Origin',(108.25000074707,-63.00000074707,0.));
#7060=CARTESIAN_POINT('',(109.25,-63.,0.));
#7061=CARTESIAN_POINT('Origin',(109.25,-63.,0.));
#7062=CARTESIAN_POINT('',(109.25,-55.,0.));
#7063=CARTESIAN_POINT('Origin',(110.24999925292,-54.99999925292,0.));
#7064=CARTESIAN_POINT('',(110.25,-54.,0.));
#7065=CARTESIAN_POINT('Origin',(110.25,-54.,0.));
#7066=CARTESIAN_POINT('',(130.5,-54.,0.));
#7067=CARTESIAN_POINT('Origin',(130.49999866642,-53.49999866642,0.));
#7068=CARTESIAN_POINT('',(131.,-53.5,0.));
#7069=CARTESIAN_POINT('Origin',(131.50000133357,-53.50000133357,0.));
#7070=CARTESIAN_POINT('',(131.5,-53.,0.));
#7071=CARTESIAN_POINT('Origin',(131.5,-53.,0.));
#7072=CARTESIAN_POINT('',(151.,-53.,0.));
#7073=CARTESIAN_POINT('Origin',(151.00000074707,-53.99999925292,0.));
#7074=CARTESIAN_POINT('',(152.,-54.,0.));
#7075=CARTESIAN_POINT('Origin',(152.,-54.,0.));
#7076=CARTESIAN_POINT('',(152.,-54.5,0.));
#7077=CARTESIAN_POINT('Origin',(152.99999925292,-54.50000074707,0.));
#7078=CARTESIAN_POINT('',(153.,-55.5,0.));
#7079=CARTESIAN_POINT('Origin',(153.,-55.5,0.));
#7080=CARTESIAN_POINT('',(171.25,-55.5,0.));
#7081=CARTESIAN_POINT('Origin',(171.25000074707,-56.49999925292,0.));
#7082=CARTESIAN_POINT('',(172.25,-56.5,0.));
#7083=CARTESIAN_POINT('Origin',(172.25,-56.5,0.));
#7084=CARTESIAN_POINT('',(172.25,-57.,0.));
#7085=CARTESIAN_POINT('Origin',(173.24999925292,-57.00000074707,0.));
#7086=CARTESIAN_POINT('',(173.25,-58.,0.));
#7087=CARTESIAN_POINT('Origin',(173.25,-58.,0.));
#7088=CARTESIAN_POINT('',(185.999995842576,-58.,6.6));
#7089=CARTESIAN_POINT('Origin',(185.999995842576,-58.4999986924231,6.6));
#7090=CARTESIAN_POINT('',(186.499994535001,-58.4999986924231,6.6));
#7091=CARTESIAN_POINT('Origin',(186.500000000011,-107.,6.6));
#7092=CARTESIAN_POINT('',(186.500000000011,-107.,6.6));
#7093=CARTESIAN_POINT('Origin',(98.860001506451,-114.6399984935,0.));
#7094=CARTESIAN_POINT('',(98.86,-115.,0.));
#7095=CARTESIAN_POINT('Origin',(80.860001506451,-110.6399984935,0.));
#7096=CARTESIAN_POINT('',(80.86,-111.,0.));
#7097=CARTESIAN_POINT('Origin',(116.86000150645,-104.6399984935,0.));
#7098=CARTESIAN_POINT('',(116.86,-105.,0.));
#7099=CARTESIAN_POINT('Origin',(134.86000150645,-103.6399984935,0.));
#7100=CARTESIAN_POINT('',(134.86,-104.,0.));
#7101=CARTESIAN_POINT('Origin',(149.86000150645,-125.6399984935,0.));
#7102=CARTESIAN_POINT('',(149.86,-126.,0.));
#7103=CARTESIAN_POINT('Origin',(187.4295954488,-128.9304078079,0.));
#7104=CARTESIAN_POINT('',(187.249591,-129.242178,0.));
#7105=CARTESIAN_POINT('Origin',(168.36769363267,-127.695189212,0.));
#7106=CARTESIAN_POINT('',(168.274519,-128.042922,0.));
#7107=CARTESIAN_POINT('Origin',(152.86000150645,-106.6399984935,0.));
#7108=CARTESIAN_POINT('',(152.86,-107.,0.));
#7109=CARTESIAN_POINT('Origin',(170.86000150645,-108.6399984935,0.));
#7110=CARTESIAN_POINT('',(170.86,-109.,0.));
#7111=CARTESIAN_POINT('Origin',(80.860001506451,-93.63999849354,0.));
#7112=CARTESIAN_POINT('',(80.86,-94.,0.));
#7113=CARTESIAN_POINT('Origin',(98.860001506451,-97.63999849354,0.));
#7114=CARTESIAN_POINT('',(98.86,-98.,0.));
#7115=CARTESIAN_POINT('Origin',(116.86000150645,-87.63999849354,0.));
#7116=CARTESIAN_POINT('',(116.86,-88.,0.));
#7117=CARTESIAN_POINT('Origin',(134.86000150645,-86.63999849354,0.));
#7118=CARTESIAN_POINT('',(134.86,-87.,0.));
#7119=CARTESIAN_POINT('Origin',(98.860001506451,-80.63999849354,0.));
#7120=CARTESIAN_POINT('',(98.86,-81.,0.));
#7121=CARTESIAN_POINT('Origin',(116.86000150645,-70.63999849354,0.));
#7122=CARTESIAN_POINT('',(116.86,-71.,0.));
#7123=CARTESIAN_POINT('Origin',(134.86000150645,-69.63999849354,0.));
#7124=CARTESIAN_POINT('',(134.86,-70.,0.));
#7125=CARTESIAN_POINT('Origin',(152.86000150645,-89.63999849354,0.));
#7126=CARTESIAN_POINT('',(152.86,-90.,0.));
#7127=CARTESIAN_POINT('Origin',(170.86000150645,-91.63999849354,0.));
#7128=CARTESIAN_POINT('',(170.86,-92.,0.));
#7129=CARTESIAN_POINT('Origin',(152.86000150645,-72.63999849354,0.));
#7130=CARTESIAN_POINT('',(152.86,-73.,0.));
#7131=CARTESIAN_POINT('Origin',(170.86000150645,-74.63999849354,0.));
#7132=CARTESIAN_POINT('',(170.86,-75.,0.));
#7133=CARTESIAN_POINT('Origin',(187.500000000011,-107.,6.6));
#7134=CARTESIAN_POINT('',(187.500000000011,-108.,6.6));
#7135=CARTESIAN_POINT('Origin',(208.124783608616,-108.,6.6));
#7136=CARTESIAN_POINT('',(208.124783608616,-108.,0.));
#7137=CARTESIAN_POINT('Origin',(213.00008251737,-106.8899163396,0.));
#7138=CARTESIAN_POINT('Origin',(90.,-114.,0.));
#7139=CARTESIAN_POINT('',(90.,-114.,0.));
#7140=CARTESIAN_POINT('Origin',(90.000000747075,-114.9999992529,0.));
#7141=CARTESIAN_POINT('',(91.,-115.,0.));
#7142=CARTESIAN_POINT('Origin',(208.625,-122.839264,0.));
#7143=CARTESIAN_POINT('Origin',(91.,-117.,0.));
#7144=CARTESIAN_POINT('',(91.,-117.,0.));
#7145=CARTESIAN_POINT('Origin',(91.999999252925,-117.000000747,0.));
#7146=CARTESIAN_POINT('',(92.,-118.,0.));
#7147=CARTESIAN_POINT('Origin',(137.214719,-118.,0.));
#7148=CARTESIAN_POINT('',(137.214719,-118.,0.));
#7149=CARTESIAN_POINT('Origin',(137.21471859101,-122.9999993363,0.));
#7150=CARTESIAN_POINT('',(141.466044,-120.368227,0.));
#7151=CARTESIAN_POINT('Origin',(145.332428,-126.613922,0.));
#7152=CARTESIAN_POINT('',(145.332428,-126.613922,0.));
#7153=CARTESIAN_POINT('Origin',(149.58375671156,-123.9821452787,0.));
#7154=CARTESIAN_POINT('',(148.681836,-128.900131,0.));
#7155=CARTESIAN_POINT('Origin',(204.602258,-148.806881,0.));
#7156=CARTESIAN_POINT('',(178.786435,-133.902109,0.));
#7157=CARTESIAN_POINT('Origin',(178.786435,-133.902109,0.));
#7158=CARTESIAN_POINT('Origin',(94.,-115.,-0.046));
#7159=CARTESIAN_POINT('',(94.,-113.9,-0.046));
#7160=CARTESIAN_POINT('Origin',(112.5,-114.64,0.));
#7161=CARTESIAN_POINT('',(112.5,-114.64,0.));
#7162=CARTESIAN_POINT('Origin',(98.86,-115.,0.));
#7163=CARTESIAN_POINT('',(112.14,-115.,0.));
#7164=CARTESIAN_POINT('Origin',(112.13999849354,-114.6399984935,0.));
#7165=CARTESIAN_POINT('Origin',(94.5,-110.64,0.));
#7166=CARTESIAN_POINT('',(94.5,-110.64,0.));
#7167=CARTESIAN_POINT('Origin',(80.86,-111.,0.));
#7168=CARTESIAN_POINT('',(94.14,-111.,0.));
#7169=CARTESIAN_POINT('Origin',(94.139998493549,-110.6399984935,0.));
#7170=CARTESIAN_POINT('Origin',(142.5,-114.,-0.046));
#7171=CARTESIAN_POINT('',(142.5,-112.9,-0.046));
#7172=CARTESIAN_POINT('Origin',(130.5,-104.64,0.));
#7173=CARTESIAN_POINT('',(130.5,-104.64,0.));
#7174=CARTESIAN_POINT('Origin',(116.86,-105.,0.));
#7175=CARTESIAN_POINT('',(130.14,-105.,0.));
#7176=CARTESIAN_POINT('Origin',(130.13999849354,-104.6399984935,0.));
#7177=CARTESIAN_POINT('Origin',(148.5,-103.64,0.));
#7178=CARTESIAN_POINT('',(148.5,-103.64,0.));
#7179=CARTESIAN_POINT('Origin',(134.86,-104.,0.));
#7180=CARTESIAN_POINT('',(148.14,-104.,0.));
#7181=CARTESIAN_POINT('Origin',(148.13999849354,-103.6399984935,0.));
#7182=CARTESIAN_POINT('Origin',(163.5,-125.64,0.));
#7183=CARTESIAN_POINT('',(163.5,-125.64,0.));
#7184=CARTESIAN_POINT('Origin',(149.86,-126.,0.));
#7185=CARTESIAN_POINT('',(163.14,-126.,0.));
#7186=CARTESIAN_POINT('Origin',(163.13999849354,-125.6399984935,0.));
#7187=CARTESIAN_POINT('Origin',(199.242178,-135.750409,0.));
#7188=CARTESIAN_POINT('',(199.242178,-135.750409,0.));
#7189=CARTESIAN_POINT('Origin',(187.249591,-129.242178,0.));
#7190=CARTESIAN_POINT('',(198.750409,-135.882178,0.));
#7191=CARTESIAN_POINT('Origin',(198.93040780794,-135.5704045511,0.));
#7192=CARTESIAN_POINT('Origin',(181.542922,-131.225481,0.));
#7193=CARTESIAN_POINT('',(181.542922,-131.225481,0.));
#7194=CARTESIAN_POINT('Origin',(168.274519,-128.042922,0.));
#7195=CARTESIAN_POINT('',(181.102014,-131.480039,0.));
#7196=CARTESIAN_POINT('Origin',(181.19518921207,-131.1323063673,0.));
#7197=CARTESIAN_POINT('Origin',(166.5,-106.64,0.));
#7198=CARTESIAN_POINT('',(166.5,-106.64,0.));
#7199=CARTESIAN_POINT('Origin',(152.86,-107.,0.));
#7200=CARTESIAN_POINT('',(166.14,-107.,0.));
#7201=CARTESIAN_POINT('Origin',(166.13999849354,-106.6399984935,0.));
#7202=CARTESIAN_POINT('Origin',(189.5,-115.,-0.046));
#7203=CARTESIAN_POINT('',(189.5,-113.9,-0.046));
#7204=CARTESIAN_POINT('Origin',(184.5,-108.64,0.));
#7205=CARTESIAN_POINT('',(184.5,-108.64,0.));
#7206=CARTESIAN_POINT('Origin',(170.86,-109.,0.));
#7207=CARTESIAN_POINT('',(184.14,-109.,0.));
#7208=CARTESIAN_POINT('Origin',(184.13999849354,-108.6399984935,0.));
#7209=CARTESIAN_POINT('Origin',(94.5,-93.64,0.));
#7210=CARTESIAN_POINT('',(94.5,-93.64,0.));
#7211=CARTESIAN_POINT('Origin',(80.86,-94.,0.));
#7212=CARTESIAN_POINT('',(94.14,-94.,0.));
#7213=CARTESIAN_POINT('Origin',(94.139998493549,-93.63999849354,0.));
#7214=CARTESIAN_POINT('Origin',(112.5,-97.64,0.));
#7215=CARTESIAN_POINT('',(112.5,-97.64,0.));
#7216=CARTESIAN_POINT('Origin',(98.86,-98.,0.));
#7217=CARTESIAN_POINT('',(112.14,-98.,0.));
#7218=CARTESIAN_POINT('Origin',(112.13999849354,-97.63999849354,0.));
#7219=CARTESIAN_POINT('Origin',(130.5,-87.64,0.));
#7220=CARTESIAN_POINT('',(130.5,-87.64,0.));
#7221=CARTESIAN_POINT('Origin',(116.86,-88.,0.));
#7222=CARTESIAN_POINT('',(130.14,-88.,0.));
#7223=CARTESIAN_POINT('Origin',(130.13999849354,-87.63999849354,0.));
#7224=CARTESIAN_POINT('Origin',(148.5,-86.64,0.));
#7225=CARTESIAN_POINT('',(148.5,-86.64,0.));
#7226=CARTESIAN_POINT('Origin',(134.86,-87.,0.));
#7227=CARTESIAN_POINT('',(148.14,-87.,0.));
#7228=CARTESIAN_POINT('Origin',(148.13999849354,-86.63999849354,0.));
#7229=CARTESIAN_POINT('Origin',(112.5,-80.64,0.));
#7230=CARTESIAN_POINT('',(112.5,-80.64,0.));
#7231=CARTESIAN_POINT('Origin',(98.86,-81.,0.));
#7232=CARTESIAN_POINT('',(112.14,-81.,0.));
#7233=CARTESIAN_POINT('Origin',(112.13999849354,-80.63999849354,0.));
#7234=CARTESIAN_POINT('Origin',(130.5,-70.64,0.));
#7235=CARTESIAN_POINT('',(130.5,-70.64,0.));
#7236=CARTESIAN_POINT('Origin',(116.86,-71.,0.));
#7237=CARTESIAN_POINT('',(130.14,-71.,0.));
#7238=CARTESIAN_POINT('Origin',(130.13999849354,-70.63999849354,0.));
#7239=CARTESIAN_POINT('Origin',(112.,-58.,-0.046));
#7240=CARTESIAN_POINT('',(112.,-56.9,-0.046));
#7241=CARTESIAN_POINT('Origin',(148.5,-69.64,0.));
#7242=CARTESIAN_POINT('',(148.5,-69.64,0.));
#7243=CARTESIAN_POINT('Origin',(134.86,-70.,0.));
#7244=CARTESIAN_POINT('',(148.14,-70.,0.));
#7245=CARTESIAN_POINT('Origin',(148.13999849354,-69.63999849354,0.));
#7246=CARTESIAN_POINT('Origin',(166.5,-89.64,0.));
#7247=CARTESIAN_POINT('',(166.5,-89.64,0.));
#7248=CARTESIAN_POINT('Origin',(152.86,-90.,0.));
#7249=CARTESIAN_POINT('',(166.14,-90.,0.));
#7250=CARTESIAN_POINT('Origin',(166.13999849354,-89.63999849354,0.));
#7251=CARTESIAN_POINT('Origin',(184.5,-91.64,0.));
#7252=CARTESIAN_POINT('',(184.5,-91.64,0.));
#7253=CARTESIAN_POINT('Origin',(170.86,-92.,0.));
#7254=CARTESIAN_POINT('',(184.14,-92.,0.));
#7255=CARTESIAN_POINT('Origin',(184.13999849354,-91.63999849354,0.));
#7256=CARTESIAN_POINT('Origin',(166.5,-72.64,0.));
#7257=CARTESIAN_POINT('',(166.5,-72.64,0.));
#7258=CARTESIAN_POINT('Origin',(152.86,-73.,0.));
#7259=CARTESIAN_POINT('',(166.14,-73.,0.));
#7260=CARTESIAN_POINT('Origin',(166.13999849354,-72.63999849354,0.));
#7261=CARTESIAN_POINT('Origin',(169.5,-58.25,-0.046));
#7262=CARTESIAN_POINT('',(169.5,-57.15,-0.046));
#7263=CARTESIAN_POINT('Origin',(184.5,-74.64,0.));
#7264=CARTESIAN_POINT('',(184.5,-74.64,0.));
#7265=CARTESIAN_POINT('Origin',(170.86,-75.,0.));
#7266=CARTESIAN_POINT('',(184.14,-75.,0.));
#7267=CARTESIAN_POINT('Origin',(184.13999849354,-74.63999849354,0.));
#7268=CARTESIAN_POINT('',(0.,0.,0.));
#7269=UNCERTAINTY_MEASURE_WITH_UNIT(LENGTH_MEASURE(0.01),#7275,
'DISTANCE_ACCURACY_VALUE',
'Maximum model space distance between geometric entities at asserted c
onnectivities');
#7270=UNCERTAINTY_MEASURE_WITH_UNIT(LENGTH_MEASURE(0.01),#7275,
'DISTANCE_ACCURACY_VALUE',
'Maximum model space distance between geometric entities at asserted c
onnectivities');
#7271=UNCERTAINTY_MEASURE_WITH_UNIT(LENGTH_MEASURE(0.01),#7275,
'DISTANCE_ACCURACY_VALUE',
'Maximum model space distance between geometric entities at asserted c
onnectivities');
#7272=(
GEOMETRIC_REPRESENTATION_CONTEXT(3)
GLOBAL_UNCERTAINTY_ASSIGNED_CONTEXT((#7269))
GLOBAL_UNIT_ASSIGNED_CONTEXT((#7275,#7277,#7278))
REPRESENTATION_CONTEXT('','3D')
);
#7273=(
GEOMETRIC_REPRESENTATION_CONTEXT(3)
GLOBAL_UNCERTAINTY_ASSIGNED_CONTEXT((#7270))
GLOBAL_UNIT_ASSIGNED_CONTEXT((#7275,#7277,#7278))
REPRESENTATION_CONTEXT('','3D')
);
#7274=(
GEOMETRIC_REPRESENTATION_CONTEXT(3)
GLOBAL_UNCERTAINTY_ASSIGNED_CONTEXT((#7271))
GLOBAL_UNIT_ASSIGNED_CONTEXT((#7275,#7277,#7278))
REPRESENTATION_CONTEXT('','3D')
);
#7275=(
LENGTH_UNIT()
NAMED_UNIT(*)
SI_UNIT(.MILLI.,.METRE.)
);
#7276=(
LENGTH_UNIT()
NAMED_UNIT(*)
SI_UNIT($,.METRE.)
);
#7277=(
NAMED_UNIT(*)
PLANE_ANGLE_UNIT()
SI_UNIT($,.RADIAN.)
);
#7278=(
NAMED_UNIT(*)
SI_UNIT($,.STERADIAN.)
SOLID_ANGLE_UNIT()
);
#7279=SHAPE_DEFINITION_REPRESENTATION(#7281,#7284);
#7280=SHAPE_DEFINITION_REPRESENTATION(#7282,#7285);
#7281=PRODUCT_DEFINITION_SHAPE('',$,#7287);
#7282=PRODUCT_DEFINITION_SHAPE('',$,#7288);
#7283=PRODUCT_DEFINITION_SHAPE($,$,#14);
#7284=SHAPE_REPRESENTATION('',(#4317,#4742),#7272);
#7285=SHAPE_REPRESENTATION('',(#4318),#7273);
#7286=PRODUCT_DEFINITION_CONTEXT('part definition',#7294,'design');
#7287=PRODUCT_DEFINITION('reel_left_top 1','reel_left_top',#7289,#7286);
#7288=PRODUCT_DEFINITION('reel_left_top_PCB','reel_left_top_PCB',#7290,
#7286);
#7289=PRODUCT_DEFINITION_FORMATION('',$,#7296);
#7290=PRODUCT_DEFINITION_FORMATION('',$,#7297);
#7291=PRODUCT_RELATED_PRODUCT_CATEGORY('reel_left_top','reel_left_top',
(#7296));
#7292=PRODUCT_RELATED_PRODUCT_CATEGORY('reel_left_top_PCB',
'reel_left_top_PCB',(#7297));
#7293=APPLICATION_PROTOCOL_DEFINITION('international standard',
'automotive_design',2009,#7294);
#7294=APPLICATION_CONTEXT(
'Core Data for Automotive Mechanical Design Process');
#7295=PRODUCT_CONTEXT('part definition',#7294,'mechanical');
#7296=PRODUCT('reel_left_top 1','reel_left_top',
'KiCad electronic assembly',(#7295));
#7297=PRODUCT('reel_left_top_PCB','reel_left_top_PCB',$,(#7295));
#7298=PRESENTATION_STYLE_ASSIGNMENT((#7300));
#7299=PRESENTATION_STYLE_ASSIGNMENT((#7301));
#7300=SURFACE_STYLE_USAGE(.BOTH.,#7302);
#7301=SURFACE_STYLE_USAGE(.BOTH.,#7303);
#7302=SURFACE_SIDE_STYLE('',(#7304));
#7303=SURFACE_SIDE_STYLE('',(#7305));
#7304=SURFACE_STYLE_FILL_AREA(#7306);
#7305=SURFACE_STYLE_FILL_AREA(#7307);
#7306=FILL_AREA_STYLE('\X2\92FC\X0\ - \X2\30B530C630F3\X0\',(#7308));
#7307=FILL_AREA_STYLE('Opaque(80,124,105)',(#7309));
#7308=FILL_AREA_STYLE_COLOUR('\X2\92FC\X0\ - \X2\30B530C630F3\X0\',#7310);
#7309=FILL_AREA_STYLE_COLOUR('Opaque(80,124,105)',#7311);
#7310=COLOUR_RGB('\X2\92FC\X0\ - \X2\30B530C630F3\X0\',0.627450980392157,
0.627450980392157,0.627450980392157);
#7311=COLOUR_RGB('Opaque(80,124,105)',0.313725490196078,0.486274509803922,
0.411764705882353);
ENDSEC;
END-ISO-10303-21;
