ISO-10303-21;
HEADER;
FILE_DESCRIPTION(('KiCad electronic assembly'),'2;1');
FILE_NAME('reel_right.step','2026-07-19T19:20:31',('Pcbnew'),('Kicad'),
  'Open CASCADE STEP processor 7.9','KiCad to STEP converter','Unknown'
  );
FILE_SCHEMA(('AUTOMOTIVE_DESIGN { 1 0 10303 214 1 1 1 1 }'));
ENDSEC;
DATA;
#1 = APPLICATION_PROTOCOL_DEFINITION('international standard',
  'automotive_design',2000,#2);
#2 = APPLICATION_CONTEXT(
  'core data for automotive mechanical design processes');
#3 = SHAPE_DEFINITION_REPRESENTATION(#4,#10);
#4 = PRODUCT_DEFINITION_SHAPE('','',#5);
#5 = PRODUCT_DEFINITION('design','',#6,#9);
#6 = PRODUCT_DEFINITION_FORMATION('','',#7);
#7 = PRODUCT('reel_right 1','reel_right 1','',(#8));
#8 = PRODUCT_CONTEXT('',#2,'mechanical');
#9 = PRODUCT_DEFINITION_CONTEXT('part definition',#2,'design');
#10 = SHAPE_REPRESENTATION('',(#11,#15),#19);
#11 = AXIS2_PLACEMENT_3D('',#12,#13,#14);
#12 = CARTESIAN_POINT('',(0.,0.,0.));
#13 = DIRECTION('',(0.,0.,1.));
#14 = DIRECTION('',(1.,0.,-0.));
#15 = AXIS2_PLACEMENT_3D('',#16,#17,#18);
#16 = CARTESIAN_POINT('',(0.,0.,0.));
#17 = DIRECTION('',(0.,0.,1.));
#18 = DIRECTION('',(1.,0.,-0.));
#19 = ( GEOMETRIC_REPRESENTATION_CONTEXT(3)
GLOBAL_UNCERTAINTY_ASSIGNED_CONTEXT((#23)) GLOBAL_UNIT_ASSIGNED_CONTEXT(
(#20,#21,#22)) REPRESENTATION_CONTEXT('Context #1',
  '3D Context with UNIT and UNCERTAINTY') );
#20 = ( LENGTH_UNIT() NAMED_UNIT(*) SI_UNIT(.MILLI.,.METRE.) );
#21 = ( NAMED_UNIT(*) PLANE_ANGLE_UNIT() SI_UNIT($,.RADIAN.) );
#22 = ( NAMED_UNIT(*) SI_UNIT($,.STERADIAN.) SOLID_ANGLE_UNIT() );
#23 = UNCERTAINTY_MEASURE_WITH_UNIT(LENGTH_MEASURE(1.E-07),#20,
  'distance_accuracy_value','confusion accuracy');
#24 = PRODUCT_RELATED_PRODUCT_CATEGORY('part',$,(#7));
#25 = SHAPE_DEFINITION_REPRESENTATION(#26,#32);
#26 = PRODUCT_DEFINITION_SHAPE('','',#27);
#27 = PRODUCT_DEFINITION('design','',#28,#31);
#28 = PRODUCT_DEFINITION_FORMATION('','',#29);
#29 = PRODUCT('reel-right_PCB','reel-right_PCB','',(#30));
#30 = PRODUCT_CONTEXT('',#2,'mechanical');
#31 = PRODUCT_DEFINITION_CONTEXT('part definition',#2,'design');
#32 = ADVANCED_BREP_SHAPE_REPRESENTATION('',(#11,#33),#8295);
#33 = MANIFOLD_SOLID_BREP('',#34);
#34 = CLOSED_SHELL('',(#35,#77,#108,#141,#2376,#4611,#4628,#4645,#4662,
    #4679,#4696,#4713,#4730,#4747,#4764,#4781,#4798,#4815,#4832,#4849,
    #4866,#4883,#4900,#4917,#4934,#4951,#4968,#4985,#5002,#5019,#5036,
    #5053,#5070,#5087,#5104,#5121,#5138,#5155,#5172,#5189,#5206,#5223,
    #5240,#5257,#5274,#5291,#5308,#5325,#5342,#5359,#5376,#5388,#5405,
    #5422,#5439,#5456,#5473,#5490,#5507,#5524,#5541,#5558,#5575,#5592,
    #5609,#5626,#5643,#5660,#5677,#5694,#5711,#5728,#5745,#5762,#5779,
    #5796,#5813,#5830,#5847,#5864,#5881,#5898,#5915,#5932,#5949,#5966,
    #5983,#6000,#6017,#6034,#6051,#6068,#6085,#6102,#6119,#6136,#6153,
    #6170,#6187,#6204,#6221,#6238,#6255,#6272,#6289,#6306,#6323,#6340,
    #6357,#6374,#6391,#6408,#6425,#6442,#6459,#6476,#6493,#6510,#6527,
    #6544,#6561,#6578,#6595,#6617,#6634,#6651,#6668,#6685,#6702,#6719,
    #6736,#6753,#6765,#6782,#6799,#6816,#6833,#6850,#6867,#6884,#6901,
    #6918,#6935,#6952,#6969,#6986,#7003,#7020,#7042,#7059,#7076,#7093,
    #7110,#7127,#7144,#7161,#7178,#7195,#7207,#7224,#7241,#7258,#7275,
    #7292,#7309,#7326,#7343,#7360,#7377,#7394,#7411,#7428,#7445,#7462,
    #7479,#7496,#7513,#7530,#7547,#7564,#7581,#7598,#7615,#7632,#7649,
    #7666,#7683,#7700,#7717,#7734,#7751,#7768,#7785,#7802,#7819,#7836,
    #7853,#7870,#7887,#7904,#7921,#7938,#7955,#7972,#7989,#8006,#8023,
    #8040,#8057,#8074,#8091,#8108,#8125,#8142,#8159,#8176,#8193,#8210,
    #8227,#8244,#8261,#8278));
#35 = ADVANCED_FACE('',(#36),#72,.T.);
#36 = FACE_BOUND('',#37,.T.);
#37 = EDGE_LOOP('',(#38,#48,#57,#65));
#38 = ORIENTED_EDGE('',*,*,#39,.T.);
#39 = EDGE_CURVE('',#40,#42,#44,.T.);
#40 = VERTEX_POINT('',#41);
#41 = CARTESIAN_POINT('',(126.,-45.5,0.));
#42 = VERTEX_POINT('',#43);
#43 = CARTESIAN_POINT('',(126.,-45.5,1.6));
#44 = LINE('',#45,#46);
#45 = CARTESIAN_POINT('',(126.,-45.5,0.));
#46 = VECTOR('',#47,1.);
#47 = DIRECTION('',(0.,0.,1.));
#48 = ORIENTED_EDGE('',*,*,#49,.T.);
#49 = EDGE_CURVE('',#42,#50,#52,.T.);
#50 = VERTEX_POINT('',#51);
#51 = CARTESIAN_POINT('',(126.5,-46.,1.6));
#52 = CIRCLE('',#53,0.500001333575);
#53 = AXIS2_PLACEMENT_3D('',#54,#55,#56);
#54 = CARTESIAN_POINT('',(125.99999866642,-46.00000133357,1.6));
#55 = DIRECTION('',(0.,0.,-1.));
#56 = DIRECTION('',(2.667139162621E-06,0.999999999996,0.));
#57 = ORIENTED_EDGE('',*,*,#58,.F.);
#58 = EDGE_CURVE('',#59,#50,#61,.T.);
#59 = VERTEX_POINT('',#60);
#60 = CARTESIAN_POINT('',(126.5,-46.,0.));
#61 = LINE('',#62,#63);
#62 = CARTESIAN_POINT('',(126.5,-46.,0.));
#63 = VECTOR('',#64,1.);
#64 = DIRECTION('',(0.,0.,1.));
#65 = ORIENTED_EDGE('',*,*,#66,.F.);
#66 = EDGE_CURVE('',#40,#59,#67,.T.);
#67 = CIRCLE('',#68,0.500001333575);
#68 = AXIS2_PLACEMENT_3D('',#69,#70,#71);
#69 = CARTESIAN_POINT('',(125.99999866642,-46.00000133357,0.));
#70 = DIRECTION('',(0.,0.,-1.));
#71 = DIRECTION('',(2.667139162621E-06,0.999999999996,0.));
#72 = CYLINDRICAL_SURFACE('',#73,0.500001333575);
#73 = AXIS2_PLACEMENT_3D('',#74,#75,#76);
#74 = CARTESIAN_POINT('',(125.99999866642,-46.00000133357,0.));
#75 = DIRECTION('',(0.,0.,-1.));
#76 = DIRECTION('',(2.667139162621E-06,0.999999999996,0.));
#77 = ADVANCED_FACE('',(#78),#103,.T.);
#78 = FACE_BOUND('',#79,.T.);
#79 = EDGE_LOOP('',(#80,#90,#96,#97));
#80 = ORIENTED_EDGE('',*,*,#81,.T.);
#81 = EDGE_CURVE('',#82,#84,#86,.T.);
#82 = VERTEX_POINT('',#83);
#83 = CARTESIAN_POINT('',(106.5,-45.5,0.));
#84 = VERTEX_POINT('',#85);
#85 = CARTESIAN_POINT('',(106.5,-45.5,1.6));
#86 = LINE('',#87,#88);
#87 = CARTESIAN_POINT('',(106.5,-45.5,0.));
#88 = VECTOR('',#89,1.);
#89 = DIRECTION('',(0.,0.,1.));
#90 = ORIENTED_EDGE('',*,*,#91,.T.);
#91 = EDGE_CURVE('',#84,#42,#92,.T.);
#92 = LINE('',#93,#94);
#93 = CARTESIAN_POINT('',(106.5,-45.5,1.6));
#94 = VECTOR('',#95,1.);
#95 = DIRECTION('',(1.,0.,0.));
#96 = ORIENTED_EDGE('',*,*,#39,.F.);
#97 = ORIENTED_EDGE('',*,*,#98,.F.);
#98 = EDGE_CURVE('',#82,#40,#99,.T.);
#99 = LINE('',#100,#101);
#100 = CARTESIAN_POINT('',(106.5,-45.5,0.));
#101 = VECTOR('',#102,1.);
#102 = DIRECTION('',(1.,0.,0.));
#103 = PLANE('',#104);
#104 = AXIS2_PLACEMENT_3D('',#105,#106,#107);
#105 = CARTESIAN_POINT('',(106.5,-45.5,0.));
#106 = DIRECTION('',(0.,1.,0.));
#107 = DIRECTION('',(1.,0.,0.));
#108 = ADVANCED_FACE('',(#109),#136,.F.);
#109 = FACE_BOUND('',#110,.T.);
#110 = EDGE_LOOP('',(#111,#112,#121,#129));
#111 = ORIENTED_EDGE('',*,*,#58,.T.);
#112 = ORIENTED_EDGE('',*,*,#113,.T.);
#113 = EDGE_CURVE('',#50,#114,#116,.T.);
#114 = VERTEX_POINT('',#115);
#115 = CARTESIAN_POINT('',(127.,-46.5,1.6));
#116 = CIRCLE('',#117,0.500001333575);
#117 = AXIS2_PLACEMENT_3D('',#118,#119,#120);
#118 = CARTESIAN_POINT('',(127.00000133357,-45.99999866642,1.6));
#119 = DIRECTION('',(0.,0.,1.));
#120 = DIRECTION('',(-0.999999999996,-2.667139162621E-06,0.));
#121 = ORIENTED_EDGE('',*,*,#122,.F.);
#122 = EDGE_CURVE('',#123,#114,#125,.T.);
#123 = VERTEX_POINT('',#124);
#124 = CARTESIAN_POINT('',(127.,-46.5,0.));
#125 = LINE('',#126,#127);
#126 = CARTESIAN_POINT('',(127.,-46.5,0.));
#127 = VECTOR('',#128,1.);
#128 = DIRECTION('',(0.,0.,1.));
#129 = ORIENTED_EDGE('',*,*,#130,.F.);
#130 = EDGE_CURVE('',#59,#123,#131,.T.);
#131 = CIRCLE('',#132,0.500001333575);
#132 = AXIS2_PLACEMENT_3D('',#133,#134,#135);
#133 = CARTESIAN_POINT('',(127.00000133357,-45.99999866642,0.));
#134 = DIRECTION('',(0.,0.,1.));
#135 = DIRECTION('',(-0.999999999996,-2.667139162621E-06,0.));
#136 = CYLINDRICAL_SURFACE('',#137,0.500001333575);
#137 = AXIS2_PLACEMENT_3D('',#138,#139,#140);
#138 = CARTESIAN_POINT('',(127.00000133357,-45.99999866642,0.));
#139 = DIRECTION('',(-0.,-0.,-1.));
#140 = DIRECTION('',(-0.999999999996,-2.667139162621E-06,0.));
#141 = ADVANCED_FACE('',(#142,#536,#547,#558,#569,#580,#591,#602,#613,
    #624,#635,#646,#657,#668,#679,#690,#701,#712,#723,#734,#745,#756,
    #767,#778,#789,#800,#811,#822,#833,#844,#855,#866,#877,#888,#899,
    #910,#921,#932,#943,#954,#965,#976,#987,#998,#1009,#1020,#1031,#1042
    ,#1053,#1064,#1075,#1086,#1097,#1108,#1119,#1130,#1141,#1152,#1163,
    #1174,#1185,#1196,#1207,#1218,#1229,#1240,#1251,#1262,#1273,#1284,
    #1295,#1306,#1317,#1405,#1416,#1427,#1438,#1449,#1460,#1471,#1482,
    #1493,#1504,#1515,#1526,#1537,#1548,#1559,#1570,#1667,#1678,#1689,
    #1700,#1711,#1722,#1733,#1744,#1755,#1766,#1777,#1788,#1799,#1810,
    #1821,#1832,#1843,#1854,#1865,#1876,#1887,#1898,#1909,#1920,#1931,
    #1942,#1953,#1964,#1975,#1986,#1997,#2008,#2019,#2030,#2041,#2052,
    #2063,#2074,#2085,#2096,#2107,#2118,#2129,#2140,#2151,#2162,#2173,
    #2184,#2195,#2206,#2217,#2228,#2239,#2250,#2261,#2272,#2283,#2294,
    #2305,#2316,#2327,#2338,#2349,#2360),#2371,.F.);
#142 = FACE_BOUND('',#143,.F.);
#143 = EDGE_LOOP('',(#144,#145,#146,#155,#163,#172,#180,#189,#197,#206,
    #214,#223,#231,#240,#248,#257,#265,#274,#282,#291,#299,#308,#316,
    #325,#334,#342,#351,#359,#368,#376,#385,#393,#401,#410,#418,#427,
    #435,#444,#452,#461,#469,#478,#486,#495,#503,#512,#520,#529,#535));
#144 = ORIENTED_EDGE('',*,*,#66,.F.);
#145 = ORIENTED_EDGE('',*,*,#98,.F.);
#146 = ORIENTED_EDGE('',*,*,#147,.F.);
#147 = EDGE_CURVE('',#148,#82,#150,.T.);
#148 = VERTEX_POINT('',#149);
#149 = CARTESIAN_POINT('',(105.5,-46.5,0.));
#150 = CIRCLE('',#151,0.999999252925);
#151 = AXIS2_PLACEMENT_3D('',#152,#153,#154);
#152 = CARTESIAN_POINT('',(106.49999925292,-46.49999925292,0.));
#153 = DIRECTION('',(0.,0.,-1.));
#154 = DIRECTION('',(-1.,-7.470757349539E-07,-0.));
#155 = ORIENTED_EDGE('',*,*,#156,.F.);
#156 = EDGE_CURVE('',#157,#148,#159,.T.);
#157 = VERTEX_POINT('',#158);
#158 = CARTESIAN_POINT('',(105.5,-47.,0.));
#159 = LINE('',#160,#161);
#160 = CARTESIAN_POINT('',(105.5,-47.,0.));
#161 = VECTOR('',#162,1.);
#162 = DIRECTION('',(0.,1.,0.));
#163 = ORIENTED_EDGE('',*,*,#164,.F.);
#164 = EDGE_CURVE('',#165,#157,#167,.T.);
#165 = VERTEX_POINT('',#166);
#166 = CARTESIAN_POINT('',(104.5,-48.,0.));
#167 = CIRCLE('',#168,0.999999252925);
#168 = AXIS2_PLACEMENT_3D('',#169,#170,#171);
#169 = CARTESIAN_POINT('',(104.50000074707,-47.00000074707,0.));
#170 = DIRECTION('',(0.,0.,1.));
#171 = DIRECTION('',(-7.470757349539E-07,-1.,0.));
#172 = ORIENTED_EDGE('',*,*,#173,.F.);
#173 = EDGE_CURVE('',#174,#165,#176,.T.);
#174 = VERTEX_POINT('',#175);
#175 = CARTESIAN_POINT('',(86.25,-48.,0.));
#176 = LINE('',#177,#178);
#177 = CARTESIAN_POINT('',(86.25,-48.,0.));
#178 = VECTOR('',#179,1.);
#179 = DIRECTION('',(1.,0.,0.));
#180 = ORIENTED_EDGE('',*,*,#181,.F.);
#181 = EDGE_CURVE('',#182,#174,#184,.T.);
#182 = VERTEX_POINT('',#183);
#183 = CARTESIAN_POINT('',(85.25,-49.,0.));
#184 = CIRCLE('',#185,0.999999252925);
#185 = AXIS2_PLACEMENT_3D('',#186,#187,#188);
#186 = CARTESIAN_POINT('',(86.249999252925,-48.99999925292,0.));
#187 = DIRECTION('',(0.,0.,-1.));
#188 = DIRECTION('',(-1.,-7.470757349539E-07,-0.));
#189 = ORIENTED_EDGE('',*,*,#190,.F.);
#190 = EDGE_CURVE('',#191,#182,#193,.T.);
#191 = VERTEX_POINT('',#192);
#192 = CARTESIAN_POINT('',(85.25,-49.5,0.));
#193 = LINE('',#194,#195);
#194 = CARTESIAN_POINT('',(85.25,-49.5,0.));
#195 = VECTOR('',#196,1.);
#196 = DIRECTION('',(0.,1.,0.));
#197 = ORIENTED_EDGE('',*,*,#198,.F.);
#198 = EDGE_CURVE('',#199,#191,#201,.T.);
#199 = VERTEX_POINT('',#200);
#200 = CARTESIAN_POINT('',(84.25,-50.5,0.));
#201 = CIRCLE('',#202,0.999999252925);
#202 = AXIS2_PLACEMENT_3D('',#203,#204,#205);
#203 = CARTESIAN_POINT('',(84.250000747075,-49.50000074707,0.));
#204 = DIRECTION('',(0.,0.,1.));
#205 = DIRECTION('',(-7.470757349539E-07,-1.,0.));
#206 = ORIENTED_EDGE('',*,*,#207,.F.);
#207 = EDGE_CURVE('',#208,#199,#210,.T.);
#208 = VERTEX_POINT('',#209);
#209 = CARTESIAN_POINT('',(50.5,-50.5,0.));
#210 = LINE('',#211,#212);
#211 = CARTESIAN_POINT('',(50.5,-50.5,0.));
#212 = VECTOR('',#213,1.);
#213 = DIRECTION('',(1.,0.,0.));
#214 = ORIENTED_EDGE('',*,*,#215,.F.);
#215 = EDGE_CURVE('',#216,#208,#218,.T.);
#216 = VERTEX_POINT('',#217);
#217 = CARTESIAN_POINT('',(49.5,-51.5,0.));
#218 = CIRCLE('',#219,0.999999252925);
#219 = AXIS2_PLACEMENT_3D('',#220,#221,#222);
#220 = CARTESIAN_POINT('',(50.499999252925,-51.49999925292,0.));
#221 = DIRECTION('',(0.,0.,-1.));
#222 = DIRECTION('',(-1.,-7.470757491648E-07,-0.));
#223 = ORIENTED_EDGE('',*,*,#224,.F.);
#224 = EDGE_CURVE('',#225,#216,#227,.T.);
#225 = VERTEX_POINT('',#226);
#226 = CARTESIAN_POINT('',(49.5,-104.854918,0.));
#227 = LINE('',#228,#229);
#228 = CARTESIAN_POINT('',(49.5,-104.854918,0.));
#229 = VECTOR('',#230,1.);
#230 = DIRECTION('',(0.,1.,0.));
#231 = ORIENTED_EDGE('',*,*,#232,.F.);
#232 = EDGE_CURVE('',#233,#225,#235,.T.);
#233 = VERTEX_POINT('',#234);
#234 = CARTESIAN_POINT('',(47.,-109.185045,0.));
#235 = CIRCLE('',#236,5.000058624462);
#236 = AXIS2_PLACEMENT_3D('',#237,#238,#239);
#237 = CARTESIAN_POINT('',(44.499941375652,-104.8548841342,0.));
#238 = DIRECTION('',(0.,0.,1.));
#239 = DIRECTION('',(0.500005862355,-0.866022019126,0.));
#240 = ORIENTED_EDGE('',*,*,#241,.F.);
#241 = EDGE_CURVE('',#242,#233,#244,.T.);
#242 = VERTEX_POINT('',#243);
#243 = CARTESIAN_POINT('',(37.955771,-114.406733,0.));
#244 = LINE('',#245,#246);
#245 = CARTESIAN_POINT('',(37.955771,-114.406733,0.));
#246 = VECTOR('',#247,1.);
#247 = DIRECTION('',(0.866025405765,0.49999999657,0.));
#248 = ORIENTED_EDGE('',*,*,#249,.F.);
#249 = EDGE_CURVE('',#250,#242,#252,.T.);
#250 = VERTEX_POINT('',#251);
#251 = CARTESIAN_POINT('',(37.589746,-115.772758,0.));
#252 = CIRCLE('',#253,1.000084935963);
#253 = AXIS2_PLACEMENT_3D('',#254,#255,#256);
#254 = CARTESIAN_POINT('',(38.455887497404,-115.2727892153,0.));
#255 = DIRECTION('',(0.,0.,-1.));
#256 = DIRECTION('',(-0.86606793709,-0.499926322916,-0.));
#257 = ORIENTED_EDGE('',*,*,#258,.F.);
#258 = EDGE_CURVE('',#259,#250,#261,.T.);
#259 = VERTEX_POINT('',#260);
#260 = CARTESIAN_POINT('',(46.722209,-131.590648,0.));
#261 = LINE('',#262,#263);
#262 = CARTESIAN_POINT('',(46.722209,-131.590648,0.));
#263 = VECTOR('',#264,1.);
#264 = DIRECTION('',(-0.499999997967,0.866025404958,0.));
#265 = ORIENTED_EDGE('',*,*,#266,.F.);
#266 = EDGE_CURVE('',#267,#259,#269,.T.);
#267 = VERTEX_POINT('',#268);
#268 = CARTESIAN_POINT('',(47.847054,-132.056574,0.));
#269 = CIRCLE('',#270,0.999907387583);
#270 = AXIS2_PLACEMENT_3D('',#271,#272,#273);
#271 = CARTESIAN_POINT('',(47.588189890547,-131.0907561307,0.));
#272 = DIRECTION('',(0.,0.,-1.));
#273 = DIRECTION('',(0.258888085705,-0.965907324271,0.));
#274 = ORIENTED_EDGE('',*,*,#275,.F.);
#275 = EDGE_CURVE('',#276,#267,#278,.T.);
#276 = VERTEX_POINT('',#277);
#277 = CARTESIAN_POINT('',(82.764485,-122.700476,0.));
#278 = LINE('',#279,#280);
#279 = CARTESIAN_POINT('',(82.764485,-122.700476,0.));
#280 = VECTOR('',#281,1.);
#281 = DIRECTION('',(-0.965925822404,-0.258819059602,0.));
#282 = ORIENTED_EDGE('',*,*,#283,.F.);
#283 = EDGE_CURVE('',#284,#276,#286,.T.);
#284 = VERTEX_POINT('',#285);
#285 = CARTESIAN_POINT('',(83.471592,-121.475731,0.));
#286 = CIRCLE('',#287,1.00009920947);
#287 = AXIS2_PLACEMENT_3D('',#288,#289,#290);
#288 = CARTESIAN_POINT('',(82.505544690929,-121.7344799621,0.));
#289 = DIRECTION('',(0.,0.,-1.));
#290 = DIRECTION('',(0.965951477537,0.25872329436,0.));
#291 = ORIENTED_EDGE('',*,*,#292,.F.);
#292 = EDGE_CURVE('',#293,#284,#295,.T.);
#293 = VERTEX_POINT('',#294);
#294 = CARTESIAN_POINT('',(80.609457,-110.794095,0.));
#295 = LINE('',#296,#297);
#296 = CARTESIAN_POINT('',(80.609457,-110.794095,0.));
#297 = VECTOR('',#298,1.);
#298 = DIRECTION('',(0.258818982664,-0.965925843019,0.));
#299 = ORIENTED_EDGE('',*,*,#300,.F.);
#300 = EDGE_CURVE('',#301,#293,#303,.T.);
#301 = VERTEX_POINT('',#302);
#302 = CARTESIAN_POINT('',(85.439086,-104.5,0.));
#303 = CIRCLE('',#304,5.000000766444);
#304 = AXIS2_PLACEMENT_3D('',#305,#306,#307);
#305 = CARTESIAN_POINT('',(85.439087190721,-109.5000007664,0.));
#306 = DIRECTION('',(0.,0.,1.));
#307 = DIRECTION('',(-2.381440855174E-07,1.,0.));
#308 = ORIENTED_EDGE('',*,*,#309,.F.);
#309 = EDGE_CURVE('',#310,#301,#312,.T.);
#310 = VERTEX_POINT('',#311);
#311 = CARTESIAN_POINT('',(89.5,-104.5,0.));
#312 = LINE('',#313,#314);
#313 = CARTESIAN_POINT('',(89.5,-104.5,0.));
#314 = VECTOR('',#315,1.);
#315 = DIRECTION('',(-1.,0.,0.));
#316 = ORIENTED_EDGE('',*,*,#317,.F.);
#317 = EDGE_CURVE('',#318,#310,#320,.T.);
#318 = VERTEX_POINT('',#319);
#319 = CARTESIAN_POINT('',(90.5,-103.5,0.));
#320 = CIRCLE('',#321,0.999999252925);
#321 = AXIS2_PLACEMENT_3D('',#322,#323,#324);
#322 = CARTESIAN_POINT('',(89.500000747075,-103.500000747,0.));
#323 = DIRECTION('',(0.,0.,-1.));
#324 = DIRECTION('',(1.,7.47075720743E-07,0.));
#325 = ORIENTED_EDGE('',*,*,#326,.F.);
#326 = EDGE_CURVE('',#327,#318,#329,.T.);
#327 = VERTEX_POINT('',#328);
#328 = CARTESIAN_POINT('',(91.5,-102.5,0.));
#329 = CIRCLE('',#330,0.999999252925);
#330 = AXIS2_PLACEMENT_3D('',#331,#332,#333);
#331 = CARTESIAN_POINT('',(91.499999252925,-103.4999992529,0.));
#332 = DIRECTION('',(0.,0.,1.));
#333 = DIRECTION('',(7.47075720743E-07,1.,-0.));
#334 = ORIENTED_EDGE('',*,*,#335,.F.);
#335 = EDGE_CURVE('',#336,#327,#338,.T.);
#336 = VERTEX_POINT('',#337);
#337 = CARTESIAN_POINT('',(125.,-102.5,0.));
#338 = LINE('',#339,#340);
#339 = CARTESIAN_POINT('',(125.,-102.5,0.));
#340 = VECTOR('',#341,1.);
#341 = DIRECTION('',(-1.,0.,0.));
#342 = ORIENTED_EDGE('',*,*,#343,.F.);
#343 = EDGE_CURVE('',#344,#336,#346,.T.);
#344 = VERTEX_POINT('',#345);
#345 = CARTESIAN_POINT('',(126.,-103.5,0.));
#346 = CIRCLE('',#347,0.999999252925);
#347 = AXIS2_PLACEMENT_3D('',#348,#349,#350);
#348 = CARTESIAN_POINT('',(125.00000074707,-103.4999992529,0.));
#349 = DIRECTION('',(0.,0.,1.));
#350 = DIRECTION('',(1.,-7.47075720743E-07,0.));
#351 = ORIENTED_EDGE('',*,*,#352,.F.);
#352 = EDGE_CURVE('',#353,#344,#355,.T.);
#353 = VERTEX_POINT('',#354);
#354 = CARTESIAN_POINT('',(126.,-126.,0.));
#355 = LINE('',#356,#357);
#356 = CARTESIAN_POINT('',(126.,-126.,0.));
#357 = VECTOR('',#358,1.);
#358 = DIRECTION('',(0.,1.,0.));
#359 = ORIENTED_EDGE('',*,*,#360,.F.);
#360 = EDGE_CURVE('',#361,#353,#363,.T.);
#361 = VERTEX_POINT('',#362);
#362 = CARTESIAN_POINT('',(127.,-127.,0.));
#363 = CIRCLE('',#364,0.999999252925);
#364 = AXIS2_PLACEMENT_3D('',#365,#366,#367);
#365 = CARTESIAN_POINT('',(126.99999925292,-126.000000747,0.));
#366 = DIRECTION('',(0.,0.,-1.));
#367 = DIRECTION('',(7.47075720743E-07,-1.,0.));
#368 = ORIENTED_EDGE('',*,*,#369,.F.);
#369 = EDGE_CURVE('',#370,#361,#372,.T.);
#370 = VERTEX_POINT('',#371);
#371 = CARTESIAN_POINT('',(132.,-127.,0.));
#372 = LINE('',#373,#374);
#373 = CARTESIAN_POINT('',(132.,-127.,0.));
#374 = VECTOR('',#375,1.);
#375 = DIRECTION('',(-1.,0.,0.));
#376 = ORIENTED_EDGE('',*,*,#377,.F.);
#377 = EDGE_CURVE('',#378,#370,#380,.T.);
#378 = VERTEX_POINT('',#379);
#379 = CARTESIAN_POINT('',(133.,-126.,0.));
#380 = CIRCLE('',#381,0.999999252925);
#381 = AXIS2_PLACEMENT_3D('',#382,#383,#384);
#382 = CARTESIAN_POINT('',(132.00000074707,-126.000000747,0.));
#383 = DIRECTION('',(0.,0.,-1.));
#384 = DIRECTION('',(1.,7.470757491648E-07,0.));
#385 = ORIENTED_EDGE('',*,*,#386,.F.);
#386 = EDGE_CURVE('',#387,#378,#389,.T.);
#387 = VERTEX_POINT('',#388);
#388 = CARTESIAN_POINT('',(133.,-110.5,0.));
#389 = LINE('',#390,#391);
#390 = CARTESIAN_POINT('',(133.,-110.5,0.));
#391 = VECTOR('',#392,1.);
#392 = DIRECTION('',(0.,-1.,0.));
#393 = ORIENTED_EDGE('',*,*,#394,.F.);
#394 = EDGE_CURVE('',#395,#387,#397,.T.);
#395 = VERTEX_POINT('',#396);
#396 = CARTESIAN_POINT('',(165.5,-110.5,0.));
#397 = LINE('',#398,#399);
#398 = CARTESIAN_POINT('',(165.5,-110.5,0.));
#399 = VECTOR('',#400,1.);
#400 = DIRECTION('',(-1.,0.,0.));
#401 = ORIENTED_EDGE('',*,*,#402,.F.);
#402 = EDGE_CURVE('',#403,#395,#405,.T.);
#403 = VERTEX_POINT('',#404);
#404 = CARTESIAN_POINT('',(166.5,-109.5,0.));
#405 = CIRCLE('',#406,0.999999252925);
#406 = AXIS2_PLACEMENT_3D('',#407,#408,#409);
#407 = CARTESIAN_POINT('',(165.50000074707,-109.500000747,0.));
#408 = DIRECTION('',(0.,0.,-1.));
#409 = DIRECTION('',(1.,7.470757491648E-07,0.));
#410 = ORIENTED_EDGE('',*,*,#411,.F.);
#411 = EDGE_CURVE('',#412,#403,#414,.T.);
#412 = VERTEX_POINT('',#413);
#413 = CARTESIAN_POINT('',(166.5,-107.5,0.));
#414 = LINE('',#415,#416);
#415 = CARTESIAN_POINT('',(166.5,-107.5,0.));
#416 = VECTOR('',#417,1.);
#417 = DIRECTION('',(0.,-1.,0.));
#418 = ORIENTED_EDGE('',*,*,#419,.F.);
#419 = EDGE_CURVE('',#420,#412,#422,.T.);
#420 = VERTEX_POINT('',#421);
#421 = CARTESIAN_POINT('',(167.5,-106.5,0.));
#422 = CIRCLE('',#423,0.999999252925);
#423 = AXIS2_PLACEMENT_3D('',#424,#425,#426);
#424 = CARTESIAN_POINT('',(167.49999925292,-107.4999992529,0.));
#425 = DIRECTION('',(0.,0.,1.));
#426 = DIRECTION('',(7.470757349539E-07,1.,-0.));
#427 = ORIENTED_EDGE('',*,*,#428,.F.);
#428 = EDGE_CURVE('',#429,#420,#431,.T.);
#429 = VERTEX_POINT('',#430);
#430 = CARTESIAN_POINT('',(179.5,-106.5,0.));
#431 = LINE('',#432,#433);
#432 = CARTESIAN_POINT('',(179.5,-106.5,0.));
#433 = VECTOR('',#434,1.);
#434 = DIRECTION('',(-1.,0.,0.));
#435 = ORIENTED_EDGE('',*,*,#436,.F.);
#436 = EDGE_CURVE('',#437,#429,#439,.T.);
#437 = VERTEX_POINT('',#438);
#438 = CARTESIAN_POINT('',(180.5,-105.5,0.));
#439 = CIRCLE('',#440,0.999999252925);
#440 = AXIS2_PLACEMENT_3D('',#441,#442,#443);
#441 = CARTESIAN_POINT('',(179.50000074707,-105.500000747,0.));
#442 = DIRECTION('',(0.,0.,-1.));
#443 = DIRECTION('',(1.,7.470757491648E-07,0.));
#444 = ORIENTED_EDGE('',*,*,#445,.F.);
#445 = EDGE_CURVE('',#446,#437,#448,.T.);
#446 = VERTEX_POINT('',#447);
#447 = CARTESIAN_POINT('',(180.5,-70.5,0.));
#448 = LINE('',#449,#450);
#449 = CARTESIAN_POINT('',(180.5,-70.5,0.));
#450 = VECTOR('',#451,1.);
#451 = DIRECTION('',(0.,-1.,0.));
#452 = ORIENTED_EDGE('',*,*,#453,.F.);
#453 = EDGE_CURVE('',#454,#446,#456,.T.);
#454 = VERTEX_POINT('',#455);
#455 = CARTESIAN_POINT('',(179.5,-69.5,0.));
#456 = CIRCLE('',#457,0.999999252925);
#457 = AXIS2_PLACEMENT_3D('',#458,#459,#460);
#458 = CARTESIAN_POINT('',(179.50000074707,-70.49999925292,0.));
#459 = DIRECTION('',(0.,0.,-1.));
#460 = DIRECTION('',(-7.470757349539E-07,1.,0.));
#461 = ORIENTED_EDGE('',*,*,#462,.F.);
#462 = EDGE_CURVE('',#463,#454,#465,.T.);
#463 = VERTEX_POINT('',#464);
#464 = CARTESIAN_POINT('',(163.5,-69.5,0.));
#465 = LINE('',#466,#467);
#466 = CARTESIAN_POINT('',(163.5,-69.5,0.));
#467 = VECTOR('',#468,1.);
#468 = DIRECTION('',(1.,0.,0.));
#469 = ORIENTED_EDGE('',*,*,#470,.F.);
#470 = EDGE_CURVE('',#471,#463,#473,.T.);
#471 = VERTEX_POINT('',#472);
#472 = CARTESIAN_POINT('',(162.5,-68.5,0.));
#473 = CIRCLE('',#474,0.999999252925);
#474 = AXIS2_PLACEMENT_3D('',#475,#476,#477);
#475 = CARTESIAN_POINT('',(163.49999925292,-68.50000074707,0.));
#476 = DIRECTION('',(0.,0.,1.));
#477 = DIRECTION('',(-1.,7.470757491648E-07,0.));
#478 = ORIENTED_EDGE('',*,*,#479,.F.);
#479 = EDGE_CURVE('',#480,#471,#482,.T.);
#480 = VERTEX_POINT('',#481);
#481 = CARTESIAN_POINT('',(162.5,-57.5,0.));
#482 = LINE('',#483,#484);
#483 = CARTESIAN_POINT('',(162.5,-57.5,0.));
#484 = VECTOR('',#485,1.);
#485 = DIRECTION('',(0.,-1.,0.));
#486 = ORIENTED_EDGE('',*,*,#487,.F.);
#487 = EDGE_CURVE('',#488,#480,#490,.T.);
#488 = VERTEX_POINT('',#489);
#489 = CARTESIAN_POINT('',(161.5,-56.5,0.));
#490 = CIRCLE('',#491,0.999999252925);
#491 = AXIS2_PLACEMENT_3D('',#492,#493,#494);
#492 = CARTESIAN_POINT('',(161.50000074707,-57.49999925292,0.));
#493 = DIRECTION('',(0.,0.,-1.));
#494 = DIRECTION('',(-7.470757633756E-07,1.,0.));
#495 = ORIENTED_EDGE('',*,*,#496,.F.);
#496 = EDGE_CURVE('',#497,#488,#499,.T.);
#497 = VERTEX_POINT('',#498);
#498 = CARTESIAN_POINT('',(149.5,-56.5,0.));
#499 = LINE('',#500,#501);
#500 = CARTESIAN_POINT('',(149.5,-56.5,0.));
#501 = VECTOR('',#502,1.);
#502 = DIRECTION('',(1.,0.,0.));
#503 = ORIENTED_EDGE('',*,*,#504,.F.);
#504 = EDGE_CURVE('',#505,#497,#507,.T.);
#505 = VERTEX_POINT('',#506);
#506 = CARTESIAN_POINT('',(148.5,-55.5,0.));
#507 = CIRCLE('',#508,0.999999252925);
#508 = AXIS2_PLACEMENT_3D('',#509,#510,#511);
#509 = CARTESIAN_POINT('',(149.49999925292,-55.50000074707,0.));
#510 = DIRECTION('',(0.,0.,1.));
#511 = DIRECTION('',(-1.,7.470757562702E-07,0.));
#512 = ORIENTED_EDGE('',*,*,#513,.F.);
#513 = EDGE_CURVE('',#514,#505,#516,.T.);
#514 = VERTEX_POINT('',#515);
#515 = CARTESIAN_POINT('',(148.5,-47.5,0.));
#516 = LINE('',#517,#518);
#517 = CARTESIAN_POINT('',(148.5,-47.5,0.));
#518 = VECTOR('',#519,1.);
#519 = DIRECTION('',(0.,-1.,0.));
#520 = ORIENTED_EDGE('',*,*,#521,.F.);
#521 = EDGE_CURVE('',#522,#514,#524,.T.);
#522 = VERTEX_POINT('',#523);
#523 = CARTESIAN_POINT('',(147.5,-46.5,0.));
#524 = CIRCLE('',#525,0.999999252925);
#525 = AXIS2_PLACEMENT_3D('',#526,#527,#528);
#526 = CARTESIAN_POINT('',(147.50000074707,-47.49999925292,0.));
#527 = DIRECTION('',(0.,0.,-1.));
#528 = DIRECTION('',(-7.470757633756E-07,1.,0.));
#529 = ORIENTED_EDGE('',*,*,#530,.F.);
#530 = EDGE_CURVE('',#123,#522,#531,.T.);
#531 = LINE('',#532,#533);
#532 = CARTESIAN_POINT('',(127.,-46.5,0.));
#533 = VECTOR('',#534,1.);
#534 = DIRECTION('',(1.,0.,0.));
#535 = ORIENTED_EDGE('',*,*,#130,.F.);
#536 = FACE_BOUND('',#537,.F.);
#537 = EDGE_LOOP('',(#538));
#538 = ORIENTED_EDGE('',*,*,#539,.T.);
#539 = EDGE_CURVE('',#540,#540,#542,.T.);
#540 = VERTEX_POINT('',#541);
#541 = CARTESIAN_POINT('',(45.89045,-123.475,0.));
#542 = CIRCLE('',#543,1.525);
#543 = AXIS2_PLACEMENT_3D('',#544,#545,#546);
#544 = CARTESIAN_POINT('',(45.89045,-121.95,0.));
#545 = DIRECTION('',(-0.,0.,-1.));
#546 = DIRECTION('',(-0.,-1.,0.));
#547 = FACE_BOUND('',#548,.F.);
#548 = EDGE_LOOP('',(#549));
#549 = ORIENTED_EDGE('',*,*,#550,.T.);
#550 = EDGE_CURVE('',#551,#551,#553,.T.);
#551 = VERTEX_POINT('',#552);
#552 = CARTESIAN_POINT('',(53.75,-124.71314,0.));
#553 = CIRCLE('',#554,0.95);
#554 = AXIS2_PLACEMENT_3D('',#555,#556,#557);
#555 = CARTESIAN_POINT('',(53.75,-123.76314,0.));
#556 = DIRECTION('',(-0.,0.,-1.));
#557 = DIRECTION('',(-0.,-1.,0.));
#558 = FACE_BOUND('',#559,.F.);
#559 = EDGE_LOOP('',(#560));
#560 = ORIENTED_EDGE('',*,*,#561,.T.);
#561 = EDGE_CURVE('',#562,#562,#564,.T.);
#562 = VERTEX_POINT('',#563);
#563 = CARTESIAN_POINT('',(57.960031,-121.555127,0.));
#564 = CIRCLE('',#565,0.8);
#565 = AXIS2_PLACEMENT_3D('',#566,#567,#568);
#566 = CARTESIAN_POINT('',(57.960031,-120.755127,0.));
#567 = DIRECTION('',(-0.,0.,-1.));
#568 = DIRECTION('',(-0.,-1.,0.));
#569 = FACE_BOUND('',#570,.F.);
#570 = EDGE_LOOP('',(#571));
#571 = ORIENTED_EDGE('',*,*,#572,.T.);
#572 = EDGE_CURVE('',#573,#573,#575,.T.);
#573 = VERTEX_POINT('',#574);
#574 = CARTESIAN_POINT('',(51.,-121.525,0.));
#575 = CIRCLE('',#576,2.525);
#576 = AXIS2_PLACEMENT_3D('',#577,#578,#579);
#577 = CARTESIAN_POINT('',(51.,-119.,0.));
#578 = DIRECTION('',(-0.,0.,-1.));
#579 = DIRECTION('',(-0.,-1.,0.));
#580 = FACE_BOUND('',#581,.F.);
#581 = EDGE_LOOP('',(#582));
#582 = ORIENTED_EDGE('',*,*,#583,.T.);
#583 = EDGE_CURVE('',#584,#584,#586,.T.);
#584 = VERTEX_POINT('',#585);
#585 = CARTESIAN_POINT('',(45.209103,-118.094873,0.));
#586 = CIRCLE('',#587,1.525);
#587 = AXIS2_PLACEMENT_3D('',#588,#589,#590);
#588 = CARTESIAN_POINT('',(45.209103,-116.569873,0.));
#589 = DIRECTION('',(-0.,0.,-1.));
#590 = DIRECTION('',(-0.,-1.,0.));
#591 = FACE_BOUND('',#592,.F.);
#592 = EDGE_LOOP('',(#593));
#593 = ORIENTED_EDGE('',*,*,#594,.T.);
#594 = EDGE_CURVE('',#595,#595,#597,.T.);
#595 = VERTEX_POINT('',#596);
#596 = CARTESIAN_POINT('',(67.153883,-121.989613,0.));
#597 = CIRCLE('',#598,1.525);
#598 = AXIS2_PLACEMENT_3D('',#599,#600,#601);
#599 = CARTESIAN_POINT('',(67.153883,-120.464613,0.));
#600 = DIRECTION('',(-0.,0.,-1.));
#601 = DIRECTION('',(-9.31859325587E-15,-1.,0.));
#602 = FACE_BOUND('',#603,.F.);
#603 = EDGE_LOOP('',(#604));
#604 = ORIENTED_EDGE('',*,*,#605,.T.);
#605 = EDGE_CURVE('',#606,#606,#608,.T.);
#606 = VERTEX_POINT('',#607);
#607 = CARTESIAN_POINT('',(72.527032,-122.723962,0.));
#608 = CIRCLE('',#609,1.525);
#609 = AXIS2_PLACEMENT_3D('',#610,#611,#612);
#610 = CARTESIAN_POINT('',(72.527032,-121.198962,0.));
#611 = DIRECTION('',(-0.,0.,-1.));
#612 = DIRECTION('',(9.31859325587E-15,-1.,-0.));
#613 = FACE_BOUND('',#614,.F.);
#614 = EDGE_LOOP('',(#615));
#615 = ORIENTED_EDGE('',*,*,#616,.T.);
#616 = EDGE_CURVE('',#617,#617,#619,.T.);
#617 = VERTEX_POINT('',#618);
#618 = CARTESIAN_POINT('',(65.687408,-117.873505,0.));
#619 = CIRCLE('',#620,0.95);
#620 = AXIS2_PLACEMENT_3D('',#621,#622,#623);
#621 = CARTESIAN_POINT('',(65.687408,-116.923505,0.));
#622 = DIRECTION('',(-0.,0.,-1.));
#623 = DIRECTION('',(-0.,-1.,0.));
#624 = FACE_BOUND('',#625,.F.);
#625 = EDGE_LOOP('',(#626));
#626 = ORIENTED_EDGE('',*,*,#627,.T.);
#627 = EDGE_CURVE('',#628,#628,#630,.T.);
#628 = VERTEX_POINT('',#629);
#629 = CARTESIAN_POINT('',(71.,-118.025,0.));
#630 = CIRCLE('',#631,2.525);
#631 = AXIS2_PLACEMENT_3D('',#632,#633,#634);
#632 = CARTESIAN_POINT('',(71.,-115.5,0.));
#633 = DIRECTION('',(-0.,0.,-1.));
#634 = DIRECTION('',(-0.,-1.,0.));
#635 = FACE_BOUND('',#636,.F.);
#636 = EDGE_LOOP('',(#637));
#637 = ORIENTED_EDGE('',*,*,#638,.T.);
#638 = EDGE_CURVE('',#639,#639,#641,.T.);
#639 = VERTEX_POINT('',#640);
#640 = CARTESIAN_POINT('',(48.25,-115.18686,0.));
#641 = CIRCLE('',#642,0.95);
#642 = AXIS2_PLACEMENT_3D('',#643,#644,#645);
#643 = CARTESIAN_POINT('',(48.25,-114.23686,0.));
#644 = DIRECTION('',(-0.,0.,-1.));
#645 = DIRECTION('',(-0.,-1.,0.));
#646 = FACE_BOUND('',#647,.F.);
#647 = EDGE_LOOP('',(#648));
#648 = ORIENTED_EDGE('',*,*,#649,.T.);
#649 = EDGE_CURVE('',#650,#650,#652,.T.);
#650 = VERTEX_POINT('',#651);
#651 = CARTESIAN_POINT('',(58.,-109.65,0.));
#652 = CIRCLE('',#653,2.15);
#653 = AXIS2_PLACEMENT_3D('',#654,#655,#656);
#654 = CARTESIAN_POINT('',(58.,-107.5,0.));
#655 = DIRECTION('',(-0.,0.,-1.));
#656 = DIRECTION('',(-0.,-1.,0.));
#657 = FACE_BOUND('',#658,.F.);
#658 = EDGE_LOOP('',(#659));
#659 = ORIENTED_EDGE('',*,*,#660,.T.);
#660 = EDGE_CURVE('',#661,#661,#663,.T.);
#661 = VERTEX_POINT('',#662);
#662 = CARTESIAN_POINT('',(76.312592,-115.026495,0.));
#663 = CIRCLE('',#664,0.95);
#664 = AXIS2_PLACEMENT_3D('',#665,#666,#667);
#665 = CARTESIAN_POINT('',(76.312592,-114.076495,0.));
#666 = DIRECTION('',(-0.,0.,-1.));
#667 = DIRECTION('',(-0.,-1.,0.));
#668 = FACE_BOUND('',#669,.F.);
#669 = EDGE_LOOP('',(#670));
#670 = ORIENTED_EDGE('',*,*,#671,.T.);
#671 = EDGE_CURVE('',#672,#672,#674,.T.);
#672 = VERTEX_POINT('',#673);
#673 = CARTESIAN_POINT('',(74.496711,-110.031387,0.));
#674 = CIRCLE('',#675,0.8);
#675 = AXIS2_PLACEMENT_3D('',#676,#677,#678);
#676 = CARTESIAN_POINT('',(74.496711,-109.231387,0.));
#677 = DIRECTION('',(-0.,0.,-1.));
#678 = DIRECTION('',(-0.,-1.,0.));
#679 = FACE_BOUND('',#680,.F.);
#680 = EDGE_LOOP('',(#681));
#681 = ORIENTED_EDGE('',*,*,#682,.T.);
#682 = EDGE_CURVE('',#683,#683,#685,.T.);
#683 = VERTEX_POINT('',#684);
#684 = CARTESIAN_POINT('',(75.,-99.825,0.));
#685 = CIRCLE('',#686,1.525);
#686 = AXIS2_PLACEMENT_3D('',#687,#688,#689);
#687 = CARTESIAN_POINT('',(75.,-98.3,0.));
#688 = DIRECTION('',(-0.,0.,-1.));
#689 = DIRECTION('',(-0.,-1.,0.));
#690 = FACE_BOUND('',#691,.F.);
#691 = EDGE_LOOP('',(#692));
#692 = ORIENTED_EDGE('',*,*,#693,.T.);
#693 = EDGE_CURVE('',#694,#694,#696,.T.);
#694 = VERTEX_POINT('',#695);
#695 = CARTESIAN_POINT('',(55.145,-89.4,0.));
#696 = CIRCLE('',#697,0.4);
#697 = AXIS2_PLACEMENT_3D('',#698,#699,#700);
#698 = CARTESIAN_POINT('',(55.145,-89.,0.));
#699 = DIRECTION('',(-0.,0.,-1.));
#700 = DIRECTION('',(1.7763568394E-14,-1.,-0.));
#701 = FACE_BOUND('',#702,.F.);
#702 = EDGE_LOOP('',(#703));
#703 = ORIENTED_EDGE('',*,*,#704,.T.);
#704 = EDGE_CURVE('',#705,#705,#707,.T.);
#705 = VERTEX_POINT('',#706);
#706 = CARTESIAN_POINT('',(57.685,-89.4,0.));
#707 = CIRCLE('',#708,0.4);
#708 = AXIS2_PLACEMENT_3D('',#709,#710,#711);
#709 = CARTESIAN_POINT('',(57.685,-89.,0.));
#710 = DIRECTION('',(-0.,0.,-1.));
#711 = DIRECTION('',(-0.,-1.,0.));
#712 = FACE_BOUND('',#713,.F.);
#713 = EDGE_LOOP('',(#714));
#714 = ORIENTED_EDGE('',*,*,#715,.T.);
#715 = EDGE_CURVE('',#716,#716,#718,.T.);
#716 = VERTEX_POINT('',#717);
#717 = CARTESIAN_POINT('',(60.225,-89.4,0.));
#718 = CIRCLE('',#719,0.4);
#719 = AXIS2_PLACEMENT_3D('',#720,#721,#722);
#720 = CARTESIAN_POINT('',(60.225,-89.,0.));
#721 = DIRECTION('',(-0.,0.,-1.));
#722 = DIRECTION('',(-0.,-1.,0.));
#723 = FACE_BOUND('',#724,.F.);
#724 = EDGE_LOOP('',(#725));
#725 = ORIENTED_EDGE('',*,*,#726,.T.);
#726 = EDGE_CURVE('',#727,#727,#729,.T.);
#727 = VERTEX_POINT('',#728);
#728 = CARTESIAN_POINT('',(74.5,-95.45,0.));
#729 = CIRCLE('',#730,0.95);
#730 = AXIS2_PLACEMENT_3D('',#731,#732,#733);
#731 = CARTESIAN_POINT('',(74.5,-94.5,0.));
#732 = DIRECTION('',(-0.,0.,-1.));
#733 = DIRECTION('',(-0.,-1.,0.));
#734 = FACE_BOUND('',#735,.F.);
#735 = EDGE_LOOP('',(#736));
#736 = ORIENTED_EDGE('',*,*,#737,.T.);
#737 = EDGE_CURVE('',#738,#738,#740,.T.);
#738 = VERTEX_POINT('',#739);
#739 = CARTESIAN_POINT('',(62.765,-89.4,0.));
#740 = CIRCLE('',#741,0.4);
#741 = AXIS2_PLACEMENT_3D('',#742,#743,#744);
#742 = CARTESIAN_POINT('',(62.765,-89.,0.));
#743 = DIRECTION('',(-0.,0.,-1.));
#744 = DIRECTION('',(-0.,-1.,0.));
#745 = FACE_BOUND('',#746,.F.);
#746 = EDGE_LOOP('',(#747));
#747 = ORIENTED_EDGE('',*,*,#748,.T.);
#748 = EDGE_CURVE('',#749,#749,#751,.T.);
#749 = VERTEX_POINT('',#750);
#750 = CARTESIAN_POINT('',(65.305,-89.4,0.));
#751 = CIRCLE('',#752,0.4);
#752 = AXIS2_PLACEMENT_3D('',#753,#754,#755);
#753 = CARTESIAN_POINT('',(65.305,-89.,0.));
#754 = DIRECTION('',(-0.,0.,-1.));
#755 = DIRECTION('',(-0.,-1.,0.));
#756 = FACE_BOUND('',#757,.F.);
#757 = EDGE_LOOP('',(#758));
#758 = ORIENTED_EDGE('',*,*,#759,.T.);
#759 = EDGE_CURVE('',#760,#760,#762,.T.);
#760 = VERTEX_POINT('',#761);
#761 = CARTESIAN_POINT('',(80.,-101.925,0.));
#762 = CIRCLE('',#763,1.525);
#763 = AXIS2_PLACEMENT_3D('',#764,#765,#766);
#764 = CARTESIAN_POINT('',(80.,-100.4,0.));
#765 = DIRECTION('',(-0.,0.,-1.));
#766 = DIRECTION('',(-0.,-1.,0.));
#767 = FACE_BOUND('',#768,.F.);
#768 = EDGE_LOOP('',(#769));
#769 = ORIENTED_EDGE('',*,*,#770,.T.);
#770 = EDGE_CURVE('',#771,#771,#773,.T.);
#771 = VERTEX_POINT('',#772);
#772 = CARTESIAN_POINT('',(93.,-97.825,0.));
#773 = CIRCLE('',#774,1.525);
#774 = AXIS2_PLACEMENT_3D('',#775,#776,#777);
#775 = CARTESIAN_POINT('',(93.,-96.3,0.));
#776 = DIRECTION('',(-0.,0.,-1.));
#777 = DIRECTION('',(-0.,-1.,0.));
#778 = FACE_BOUND('',#779,.F.);
#779 = EDGE_LOOP('',(#780));
#780 = ORIENTED_EDGE('',*,*,#781,.T.);
#781 = EDGE_CURVE('',#782,#782,#784,.T.);
#782 = VERTEX_POINT('',#783);
#783 = CARTESIAN_POINT('',(98.,-99.925,0.));
#784 = CIRCLE('',#785,1.525);
#785 = AXIS2_PLACEMENT_3D('',#786,#787,#788);
#786 = CARTESIAN_POINT('',(98.,-98.4,0.));
#787 = DIRECTION('',(-0.,0.,-1.));
#788 = DIRECTION('',(-0.,-1.,0.));
#789 = FACE_BOUND('',#790,.F.);
#790 = EDGE_LOOP('',(#791));
#791 = ORIENTED_EDGE('',*,*,#792,.T.);
#792 = EDGE_CURVE('',#793,#793,#795,.T.);
#793 = VERTEX_POINT('',#794);
#794 = CARTESIAN_POINT('',(80.,-97.025,0.));
#795 = CIRCLE('',#796,2.525);
#796 = AXIS2_PLACEMENT_3D('',#797,#798,#799);
#797 = CARTESIAN_POINT('',(80.,-94.5,0.));
#798 = DIRECTION('',(-0.,0.,-1.));
#799 = DIRECTION('',(-0.,-1.,0.));
#800 = FACE_BOUND('',#801,.F.);
#801 = EDGE_LOOP('',(#802));
#802 = ORIENTED_EDGE('',*,*,#803,.T.);
#803 = EDGE_CURVE('',#804,#804,#806,.T.);
#804 = VERTEX_POINT('',#805);
#805 = CARTESIAN_POINT('',(85.5,-95.45,0.));
#806 = CIRCLE('',#807,0.95);
#807 = AXIS2_PLACEMENT_3D('',#808,#809,#810);
#808 = CARTESIAN_POINT('',(85.5,-94.5,0.));
#809 = DIRECTION('',(-0.,0.,-1.));
#810 = DIRECTION('',(-0.,-1.,0.));
#811 = FACE_BOUND('',#812,.F.);
#812 = EDGE_LOOP('',(#813));
#813 = ORIENTED_EDGE('',*,*,#814,.T.);
#814 = EDGE_CURVE('',#815,#815,#817,.T.);
#815 = VERTEX_POINT('',#816);
#816 = CARTESIAN_POINT('',(92.5,-93.45,0.));
#817 = CIRCLE('',#818,0.95);
#818 = AXIS2_PLACEMENT_3D('',#819,#820,#821);
#819 = CARTESIAN_POINT('',(92.5,-92.5,0.));
#820 = DIRECTION('',(-0.,0.,-1.));
#821 = DIRECTION('',(-0.,-1.,0.));
#822 = FACE_BOUND('',#823,.F.);
#823 = EDGE_LOOP('',(#824));
#824 = ORIENTED_EDGE('',*,*,#825,.T.);
#825 = EDGE_CURVE('',#826,#826,#828,.T.);
#826 = VERTEX_POINT('',#827);
#827 = CARTESIAN_POINT('',(85.,-90.15,0.));
#828 = CIRCLE('',#829,0.8);
#829 = AXIS2_PLACEMENT_3D('',#830,#831,#832);
#830 = CARTESIAN_POINT('',(85.,-89.35,0.));
#831 = DIRECTION('',(-0.,0.,-1.));
#832 = DIRECTION('',(-0.,-1.,0.));
#833 = FACE_BOUND('',#834,.F.);
#834 = EDGE_LOOP('',(#835));
#835 = ORIENTED_EDGE('',*,*,#836,.T.);
#836 = EDGE_CURVE('',#837,#837,#839,.T.);
#837 = VERTEX_POINT('',#838);
#838 = CARTESIAN_POINT('',(98.,-95.025,0.));
#839 = CIRCLE('',#840,2.525);
#840 = AXIS2_PLACEMENT_3D('',#841,#842,#843);
#841 = CARTESIAN_POINT('',(98.,-92.5,0.));
#842 = DIRECTION('',(-0.,0.,-1.));
#843 = DIRECTION('',(-0.,-1.,0.));
#844 = FACE_BOUND('',#845,.F.);
#845 = EDGE_LOOP('',(#846));
#846 = ORIENTED_EDGE('',*,*,#847,.T.);
#847 = EDGE_CURVE('',#848,#848,#850,.T.);
#848 = VERTEX_POINT('',#849);
#849 = CARTESIAN_POINT('',(103.5,-93.45,0.));
#850 = CIRCLE('',#851,0.95);
#851 = AXIS2_PLACEMENT_3D('',#852,#853,#854);
#852 = CARTESIAN_POINT('',(103.5,-92.5,0.));
#853 = DIRECTION('',(-0.,0.,-1.));
#854 = DIRECTION('',(-0.,-1.,0.));
#855 = FACE_BOUND('',#856,.F.);
#856 = EDGE_LOOP('',(#857));
#857 = ORIENTED_EDGE('',*,*,#858,.T.);
#858 = EDGE_CURVE('',#859,#859,#861,.T.);
#859 = VERTEX_POINT('',#860);
#860 = CARTESIAN_POINT('',(103.,-88.15,0.));
#861 = CIRCLE('',#862,0.8);
#862 = AXIS2_PLACEMENT_3D('',#863,#864,#865);
#863 = CARTESIAN_POINT('',(103.,-87.35,0.));
#864 = DIRECTION('',(-0.,0.,-1.));
#865 = DIRECTION('',(-0.,-1.,0.));
#866 = FACE_BOUND('',#867,.F.);
#867 = EDGE_LOOP('',(#868));
#868 = ORIENTED_EDGE('',*,*,#869,.T.);
#869 = EDGE_CURVE('',#870,#870,#872,.T.);
#870 = VERTEX_POINT('',#871);
#871 = CARTESIAN_POINT('',(129.,-124.44,0.));
#872 = CIRCLE('',#873,0.5);
#873 = AXIS2_PLACEMENT_3D('',#874,#875,#876);
#874 = CARTESIAN_POINT('',(129.,-123.94,0.));
#875 = DIRECTION('',(-0.,0.,-1.));
#876 = DIRECTION('',(-0.,-1.,0.));
#877 = FACE_BOUND('',#878,.F.);
#878 = EDGE_LOOP('',(#879));
#879 = ORIENTED_EDGE('',*,*,#880,.T.);
#880 = EDGE_CURVE('',#881,#881,#883,.T.);
#881 = VERTEX_POINT('',#882);
#882 = CARTESIAN_POINT('',(129.,-121.9,0.));
#883 = CIRCLE('',#884,0.5);
#884 = AXIS2_PLACEMENT_3D('',#885,#886,#887);
#885 = CARTESIAN_POINT('',(129.,-121.4,0.));
#886 = DIRECTION('',(-0.,0.,-1.));
#887 = DIRECTION('',(-0.,-1.,0.));
#888 = FACE_BOUND('',#889,.F.);
#889 = EDGE_LOOP('',(#890));
#890 = ORIENTED_EDGE('',*,*,#891,.T.);
#891 = EDGE_CURVE('',#892,#892,#894,.T.);
#892 = VERTEX_POINT('',#893);
#893 = CARTESIAN_POINT('',(129.,-119.36,0.));
#894 = CIRCLE('',#895,0.5);
#895 = AXIS2_PLACEMENT_3D('',#896,#897,#898);
#896 = CARTESIAN_POINT('',(129.,-118.86,0.));
#897 = DIRECTION('',(-0.,0.,-1.));
#898 = DIRECTION('',(-0.,-1.,0.));
#899 = FACE_BOUND('',#900,.F.);
#900 = EDGE_LOOP('',(#901));
#901 = ORIENTED_EDGE('',*,*,#902,.T.);
#902 = EDGE_CURVE('',#903,#903,#905,.T.);
#903 = VERTEX_POINT('',#904);
#904 = CARTESIAN_POINT('',(129.,-116.82,0.));
#905 = CIRCLE('',#906,0.5);
#906 = AXIS2_PLACEMENT_3D('',#907,#908,#909);
#907 = CARTESIAN_POINT('',(129.,-116.32,0.));
#908 = DIRECTION('',(-0.,0.,-1.));
#909 = DIRECTION('',(-0.,-1.,0.));
#910 = FACE_BOUND('',#911,.F.);
#911 = EDGE_LOOP('',(#912));
#912 = ORIENTED_EDGE('',*,*,#913,.T.);
#913 = EDGE_CURVE('',#914,#914,#916,.T.);
#914 = VERTEX_POINT('',#915);
#915 = CARTESIAN_POINT('',(129.,-114.28,0.));
#916 = CIRCLE('',#917,0.5);
#917 = AXIS2_PLACEMENT_3D('',#918,#919,#920);
#918 = CARTESIAN_POINT('',(129.,-113.78,0.));
#919 = DIRECTION('',(-0.,0.,-1.));
#920 = DIRECTION('',(-0.,-1.,0.));
#921 = FACE_BOUND('',#922,.F.);
#922 = EDGE_LOOP('',(#923));
#923 = ORIENTED_EDGE('',*,*,#924,.T.);
#924 = EDGE_CURVE('',#925,#925,#927,.T.);
#925 = VERTEX_POINT('',#926);
#926 = CARTESIAN_POINT('',(129.,-111.74,0.));
#927 = CIRCLE('',#928,0.5);
#928 = AXIS2_PLACEMENT_3D('',#929,#930,#931);
#929 = CARTESIAN_POINT('',(129.,-111.24,0.));
#930 = DIRECTION('',(-0.,0.,-1.));
#931 = DIRECTION('',(-0.,-1.,0.));
#932 = FACE_BOUND('',#933,.F.);
#933 = EDGE_LOOP('',(#934));
#934 = ORIENTED_EDGE('',*,*,#935,.T.);
#935 = EDGE_CURVE('',#936,#936,#938,.T.);
#936 = VERTEX_POINT('',#937);
#937 = CARTESIAN_POINT('',(129.,-109.2,0.));
#938 = CIRCLE('',#939,0.5);
#939 = AXIS2_PLACEMENT_3D('',#940,#941,#942);
#940 = CARTESIAN_POINT('',(129.,-108.7,0.));
#941 = DIRECTION('',(-0.,0.,-1.));
#942 = DIRECTION('',(-0.,-1.,0.));
#943 = FACE_BOUND('',#944,.F.);
#944 = EDGE_LOOP('',(#945));
#945 = ORIENTED_EDGE('',*,*,#946,.T.);
#946 = EDGE_CURVE('',#947,#947,#949,.T.);
#947 = VERTEX_POINT('',#948);
#948 = CARTESIAN_POINT('',(137.5,-109.65,0.));
#949 = CIRCLE('',#950,2.15);
#950 = AXIS2_PLACEMENT_3D('',#951,#952,#953);
#951 = CARTESIAN_POINT('',(137.5,-107.5,0.));
#952 = DIRECTION('',(-0.,0.,-1.));
#953 = DIRECTION('',(-0.,-1.,0.));
#954 = FACE_BOUND('',#955,.F.);
#955 = EDGE_LOOP('',(#956));
#956 = ORIENTED_EDGE('',*,*,#957,.T.);
#957 = EDGE_CURVE('',#958,#958,#960,.T.);
#958 = VERTEX_POINT('',#959);
#959 = CARTESIAN_POINT('',(152.,-107.925,0.));
#960 = CIRCLE('',#961,1.525);
#961 = AXIS2_PLACEMENT_3D('',#962,#963,#964);
#962 = CARTESIAN_POINT('',(152.,-106.4,0.));
#963 = DIRECTION('',(-0.,0.,-1.));
#964 = DIRECTION('',(-0.,-1.,0.));
#965 = FACE_BOUND('',#966,.F.);
#966 = EDGE_LOOP('',(#967));
#967 = ORIENTED_EDGE('',*,*,#968,.T.);
#968 = EDGE_CURVE('',#969,#969,#971,.T.);
#969 = VERTEX_POINT('',#970);
#970 = CARTESIAN_POINT('',(163.5,-109.65,0.));
#971 = CIRCLE('',#972,2.15);
#972 = AXIS2_PLACEMENT_3D('',#973,#974,#975);
#973 = CARTESIAN_POINT('',(163.5,-107.5,0.));
#974 = DIRECTION('',(-0.,0.,-1.));
#975 = DIRECTION('',(-0.,-1.,0.));
#976 = FACE_BOUND('',#977,.F.);
#977 = EDGE_LOOP('',(#978));
#978 = ORIENTED_EDGE('',*,*,#979,.T.);
#979 = EDGE_CURVE('',#980,#980,#982,.T.);
#980 = VERTEX_POINT('',#981);
#981 = CARTESIAN_POINT('',(134.,-97.925,0.));
#982 = CIRCLE('',#983,1.525);
#983 = AXIS2_PLACEMENT_3D('',#984,#985,#986);
#984 = CARTESIAN_POINT('',(134.,-96.4,0.));
#985 = DIRECTION('',(-0.,0.,-1.));
#986 = DIRECTION('',(-0.,-1.,0.));
#987 = FACE_BOUND('',#988,.F.);
#988 = EDGE_LOOP('',(#989));
#989 = ORIENTED_EDGE('',*,*,#990,.T.);
#990 = EDGE_CURVE('',#991,#991,#993,.T.);
#991 = VERTEX_POINT('',#992);
#992 = CARTESIAN_POINT('',(116.,-96.925,0.));
#993 = CIRCLE('',#994,1.525);
#994 = AXIS2_PLACEMENT_3D('',#995,#996,#997);
#995 = CARTESIAN_POINT('',(116.,-95.4,0.));
#996 = DIRECTION('',(-0.,0.,-1.));
#997 = DIRECTION('',(-0.,-1.,0.));
#998 = FACE_BOUND('',#999,.F.);
#999 = EDGE_LOOP('',(#1000));
#1000 = ORIENTED_EDGE('',*,*,#1001,.T.);
#1001 = EDGE_CURVE('',#1002,#1002,#1004,.T.);
#1002 = VERTEX_POINT('',#1003);
#1003 = CARTESIAN_POINT('',(111.,-94.825,0.));
#1004 = CIRCLE('',#1005,1.525);
#1005 = AXIS2_PLACEMENT_3D('',#1006,#1007,#1008);
#1006 = CARTESIAN_POINT('',(111.,-93.3,0.));
#1007 = DIRECTION('',(-0.,0.,-1.));
#1008 = DIRECTION('',(-0.,-1.,0.));
#1009 = FACE_BOUND('',#1010,.F.);
#1010 = EDGE_LOOP('',(#1011));
#1011 = ORIENTED_EDGE('',*,*,#1012,.T.);
#1012 = EDGE_CURVE('',#1013,#1013,#1015,.T.);
#1013 = VERTEX_POINT('',#1014);
#1014 = CARTESIAN_POINT('',(110.5,-90.45,0.));
#1015 = CIRCLE('',#1016,0.95);
#1016 = AXIS2_PLACEMENT_3D('',#1017,#1018,#1019);
#1017 = CARTESIAN_POINT('',(110.5,-89.5,0.));
#1018 = DIRECTION('',(-0.,0.,-1.));
#1019 = DIRECTION('',(-0.,-1.,0.));
#1020 = FACE_BOUND('',#1021,.F.);
#1021 = EDGE_LOOP('',(#1022));
#1022 = ORIENTED_EDGE('',*,*,#1023,.T.);
#1023 = EDGE_CURVE('',#1024,#1024,#1026,.T.);
#1024 = VERTEX_POINT('',#1025);
#1025 = CARTESIAN_POINT('',(116.,-92.025,0.));
#1026 = CIRCLE('',#1027,2.525);
#1027 = AXIS2_PLACEMENT_3D('',#1028,#1029,#1030);
#1028 = CARTESIAN_POINT('',(116.,-89.5,0.));
#1029 = DIRECTION('',(-0.,0.,-1.));
#1030 = DIRECTION('',(-0.,-1.,0.));
#1031 = FACE_BOUND('',#1032,.F.);
#1032 = EDGE_LOOP('',(#1033));
#1033 = ORIENTED_EDGE('',*,*,#1034,.T.);
#1034 = EDGE_CURVE('',#1035,#1035,#1037,.T.);
#1035 = VERTEX_POINT('',#1036);
#1036 = CARTESIAN_POINT('',(121.5,-90.45,0.));
#1037 = CIRCLE('',#1038,0.95);
#1038 = AXIS2_PLACEMENT_3D('',#1039,#1040,#1041);
#1039 = CARTESIAN_POINT('',(121.5,-89.5,0.));
#1040 = DIRECTION('',(-0.,0.,-1.));
#1041 = DIRECTION('',(-0.,-1.,0.));
#1042 = FACE_BOUND('',#1043,.F.);
#1043 = EDGE_LOOP('',(#1044));
#1044 = ORIENTED_EDGE('',*,*,#1045,.T.);
#1045 = EDGE_CURVE('',#1046,#1046,#1048,.T.);
#1046 = VERTEX_POINT('',#1047);
#1047 = CARTESIAN_POINT('',(129.,-95.825,0.));
#1048 = CIRCLE('',#1049,1.525);
#1049 = AXIS2_PLACEMENT_3D('',#1050,#1051,#1052);
#1050 = CARTESIAN_POINT('',(129.,-94.3,0.));
#1051 = DIRECTION('',(-0.,0.,-1.));
#1052 = DIRECTION('',(-0.,-1.,0.));
#1053 = FACE_BOUND('',#1054,.F.);
#1054 = EDGE_LOOP('',(#1055));
#1055 = ORIENTED_EDGE('',*,*,#1056,.T.);
#1056 = EDGE_CURVE('',#1057,#1057,#1059,.T.);
#1057 = VERTEX_POINT('',#1058);
#1058 = CARTESIAN_POINT('',(128.5,-91.45,0.));
#1059 = CIRCLE('',#1060,0.95);
#1060 = AXIS2_PLACEMENT_3D('',#1061,#1062,#1063);
#1061 = CARTESIAN_POINT('',(128.5,-90.5,0.));
#1062 = DIRECTION('',(-0.,0.,-1.));
#1063 = DIRECTION('',(-0.,-1.,0.));
#1064 = FACE_BOUND('',#1065,.F.);
#1065 = EDGE_LOOP('',(#1066));
#1066 = ORIENTED_EDGE('',*,*,#1067,.T.);
#1067 = EDGE_CURVE('',#1068,#1068,#1070,.T.);
#1068 = VERTEX_POINT('',#1069);
#1069 = CARTESIAN_POINT('',(134.,-93.025,0.));
#1070 = CIRCLE('',#1071,2.525);
#1071 = AXIS2_PLACEMENT_3D('',#1072,#1073,#1074);
#1072 = CARTESIAN_POINT('',(134.,-90.5,0.));
#1073 = DIRECTION('',(-0.,0.,-1.));
#1074 = DIRECTION('',(-0.,-1.,0.));
#1075 = FACE_BOUND('',#1076,.F.);
#1076 = EDGE_LOOP('',(#1077));
#1077 = ORIENTED_EDGE('',*,*,#1078,.T.);
#1078 = EDGE_CURVE('',#1079,#1079,#1081,.T.);
#1079 = VERTEX_POINT('',#1080);
#1080 = CARTESIAN_POINT('',(139.5,-91.45,0.));
#1081 = CIRCLE('',#1082,0.95);
#1082 = AXIS2_PLACEMENT_3D('',#1083,#1084,#1085);
#1083 = CARTESIAN_POINT('',(139.5,-90.5,0.));
#1084 = DIRECTION('',(-0.,0.,-1.));
#1085 = DIRECTION('',(-0.,-1.,0.));
#1086 = FACE_BOUND('',#1087,.F.);
#1087 = EDGE_LOOP('',(#1088));
#1088 = ORIENTED_EDGE('',*,*,#1089,.T.);
#1089 = EDGE_CURVE('',#1090,#1090,#1092,.T.);
#1090 = VERTEX_POINT('',#1091);
#1091 = CARTESIAN_POINT('',(147.,-105.825,0.));
#1092 = CIRCLE('',#1093,1.525);
#1093 = AXIS2_PLACEMENT_3D('',#1094,#1095,#1096);
#1094 = CARTESIAN_POINT('',(147.,-104.3,0.));
#1095 = DIRECTION('',(-0.,0.,-1.));
#1096 = DIRECTION('',(-0.,-1.,0.));
#1097 = FACE_BOUND('',#1098,.F.);
#1098 = EDGE_LOOP('',(#1099));
#1099 = ORIENTED_EDGE('',*,*,#1100,.T.);
#1100 = EDGE_CURVE('',#1101,#1101,#1103,.T.);
#1101 = VERTEX_POINT('',#1102);
#1102 = CARTESIAN_POINT('',(146.5,-101.45,0.));
#1103 = CIRCLE('',#1104,0.95);
#1104 = AXIS2_PLACEMENT_3D('',#1105,#1106,#1107);
#1105 = CARTESIAN_POINT('',(146.5,-100.5,0.));
#1106 = DIRECTION('',(-0.,0.,-1.));
#1107 = DIRECTION('',(-0.,-1.,0.));
#1108 = FACE_BOUND('',#1109,.F.);
#1109 = EDGE_LOOP('',(#1110));
#1110 = ORIENTED_EDGE('',*,*,#1111,.T.);
#1111 = EDGE_CURVE('',#1112,#1112,#1114,.T.);
#1112 = VERTEX_POINT('',#1113);
#1113 = CARTESIAN_POINT('',(152.,-103.025,0.));
#1114 = CIRCLE('',#1115,2.525);
#1115 = AXIS2_PLACEMENT_3D('',#1116,#1117,#1118);
#1116 = CARTESIAN_POINT('',(152.,-100.5,0.));
#1117 = DIRECTION('',(-0.,0.,-1.));
#1118 = DIRECTION('',(-0.,-1.,0.));
#1119 = FACE_BOUND('',#1120,.F.);
#1120 = EDGE_LOOP('',(#1121));
#1121 = ORIENTED_EDGE('',*,*,#1122,.T.);
#1122 = EDGE_CURVE('',#1123,#1123,#1125,.T.);
#1123 = VERTEX_POINT('',#1124);
#1124 = CARTESIAN_POINT('',(157.5,-101.45,0.));
#1125 = CIRCLE('',#1126,0.95);
#1126 = AXIS2_PLACEMENT_3D('',#1127,#1128,#1129);
#1127 = CARTESIAN_POINT('',(157.5,-100.5,0.));
#1128 = DIRECTION('',(-0.,0.,-1.));
#1129 = DIRECTION('',(-0.,-1.,0.));
#1130 = FACE_BOUND('',#1131,.F.);
#1131 = EDGE_LOOP('',(#1132));
#1132 = ORIENTED_EDGE('',*,*,#1133,.T.);
#1133 = EDGE_CURVE('',#1134,#1134,#1136,.T.);
#1134 = VERTEX_POINT('',#1135);
#1135 = CARTESIAN_POINT('',(170.,-103.925,0.));
#1136 = CIRCLE('',#1137,1.525);
#1137 = AXIS2_PLACEMENT_3D('',#1138,#1139,#1140);
#1138 = CARTESIAN_POINT('',(170.,-102.4,0.));
#1139 = DIRECTION('',(-0.,0.,-1.));
#1140 = DIRECTION('',(-0.,-1.,0.));
#1141 = FACE_BOUND('',#1142,.F.);
#1142 = EDGE_LOOP('',(#1143));
#1143 = ORIENTED_EDGE('',*,*,#1144,.T.);
#1144 = EDGE_CURVE('',#1145,#1145,#1147,.T.);
#1145 = VERTEX_POINT('',#1146);
#1146 = CARTESIAN_POINT('',(165.,-101.825,0.));
#1147 = CIRCLE('',#1148,1.525);
#1148 = AXIS2_PLACEMENT_3D('',#1149,#1150,#1151);
#1149 = CARTESIAN_POINT('',(165.,-100.3,0.));
#1150 = DIRECTION('',(-0.,0.,-1.));
#1151 = DIRECTION('',(-0.,-1.,0.));
#1152 = FACE_BOUND('',#1153,.F.);
#1153 = EDGE_LOOP('',(#1154));
#1154 = ORIENTED_EDGE('',*,*,#1155,.T.);
#1155 = EDGE_CURVE('',#1156,#1156,#1158,.T.);
#1156 = VERTEX_POINT('',#1157);
#1157 = CARTESIAN_POINT('',(164.5,-97.45,0.));
#1158 = CIRCLE('',#1159,0.95);
#1159 = AXIS2_PLACEMENT_3D('',#1160,#1161,#1162);
#1160 = CARTESIAN_POINT('',(164.5,-96.5,0.));
#1161 = DIRECTION('',(-0.,0.,-1.));
#1162 = DIRECTION('',(-0.,-1.,0.));
#1163 = FACE_BOUND('',#1164,.F.);
#1164 = EDGE_LOOP('',(#1165));
#1165 = ORIENTED_EDGE('',*,*,#1166,.T.);
#1166 = EDGE_CURVE('',#1167,#1167,#1169,.T.);
#1167 = VERTEX_POINT('',#1168);
#1168 = CARTESIAN_POINT('',(170.,-99.025,0.));
#1169 = CIRCLE('',#1170,2.525);
#1170 = AXIS2_PLACEMENT_3D('',#1171,#1172,#1173);
#1171 = CARTESIAN_POINT('',(170.,-96.5,0.));
#1172 = DIRECTION('',(-0.,0.,-1.));
#1173 = DIRECTION('',(-0.,-1.,0.));
#1174 = FACE_BOUND('',#1175,.F.);
#1175 = EDGE_LOOP('',(#1176));
#1176 = ORIENTED_EDGE('',*,*,#1177,.T.);
#1177 = EDGE_CURVE('',#1178,#1178,#1180,.T.);
#1178 = VERTEX_POINT('',#1179);
#1179 = CARTESIAN_POINT('',(175.5,-97.45,0.));
#1180 = CIRCLE('',#1181,0.95);
#1181 = AXIS2_PLACEMENT_3D('',#1182,#1183,#1184);
#1182 = CARTESIAN_POINT('',(175.5,-96.5,0.));
#1183 = DIRECTION('',(-0.,0.,-1.));
#1184 = DIRECTION('',(-0.,-1.,0.));
#1185 = FACE_BOUND('',#1186,.F.);
#1186 = EDGE_LOOP('',(#1187));
#1187 = ORIENTED_EDGE('',*,*,#1188,.T.);
#1188 = EDGE_CURVE('',#1189,#1189,#1191,.T.);
#1189 = VERTEX_POINT('',#1190);
#1190 = CARTESIAN_POINT('',(157.,-96.15,0.));
#1191 = CIRCLE('',#1192,0.8);
#1192 = AXIS2_PLACEMENT_3D('',#1193,#1194,#1195);
#1193 = CARTESIAN_POINT('',(157.,-95.35,0.));
#1194 = DIRECTION('',(-0.,0.,-1.));
#1195 = DIRECTION('',(-0.,-1.,0.));
#1196 = FACE_BOUND('',#1197,.F.);
#1197 = EDGE_LOOP('',(#1198));
#1198 = ORIENTED_EDGE('',*,*,#1199,.T.);
#1199 = EDGE_CURVE('',#1200,#1200,#1202,.T.);
#1200 = VERTEX_POINT('',#1201);
#1201 = CARTESIAN_POINT('',(147.,-88.825,0.));
#1202 = CIRCLE('',#1203,1.525);
#1203 = AXIS2_PLACEMENT_3D('',#1204,#1205,#1206);
#1204 = CARTESIAN_POINT('',(147.,-87.3,0.));
#1205 = DIRECTION('',(-0.,0.,-1.));
#1206 = DIRECTION('',(-0.,-1.,0.));
#1207 = FACE_BOUND('',#1208,.F.);
#1208 = EDGE_LOOP('',(#1209));
#1209 = ORIENTED_EDGE('',*,*,#1210,.T.);
#1210 = EDGE_CURVE('',#1211,#1211,#1213,.T.);
#1211 = VERTEX_POINT('',#1212);
#1212 = CARTESIAN_POINT('',(152.,-90.925,0.));
#1213 = CIRCLE('',#1214,1.525);
#1214 = AXIS2_PLACEMENT_3D('',#1215,#1216,#1217);
#1215 = CARTESIAN_POINT('',(152.,-89.4,0.));
#1216 = DIRECTION('',(-0.,0.,-1.));
#1217 = DIRECTION('',(-0.,-1.,0.));
#1218 = FACE_BOUND('',#1219,.F.);
#1219 = EDGE_LOOP('',(#1220));
#1220 = ORIENTED_EDGE('',*,*,#1221,.T.);
#1221 = EDGE_CURVE('',#1222,#1222,#1224,.T.);
#1222 = VERTEX_POINT('',#1223);
#1223 = CARTESIAN_POINT('',(175.,-92.15,0.));
#1224 = CIRCLE('',#1225,0.8);
#1225 = AXIS2_PLACEMENT_3D('',#1226,#1227,#1228);
#1226 = CARTESIAN_POINT('',(175.,-91.35,0.));
#1227 = DIRECTION('',(-0.,0.,-1.));
#1228 = DIRECTION('',(-0.,-1.,0.));
#1229 = FACE_BOUND('',#1230,.F.);
#1230 = EDGE_LOOP('',(#1231));
#1231 = ORIENTED_EDGE('',*,*,#1232,.T.);
#1232 = EDGE_CURVE('',#1233,#1233,#1235,.T.);
#1233 = VERTEX_POINT('',#1234);
#1234 = CARTESIAN_POINT('',(51.17,-84.45,0.));
#1235 = CIRCLE('',#1236,0.45);
#1236 = AXIS2_PLACEMENT_3D('',#1237,#1238,#1239);
#1237 = CARTESIAN_POINT('',(51.17,-84.,0.));
#1238 = DIRECTION('',(-0.,0.,-1.));
#1239 = DIRECTION('',(-0.,-1.,0.));
#1240 = FACE_BOUND('',#1241,.F.);
#1241 = EDGE_LOOP('',(#1242));
#1242 = ORIENTED_EDGE('',*,*,#1243,.T.);
#1243 = EDGE_CURVE('',#1244,#1244,#1246,.T.);
#1244 = VERTEX_POINT('',#1245);
#1245 = CARTESIAN_POINT('',(51.17,-81.45,0.));
#1246 = CIRCLE('',#1247,0.45);
#1247 = AXIS2_PLACEMENT_3D('',#1248,#1249,#1250);
#1248 = CARTESIAN_POINT('',(51.17,-81.,0.));
#1249 = DIRECTION('',(-0.,0.,-1.));
#1250 = DIRECTION('',(-0.,-1.,0.));
#1251 = FACE_BOUND('',#1252,.F.);
#1252 = EDGE_LOOP('',(#1253));
#1253 = ORIENTED_EDGE('',*,*,#1254,.T.);
#1254 = EDGE_CURVE('',#1255,#1255,#1257,.T.);
#1255 = VERTEX_POINT('',#1256);
#1256 = CARTESIAN_POINT('',(75.,-82.825,0.));
#1257 = CIRCLE('',#1258,1.525);
#1258 = AXIS2_PLACEMENT_3D('',#1259,#1260,#1261);
#1259 = CARTESIAN_POINT('',(75.,-81.3,0.));
#1260 = DIRECTION('',(-0.,0.,-1.));
#1261 = DIRECTION('',(-0.,-1.,0.));
#1262 = FACE_BOUND('',#1263,.F.);
#1263 = EDGE_LOOP('',(#1264));
#1264 = ORIENTED_EDGE('',*,*,#1265,.T.);
#1265 = EDGE_CURVE('',#1266,#1266,#1268,.T.);
#1266 = VERTEX_POINT('',#1267);
#1267 = CARTESIAN_POINT('',(74.5,-78.45,0.));
#1268 = CIRCLE('',#1269,0.95);
#1269 = AXIS2_PLACEMENT_3D('',#1270,#1271,#1272);
#1270 = CARTESIAN_POINT('',(74.5,-77.5,0.));
#1271 = DIRECTION('',(-0.,0.,-1.));
#1272 = DIRECTION('',(-0.,-1.,0.));
#1273 = FACE_BOUND('',#1274,.F.);
#1274 = EDGE_LOOP('',(#1275));
#1275 = ORIENTED_EDGE('',*,*,#1276,.T.);
#1276 = EDGE_CURVE('',#1277,#1277,#1279,.T.);
#1277 = VERTEX_POINT('',#1278);
#1278 = CARTESIAN_POINT('',(52.38,-69.0264,0.));
#1279 = CIRCLE('',#1280,0.4064);
#1280 = AXIS2_PLACEMENT_3D('',#1281,#1282,#1283);
#1281 = CARTESIAN_POINT('',(52.38,-68.62,0.));
#1282 = DIRECTION('',(-0.,0.,-1.));
#1283 = DIRECTION('',(1.748382715945E-14,-1.,-0.));
#1284 = FACE_BOUND('',#1285,.F.);
#1285 = EDGE_LOOP('',(#1286));
#1286 = ORIENTED_EDGE('',*,*,#1287,.T.);
#1287 = EDGE_CURVE('',#1288,#1288,#1290,.T.);
#1288 = VERTEX_POINT('',#1289);
#1289 = CARTESIAN_POINT('',(62.96,-75.9064,0.));
#1290 = CIRCLE('',#1291,0.4064);
#1291 = AXIS2_PLACEMENT_3D('',#1292,#1293,#1294);
#1292 = CARTESIAN_POINT('',(62.96,-75.5,0.));
#1293 = DIRECTION('',(-0.,0.,-1.));
#1294 = DIRECTION('',(-0.,-1.,0.));
#1295 = FACE_BOUND('',#1296,.F.);
#1296 = EDGE_LOOP('',(#1297));
#1297 = ORIENTED_EDGE('',*,*,#1298,.T.);
#1298 = EDGE_CURVE('',#1299,#1299,#1301,.T.);
#1299 = VERTEX_POINT('',#1300);
#1300 = CARTESIAN_POINT('',(65.5,-75.881,0.));
#1301 = CIRCLE('',#1302,0.381);
#1302 = AXIS2_PLACEMENT_3D('',#1303,#1304,#1305);
#1303 = CARTESIAN_POINT('',(65.5,-75.5,0.));
#1304 = DIRECTION('',(-0.,0.,-1.));
#1305 = DIRECTION('',(-0.,-1.,0.));
#1306 = FACE_BOUND('',#1307,.F.);
#1307 = EDGE_LOOP('',(#1308));
#1308 = ORIENTED_EDGE('',*,*,#1309,.T.);
#1309 = EDGE_CURVE('',#1310,#1310,#1312,.T.);
#1310 = VERTEX_POINT('',#1311);
#1311 = CARTESIAN_POINT('',(68.04,-75.9064,0.));
#1312 = CIRCLE('',#1313,0.4064);
#1313 = AXIS2_PLACEMENT_3D('',#1314,#1315,#1316);
#1314 = CARTESIAN_POINT('',(68.04,-75.5,0.));
#1315 = DIRECTION('',(-0.,0.,-1.));
#1316 = DIRECTION('',(3.49676543189E-14,-1.,-0.));
#1317 = FACE_BOUND('',#1318,.F.);
#1318 = EDGE_LOOP('',(#1319,#1330,#1338,#1347,#1355,#1364,#1373,#1381,
    #1390,#1399));
#1319 = ORIENTED_EDGE('',*,*,#1320,.F.);
#1320 = EDGE_CURVE('',#1321,#1323,#1325,.T.);
#1321 = VERTEX_POINT('',#1322);
#1322 = CARTESIAN_POINT('',(63.953247,-67.910753,0.));
#1323 = VERTEX_POINT('',#1324);
#1324 = CARTESIAN_POINT('',(63.572247,-68.291753,0.));
#1325 = CIRCLE('',#1326,0.380992091699);
#1326 = AXIS2_PLACEMENT_3D('',#1327,#1328,#1329);
#1327 = CARTESIAN_POINT('',(63.953239091617,-68.29174509161,0.));
#1328 = DIRECTION('',(0.,0.,1.));
#1329 = DIRECTION('',(2.075734151478E-05,0.999999999785,-0.));
#1330 = ORIENTED_EDGE('',*,*,#1331,.F.);
#1331 = EDGE_CURVE('',#1332,#1321,#1334,.T.);
#1332 = VERTEX_POINT('',#1333);
#1333 = CARTESIAN_POINT('',(65.604247,-67.910753,0.));
#1334 = LINE('',#1335,#1336);
#1335 = CARTESIAN_POINT('',(65.604247,-67.910753,0.));
#1336 = VECTOR('',#1337,1.);
#1337 = DIRECTION('',(-1.,0.,0.));
#1338 = ORIENTED_EDGE('',*,*,#1339,.F.);
#1339 = EDGE_CURVE('',#1340,#1332,#1342,.T.);
#1340 = VERTEX_POINT('',#1341);
#1341 = CARTESIAN_POINT('',(65.985247,-68.291753,0.));
#1342 = CIRCLE('',#1343,0.380995505729);
#1343 = AXIS2_PLACEMENT_3D('',#1344,#1345,#1346);
#1344 = CARTESIAN_POINT('',(65.604251494297,-68.2917485057,0.));
#1345 = DIRECTION('',(0.,0.,1.));
#1346 = DIRECTION('',(0.99999999993,-1.179619483088E-05,0.));
#1347 = ORIENTED_EDGE('',*,*,#1348,.F.);
#1348 = EDGE_CURVE('',#1349,#1340,#1351,.T.);
#1349 = VERTEX_POINT('',#1350);
#1350 = CARTESIAN_POINT('',(65.985247,-69.89132606571,0.));
#1351 = LINE('',#1352,#1353);
#1352 = CARTESIAN_POINT('',(65.985247,-69.891953,0.));
#1353 = VECTOR('',#1354,1.);
#1354 = DIRECTION('',(0.,1.,0.));
#1355 = ORIENTED_EDGE('',*,*,#1356,.T.);
#1356 = EDGE_CURVE('',#1349,#1357,#1359,.T.);
#1357 = VERTEX_POINT('',#1358);
#1358 = CARTESIAN_POINT('',(65.715,-70.812,0.));
#1359 = CIRCLE('',#1360,0.5);
#1360 = AXIS2_PLACEMENT_3D('',#1361,#1362,#1363);
#1361 = CARTESIAN_POINT('',(65.715,-70.312,0.));
#1362 = DIRECTION('',(-0.,0.,-1.));
#1363 = DIRECTION('',(-0.,-1.,0.));
#1364 = ORIENTED_EDGE('',*,*,#1365,.T.);
#1365 = EDGE_CURVE('',#1357,#1366,#1368,.T.);
#1366 = VERTEX_POINT('',#1367);
#1367 = CARTESIAN_POINT('',(65.291472736424,-70.577753,0.));
#1368 = CIRCLE('',#1369,0.5);
#1369 = AXIS2_PLACEMENT_3D('',#1370,#1371,#1372);
#1370 = CARTESIAN_POINT('',(65.715,-70.312,0.));
#1371 = DIRECTION('',(-0.,0.,-1.));
#1372 = DIRECTION('',(-0.,-1.,0.));
#1373 = ORIENTED_EDGE('',*,*,#1374,.F.);
#1374 = EDGE_CURVE('',#1375,#1366,#1377,.T.);
#1375 = VERTEX_POINT('',#1376);
#1376 = CARTESIAN_POINT('',(64.258927263574,-70.577753,0.));
#1377 = LINE('',#1378,#1379);
#1378 = CARTESIAN_POINT('',(64.258047,-70.577753,0.));
#1379 = VECTOR('',#1380,1.);
#1380 = DIRECTION('',(1.,0.,0.));
#1381 = ORIENTED_EDGE('',*,*,#1382,.T.);
#1382 = EDGE_CURVE('',#1375,#1383,#1385,.T.);
#1383 = VERTEX_POINT('',#1384);
#1384 = CARTESIAN_POINT('',(63.8354,-70.812,0.));
#1385 = CIRCLE('',#1386,0.5);
#1386 = AXIS2_PLACEMENT_3D('',#1387,#1388,#1389);
#1387 = CARTESIAN_POINT('',(63.8354,-70.312,0.));
#1388 = DIRECTION('',(-0.,0.,-1.));
#1389 = DIRECTION('',(-1.42108547152E-14,-1.,0.));
#1390 = ORIENTED_EDGE('',*,*,#1391,.T.);
#1391 = EDGE_CURVE('',#1383,#1392,#1394,.T.);
#1392 = VERTEX_POINT('',#1393);
#1393 = CARTESIAN_POINT('',(63.572247,-69.88685238023,0.));
#1394 = CIRCLE('',#1395,0.5);
#1395 = AXIS2_PLACEMENT_3D('',#1396,#1397,#1398);
#1396 = CARTESIAN_POINT('',(63.8354,-70.312,0.));
#1397 = DIRECTION('',(-0.,0.,-1.));
#1398 = DIRECTION('',(-1.42108547152E-14,-1.,0.));
#1399 = ORIENTED_EDGE('',*,*,#1400,.F.);
#1400 = EDGE_CURVE('',#1323,#1392,#1401,.T.);
#1401 = LINE('',#1402,#1403);
#1402 = CARTESIAN_POINT('',(63.572247,-68.291753,0.));
#1403 = VECTOR('',#1404,1.);
#1404 = DIRECTION('',(0.,-1.,0.));
#1405 = FACE_BOUND('',#1406,.F.);
#1406 = EDGE_LOOP('',(#1407));
#1407 = ORIENTED_EDGE('',*,*,#1408,.T.);
#1408 = EDGE_CURVE('',#1409,#1409,#1411,.T.);
#1409 = VERTEX_POINT('',#1410);
#1410 = CARTESIAN_POINT('',(67.62,-69.0264,0.));
#1411 = CIRCLE('',#1412,0.4064);
#1412 = AXIS2_PLACEMENT_3D('',#1413,#1414,#1415);
#1413 = CARTESIAN_POINT('',(67.62,-68.62,0.));
#1414 = DIRECTION('',(-0.,0.,-1.));
#1415 = DIRECTION('',(-0.,-1.,0.));
#1416 = FACE_BOUND('',#1417,.F.);
#1417 = EDGE_LOOP('',(#1418));
#1418 = ORIENTED_EDGE('',*,*,#1419,.T.);
#1419 = EDGE_CURVE('',#1420,#1420,#1422,.T.);
#1420 = VERTEX_POINT('',#1421);
#1421 = CARTESIAN_POINT('',(80.,-84.925,0.));
#1422 = CIRCLE('',#1423,1.525);
#1423 = AXIS2_PLACEMENT_3D('',#1424,#1425,#1426);
#1424 = CARTESIAN_POINT('',(80.,-83.4,0.));
#1425 = DIRECTION('',(-0.,0.,-1.));
#1426 = DIRECTION('',(-0.,-1.,0.));
#1427 = FACE_BOUND('',#1428,.F.);
#1428 = EDGE_LOOP('',(#1429));
#1429 = ORIENTED_EDGE('',*,*,#1430,.T.);
#1430 = EDGE_CURVE('',#1431,#1431,#1433,.T.);
#1431 = VERTEX_POINT('',#1432);
#1432 = CARTESIAN_POINT('',(80.,-80.025,0.));
#1433 = CIRCLE('',#1434,2.525);
#1434 = AXIS2_PLACEMENT_3D('',#1435,#1436,#1437);
#1435 = CARTESIAN_POINT('',(80.,-77.5,0.));
#1436 = DIRECTION('',(-0.,0.,-1.));
#1437 = DIRECTION('',(-0.,-1.,0.));
#1438 = FACE_BOUND('',#1439,.F.);
#1439 = EDGE_LOOP('',(#1440));
#1440 = ORIENTED_EDGE('',*,*,#1441,.T.);
#1441 = EDGE_CURVE('',#1442,#1442,#1444,.T.);
#1442 = VERTEX_POINT('',#1443);
#1443 = CARTESIAN_POINT('',(85.5,-78.45,0.));
#1444 = CIRCLE('',#1445,0.95);
#1445 = AXIS2_PLACEMENT_3D('',#1446,#1447,#1448);
#1446 = CARTESIAN_POINT('',(85.5,-77.5,0.));
#1447 = DIRECTION('',(-0.,0.,-1.));
#1448 = DIRECTION('',(-0.,-1.,0.));
#1449 = FACE_BOUND('',#1450,.F.);
#1450 = EDGE_LOOP('',(#1451));
#1451 = ORIENTED_EDGE('',*,*,#1452,.T.);
#1452 = EDGE_CURVE('',#1453,#1453,#1455,.T.);
#1453 = VERTEX_POINT('',#1454);
#1454 = CARTESIAN_POINT('',(93.,-80.825,0.));
#1455 = CIRCLE('',#1456,1.525);
#1456 = AXIS2_PLACEMENT_3D('',#1457,#1458,#1459);
#1457 = CARTESIAN_POINT('',(93.,-79.3,0.));
#1458 = DIRECTION('',(-0.,0.,-1.));
#1459 = DIRECTION('',(-0.,-1.,0.));
#1460 = FACE_BOUND('',#1461,.F.);
#1461 = EDGE_LOOP('',(#1462));
#1462 = ORIENTED_EDGE('',*,*,#1463,.T.);
#1463 = EDGE_CURVE('',#1464,#1464,#1466,.T.);
#1464 = VERTEX_POINT('',#1465);
#1465 = CARTESIAN_POINT('',(98.,-82.925,0.));
#1466 = CIRCLE('',#1467,1.525);
#1467 = AXIS2_PLACEMENT_3D('',#1468,#1469,#1470);
#1468 = CARTESIAN_POINT('',(98.,-81.4,0.));
#1469 = DIRECTION('',(-0.,0.,-1.));
#1470 = DIRECTION('',(-0.,-1.,0.));
#1471 = FACE_BOUND('',#1472,.F.);
#1472 = EDGE_LOOP('',(#1473));
#1473 = ORIENTED_EDGE('',*,*,#1474,.T.);
#1474 = EDGE_CURVE('',#1475,#1475,#1477,.T.);
#1475 = VERTEX_POINT('',#1476);
#1476 = CARTESIAN_POINT('',(85.,-73.15,0.));
#1477 = CIRCLE('',#1478,0.8);
#1478 = AXIS2_PLACEMENT_3D('',#1479,#1480,#1481);
#1479 = CARTESIAN_POINT('',(85.,-72.35,0.));
#1480 = DIRECTION('',(-0.,0.,-1.));
#1481 = DIRECTION('',(-0.,-1.,0.));
#1482 = FACE_BOUND('',#1483,.F.);
#1483 = EDGE_LOOP('',(#1484));
#1484 = ORIENTED_EDGE('',*,*,#1485,.T.);
#1485 = EDGE_CURVE('',#1486,#1486,#1488,.T.);
#1486 = VERTEX_POINT('',#1487);
#1487 = CARTESIAN_POINT('',(92.5,-76.45,0.));
#1488 = CIRCLE('',#1489,0.95);
#1489 = AXIS2_PLACEMENT_3D('',#1490,#1491,#1492);
#1490 = CARTESIAN_POINT('',(92.5,-75.5,0.));
#1491 = DIRECTION('',(-0.,0.,-1.));
#1492 = DIRECTION('',(-0.,-1.,0.));
#1493 = FACE_BOUND('',#1494,.F.);
#1494 = EDGE_LOOP('',(#1495));
#1495 = ORIENTED_EDGE('',*,*,#1496,.T.);
#1496 = EDGE_CURVE('',#1497,#1497,#1499,.T.);
#1497 = VERTEX_POINT('',#1498);
#1498 = CARTESIAN_POINT('',(98.,-78.025,0.));
#1499 = CIRCLE('',#1500,2.525);
#1500 = AXIS2_PLACEMENT_3D('',#1501,#1502,#1503);
#1501 = CARTESIAN_POINT('',(98.,-75.5,0.));
#1502 = DIRECTION('',(-0.,0.,-1.));
#1503 = DIRECTION('',(-0.,-1.,0.));
#1504 = FACE_BOUND('',#1505,.F.);
#1505 = EDGE_LOOP('',(#1506));
#1506 = ORIENTED_EDGE('',*,*,#1507,.T.);
#1507 = EDGE_CURVE('',#1508,#1508,#1510,.T.);
#1508 = VERTEX_POINT('',#1509);
#1509 = CARTESIAN_POINT('',(103.5,-76.45,0.));
#1510 = CIRCLE('',#1511,0.95);
#1511 = AXIS2_PLACEMENT_3D('',#1512,#1513,#1514);
#1512 = CARTESIAN_POINT('',(103.5,-75.5,0.));
#1513 = DIRECTION('',(-0.,0.,-1.));
#1514 = DIRECTION('',(-0.,-1.,0.));
#1515 = FACE_BOUND('',#1516,.F.);
#1516 = EDGE_LOOP('',(#1517));
#1517 = ORIENTED_EDGE('',*,*,#1518,.T.);
#1518 = EDGE_CURVE('',#1519,#1519,#1521,.T.);
#1519 = VERTEX_POINT('',#1520);
#1520 = CARTESIAN_POINT('',(103.,-71.15,0.));
#1521 = CIRCLE('',#1522,0.8);
#1522 = AXIS2_PLACEMENT_3D('',#1523,#1524,#1525);
#1523 = CARTESIAN_POINT('',(103.,-70.35,0.));
#1524 = DIRECTION('',(-0.,0.,-1.));
#1525 = DIRECTION('',(-0.,-1.,0.));
#1526 = FACE_BOUND('',#1527,.F.);
#1527 = EDGE_LOOP('',(#1528));
#1528 = ORIENTED_EDGE('',*,*,#1529,.T.);
#1529 = EDGE_CURVE('',#1530,#1530,#1532,.T.);
#1530 = VERTEX_POINT('',#1531);
#1531 = CARTESIAN_POINT('',(52.38,-66.4864,0.));
#1532 = CIRCLE('',#1533,0.4064);
#1533 = AXIS2_PLACEMENT_3D('',#1534,#1535,#1536);
#1534 = CARTESIAN_POINT('',(52.38,-66.08,0.));
#1535 = DIRECTION('',(-0.,0.,-1.));
#1536 = DIRECTION('',(1.748382715945E-14,-1.,-0.));
#1537 = FACE_BOUND('',#1538,.F.);
#1538 = EDGE_LOOP('',(#1539));
#1539 = ORIENTED_EDGE('',*,*,#1540,.T.);
#1540 = EDGE_CURVE('',#1541,#1541,#1543,.T.);
#1541 = VERTEX_POINT('',#1542);
#1542 = CARTESIAN_POINT('',(52.38,-63.9464,0.));
#1543 = CIRCLE('',#1544,0.4064);
#1544 = AXIS2_PLACEMENT_3D('',#1545,#1546,#1547);
#1545 = CARTESIAN_POINT('',(52.38,-63.54,0.));
#1546 = DIRECTION('',(-0.,0.,-1.));
#1547 = DIRECTION('',(1.748382715945E-14,-1.,-0.));
#1548 = FACE_BOUND('',#1549,.F.);
#1549 = EDGE_LOOP('',(#1550));
#1550 = ORIENTED_EDGE('',*,*,#1551,.T.);
#1551 = EDGE_CURVE('',#1552,#1552,#1554,.T.);
#1552 = VERTEX_POINT('',#1553);
#1553 = CARTESIAN_POINT('',(52.38,-61.4064,0.));
#1554 = CIRCLE('',#1555,0.4064);
#1555 = AXIS2_PLACEMENT_3D('',#1556,#1557,#1558);
#1556 = CARTESIAN_POINT('',(52.38,-61.,0.));
#1557 = DIRECTION('',(-0.,0.,-1.));
#1558 = DIRECTION('',(1.748382715945E-14,-1.,-0.));
#1559 = FACE_BOUND('',#1560,.F.);
#1560 = EDGE_LOOP('',(#1561));
#1561 = ORIENTED_EDGE('',*,*,#1562,.T.);
#1562 = EDGE_CURVE('',#1563,#1563,#1565,.T.);
#1563 = VERTEX_POINT('',#1564);
#1564 = CARTESIAN_POINT('',(52.38,-58.8664,0.));
#1565 = CIRCLE('',#1566,0.4064);
#1566 = AXIS2_PLACEMENT_3D('',#1567,#1568,#1569);
#1567 = CARTESIAN_POINT('',(52.38,-58.46,0.));
#1568 = DIRECTION('',(-0.,0.,-1.));
#1569 = DIRECTION('',(1.748382715945E-14,-1.,-0.));
#1570 = FACE_BOUND('',#1571,.F.);
#1571 = EDGE_LOOP('',(#1572,#1583,#1592,#1600,#1609,#1617,#1626,#1634,
    #1643,#1652,#1661));
#1572 = ORIENTED_EDGE('',*,*,#1573,.F.);
#1573 = EDGE_CURVE('',#1574,#1576,#1578,.T.);
#1574 = VERTEX_POINT('',#1575);
#1575 = CARTESIAN_POINT('',(55.400622295303,-59.25357073531,0.));
#1576 = VERTEX_POINT('',#1577);
#1577 = CARTESIAN_POINT('',(55.292247,-59.208047,0.));
#1578 = CIRCLE('',#1579,0.503256025803);
#1579 = AXIS2_PLACEMENT_3D('',#1580,#1581,#1582);
#1580 = CARTESIAN_POINT('',(55.540000251482,-58.77000025148,0.));
#1581 = DIRECTION('',(0.,0.,-1.));
#1582 = DIRECTION('',(0.870425242935,0.492300615946,0.));
#1583 = ORIENTED_EDGE('',*,*,#1584,.T.);
#1584 = EDGE_CURVE('',#1574,#1585,#1587,.T.);
#1585 = VERTEX_POINT('',#1586);
#1586 = CARTESIAN_POINT('',(55.984639852654,-58.522247,0.));
#1587 = CIRCLE('',#1588,0.5);
#1588 = AXIS2_PLACEMENT_3D('',#1589,#1590,#1591);
#1589 = CARTESIAN_POINT('',(55.555,-58.778,0.));
#1590 = DIRECTION('',(-0.,0.,-1.));
#1591 = DIRECTION('',(-0.,-1.,0.));
#1592 = ORIENTED_EDGE('',*,*,#1593,.F.);
#1593 = EDGE_CURVE('',#1594,#1585,#1596,.T.);
#1594 = VERTEX_POINT('',#1595);
#1595 = CARTESIAN_POINT('',(57.578247,-58.522247,0.));
#1596 = LINE('',#1597,#1598);
#1597 = CARTESIAN_POINT('',(57.578247,-58.522247,0.));
#1598 = VECTOR('',#1599,1.);
#1599 = DIRECTION('',(-1.,0.,0.));
#1600 = ORIENTED_EDGE('',*,*,#1601,.F.);
#1601 = EDGE_CURVE('',#1602,#1594,#1604,.T.);
#1602 = VERTEX_POINT('',#1603);
#1603 = CARTESIAN_POINT('',(57.959247,-58.903247,0.));
#1604 = CIRCLE('',#1605,0.380992091699);
#1605 = AXIS2_PLACEMENT_3D('',#1606,#1607,#1608);
#1606 = CARTESIAN_POINT('',(57.578254908383,-58.90323909161,0.));
#1607 = DIRECTION('',(0.,0.,1.));
#1608 = DIRECTION('',(0.999999999785,-2.075734157073E-05,0.));
#1609 = ORIENTED_EDGE('',*,*,#1610,.F.);
#1610 = EDGE_CURVE('',#1611,#1602,#1613,.T.);
#1611 = VERTEX_POINT('',#1612);
#1612 = CARTESIAN_POINT('',(57.959247,-60.554247,0.));
#1613 = LINE('',#1614,#1615);
#1614 = CARTESIAN_POINT('',(57.959247,-60.554247,0.));
#1615 = VECTOR('',#1616,1.);
#1616 = DIRECTION('',(0.,1.,0.));
#1617 = ORIENTED_EDGE('',*,*,#1618,.F.);
#1618 = EDGE_CURVE('',#1619,#1611,#1621,.T.);
#1619 = VERTEX_POINT('',#1620);
#1620 = CARTESIAN_POINT('',(57.578247,-60.935247,0.));
#1621 = CIRCLE('',#1622,0.380995505729);
#1622 = AXIS2_PLACEMENT_3D('',#1623,#1624,#1625);
#1623 = CARTESIAN_POINT('',(57.578251494297,-60.55425149429,0.));
#1624 = DIRECTION('',(0.,0.,1.));
#1625 = DIRECTION('',(-1.179619490548E-05,-0.99999999993,0.));
#1626 = ORIENTED_EDGE('',*,*,#1627,.F.);
#1627 = EDGE_CURVE('',#1628,#1619,#1630,.T.);
#1628 = VERTEX_POINT('',#1629);
#1629 = CARTESIAN_POINT('',(55.98670759895,-60.935247,0.));
#1630 = LINE('',#1631,#1632);
#1631 = CARTESIAN_POINT('',(55.978047,-60.935247,0.));
#1632 = VECTOR('',#1633,1.);
#1633 = DIRECTION('',(1.,0.,0.));
#1634 = ORIENTED_EDGE('',*,*,#1635,.T.);
#1635 = EDGE_CURVE('',#1628,#1636,#1638,.T.);
#1636 = VERTEX_POINT('',#1637);
#1637 = CARTESIAN_POINT('',(55.555,-61.183,0.));
#1638 = CIRCLE('',#1639,0.5);
#1639 = AXIS2_PLACEMENT_3D('',#1640,#1641,#1642);
#1640 = CARTESIAN_POINT('',(55.555,-60.683,0.));
#1641 = DIRECTION('',(-0.,0.,-1.));
#1642 = DIRECTION('',(-0.,-1.,0.));
#1643 = ORIENTED_EDGE('',*,*,#1644,.T.);
#1644 = EDGE_CURVE('',#1636,#1645,#1647,.T.);
#1645 = VERTEX_POINT('',#1646);
#1646 = CARTESIAN_POINT('',(55.50661268491,-60.18534683992,0.));
#1647 = CIRCLE('',#1648,0.5);
#1648 = AXIS2_PLACEMENT_3D('',#1649,#1650,#1651);
#1649 = CARTESIAN_POINT('',(55.555,-60.683,0.));
#1650 = DIRECTION('',(-0.,0.,-1.));
#1651 = DIRECTION('',(-0.,-1.,0.));
#1652 = ORIENTED_EDGE('',*,*,#1653,.F.);
#1653 = EDGE_CURVE('',#1654,#1645,#1656,.T.);
#1654 = VERTEX_POINT('',#1655);
#1655 = CARTESIAN_POINT('',(55.292247,-60.249447,0.));
#1656 = CIRCLE('',#1657,0.503256283864);
#1657 = AXIS2_PLACEMENT_3D('',#1658,#1659,#1660);
#1658 = CARTESIAN_POINT('',(55.539999569008,-60.68749443099,0.));
#1659 = DIRECTION('',(0.,0.,-1.));
#1660 = DIRECTION('',(-0.492299007388,0.870426152712,0.));
#1661 = ORIENTED_EDGE('',*,*,#1662,.F.);
#1662 = EDGE_CURVE('',#1576,#1654,#1663,.T.);
#1663 = LINE('',#1664,#1665);
#1664 = CARTESIAN_POINT('',(55.292247,-59.208047,0.));
#1665 = VECTOR('',#1666,1.);
#1666 = DIRECTION('',(0.,-1.,0.));
#1667 = FACE_BOUND('',#1668,.F.);
#1668 = EDGE_LOOP('',(#1669));
#1669 = ORIENTED_EDGE('',*,*,#1670,.T.);
#1670 = EDGE_CURVE('',#1671,#1671,#1673,.T.);
#1671 = VERTEX_POINT('',#1672);
#1672 = CARTESIAN_POINT('',(67.62,-66.4864,0.));
#1673 = CIRCLE('',#1674,0.4064);
#1674 = AXIS2_PLACEMENT_3D('',#1675,#1676,#1677);
#1675 = CARTESIAN_POINT('',(67.62,-66.08,0.));
#1676 = DIRECTION('',(-0.,0.,-1.));
#1677 = DIRECTION('',(-0.,-1.,0.));
#1678 = FACE_BOUND('',#1679,.F.);
#1679 = EDGE_LOOP('',(#1680));
#1680 = ORIENTED_EDGE('',*,*,#1681,.T.);
#1681 = EDGE_CURVE('',#1682,#1682,#1684,.T.);
#1682 = VERTEX_POINT('',#1683);
#1683 = CARTESIAN_POINT('',(67.62,-63.9464,0.));
#1684 = CIRCLE('',#1685,0.4064);
#1685 = AXIS2_PLACEMENT_3D('',#1686,#1687,#1688);
#1686 = CARTESIAN_POINT('',(67.62,-63.54,0.));
#1687 = DIRECTION('',(-0.,0.,-1.));
#1688 = DIRECTION('',(-0.,-1.,0.));
#1689 = FACE_BOUND('',#1690,.F.);
#1690 = EDGE_LOOP('',(#1691));
#1691 = ORIENTED_EDGE('',*,*,#1692,.T.);
#1692 = EDGE_CURVE('',#1693,#1693,#1695,.T.);
#1693 = VERTEX_POINT('',#1694);
#1694 = CARTESIAN_POINT('',(75.,-65.825,0.));
#1695 = CIRCLE('',#1696,1.525);
#1696 = AXIS2_PLACEMENT_3D('',#1697,#1698,#1699);
#1697 = CARTESIAN_POINT('',(75.,-64.3,0.));
#1698 = DIRECTION('',(-0.,0.,-1.));
#1699 = DIRECTION('',(-0.,-1.,0.));
#1700 = FACE_BOUND('',#1701,.F.);
#1701 = EDGE_LOOP('',(#1702));
#1702 = ORIENTED_EDGE('',*,*,#1703,.T.);
#1703 = EDGE_CURVE('',#1704,#1704,#1706,.T.);
#1704 = VERTEX_POINT('',#1705);
#1705 = CARTESIAN_POINT('',(67.62,-61.4064,0.));
#1706 = CIRCLE('',#1707,0.4064);
#1707 = AXIS2_PLACEMENT_3D('',#1708,#1709,#1710);
#1708 = CARTESIAN_POINT('',(67.62,-61.,0.));
#1709 = DIRECTION('',(-0.,0.,-1.));
#1710 = DIRECTION('',(-0.,-1.,0.));
#1711 = FACE_BOUND('',#1712,.F.);
#1712 = EDGE_LOOP('',(#1713));
#1713 = ORIENTED_EDGE('',*,*,#1714,.T.);
#1714 = EDGE_CURVE('',#1715,#1715,#1717,.T.);
#1715 = VERTEX_POINT('',#1716);
#1716 = CARTESIAN_POINT('',(67.62,-58.8664,0.));
#1717 = CIRCLE('',#1718,0.4064);
#1718 = AXIS2_PLACEMENT_3D('',#1719,#1720,#1721);
#1719 = CARTESIAN_POINT('',(67.62,-58.46,0.));
#1720 = DIRECTION('',(-0.,0.,-1.));
#1721 = DIRECTION('',(-0.,-1.,0.));
#1722 = FACE_BOUND('',#1723,.F.);
#1723 = EDGE_LOOP('',(#1724));
#1724 = ORIENTED_EDGE('',*,*,#1725,.T.);
#1725 = EDGE_CURVE('',#1726,#1726,#1728,.T.);
#1726 = VERTEX_POINT('',#1727);
#1727 = CARTESIAN_POINT('',(74.5,-61.45,0.));
#1728 = CIRCLE('',#1729,0.95);
#1729 = AXIS2_PLACEMENT_3D('',#1730,#1731,#1732);
#1730 = CARTESIAN_POINT('',(74.5,-60.5,0.));
#1731 = DIRECTION('',(-0.,0.,-1.));
#1732 = DIRECTION('',(-0.,-1.,0.));
#1733 = FACE_BOUND('',#1734,.F.);
#1734 = EDGE_LOOP('',(#1735));
#1735 = ORIENTED_EDGE('',*,*,#1736,.T.);
#1736 = EDGE_CURVE('',#1737,#1737,#1739,.T.);
#1737 = VERTEX_POINT('',#1738);
#1738 = CARTESIAN_POINT('',(52.38,-56.3264,0.));
#1739 = CIRCLE('',#1740,0.4064);
#1740 = AXIS2_PLACEMENT_3D('',#1741,#1742,#1743);
#1741 = CARTESIAN_POINT('',(52.38,-55.92,0.));
#1742 = DIRECTION('',(-0.,0.,-1.));
#1743 = DIRECTION('',(1.748382715945E-14,-1.,-0.));
#1744 = FACE_BOUND('',#1745,.F.);
#1745 = EDGE_LOOP('',(#1746));
#1746 = ORIENTED_EDGE('',*,*,#1747,.T.);
#1747 = EDGE_CURVE('',#1748,#1748,#1750,.T.);
#1748 = VERTEX_POINT('',#1749);
#1749 = CARTESIAN_POINT('',(52.38,-53.7864,0.));
#1750 = CIRCLE('',#1751,0.4064);
#1751 = AXIS2_PLACEMENT_3D('',#1752,#1753,#1754);
#1752 = CARTESIAN_POINT('',(52.38,-53.38,0.));
#1753 = DIRECTION('',(-0.,0.,-1.));
#1754 = DIRECTION('',(1.748382715945E-14,-1.,-0.));
#1755 = FACE_BOUND('',#1756,.F.);
#1756 = EDGE_LOOP('',(#1757));
#1757 = ORIENTED_EDGE('',*,*,#1758,.T.);
#1758 = EDGE_CURVE('',#1759,#1759,#1761,.T.);
#1759 = VERTEX_POINT('',#1760);
#1760 = CARTESIAN_POINT('',(67.62,-56.3264,0.));
#1761 = CIRCLE('',#1762,0.4064);
#1762 = AXIS2_PLACEMENT_3D('',#1763,#1764,#1765);
#1763 = CARTESIAN_POINT('',(67.62,-55.92,0.));
#1764 = DIRECTION('',(-0.,0.,-1.));
#1765 = DIRECTION('',(-0.,-1.,0.));
#1766 = FACE_BOUND('',#1767,.F.);
#1767 = EDGE_LOOP('',(#1768));
#1768 = ORIENTED_EDGE('',*,*,#1769,.T.);
#1769 = EDGE_CURVE('',#1770,#1770,#1772,.T.);
#1770 = VERTEX_POINT('',#1771);
#1771 = CARTESIAN_POINT('',(67.62,-53.7864,0.));
#1772 = CIRCLE('',#1773,0.4064);
#1773 = AXIS2_PLACEMENT_3D('',#1774,#1775,#1776);
#1774 = CARTESIAN_POINT('',(67.62,-53.38,0.));
#1775 = DIRECTION('',(-0.,0.,-1.));
#1776 = DIRECTION('',(-0.,-1.,0.));
#1777 = FACE_BOUND('',#1778,.F.);
#1778 = EDGE_LOOP('',(#1779));
#1779 = ORIENTED_EDGE('',*,*,#1780,.T.);
#1780 = EDGE_CURVE('',#1781,#1781,#1783,.T.);
#1781 = VERTEX_POINT('',#1782);
#1782 = CARTESIAN_POINT('',(80.,-67.925,0.));
#1783 = CIRCLE('',#1784,1.525);
#1784 = AXIS2_PLACEMENT_3D('',#1785,#1786,#1787);
#1785 = CARTESIAN_POINT('',(80.,-66.4,0.));
#1786 = DIRECTION('',(-0.,0.,-1.));
#1787 = DIRECTION('',(-0.,-1.,0.));
#1788 = FACE_BOUND('',#1789,.F.);
#1789 = EDGE_LOOP('',(#1790));
#1790 = ORIENTED_EDGE('',*,*,#1791,.T.);
#1791 = EDGE_CURVE('',#1792,#1792,#1794,.T.);
#1792 = VERTEX_POINT('',#1793);
#1793 = CARTESIAN_POINT('',(80.,-63.025,0.));
#1794 = CIRCLE('',#1795,2.525);
#1795 = AXIS2_PLACEMENT_3D('',#1796,#1797,#1798);
#1796 = CARTESIAN_POINT('',(80.,-60.5,0.));
#1797 = DIRECTION('',(-0.,0.,-1.));
#1798 = DIRECTION('',(-0.,-1.,0.));
#1799 = FACE_BOUND('',#1800,.F.);
#1800 = EDGE_LOOP('',(#1801));
#1801 = ORIENTED_EDGE('',*,*,#1802,.T.);
#1802 = EDGE_CURVE('',#1803,#1803,#1805,.T.);
#1803 = VERTEX_POINT('',#1804);
#1804 = CARTESIAN_POINT('',(85.5,-61.45,0.));
#1805 = CIRCLE('',#1806,0.95);
#1806 = AXIS2_PLACEMENT_3D('',#1807,#1808,#1809);
#1807 = CARTESIAN_POINT('',(85.5,-60.5,0.));
#1808 = DIRECTION('',(-0.,0.,-1.));
#1809 = DIRECTION('',(-0.,-1.,0.));
#1810 = FACE_BOUND('',#1811,.F.);
#1811 = EDGE_LOOP('',(#1812));
#1812 = ORIENTED_EDGE('',*,*,#1813,.T.);
#1813 = EDGE_CURVE('',#1814,#1814,#1816,.T.);
#1814 = VERTEX_POINT('',#1815);
#1815 = CARTESIAN_POINT('',(93.,-63.825,0.));
#1816 = CIRCLE('',#1817,1.525);
#1817 = AXIS2_PLACEMENT_3D('',#1818,#1819,#1820);
#1818 = CARTESIAN_POINT('',(93.,-62.3,0.));
#1819 = DIRECTION('',(-0.,0.,-1.));
#1820 = DIRECTION('',(-0.,-1.,0.));
#1821 = FACE_BOUND('',#1822,.F.);
#1822 = EDGE_LOOP('',(#1823));
#1823 = ORIENTED_EDGE('',*,*,#1824,.T.);
#1824 = EDGE_CURVE('',#1825,#1825,#1827,.T.);
#1825 = VERTEX_POINT('',#1826);
#1826 = CARTESIAN_POINT('',(92.5,-59.45,0.));
#1827 = CIRCLE('',#1828,0.95);
#1828 = AXIS2_PLACEMENT_3D('',#1829,#1830,#1831);
#1829 = CARTESIAN_POINT('',(92.5,-58.5,0.));
#1830 = DIRECTION('',(-0.,0.,-1.));
#1831 = DIRECTION('',(-0.,-1.,0.));
#1832 = FACE_BOUND('',#1833,.F.);
#1833 = EDGE_LOOP('',(#1834));
#1834 = ORIENTED_EDGE('',*,*,#1835,.T.);
#1835 = EDGE_CURVE('',#1836,#1836,#1838,.T.);
#1836 = VERTEX_POINT('',#1837);
#1837 = CARTESIAN_POINT('',(98.,-65.925,0.));
#1838 = CIRCLE('',#1839,1.525);
#1839 = AXIS2_PLACEMENT_3D('',#1840,#1841,#1842);
#1840 = CARTESIAN_POINT('',(98.,-64.4,0.));
#1841 = DIRECTION('',(-0.,0.,-1.));
#1842 = DIRECTION('',(-0.,-1.,0.));
#1843 = FACE_BOUND('',#1844,.F.);
#1844 = EDGE_LOOP('',(#1845));
#1845 = ORIENTED_EDGE('',*,*,#1846,.T.);
#1846 = EDGE_CURVE('',#1847,#1847,#1849,.T.);
#1847 = VERTEX_POINT('',#1848);
#1848 = CARTESIAN_POINT('',(98.,-61.025,0.));
#1849 = CIRCLE('',#1850,2.525);
#1850 = AXIS2_PLACEMENT_3D('',#1851,#1852,#1853);
#1851 = CARTESIAN_POINT('',(98.,-58.5,0.));
#1852 = DIRECTION('',(-0.,0.,-1.));
#1853 = DIRECTION('',(-0.,-1.,0.));
#1854 = FACE_BOUND('',#1855,.F.);
#1855 = EDGE_LOOP('',(#1856));
#1856 = ORIENTED_EDGE('',*,*,#1857,.T.);
#1857 = EDGE_CURVE('',#1858,#1858,#1860,.T.);
#1858 = VERTEX_POINT('',#1859);
#1859 = CARTESIAN_POINT('',(103.5,-59.45,0.));
#1860 = CIRCLE('',#1861,0.95);
#1861 = AXIS2_PLACEMENT_3D('',#1862,#1863,#1864);
#1862 = CARTESIAN_POINT('',(103.5,-58.5,0.));
#1863 = DIRECTION('',(-0.,0.,-1.));
#1864 = DIRECTION('',(-0.,-1.,0.));
#1865 = FACE_BOUND('',#1866,.F.);
#1866 = EDGE_LOOP('',(#1867));
#1867 = ORIENTED_EDGE('',*,*,#1868,.T.);
#1868 = EDGE_CURVE('',#1869,#1869,#1871,.T.);
#1869 = VERTEX_POINT('',#1870);
#1870 = CARTESIAN_POINT('',(85.,-56.15,0.));
#1871 = CIRCLE('',#1872,0.8);
#1872 = AXIS2_PLACEMENT_3D('',#1873,#1874,#1875);
#1873 = CARTESIAN_POINT('',(85.,-55.35,0.));
#1874 = DIRECTION('',(-0.,0.,-1.));
#1875 = DIRECTION('',(-0.,-1.,0.));
#1876 = FACE_BOUND('',#1877,.F.);
#1877 = EDGE_LOOP('',(#1878));
#1878 = ORIENTED_EDGE('',*,*,#1879,.T.);
#1879 = EDGE_CURVE('',#1880,#1880,#1882,.T.);
#1880 = VERTEX_POINT('',#1881);
#1881 = CARTESIAN_POINT('',(88.,-52.9,0.));
#1882 = CIRCLE('',#1883,2.15);
#1883 = AXIS2_PLACEMENT_3D('',#1884,#1885,#1886);
#1884 = CARTESIAN_POINT('',(88.,-50.75,0.));
#1885 = DIRECTION('',(-0.,0.,-1.));
#1886 = DIRECTION('',(-0.,-1.,0.));
#1887 = FACE_BOUND('',#1888,.F.);
#1888 = EDGE_LOOP('',(#1889));
#1889 = ORIENTED_EDGE('',*,*,#1890,.T.);
#1890 = EDGE_CURVE('',#1891,#1891,#1893,.T.);
#1891 = VERTEX_POINT('',#1892);
#1892 = CARTESIAN_POINT('',(103.,-54.15,0.));
#1893 = CIRCLE('',#1894,0.8);
#1894 = AXIS2_PLACEMENT_3D('',#1895,#1896,#1897);
#1895 = CARTESIAN_POINT('',(103.,-53.35,0.));
#1896 = DIRECTION('',(-0.,0.,-1.));
#1897 = DIRECTION('',(-0.,-1.,0.));
#1898 = FACE_BOUND('',#1899,.F.);
#1899 = EDGE_LOOP('',(#1900));
#1900 = ORIENTED_EDGE('',*,*,#1901,.T.);
#1901 = EDGE_CURVE('',#1902,#1902,#1904,.T.);
#1902 = VERTEX_POINT('',#1903);
#1903 = CARTESIAN_POINT('',(121.,-85.15,0.));
#1904 = CIRCLE('',#1905,0.8);
#1905 = AXIS2_PLACEMENT_3D('',#1906,#1907,#1908);
#1906 = CARTESIAN_POINT('',(121.,-84.35,0.));
#1907 = DIRECTION('',(-0.,0.,-1.));
#1908 = DIRECTION('',(-0.,-1.,0.));
#1909 = FACE_BOUND('',#1910,.F.);
#1910 = EDGE_LOOP('',(#1911));
#1911 = ORIENTED_EDGE('',*,*,#1912,.T.);
#1912 = EDGE_CURVE('',#1913,#1913,#1915,.T.);
#1913 = VERTEX_POINT('',#1914);
#1914 = CARTESIAN_POINT('',(116.,-79.925,0.));
#1915 = CIRCLE('',#1916,1.525);
#1916 = AXIS2_PLACEMENT_3D('',#1917,#1918,#1919);
#1917 = CARTESIAN_POINT('',(116.,-78.4,0.));
#1918 = DIRECTION('',(-0.,0.,-1.));
#1919 = DIRECTION('',(-0.,-1.,0.));
#1920 = FACE_BOUND('',#1921,.F.);
#1921 = EDGE_LOOP('',(#1922));
#1922 = ORIENTED_EDGE('',*,*,#1923,.T.);
#1923 = EDGE_CURVE('',#1924,#1924,#1926,.T.);
#1924 = VERTEX_POINT('',#1925);
#1925 = CARTESIAN_POINT('',(139.,-86.15,0.));
#1926 = CIRCLE('',#1927,0.8);
#1927 = AXIS2_PLACEMENT_3D('',#1928,#1929,#1930);
#1928 = CARTESIAN_POINT('',(139.,-85.35,0.));
#1929 = DIRECTION('',(-0.,0.,-1.));
#1930 = DIRECTION('',(-0.,-1.,0.));
#1931 = FACE_BOUND('',#1932,.F.);
#1932 = EDGE_LOOP('',(#1933));
#1933 = ORIENTED_EDGE('',*,*,#1934,.T.);
#1934 = EDGE_CURVE('',#1935,#1935,#1937,.T.);
#1935 = VERTEX_POINT('',#1936);
#1936 = CARTESIAN_POINT('',(134.,-80.925,0.));
#1937 = CIRCLE('',#1938,1.525);
#1938 = AXIS2_PLACEMENT_3D('',#1939,#1940,#1941);
#1939 = CARTESIAN_POINT('',(134.,-79.4,0.));
#1940 = DIRECTION('',(-0.,0.,-1.));
#1941 = DIRECTION('',(-0.,-1.,0.));
#1942 = FACE_BOUND('',#1943,.F.);
#1943 = EDGE_LOOP('',(#1944));
#1944 = ORIENTED_EDGE('',*,*,#1945,.T.);
#1945 = EDGE_CURVE('',#1946,#1946,#1948,.T.);
#1946 = VERTEX_POINT('',#1947);
#1947 = CARTESIAN_POINT('',(129.,-78.825,0.));
#1948 = CIRCLE('',#1949,1.525);
#1949 = AXIS2_PLACEMENT_3D('',#1950,#1951,#1952);
#1950 = CARTESIAN_POINT('',(129.,-77.3,0.));
#1951 = DIRECTION('',(-0.,0.,-1.));
#1952 = DIRECTION('',(-0.,-1.,0.));
#1953 = FACE_BOUND('',#1954,.F.);
#1954 = EDGE_LOOP('',(#1955));
#1955 = ORIENTED_EDGE('',*,*,#1956,.T.);
#1956 = EDGE_CURVE('',#1957,#1957,#1959,.T.);
#1957 = VERTEX_POINT('',#1958);
#1958 = CARTESIAN_POINT('',(111.,-77.825,0.));
#1959 = CIRCLE('',#1960,1.525);
#1960 = AXIS2_PLACEMENT_3D('',#1961,#1962,#1963);
#1961 = CARTESIAN_POINT('',(111.,-76.3,0.));
#1962 = DIRECTION('',(-0.,0.,-1.));
#1963 = DIRECTION('',(-0.,-1.,0.));
#1964 = FACE_BOUND('',#1965,.F.);
#1965 = EDGE_LOOP('',(#1966));
#1966 = ORIENTED_EDGE('',*,*,#1967,.T.);
#1967 = EDGE_CURVE('',#1968,#1968,#1970,.T.);
#1968 = VERTEX_POINT('',#1969);
#1969 = CARTESIAN_POINT('',(110.5,-73.45,0.));
#1970 = CIRCLE('',#1971,0.95);
#1971 = AXIS2_PLACEMENT_3D('',#1972,#1973,#1974);
#1972 = CARTESIAN_POINT('',(110.5,-72.5,0.));
#1973 = DIRECTION('',(-0.,0.,-1.));
#1974 = DIRECTION('',(-0.,-1.,0.));
#1975 = FACE_BOUND('',#1976,.F.);
#1976 = EDGE_LOOP('',(#1977));
#1977 = ORIENTED_EDGE('',*,*,#1978,.T.);
#1978 = EDGE_CURVE('',#1979,#1979,#1981,.T.);
#1979 = VERTEX_POINT('',#1980);
#1980 = CARTESIAN_POINT('',(116.,-75.025,0.));
#1981 = CIRCLE('',#1982,2.525);
#1982 = AXIS2_PLACEMENT_3D('',#1983,#1984,#1985);
#1983 = CARTESIAN_POINT('',(116.,-72.5,0.));
#1984 = DIRECTION('',(-0.,0.,-1.));
#1985 = DIRECTION('',(-0.,-1.,0.));
#1986 = FACE_BOUND('',#1987,.F.);
#1987 = EDGE_LOOP('',(#1988));
#1988 = ORIENTED_EDGE('',*,*,#1989,.T.);
#1989 = EDGE_CURVE('',#1990,#1990,#1992,.T.);
#1990 = VERTEX_POINT('',#1991);
#1991 = CARTESIAN_POINT('',(121.5,-73.45,0.));
#1992 = CIRCLE('',#1993,0.95);
#1993 = AXIS2_PLACEMENT_3D('',#1994,#1995,#1996);
#1994 = CARTESIAN_POINT('',(121.5,-72.5,0.));
#1995 = DIRECTION('',(-0.,0.,-1.));
#1996 = DIRECTION('',(-0.,-1.,0.));
#1997 = FACE_BOUND('',#1998,.F.);
#1998 = EDGE_LOOP('',(#1999));
#1999 = ORIENTED_EDGE('',*,*,#2000,.T.);
#2000 = EDGE_CURVE('',#2001,#2001,#2003,.T.);
#2001 = VERTEX_POINT('',#2002);
#2002 = CARTESIAN_POINT('',(128.5,-74.45,0.));
#2003 = CIRCLE('',#2004,0.95);
#2004 = AXIS2_PLACEMENT_3D('',#2005,#2006,#2007);
#2005 = CARTESIAN_POINT('',(128.5,-73.5,0.));
#2006 = DIRECTION('',(-0.,0.,-1.));
#2007 = DIRECTION('',(-0.,-1.,0.));
#2008 = FACE_BOUND('',#2009,.F.);
#2009 = EDGE_LOOP('',(#2010));
#2010 = ORIENTED_EDGE('',*,*,#2011,.T.);
#2011 = EDGE_CURVE('',#2012,#2012,#2014,.T.);
#2012 = VERTEX_POINT('',#2013);
#2013 = CARTESIAN_POINT('',(134.,-76.025,0.));
#2014 = CIRCLE('',#2015,2.525);
#2015 = AXIS2_PLACEMENT_3D('',#2016,#2017,#2018);
#2016 = CARTESIAN_POINT('',(134.,-73.5,0.));
#2017 = DIRECTION('',(-0.,0.,-1.));
#2018 = DIRECTION('',(-0.,-1.,0.));
#2019 = FACE_BOUND('',#2020,.F.);
#2020 = EDGE_LOOP('',(#2021));
#2021 = ORIENTED_EDGE('',*,*,#2022,.T.);
#2022 = EDGE_CURVE('',#2023,#2023,#2025,.T.);
#2023 = VERTEX_POINT('',#2024);
#2024 = CARTESIAN_POINT('',(139.5,-74.45,0.));
#2025 = CIRCLE('',#2026,0.95);
#2026 = AXIS2_PLACEMENT_3D('',#2027,#2028,#2029);
#2027 = CARTESIAN_POINT('',(139.5,-73.5,0.));
#2028 = DIRECTION('',(-0.,0.,-1.));
#2029 = DIRECTION('',(-0.,-1.,0.));
#2030 = FACE_BOUND('',#2031,.F.);
#2031 = EDGE_LOOP('',(#2032));
#2032 = ORIENTED_EDGE('',*,*,#2033,.T.);
#2033 = EDGE_CURVE('',#2034,#2034,#2036,.T.);
#2034 = VERTEX_POINT('',#2035);
#2035 = CARTESIAN_POINT('',(139.,-69.15,0.));
#2036 = CIRCLE('',#2037,0.8);
#2037 = AXIS2_PLACEMENT_3D('',#2038,#2039,#2040);
#2038 = CARTESIAN_POINT('',(139.,-68.35,0.));
#2039 = DIRECTION('',(-0.,0.,-1.));
#2040 = DIRECTION('',(-0.,-1.,0.));
#2041 = FACE_BOUND('',#2042,.F.);
#2042 = EDGE_LOOP('',(#2043));
#2043 = ORIENTED_EDGE('',*,*,#2044,.T.);
#2044 = EDGE_CURVE('',#2045,#2045,#2047,.T.);
#2045 = VERTEX_POINT('',#2046);
#2046 = CARTESIAN_POINT('',(146.5,-84.45,0.));
#2047 = CIRCLE('',#2048,0.95);
#2048 = AXIS2_PLACEMENT_3D('',#2049,#2050,#2051);
#2049 = CARTESIAN_POINT('',(146.5,-83.5,0.));
#2050 = DIRECTION('',(-0.,0.,-1.));
#2051 = DIRECTION('',(-0.,-1.,0.));
#2052 = FACE_BOUND('',#2053,.F.);
#2053 = EDGE_LOOP('',(#2054));
#2054 = ORIENTED_EDGE('',*,*,#2055,.T.);
#2055 = EDGE_CURVE('',#2056,#2056,#2058,.T.);
#2056 = VERTEX_POINT('',#2057);
#2057 = CARTESIAN_POINT('',(152.,-86.025,0.));
#2058 = CIRCLE('',#2059,2.525);
#2059 = AXIS2_PLACEMENT_3D('',#2060,#2061,#2062);
#2060 = CARTESIAN_POINT('',(152.,-83.5,0.));
#2061 = DIRECTION('',(-0.,0.,-1.));
#2062 = DIRECTION('',(-0.,-1.,0.));
#2063 = FACE_BOUND('',#2064,.F.);
#2064 = EDGE_LOOP('',(#2065));
#2065 = ORIENTED_EDGE('',*,*,#2066,.T.);
#2066 = EDGE_CURVE('',#2067,#2067,#2069,.T.);
#2067 = VERTEX_POINT('',#2068);
#2068 = CARTESIAN_POINT('',(157.5,-84.45,0.));
#2069 = CIRCLE('',#2070,0.95);
#2070 = AXIS2_PLACEMENT_3D('',#2071,#2072,#2073);
#2071 = CARTESIAN_POINT('',(157.5,-83.5,0.));
#2072 = DIRECTION('',(-0.,0.,-1.));
#2073 = DIRECTION('',(-0.,-1.,0.));
#2074 = FACE_BOUND('',#2075,.F.);
#2075 = EDGE_LOOP('',(#2076));
#2076 = ORIENTED_EDGE('',*,*,#2077,.T.);
#2077 = EDGE_CURVE('',#2078,#2078,#2080,.T.);
#2078 = VERTEX_POINT('',#2079);
#2079 = CARTESIAN_POINT('',(157.,-79.15,0.));
#2080 = CIRCLE('',#2081,0.8);
#2081 = AXIS2_PLACEMENT_3D('',#2082,#2083,#2084);
#2082 = CARTESIAN_POINT('',(157.,-78.35,0.));
#2083 = DIRECTION('',(-0.,0.,-1.));
#2084 = DIRECTION('',(-0.,-1.,0.));
#2085 = FACE_BOUND('',#2086,.F.);
#2086 = EDGE_LOOP('',(#2087));
#2087 = ORIENTED_EDGE('',*,*,#2088,.T.);
#2088 = EDGE_CURVE('',#2089,#2089,#2091,.T.);
#2089 = VERTEX_POINT('',#2090);
#2090 = CARTESIAN_POINT('',(165.,-84.825,0.));
#2091 = CIRCLE('',#2092,1.525);
#2092 = AXIS2_PLACEMENT_3D('',#2093,#2094,#2095);
#2093 = CARTESIAN_POINT('',(165.,-83.3,0.));
#2094 = DIRECTION('',(-0.,0.,-1.));
#2095 = DIRECTION('',(-0.,-1.,0.));
#2096 = FACE_BOUND('',#2097,.F.);
#2097 = EDGE_LOOP('',(#2098));
#2098 = ORIENTED_EDGE('',*,*,#2099,.T.);
#2099 = EDGE_CURVE('',#2100,#2100,#2102,.T.);
#2100 = VERTEX_POINT('',#2101);
#2101 = CARTESIAN_POINT('',(170.,-86.925,0.));
#2102 = CIRCLE('',#2103,1.525);
#2103 = AXIS2_PLACEMENT_3D('',#2104,#2105,#2106);
#2104 = CARTESIAN_POINT('',(170.,-85.4,0.));
#2105 = DIRECTION('',(-0.,0.,-1.));
#2106 = DIRECTION('',(-0.,-1.,0.));
#2107 = FACE_BOUND('',#2108,.F.);
#2108 = EDGE_LOOP('',(#2109));
#2109 = ORIENTED_EDGE('',*,*,#2110,.T.);
#2110 = EDGE_CURVE('',#2111,#2111,#2113,.T.);
#2111 = VERTEX_POINT('',#2112);
#2112 = CARTESIAN_POINT('',(164.5,-80.45,0.));
#2113 = CIRCLE('',#2114,0.95);
#2114 = AXIS2_PLACEMENT_3D('',#2115,#2116,#2117);
#2115 = CARTESIAN_POINT('',(164.5,-79.5,0.));
#2116 = DIRECTION('',(-0.,0.,-1.));
#2117 = DIRECTION('',(-0.,-1.,0.));
#2118 = FACE_BOUND('',#2119,.F.);
#2119 = EDGE_LOOP('',(#2120));
#2120 = ORIENTED_EDGE('',*,*,#2121,.T.);
#2121 = EDGE_CURVE('',#2122,#2122,#2124,.T.);
#2122 = VERTEX_POINT('',#2123);
#2123 = CARTESIAN_POINT('',(170.,-82.025,0.));
#2124 = CIRCLE('',#2125,2.525);
#2125 = AXIS2_PLACEMENT_3D('',#2126,#2127,#2128);
#2126 = CARTESIAN_POINT('',(170.,-79.5,0.));
#2127 = DIRECTION('',(-0.,0.,-1.));
#2128 = DIRECTION('',(-0.,-1.,0.));
#2129 = FACE_BOUND('',#2130,.F.);
#2130 = EDGE_LOOP('',(#2131));
#2131 = ORIENTED_EDGE('',*,*,#2132,.T.);
#2132 = EDGE_CURVE('',#2133,#2133,#2135,.T.);
#2133 = VERTEX_POINT('',#2134);
#2134 = CARTESIAN_POINT('',(175.5,-80.45,0.));
#2135 = CIRCLE('',#2136,0.95);
#2136 = AXIS2_PLACEMENT_3D('',#2137,#2138,#2139);
#2137 = CARTESIAN_POINT('',(175.5,-79.5,0.));
#2138 = DIRECTION('',(-0.,0.,-1.));
#2139 = DIRECTION('',(-0.,-1.,0.));
#2140 = FACE_BOUND('',#2141,.F.);
#2141 = EDGE_LOOP('',(#2142));
#2142 = ORIENTED_EDGE('',*,*,#2143,.T.);
#2143 = EDGE_CURVE('',#2144,#2144,#2146,.T.);
#2144 = VERTEX_POINT('',#2145);
#2145 = CARTESIAN_POINT('',(152.,-73.925,0.));
#2146 = CIRCLE('',#2147,1.525);
#2147 = AXIS2_PLACEMENT_3D('',#2148,#2149,#2150);
#2148 = CARTESIAN_POINT('',(152.,-72.4,0.));
#2149 = DIRECTION('',(-0.,0.,-1.));
#2150 = DIRECTION('',(-0.,-1.,0.));
#2151 = FACE_BOUND('',#2152,.F.);
#2152 = EDGE_LOOP('',(#2153));
#2153 = ORIENTED_EDGE('',*,*,#2154,.T.);
#2154 = EDGE_CURVE('',#2155,#2155,#2157,.T.);
#2155 = VERTEX_POINT('',#2156);
#2156 = CARTESIAN_POINT('',(147.,-71.825,0.));
#2157 = CIRCLE('',#2158,1.525);
#2158 = AXIS2_PLACEMENT_3D('',#2159,#2160,#2161);
#2159 = CARTESIAN_POINT('',(147.,-70.3,0.));
#2160 = DIRECTION('',(-0.,0.,-1.));
#2161 = DIRECTION('',(-0.,-1.,0.));
#2162 = FACE_BOUND('',#2163,.F.);
#2163 = EDGE_LOOP('',(#2164));
#2164 = ORIENTED_EDGE('',*,*,#2165,.T.);
#2165 = EDGE_CURVE('',#2166,#2166,#2168,.T.);
#2166 = VERTEX_POINT('',#2167);
#2167 = CARTESIAN_POINT('',(175.,-75.15,0.));
#2168 = CIRCLE('',#2169,0.8);
#2169 = AXIS2_PLACEMENT_3D('',#2170,#2171,#2172);
#2170 = CARTESIAN_POINT('',(175.,-74.35,0.));
#2171 = DIRECTION('',(-0.,0.,-1.));
#2172 = DIRECTION('',(-0.,-1.,0.));
#2173 = FACE_BOUND('',#2174,.F.);
#2174 = EDGE_LOOP('',(#2175));
#2175 = ORIENTED_EDGE('',*,*,#2176,.T.);
#2176 = EDGE_CURVE('',#2177,#2177,#2179,.T.);
#2177 = VERTEX_POINT('',#2178);
#2178 = CARTESIAN_POINT('',(121.,-68.15,0.));
#2179 = CIRCLE('',#2180,0.8);
#2180 = AXIS2_PLACEMENT_3D('',#2181,#2182,#2183);
#2181 = CARTESIAN_POINT('',(121.,-67.35,0.));
#2182 = DIRECTION('',(-0.,0.,-1.));
#2183 = DIRECTION('',(-0.,-1.,0.));
#2184 = FACE_BOUND('',#2185,.F.);
#2185 = EDGE_LOOP('',(#2186));
#2186 = ORIENTED_EDGE('',*,*,#2187,.T.);
#2187 = EDGE_CURVE('',#2188,#2188,#2190,.T.);
#2188 = VERTEX_POINT('',#2189);
#2189 = CARTESIAN_POINT('',(116.,-62.925,0.));
#2190 = CIRCLE('',#2191,1.525);
#2191 = AXIS2_PLACEMENT_3D('',#2192,#2193,#2194);
#2192 = CARTESIAN_POINT('',(116.,-61.4,0.));
#2193 = DIRECTION('',(-0.,0.,-1.));
#2194 = DIRECTION('',(-0.,-1.,0.));
#2195 = FACE_BOUND('',#2196,.F.);
#2196 = EDGE_LOOP('',(#2197));
#2197 = ORIENTED_EDGE('',*,*,#2198,.T.);
#2198 = EDGE_CURVE('',#2199,#2199,#2201,.T.);
#2199 = VERTEX_POINT('',#2200);
#2200 = CARTESIAN_POINT('',(111.,-60.825,0.));
#2201 = CIRCLE('',#2202,1.525);
#2202 = AXIS2_PLACEMENT_3D('',#2203,#2204,#2205);
#2203 = CARTESIAN_POINT('',(111.,-59.3,0.));
#2204 = DIRECTION('',(-0.,0.,-1.));
#2205 = DIRECTION('',(-0.,-1.,0.));
#2206 = FACE_BOUND('',#2207,.F.);
#2207 = EDGE_LOOP('',(#2208));
#2208 = ORIENTED_EDGE('',*,*,#2209,.T.);
#2209 = EDGE_CURVE('',#2210,#2210,#2212,.T.);
#2210 = VERTEX_POINT('',#2211);
#2211 = CARTESIAN_POINT('',(129.,-61.825,0.));
#2212 = CIRCLE('',#2213,1.525);
#2213 = AXIS2_PLACEMENT_3D('',#2214,#2215,#2216);
#2214 = CARTESIAN_POINT('',(129.,-60.3,0.));
#2215 = DIRECTION('',(-0.,0.,-1.));
#2216 = DIRECTION('',(-0.,-1.,0.));
#2217 = FACE_BOUND('',#2218,.F.);
#2218 = EDGE_LOOP('',(#2219));
#2219 = ORIENTED_EDGE('',*,*,#2220,.T.);
#2220 = EDGE_CURVE('',#2221,#2221,#2223,.T.);
#2221 = VERTEX_POINT('',#2222);
#2222 = CARTESIAN_POINT('',(134.,-63.925,0.));
#2223 = CIRCLE('',#2224,1.525);
#2224 = AXIS2_PLACEMENT_3D('',#2225,#2226,#2227);
#2225 = CARTESIAN_POINT('',(134.,-62.4,0.));
#2226 = DIRECTION('',(-0.,0.,-1.));
#2227 = DIRECTION('',(-0.,-1.,0.));
#2228 = FACE_BOUND('',#2229,.F.);
#2229 = EDGE_LOOP('',(#2230));
#2230 = ORIENTED_EDGE('',*,*,#2231,.T.);
#2231 = EDGE_CURVE('',#2232,#2232,#2234,.T.);
#2232 = VERTEX_POINT('',#2233);
#2233 = CARTESIAN_POINT('',(110.5,-56.45,0.));
#2234 = CIRCLE('',#2235,0.95);
#2235 = AXIS2_PLACEMENT_3D('',#2236,#2237,#2238);
#2236 = CARTESIAN_POINT('',(110.5,-55.5,0.));
#2237 = DIRECTION('',(-0.,0.,-1.));
#2238 = DIRECTION('',(-0.,-1.,0.));
#2239 = FACE_BOUND('',#2240,.F.);
#2240 = EDGE_LOOP('',(#2241));
#2241 = ORIENTED_EDGE('',*,*,#2242,.T.);
#2242 = EDGE_CURVE('',#2243,#2243,#2245,.T.);
#2243 = VERTEX_POINT('',#2244);
#2244 = CARTESIAN_POINT('',(116.,-58.025,0.));
#2245 = CIRCLE('',#2246,2.525);
#2246 = AXIS2_PLACEMENT_3D('',#2247,#2248,#2249);
#2247 = CARTESIAN_POINT('',(116.,-55.5,0.));
#2248 = DIRECTION('',(-0.,0.,-1.));
#2249 = DIRECTION('',(-0.,-1.,0.));
#2250 = FACE_BOUND('',#2251,.F.);
#2251 = EDGE_LOOP('',(#2252));
#2252 = ORIENTED_EDGE('',*,*,#2253,.T.);
#2253 = EDGE_CURVE('',#2254,#2254,#2256,.T.);
#2254 = VERTEX_POINT('',#2255);
#2255 = CARTESIAN_POINT('',(121.5,-56.45,0.));
#2256 = CIRCLE('',#2257,0.95);
#2257 = AXIS2_PLACEMENT_3D('',#2258,#2259,#2260);
#2258 = CARTESIAN_POINT('',(121.5,-55.5,0.));
#2259 = DIRECTION('',(-0.,0.,-1.));
#2260 = DIRECTION('',(-0.,-1.,0.));
#2261 = FACE_BOUND('',#2262,.F.);
#2262 = EDGE_LOOP('',(#2263));
#2263 = ORIENTED_EDGE('',*,*,#2264,.T.);
#2264 = EDGE_CURVE('',#2265,#2265,#2267,.T.);
#2265 = VERTEX_POINT('',#2266);
#2266 = CARTESIAN_POINT('',(121.,-51.15,0.));
#2267 = CIRCLE('',#2268,0.8);
#2268 = AXIS2_PLACEMENT_3D('',#2269,#2270,#2271);
#2269 = CARTESIAN_POINT('',(121.,-50.35,0.));
#2270 = DIRECTION('',(-0.,0.,-1.));
#2271 = DIRECTION('',(-0.,-1.,0.));
#2272 = FACE_BOUND('',#2273,.F.);
#2273 = EDGE_LOOP('',(#2274));
#2274 = ORIENTED_EDGE('',*,*,#2275,.T.);
#2275 = EDGE_CURVE('',#2276,#2276,#2278,.T.);
#2276 = VERTEX_POINT('',#2277);
#2277 = CARTESIAN_POINT('',(128.5,-57.45,0.));
#2278 = CIRCLE('',#2279,0.95);
#2279 = AXIS2_PLACEMENT_3D('',#2280,#2281,#2282);
#2280 = CARTESIAN_POINT('',(128.5,-56.5,0.));
#2281 = DIRECTION('',(-0.,0.,-1.));
#2282 = DIRECTION('',(-0.,-1.,0.));
#2283 = FACE_BOUND('',#2284,.F.);
#2284 = EDGE_LOOP('',(#2285));
#2285 = ORIENTED_EDGE('',*,*,#2286,.T.);
#2286 = EDGE_CURVE('',#2287,#2287,#2289,.T.);
#2287 = VERTEX_POINT('',#2288);
#2288 = CARTESIAN_POINT('',(134.,-59.025,0.));
#2289 = CIRCLE('',#2290,2.525);
#2290 = AXIS2_PLACEMENT_3D('',#2291,#2292,#2293);
#2291 = CARTESIAN_POINT('',(134.,-56.5,0.));
#2292 = DIRECTION('',(-0.,0.,-1.));
#2293 = DIRECTION('',(-0.,-1.,0.));
#2294 = FACE_BOUND('',#2295,.F.);
#2295 = EDGE_LOOP('',(#2296));
#2296 = ORIENTED_EDGE('',*,*,#2297,.T.);
#2297 = EDGE_CURVE('',#2298,#2298,#2300,.T.);
#2298 = VERTEX_POINT('',#2299);
#2299 = CARTESIAN_POINT('',(139.5,-57.45,0.));
#2300 = CIRCLE('',#2301,0.95);
#2301 = AXIS2_PLACEMENT_3D('',#2302,#2303,#2304);
#2302 = CARTESIAN_POINT('',(139.5,-56.5,0.));
#2303 = DIRECTION('',(-0.,0.,-1.));
#2304 = DIRECTION('',(-0.,-1.,0.));
#2305 = FACE_BOUND('',#2306,.F.);
#2306 = EDGE_LOOP('',(#2307));
#2307 = ORIENTED_EDGE('',*,*,#2308,.T.);
#2308 = EDGE_CURVE('',#2309,#2309,#2311,.T.);
#2309 = VERTEX_POINT('',#2310);
#2310 = CARTESIAN_POINT('',(139.,-52.15,0.));
#2311 = CIRCLE('',#2312,0.8);
#2312 = AXIS2_PLACEMENT_3D('',#2313,#2314,#2315);
#2313 = CARTESIAN_POINT('',(139.,-51.35,0.));
#2314 = DIRECTION('',(-0.,0.,-1.));
#2315 = DIRECTION('',(-0.,-1.,0.));
#2316 = FACE_BOUND('',#2317,.F.);
#2317 = EDGE_LOOP('',(#2318));
#2318 = ORIENTED_EDGE('',*,*,#2319,.T.);
#2319 = EDGE_CURVE('',#2320,#2320,#2322,.T.);
#2320 = VERTEX_POINT('',#2321);
#2321 = CARTESIAN_POINT('',(146.5,-67.45,0.));
#2322 = CIRCLE('',#2323,0.95);
#2323 = AXIS2_PLACEMENT_3D('',#2324,#2325,#2326);
#2324 = CARTESIAN_POINT('',(146.5,-66.5,0.));
#2325 = DIRECTION('',(-0.,0.,-1.));
#2326 = DIRECTION('',(-0.,-1.,0.));
#2327 = FACE_BOUND('',#2328,.F.);
#2328 = EDGE_LOOP('',(#2329));
#2329 = ORIENTED_EDGE('',*,*,#2330,.T.);
#2330 = EDGE_CURVE('',#2331,#2331,#2333,.T.);
#2331 = VERTEX_POINT('',#2332);
#2332 = CARTESIAN_POINT('',(152.,-69.025,0.));
#2333 = CIRCLE('',#2334,2.525);
#2334 = AXIS2_PLACEMENT_3D('',#2335,#2336,#2337);
#2335 = CARTESIAN_POINT('',(152.,-66.5,0.));
#2336 = DIRECTION('',(-0.,0.,-1.));
#2337 = DIRECTION('',(-0.,-1.,0.));
#2338 = FACE_BOUND('',#2339,.F.);
#2339 = EDGE_LOOP('',(#2340));
#2340 = ORIENTED_EDGE('',*,*,#2341,.T.);
#2341 = EDGE_CURVE('',#2342,#2342,#2344,.T.);
#2342 = VERTEX_POINT('',#2343);
#2343 = CARTESIAN_POINT('',(157.5,-67.45,0.));
#2344 = CIRCLE('',#2345,0.95);
#2345 = AXIS2_PLACEMENT_3D('',#2346,#2347,#2348);
#2346 = CARTESIAN_POINT('',(157.5,-66.5,0.));
#2347 = DIRECTION('',(-0.,0.,-1.));
#2348 = DIRECTION('',(-0.,-1.,0.));
#2349 = FACE_BOUND('',#2350,.F.);
#2350 = EDGE_LOOP('',(#2351));
#2351 = ORIENTED_EDGE('',*,*,#2352,.T.);
#2352 = EDGE_CURVE('',#2353,#2353,#2355,.T.);
#2353 = VERTEX_POINT('',#2354);
#2354 = CARTESIAN_POINT('',(157.,-62.15,0.));
#2355 = CIRCLE('',#2356,0.8);
#2356 = AXIS2_PLACEMENT_3D('',#2357,#2358,#2359);
#2357 = CARTESIAN_POINT('',(157.,-61.35,0.));
#2358 = DIRECTION('',(-0.,0.,-1.));
#2359 = DIRECTION('',(-0.,-1.,0.));
#2360 = FACE_BOUND('',#2361,.F.);
#2361 = EDGE_LOOP('',(#2362));
#2362 = ORIENTED_EDGE('',*,*,#2363,.T.);
#2363 = EDGE_CURVE('',#2364,#2364,#2366,.T.);
#2364 = VERTEX_POINT('',#2365);
#2365 = CARTESIAN_POINT('',(145.5,-52.65,0.));
#2366 = CIRCLE('',#2367,2.15);
#2367 = AXIS2_PLACEMENT_3D('',#2368,#2369,#2370);
#2368 = CARTESIAN_POINT('',(145.5,-50.5,0.));
#2369 = DIRECTION('',(-0.,0.,-1.));
#2370 = DIRECTION('',(-0.,-1.,0.));
#2371 = PLANE('',#2372);
#2372 = AXIS2_PLACEMENT_3D('',#2373,#2374,#2375);
#2373 = CARTESIAN_POINT('',(0.,0.,0.));
#2374 = DIRECTION('',(0.,0.,1.));
#2375 = DIRECTION('',(1.,0.,-0.));
#2376 = ADVANCED_FACE('',(#2377,#2771,#2782,#2793,#2804,#2815,#2826,
    #2837,#2848,#2859,#2870,#2881,#2892,#2903,#2914,#2925,#2936,#2947,
    #2958,#2969,#2980,#2991,#3002,#3013,#3024,#3035,#3046,#3057,#3068,
    #3079,#3090,#3101,#3112,#3123,#3134,#3145,#3156,#3167,#3178,#3189,
    #3200,#3211,#3222,#3233,#3244,#3255,#3266,#3277,#3288,#3299,#3310,
    #3321,#3332,#3343,#3354,#3365,#3376,#3387,#3398,#3409,#3420,#3431,
    #3442,#3453,#3464,#3475,#3486,#3497,#3508,#3519,#3530,#3541,#3552,
    #3640,#3651,#3662,#3673,#3684,#3695,#3706,#3717,#3728,#3739,#3750,
    #3761,#3772,#3783,#3794,#3805,#3902,#3913,#3924,#3935,#3946,#3957,
    #3968,#3979,#3990,#4001,#4012,#4023,#4034,#4045,#4056,#4067,#4078,
    #4089,#4100,#4111,#4122,#4133,#4144,#4155,#4166,#4177,#4188,#4199,
    #4210,#4221,#4232,#4243,#4254,#4265,#4276,#4287,#4298,#4309,#4320,
    #4331,#4342,#4353,#4364,#4375,#4386,#4397,#4408,#4419,#4430,#4441,
    #4452,#4463,#4474,#4485,#4496,#4507,#4518,#4529,#4540,#4551,#4562,
    #4573,#4584,#4595),#4606,.T.);
#2377 = FACE_BOUND('',#2378,.T.);
#2378 = EDGE_LOOP('',(#2379,#2380,#2381,#2390,#2398,#2407,#2415,#2424,
    #2432,#2441,#2449,#2458,#2466,#2475,#2483,#2492,#2500,#2509,#2517,
    #2526,#2534,#2543,#2551,#2560,#2569,#2577,#2586,#2594,#2603,#2611,
    #2620,#2628,#2636,#2645,#2653,#2662,#2670,#2679,#2687,#2696,#2704,
    #2713,#2721,#2730,#2738,#2747,#2755,#2764,#2770));
#2379 = ORIENTED_EDGE('',*,*,#49,.F.);
#2380 = ORIENTED_EDGE('',*,*,#91,.F.);
#2381 = ORIENTED_EDGE('',*,*,#2382,.F.);
#2382 = EDGE_CURVE('',#2383,#84,#2385,.T.);
#2383 = VERTEX_POINT('',#2384);
#2384 = CARTESIAN_POINT('',(105.5,-46.5,1.6));
#2385 = CIRCLE('',#2386,0.999999252925);
#2386 = AXIS2_PLACEMENT_3D('',#2387,#2388,#2389);
#2387 = CARTESIAN_POINT('',(106.49999925292,-46.49999925292,1.6));
#2388 = DIRECTION('',(0.,0.,-1.));
#2389 = DIRECTION('',(-1.,-7.470757349539E-07,-0.));
#2390 = ORIENTED_EDGE('',*,*,#2391,.F.);
#2391 = EDGE_CURVE('',#2392,#2383,#2394,.T.);
#2392 = VERTEX_POINT('',#2393);
#2393 = CARTESIAN_POINT('',(105.5,-47.,1.6));
#2394 = LINE('',#2395,#2396);
#2395 = CARTESIAN_POINT('',(105.5,-47.,1.6));
#2396 = VECTOR('',#2397,1.);
#2397 = DIRECTION('',(0.,1.,0.));
#2398 = ORIENTED_EDGE('',*,*,#2399,.F.);
#2399 = EDGE_CURVE('',#2400,#2392,#2402,.T.);
#2400 = VERTEX_POINT('',#2401);
#2401 = CARTESIAN_POINT('',(104.5,-48.,1.6));
#2402 = CIRCLE('',#2403,0.999999252925);
#2403 = AXIS2_PLACEMENT_3D('',#2404,#2405,#2406);
#2404 = CARTESIAN_POINT('',(104.50000074707,-47.00000074707,1.6));
#2405 = DIRECTION('',(0.,0.,1.));
#2406 = DIRECTION('',(-7.470757349539E-07,-1.,0.));
#2407 = ORIENTED_EDGE('',*,*,#2408,.F.);
#2408 = EDGE_CURVE('',#2409,#2400,#2411,.T.);
#2409 = VERTEX_POINT('',#2410);
#2410 = CARTESIAN_POINT('',(86.25,-48.,1.6));
#2411 = LINE('',#2412,#2413);
#2412 = CARTESIAN_POINT('',(86.25,-48.,1.6));
#2413 = VECTOR('',#2414,1.);
#2414 = DIRECTION('',(1.,0.,0.));
#2415 = ORIENTED_EDGE('',*,*,#2416,.F.);
#2416 = EDGE_CURVE('',#2417,#2409,#2419,.T.);
#2417 = VERTEX_POINT('',#2418);
#2418 = CARTESIAN_POINT('',(85.25,-49.,1.6));
#2419 = CIRCLE('',#2420,0.999999252925);
#2420 = AXIS2_PLACEMENT_3D('',#2421,#2422,#2423);
#2421 = CARTESIAN_POINT('',(86.249999252925,-48.99999925292,1.6));
#2422 = DIRECTION('',(0.,0.,-1.));
#2423 = DIRECTION('',(-1.,-7.470757349539E-07,-0.));
#2424 = ORIENTED_EDGE('',*,*,#2425,.F.);
#2425 = EDGE_CURVE('',#2426,#2417,#2428,.T.);
#2426 = VERTEX_POINT('',#2427);
#2427 = CARTESIAN_POINT('',(85.25,-49.5,1.6));
#2428 = LINE('',#2429,#2430);
#2429 = CARTESIAN_POINT('',(85.25,-49.5,1.6));
#2430 = VECTOR('',#2431,1.);
#2431 = DIRECTION('',(0.,1.,0.));
#2432 = ORIENTED_EDGE('',*,*,#2433,.F.);
#2433 = EDGE_CURVE('',#2434,#2426,#2436,.T.);
#2434 = VERTEX_POINT('',#2435);
#2435 = CARTESIAN_POINT('',(84.25,-50.5,1.6));
#2436 = CIRCLE('',#2437,0.999999252925);
#2437 = AXIS2_PLACEMENT_3D('',#2438,#2439,#2440);
#2438 = CARTESIAN_POINT('',(84.250000747075,-49.50000074707,1.6));
#2439 = DIRECTION('',(0.,0.,1.));
#2440 = DIRECTION('',(-7.470757349539E-07,-1.,0.));
#2441 = ORIENTED_EDGE('',*,*,#2442,.F.);
#2442 = EDGE_CURVE('',#2443,#2434,#2445,.T.);
#2443 = VERTEX_POINT('',#2444);
#2444 = CARTESIAN_POINT('',(50.5,-50.5,1.6));
#2445 = LINE('',#2446,#2447);
#2446 = CARTESIAN_POINT('',(50.5,-50.5,1.6));
#2447 = VECTOR('',#2448,1.);
#2448 = DIRECTION('',(1.,0.,0.));
#2449 = ORIENTED_EDGE('',*,*,#2450,.F.);
#2450 = EDGE_CURVE('',#2451,#2443,#2453,.T.);
#2451 = VERTEX_POINT('',#2452);
#2452 = CARTESIAN_POINT('',(49.5,-51.5,1.6));
#2453 = CIRCLE('',#2454,0.999999252925);
#2454 = AXIS2_PLACEMENT_3D('',#2455,#2456,#2457);
#2455 = CARTESIAN_POINT('',(50.499999252925,-51.49999925292,1.6));
#2456 = DIRECTION('',(0.,0.,-1.));
#2457 = DIRECTION('',(-1.,-7.470757491648E-07,-0.));
#2458 = ORIENTED_EDGE('',*,*,#2459,.F.);
#2459 = EDGE_CURVE('',#2460,#2451,#2462,.T.);
#2460 = VERTEX_POINT('',#2461);
#2461 = CARTESIAN_POINT('',(49.5,-104.854918,1.6));
#2462 = LINE('',#2463,#2464);
#2463 = CARTESIAN_POINT('',(49.5,-104.854918,1.6));
#2464 = VECTOR('',#2465,1.);
#2465 = DIRECTION('',(0.,1.,0.));
#2466 = ORIENTED_EDGE('',*,*,#2467,.F.);
#2467 = EDGE_CURVE('',#2468,#2460,#2470,.T.);
#2468 = VERTEX_POINT('',#2469);
#2469 = CARTESIAN_POINT('',(47.,-109.185045,1.6));
#2470 = CIRCLE('',#2471,5.000058624462);
#2471 = AXIS2_PLACEMENT_3D('',#2472,#2473,#2474);
#2472 = CARTESIAN_POINT('',(44.499941375652,-104.8548841342,1.6));
#2473 = DIRECTION('',(0.,0.,1.));
#2474 = DIRECTION('',(0.500005862355,-0.866022019126,0.));
#2475 = ORIENTED_EDGE('',*,*,#2476,.F.);
#2476 = EDGE_CURVE('',#2477,#2468,#2479,.T.);
#2477 = VERTEX_POINT('',#2478);
#2478 = CARTESIAN_POINT('',(37.955771,-114.406733,1.6));
#2479 = LINE('',#2480,#2481);
#2480 = CARTESIAN_POINT('',(37.955771,-114.406733,1.6));
#2481 = VECTOR('',#2482,1.);
#2482 = DIRECTION('',(0.866025405765,0.49999999657,0.));
#2483 = ORIENTED_EDGE('',*,*,#2484,.F.);
#2484 = EDGE_CURVE('',#2485,#2477,#2487,.T.);
#2485 = VERTEX_POINT('',#2486);
#2486 = CARTESIAN_POINT('',(37.589746,-115.772758,1.6));
#2487 = CIRCLE('',#2488,1.000084935963);
#2488 = AXIS2_PLACEMENT_3D('',#2489,#2490,#2491);
#2489 = CARTESIAN_POINT('',(38.455887497404,-115.2727892153,1.6));
#2490 = DIRECTION('',(0.,0.,-1.));
#2491 = DIRECTION('',(-0.86606793709,-0.499926322916,-0.));
#2492 = ORIENTED_EDGE('',*,*,#2493,.F.);
#2493 = EDGE_CURVE('',#2494,#2485,#2496,.T.);
#2494 = VERTEX_POINT('',#2495);
#2495 = CARTESIAN_POINT('',(46.722209,-131.590648,1.6));
#2496 = LINE('',#2497,#2498);
#2497 = CARTESIAN_POINT('',(46.722209,-131.590648,1.6));
#2498 = VECTOR('',#2499,1.);
#2499 = DIRECTION('',(-0.499999997967,0.866025404958,0.));
#2500 = ORIENTED_EDGE('',*,*,#2501,.F.);
#2501 = EDGE_CURVE('',#2502,#2494,#2504,.T.);
#2502 = VERTEX_POINT('',#2503);
#2503 = CARTESIAN_POINT('',(47.847054,-132.056574,1.6));
#2504 = CIRCLE('',#2505,0.999907387583);
#2505 = AXIS2_PLACEMENT_3D('',#2506,#2507,#2508);
#2506 = CARTESIAN_POINT('',(47.588189890547,-131.0907561307,1.6));
#2507 = DIRECTION('',(0.,0.,-1.));
#2508 = DIRECTION('',(0.258888085705,-0.965907324271,0.));
#2509 = ORIENTED_EDGE('',*,*,#2510,.F.);
#2510 = EDGE_CURVE('',#2511,#2502,#2513,.T.);
#2511 = VERTEX_POINT('',#2512);
#2512 = CARTESIAN_POINT('',(82.764485,-122.700476,1.6));
#2513 = LINE('',#2514,#2515);
#2514 = CARTESIAN_POINT('',(82.764485,-122.700476,1.6));
#2515 = VECTOR('',#2516,1.);
#2516 = DIRECTION('',(-0.965925822404,-0.258819059602,0.));
#2517 = ORIENTED_EDGE('',*,*,#2518,.F.);
#2518 = EDGE_CURVE('',#2519,#2511,#2521,.T.);
#2519 = VERTEX_POINT('',#2520);
#2520 = CARTESIAN_POINT('',(83.471592,-121.475731,1.6));
#2521 = CIRCLE('',#2522,1.00009920947);
#2522 = AXIS2_PLACEMENT_3D('',#2523,#2524,#2525);
#2523 = CARTESIAN_POINT('',(82.505544690929,-121.7344799621,1.6));
#2524 = DIRECTION('',(0.,0.,-1.));
#2525 = DIRECTION('',(0.965951477537,0.25872329436,0.));
#2526 = ORIENTED_EDGE('',*,*,#2527,.F.);
#2527 = EDGE_CURVE('',#2528,#2519,#2530,.T.);
#2528 = VERTEX_POINT('',#2529);
#2529 = CARTESIAN_POINT('',(80.609457,-110.794095,1.6));
#2530 = LINE('',#2531,#2532);
#2531 = CARTESIAN_POINT('',(80.609457,-110.794095,1.6));
#2532 = VECTOR('',#2533,1.);
#2533 = DIRECTION('',(0.258818982664,-0.965925843019,0.));
#2534 = ORIENTED_EDGE('',*,*,#2535,.F.);
#2535 = EDGE_CURVE('',#2536,#2528,#2538,.T.);
#2536 = VERTEX_POINT('',#2537);
#2537 = CARTESIAN_POINT('',(85.439086,-104.5,1.6));
#2538 = CIRCLE('',#2539,5.000000766444);
#2539 = AXIS2_PLACEMENT_3D('',#2540,#2541,#2542);
#2540 = CARTESIAN_POINT('',(85.439087190721,-109.5000007664,1.6));
#2541 = DIRECTION('',(0.,0.,1.));
#2542 = DIRECTION('',(-2.381440855174E-07,1.,0.));
#2543 = ORIENTED_EDGE('',*,*,#2544,.F.);
#2544 = EDGE_CURVE('',#2545,#2536,#2547,.T.);
#2545 = VERTEX_POINT('',#2546);
#2546 = CARTESIAN_POINT('',(89.5,-104.5,1.6));
#2547 = LINE('',#2548,#2549);
#2548 = CARTESIAN_POINT('',(89.5,-104.5,1.6));
#2549 = VECTOR('',#2550,1.);
#2550 = DIRECTION('',(-1.,0.,0.));
#2551 = ORIENTED_EDGE('',*,*,#2552,.F.);
#2552 = EDGE_CURVE('',#2553,#2545,#2555,.T.);
#2553 = VERTEX_POINT('',#2554);
#2554 = CARTESIAN_POINT('',(90.5,-103.5,1.6));
#2555 = CIRCLE('',#2556,0.999999252925);
#2556 = AXIS2_PLACEMENT_3D('',#2557,#2558,#2559);
#2557 = CARTESIAN_POINT('',(89.500000747075,-103.500000747,1.6));
#2558 = DIRECTION('',(0.,0.,-1.));
#2559 = DIRECTION('',(1.,7.47075720743E-07,0.));
#2560 = ORIENTED_EDGE('',*,*,#2561,.F.);
#2561 = EDGE_CURVE('',#2562,#2553,#2564,.T.);
#2562 = VERTEX_POINT('',#2563);
#2563 = CARTESIAN_POINT('',(91.5,-102.5,1.6));
#2564 = CIRCLE('',#2565,0.999999252925);
#2565 = AXIS2_PLACEMENT_3D('',#2566,#2567,#2568);
#2566 = CARTESIAN_POINT('',(91.499999252925,-103.4999992529,1.6));
#2567 = DIRECTION('',(0.,0.,1.));
#2568 = DIRECTION('',(7.47075720743E-07,1.,-0.));
#2569 = ORIENTED_EDGE('',*,*,#2570,.F.);
#2570 = EDGE_CURVE('',#2571,#2562,#2573,.T.);
#2571 = VERTEX_POINT('',#2572);
#2572 = CARTESIAN_POINT('',(125.,-102.5,1.6));
#2573 = LINE('',#2574,#2575);
#2574 = CARTESIAN_POINT('',(125.,-102.5,1.6));
#2575 = VECTOR('',#2576,1.);
#2576 = DIRECTION('',(-1.,0.,0.));
#2577 = ORIENTED_EDGE('',*,*,#2578,.F.);
#2578 = EDGE_CURVE('',#2579,#2571,#2581,.T.);
#2579 = VERTEX_POINT('',#2580);
#2580 = CARTESIAN_POINT('',(126.,-103.5,1.6));
#2581 = CIRCLE('',#2582,0.999999252925);
#2582 = AXIS2_PLACEMENT_3D('',#2583,#2584,#2585);
#2583 = CARTESIAN_POINT('',(125.00000074707,-103.4999992529,1.6));
#2584 = DIRECTION('',(0.,0.,1.));
#2585 = DIRECTION('',(1.,-7.47075720743E-07,0.));
#2586 = ORIENTED_EDGE('',*,*,#2587,.F.);
#2587 = EDGE_CURVE('',#2588,#2579,#2590,.T.);
#2588 = VERTEX_POINT('',#2589);
#2589 = CARTESIAN_POINT('',(126.,-126.,1.6));
#2590 = LINE('',#2591,#2592);
#2591 = CARTESIAN_POINT('',(126.,-126.,1.6));
#2592 = VECTOR('',#2593,1.);
#2593 = DIRECTION('',(0.,1.,0.));
#2594 = ORIENTED_EDGE('',*,*,#2595,.F.);
#2595 = EDGE_CURVE('',#2596,#2588,#2598,.T.);
#2596 = VERTEX_POINT('',#2597);
#2597 = CARTESIAN_POINT('',(127.,-127.,1.6));
#2598 = CIRCLE('',#2599,0.999999252925);
#2599 = AXIS2_PLACEMENT_3D('',#2600,#2601,#2602);
#2600 = CARTESIAN_POINT('',(126.99999925292,-126.000000747,1.6));
#2601 = DIRECTION('',(0.,0.,-1.));
#2602 = DIRECTION('',(7.47075720743E-07,-1.,0.));
#2603 = ORIENTED_EDGE('',*,*,#2604,.F.);
#2604 = EDGE_CURVE('',#2605,#2596,#2607,.T.);
#2605 = VERTEX_POINT('',#2606);
#2606 = CARTESIAN_POINT('',(132.,-127.,1.6));
#2607 = LINE('',#2608,#2609);
#2608 = CARTESIAN_POINT('',(132.,-127.,1.6));
#2609 = VECTOR('',#2610,1.);
#2610 = DIRECTION('',(-1.,0.,0.));
#2611 = ORIENTED_EDGE('',*,*,#2612,.F.);
#2612 = EDGE_CURVE('',#2613,#2605,#2615,.T.);
#2613 = VERTEX_POINT('',#2614);
#2614 = CARTESIAN_POINT('',(133.,-126.,1.6));
#2615 = CIRCLE('',#2616,0.999999252925);
#2616 = AXIS2_PLACEMENT_3D('',#2617,#2618,#2619);
#2617 = CARTESIAN_POINT('',(132.00000074707,-126.000000747,1.6));
#2618 = DIRECTION('',(0.,0.,-1.));
#2619 = DIRECTION('',(1.,7.470757491648E-07,0.));
#2620 = ORIENTED_EDGE('',*,*,#2621,.F.);
#2621 = EDGE_CURVE('',#2622,#2613,#2624,.T.);
#2622 = VERTEX_POINT('',#2623);
#2623 = CARTESIAN_POINT('',(133.,-110.5,1.6));
#2624 = LINE('',#2625,#2626);
#2625 = CARTESIAN_POINT('',(133.,-110.5,1.6));
#2626 = VECTOR('',#2627,1.);
#2627 = DIRECTION('',(0.,-1.,0.));
#2628 = ORIENTED_EDGE('',*,*,#2629,.F.);
#2629 = EDGE_CURVE('',#2630,#2622,#2632,.T.);
#2630 = VERTEX_POINT('',#2631);
#2631 = CARTESIAN_POINT('',(165.5,-110.5,1.6));
#2632 = LINE('',#2633,#2634);
#2633 = CARTESIAN_POINT('',(165.5,-110.5,1.6));
#2634 = VECTOR('',#2635,1.);
#2635 = DIRECTION('',(-1.,0.,0.));
#2636 = ORIENTED_EDGE('',*,*,#2637,.F.);
#2637 = EDGE_CURVE('',#2638,#2630,#2640,.T.);
#2638 = VERTEX_POINT('',#2639);
#2639 = CARTESIAN_POINT('',(166.5,-109.5,1.6));
#2640 = CIRCLE('',#2641,0.999999252925);
#2641 = AXIS2_PLACEMENT_3D('',#2642,#2643,#2644);
#2642 = CARTESIAN_POINT('',(165.50000074707,-109.500000747,1.6));
#2643 = DIRECTION('',(0.,0.,-1.));
#2644 = DIRECTION('',(1.,7.470757491648E-07,0.));
#2645 = ORIENTED_EDGE('',*,*,#2646,.F.);
#2646 = EDGE_CURVE('',#2647,#2638,#2649,.T.);
#2647 = VERTEX_POINT('',#2648);
#2648 = CARTESIAN_POINT('',(166.5,-107.5,1.6));
#2649 = LINE('',#2650,#2651);
#2650 = CARTESIAN_POINT('',(166.5,-107.5,1.6));
#2651 = VECTOR('',#2652,1.);
#2652 = DIRECTION('',(0.,-1.,0.));
#2653 = ORIENTED_EDGE('',*,*,#2654,.F.);
#2654 = EDGE_CURVE('',#2655,#2647,#2657,.T.);
#2655 = VERTEX_POINT('',#2656);
#2656 = CARTESIAN_POINT('',(167.5,-106.5,1.6));
#2657 = CIRCLE('',#2658,0.999999252925);
#2658 = AXIS2_PLACEMENT_3D('',#2659,#2660,#2661);
#2659 = CARTESIAN_POINT('',(167.49999925292,-107.4999992529,1.6));
#2660 = DIRECTION('',(0.,0.,1.));
#2661 = DIRECTION('',(7.470757349539E-07,1.,-0.));
#2662 = ORIENTED_EDGE('',*,*,#2663,.F.);
#2663 = EDGE_CURVE('',#2664,#2655,#2666,.T.);
#2664 = VERTEX_POINT('',#2665);
#2665 = CARTESIAN_POINT('',(179.5,-106.5,1.6));
#2666 = LINE('',#2667,#2668);
#2667 = CARTESIAN_POINT('',(179.5,-106.5,1.6));
#2668 = VECTOR('',#2669,1.);
#2669 = DIRECTION('',(-1.,0.,0.));
#2670 = ORIENTED_EDGE('',*,*,#2671,.F.);
#2671 = EDGE_CURVE('',#2672,#2664,#2674,.T.);
#2672 = VERTEX_POINT('',#2673);
#2673 = CARTESIAN_POINT('',(180.5,-105.5,1.6));
#2674 = CIRCLE('',#2675,0.999999252925);
#2675 = AXIS2_PLACEMENT_3D('',#2676,#2677,#2678);
#2676 = CARTESIAN_POINT('',(179.50000074707,-105.500000747,1.6));
#2677 = DIRECTION('',(0.,0.,-1.));
#2678 = DIRECTION('',(1.,7.470757491648E-07,0.));
#2679 = ORIENTED_EDGE('',*,*,#2680,.F.);
#2680 = EDGE_CURVE('',#2681,#2672,#2683,.T.);
#2681 = VERTEX_POINT('',#2682);
#2682 = CARTESIAN_POINT('',(180.5,-70.5,1.6));
#2683 = LINE('',#2684,#2685);
#2684 = CARTESIAN_POINT('',(180.5,-70.5,1.6));
#2685 = VECTOR('',#2686,1.);
#2686 = DIRECTION('',(0.,-1.,0.));
#2687 = ORIENTED_EDGE('',*,*,#2688,.F.);
#2688 = EDGE_CURVE('',#2689,#2681,#2691,.T.);
#2689 = VERTEX_POINT('',#2690);
#2690 = CARTESIAN_POINT('',(179.5,-69.5,1.6));
#2691 = CIRCLE('',#2692,0.999999252925);
#2692 = AXIS2_PLACEMENT_3D('',#2693,#2694,#2695);
#2693 = CARTESIAN_POINT('',(179.50000074707,-70.49999925292,1.6));
#2694 = DIRECTION('',(0.,0.,-1.));
#2695 = DIRECTION('',(-7.470757349539E-07,1.,0.));
#2696 = ORIENTED_EDGE('',*,*,#2697,.F.);
#2697 = EDGE_CURVE('',#2698,#2689,#2700,.T.);
#2698 = VERTEX_POINT('',#2699);
#2699 = CARTESIAN_POINT('',(163.5,-69.5,1.6));
#2700 = LINE('',#2701,#2702);
#2701 = CARTESIAN_POINT('',(163.5,-69.5,1.6));
#2702 = VECTOR('',#2703,1.);
#2703 = DIRECTION('',(1.,0.,0.));
#2704 = ORIENTED_EDGE('',*,*,#2705,.F.);
#2705 = EDGE_CURVE('',#2706,#2698,#2708,.T.);
#2706 = VERTEX_POINT('',#2707);
#2707 = CARTESIAN_POINT('',(162.5,-68.5,1.6));
#2708 = CIRCLE('',#2709,0.999999252925);
#2709 = AXIS2_PLACEMENT_3D('',#2710,#2711,#2712);
#2710 = CARTESIAN_POINT('',(163.49999925292,-68.50000074707,1.6));
#2711 = DIRECTION('',(0.,0.,1.));
#2712 = DIRECTION('',(-1.,7.470757491648E-07,0.));
#2713 = ORIENTED_EDGE('',*,*,#2714,.F.);
#2714 = EDGE_CURVE('',#2715,#2706,#2717,.T.);
#2715 = VERTEX_POINT('',#2716);
#2716 = CARTESIAN_POINT('',(162.5,-57.5,1.6));
#2717 = LINE('',#2718,#2719);
#2718 = CARTESIAN_POINT('',(162.5,-57.5,1.6));
#2719 = VECTOR('',#2720,1.);
#2720 = DIRECTION('',(0.,-1.,0.));
#2721 = ORIENTED_EDGE('',*,*,#2722,.F.);
#2722 = EDGE_CURVE('',#2723,#2715,#2725,.T.);
#2723 = VERTEX_POINT('',#2724);
#2724 = CARTESIAN_POINT('',(161.5,-56.5,1.6));
#2725 = CIRCLE('',#2726,0.999999252925);
#2726 = AXIS2_PLACEMENT_3D('',#2727,#2728,#2729);
#2727 = CARTESIAN_POINT('',(161.50000074707,-57.49999925292,1.6));
#2728 = DIRECTION('',(0.,0.,-1.));
#2729 = DIRECTION('',(-7.470757633756E-07,1.,0.));
#2730 = ORIENTED_EDGE('',*,*,#2731,.F.);
#2731 = EDGE_CURVE('',#2732,#2723,#2734,.T.);
#2732 = VERTEX_POINT('',#2733);
#2733 = CARTESIAN_POINT('',(149.5,-56.5,1.6));
#2734 = LINE('',#2735,#2736);
#2735 = CARTESIAN_POINT('',(149.5,-56.5,1.6));
#2736 = VECTOR('',#2737,1.);
#2737 = DIRECTION('',(1.,0.,0.));
#2738 = ORIENTED_EDGE('',*,*,#2739,.F.);
#2739 = EDGE_CURVE('',#2740,#2732,#2742,.T.);
#2740 = VERTEX_POINT('',#2741);
#2741 = CARTESIAN_POINT('',(148.5,-55.5,1.6));
#2742 = CIRCLE('',#2743,0.999999252925);
#2743 = AXIS2_PLACEMENT_3D('',#2744,#2745,#2746);
#2744 = CARTESIAN_POINT('',(149.49999925292,-55.50000074707,1.6));
#2745 = DIRECTION('',(0.,0.,1.));
#2746 = DIRECTION('',(-1.,7.470757562702E-07,0.));
#2747 = ORIENTED_EDGE('',*,*,#2748,.F.);
#2748 = EDGE_CURVE('',#2749,#2740,#2751,.T.);
#2749 = VERTEX_POINT('',#2750);
#2750 = CARTESIAN_POINT('',(148.5,-47.5,1.6));
#2751 = LINE('',#2752,#2753);
#2752 = CARTESIAN_POINT('',(148.5,-47.5,1.6));
#2753 = VECTOR('',#2754,1.);
#2754 = DIRECTION('',(0.,-1.,0.));
#2755 = ORIENTED_EDGE('',*,*,#2756,.F.);
#2756 = EDGE_CURVE('',#2757,#2749,#2759,.T.);
#2757 = VERTEX_POINT('',#2758);
#2758 = CARTESIAN_POINT('',(147.5,-46.5,1.6));
#2759 = CIRCLE('',#2760,0.999999252925);
#2760 = AXIS2_PLACEMENT_3D('',#2761,#2762,#2763);
#2761 = CARTESIAN_POINT('',(147.50000074707,-47.49999925292,1.6));
#2762 = DIRECTION('',(0.,0.,-1.));
#2763 = DIRECTION('',(-7.470757633756E-07,1.,0.));
#2764 = ORIENTED_EDGE('',*,*,#2765,.F.);
#2765 = EDGE_CURVE('',#114,#2757,#2766,.T.);
#2766 = LINE('',#2767,#2768);
#2767 = CARTESIAN_POINT('',(127.,-46.5,1.6));
#2768 = VECTOR('',#2769,1.);
#2769 = DIRECTION('',(1.,0.,0.));
#2770 = ORIENTED_EDGE('',*,*,#113,.F.);
#2771 = FACE_BOUND('',#2772,.T.);
#2772 = EDGE_LOOP('',(#2773));
#2773 = ORIENTED_EDGE('',*,*,#2774,.T.);
#2774 = EDGE_CURVE('',#2775,#2775,#2777,.T.);
#2775 = VERTEX_POINT('',#2776);
#2776 = CARTESIAN_POINT('',(45.89045,-123.475,1.6));
#2777 = CIRCLE('',#2778,1.525);
#2778 = AXIS2_PLACEMENT_3D('',#2779,#2780,#2781);
#2779 = CARTESIAN_POINT('',(45.89045,-121.95,1.6));
#2780 = DIRECTION('',(-0.,0.,-1.));
#2781 = DIRECTION('',(-0.,-1.,0.));
#2782 = FACE_BOUND('',#2783,.T.);
#2783 = EDGE_LOOP('',(#2784));
#2784 = ORIENTED_EDGE('',*,*,#2785,.T.);
#2785 = EDGE_CURVE('',#2786,#2786,#2788,.T.);
#2786 = VERTEX_POINT('',#2787);
#2787 = CARTESIAN_POINT('',(53.75,-124.71314,1.6));
#2788 = CIRCLE('',#2789,0.95);
#2789 = AXIS2_PLACEMENT_3D('',#2790,#2791,#2792);
#2790 = CARTESIAN_POINT('',(53.75,-123.76314,1.6));
#2791 = DIRECTION('',(-0.,0.,-1.));
#2792 = DIRECTION('',(-0.,-1.,0.));
#2793 = FACE_BOUND('',#2794,.T.);
#2794 = EDGE_LOOP('',(#2795));
#2795 = ORIENTED_EDGE('',*,*,#2796,.T.);
#2796 = EDGE_CURVE('',#2797,#2797,#2799,.T.);
#2797 = VERTEX_POINT('',#2798);
#2798 = CARTESIAN_POINT('',(57.960031,-121.555127,1.6));
#2799 = CIRCLE('',#2800,0.8);
#2800 = AXIS2_PLACEMENT_3D('',#2801,#2802,#2803);
#2801 = CARTESIAN_POINT('',(57.960031,-120.755127,1.6));
#2802 = DIRECTION('',(-0.,0.,-1.));
#2803 = DIRECTION('',(-0.,-1.,0.));
#2804 = FACE_BOUND('',#2805,.T.);
#2805 = EDGE_LOOP('',(#2806));
#2806 = ORIENTED_EDGE('',*,*,#2807,.T.);
#2807 = EDGE_CURVE('',#2808,#2808,#2810,.T.);
#2808 = VERTEX_POINT('',#2809);
#2809 = CARTESIAN_POINT('',(51.,-121.525,1.6));
#2810 = CIRCLE('',#2811,2.525);
#2811 = AXIS2_PLACEMENT_3D('',#2812,#2813,#2814);
#2812 = CARTESIAN_POINT('',(51.,-119.,1.6));
#2813 = DIRECTION('',(-0.,0.,-1.));
#2814 = DIRECTION('',(-0.,-1.,0.));
#2815 = FACE_BOUND('',#2816,.T.);
#2816 = EDGE_LOOP('',(#2817));
#2817 = ORIENTED_EDGE('',*,*,#2818,.T.);
#2818 = EDGE_CURVE('',#2819,#2819,#2821,.T.);
#2819 = VERTEX_POINT('',#2820);
#2820 = CARTESIAN_POINT('',(45.209103,-118.094873,1.6));
#2821 = CIRCLE('',#2822,1.525);
#2822 = AXIS2_PLACEMENT_3D('',#2823,#2824,#2825);
#2823 = CARTESIAN_POINT('',(45.209103,-116.569873,1.6));
#2824 = DIRECTION('',(-0.,0.,-1.));
#2825 = DIRECTION('',(-0.,-1.,0.));
#2826 = FACE_BOUND('',#2827,.T.);
#2827 = EDGE_LOOP('',(#2828));
#2828 = ORIENTED_EDGE('',*,*,#2829,.T.);
#2829 = EDGE_CURVE('',#2830,#2830,#2832,.T.);
#2830 = VERTEX_POINT('',#2831);
#2831 = CARTESIAN_POINT('',(67.153883,-121.989613,1.6));
#2832 = CIRCLE('',#2833,1.525);
#2833 = AXIS2_PLACEMENT_3D('',#2834,#2835,#2836);
#2834 = CARTESIAN_POINT('',(67.153883,-120.464613,1.6));
#2835 = DIRECTION('',(-0.,0.,-1.));
#2836 = DIRECTION('',(-9.31859325587E-15,-1.,0.));
#2837 = FACE_BOUND('',#2838,.T.);
#2838 = EDGE_LOOP('',(#2839));
#2839 = ORIENTED_EDGE('',*,*,#2840,.T.);
#2840 = EDGE_CURVE('',#2841,#2841,#2843,.T.);
#2841 = VERTEX_POINT('',#2842);
#2842 = CARTESIAN_POINT('',(72.527032,-122.723962,1.6));
#2843 = CIRCLE('',#2844,1.525);
#2844 = AXIS2_PLACEMENT_3D('',#2845,#2846,#2847);
#2845 = CARTESIAN_POINT('',(72.527032,-121.198962,1.6));
#2846 = DIRECTION('',(-0.,0.,-1.));
#2847 = DIRECTION('',(9.31859325587E-15,-1.,-0.));
#2848 = FACE_BOUND('',#2849,.T.);
#2849 = EDGE_LOOP('',(#2850));
#2850 = ORIENTED_EDGE('',*,*,#2851,.T.);
#2851 = EDGE_CURVE('',#2852,#2852,#2854,.T.);
#2852 = VERTEX_POINT('',#2853);
#2853 = CARTESIAN_POINT('',(65.687408,-117.873505,1.6));
#2854 = CIRCLE('',#2855,0.95);
#2855 = AXIS2_PLACEMENT_3D('',#2856,#2857,#2858);
#2856 = CARTESIAN_POINT('',(65.687408,-116.923505,1.6));
#2857 = DIRECTION('',(-0.,0.,-1.));
#2858 = DIRECTION('',(-0.,-1.,0.));
#2859 = FACE_BOUND('',#2860,.T.);
#2860 = EDGE_LOOP('',(#2861));
#2861 = ORIENTED_EDGE('',*,*,#2862,.T.);
#2862 = EDGE_CURVE('',#2863,#2863,#2865,.T.);
#2863 = VERTEX_POINT('',#2864);
#2864 = CARTESIAN_POINT('',(71.,-118.025,1.6));
#2865 = CIRCLE('',#2866,2.525);
#2866 = AXIS2_PLACEMENT_3D('',#2867,#2868,#2869);
#2867 = CARTESIAN_POINT('',(71.,-115.5,1.6));
#2868 = DIRECTION('',(-0.,0.,-1.));
#2869 = DIRECTION('',(-0.,-1.,0.));
#2870 = FACE_BOUND('',#2871,.T.);
#2871 = EDGE_LOOP('',(#2872));
#2872 = ORIENTED_EDGE('',*,*,#2873,.T.);
#2873 = EDGE_CURVE('',#2874,#2874,#2876,.T.);
#2874 = VERTEX_POINT('',#2875);
#2875 = CARTESIAN_POINT('',(48.25,-115.18686,1.6));
#2876 = CIRCLE('',#2877,0.95);
#2877 = AXIS2_PLACEMENT_3D('',#2878,#2879,#2880);
#2878 = CARTESIAN_POINT('',(48.25,-114.23686,1.6));
#2879 = DIRECTION('',(-0.,0.,-1.));
#2880 = DIRECTION('',(-0.,-1.,0.));
#2881 = FACE_BOUND('',#2882,.T.);
#2882 = EDGE_LOOP('',(#2883));
#2883 = ORIENTED_EDGE('',*,*,#2884,.T.);
#2884 = EDGE_CURVE('',#2885,#2885,#2887,.T.);
#2885 = VERTEX_POINT('',#2886);
#2886 = CARTESIAN_POINT('',(58.,-109.65,1.6));
#2887 = CIRCLE('',#2888,2.15);
#2888 = AXIS2_PLACEMENT_3D('',#2889,#2890,#2891);
#2889 = CARTESIAN_POINT('',(58.,-107.5,1.6));
#2890 = DIRECTION('',(-0.,0.,-1.));
#2891 = DIRECTION('',(-0.,-1.,0.));
#2892 = FACE_BOUND('',#2893,.T.);
#2893 = EDGE_LOOP('',(#2894));
#2894 = ORIENTED_EDGE('',*,*,#2895,.T.);
#2895 = EDGE_CURVE('',#2896,#2896,#2898,.T.);
#2896 = VERTEX_POINT('',#2897);
#2897 = CARTESIAN_POINT('',(76.312592,-115.026495,1.6));
#2898 = CIRCLE('',#2899,0.95);
#2899 = AXIS2_PLACEMENT_3D('',#2900,#2901,#2902);
#2900 = CARTESIAN_POINT('',(76.312592,-114.076495,1.6));
#2901 = DIRECTION('',(-0.,0.,-1.));
#2902 = DIRECTION('',(-0.,-1.,0.));
#2903 = FACE_BOUND('',#2904,.T.);
#2904 = EDGE_LOOP('',(#2905));
#2905 = ORIENTED_EDGE('',*,*,#2906,.T.);
#2906 = EDGE_CURVE('',#2907,#2907,#2909,.T.);
#2907 = VERTEX_POINT('',#2908);
#2908 = CARTESIAN_POINT('',(74.496711,-110.031387,1.6));
#2909 = CIRCLE('',#2910,0.8);
#2910 = AXIS2_PLACEMENT_3D('',#2911,#2912,#2913);
#2911 = CARTESIAN_POINT('',(74.496711,-109.231387,1.6));
#2912 = DIRECTION('',(-0.,0.,-1.));
#2913 = DIRECTION('',(-0.,-1.,0.));
#2914 = FACE_BOUND('',#2915,.T.);
#2915 = EDGE_LOOP('',(#2916));
#2916 = ORIENTED_EDGE('',*,*,#2917,.T.);
#2917 = EDGE_CURVE('',#2918,#2918,#2920,.T.);
#2918 = VERTEX_POINT('',#2919);
#2919 = CARTESIAN_POINT('',(75.,-99.825,1.6));
#2920 = CIRCLE('',#2921,1.525);
#2921 = AXIS2_PLACEMENT_3D('',#2922,#2923,#2924);
#2922 = CARTESIAN_POINT('',(75.,-98.3,1.6));
#2923 = DIRECTION('',(-0.,0.,-1.));
#2924 = DIRECTION('',(-0.,-1.,0.));
#2925 = FACE_BOUND('',#2926,.T.);
#2926 = EDGE_LOOP('',(#2927));
#2927 = ORIENTED_EDGE('',*,*,#2928,.T.);
#2928 = EDGE_CURVE('',#2929,#2929,#2931,.T.);
#2929 = VERTEX_POINT('',#2930);
#2930 = CARTESIAN_POINT('',(55.145,-89.4,1.6));
#2931 = CIRCLE('',#2932,0.4);
#2932 = AXIS2_PLACEMENT_3D('',#2933,#2934,#2935);
#2933 = CARTESIAN_POINT('',(55.145,-89.,1.6));
#2934 = DIRECTION('',(-0.,0.,-1.));
#2935 = DIRECTION('',(1.7763568394E-14,-1.,-0.));
#2936 = FACE_BOUND('',#2937,.T.);
#2937 = EDGE_LOOP('',(#2938));
#2938 = ORIENTED_EDGE('',*,*,#2939,.T.);
#2939 = EDGE_CURVE('',#2940,#2940,#2942,.T.);
#2940 = VERTEX_POINT('',#2941);
#2941 = CARTESIAN_POINT('',(57.685,-89.4,1.6));
#2942 = CIRCLE('',#2943,0.4);
#2943 = AXIS2_PLACEMENT_3D('',#2944,#2945,#2946);
#2944 = CARTESIAN_POINT('',(57.685,-89.,1.6));
#2945 = DIRECTION('',(-0.,0.,-1.));
#2946 = DIRECTION('',(-0.,-1.,0.));
#2947 = FACE_BOUND('',#2948,.T.);
#2948 = EDGE_LOOP('',(#2949));
#2949 = ORIENTED_EDGE('',*,*,#2950,.T.);
#2950 = EDGE_CURVE('',#2951,#2951,#2953,.T.);
#2951 = VERTEX_POINT('',#2952);
#2952 = CARTESIAN_POINT('',(60.225,-89.4,1.6));
#2953 = CIRCLE('',#2954,0.4);
#2954 = AXIS2_PLACEMENT_3D('',#2955,#2956,#2957);
#2955 = CARTESIAN_POINT('',(60.225,-89.,1.6));
#2956 = DIRECTION('',(-0.,0.,-1.));
#2957 = DIRECTION('',(-0.,-1.,0.));
#2958 = FACE_BOUND('',#2959,.T.);
#2959 = EDGE_LOOP('',(#2960));
#2960 = ORIENTED_EDGE('',*,*,#2961,.T.);
#2961 = EDGE_CURVE('',#2962,#2962,#2964,.T.);
#2962 = VERTEX_POINT('',#2963);
#2963 = CARTESIAN_POINT('',(74.5,-95.45,1.6));
#2964 = CIRCLE('',#2965,0.95);
#2965 = AXIS2_PLACEMENT_3D('',#2966,#2967,#2968);
#2966 = CARTESIAN_POINT('',(74.5,-94.5,1.6));
#2967 = DIRECTION('',(-0.,0.,-1.));
#2968 = DIRECTION('',(-0.,-1.,0.));
#2969 = FACE_BOUND('',#2970,.T.);
#2970 = EDGE_LOOP('',(#2971));
#2971 = ORIENTED_EDGE('',*,*,#2972,.T.);
#2972 = EDGE_CURVE('',#2973,#2973,#2975,.T.);
#2973 = VERTEX_POINT('',#2974);
#2974 = CARTESIAN_POINT('',(62.765,-89.4,1.6));
#2975 = CIRCLE('',#2976,0.4);
#2976 = AXIS2_PLACEMENT_3D('',#2977,#2978,#2979);
#2977 = CARTESIAN_POINT('',(62.765,-89.,1.6));
#2978 = DIRECTION('',(-0.,0.,-1.));
#2979 = DIRECTION('',(-0.,-1.,0.));
#2980 = FACE_BOUND('',#2981,.T.);
#2981 = EDGE_LOOP('',(#2982));
#2982 = ORIENTED_EDGE('',*,*,#2983,.T.);
#2983 = EDGE_CURVE('',#2984,#2984,#2986,.T.);
#2984 = VERTEX_POINT('',#2985);
#2985 = CARTESIAN_POINT('',(65.305,-89.4,1.6));
#2986 = CIRCLE('',#2987,0.4);
#2987 = AXIS2_PLACEMENT_3D('',#2988,#2989,#2990);
#2988 = CARTESIAN_POINT('',(65.305,-89.,1.6));
#2989 = DIRECTION('',(-0.,0.,-1.));
#2990 = DIRECTION('',(-0.,-1.,0.));
#2991 = FACE_BOUND('',#2992,.T.);
#2992 = EDGE_LOOP('',(#2993));
#2993 = ORIENTED_EDGE('',*,*,#2994,.T.);
#2994 = EDGE_CURVE('',#2995,#2995,#2997,.T.);
#2995 = VERTEX_POINT('',#2996);
#2996 = CARTESIAN_POINT('',(80.,-101.925,1.6));
#2997 = CIRCLE('',#2998,1.525);
#2998 = AXIS2_PLACEMENT_3D('',#2999,#3000,#3001);
#2999 = CARTESIAN_POINT('',(80.,-100.4,1.6));
#3000 = DIRECTION('',(-0.,0.,-1.));
#3001 = DIRECTION('',(-0.,-1.,0.));
#3002 = FACE_BOUND('',#3003,.T.);
#3003 = EDGE_LOOP('',(#3004));
#3004 = ORIENTED_EDGE('',*,*,#3005,.T.);
#3005 = EDGE_CURVE('',#3006,#3006,#3008,.T.);
#3006 = VERTEX_POINT('',#3007);
#3007 = CARTESIAN_POINT('',(93.,-97.825,1.6));
#3008 = CIRCLE('',#3009,1.525);
#3009 = AXIS2_PLACEMENT_3D('',#3010,#3011,#3012);
#3010 = CARTESIAN_POINT('',(93.,-96.3,1.6));
#3011 = DIRECTION('',(-0.,0.,-1.));
#3012 = DIRECTION('',(-0.,-1.,0.));
#3013 = FACE_BOUND('',#3014,.T.);
#3014 = EDGE_LOOP('',(#3015));
#3015 = ORIENTED_EDGE('',*,*,#3016,.T.);
#3016 = EDGE_CURVE('',#3017,#3017,#3019,.T.);
#3017 = VERTEX_POINT('',#3018);
#3018 = CARTESIAN_POINT('',(98.,-99.925,1.6));
#3019 = CIRCLE('',#3020,1.525);
#3020 = AXIS2_PLACEMENT_3D('',#3021,#3022,#3023);
#3021 = CARTESIAN_POINT('',(98.,-98.4,1.6));
#3022 = DIRECTION('',(-0.,0.,-1.));
#3023 = DIRECTION('',(-0.,-1.,0.));
#3024 = FACE_BOUND('',#3025,.T.);
#3025 = EDGE_LOOP('',(#3026));
#3026 = ORIENTED_EDGE('',*,*,#3027,.T.);
#3027 = EDGE_CURVE('',#3028,#3028,#3030,.T.);
#3028 = VERTEX_POINT('',#3029);
#3029 = CARTESIAN_POINT('',(80.,-97.025,1.6));
#3030 = CIRCLE('',#3031,2.525);
#3031 = AXIS2_PLACEMENT_3D('',#3032,#3033,#3034);
#3032 = CARTESIAN_POINT('',(80.,-94.5,1.6));
#3033 = DIRECTION('',(-0.,0.,-1.));
#3034 = DIRECTION('',(-0.,-1.,0.));
#3035 = FACE_BOUND('',#3036,.T.);
#3036 = EDGE_LOOP('',(#3037));
#3037 = ORIENTED_EDGE('',*,*,#3038,.T.);
#3038 = EDGE_CURVE('',#3039,#3039,#3041,.T.);
#3039 = VERTEX_POINT('',#3040);
#3040 = CARTESIAN_POINT('',(85.5,-95.45,1.6));
#3041 = CIRCLE('',#3042,0.95);
#3042 = AXIS2_PLACEMENT_3D('',#3043,#3044,#3045);
#3043 = CARTESIAN_POINT('',(85.5,-94.5,1.6));
#3044 = DIRECTION('',(-0.,0.,-1.));
#3045 = DIRECTION('',(-0.,-1.,0.));
#3046 = FACE_BOUND('',#3047,.T.);
#3047 = EDGE_LOOP('',(#3048));
#3048 = ORIENTED_EDGE('',*,*,#3049,.T.);
#3049 = EDGE_CURVE('',#3050,#3050,#3052,.T.);
#3050 = VERTEX_POINT('',#3051);
#3051 = CARTESIAN_POINT('',(92.5,-93.45,1.6));
#3052 = CIRCLE('',#3053,0.95);
#3053 = AXIS2_PLACEMENT_3D('',#3054,#3055,#3056);
#3054 = CARTESIAN_POINT('',(92.5,-92.5,1.6));
#3055 = DIRECTION('',(-0.,0.,-1.));
#3056 = DIRECTION('',(-0.,-1.,0.));
#3057 = FACE_BOUND('',#3058,.T.);
#3058 = EDGE_LOOP('',(#3059));
#3059 = ORIENTED_EDGE('',*,*,#3060,.T.);
#3060 = EDGE_CURVE('',#3061,#3061,#3063,.T.);
#3061 = VERTEX_POINT('',#3062);
#3062 = CARTESIAN_POINT('',(85.,-90.15,1.6));
#3063 = CIRCLE('',#3064,0.8);
#3064 = AXIS2_PLACEMENT_3D('',#3065,#3066,#3067);
#3065 = CARTESIAN_POINT('',(85.,-89.35,1.6));
#3066 = DIRECTION('',(-0.,0.,-1.));
#3067 = DIRECTION('',(-0.,-1.,0.));
#3068 = FACE_BOUND('',#3069,.T.);
#3069 = EDGE_LOOP('',(#3070));
#3070 = ORIENTED_EDGE('',*,*,#3071,.T.);
#3071 = EDGE_CURVE('',#3072,#3072,#3074,.T.);
#3072 = VERTEX_POINT('',#3073);
#3073 = CARTESIAN_POINT('',(98.,-95.025,1.6));
#3074 = CIRCLE('',#3075,2.525);
#3075 = AXIS2_PLACEMENT_3D('',#3076,#3077,#3078);
#3076 = CARTESIAN_POINT('',(98.,-92.5,1.6));
#3077 = DIRECTION('',(-0.,0.,-1.));
#3078 = DIRECTION('',(-0.,-1.,0.));
#3079 = FACE_BOUND('',#3080,.T.);
#3080 = EDGE_LOOP('',(#3081));
#3081 = ORIENTED_EDGE('',*,*,#3082,.T.);
#3082 = EDGE_CURVE('',#3083,#3083,#3085,.T.);
#3083 = VERTEX_POINT('',#3084);
#3084 = CARTESIAN_POINT('',(103.5,-93.45,1.6));
#3085 = CIRCLE('',#3086,0.95);
#3086 = AXIS2_PLACEMENT_3D('',#3087,#3088,#3089);
#3087 = CARTESIAN_POINT('',(103.5,-92.5,1.6));
#3088 = DIRECTION('',(-0.,0.,-1.));
#3089 = DIRECTION('',(-0.,-1.,0.));
#3090 = FACE_BOUND('',#3091,.T.);
#3091 = EDGE_LOOP('',(#3092));
#3092 = ORIENTED_EDGE('',*,*,#3093,.T.);
#3093 = EDGE_CURVE('',#3094,#3094,#3096,.T.);
#3094 = VERTEX_POINT('',#3095);
#3095 = CARTESIAN_POINT('',(103.,-88.15,1.6));
#3096 = CIRCLE('',#3097,0.8);
#3097 = AXIS2_PLACEMENT_3D('',#3098,#3099,#3100);
#3098 = CARTESIAN_POINT('',(103.,-87.35,1.6));
#3099 = DIRECTION('',(-0.,0.,-1.));
#3100 = DIRECTION('',(-0.,-1.,0.));
#3101 = FACE_BOUND('',#3102,.T.);
#3102 = EDGE_LOOP('',(#3103));
#3103 = ORIENTED_EDGE('',*,*,#3104,.T.);
#3104 = EDGE_CURVE('',#3105,#3105,#3107,.T.);
#3105 = VERTEX_POINT('',#3106);
#3106 = CARTESIAN_POINT('',(129.,-124.44,1.6));
#3107 = CIRCLE('',#3108,0.5);
#3108 = AXIS2_PLACEMENT_3D('',#3109,#3110,#3111);
#3109 = CARTESIAN_POINT('',(129.,-123.94,1.6));
#3110 = DIRECTION('',(-0.,0.,-1.));
#3111 = DIRECTION('',(-0.,-1.,0.));
#3112 = FACE_BOUND('',#3113,.T.);
#3113 = EDGE_LOOP('',(#3114));
#3114 = ORIENTED_EDGE('',*,*,#3115,.T.);
#3115 = EDGE_CURVE('',#3116,#3116,#3118,.T.);
#3116 = VERTEX_POINT('',#3117);
#3117 = CARTESIAN_POINT('',(129.,-121.9,1.6));
#3118 = CIRCLE('',#3119,0.5);
#3119 = AXIS2_PLACEMENT_3D('',#3120,#3121,#3122);
#3120 = CARTESIAN_POINT('',(129.,-121.4,1.6));
#3121 = DIRECTION('',(-0.,0.,-1.));
#3122 = DIRECTION('',(-0.,-1.,0.));
#3123 = FACE_BOUND('',#3124,.T.);
#3124 = EDGE_LOOP('',(#3125));
#3125 = ORIENTED_EDGE('',*,*,#3126,.T.);
#3126 = EDGE_CURVE('',#3127,#3127,#3129,.T.);
#3127 = VERTEX_POINT('',#3128);
#3128 = CARTESIAN_POINT('',(129.,-119.36,1.6));
#3129 = CIRCLE('',#3130,0.5);
#3130 = AXIS2_PLACEMENT_3D('',#3131,#3132,#3133);
#3131 = CARTESIAN_POINT('',(129.,-118.86,1.6));
#3132 = DIRECTION('',(-0.,0.,-1.));
#3133 = DIRECTION('',(-0.,-1.,0.));
#3134 = FACE_BOUND('',#3135,.T.);
#3135 = EDGE_LOOP('',(#3136));
#3136 = ORIENTED_EDGE('',*,*,#3137,.T.);
#3137 = EDGE_CURVE('',#3138,#3138,#3140,.T.);
#3138 = VERTEX_POINT('',#3139);
#3139 = CARTESIAN_POINT('',(129.,-116.82,1.6));
#3140 = CIRCLE('',#3141,0.5);
#3141 = AXIS2_PLACEMENT_3D('',#3142,#3143,#3144);
#3142 = CARTESIAN_POINT('',(129.,-116.32,1.6));
#3143 = DIRECTION('',(-0.,0.,-1.));
#3144 = DIRECTION('',(-0.,-1.,0.));
#3145 = FACE_BOUND('',#3146,.T.);
#3146 = EDGE_LOOP('',(#3147));
#3147 = ORIENTED_EDGE('',*,*,#3148,.T.);
#3148 = EDGE_CURVE('',#3149,#3149,#3151,.T.);
#3149 = VERTEX_POINT('',#3150);
#3150 = CARTESIAN_POINT('',(129.,-114.28,1.6));
#3151 = CIRCLE('',#3152,0.5);
#3152 = AXIS2_PLACEMENT_3D('',#3153,#3154,#3155);
#3153 = CARTESIAN_POINT('',(129.,-113.78,1.6));
#3154 = DIRECTION('',(-0.,0.,-1.));
#3155 = DIRECTION('',(-0.,-1.,0.));
#3156 = FACE_BOUND('',#3157,.T.);
#3157 = EDGE_LOOP('',(#3158));
#3158 = ORIENTED_EDGE('',*,*,#3159,.T.);
#3159 = EDGE_CURVE('',#3160,#3160,#3162,.T.);
#3160 = VERTEX_POINT('',#3161);
#3161 = CARTESIAN_POINT('',(129.,-111.74,1.6));
#3162 = CIRCLE('',#3163,0.5);
#3163 = AXIS2_PLACEMENT_3D('',#3164,#3165,#3166);
#3164 = CARTESIAN_POINT('',(129.,-111.24,1.6));
#3165 = DIRECTION('',(-0.,0.,-1.));
#3166 = DIRECTION('',(-0.,-1.,0.));
#3167 = FACE_BOUND('',#3168,.T.);
#3168 = EDGE_LOOP('',(#3169));
#3169 = ORIENTED_EDGE('',*,*,#3170,.T.);
#3170 = EDGE_CURVE('',#3171,#3171,#3173,.T.);
#3171 = VERTEX_POINT('',#3172);
#3172 = CARTESIAN_POINT('',(129.,-109.2,1.6));
#3173 = CIRCLE('',#3174,0.5);
#3174 = AXIS2_PLACEMENT_3D('',#3175,#3176,#3177);
#3175 = CARTESIAN_POINT('',(129.,-108.7,1.6));
#3176 = DIRECTION('',(-0.,0.,-1.));
#3177 = DIRECTION('',(-0.,-1.,0.));
#3178 = FACE_BOUND('',#3179,.T.);
#3179 = EDGE_LOOP('',(#3180));
#3180 = ORIENTED_EDGE('',*,*,#3181,.T.);
#3181 = EDGE_CURVE('',#3182,#3182,#3184,.T.);
#3182 = VERTEX_POINT('',#3183);
#3183 = CARTESIAN_POINT('',(137.5,-109.65,1.6));
#3184 = CIRCLE('',#3185,2.15);
#3185 = AXIS2_PLACEMENT_3D('',#3186,#3187,#3188);
#3186 = CARTESIAN_POINT('',(137.5,-107.5,1.6));
#3187 = DIRECTION('',(-0.,0.,-1.));
#3188 = DIRECTION('',(-0.,-1.,0.));
#3189 = FACE_BOUND('',#3190,.T.);
#3190 = EDGE_LOOP('',(#3191));
#3191 = ORIENTED_EDGE('',*,*,#3192,.T.);
#3192 = EDGE_CURVE('',#3193,#3193,#3195,.T.);
#3193 = VERTEX_POINT('',#3194);
#3194 = CARTESIAN_POINT('',(152.,-107.925,1.6));
#3195 = CIRCLE('',#3196,1.525);
#3196 = AXIS2_PLACEMENT_3D('',#3197,#3198,#3199);
#3197 = CARTESIAN_POINT('',(152.,-106.4,1.6));
#3198 = DIRECTION('',(-0.,0.,-1.));
#3199 = DIRECTION('',(-0.,-1.,0.));
#3200 = FACE_BOUND('',#3201,.T.);
#3201 = EDGE_LOOP('',(#3202));
#3202 = ORIENTED_EDGE('',*,*,#3203,.T.);
#3203 = EDGE_CURVE('',#3204,#3204,#3206,.T.);
#3204 = VERTEX_POINT('',#3205);
#3205 = CARTESIAN_POINT('',(163.5,-109.65,1.6));
#3206 = CIRCLE('',#3207,2.15);
#3207 = AXIS2_PLACEMENT_3D('',#3208,#3209,#3210);
#3208 = CARTESIAN_POINT('',(163.5,-107.5,1.6));
#3209 = DIRECTION('',(-0.,0.,-1.));
#3210 = DIRECTION('',(-0.,-1.,0.));
#3211 = FACE_BOUND('',#3212,.T.);
#3212 = EDGE_LOOP('',(#3213));
#3213 = ORIENTED_EDGE('',*,*,#3214,.T.);
#3214 = EDGE_CURVE('',#3215,#3215,#3217,.T.);
#3215 = VERTEX_POINT('',#3216);
#3216 = CARTESIAN_POINT('',(134.,-97.925,1.6));
#3217 = CIRCLE('',#3218,1.525);
#3218 = AXIS2_PLACEMENT_3D('',#3219,#3220,#3221);
#3219 = CARTESIAN_POINT('',(134.,-96.4,1.6));
#3220 = DIRECTION('',(-0.,0.,-1.));
#3221 = DIRECTION('',(-0.,-1.,0.));
#3222 = FACE_BOUND('',#3223,.T.);
#3223 = EDGE_LOOP('',(#3224));
#3224 = ORIENTED_EDGE('',*,*,#3225,.T.);
#3225 = EDGE_CURVE('',#3226,#3226,#3228,.T.);
#3226 = VERTEX_POINT('',#3227);
#3227 = CARTESIAN_POINT('',(116.,-96.925,1.6));
#3228 = CIRCLE('',#3229,1.525);
#3229 = AXIS2_PLACEMENT_3D('',#3230,#3231,#3232);
#3230 = CARTESIAN_POINT('',(116.,-95.4,1.6));
#3231 = DIRECTION('',(-0.,0.,-1.));
#3232 = DIRECTION('',(-0.,-1.,0.));
#3233 = FACE_BOUND('',#3234,.T.);
#3234 = EDGE_LOOP('',(#3235));
#3235 = ORIENTED_EDGE('',*,*,#3236,.T.);
#3236 = EDGE_CURVE('',#3237,#3237,#3239,.T.);
#3237 = VERTEX_POINT('',#3238);
#3238 = CARTESIAN_POINT('',(111.,-94.825,1.6));
#3239 = CIRCLE('',#3240,1.525);
#3240 = AXIS2_PLACEMENT_3D('',#3241,#3242,#3243);
#3241 = CARTESIAN_POINT('',(111.,-93.3,1.6));
#3242 = DIRECTION('',(-0.,0.,-1.));
#3243 = DIRECTION('',(-0.,-1.,0.));
#3244 = FACE_BOUND('',#3245,.T.);
#3245 = EDGE_LOOP('',(#3246));
#3246 = ORIENTED_EDGE('',*,*,#3247,.T.);
#3247 = EDGE_CURVE('',#3248,#3248,#3250,.T.);
#3248 = VERTEX_POINT('',#3249);
#3249 = CARTESIAN_POINT('',(110.5,-90.45,1.6));
#3250 = CIRCLE('',#3251,0.95);
#3251 = AXIS2_PLACEMENT_3D('',#3252,#3253,#3254);
#3252 = CARTESIAN_POINT('',(110.5,-89.5,1.6));
#3253 = DIRECTION('',(-0.,0.,-1.));
#3254 = DIRECTION('',(-0.,-1.,0.));
#3255 = FACE_BOUND('',#3256,.T.);
#3256 = EDGE_LOOP('',(#3257));
#3257 = ORIENTED_EDGE('',*,*,#3258,.T.);
#3258 = EDGE_CURVE('',#3259,#3259,#3261,.T.);
#3259 = VERTEX_POINT('',#3260);
#3260 = CARTESIAN_POINT('',(116.,-92.025,1.6));
#3261 = CIRCLE('',#3262,2.525);
#3262 = AXIS2_PLACEMENT_3D('',#3263,#3264,#3265);
#3263 = CARTESIAN_POINT('',(116.,-89.5,1.6));
#3264 = DIRECTION('',(-0.,0.,-1.));
#3265 = DIRECTION('',(-0.,-1.,0.));
#3266 = FACE_BOUND('',#3267,.T.);
#3267 = EDGE_LOOP('',(#3268));
#3268 = ORIENTED_EDGE('',*,*,#3269,.T.);
#3269 = EDGE_CURVE('',#3270,#3270,#3272,.T.);
#3270 = VERTEX_POINT('',#3271);
#3271 = CARTESIAN_POINT('',(121.5,-90.45,1.6));
#3272 = CIRCLE('',#3273,0.95);
#3273 = AXIS2_PLACEMENT_3D('',#3274,#3275,#3276);
#3274 = CARTESIAN_POINT('',(121.5,-89.5,1.6));
#3275 = DIRECTION('',(-0.,0.,-1.));
#3276 = DIRECTION('',(-0.,-1.,0.));
#3277 = FACE_BOUND('',#3278,.T.);
#3278 = EDGE_LOOP('',(#3279));
#3279 = ORIENTED_EDGE('',*,*,#3280,.T.);
#3280 = EDGE_CURVE('',#3281,#3281,#3283,.T.);
#3281 = VERTEX_POINT('',#3282);
#3282 = CARTESIAN_POINT('',(129.,-95.825,1.6));
#3283 = CIRCLE('',#3284,1.525);
#3284 = AXIS2_PLACEMENT_3D('',#3285,#3286,#3287);
#3285 = CARTESIAN_POINT('',(129.,-94.3,1.6));
#3286 = DIRECTION('',(-0.,0.,-1.));
#3287 = DIRECTION('',(-0.,-1.,0.));
#3288 = FACE_BOUND('',#3289,.T.);
#3289 = EDGE_LOOP('',(#3290));
#3290 = ORIENTED_EDGE('',*,*,#3291,.T.);
#3291 = EDGE_CURVE('',#3292,#3292,#3294,.T.);
#3292 = VERTEX_POINT('',#3293);
#3293 = CARTESIAN_POINT('',(128.5,-91.45,1.6));
#3294 = CIRCLE('',#3295,0.95);
#3295 = AXIS2_PLACEMENT_3D('',#3296,#3297,#3298);
#3296 = CARTESIAN_POINT('',(128.5,-90.5,1.6));
#3297 = DIRECTION('',(-0.,0.,-1.));
#3298 = DIRECTION('',(-0.,-1.,0.));
#3299 = FACE_BOUND('',#3300,.T.);
#3300 = EDGE_LOOP('',(#3301));
#3301 = ORIENTED_EDGE('',*,*,#3302,.T.);
#3302 = EDGE_CURVE('',#3303,#3303,#3305,.T.);
#3303 = VERTEX_POINT('',#3304);
#3304 = CARTESIAN_POINT('',(134.,-93.025,1.6));
#3305 = CIRCLE('',#3306,2.525);
#3306 = AXIS2_PLACEMENT_3D('',#3307,#3308,#3309);
#3307 = CARTESIAN_POINT('',(134.,-90.5,1.6));
#3308 = DIRECTION('',(-0.,0.,-1.));
#3309 = DIRECTION('',(-0.,-1.,0.));
#3310 = FACE_BOUND('',#3311,.T.);
#3311 = EDGE_LOOP('',(#3312));
#3312 = ORIENTED_EDGE('',*,*,#3313,.T.);
#3313 = EDGE_CURVE('',#3314,#3314,#3316,.T.);
#3314 = VERTEX_POINT('',#3315);
#3315 = CARTESIAN_POINT('',(139.5,-91.45,1.6));
#3316 = CIRCLE('',#3317,0.95);
#3317 = AXIS2_PLACEMENT_3D('',#3318,#3319,#3320);
#3318 = CARTESIAN_POINT('',(139.5,-90.5,1.6));
#3319 = DIRECTION('',(-0.,0.,-1.));
#3320 = DIRECTION('',(-0.,-1.,0.));
#3321 = FACE_BOUND('',#3322,.T.);
#3322 = EDGE_LOOP('',(#3323));
#3323 = ORIENTED_EDGE('',*,*,#3324,.T.);
#3324 = EDGE_CURVE('',#3325,#3325,#3327,.T.);
#3325 = VERTEX_POINT('',#3326);
#3326 = CARTESIAN_POINT('',(147.,-105.825,1.6));
#3327 = CIRCLE('',#3328,1.525);
#3328 = AXIS2_PLACEMENT_3D('',#3329,#3330,#3331);
#3329 = CARTESIAN_POINT('',(147.,-104.3,1.6));
#3330 = DIRECTION('',(-0.,0.,-1.));
#3331 = DIRECTION('',(-0.,-1.,0.));
#3332 = FACE_BOUND('',#3333,.T.);
#3333 = EDGE_LOOP('',(#3334));
#3334 = ORIENTED_EDGE('',*,*,#3335,.T.);
#3335 = EDGE_CURVE('',#3336,#3336,#3338,.T.);
#3336 = VERTEX_POINT('',#3337);
#3337 = CARTESIAN_POINT('',(146.5,-101.45,1.6));
#3338 = CIRCLE('',#3339,0.95);
#3339 = AXIS2_PLACEMENT_3D('',#3340,#3341,#3342);
#3340 = CARTESIAN_POINT('',(146.5,-100.5,1.6));
#3341 = DIRECTION('',(-0.,0.,-1.));
#3342 = DIRECTION('',(-0.,-1.,0.));
#3343 = FACE_BOUND('',#3344,.T.);
#3344 = EDGE_LOOP('',(#3345));
#3345 = ORIENTED_EDGE('',*,*,#3346,.T.);
#3346 = EDGE_CURVE('',#3347,#3347,#3349,.T.);
#3347 = VERTEX_POINT('',#3348);
#3348 = CARTESIAN_POINT('',(152.,-103.025,1.6));
#3349 = CIRCLE('',#3350,2.525);
#3350 = AXIS2_PLACEMENT_3D('',#3351,#3352,#3353);
#3351 = CARTESIAN_POINT('',(152.,-100.5,1.6));
#3352 = DIRECTION('',(-0.,0.,-1.));
#3353 = DIRECTION('',(-0.,-1.,0.));
#3354 = FACE_BOUND('',#3355,.T.);
#3355 = EDGE_LOOP('',(#3356));
#3356 = ORIENTED_EDGE('',*,*,#3357,.T.);
#3357 = EDGE_CURVE('',#3358,#3358,#3360,.T.);
#3358 = VERTEX_POINT('',#3359);
#3359 = CARTESIAN_POINT('',(157.5,-101.45,1.6));
#3360 = CIRCLE('',#3361,0.95);
#3361 = AXIS2_PLACEMENT_3D('',#3362,#3363,#3364);
#3362 = CARTESIAN_POINT('',(157.5,-100.5,1.6));
#3363 = DIRECTION('',(-0.,0.,-1.));
#3364 = DIRECTION('',(-0.,-1.,0.));
#3365 = FACE_BOUND('',#3366,.T.);
#3366 = EDGE_LOOP('',(#3367));
#3367 = ORIENTED_EDGE('',*,*,#3368,.T.);
#3368 = EDGE_CURVE('',#3369,#3369,#3371,.T.);
#3369 = VERTEX_POINT('',#3370);
#3370 = CARTESIAN_POINT('',(170.,-103.925,1.6));
#3371 = CIRCLE('',#3372,1.525);
#3372 = AXIS2_PLACEMENT_3D('',#3373,#3374,#3375);
#3373 = CARTESIAN_POINT('',(170.,-102.4,1.6));
#3374 = DIRECTION('',(-0.,0.,-1.));
#3375 = DIRECTION('',(-0.,-1.,0.));
#3376 = FACE_BOUND('',#3377,.T.);
#3377 = EDGE_LOOP('',(#3378));
#3378 = ORIENTED_EDGE('',*,*,#3379,.T.);
#3379 = EDGE_CURVE('',#3380,#3380,#3382,.T.);
#3380 = VERTEX_POINT('',#3381);
#3381 = CARTESIAN_POINT('',(165.,-101.825,1.6));
#3382 = CIRCLE('',#3383,1.525);
#3383 = AXIS2_PLACEMENT_3D('',#3384,#3385,#3386);
#3384 = CARTESIAN_POINT('',(165.,-100.3,1.6));
#3385 = DIRECTION('',(-0.,0.,-1.));
#3386 = DIRECTION('',(-0.,-1.,0.));
#3387 = FACE_BOUND('',#3388,.T.);
#3388 = EDGE_LOOP('',(#3389));
#3389 = ORIENTED_EDGE('',*,*,#3390,.T.);
#3390 = EDGE_CURVE('',#3391,#3391,#3393,.T.);
#3391 = VERTEX_POINT('',#3392);
#3392 = CARTESIAN_POINT('',(164.5,-97.45,1.6));
#3393 = CIRCLE('',#3394,0.95);
#3394 = AXIS2_PLACEMENT_3D('',#3395,#3396,#3397);
#3395 = CARTESIAN_POINT('',(164.5,-96.5,1.6));
#3396 = DIRECTION('',(-0.,0.,-1.));
#3397 = DIRECTION('',(-0.,-1.,0.));
#3398 = FACE_BOUND('',#3399,.T.);
#3399 = EDGE_LOOP('',(#3400));
#3400 = ORIENTED_EDGE('',*,*,#3401,.T.);
#3401 = EDGE_CURVE('',#3402,#3402,#3404,.T.);
#3402 = VERTEX_POINT('',#3403);
#3403 = CARTESIAN_POINT('',(170.,-99.025,1.6));
#3404 = CIRCLE('',#3405,2.525);
#3405 = AXIS2_PLACEMENT_3D('',#3406,#3407,#3408);
#3406 = CARTESIAN_POINT('',(170.,-96.5,1.6));
#3407 = DIRECTION('',(-0.,0.,-1.));
#3408 = DIRECTION('',(-0.,-1.,0.));
#3409 = FACE_BOUND('',#3410,.T.);
#3410 = EDGE_LOOP('',(#3411));
#3411 = ORIENTED_EDGE('',*,*,#3412,.T.);
#3412 = EDGE_CURVE('',#3413,#3413,#3415,.T.);
#3413 = VERTEX_POINT('',#3414);
#3414 = CARTESIAN_POINT('',(175.5,-97.45,1.6));
#3415 = CIRCLE('',#3416,0.95);
#3416 = AXIS2_PLACEMENT_3D('',#3417,#3418,#3419);
#3417 = CARTESIAN_POINT('',(175.5,-96.5,1.6));
#3418 = DIRECTION('',(-0.,0.,-1.));
#3419 = DIRECTION('',(-0.,-1.,0.));
#3420 = FACE_BOUND('',#3421,.T.);
#3421 = EDGE_LOOP('',(#3422));
#3422 = ORIENTED_EDGE('',*,*,#3423,.T.);
#3423 = EDGE_CURVE('',#3424,#3424,#3426,.T.);
#3424 = VERTEX_POINT('',#3425);
#3425 = CARTESIAN_POINT('',(157.,-96.15,1.6));
#3426 = CIRCLE('',#3427,0.8);
#3427 = AXIS2_PLACEMENT_3D('',#3428,#3429,#3430);
#3428 = CARTESIAN_POINT('',(157.,-95.35,1.6));
#3429 = DIRECTION('',(-0.,0.,-1.));
#3430 = DIRECTION('',(-0.,-1.,0.));
#3431 = FACE_BOUND('',#3432,.T.);
#3432 = EDGE_LOOP('',(#3433));
#3433 = ORIENTED_EDGE('',*,*,#3434,.T.);
#3434 = EDGE_CURVE('',#3435,#3435,#3437,.T.);
#3435 = VERTEX_POINT('',#3436);
#3436 = CARTESIAN_POINT('',(147.,-88.825,1.6));
#3437 = CIRCLE('',#3438,1.525);
#3438 = AXIS2_PLACEMENT_3D('',#3439,#3440,#3441);
#3439 = CARTESIAN_POINT('',(147.,-87.3,1.6));
#3440 = DIRECTION('',(-0.,0.,-1.));
#3441 = DIRECTION('',(-0.,-1.,0.));
#3442 = FACE_BOUND('',#3443,.T.);
#3443 = EDGE_LOOP('',(#3444));
#3444 = ORIENTED_EDGE('',*,*,#3445,.T.);
#3445 = EDGE_CURVE('',#3446,#3446,#3448,.T.);
#3446 = VERTEX_POINT('',#3447);
#3447 = CARTESIAN_POINT('',(152.,-90.925,1.6));
#3448 = CIRCLE('',#3449,1.525);
#3449 = AXIS2_PLACEMENT_3D('',#3450,#3451,#3452);
#3450 = CARTESIAN_POINT('',(152.,-89.4,1.6));
#3451 = DIRECTION('',(-0.,0.,-1.));
#3452 = DIRECTION('',(-0.,-1.,0.));
#3453 = FACE_BOUND('',#3454,.T.);
#3454 = EDGE_LOOP('',(#3455));
#3455 = ORIENTED_EDGE('',*,*,#3456,.T.);
#3456 = EDGE_CURVE('',#3457,#3457,#3459,.T.);
#3457 = VERTEX_POINT('',#3458);
#3458 = CARTESIAN_POINT('',(175.,-92.15,1.6));
#3459 = CIRCLE('',#3460,0.8);
#3460 = AXIS2_PLACEMENT_3D('',#3461,#3462,#3463);
#3461 = CARTESIAN_POINT('',(175.,-91.35,1.6));
#3462 = DIRECTION('',(-0.,0.,-1.));
#3463 = DIRECTION('',(-0.,-1.,0.));
#3464 = FACE_BOUND('',#3465,.T.);
#3465 = EDGE_LOOP('',(#3466));
#3466 = ORIENTED_EDGE('',*,*,#3467,.T.);
#3467 = EDGE_CURVE('',#3468,#3468,#3470,.T.);
#3468 = VERTEX_POINT('',#3469);
#3469 = CARTESIAN_POINT('',(51.17,-84.45,1.6));
#3470 = CIRCLE('',#3471,0.45);
#3471 = AXIS2_PLACEMENT_3D('',#3472,#3473,#3474);
#3472 = CARTESIAN_POINT('',(51.17,-84.,1.6));
#3473 = DIRECTION('',(-0.,0.,-1.));
#3474 = DIRECTION('',(-0.,-1.,0.));
#3475 = FACE_BOUND('',#3476,.T.);
#3476 = EDGE_LOOP('',(#3477));
#3477 = ORIENTED_EDGE('',*,*,#3478,.T.);
#3478 = EDGE_CURVE('',#3479,#3479,#3481,.T.);
#3479 = VERTEX_POINT('',#3480);
#3480 = CARTESIAN_POINT('',(51.17,-81.45,1.6));
#3481 = CIRCLE('',#3482,0.45);
#3482 = AXIS2_PLACEMENT_3D('',#3483,#3484,#3485);
#3483 = CARTESIAN_POINT('',(51.17,-81.,1.6));
#3484 = DIRECTION('',(-0.,0.,-1.));
#3485 = DIRECTION('',(-0.,-1.,0.));
#3486 = FACE_BOUND('',#3487,.T.);
#3487 = EDGE_LOOP('',(#3488));
#3488 = ORIENTED_EDGE('',*,*,#3489,.T.);
#3489 = EDGE_CURVE('',#3490,#3490,#3492,.T.);
#3490 = VERTEX_POINT('',#3491);
#3491 = CARTESIAN_POINT('',(75.,-82.825,1.6));
#3492 = CIRCLE('',#3493,1.525);
#3493 = AXIS2_PLACEMENT_3D('',#3494,#3495,#3496);
#3494 = CARTESIAN_POINT('',(75.,-81.3,1.6));
#3495 = DIRECTION('',(-0.,0.,-1.));
#3496 = DIRECTION('',(-0.,-1.,0.));
#3497 = FACE_BOUND('',#3498,.T.);
#3498 = EDGE_LOOP('',(#3499));
#3499 = ORIENTED_EDGE('',*,*,#3500,.T.);
#3500 = EDGE_CURVE('',#3501,#3501,#3503,.T.);
#3501 = VERTEX_POINT('',#3502);
#3502 = CARTESIAN_POINT('',(74.5,-78.45,1.6));
#3503 = CIRCLE('',#3504,0.95);
#3504 = AXIS2_PLACEMENT_3D('',#3505,#3506,#3507);
#3505 = CARTESIAN_POINT('',(74.5,-77.5,1.6));
#3506 = DIRECTION('',(-0.,0.,-1.));
#3507 = DIRECTION('',(-0.,-1.,0.));
#3508 = FACE_BOUND('',#3509,.T.);
#3509 = EDGE_LOOP('',(#3510));
#3510 = ORIENTED_EDGE('',*,*,#3511,.T.);
#3511 = EDGE_CURVE('',#3512,#3512,#3514,.T.);
#3512 = VERTEX_POINT('',#3513);
#3513 = CARTESIAN_POINT('',(52.38,-69.0264,1.6));
#3514 = CIRCLE('',#3515,0.4064);
#3515 = AXIS2_PLACEMENT_3D('',#3516,#3517,#3518);
#3516 = CARTESIAN_POINT('',(52.38,-68.62,1.6));
#3517 = DIRECTION('',(-0.,0.,-1.));
#3518 = DIRECTION('',(1.748382715945E-14,-1.,-0.));
#3519 = FACE_BOUND('',#3520,.T.);
#3520 = EDGE_LOOP('',(#3521));
#3521 = ORIENTED_EDGE('',*,*,#3522,.T.);
#3522 = EDGE_CURVE('',#3523,#3523,#3525,.T.);
#3523 = VERTEX_POINT('',#3524);
#3524 = CARTESIAN_POINT('',(62.96,-75.9064,1.6));
#3525 = CIRCLE('',#3526,0.4064);
#3526 = AXIS2_PLACEMENT_3D('',#3527,#3528,#3529);
#3527 = CARTESIAN_POINT('',(62.96,-75.5,1.6));
#3528 = DIRECTION('',(-0.,0.,-1.));
#3529 = DIRECTION('',(-0.,-1.,0.));
#3530 = FACE_BOUND('',#3531,.T.);
#3531 = EDGE_LOOP('',(#3532));
#3532 = ORIENTED_EDGE('',*,*,#3533,.T.);
#3533 = EDGE_CURVE('',#3534,#3534,#3536,.T.);
#3534 = VERTEX_POINT('',#3535);
#3535 = CARTESIAN_POINT('',(65.5,-75.881,1.6));
#3536 = CIRCLE('',#3537,0.381);
#3537 = AXIS2_PLACEMENT_3D('',#3538,#3539,#3540);
#3538 = CARTESIAN_POINT('',(65.5,-75.5,1.6));
#3539 = DIRECTION('',(-0.,0.,-1.));
#3540 = DIRECTION('',(-0.,-1.,0.));
#3541 = FACE_BOUND('',#3542,.T.);
#3542 = EDGE_LOOP('',(#3543));
#3543 = ORIENTED_EDGE('',*,*,#3544,.T.);
#3544 = EDGE_CURVE('',#3545,#3545,#3547,.T.);
#3545 = VERTEX_POINT('',#3546);
#3546 = CARTESIAN_POINT('',(68.04,-75.9064,1.6));
#3547 = CIRCLE('',#3548,0.4064);
#3548 = AXIS2_PLACEMENT_3D('',#3549,#3550,#3551);
#3549 = CARTESIAN_POINT('',(68.04,-75.5,1.6));
#3550 = DIRECTION('',(-0.,0.,-1.));
#3551 = DIRECTION('',(3.49676543189E-14,-1.,-0.));
#3552 = FACE_BOUND('',#3553,.T.);
#3553 = EDGE_LOOP('',(#3554,#3565,#3573,#3582,#3590,#3599,#3608,#3616,
    #3625,#3634));
#3554 = ORIENTED_EDGE('',*,*,#3555,.F.);
#3555 = EDGE_CURVE('',#3556,#3558,#3560,.T.);
#3556 = VERTEX_POINT('',#3557);
#3557 = CARTESIAN_POINT('',(63.953247,-67.910753,1.6));
#3558 = VERTEX_POINT('',#3559);
#3559 = CARTESIAN_POINT('',(63.572247,-68.291753,1.6));
#3560 = CIRCLE('',#3561,0.380992091699);
#3561 = AXIS2_PLACEMENT_3D('',#3562,#3563,#3564);
#3562 = CARTESIAN_POINT('',(63.953239091617,-68.29174509161,1.6));
#3563 = DIRECTION('',(0.,0.,1.));
#3564 = DIRECTION('',(2.075734151478E-05,0.999999999785,-0.));
#3565 = ORIENTED_EDGE('',*,*,#3566,.F.);
#3566 = EDGE_CURVE('',#3567,#3556,#3569,.T.);
#3567 = VERTEX_POINT('',#3568);
#3568 = CARTESIAN_POINT('',(65.604247,-67.910753,1.6));
#3569 = LINE('',#3570,#3571);
#3570 = CARTESIAN_POINT('',(65.604247,-67.910753,1.6));
#3571 = VECTOR('',#3572,1.);
#3572 = DIRECTION('',(-1.,0.,0.));
#3573 = ORIENTED_EDGE('',*,*,#3574,.F.);
#3574 = EDGE_CURVE('',#3575,#3567,#3577,.T.);
#3575 = VERTEX_POINT('',#3576);
#3576 = CARTESIAN_POINT('',(65.985247,-68.291753,1.6));
#3577 = CIRCLE('',#3578,0.380995505729);
#3578 = AXIS2_PLACEMENT_3D('',#3579,#3580,#3581);
#3579 = CARTESIAN_POINT('',(65.604251494297,-68.2917485057,1.6));
#3580 = DIRECTION('',(0.,0.,1.));
#3581 = DIRECTION('',(0.99999999993,-1.179619483088E-05,0.));
#3582 = ORIENTED_EDGE('',*,*,#3583,.F.);
#3583 = EDGE_CURVE('',#3584,#3575,#3586,.T.);
#3584 = VERTEX_POINT('',#3585);
#3585 = CARTESIAN_POINT('',(65.985247,-69.89132606571,1.6));
#3586 = LINE('',#3587,#3588);
#3587 = CARTESIAN_POINT('',(65.985247,-69.891953,1.6));
#3588 = VECTOR('',#3589,1.);
#3589 = DIRECTION('',(0.,1.,0.));
#3590 = ORIENTED_EDGE('',*,*,#3591,.T.);
#3591 = EDGE_CURVE('',#3584,#3592,#3594,.T.);
#3592 = VERTEX_POINT('',#3593);
#3593 = CARTESIAN_POINT('',(65.715,-70.812,1.6));
#3594 = CIRCLE('',#3595,0.5);
#3595 = AXIS2_PLACEMENT_3D('',#3596,#3597,#3598);
#3596 = CARTESIAN_POINT('',(65.715,-70.312,1.6));
#3597 = DIRECTION('',(-0.,0.,-1.));
#3598 = DIRECTION('',(-0.,-1.,0.));
#3599 = ORIENTED_EDGE('',*,*,#3600,.T.);
#3600 = EDGE_CURVE('',#3592,#3601,#3603,.T.);
#3601 = VERTEX_POINT('',#3602);
#3602 = CARTESIAN_POINT('',(65.291472736424,-70.577753,1.6));
#3603 = CIRCLE('',#3604,0.5);
#3604 = AXIS2_PLACEMENT_3D('',#3605,#3606,#3607);
#3605 = CARTESIAN_POINT('',(65.715,-70.312,1.6));
#3606 = DIRECTION('',(-0.,0.,-1.));
#3607 = DIRECTION('',(-0.,-1.,0.));
#3608 = ORIENTED_EDGE('',*,*,#3609,.F.);
#3609 = EDGE_CURVE('',#3610,#3601,#3612,.T.);
#3610 = VERTEX_POINT('',#3611);
#3611 = CARTESIAN_POINT('',(64.258927263574,-70.577753,1.6));
#3612 = LINE('',#3613,#3614);
#3613 = CARTESIAN_POINT('',(64.258047,-70.577753,1.6));
#3614 = VECTOR('',#3615,1.);
#3615 = DIRECTION('',(1.,0.,0.));
#3616 = ORIENTED_EDGE('',*,*,#3617,.T.);
#3617 = EDGE_CURVE('',#3610,#3618,#3620,.T.);
#3618 = VERTEX_POINT('',#3619);
#3619 = CARTESIAN_POINT('',(63.8354,-70.812,1.6));
#3620 = CIRCLE('',#3621,0.5);
#3621 = AXIS2_PLACEMENT_3D('',#3622,#3623,#3624);
#3622 = CARTESIAN_POINT('',(63.8354,-70.312,1.6));
#3623 = DIRECTION('',(-0.,0.,-1.));
#3624 = DIRECTION('',(-1.42108547152E-14,-1.,0.));
#3625 = ORIENTED_EDGE('',*,*,#3626,.T.);
#3626 = EDGE_CURVE('',#3618,#3627,#3629,.T.);
#3627 = VERTEX_POINT('',#3628);
#3628 = CARTESIAN_POINT('',(63.572247,-69.88685238023,1.6));
#3629 = CIRCLE('',#3630,0.5);
#3630 = AXIS2_PLACEMENT_3D('',#3631,#3632,#3633);
#3631 = CARTESIAN_POINT('',(63.8354,-70.312,1.6));
#3632 = DIRECTION('',(-0.,0.,-1.));
#3633 = DIRECTION('',(-1.42108547152E-14,-1.,0.));
#3634 = ORIENTED_EDGE('',*,*,#3635,.F.);
#3635 = EDGE_CURVE('',#3558,#3627,#3636,.T.);
#3636 = LINE('',#3637,#3638);
#3637 = CARTESIAN_POINT('',(63.572247,-68.291753,1.6));
#3638 = VECTOR('',#3639,1.);
#3639 = DIRECTION('',(0.,-1.,0.));
#3640 = FACE_BOUND('',#3641,.T.);
#3641 = EDGE_LOOP('',(#3642));
#3642 = ORIENTED_EDGE('',*,*,#3643,.T.);
#3643 = EDGE_CURVE('',#3644,#3644,#3646,.T.);
#3644 = VERTEX_POINT('',#3645);
#3645 = CARTESIAN_POINT('',(67.62,-69.0264,1.6));
#3646 = CIRCLE('',#3647,0.4064);
#3647 = AXIS2_PLACEMENT_3D('',#3648,#3649,#3650);
#3648 = CARTESIAN_POINT('',(67.62,-68.62,1.6));
#3649 = DIRECTION('',(-0.,0.,-1.));
#3650 = DIRECTION('',(-0.,-1.,0.));
#3651 = FACE_BOUND('',#3652,.T.);
#3652 = EDGE_LOOP('',(#3653));
#3653 = ORIENTED_EDGE('',*,*,#3654,.T.);
#3654 = EDGE_CURVE('',#3655,#3655,#3657,.T.);
#3655 = VERTEX_POINT('',#3656);
#3656 = CARTESIAN_POINT('',(80.,-84.925,1.6));
#3657 = CIRCLE('',#3658,1.525);
#3658 = AXIS2_PLACEMENT_3D('',#3659,#3660,#3661);
#3659 = CARTESIAN_POINT('',(80.,-83.4,1.6));
#3660 = DIRECTION('',(-0.,0.,-1.));
#3661 = DIRECTION('',(-0.,-1.,0.));
#3662 = FACE_BOUND('',#3663,.T.);
#3663 = EDGE_LOOP('',(#3664));
#3664 = ORIENTED_EDGE('',*,*,#3665,.T.);
#3665 = EDGE_CURVE('',#3666,#3666,#3668,.T.);
#3666 = VERTEX_POINT('',#3667);
#3667 = CARTESIAN_POINT('',(80.,-80.025,1.6));
#3668 = CIRCLE('',#3669,2.525);
#3669 = AXIS2_PLACEMENT_3D('',#3670,#3671,#3672);
#3670 = CARTESIAN_POINT('',(80.,-77.5,1.6));
#3671 = DIRECTION('',(-0.,0.,-1.));
#3672 = DIRECTION('',(-0.,-1.,0.));
#3673 = FACE_BOUND('',#3674,.T.);
#3674 = EDGE_LOOP('',(#3675));
#3675 = ORIENTED_EDGE('',*,*,#3676,.T.);
#3676 = EDGE_CURVE('',#3677,#3677,#3679,.T.);
#3677 = VERTEX_POINT('',#3678);
#3678 = CARTESIAN_POINT('',(85.5,-78.45,1.6));
#3679 = CIRCLE('',#3680,0.95);
#3680 = AXIS2_PLACEMENT_3D('',#3681,#3682,#3683);
#3681 = CARTESIAN_POINT('',(85.5,-77.5,1.6));
#3682 = DIRECTION('',(-0.,0.,-1.));
#3683 = DIRECTION('',(-0.,-1.,0.));
#3684 = FACE_BOUND('',#3685,.T.);
#3685 = EDGE_LOOP('',(#3686));
#3686 = ORIENTED_EDGE('',*,*,#3687,.T.);
#3687 = EDGE_CURVE('',#3688,#3688,#3690,.T.);
#3688 = VERTEX_POINT('',#3689);
#3689 = CARTESIAN_POINT('',(93.,-80.825,1.6));
#3690 = CIRCLE('',#3691,1.525);
#3691 = AXIS2_PLACEMENT_3D('',#3692,#3693,#3694);
#3692 = CARTESIAN_POINT('',(93.,-79.3,1.6));
#3693 = DIRECTION('',(-0.,0.,-1.));
#3694 = DIRECTION('',(-0.,-1.,0.));
#3695 = FACE_BOUND('',#3696,.T.);
#3696 = EDGE_LOOP('',(#3697));
#3697 = ORIENTED_EDGE('',*,*,#3698,.T.);
#3698 = EDGE_CURVE('',#3699,#3699,#3701,.T.);
#3699 = VERTEX_POINT('',#3700);
#3700 = CARTESIAN_POINT('',(98.,-82.925,1.6));
#3701 = CIRCLE('',#3702,1.525);
#3702 = AXIS2_PLACEMENT_3D('',#3703,#3704,#3705);
#3703 = CARTESIAN_POINT('',(98.,-81.4,1.6));
#3704 = DIRECTION('',(-0.,0.,-1.));
#3705 = DIRECTION('',(-0.,-1.,0.));
#3706 = FACE_BOUND('',#3707,.T.);
#3707 = EDGE_LOOP('',(#3708));
#3708 = ORIENTED_EDGE('',*,*,#3709,.T.);
#3709 = EDGE_CURVE('',#3710,#3710,#3712,.T.);
#3710 = VERTEX_POINT('',#3711);
#3711 = CARTESIAN_POINT('',(85.,-73.15,1.6));
#3712 = CIRCLE('',#3713,0.8);
#3713 = AXIS2_PLACEMENT_3D('',#3714,#3715,#3716);
#3714 = CARTESIAN_POINT('',(85.,-72.35,1.6));
#3715 = DIRECTION('',(-0.,0.,-1.));
#3716 = DIRECTION('',(-0.,-1.,0.));
#3717 = FACE_BOUND('',#3718,.T.);
#3718 = EDGE_LOOP('',(#3719));
#3719 = ORIENTED_EDGE('',*,*,#3720,.T.);
#3720 = EDGE_CURVE('',#3721,#3721,#3723,.T.);
#3721 = VERTEX_POINT('',#3722);
#3722 = CARTESIAN_POINT('',(92.5,-76.45,1.6));
#3723 = CIRCLE('',#3724,0.95);
#3724 = AXIS2_PLACEMENT_3D('',#3725,#3726,#3727);
#3725 = CARTESIAN_POINT('',(92.5,-75.5,1.6));
#3726 = DIRECTION('',(-0.,0.,-1.));
#3727 = DIRECTION('',(-0.,-1.,0.));
#3728 = FACE_BOUND('',#3729,.T.);
#3729 = EDGE_LOOP('',(#3730));
#3730 = ORIENTED_EDGE('',*,*,#3731,.T.);
#3731 = EDGE_CURVE('',#3732,#3732,#3734,.T.);
#3732 = VERTEX_POINT('',#3733);
#3733 = CARTESIAN_POINT('',(98.,-78.025,1.6));
#3734 = CIRCLE('',#3735,2.525);
#3735 = AXIS2_PLACEMENT_3D('',#3736,#3737,#3738);
#3736 = CARTESIAN_POINT('',(98.,-75.5,1.6));
#3737 = DIRECTION('',(-0.,0.,-1.));
#3738 = DIRECTION('',(-0.,-1.,0.));
#3739 = FACE_BOUND('',#3740,.T.);
#3740 = EDGE_LOOP('',(#3741));
#3741 = ORIENTED_EDGE('',*,*,#3742,.T.);
#3742 = EDGE_CURVE('',#3743,#3743,#3745,.T.);
#3743 = VERTEX_POINT('',#3744);
#3744 = CARTESIAN_POINT('',(103.5,-76.45,1.6));
#3745 = CIRCLE('',#3746,0.95);
#3746 = AXIS2_PLACEMENT_3D('',#3747,#3748,#3749);
#3747 = CARTESIAN_POINT('',(103.5,-75.5,1.6));
#3748 = DIRECTION('',(-0.,0.,-1.));
#3749 = DIRECTION('',(-0.,-1.,0.));
#3750 = FACE_BOUND('',#3751,.T.);
#3751 = EDGE_LOOP('',(#3752));
#3752 = ORIENTED_EDGE('',*,*,#3753,.T.);
#3753 = EDGE_CURVE('',#3754,#3754,#3756,.T.);
#3754 = VERTEX_POINT('',#3755);
#3755 = CARTESIAN_POINT('',(103.,-71.15,1.6));
#3756 = CIRCLE('',#3757,0.8);
#3757 = AXIS2_PLACEMENT_3D('',#3758,#3759,#3760);
#3758 = CARTESIAN_POINT('',(103.,-70.35,1.6));
#3759 = DIRECTION('',(-0.,0.,-1.));
#3760 = DIRECTION('',(-0.,-1.,0.));
#3761 = FACE_BOUND('',#3762,.T.);
#3762 = EDGE_LOOP('',(#3763));
#3763 = ORIENTED_EDGE('',*,*,#3764,.T.);
#3764 = EDGE_CURVE('',#3765,#3765,#3767,.T.);
#3765 = VERTEX_POINT('',#3766);
#3766 = CARTESIAN_POINT('',(52.38,-66.4864,1.6));
#3767 = CIRCLE('',#3768,0.4064);
#3768 = AXIS2_PLACEMENT_3D('',#3769,#3770,#3771);
#3769 = CARTESIAN_POINT('',(52.38,-66.08,1.6));
#3770 = DIRECTION('',(-0.,0.,-1.));
#3771 = DIRECTION('',(1.748382715945E-14,-1.,-0.));
#3772 = FACE_BOUND('',#3773,.T.);
#3773 = EDGE_LOOP('',(#3774));
#3774 = ORIENTED_EDGE('',*,*,#3775,.T.);
#3775 = EDGE_CURVE('',#3776,#3776,#3778,.T.);
#3776 = VERTEX_POINT('',#3777);
#3777 = CARTESIAN_POINT('',(52.38,-63.9464,1.6));
#3778 = CIRCLE('',#3779,0.4064);
#3779 = AXIS2_PLACEMENT_3D('',#3780,#3781,#3782);
#3780 = CARTESIAN_POINT('',(52.38,-63.54,1.6));
#3781 = DIRECTION('',(-0.,0.,-1.));
#3782 = DIRECTION('',(1.748382715945E-14,-1.,-0.));
#3783 = FACE_BOUND('',#3784,.T.);
#3784 = EDGE_LOOP('',(#3785));
#3785 = ORIENTED_EDGE('',*,*,#3786,.T.);
#3786 = EDGE_CURVE('',#3787,#3787,#3789,.T.);
#3787 = VERTEX_POINT('',#3788);
#3788 = CARTESIAN_POINT('',(52.38,-61.4064,1.6));
#3789 = CIRCLE('',#3790,0.4064);
#3790 = AXIS2_PLACEMENT_3D('',#3791,#3792,#3793);
#3791 = CARTESIAN_POINT('',(52.38,-61.,1.6));
#3792 = DIRECTION('',(-0.,0.,-1.));
#3793 = DIRECTION('',(1.748382715945E-14,-1.,-0.));
#3794 = FACE_BOUND('',#3795,.T.);
#3795 = EDGE_LOOP('',(#3796));
#3796 = ORIENTED_EDGE('',*,*,#3797,.T.);
#3797 = EDGE_CURVE('',#3798,#3798,#3800,.T.);
#3798 = VERTEX_POINT('',#3799);
#3799 = CARTESIAN_POINT('',(52.38,-58.8664,1.6));
#3800 = CIRCLE('',#3801,0.4064);
#3801 = AXIS2_PLACEMENT_3D('',#3802,#3803,#3804);
#3802 = CARTESIAN_POINT('',(52.38,-58.46,1.6));
#3803 = DIRECTION('',(-0.,0.,-1.));
#3804 = DIRECTION('',(1.748382715945E-14,-1.,-0.));
#3805 = FACE_BOUND('',#3806,.T.);
#3806 = EDGE_LOOP('',(#3807,#3818,#3827,#3835,#3844,#3852,#3861,#3869,
    #3878,#3887,#3896));
#3807 = ORIENTED_EDGE('',*,*,#3808,.F.);
#3808 = EDGE_CURVE('',#3809,#3811,#3813,.T.);
#3809 = VERTEX_POINT('',#3810);
#3810 = CARTESIAN_POINT('',(55.400622295303,-59.25357073531,1.6));
#3811 = VERTEX_POINT('',#3812);
#3812 = CARTESIAN_POINT('',(55.292247,-59.208047,1.6));
#3813 = CIRCLE('',#3814,0.503256025803);
#3814 = AXIS2_PLACEMENT_3D('',#3815,#3816,#3817);
#3815 = CARTESIAN_POINT('',(55.540000251482,-58.77000025148,1.6));
#3816 = DIRECTION('',(0.,0.,-1.));
#3817 = DIRECTION('',(0.870425242935,0.492300615946,0.));
#3818 = ORIENTED_EDGE('',*,*,#3819,.T.);
#3819 = EDGE_CURVE('',#3809,#3820,#3822,.T.);
#3820 = VERTEX_POINT('',#3821);
#3821 = CARTESIAN_POINT('',(55.984639852654,-58.522247,1.6));
#3822 = CIRCLE('',#3823,0.5);
#3823 = AXIS2_PLACEMENT_3D('',#3824,#3825,#3826);
#3824 = CARTESIAN_POINT('',(55.555,-58.778,1.6));
#3825 = DIRECTION('',(-0.,0.,-1.));
#3826 = DIRECTION('',(-0.,-1.,0.));
#3827 = ORIENTED_EDGE('',*,*,#3828,.F.);
#3828 = EDGE_CURVE('',#3829,#3820,#3831,.T.);
#3829 = VERTEX_POINT('',#3830);
#3830 = CARTESIAN_POINT('',(57.578247,-58.522247,1.6));
#3831 = LINE('',#3832,#3833);
#3832 = CARTESIAN_POINT('',(57.578247,-58.522247,1.6));
#3833 = VECTOR('',#3834,1.);
#3834 = DIRECTION('',(-1.,0.,0.));
#3835 = ORIENTED_EDGE('',*,*,#3836,.F.);
#3836 = EDGE_CURVE('',#3837,#3829,#3839,.T.);
#3837 = VERTEX_POINT('',#3838);
#3838 = CARTESIAN_POINT('',(57.959247,-58.903247,1.6));
#3839 = CIRCLE('',#3840,0.380992091699);
#3840 = AXIS2_PLACEMENT_3D('',#3841,#3842,#3843);
#3841 = CARTESIAN_POINT('',(57.578254908383,-58.90323909161,1.6));
#3842 = DIRECTION('',(0.,0.,1.));
#3843 = DIRECTION('',(0.999999999785,-2.075734157073E-05,0.));
#3844 = ORIENTED_EDGE('',*,*,#3845,.F.);
#3845 = EDGE_CURVE('',#3846,#3837,#3848,.T.);
#3846 = VERTEX_POINT('',#3847);
#3847 = CARTESIAN_POINT('',(57.959247,-60.554247,1.6));
#3848 = LINE('',#3849,#3850);
#3849 = CARTESIAN_POINT('',(57.959247,-60.554247,1.6));
#3850 = VECTOR('',#3851,1.);
#3851 = DIRECTION('',(0.,1.,0.));
#3852 = ORIENTED_EDGE('',*,*,#3853,.F.);
#3853 = EDGE_CURVE('',#3854,#3846,#3856,.T.);
#3854 = VERTEX_POINT('',#3855);
#3855 = CARTESIAN_POINT('',(57.578247,-60.935247,1.6));
#3856 = CIRCLE('',#3857,0.380995505729);
#3857 = AXIS2_PLACEMENT_3D('',#3858,#3859,#3860);
#3858 = CARTESIAN_POINT('',(57.578251494297,-60.55425149429,1.6));
#3859 = DIRECTION('',(0.,0.,1.));
#3860 = DIRECTION('',(-1.179619490548E-05,-0.99999999993,0.));
#3861 = ORIENTED_EDGE('',*,*,#3862,.F.);
#3862 = EDGE_CURVE('',#3863,#3854,#3865,.T.);
#3863 = VERTEX_POINT('',#3864);
#3864 = CARTESIAN_POINT('',(55.98670759895,-60.935247,1.6));
#3865 = LINE('',#3866,#3867);
#3866 = CARTESIAN_POINT('',(55.978047,-60.935247,1.6));
#3867 = VECTOR('',#3868,1.);
#3868 = DIRECTION('',(1.,0.,0.));
#3869 = ORIENTED_EDGE('',*,*,#3870,.T.);
#3870 = EDGE_CURVE('',#3863,#3871,#3873,.T.);
#3871 = VERTEX_POINT('',#3872);
#3872 = CARTESIAN_POINT('',(55.555,-61.183,1.6));
#3873 = CIRCLE('',#3874,0.5);
#3874 = AXIS2_PLACEMENT_3D('',#3875,#3876,#3877);
#3875 = CARTESIAN_POINT('',(55.555,-60.683,1.6));
#3876 = DIRECTION('',(-0.,0.,-1.));
#3877 = DIRECTION('',(-0.,-1.,0.));
#3878 = ORIENTED_EDGE('',*,*,#3879,.T.);
#3879 = EDGE_CURVE('',#3871,#3880,#3882,.T.);
#3880 = VERTEX_POINT('',#3881);
#3881 = CARTESIAN_POINT('',(55.50661268491,-60.18534683992,1.6));
#3882 = CIRCLE('',#3883,0.5);
#3883 = AXIS2_PLACEMENT_3D('',#3884,#3885,#3886);
#3884 = CARTESIAN_POINT('',(55.555,-60.683,1.6));
#3885 = DIRECTION('',(-0.,0.,-1.));
#3886 = DIRECTION('',(-0.,-1.,0.));
#3887 = ORIENTED_EDGE('',*,*,#3888,.F.);
#3888 = EDGE_CURVE('',#3889,#3880,#3891,.T.);
#3889 = VERTEX_POINT('',#3890);
#3890 = CARTESIAN_POINT('',(55.292247,-60.249447,1.6));
#3891 = CIRCLE('',#3892,0.503256283864);
#3892 = AXIS2_PLACEMENT_3D('',#3893,#3894,#3895);
#3893 = CARTESIAN_POINT('',(55.539999569008,-60.68749443099,1.6));
#3894 = DIRECTION('',(0.,0.,-1.));
#3895 = DIRECTION('',(-0.492299007388,0.870426152712,0.));
#3896 = ORIENTED_EDGE('',*,*,#3897,.F.);
#3897 = EDGE_CURVE('',#3811,#3889,#3898,.T.);
#3898 = LINE('',#3899,#3900);
#3899 = CARTESIAN_POINT('',(55.292247,-59.208047,1.6));
#3900 = VECTOR('',#3901,1.);
#3901 = DIRECTION('',(0.,-1.,0.));
#3902 = FACE_BOUND('',#3903,.T.);
#3903 = EDGE_LOOP('',(#3904));
#3904 = ORIENTED_EDGE('',*,*,#3905,.T.);
#3905 = EDGE_CURVE('',#3906,#3906,#3908,.T.);
#3906 = VERTEX_POINT('',#3907);
#3907 = CARTESIAN_POINT('',(67.62,-66.4864,1.6));
#3908 = CIRCLE('',#3909,0.4064);
#3909 = AXIS2_PLACEMENT_3D('',#3910,#3911,#3912);
#3910 = CARTESIAN_POINT('',(67.62,-66.08,1.6));
#3911 = DIRECTION('',(-0.,0.,-1.));
#3912 = DIRECTION('',(-0.,-1.,0.));
#3913 = FACE_BOUND('',#3914,.T.);
#3914 = EDGE_LOOP('',(#3915));
#3915 = ORIENTED_EDGE('',*,*,#3916,.T.);
#3916 = EDGE_CURVE('',#3917,#3917,#3919,.T.);
#3917 = VERTEX_POINT('',#3918);
#3918 = CARTESIAN_POINT('',(67.62,-63.9464,1.6));
#3919 = CIRCLE('',#3920,0.4064);
#3920 = AXIS2_PLACEMENT_3D('',#3921,#3922,#3923);
#3921 = CARTESIAN_POINT('',(67.62,-63.54,1.6));
#3922 = DIRECTION('',(-0.,0.,-1.));
#3923 = DIRECTION('',(-0.,-1.,0.));
#3924 = FACE_BOUND('',#3925,.T.);
#3925 = EDGE_LOOP('',(#3926));
#3926 = ORIENTED_EDGE('',*,*,#3927,.T.);
#3927 = EDGE_CURVE('',#3928,#3928,#3930,.T.);
#3928 = VERTEX_POINT('',#3929);
#3929 = CARTESIAN_POINT('',(75.,-65.825,1.6));
#3930 = CIRCLE('',#3931,1.525);
#3931 = AXIS2_PLACEMENT_3D('',#3932,#3933,#3934);
#3932 = CARTESIAN_POINT('',(75.,-64.3,1.6));
#3933 = DIRECTION('',(-0.,0.,-1.));
#3934 = DIRECTION('',(-0.,-1.,0.));
#3935 = FACE_BOUND('',#3936,.T.);
#3936 = EDGE_LOOP('',(#3937));
#3937 = ORIENTED_EDGE('',*,*,#3938,.T.);
#3938 = EDGE_CURVE('',#3939,#3939,#3941,.T.);
#3939 = VERTEX_POINT('',#3940);
#3940 = CARTESIAN_POINT('',(67.62,-61.4064,1.6));
#3941 = CIRCLE('',#3942,0.4064);
#3942 = AXIS2_PLACEMENT_3D('',#3943,#3944,#3945);
#3943 = CARTESIAN_POINT('',(67.62,-61.,1.6));
#3944 = DIRECTION('',(-0.,0.,-1.));
#3945 = DIRECTION('',(-0.,-1.,0.));
#3946 = FACE_BOUND('',#3947,.T.);
#3947 = EDGE_LOOP('',(#3948));
#3948 = ORIENTED_EDGE('',*,*,#3949,.T.);
#3949 = EDGE_CURVE('',#3950,#3950,#3952,.T.);
#3950 = VERTEX_POINT('',#3951);
#3951 = CARTESIAN_POINT('',(67.62,-58.8664,1.6));
#3952 = CIRCLE('',#3953,0.4064);
#3953 = AXIS2_PLACEMENT_3D('',#3954,#3955,#3956);
#3954 = CARTESIAN_POINT('',(67.62,-58.46,1.6));
#3955 = DIRECTION('',(-0.,0.,-1.));
#3956 = DIRECTION('',(-0.,-1.,0.));
#3957 = FACE_BOUND('',#3958,.T.);
#3958 = EDGE_LOOP('',(#3959));
#3959 = ORIENTED_EDGE('',*,*,#3960,.T.);
#3960 = EDGE_CURVE('',#3961,#3961,#3963,.T.);
#3961 = VERTEX_POINT('',#3962);
#3962 = CARTESIAN_POINT('',(74.5,-61.45,1.6));
#3963 = CIRCLE('',#3964,0.95);
#3964 = AXIS2_PLACEMENT_3D('',#3965,#3966,#3967);
#3965 = CARTESIAN_POINT('',(74.5,-60.5,1.6));
#3966 = DIRECTION('',(-0.,0.,-1.));
#3967 = DIRECTION('',(-0.,-1.,0.));
#3968 = FACE_BOUND('',#3969,.T.);
#3969 = EDGE_LOOP('',(#3970));
#3970 = ORIENTED_EDGE('',*,*,#3971,.T.);
#3971 = EDGE_CURVE('',#3972,#3972,#3974,.T.);
#3972 = VERTEX_POINT('',#3973);
#3973 = CARTESIAN_POINT('',(52.38,-56.3264,1.6));
#3974 = CIRCLE('',#3975,0.4064);
#3975 = AXIS2_PLACEMENT_3D('',#3976,#3977,#3978);
#3976 = CARTESIAN_POINT('',(52.38,-55.92,1.6));
#3977 = DIRECTION('',(-0.,0.,-1.));
#3978 = DIRECTION('',(1.748382715945E-14,-1.,-0.));
#3979 = FACE_BOUND('',#3980,.T.);
#3980 = EDGE_LOOP('',(#3981));
#3981 = ORIENTED_EDGE('',*,*,#3982,.T.);
#3982 = EDGE_CURVE('',#3983,#3983,#3985,.T.);
#3983 = VERTEX_POINT('',#3984);
#3984 = CARTESIAN_POINT('',(52.38,-53.7864,1.6));
#3985 = CIRCLE('',#3986,0.4064);
#3986 = AXIS2_PLACEMENT_3D('',#3987,#3988,#3989);
#3987 = CARTESIAN_POINT('',(52.38,-53.38,1.6));
#3988 = DIRECTION('',(-0.,0.,-1.));
#3989 = DIRECTION('',(1.748382715945E-14,-1.,-0.));
#3990 = FACE_BOUND('',#3991,.T.);
#3991 = EDGE_LOOP('',(#3992));
#3992 = ORIENTED_EDGE('',*,*,#3993,.T.);
#3993 = EDGE_CURVE('',#3994,#3994,#3996,.T.);
#3994 = VERTEX_POINT('',#3995);
#3995 = CARTESIAN_POINT('',(67.62,-56.3264,1.6));
#3996 = CIRCLE('',#3997,0.4064);
#3997 = AXIS2_PLACEMENT_3D('',#3998,#3999,#4000);
#3998 = CARTESIAN_POINT('',(67.62,-55.92,1.6));
#3999 = DIRECTION('',(-0.,0.,-1.));
#4000 = DIRECTION('',(-0.,-1.,0.));
#4001 = FACE_BOUND('',#4002,.T.);
#4002 = EDGE_LOOP('',(#4003));
#4003 = ORIENTED_EDGE('',*,*,#4004,.T.);
#4004 = EDGE_CURVE('',#4005,#4005,#4007,.T.);
#4005 = VERTEX_POINT('',#4006);
#4006 = CARTESIAN_POINT('',(67.62,-53.7864,1.6));
#4007 = CIRCLE('',#4008,0.4064);
#4008 = AXIS2_PLACEMENT_3D('',#4009,#4010,#4011);
#4009 = CARTESIAN_POINT('',(67.62,-53.38,1.6));
#4010 = DIRECTION('',(-0.,0.,-1.));
#4011 = DIRECTION('',(-0.,-1.,0.));
#4012 = FACE_BOUND('',#4013,.T.);
#4013 = EDGE_LOOP('',(#4014));
#4014 = ORIENTED_EDGE('',*,*,#4015,.T.);
#4015 = EDGE_CURVE('',#4016,#4016,#4018,.T.);
#4016 = VERTEX_POINT('',#4017);
#4017 = CARTESIAN_POINT('',(80.,-67.925,1.6));
#4018 = CIRCLE('',#4019,1.525);
#4019 = AXIS2_PLACEMENT_3D('',#4020,#4021,#4022);
#4020 = CARTESIAN_POINT('',(80.,-66.4,1.6));
#4021 = DIRECTION('',(-0.,0.,-1.));
#4022 = DIRECTION('',(-0.,-1.,0.));
#4023 = FACE_BOUND('',#4024,.T.);
#4024 = EDGE_LOOP('',(#4025));
#4025 = ORIENTED_EDGE('',*,*,#4026,.T.);
#4026 = EDGE_CURVE('',#4027,#4027,#4029,.T.);
#4027 = VERTEX_POINT('',#4028);
#4028 = CARTESIAN_POINT('',(80.,-63.025,1.6));
#4029 = CIRCLE('',#4030,2.525);
#4030 = AXIS2_PLACEMENT_3D('',#4031,#4032,#4033);
#4031 = CARTESIAN_POINT('',(80.,-60.5,1.6));
#4032 = DIRECTION('',(-0.,0.,-1.));
#4033 = DIRECTION('',(-0.,-1.,0.));
#4034 = FACE_BOUND('',#4035,.T.);
#4035 = EDGE_LOOP('',(#4036));
#4036 = ORIENTED_EDGE('',*,*,#4037,.T.);
#4037 = EDGE_CURVE('',#4038,#4038,#4040,.T.);
#4038 = VERTEX_POINT('',#4039);
#4039 = CARTESIAN_POINT('',(85.5,-61.45,1.6));
#4040 = CIRCLE('',#4041,0.95);
#4041 = AXIS2_PLACEMENT_3D('',#4042,#4043,#4044);
#4042 = CARTESIAN_POINT('',(85.5,-60.5,1.6));
#4043 = DIRECTION('',(-0.,0.,-1.));
#4044 = DIRECTION('',(-0.,-1.,0.));
#4045 = FACE_BOUND('',#4046,.T.);
#4046 = EDGE_LOOP('',(#4047));
#4047 = ORIENTED_EDGE('',*,*,#4048,.T.);
#4048 = EDGE_CURVE('',#4049,#4049,#4051,.T.);
#4049 = VERTEX_POINT('',#4050);
#4050 = CARTESIAN_POINT('',(93.,-63.825,1.6));
#4051 = CIRCLE('',#4052,1.525);
#4052 = AXIS2_PLACEMENT_3D('',#4053,#4054,#4055);
#4053 = CARTESIAN_POINT('',(93.,-62.3,1.6));
#4054 = DIRECTION('',(-0.,0.,-1.));
#4055 = DIRECTION('',(-0.,-1.,0.));
#4056 = FACE_BOUND('',#4057,.T.);
#4057 = EDGE_LOOP('',(#4058));
#4058 = ORIENTED_EDGE('',*,*,#4059,.T.);
#4059 = EDGE_CURVE('',#4060,#4060,#4062,.T.);
#4060 = VERTEX_POINT('',#4061);
#4061 = CARTESIAN_POINT('',(92.5,-59.45,1.6));
#4062 = CIRCLE('',#4063,0.95);
#4063 = AXIS2_PLACEMENT_3D('',#4064,#4065,#4066);
#4064 = CARTESIAN_POINT('',(92.5,-58.5,1.6));
#4065 = DIRECTION('',(-0.,0.,-1.));
#4066 = DIRECTION('',(-0.,-1.,0.));
#4067 = FACE_BOUND('',#4068,.T.);
#4068 = EDGE_LOOP('',(#4069));
#4069 = ORIENTED_EDGE('',*,*,#4070,.T.);
#4070 = EDGE_CURVE('',#4071,#4071,#4073,.T.);
#4071 = VERTEX_POINT('',#4072);
#4072 = CARTESIAN_POINT('',(98.,-65.925,1.6));
#4073 = CIRCLE('',#4074,1.525);
#4074 = AXIS2_PLACEMENT_3D('',#4075,#4076,#4077);
#4075 = CARTESIAN_POINT('',(98.,-64.4,1.6));
#4076 = DIRECTION('',(-0.,0.,-1.));
#4077 = DIRECTION('',(-0.,-1.,0.));
#4078 = FACE_BOUND('',#4079,.T.);
#4079 = EDGE_LOOP('',(#4080));
#4080 = ORIENTED_EDGE('',*,*,#4081,.T.);
#4081 = EDGE_CURVE('',#4082,#4082,#4084,.T.);
#4082 = VERTEX_POINT('',#4083);
#4083 = CARTESIAN_POINT('',(98.,-61.025,1.6));
#4084 = CIRCLE('',#4085,2.525);
#4085 = AXIS2_PLACEMENT_3D('',#4086,#4087,#4088);
#4086 = CARTESIAN_POINT('',(98.,-58.5,1.6));
#4087 = DIRECTION('',(-0.,0.,-1.));
#4088 = DIRECTION('',(-0.,-1.,0.));
#4089 = FACE_BOUND('',#4090,.T.);
#4090 = EDGE_LOOP('',(#4091));
#4091 = ORIENTED_EDGE('',*,*,#4092,.T.);
#4092 = EDGE_CURVE('',#4093,#4093,#4095,.T.);
#4093 = VERTEX_POINT('',#4094);
#4094 = CARTESIAN_POINT('',(103.5,-59.45,1.6));
#4095 = CIRCLE('',#4096,0.95);
#4096 = AXIS2_PLACEMENT_3D('',#4097,#4098,#4099);
#4097 = CARTESIAN_POINT('',(103.5,-58.5,1.6));
#4098 = DIRECTION('',(-0.,0.,-1.));
#4099 = DIRECTION('',(-0.,-1.,0.));
#4100 = FACE_BOUND('',#4101,.T.);
#4101 = EDGE_LOOP('',(#4102));
#4102 = ORIENTED_EDGE('',*,*,#4103,.T.);
#4103 = EDGE_CURVE('',#4104,#4104,#4106,.T.);
#4104 = VERTEX_POINT('',#4105);
#4105 = CARTESIAN_POINT('',(85.,-56.15,1.6));
#4106 = CIRCLE('',#4107,0.8);
#4107 = AXIS2_PLACEMENT_3D('',#4108,#4109,#4110);
#4108 = CARTESIAN_POINT('',(85.,-55.35,1.6));
#4109 = DIRECTION('',(-0.,0.,-1.));
#4110 = DIRECTION('',(-0.,-1.,0.));
#4111 = FACE_BOUND('',#4112,.T.);
#4112 = EDGE_LOOP('',(#4113));
#4113 = ORIENTED_EDGE('',*,*,#4114,.T.);
#4114 = EDGE_CURVE('',#4115,#4115,#4117,.T.);
#4115 = VERTEX_POINT('',#4116);
#4116 = CARTESIAN_POINT('',(88.,-52.9,1.6));
#4117 = CIRCLE('',#4118,2.15);
#4118 = AXIS2_PLACEMENT_3D('',#4119,#4120,#4121);
#4119 = CARTESIAN_POINT('',(88.,-50.75,1.6));
#4120 = DIRECTION('',(-0.,0.,-1.));
#4121 = DIRECTION('',(-0.,-1.,0.));
#4122 = FACE_BOUND('',#4123,.T.);
#4123 = EDGE_LOOP('',(#4124));
#4124 = ORIENTED_EDGE('',*,*,#4125,.T.);
#4125 = EDGE_CURVE('',#4126,#4126,#4128,.T.);
#4126 = VERTEX_POINT('',#4127);
#4127 = CARTESIAN_POINT('',(103.,-54.15,1.6));
#4128 = CIRCLE('',#4129,0.8);
#4129 = AXIS2_PLACEMENT_3D('',#4130,#4131,#4132);
#4130 = CARTESIAN_POINT('',(103.,-53.35,1.6));
#4131 = DIRECTION('',(-0.,0.,-1.));
#4132 = DIRECTION('',(-0.,-1.,0.));
#4133 = FACE_BOUND('',#4134,.T.);
#4134 = EDGE_LOOP('',(#4135));
#4135 = ORIENTED_EDGE('',*,*,#4136,.T.);
#4136 = EDGE_CURVE('',#4137,#4137,#4139,.T.);
#4137 = VERTEX_POINT('',#4138);
#4138 = CARTESIAN_POINT('',(121.,-85.15,1.6));
#4139 = CIRCLE('',#4140,0.8);
#4140 = AXIS2_PLACEMENT_3D('',#4141,#4142,#4143);
#4141 = CARTESIAN_POINT('',(121.,-84.35,1.6));
#4142 = DIRECTION('',(-0.,0.,-1.));
#4143 = DIRECTION('',(-0.,-1.,0.));
#4144 = FACE_BOUND('',#4145,.T.);
#4145 = EDGE_LOOP('',(#4146));
#4146 = ORIENTED_EDGE('',*,*,#4147,.T.);
#4147 = EDGE_CURVE('',#4148,#4148,#4150,.T.);
#4148 = VERTEX_POINT('',#4149);
#4149 = CARTESIAN_POINT('',(116.,-79.925,1.6));
#4150 = CIRCLE('',#4151,1.525);
#4151 = AXIS2_PLACEMENT_3D('',#4152,#4153,#4154);
#4152 = CARTESIAN_POINT('',(116.,-78.4,1.6));
#4153 = DIRECTION('',(-0.,0.,-1.));
#4154 = DIRECTION('',(-0.,-1.,0.));
#4155 = FACE_BOUND('',#4156,.T.);
#4156 = EDGE_LOOP('',(#4157));
#4157 = ORIENTED_EDGE('',*,*,#4158,.T.);
#4158 = EDGE_CURVE('',#4159,#4159,#4161,.T.);
#4159 = VERTEX_POINT('',#4160);
#4160 = CARTESIAN_POINT('',(139.,-86.15,1.6));
#4161 = CIRCLE('',#4162,0.8);
#4162 = AXIS2_PLACEMENT_3D('',#4163,#4164,#4165);
#4163 = CARTESIAN_POINT('',(139.,-85.35,1.6));
#4164 = DIRECTION('',(-0.,0.,-1.));
#4165 = DIRECTION('',(-0.,-1.,0.));
#4166 = FACE_BOUND('',#4167,.T.);
#4167 = EDGE_LOOP('',(#4168));
#4168 = ORIENTED_EDGE('',*,*,#4169,.T.);
#4169 = EDGE_CURVE('',#4170,#4170,#4172,.T.);
#4170 = VERTEX_POINT('',#4171);
#4171 = CARTESIAN_POINT('',(134.,-80.925,1.6));
#4172 = CIRCLE('',#4173,1.525);
#4173 = AXIS2_PLACEMENT_3D('',#4174,#4175,#4176);
#4174 = CARTESIAN_POINT('',(134.,-79.4,1.6));
#4175 = DIRECTION('',(-0.,0.,-1.));
#4176 = DIRECTION('',(-0.,-1.,0.));
#4177 = FACE_BOUND('',#4178,.T.);
#4178 = EDGE_LOOP('',(#4179));
#4179 = ORIENTED_EDGE('',*,*,#4180,.T.);
#4180 = EDGE_CURVE('',#4181,#4181,#4183,.T.);
#4181 = VERTEX_POINT('',#4182);
#4182 = CARTESIAN_POINT('',(129.,-78.825,1.6));
#4183 = CIRCLE('',#4184,1.525);
#4184 = AXIS2_PLACEMENT_3D('',#4185,#4186,#4187);
#4185 = CARTESIAN_POINT('',(129.,-77.3,1.6));
#4186 = DIRECTION('',(-0.,0.,-1.));
#4187 = DIRECTION('',(-0.,-1.,0.));
#4188 = FACE_BOUND('',#4189,.T.);
#4189 = EDGE_LOOP('',(#4190));
#4190 = ORIENTED_EDGE('',*,*,#4191,.T.);
#4191 = EDGE_CURVE('',#4192,#4192,#4194,.T.);
#4192 = VERTEX_POINT('',#4193);
#4193 = CARTESIAN_POINT('',(111.,-77.825,1.6));
#4194 = CIRCLE('',#4195,1.525);
#4195 = AXIS2_PLACEMENT_3D('',#4196,#4197,#4198);
#4196 = CARTESIAN_POINT('',(111.,-76.3,1.6));
#4197 = DIRECTION('',(-0.,0.,-1.));
#4198 = DIRECTION('',(-0.,-1.,0.));
#4199 = FACE_BOUND('',#4200,.T.);
#4200 = EDGE_LOOP('',(#4201));
#4201 = ORIENTED_EDGE('',*,*,#4202,.T.);
#4202 = EDGE_CURVE('',#4203,#4203,#4205,.T.);
#4203 = VERTEX_POINT('',#4204);
#4204 = CARTESIAN_POINT('',(110.5,-73.45,1.6));
#4205 = CIRCLE('',#4206,0.95);
#4206 = AXIS2_PLACEMENT_3D('',#4207,#4208,#4209);
#4207 = CARTESIAN_POINT('',(110.5,-72.5,1.6));
#4208 = DIRECTION('',(-0.,0.,-1.));
#4209 = DIRECTION('',(-0.,-1.,0.));
#4210 = FACE_BOUND('',#4211,.T.);
#4211 = EDGE_LOOP('',(#4212));
#4212 = ORIENTED_EDGE('',*,*,#4213,.T.);
#4213 = EDGE_CURVE('',#4214,#4214,#4216,.T.);
#4214 = VERTEX_POINT('',#4215);
#4215 = CARTESIAN_POINT('',(116.,-75.025,1.6));
#4216 = CIRCLE('',#4217,2.525);
#4217 = AXIS2_PLACEMENT_3D('',#4218,#4219,#4220);
#4218 = CARTESIAN_POINT('',(116.,-72.5,1.6));
#4219 = DIRECTION('',(-0.,0.,-1.));
#4220 = DIRECTION('',(-0.,-1.,0.));
#4221 = FACE_BOUND('',#4222,.T.);
#4222 = EDGE_LOOP('',(#4223));
#4223 = ORIENTED_EDGE('',*,*,#4224,.T.);
#4224 = EDGE_CURVE('',#4225,#4225,#4227,.T.);
#4225 = VERTEX_POINT('',#4226);
#4226 = CARTESIAN_POINT('',(121.5,-73.45,1.6));
#4227 = CIRCLE('',#4228,0.95);
#4228 = AXIS2_PLACEMENT_3D('',#4229,#4230,#4231);
#4229 = CARTESIAN_POINT('',(121.5,-72.5,1.6));
#4230 = DIRECTION('',(-0.,0.,-1.));
#4231 = DIRECTION('',(-0.,-1.,0.));
#4232 = FACE_BOUND('',#4233,.T.);
#4233 = EDGE_LOOP('',(#4234));
#4234 = ORIENTED_EDGE('',*,*,#4235,.T.);
#4235 = EDGE_CURVE('',#4236,#4236,#4238,.T.);
#4236 = VERTEX_POINT('',#4237);
#4237 = CARTESIAN_POINT('',(128.5,-74.45,1.6));
#4238 = CIRCLE('',#4239,0.95);
#4239 = AXIS2_PLACEMENT_3D('',#4240,#4241,#4242);
#4240 = CARTESIAN_POINT('',(128.5,-73.5,1.6));
#4241 = DIRECTION('',(-0.,0.,-1.));
#4242 = DIRECTION('',(-0.,-1.,0.));
#4243 = FACE_BOUND('',#4244,.T.);
#4244 = EDGE_LOOP('',(#4245));
#4245 = ORIENTED_EDGE('',*,*,#4246,.T.);
#4246 = EDGE_CURVE('',#4247,#4247,#4249,.T.);
#4247 = VERTEX_POINT('',#4248);
#4248 = CARTESIAN_POINT('',(134.,-76.025,1.6));
#4249 = CIRCLE('',#4250,2.525);
#4250 = AXIS2_PLACEMENT_3D('',#4251,#4252,#4253);
#4251 = CARTESIAN_POINT('',(134.,-73.5,1.6));
#4252 = DIRECTION('',(-0.,0.,-1.));
#4253 = DIRECTION('',(-0.,-1.,0.));
#4254 = FACE_BOUND('',#4255,.T.);
#4255 = EDGE_LOOP('',(#4256));
#4256 = ORIENTED_EDGE('',*,*,#4257,.T.);
#4257 = EDGE_CURVE('',#4258,#4258,#4260,.T.);
#4258 = VERTEX_POINT('',#4259);
#4259 = CARTESIAN_POINT('',(139.5,-74.45,1.6));
#4260 = CIRCLE('',#4261,0.95);
#4261 = AXIS2_PLACEMENT_3D('',#4262,#4263,#4264);
#4262 = CARTESIAN_POINT('',(139.5,-73.5,1.6));
#4263 = DIRECTION('',(-0.,0.,-1.));
#4264 = DIRECTION('',(-0.,-1.,0.));
#4265 = FACE_BOUND('',#4266,.T.);
#4266 = EDGE_LOOP('',(#4267));
#4267 = ORIENTED_EDGE('',*,*,#4268,.T.);
#4268 = EDGE_CURVE('',#4269,#4269,#4271,.T.);
#4269 = VERTEX_POINT('',#4270);
#4270 = CARTESIAN_POINT('',(139.,-69.15,1.6));
#4271 = CIRCLE('',#4272,0.8);
#4272 = AXIS2_PLACEMENT_3D('',#4273,#4274,#4275);
#4273 = CARTESIAN_POINT('',(139.,-68.35,1.6));
#4274 = DIRECTION('',(-0.,0.,-1.));
#4275 = DIRECTION('',(-0.,-1.,0.));
#4276 = FACE_BOUND('',#4277,.T.);
#4277 = EDGE_LOOP('',(#4278));
#4278 = ORIENTED_EDGE('',*,*,#4279,.T.);
#4279 = EDGE_CURVE('',#4280,#4280,#4282,.T.);
#4280 = VERTEX_POINT('',#4281);
#4281 = CARTESIAN_POINT('',(146.5,-84.45,1.6));
#4282 = CIRCLE('',#4283,0.95);
#4283 = AXIS2_PLACEMENT_3D('',#4284,#4285,#4286);
#4284 = CARTESIAN_POINT('',(146.5,-83.5,1.6));
#4285 = DIRECTION('',(-0.,0.,-1.));
#4286 = DIRECTION('',(-0.,-1.,0.));
#4287 = FACE_BOUND('',#4288,.T.);
#4288 = EDGE_LOOP('',(#4289));
#4289 = ORIENTED_EDGE('',*,*,#4290,.T.);
#4290 = EDGE_CURVE('',#4291,#4291,#4293,.T.);
#4291 = VERTEX_POINT('',#4292);
#4292 = CARTESIAN_POINT('',(152.,-86.025,1.6));
#4293 = CIRCLE('',#4294,2.525);
#4294 = AXIS2_PLACEMENT_3D('',#4295,#4296,#4297);
#4295 = CARTESIAN_POINT('',(152.,-83.5,1.6));
#4296 = DIRECTION('',(-0.,0.,-1.));
#4297 = DIRECTION('',(-0.,-1.,0.));
#4298 = FACE_BOUND('',#4299,.T.);
#4299 = EDGE_LOOP('',(#4300));
#4300 = ORIENTED_EDGE('',*,*,#4301,.T.);
#4301 = EDGE_CURVE('',#4302,#4302,#4304,.T.);
#4302 = VERTEX_POINT('',#4303);
#4303 = CARTESIAN_POINT('',(157.5,-84.45,1.6));
#4304 = CIRCLE('',#4305,0.95);
#4305 = AXIS2_PLACEMENT_3D('',#4306,#4307,#4308);
#4306 = CARTESIAN_POINT('',(157.5,-83.5,1.6));
#4307 = DIRECTION('',(-0.,0.,-1.));
#4308 = DIRECTION('',(-0.,-1.,0.));
#4309 = FACE_BOUND('',#4310,.T.);
#4310 = EDGE_LOOP('',(#4311));
#4311 = ORIENTED_EDGE('',*,*,#4312,.T.);
#4312 = EDGE_CURVE('',#4313,#4313,#4315,.T.);
#4313 = VERTEX_POINT('',#4314);
#4314 = CARTESIAN_POINT('',(157.,-79.15,1.6));
#4315 = CIRCLE('',#4316,0.8);
#4316 = AXIS2_PLACEMENT_3D('',#4317,#4318,#4319);
#4317 = CARTESIAN_POINT('',(157.,-78.35,1.6));
#4318 = DIRECTION('',(-0.,0.,-1.));
#4319 = DIRECTION('',(-0.,-1.,0.));
#4320 = FACE_BOUND('',#4321,.T.);
#4321 = EDGE_LOOP('',(#4322));
#4322 = ORIENTED_EDGE('',*,*,#4323,.T.);
#4323 = EDGE_CURVE('',#4324,#4324,#4326,.T.);
#4324 = VERTEX_POINT('',#4325);
#4325 = CARTESIAN_POINT('',(165.,-84.825,1.6));
#4326 = CIRCLE('',#4327,1.525);
#4327 = AXIS2_PLACEMENT_3D('',#4328,#4329,#4330);
#4328 = CARTESIAN_POINT('',(165.,-83.3,1.6));
#4329 = DIRECTION('',(-0.,0.,-1.));
#4330 = DIRECTION('',(-0.,-1.,0.));
#4331 = FACE_BOUND('',#4332,.T.);
#4332 = EDGE_LOOP('',(#4333));
#4333 = ORIENTED_EDGE('',*,*,#4334,.T.);
#4334 = EDGE_CURVE('',#4335,#4335,#4337,.T.);
#4335 = VERTEX_POINT('',#4336);
#4336 = CARTESIAN_POINT('',(170.,-86.925,1.6));
#4337 = CIRCLE('',#4338,1.525);
#4338 = AXIS2_PLACEMENT_3D('',#4339,#4340,#4341);
#4339 = CARTESIAN_POINT('',(170.,-85.4,1.6));
#4340 = DIRECTION('',(-0.,0.,-1.));
#4341 = DIRECTION('',(-0.,-1.,0.));
#4342 = FACE_BOUND('',#4343,.T.);
#4343 = EDGE_LOOP('',(#4344));
#4344 = ORIENTED_EDGE('',*,*,#4345,.T.);
#4345 = EDGE_CURVE('',#4346,#4346,#4348,.T.);
#4346 = VERTEX_POINT('',#4347);
#4347 = CARTESIAN_POINT('',(164.5,-80.45,1.6));
#4348 = CIRCLE('',#4349,0.95);
#4349 = AXIS2_PLACEMENT_3D('',#4350,#4351,#4352);
#4350 = CARTESIAN_POINT('',(164.5,-79.5,1.6));
#4351 = DIRECTION('',(-0.,0.,-1.));
#4352 = DIRECTION('',(-0.,-1.,0.));
#4353 = FACE_BOUND('',#4354,.T.);
#4354 = EDGE_LOOP('',(#4355));
#4355 = ORIENTED_EDGE('',*,*,#4356,.T.);
#4356 = EDGE_CURVE('',#4357,#4357,#4359,.T.);
#4357 = VERTEX_POINT('',#4358);
#4358 = CARTESIAN_POINT('',(170.,-82.025,1.6));
#4359 = CIRCLE('',#4360,2.525);
#4360 = AXIS2_PLACEMENT_3D('',#4361,#4362,#4363);
#4361 = CARTESIAN_POINT('',(170.,-79.5,1.6));
#4362 = DIRECTION('',(-0.,0.,-1.));
#4363 = DIRECTION('',(-0.,-1.,0.));
#4364 = FACE_BOUND('',#4365,.T.);
#4365 = EDGE_LOOP('',(#4366));
#4366 = ORIENTED_EDGE('',*,*,#4367,.T.);
#4367 = EDGE_CURVE('',#4368,#4368,#4370,.T.);
#4368 = VERTEX_POINT('',#4369);
#4369 = CARTESIAN_POINT('',(175.5,-80.45,1.6));
#4370 = CIRCLE('',#4371,0.95);
#4371 = AXIS2_PLACEMENT_3D('',#4372,#4373,#4374);
#4372 = CARTESIAN_POINT('',(175.5,-79.5,1.6));
#4373 = DIRECTION('',(-0.,0.,-1.));
#4374 = DIRECTION('',(-0.,-1.,0.));
#4375 = FACE_BOUND('',#4376,.T.);
#4376 = EDGE_LOOP('',(#4377));
#4377 = ORIENTED_EDGE('',*,*,#4378,.T.);
#4378 = EDGE_CURVE('',#4379,#4379,#4381,.T.);
#4379 = VERTEX_POINT('',#4380);
#4380 = CARTESIAN_POINT('',(152.,-73.925,1.6));
#4381 = CIRCLE('',#4382,1.525);
#4382 = AXIS2_PLACEMENT_3D('',#4383,#4384,#4385);
#4383 = CARTESIAN_POINT('',(152.,-72.4,1.6));
#4384 = DIRECTION('',(-0.,0.,-1.));
#4385 = DIRECTION('',(-0.,-1.,0.));
#4386 = FACE_BOUND('',#4387,.T.);
#4387 = EDGE_LOOP('',(#4388));
#4388 = ORIENTED_EDGE('',*,*,#4389,.T.);
#4389 = EDGE_CURVE('',#4390,#4390,#4392,.T.);
#4390 = VERTEX_POINT('',#4391);
#4391 = CARTESIAN_POINT('',(147.,-71.825,1.6));
#4392 = CIRCLE('',#4393,1.525);
#4393 = AXIS2_PLACEMENT_3D('',#4394,#4395,#4396);
#4394 = CARTESIAN_POINT('',(147.,-70.3,1.6));
#4395 = DIRECTION('',(-0.,0.,-1.));
#4396 = DIRECTION('',(-0.,-1.,0.));
#4397 = FACE_BOUND('',#4398,.T.);
#4398 = EDGE_LOOP('',(#4399));
#4399 = ORIENTED_EDGE('',*,*,#4400,.T.);
#4400 = EDGE_CURVE('',#4401,#4401,#4403,.T.);
#4401 = VERTEX_POINT('',#4402);
#4402 = CARTESIAN_POINT('',(175.,-75.15,1.6));
#4403 = CIRCLE('',#4404,0.8);
#4404 = AXIS2_PLACEMENT_3D('',#4405,#4406,#4407);
#4405 = CARTESIAN_POINT('',(175.,-74.35,1.6));
#4406 = DIRECTION('',(-0.,0.,-1.));
#4407 = DIRECTION('',(-0.,-1.,0.));
#4408 = FACE_BOUND('',#4409,.T.);
#4409 = EDGE_LOOP('',(#4410));
#4410 = ORIENTED_EDGE('',*,*,#4411,.T.);
#4411 = EDGE_CURVE('',#4412,#4412,#4414,.T.);
#4412 = VERTEX_POINT('',#4413);
#4413 = CARTESIAN_POINT('',(121.,-68.15,1.6));
#4414 = CIRCLE('',#4415,0.8);
#4415 = AXIS2_PLACEMENT_3D('',#4416,#4417,#4418);
#4416 = CARTESIAN_POINT('',(121.,-67.35,1.6));
#4417 = DIRECTION('',(-0.,0.,-1.));
#4418 = DIRECTION('',(-0.,-1.,0.));
#4419 = FACE_BOUND('',#4420,.T.);
#4420 = EDGE_LOOP('',(#4421));
#4421 = ORIENTED_EDGE('',*,*,#4422,.T.);
#4422 = EDGE_CURVE('',#4423,#4423,#4425,.T.);
#4423 = VERTEX_POINT('',#4424);
#4424 = CARTESIAN_POINT('',(116.,-62.925,1.6));
#4425 = CIRCLE('',#4426,1.525);
#4426 = AXIS2_PLACEMENT_3D('',#4427,#4428,#4429);
#4427 = CARTESIAN_POINT('',(116.,-61.4,1.6));
#4428 = DIRECTION('',(-0.,0.,-1.));
#4429 = DIRECTION('',(-0.,-1.,0.));
#4430 = FACE_BOUND('',#4431,.T.);
#4431 = EDGE_LOOP('',(#4432));
#4432 = ORIENTED_EDGE('',*,*,#4433,.T.);
#4433 = EDGE_CURVE('',#4434,#4434,#4436,.T.);
#4434 = VERTEX_POINT('',#4435);
#4435 = CARTESIAN_POINT('',(111.,-60.825,1.6));
#4436 = CIRCLE('',#4437,1.525);
#4437 = AXIS2_PLACEMENT_3D('',#4438,#4439,#4440);
#4438 = CARTESIAN_POINT('',(111.,-59.3,1.6));
#4439 = DIRECTION('',(-0.,0.,-1.));
#4440 = DIRECTION('',(-0.,-1.,0.));
#4441 = FACE_BOUND('',#4442,.T.);
#4442 = EDGE_LOOP('',(#4443));
#4443 = ORIENTED_EDGE('',*,*,#4444,.T.);
#4444 = EDGE_CURVE('',#4445,#4445,#4447,.T.);
#4445 = VERTEX_POINT('',#4446);
#4446 = CARTESIAN_POINT('',(129.,-61.825,1.6));
#4447 = CIRCLE('',#4448,1.525);
#4448 = AXIS2_PLACEMENT_3D('',#4449,#4450,#4451);
#4449 = CARTESIAN_POINT('',(129.,-60.3,1.6));
#4450 = DIRECTION('',(-0.,0.,-1.));
#4451 = DIRECTION('',(-0.,-1.,0.));
#4452 = FACE_BOUND('',#4453,.T.);
#4453 = EDGE_LOOP('',(#4454));
#4454 = ORIENTED_EDGE('',*,*,#4455,.T.);
#4455 = EDGE_CURVE('',#4456,#4456,#4458,.T.);
#4456 = VERTEX_POINT('',#4457);
#4457 = CARTESIAN_POINT('',(134.,-63.925,1.6));
#4458 = CIRCLE('',#4459,1.525);
#4459 = AXIS2_PLACEMENT_3D('',#4460,#4461,#4462);
#4460 = CARTESIAN_POINT('',(134.,-62.4,1.6));
#4461 = DIRECTION('',(-0.,0.,-1.));
#4462 = DIRECTION('',(-0.,-1.,0.));
#4463 = FACE_BOUND('',#4464,.T.);
#4464 = EDGE_LOOP('',(#4465));
#4465 = ORIENTED_EDGE('',*,*,#4466,.T.);
#4466 = EDGE_CURVE('',#4467,#4467,#4469,.T.);
#4467 = VERTEX_POINT('',#4468);
#4468 = CARTESIAN_POINT('',(110.5,-56.45,1.6));
#4469 = CIRCLE('',#4470,0.95);
#4470 = AXIS2_PLACEMENT_3D('',#4471,#4472,#4473);
#4471 = CARTESIAN_POINT('',(110.5,-55.5,1.6));
#4472 = DIRECTION('',(-0.,0.,-1.));
#4473 = DIRECTION('',(-0.,-1.,0.));
#4474 = FACE_BOUND('',#4475,.T.);
#4475 = EDGE_LOOP('',(#4476));
#4476 = ORIENTED_EDGE('',*,*,#4477,.T.);
#4477 = EDGE_CURVE('',#4478,#4478,#4480,.T.);
#4478 = VERTEX_POINT('',#4479);
#4479 = CARTESIAN_POINT('',(116.,-58.025,1.6));
#4480 = CIRCLE('',#4481,2.525);
#4481 = AXIS2_PLACEMENT_3D('',#4482,#4483,#4484);
#4482 = CARTESIAN_POINT('',(116.,-55.5,1.6));
#4483 = DIRECTION('',(-0.,0.,-1.));
#4484 = DIRECTION('',(-0.,-1.,0.));
#4485 = FACE_BOUND('',#4486,.T.);
#4486 = EDGE_LOOP('',(#4487));
#4487 = ORIENTED_EDGE('',*,*,#4488,.T.);
#4488 = EDGE_CURVE('',#4489,#4489,#4491,.T.);
#4489 = VERTEX_POINT('',#4490);
#4490 = CARTESIAN_POINT('',(121.5,-56.45,1.6));
#4491 = CIRCLE('',#4492,0.95);
#4492 = AXIS2_PLACEMENT_3D('',#4493,#4494,#4495);
#4493 = CARTESIAN_POINT('',(121.5,-55.5,1.6));
#4494 = DIRECTION('',(-0.,0.,-1.));
#4495 = DIRECTION('',(-0.,-1.,0.));
#4496 = FACE_BOUND('',#4497,.T.);
#4497 = EDGE_LOOP('',(#4498));
#4498 = ORIENTED_EDGE('',*,*,#4499,.T.);
#4499 = EDGE_CURVE('',#4500,#4500,#4502,.T.);
#4500 = VERTEX_POINT('',#4501);
#4501 = CARTESIAN_POINT('',(121.,-51.15,1.6));
#4502 = CIRCLE('',#4503,0.8);
#4503 = AXIS2_PLACEMENT_3D('',#4504,#4505,#4506);
#4504 = CARTESIAN_POINT('',(121.,-50.35,1.6));
#4505 = DIRECTION('',(-0.,0.,-1.));
#4506 = DIRECTION('',(-0.,-1.,0.));
#4507 = FACE_BOUND('',#4508,.T.);
#4508 = EDGE_LOOP('',(#4509));
#4509 = ORIENTED_EDGE('',*,*,#4510,.T.);
#4510 = EDGE_CURVE('',#4511,#4511,#4513,.T.);
#4511 = VERTEX_POINT('',#4512);
#4512 = CARTESIAN_POINT('',(128.5,-57.45,1.6));
#4513 = CIRCLE('',#4514,0.95);
#4514 = AXIS2_PLACEMENT_3D('',#4515,#4516,#4517);
#4515 = CARTESIAN_POINT('',(128.5,-56.5,1.6));
#4516 = DIRECTION('',(-0.,0.,-1.));
#4517 = DIRECTION('',(-0.,-1.,0.));
#4518 = FACE_BOUND('',#4519,.T.);
#4519 = EDGE_LOOP('',(#4520));
#4520 = ORIENTED_EDGE('',*,*,#4521,.T.);
#4521 = EDGE_CURVE('',#4522,#4522,#4524,.T.);
#4522 = VERTEX_POINT('',#4523);
#4523 = CARTESIAN_POINT('',(134.,-59.025,1.6));
#4524 = CIRCLE('',#4525,2.525);
#4525 = AXIS2_PLACEMENT_3D('',#4526,#4527,#4528);
#4526 = CARTESIAN_POINT('',(134.,-56.5,1.6));
#4527 = DIRECTION('',(-0.,0.,-1.));
#4528 = DIRECTION('',(-0.,-1.,0.));
#4529 = FACE_BOUND('',#4530,.T.);
#4530 = EDGE_LOOP('',(#4531));
#4531 = ORIENTED_EDGE('',*,*,#4532,.T.);
#4532 = EDGE_CURVE('',#4533,#4533,#4535,.T.);
#4533 = VERTEX_POINT('',#4534);
#4534 = CARTESIAN_POINT('',(139.5,-57.45,1.6));
#4535 = CIRCLE('',#4536,0.95);
#4536 = AXIS2_PLACEMENT_3D('',#4537,#4538,#4539);
#4537 = CARTESIAN_POINT('',(139.5,-56.5,1.6));
#4538 = DIRECTION('',(-0.,0.,-1.));
#4539 = DIRECTION('',(-0.,-1.,0.));
#4540 = FACE_BOUND('',#4541,.T.);
#4541 = EDGE_LOOP('',(#4542));
#4542 = ORIENTED_EDGE('',*,*,#4543,.T.);
#4543 = EDGE_CURVE('',#4544,#4544,#4546,.T.);
#4544 = VERTEX_POINT('',#4545);
#4545 = CARTESIAN_POINT('',(139.,-52.15,1.6));
#4546 = CIRCLE('',#4547,0.8);
#4547 = AXIS2_PLACEMENT_3D('',#4548,#4549,#4550);
#4548 = CARTESIAN_POINT('',(139.,-51.35,1.6));
#4549 = DIRECTION('',(-0.,0.,-1.));
#4550 = DIRECTION('',(-0.,-1.,0.));
#4551 = FACE_BOUND('',#4552,.T.);
#4552 = EDGE_LOOP('',(#4553));
#4553 = ORIENTED_EDGE('',*,*,#4554,.T.);
#4554 = EDGE_CURVE('',#4555,#4555,#4557,.T.);
#4555 = VERTEX_POINT('',#4556);
#4556 = CARTESIAN_POINT('',(146.5,-67.45,1.6));
#4557 = CIRCLE('',#4558,0.95);
#4558 = AXIS2_PLACEMENT_3D('',#4559,#4560,#4561);
#4559 = CARTESIAN_POINT('',(146.5,-66.5,1.6));
#4560 = DIRECTION('',(-0.,0.,-1.));
#4561 = DIRECTION('',(-0.,-1.,0.));
#4562 = FACE_BOUND('',#4563,.T.);
#4563 = EDGE_LOOP('',(#4564));
#4564 = ORIENTED_EDGE('',*,*,#4565,.T.);
#4565 = EDGE_CURVE('',#4566,#4566,#4568,.T.);
#4566 = VERTEX_POINT('',#4567);
#4567 = CARTESIAN_POINT('',(152.,-69.025,1.6));
#4568 = CIRCLE('',#4569,2.525);
#4569 = AXIS2_PLACEMENT_3D('',#4570,#4571,#4572);
#4570 = CARTESIAN_POINT('',(152.,-66.5,1.6));
#4571 = DIRECTION('',(-0.,0.,-1.));
#4572 = DIRECTION('',(-0.,-1.,0.));
#4573 = FACE_BOUND('',#4574,.T.);
#4574 = EDGE_LOOP('',(#4575));
#4575 = ORIENTED_EDGE('',*,*,#4576,.T.);
#4576 = EDGE_CURVE('',#4577,#4577,#4579,.T.);
#4577 = VERTEX_POINT('',#4578);
#4578 = CARTESIAN_POINT('',(157.5,-67.45,1.6));
#4579 = CIRCLE('',#4580,0.95);
#4580 = AXIS2_PLACEMENT_3D('',#4581,#4582,#4583);
#4581 = CARTESIAN_POINT('',(157.5,-66.5,1.6));
#4582 = DIRECTION('',(-0.,0.,-1.));
#4583 = DIRECTION('',(-0.,-1.,0.));
#4584 = FACE_BOUND('',#4585,.T.);
#4585 = EDGE_LOOP('',(#4586));
#4586 = ORIENTED_EDGE('',*,*,#4587,.T.);
#4587 = EDGE_CURVE('',#4588,#4588,#4590,.T.);
#4588 = VERTEX_POINT('',#4589);
#4589 = CARTESIAN_POINT('',(157.,-62.15,1.6));
#4590 = CIRCLE('',#4591,0.8);
#4591 = AXIS2_PLACEMENT_3D('',#4592,#4593,#4594);
#4592 = CARTESIAN_POINT('',(157.,-61.35,1.6));
#4593 = DIRECTION('',(-0.,0.,-1.));
#4594 = DIRECTION('',(-0.,-1.,0.));
#4595 = FACE_BOUND('',#4596,.T.);
#4596 = EDGE_LOOP('',(#4597));
#4597 = ORIENTED_EDGE('',*,*,#4598,.T.);
#4598 = EDGE_CURVE('',#4599,#4599,#4601,.T.);
#4599 = VERTEX_POINT('',#4600);
#4600 = CARTESIAN_POINT('',(145.5,-52.65,1.6));
#4601 = CIRCLE('',#4602,2.15);
#4602 = AXIS2_PLACEMENT_3D('',#4603,#4604,#4605);
#4603 = CARTESIAN_POINT('',(145.5,-50.5,1.6));
#4604 = DIRECTION('',(-0.,0.,-1.));
#4605 = DIRECTION('',(-0.,-1.,0.));
#4606 = PLANE('',#4607);
#4607 = AXIS2_PLACEMENT_3D('',#4608,#4609,#4610);
#4608 = CARTESIAN_POINT('',(0.,0.,1.6));
#4609 = DIRECTION('',(0.,0.,1.));
#4610 = DIRECTION('',(1.,0.,-0.));
#4611 = ADVANCED_FACE('',(#4612),#4623,.T.);
#4612 = FACE_BOUND('',#4613,.T.);
#4613 = EDGE_LOOP('',(#4614,#4620,#4621,#4622));
#4614 = ORIENTED_EDGE('',*,*,#4615,.T.);
#4615 = EDGE_CURVE('',#148,#2383,#4616,.T.);
#4616 = LINE('',#4617,#4618);
#4617 = CARTESIAN_POINT('',(105.5,-46.5,0.));
#4618 = VECTOR('',#4619,1.);
#4619 = DIRECTION('',(0.,0.,1.));
#4620 = ORIENTED_EDGE('',*,*,#2382,.T.);
#4621 = ORIENTED_EDGE('',*,*,#81,.F.);
#4622 = ORIENTED_EDGE('',*,*,#147,.F.);
#4623 = CYLINDRICAL_SURFACE('',#4624,0.999999252925);
#4624 = AXIS2_PLACEMENT_3D('',#4625,#4626,#4627);
#4625 = CARTESIAN_POINT('',(106.49999925292,-46.49999925292,0.));
#4626 = DIRECTION('',(0.,0.,-1.));
#4627 = DIRECTION('',(-1.,-7.470757349539E-07,-0.));
#4628 = ADVANCED_FACE('',(#4629),#4640,.T.);
#4629 = FACE_BOUND('',#4630,.T.);
#4630 = EDGE_LOOP('',(#4631,#4632,#4633,#4639));
#4631 = ORIENTED_EDGE('',*,*,#122,.T.);
#4632 = ORIENTED_EDGE('',*,*,#2765,.T.);
#4633 = ORIENTED_EDGE('',*,*,#4634,.F.);
#4634 = EDGE_CURVE('',#522,#2757,#4635,.T.);
#4635 = LINE('',#4636,#4637);
#4636 = CARTESIAN_POINT('',(147.5,-46.5,0.));
#4637 = VECTOR('',#4638,1.);
#4638 = DIRECTION('',(0.,0.,1.));
#4639 = ORIENTED_EDGE('',*,*,#530,.F.);
#4640 = PLANE('',#4641);
#4641 = AXIS2_PLACEMENT_3D('',#4642,#4643,#4644);
#4642 = CARTESIAN_POINT('',(127.,-46.5,0.));
#4643 = DIRECTION('',(0.,1.,0.));
#4644 = DIRECTION('',(1.,0.,0.));
#4645 = ADVANCED_FACE('',(#4646),#4657,.T.);
#4646 = FACE_BOUND('',#4647,.T.);
#4647 = EDGE_LOOP('',(#4648,#4654,#4655,#4656));
#4648 = ORIENTED_EDGE('',*,*,#4649,.T.);
#4649 = EDGE_CURVE('',#157,#2392,#4650,.T.);
#4650 = LINE('',#4651,#4652);
#4651 = CARTESIAN_POINT('',(105.5,-47.,0.));
#4652 = VECTOR('',#4653,1.);
#4653 = DIRECTION('',(0.,0.,1.));
#4654 = ORIENTED_EDGE('',*,*,#2391,.T.);
#4655 = ORIENTED_EDGE('',*,*,#4615,.F.);
#4656 = ORIENTED_EDGE('',*,*,#156,.F.);
#4657 = PLANE('',#4658);
#4658 = AXIS2_PLACEMENT_3D('',#4659,#4660,#4661);
#4659 = CARTESIAN_POINT('',(105.5,-47.,0.));
#4660 = DIRECTION('',(-1.,0.,0.));
#4661 = DIRECTION('',(0.,1.,0.));
#4662 = ADVANCED_FACE('',(#4663),#4674,.T.);
#4663 = FACE_BOUND('',#4664,.T.);
#4664 = EDGE_LOOP('',(#4665,#4666,#4667,#4673));
#4665 = ORIENTED_EDGE('',*,*,#4634,.T.);
#4666 = ORIENTED_EDGE('',*,*,#2756,.T.);
#4667 = ORIENTED_EDGE('',*,*,#4668,.F.);
#4668 = EDGE_CURVE('',#514,#2749,#4669,.T.);
#4669 = LINE('',#4670,#4671);
#4670 = CARTESIAN_POINT('',(148.5,-47.5,0.));
#4671 = VECTOR('',#4672,1.);
#4672 = DIRECTION('',(0.,0.,1.));
#4673 = ORIENTED_EDGE('',*,*,#521,.F.);
#4674 = CYLINDRICAL_SURFACE('',#4675,0.999999252925);
#4675 = AXIS2_PLACEMENT_3D('',#4676,#4677,#4678);
#4676 = CARTESIAN_POINT('',(147.50000074707,-47.49999925292,0.));
#4677 = DIRECTION('',(0.,0.,-1.));
#4678 = DIRECTION('',(-7.470757633756E-07,1.,0.));
#4679 = ADVANCED_FACE('',(#4680),#4691,.F.);
#4680 = FACE_BOUND('',#4681,.T.);
#4681 = EDGE_LOOP('',(#4682,#4688,#4689,#4690));
#4682 = ORIENTED_EDGE('',*,*,#4683,.T.);
#4683 = EDGE_CURVE('',#165,#2400,#4684,.T.);
#4684 = LINE('',#4685,#4686);
#4685 = CARTESIAN_POINT('',(104.5,-48.,0.));
#4686 = VECTOR('',#4687,1.);
#4687 = DIRECTION('',(0.,0.,1.));
#4688 = ORIENTED_EDGE('',*,*,#2399,.T.);
#4689 = ORIENTED_EDGE('',*,*,#4649,.F.);
#4690 = ORIENTED_EDGE('',*,*,#164,.F.);
#4691 = CYLINDRICAL_SURFACE('',#4692,0.999999252925);
#4692 = AXIS2_PLACEMENT_3D('',#4693,#4694,#4695);
#4693 = CARTESIAN_POINT('',(104.50000074707,-47.00000074707,0.));
#4694 = DIRECTION('',(-0.,-0.,-1.));
#4695 = DIRECTION('',(-7.470757349539E-07,-1.,0.));
#4696 = ADVANCED_FACE('',(#4697),#4708,.T.);
#4697 = FACE_BOUND('',#4698,.T.);
#4698 = EDGE_LOOP('',(#4699,#4700,#4701,#4707));
#4699 = ORIENTED_EDGE('',*,*,#4668,.T.);
#4700 = ORIENTED_EDGE('',*,*,#2748,.T.);
#4701 = ORIENTED_EDGE('',*,*,#4702,.F.);
#4702 = EDGE_CURVE('',#505,#2740,#4703,.T.);
#4703 = LINE('',#4704,#4705);
#4704 = CARTESIAN_POINT('',(148.5,-55.5,0.));
#4705 = VECTOR('',#4706,1.);
#4706 = DIRECTION('',(0.,0.,1.));
#4707 = ORIENTED_EDGE('',*,*,#513,.F.);
#4708 = PLANE('',#4709);
#4709 = AXIS2_PLACEMENT_3D('',#4710,#4711,#4712);
#4710 = CARTESIAN_POINT('',(148.5,-47.5,0.));
#4711 = DIRECTION('',(1.,0.,-0.));
#4712 = DIRECTION('',(0.,-1.,0.));
#4713 = ADVANCED_FACE('',(#4714),#4725,.T.);
#4714 = FACE_BOUND('',#4715,.T.);
#4715 = EDGE_LOOP('',(#4716,#4722,#4723,#4724));
#4716 = ORIENTED_EDGE('',*,*,#4717,.T.);
#4717 = EDGE_CURVE('',#174,#2409,#4718,.T.);
#4718 = LINE('',#4719,#4720);
#4719 = CARTESIAN_POINT('',(86.25,-48.,0.));
#4720 = VECTOR('',#4721,1.);
#4721 = DIRECTION('',(0.,0.,1.));
#4722 = ORIENTED_EDGE('',*,*,#2408,.T.);
#4723 = ORIENTED_EDGE('',*,*,#4683,.F.);
#4724 = ORIENTED_EDGE('',*,*,#173,.F.);
#4725 = PLANE('',#4726);
#4726 = AXIS2_PLACEMENT_3D('',#4727,#4728,#4729);
#4727 = CARTESIAN_POINT('',(86.25,-48.,0.));
#4728 = DIRECTION('',(0.,1.,0.));
#4729 = DIRECTION('',(1.,0.,0.));
#4730 = ADVANCED_FACE('',(#4731),#4742,.F.);
#4731 = FACE_BOUND('',#4732,.T.);
#4732 = EDGE_LOOP('',(#4733,#4734,#4735,#4741));
#4733 = ORIENTED_EDGE('',*,*,#4702,.T.);
#4734 = ORIENTED_EDGE('',*,*,#2739,.T.);
#4735 = ORIENTED_EDGE('',*,*,#4736,.F.);
#4736 = EDGE_CURVE('',#497,#2732,#4737,.T.);
#4737 = LINE('',#4738,#4739);
#4738 = CARTESIAN_POINT('',(149.5,-56.5,0.));
#4739 = VECTOR('',#4740,1.);
#4740 = DIRECTION('',(0.,0.,1.));
#4741 = ORIENTED_EDGE('',*,*,#504,.F.);
#4742 = CYLINDRICAL_SURFACE('',#4743,0.999999252925);
#4743 = AXIS2_PLACEMENT_3D('',#4744,#4745,#4746);
#4744 = CARTESIAN_POINT('',(149.49999925292,-55.50000074707,0.));
#4745 = DIRECTION('',(-0.,-0.,-1.));
#4746 = DIRECTION('',(-1.,7.470757562702E-07,0.));
#4747 = ADVANCED_FACE('',(#4748),#4759,.T.);
#4748 = FACE_BOUND('',#4749,.T.);
#4749 = EDGE_LOOP('',(#4750,#4756,#4757,#4758));
#4750 = ORIENTED_EDGE('',*,*,#4751,.T.);
#4751 = EDGE_CURVE('',#182,#2417,#4752,.T.);
#4752 = LINE('',#4753,#4754);
#4753 = CARTESIAN_POINT('',(85.25,-49.,0.));
#4754 = VECTOR('',#4755,1.);
#4755 = DIRECTION('',(0.,0.,1.));
#4756 = ORIENTED_EDGE('',*,*,#2416,.T.);
#4757 = ORIENTED_EDGE('',*,*,#4717,.F.);
#4758 = ORIENTED_EDGE('',*,*,#181,.F.);
#4759 = CYLINDRICAL_SURFACE('',#4760,0.999999252925);
#4760 = AXIS2_PLACEMENT_3D('',#4761,#4762,#4763);
#4761 = CARTESIAN_POINT('',(86.249999252925,-48.99999925292,0.));
#4762 = DIRECTION('',(0.,0.,-1.));
#4763 = DIRECTION('',(-1.,-7.470757349539E-07,-0.));
#4764 = ADVANCED_FACE('',(#4765),#4776,.T.);
#4765 = FACE_BOUND('',#4766,.T.);
#4766 = EDGE_LOOP('',(#4767,#4768,#4769,#4775));
#4767 = ORIENTED_EDGE('',*,*,#4736,.T.);
#4768 = ORIENTED_EDGE('',*,*,#2731,.T.);
#4769 = ORIENTED_EDGE('',*,*,#4770,.F.);
#4770 = EDGE_CURVE('',#488,#2723,#4771,.T.);
#4771 = LINE('',#4772,#4773);
#4772 = CARTESIAN_POINT('',(161.5,-56.5,0.));
#4773 = VECTOR('',#4774,1.);
#4774 = DIRECTION('',(0.,0.,1.));
#4775 = ORIENTED_EDGE('',*,*,#496,.F.);
#4776 = PLANE('',#4777);
#4777 = AXIS2_PLACEMENT_3D('',#4778,#4779,#4780);
#4778 = CARTESIAN_POINT('',(149.5,-56.5,0.));
#4779 = DIRECTION('',(0.,1.,0.));
#4780 = DIRECTION('',(1.,0.,0.));
#4781 = ADVANCED_FACE('',(#4782),#4793,.T.);
#4782 = FACE_BOUND('',#4783,.T.);
#4783 = EDGE_LOOP('',(#4784,#4790,#4791,#4792));
#4784 = ORIENTED_EDGE('',*,*,#4785,.T.);
#4785 = EDGE_CURVE('',#191,#2426,#4786,.T.);
#4786 = LINE('',#4787,#4788);
#4787 = CARTESIAN_POINT('',(85.25,-49.5,0.));
#4788 = VECTOR('',#4789,1.);
#4789 = DIRECTION('',(0.,0.,1.));
#4790 = ORIENTED_EDGE('',*,*,#2425,.T.);
#4791 = ORIENTED_EDGE('',*,*,#4751,.F.);
#4792 = ORIENTED_EDGE('',*,*,#190,.F.);
#4793 = PLANE('',#4794);
#4794 = AXIS2_PLACEMENT_3D('',#4795,#4796,#4797);
#4795 = CARTESIAN_POINT('',(85.25,-49.5,0.));
#4796 = DIRECTION('',(-1.,0.,0.));
#4797 = DIRECTION('',(0.,1.,0.));
#4798 = ADVANCED_FACE('',(#4799),#4810,.T.);
#4799 = FACE_BOUND('',#4800,.T.);
#4800 = EDGE_LOOP('',(#4801,#4802,#4803,#4809));
#4801 = ORIENTED_EDGE('',*,*,#4770,.T.);
#4802 = ORIENTED_EDGE('',*,*,#2722,.T.);
#4803 = ORIENTED_EDGE('',*,*,#4804,.F.);
#4804 = EDGE_CURVE('',#480,#2715,#4805,.T.);
#4805 = LINE('',#4806,#4807);
#4806 = CARTESIAN_POINT('',(162.5,-57.5,0.));
#4807 = VECTOR('',#4808,1.);
#4808 = DIRECTION('',(0.,0.,1.));
#4809 = ORIENTED_EDGE('',*,*,#487,.F.);
#4810 = CYLINDRICAL_SURFACE('',#4811,0.999999252925);
#4811 = AXIS2_PLACEMENT_3D('',#4812,#4813,#4814);
#4812 = CARTESIAN_POINT('',(161.50000074707,-57.49999925292,0.));
#4813 = DIRECTION('',(0.,0.,-1.));
#4814 = DIRECTION('',(-7.470757633756E-07,1.,0.));
#4815 = ADVANCED_FACE('',(#4816),#4827,.F.);
#4816 = FACE_BOUND('',#4817,.T.);
#4817 = EDGE_LOOP('',(#4818,#4824,#4825,#4826));
#4818 = ORIENTED_EDGE('',*,*,#4819,.T.);
#4819 = EDGE_CURVE('',#199,#2434,#4820,.T.);
#4820 = LINE('',#4821,#4822);
#4821 = CARTESIAN_POINT('',(84.25,-50.5,0.));
#4822 = VECTOR('',#4823,1.);
#4823 = DIRECTION('',(0.,0.,1.));
#4824 = ORIENTED_EDGE('',*,*,#2433,.T.);
#4825 = ORIENTED_EDGE('',*,*,#4785,.F.);
#4826 = ORIENTED_EDGE('',*,*,#198,.F.);
#4827 = CYLINDRICAL_SURFACE('',#4828,0.999999252925);
#4828 = AXIS2_PLACEMENT_3D('',#4829,#4830,#4831);
#4829 = CARTESIAN_POINT('',(84.250000747075,-49.50000074707,0.));
#4830 = DIRECTION('',(-0.,-0.,-1.));
#4831 = DIRECTION('',(-7.470757349539E-07,-1.,0.));
#4832 = ADVANCED_FACE('',(#4833),#4844,.T.);
#4833 = FACE_BOUND('',#4834,.T.);
#4834 = EDGE_LOOP('',(#4835,#4836,#4837,#4843));
#4835 = ORIENTED_EDGE('',*,*,#4804,.T.);
#4836 = ORIENTED_EDGE('',*,*,#2714,.T.);
#4837 = ORIENTED_EDGE('',*,*,#4838,.F.);
#4838 = EDGE_CURVE('',#471,#2706,#4839,.T.);
#4839 = LINE('',#4840,#4841);
#4840 = CARTESIAN_POINT('',(162.5,-68.5,0.));
#4841 = VECTOR('',#4842,1.);
#4842 = DIRECTION('',(0.,0.,1.));
#4843 = ORIENTED_EDGE('',*,*,#479,.F.);
#4844 = PLANE('',#4845);
#4845 = AXIS2_PLACEMENT_3D('',#4846,#4847,#4848);
#4846 = CARTESIAN_POINT('',(162.5,-57.5,0.));
#4847 = DIRECTION('',(1.,0.,-0.));
#4848 = DIRECTION('',(0.,-1.,0.));
#4849 = ADVANCED_FACE('',(#4850),#4861,.T.);
#4850 = FACE_BOUND('',#4851,.T.);
#4851 = EDGE_LOOP('',(#4852,#4858,#4859,#4860));
#4852 = ORIENTED_EDGE('',*,*,#4853,.T.);
#4853 = EDGE_CURVE('',#208,#2443,#4854,.T.);
#4854 = LINE('',#4855,#4856);
#4855 = CARTESIAN_POINT('',(50.5,-50.5,0.));
#4856 = VECTOR('',#4857,1.);
#4857 = DIRECTION('',(0.,0.,1.));
#4858 = ORIENTED_EDGE('',*,*,#2442,.T.);
#4859 = ORIENTED_EDGE('',*,*,#4819,.F.);
#4860 = ORIENTED_EDGE('',*,*,#207,.F.);
#4861 = PLANE('',#4862);
#4862 = AXIS2_PLACEMENT_3D('',#4863,#4864,#4865);
#4863 = CARTESIAN_POINT('',(50.5,-50.5,0.));
#4864 = DIRECTION('',(0.,1.,0.));
#4865 = DIRECTION('',(1.,0.,0.));
#4866 = ADVANCED_FACE('',(#4867),#4878,.F.);
#4867 = FACE_BOUND('',#4868,.T.);
#4868 = EDGE_LOOP('',(#4869,#4870,#4871,#4877));
#4869 = ORIENTED_EDGE('',*,*,#4838,.T.);
#4870 = ORIENTED_EDGE('',*,*,#2705,.T.);
#4871 = ORIENTED_EDGE('',*,*,#4872,.F.);
#4872 = EDGE_CURVE('',#463,#2698,#4873,.T.);
#4873 = LINE('',#4874,#4875);
#4874 = CARTESIAN_POINT('',(163.5,-69.5,0.));
#4875 = VECTOR('',#4876,1.);
#4876 = DIRECTION('',(0.,0.,1.));
#4877 = ORIENTED_EDGE('',*,*,#470,.F.);
#4878 = CYLINDRICAL_SURFACE('',#4879,0.999999252925);
#4879 = AXIS2_PLACEMENT_3D('',#4880,#4881,#4882);
#4880 = CARTESIAN_POINT('',(163.49999925292,-68.50000074707,0.));
#4881 = DIRECTION('',(-0.,-0.,-1.));
#4882 = DIRECTION('',(-1.,7.470757491648E-07,0.));
#4883 = ADVANCED_FACE('',(#4884),#4895,.T.);
#4884 = FACE_BOUND('',#4885,.T.);
#4885 = EDGE_LOOP('',(#4886,#4892,#4893,#4894));
#4886 = ORIENTED_EDGE('',*,*,#4887,.T.);
#4887 = EDGE_CURVE('',#216,#2451,#4888,.T.);
#4888 = LINE('',#4889,#4890);
#4889 = CARTESIAN_POINT('',(49.5,-51.5,0.));
#4890 = VECTOR('',#4891,1.);
#4891 = DIRECTION('',(0.,0.,1.));
#4892 = ORIENTED_EDGE('',*,*,#2450,.T.);
#4893 = ORIENTED_EDGE('',*,*,#4853,.F.);
#4894 = ORIENTED_EDGE('',*,*,#215,.F.);
#4895 = CYLINDRICAL_SURFACE('',#4896,0.999999252925);
#4896 = AXIS2_PLACEMENT_3D('',#4897,#4898,#4899);
#4897 = CARTESIAN_POINT('',(50.499999252925,-51.49999925292,0.));
#4898 = DIRECTION('',(0.,0.,-1.));
#4899 = DIRECTION('',(-1.,-7.470757491648E-07,-0.));
#4900 = ADVANCED_FACE('',(#4901),#4912,.T.);
#4901 = FACE_BOUND('',#4902,.T.);
#4902 = EDGE_LOOP('',(#4903,#4904,#4905,#4911));
#4903 = ORIENTED_EDGE('',*,*,#4872,.T.);
#4904 = ORIENTED_EDGE('',*,*,#2697,.T.);
#4905 = ORIENTED_EDGE('',*,*,#4906,.F.);
#4906 = EDGE_CURVE('',#454,#2689,#4907,.T.);
#4907 = LINE('',#4908,#4909);
#4908 = CARTESIAN_POINT('',(179.5,-69.5,0.));
#4909 = VECTOR('',#4910,1.);
#4910 = DIRECTION('',(0.,0.,1.));
#4911 = ORIENTED_EDGE('',*,*,#462,.F.);
#4912 = PLANE('',#4913);
#4913 = AXIS2_PLACEMENT_3D('',#4914,#4915,#4916);
#4914 = CARTESIAN_POINT('',(163.5,-69.5,0.));
#4915 = DIRECTION('',(0.,1.,0.));
#4916 = DIRECTION('',(1.,0.,0.));
#4917 = ADVANCED_FACE('',(#4918),#4929,.T.);
#4918 = FACE_BOUND('',#4919,.T.);
#4919 = EDGE_LOOP('',(#4920,#4926,#4927,#4928));
#4920 = ORIENTED_EDGE('',*,*,#4921,.T.);
#4921 = EDGE_CURVE('',#225,#2460,#4922,.T.);
#4922 = LINE('',#4923,#4924);
#4923 = CARTESIAN_POINT('',(49.5,-104.854918,0.));
#4924 = VECTOR('',#4925,1.);
#4925 = DIRECTION('',(0.,0.,1.));
#4926 = ORIENTED_EDGE('',*,*,#2459,.T.);
#4927 = ORIENTED_EDGE('',*,*,#4887,.F.);
#4928 = ORIENTED_EDGE('',*,*,#224,.F.);
#4929 = PLANE('',#4930);
#4930 = AXIS2_PLACEMENT_3D('',#4931,#4932,#4933);
#4931 = CARTESIAN_POINT('',(49.5,-104.854918,0.));
#4932 = DIRECTION('',(-1.,0.,0.));
#4933 = DIRECTION('',(0.,1.,0.));
#4934 = ADVANCED_FACE('',(#4935),#4946,.T.);
#4935 = FACE_BOUND('',#4936,.T.);
#4936 = EDGE_LOOP('',(#4937,#4938,#4939,#4945));
#4937 = ORIENTED_EDGE('',*,*,#4906,.T.);
#4938 = ORIENTED_EDGE('',*,*,#2688,.T.);
#4939 = ORIENTED_EDGE('',*,*,#4940,.F.);
#4940 = EDGE_CURVE('',#446,#2681,#4941,.T.);
#4941 = LINE('',#4942,#4943);
#4942 = CARTESIAN_POINT('',(180.5,-70.5,0.));
#4943 = VECTOR('',#4944,1.);
#4944 = DIRECTION('',(0.,0.,1.));
#4945 = ORIENTED_EDGE('',*,*,#453,.F.);
#4946 = CYLINDRICAL_SURFACE('',#4947,0.999999252925);
#4947 = AXIS2_PLACEMENT_3D('',#4948,#4949,#4950);
#4948 = CARTESIAN_POINT('',(179.50000074707,-70.49999925292,0.));
#4949 = DIRECTION('',(0.,0.,-1.));
#4950 = DIRECTION('',(-7.470757349539E-07,1.,0.));
#4951 = ADVANCED_FACE('',(#4952),#4963,.F.);
#4952 = FACE_BOUND('',#4953,.T.);
#4953 = EDGE_LOOP('',(#4954,#4960,#4961,#4962));
#4954 = ORIENTED_EDGE('',*,*,#4955,.T.);
#4955 = EDGE_CURVE('',#233,#2468,#4956,.T.);
#4956 = LINE('',#4957,#4958);
#4957 = CARTESIAN_POINT('',(47.,-109.185045,0.));
#4958 = VECTOR('',#4959,1.);
#4959 = DIRECTION('',(0.,0.,1.));
#4960 = ORIENTED_EDGE('',*,*,#2467,.T.);
#4961 = ORIENTED_EDGE('',*,*,#4921,.F.);
#4962 = ORIENTED_EDGE('',*,*,#232,.F.);
#4963 = CYLINDRICAL_SURFACE('',#4964,5.000058624462);
#4964 = AXIS2_PLACEMENT_3D('',#4965,#4966,#4967);
#4965 = CARTESIAN_POINT('',(44.499941375652,-104.8548841342,0.));
#4966 = DIRECTION('',(-0.,-0.,-1.));
#4967 = DIRECTION('',(0.500005862355,-0.866022019126,0.));
#4968 = ADVANCED_FACE('',(#4969),#4980,.T.);
#4969 = FACE_BOUND('',#4970,.T.);
#4970 = EDGE_LOOP('',(#4971,#4972,#4973,#4979));
#4971 = ORIENTED_EDGE('',*,*,#4940,.T.);
#4972 = ORIENTED_EDGE('',*,*,#2680,.T.);
#4973 = ORIENTED_EDGE('',*,*,#4974,.F.);
#4974 = EDGE_CURVE('',#437,#2672,#4975,.T.);
#4975 = LINE('',#4976,#4977);
#4976 = CARTESIAN_POINT('',(180.5,-105.5,0.));
#4977 = VECTOR('',#4978,1.);
#4978 = DIRECTION('',(0.,0.,1.));
#4979 = ORIENTED_EDGE('',*,*,#445,.F.);
#4980 = PLANE('',#4981);
#4981 = AXIS2_PLACEMENT_3D('',#4982,#4983,#4984);
#4982 = CARTESIAN_POINT('',(180.5,-70.5,0.));
#4983 = DIRECTION('',(1.,0.,-0.));
#4984 = DIRECTION('',(0.,-1.,0.));
#4985 = ADVANCED_FACE('',(#4986),#4997,.T.);
#4986 = FACE_BOUND('',#4987,.T.);
#4987 = EDGE_LOOP('',(#4988,#4994,#4995,#4996));
#4988 = ORIENTED_EDGE('',*,*,#4989,.T.);
#4989 = EDGE_CURVE('',#242,#2477,#4990,.T.);
#4990 = LINE('',#4991,#4992);
#4991 = CARTESIAN_POINT('',(37.955771,-114.406733,0.));
#4992 = VECTOR('',#4993,1.);
#4993 = DIRECTION('',(0.,0.,1.));
#4994 = ORIENTED_EDGE('',*,*,#2476,.T.);
#4995 = ORIENTED_EDGE('',*,*,#4955,.F.);
#4996 = ORIENTED_EDGE('',*,*,#241,.F.);
#4997 = PLANE('',#4998);
#4998 = AXIS2_PLACEMENT_3D('',#4999,#5000,#5001);
#4999 = CARTESIAN_POINT('',(37.955771,-114.406733,0.));
#5000 = DIRECTION('',(-0.49999999657,0.866025405765,0.));
#5001 = DIRECTION('',(0.866025405765,0.49999999657,0.));
#5002 = ADVANCED_FACE('',(#5003),#5014,.T.);
#5003 = FACE_BOUND('',#5004,.T.);
#5004 = EDGE_LOOP('',(#5005,#5006,#5007,#5013));
#5005 = ORIENTED_EDGE('',*,*,#4974,.T.);
#5006 = ORIENTED_EDGE('',*,*,#2671,.T.);
#5007 = ORIENTED_EDGE('',*,*,#5008,.F.);
#5008 = EDGE_CURVE('',#429,#2664,#5009,.T.);
#5009 = LINE('',#5010,#5011);
#5010 = CARTESIAN_POINT('',(179.5,-106.5,0.));
#5011 = VECTOR('',#5012,1.);
#5012 = DIRECTION('',(0.,0.,1.));
#5013 = ORIENTED_EDGE('',*,*,#436,.F.);
#5014 = CYLINDRICAL_SURFACE('',#5015,0.999999252925);
#5015 = AXIS2_PLACEMENT_3D('',#5016,#5017,#5018);
#5016 = CARTESIAN_POINT('',(179.50000074707,-105.500000747,0.));
#5017 = DIRECTION('',(0.,0.,-1.));
#5018 = DIRECTION('',(1.,7.470757491648E-07,0.));
#5019 = ADVANCED_FACE('',(#5020),#5031,.T.);
#5020 = FACE_BOUND('',#5021,.T.);
#5021 = EDGE_LOOP('',(#5022,#5028,#5029,#5030));
#5022 = ORIENTED_EDGE('',*,*,#5023,.T.);
#5023 = EDGE_CURVE('',#250,#2485,#5024,.T.);
#5024 = LINE('',#5025,#5026);
#5025 = CARTESIAN_POINT('',(37.589746,-115.772758,0.));
#5026 = VECTOR('',#5027,1.);
#5027 = DIRECTION('',(0.,0.,1.));
#5028 = ORIENTED_EDGE('',*,*,#2484,.T.);
#5029 = ORIENTED_EDGE('',*,*,#4989,.F.);
#5030 = ORIENTED_EDGE('',*,*,#249,.F.);
#5031 = CYLINDRICAL_SURFACE('',#5032,1.000084935963);
#5032 = AXIS2_PLACEMENT_3D('',#5033,#5034,#5035);
#5033 = CARTESIAN_POINT('',(38.455887497404,-115.2727892153,0.));
#5034 = DIRECTION('',(0.,0.,-1.));
#5035 = DIRECTION('',(-0.86606793709,-0.499926322916,-0.));
#5036 = ADVANCED_FACE('',(#5037),#5048,.T.);
#5037 = FACE_BOUND('',#5038,.T.);
#5038 = EDGE_LOOP('',(#5039,#5040,#5041,#5047));
#5039 = ORIENTED_EDGE('',*,*,#5008,.T.);
#5040 = ORIENTED_EDGE('',*,*,#2663,.T.);
#5041 = ORIENTED_EDGE('',*,*,#5042,.F.);
#5042 = EDGE_CURVE('',#420,#2655,#5043,.T.);
#5043 = LINE('',#5044,#5045);
#5044 = CARTESIAN_POINT('',(167.5,-106.5,0.));
#5045 = VECTOR('',#5046,1.);
#5046 = DIRECTION('',(0.,0.,1.));
#5047 = ORIENTED_EDGE('',*,*,#428,.F.);
#5048 = PLANE('',#5049);
#5049 = AXIS2_PLACEMENT_3D('',#5050,#5051,#5052);
#5050 = CARTESIAN_POINT('',(179.5,-106.5,0.));
#5051 = DIRECTION('',(0.,-1.,0.));
#5052 = DIRECTION('',(-1.,0.,0.));
#5053 = ADVANCED_FACE('',(#5054),#5065,.T.);
#5054 = FACE_BOUND('',#5055,.T.);
#5055 = EDGE_LOOP('',(#5056,#5062,#5063,#5064));
#5056 = ORIENTED_EDGE('',*,*,#5057,.T.);
#5057 = EDGE_CURVE('',#259,#2494,#5058,.T.);
#5058 = LINE('',#5059,#5060);
#5059 = CARTESIAN_POINT('',(46.722209,-131.590648,0.));
#5060 = VECTOR('',#5061,1.);
#5061 = DIRECTION('',(0.,0.,1.));
#5062 = ORIENTED_EDGE('',*,*,#2493,.T.);
#5063 = ORIENTED_EDGE('',*,*,#5023,.F.);
#5064 = ORIENTED_EDGE('',*,*,#258,.F.);
#5065 = PLANE('',#5066);
#5066 = AXIS2_PLACEMENT_3D('',#5067,#5068,#5069);
#5067 = CARTESIAN_POINT('',(46.722209,-131.590648,0.));
#5068 = DIRECTION('',(-0.866025404958,-0.499999997967,0.));
#5069 = DIRECTION('',(-0.499999997967,0.866025404958,0.));
#5070 = ADVANCED_FACE('',(#5071),#5082,.F.);
#5071 = FACE_BOUND('',#5072,.T.);
#5072 = EDGE_LOOP('',(#5073,#5074,#5075,#5081));
#5073 = ORIENTED_EDGE('',*,*,#5042,.T.);
#5074 = ORIENTED_EDGE('',*,*,#2654,.T.);
#5075 = ORIENTED_EDGE('',*,*,#5076,.F.);
#5076 = EDGE_CURVE('',#412,#2647,#5077,.T.);
#5077 = LINE('',#5078,#5079);
#5078 = CARTESIAN_POINT('',(166.5,-107.5,0.));
#5079 = VECTOR('',#5080,1.);
#5080 = DIRECTION('',(0.,0.,1.));
#5081 = ORIENTED_EDGE('',*,*,#419,.F.);
#5082 = CYLINDRICAL_SURFACE('',#5083,0.999999252925);
#5083 = AXIS2_PLACEMENT_3D('',#5084,#5085,#5086);
#5084 = CARTESIAN_POINT('',(167.49999925292,-107.4999992529,0.));
#5085 = DIRECTION('',(-0.,-0.,-1.));
#5086 = DIRECTION('',(7.470757349539E-07,1.,-0.));
#5087 = ADVANCED_FACE('',(#5088),#5099,.T.);
#5088 = FACE_BOUND('',#5089,.T.);
#5089 = EDGE_LOOP('',(#5090,#5096,#5097,#5098));
#5090 = ORIENTED_EDGE('',*,*,#5091,.T.);
#5091 = EDGE_CURVE('',#267,#2502,#5092,.T.);
#5092 = LINE('',#5093,#5094);
#5093 = CARTESIAN_POINT('',(47.847054,-132.056574,0.));
#5094 = VECTOR('',#5095,1.);
#5095 = DIRECTION('',(0.,0.,1.));
#5096 = ORIENTED_EDGE('',*,*,#2501,.T.);
#5097 = ORIENTED_EDGE('',*,*,#5057,.F.);
#5098 = ORIENTED_EDGE('',*,*,#266,.F.);
#5099 = CYLINDRICAL_SURFACE('',#5100,0.999907387583);
#5100 = AXIS2_PLACEMENT_3D('',#5101,#5102,#5103);
#5101 = CARTESIAN_POINT('',(47.588189890547,-131.0907561307,0.));
#5102 = DIRECTION('',(0.,0.,-1.));
#5103 = DIRECTION('',(0.258888085705,-0.965907324271,0.));
#5104 = ADVANCED_FACE('',(#5105),#5116,.T.);
#5105 = FACE_BOUND('',#5106,.T.);
#5106 = EDGE_LOOP('',(#5107,#5108,#5109,#5115));
#5107 = ORIENTED_EDGE('',*,*,#5076,.T.);
#5108 = ORIENTED_EDGE('',*,*,#2646,.T.);
#5109 = ORIENTED_EDGE('',*,*,#5110,.F.);
#5110 = EDGE_CURVE('',#403,#2638,#5111,.T.);
#5111 = LINE('',#5112,#5113);
#5112 = CARTESIAN_POINT('',(166.5,-109.5,0.));
#5113 = VECTOR('',#5114,1.);
#5114 = DIRECTION('',(0.,0.,1.));
#5115 = ORIENTED_EDGE('',*,*,#411,.F.);
#5116 = PLANE('',#5117);
#5117 = AXIS2_PLACEMENT_3D('',#5118,#5119,#5120);
#5118 = CARTESIAN_POINT('',(166.5,-107.5,0.));
#5119 = DIRECTION('',(1.,0.,-0.));
#5120 = DIRECTION('',(0.,-1.,0.));
#5121 = ADVANCED_FACE('',(#5122),#5133,.T.);
#5122 = FACE_BOUND('',#5123,.T.);
#5123 = EDGE_LOOP('',(#5124,#5130,#5131,#5132));
#5124 = ORIENTED_EDGE('',*,*,#5125,.T.);
#5125 = EDGE_CURVE('',#276,#2511,#5126,.T.);
#5126 = LINE('',#5127,#5128);
#5127 = CARTESIAN_POINT('',(82.764485,-122.700476,0.));
#5128 = VECTOR('',#5129,1.);
#5129 = DIRECTION('',(0.,0.,1.));
#5130 = ORIENTED_EDGE('',*,*,#2510,.T.);
#5131 = ORIENTED_EDGE('',*,*,#5091,.F.);
#5132 = ORIENTED_EDGE('',*,*,#275,.F.);
#5133 = PLANE('',#5134);
#5134 = AXIS2_PLACEMENT_3D('',#5135,#5136,#5137);
#5135 = CARTESIAN_POINT('',(82.764485,-122.700476,0.));
#5136 = DIRECTION('',(0.258819059602,-0.965925822404,0.));
#5137 = DIRECTION('',(-0.965925822404,-0.258819059602,0.));
#5138 = ADVANCED_FACE('',(#5139),#5150,.T.);
#5139 = FACE_BOUND('',#5140,.T.);
#5140 = EDGE_LOOP('',(#5141,#5142,#5143,#5149));
#5141 = ORIENTED_EDGE('',*,*,#5110,.T.);
#5142 = ORIENTED_EDGE('',*,*,#2637,.T.);
#5143 = ORIENTED_EDGE('',*,*,#5144,.F.);
#5144 = EDGE_CURVE('',#395,#2630,#5145,.T.);
#5145 = LINE('',#5146,#5147);
#5146 = CARTESIAN_POINT('',(165.5,-110.5,0.));
#5147 = VECTOR('',#5148,1.);
#5148 = DIRECTION('',(0.,0.,1.));
#5149 = ORIENTED_EDGE('',*,*,#402,.F.);
#5150 = CYLINDRICAL_SURFACE('',#5151,0.999999252925);
#5151 = AXIS2_PLACEMENT_3D('',#5152,#5153,#5154);
#5152 = CARTESIAN_POINT('',(165.50000074707,-109.500000747,0.));
#5153 = DIRECTION('',(0.,0.,-1.));
#5154 = DIRECTION('',(1.,7.470757491648E-07,0.));
#5155 = ADVANCED_FACE('',(#5156),#5167,.T.);
#5156 = FACE_BOUND('',#5157,.T.);
#5157 = EDGE_LOOP('',(#5158,#5164,#5165,#5166));
#5158 = ORIENTED_EDGE('',*,*,#5159,.T.);
#5159 = EDGE_CURVE('',#284,#2519,#5160,.T.);
#5160 = LINE('',#5161,#5162);
#5161 = CARTESIAN_POINT('',(83.471592,-121.475731,0.));
#5162 = VECTOR('',#5163,1.);
#5163 = DIRECTION('',(0.,0.,1.));
#5164 = ORIENTED_EDGE('',*,*,#2518,.T.);
#5165 = ORIENTED_EDGE('',*,*,#5125,.F.);
#5166 = ORIENTED_EDGE('',*,*,#283,.F.);
#5167 = CYLINDRICAL_SURFACE('',#5168,1.00009920947);
#5168 = AXIS2_PLACEMENT_3D('',#5169,#5170,#5171);
#5169 = CARTESIAN_POINT('',(82.505544690929,-121.7344799621,0.));
#5170 = DIRECTION('',(0.,0.,-1.));
#5171 = DIRECTION('',(0.965951477537,0.25872329436,0.));
#5172 = ADVANCED_FACE('',(#5173),#5184,.T.);
#5173 = FACE_BOUND('',#5174,.T.);
#5174 = EDGE_LOOP('',(#5175,#5176,#5177,#5183));
#5175 = ORIENTED_EDGE('',*,*,#5144,.T.);
#5176 = ORIENTED_EDGE('',*,*,#2629,.T.);
#5177 = ORIENTED_EDGE('',*,*,#5178,.F.);
#5178 = EDGE_CURVE('',#387,#2622,#5179,.T.);
#5179 = LINE('',#5180,#5181);
#5180 = CARTESIAN_POINT('',(133.,-110.5,0.));
#5181 = VECTOR('',#5182,1.);
#5182 = DIRECTION('',(0.,0.,1.));
#5183 = ORIENTED_EDGE('',*,*,#394,.F.);
#5184 = PLANE('',#5185);
#5185 = AXIS2_PLACEMENT_3D('',#5186,#5187,#5188);
#5186 = CARTESIAN_POINT('',(165.5,-110.5,0.));
#5187 = DIRECTION('',(0.,-1.,0.));
#5188 = DIRECTION('',(-1.,0.,0.));
#5189 = ADVANCED_FACE('',(#5190),#5201,.T.);
#5190 = FACE_BOUND('',#5191,.T.);
#5191 = EDGE_LOOP('',(#5192,#5198,#5199,#5200));
#5192 = ORIENTED_EDGE('',*,*,#5193,.T.);
#5193 = EDGE_CURVE('',#293,#2528,#5194,.T.);
#5194 = LINE('',#5195,#5196);
#5195 = CARTESIAN_POINT('',(80.609457,-110.794095,0.));
#5196 = VECTOR('',#5197,1.);
#5197 = DIRECTION('',(0.,0.,1.));
#5198 = ORIENTED_EDGE('',*,*,#2527,.T.);
#5199 = ORIENTED_EDGE('',*,*,#5159,.F.);
#5200 = ORIENTED_EDGE('',*,*,#292,.F.);
#5201 = PLANE('',#5202);
#5202 = AXIS2_PLACEMENT_3D('',#5203,#5204,#5205);
#5203 = CARTESIAN_POINT('',(80.609457,-110.794095,0.));
#5204 = DIRECTION('',(0.965925843019,0.258818982664,-0.));
#5205 = DIRECTION('',(0.258818982664,-0.965925843019,0.));
#5206 = ADVANCED_FACE('',(#5207),#5218,.T.);
#5207 = FACE_BOUND('',#5208,.T.);
#5208 = EDGE_LOOP('',(#5209,#5210,#5211,#5217));
#5209 = ORIENTED_EDGE('',*,*,#5178,.T.);
#5210 = ORIENTED_EDGE('',*,*,#2621,.T.);
#5211 = ORIENTED_EDGE('',*,*,#5212,.F.);
#5212 = EDGE_CURVE('',#378,#2613,#5213,.T.);
#5213 = LINE('',#5214,#5215);
#5214 = CARTESIAN_POINT('',(133.,-126.,0.));
#5215 = VECTOR('',#5216,1.);
#5216 = DIRECTION('',(0.,0.,1.));
#5217 = ORIENTED_EDGE('',*,*,#386,.F.);
#5218 = PLANE('',#5219);
#5219 = AXIS2_PLACEMENT_3D('',#5220,#5221,#5222);
#5220 = CARTESIAN_POINT('',(133.,-110.5,0.));
#5221 = DIRECTION('',(1.,0.,-0.));
#5222 = DIRECTION('',(0.,-1.,0.));
#5223 = ADVANCED_FACE('',(#5224),#5235,.F.);
#5224 = FACE_BOUND('',#5225,.T.);
#5225 = EDGE_LOOP('',(#5226,#5232,#5233,#5234));
#5226 = ORIENTED_EDGE('',*,*,#5227,.T.);
#5227 = EDGE_CURVE('',#301,#2536,#5228,.T.);
#5228 = LINE('',#5229,#5230);
#5229 = CARTESIAN_POINT('',(85.439086,-104.5,0.));
#5230 = VECTOR('',#5231,1.);
#5231 = DIRECTION('',(0.,0.,1.));
#5232 = ORIENTED_EDGE('',*,*,#2535,.T.);
#5233 = ORIENTED_EDGE('',*,*,#5193,.F.);
#5234 = ORIENTED_EDGE('',*,*,#300,.F.);
#5235 = CYLINDRICAL_SURFACE('',#5236,5.000000766444);
#5236 = AXIS2_PLACEMENT_3D('',#5237,#5238,#5239);
#5237 = CARTESIAN_POINT('',(85.439087190721,-109.5000007664,0.));
#5238 = DIRECTION('',(-0.,-0.,-1.));
#5239 = DIRECTION('',(-2.381440855174E-07,1.,0.));
#5240 = ADVANCED_FACE('',(#5241),#5252,.T.);
#5241 = FACE_BOUND('',#5242,.T.);
#5242 = EDGE_LOOP('',(#5243,#5244,#5245,#5251));
#5243 = ORIENTED_EDGE('',*,*,#5212,.T.);
#5244 = ORIENTED_EDGE('',*,*,#2612,.T.);
#5245 = ORIENTED_EDGE('',*,*,#5246,.F.);
#5246 = EDGE_CURVE('',#370,#2605,#5247,.T.);
#5247 = LINE('',#5248,#5249);
#5248 = CARTESIAN_POINT('',(132.,-127.,0.));
#5249 = VECTOR('',#5250,1.);
#5250 = DIRECTION('',(0.,0.,1.));
#5251 = ORIENTED_EDGE('',*,*,#377,.F.);
#5252 = CYLINDRICAL_SURFACE('',#5253,0.999999252925);
#5253 = AXIS2_PLACEMENT_3D('',#5254,#5255,#5256);
#5254 = CARTESIAN_POINT('',(132.00000074707,-126.000000747,0.));
#5255 = DIRECTION('',(0.,0.,-1.));
#5256 = DIRECTION('',(1.,7.470757491648E-07,0.));
#5257 = ADVANCED_FACE('',(#5258),#5269,.T.);
#5258 = FACE_BOUND('',#5259,.T.);
#5259 = EDGE_LOOP('',(#5260,#5266,#5267,#5268));
#5260 = ORIENTED_EDGE('',*,*,#5261,.T.);
#5261 = EDGE_CURVE('',#310,#2545,#5262,.T.);
#5262 = LINE('',#5263,#5264);
#5263 = CARTESIAN_POINT('',(89.5,-104.5,0.));
#5264 = VECTOR('',#5265,1.);
#5265 = DIRECTION('',(0.,0.,1.));
#5266 = ORIENTED_EDGE('',*,*,#2544,.T.);
#5267 = ORIENTED_EDGE('',*,*,#5227,.F.);
#5268 = ORIENTED_EDGE('',*,*,#309,.F.);
#5269 = PLANE('',#5270);
#5270 = AXIS2_PLACEMENT_3D('',#5271,#5272,#5273);
#5271 = CARTESIAN_POINT('',(89.5,-104.5,0.));
#5272 = DIRECTION('',(0.,-1.,0.));
#5273 = DIRECTION('',(-1.,0.,0.));
#5274 = ADVANCED_FACE('',(#5275),#5286,.T.);
#5275 = FACE_BOUND('',#5276,.T.);
#5276 = EDGE_LOOP('',(#5277,#5278,#5279,#5285));
#5277 = ORIENTED_EDGE('',*,*,#5246,.T.);
#5278 = ORIENTED_EDGE('',*,*,#2604,.T.);
#5279 = ORIENTED_EDGE('',*,*,#5280,.F.);
#5280 = EDGE_CURVE('',#361,#2596,#5281,.T.);
#5281 = LINE('',#5282,#5283);
#5282 = CARTESIAN_POINT('',(127.,-127.,0.));
#5283 = VECTOR('',#5284,1.);
#5284 = DIRECTION('',(0.,0.,1.));
#5285 = ORIENTED_EDGE('',*,*,#369,.F.);
#5286 = PLANE('',#5287);
#5287 = AXIS2_PLACEMENT_3D('',#5288,#5289,#5290);
#5288 = CARTESIAN_POINT('',(132.,-127.,0.));
#5289 = DIRECTION('',(0.,-1.,0.));
#5290 = DIRECTION('',(-1.,0.,0.));
#5291 = ADVANCED_FACE('',(#5292),#5303,.T.);
#5292 = FACE_BOUND('',#5293,.T.);
#5293 = EDGE_LOOP('',(#5294,#5300,#5301,#5302));
#5294 = ORIENTED_EDGE('',*,*,#5295,.T.);
#5295 = EDGE_CURVE('',#318,#2553,#5296,.T.);
#5296 = LINE('',#5297,#5298);
#5297 = CARTESIAN_POINT('',(90.5,-103.5,0.));
#5298 = VECTOR('',#5299,1.);
#5299 = DIRECTION('',(0.,0.,1.));
#5300 = ORIENTED_EDGE('',*,*,#2552,.T.);
#5301 = ORIENTED_EDGE('',*,*,#5261,.F.);
#5302 = ORIENTED_EDGE('',*,*,#317,.F.);
#5303 = CYLINDRICAL_SURFACE('',#5304,0.999999252925);
#5304 = AXIS2_PLACEMENT_3D('',#5305,#5306,#5307);
#5305 = CARTESIAN_POINT('',(89.500000747075,-103.500000747,0.));
#5306 = DIRECTION('',(0.,0.,-1.));
#5307 = DIRECTION('',(1.,7.47075720743E-07,0.));
#5308 = ADVANCED_FACE('',(#5309),#5320,.T.);
#5309 = FACE_BOUND('',#5310,.T.);
#5310 = EDGE_LOOP('',(#5311,#5312,#5313,#5319));
#5311 = ORIENTED_EDGE('',*,*,#5280,.T.);
#5312 = ORIENTED_EDGE('',*,*,#2595,.T.);
#5313 = ORIENTED_EDGE('',*,*,#5314,.F.);
#5314 = EDGE_CURVE('',#353,#2588,#5315,.T.);
#5315 = LINE('',#5316,#5317);
#5316 = CARTESIAN_POINT('',(126.,-126.,0.));
#5317 = VECTOR('',#5318,1.);
#5318 = DIRECTION('',(0.,0.,1.));
#5319 = ORIENTED_EDGE('',*,*,#360,.F.);
#5320 = CYLINDRICAL_SURFACE('',#5321,0.999999252925);
#5321 = AXIS2_PLACEMENT_3D('',#5322,#5323,#5324);
#5322 = CARTESIAN_POINT('',(126.99999925292,-126.000000747,0.));
#5323 = DIRECTION('',(0.,0.,-1.));
#5324 = DIRECTION('',(7.47075720743E-07,-1.,0.));
#5325 = ADVANCED_FACE('',(#5326),#5337,.F.);
#5326 = FACE_BOUND('',#5327,.T.);
#5327 = EDGE_LOOP('',(#5328,#5334,#5335,#5336));
#5328 = ORIENTED_EDGE('',*,*,#5329,.T.);
#5329 = EDGE_CURVE('',#327,#2562,#5330,.T.);
#5330 = LINE('',#5331,#5332);
#5331 = CARTESIAN_POINT('',(91.5,-102.5,0.));
#5332 = VECTOR('',#5333,1.);
#5333 = DIRECTION('',(0.,0.,1.));
#5334 = ORIENTED_EDGE('',*,*,#2561,.T.);
#5335 = ORIENTED_EDGE('',*,*,#5295,.F.);
#5336 = ORIENTED_EDGE('',*,*,#326,.F.);
#5337 = CYLINDRICAL_SURFACE('',#5338,0.999999252925);
#5338 = AXIS2_PLACEMENT_3D('',#5339,#5340,#5341);
#5339 = CARTESIAN_POINT('',(91.499999252925,-103.4999992529,0.));
#5340 = DIRECTION('',(-0.,-0.,-1.));
#5341 = DIRECTION('',(7.47075720743E-07,1.,-0.));
#5342 = ADVANCED_FACE('',(#5343),#5354,.T.);
#5343 = FACE_BOUND('',#5344,.T.);
#5344 = EDGE_LOOP('',(#5345,#5346,#5347,#5353));
#5345 = ORIENTED_EDGE('',*,*,#5314,.T.);
#5346 = ORIENTED_EDGE('',*,*,#2587,.T.);
#5347 = ORIENTED_EDGE('',*,*,#5348,.F.);
#5348 = EDGE_CURVE('',#344,#2579,#5349,.T.);
#5349 = LINE('',#5350,#5351);
#5350 = CARTESIAN_POINT('',(126.,-103.5,0.));
#5351 = VECTOR('',#5352,1.);
#5352 = DIRECTION('',(0.,0.,1.));
#5353 = ORIENTED_EDGE('',*,*,#352,.F.);
#5354 = PLANE('',#5355);
#5355 = AXIS2_PLACEMENT_3D('',#5356,#5357,#5358);
#5356 = CARTESIAN_POINT('',(126.,-126.,0.));
#5357 = DIRECTION('',(-1.,0.,0.));
#5358 = DIRECTION('',(0.,1.,0.));
#5359 = ADVANCED_FACE('',(#5360),#5371,.T.);
#5360 = FACE_BOUND('',#5361,.T.);
#5361 = EDGE_LOOP('',(#5362,#5368,#5369,#5370));
#5362 = ORIENTED_EDGE('',*,*,#5363,.T.);
#5363 = EDGE_CURVE('',#336,#2571,#5364,.T.);
#5364 = LINE('',#5365,#5366);
#5365 = CARTESIAN_POINT('',(125.,-102.5,0.));
#5366 = VECTOR('',#5367,1.);
#5367 = DIRECTION('',(0.,0.,1.));
#5368 = ORIENTED_EDGE('',*,*,#2570,.T.);
#5369 = ORIENTED_EDGE('',*,*,#5329,.F.);
#5370 = ORIENTED_EDGE('',*,*,#335,.F.);
#5371 = PLANE('',#5372);
#5372 = AXIS2_PLACEMENT_3D('',#5373,#5374,#5375);
#5373 = CARTESIAN_POINT('',(125.,-102.5,0.));
#5374 = DIRECTION('',(0.,-1.,0.));
#5375 = DIRECTION('',(-1.,0.,0.));
#5376 = ADVANCED_FACE('',(#5377),#5383,.F.);
#5377 = FACE_BOUND('',#5378,.T.);
#5378 = EDGE_LOOP('',(#5379,#5380,#5381,#5382));
#5379 = ORIENTED_EDGE('',*,*,#5348,.T.);
#5380 = ORIENTED_EDGE('',*,*,#2578,.T.);
#5381 = ORIENTED_EDGE('',*,*,#5363,.F.);
#5382 = ORIENTED_EDGE('',*,*,#343,.F.);
#5383 = CYLINDRICAL_SURFACE('',#5384,0.999999252925);
#5384 = AXIS2_PLACEMENT_3D('',#5385,#5386,#5387);
#5385 = CARTESIAN_POINT('',(125.00000074707,-103.4999992529,0.));
#5386 = DIRECTION('',(-0.,-0.,-1.));
#5387 = DIRECTION('',(1.,-7.47075720743E-07,0.));
#5388 = ADVANCED_FACE('',(#5389),#5400,.F.);
#5389 = FACE_BOUND('',#5390,.T.);
#5390 = EDGE_LOOP('',(#5391,#5392,#5398,#5399));
#5391 = ORIENTED_EDGE('',*,*,#539,.T.);
#5392 = ORIENTED_EDGE('',*,*,#5393,.T.);
#5393 = EDGE_CURVE('',#540,#2775,#5394,.T.);
#5394 = LINE('',#5395,#5396);
#5395 = CARTESIAN_POINT('',(45.89045,-123.475,-4.6E-02));
#5396 = VECTOR('',#5397,1.);
#5397 = DIRECTION('',(0.,0.,1.));
#5398 = ORIENTED_EDGE('',*,*,#2774,.F.);
#5399 = ORIENTED_EDGE('',*,*,#5393,.F.);
#5400 = CYLINDRICAL_SURFACE('',#5401,1.525);
#5401 = AXIS2_PLACEMENT_3D('',#5402,#5403,#5404);
#5402 = CARTESIAN_POINT('',(45.89045,-121.95,-4.6E-02));
#5403 = DIRECTION('',(-0.,-0.,-1.));
#5404 = DIRECTION('',(-0.,-1.,0.));
#5405 = ADVANCED_FACE('',(#5406),#5417,.F.);
#5406 = FACE_BOUND('',#5407,.T.);
#5407 = EDGE_LOOP('',(#5408,#5409,#5415,#5416));
#5408 = ORIENTED_EDGE('',*,*,#550,.T.);
#5409 = ORIENTED_EDGE('',*,*,#5410,.T.);
#5410 = EDGE_CURVE('',#551,#2786,#5411,.T.);
#5411 = LINE('',#5412,#5413);
#5412 = CARTESIAN_POINT('',(53.75,-124.71314,-4.6E-02));
#5413 = VECTOR('',#5414,1.);
#5414 = DIRECTION('',(0.,0.,1.));
#5415 = ORIENTED_EDGE('',*,*,#2785,.F.);
#5416 = ORIENTED_EDGE('',*,*,#5410,.F.);
#5417 = CYLINDRICAL_SURFACE('',#5418,0.95);
#5418 = AXIS2_PLACEMENT_3D('',#5419,#5420,#5421);
#5419 = CARTESIAN_POINT('',(53.75,-123.76314,-4.6E-02));
#5420 = DIRECTION('',(-0.,-0.,-1.));
#5421 = DIRECTION('',(-0.,-1.,0.));
#5422 = ADVANCED_FACE('',(#5423),#5434,.F.);
#5423 = FACE_BOUND('',#5424,.T.);
#5424 = EDGE_LOOP('',(#5425,#5426,#5432,#5433));
#5425 = ORIENTED_EDGE('',*,*,#561,.T.);
#5426 = ORIENTED_EDGE('',*,*,#5427,.T.);
#5427 = EDGE_CURVE('',#562,#2797,#5428,.T.);
#5428 = LINE('',#5429,#5430);
#5429 = CARTESIAN_POINT('',(57.960031,-121.555127,-4.6E-02));
#5430 = VECTOR('',#5431,1.);
#5431 = DIRECTION('',(0.,0.,1.));
#5432 = ORIENTED_EDGE('',*,*,#2796,.F.);
#5433 = ORIENTED_EDGE('',*,*,#5427,.F.);
#5434 = CYLINDRICAL_SURFACE('',#5435,0.8);
#5435 = AXIS2_PLACEMENT_3D('',#5436,#5437,#5438);
#5436 = CARTESIAN_POINT('',(57.960031,-120.755127,-4.6E-02));
#5437 = DIRECTION('',(-0.,-0.,-1.));
#5438 = DIRECTION('',(-0.,-1.,0.));
#5439 = ADVANCED_FACE('',(#5440),#5451,.F.);
#5440 = FACE_BOUND('',#5441,.T.);
#5441 = EDGE_LOOP('',(#5442,#5443,#5449,#5450));
#5442 = ORIENTED_EDGE('',*,*,#572,.T.);
#5443 = ORIENTED_EDGE('',*,*,#5444,.T.);
#5444 = EDGE_CURVE('',#573,#2808,#5445,.T.);
#5445 = LINE('',#5446,#5447);
#5446 = CARTESIAN_POINT('',(51.,-121.525,-4.6E-02));
#5447 = VECTOR('',#5448,1.);
#5448 = DIRECTION('',(0.,0.,1.));
#5449 = ORIENTED_EDGE('',*,*,#2807,.F.);
#5450 = ORIENTED_EDGE('',*,*,#5444,.F.);
#5451 = CYLINDRICAL_SURFACE('',#5452,2.525);
#5452 = AXIS2_PLACEMENT_3D('',#5453,#5454,#5455);
#5453 = CARTESIAN_POINT('',(51.,-119.,-4.6E-02));
#5454 = DIRECTION('',(-0.,-0.,-1.));
#5455 = DIRECTION('',(-0.,-1.,0.));
#5456 = ADVANCED_FACE('',(#5457),#5468,.F.);
#5457 = FACE_BOUND('',#5458,.T.);
#5458 = EDGE_LOOP('',(#5459,#5460,#5466,#5467));
#5459 = ORIENTED_EDGE('',*,*,#583,.T.);
#5460 = ORIENTED_EDGE('',*,*,#5461,.T.);
#5461 = EDGE_CURVE('',#584,#2819,#5462,.T.);
#5462 = LINE('',#5463,#5464);
#5463 = CARTESIAN_POINT('',(45.209103,-118.094873,-4.6E-02));
#5464 = VECTOR('',#5465,1.);
#5465 = DIRECTION('',(0.,0.,1.));
#5466 = ORIENTED_EDGE('',*,*,#2818,.F.);
#5467 = ORIENTED_EDGE('',*,*,#5461,.F.);
#5468 = CYLINDRICAL_SURFACE('',#5469,1.525);
#5469 = AXIS2_PLACEMENT_3D('',#5470,#5471,#5472);
#5470 = CARTESIAN_POINT('',(45.209103,-116.569873,-4.6E-02));
#5471 = DIRECTION('',(-0.,-0.,-1.));
#5472 = DIRECTION('',(-0.,-1.,0.));
#5473 = ADVANCED_FACE('',(#5474),#5485,.F.);
#5474 = FACE_BOUND('',#5475,.T.);
#5475 = EDGE_LOOP('',(#5476,#5477,#5483,#5484));
#5476 = ORIENTED_EDGE('',*,*,#594,.T.);
#5477 = ORIENTED_EDGE('',*,*,#5478,.T.);
#5478 = EDGE_CURVE('',#595,#2830,#5479,.T.);
#5479 = LINE('',#5480,#5481);
#5480 = CARTESIAN_POINT('',(67.153883,-121.989613,-4.6E-02));
#5481 = VECTOR('',#5482,1.);
#5482 = DIRECTION('',(0.,0.,1.));
#5483 = ORIENTED_EDGE('',*,*,#2829,.F.);
#5484 = ORIENTED_EDGE('',*,*,#5478,.F.);
#5485 = CYLINDRICAL_SURFACE('',#5486,1.525);
#5486 = AXIS2_PLACEMENT_3D('',#5487,#5488,#5489);
#5487 = CARTESIAN_POINT('',(67.153883,-120.464613,-4.6E-02));
#5488 = DIRECTION('',(-0.,-0.,-1.));
#5489 = DIRECTION('',(-9.31859325587E-15,-1.,0.));
#5490 = ADVANCED_FACE('',(#5491),#5502,.F.);
#5491 = FACE_BOUND('',#5492,.T.);
#5492 = EDGE_LOOP('',(#5493,#5494,#5500,#5501));
#5493 = ORIENTED_EDGE('',*,*,#605,.T.);
#5494 = ORIENTED_EDGE('',*,*,#5495,.T.);
#5495 = EDGE_CURVE('',#606,#2841,#5496,.T.);
#5496 = LINE('',#5497,#5498);
#5497 = CARTESIAN_POINT('',(72.527032,-122.723962,-4.6E-02));
#5498 = VECTOR('',#5499,1.);
#5499 = DIRECTION('',(0.,0.,1.));
#5500 = ORIENTED_EDGE('',*,*,#2840,.F.);
#5501 = ORIENTED_EDGE('',*,*,#5495,.F.);
#5502 = CYLINDRICAL_SURFACE('',#5503,1.525);
#5503 = AXIS2_PLACEMENT_3D('',#5504,#5505,#5506);
#5504 = CARTESIAN_POINT('',(72.527032,-121.198962,-4.6E-02));
#5505 = DIRECTION('',(-0.,0.,-1.));
#5506 = DIRECTION('',(9.31859325587E-15,-1.,-0.));
#5507 = ADVANCED_FACE('',(#5508),#5519,.F.);
#5508 = FACE_BOUND('',#5509,.T.);
#5509 = EDGE_LOOP('',(#5510,#5511,#5517,#5518));
#5510 = ORIENTED_EDGE('',*,*,#616,.T.);
#5511 = ORIENTED_EDGE('',*,*,#5512,.T.);
#5512 = EDGE_CURVE('',#617,#2852,#5513,.T.);
#5513 = LINE('',#5514,#5515);
#5514 = CARTESIAN_POINT('',(65.687408,-117.873505,-4.6E-02));
#5515 = VECTOR('',#5516,1.);
#5516 = DIRECTION('',(0.,0.,1.));
#5517 = ORIENTED_EDGE('',*,*,#2851,.F.);
#5518 = ORIENTED_EDGE('',*,*,#5512,.F.);
#5519 = CYLINDRICAL_SURFACE('',#5520,0.95);
#5520 = AXIS2_PLACEMENT_3D('',#5521,#5522,#5523);
#5521 = CARTESIAN_POINT('',(65.687408,-116.923505,-4.6E-02));
#5522 = DIRECTION('',(-0.,-0.,-1.));
#5523 = DIRECTION('',(-0.,-1.,0.));
#5524 = ADVANCED_FACE('',(#5525),#5536,.F.);
#5525 = FACE_BOUND('',#5526,.T.);
#5526 = EDGE_LOOP('',(#5527,#5528,#5534,#5535));
#5527 = ORIENTED_EDGE('',*,*,#627,.T.);
#5528 = ORIENTED_EDGE('',*,*,#5529,.T.);
#5529 = EDGE_CURVE('',#628,#2863,#5530,.T.);
#5530 = LINE('',#5531,#5532);
#5531 = CARTESIAN_POINT('',(71.,-118.025,-4.6E-02));
#5532 = VECTOR('',#5533,1.);
#5533 = DIRECTION('',(0.,0.,1.));
#5534 = ORIENTED_EDGE('',*,*,#2862,.F.);
#5535 = ORIENTED_EDGE('',*,*,#5529,.F.);
#5536 = CYLINDRICAL_SURFACE('',#5537,2.525);
#5537 = AXIS2_PLACEMENT_3D('',#5538,#5539,#5540);
#5538 = CARTESIAN_POINT('',(71.,-115.5,-4.6E-02));
#5539 = DIRECTION('',(-0.,-0.,-1.));
#5540 = DIRECTION('',(-0.,-1.,0.));
#5541 = ADVANCED_FACE('',(#5542),#5553,.F.);
#5542 = FACE_BOUND('',#5543,.T.);
#5543 = EDGE_LOOP('',(#5544,#5545,#5551,#5552));
#5544 = ORIENTED_EDGE('',*,*,#638,.T.);
#5545 = ORIENTED_EDGE('',*,*,#5546,.T.);
#5546 = EDGE_CURVE('',#639,#2874,#5547,.T.);
#5547 = LINE('',#5548,#5549);
#5548 = CARTESIAN_POINT('',(48.25,-115.18686,-4.6E-02));
#5549 = VECTOR('',#5550,1.);
#5550 = DIRECTION('',(0.,0.,1.));
#5551 = ORIENTED_EDGE('',*,*,#2873,.F.);
#5552 = ORIENTED_EDGE('',*,*,#5546,.F.);
#5553 = CYLINDRICAL_SURFACE('',#5554,0.95);
#5554 = AXIS2_PLACEMENT_3D('',#5555,#5556,#5557);
#5555 = CARTESIAN_POINT('',(48.25,-114.23686,-4.6E-02));
#5556 = DIRECTION('',(-0.,-0.,-1.));
#5557 = DIRECTION('',(-0.,-1.,0.));
#5558 = ADVANCED_FACE('',(#5559),#5570,.F.);
#5559 = FACE_BOUND('',#5560,.T.);
#5560 = EDGE_LOOP('',(#5561,#5562,#5568,#5569));
#5561 = ORIENTED_EDGE('',*,*,#649,.T.);
#5562 = ORIENTED_EDGE('',*,*,#5563,.T.);
#5563 = EDGE_CURVE('',#650,#2885,#5564,.T.);
#5564 = LINE('',#5565,#5566);
#5565 = CARTESIAN_POINT('',(58.,-109.65,-4.6E-02));
#5566 = VECTOR('',#5567,1.);
#5567 = DIRECTION('',(0.,0.,1.));
#5568 = ORIENTED_EDGE('',*,*,#2884,.F.);
#5569 = ORIENTED_EDGE('',*,*,#5563,.F.);
#5570 = CYLINDRICAL_SURFACE('',#5571,2.15);
#5571 = AXIS2_PLACEMENT_3D('',#5572,#5573,#5574);
#5572 = CARTESIAN_POINT('',(58.,-107.5,-4.6E-02));
#5573 = DIRECTION('',(-0.,-0.,-1.));
#5574 = DIRECTION('',(-0.,-1.,0.));
#5575 = ADVANCED_FACE('',(#5576),#5587,.F.);
#5576 = FACE_BOUND('',#5577,.T.);
#5577 = EDGE_LOOP('',(#5578,#5579,#5585,#5586));
#5578 = ORIENTED_EDGE('',*,*,#660,.T.);
#5579 = ORIENTED_EDGE('',*,*,#5580,.T.);
#5580 = EDGE_CURVE('',#661,#2896,#5581,.T.);
#5581 = LINE('',#5582,#5583);
#5582 = CARTESIAN_POINT('',(76.312592,-115.026495,-4.6E-02));
#5583 = VECTOR('',#5584,1.);
#5584 = DIRECTION('',(0.,0.,1.));
#5585 = ORIENTED_EDGE('',*,*,#2895,.F.);
#5586 = ORIENTED_EDGE('',*,*,#5580,.F.);
#5587 = CYLINDRICAL_SURFACE('',#5588,0.95);
#5588 = AXIS2_PLACEMENT_3D('',#5589,#5590,#5591);
#5589 = CARTESIAN_POINT('',(76.312592,-114.076495,-4.6E-02));
#5590 = DIRECTION('',(-0.,-0.,-1.));
#5591 = DIRECTION('',(-0.,-1.,0.));
#5592 = ADVANCED_FACE('',(#5593),#5604,.F.);
#5593 = FACE_BOUND('',#5594,.T.);
#5594 = EDGE_LOOP('',(#5595,#5596,#5602,#5603));
#5595 = ORIENTED_EDGE('',*,*,#671,.T.);
#5596 = ORIENTED_EDGE('',*,*,#5597,.T.);
#5597 = EDGE_CURVE('',#672,#2907,#5598,.T.);
#5598 = LINE('',#5599,#5600);
#5599 = CARTESIAN_POINT('',(74.496711,-110.031387,-4.6E-02));
#5600 = VECTOR('',#5601,1.);
#5601 = DIRECTION('',(0.,0.,1.));
#5602 = ORIENTED_EDGE('',*,*,#2906,.F.);
#5603 = ORIENTED_EDGE('',*,*,#5597,.F.);
#5604 = CYLINDRICAL_SURFACE('',#5605,0.8);
#5605 = AXIS2_PLACEMENT_3D('',#5606,#5607,#5608);
#5606 = CARTESIAN_POINT('',(74.496711,-109.231387,-4.6E-02));
#5607 = DIRECTION('',(-0.,-0.,-1.));
#5608 = DIRECTION('',(-0.,-1.,0.));
#5609 = ADVANCED_FACE('',(#5610),#5621,.F.);
#5610 = FACE_BOUND('',#5611,.T.);
#5611 = EDGE_LOOP('',(#5612,#5613,#5619,#5620));
#5612 = ORIENTED_EDGE('',*,*,#682,.T.);
#5613 = ORIENTED_EDGE('',*,*,#5614,.T.);
#5614 = EDGE_CURVE('',#683,#2918,#5615,.T.);
#5615 = LINE('',#5616,#5617);
#5616 = CARTESIAN_POINT('',(75.,-99.825,-4.6E-02));
#5617 = VECTOR('',#5618,1.);
#5618 = DIRECTION('',(0.,0.,1.));
#5619 = ORIENTED_EDGE('',*,*,#2917,.F.);
#5620 = ORIENTED_EDGE('',*,*,#5614,.F.);
#5621 = CYLINDRICAL_SURFACE('',#5622,1.525);
#5622 = AXIS2_PLACEMENT_3D('',#5623,#5624,#5625);
#5623 = CARTESIAN_POINT('',(75.,-98.3,-4.6E-02));
#5624 = DIRECTION('',(-0.,-0.,-1.));
#5625 = DIRECTION('',(-0.,-1.,0.));
#5626 = ADVANCED_FACE('',(#5627),#5638,.F.);
#5627 = FACE_BOUND('',#5628,.T.);
#5628 = EDGE_LOOP('',(#5629,#5630,#5636,#5637));
#5629 = ORIENTED_EDGE('',*,*,#693,.T.);
#5630 = ORIENTED_EDGE('',*,*,#5631,.T.);
#5631 = EDGE_CURVE('',#694,#2929,#5632,.T.);
#5632 = LINE('',#5633,#5634);
#5633 = CARTESIAN_POINT('',(55.145,-89.4,-4.6E-02));
#5634 = VECTOR('',#5635,1.);
#5635 = DIRECTION('',(0.,0.,1.));
#5636 = ORIENTED_EDGE('',*,*,#2928,.F.);
#5637 = ORIENTED_EDGE('',*,*,#5631,.F.);
#5638 = CYLINDRICAL_SURFACE('',#5639,0.4);
#5639 = AXIS2_PLACEMENT_3D('',#5640,#5641,#5642);
#5640 = CARTESIAN_POINT('',(55.145,-89.,-4.6E-02));
#5641 = DIRECTION('',(-0.,0.,-1.));
#5642 = DIRECTION('',(1.7763568394E-14,-1.,-0.));
#5643 = ADVANCED_FACE('',(#5644),#5655,.F.);
#5644 = FACE_BOUND('',#5645,.T.);
#5645 = EDGE_LOOP('',(#5646,#5647,#5653,#5654));
#5646 = ORIENTED_EDGE('',*,*,#704,.T.);
#5647 = ORIENTED_EDGE('',*,*,#5648,.T.);
#5648 = EDGE_CURVE('',#705,#2940,#5649,.T.);
#5649 = LINE('',#5650,#5651);
#5650 = CARTESIAN_POINT('',(57.685,-89.4,-4.6E-02));
#5651 = VECTOR('',#5652,1.);
#5652 = DIRECTION('',(0.,0.,1.));
#5653 = ORIENTED_EDGE('',*,*,#2939,.F.);
#5654 = ORIENTED_EDGE('',*,*,#5648,.F.);
#5655 = CYLINDRICAL_SURFACE('',#5656,0.4);
#5656 = AXIS2_PLACEMENT_3D('',#5657,#5658,#5659);
#5657 = CARTESIAN_POINT('',(57.685,-89.,-4.6E-02));
#5658 = DIRECTION('',(-0.,-0.,-1.));
#5659 = DIRECTION('',(-0.,-1.,0.));
#5660 = ADVANCED_FACE('',(#5661),#5672,.F.);
#5661 = FACE_BOUND('',#5662,.T.);
#5662 = EDGE_LOOP('',(#5663,#5664,#5670,#5671));
#5663 = ORIENTED_EDGE('',*,*,#715,.T.);
#5664 = ORIENTED_EDGE('',*,*,#5665,.T.);
#5665 = EDGE_CURVE('',#716,#2951,#5666,.T.);
#5666 = LINE('',#5667,#5668);
#5667 = CARTESIAN_POINT('',(60.225,-89.4,-4.6E-02));
#5668 = VECTOR('',#5669,1.);
#5669 = DIRECTION('',(0.,0.,1.));
#5670 = ORIENTED_EDGE('',*,*,#2950,.F.);
#5671 = ORIENTED_EDGE('',*,*,#5665,.F.);
#5672 = CYLINDRICAL_SURFACE('',#5673,0.4);
#5673 = AXIS2_PLACEMENT_3D('',#5674,#5675,#5676);
#5674 = CARTESIAN_POINT('',(60.225,-89.,-4.6E-02));
#5675 = DIRECTION('',(-0.,-0.,-1.));
#5676 = DIRECTION('',(-0.,-1.,0.));
#5677 = ADVANCED_FACE('',(#5678),#5689,.F.);
#5678 = FACE_BOUND('',#5679,.T.);
#5679 = EDGE_LOOP('',(#5680,#5681,#5687,#5688));
#5680 = ORIENTED_EDGE('',*,*,#726,.T.);
#5681 = ORIENTED_EDGE('',*,*,#5682,.T.);
#5682 = EDGE_CURVE('',#727,#2962,#5683,.T.);
#5683 = LINE('',#5684,#5685);
#5684 = CARTESIAN_POINT('',(74.5,-95.45,-4.6E-02));
#5685 = VECTOR('',#5686,1.);
#5686 = DIRECTION('',(0.,0.,1.));
#5687 = ORIENTED_EDGE('',*,*,#2961,.F.);
#5688 = ORIENTED_EDGE('',*,*,#5682,.F.);
#5689 = CYLINDRICAL_SURFACE('',#5690,0.95);
#5690 = AXIS2_PLACEMENT_3D('',#5691,#5692,#5693);
#5691 = CARTESIAN_POINT('',(74.5,-94.5,-4.6E-02));
#5692 = DIRECTION('',(-0.,-0.,-1.));
#5693 = DIRECTION('',(-0.,-1.,0.));
#5694 = ADVANCED_FACE('',(#5695),#5706,.F.);
#5695 = FACE_BOUND('',#5696,.T.);
#5696 = EDGE_LOOP('',(#5697,#5698,#5704,#5705));
#5697 = ORIENTED_EDGE('',*,*,#737,.T.);
#5698 = ORIENTED_EDGE('',*,*,#5699,.T.);
#5699 = EDGE_CURVE('',#738,#2973,#5700,.T.);
#5700 = LINE('',#5701,#5702);
#5701 = CARTESIAN_POINT('',(62.765,-89.4,-4.6E-02));
#5702 = VECTOR('',#5703,1.);
#5703 = DIRECTION('',(0.,0.,1.));
#5704 = ORIENTED_EDGE('',*,*,#2972,.F.);
#5705 = ORIENTED_EDGE('',*,*,#5699,.F.);
#5706 = CYLINDRICAL_SURFACE('',#5707,0.4);
#5707 = AXIS2_PLACEMENT_3D('',#5708,#5709,#5710);
#5708 = CARTESIAN_POINT('',(62.765,-89.,-4.6E-02));
#5709 = DIRECTION('',(-0.,-0.,-1.));
#5710 = DIRECTION('',(-0.,-1.,0.));
#5711 = ADVANCED_FACE('',(#5712),#5723,.F.);
#5712 = FACE_BOUND('',#5713,.T.);
#5713 = EDGE_LOOP('',(#5714,#5715,#5721,#5722));
#5714 = ORIENTED_EDGE('',*,*,#748,.T.);
#5715 = ORIENTED_EDGE('',*,*,#5716,.T.);
#5716 = EDGE_CURVE('',#749,#2984,#5717,.T.);
#5717 = LINE('',#5718,#5719);
#5718 = CARTESIAN_POINT('',(65.305,-89.4,-4.6E-02));
#5719 = VECTOR('',#5720,1.);
#5720 = DIRECTION('',(0.,0.,1.));
#5721 = ORIENTED_EDGE('',*,*,#2983,.F.);
#5722 = ORIENTED_EDGE('',*,*,#5716,.F.);
#5723 = CYLINDRICAL_SURFACE('',#5724,0.4);
#5724 = AXIS2_PLACEMENT_3D('',#5725,#5726,#5727);
#5725 = CARTESIAN_POINT('',(65.305,-89.,-4.6E-02));
#5726 = DIRECTION('',(-0.,-0.,-1.));
#5727 = DIRECTION('',(-0.,-1.,0.));
#5728 = ADVANCED_FACE('',(#5729),#5740,.F.);
#5729 = FACE_BOUND('',#5730,.T.);
#5730 = EDGE_LOOP('',(#5731,#5732,#5738,#5739));
#5731 = ORIENTED_EDGE('',*,*,#759,.T.);
#5732 = ORIENTED_EDGE('',*,*,#5733,.T.);
#5733 = EDGE_CURVE('',#760,#2995,#5734,.T.);
#5734 = LINE('',#5735,#5736);
#5735 = CARTESIAN_POINT('',(80.,-101.925,-4.6E-02));
#5736 = VECTOR('',#5737,1.);
#5737 = DIRECTION('',(0.,0.,1.));
#5738 = ORIENTED_EDGE('',*,*,#2994,.F.);
#5739 = ORIENTED_EDGE('',*,*,#5733,.F.);
#5740 = CYLINDRICAL_SURFACE('',#5741,1.525);
#5741 = AXIS2_PLACEMENT_3D('',#5742,#5743,#5744);
#5742 = CARTESIAN_POINT('',(80.,-100.4,-4.6E-02));
#5743 = DIRECTION('',(-0.,-0.,-1.));
#5744 = DIRECTION('',(-0.,-1.,0.));
#5745 = ADVANCED_FACE('',(#5746),#5757,.F.);
#5746 = FACE_BOUND('',#5747,.T.);
#5747 = EDGE_LOOP('',(#5748,#5749,#5755,#5756));
#5748 = ORIENTED_EDGE('',*,*,#770,.T.);
#5749 = ORIENTED_EDGE('',*,*,#5750,.T.);
#5750 = EDGE_CURVE('',#771,#3006,#5751,.T.);
#5751 = LINE('',#5752,#5753);
#5752 = CARTESIAN_POINT('',(93.,-97.825,-4.6E-02));
#5753 = VECTOR('',#5754,1.);
#5754 = DIRECTION('',(0.,0.,1.));
#5755 = ORIENTED_EDGE('',*,*,#3005,.F.);
#5756 = ORIENTED_EDGE('',*,*,#5750,.F.);
#5757 = CYLINDRICAL_SURFACE('',#5758,1.525);
#5758 = AXIS2_PLACEMENT_3D('',#5759,#5760,#5761);
#5759 = CARTESIAN_POINT('',(93.,-96.3,-4.6E-02));
#5760 = DIRECTION('',(-0.,-0.,-1.));
#5761 = DIRECTION('',(-0.,-1.,0.));
#5762 = ADVANCED_FACE('',(#5763),#5774,.F.);
#5763 = FACE_BOUND('',#5764,.T.);
#5764 = EDGE_LOOP('',(#5765,#5766,#5772,#5773));
#5765 = ORIENTED_EDGE('',*,*,#781,.T.);
#5766 = ORIENTED_EDGE('',*,*,#5767,.T.);
#5767 = EDGE_CURVE('',#782,#3017,#5768,.T.);
#5768 = LINE('',#5769,#5770);
#5769 = CARTESIAN_POINT('',(98.,-99.925,-4.6E-02));
#5770 = VECTOR('',#5771,1.);
#5771 = DIRECTION('',(0.,0.,1.));
#5772 = ORIENTED_EDGE('',*,*,#3016,.F.);
#5773 = ORIENTED_EDGE('',*,*,#5767,.F.);
#5774 = CYLINDRICAL_SURFACE('',#5775,1.525);
#5775 = AXIS2_PLACEMENT_3D('',#5776,#5777,#5778);
#5776 = CARTESIAN_POINT('',(98.,-98.4,-4.6E-02));
#5777 = DIRECTION('',(-0.,-0.,-1.));
#5778 = DIRECTION('',(-0.,-1.,0.));
#5779 = ADVANCED_FACE('',(#5780),#5791,.F.);
#5780 = FACE_BOUND('',#5781,.T.);
#5781 = EDGE_LOOP('',(#5782,#5783,#5789,#5790));
#5782 = ORIENTED_EDGE('',*,*,#792,.T.);
#5783 = ORIENTED_EDGE('',*,*,#5784,.T.);
#5784 = EDGE_CURVE('',#793,#3028,#5785,.T.);
#5785 = LINE('',#5786,#5787);
#5786 = CARTESIAN_POINT('',(80.,-97.025,-4.6E-02));
#5787 = VECTOR('',#5788,1.);
#5788 = DIRECTION('',(0.,0.,1.));
#5789 = ORIENTED_EDGE('',*,*,#3027,.F.);
#5790 = ORIENTED_EDGE('',*,*,#5784,.F.);
#5791 = CYLINDRICAL_SURFACE('',#5792,2.525);
#5792 = AXIS2_PLACEMENT_3D('',#5793,#5794,#5795);
#5793 = CARTESIAN_POINT('',(80.,-94.5,-4.6E-02));
#5794 = DIRECTION('',(-0.,-0.,-1.));
#5795 = DIRECTION('',(-0.,-1.,0.));
#5796 = ADVANCED_FACE('',(#5797),#5808,.F.);
#5797 = FACE_BOUND('',#5798,.T.);
#5798 = EDGE_LOOP('',(#5799,#5800,#5806,#5807));
#5799 = ORIENTED_EDGE('',*,*,#803,.T.);
#5800 = ORIENTED_EDGE('',*,*,#5801,.T.);
#5801 = EDGE_CURVE('',#804,#3039,#5802,.T.);
#5802 = LINE('',#5803,#5804);
#5803 = CARTESIAN_POINT('',(85.5,-95.45,-4.6E-02));
#5804 = VECTOR('',#5805,1.);
#5805 = DIRECTION('',(0.,0.,1.));
#5806 = ORIENTED_EDGE('',*,*,#3038,.F.);
#5807 = ORIENTED_EDGE('',*,*,#5801,.F.);
#5808 = CYLINDRICAL_SURFACE('',#5809,0.95);
#5809 = AXIS2_PLACEMENT_3D('',#5810,#5811,#5812);
#5810 = CARTESIAN_POINT('',(85.5,-94.5,-4.6E-02));
#5811 = DIRECTION('',(-0.,-0.,-1.));
#5812 = DIRECTION('',(-0.,-1.,0.));
#5813 = ADVANCED_FACE('',(#5814),#5825,.F.);
#5814 = FACE_BOUND('',#5815,.T.);
#5815 = EDGE_LOOP('',(#5816,#5817,#5823,#5824));
#5816 = ORIENTED_EDGE('',*,*,#814,.T.);
#5817 = ORIENTED_EDGE('',*,*,#5818,.T.);
#5818 = EDGE_CURVE('',#815,#3050,#5819,.T.);
#5819 = LINE('',#5820,#5821);
#5820 = CARTESIAN_POINT('',(92.5,-93.45,-4.6E-02));
#5821 = VECTOR('',#5822,1.);
#5822 = DIRECTION('',(0.,0.,1.));
#5823 = ORIENTED_EDGE('',*,*,#3049,.F.);
#5824 = ORIENTED_EDGE('',*,*,#5818,.F.);
#5825 = CYLINDRICAL_SURFACE('',#5826,0.95);
#5826 = AXIS2_PLACEMENT_3D('',#5827,#5828,#5829);
#5827 = CARTESIAN_POINT('',(92.5,-92.5,-4.6E-02));
#5828 = DIRECTION('',(-0.,-0.,-1.));
#5829 = DIRECTION('',(-0.,-1.,0.));
#5830 = ADVANCED_FACE('',(#5831),#5842,.F.);
#5831 = FACE_BOUND('',#5832,.T.);
#5832 = EDGE_LOOP('',(#5833,#5834,#5840,#5841));
#5833 = ORIENTED_EDGE('',*,*,#825,.T.);
#5834 = ORIENTED_EDGE('',*,*,#5835,.T.);
#5835 = EDGE_CURVE('',#826,#3061,#5836,.T.);
#5836 = LINE('',#5837,#5838);
#5837 = CARTESIAN_POINT('',(85.,-90.15,-4.6E-02));
#5838 = VECTOR('',#5839,1.);
#5839 = DIRECTION('',(0.,0.,1.));
#5840 = ORIENTED_EDGE('',*,*,#3060,.F.);
#5841 = ORIENTED_EDGE('',*,*,#5835,.F.);
#5842 = CYLINDRICAL_SURFACE('',#5843,0.8);
#5843 = AXIS2_PLACEMENT_3D('',#5844,#5845,#5846);
#5844 = CARTESIAN_POINT('',(85.,-89.35,-4.6E-02));
#5845 = DIRECTION('',(-0.,-0.,-1.));
#5846 = DIRECTION('',(-0.,-1.,0.));
#5847 = ADVANCED_FACE('',(#5848),#5859,.F.);
#5848 = FACE_BOUND('',#5849,.T.);
#5849 = EDGE_LOOP('',(#5850,#5851,#5857,#5858));
#5850 = ORIENTED_EDGE('',*,*,#836,.T.);
#5851 = ORIENTED_EDGE('',*,*,#5852,.T.);
#5852 = EDGE_CURVE('',#837,#3072,#5853,.T.);
#5853 = LINE('',#5854,#5855);
#5854 = CARTESIAN_POINT('',(98.,-95.025,-4.6E-02));
#5855 = VECTOR('',#5856,1.);
#5856 = DIRECTION('',(0.,0.,1.));
#5857 = ORIENTED_EDGE('',*,*,#3071,.F.);
#5858 = ORIENTED_EDGE('',*,*,#5852,.F.);
#5859 = CYLINDRICAL_SURFACE('',#5860,2.525);
#5860 = AXIS2_PLACEMENT_3D('',#5861,#5862,#5863);
#5861 = CARTESIAN_POINT('',(98.,-92.5,-4.6E-02));
#5862 = DIRECTION('',(-0.,-0.,-1.));
#5863 = DIRECTION('',(-0.,-1.,0.));
#5864 = ADVANCED_FACE('',(#5865),#5876,.F.);
#5865 = FACE_BOUND('',#5866,.T.);
#5866 = EDGE_LOOP('',(#5867,#5868,#5874,#5875));
#5867 = ORIENTED_EDGE('',*,*,#847,.T.);
#5868 = ORIENTED_EDGE('',*,*,#5869,.T.);
#5869 = EDGE_CURVE('',#848,#3083,#5870,.T.);
#5870 = LINE('',#5871,#5872);
#5871 = CARTESIAN_POINT('',(103.5,-93.45,-4.6E-02));
#5872 = VECTOR('',#5873,1.);
#5873 = DIRECTION('',(0.,0.,1.));
#5874 = ORIENTED_EDGE('',*,*,#3082,.F.);
#5875 = ORIENTED_EDGE('',*,*,#5869,.F.);
#5876 = CYLINDRICAL_SURFACE('',#5877,0.95);
#5877 = AXIS2_PLACEMENT_3D('',#5878,#5879,#5880);
#5878 = CARTESIAN_POINT('',(103.5,-92.5,-4.6E-02));
#5879 = DIRECTION('',(-0.,-0.,-1.));
#5880 = DIRECTION('',(-0.,-1.,0.));
#5881 = ADVANCED_FACE('',(#5882),#5893,.F.);
#5882 = FACE_BOUND('',#5883,.T.);
#5883 = EDGE_LOOP('',(#5884,#5885,#5891,#5892));
#5884 = ORIENTED_EDGE('',*,*,#858,.T.);
#5885 = ORIENTED_EDGE('',*,*,#5886,.T.);
#5886 = EDGE_CURVE('',#859,#3094,#5887,.T.);
#5887 = LINE('',#5888,#5889);
#5888 = CARTESIAN_POINT('',(103.,-88.15,-4.6E-02));
#5889 = VECTOR('',#5890,1.);
#5890 = DIRECTION('',(0.,0.,1.));
#5891 = ORIENTED_EDGE('',*,*,#3093,.F.);
#5892 = ORIENTED_EDGE('',*,*,#5886,.F.);
#5893 = CYLINDRICAL_SURFACE('',#5894,0.8);
#5894 = AXIS2_PLACEMENT_3D('',#5895,#5896,#5897);
#5895 = CARTESIAN_POINT('',(103.,-87.35,-4.6E-02));
#5896 = DIRECTION('',(-0.,-0.,-1.));
#5897 = DIRECTION('',(-0.,-1.,0.));
#5898 = ADVANCED_FACE('',(#5899),#5910,.F.);
#5899 = FACE_BOUND('',#5900,.T.);
#5900 = EDGE_LOOP('',(#5901,#5902,#5908,#5909));
#5901 = ORIENTED_EDGE('',*,*,#869,.T.);
#5902 = ORIENTED_EDGE('',*,*,#5903,.T.);
#5903 = EDGE_CURVE('',#870,#3105,#5904,.T.);
#5904 = LINE('',#5905,#5906);
#5905 = CARTESIAN_POINT('',(129.,-124.44,-4.6E-02));
#5906 = VECTOR('',#5907,1.);
#5907 = DIRECTION('',(0.,0.,1.));
#5908 = ORIENTED_EDGE('',*,*,#3104,.F.);
#5909 = ORIENTED_EDGE('',*,*,#5903,.F.);
#5910 = CYLINDRICAL_SURFACE('',#5911,0.5);
#5911 = AXIS2_PLACEMENT_3D('',#5912,#5913,#5914);
#5912 = CARTESIAN_POINT('',(129.,-123.94,-4.6E-02));
#5913 = DIRECTION('',(-0.,-0.,-1.));
#5914 = DIRECTION('',(-0.,-1.,0.));
#5915 = ADVANCED_FACE('',(#5916),#5927,.F.);
#5916 = FACE_BOUND('',#5917,.T.);
#5917 = EDGE_LOOP('',(#5918,#5919,#5925,#5926));
#5918 = ORIENTED_EDGE('',*,*,#880,.T.);
#5919 = ORIENTED_EDGE('',*,*,#5920,.T.);
#5920 = EDGE_CURVE('',#881,#3116,#5921,.T.);
#5921 = LINE('',#5922,#5923);
#5922 = CARTESIAN_POINT('',(129.,-121.9,-4.6E-02));
#5923 = VECTOR('',#5924,1.);
#5924 = DIRECTION('',(0.,0.,1.));
#5925 = ORIENTED_EDGE('',*,*,#3115,.F.);
#5926 = ORIENTED_EDGE('',*,*,#5920,.F.);
#5927 = CYLINDRICAL_SURFACE('',#5928,0.5);
#5928 = AXIS2_PLACEMENT_3D('',#5929,#5930,#5931);
#5929 = CARTESIAN_POINT('',(129.,-121.4,-4.6E-02));
#5930 = DIRECTION('',(-0.,-0.,-1.));
#5931 = DIRECTION('',(-0.,-1.,0.));
#5932 = ADVANCED_FACE('',(#5933),#5944,.F.);
#5933 = FACE_BOUND('',#5934,.T.);
#5934 = EDGE_LOOP('',(#5935,#5936,#5942,#5943));
#5935 = ORIENTED_EDGE('',*,*,#891,.T.);
#5936 = ORIENTED_EDGE('',*,*,#5937,.T.);
#5937 = EDGE_CURVE('',#892,#3127,#5938,.T.);
#5938 = LINE('',#5939,#5940);
#5939 = CARTESIAN_POINT('',(129.,-119.36,-4.6E-02));
#5940 = VECTOR('',#5941,1.);
#5941 = DIRECTION('',(0.,0.,1.));
#5942 = ORIENTED_EDGE('',*,*,#3126,.F.);
#5943 = ORIENTED_EDGE('',*,*,#5937,.F.);
#5944 = CYLINDRICAL_SURFACE('',#5945,0.5);
#5945 = AXIS2_PLACEMENT_3D('',#5946,#5947,#5948);
#5946 = CARTESIAN_POINT('',(129.,-118.86,-4.6E-02));
#5947 = DIRECTION('',(-0.,-0.,-1.));
#5948 = DIRECTION('',(-0.,-1.,0.));
#5949 = ADVANCED_FACE('',(#5950),#5961,.F.);
#5950 = FACE_BOUND('',#5951,.T.);
#5951 = EDGE_LOOP('',(#5952,#5953,#5959,#5960));
#5952 = ORIENTED_EDGE('',*,*,#902,.T.);
#5953 = ORIENTED_EDGE('',*,*,#5954,.T.);
#5954 = EDGE_CURVE('',#903,#3138,#5955,.T.);
#5955 = LINE('',#5956,#5957);
#5956 = CARTESIAN_POINT('',(129.,-116.82,-4.6E-02));
#5957 = VECTOR('',#5958,1.);
#5958 = DIRECTION('',(0.,0.,1.));
#5959 = ORIENTED_EDGE('',*,*,#3137,.F.);
#5960 = ORIENTED_EDGE('',*,*,#5954,.F.);
#5961 = CYLINDRICAL_SURFACE('',#5962,0.5);
#5962 = AXIS2_PLACEMENT_3D('',#5963,#5964,#5965);
#5963 = CARTESIAN_POINT('',(129.,-116.32,-4.6E-02));
#5964 = DIRECTION('',(-0.,-0.,-1.));
#5965 = DIRECTION('',(-0.,-1.,0.));
#5966 = ADVANCED_FACE('',(#5967),#5978,.F.);
#5967 = FACE_BOUND('',#5968,.T.);
#5968 = EDGE_LOOP('',(#5969,#5970,#5976,#5977));
#5969 = ORIENTED_EDGE('',*,*,#913,.T.);
#5970 = ORIENTED_EDGE('',*,*,#5971,.T.);
#5971 = EDGE_CURVE('',#914,#3149,#5972,.T.);
#5972 = LINE('',#5973,#5974);
#5973 = CARTESIAN_POINT('',(129.,-114.28,-4.6E-02));
#5974 = VECTOR('',#5975,1.);
#5975 = DIRECTION('',(0.,0.,1.));
#5976 = ORIENTED_EDGE('',*,*,#3148,.F.);
#5977 = ORIENTED_EDGE('',*,*,#5971,.F.);
#5978 = CYLINDRICAL_SURFACE('',#5979,0.5);
#5979 = AXIS2_PLACEMENT_3D('',#5980,#5981,#5982);
#5980 = CARTESIAN_POINT('',(129.,-113.78,-4.6E-02));
#5981 = DIRECTION('',(-0.,-0.,-1.));
#5982 = DIRECTION('',(-0.,-1.,0.));
#5983 = ADVANCED_FACE('',(#5984),#5995,.F.);
#5984 = FACE_BOUND('',#5985,.T.);
#5985 = EDGE_LOOP('',(#5986,#5987,#5993,#5994));
#5986 = ORIENTED_EDGE('',*,*,#924,.T.);
#5987 = ORIENTED_EDGE('',*,*,#5988,.T.);
#5988 = EDGE_CURVE('',#925,#3160,#5989,.T.);
#5989 = LINE('',#5990,#5991);
#5990 = CARTESIAN_POINT('',(129.,-111.74,-4.6E-02));
#5991 = VECTOR('',#5992,1.);
#5992 = DIRECTION('',(0.,0.,1.));
#5993 = ORIENTED_EDGE('',*,*,#3159,.F.);
#5994 = ORIENTED_EDGE('',*,*,#5988,.F.);
#5995 = CYLINDRICAL_SURFACE('',#5996,0.5);
#5996 = AXIS2_PLACEMENT_3D('',#5997,#5998,#5999);
#5997 = CARTESIAN_POINT('',(129.,-111.24,-4.6E-02));
#5998 = DIRECTION('',(-0.,-0.,-1.));
#5999 = DIRECTION('',(-0.,-1.,0.));
#6000 = ADVANCED_FACE('',(#6001),#6012,.F.);
#6001 = FACE_BOUND('',#6002,.T.);
#6002 = EDGE_LOOP('',(#6003,#6004,#6010,#6011));
#6003 = ORIENTED_EDGE('',*,*,#935,.T.);
#6004 = ORIENTED_EDGE('',*,*,#6005,.T.);
#6005 = EDGE_CURVE('',#936,#3171,#6006,.T.);
#6006 = LINE('',#6007,#6008);
#6007 = CARTESIAN_POINT('',(129.,-109.2,-4.6E-02));
#6008 = VECTOR('',#6009,1.);
#6009 = DIRECTION('',(0.,0.,1.));
#6010 = ORIENTED_EDGE('',*,*,#3170,.F.);
#6011 = ORIENTED_EDGE('',*,*,#6005,.F.);
#6012 = CYLINDRICAL_SURFACE('',#6013,0.5);
#6013 = AXIS2_PLACEMENT_3D('',#6014,#6015,#6016);
#6014 = CARTESIAN_POINT('',(129.,-108.7,-4.6E-02));
#6015 = DIRECTION('',(-0.,-0.,-1.));
#6016 = DIRECTION('',(-0.,-1.,0.));
#6017 = ADVANCED_FACE('',(#6018),#6029,.F.);
#6018 = FACE_BOUND('',#6019,.T.);
#6019 = EDGE_LOOP('',(#6020,#6021,#6027,#6028));
#6020 = ORIENTED_EDGE('',*,*,#946,.T.);
#6021 = ORIENTED_EDGE('',*,*,#6022,.T.);
#6022 = EDGE_CURVE('',#947,#3182,#6023,.T.);
#6023 = LINE('',#6024,#6025);
#6024 = CARTESIAN_POINT('',(137.5,-109.65,-4.6E-02));
#6025 = VECTOR('',#6026,1.);
#6026 = DIRECTION('',(0.,0.,1.));
#6027 = ORIENTED_EDGE('',*,*,#3181,.F.);
#6028 = ORIENTED_EDGE('',*,*,#6022,.F.);
#6029 = CYLINDRICAL_SURFACE('',#6030,2.15);
#6030 = AXIS2_PLACEMENT_3D('',#6031,#6032,#6033);
#6031 = CARTESIAN_POINT('',(137.5,-107.5,-4.6E-02));
#6032 = DIRECTION('',(-0.,-0.,-1.));
#6033 = DIRECTION('',(-0.,-1.,0.));
#6034 = ADVANCED_FACE('',(#6035),#6046,.F.);
#6035 = FACE_BOUND('',#6036,.T.);
#6036 = EDGE_LOOP('',(#6037,#6038,#6044,#6045));
#6037 = ORIENTED_EDGE('',*,*,#957,.T.);
#6038 = ORIENTED_EDGE('',*,*,#6039,.T.);
#6039 = EDGE_CURVE('',#958,#3193,#6040,.T.);
#6040 = LINE('',#6041,#6042);
#6041 = CARTESIAN_POINT('',(152.,-107.925,-4.6E-02));
#6042 = VECTOR('',#6043,1.);
#6043 = DIRECTION('',(0.,0.,1.));
#6044 = ORIENTED_EDGE('',*,*,#3192,.F.);
#6045 = ORIENTED_EDGE('',*,*,#6039,.F.);
#6046 = CYLINDRICAL_SURFACE('',#6047,1.525);
#6047 = AXIS2_PLACEMENT_3D('',#6048,#6049,#6050);
#6048 = CARTESIAN_POINT('',(152.,-106.4,-4.6E-02));
#6049 = DIRECTION('',(-0.,-0.,-1.));
#6050 = DIRECTION('',(-0.,-1.,0.));
#6051 = ADVANCED_FACE('',(#6052),#6063,.F.);
#6052 = FACE_BOUND('',#6053,.T.);
#6053 = EDGE_LOOP('',(#6054,#6055,#6061,#6062));
#6054 = ORIENTED_EDGE('',*,*,#968,.T.);
#6055 = ORIENTED_EDGE('',*,*,#6056,.T.);
#6056 = EDGE_CURVE('',#969,#3204,#6057,.T.);
#6057 = LINE('',#6058,#6059);
#6058 = CARTESIAN_POINT('',(163.5,-109.65,-4.6E-02));
#6059 = VECTOR('',#6060,1.);
#6060 = DIRECTION('',(0.,0.,1.));
#6061 = ORIENTED_EDGE('',*,*,#3203,.F.);
#6062 = ORIENTED_EDGE('',*,*,#6056,.F.);
#6063 = CYLINDRICAL_SURFACE('',#6064,2.15);
#6064 = AXIS2_PLACEMENT_3D('',#6065,#6066,#6067);
#6065 = CARTESIAN_POINT('',(163.5,-107.5,-4.6E-02));
#6066 = DIRECTION('',(-0.,-0.,-1.));
#6067 = DIRECTION('',(-0.,-1.,0.));
#6068 = ADVANCED_FACE('',(#6069),#6080,.F.);
#6069 = FACE_BOUND('',#6070,.T.);
#6070 = EDGE_LOOP('',(#6071,#6072,#6078,#6079));
#6071 = ORIENTED_EDGE('',*,*,#979,.T.);
#6072 = ORIENTED_EDGE('',*,*,#6073,.T.);
#6073 = EDGE_CURVE('',#980,#3215,#6074,.T.);
#6074 = LINE('',#6075,#6076);
#6075 = CARTESIAN_POINT('',(134.,-97.925,-4.6E-02));
#6076 = VECTOR('',#6077,1.);
#6077 = DIRECTION('',(0.,0.,1.));
#6078 = ORIENTED_EDGE('',*,*,#3214,.F.);
#6079 = ORIENTED_EDGE('',*,*,#6073,.F.);
#6080 = CYLINDRICAL_SURFACE('',#6081,1.525);
#6081 = AXIS2_PLACEMENT_3D('',#6082,#6083,#6084);
#6082 = CARTESIAN_POINT('',(134.,-96.4,-4.6E-02));
#6083 = DIRECTION('',(-0.,-0.,-1.));
#6084 = DIRECTION('',(-0.,-1.,0.));
#6085 = ADVANCED_FACE('',(#6086),#6097,.F.);
#6086 = FACE_BOUND('',#6087,.T.);
#6087 = EDGE_LOOP('',(#6088,#6089,#6095,#6096));
#6088 = ORIENTED_EDGE('',*,*,#990,.T.);
#6089 = ORIENTED_EDGE('',*,*,#6090,.T.);
#6090 = EDGE_CURVE('',#991,#3226,#6091,.T.);
#6091 = LINE('',#6092,#6093);
#6092 = CARTESIAN_POINT('',(116.,-96.925,-4.6E-02));
#6093 = VECTOR('',#6094,1.);
#6094 = DIRECTION('',(0.,0.,1.));
#6095 = ORIENTED_EDGE('',*,*,#3225,.F.);
#6096 = ORIENTED_EDGE('',*,*,#6090,.F.);
#6097 = CYLINDRICAL_SURFACE('',#6098,1.525);
#6098 = AXIS2_PLACEMENT_3D('',#6099,#6100,#6101);
#6099 = CARTESIAN_POINT('',(116.,-95.4,-4.6E-02));
#6100 = DIRECTION('',(-0.,-0.,-1.));
#6101 = DIRECTION('',(-0.,-1.,0.));
#6102 = ADVANCED_FACE('',(#6103),#6114,.F.);
#6103 = FACE_BOUND('',#6104,.T.);
#6104 = EDGE_LOOP('',(#6105,#6106,#6112,#6113));
#6105 = ORIENTED_EDGE('',*,*,#1001,.T.);
#6106 = ORIENTED_EDGE('',*,*,#6107,.T.);
#6107 = EDGE_CURVE('',#1002,#3237,#6108,.T.);
#6108 = LINE('',#6109,#6110);
#6109 = CARTESIAN_POINT('',(111.,-94.825,-4.6E-02));
#6110 = VECTOR('',#6111,1.);
#6111 = DIRECTION('',(0.,0.,1.));
#6112 = ORIENTED_EDGE('',*,*,#3236,.F.);
#6113 = ORIENTED_EDGE('',*,*,#6107,.F.);
#6114 = CYLINDRICAL_SURFACE('',#6115,1.525);
#6115 = AXIS2_PLACEMENT_3D('',#6116,#6117,#6118);
#6116 = CARTESIAN_POINT('',(111.,-93.3,-4.6E-02));
#6117 = DIRECTION('',(-0.,-0.,-1.));
#6118 = DIRECTION('',(-0.,-1.,0.));
#6119 = ADVANCED_FACE('',(#6120),#6131,.F.);
#6120 = FACE_BOUND('',#6121,.T.);
#6121 = EDGE_LOOP('',(#6122,#6123,#6129,#6130));
#6122 = ORIENTED_EDGE('',*,*,#1012,.T.);
#6123 = ORIENTED_EDGE('',*,*,#6124,.T.);
#6124 = EDGE_CURVE('',#1013,#3248,#6125,.T.);
#6125 = LINE('',#6126,#6127);
#6126 = CARTESIAN_POINT('',(110.5,-90.45,-4.6E-02));
#6127 = VECTOR('',#6128,1.);
#6128 = DIRECTION('',(0.,0.,1.));
#6129 = ORIENTED_EDGE('',*,*,#3247,.F.);
#6130 = ORIENTED_EDGE('',*,*,#6124,.F.);
#6131 = CYLINDRICAL_SURFACE('',#6132,0.95);
#6132 = AXIS2_PLACEMENT_3D('',#6133,#6134,#6135);
#6133 = CARTESIAN_POINT('',(110.5,-89.5,-4.6E-02));
#6134 = DIRECTION('',(-0.,-0.,-1.));
#6135 = DIRECTION('',(-0.,-1.,0.));
#6136 = ADVANCED_FACE('',(#6137),#6148,.F.);
#6137 = FACE_BOUND('',#6138,.T.);
#6138 = EDGE_LOOP('',(#6139,#6140,#6146,#6147));
#6139 = ORIENTED_EDGE('',*,*,#1023,.T.);
#6140 = ORIENTED_EDGE('',*,*,#6141,.T.);
#6141 = EDGE_CURVE('',#1024,#3259,#6142,.T.);
#6142 = LINE('',#6143,#6144);
#6143 = CARTESIAN_POINT('',(116.,-92.025,-4.6E-02));
#6144 = VECTOR('',#6145,1.);
#6145 = DIRECTION('',(0.,0.,1.));
#6146 = ORIENTED_EDGE('',*,*,#3258,.F.);
#6147 = ORIENTED_EDGE('',*,*,#6141,.F.);
#6148 = CYLINDRICAL_SURFACE('',#6149,2.525);
#6149 = AXIS2_PLACEMENT_3D('',#6150,#6151,#6152);
#6150 = CARTESIAN_POINT('',(116.,-89.5,-4.6E-02));
#6151 = DIRECTION('',(-0.,-0.,-1.));
#6152 = DIRECTION('',(-0.,-1.,0.));
#6153 = ADVANCED_FACE('',(#6154),#6165,.F.);
#6154 = FACE_BOUND('',#6155,.T.);
#6155 = EDGE_LOOP('',(#6156,#6157,#6163,#6164));
#6156 = ORIENTED_EDGE('',*,*,#1034,.T.);
#6157 = ORIENTED_EDGE('',*,*,#6158,.T.);
#6158 = EDGE_CURVE('',#1035,#3270,#6159,.T.);
#6159 = LINE('',#6160,#6161);
#6160 = CARTESIAN_POINT('',(121.5,-90.45,-4.6E-02));
#6161 = VECTOR('',#6162,1.);
#6162 = DIRECTION('',(0.,0.,1.));
#6163 = ORIENTED_EDGE('',*,*,#3269,.F.);
#6164 = ORIENTED_EDGE('',*,*,#6158,.F.);
#6165 = CYLINDRICAL_SURFACE('',#6166,0.95);
#6166 = AXIS2_PLACEMENT_3D('',#6167,#6168,#6169);
#6167 = CARTESIAN_POINT('',(121.5,-89.5,-4.6E-02));
#6168 = DIRECTION('',(-0.,-0.,-1.));
#6169 = DIRECTION('',(-0.,-1.,0.));
#6170 = ADVANCED_FACE('',(#6171),#6182,.F.);
#6171 = FACE_BOUND('',#6172,.T.);
#6172 = EDGE_LOOP('',(#6173,#6174,#6180,#6181));
#6173 = ORIENTED_EDGE('',*,*,#1045,.T.);
#6174 = ORIENTED_EDGE('',*,*,#6175,.T.);
#6175 = EDGE_CURVE('',#1046,#3281,#6176,.T.);
#6176 = LINE('',#6177,#6178);
#6177 = CARTESIAN_POINT('',(129.,-95.825,-4.6E-02));
#6178 = VECTOR('',#6179,1.);
#6179 = DIRECTION('',(0.,0.,1.));
#6180 = ORIENTED_EDGE('',*,*,#3280,.F.);
#6181 = ORIENTED_EDGE('',*,*,#6175,.F.);
#6182 = CYLINDRICAL_SURFACE('',#6183,1.525);
#6183 = AXIS2_PLACEMENT_3D('',#6184,#6185,#6186);
#6184 = CARTESIAN_POINT('',(129.,-94.3,-4.6E-02));
#6185 = DIRECTION('',(-0.,-0.,-1.));
#6186 = DIRECTION('',(-0.,-1.,0.));
#6187 = ADVANCED_FACE('',(#6188),#6199,.F.);
#6188 = FACE_BOUND('',#6189,.T.);
#6189 = EDGE_LOOP('',(#6190,#6191,#6197,#6198));
#6190 = ORIENTED_EDGE('',*,*,#1056,.T.);
#6191 = ORIENTED_EDGE('',*,*,#6192,.T.);
#6192 = EDGE_CURVE('',#1057,#3292,#6193,.T.);
#6193 = LINE('',#6194,#6195);
#6194 = CARTESIAN_POINT('',(128.5,-91.45,-4.6E-02));
#6195 = VECTOR('',#6196,1.);
#6196 = DIRECTION('',(0.,0.,1.));
#6197 = ORIENTED_EDGE('',*,*,#3291,.F.);
#6198 = ORIENTED_EDGE('',*,*,#6192,.F.);
#6199 = CYLINDRICAL_SURFACE('',#6200,0.95);
#6200 = AXIS2_PLACEMENT_3D('',#6201,#6202,#6203);
#6201 = CARTESIAN_POINT('',(128.5,-90.5,-4.6E-02));
#6202 = DIRECTION('',(-0.,-0.,-1.));
#6203 = DIRECTION('',(-0.,-1.,0.));
#6204 = ADVANCED_FACE('',(#6205),#6216,.F.);
#6205 = FACE_BOUND('',#6206,.T.);
#6206 = EDGE_LOOP('',(#6207,#6208,#6214,#6215));
#6207 = ORIENTED_EDGE('',*,*,#1067,.T.);
#6208 = ORIENTED_EDGE('',*,*,#6209,.T.);
#6209 = EDGE_CURVE('',#1068,#3303,#6210,.T.);
#6210 = LINE('',#6211,#6212);
#6211 = CARTESIAN_POINT('',(134.,-93.025,-4.6E-02));
#6212 = VECTOR('',#6213,1.);
#6213 = DIRECTION('',(0.,0.,1.));
#6214 = ORIENTED_EDGE('',*,*,#3302,.F.);
#6215 = ORIENTED_EDGE('',*,*,#6209,.F.);
#6216 = CYLINDRICAL_SURFACE('',#6217,2.525);
#6217 = AXIS2_PLACEMENT_3D('',#6218,#6219,#6220);
#6218 = CARTESIAN_POINT('',(134.,-90.5,-4.6E-02));
#6219 = DIRECTION('',(-0.,-0.,-1.));
#6220 = DIRECTION('',(-0.,-1.,0.));
#6221 = ADVANCED_FACE('',(#6222),#6233,.F.);
#6222 = FACE_BOUND('',#6223,.T.);
#6223 = EDGE_LOOP('',(#6224,#6225,#6231,#6232));
#6224 = ORIENTED_EDGE('',*,*,#1078,.T.);
#6225 = ORIENTED_EDGE('',*,*,#6226,.T.);
#6226 = EDGE_CURVE('',#1079,#3314,#6227,.T.);
#6227 = LINE('',#6228,#6229);
#6228 = CARTESIAN_POINT('',(139.5,-91.45,-4.6E-02));
#6229 = VECTOR('',#6230,1.);
#6230 = DIRECTION('',(0.,0.,1.));
#6231 = ORIENTED_EDGE('',*,*,#3313,.F.);
#6232 = ORIENTED_EDGE('',*,*,#6226,.F.);
#6233 = CYLINDRICAL_SURFACE('',#6234,0.95);
#6234 = AXIS2_PLACEMENT_3D('',#6235,#6236,#6237);
#6235 = CARTESIAN_POINT('',(139.5,-90.5,-4.6E-02));
#6236 = DIRECTION('',(-0.,-0.,-1.));
#6237 = DIRECTION('',(-0.,-1.,0.));
#6238 = ADVANCED_FACE('',(#6239),#6250,.F.);
#6239 = FACE_BOUND('',#6240,.T.);
#6240 = EDGE_LOOP('',(#6241,#6242,#6248,#6249));
#6241 = ORIENTED_EDGE('',*,*,#1089,.T.);
#6242 = ORIENTED_EDGE('',*,*,#6243,.T.);
#6243 = EDGE_CURVE('',#1090,#3325,#6244,.T.);
#6244 = LINE('',#6245,#6246);
#6245 = CARTESIAN_POINT('',(147.,-105.825,-4.6E-02));
#6246 = VECTOR('',#6247,1.);
#6247 = DIRECTION('',(0.,0.,1.));
#6248 = ORIENTED_EDGE('',*,*,#3324,.F.);
#6249 = ORIENTED_EDGE('',*,*,#6243,.F.);
#6250 = CYLINDRICAL_SURFACE('',#6251,1.525);
#6251 = AXIS2_PLACEMENT_3D('',#6252,#6253,#6254);
#6252 = CARTESIAN_POINT('',(147.,-104.3,-4.6E-02));
#6253 = DIRECTION('',(-0.,-0.,-1.));
#6254 = DIRECTION('',(-0.,-1.,0.));
#6255 = ADVANCED_FACE('',(#6256),#6267,.F.);
#6256 = FACE_BOUND('',#6257,.T.);
#6257 = EDGE_LOOP('',(#6258,#6259,#6265,#6266));
#6258 = ORIENTED_EDGE('',*,*,#1100,.T.);
#6259 = ORIENTED_EDGE('',*,*,#6260,.T.);
#6260 = EDGE_CURVE('',#1101,#3336,#6261,.T.);
#6261 = LINE('',#6262,#6263);
#6262 = CARTESIAN_POINT('',(146.5,-101.45,-4.6E-02));
#6263 = VECTOR('',#6264,1.);
#6264 = DIRECTION('',(0.,0.,1.));
#6265 = ORIENTED_EDGE('',*,*,#3335,.F.);
#6266 = ORIENTED_EDGE('',*,*,#6260,.F.);
#6267 = CYLINDRICAL_SURFACE('',#6268,0.95);
#6268 = AXIS2_PLACEMENT_3D('',#6269,#6270,#6271);
#6269 = CARTESIAN_POINT('',(146.5,-100.5,-4.6E-02));
#6270 = DIRECTION('',(-0.,-0.,-1.));
#6271 = DIRECTION('',(-0.,-1.,0.));
#6272 = ADVANCED_FACE('',(#6273),#6284,.F.);
#6273 = FACE_BOUND('',#6274,.T.);
#6274 = EDGE_LOOP('',(#6275,#6276,#6282,#6283));
#6275 = ORIENTED_EDGE('',*,*,#1111,.T.);
#6276 = ORIENTED_EDGE('',*,*,#6277,.T.);
#6277 = EDGE_CURVE('',#1112,#3347,#6278,.T.);
#6278 = LINE('',#6279,#6280);
#6279 = CARTESIAN_POINT('',(152.,-103.025,-4.6E-02));
#6280 = VECTOR('',#6281,1.);
#6281 = DIRECTION('',(0.,0.,1.));
#6282 = ORIENTED_EDGE('',*,*,#3346,.F.);
#6283 = ORIENTED_EDGE('',*,*,#6277,.F.);
#6284 = CYLINDRICAL_SURFACE('',#6285,2.525);
#6285 = AXIS2_PLACEMENT_3D('',#6286,#6287,#6288);
#6286 = CARTESIAN_POINT('',(152.,-100.5,-4.6E-02));
#6287 = DIRECTION('',(-0.,-0.,-1.));
#6288 = DIRECTION('',(-0.,-1.,0.));
#6289 = ADVANCED_FACE('',(#6290),#6301,.F.);
#6290 = FACE_BOUND('',#6291,.T.);
#6291 = EDGE_LOOP('',(#6292,#6293,#6299,#6300));
#6292 = ORIENTED_EDGE('',*,*,#1122,.T.);
#6293 = ORIENTED_EDGE('',*,*,#6294,.T.);
#6294 = EDGE_CURVE('',#1123,#3358,#6295,.T.);
#6295 = LINE('',#6296,#6297);
#6296 = CARTESIAN_POINT('',(157.5,-101.45,-4.6E-02));
#6297 = VECTOR('',#6298,1.);
#6298 = DIRECTION('',(0.,0.,1.));
#6299 = ORIENTED_EDGE('',*,*,#3357,.F.);
#6300 = ORIENTED_EDGE('',*,*,#6294,.F.);
#6301 = CYLINDRICAL_SURFACE('',#6302,0.95);
#6302 = AXIS2_PLACEMENT_3D('',#6303,#6304,#6305);
#6303 = CARTESIAN_POINT('',(157.5,-100.5,-4.6E-02));
#6304 = DIRECTION('',(-0.,-0.,-1.));
#6305 = DIRECTION('',(-0.,-1.,0.));
#6306 = ADVANCED_FACE('',(#6307),#6318,.F.);
#6307 = FACE_BOUND('',#6308,.T.);
#6308 = EDGE_LOOP('',(#6309,#6310,#6316,#6317));
#6309 = ORIENTED_EDGE('',*,*,#1133,.T.);
#6310 = ORIENTED_EDGE('',*,*,#6311,.T.);
#6311 = EDGE_CURVE('',#1134,#3369,#6312,.T.);
#6312 = LINE('',#6313,#6314);
#6313 = CARTESIAN_POINT('',(170.,-103.925,-4.6E-02));
#6314 = VECTOR('',#6315,1.);
#6315 = DIRECTION('',(0.,0.,1.));
#6316 = ORIENTED_EDGE('',*,*,#3368,.F.);
#6317 = ORIENTED_EDGE('',*,*,#6311,.F.);
#6318 = CYLINDRICAL_SURFACE('',#6319,1.525);
#6319 = AXIS2_PLACEMENT_3D('',#6320,#6321,#6322);
#6320 = CARTESIAN_POINT('',(170.,-102.4,-4.6E-02));
#6321 = DIRECTION('',(-0.,-0.,-1.));
#6322 = DIRECTION('',(-0.,-1.,0.));
#6323 = ADVANCED_FACE('',(#6324),#6335,.F.);
#6324 = FACE_BOUND('',#6325,.T.);
#6325 = EDGE_LOOP('',(#6326,#6327,#6333,#6334));
#6326 = ORIENTED_EDGE('',*,*,#1144,.T.);
#6327 = ORIENTED_EDGE('',*,*,#6328,.T.);
#6328 = EDGE_CURVE('',#1145,#3380,#6329,.T.);
#6329 = LINE('',#6330,#6331);
#6330 = CARTESIAN_POINT('',(165.,-101.825,-4.6E-02));
#6331 = VECTOR('',#6332,1.);
#6332 = DIRECTION('',(0.,0.,1.));
#6333 = ORIENTED_EDGE('',*,*,#3379,.F.);
#6334 = ORIENTED_EDGE('',*,*,#6328,.F.);
#6335 = CYLINDRICAL_SURFACE('',#6336,1.525);
#6336 = AXIS2_PLACEMENT_3D('',#6337,#6338,#6339);
#6337 = CARTESIAN_POINT('',(165.,-100.3,-4.6E-02));
#6338 = DIRECTION('',(-0.,-0.,-1.));
#6339 = DIRECTION('',(-0.,-1.,0.));
#6340 = ADVANCED_FACE('',(#6341),#6352,.F.);
#6341 = FACE_BOUND('',#6342,.T.);
#6342 = EDGE_LOOP('',(#6343,#6344,#6350,#6351));
#6343 = ORIENTED_EDGE('',*,*,#1155,.T.);
#6344 = ORIENTED_EDGE('',*,*,#6345,.T.);
#6345 = EDGE_CURVE('',#1156,#3391,#6346,.T.);
#6346 = LINE('',#6347,#6348);
#6347 = CARTESIAN_POINT('',(164.5,-97.45,-4.6E-02));
#6348 = VECTOR('',#6349,1.);
#6349 = DIRECTION('',(0.,0.,1.));
#6350 = ORIENTED_EDGE('',*,*,#3390,.F.);
#6351 = ORIENTED_EDGE('',*,*,#6345,.F.);
#6352 = CYLINDRICAL_SURFACE('',#6353,0.95);
#6353 = AXIS2_PLACEMENT_3D('',#6354,#6355,#6356);
#6354 = CARTESIAN_POINT('',(164.5,-96.5,-4.6E-02));
#6355 = DIRECTION('',(-0.,-0.,-1.));
#6356 = DIRECTION('',(-0.,-1.,0.));
#6357 = ADVANCED_FACE('',(#6358),#6369,.F.);
#6358 = FACE_BOUND('',#6359,.T.);
#6359 = EDGE_LOOP('',(#6360,#6361,#6367,#6368));
#6360 = ORIENTED_EDGE('',*,*,#1166,.T.);
#6361 = ORIENTED_EDGE('',*,*,#6362,.T.);
#6362 = EDGE_CURVE('',#1167,#3402,#6363,.T.);
#6363 = LINE('',#6364,#6365);
#6364 = CARTESIAN_POINT('',(170.,-99.025,-4.6E-02));
#6365 = VECTOR('',#6366,1.);
#6366 = DIRECTION('',(0.,0.,1.));
#6367 = ORIENTED_EDGE('',*,*,#3401,.F.);
#6368 = ORIENTED_EDGE('',*,*,#6362,.F.);
#6369 = CYLINDRICAL_SURFACE('',#6370,2.525);
#6370 = AXIS2_PLACEMENT_3D('',#6371,#6372,#6373);
#6371 = CARTESIAN_POINT('',(170.,-96.5,-4.6E-02));
#6372 = DIRECTION('',(-0.,-0.,-1.));
#6373 = DIRECTION('',(-0.,-1.,0.));
#6374 = ADVANCED_FACE('',(#6375),#6386,.F.);
#6375 = FACE_BOUND('',#6376,.T.);
#6376 = EDGE_LOOP('',(#6377,#6378,#6384,#6385));
#6377 = ORIENTED_EDGE('',*,*,#1177,.T.);
#6378 = ORIENTED_EDGE('',*,*,#6379,.T.);
#6379 = EDGE_CURVE('',#1178,#3413,#6380,.T.);
#6380 = LINE('',#6381,#6382);
#6381 = CARTESIAN_POINT('',(175.5,-97.45,-4.6E-02));
#6382 = VECTOR('',#6383,1.);
#6383 = DIRECTION('',(0.,0.,1.));
#6384 = ORIENTED_EDGE('',*,*,#3412,.F.);
#6385 = ORIENTED_EDGE('',*,*,#6379,.F.);
#6386 = CYLINDRICAL_SURFACE('',#6387,0.95);
#6387 = AXIS2_PLACEMENT_3D('',#6388,#6389,#6390);
#6388 = CARTESIAN_POINT('',(175.5,-96.5,-4.6E-02));
#6389 = DIRECTION('',(-0.,-0.,-1.));
#6390 = DIRECTION('',(-0.,-1.,0.));
#6391 = ADVANCED_FACE('',(#6392),#6403,.F.);
#6392 = FACE_BOUND('',#6393,.T.);
#6393 = EDGE_LOOP('',(#6394,#6395,#6401,#6402));
#6394 = ORIENTED_EDGE('',*,*,#1188,.T.);
#6395 = ORIENTED_EDGE('',*,*,#6396,.T.);
#6396 = EDGE_CURVE('',#1189,#3424,#6397,.T.);
#6397 = LINE('',#6398,#6399);
#6398 = CARTESIAN_POINT('',(157.,-96.15,-4.6E-02));
#6399 = VECTOR('',#6400,1.);
#6400 = DIRECTION('',(0.,0.,1.));
#6401 = ORIENTED_EDGE('',*,*,#3423,.F.);
#6402 = ORIENTED_EDGE('',*,*,#6396,.F.);
#6403 = CYLINDRICAL_SURFACE('',#6404,0.8);
#6404 = AXIS2_PLACEMENT_3D('',#6405,#6406,#6407);
#6405 = CARTESIAN_POINT('',(157.,-95.35,-4.6E-02));
#6406 = DIRECTION('',(-0.,-0.,-1.));
#6407 = DIRECTION('',(-0.,-1.,0.));
#6408 = ADVANCED_FACE('',(#6409),#6420,.F.);
#6409 = FACE_BOUND('',#6410,.T.);
#6410 = EDGE_LOOP('',(#6411,#6412,#6418,#6419));
#6411 = ORIENTED_EDGE('',*,*,#1199,.T.);
#6412 = ORIENTED_EDGE('',*,*,#6413,.T.);
#6413 = EDGE_CURVE('',#1200,#3435,#6414,.T.);
#6414 = LINE('',#6415,#6416);
#6415 = CARTESIAN_POINT('',(147.,-88.825,-4.6E-02));
#6416 = VECTOR('',#6417,1.);
#6417 = DIRECTION('',(0.,0.,1.));
#6418 = ORIENTED_EDGE('',*,*,#3434,.F.);
#6419 = ORIENTED_EDGE('',*,*,#6413,.F.);
#6420 = CYLINDRICAL_SURFACE('',#6421,1.525);
#6421 = AXIS2_PLACEMENT_3D('',#6422,#6423,#6424);
#6422 = CARTESIAN_POINT('',(147.,-87.3,-4.6E-02));
#6423 = DIRECTION('',(-0.,-0.,-1.));
#6424 = DIRECTION('',(-0.,-1.,0.));
#6425 = ADVANCED_FACE('',(#6426),#6437,.F.);
#6426 = FACE_BOUND('',#6427,.T.);
#6427 = EDGE_LOOP('',(#6428,#6429,#6435,#6436));
#6428 = ORIENTED_EDGE('',*,*,#1210,.T.);
#6429 = ORIENTED_EDGE('',*,*,#6430,.T.);
#6430 = EDGE_CURVE('',#1211,#3446,#6431,.T.);
#6431 = LINE('',#6432,#6433);
#6432 = CARTESIAN_POINT('',(152.,-90.925,-4.6E-02));
#6433 = VECTOR('',#6434,1.);
#6434 = DIRECTION('',(0.,0.,1.));
#6435 = ORIENTED_EDGE('',*,*,#3445,.F.);
#6436 = ORIENTED_EDGE('',*,*,#6430,.F.);
#6437 = CYLINDRICAL_SURFACE('',#6438,1.525);
#6438 = AXIS2_PLACEMENT_3D('',#6439,#6440,#6441);
#6439 = CARTESIAN_POINT('',(152.,-89.4,-4.6E-02));
#6440 = DIRECTION('',(-0.,-0.,-1.));
#6441 = DIRECTION('',(-0.,-1.,0.));
#6442 = ADVANCED_FACE('',(#6443),#6454,.F.);
#6443 = FACE_BOUND('',#6444,.T.);
#6444 = EDGE_LOOP('',(#6445,#6446,#6452,#6453));
#6445 = ORIENTED_EDGE('',*,*,#1221,.T.);
#6446 = ORIENTED_EDGE('',*,*,#6447,.T.);
#6447 = EDGE_CURVE('',#1222,#3457,#6448,.T.);
#6448 = LINE('',#6449,#6450);
#6449 = CARTESIAN_POINT('',(175.,-92.15,-4.6E-02));
#6450 = VECTOR('',#6451,1.);
#6451 = DIRECTION('',(0.,0.,1.));
#6452 = ORIENTED_EDGE('',*,*,#3456,.F.);
#6453 = ORIENTED_EDGE('',*,*,#6447,.F.);
#6454 = CYLINDRICAL_SURFACE('',#6455,0.8);
#6455 = AXIS2_PLACEMENT_3D('',#6456,#6457,#6458);
#6456 = CARTESIAN_POINT('',(175.,-91.35,-4.6E-02));
#6457 = DIRECTION('',(-0.,-0.,-1.));
#6458 = DIRECTION('',(-0.,-1.,0.));
#6459 = ADVANCED_FACE('',(#6460),#6471,.F.);
#6460 = FACE_BOUND('',#6461,.T.);
#6461 = EDGE_LOOP('',(#6462,#6463,#6469,#6470));
#6462 = ORIENTED_EDGE('',*,*,#1232,.T.);
#6463 = ORIENTED_EDGE('',*,*,#6464,.T.);
#6464 = EDGE_CURVE('',#1233,#3468,#6465,.T.);
#6465 = LINE('',#6466,#6467);
#6466 = CARTESIAN_POINT('',(51.17,-84.45,-4.6E-02));
#6467 = VECTOR('',#6468,1.);
#6468 = DIRECTION('',(0.,0.,1.));
#6469 = ORIENTED_EDGE('',*,*,#3467,.F.);
#6470 = ORIENTED_EDGE('',*,*,#6464,.F.);
#6471 = CYLINDRICAL_SURFACE('',#6472,0.45);
#6472 = AXIS2_PLACEMENT_3D('',#6473,#6474,#6475);
#6473 = CARTESIAN_POINT('',(51.17,-84.,-4.6E-02));
#6474 = DIRECTION('',(-0.,-0.,-1.));
#6475 = DIRECTION('',(-0.,-1.,0.));
#6476 = ADVANCED_FACE('',(#6477),#6488,.F.);
#6477 = FACE_BOUND('',#6478,.T.);
#6478 = EDGE_LOOP('',(#6479,#6480,#6486,#6487));
#6479 = ORIENTED_EDGE('',*,*,#1243,.T.);
#6480 = ORIENTED_EDGE('',*,*,#6481,.T.);
#6481 = EDGE_CURVE('',#1244,#3479,#6482,.T.);
#6482 = LINE('',#6483,#6484);
#6483 = CARTESIAN_POINT('',(51.17,-81.45,-4.6E-02));
#6484 = VECTOR('',#6485,1.);
#6485 = DIRECTION('',(0.,0.,1.));
#6486 = ORIENTED_EDGE('',*,*,#3478,.F.);
#6487 = ORIENTED_EDGE('',*,*,#6481,.F.);
#6488 = CYLINDRICAL_SURFACE('',#6489,0.45);
#6489 = AXIS2_PLACEMENT_3D('',#6490,#6491,#6492);
#6490 = CARTESIAN_POINT('',(51.17,-81.,-4.6E-02));
#6491 = DIRECTION('',(-0.,-0.,-1.));
#6492 = DIRECTION('',(-0.,-1.,0.));
#6493 = ADVANCED_FACE('',(#6494),#6505,.F.);
#6494 = FACE_BOUND('',#6495,.T.);
#6495 = EDGE_LOOP('',(#6496,#6497,#6503,#6504));
#6496 = ORIENTED_EDGE('',*,*,#1254,.T.);
#6497 = ORIENTED_EDGE('',*,*,#6498,.T.);
#6498 = EDGE_CURVE('',#1255,#3490,#6499,.T.);
#6499 = LINE('',#6500,#6501);
#6500 = CARTESIAN_POINT('',(75.,-82.825,-4.6E-02));
#6501 = VECTOR('',#6502,1.);
#6502 = DIRECTION('',(0.,0.,1.));
#6503 = ORIENTED_EDGE('',*,*,#3489,.F.);
#6504 = ORIENTED_EDGE('',*,*,#6498,.F.);
#6505 = CYLINDRICAL_SURFACE('',#6506,1.525);
#6506 = AXIS2_PLACEMENT_3D('',#6507,#6508,#6509);
#6507 = CARTESIAN_POINT('',(75.,-81.3,-4.6E-02));
#6508 = DIRECTION('',(-0.,-0.,-1.));
#6509 = DIRECTION('',(-0.,-1.,0.));
#6510 = ADVANCED_FACE('',(#6511),#6522,.F.);
#6511 = FACE_BOUND('',#6512,.T.);
#6512 = EDGE_LOOP('',(#6513,#6514,#6520,#6521));
#6513 = ORIENTED_EDGE('',*,*,#1265,.T.);
#6514 = ORIENTED_EDGE('',*,*,#6515,.T.);
#6515 = EDGE_CURVE('',#1266,#3501,#6516,.T.);
#6516 = LINE('',#6517,#6518);
#6517 = CARTESIAN_POINT('',(74.5,-78.45,-4.6E-02));
#6518 = VECTOR('',#6519,1.);
#6519 = DIRECTION('',(0.,0.,1.));
#6520 = ORIENTED_EDGE('',*,*,#3500,.F.);
#6521 = ORIENTED_EDGE('',*,*,#6515,.F.);
#6522 = CYLINDRICAL_SURFACE('',#6523,0.95);
#6523 = AXIS2_PLACEMENT_3D('',#6524,#6525,#6526);
#6524 = CARTESIAN_POINT('',(74.5,-77.5,-4.6E-02));
#6525 = DIRECTION('',(-0.,-0.,-1.));
#6526 = DIRECTION('',(-0.,-1.,0.));
#6527 = ADVANCED_FACE('',(#6528),#6539,.F.);
#6528 = FACE_BOUND('',#6529,.T.);
#6529 = EDGE_LOOP('',(#6530,#6531,#6537,#6538));
#6530 = ORIENTED_EDGE('',*,*,#1276,.T.);
#6531 = ORIENTED_EDGE('',*,*,#6532,.T.);
#6532 = EDGE_CURVE('',#1277,#3512,#6533,.T.);
#6533 = LINE('',#6534,#6535);
#6534 = CARTESIAN_POINT('',(52.38,-69.0264,-4.6E-02));
#6535 = VECTOR('',#6536,1.);
#6536 = DIRECTION('',(0.,0.,1.));
#6537 = ORIENTED_EDGE('',*,*,#3511,.F.);
#6538 = ORIENTED_EDGE('',*,*,#6532,.F.);
#6539 = CYLINDRICAL_SURFACE('',#6540,0.4064);
#6540 = AXIS2_PLACEMENT_3D('',#6541,#6542,#6543);
#6541 = CARTESIAN_POINT('',(52.38,-68.62,-4.6E-02));
#6542 = DIRECTION('',(-0.,0.,-1.));
#6543 = DIRECTION('',(1.748382715945E-14,-1.,-0.));
#6544 = ADVANCED_FACE('',(#6545),#6556,.F.);
#6545 = FACE_BOUND('',#6546,.T.);
#6546 = EDGE_LOOP('',(#6547,#6548,#6554,#6555));
#6547 = ORIENTED_EDGE('',*,*,#1287,.T.);
#6548 = ORIENTED_EDGE('',*,*,#6549,.T.);
#6549 = EDGE_CURVE('',#1288,#3523,#6550,.T.);
#6550 = LINE('',#6551,#6552);
#6551 = CARTESIAN_POINT('',(62.96,-75.9064,-4.6E-02));
#6552 = VECTOR('',#6553,1.);
#6553 = DIRECTION('',(0.,0.,1.));
#6554 = ORIENTED_EDGE('',*,*,#3522,.F.);
#6555 = ORIENTED_EDGE('',*,*,#6549,.F.);
#6556 = CYLINDRICAL_SURFACE('',#6557,0.4064);
#6557 = AXIS2_PLACEMENT_3D('',#6558,#6559,#6560);
#6558 = CARTESIAN_POINT('',(62.96,-75.5,-4.6E-02));
#6559 = DIRECTION('',(-0.,-0.,-1.));
#6560 = DIRECTION('',(-0.,-1.,0.));
#6561 = ADVANCED_FACE('',(#6562),#6573,.F.);
#6562 = FACE_BOUND('',#6563,.T.);
#6563 = EDGE_LOOP('',(#6564,#6565,#6571,#6572));
#6564 = ORIENTED_EDGE('',*,*,#1298,.T.);
#6565 = ORIENTED_EDGE('',*,*,#6566,.T.);
#6566 = EDGE_CURVE('',#1299,#3534,#6567,.T.);
#6567 = LINE('',#6568,#6569);
#6568 = CARTESIAN_POINT('',(65.5,-75.881,-4.6E-02));
#6569 = VECTOR('',#6570,1.);
#6570 = DIRECTION('',(0.,0.,1.));
#6571 = ORIENTED_EDGE('',*,*,#3533,.F.);
#6572 = ORIENTED_EDGE('',*,*,#6566,.F.);
#6573 = CYLINDRICAL_SURFACE('',#6574,0.381);
#6574 = AXIS2_PLACEMENT_3D('',#6575,#6576,#6577);
#6575 = CARTESIAN_POINT('',(65.5,-75.5,-4.6E-02));
#6576 = DIRECTION('',(-0.,-0.,-1.));
#6577 = DIRECTION('',(-0.,-1.,0.));
#6578 = ADVANCED_FACE('',(#6579),#6590,.F.);
#6579 = FACE_BOUND('',#6580,.T.);
#6580 = EDGE_LOOP('',(#6581,#6582,#6588,#6589));
#6581 = ORIENTED_EDGE('',*,*,#1309,.T.);
#6582 = ORIENTED_EDGE('',*,*,#6583,.T.);
#6583 = EDGE_CURVE('',#1310,#3545,#6584,.T.);
#6584 = LINE('',#6585,#6586);
#6585 = CARTESIAN_POINT('',(68.04,-75.9064,-4.6E-02));
#6586 = VECTOR('',#6587,1.);
#6587 = DIRECTION('',(0.,0.,1.));
#6588 = ORIENTED_EDGE('',*,*,#3544,.F.);
#6589 = ORIENTED_EDGE('',*,*,#6583,.F.);
#6590 = CYLINDRICAL_SURFACE('',#6591,0.4064);
#6591 = AXIS2_PLACEMENT_3D('',#6592,#6593,#6594);
#6592 = CARTESIAN_POINT('',(68.04,-75.5,-4.6E-02));
#6593 = DIRECTION('',(-0.,0.,-1.));
#6594 = DIRECTION('',(3.49676543189E-14,-1.,-0.));
#6595 = ADVANCED_FACE('',(#6596),#6612,.F.);
#6596 = FACE_BOUND('',#6597,.T.);
#6597 = EDGE_LOOP('',(#6598,#6604,#6605,#6611));
#6598 = ORIENTED_EDGE('',*,*,#6599,.T.);
#6599 = EDGE_CURVE('',#1321,#3556,#6600,.T.);
#6600 = LINE('',#6601,#6602);
#6601 = CARTESIAN_POINT('',(63.953247,-67.910753,0.));
#6602 = VECTOR('',#6603,1.);
#6603 = DIRECTION('',(0.,0.,1.));
#6604 = ORIENTED_EDGE('',*,*,#3555,.T.);
#6605 = ORIENTED_EDGE('',*,*,#6606,.F.);
#6606 = EDGE_CURVE('',#1323,#3558,#6607,.T.);
#6607 = LINE('',#6608,#6609);
#6608 = CARTESIAN_POINT('',(63.572247,-68.291753,0.));
#6609 = VECTOR('',#6610,1.);
#6610 = DIRECTION('',(0.,0.,1.));
#6611 = ORIENTED_EDGE('',*,*,#1320,.F.);
#6612 = CYLINDRICAL_SURFACE('',#6613,0.380992091699);
#6613 = AXIS2_PLACEMENT_3D('',#6614,#6615,#6616);
#6614 = CARTESIAN_POINT('',(63.953239091617,-68.29174509161,0.));
#6615 = DIRECTION('',(-0.,-0.,-1.));
#6616 = DIRECTION('',(2.075734151478E-05,0.999999999785,-0.));
#6617 = ADVANCED_FACE('',(#6618),#6629,.T.);
#6618 = FACE_BOUND('',#6619,.T.);
#6619 = EDGE_LOOP('',(#6620,#6621,#6622,#6623));
#6620 = ORIENTED_EDGE('',*,*,#1400,.F.);
#6621 = ORIENTED_EDGE('',*,*,#6606,.T.);
#6622 = ORIENTED_EDGE('',*,*,#3635,.T.);
#6623 = ORIENTED_EDGE('',*,*,#6624,.T.);
#6624 = EDGE_CURVE('',#3627,#1392,#6625,.T.);
#6625 = LINE('',#6626,#6627);
#6626 = CARTESIAN_POINT('',(63.572247,-69.88685238023,-4.6E-02));
#6627 = VECTOR('',#6628,1.);
#6628 = DIRECTION('',(-0.,-0.,-1.));
#6629 = PLANE('',#6630);
#6630 = AXIS2_PLACEMENT_3D('',#6631,#6632,#6633);
#6631 = CARTESIAN_POINT('',(63.572247,-68.291753,0.));
#6632 = DIRECTION('',(1.,0.,-0.));
#6633 = DIRECTION('',(0.,-1.,0.));
#6634 = ADVANCED_FACE('',(#6635),#6646,.F.);
#6635 = FACE_BOUND('',#6636,.T.);
#6636 = EDGE_LOOP('',(#6637,#6643,#6644,#6645));
#6637 = ORIENTED_EDGE('',*,*,#6638,.F.);
#6638 = EDGE_CURVE('',#1383,#3618,#6639,.T.);
#6639 = LINE('',#6640,#6641);
#6640 = CARTESIAN_POINT('',(63.8354,-70.812,-4.6E-02));
#6641 = VECTOR('',#6642,1.);
#6642 = DIRECTION('',(0.,0.,1.));
#6643 = ORIENTED_EDGE('',*,*,#1391,.T.);
#6644 = ORIENTED_EDGE('',*,*,#6624,.F.);
#6645 = ORIENTED_EDGE('',*,*,#3626,.F.);
#6646 = CYLINDRICAL_SURFACE('',#6647,0.5);
#6647 = AXIS2_PLACEMENT_3D('',#6648,#6649,#6650);
#6648 = CARTESIAN_POINT('',(63.8354,-70.312,-4.6E-02));
#6649 = DIRECTION('',(-0.,-0.,-1.));
#6650 = DIRECTION('',(-1.42108547152E-14,-1.,0.));
#6651 = ADVANCED_FACE('',(#6652),#6663,.F.);
#6652 = FACE_BOUND('',#6653,.T.);
#6653 = EDGE_LOOP('',(#6654,#6655,#6656,#6657));
#6654 = ORIENTED_EDGE('',*,*,#1382,.T.);
#6655 = ORIENTED_EDGE('',*,*,#6638,.T.);
#6656 = ORIENTED_EDGE('',*,*,#3617,.F.);
#6657 = ORIENTED_EDGE('',*,*,#6658,.T.);
#6658 = EDGE_CURVE('',#3610,#1375,#6659,.T.);
#6659 = LINE('',#6660,#6661);
#6660 = CARTESIAN_POINT('',(64.258927263575,-70.577753,-4.6E-02));
#6661 = VECTOR('',#6662,1.);
#6662 = DIRECTION('',(-0.,-0.,-1.));
#6663 = CYLINDRICAL_SURFACE('',#6664,0.5);
#6664 = AXIS2_PLACEMENT_3D('',#6665,#6666,#6667);
#6665 = CARTESIAN_POINT('',(63.8354,-70.312,-4.6E-02));
#6666 = DIRECTION('',(-0.,-0.,-1.));
#6667 = DIRECTION('',(-1.42108547152E-14,-1.,0.));
#6668 = ADVANCED_FACE('',(#6669),#6680,.T.);
#6669 = FACE_BOUND('',#6670,.T.);
#6670 = EDGE_LOOP('',(#6671,#6672,#6673,#6674));
#6671 = ORIENTED_EDGE('',*,*,#1374,.F.);
#6672 = ORIENTED_EDGE('',*,*,#6658,.F.);
#6673 = ORIENTED_EDGE('',*,*,#3609,.T.);
#6674 = ORIENTED_EDGE('',*,*,#6675,.T.);
#6675 = EDGE_CURVE('',#3601,#1366,#6676,.T.);
#6676 = LINE('',#6677,#6678);
#6677 = CARTESIAN_POINT('',(65.291472736425,-70.577753,-4.6E-02));
#6678 = VECTOR('',#6679,1.);
#6679 = DIRECTION('',(-0.,-0.,-1.));
#6680 = PLANE('',#6681);
#6681 = AXIS2_PLACEMENT_3D('',#6682,#6683,#6684);
#6682 = CARTESIAN_POINT('',(64.258047,-70.577753,0.));
#6683 = DIRECTION('',(0.,1.,0.));
#6684 = DIRECTION('',(1.,0.,0.));
#6685 = ADVANCED_FACE('',(#6686),#6697,.F.);
#6686 = FACE_BOUND('',#6687,.T.);
#6687 = EDGE_LOOP('',(#6688,#6694,#6695,#6696));
#6688 = ORIENTED_EDGE('',*,*,#6689,.F.);
#6689 = EDGE_CURVE('',#1357,#3592,#6690,.T.);
#6690 = LINE('',#6691,#6692);
#6691 = CARTESIAN_POINT('',(65.715,-70.812,-4.6E-02));
#6692 = VECTOR('',#6693,1.);
#6693 = DIRECTION('',(0.,0.,1.));
#6694 = ORIENTED_EDGE('',*,*,#1365,.T.);
#6695 = ORIENTED_EDGE('',*,*,#6675,.F.);
#6696 = ORIENTED_EDGE('',*,*,#3600,.F.);
#6697 = CYLINDRICAL_SURFACE('',#6698,0.5);
#6698 = AXIS2_PLACEMENT_3D('',#6699,#6700,#6701);
#6699 = CARTESIAN_POINT('',(65.715,-70.312,-4.6E-02));
#6700 = DIRECTION('',(-0.,-0.,-1.));
#6701 = DIRECTION('',(-0.,-1.,0.));
#6702 = ADVANCED_FACE('',(#6703),#6714,.F.);
#6703 = FACE_BOUND('',#6704,.T.);
#6704 = EDGE_LOOP('',(#6705,#6706,#6707,#6708));
#6705 = ORIENTED_EDGE('',*,*,#1356,.T.);
#6706 = ORIENTED_EDGE('',*,*,#6689,.T.);
#6707 = ORIENTED_EDGE('',*,*,#3591,.F.);
#6708 = ORIENTED_EDGE('',*,*,#6709,.T.);
#6709 = EDGE_CURVE('',#3584,#1349,#6710,.T.);
#6710 = LINE('',#6711,#6712);
#6711 = CARTESIAN_POINT('',(65.985247,-69.89132606571,-4.6E-02));
#6712 = VECTOR('',#6713,1.);
#6713 = DIRECTION('',(-0.,-0.,-1.));
#6714 = CYLINDRICAL_SURFACE('',#6715,0.5);
#6715 = AXIS2_PLACEMENT_3D('',#6716,#6717,#6718);
#6716 = CARTESIAN_POINT('',(65.715,-70.312,-4.6E-02));
#6717 = DIRECTION('',(-0.,-0.,-1.));
#6718 = DIRECTION('',(-0.,-1.,0.));
#6719 = ADVANCED_FACE('',(#6720),#6731,.T.);
#6720 = FACE_BOUND('',#6721,.T.);
#6721 = EDGE_LOOP('',(#6722,#6723,#6724,#6725));
#6722 = ORIENTED_EDGE('',*,*,#1348,.F.);
#6723 = ORIENTED_EDGE('',*,*,#6709,.F.);
#6724 = ORIENTED_EDGE('',*,*,#3583,.T.);
#6725 = ORIENTED_EDGE('',*,*,#6726,.F.);
#6726 = EDGE_CURVE('',#1340,#3575,#6727,.T.);
#6727 = LINE('',#6728,#6729);
#6728 = CARTESIAN_POINT('',(65.985247,-68.291753,0.));
#6729 = VECTOR('',#6730,1.);
#6730 = DIRECTION('',(0.,0.,1.));
#6731 = PLANE('',#6732);
#6732 = AXIS2_PLACEMENT_3D('',#6733,#6734,#6735);
#6733 = CARTESIAN_POINT('',(65.985247,-69.891953,0.));
#6734 = DIRECTION('',(-1.,0.,0.));
#6735 = DIRECTION('',(0.,1.,0.));
#6736 = ADVANCED_FACE('',(#6737),#6748,.F.);
#6737 = FACE_BOUND('',#6738,.T.);
#6738 = EDGE_LOOP('',(#6739,#6740,#6741,#6747));
#6739 = ORIENTED_EDGE('',*,*,#6726,.T.);
#6740 = ORIENTED_EDGE('',*,*,#3574,.T.);
#6741 = ORIENTED_EDGE('',*,*,#6742,.F.);
#6742 = EDGE_CURVE('',#1332,#3567,#6743,.T.);
#6743 = LINE('',#6744,#6745);
#6744 = CARTESIAN_POINT('',(65.604247,-67.910753,0.));
#6745 = VECTOR('',#6746,1.);
#6746 = DIRECTION('',(0.,0.,1.));
#6747 = ORIENTED_EDGE('',*,*,#1339,.F.);
#6748 = CYLINDRICAL_SURFACE('',#6749,0.380995505729);
#6749 = AXIS2_PLACEMENT_3D('',#6750,#6751,#6752);
#6750 = CARTESIAN_POINT('',(65.604251494297,-68.2917485057,0.));
#6751 = DIRECTION('',(-0.,-0.,-1.));
#6752 = DIRECTION('',(0.99999999993,-1.179619483088E-05,0.));
#6753 = ADVANCED_FACE('',(#6754),#6760,.T.);
#6754 = FACE_BOUND('',#6755,.T.);
#6755 = EDGE_LOOP('',(#6756,#6757,#6758,#6759));
#6756 = ORIENTED_EDGE('',*,*,#6742,.T.);
#6757 = ORIENTED_EDGE('',*,*,#3566,.T.);
#6758 = ORIENTED_EDGE('',*,*,#6599,.F.);
#6759 = ORIENTED_EDGE('',*,*,#1331,.F.);
#6760 = PLANE('',#6761);
#6761 = AXIS2_PLACEMENT_3D('',#6762,#6763,#6764);
#6762 = CARTESIAN_POINT('',(65.604247,-67.910753,0.));
#6763 = DIRECTION('',(0.,-1.,0.));
#6764 = DIRECTION('',(-1.,0.,0.));
#6765 = ADVANCED_FACE('',(#6766),#6777,.F.);
#6766 = FACE_BOUND('',#6767,.T.);
#6767 = EDGE_LOOP('',(#6768,#6769,#6775,#6776));
#6768 = ORIENTED_EDGE('',*,*,#1408,.T.);
#6769 = ORIENTED_EDGE('',*,*,#6770,.T.);
#6770 = EDGE_CURVE('',#1409,#3644,#6771,.T.);
#6771 = LINE('',#6772,#6773);
#6772 = CARTESIAN_POINT('',(67.62,-69.0264,-4.6E-02));
#6773 = VECTOR('',#6774,1.);
#6774 = DIRECTION('',(0.,0.,1.));
#6775 = ORIENTED_EDGE('',*,*,#3643,.F.);
#6776 = ORIENTED_EDGE('',*,*,#6770,.F.);
#6777 = CYLINDRICAL_SURFACE('',#6778,0.4064);
#6778 = AXIS2_PLACEMENT_3D('',#6779,#6780,#6781);
#6779 = CARTESIAN_POINT('',(67.62,-68.62,-4.6E-02));
#6780 = DIRECTION('',(-0.,-0.,-1.));
#6781 = DIRECTION('',(-0.,-1.,0.));
#6782 = ADVANCED_FACE('',(#6783),#6794,.F.);
#6783 = FACE_BOUND('',#6784,.T.);
#6784 = EDGE_LOOP('',(#6785,#6786,#6792,#6793));
#6785 = ORIENTED_EDGE('',*,*,#1419,.T.);
#6786 = ORIENTED_EDGE('',*,*,#6787,.T.);
#6787 = EDGE_CURVE('',#1420,#3655,#6788,.T.);
#6788 = LINE('',#6789,#6790);
#6789 = CARTESIAN_POINT('',(80.,-84.925,-4.6E-02));
#6790 = VECTOR('',#6791,1.);
#6791 = DIRECTION('',(0.,0.,1.));
#6792 = ORIENTED_EDGE('',*,*,#3654,.F.);
#6793 = ORIENTED_EDGE('',*,*,#6787,.F.);
#6794 = CYLINDRICAL_SURFACE('',#6795,1.525);
#6795 = AXIS2_PLACEMENT_3D('',#6796,#6797,#6798);
#6796 = CARTESIAN_POINT('',(80.,-83.4,-4.6E-02));
#6797 = DIRECTION('',(-0.,-0.,-1.));
#6798 = DIRECTION('',(-0.,-1.,0.));
#6799 = ADVANCED_FACE('',(#6800),#6811,.F.);
#6800 = FACE_BOUND('',#6801,.T.);
#6801 = EDGE_LOOP('',(#6802,#6803,#6809,#6810));
#6802 = ORIENTED_EDGE('',*,*,#1430,.T.);
#6803 = ORIENTED_EDGE('',*,*,#6804,.T.);
#6804 = EDGE_CURVE('',#1431,#3666,#6805,.T.);
#6805 = LINE('',#6806,#6807);
#6806 = CARTESIAN_POINT('',(80.,-80.025,-4.6E-02));
#6807 = VECTOR('',#6808,1.);
#6808 = DIRECTION('',(0.,0.,1.));
#6809 = ORIENTED_EDGE('',*,*,#3665,.F.);
#6810 = ORIENTED_EDGE('',*,*,#6804,.F.);
#6811 = CYLINDRICAL_SURFACE('',#6812,2.525);
#6812 = AXIS2_PLACEMENT_3D('',#6813,#6814,#6815);
#6813 = CARTESIAN_POINT('',(80.,-77.5,-4.6E-02));
#6814 = DIRECTION('',(-0.,-0.,-1.));
#6815 = DIRECTION('',(-0.,-1.,0.));
#6816 = ADVANCED_FACE('',(#6817),#6828,.F.);
#6817 = FACE_BOUND('',#6818,.T.);
#6818 = EDGE_LOOP('',(#6819,#6820,#6826,#6827));
#6819 = ORIENTED_EDGE('',*,*,#1441,.T.);
#6820 = ORIENTED_EDGE('',*,*,#6821,.T.);
#6821 = EDGE_CURVE('',#1442,#3677,#6822,.T.);
#6822 = LINE('',#6823,#6824);
#6823 = CARTESIAN_POINT('',(85.5,-78.45,-4.6E-02));
#6824 = VECTOR('',#6825,1.);
#6825 = DIRECTION('',(0.,0.,1.));
#6826 = ORIENTED_EDGE('',*,*,#3676,.F.);
#6827 = ORIENTED_EDGE('',*,*,#6821,.F.);
#6828 = CYLINDRICAL_SURFACE('',#6829,0.95);
#6829 = AXIS2_PLACEMENT_3D('',#6830,#6831,#6832);
#6830 = CARTESIAN_POINT('',(85.5,-77.5,-4.6E-02));
#6831 = DIRECTION('',(-0.,-0.,-1.));
#6832 = DIRECTION('',(-0.,-1.,0.));
#6833 = ADVANCED_FACE('',(#6834),#6845,.F.);
#6834 = FACE_BOUND('',#6835,.T.);
#6835 = EDGE_LOOP('',(#6836,#6837,#6843,#6844));
#6836 = ORIENTED_EDGE('',*,*,#1452,.T.);
#6837 = ORIENTED_EDGE('',*,*,#6838,.T.);
#6838 = EDGE_CURVE('',#1453,#3688,#6839,.T.);
#6839 = LINE('',#6840,#6841);
#6840 = CARTESIAN_POINT('',(93.,-80.825,-4.6E-02));
#6841 = VECTOR('',#6842,1.);
#6842 = DIRECTION('',(0.,0.,1.));
#6843 = ORIENTED_EDGE('',*,*,#3687,.F.);
#6844 = ORIENTED_EDGE('',*,*,#6838,.F.);
#6845 = CYLINDRICAL_SURFACE('',#6846,1.525);
#6846 = AXIS2_PLACEMENT_3D('',#6847,#6848,#6849);
#6847 = CARTESIAN_POINT('',(93.,-79.3,-4.6E-02));
#6848 = DIRECTION('',(-0.,-0.,-1.));
#6849 = DIRECTION('',(-0.,-1.,0.));
#6850 = ADVANCED_FACE('',(#6851),#6862,.F.);
#6851 = FACE_BOUND('',#6852,.T.);
#6852 = EDGE_LOOP('',(#6853,#6854,#6860,#6861));
#6853 = ORIENTED_EDGE('',*,*,#1463,.T.);
#6854 = ORIENTED_EDGE('',*,*,#6855,.T.);
#6855 = EDGE_CURVE('',#1464,#3699,#6856,.T.);
#6856 = LINE('',#6857,#6858);
#6857 = CARTESIAN_POINT('',(98.,-82.925,-4.6E-02));
#6858 = VECTOR('',#6859,1.);
#6859 = DIRECTION('',(0.,0.,1.));
#6860 = ORIENTED_EDGE('',*,*,#3698,.F.);
#6861 = ORIENTED_EDGE('',*,*,#6855,.F.);
#6862 = CYLINDRICAL_SURFACE('',#6863,1.525);
#6863 = AXIS2_PLACEMENT_3D('',#6864,#6865,#6866);
#6864 = CARTESIAN_POINT('',(98.,-81.4,-4.6E-02));
#6865 = DIRECTION('',(-0.,-0.,-1.));
#6866 = DIRECTION('',(-0.,-1.,0.));
#6867 = ADVANCED_FACE('',(#6868),#6879,.F.);
#6868 = FACE_BOUND('',#6869,.T.);
#6869 = EDGE_LOOP('',(#6870,#6871,#6877,#6878));
#6870 = ORIENTED_EDGE('',*,*,#1474,.T.);
#6871 = ORIENTED_EDGE('',*,*,#6872,.T.);
#6872 = EDGE_CURVE('',#1475,#3710,#6873,.T.);
#6873 = LINE('',#6874,#6875);
#6874 = CARTESIAN_POINT('',(85.,-73.15,-4.6E-02));
#6875 = VECTOR('',#6876,1.);
#6876 = DIRECTION('',(0.,0.,1.));
#6877 = ORIENTED_EDGE('',*,*,#3709,.F.);
#6878 = ORIENTED_EDGE('',*,*,#6872,.F.);
#6879 = CYLINDRICAL_SURFACE('',#6880,0.8);
#6880 = AXIS2_PLACEMENT_3D('',#6881,#6882,#6883);
#6881 = CARTESIAN_POINT('',(85.,-72.35,-4.6E-02));
#6882 = DIRECTION('',(-0.,-0.,-1.));
#6883 = DIRECTION('',(-0.,-1.,0.));
#6884 = ADVANCED_FACE('',(#6885),#6896,.F.);
#6885 = FACE_BOUND('',#6886,.T.);
#6886 = EDGE_LOOP('',(#6887,#6888,#6894,#6895));
#6887 = ORIENTED_EDGE('',*,*,#1485,.T.);
#6888 = ORIENTED_EDGE('',*,*,#6889,.T.);
#6889 = EDGE_CURVE('',#1486,#3721,#6890,.T.);
#6890 = LINE('',#6891,#6892);
#6891 = CARTESIAN_POINT('',(92.5,-76.45,-4.6E-02));
#6892 = VECTOR('',#6893,1.);
#6893 = DIRECTION('',(0.,0.,1.));
#6894 = ORIENTED_EDGE('',*,*,#3720,.F.);
#6895 = ORIENTED_EDGE('',*,*,#6889,.F.);
#6896 = CYLINDRICAL_SURFACE('',#6897,0.95);
#6897 = AXIS2_PLACEMENT_3D('',#6898,#6899,#6900);
#6898 = CARTESIAN_POINT('',(92.5,-75.5,-4.6E-02));
#6899 = DIRECTION('',(-0.,-0.,-1.));
#6900 = DIRECTION('',(-0.,-1.,0.));
#6901 = ADVANCED_FACE('',(#6902),#6913,.F.);
#6902 = FACE_BOUND('',#6903,.T.);
#6903 = EDGE_LOOP('',(#6904,#6905,#6911,#6912));
#6904 = ORIENTED_EDGE('',*,*,#1496,.T.);
#6905 = ORIENTED_EDGE('',*,*,#6906,.T.);
#6906 = EDGE_CURVE('',#1497,#3732,#6907,.T.);
#6907 = LINE('',#6908,#6909);
#6908 = CARTESIAN_POINT('',(98.,-78.025,-4.6E-02));
#6909 = VECTOR('',#6910,1.);
#6910 = DIRECTION('',(0.,0.,1.));
#6911 = ORIENTED_EDGE('',*,*,#3731,.F.);
#6912 = ORIENTED_EDGE('',*,*,#6906,.F.);
#6913 = CYLINDRICAL_SURFACE('',#6914,2.525);
#6914 = AXIS2_PLACEMENT_3D('',#6915,#6916,#6917);
#6915 = CARTESIAN_POINT('',(98.,-75.5,-4.6E-02));
#6916 = DIRECTION('',(-0.,-0.,-1.));
#6917 = DIRECTION('',(-0.,-1.,0.));
#6918 = ADVANCED_FACE('',(#6919),#6930,.F.);
#6919 = FACE_BOUND('',#6920,.T.);
#6920 = EDGE_LOOP('',(#6921,#6922,#6928,#6929));
#6921 = ORIENTED_EDGE('',*,*,#1507,.T.);
#6922 = ORIENTED_EDGE('',*,*,#6923,.T.);
#6923 = EDGE_CURVE('',#1508,#3743,#6924,.T.);
#6924 = LINE('',#6925,#6926);
#6925 = CARTESIAN_POINT('',(103.5,-76.45,-4.6E-02));
#6926 = VECTOR('',#6927,1.);
#6927 = DIRECTION('',(0.,0.,1.));
#6928 = ORIENTED_EDGE('',*,*,#3742,.F.);
#6929 = ORIENTED_EDGE('',*,*,#6923,.F.);
#6930 = CYLINDRICAL_SURFACE('',#6931,0.95);
#6931 = AXIS2_PLACEMENT_3D('',#6932,#6933,#6934);
#6932 = CARTESIAN_POINT('',(103.5,-75.5,-4.6E-02));
#6933 = DIRECTION('',(-0.,-0.,-1.));
#6934 = DIRECTION('',(-0.,-1.,0.));
#6935 = ADVANCED_FACE('',(#6936),#6947,.F.);
#6936 = FACE_BOUND('',#6937,.T.);
#6937 = EDGE_LOOP('',(#6938,#6939,#6945,#6946));
#6938 = ORIENTED_EDGE('',*,*,#1518,.T.);
#6939 = ORIENTED_EDGE('',*,*,#6940,.T.);
#6940 = EDGE_CURVE('',#1519,#3754,#6941,.T.);
#6941 = LINE('',#6942,#6943);
#6942 = CARTESIAN_POINT('',(103.,-71.15,-4.6E-02));
#6943 = VECTOR('',#6944,1.);
#6944 = DIRECTION('',(0.,0.,1.));
#6945 = ORIENTED_EDGE('',*,*,#3753,.F.);
#6946 = ORIENTED_EDGE('',*,*,#6940,.F.);
#6947 = CYLINDRICAL_SURFACE('',#6948,0.8);
#6948 = AXIS2_PLACEMENT_3D('',#6949,#6950,#6951);
#6949 = CARTESIAN_POINT('',(103.,-70.35,-4.6E-02));
#6950 = DIRECTION('',(-0.,-0.,-1.));
#6951 = DIRECTION('',(-0.,-1.,0.));
#6952 = ADVANCED_FACE('',(#6953),#6964,.F.);
#6953 = FACE_BOUND('',#6954,.T.);
#6954 = EDGE_LOOP('',(#6955,#6956,#6962,#6963));
#6955 = ORIENTED_EDGE('',*,*,#1529,.T.);
#6956 = ORIENTED_EDGE('',*,*,#6957,.T.);
#6957 = EDGE_CURVE('',#1530,#3765,#6958,.T.);
#6958 = LINE('',#6959,#6960);
#6959 = CARTESIAN_POINT('',(52.38,-66.4864,-4.6E-02));
#6960 = VECTOR('',#6961,1.);
#6961 = DIRECTION('',(0.,0.,1.));
#6962 = ORIENTED_EDGE('',*,*,#3764,.F.);
#6963 = ORIENTED_EDGE('',*,*,#6957,.F.);
#6964 = CYLINDRICAL_SURFACE('',#6965,0.4064);
#6965 = AXIS2_PLACEMENT_3D('',#6966,#6967,#6968);
#6966 = CARTESIAN_POINT('',(52.38,-66.08,-4.6E-02));
#6967 = DIRECTION('',(-0.,0.,-1.));
#6968 = DIRECTION('',(1.748382715945E-14,-1.,-0.));
#6969 = ADVANCED_FACE('',(#6970),#6981,.F.);
#6970 = FACE_BOUND('',#6971,.T.);
#6971 = EDGE_LOOP('',(#6972,#6973,#6979,#6980));
#6972 = ORIENTED_EDGE('',*,*,#1540,.T.);
#6973 = ORIENTED_EDGE('',*,*,#6974,.T.);
#6974 = EDGE_CURVE('',#1541,#3776,#6975,.T.);
#6975 = LINE('',#6976,#6977);
#6976 = CARTESIAN_POINT('',(52.38,-63.9464,-4.6E-02));
#6977 = VECTOR('',#6978,1.);
#6978 = DIRECTION('',(0.,0.,1.));
#6979 = ORIENTED_EDGE('',*,*,#3775,.F.);
#6980 = ORIENTED_EDGE('',*,*,#6974,.F.);
#6981 = CYLINDRICAL_SURFACE('',#6982,0.4064);
#6982 = AXIS2_PLACEMENT_3D('',#6983,#6984,#6985);
#6983 = CARTESIAN_POINT('',(52.38,-63.54,-4.6E-02));
#6984 = DIRECTION('',(-0.,0.,-1.));
#6985 = DIRECTION('',(1.748382715945E-14,-1.,-0.));
#6986 = ADVANCED_FACE('',(#6987),#6998,.F.);
#6987 = FACE_BOUND('',#6988,.T.);
#6988 = EDGE_LOOP('',(#6989,#6990,#6996,#6997));
#6989 = ORIENTED_EDGE('',*,*,#1551,.T.);
#6990 = ORIENTED_EDGE('',*,*,#6991,.T.);
#6991 = EDGE_CURVE('',#1552,#3787,#6992,.T.);
#6992 = LINE('',#6993,#6994);
#6993 = CARTESIAN_POINT('',(52.38,-61.4064,-4.6E-02));
#6994 = VECTOR('',#6995,1.);
#6995 = DIRECTION('',(0.,0.,1.));
#6996 = ORIENTED_EDGE('',*,*,#3786,.F.);
#6997 = ORIENTED_EDGE('',*,*,#6991,.F.);
#6998 = CYLINDRICAL_SURFACE('',#6999,0.4064);
#6999 = AXIS2_PLACEMENT_3D('',#7000,#7001,#7002);
#7000 = CARTESIAN_POINT('',(52.38,-61.,-4.6E-02));
#7001 = DIRECTION('',(-0.,0.,-1.));
#7002 = DIRECTION('',(1.748382715945E-14,-1.,-0.));
#7003 = ADVANCED_FACE('',(#7004),#7015,.F.);
#7004 = FACE_BOUND('',#7005,.T.);
#7005 = EDGE_LOOP('',(#7006,#7007,#7013,#7014));
#7006 = ORIENTED_EDGE('',*,*,#1562,.T.);
#7007 = ORIENTED_EDGE('',*,*,#7008,.T.);
#7008 = EDGE_CURVE('',#1563,#3798,#7009,.T.);
#7009 = LINE('',#7010,#7011);
#7010 = CARTESIAN_POINT('',(52.38,-58.8664,-4.6E-02));
#7011 = VECTOR('',#7012,1.);
#7012 = DIRECTION('',(0.,0.,1.));
#7013 = ORIENTED_EDGE('',*,*,#3797,.F.);
#7014 = ORIENTED_EDGE('',*,*,#7008,.F.);
#7015 = CYLINDRICAL_SURFACE('',#7016,0.4064);
#7016 = AXIS2_PLACEMENT_3D('',#7017,#7018,#7019);
#7017 = CARTESIAN_POINT('',(52.38,-58.46,-4.6E-02));
#7018 = DIRECTION('',(-0.,0.,-1.));
#7019 = DIRECTION('',(1.748382715945E-14,-1.,-0.));
#7020 = ADVANCED_FACE('',(#7021),#7037,.T.);
#7021 = FACE_BOUND('',#7022,.T.);
#7022 = EDGE_LOOP('',(#7023,#7024,#7030,#7031));
#7023 = ORIENTED_EDGE('',*,*,#1573,.F.);
#7024 = ORIENTED_EDGE('',*,*,#7025,.F.);
#7025 = EDGE_CURVE('',#3809,#1574,#7026,.T.);
#7026 = LINE('',#7027,#7028);
#7027 = CARTESIAN_POINT('',(55.400622295284,-59.25357073531,0.));
#7028 = VECTOR('',#7029,1.);
#7029 = DIRECTION('',(0.,0.,-1.));
#7030 = ORIENTED_EDGE('',*,*,#3808,.T.);
#7031 = ORIENTED_EDGE('',*,*,#7032,.F.);
#7032 = EDGE_CURVE('',#1576,#3811,#7033,.T.);
#7033 = LINE('',#7034,#7035);
#7034 = CARTESIAN_POINT('',(55.292247,-59.208047,0.));
#7035 = VECTOR('',#7036,1.);
#7036 = DIRECTION('',(0.,0.,1.));
#7037 = CYLINDRICAL_SURFACE('',#7038,0.503256025803);
#7038 = AXIS2_PLACEMENT_3D('',#7039,#7040,#7041);
#7039 = CARTESIAN_POINT('',(55.540000251482,-58.77000025148,0.));
#7040 = DIRECTION('',(0.,0.,-1.));
#7041 = DIRECTION('',(0.870425242935,0.492300615946,0.));
#7042 = ADVANCED_FACE('',(#7043),#7054,.T.);
#7043 = FACE_BOUND('',#7044,.T.);
#7044 = EDGE_LOOP('',(#7045,#7046,#7047,#7053));
#7045 = ORIENTED_EDGE('',*,*,#7032,.T.);
#7046 = ORIENTED_EDGE('',*,*,#3897,.T.);
#7047 = ORIENTED_EDGE('',*,*,#7048,.F.);
#7048 = EDGE_CURVE('',#1654,#3889,#7049,.T.);
#7049 = LINE('',#7050,#7051);
#7050 = CARTESIAN_POINT('',(55.292247,-60.249447,0.));
#7051 = VECTOR('',#7052,1.);
#7052 = DIRECTION('',(0.,0.,1.));
#7053 = ORIENTED_EDGE('',*,*,#1662,.F.);
#7054 = PLANE('',#7055);
#7055 = AXIS2_PLACEMENT_3D('',#7056,#7057,#7058);
#7056 = CARTESIAN_POINT('',(55.292247,-59.208047,0.));
#7057 = DIRECTION('',(1.,0.,-0.));
#7058 = DIRECTION('',(0.,-1.,0.));
#7059 = ADVANCED_FACE('',(#7060),#7071,.T.);
#7060 = FACE_BOUND('',#7061,.T.);
#7061 = EDGE_LOOP('',(#7062,#7063,#7064,#7065));
#7062 = ORIENTED_EDGE('',*,*,#1653,.F.);
#7063 = ORIENTED_EDGE('',*,*,#7048,.T.);
#7064 = ORIENTED_EDGE('',*,*,#3888,.T.);
#7065 = ORIENTED_EDGE('',*,*,#7066,.T.);
#7066 = EDGE_CURVE('',#3880,#1645,#7067,.T.);
#7067 = LINE('',#7068,#7069);
#7068 = CARTESIAN_POINT('',(55.506612684873,-60.18534683992,0.));
#7069 = VECTOR('',#7070,1.);
#7070 = DIRECTION('',(0.,0.,-1.));
#7071 = CYLINDRICAL_SURFACE('',#7072,0.503256283864);
#7072 = AXIS2_PLACEMENT_3D('',#7073,#7074,#7075);
#7073 = CARTESIAN_POINT('',(55.539999569008,-60.68749443099,0.));
#7074 = DIRECTION('',(0.,0.,-1.));
#7075 = DIRECTION('',(-0.492299007388,0.870426152712,0.));
#7076 = ADVANCED_FACE('',(#7077),#7088,.F.);
#7077 = FACE_BOUND('',#7078,.T.);
#7078 = EDGE_LOOP('',(#7079,#7085,#7086,#7087));
#7079 = ORIENTED_EDGE('',*,*,#7080,.F.);
#7080 = EDGE_CURVE('',#1636,#3871,#7081,.T.);
#7081 = LINE('',#7082,#7083);
#7082 = CARTESIAN_POINT('',(55.555,-61.183,-4.6E-02));
#7083 = VECTOR('',#7084,1.);
#7084 = DIRECTION('',(0.,0.,1.));
#7085 = ORIENTED_EDGE('',*,*,#1644,.T.);
#7086 = ORIENTED_EDGE('',*,*,#7066,.F.);
#7087 = ORIENTED_EDGE('',*,*,#3879,.F.);
#7088 = CYLINDRICAL_SURFACE('',#7089,0.5);
#7089 = AXIS2_PLACEMENT_3D('',#7090,#7091,#7092);
#7090 = CARTESIAN_POINT('',(55.555,-60.683,-4.6E-02));
#7091 = DIRECTION('',(-0.,-0.,-1.));
#7092 = DIRECTION('',(-0.,-1.,0.));
#7093 = ADVANCED_FACE('',(#7094),#7105,.F.);
#7094 = FACE_BOUND('',#7095,.T.);
#7095 = EDGE_LOOP('',(#7096,#7097,#7098,#7099));
#7096 = ORIENTED_EDGE('',*,*,#1635,.T.);
#7097 = ORIENTED_EDGE('',*,*,#7080,.T.);
#7098 = ORIENTED_EDGE('',*,*,#3870,.F.);
#7099 = ORIENTED_EDGE('',*,*,#7100,.T.);
#7100 = EDGE_CURVE('',#3863,#1628,#7101,.T.);
#7101 = LINE('',#7102,#7103);
#7102 = CARTESIAN_POINT('',(55.98670759895,-60.935247,-4.6E-02));
#7103 = VECTOR('',#7104,1.);
#7104 = DIRECTION('',(-0.,-0.,-1.));
#7105 = CYLINDRICAL_SURFACE('',#7106,0.5);
#7106 = AXIS2_PLACEMENT_3D('',#7107,#7108,#7109);
#7107 = CARTESIAN_POINT('',(55.555,-60.683,-4.6E-02));
#7108 = DIRECTION('',(-0.,-0.,-1.));
#7109 = DIRECTION('',(-0.,-1.,0.));
#7110 = ADVANCED_FACE('',(#7111),#7122,.T.);
#7111 = FACE_BOUND('',#7112,.T.);
#7112 = EDGE_LOOP('',(#7113,#7114,#7115,#7116));
#7113 = ORIENTED_EDGE('',*,*,#1627,.F.);
#7114 = ORIENTED_EDGE('',*,*,#7100,.F.);
#7115 = ORIENTED_EDGE('',*,*,#3862,.T.);
#7116 = ORIENTED_EDGE('',*,*,#7117,.F.);
#7117 = EDGE_CURVE('',#1619,#3854,#7118,.T.);
#7118 = LINE('',#7119,#7120);
#7119 = CARTESIAN_POINT('',(57.578247,-60.935247,0.));
#7120 = VECTOR('',#7121,1.);
#7121 = DIRECTION('',(0.,0.,1.));
#7122 = PLANE('',#7123);
#7123 = AXIS2_PLACEMENT_3D('',#7124,#7125,#7126);
#7124 = CARTESIAN_POINT('',(55.978047,-60.935247,0.));
#7125 = DIRECTION('',(0.,1.,0.));
#7126 = DIRECTION('',(1.,0.,0.));
#7127 = ADVANCED_FACE('',(#7128),#7139,.F.);
#7128 = FACE_BOUND('',#7129,.T.);
#7129 = EDGE_LOOP('',(#7130,#7131,#7132,#7138));
#7130 = ORIENTED_EDGE('',*,*,#7117,.T.);
#7131 = ORIENTED_EDGE('',*,*,#3853,.T.);
#7132 = ORIENTED_EDGE('',*,*,#7133,.F.);
#7133 = EDGE_CURVE('',#1611,#3846,#7134,.T.);
#7134 = LINE('',#7135,#7136);
#7135 = CARTESIAN_POINT('',(57.959247,-60.554247,0.));
#7136 = VECTOR('',#7137,1.);
#7137 = DIRECTION('',(0.,0.,1.));
#7138 = ORIENTED_EDGE('',*,*,#1618,.F.);
#7139 = CYLINDRICAL_SURFACE('',#7140,0.380995505729);
#7140 = AXIS2_PLACEMENT_3D('',#7141,#7142,#7143);
#7141 = CARTESIAN_POINT('',(57.578251494297,-60.55425149429,0.));
#7142 = DIRECTION('',(-0.,-0.,-1.));
#7143 = DIRECTION('',(-1.179619490548E-05,-0.99999999993,0.));
#7144 = ADVANCED_FACE('',(#7145),#7156,.T.);
#7145 = FACE_BOUND('',#7146,.T.);
#7146 = EDGE_LOOP('',(#7147,#7148,#7149,#7155));
#7147 = ORIENTED_EDGE('',*,*,#7133,.T.);
#7148 = ORIENTED_EDGE('',*,*,#3845,.T.);
#7149 = ORIENTED_EDGE('',*,*,#7150,.F.);
#7150 = EDGE_CURVE('',#1602,#3837,#7151,.T.);
#7151 = LINE('',#7152,#7153);
#7152 = CARTESIAN_POINT('',(57.959247,-58.903247,0.));
#7153 = VECTOR('',#7154,1.);
#7154 = DIRECTION('',(0.,0.,1.));
#7155 = ORIENTED_EDGE('',*,*,#1610,.F.);
#7156 = PLANE('',#7157);
#7157 = AXIS2_PLACEMENT_3D('',#7158,#7159,#7160);
#7158 = CARTESIAN_POINT('',(57.959247,-60.554247,0.));
#7159 = DIRECTION('',(-1.,0.,0.));
#7160 = DIRECTION('',(0.,1.,0.));
#7161 = ADVANCED_FACE('',(#7162),#7173,.F.);
#7162 = FACE_BOUND('',#7163,.T.);
#7163 = EDGE_LOOP('',(#7164,#7165,#7166,#7172));
#7164 = ORIENTED_EDGE('',*,*,#7150,.T.);
#7165 = ORIENTED_EDGE('',*,*,#3836,.T.);
#7166 = ORIENTED_EDGE('',*,*,#7167,.F.);
#7167 = EDGE_CURVE('',#1594,#3829,#7168,.T.);
#7168 = LINE('',#7169,#7170);
#7169 = CARTESIAN_POINT('',(57.578247,-58.522247,0.));
#7170 = VECTOR('',#7171,1.);
#7171 = DIRECTION('',(0.,0.,1.));
#7172 = ORIENTED_EDGE('',*,*,#1601,.F.);
#7173 = CYLINDRICAL_SURFACE('',#7174,0.380992091699);
#7174 = AXIS2_PLACEMENT_3D('',#7175,#7176,#7177);
#7175 = CARTESIAN_POINT('',(57.578254908383,-58.90323909161,0.));
#7176 = DIRECTION('',(-0.,-0.,-1.));
#7177 = DIRECTION('',(0.999999999785,-2.075734157073E-05,0.));
#7178 = ADVANCED_FACE('',(#7179),#7190,.T.);
#7179 = FACE_BOUND('',#7180,.T.);
#7180 = EDGE_LOOP('',(#7181,#7182,#7183,#7184));
#7181 = ORIENTED_EDGE('',*,*,#1593,.F.);
#7182 = ORIENTED_EDGE('',*,*,#7167,.T.);
#7183 = ORIENTED_EDGE('',*,*,#3828,.T.);
#7184 = ORIENTED_EDGE('',*,*,#7185,.T.);
#7185 = EDGE_CURVE('',#3820,#1585,#7186,.T.);
#7186 = LINE('',#7187,#7188);
#7187 = CARTESIAN_POINT('',(55.984639852657,-58.522247,-4.6E-02));
#7188 = VECTOR('',#7189,1.);
#7189 = DIRECTION('',(-0.,-0.,-1.));
#7190 = PLANE('',#7191);
#7191 = AXIS2_PLACEMENT_3D('',#7192,#7193,#7194);
#7192 = CARTESIAN_POINT('',(57.578247,-58.522247,0.));
#7193 = DIRECTION('',(0.,-1.,0.));
#7194 = DIRECTION('',(-1.,0.,0.));
#7195 = ADVANCED_FACE('',(#7196),#7202,.F.);
#7196 = FACE_BOUND('',#7197,.T.);
#7197 = EDGE_LOOP('',(#7198,#7199,#7200,#7201));
#7198 = ORIENTED_EDGE('',*,*,#3819,.F.);
#7199 = ORIENTED_EDGE('',*,*,#7025,.T.);
#7200 = ORIENTED_EDGE('',*,*,#1584,.T.);
#7201 = ORIENTED_EDGE('',*,*,#7185,.F.);
#7202 = CYLINDRICAL_SURFACE('',#7203,0.5);
#7203 = AXIS2_PLACEMENT_3D('',#7204,#7205,#7206);
#7204 = CARTESIAN_POINT('',(55.555,-58.778,-4.6E-02));
#7205 = DIRECTION('',(-0.,-0.,-1.));
#7206 = DIRECTION('',(-0.,-1.,0.));
#7207 = ADVANCED_FACE('',(#7208),#7219,.F.);
#7208 = FACE_BOUND('',#7209,.T.);
#7209 = EDGE_LOOP('',(#7210,#7211,#7217,#7218));
#7210 = ORIENTED_EDGE('',*,*,#1670,.T.);
#7211 = ORIENTED_EDGE('',*,*,#7212,.T.);
#7212 = EDGE_CURVE('',#1671,#3906,#7213,.T.);
#7213 = LINE('',#7214,#7215);
#7214 = CARTESIAN_POINT('',(67.62,-66.4864,-4.6E-02));
#7215 = VECTOR('',#7216,1.);
#7216 = DIRECTION('',(0.,0.,1.));
#7217 = ORIENTED_EDGE('',*,*,#3905,.F.);
#7218 = ORIENTED_EDGE('',*,*,#7212,.F.);
#7219 = CYLINDRICAL_SURFACE('',#7220,0.4064);
#7220 = AXIS2_PLACEMENT_3D('',#7221,#7222,#7223);
#7221 = CARTESIAN_POINT('',(67.62,-66.08,-4.6E-02));
#7222 = DIRECTION('',(-0.,-0.,-1.));
#7223 = DIRECTION('',(-0.,-1.,0.));
#7224 = ADVANCED_FACE('',(#7225),#7236,.F.);
#7225 = FACE_BOUND('',#7226,.T.);
#7226 = EDGE_LOOP('',(#7227,#7228,#7234,#7235));
#7227 = ORIENTED_EDGE('',*,*,#1681,.T.);
#7228 = ORIENTED_EDGE('',*,*,#7229,.T.);
#7229 = EDGE_CURVE('',#1682,#3917,#7230,.T.);
#7230 = LINE('',#7231,#7232);
#7231 = CARTESIAN_POINT('',(67.62,-63.9464,-4.6E-02));
#7232 = VECTOR('',#7233,1.);
#7233 = DIRECTION('',(0.,0.,1.));
#7234 = ORIENTED_EDGE('',*,*,#3916,.F.);
#7235 = ORIENTED_EDGE('',*,*,#7229,.F.);
#7236 = CYLINDRICAL_SURFACE('',#7237,0.4064);
#7237 = AXIS2_PLACEMENT_3D('',#7238,#7239,#7240);
#7238 = CARTESIAN_POINT('',(67.62,-63.54,-4.6E-02));
#7239 = DIRECTION('',(-0.,-0.,-1.));
#7240 = DIRECTION('',(-0.,-1.,0.));
#7241 = ADVANCED_FACE('',(#7242),#7253,.F.);
#7242 = FACE_BOUND('',#7243,.T.);
#7243 = EDGE_LOOP('',(#7244,#7245,#7251,#7252));
#7244 = ORIENTED_EDGE('',*,*,#1692,.T.);
#7245 = ORIENTED_EDGE('',*,*,#7246,.T.);
#7246 = EDGE_CURVE('',#1693,#3928,#7247,.T.);
#7247 = LINE('',#7248,#7249);
#7248 = CARTESIAN_POINT('',(75.,-65.825,-4.6E-02));
#7249 = VECTOR('',#7250,1.);
#7250 = DIRECTION('',(0.,0.,1.));
#7251 = ORIENTED_EDGE('',*,*,#3927,.F.);
#7252 = ORIENTED_EDGE('',*,*,#7246,.F.);
#7253 = CYLINDRICAL_SURFACE('',#7254,1.525);
#7254 = AXIS2_PLACEMENT_3D('',#7255,#7256,#7257);
#7255 = CARTESIAN_POINT('',(75.,-64.3,-4.6E-02));
#7256 = DIRECTION('',(-0.,-0.,-1.));
#7257 = DIRECTION('',(-0.,-1.,0.));
#7258 = ADVANCED_FACE('',(#7259),#7270,.F.);
#7259 = FACE_BOUND('',#7260,.T.);
#7260 = EDGE_LOOP('',(#7261,#7262,#7268,#7269));
#7261 = ORIENTED_EDGE('',*,*,#1703,.T.);
#7262 = ORIENTED_EDGE('',*,*,#7263,.T.);
#7263 = EDGE_CURVE('',#1704,#3939,#7264,.T.);
#7264 = LINE('',#7265,#7266);
#7265 = CARTESIAN_POINT('',(67.62,-61.4064,-4.6E-02));
#7266 = VECTOR('',#7267,1.);
#7267 = DIRECTION('',(0.,0.,1.));
#7268 = ORIENTED_EDGE('',*,*,#3938,.F.);
#7269 = ORIENTED_EDGE('',*,*,#7263,.F.);
#7270 = CYLINDRICAL_SURFACE('',#7271,0.4064);
#7271 = AXIS2_PLACEMENT_3D('',#7272,#7273,#7274);
#7272 = CARTESIAN_POINT('',(67.62,-61.,-4.6E-02));
#7273 = DIRECTION('',(-0.,-0.,-1.));
#7274 = DIRECTION('',(-0.,-1.,0.));
#7275 = ADVANCED_FACE('',(#7276),#7287,.F.);
#7276 = FACE_BOUND('',#7277,.T.);
#7277 = EDGE_LOOP('',(#7278,#7279,#7285,#7286));
#7278 = ORIENTED_EDGE('',*,*,#1714,.T.);
#7279 = ORIENTED_EDGE('',*,*,#7280,.T.);
#7280 = EDGE_CURVE('',#1715,#3950,#7281,.T.);
#7281 = LINE('',#7282,#7283);
#7282 = CARTESIAN_POINT('',(67.62,-58.8664,-4.6E-02));
#7283 = VECTOR('',#7284,1.);
#7284 = DIRECTION('',(0.,0.,1.));
#7285 = ORIENTED_EDGE('',*,*,#3949,.F.);
#7286 = ORIENTED_EDGE('',*,*,#7280,.F.);
#7287 = CYLINDRICAL_SURFACE('',#7288,0.4064);
#7288 = AXIS2_PLACEMENT_3D('',#7289,#7290,#7291);
#7289 = CARTESIAN_POINT('',(67.62,-58.46,-4.6E-02));
#7290 = DIRECTION('',(-0.,-0.,-1.));
#7291 = DIRECTION('',(-0.,-1.,0.));
#7292 = ADVANCED_FACE('',(#7293),#7304,.F.);
#7293 = FACE_BOUND('',#7294,.T.);
#7294 = EDGE_LOOP('',(#7295,#7296,#7302,#7303));
#7295 = ORIENTED_EDGE('',*,*,#1725,.T.);
#7296 = ORIENTED_EDGE('',*,*,#7297,.T.);
#7297 = EDGE_CURVE('',#1726,#3961,#7298,.T.);
#7298 = LINE('',#7299,#7300);
#7299 = CARTESIAN_POINT('',(74.5,-61.45,-4.6E-02));
#7300 = VECTOR('',#7301,1.);
#7301 = DIRECTION('',(0.,0.,1.));
#7302 = ORIENTED_EDGE('',*,*,#3960,.F.);
#7303 = ORIENTED_EDGE('',*,*,#7297,.F.);
#7304 = CYLINDRICAL_SURFACE('',#7305,0.95);
#7305 = AXIS2_PLACEMENT_3D('',#7306,#7307,#7308);
#7306 = CARTESIAN_POINT('',(74.5,-60.5,-4.6E-02));
#7307 = DIRECTION('',(-0.,-0.,-1.));
#7308 = DIRECTION('',(-0.,-1.,0.));
#7309 = ADVANCED_FACE('',(#7310),#7321,.F.);
#7310 = FACE_BOUND('',#7311,.T.);
#7311 = EDGE_LOOP('',(#7312,#7313,#7319,#7320));
#7312 = ORIENTED_EDGE('',*,*,#1736,.T.);
#7313 = ORIENTED_EDGE('',*,*,#7314,.T.);
#7314 = EDGE_CURVE('',#1737,#3972,#7315,.T.);
#7315 = LINE('',#7316,#7317);
#7316 = CARTESIAN_POINT('',(52.38,-56.3264,-4.6E-02));
#7317 = VECTOR('',#7318,1.);
#7318 = DIRECTION('',(0.,0.,1.));
#7319 = ORIENTED_EDGE('',*,*,#3971,.F.);
#7320 = ORIENTED_EDGE('',*,*,#7314,.F.);
#7321 = CYLINDRICAL_SURFACE('',#7322,0.4064);
#7322 = AXIS2_PLACEMENT_3D('',#7323,#7324,#7325);
#7323 = CARTESIAN_POINT('',(52.38,-55.92,-4.6E-02));
#7324 = DIRECTION('',(-0.,0.,-1.));
#7325 = DIRECTION('',(1.748382715945E-14,-1.,-0.));
#7326 = ADVANCED_FACE('',(#7327),#7338,.F.);
#7327 = FACE_BOUND('',#7328,.T.);
#7328 = EDGE_LOOP('',(#7329,#7330,#7336,#7337));
#7329 = ORIENTED_EDGE('',*,*,#1747,.T.);
#7330 = ORIENTED_EDGE('',*,*,#7331,.T.);
#7331 = EDGE_CURVE('',#1748,#3983,#7332,.T.);
#7332 = LINE('',#7333,#7334);
#7333 = CARTESIAN_POINT('',(52.38,-53.7864,-4.6E-02));
#7334 = VECTOR('',#7335,1.);
#7335 = DIRECTION('',(0.,0.,1.));
#7336 = ORIENTED_EDGE('',*,*,#3982,.F.);
#7337 = ORIENTED_EDGE('',*,*,#7331,.F.);
#7338 = CYLINDRICAL_SURFACE('',#7339,0.4064);
#7339 = AXIS2_PLACEMENT_3D('',#7340,#7341,#7342);
#7340 = CARTESIAN_POINT('',(52.38,-53.38,-4.6E-02));
#7341 = DIRECTION('',(-0.,0.,-1.));
#7342 = DIRECTION('',(1.748382715945E-14,-1.,-0.));
#7343 = ADVANCED_FACE('',(#7344),#7355,.F.);
#7344 = FACE_BOUND('',#7345,.T.);
#7345 = EDGE_LOOP('',(#7346,#7347,#7353,#7354));
#7346 = ORIENTED_EDGE('',*,*,#1758,.T.);
#7347 = ORIENTED_EDGE('',*,*,#7348,.T.);
#7348 = EDGE_CURVE('',#1759,#3994,#7349,.T.);
#7349 = LINE('',#7350,#7351);
#7350 = CARTESIAN_POINT('',(67.62,-56.3264,-4.6E-02));
#7351 = VECTOR('',#7352,1.);
#7352 = DIRECTION('',(0.,0.,1.));
#7353 = ORIENTED_EDGE('',*,*,#3993,.F.);
#7354 = ORIENTED_EDGE('',*,*,#7348,.F.);
#7355 = CYLINDRICAL_SURFACE('',#7356,0.4064);
#7356 = AXIS2_PLACEMENT_3D('',#7357,#7358,#7359);
#7357 = CARTESIAN_POINT('',(67.62,-55.92,-4.6E-02));
#7358 = DIRECTION('',(-0.,-0.,-1.));
#7359 = DIRECTION('',(-0.,-1.,0.));
#7360 = ADVANCED_FACE('',(#7361),#7372,.F.);
#7361 = FACE_BOUND('',#7362,.T.);
#7362 = EDGE_LOOP('',(#7363,#7364,#7370,#7371));
#7363 = ORIENTED_EDGE('',*,*,#1769,.T.);
#7364 = ORIENTED_EDGE('',*,*,#7365,.T.);
#7365 = EDGE_CURVE('',#1770,#4005,#7366,.T.);
#7366 = LINE('',#7367,#7368);
#7367 = CARTESIAN_POINT('',(67.62,-53.7864,-4.6E-02));
#7368 = VECTOR('',#7369,1.);
#7369 = DIRECTION('',(0.,0.,1.));
#7370 = ORIENTED_EDGE('',*,*,#4004,.F.);
#7371 = ORIENTED_EDGE('',*,*,#7365,.F.);
#7372 = CYLINDRICAL_SURFACE('',#7373,0.4064);
#7373 = AXIS2_PLACEMENT_3D('',#7374,#7375,#7376);
#7374 = CARTESIAN_POINT('',(67.62,-53.38,-4.6E-02));
#7375 = DIRECTION('',(-0.,-0.,-1.));
#7376 = DIRECTION('',(-0.,-1.,0.));
#7377 = ADVANCED_FACE('',(#7378),#7389,.F.);
#7378 = FACE_BOUND('',#7379,.T.);
#7379 = EDGE_LOOP('',(#7380,#7381,#7387,#7388));
#7380 = ORIENTED_EDGE('',*,*,#1780,.T.);
#7381 = ORIENTED_EDGE('',*,*,#7382,.T.);
#7382 = EDGE_CURVE('',#1781,#4016,#7383,.T.);
#7383 = LINE('',#7384,#7385);
#7384 = CARTESIAN_POINT('',(80.,-67.925,-4.6E-02));
#7385 = VECTOR('',#7386,1.);
#7386 = DIRECTION('',(0.,0.,1.));
#7387 = ORIENTED_EDGE('',*,*,#4015,.F.);
#7388 = ORIENTED_EDGE('',*,*,#7382,.F.);
#7389 = CYLINDRICAL_SURFACE('',#7390,1.525);
#7390 = AXIS2_PLACEMENT_3D('',#7391,#7392,#7393);
#7391 = CARTESIAN_POINT('',(80.,-66.4,-4.6E-02));
#7392 = DIRECTION('',(-0.,-0.,-1.));
#7393 = DIRECTION('',(-0.,-1.,0.));
#7394 = ADVANCED_FACE('',(#7395),#7406,.F.);
#7395 = FACE_BOUND('',#7396,.T.);
#7396 = EDGE_LOOP('',(#7397,#7398,#7404,#7405));
#7397 = ORIENTED_EDGE('',*,*,#1791,.T.);
#7398 = ORIENTED_EDGE('',*,*,#7399,.T.);
#7399 = EDGE_CURVE('',#1792,#4027,#7400,.T.);
#7400 = LINE('',#7401,#7402);
#7401 = CARTESIAN_POINT('',(80.,-63.025,-4.6E-02));
#7402 = VECTOR('',#7403,1.);
#7403 = DIRECTION('',(0.,0.,1.));
#7404 = ORIENTED_EDGE('',*,*,#4026,.F.);
#7405 = ORIENTED_EDGE('',*,*,#7399,.F.);
#7406 = CYLINDRICAL_SURFACE('',#7407,2.525);
#7407 = AXIS2_PLACEMENT_3D('',#7408,#7409,#7410);
#7408 = CARTESIAN_POINT('',(80.,-60.5,-4.6E-02));
#7409 = DIRECTION('',(-0.,-0.,-1.));
#7410 = DIRECTION('',(-0.,-1.,0.));
#7411 = ADVANCED_FACE('',(#7412),#7423,.F.);
#7412 = FACE_BOUND('',#7413,.T.);
#7413 = EDGE_LOOP('',(#7414,#7415,#7421,#7422));
#7414 = ORIENTED_EDGE('',*,*,#1802,.T.);
#7415 = ORIENTED_EDGE('',*,*,#7416,.T.);
#7416 = EDGE_CURVE('',#1803,#4038,#7417,.T.);
#7417 = LINE('',#7418,#7419);
#7418 = CARTESIAN_POINT('',(85.5,-61.45,-4.6E-02));
#7419 = VECTOR('',#7420,1.);
#7420 = DIRECTION('',(0.,0.,1.));
#7421 = ORIENTED_EDGE('',*,*,#4037,.F.);
#7422 = ORIENTED_EDGE('',*,*,#7416,.F.);
#7423 = CYLINDRICAL_SURFACE('',#7424,0.95);
#7424 = AXIS2_PLACEMENT_3D('',#7425,#7426,#7427);
#7425 = CARTESIAN_POINT('',(85.5,-60.5,-4.6E-02));
#7426 = DIRECTION('',(-0.,-0.,-1.));
#7427 = DIRECTION('',(-0.,-1.,0.));
#7428 = ADVANCED_FACE('',(#7429),#7440,.F.);
#7429 = FACE_BOUND('',#7430,.T.);
#7430 = EDGE_LOOP('',(#7431,#7432,#7438,#7439));
#7431 = ORIENTED_EDGE('',*,*,#1813,.T.);
#7432 = ORIENTED_EDGE('',*,*,#7433,.T.);
#7433 = EDGE_CURVE('',#1814,#4049,#7434,.T.);
#7434 = LINE('',#7435,#7436);
#7435 = CARTESIAN_POINT('',(93.,-63.825,-4.6E-02));
#7436 = VECTOR('',#7437,1.);
#7437 = DIRECTION('',(0.,0.,1.));
#7438 = ORIENTED_EDGE('',*,*,#4048,.F.);
#7439 = ORIENTED_EDGE('',*,*,#7433,.F.);
#7440 = CYLINDRICAL_SURFACE('',#7441,1.525);
#7441 = AXIS2_PLACEMENT_3D('',#7442,#7443,#7444);
#7442 = CARTESIAN_POINT('',(93.,-62.3,-4.6E-02));
#7443 = DIRECTION('',(-0.,-0.,-1.));
#7444 = DIRECTION('',(-0.,-1.,0.));
#7445 = ADVANCED_FACE('',(#7446),#7457,.F.);
#7446 = FACE_BOUND('',#7447,.T.);
#7447 = EDGE_LOOP('',(#7448,#7449,#7455,#7456));
#7448 = ORIENTED_EDGE('',*,*,#1824,.T.);
#7449 = ORIENTED_EDGE('',*,*,#7450,.T.);
#7450 = EDGE_CURVE('',#1825,#4060,#7451,.T.);
#7451 = LINE('',#7452,#7453);
#7452 = CARTESIAN_POINT('',(92.5,-59.45,-4.6E-02));
#7453 = VECTOR('',#7454,1.);
#7454 = DIRECTION('',(0.,0.,1.));
#7455 = ORIENTED_EDGE('',*,*,#4059,.F.);
#7456 = ORIENTED_EDGE('',*,*,#7450,.F.);
#7457 = CYLINDRICAL_SURFACE('',#7458,0.95);
#7458 = AXIS2_PLACEMENT_3D('',#7459,#7460,#7461);
#7459 = CARTESIAN_POINT('',(92.5,-58.5,-4.6E-02));
#7460 = DIRECTION('',(-0.,-0.,-1.));
#7461 = DIRECTION('',(-0.,-1.,0.));
#7462 = ADVANCED_FACE('',(#7463),#7474,.F.);
#7463 = FACE_BOUND('',#7464,.T.);
#7464 = EDGE_LOOP('',(#7465,#7466,#7472,#7473));
#7465 = ORIENTED_EDGE('',*,*,#1835,.T.);
#7466 = ORIENTED_EDGE('',*,*,#7467,.T.);
#7467 = EDGE_CURVE('',#1836,#4071,#7468,.T.);
#7468 = LINE('',#7469,#7470);
#7469 = CARTESIAN_POINT('',(98.,-65.925,-4.6E-02));
#7470 = VECTOR('',#7471,1.);
#7471 = DIRECTION('',(0.,0.,1.));
#7472 = ORIENTED_EDGE('',*,*,#4070,.F.);
#7473 = ORIENTED_EDGE('',*,*,#7467,.F.);
#7474 = CYLINDRICAL_SURFACE('',#7475,1.525);
#7475 = AXIS2_PLACEMENT_3D('',#7476,#7477,#7478);
#7476 = CARTESIAN_POINT('',(98.,-64.4,-4.6E-02));
#7477 = DIRECTION('',(-0.,-0.,-1.));
#7478 = DIRECTION('',(-0.,-1.,0.));
#7479 = ADVANCED_FACE('',(#7480),#7491,.F.);
#7480 = FACE_BOUND('',#7481,.T.);
#7481 = EDGE_LOOP('',(#7482,#7483,#7489,#7490));
#7482 = ORIENTED_EDGE('',*,*,#1846,.T.);
#7483 = ORIENTED_EDGE('',*,*,#7484,.T.);
#7484 = EDGE_CURVE('',#1847,#4082,#7485,.T.);
#7485 = LINE('',#7486,#7487);
#7486 = CARTESIAN_POINT('',(98.,-61.025,-4.6E-02));
#7487 = VECTOR('',#7488,1.);
#7488 = DIRECTION('',(0.,0.,1.));
#7489 = ORIENTED_EDGE('',*,*,#4081,.F.);
#7490 = ORIENTED_EDGE('',*,*,#7484,.F.);
#7491 = CYLINDRICAL_SURFACE('',#7492,2.525);
#7492 = AXIS2_PLACEMENT_3D('',#7493,#7494,#7495);
#7493 = CARTESIAN_POINT('',(98.,-58.5,-4.6E-02));
#7494 = DIRECTION('',(-0.,-0.,-1.));
#7495 = DIRECTION('',(-0.,-1.,0.));
#7496 = ADVANCED_FACE('',(#7497),#7508,.F.);
#7497 = FACE_BOUND('',#7498,.T.);
#7498 = EDGE_LOOP('',(#7499,#7500,#7506,#7507));
#7499 = ORIENTED_EDGE('',*,*,#1857,.T.);
#7500 = ORIENTED_EDGE('',*,*,#7501,.T.);
#7501 = EDGE_CURVE('',#1858,#4093,#7502,.T.);
#7502 = LINE('',#7503,#7504);
#7503 = CARTESIAN_POINT('',(103.5,-59.45,-4.6E-02));
#7504 = VECTOR('',#7505,1.);
#7505 = DIRECTION('',(0.,0.,1.));
#7506 = ORIENTED_EDGE('',*,*,#4092,.F.);
#7507 = ORIENTED_EDGE('',*,*,#7501,.F.);
#7508 = CYLINDRICAL_SURFACE('',#7509,0.95);
#7509 = AXIS2_PLACEMENT_3D('',#7510,#7511,#7512);
#7510 = CARTESIAN_POINT('',(103.5,-58.5,-4.6E-02));
#7511 = DIRECTION('',(-0.,-0.,-1.));
#7512 = DIRECTION('',(-0.,-1.,0.));
#7513 = ADVANCED_FACE('',(#7514),#7525,.F.);
#7514 = FACE_BOUND('',#7515,.T.);
#7515 = EDGE_LOOP('',(#7516,#7517,#7523,#7524));
#7516 = ORIENTED_EDGE('',*,*,#1868,.T.);
#7517 = ORIENTED_EDGE('',*,*,#7518,.T.);
#7518 = EDGE_CURVE('',#1869,#4104,#7519,.T.);
#7519 = LINE('',#7520,#7521);
#7520 = CARTESIAN_POINT('',(85.,-56.15,-4.6E-02));
#7521 = VECTOR('',#7522,1.);
#7522 = DIRECTION('',(0.,0.,1.));
#7523 = ORIENTED_EDGE('',*,*,#4103,.F.);
#7524 = ORIENTED_EDGE('',*,*,#7518,.F.);
#7525 = CYLINDRICAL_SURFACE('',#7526,0.8);
#7526 = AXIS2_PLACEMENT_3D('',#7527,#7528,#7529);
#7527 = CARTESIAN_POINT('',(85.,-55.35,-4.6E-02));
#7528 = DIRECTION('',(-0.,-0.,-1.));
#7529 = DIRECTION('',(-0.,-1.,0.));
#7530 = ADVANCED_FACE('',(#7531),#7542,.F.);
#7531 = FACE_BOUND('',#7532,.T.);
#7532 = EDGE_LOOP('',(#7533,#7534,#7540,#7541));
#7533 = ORIENTED_EDGE('',*,*,#1879,.T.);
#7534 = ORIENTED_EDGE('',*,*,#7535,.T.);
#7535 = EDGE_CURVE('',#1880,#4115,#7536,.T.);
#7536 = LINE('',#7537,#7538);
#7537 = CARTESIAN_POINT('',(88.,-52.9,-4.6E-02));
#7538 = VECTOR('',#7539,1.);
#7539 = DIRECTION('',(0.,0.,1.));
#7540 = ORIENTED_EDGE('',*,*,#4114,.F.);
#7541 = ORIENTED_EDGE('',*,*,#7535,.F.);
#7542 = CYLINDRICAL_SURFACE('',#7543,2.15);
#7543 = AXIS2_PLACEMENT_3D('',#7544,#7545,#7546);
#7544 = CARTESIAN_POINT('',(88.,-50.75,-4.6E-02));
#7545 = DIRECTION('',(-0.,-0.,-1.));
#7546 = DIRECTION('',(-0.,-1.,0.));
#7547 = ADVANCED_FACE('',(#7548),#7559,.F.);
#7548 = FACE_BOUND('',#7549,.T.);
#7549 = EDGE_LOOP('',(#7550,#7551,#7557,#7558));
#7550 = ORIENTED_EDGE('',*,*,#1890,.T.);
#7551 = ORIENTED_EDGE('',*,*,#7552,.T.);
#7552 = EDGE_CURVE('',#1891,#4126,#7553,.T.);
#7553 = LINE('',#7554,#7555);
#7554 = CARTESIAN_POINT('',(103.,-54.15,-4.6E-02));
#7555 = VECTOR('',#7556,1.);
#7556 = DIRECTION('',(0.,0.,1.));
#7557 = ORIENTED_EDGE('',*,*,#4125,.F.);
#7558 = ORIENTED_EDGE('',*,*,#7552,.F.);
#7559 = CYLINDRICAL_SURFACE('',#7560,0.8);
#7560 = AXIS2_PLACEMENT_3D('',#7561,#7562,#7563);
#7561 = CARTESIAN_POINT('',(103.,-53.35,-4.6E-02));
#7562 = DIRECTION('',(-0.,-0.,-1.));
#7563 = DIRECTION('',(-0.,-1.,0.));
#7564 = ADVANCED_FACE('',(#7565),#7576,.F.);
#7565 = FACE_BOUND('',#7566,.T.);
#7566 = EDGE_LOOP('',(#7567,#7568,#7574,#7575));
#7567 = ORIENTED_EDGE('',*,*,#1901,.T.);
#7568 = ORIENTED_EDGE('',*,*,#7569,.T.);
#7569 = EDGE_CURVE('',#1902,#4137,#7570,.T.);
#7570 = LINE('',#7571,#7572);
#7571 = CARTESIAN_POINT('',(121.,-85.15,-4.6E-02));
#7572 = VECTOR('',#7573,1.);
#7573 = DIRECTION('',(0.,0.,1.));
#7574 = ORIENTED_EDGE('',*,*,#4136,.F.);
#7575 = ORIENTED_EDGE('',*,*,#7569,.F.);
#7576 = CYLINDRICAL_SURFACE('',#7577,0.8);
#7577 = AXIS2_PLACEMENT_3D('',#7578,#7579,#7580);
#7578 = CARTESIAN_POINT('',(121.,-84.35,-4.6E-02));
#7579 = DIRECTION('',(-0.,-0.,-1.));
#7580 = DIRECTION('',(-0.,-1.,0.));
#7581 = ADVANCED_FACE('',(#7582),#7593,.F.);
#7582 = FACE_BOUND('',#7583,.T.);
#7583 = EDGE_LOOP('',(#7584,#7585,#7591,#7592));
#7584 = ORIENTED_EDGE('',*,*,#1912,.T.);
#7585 = ORIENTED_EDGE('',*,*,#7586,.T.);
#7586 = EDGE_CURVE('',#1913,#4148,#7587,.T.);
#7587 = LINE('',#7588,#7589);
#7588 = CARTESIAN_POINT('',(116.,-79.925,-4.6E-02));
#7589 = VECTOR('',#7590,1.);
#7590 = DIRECTION('',(0.,0.,1.));
#7591 = ORIENTED_EDGE('',*,*,#4147,.F.);
#7592 = ORIENTED_EDGE('',*,*,#7586,.F.);
#7593 = CYLINDRICAL_SURFACE('',#7594,1.525);
#7594 = AXIS2_PLACEMENT_3D('',#7595,#7596,#7597);
#7595 = CARTESIAN_POINT('',(116.,-78.4,-4.6E-02));
#7596 = DIRECTION('',(-0.,-0.,-1.));
#7597 = DIRECTION('',(-0.,-1.,0.));
#7598 = ADVANCED_FACE('',(#7599),#7610,.F.);
#7599 = FACE_BOUND('',#7600,.T.);
#7600 = EDGE_LOOP('',(#7601,#7602,#7608,#7609));
#7601 = ORIENTED_EDGE('',*,*,#1923,.T.);
#7602 = ORIENTED_EDGE('',*,*,#7603,.T.);
#7603 = EDGE_CURVE('',#1924,#4159,#7604,.T.);
#7604 = LINE('',#7605,#7606);
#7605 = CARTESIAN_POINT('',(139.,-86.15,-4.6E-02));
#7606 = VECTOR('',#7607,1.);
#7607 = DIRECTION('',(0.,0.,1.));
#7608 = ORIENTED_EDGE('',*,*,#4158,.F.);
#7609 = ORIENTED_EDGE('',*,*,#7603,.F.);
#7610 = CYLINDRICAL_SURFACE('',#7611,0.8);
#7611 = AXIS2_PLACEMENT_3D('',#7612,#7613,#7614);
#7612 = CARTESIAN_POINT('',(139.,-85.35,-4.6E-02));
#7613 = DIRECTION('',(-0.,-0.,-1.));
#7614 = DIRECTION('',(-0.,-1.,0.));
#7615 = ADVANCED_FACE('',(#7616),#7627,.F.);
#7616 = FACE_BOUND('',#7617,.T.);
#7617 = EDGE_LOOP('',(#7618,#7619,#7625,#7626));
#7618 = ORIENTED_EDGE('',*,*,#1934,.T.);
#7619 = ORIENTED_EDGE('',*,*,#7620,.T.);
#7620 = EDGE_CURVE('',#1935,#4170,#7621,.T.);
#7621 = LINE('',#7622,#7623);
#7622 = CARTESIAN_POINT('',(134.,-80.925,-4.6E-02));
#7623 = VECTOR('',#7624,1.);
#7624 = DIRECTION('',(0.,0.,1.));
#7625 = ORIENTED_EDGE('',*,*,#4169,.F.);
#7626 = ORIENTED_EDGE('',*,*,#7620,.F.);
#7627 = CYLINDRICAL_SURFACE('',#7628,1.525);
#7628 = AXIS2_PLACEMENT_3D('',#7629,#7630,#7631);
#7629 = CARTESIAN_POINT('',(134.,-79.4,-4.6E-02));
#7630 = DIRECTION('',(-0.,-0.,-1.));
#7631 = DIRECTION('',(-0.,-1.,0.));
#7632 = ADVANCED_FACE('',(#7633),#7644,.F.);
#7633 = FACE_BOUND('',#7634,.T.);
#7634 = EDGE_LOOP('',(#7635,#7636,#7642,#7643));
#7635 = ORIENTED_EDGE('',*,*,#1945,.T.);
#7636 = ORIENTED_EDGE('',*,*,#7637,.T.);
#7637 = EDGE_CURVE('',#1946,#4181,#7638,.T.);
#7638 = LINE('',#7639,#7640);
#7639 = CARTESIAN_POINT('',(129.,-78.825,-4.6E-02));
#7640 = VECTOR('',#7641,1.);
#7641 = DIRECTION('',(0.,0.,1.));
#7642 = ORIENTED_EDGE('',*,*,#4180,.F.);
#7643 = ORIENTED_EDGE('',*,*,#7637,.F.);
#7644 = CYLINDRICAL_SURFACE('',#7645,1.525);
#7645 = AXIS2_PLACEMENT_3D('',#7646,#7647,#7648);
#7646 = CARTESIAN_POINT('',(129.,-77.3,-4.6E-02));
#7647 = DIRECTION('',(-0.,-0.,-1.));
#7648 = DIRECTION('',(-0.,-1.,0.));
#7649 = ADVANCED_FACE('',(#7650),#7661,.F.);
#7650 = FACE_BOUND('',#7651,.T.);
#7651 = EDGE_LOOP('',(#7652,#7653,#7659,#7660));
#7652 = ORIENTED_EDGE('',*,*,#1956,.T.);
#7653 = ORIENTED_EDGE('',*,*,#7654,.T.);
#7654 = EDGE_CURVE('',#1957,#4192,#7655,.T.);
#7655 = LINE('',#7656,#7657);
#7656 = CARTESIAN_POINT('',(111.,-77.825,-4.6E-02));
#7657 = VECTOR('',#7658,1.);
#7658 = DIRECTION('',(0.,0.,1.));
#7659 = ORIENTED_EDGE('',*,*,#4191,.F.);
#7660 = ORIENTED_EDGE('',*,*,#7654,.F.);
#7661 = CYLINDRICAL_SURFACE('',#7662,1.525);
#7662 = AXIS2_PLACEMENT_3D('',#7663,#7664,#7665);
#7663 = CARTESIAN_POINT('',(111.,-76.3,-4.6E-02));
#7664 = DIRECTION('',(-0.,-0.,-1.));
#7665 = DIRECTION('',(-0.,-1.,0.));
#7666 = ADVANCED_FACE('',(#7667),#7678,.F.);
#7667 = FACE_BOUND('',#7668,.T.);
#7668 = EDGE_LOOP('',(#7669,#7670,#7676,#7677));
#7669 = ORIENTED_EDGE('',*,*,#1967,.T.);
#7670 = ORIENTED_EDGE('',*,*,#7671,.T.);
#7671 = EDGE_CURVE('',#1968,#4203,#7672,.T.);
#7672 = LINE('',#7673,#7674);
#7673 = CARTESIAN_POINT('',(110.5,-73.45,-4.6E-02));
#7674 = VECTOR('',#7675,1.);
#7675 = DIRECTION('',(0.,0.,1.));
#7676 = ORIENTED_EDGE('',*,*,#4202,.F.);
#7677 = ORIENTED_EDGE('',*,*,#7671,.F.);
#7678 = CYLINDRICAL_SURFACE('',#7679,0.95);
#7679 = AXIS2_PLACEMENT_3D('',#7680,#7681,#7682);
#7680 = CARTESIAN_POINT('',(110.5,-72.5,-4.6E-02));
#7681 = DIRECTION('',(-0.,-0.,-1.));
#7682 = DIRECTION('',(-0.,-1.,0.));
#7683 = ADVANCED_FACE('',(#7684),#7695,.F.);
#7684 = FACE_BOUND('',#7685,.T.);
#7685 = EDGE_LOOP('',(#7686,#7687,#7693,#7694));
#7686 = ORIENTED_EDGE('',*,*,#1978,.T.);
#7687 = ORIENTED_EDGE('',*,*,#7688,.T.);
#7688 = EDGE_CURVE('',#1979,#4214,#7689,.T.);
#7689 = LINE('',#7690,#7691);
#7690 = CARTESIAN_POINT('',(116.,-75.025,-4.6E-02));
#7691 = VECTOR('',#7692,1.);
#7692 = DIRECTION('',(0.,0.,1.));
#7693 = ORIENTED_EDGE('',*,*,#4213,.F.);
#7694 = ORIENTED_EDGE('',*,*,#7688,.F.);
#7695 = CYLINDRICAL_SURFACE('',#7696,2.525);
#7696 = AXIS2_PLACEMENT_3D('',#7697,#7698,#7699);
#7697 = CARTESIAN_POINT('',(116.,-72.5,-4.6E-02));
#7698 = DIRECTION('',(-0.,-0.,-1.));
#7699 = DIRECTION('',(-0.,-1.,0.));
#7700 = ADVANCED_FACE('',(#7701),#7712,.F.);
#7701 = FACE_BOUND('',#7702,.T.);
#7702 = EDGE_LOOP('',(#7703,#7704,#7710,#7711));
#7703 = ORIENTED_EDGE('',*,*,#1989,.T.);
#7704 = ORIENTED_EDGE('',*,*,#7705,.T.);
#7705 = EDGE_CURVE('',#1990,#4225,#7706,.T.);
#7706 = LINE('',#7707,#7708);
#7707 = CARTESIAN_POINT('',(121.5,-73.45,-4.6E-02));
#7708 = VECTOR('',#7709,1.);
#7709 = DIRECTION('',(0.,0.,1.));
#7710 = ORIENTED_EDGE('',*,*,#4224,.F.);
#7711 = ORIENTED_EDGE('',*,*,#7705,.F.);
#7712 = CYLINDRICAL_SURFACE('',#7713,0.95);
#7713 = AXIS2_PLACEMENT_3D('',#7714,#7715,#7716);
#7714 = CARTESIAN_POINT('',(121.5,-72.5,-4.6E-02));
#7715 = DIRECTION('',(-0.,-0.,-1.));
#7716 = DIRECTION('',(-0.,-1.,0.));
#7717 = ADVANCED_FACE('',(#7718),#7729,.F.);
#7718 = FACE_BOUND('',#7719,.T.);
#7719 = EDGE_LOOP('',(#7720,#7721,#7727,#7728));
#7720 = ORIENTED_EDGE('',*,*,#2000,.T.);
#7721 = ORIENTED_EDGE('',*,*,#7722,.T.);
#7722 = EDGE_CURVE('',#2001,#4236,#7723,.T.);
#7723 = LINE('',#7724,#7725);
#7724 = CARTESIAN_POINT('',(128.5,-74.45,-4.6E-02));
#7725 = VECTOR('',#7726,1.);
#7726 = DIRECTION('',(0.,0.,1.));
#7727 = ORIENTED_EDGE('',*,*,#4235,.F.);
#7728 = ORIENTED_EDGE('',*,*,#7722,.F.);
#7729 = CYLINDRICAL_SURFACE('',#7730,0.95);
#7730 = AXIS2_PLACEMENT_3D('',#7731,#7732,#7733);
#7731 = CARTESIAN_POINT('',(128.5,-73.5,-4.6E-02));
#7732 = DIRECTION('',(-0.,-0.,-1.));
#7733 = DIRECTION('',(-0.,-1.,0.));
#7734 = ADVANCED_FACE('',(#7735),#7746,.F.);
#7735 = FACE_BOUND('',#7736,.T.);
#7736 = EDGE_LOOP('',(#7737,#7738,#7744,#7745));
#7737 = ORIENTED_EDGE('',*,*,#2011,.T.);
#7738 = ORIENTED_EDGE('',*,*,#7739,.T.);
#7739 = EDGE_CURVE('',#2012,#4247,#7740,.T.);
#7740 = LINE('',#7741,#7742);
#7741 = CARTESIAN_POINT('',(134.,-76.025,-4.6E-02));
#7742 = VECTOR('',#7743,1.);
#7743 = DIRECTION('',(0.,0.,1.));
#7744 = ORIENTED_EDGE('',*,*,#4246,.F.);
#7745 = ORIENTED_EDGE('',*,*,#7739,.F.);
#7746 = CYLINDRICAL_SURFACE('',#7747,2.525);
#7747 = AXIS2_PLACEMENT_3D('',#7748,#7749,#7750);
#7748 = CARTESIAN_POINT('',(134.,-73.5,-4.6E-02));
#7749 = DIRECTION('',(-0.,-0.,-1.));
#7750 = DIRECTION('',(-0.,-1.,0.));
#7751 = ADVANCED_FACE('',(#7752),#7763,.F.);
#7752 = FACE_BOUND('',#7753,.T.);
#7753 = EDGE_LOOP('',(#7754,#7755,#7761,#7762));
#7754 = ORIENTED_EDGE('',*,*,#2022,.T.);
#7755 = ORIENTED_EDGE('',*,*,#7756,.T.);
#7756 = EDGE_CURVE('',#2023,#4258,#7757,.T.);
#7757 = LINE('',#7758,#7759);
#7758 = CARTESIAN_POINT('',(139.5,-74.45,-4.6E-02));
#7759 = VECTOR('',#7760,1.);
#7760 = DIRECTION('',(0.,0.,1.));
#7761 = ORIENTED_EDGE('',*,*,#4257,.F.);
#7762 = ORIENTED_EDGE('',*,*,#7756,.F.);
#7763 = CYLINDRICAL_SURFACE('',#7764,0.95);
#7764 = AXIS2_PLACEMENT_3D('',#7765,#7766,#7767);
#7765 = CARTESIAN_POINT('',(139.5,-73.5,-4.6E-02));
#7766 = DIRECTION('',(-0.,-0.,-1.));
#7767 = DIRECTION('',(-0.,-1.,0.));
#7768 = ADVANCED_FACE('',(#7769),#7780,.F.);
#7769 = FACE_BOUND('',#7770,.T.);
#7770 = EDGE_LOOP('',(#7771,#7772,#7778,#7779));
#7771 = ORIENTED_EDGE('',*,*,#2033,.T.);
#7772 = ORIENTED_EDGE('',*,*,#7773,.T.);
#7773 = EDGE_CURVE('',#2034,#4269,#7774,.T.);
#7774 = LINE('',#7775,#7776);
#7775 = CARTESIAN_POINT('',(139.,-69.15,-4.6E-02));
#7776 = VECTOR('',#7777,1.);
#7777 = DIRECTION('',(0.,0.,1.));
#7778 = ORIENTED_EDGE('',*,*,#4268,.F.);
#7779 = ORIENTED_EDGE('',*,*,#7773,.F.);
#7780 = CYLINDRICAL_SURFACE('',#7781,0.8);
#7781 = AXIS2_PLACEMENT_3D('',#7782,#7783,#7784);
#7782 = CARTESIAN_POINT('',(139.,-68.35,-4.6E-02));
#7783 = DIRECTION('',(-0.,-0.,-1.));
#7784 = DIRECTION('',(-0.,-1.,0.));
#7785 = ADVANCED_FACE('',(#7786),#7797,.F.);
#7786 = FACE_BOUND('',#7787,.T.);
#7787 = EDGE_LOOP('',(#7788,#7789,#7795,#7796));
#7788 = ORIENTED_EDGE('',*,*,#2044,.T.);
#7789 = ORIENTED_EDGE('',*,*,#7790,.T.);
#7790 = EDGE_CURVE('',#2045,#4280,#7791,.T.);
#7791 = LINE('',#7792,#7793);
#7792 = CARTESIAN_POINT('',(146.5,-84.45,-4.6E-02));
#7793 = VECTOR('',#7794,1.);
#7794 = DIRECTION('',(0.,0.,1.));
#7795 = ORIENTED_EDGE('',*,*,#4279,.F.);
#7796 = ORIENTED_EDGE('',*,*,#7790,.F.);
#7797 = CYLINDRICAL_SURFACE('',#7798,0.95);
#7798 = AXIS2_PLACEMENT_3D('',#7799,#7800,#7801);
#7799 = CARTESIAN_POINT('',(146.5,-83.5,-4.6E-02));
#7800 = DIRECTION('',(-0.,-0.,-1.));
#7801 = DIRECTION('',(-0.,-1.,0.));
#7802 = ADVANCED_FACE('',(#7803),#7814,.F.);
#7803 = FACE_BOUND('',#7804,.T.);
#7804 = EDGE_LOOP('',(#7805,#7806,#7812,#7813));
#7805 = ORIENTED_EDGE('',*,*,#2055,.T.);
#7806 = ORIENTED_EDGE('',*,*,#7807,.T.);
#7807 = EDGE_CURVE('',#2056,#4291,#7808,.T.);
#7808 = LINE('',#7809,#7810);
#7809 = CARTESIAN_POINT('',(152.,-86.025,-4.6E-02));
#7810 = VECTOR('',#7811,1.);
#7811 = DIRECTION('',(0.,0.,1.));
#7812 = ORIENTED_EDGE('',*,*,#4290,.F.);
#7813 = ORIENTED_EDGE('',*,*,#7807,.F.);
#7814 = CYLINDRICAL_SURFACE('',#7815,2.525);
#7815 = AXIS2_PLACEMENT_3D('',#7816,#7817,#7818);
#7816 = CARTESIAN_POINT('',(152.,-83.5,-4.6E-02));
#7817 = DIRECTION('',(-0.,-0.,-1.));
#7818 = DIRECTION('',(-0.,-1.,0.));
#7819 = ADVANCED_FACE('',(#7820),#7831,.F.);
#7820 = FACE_BOUND('',#7821,.T.);
#7821 = EDGE_LOOP('',(#7822,#7823,#7829,#7830));
#7822 = ORIENTED_EDGE('',*,*,#2066,.T.);
#7823 = ORIENTED_EDGE('',*,*,#7824,.T.);
#7824 = EDGE_CURVE('',#2067,#4302,#7825,.T.);
#7825 = LINE('',#7826,#7827);
#7826 = CARTESIAN_POINT('',(157.5,-84.45,-4.6E-02));
#7827 = VECTOR('',#7828,1.);
#7828 = DIRECTION('',(0.,0.,1.));
#7829 = ORIENTED_EDGE('',*,*,#4301,.F.);
#7830 = ORIENTED_EDGE('',*,*,#7824,.F.);
#7831 = CYLINDRICAL_SURFACE('',#7832,0.95);
#7832 = AXIS2_PLACEMENT_3D('',#7833,#7834,#7835);
#7833 = CARTESIAN_POINT('',(157.5,-83.5,-4.6E-02));
#7834 = DIRECTION('',(-0.,-0.,-1.));
#7835 = DIRECTION('',(-0.,-1.,0.));
#7836 = ADVANCED_FACE('',(#7837),#7848,.F.);
#7837 = FACE_BOUND('',#7838,.T.);
#7838 = EDGE_LOOP('',(#7839,#7840,#7846,#7847));
#7839 = ORIENTED_EDGE('',*,*,#2077,.T.);
#7840 = ORIENTED_EDGE('',*,*,#7841,.T.);
#7841 = EDGE_CURVE('',#2078,#4313,#7842,.T.);
#7842 = LINE('',#7843,#7844);
#7843 = CARTESIAN_POINT('',(157.,-79.15,-4.6E-02));
#7844 = VECTOR('',#7845,1.);
#7845 = DIRECTION('',(0.,0.,1.));
#7846 = ORIENTED_EDGE('',*,*,#4312,.F.);
#7847 = ORIENTED_EDGE('',*,*,#7841,.F.);
#7848 = CYLINDRICAL_SURFACE('',#7849,0.8);
#7849 = AXIS2_PLACEMENT_3D('',#7850,#7851,#7852);
#7850 = CARTESIAN_POINT('',(157.,-78.35,-4.6E-02));
#7851 = DIRECTION('',(-0.,-0.,-1.));
#7852 = DIRECTION('',(-0.,-1.,0.));
#7853 = ADVANCED_FACE('',(#7854),#7865,.F.);
#7854 = FACE_BOUND('',#7855,.T.);
#7855 = EDGE_LOOP('',(#7856,#7857,#7863,#7864));
#7856 = ORIENTED_EDGE('',*,*,#2088,.T.);
#7857 = ORIENTED_EDGE('',*,*,#7858,.T.);
#7858 = EDGE_CURVE('',#2089,#4324,#7859,.T.);
#7859 = LINE('',#7860,#7861);
#7860 = CARTESIAN_POINT('',(165.,-84.825,-4.6E-02));
#7861 = VECTOR('',#7862,1.);
#7862 = DIRECTION('',(0.,0.,1.));
#7863 = ORIENTED_EDGE('',*,*,#4323,.F.);
#7864 = ORIENTED_EDGE('',*,*,#7858,.F.);
#7865 = CYLINDRICAL_SURFACE('',#7866,1.525);
#7866 = AXIS2_PLACEMENT_3D('',#7867,#7868,#7869);
#7867 = CARTESIAN_POINT('',(165.,-83.3,-4.6E-02));
#7868 = DIRECTION('',(-0.,-0.,-1.));
#7869 = DIRECTION('',(-0.,-1.,0.));
#7870 = ADVANCED_FACE('',(#7871),#7882,.F.);
#7871 = FACE_BOUND('',#7872,.T.);
#7872 = EDGE_LOOP('',(#7873,#7874,#7880,#7881));
#7873 = ORIENTED_EDGE('',*,*,#2099,.T.);
#7874 = ORIENTED_EDGE('',*,*,#7875,.T.);
#7875 = EDGE_CURVE('',#2100,#4335,#7876,.T.);
#7876 = LINE('',#7877,#7878);
#7877 = CARTESIAN_POINT('',(170.,-86.925,-4.6E-02));
#7878 = VECTOR('',#7879,1.);
#7879 = DIRECTION('',(0.,0.,1.));
#7880 = ORIENTED_EDGE('',*,*,#4334,.F.);
#7881 = ORIENTED_EDGE('',*,*,#7875,.F.);
#7882 = CYLINDRICAL_SURFACE('',#7883,1.525);
#7883 = AXIS2_PLACEMENT_3D('',#7884,#7885,#7886);
#7884 = CARTESIAN_POINT('',(170.,-85.4,-4.6E-02));
#7885 = DIRECTION('',(-0.,-0.,-1.));
#7886 = DIRECTION('',(-0.,-1.,0.));
#7887 = ADVANCED_FACE('',(#7888),#7899,.F.);
#7888 = FACE_BOUND('',#7889,.T.);
#7889 = EDGE_LOOP('',(#7890,#7891,#7897,#7898));
#7890 = ORIENTED_EDGE('',*,*,#2110,.T.);
#7891 = ORIENTED_EDGE('',*,*,#7892,.T.);
#7892 = EDGE_CURVE('',#2111,#4346,#7893,.T.);
#7893 = LINE('',#7894,#7895);
#7894 = CARTESIAN_POINT('',(164.5,-80.45,-4.6E-02));
#7895 = VECTOR('',#7896,1.);
#7896 = DIRECTION('',(0.,0.,1.));
#7897 = ORIENTED_EDGE('',*,*,#4345,.F.);
#7898 = ORIENTED_EDGE('',*,*,#7892,.F.);
#7899 = CYLINDRICAL_SURFACE('',#7900,0.95);
#7900 = AXIS2_PLACEMENT_3D('',#7901,#7902,#7903);
#7901 = CARTESIAN_POINT('',(164.5,-79.5,-4.6E-02));
#7902 = DIRECTION('',(-0.,-0.,-1.));
#7903 = DIRECTION('',(-0.,-1.,0.));
#7904 = ADVANCED_FACE('',(#7905),#7916,.F.);
#7905 = FACE_BOUND('',#7906,.T.);
#7906 = EDGE_LOOP('',(#7907,#7908,#7914,#7915));
#7907 = ORIENTED_EDGE('',*,*,#2121,.T.);
#7908 = ORIENTED_EDGE('',*,*,#7909,.T.);
#7909 = EDGE_CURVE('',#2122,#4357,#7910,.T.);
#7910 = LINE('',#7911,#7912);
#7911 = CARTESIAN_POINT('',(170.,-82.025,-4.6E-02));
#7912 = VECTOR('',#7913,1.);
#7913 = DIRECTION('',(0.,0.,1.));
#7914 = ORIENTED_EDGE('',*,*,#4356,.F.);
#7915 = ORIENTED_EDGE('',*,*,#7909,.F.);
#7916 = CYLINDRICAL_SURFACE('',#7917,2.525);
#7917 = AXIS2_PLACEMENT_3D('',#7918,#7919,#7920);
#7918 = CARTESIAN_POINT('',(170.,-79.5,-4.6E-02));
#7919 = DIRECTION('',(-0.,-0.,-1.));
#7920 = DIRECTION('',(-0.,-1.,0.));
#7921 = ADVANCED_FACE('',(#7922),#7933,.F.);
#7922 = FACE_BOUND('',#7923,.T.);
#7923 = EDGE_LOOP('',(#7924,#7925,#7931,#7932));
#7924 = ORIENTED_EDGE('',*,*,#2132,.T.);
#7925 = ORIENTED_EDGE('',*,*,#7926,.T.);
#7926 = EDGE_CURVE('',#2133,#4368,#7927,.T.);
#7927 = LINE('',#7928,#7929);
#7928 = CARTESIAN_POINT('',(175.5,-80.45,-4.6E-02));
#7929 = VECTOR('',#7930,1.);
#7930 = DIRECTION('',(0.,0.,1.));
#7931 = ORIENTED_EDGE('',*,*,#4367,.F.);
#7932 = ORIENTED_EDGE('',*,*,#7926,.F.);
#7933 = CYLINDRICAL_SURFACE('',#7934,0.95);
#7934 = AXIS2_PLACEMENT_3D('',#7935,#7936,#7937);
#7935 = CARTESIAN_POINT('',(175.5,-79.5,-4.6E-02));
#7936 = DIRECTION('',(-0.,-0.,-1.));
#7937 = DIRECTION('',(-0.,-1.,0.));
#7938 = ADVANCED_FACE('',(#7939),#7950,.F.);
#7939 = FACE_BOUND('',#7940,.T.);
#7940 = EDGE_LOOP('',(#7941,#7942,#7948,#7949));
#7941 = ORIENTED_EDGE('',*,*,#2143,.T.);
#7942 = ORIENTED_EDGE('',*,*,#7943,.T.);
#7943 = EDGE_CURVE('',#2144,#4379,#7944,.T.);
#7944 = LINE('',#7945,#7946);
#7945 = CARTESIAN_POINT('',(152.,-73.925,-4.6E-02));
#7946 = VECTOR('',#7947,1.);
#7947 = DIRECTION('',(0.,0.,1.));
#7948 = ORIENTED_EDGE('',*,*,#4378,.F.);
#7949 = ORIENTED_EDGE('',*,*,#7943,.F.);
#7950 = CYLINDRICAL_SURFACE('',#7951,1.525);
#7951 = AXIS2_PLACEMENT_3D('',#7952,#7953,#7954);
#7952 = CARTESIAN_POINT('',(152.,-72.4,-4.6E-02));
#7953 = DIRECTION('',(-0.,-0.,-1.));
#7954 = DIRECTION('',(-0.,-1.,0.));
#7955 = ADVANCED_FACE('',(#7956),#7967,.F.);
#7956 = FACE_BOUND('',#7957,.T.);
#7957 = EDGE_LOOP('',(#7958,#7959,#7965,#7966));
#7958 = ORIENTED_EDGE('',*,*,#2154,.T.);
#7959 = ORIENTED_EDGE('',*,*,#7960,.T.);
#7960 = EDGE_CURVE('',#2155,#4390,#7961,.T.);
#7961 = LINE('',#7962,#7963);
#7962 = CARTESIAN_POINT('',(147.,-71.825,-4.6E-02));
#7963 = VECTOR('',#7964,1.);
#7964 = DIRECTION('',(0.,0.,1.));
#7965 = ORIENTED_EDGE('',*,*,#4389,.F.);
#7966 = ORIENTED_EDGE('',*,*,#7960,.F.);
#7967 = CYLINDRICAL_SURFACE('',#7968,1.525);
#7968 = AXIS2_PLACEMENT_3D('',#7969,#7970,#7971);
#7969 = CARTESIAN_POINT('',(147.,-70.3,-4.6E-02));
#7970 = DIRECTION('',(-0.,-0.,-1.));
#7971 = DIRECTION('',(-0.,-1.,0.));
#7972 = ADVANCED_FACE('',(#7973),#7984,.F.);
#7973 = FACE_BOUND('',#7974,.T.);
#7974 = EDGE_LOOP('',(#7975,#7976,#7982,#7983));
#7975 = ORIENTED_EDGE('',*,*,#2165,.T.);
#7976 = ORIENTED_EDGE('',*,*,#7977,.T.);
#7977 = EDGE_CURVE('',#2166,#4401,#7978,.T.);
#7978 = LINE('',#7979,#7980);
#7979 = CARTESIAN_POINT('',(175.,-75.15,-4.6E-02));
#7980 = VECTOR('',#7981,1.);
#7981 = DIRECTION('',(0.,0.,1.));
#7982 = ORIENTED_EDGE('',*,*,#4400,.F.);
#7983 = ORIENTED_EDGE('',*,*,#7977,.F.);
#7984 = CYLINDRICAL_SURFACE('',#7985,0.8);
#7985 = AXIS2_PLACEMENT_3D('',#7986,#7987,#7988);
#7986 = CARTESIAN_POINT('',(175.,-74.35,-4.6E-02));
#7987 = DIRECTION('',(-0.,-0.,-1.));
#7988 = DIRECTION('',(-0.,-1.,0.));
#7989 = ADVANCED_FACE('',(#7990),#8001,.F.);
#7990 = FACE_BOUND('',#7991,.T.);
#7991 = EDGE_LOOP('',(#7992,#7993,#7999,#8000));
#7992 = ORIENTED_EDGE('',*,*,#2176,.T.);
#7993 = ORIENTED_EDGE('',*,*,#7994,.T.);
#7994 = EDGE_CURVE('',#2177,#4412,#7995,.T.);
#7995 = LINE('',#7996,#7997);
#7996 = CARTESIAN_POINT('',(121.,-68.15,-4.6E-02));
#7997 = VECTOR('',#7998,1.);
#7998 = DIRECTION('',(0.,0.,1.));
#7999 = ORIENTED_EDGE('',*,*,#4411,.F.);
#8000 = ORIENTED_EDGE('',*,*,#7994,.F.);
#8001 = CYLINDRICAL_SURFACE('',#8002,0.8);
#8002 = AXIS2_PLACEMENT_3D('',#8003,#8004,#8005);
#8003 = CARTESIAN_POINT('',(121.,-67.35,-4.6E-02));
#8004 = DIRECTION('',(-0.,-0.,-1.));
#8005 = DIRECTION('',(-0.,-1.,0.));
#8006 = ADVANCED_FACE('',(#8007),#8018,.F.);
#8007 = FACE_BOUND('',#8008,.T.);
#8008 = EDGE_LOOP('',(#8009,#8010,#8016,#8017));
#8009 = ORIENTED_EDGE('',*,*,#2187,.T.);
#8010 = ORIENTED_EDGE('',*,*,#8011,.T.);
#8011 = EDGE_CURVE('',#2188,#4423,#8012,.T.);
#8012 = LINE('',#8013,#8014);
#8013 = CARTESIAN_POINT('',(116.,-62.925,-4.6E-02));
#8014 = VECTOR('',#8015,1.);
#8015 = DIRECTION('',(0.,0.,1.));
#8016 = ORIENTED_EDGE('',*,*,#4422,.F.);
#8017 = ORIENTED_EDGE('',*,*,#8011,.F.);
#8018 = CYLINDRICAL_SURFACE('',#8019,1.525);
#8019 = AXIS2_PLACEMENT_3D('',#8020,#8021,#8022);
#8020 = CARTESIAN_POINT('',(116.,-61.4,-4.6E-02));
#8021 = DIRECTION('',(-0.,-0.,-1.));
#8022 = DIRECTION('',(-0.,-1.,0.));
#8023 = ADVANCED_FACE('',(#8024),#8035,.F.);
#8024 = FACE_BOUND('',#8025,.T.);
#8025 = EDGE_LOOP('',(#8026,#8027,#8033,#8034));
#8026 = ORIENTED_EDGE('',*,*,#2198,.T.);
#8027 = ORIENTED_EDGE('',*,*,#8028,.T.);
#8028 = EDGE_CURVE('',#2199,#4434,#8029,.T.);
#8029 = LINE('',#8030,#8031);
#8030 = CARTESIAN_POINT('',(111.,-60.825,-4.6E-02));
#8031 = VECTOR('',#8032,1.);
#8032 = DIRECTION('',(0.,0.,1.));
#8033 = ORIENTED_EDGE('',*,*,#4433,.F.);
#8034 = ORIENTED_EDGE('',*,*,#8028,.F.);
#8035 = CYLINDRICAL_SURFACE('',#8036,1.525);
#8036 = AXIS2_PLACEMENT_3D('',#8037,#8038,#8039);
#8037 = CARTESIAN_POINT('',(111.,-59.3,-4.6E-02));
#8038 = DIRECTION('',(-0.,-0.,-1.));
#8039 = DIRECTION('',(-0.,-1.,0.));
#8040 = ADVANCED_FACE('',(#8041),#8052,.F.);
#8041 = FACE_BOUND('',#8042,.T.);
#8042 = EDGE_LOOP('',(#8043,#8044,#8050,#8051));
#8043 = ORIENTED_EDGE('',*,*,#2209,.T.);
#8044 = ORIENTED_EDGE('',*,*,#8045,.T.);
#8045 = EDGE_CURVE('',#2210,#4445,#8046,.T.);
#8046 = LINE('',#8047,#8048);
#8047 = CARTESIAN_POINT('',(129.,-61.825,-4.6E-02));
#8048 = VECTOR('',#8049,1.);
#8049 = DIRECTION('',(0.,0.,1.));
#8050 = ORIENTED_EDGE('',*,*,#4444,.F.);
#8051 = ORIENTED_EDGE('',*,*,#8045,.F.);
#8052 = CYLINDRICAL_SURFACE('',#8053,1.525);
#8053 = AXIS2_PLACEMENT_3D('',#8054,#8055,#8056);
#8054 = CARTESIAN_POINT('',(129.,-60.3,-4.6E-02));
#8055 = DIRECTION('',(-0.,-0.,-1.));
#8056 = DIRECTION('',(-0.,-1.,0.));
#8057 = ADVANCED_FACE('',(#8058),#8069,.F.);
#8058 = FACE_BOUND('',#8059,.T.);
#8059 = EDGE_LOOP('',(#8060,#8061,#8067,#8068));
#8060 = ORIENTED_EDGE('',*,*,#2220,.T.);
#8061 = ORIENTED_EDGE('',*,*,#8062,.T.);
#8062 = EDGE_CURVE('',#2221,#4456,#8063,.T.);
#8063 = LINE('',#8064,#8065);
#8064 = CARTESIAN_POINT('',(134.,-63.925,-4.6E-02));
#8065 = VECTOR('',#8066,1.);
#8066 = DIRECTION('',(0.,0.,1.));
#8067 = ORIENTED_EDGE('',*,*,#4455,.F.);
#8068 = ORIENTED_EDGE('',*,*,#8062,.F.);
#8069 = CYLINDRICAL_SURFACE('',#8070,1.525);
#8070 = AXIS2_PLACEMENT_3D('',#8071,#8072,#8073);
#8071 = CARTESIAN_POINT('',(134.,-62.4,-4.6E-02));
#8072 = DIRECTION('',(-0.,-0.,-1.));
#8073 = DIRECTION('',(-0.,-1.,0.));
#8074 = ADVANCED_FACE('',(#8075),#8086,.F.);
#8075 = FACE_BOUND('',#8076,.T.);
#8076 = EDGE_LOOP('',(#8077,#8078,#8084,#8085));
#8077 = ORIENTED_EDGE('',*,*,#2231,.T.);
#8078 = ORIENTED_EDGE('',*,*,#8079,.T.);
#8079 = EDGE_CURVE('',#2232,#4467,#8080,.T.);
#8080 = LINE('',#8081,#8082);
#8081 = CARTESIAN_POINT('',(110.5,-56.45,-4.6E-02));
#8082 = VECTOR('',#8083,1.);
#8083 = DIRECTION('',(0.,0.,1.));
#8084 = ORIENTED_EDGE('',*,*,#4466,.F.);
#8085 = ORIENTED_EDGE('',*,*,#8079,.F.);
#8086 = CYLINDRICAL_SURFACE('',#8087,0.95);
#8087 = AXIS2_PLACEMENT_3D('',#8088,#8089,#8090);
#8088 = CARTESIAN_POINT('',(110.5,-55.5,-4.6E-02));
#8089 = DIRECTION('',(-0.,-0.,-1.));
#8090 = DIRECTION('',(-0.,-1.,0.));
#8091 = ADVANCED_FACE('',(#8092),#8103,.F.);
#8092 = FACE_BOUND('',#8093,.T.);
#8093 = EDGE_LOOP('',(#8094,#8095,#8101,#8102));
#8094 = ORIENTED_EDGE('',*,*,#2242,.T.);
#8095 = ORIENTED_EDGE('',*,*,#8096,.T.);
#8096 = EDGE_CURVE('',#2243,#4478,#8097,.T.);
#8097 = LINE('',#8098,#8099);
#8098 = CARTESIAN_POINT('',(116.,-58.025,-4.6E-02));
#8099 = VECTOR('',#8100,1.);
#8100 = DIRECTION('',(0.,0.,1.));
#8101 = ORIENTED_EDGE('',*,*,#4477,.F.);
#8102 = ORIENTED_EDGE('',*,*,#8096,.F.);
#8103 = CYLINDRICAL_SURFACE('',#8104,2.525);
#8104 = AXIS2_PLACEMENT_3D('',#8105,#8106,#8107);
#8105 = CARTESIAN_POINT('',(116.,-55.5,-4.6E-02));
#8106 = DIRECTION('',(-0.,-0.,-1.));
#8107 = DIRECTION('',(-0.,-1.,0.));
#8108 = ADVANCED_FACE('',(#8109),#8120,.F.);
#8109 = FACE_BOUND('',#8110,.T.);
#8110 = EDGE_LOOP('',(#8111,#8112,#8118,#8119));
#8111 = ORIENTED_EDGE('',*,*,#2253,.T.);
#8112 = ORIENTED_EDGE('',*,*,#8113,.T.);
#8113 = EDGE_CURVE('',#2254,#4489,#8114,.T.);
#8114 = LINE('',#8115,#8116);
#8115 = CARTESIAN_POINT('',(121.5,-56.45,-4.6E-02));
#8116 = VECTOR('',#8117,1.);
#8117 = DIRECTION('',(0.,0.,1.));
#8118 = ORIENTED_EDGE('',*,*,#4488,.F.);
#8119 = ORIENTED_EDGE('',*,*,#8113,.F.);
#8120 = CYLINDRICAL_SURFACE('',#8121,0.95);
#8121 = AXIS2_PLACEMENT_3D('',#8122,#8123,#8124);
#8122 = CARTESIAN_POINT('',(121.5,-55.5,-4.6E-02));
#8123 = DIRECTION('',(-0.,-0.,-1.));
#8124 = DIRECTION('',(-0.,-1.,0.));
#8125 = ADVANCED_FACE('',(#8126),#8137,.F.);
#8126 = FACE_BOUND('',#8127,.T.);
#8127 = EDGE_LOOP('',(#8128,#8129,#8135,#8136));
#8128 = ORIENTED_EDGE('',*,*,#2264,.T.);
#8129 = ORIENTED_EDGE('',*,*,#8130,.T.);
#8130 = EDGE_CURVE('',#2265,#4500,#8131,.T.);
#8131 = LINE('',#8132,#8133);
#8132 = CARTESIAN_POINT('',(121.,-51.15,-4.6E-02));
#8133 = VECTOR('',#8134,1.);
#8134 = DIRECTION('',(0.,0.,1.));
#8135 = ORIENTED_EDGE('',*,*,#4499,.F.);
#8136 = ORIENTED_EDGE('',*,*,#8130,.F.);
#8137 = CYLINDRICAL_SURFACE('',#8138,0.8);
#8138 = AXIS2_PLACEMENT_3D('',#8139,#8140,#8141);
#8139 = CARTESIAN_POINT('',(121.,-50.35,-4.6E-02));
#8140 = DIRECTION('',(-0.,-0.,-1.));
#8141 = DIRECTION('',(-0.,-1.,0.));
#8142 = ADVANCED_FACE('',(#8143),#8154,.F.);
#8143 = FACE_BOUND('',#8144,.T.);
#8144 = EDGE_LOOP('',(#8145,#8146,#8152,#8153));
#8145 = ORIENTED_EDGE('',*,*,#2275,.T.);
#8146 = ORIENTED_EDGE('',*,*,#8147,.T.);
#8147 = EDGE_CURVE('',#2276,#4511,#8148,.T.);
#8148 = LINE('',#8149,#8150);
#8149 = CARTESIAN_POINT('',(128.5,-57.45,-4.6E-02));
#8150 = VECTOR('',#8151,1.);
#8151 = DIRECTION('',(0.,0.,1.));
#8152 = ORIENTED_EDGE('',*,*,#4510,.F.);
#8153 = ORIENTED_EDGE('',*,*,#8147,.F.);
#8154 = CYLINDRICAL_SURFACE('',#8155,0.95);
#8155 = AXIS2_PLACEMENT_3D('',#8156,#8157,#8158);
#8156 = CARTESIAN_POINT('',(128.5,-56.5,-4.6E-02));
#8157 = DIRECTION('',(-0.,-0.,-1.));
#8158 = DIRECTION('',(-0.,-1.,0.));
#8159 = ADVANCED_FACE('',(#8160),#8171,.F.);
#8160 = FACE_BOUND('',#8161,.T.);
#8161 = EDGE_LOOP('',(#8162,#8163,#8169,#8170));
#8162 = ORIENTED_EDGE('',*,*,#2286,.T.);
#8163 = ORIENTED_EDGE('',*,*,#8164,.T.);
#8164 = EDGE_CURVE('',#2287,#4522,#8165,.T.);
#8165 = LINE('',#8166,#8167);
#8166 = CARTESIAN_POINT('',(134.,-59.025,-4.6E-02));
#8167 = VECTOR('',#8168,1.);
#8168 = DIRECTION('',(0.,0.,1.));
#8169 = ORIENTED_EDGE('',*,*,#4521,.F.);
#8170 = ORIENTED_EDGE('',*,*,#8164,.F.);
#8171 = CYLINDRICAL_SURFACE('',#8172,2.525);
#8172 = AXIS2_PLACEMENT_3D('',#8173,#8174,#8175);
#8173 = CARTESIAN_POINT('',(134.,-56.5,-4.6E-02));
#8174 = DIRECTION('',(-0.,-0.,-1.));
#8175 = DIRECTION('',(-0.,-1.,0.));
#8176 = ADVANCED_FACE('',(#8177),#8188,.F.);
#8177 = FACE_BOUND('',#8178,.T.);
#8178 = EDGE_LOOP('',(#8179,#8180,#8186,#8187));
#8179 = ORIENTED_EDGE('',*,*,#2297,.T.);
#8180 = ORIENTED_EDGE('',*,*,#8181,.T.);
#8181 = EDGE_CURVE('',#2298,#4533,#8182,.T.);
#8182 = LINE('',#8183,#8184);
#8183 = CARTESIAN_POINT('',(139.5,-57.45,-4.6E-02));
#8184 = VECTOR('',#8185,1.);
#8185 = DIRECTION('',(0.,0.,1.));
#8186 = ORIENTED_EDGE('',*,*,#4532,.F.);
#8187 = ORIENTED_EDGE('',*,*,#8181,.F.);
#8188 = CYLINDRICAL_SURFACE('',#8189,0.95);
#8189 = AXIS2_PLACEMENT_3D('',#8190,#8191,#8192);
#8190 = CARTESIAN_POINT('',(139.5,-56.5,-4.6E-02));
#8191 = DIRECTION('',(-0.,-0.,-1.));
#8192 = DIRECTION('',(-0.,-1.,0.));
#8193 = ADVANCED_FACE('',(#8194),#8205,.F.);
#8194 = FACE_BOUND('',#8195,.T.);
#8195 = EDGE_LOOP('',(#8196,#8197,#8203,#8204));
#8196 = ORIENTED_EDGE('',*,*,#2308,.T.);
#8197 = ORIENTED_EDGE('',*,*,#8198,.T.);
#8198 = EDGE_CURVE('',#2309,#4544,#8199,.T.);
#8199 = LINE('',#8200,#8201);
#8200 = CARTESIAN_POINT('',(139.,-52.15,-4.6E-02));
#8201 = VECTOR('',#8202,1.);
#8202 = DIRECTION('',(0.,0.,1.));
#8203 = ORIENTED_EDGE('',*,*,#4543,.F.);
#8204 = ORIENTED_EDGE('',*,*,#8198,.F.);
#8205 = CYLINDRICAL_SURFACE('',#8206,0.8);
#8206 = AXIS2_PLACEMENT_3D('',#8207,#8208,#8209);
#8207 = CARTESIAN_POINT('',(139.,-51.35,-4.6E-02));
#8208 = DIRECTION('',(-0.,-0.,-1.));
#8209 = DIRECTION('',(-0.,-1.,0.));
#8210 = ADVANCED_FACE('',(#8211),#8222,.F.);
#8211 = FACE_BOUND('',#8212,.T.);
#8212 = EDGE_LOOP('',(#8213,#8214,#8220,#8221));
#8213 = ORIENTED_EDGE('',*,*,#2319,.T.);
#8214 = ORIENTED_EDGE('',*,*,#8215,.T.);
#8215 = EDGE_CURVE('',#2320,#4555,#8216,.T.);
#8216 = LINE('',#8217,#8218);
#8217 = CARTESIAN_POINT('',(146.5,-67.45,-4.6E-02));
#8218 = VECTOR('',#8219,1.);
#8219 = DIRECTION('',(0.,0.,1.));
#8220 = ORIENTED_EDGE('',*,*,#4554,.F.);
#8221 = ORIENTED_EDGE('',*,*,#8215,.F.);
#8222 = CYLINDRICAL_SURFACE('',#8223,0.95);
#8223 = AXIS2_PLACEMENT_3D('',#8224,#8225,#8226);
#8224 = CARTESIAN_POINT('',(146.5,-66.5,-4.6E-02));
#8225 = DIRECTION('',(-0.,-0.,-1.));
#8226 = DIRECTION('',(-0.,-1.,0.));
#8227 = ADVANCED_FACE('',(#8228),#8239,.F.);
#8228 = FACE_BOUND('',#8229,.T.);
#8229 = EDGE_LOOP('',(#8230,#8231,#8237,#8238));
#8230 = ORIENTED_EDGE('',*,*,#2330,.T.);
#8231 = ORIENTED_EDGE('',*,*,#8232,.T.);
#8232 = EDGE_CURVE('',#2331,#4566,#8233,.T.);
#8233 = LINE('',#8234,#8235);
#8234 = CARTESIAN_POINT('',(152.,-69.025,-4.6E-02));
#8235 = VECTOR('',#8236,1.);
#8236 = DIRECTION('',(0.,0.,1.));
#8237 = ORIENTED_EDGE('',*,*,#4565,.F.);
#8238 = ORIENTED_EDGE('',*,*,#8232,.F.);
#8239 = CYLINDRICAL_SURFACE('',#8240,2.525);
#8240 = AXIS2_PLACEMENT_3D('',#8241,#8242,#8243);
#8241 = CARTESIAN_POINT('',(152.,-66.5,-4.6E-02));
#8242 = DIRECTION('',(-0.,-0.,-1.));
#8243 = DIRECTION('',(-0.,-1.,0.));
#8244 = ADVANCED_FACE('',(#8245),#8256,.F.);
#8245 = FACE_BOUND('',#8246,.T.);
#8246 = EDGE_LOOP('',(#8247,#8248,#8254,#8255));
#8247 = ORIENTED_EDGE('',*,*,#2341,.T.);
#8248 = ORIENTED_EDGE('',*,*,#8249,.T.);
#8249 = EDGE_CURVE('',#2342,#4577,#8250,.T.);
#8250 = LINE('',#8251,#8252);
#8251 = CARTESIAN_POINT('',(157.5,-67.45,-4.6E-02));
#8252 = VECTOR('',#8253,1.);
#8253 = DIRECTION('',(0.,0.,1.));
#8254 = ORIENTED_EDGE('',*,*,#4576,.F.);
#8255 = ORIENTED_EDGE('',*,*,#8249,.F.);
#8256 = CYLINDRICAL_SURFACE('',#8257,0.95);
#8257 = AXIS2_PLACEMENT_3D('',#8258,#8259,#8260);
#8258 = CARTESIAN_POINT('',(157.5,-66.5,-4.6E-02));
#8259 = DIRECTION('',(-0.,-0.,-1.));
#8260 = DIRECTION('',(-0.,-1.,0.));
#8261 = ADVANCED_FACE('',(#8262),#8273,.F.);
#8262 = FACE_BOUND('',#8263,.T.);
#8263 = EDGE_LOOP('',(#8264,#8265,#8271,#8272));
#8264 = ORIENTED_EDGE('',*,*,#2352,.T.);
#8265 = ORIENTED_EDGE('',*,*,#8266,.T.);
#8266 = EDGE_CURVE('',#2353,#4588,#8267,.T.);
#8267 = LINE('',#8268,#8269);
#8268 = CARTESIAN_POINT('',(157.,-62.15,-4.6E-02));
#8269 = VECTOR('',#8270,1.);
#8270 = DIRECTION('',(0.,0.,1.));
#8271 = ORIENTED_EDGE('',*,*,#4587,.F.);
#8272 = ORIENTED_EDGE('',*,*,#8266,.F.);
#8273 = CYLINDRICAL_SURFACE('',#8274,0.8);
#8274 = AXIS2_PLACEMENT_3D('',#8275,#8276,#8277);
#8275 = CARTESIAN_POINT('',(157.,-61.35,-4.6E-02));
#8276 = DIRECTION('',(-0.,-0.,-1.));
#8277 = DIRECTION('',(-0.,-1.,0.));
#8278 = ADVANCED_FACE('',(#8279),#8290,.F.);
#8279 = FACE_BOUND('',#8280,.T.);
#8280 = EDGE_LOOP('',(#8281,#8282,#8288,#8289));
#8281 = ORIENTED_EDGE('',*,*,#2363,.T.);
#8282 = ORIENTED_EDGE('',*,*,#8283,.T.);
#8283 = EDGE_CURVE('',#2364,#4599,#8284,.T.);
#8284 = LINE('',#8285,#8286);
#8285 = CARTESIAN_POINT('',(145.5,-52.65,-4.6E-02));
#8286 = VECTOR('',#8287,1.);
#8287 = DIRECTION('',(0.,0.,1.));
#8288 = ORIENTED_EDGE('',*,*,#4598,.F.);
#8289 = ORIENTED_EDGE('',*,*,#8283,.F.);
#8290 = CYLINDRICAL_SURFACE('',#8291,2.15);
#8291 = AXIS2_PLACEMENT_3D('',#8292,#8293,#8294);
#8292 = CARTESIAN_POINT('',(145.5,-50.5,-4.6E-02));
#8293 = DIRECTION('',(-0.,-0.,-1.));
#8294 = DIRECTION('',(-0.,-1.,0.));
#8295 = ( GEOMETRIC_REPRESENTATION_CONTEXT(3)
GLOBAL_UNCERTAINTY_ASSIGNED_CONTEXT((#8299))
GLOBAL_UNIT_ASSIGNED_CONTEXT((#8296,#8297,#8298)) REPRESENTATION_CONTEXT
('Context #1','3D Context with UNIT and UNCERTAINTY') );
#8296 = ( LENGTH_UNIT() NAMED_UNIT(*) SI_UNIT(.MILLI.,.METRE.) );
#8297 = ( NAMED_UNIT(*) PLANE_ANGLE_UNIT() SI_UNIT($,.RADIAN.) );
#8298 = ( NAMED_UNIT(*) SI_UNIT($,.STERADIAN.) SOLID_ANGLE_UNIT() );
#8299 = UNCERTAINTY_MEASURE_WITH_UNIT(LENGTH_MEASURE(1.E-07),#8296,
  'distance_accuracy_value','confusion accuracy');
#8300 = CONTEXT_DEPENDENT_SHAPE_REPRESENTATION(#8301,#8303);
#8301 = ( REPRESENTATION_RELATIONSHIP('','',#32,#10)
REPRESENTATION_RELATIONSHIP_WITH_TRANSFORMATION(#8302)
SHAPE_REPRESENTATION_RELATIONSHIP() );
#8302 = ITEM_DEFINED_TRANSFORMATION('','',#11,#15);
#8303 = PRODUCT_DEFINITION_SHAPE('Placement','Placement of an item',
  #8304);
#8304 = NEXT_ASSEMBLY_USAGE_OCCURRENCE('1','=>[0:1:1:2]','',#5,#27,$);
#8305 = PRODUCT_RELATED_PRODUCT_CATEGORY('part',$,(#29));
#8306 = MECHANICAL_DESIGN_GEOMETRIC_PRESENTATION_REPRESENTATION('',(
    #8307),#8295);
#8307 = STYLED_ITEM('color',(#8308),#33);
#8308 = PRESENTATION_STYLE_ASSIGNMENT((#8309));
#8309 = SURFACE_STYLE_USAGE(.BOTH.,#8310);
#8310 = SURFACE_SIDE_STYLE('',(#8311));
#8311 = SURFACE_STYLE_FILL_AREA(#8312);
#8312 = FILL_AREA_STYLE('',(#8313));
#8313 = FILL_AREA_STYLE_COLOUR('',#8314);
#8314 = COLOUR_RGB('',0.313304153717,0.484529207832,0.410020903123);
ENDSEC;
END-ISO-10303-21;
