ISO-10303-21;
HEADER;
/* Generated by software containing ST-Developer
 * from STEP Tools, Inc. (www.steptools.com) 
 */

FILE_DESCRIPTION(
/* description */ ('KiCad electronic assembly'),
/* implementation_level */ '2;1');

FILE_NAME(
/* name */ 'reel-right-bottom.step',
/* time_stamp */ '2026-07-20T20:49:41+09:00',
/* author */ (''),
/* organization */ (''),
/* preprocessor_version */ 'ST-DEVELOPER v20.1',
/* originating_system */ 'Autodesk Translation Framework v15.8.0.0',
/* authorisation */ '');

FILE_SCHEMA (('AUTOMOTIVE_DESIGN { 1 0 10303 214 3 1 1 }'));
ENDSEC;

DATA;
#10=MECHANICAL_DESIGN_GEOMETRIC_PRESENTATION_REPRESENTATION('',(#17),#5667);
#11=ITEM_DEFINED_TRANSFORMATION($,$,#3323,#3658);
#12=(
REPRESENTATION_RELATIONSHIP($,$,#5678,#5677)
REPRESENTATION_RELATIONSHIP_WITH_TRANSFORMATION(#11)
SHAPE_REPRESENTATION_RELATIONSHIP()
);
#13=CONTEXT_DEPENDENT_SHAPE_REPRESENTATION(#12,#5676);
#14=NEXT_ASSEMBLY_USAGE_OCCURRENCE(
'codex-f0246934-b5b7-4950-8fdb-8273cd202c1c_PCB:1',
'codex-f0246934-b5b7-4950-8fdb-8273cd202c1c_PCB:1',
'codex-f0246934-b5b7-4950-8fdb-8273cd202c1c_PCB:1',#5680,#5681,
'codex-f0246934-b5b7-4950-8fdb-8273cd202c1c_PCB:1');
#15=SHAPE_REPRESENTATION_RELATIONSHIP('SRR','None',#5678,#16);
#16=ADVANCED_BREP_SHAPE_REPRESENTATION('',(#18),#5666);
#17=STYLED_ITEM('',(#5692),#18);
#18=MANIFOLD_SOLID_BREP('\X2\30DC30C730A3\X0\1',#3309);
#19=(
BOUNDED_CURVE()
B_SPLINE_CURVE(5,(#5435,#5436,#5437,#5438,#5439,#5440,#5441,#5442,#5443,
#5444),.UNSPECIFIED.,.F.,.F.)
B_SPLINE_CURVE_WITH_KNOTS((6,1,1,1,1,6),(0.,0.2,0.4,0.6,0.8,1.),
 .UNSPECIFIED.)
CURVE()
GEOMETRIC_REPRESENTATION_ITEM()
RATIONAL_B_SPLINE_CURVE((1.,1.,1.,1.,1.,1.,1.,1.,1.,1.))
REPRESENTATION_ITEM('')
);
#20=(
BOUNDED_CURVE()
B_SPLINE_CURVE(5,(#5448,#5449,#5450,#5451,#5452,#5453,#5454,#5455,#5456,
#5457),.UNSPECIFIED.,.F.,.F.)
B_SPLINE_CURVE_WITH_KNOTS((6,1,1,1,1,6),(-1.,-0.8,-0.6,-0.4,-0.2,0.),
 .UNSPECIFIED.)
CURVE()
GEOMETRIC_REPRESENTATION_ITEM()
RATIONAL_B_SPLINE_CURVE((1.,1.,1.,1.,1.,1.,1.,1.,1.,1.))
REPRESENTATION_ITEM('')
);
#21=(
BOUNDED_SURFACE()
B_SPLINE_SURFACE(5,1,((#5413,#5414),(#5415,#5416),(#5417,#5418),(#5419,
#5420),(#5421,#5422),(#5423,#5424),(#5425,#5426),(#5427,#5428),(#5429,#5430),
(#5431,#5432)),.UNSPECIFIED.,.F.,.F.,.F.)
B_SPLINE_SURFACE_WITH_KNOTS((6,1,1,1,1,6),(2,2),(-1.,-0.8,-0.6,-0.4,-0.2,
0.),(0.,0.15),.UNSPECIFIED.)
GEOMETRIC_REPRESENTATION_ITEM()
RATIONAL_B_SPLINE_SURFACE(((1.,1.),(1.,1.),(1.,1.),(1.,1.),(1.,1.),(1.,
1.),(1.,1.),(1.,1.),(1.,1.),(1.,1.)))
REPRESENTATION_ITEM('')
SURFACE()
);
#22=FACE_BOUND('',#556,.T.);
#23=FACE_BOUND('',#559,.T.);
#24=FACE_BOUND('',#562,.T.);
#25=FACE_BOUND('',#565,.T.);
#26=FACE_BOUND('',#568,.T.);
#27=FACE_BOUND('',#571,.T.);
#28=FACE_BOUND('',#574,.T.);
#29=FACE_BOUND('',#584,.T.);
#30=FACE_BOUND('',#585,.T.);
#31=FACE_BOUND('',#586,.T.);
#32=FACE_BOUND('',#587,.T.);
#33=FACE_BOUND('',#588,.T.);
#34=FACE_BOUND('',#596,.T.);
#35=FACE_BOUND('',#597,.T.);
#36=FACE_BOUND('',#640,.T.);
#37=FACE_BOUND('',#641,.T.);
#38=FACE_BOUND('',#642,.T.);
#39=FACE_BOUND('',#643,.T.);
#40=FACE_BOUND('',#644,.T.);
#41=FACE_BOUND('',#645,.T.);
#42=FACE_BOUND('',#646,.T.);
#43=CIRCLE('',#3328,0.19999925293143);
#44=CIRCLE('',#3329,0.19999925293143);
#45=CIRCLE('',#3332,1.7999992529251);
#46=CIRCLE('',#3333,1.7999992529251);
#47=CIRCLE('',#3336,0.199999252931447);
#48=CIRCLE('',#3337,0.199999252931447);
#49=CIRCLE('',#3340,1.79999925292508);
#50=CIRCLE('',#3341,1.79999925292508);
#51=CIRCLE('',#3344,0.199999252931465);
#52=CIRCLE('',#3345,0.199999252931465);
#53=CIRCLE('',#3348,0.199999252921446);
#54=CIRCLE('',#3349,0.199999252921446);
#55=CIRCLE('',#3352,1.79999925292507);
#56=CIRCLE('',#3353,1.79999925292507);
#57=CIRCLE('',#3356,0.199999252921482);
#58=CIRCLE('',#3357,0.199999252921482);
#59=CIRCLE('',#3360,1.79999925292508);
#60=CIRCLE('',#3361,1.79999925292508);
#61=CIRCLE('',#3364,0.199999252921446);
#62=CIRCLE('',#3365,0.199999252921446);
#63=CIRCLE('',#3368,1.30000133357619);
#64=CIRCLE('',#3369,1.30000133357619);
#65=CIRCLE('',#3372,0.199999252921446);
#66=CIRCLE('',#3373,0.199999252921446);
#67=CIRCLE('',#3376,1.79999925292506);
#68=CIRCLE('',#3377,1.79999925292506);
#69=CIRCLE('',#3380,0.199999252926438);
#70=CIRCLE('',#3381,0.199999252926438);
#71=CIRCLE('',#3384,1.79999925292499);
#72=CIRCLE('',#3385,1.79999925292499);
#73=CIRCLE('',#3388,0.199999252926429);
#74=CIRCLE('',#3389,0.199999252926429);
#75=CIRCLE('',#3392,5.80005862446677);
#76=CIRCLE('',#3393,5.80005862446677);
#77=CIRCLE('',#3396,0.200084939828586);
#78=CIRCLE('',#3397,0.200084939828586);
#79=CIRCLE('',#3400,0.199907387622493);
#80=CIRCLE('',#3401,0.199907387622493);
#81=CIRCLE('',#3404,0.200099214592361);
#82=CIRCLE('',#3405,0.200099214592361);
#83=CIRCLE('',#3408,5.800000766444);
#84=CIRCLE('',#3409,5.800000766444);
#85=CIRCLE('',#3412,0.199999252926705);
#86=CIRCLE('',#3413,0.199999252926705);
#87=CIRCLE('',#3415,1.79999925292503);
#88=CIRCLE('',#3416,1.79999925292503);
#89=CIRCLE('',#3418,1.19999925293028);
#90=CIRCLE('',#3419,0.799999252925095);
#91=CIRCLE('',#3420,1.19999925293031);
#92=CIRCLE('',#3421,0.799999252925077);
#93=CIRCLE('',#3422,1.19999925293028);
#94=CIRCLE('',#3423,1.19999925292028);
#95=CIRCLE('',#3424,0.799999252925059);
#96=CIRCLE('',#3425,1.19999925292028);
#97=CIRCLE('',#3426,0.799999252925077);
#98=CIRCLE('',#3427,1.19999925292028);
#99=CIRCLE('',#3428,0.300001333576183);
#100=CIRCLE('',#3429,0.700001333574998);
#101=CIRCLE('',#3430,1.19999925292028);
#102=CIRCLE('',#3431,0.799999252925059);
#103=CIRCLE('',#3432,1.19999925292527);
#104=CIRCLE('',#3433,0.799999252924988);
#105=CIRCLE('',#3434,1.19999925292528);
#106=CIRCLE('',#3435,4.80005862446677);
#107=CIRCLE('',#3436,1.20008493599276);
#108=CIRCLE('',#3437,1.19990738762254);
#109=CIRCLE('',#3438,1.20009920945432);
#110=CIRCLE('',#3439,4.80000076644399);
#111=CIRCLE('',#3440,1.19999925292553);
#112=CIRCLE('',#3441,0.799999252925022);
#113=CIRCLE('',#3444,0.799999252925022);
#114=CIRCLE('',#3446,1.19999925292553);
#115=CIRCLE('',#3449,4.80000076644399);
#116=CIRCLE('',#3452,1.20009920945432);
#117=CIRCLE('',#3455,1.19990738762254);
#118=CIRCLE('',#3458,1.20008493599276);
#119=CIRCLE('',#3461,4.80005862446677);
#120=CIRCLE('',#3464,1.19999925292528);
#121=CIRCLE('',#3466,0.999999999999994);
#122=CIRCLE('',#3467,0.999999999999996);
#123=CIRCLE('',#3469,0.799999252924988);
#124=CIRCLE('',#3472,1.19999925292527);
#125=CIRCLE('',#3475,0.799999252925059);
#126=CIRCLE('',#3478,1.19999925292028);
#127=CIRCLE('',#3481,0.700001333574998);
#128=CIRCLE('',#3483,0.300001333576183);
#129=CIRCLE('',#3486,1.19999925292028);
#130=CIRCLE('',#3489,0.799999252925077);
#131=CIRCLE('',#3492,1.19999925292028);
#132=CIRCLE('',#3495,0.799999252925059);
#133=CIRCLE('',#3498,1.19999925292028);
#134=CIRCLE('',#3501,1.19999925293028);
#135=CIRCLE('',#3504,0.799999252925077);
#136=CIRCLE('',#3507,1.19999925293031);
#137=CIRCLE('',#3510,0.799999252925095);
#138=CIRCLE('',#3513,1.19999925293028);
#139=CIRCLE('',#3515,2.19999999999999);
#140=CIRCLE('',#3516,2.19999999999999);
#141=CIRCLE('',#3518,1.1);
#142=CIRCLE('',#3520,2.19999999999999);
#143=CIRCLE('',#3521,2.19999999999999);
#144=CIRCLE('',#3523,1.1);
#145=CIRCLE('',#3525,2.19999999999999);
#146=CIRCLE('',#3526,2.19999999999999);
#147=CIRCLE('',#3528,1.1);
#148=CIRCLE('',#3530,2.19999999999999);
#149=CIRCLE('',#3531,2.19999999999999);
#150=CIRCLE('',#3533,1.1);
#151=CIRCLE('',#3535,2.19999999999999);
#152=CIRCLE('',#3536,2.19999999999999);
#153=CIRCLE('',#3538,1.1);
#154=CIRCLE('',#3540,2.20000000000001);
#155=CIRCLE('',#3541,2.20000000000001);
#156=CIRCLE('',#3543,1.1);
#157=CIRCLE('',#3545,2.19999999999999);
#158=CIRCLE('',#3546,2.19999999999999);
#159=CIRCLE('',#3548,1.1);
#160=CIRCLE('',#3551,0.999999999999994);
#161=CIRCLE('',#3555,0.999999999999996);
#162=CIRCLE('',#3558,4.19999925293029);
#163=CIRCLE('',#3559,4.19999925293033);
#164=CIRCLE('',#3560,4.19999925293027);
#165=CIRCLE('',#3561,4.19999925292028);
#166=CIRCLE('',#3562,4.19999925292028);
#167=CIRCLE('',#3563,4.19999925292028);
#168=CIRCLE('',#3564,3.700001333575);
#169=CIRCLE('',#3565,4.19999925292027);
#170=CIRCLE('',#3566,4.19999925292527);
#171=CIRCLE('',#3569,0.799999252925095);
#172=CIRCLE('',#3570,1.19999925300028);
#173=CIRCLE('',#3571,1.1);
#174=CIRCLE('',#3572,1.1);
#175=CIRCLE('',#3573,1.1);
#176=CIRCLE('',#3574,1.1);
#177=CIRCLE('',#3575,1.1);
#178=CIRCLE('',#3579,1.1);
#179=CIRCLE('',#3581,1.1);
#180=CIRCLE('',#3584,1.19999925300028);
#181=CIRCLE('',#3585,0.799999252925095);
#182=CIRCLE('',#3586,0.299999252925018);
#183=CIRCLE('',#3587,1.69999925292554);
#184=CIRCLE('',#3588,4.30000076644399);
#185=CIRCLE('',#3589,1.00000000000001);
#186=CIRCLE('',#3591,1.00000000000001);
#187=CIRCLE('',#3594,4.30000076644399);
#188=CIRCLE('',#3597,1.69999925292554);
#189=CIRCLE('',#3599,0.299999252925018);
#190=CIRCLE('',#3607,4.19990738762254);
#191=CIRCLE('',#3608,4.19990738762254);
#192=CIRCLE('',#3611,4.20008493599277);
#193=CIRCLE('',#3612,4.20008493599277);
#194=CIRCLE('',#3615,1.80005862449788);
#195=CIRCLE('',#3616,1.80005862449788);
#196=CIRCLE('',#3619,4.19999925292528);
#197=CIRCLE('',#3620,4.19999925292528);
#198=CIRCLE('',#3622,4.19999925292527);
#199=CIRCLE('',#3625,4.19999925292027);
#200=CIRCLE('',#3628,3.700001333575);
#201=CIRCLE('',#3631,4.19999925292028);
#202=CIRCLE('',#3635,4.19999925292028);
#203=CIRCLE('',#3639,4.19999925292028);
#204=CIRCLE('',#3642,4.19999925293027);
#205=CIRCLE('',#3645,4.19999925293033);
#206=CIRCLE('',#3649,4.19999925293029);
#207=CYLINDRICAL_SURFACE('',#3327,0.19999925293143);
#208=CYLINDRICAL_SURFACE('',#3331,1.7999992529251);
#209=CYLINDRICAL_SURFACE('',#3335,0.199999252931447);
#210=CYLINDRICAL_SURFACE('',#3339,1.79999925292508);
#211=CYLINDRICAL_SURFACE('',#3343,0.199999252931465);
#212=CYLINDRICAL_SURFACE('',#3347,0.199999252921446);
#213=CYLINDRICAL_SURFACE('',#3351,1.79999925292507);
#214=CYLINDRICAL_SURFACE('',#3355,0.199999252921482);
#215=CYLINDRICAL_SURFACE('',#3359,1.79999925292508);
#216=CYLINDRICAL_SURFACE('',#3363,0.199999252921446);
#217=CYLINDRICAL_SURFACE('',#3367,1.30000133357619);
#218=CYLINDRICAL_SURFACE('',#3371,0.199999252921446);
#219=CYLINDRICAL_SURFACE('',#3375,1.79999925292506);
#220=CYLINDRICAL_SURFACE('',#3379,0.199999252926438);
#221=CYLINDRICAL_SURFACE('',#3383,1.79999925292499);
#222=CYLINDRICAL_SURFACE('',#3387,0.199999252926429);
#223=CYLINDRICAL_SURFACE('',#3391,5.80005862446677);
#224=CYLINDRICAL_SURFACE('',#3395,0.200084939828586);
#225=CYLINDRICAL_SURFACE('',#3399,0.199907387622493);
#226=CYLINDRICAL_SURFACE('',#3403,0.200099214592361);
#227=CYLINDRICAL_SURFACE('',#3407,5.800000766444);
#228=CYLINDRICAL_SURFACE('',#3411,0.199999252926705);
#229=CYLINDRICAL_SURFACE('',#3414,1.79999925292503);
#230=CYLINDRICAL_SURFACE('',#3443,0.799999252925022);
#231=CYLINDRICAL_SURFACE('',#3445,1.19999925292553);
#232=CYLINDRICAL_SURFACE('',#3448,4.80000076644399);
#233=CYLINDRICAL_SURFACE('',#3451,1.20009920945432);
#234=CYLINDRICAL_SURFACE('',#3454,1.19990738762254);
#235=CYLINDRICAL_SURFACE('',#3457,1.20008493599276);
#236=CYLINDRICAL_SURFACE('',#3460,4.80005862446677);
#237=CYLINDRICAL_SURFACE('',#3463,1.19999925292528);
#238=CYLINDRICAL_SURFACE('',#3468,0.799999252924988);
#239=CYLINDRICAL_SURFACE('',#3471,1.19999925292527);
#240=CYLINDRICAL_SURFACE('',#3474,0.799999252925059);
#241=CYLINDRICAL_SURFACE('',#3477,1.19999925292028);
#242=CYLINDRICAL_SURFACE('',#3480,0.700001333574998);
#243=CYLINDRICAL_SURFACE('',#3482,0.300001333576183);
#244=CYLINDRICAL_SURFACE('',#3485,1.19999925292028);
#245=CYLINDRICAL_SURFACE('',#3488,0.799999252925077);
#246=CYLINDRICAL_SURFACE('',#3491,1.19999925292028);
#247=CYLINDRICAL_SURFACE('',#3494,0.799999252925059);
#248=CYLINDRICAL_SURFACE('',#3497,1.19999925292028);
#249=CYLINDRICAL_SURFACE('',#3500,1.19999925293028);
#250=CYLINDRICAL_SURFACE('',#3503,0.799999252925077);
#251=CYLINDRICAL_SURFACE('',#3506,1.19999925293031);
#252=CYLINDRICAL_SURFACE('',#3509,0.799999252925095);
#253=CYLINDRICAL_SURFACE('',#3512,1.19999925293028);
#254=CYLINDRICAL_SURFACE('',#3514,2.19999999999999);
#255=CYLINDRICAL_SURFACE('',#3519,2.19999999999999);
#256=CYLINDRICAL_SURFACE('',#3524,2.19999999999999);
#257=CYLINDRICAL_SURFACE('',#3529,2.19999999999999);
#258=CYLINDRICAL_SURFACE('',#3534,2.19999999999999);
#259=CYLINDRICAL_SURFACE('',#3539,2.20000000000001);
#260=CYLINDRICAL_SURFACE('',#3544,2.19999999999999);
#261=CYLINDRICAL_SURFACE('',#3550,0.999999999999994);
#262=CYLINDRICAL_SURFACE('',#3554,0.999999999999996);
#263=CYLINDRICAL_SURFACE('',#3578,1.1);
#264=CYLINDRICAL_SURFACE('',#3580,1.1);
#265=CYLINDRICAL_SURFACE('',#3590,1.00000000000001);
#266=CYLINDRICAL_SURFACE('',#3593,4.30000076644399);
#267=CYLINDRICAL_SURFACE('',#3596,1.69999925292554);
#268=CYLINDRICAL_SURFACE('',#3598,0.299999252925018);
#269=CYLINDRICAL_SURFACE('',#3601,0.799999252925095);
#270=CYLINDRICAL_SURFACE('',#3603,1.19999925300028);
#271=CYLINDRICAL_SURFACE('',#3606,4.19990738762254);
#272=CYLINDRICAL_SURFACE('',#3610,4.20008493599277);
#273=CYLINDRICAL_SURFACE('',#3614,1.80005862449788);
#274=CYLINDRICAL_SURFACE('',#3618,4.19999925292528);
#275=CYLINDRICAL_SURFACE('',#3621,4.19999925292527);
#276=CYLINDRICAL_SURFACE('',#3624,4.19999925292027);
#277=CYLINDRICAL_SURFACE('',#3627,3.700001333575);
#278=CYLINDRICAL_SURFACE('',#3630,4.19999925292028);
#279=CYLINDRICAL_SURFACE('',#3634,4.19999925292028);
#280=CYLINDRICAL_SURFACE('',#3638,4.19999925292028);
#281=CYLINDRICAL_SURFACE('',#3641,4.19999925293027);
#282=CYLINDRICAL_SURFACE('',#3644,4.19999925293033);
#283=CYLINDRICAL_SURFACE('',#3648,4.19999925293029);
#284=CYLINDRICAL_SURFACE('',#3653,1.1);
#285=CYLINDRICAL_SURFACE('',#3654,1.1);
#286=CYLINDRICAL_SURFACE('',#3655,1.1);
#287=CYLINDRICAL_SURFACE('',#3656,1.1);
#288=CYLINDRICAL_SURFACE('',#3657,1.1);
#289=FACE_OUTER_BOUND('',#460,.T.);
#290=FACE_OUTER_BOUND('',#461,.T.);
#291=FACE_OUTER_BOUND('',#462,.T.);
#292=FACE_OUTER_BOUND('',#463,.T.);
#293=FACE_OUTER_BOUND('',#464,.T.);
#294=FACE_OUTER_BOUND('',#465,.T.);
#295=FACE_OUTER_BOUND('',#466,.T.);
#296=FACE_OUTER_BOUND('',#467,.T.);
#297=FACE_OUTER_BOUND('',#468,.T.);
#298=FACE_OUTER_BOUND('',#469,.T.);
#299=FACE_OUTER_BOUND('',#470,.T.);
#300=FACE_OUTER_BOUND('',#471,.T.);
#301=FACE_OUTER_BOUND('',#472,.T.);
#302=FACE_OUTER_BOUND('',#473,.T.);
#303=FACE_OUTER_BOUND('',#474,.T.);
#304=FACE_OUTER_BOUND('',#475,.T.);
#305=FACE_OUTER_BOUND('',#476,.T.);
#306=FACE_OUTER_BOUND('',#477,.T.);
#307=FACE_OUTER_BOUND('',#478,.T.);
#308=FACE_OUTER_BOUND('',#479,.T.);
#309=FACE_OUTER_BOUND('',#480,.T.);
#310=FACE_OUTER_BOUND('',#481,.T.);
#311=FACE_OUTER_BOUND('',#482,.T.);
#312=FACE_OUTER_BOUND('',#483,.T.);
#313=FACE_OUTER_BOUND('',#484,.T.);
#314=FACE_OUTER_BOUND('',#485,.T.);
#315=FACE_OUTER_BOUND('',#486,.T.);
#316=FACE_OUTER_BOUND('',#487,.T.);
#317=FACE_OUTER_BOUND('',#488,.T.);
#318=FACE_OUTER_BOUND('',#489,.T.);
#319=FACE_OUTER_BOUND('',#490,.T.);
#320=FACE_OUTER_BOUND('',#491,.T.);
#321=FACE_OUTER_BOUND('',#492,.T.);
#322=FACE_OUTER_BOUND('',#493,.T.);
#323=FACE_OUTER_BOUND('',#494,.T.);
#324=FACE_OUTER_BOUND('',#495,.T.);
#325=FACE_OUTER_BOUND('',#496,.T.);
#326=FACE_OUTER_BOUND('',#497,.T.);
#327=FACE_OUTER_BOUND('',#498,.T.);
#328=FACE_OUTER_BOUND('',#499,.T.);
#329=FACE_OUTER_BOUND('',#500,.T.);
#330=FACE_OUTER_BOUND('',#501,.T.);
#331=FACE_OUTER_BOUND('',#502,.T.);
#332=FACE_OUTER_BOUND('',#503,.T.);
#333=FACE_OUTER_BOUND('',#504,.T.);
#334=FACE_OUTER_BOUND('',#505,.T.);
#335=FACE_OUTER_BOUND('',#506,.T.);
#336=FACE_OUTER_BOUND('',#507,.T.);
#337=FACE_OUTER_BOUND('',#508,.T.);
#338=FACE_OUTER_BOUND('',#509,.T.);
#339=FACE_OUTER_BOUND('',#510,.T.);
#340=FACE_OUTER_BOUND('',#511,.T.);
#341=FACE_OUTER_BOUND('',#512,.T.);
#342=FACE_OUTER_BOUND('',#513,.T.);
#343=FACE_OUTER_BOUND('',#514,.T.);
#344=FACE_OUTER_BOUND('',#515,.T.);
#345=FACE_OUTER_BOUND('',#516,.T.);
#346=FACE_OUTER_BOUND('',#517,.T.);
#347=FACE_OUTER_BOUND('',#518,.T.);
#348=FACE_OUTER_BOUND('',#519,.T.);
#349=FACE_OUTER_BOUND('',#520,.T.);
#350=FACE_OUTER_BOUND('',#521,.T.);
#351=FACE_OUTER_BOUND('',#522,.T.);
#352=FACE_OUTER_BOUND('',#523,.T.);
#353=FACE_OUTER_BOUND('',#524,.T.);
#354=FACE_OUTER_BOUND('',#525,.T.);
#355=FACE_OUTER_BOUND('',#526,.T.);
#356=FACE_OUTER_BOUND('',#527,.T.);
#357=FACE_OUTER_BOUND('',#528,.T.);
#358=FACE_OUTER_BOUND('',#529,.T.);
#359=FACE_OUTER_BOUND('',#530,.T.);
#360=FACE_OUTER_BOUND('',#531,.T.);
#361=FACE_OUTER_BOUND('',#532,.T.);
#362=FACE_OUTER_BOUND('',#533,.T.);
#363=FACE_OUTER_BOUND('',#534,.T.);
#364=FACE_OUTER_BOUND('',#535,.T.);
#365=FACE_OUTER_BOUND('',#536,.T.);
#366=FACE_OUTER_BOUND('',#537,.T.);
#367=FACE_OUTER_BOUND('',#538,.T.);
#368=FACE_OUTER_BOUND('',#539,.T.);
#369=FACE_OUTER_BOUND('',#540,.T.);
#370=FACE_OUTER_BOUND('',#541,.T.);
#371=FACE_OUTER_BOUND('',#542,.T.);
#372=FACE_OUTER_BOUND('',#543,.T.);
#373=FACE_OUTER_BOUND('',#544,.T.);
#374=FACE_OUTER_BOUND('',#545,.T.);
#375=FACE_OUTER_BOUND('',#546,.T.);
#376=FACE_OUTER_BOUND('',#547,.T.);
#377=FACE_OUTER_BOUND('',#548,.T.);
#378=FACE_OUTER_BOUND('',#549,.T.);
#379=FACE_OUTER_BOUND('',#550,.T.);
#380=FACE_OUTER_BOUND('',#551,.T.);
#381=FACE_OUTER_BOUND('',#552,.T.);
#382=FACE_OUTER_BOUND('',#553,.T.);
#383=FACE_OUTER_BOUND('',#554,.T.);
#384=FACE_OUTER_BOUND('',#555,.T.);
#385=FACE_OUTER_BOUND('',#557,.T.);
#386=FACE_OUTER_BOUND('',#558,.T.);
#387=FACE_OUTER_BOUND('',#560,.T.);
#388=FACE_OUTER_BOUND('',#561,.T.);
#389=FACE_OUTER_BOUND('',#563,.T.);
#390=FACE_OUTER_BOUND('',#564,.T.);
#391=FACE_OUTER_BOUND('',#566,.T.);
#392=FACE_OUTER_BOUND('',#567,.T.);
#393=FACE_OUTER_BOUND('',#569,.T.);
#394=FACE_OUTER_BOUND('',#570,.T.);
#395=FACE_OUTER_BOUND('',#572,.T.);
#396=FACE_OUTER_BOUND('',#573,.T.);
#397=FACE_OUTER_BOUND('',#575,.T.);
#398=FACE_OUTER_BOUND('',#576,.T.);
#399=FACE_OUTER_BOUND('',#577,.T.);
#400=FACE_OUTER_BOUND('',#578,.T.);
#401=FACE_OUTER_BOUND('',#579,.T.);
#402=FACE_OUTER_BOUND('',#580,.T.);
#403=FACE_OUTER_BOUND('',#581,.T.);
#404=FACE_OUTER_BOUND('',#582,.T.);
#405=FACE_OUTER_BOUND('',#583,.T.);
#406=FACE_OUTER_BOUND('',#589,.T.);
#407=FACE_OUTER_BOUND('',#590,.T.);
#408=FACE_OUTER_BOUND('',#591,.T.);
#409=FACE_OUTER_BOUND('',#592,.T.);
#410=FACE_OUTER_BOUND('',#593,.T.);
#411=FACE_OUTER_BOUND('',#594,.T.);
#412=FACE_OUTER_BOUND('',#595,.T.);
#413=FACE_OUTER_BOUND('',#598,.T.);
#414=FACE_OUTER_BOUND('',#599,.T.);
#415=FACE_OUTER_BOUND('',#600,.T.);
#416=FACE_OUTER_BOUND('',#601,.T.);
#417=FACE_OUTER_BOUND('',#602,.T.);
#418=FACE_OUTER_BOUND('',#603,.T.);
#419=FACE_OUTER_BOUND('',#604,.T.);
#420=FACE_OUTER_BOUND('',#605,.T.);
#421=FACE_OUTER_BOUND('',#606,.T.);
#422=FACE_OUTER_BOUND('',#607,.T.);
#423=FACE_OUTER_BOUND('',#608,.T.);
#424=FACE_OUTER_BOUND('',#609,.T.);
#425=FACE_OUTER_BOUND('',#610,.T.);
#426=FACE_OUTER_BOUND('',#611,.T.);
#427=FACE_OUTER_BOUND('',#612,.T.);
#428=FACE_OUTER_BOUND('',#613,.T.);
#429=FACE_OUTER_BOUND('',#614,.T.);
#430=FACE_OUTER_BOUND('',#615,.T.);
#431=FACE_OUTER_BOUND('',#616,.T.);
#432=FACE_OUTER_BOUND('',#617,.T.);
#433=FACE_OUTER_BOUND('',#618,.T.);
#434=FACE_OUTER_BOUND('',#619,.T.);
#435=FACE_OUTER_BOUND('',#620,.T.);
#436=FACE_OUTER_BOUND('',#621,.T.);
#437=FACE_OUTER_BOUND('',#622,.T.);
#438=FACE_OUTER_BOUND('',#623,.T.);
#439=FACE_OUTER_BOUND('',#624,.T.);
#440=FACE_OUTER_BOUND('',#625,.T.);
#441=FACE_OUTER_BOUND('',#626,.T.);
#442=FACE_OUTER_BOUND('',#627,.T.);
#443=FACE_OUTER_BOUND('',#628,.T.);
#444=FACE_OUTER_BOUND('',#629,.T.);
#445=FACE_OUTER_BOUND('',#630,.T.);
#446=FACE_OUTER_BOUND('',#631,.T.);
#447=FACE_OUTER_BOUND('',#632,.T.);
#448=FACE_OUTER_BOUND('',#633,.T.);
#449=FACE_OUTER_BOUND('',#634,.T.);
#450=FACE_OUTER_BOUND('',#635,.T.);
#451=FACE_OUTER_BOUND('',#636,.T.);
#452=FACE_OUTER_BOUND('',#637,.T.);
#453=FACE_OUTER_BOUND('',#638,.T.);
#454=FACE_OUTER_BOUND('',#639,.T.);
#455=FACE_OUTER_BOUND('',#647,.T.);
#456=FACE_OUTER_BOUND('',#648,.T.);
#457=FACE_OUTER_BOUND('',#649,.T.);
#458=FACE_OUTER_BOUND('',#650,.T.);
#459=FACE_OUTER_BOUND('',#651,.T.);
#460=EDGE_LOOP('',(#2086,#2087,#2088,#2089));
#461=EDGE_LOOP('',(#2090,#2091,#2092,#2093));
#462=EDGE_LOOP('',(#2094,#2095,#2096,#2097));
#463=EDGE_LOOP('',(#2098,#2099,#2100,#2101));
#464=EDGE_LOOP('',(#2102,#2103,#2104,#2105));
#465=EDGE_LOOP('',(#2106,#2107,#2108,#2109));
#466=EDGE_LOOP('',(#2110,#2111,#2112,#2113));
#467=EDGE_LOOP('',(#2114,#2115,#2116,#2117));
#468=EDGE_LOOP('',(#2118,#2119,#2120,#2121));
#469=EDGE_LOOP('',(#2122,#2123,#2124,#2125));
#470=EDGE_LOOP('',(#2126,#2127,#2128,#2129));
#471=EDGE_LOOP('',(#2130,#2131,#2132,#2133));
#472=EDGE_LOOP('',(#2134,#2135,#2136,#2137));
#473=EDGE_LOOP('',(#2138,#2139,#2140,#2141));
#474=EDGE_LOOP('',(#2142,#2143,#2144,#2145));
#475=EDGE_LOOP('',(#2146,#2147,#2148,#2149));
#476=EDGE_LOOP('',(#2150,#2151,#2152,#2153));
#477=EDGE_LOOP('',(#2154,#2155,#2156,#2157));
#478=EDGE_LOOP('',(#2158,#2159,#2160,#2161));
#479=EDGE_LOOP('',(#2162,#2163,#2164,#2165));
#480=EDGE_LOOP('',(#2166,#2167,#2168,#2169));
#481=EDGE_LOOP('',(#2170,#2171,#2172,#2173));
#482=EDGE_LOOP('',(#2174,#2175,#2176,#2177));
#483=EDGE_LOOP('',(#2178,#2179,#2180,#2181));
#484=EDGE_LOOP('',(#2182,#2183,#2184,#2185));
#485=EDGE_LOOP('',(#2186,#2187,#2188,#2189));
#486=EDGE_LOOP('',(#2190,#2191,#2192,#2193));
#487=EDGE_LOOP('',(#2194,#2195,#2196,#2197));
#488=EDGE_LOOP('',(#2198,#2199,#2200,#2201));
#489=EDGE_LOOP('',(#2202,#2203,#2204,#2205));
#490=EDGE_LOOP('',(#2206,#2207,#2208,#2209));
#491=EDGE_LOOP('',(#2210,#2211,#2212,#2213));
#492=EDGE_LOOP('',(#2214,#2215,#2216,#2217));
#493=EDGE_LOOP('',(#2218,#2219,#2220,#2221));
#494=EDGE_LOOP('',(#2222,#2223,#2224,#2225));
#495=EDGE_LOOP('',(#2226,#2227,#2228,#2229));
#496=EDGE_LOOP('',(#2230,#2231,#2232,#2233));
#497=EDGE_LOOP('',(#2234,#2235,#2236,#2237));
#498=EDGE_LOOP('',(#2238,#2239,#2240,#2241));
#499=EDGE_LOOP('',(#2242,#2243,#2244,#2245));
#500=EDGE_LOOP('',(#2246,#2247,#2248,#2249));
#501=EDGE_LOOP('',(#2250,#2251,#2252,#2253));
#502=EDGE_LOOP('',(#2254,#2255,#2256,#2257));
#503=EDGE_LOOP('',(#2258,#2259,#2260,#2261));
#504=EDGE_LOOP('',(#2262,#2263,#2264,#2265));
#505=EDGE_LOOP('',(#2266,#2267,#2268,#2269));
#506=EDGE_LOOP('',(#2270,#2271,#2272,#2273));
#507=EDGE_LOOP('',(#2274,#2275,#2276,#2277,#2278,#2279,#2280,#2281,#2282,
#2283,#2284,#2285,#2286,#2287,#2288,#2289,#2290,#2291,#2292,#2293,#2294,
#2295,#2296,#2297,#2298,#2299,#2300,#2301,#2302,#2303,#2304,#2305,#2306,
#2307,#2308,#2309,#2310,#2311,#2312,#2313,#2314,#2315,#2316,#2317,#2318,
#2319,#2320,#2321,#2322,#2323,#2324,#2325,#2326,#2327,#2328,#2329,#2330,
#2331,#2332,#2333,#2334,#2335,#2336,#2337,#2338,#2339,#2340,#2341,#2342,
#2343,#2344,#2345,#2346,#2347,#2348,#2349,#2350,#2351,#2352,#2353,#2354,
#2355,#2356,#2357,#2358,#2359,#2360,#2361,#2362,#2363,#2364,#2365,#2366,
#2367,#2368));
#508=EDGE_LOOP('',(#2369,#2370,#2371,#2372));
#509=EDGE_LOOP('',(#2373,#2374,#2375,#2376));
#510=EDGE_LOOP('',(#2377,#2378,#2379,#2380));
#511=EDGE_LOOP('',(#2381,#2382,#2383,#2384));
#512=EDGE_LOOP('',(#2385,#2386,#2387,#2388));
#513=EDGE_LOOP('',(#2389,#2390,#2391,#2392));
#514=EDGE_LOOP('',(#2393,#2394,#2395,#2396));
#515=EDGE_LOOP('',(#2397,#2398,#2399,#2400));
#516=EDGE_LOOP('',(#2401,#2402,#2403,#2404));
#517=EDGE_LOOP('',(#2405,#2406,#2407,#2408));
#518=EDGE_LOOP('',(#2409,#2410,#2411,#2412));
#519=EDGE_LOOP('',(#2413,#2414,#2415,#2416));
#520=EDGE_LOOP('',(#2417,#2418,#2419,#2420));
#521=EDGE_LOOP('',(#2421,#2422,#2423,#2424));
#522=EDGE_LOOP('',(#2425,#2426,#2427,#2428));
#523=EDGE_LOOP('',(#2429,#2430,#2431,#2432,#2433,#2434,#2435,#2436,#2437,
#2438));
#524=EDGE_LOOP('',(#2439,#2440,#2441,#2442));
#525=EDGE_LOOP('',(#2443,#2444,#2445,#2446));
#526=EDGE_LOOP('',(#2447,#2448,#2449,#2450));
#527=EDGE_LOOP('',(#2451,#2452,#2453,#2454));
#528=EDGE_LOOP('',(#2455,#2456,#2457,#2458));
#529=EDGE_LOOP('',(#2459,#2460,#2461,#2462));
#530=EDGE_LOOP('',(#2463,#2464,#2465,#2466));
#531=EDGE_LOOP('',(#2467,#2468,#2469,#2470));
#532=EDGE_LOOP('',(#2471,#2472,#2473,#2474));
#533=EDGE_LOOP('',(#2475,#2476,#2477,#2478));
#534=EDGE_LOOP('',(#2479,#2480,#2481,#2482));
#535=EDGE_LOOP('',(#2483,#2484,#2485,#2486));
#536=EDGE_LOOP('',(#2487,#2488,#2489,#2490));
#537=EDGE_LOOP('',(#2491,#2492,#2493,#2494));
#538=EDGE_LOOP('',(#2495,#2496,#2497,#2498));
#539=EDGE_LOOP('',(#2499,#2500,#2501,#2502));
#540=EDGE_LOOP('',(#2503,#2504,#2505,#2506));
#541=EDGE_LOOP('',(#2507,#2508,#2509,#2510));
#542=EDGE_LOOP('',(#2511,#2512,#2513,#2514));
#543=EDGE_LOOP('',(#2515,#2516,#2517,#2518));
#544=EDGE_LOOP('',(#2519,#2520,#2521,#2522));
#545=EDGE_LOOP('',(#2523,#2524,#2525,#2526));
#546=EDGE_LOOP('',(#2527,#2528,#2529,#2530));
#547=EDGE_LOOP('',(#2531,#2532,#2533,#2534));
#548=EDGE_LOOP('',(#2535,#2536,#2537,#2538));
#549=EDGE_LOOP('',(#2539,#2540,#2541,#2542));
#550=EDGE_LOOP('',(#2543,#2544,#2545,#2546));
#551=EDGE_LOOP('',(#2547,#2548,#2549,#2550));
#552=EDGE_LOOP('',(#2551,#2552,#2553,#2554));
#553=EDGE_LOOP('',(#2555,#2556,#2557,#2558));
#554=EDGE_LOOP('',(#2559,#2560,#2561,#2562));
#555=EDGE_LOOP('',(#2563));
#556=EDGE_LOOP('',(#2564));
#557=EDGE_LOOP('',(#2565,#2566,#2567,#2568));
#558=EDGE_LOOP('',(#2569));
#559=EDGE_LOOP('',(#2570));
#560=EDGE_LOOP('',(#2571,#2572,#2573,#2574));
#561=EDGE_LOOP('',(#2575));
#562=EDGE_LOOP('',(#2576));
#563=EDGE_LOOP('',(#2577,#2578,#2579,#2580));
#564=EDGE_LOOP('',(#2581));
#565=EDGE_LOOP('',(#2582));
#566=EDGE_LOOP('',(#2583,#2584,#2585,#2586));
#567=EDGE_LOOP('',(#2587));
#568=EDGE_LOOP('',(#2588));
#569=EDGE_LOOP('',(#2589,#2590,#2591,#2592));
#570=EDGE_LOOP('',(#2593));
#571=EDGE_LOOP('',(#2594));
#572=EDGE_LOOP('',(#2595,#2596,#2597,#2598));
#573=EDGE_LOOP('',(#2599));
#574=EDGE_LOOP('',(#2600));
#575=EDGE_LOOP('',(#2601,#2602,#2603,#2604));
#576=EDGE_LOOP('',(#2605,#2606,#2607,#2608));
#577=EDGE_LOOP('',(#2609,#2610,#2611,#2612));
#578=EDGE_LOOP('',(#2613,#2614,#2615,#2616));
#579=EDGE_LOOP('',(#2617,#2618,#2619,#2620));
#580=EDGE_LOOP('',(#2621,#2622,#2623,#2624,#2625,#2626,#2627,#2628,#2629,
#2630));
#581=EDGE_LOOP('',(#2631,#2632,#2633,#2634,#2635,#2636,#2637,#2638,#2639,
#2640,#2641,#2642,#2643,#2644,#2645,#2646,#2647,#2648,#2649,#2650,#2651,
#2652,#2653,#2654,#2655,#2656,#2657,#2658,#2659,#2660,#2661,#2662,#2663,
#2664,#2665,#2666,#2667,#2668,#2669,#2670,#2671,#2672,#2673,#2674,#2675,
#2676,#2677,#2678,#2679,#2680,#2681,#2682,#2683,#2684,#2685,#2686));
#582=EDGE_LOOP('',(#2687,#2688,#2689,#2690));
#583=EDGE_LOOP('',(#2691,#2692,#2693,#2694,#2695,#2696,#2697,#2698,#2699,
#2700,#2701,#2702,#2703,#2704,#2705,#2706,#2707,#2708,#2709,#2710,#2711,
#2712,#2713,#2714,#2715,#2716,#2717,#2718,#2719,#2720,#2721,#2722,#2723,
#2724,#2725,#2726,#2727,#2728,#2729,#2730,#2731,#2732,#2733,#2734,#2735,
#2736,#2737,#2738,#2739,#2740,#2741,#2742));
#584=EDGE_LOOP('',(#2743));
#585=EDGE_LOOP('',(#2744));
#586=EDGE_LOOP('',(#2745));
#587=EDGE_LOOP('',(#2746));
#588=EDGE_LOOP('',(#2747));
#589=EDGE_LOOP('',(#2748,#2749,#2750,#2751));
#590=EDGE_LOOP('',(#2752,#2753,#2754,#2755,#2756,#2757,#2758,#2759));
#591=EDGE_LOOP('',(#2760,#2761,#2762,#2763));
#592=EDGE_LOOP('',(#2764,#2765,#2766,#2767));
#593=EDGE_LOOP('',(#2768,#2769,#2770,#2771));
#594=EDGE_LOOP('',(#2772,#2773,#2774,#2775));
#595=EDGE_LOOP('',(#2776,#2777,#2778,#2779,#2780,#2781,#2782,#2783,#2784,
#2785,#2786,#2787,#2788,#2789,#2790));
#596=EDGE_LOOP('',(#2791));
#597=EDGE_LOOP('',(#2792));
#598=EDGE_LOOP('',(#2793,#2794,#2795,#2796));
#599=EDGE_LOOP('',(#2797,#2798,#2799,#2800));
#600=EDGE_LOOP('',(#2801,#2802,#2803,#2804));
#601=EDGE_LOOP('',(#2805,#2806,#2807,#2808));
#602=EDGE_LOOP('',(#2809,#2810,#2811,#2812));
#603=EDGE_LOOP('',(#2813,#2814,#2815,#2816));
#604=EDGE_LOOP('',(#2817,#2818,#2819,#2820));
#605=EDGE_LOOP('',(#2821,#2822,#2823,#2824));
#606=EDGE_LOOP('',(#2825,#2826,#2827,#2828));
#607=EDGE_LOOP('',(#2829,#2830,#2831,#2832));
#608=EDGE_LOOP('',(#2833,#2834,#2835,#2836,#2837,#2838));
#609=EDGE_LOOP('',(#2839,#2840,#2841,#2842,#2843));
#610=EDGE_LOOP('',(#2844,#2845,#2846,#2847));
#611=EDGE_LOOP('',(#2848,#2849,#2850,#2851));
#612=EDGE_LOOP('',(#2852,#2853,#2854,#2855));
#613=EDGE_LOOP('',(#2856,#2857,#2858,#2859));
#614=EDGE_LOOP('',(#2860,#2861,#2862,#2863));
#615=EDGE_LOOP('',(#2864,#2865,#2866,#2867));
#616=EDGE_LOOP('',(#2868,#2869,#2870,#2871));
#617=EDGE_LOOP('',(#2872,#2873,#2874,#2875));
#618=EDGE_LOOP('',(#2876,#2877,#2878,#2879));
#619=EDGE_LOOP('',(#2880,#2881,#2882,#2883));
#620=EDGE_LOOP('',(#2884,#2885,#2886,#2887));
#621=EDGE_LOOP('',(#2888,#2889,#2890,#2891));
#622=EDGE_LOOP('',(#2892,#2893,#2894,#2895));
#623=EDGE_LOOP('',(#2896,#2897,#2898,#2899));
#624=EDGE_LOOP('',(#2900,#2901,#2902,#2903));
#625=EDGE_LOOP('',(#2904,#2905,#2906,#2907));
#626=EDGE_LOOP('',(#2908,#2909,#2910,#2911));
#627=EDGE_LOOP('',(#2912,#2913,#2914,#2915));
#628=EDGE_LOOP('',(#2916,#2917,#2918,#2919));
#629=EDGE_LOOP('',(#2920,#2921,#2922,#2923));
#630=EDGE_LOOP('',(#2924,#2925,#2926,#2927));
#631=EDGE_LOOP('',(#2928,#2929,#2930,#2931));
#632=EDGE_LOOP('',(#2932,#2933,#2934,#2935));
#633=EDGE_LOOP('',(#2936,#2937,#2938,#2939));
#634=EDGE_LOOP('',(#2940,#2941,#2942,#2943));
#635=EDGE_LOOP('',(#2944,#2945,#2946,#2947));
#636=EDGE_LOOP('',(#2948,#2949,#2950,#2951));
#637=EDGE_LOOP('',(#2952,#2953,#2954,#2955,#2956));
#638=EDGE_LOOP('',(#2957,#2958,#2959,#2960,#2961,#2962,#2963,#2964,#2965,
#2966,#2967,#2968,#2969,#2970,#2971,#2972,#2973,#2974,#2975,#2976,#2977,
#2978,#2979,#2980,#2981,#2982,#2983,#2984,#2985,#2986,#2987,#2988,#2989,
#2990));
#639=EDGE_LOOP('',(#2991,#2992,#2993,#2994,#2995,#2996,#2997,#2998,#2999,
#3000,#3001,#3002,#3003,#3004,#3005,#3006,#3007,#3008,#3009,#3010,#3011,
#3012,#3013,#3014,#3015,#3016,#3017,#3018,#3019,#3020,#3021,#3022));
#640=EDGE_LOOP('',(#3023));
#641=EDGE_LOOP('',(#3024));
#642=EDGE_LOOP('',(#3025));
#643=EDGE_LOOP('',(#3026));
#644=EDGE_LOOP('',(#3027));
#645=EDGE_LOOP('',(#3028));
#646=EDGE_LOOP('',(#3029));
#647=EDGE_LOOP('',(#3030,#3031,#3032,#3033));
#648=EDGE_LOOP('',(#3034,#3035,#3036,#3037));
#649=EDGE_LOOP('',(#3038,#3039,#3040,#3041));
#650=EDGE_LOOP('',(#3042,#3043,#3044,#3045));
#651=EDGE_LOOP('',(#3046,#3047,#3048,#3049));
#652=LINE('',#4654,#968);
#653=LINE('',#4656,#969);
#654=LINE('',#4658,#970);
#655=LINE('',#4659,#971);
#656=LINE('',#4663,#972);
#657=LINE('',#4665,#973);
#658=LINE('',#4667,#974);
#659=LINE('',#4668,#975);
#660=LINE('',#4671,#976);
#661=LINE('',#4673,#977);
#662=LINE('',#4674,#978);
#663=LINE('',#4680,#979);
#664=LINE('',#4683,#980);
#665=LINE('',#4685,#981);
#666=LINE('',#4686,#982);
#667=LINE('',#4692,#983);
#668=LINE('',#4695,#984);
#669=LINE('',#4697,#985);
#670=LINE('',#4698,#986);
#671=LINE('',#4704,#987);
#672=LINE('',#4707,#988);
#673=LINE('',#4709,#989);
#674=LINE('',#4710,#990);
#675=LINE('',#4716,#991);
#676=LINE('',#4719,#992);
#677=LINE('',#4721,#993);
#678=LINE('',#4722,#994);
#679=LINE('',#4728,#995);
#680=LINE('',#4731,#996);
#681=LINE('',#4733,#997);
#682=LINE('',#4734,#998);
#683=LINE('',#4740,#999);
#684=LINE('',#4743,#1000);
#685=LINE('',#4745,#1001);
#686=LINE('',#4746,#1002);
#687=LINE('',#4752,#1003);
#688=LINE('',#4755,#1004);
#689=LINE('',#4757,#1005);
#690=LINE('',#4758,#1006);
#691=LINE('',#4764,#1007);
#692=LINE('',#4767,#1008);
#693=LINE('',#4769,#1009);
#694=LINE('',#4770,#1010);
#695=LINE('',#4776,#1011);
#696=LINE('',#4779,#1012);
#697=LINE('',#4781,#1013);
#698=LINE('',#4782,#1014);
#699=LINE('',#4788,#1015);
#700=LINE('',#4791,#1016);
#701=LINE('',#4793,#1017);
#702=LINE('',#4794,#1018);
#703=LINE('',#4800,#1019);
#704=LINE('',#4803,#1020);
#705=LINE('',#4805,#1021);
#706=LINE('',#4806,#1022);
#707=LINE('',#4812,#1023);
#708=LINE('',#4815,#1024);
#709=LINE('',#4817,#1025);
#710=LINE('',#4818,#1026);
#711=LINE('',#4824,#1027);
#712=LINE('',#4827,#1028);
#713=LINE('',#4829,#1029);
#714=LINE('',#4830,#1030);
#715=LINE('',#4836,#1031);
#716=LINE('',#4839,#1032);
#717=LINE('',#4841,#1033);
#718=LINE('',#4842,#1034);
#719=LINE('',#4848,#1035);
#720=LINE('',#4851,#1036);
#721=LINE('',#4853,#1037);
#722=LINE('',#4854,#1038);
#723=LINE('',#4860,#1039);
#724=LINE('',#4863,#1040);
#725=LINE('',#4865,#1041);
#726=LINE('',#4866,#1042);
#727=LINE('',#4872,#1043);
#728=LINE('',#4875,#1044);
#729=LINE('',#4877,#1045);
#730=LINE('',#4878,#1046);
#731=LINE('',#4884,#1047);
#732=LINE('',#4887,#1048);
#733=LINE('',#4889,#1049);
#734=LINE('',#4890,#1050);
#735=LINE('',#4896,#1051);
#736=LINE('',#4899,#1052);
#737=LINE('',#4901,#1053);
#738=LINE('',#4902,#1054);
#739=LINE('',#4908,#1055);
#740=LINE('',#4911,#1056);
#741=LINE('',#4913,#1057);
#742=LINE('',#4914,#1058);
#743=LINE('',#4920,#1059);
#744=LINE('',#4923,#1060);
#745=LINE('',#4925,#1061);
#746=LINE('',#4926,#1062);
#747=LINE('',#4932,#1063);
#748=LINE('',#4938,#1064);
#749=LINE('',#4942,#1065);
#750=LINE('',#4946,#1066);
#751=LINE('',#4950,#1067);
#752=LINE('',#4954,#1068);
#753=LINE('',#4958,#1069);
#754=LINE('',#4962,#1070);
#755=LINE('',#4966,#1071);
#756=LINE('',#4970,#1072);
#757=LINE('',#4974,#1073);
#758=LINE('',#4978,#1074);
#759=LINE('',#4984,#1075);
#760=LINE('',#4988,#1076);
#761=LINE('',#4992,#1077);
#762=LINE('',#4996,#1078);
#763=LINE('',#5000,#1079);
#764=LINE('',#5004,#1080);
#765=LINE('',#5008,#1081);
#766=LINE('',#5012,#1082);
#767=LINE('',#5016,#1083);
#768=LINE('',#5020,#1084);
#769=LINE('',#5024,#1085);
#770=LINE('',#5030,#1086);
#771=LINE('',#5031,#1087);
#772=LINE('',#5034,#1088);
#773=LINE('',#5036,#1089);
#774=LINE('',#5037,#1090);
#775=LINE('',#5040,#1091);
#776=LINE('',#5044,#1092);
#777=LINE('',#5048,#1093);
#778=LINE('',#5049,#1094);
#779=LINE('',#5052,#1095);
#780=LINE('',#5056,#1096);
#781=LINE('',#5057,#1097);
#782=LINE('',#5060,#1098);
#783=LINE('',#5064,#1099);
#784=LINE('',#5065,#1100);
#785=LINE('',#5068,#1101);
#786=LINE('',#5072,#1102);
#787=LINE('',#5073,#1103);
#788=LINE('',#5076,#1104);
#789=LINE('',#5080,#1105);
#790=LINE('',#5081,#1106);
#791=LINE('',#5084,#1107);
#792=LINE('',#5088,#1108);
#793=LINE('',#5089,#1109);
#794=LINE('',#5092,#1110);
#795=LINE('',#5096,#1111);
#796=LINE('',#5098,#1112);
#797=LINE('',#5100,#1113);
#798=LINE('',#5104,#1114);
#799=LINE('',#5108,#1115);
#800=LINE('',#5109,#1116);
#801=LINE('',#5112,#1117);
#802=LINE('',#5116,#1118);
#803=LINE('',#5117,#1119);
#804=LINE('',#5120,#1120);
#805=LINE('',#5124,#1121);
#806=LINE('',#5125,#1122);
#807=LINE('',#5128,#1123);
#808=LINE('',#5132,#1124);
#809=LINE('',#5133,#1125);
#810=LINE('',#5136,#1126);
#811=LINE('',#5140,#1127);
#812=LINE('',#5141,#1128);
#813=LINE('',#5144,#1129);
#814=LINE('',#5148,#1130);
#815=LINE('',#5152,#1131);
#816=LINE('',#5153,#1132);
#817=LINE('',#5156,#1133);
#818=LINE('',#5160,#1134);
#819=LINE('',#5161,#1135);
#820=LINE('',#5164,#1136);
#821=LINE('',#5168,#1137);
#822=LINE('',#5169,#1138);
#823=LINE('',#5172,#1139);
#824=LINE('',#5176,#1140);
#825=LINE('',#5177,#1141);
#826=LINE('',#5180,#1142);
#827=LINE('',#5184,#1143);
#828=LINE('',#5185,#1144);
#829=LINE('',#5188,#1145);
#830=LINE('',#5192,#1146);
#831=LINE('',#5193,#1147);
#832=LINE('',#5196,#1148);
#833=LINE('',#5200,#1149);
#834=LINE('',#5201,#1150);
#835=LINE('',#5204,#1151);
#836=LINE('',#5208,#1152);
#837=LINE('',#5209,#1153);
#838=LINE('',#5212,#1154);
#839=LINE('',#5216,#1155);
#840=LINE('',#5217,#1156);
#841=LINE('',#5220,#1157);
#842=LINE('',#5224,#1158);
#843=LINE('',#5225,#1159);
#844=LINE('',#5228,#1160);
#845=LINE('',#5234,#1161);
#846=LINE('',#5243,#1162);
#847=LINE('',#5252,#1163);
#848=LINE('',#5261,#1164);
#849=LINE('',#5270,#1165);
#850=LINE('',#5279,#1166);
#851=LINE('',#5288,#1167);
#852=LINE('',#5296,#1168);
#853=LINE('',#5297,#1169);
#854=LINE('',#5298,#1170);
#855=LINE('',#5302,#1171);
#856=LINE('',#5305,#1172);
#857=LINE('',#5306,#1173);
#858=LINE('',#5310,#1174);
#859=LINE('',#5311,#1175);
#860=LINE('',#5312,#1176);
#861=LINE('',#5317,#1177);
#862=LINE('',#5319,#1178);
#863=LINE('',#5321,#1179);
#864=LINE('',#5323,#1180);
#865=LINE('',#5324,#1181);
#866=LINE('',#5327,#1182);
#867=LINE('',#5329,#1183);
#868=LINE('',#5331,#1184);
#869=LINE('',#5335,#1185);
#870=LINE('',#5337,#1186);
#871=LINE('',#5341,#1187);
#872=LINE('',#5345,#1188);
#873=LINE('',#5349,#1189);
#874=LINE('',#5351,#1190);
#875=LINE('',#5355,#1191);
#876=LINE('',#5357,#1192);
#877=LINE('',#5361,#1193);
#878=LINE('',#5365,#1194);
#879=LINE('',#5369,#1195);
#880=LINE('',#5372,#1196);
#881=LINE('',#5375,#1197);
#882=LINE('',#5377,#1198);
#883=LINE('',#5381,#1199);
#884=LINE('',#5395,#1200);
#885=LINE('',#5397,#1201);
#886=LINE('',#5398,#1202);
#887=LINE('',#5401,#1203);
#888=LINE('',#5403,#1204);
#889=LINE('',#5404,#1205);
#890=LINE('',#5408,#1206);
#891=LINE('',#5412,#1207);
#892=LINE('',#5446,#1208);
#893=LINE('',#5458,#1209);
#894=LINE('',#5461,#1210);
#895=LINE('',#5463,#1211);
#896=LINE('',#5464,#1212);
#897=LINE('',#5467,#1213);
#898=LINE('',#5471,#1214);
#899=LINE('',#5474,#1215);
#900=LINE('',#5480,#1216);
#901=LINE('',#5484,#1217);
#902=LINE('',#5488,#1218);
#903=LINE('',#5491,#1219);
#904=LINE('',#5494,#1220);
#905=LINE('',#5495,#1221);
#906=LINE('',#5498,#1222);
#907=LINE('',#5502,#1223);
#908=LINE('',#5503,#1224);
#909=LINE('',#5506,#1225);
#910=LINE('',#5510,#1226);
#911=LINE('',#5513,#1227);
#912=LINE('',#5515,#1228);
#913=LINE('',#5517,#1229);
#914=LINE('',#5519,#1230);
#915=LINE('',#5521,#1231);
#916=LINE('',#5524,#1232);
#917=LINE('',#5526,#1233);
#918=LINE('',#5527,#1234);
#919=LINE('',#5533,#1235);
#920=LINE('',#5536,#1236);
#921=LINE('',#5538,#1237);
#922=LINE('',#5539,#1238);
#923=LINE('',#5545,#1239);
#924=LINE('',#5548,#1240);
#925=LINE('',#5550,#1241);
#926=LINE('',#5551,#1242);
#927=LINE('',#5557,#1243);
#928=LINE('',#5560,#1244);
#929=LINE('',#5562,#1245);
#930=LINE('',#5563,#1246);
#931=LINE('',#5570,#1247);
#932=LINE('',#5573,#1248);
#933=LINE('',#5574,#1249);
#934=LINE('',#5578,#1250);
#935=LINE('',#5581,#1251);
#936=LINE('',#5582,#1252);
#937=LINE('',#5586,#1253);
#938=LINE('',#5589,#1254);
#939=LINE('',#5590,#1255);
#940=LINE('',#5594,#1256);
#941=LINE('',#5597,#1257);
#942=LINE('',#5598,#1258);
#943=LINE('',#5601,#1259);
#944=LINE('',#5602,#1260);
#945=LINE('',#5606,#1261);
#946=LINE('',#5609,#1262);
#947=LINE('',#5610,#1263);
#948=LINE('',#5613,#1264);
#949=LINE('',#5614,#1265);
#950=LINE('',#5618,#1266);
#951=LINE('',#5621,#1267);
#952=LINE('',#5622,#1268);
#953=LINE('',#5626,#1269);
#954=LINE('',#5629,#1270);
#955=LINE('',#5630,#1271);
#956=LINE('',#5634,#1272);
#957=LINE('',#5637,#1273);
#958=LINE('',#5638,#1274);
#959=LINE('',#5641,#1275);
#960=LINE('',#5642,#1276);
#961=LINE('',#5646,#1277);
#962=LINE('',#5648,#1278);
#963=LINE('',#5652,#1279);
#964=LINE('',#5654,#1280);
#965=LINE('',#5656,#1281);
#966=LINE('',#5658,#1282);
#967=LINE('',#5660,#1283);
#968=VECTOR('',#3665,10.);
#969=VECTOR('',#3666,10.);
#970=VECTOR('',#3667,10.);
#971=VECTOR('',#3668,10.);
#972=VECTOR('',#3671,10.);
#973=VECTOR('',#3672,10.);
#974=VECTOR('',#3673,10.);
#975=VECTOR('',#3674,10.);
#976=VECTOR('',#3677,10.);
#977=VECTOR('',#3678,10.);
#978=VECTOR('',#3679,10.);
#979=VECTOR('',#3686,10.);
#980=VECTOR('',#3689,10.);
#981=VECTOR('',#3690,10.);
#982=VECTOR('',#3691,10.);
#983=VECTOR('',#3698,10.);
#984=VECTOR('',#3701,10.);
#985=VECTOR('',#3702,10.);
#986=VECTOR('',#3703,10.);
#987=VECTOR('',#3710,10.);
#988=VECTOR('',#3713,10.);
#989=VECTOR('',#3714,10.);
#990=VECTOR('',#3715,10.);
#991=VECTOR('',#3722,10.);
#992=VECTOR('',#3725,10.);
#993=VECTOR('',#3726,10.);
#994=VECTOR('',#3727,10.);
#995=VECTOR('',#3734,10.);
#996=VECTOR('',#3737,10.);
#997=VECTOR('',#3738,10.);
#998=VECTOR('',#3739,10.);
#999=VECTOR('',#3746,10.);
#1000=VECTOR('',#3749,10.);
#1001=VECTOR('',#3750,10.);
#1002=VECTOR('',#3751,10.);
#1003=VECTOR('',#3758,10.);
#1004=VECTOR('',#3761,10.);
#1005=VECTOR('',#3762,10.);
#1006=VECTOR('',#3763,10.);
#1007=VECTOR('',#3770,10.);
#1008=VECTOR('',#3773,10.);
#1009=VECTOR('',#3774,10.);
#1010=VECTOR('',#3775,10.);
#1011=VECTOR('',#3782,10.);
#1012=VECTOR('',#3785,10.);
#1013=VECTOR('',#3786,10.);
#1014=VECTOR('',#3787,10.);
#1015=VECTOR('',#3794,10.);
#1016=VECTOR('',#3797,10.);
#1017=VECTOR('',#3798,10.);
#1018=VECTOR('',#3799,10.);
#1019=VECTOR('',#3806,10.);
#1020=VECTOR('',#3809,10.);
#1021=VECTOR('',#3810,10.);
#1022=VECTOR('',#3811,10.);
#1023=VECTOR('',#3818,10.);
#1024=VECTOR('',#3821,10.);
#1025=VECTOR('',#3822,10.);
#1026=VECTOR('',#3823,10.);
#1027=VECTOR('',#3830,10.);
#1028=VECTOR('',#3833,10.);
#1029=VECTOR('',#3834,10.);
#1030=VECTOR('',#3835,10.);
#1031=VECTOR('',#3842,10.);
#1032=VECTOR('',#3845,10.);
#1033=VECTOR('',#3846,10.);
#1034=VECTOR('',#3847,10.);
#1035=VECTOR('',#3854,10.);
#1036=VECTOR('',#3857,10.);
#1037=VECTOR('',#3858,10.);
#1038=VECTOR('',#3859,10.);
#1039=VECTOR('',#3866,10.);
#1040=VECTOR('',#3869,10.);
#1041=VECTOR('',#3870,10.);
#1042=VECTOR('',#3871,10.);
#1043=VECTOR('',#3878,10.);
#1044=VECTOR('',#3881,10.);
#1045=VECTOR('',#3882,10.);
#1046=VECTOR('',#3883,10.);
#1047=VECTOR('',#3890,10.);
#1048=VECTOR('',#3893,10.);
#1049=VECTOR('',#3894,10.);
#1050=VECTOR('',#3895,10.);
#1051=VECTOR('',#3902,10.);
#1052=VECTOR('',#3905,10.);
#1053=VECTOR('',#3906,10.);
#1054=VECTOR('',#3907,10.);
#1055=VECTOR('',#3914,10.);
#1056=VECTOR('',#3917,10.);
#1057=VECTOR('',#3918,10.);
#1058=VECTOR('',#3919,10.);
#1059=VECTOR('',#3926,10.);
#1060=VECTOR('',#3929,10.);
#1061=VECTOR('',#3930,10.);
#1062=VECTOR('',#3931,10.);
#1063=VECTOR('',#3938,10.);
#1064=VECTOR('',#3947,10.);
#1065=VECTOR('',#3950,10.);
#1066=VECTOR('',#3953,10.);
#1067=VECTOR('',#3956,10.);
#1068=VECTOR('',#3959,10.);
#1069=VECTOR('',#3962,10.);
#1070=VECTOR('',#3965,10.);
#1071=VECTOR('',#3968,10.);
#1072=VECTOR('',#3971,10.);
#1073=VECTOR('',#3974,10.);
#1074=VECTOR('',#3977,10.);
#1075=VECTOR('',#3982,10.);
#1076=VECTOR('',#3985,10.);
#1077=VECTOR('',#3988,10.);
#1078=VECTOR('',#3991,10.);
#1079=VECTOR('',#3994,10.);
#1080=VECTOR('',#3997,10.);
#1081=VECTOR('',#4000,10.);
#1082=VECTOR('',#4003,10.);
#1083=VECTOR('',#4006,10.);
#1084=VECTOR('',#4009,10.);
#1085=VECTOR('',#4012,10.);
#1086=VECTOR('',#4017,10.);
#1087=VECTOR('',#4018,10.);
#1088=VECTOR('',#4021,10.);
#1089=VECTOR('',#4022,10.);
#1090=VECTOR('',#4023,10.);
#1091=VECTOR('',#4026,10.);
#1092=VECTOR('',#4031,10.);
#1093=VECTOR('',#4036,10.);
#1094=VECTOR('',#4037,10.);
#1095=VECTOR('',#4040,10.);
#1096=VECTOR('',#4045,10.);
#1097=VECTOR('',#4046,10.);
#1098=VECTOR('',#4049,10.);
#1099=VECTOR('',#4054,10.);
#1100=VECTOR('',#4055,10.);
#1101=VECTOR('',#4058,10.);
#1102=VECTOR('',#4063,10.);
#1103=VECTOR('',#4064,10.);
#1104=VECTOR('',#4067,10.);
#1105=VECTOR('',#4072,10.);
#1106=VECTOR('',#4073,10.);
#1107=VECTOR('',#4076,10.);
#1108=VECTOR('',#4081,10.);
#1109=VECTOR('',#4082,10.);
#1110=VECTOR('',#4085,10.);
#1111=VECTOR('',#4090,10.);
#1112=VECTOR('',#4091,10.);
#1113=VECTOR('',#4092,10.);
#1114=VECTOR('',#4095,10.);
#1115=VECTOR('',#4098,10.);
#1116=VECTOR('',#4099,10.);
#1117=VECTOR('',#4102,10.);
#1118=VECTOR('',#4107,10.);
#1119=VECTOR('',#4108,10.);
#1120=VECTOR('',#4111,10.);
#1121=VECTOR('',#4116,10.);
#1122=VECTOR('',#4117,10.);
#1123=VECTOR('',#4120,10.);
#1124=VECTOR('',#4125,10.);
#1125=VECTOR('',#4126,10.);
#1126=VECTOR('',#4129,10.);
#1127=VECTOR('',#4134,10.);
#1128=VECTOR('',#4135,10.);
#1129=VECTOR('',#4138,10.);
#1130=VECTOR('',#4143,10.);
#1131=VECTOR('',#4148,10.);
#1132=VECTOR('',#4149,10.);
#1133=VECTOR('',#4152,10.);
#1134=VECTOR('',#4157,10.);
#1135=VECTOR('',#4158,10.);
#1136=VECTOR('',#4161,10.);
#1137=VECTOR('',#4166,10.);
#1138=VECTOR('',#4167,10.);
#1139=VECTOR('',#4170,10.);
#1140=VECTOR('',#4175,10.);
#1141=VECTOR('',#4176,10.);
#1142=VECTOR('',#4179,10.);
#1143=VECTOR('',#4184,10.);
#1144=VECTOR('',#4185,10.);
#1145=VECTOR('',#4188,10.);
#1146=VECTOR('',#4193,10.);
#1147=VECTOR('',#4194,10.);
#1148=VECTOR('',#4197,10.);
#1149=VECTOR('',#4202,10.);
#1150=VECTOR('',#4203,10.);
#1151=VECTOR('',#4206,10.);
#1152=VECTOR('',#4211,10.);
#1153=VECTOR('',#4212,10.);
#1154=VECTOR('',#4215,10.);
#1155=VECTOR('',#4220,10.);
#1156=VECTOR('',#4221,10.);
#1157=VECTOR('',#4224,10.);
#1158=VECTOR('',#4229,10.);
#1159=VECTOR('',#4230,10.);
#1160=VECTOR('',#4233,10.);
#1161=VECTOR('',#4240,2.19999999999999);
#1162=VECTOR('',#4251,2.19999999999999);
#1163=VECTOR('',#4262,2.19999999999999);
#1164=VECTOR('',#4273,2.19999999999999);
#1165=VECTOR('',#4284,2.19999999999999);
#1166=VECTOR('',#4295,2.20000000000001);
#1167=VECTOR('',#4306,2.19999999999999);
#1168=VECTOR('',#4315,10.);
#1169=VECTOR('',#4316,10.);
#1170=VECTOR('',#4317,10.);
#1171=VECTOR('',#4322,10.);
#1172=VECTOR('',#4325,10.);
#1173=VECTOR('',#4326,10.);
#1174=VECTOR('',#4329,10.);
#1175=VECTOR('',#4330,10.);
#1176=VECTOR('',#4331,10.);
#1177=VECTOR('',#4338,10.);
#1178=VECTOR('',#4339,10.);
#1179=VECTOR('',#4340,10.);
#1180=VECTOR('',#4341,10.);
#1181=VECTOR('',#4342,10.);
#1182=VECTOR('',#4345,10.);
#1183=VECTOR('',#4346,10.);
#1184=VECTOR('',#4347,10.);
#1185=VECTOR('',#4350,10.);
#1186=VECTOR('',#4351,10.);
#1187=VECTOR('',#4354,10.);
#1188=VECTOR('',#4357,10.);
#1189=VECTOR('',#4360,10.);
#1190=VECTOR('',#4361,10.);
#1191=VECTOR('',#4364,10.);
#1192=VECTOR('',#4365,10.);
#1193=VECTOR('',#4368,10.);
#1194=VECTOR('',#4371,10.);
#1195=VECTOR('',#4374,10.);
#1196=VECTOR('',#4379,10.);
#1197=VECTOR('',#4382,10.);
#1198=VECTOR('',#4383,10.);
#1199=VECTOR('',#4386,10.);
#1200=VECTOR('',#4401,10.);
#1201=VECTOR('',#4402,10.);
#1202=VECTOR('',#4403,10.);
#1203=VECTOR('',#4406,10.);
#1204=VECTOR('',#4407,10.);
#1205=VECTOR('',#4408,10.);
#1206=VECTOR('',#4413,1.1);
#1207=VECTOR('',#4418,1.1);
#1208=VECTOR('',#4419,10.);
#1209=VECTOR('',#4420,10.);
#1210=VECTOR('',#4423,10.);
#1211=VECTOR('',#4424,10.);
#1212=VECTOR('',#4425,10.);
#1213=VECTOR('',#4428,10.);
#1214=VECTOR('',#4431,10.);
#1215=VECTOR('',#4434,10.);
#1216=VECTOR('',#4439,10.);
#1217=VECTOR('',#4442,10.);
#1218=VECTOR('',#4447,10.);
#1219=VECTOR('',#4450,10.);
#1220=VECTOR('',#4453,10.);
#1221=VECTOR('',#4454,10.);
#1222=VECTOR('',#4457,10.);
#1223=VECTOR('',#4462,10.);
#1224=VECTOR('',#4463,10.);
#1225=VECTOR('',#4466,10.);
#1226=VECTOR('',#4471,10.);
#1227=VECTOR('',#4476,10.);
#1228=VECTOR('',#4479,10.);
#1229=VECTOR('',#4482,10.);
#1230=VECTOR('',#4485,10.);
#1231=VECTOR('',#4488,10.);
#1232=VECTOR('',#4491,10.);
#1233=VECTOR('',#4492,10.);
#1234=VECTOR('',#4493,10.);
#1235=VECTOR('',#4500,10.);
#1236=VECTOR('',#4503,10.);
#1237=VECTOR('',#4504,10.);
#1238=VECTOR('',#4505,10.);
#1239=VECTOR('',#4512,10.);
#1240=VECTOR('',#4515,10.);
#1241=VECTOR('',#4516,10.);
#1242=VECTOR('',#4517,10.);
#1243=VECTOR('',#4524,10.);
#1244=VECTOR('',#4527,10.);
#1245=VECTOR('',#4528,10.);
#1246=VECTOR('',#4529,10.);
#1247=VECTOR('',#4540,10.);
#1248=VECTOR('',#4543,10.);
#1249=VECTOR('',#4544,10.);
#1250=VECTOR('',#4549,10.);
#1251=VECTOR('',#4552,10.);
#1252=VECTOR('',#4553,10.);
#1253=VECTOR('',#4558,10.);
#1254=VECTOR('',#4561,10.);
#1255=VECTOR('',#4562,10.);
#1256=VECTOR('',#4567,10.);
#1257=VECTOR('',#4570,10.);
#1258=VECTOR('',#4571,10.);
#1259=VECTOR('',#4574,10.);
#1260=VECTOR('',#4575,10.);
#1261=VECTOR('',#4580,10.);
#1262=VECTOR('',#4583,10.);
#1263=VECTOR('',#4584,10.);
#1264=VECTOR('',#4587,10.);
#1265=VECTOR('',#4588,10.);
#1266=VECTOR('',#4593,10.);
#1267=VECTOR('',#4596,10.);
#1268=VECTOR('',#4597,10.);
#1269=VECTOR('',#4602,10.);
#1270=VECTOR('',#4605,10.);
#1271=VECTOR('',#4606,10.);
#1272=VECTOR('',#4611,10.);
#1273=VECTOR('',#4614,10.);
#1274=VECTOR('',#4615,10.);
#1275=VECTOR('',#4618,10.);
#1276=VECTOR('',#4619,10.);
#1277=VECTOR('',#4624,10.);
#1278=VECTOR('',#4627,10.);
#1279=VECTOR('',#4634,1.1);
#1280=VECTOR('',#4637,1.1);
#1281=VECTOR('',#4640,1.1);
#1282=VECTOR('',#4643,1.1);
#1283=VECTOR('',#4646,1.1);
#1284=VERTEX_POINT('',#4652);
#1285=VERTEX_POINT('',#4653);
#1286=VERTEX_POINT('',#4655);
#1287=VERTEX_POINT('',#4657);
#1288=VERTEX_POINT('',#4661);
#1289=VERTEX_POINT('',#4662);
#1290=VERTEX_POINT('',#4664);
#1291=VERTEX_POINT('',#4666);
#1292=VERTEX_POINT('',#4670);
#1293=VERTEX_POINT('',#4672);
#1294=VERTEX_POINT('',#4676);
#1295=VERTEX_POINT('',#4678);
#1296=VERTEX_POINT('',#4682);
#1297=VERTEX_POINT('',#4684);
#1298=VERTEX_POINT('',#4688);
#1299=VERTEX_POINT('',#4690);
#1300=VERTEX_POINT('',#4694);
#1301=VERTEX_POINT('',#4696);
#1302=VERTEX_POINT('',#4700);
#1303=VERTEX_POINT('',#4702);
#1304=VERTEX_POINT('',#4706);
#1305=VERTEX_POINT('',#4708);
#1306=VERTEX_POINT('',#4712);
#1307=VERTEX_POINT('',#4714);
#1308=VERTEX_POINT('',#4718);
#1309=VERTEX_POINT('',#4720);
#1310=VERTEX_POINT('',#4724);
#1311=VERTEX_POINT('',#4726);
#1312=VERTEX_POINT('',#4730);
#1313=VERTEX_POINT('',#4732);
#1314=VERTEX_POINT('',#4736);
#1315=VERTEX_POINT('',#4738);
#1316=VERTEX_POINT('',#4742);
#1317=VERTEX_POINT('',#4744);
#1318=VERTEX_POINT('',#4748);
#1319=VERTEX_POINT('',#4750);
#1320=VERTEX_POINT('',#4754);
#1321=VERTEX_POINT('',#4756);
#1322=VERTEX_POINT('',#4760);
#1323=VERTEX_POINT('',#4762);
#1324=VERTEX_POINT('',#4766);
#1325=VERTEX_POINT('',#4768);
#1326=VERTEX_POINT('',#4772);
#1327=VERTEX_POINT('',#4774);
#1328=VERTEX_POINT('',#4778);
#1329=VERTEX_POINT('',#4780);
#1330=VERTEX_POINT('',#4784);
#1331=VERTEX_POINT('',#4786);
#1332=VERTEX_POINT('',#4790);
#1333=VERTEX_POINT('',#4792);
#1334=VERTEX_POINT('',#4796);
#1335=VERTEX_POINT('',#4798);
#1336=VERTEX_POINT('',#4802);
#1337=VERTEX_POINT('',#4804);
#1338=VERTEX_POINT('',#4808);
#1339=VERTEX_POINT('',#4810);
#1340=VERTEX_POINT('',#4814);
#1341=VERTEX_POINT('',#4816);
#1342=VERTEX_POINT('',#4820);
#1343=VERTEX_POINT('',#4822);
#1344=VERTEX_POINT('',#4826);
#1345=VERTEX_POINT('',#4828);
#1346=VERTEX_POINT('',#4832);
#1347=VERTEX_POINT('',#4834);
#1348=VERTEX_POINT('',#4838);
#1349=VERTEX_POINT('',#4840);
#1350=VERTEX_POINT('',#4844);
#1351=VERTEX_POINT('',#4846);
#1352=VERTEX_POINT('',#4850);
#1353=VERTEX_POINT('',#4852);
#1354=VERTEX_POINT('',#4856);
#1355=VERTEX_POINT('',#4858);
#1356=VERTEX_POINT('',#4862);
#1357=VERTEX_POINT('',#4864);
#1358=VERTEX_POINT('',#4868);
#1359=VERTEX_POINT('',#4870);
#1360=VERTEX_POINT('',#4874);
#1361=VERTEX_POINT('',#4876);
#1362=VERTEX_POINT('',#4880);
#1363=VERTEX_POINT('',#4882);
#1364=VERTEX_POINT('',#4886);
#1365=VERTEX_POINT('',#4888);
#1366=VERTEX_POINT('',#4892);
#1367=VERTEX_POINT('',#4894);
#1368=VERTEX_POINT('',#4898);
#1369=VERTEX_POINT('',#4900);
#1370=VERTEX_POINT('',#4904);
#1371=VERTEX_POINT('',#4906);
#1372=VERTEX_POINT('',#4910);
#1373=VERTEX_POINT('',#4912);
#1374=VERTEX_POINT('',#4916);
#1375=VERTEX_POINT('',#4918);
#1376=VERTEX_POINT('',#4922);
#1377=VERTEX_POINT('',#4924);
#1378=VERTEX_POINT('',#4928);
#1379=VERTEX_POINT('',#4930);
#1380=VERTEX_POINT('',#4937);
#1381=VERTEX_POINT('',#4939);
#1382=VERTEX_POINT('',#4941);
#1383=VERTEX_POINT('',#4943);
#1384=VERTEX_POINT('',#4945);
#1385=VERTEX_POINT('',#4947);
#1386=VERTEX_POINT('',#4949);
#1387=VERTEX_POINT('',#4951);
#1388=VERTEX_POINT('',#4953);
#1389=VERTEX_POINT('',#4955);
#1390=VERTEX_POINT('',#4957);
#1391=VERTEX_POINT('',#4959);
#1392=VERTEX_POINT('',#4961);
#1393=VERTEX_POINT('',#4963);
#1394=VERTEX_POINT('',#4965);
#1395=VERTEX_POINT('',#4967);
#1396=VERTEX_POINT('',#4969);
#1397=VERTEX_POINT('',#4971);
#1398=VERTEX_POINT('',#4973);
#1399=VERTEX_POINT('',#4975);
#1400=VERTEX_POINT('',#4977);
#1401=VERTEX_POINT('',#4979);
#1402=VERTEX_POINT('',#4981);
#1403=VERTEX_POINT('',#4983);
#1404=VERTEX_POINT('',#4985);
#1405=VERTEX_POINT('',#4987);
#1406=VERTEX_POINT('',#4989);
#1407=VERTEX_POINT('',#4991);
#1408=VERTEX_POINT('',#4993);
#1409=VERTEX_POINT('',#4995);
#1410=VERTEX_POINT('',#4997);
#1411=VERTEX_POINT('',#4999);
#1412=VERTEX_POINT('',#5001);
#1413=VERTEX_POINT('',#5003);
#1414=VERTEX_POINT('',#5005);
#1415=VERTEX_POINT('',#5007);
#1416=VERTEX_POINT('',#5009);
#1417=VERTEX_POINT('',#5011);
#1418=VERTEX_POINT('',#5013);
#1419=VERTEX_POINT('',#5015);
#1420=VERTEX_POINT('',#5017);
#1421=VERTEX_POINT('',#5019);
#1422=VERTEX_POINT('',#5021);
#1423=VERTEX_POINT('',#5023);
#1424=VERTEX_POINT('',#5025);
#1425=VERTEX_POINT('',#5027);
#1426=VERTEX_POINT('',#5029);
#1427=VERTEX_POINT('',#5033);
#1428=VERTEX_POINT('',#5035);
#1429=VERTEX_POINT('',#5039);
#1430=VERTEX_POINT('',#5043);
#1431=VERTEX_POINT('',#5047);
#1432=VERTEX_POINT('',#5051);
#1433=VERTEX_POINT('',#5055);
#1434=VERTEX_POINT('',#5059);
#1435=VERTEX_POINT('',#5063);
#1436=VERTEX_POINT('',#5067);
#1437=VERTEX_POINT('',#5071);
#1438=VERTEX_POINT('',#5075);
#1439=VERTEX_POINT('',#5079);
#1440=VERTEX_POINT('',#5083);
#1441=VERTEX_POINT('',#5087);
#1442=VERTEX_POINT('',#5091);
#1443=VERTEX_POINT('',#5095);
#1444=VERTEX_POINT('',#5097);
#1445=VERTEX_POINT('',#5099);
#1446=VERTEX_POINT('',#5101);
#1447=VERTEX_POINT('',#5103);
#1448=VERTEX_POINT('',#5105);
#1449=VERTEX_POINT('',#5107);
#1450=VERTEX_POINT('',#5111);
#1451=VERTEX_POINT('',#5115);
#1452=VERTEX_POINT('',#5119);
#1453=VERTEX_POINT('',#5123);
#1454=VERTEX_POINT('',#5127);
#1455=VERTEX_POINT('',#5131);
#1456=VERTEX_POINT('',#5135);
#1457=VERTEX_POINT('',#5139);
#1458=VERTEX_POINT('',#5143);
#1459=VERTEX_POINT('',#5147);
#1460=VERTEX_POINT('',#5151);
#1461=VERTEX_POINT('',#5155);
#1462=VERTEX_POINT('',#5159);
#1463=VERTEX_POINT('',#5163);
#1464=VERTEX_POINT('',#5167);
#1465=VERTEX_POINT('',#5171);
#1466=VERTEX_POINT('',#5175);
#1467=VERTEX_POINT('',#5179);
#1468=VERTEX_POINT('',#5183);
#1469=VERTEX_POINT('',#5187);
#1470=VERTEX_POINT('',#5191);
#1471=VERTEX_POINT('',#5195);
#1472=VERTEX_POINT('',#5199);
#1473=VERTEX_POINT('',#5203);
#1474=VERTEX_POINT('',#5207);
#1475=VERTEX_POINT('',#5211);
#1476=VERTEX_POINT('',#5215);
#1477=VERTEX_POINT('',#5219);
#1478=VERTEX_POINT('',#5223);
#1479=VERTEX_POINT('',#5227);
#1480=VERTEX_POINT('',#5231);
#1481=VERTEX_POINT('',#5233);
#1482=VERTEX_POINT('',#5237);
#1483=VERTEX_POINT('',#5240);
#1484=VERTEX_POINT('',#5242);
#1485=VERTEX_POINT('',#5246);
#1486=VERTEX_POINT('',#5249);
#1487=VERTEX_POINT('',#5251);
#1488=VERTEX_POINT('',#5255);
#1489=VERTEX_POINT('',#5258);
#1490=VERTEX_POINT('',#5260);
#1491=VERTEX_POINT('',#5264);
#1492=VERTEX_POINT('',#5267);
#1493=VERTEX_POINT('',#5269);
#1494=VERTEX_POINT('',#5273);
#1495=VERTEX_POINT('',#5276);
#1496=VERTEX_POINT('',#5278);
#1497=VERTEX_POINT('',#5282);
#1498=VERTEX_POINT('',#5285);
#1499=VERTEX_POINT('',#5287);
#1500=VERTEX_POINT('',#5291);
#1501=VERTEX_POINT('',#5294);
#1502=VERTEX_POINT('',#5295);
#1503=VERTEX_POINT('',#5300);
#1504=VERTEX_POINT('',#5304);
#1505=VERTEX_POINT('',#5308);
#1506=VERTEX_POINT('',#5309);
#1507=VERTEX_POINT('',#5316);
#1508=VERTEX_POINT('',#5318);
#1509=VERTEX_POINT('',#5320);
#1510=VERTEX_POINT('',#5322);
#1511=VERTEX_POINT('',#5326);
#1512=VERTEX_POINT('',#5328);
#1513=VERTEX_POINT('',#5330);
#1514=VERTEX_POINT('',#5332);
#1515=VERTEX_POINT('',#5334);
#1516=VERTEX_POINT('',#5336);
#1517=VERTEX_POINT('',#5338);
#1518=VERTEX_POINT('',#5340);
#1519=VERTEX_POINT('',#5342);
#1520=VERTEX_POINT('',#5344);
#1521=VERTEX_POINT('',#5346);
#1522=VERTEX_POINT('',#5348);
#1523=VERTEX_POINT('',#5350);
#1524=VERTEX_POINT('',#5352);
#1525=VERTEX_POINT('',#5354);
#1526=VERTEX_POINT('',#5356);
#1527=VERTEX_POINT('',#5358);
#1528=VERTEX_POINT('',#5360);
#1529=VERTEX_POINT('',#5362);
#1530=VERTEX_POINT('',#5364);
#1531=VERTEX_POINT('',#5366);
#1532=VERTEX_POINT('',#5368);
#1533=VERTEX_POINT('',#5374);
#1534=VERTEX_POINT('',#5376);
#1535=VERTEX_POINT('',#5378);
#1536=VERTEX_POINT('',#5380);
#1537=VERTEX_POINT('',#5383);
#1538=VERTEX_POINT('',#5385);
#1539=VERTEX_POINT('',#5387);
#1540=VERTEX_POINT('',#5389);
#1541=VERTEX_POINT('',#5391);
#1542=VERTEX_POINT('',#5394);
#1543=VERTEX_POINT('',#5396);
#1544=VERTEX_POINT('',#5400);
#1545=VERTEX_POINT('',#5402);
#1546=VERTEX_POINT('',#5406);
#1547=VERTEX_POINT('',#5410);
#1548=VERTEX_POINT('',#5433);
#1549=VERTEX_POINT('',#5434);
#1550=VERTEX_POINT('',#5445);
#1551=VERTEX_POINT('',#5447);
#1552=VERTEX_POINT('',#5460);
#1553=VERTEX_POINT('',#5462);
#1554=VERTEX_POINT('',#5466);
#1555=VERTEX_POINT('',#5468);
#1556=VERTEX_POINT('',#5470);
#1557=VERTEX_POINT('',#5473);
#1558=VERTEX_POINT('',#5475);
#1559=VERTEX_POINT('',#5477);
#1560=VERTEX_POINT('',#5479);
#1561=VERTEX_POINT('',#5481);
#1562=VERTEX_POINT('',#5483);
#1563=VERTEX_POINT('',#5487);
#1564=VERTEX_POINT('',#5489);
#1565=VERTEX_POINT('',#5493);
#1566=VERTEX_POINT('',#5497);
#1567=VERTEX_POINT('',#5501);
#1568=VERTEX_POINT('',#5505);
#1569=VERTEX_POINT('',#5509);
#1570=VERTEX_POINT('',#5523);
#1571=VERTEX_POINT('',#5525);
#1572=VERTEX_POINT('',#5529);
#1573=VERTEX_POINT('',#5531);
#1574=VERTEX_POINT('',#5535);
#1575=VERTEX_POINT('',#5537);
#1576=VERTEX_POINT('',#5541);
#1577=VERTEX_POINT('',#5543);
#1578=VERTEX_POINT('',#5547);
#1579=VERTEX_POINT('',#5549);
#1580=VERTEX_POINT('',#5553);
#1581=VERTEX_POINT('',#5555);
#1582=VERTEX_POINT('',#5559);
#1583=VERTEX_POINT('',#5561);
#1584=VERTEX_POINT('',#5568);
#1585=VERTEX_POINT('',#5572);
#1586=VERTEX_POINT('',#5576);
#1587=VERTEX_POINT('',#5580);
#1588=VERTEX_POINT('',#5584);
#1589=VERTEX_POINT('',#5588);
#1590=VERTEX_POINT('',#5592);
#1591=VERTEX_POINT('',#5596);
#1592=VERTEX_POINT('',#5600);
#1593=VERTEX_POINT('',#5604);
#1594=VERTEX_POINT('',#5608);
#1595=VERTEX_POINT('',#5612);
#1596=VERTEX_POINT('',#5616);
#1597=VERTEX_POINT('',#5620);
#1598=VERTEX_POINT('',#5624);
#1599=VERTEX_POINT('',#5628);
#1600=VERTEX_POINT('',#5632);
#1601=VERTEX_POINT('',#5636);
#1602=VERTEX_POINT('',#5640);
#1603=VERTEX_POINT('',#5644);
#1604=EDGE_CURVE('',#1284,#1285,#652,.T.);
#1605=EDGE_CURVE('',#1284,#1286,#653,.T.);
#1606=EDGE_CURVE('',#1287,#1286,#654,.T.);
#1607=EDGE_CURVE('',#1285,#1287,#655,.T.);
#1608=EDGE_CURVE('',#1288,#1289,#656,.T.);
#1609=EDGE_CURVE('',#1288,#1290,#657,.T.);
#1610=EDGE_CURVE('',#1291,#1290,#658,.T.);
#1611=EDGE_CURVE('',#1289,#1291,#659,.T.);
#1612=EDGE_CURVE('',#1289,#1292,#660,.T.);
#1613=EDGE_CURVE('',#1293,#1291,#661,.T.);
#1614=EDGE_CURVE('',#1292,#1293,#662,.T.);
#1615=EDGE_CURVE('',#1292,#1294,#43,.T.);
#1616=EDGE_CURVE('',#1295,#1293,#44,.T.);
#1617=EDGE_CURVE('',#1294,#1295,#663,.T.);
#1618=EDGE_CURVE('',#1294,#1296,#664,.T.);
#1619=EDGE_CURVE('',#1297,#1295,#665,.T.);
#1620=EDGE_CURVE('',#1296,#1297,#666,.T.);
#1621=EDGE_CURVE('',#1296,#1298,#45,.T.);
#1622=EDGE_CURVE('',#1299,#1297,#46,.T.);
#1623=EDGE_CURVE('',#1298,#1299,#667,.T.);
#1624=EDGE_CURVE('',#1298,#1300,#668,.T.);
#1625=EDGE_CURVE('',#1301,#1299,#669,.T.);
#1626=EDGE_CURVE('',#1300,#1301,#670,.T.);
#1627=EDGE_CURVE('',#1300,#1302,#47,.T.);
#1628=EDGE_CURVE('',#1303,#1301,#48,.T.);
#1629=EDGE_CURVE('',#1302,#1303,#671,.T.);
#1630=EDGE_CURVE('',#1302,#1304,#672,.T.);
#1631=EDGE_CURVE('',#1305,#1303,#673,.T.);
#1632=EDGE_CURVE('',#1304,#1305,#674,.T.);
#1633=EDGE_CURVE('',#1304,#1306,#49,.T.);
#1634=EDGE_CURVE('',#1307,#1305,#50,.T.);
#1635=EDGE_CURVE('',#1306,#1307,#675,.T.);
#1636=EDGE_CURVE('',#1306,#1308,#676,.T.);
#1637=EDGE_CURVE('',#1309,#1307,#677,.T.);
#1638=EDGE_CURVE('',#1308,#1309,#678,.T.);
#1639=EDGE_CURVE('',#1308,#1310,#51,.T.);
#1640=EDGE_CURVE('',#1311,#1309,#52,.T.);
#1641=EDGE_CURVE('',#1310,#1311,#679,.T.);
#1642=EDGE_CURVE('',#1310,#1312,#680,.T.);
#1643=EDGE_CURVE('',#1313,#1311,#681,.T.);
#1644=EDGE_CURVE('',#1312,#1313,#682,.T.);
#1645=EDGE_CURVE('',#1312,#1314,#53,.T.);
#1646=EDGE_CURVE('',#1315,#1313,#54,.T.);
#1647=EDGE_CURVE('',#1314,#1315,#683,.T.);
#1648=EDGE_CURVE('',#1314,#1316,#684,.T.);
#1649=EDGE_CURVE('',#1317,#1315,#685,.T.);
#1650=EDGE_CURVE('',#1316,#1317,#686,.T.);
#1651=EDGE_CURVE('',#1316,#1318,#55,.T.);
#1652=EDGE_CURVE('',#1319,#1317,#56,.T.);
#1653=EDGE_CURVE('',#1318,#1319,#687,.T.);
#1654=EDGE_CURVE('',#1318,#1320,#688,.T.);
#1655=EDGE_CURVE('',#1321,#1319,#689,.T.);
#1656=EDGE_CURVE('',#1320,#1321,#690,.T.);
#1657=EDGE_CURVE('',#1320,#1322,#57,.T.);
#1658=EDGE_CURVE('',#1323,#1321,#58,.T.);
#1659=EDGE_CURVE('',#1322,#1323,#691,.T.);
#1660=EDGE_CURVE('',#1322,#1324,#692,.T.);
#1661=EDGE_CURVE('',#1325,#1323,#693,.T.);
#1662=EDGE_CURVE('',#1324,#1325,#694,.T.);
#1663=EDGE_CURVE('',#1324,#1326,#59,.T.);
#1664=EDGE_CURVE('',#1327,#1325,#60,.T.);
#1665=EDGE_CURVE('',#1326,#1327,#695,.T.);
#1666=EDGE_CURVE('',#1326,#1328,#696,.T.);
#1667=EDGE_CURVE('',#1329,#1327,#697,.T.);
#1668=EDGE_CURVE('',#1328,#1329,#698,.T.);
#1669=EDGE_CURVE('',#1328,#1330,#61,.T.);
#1670=EDGE_CURVE('',#1331,#1329,#62,.T.);
#1671=EDGE_CURVE('',#1330,#1331,#699,.T.);
#1672=EDGE_CURVE('',#1330,#1332,#700,.T.);
#1673=EDGE_CURVE('',#1333,#1331,#701,.T.);
#1674=EDGE_CURVE('',#1332,#1333,#702,.T.);
#1675=EDGE_CURVE('',#1332,#1334,#63,.T.);
#1676=EDGE_CURVE('',#1335,#1333,#64,.T.);
#1677=EDGE_CURVE('',#1334,#1335,#703,.T.);
#1678=EDGE_CURVE('',#1334,#1336,#704,.T.);
#1679=EDGE_CURVE('',#1337,#1335,#705,.T.);
#1680=EDGE_CURVE('',#1336,#1337,#706,.T.);
#1681=EDGE_CURVE('',#1336,#1338,#65,.T.);
#1682=EDGE_CURVE('',#1339,#1337,#66,.T.);
#1683=EDGE_CURVE('',#1338,#1339,#707,.T.);
#1684=EDGE_CURVE('',#1338,#1340,#708,.T.);
#1685=EDGE_CURVE('',#1341,#1339,#709,.T.);
#1686=EDGE_CURVE('',#1340,#1341,#710,.T.);
#1687=EDGE_CURVE('',#1340,#1342,#67,.T.);
#1688=EDGE_CURVE('',#1343,#1341,#68,.T.);
#1689=EDGE_CURVE('',#1342,#1343,#711,.T.);
#1690=EDGE_CURVE('',#1342,#1344,#712,.T.);
#1691=EDGE_CURVE('',#1345,#1343,#713,.T.);
#1692=EDGE_CURVE('',#1344,#1345,#714,.T.);
#1693=EDGE_CURVE('',#1344,#1346,#69,.T.);
#1694=EDGE_CURVE('',#1347,#1345,#70,.T.);
#1695=EDGE_CURVE('',#1346,#1347,#715,.T.);
#1696=EDGE_CURVE('',#1346,#1348,#716,.T.);
#1697=EDGE_CURVE('',#1349,#1347,#717,.T.);
#1698=EDGE_CURVE('',#1348,#1349,#718,.T.);
#1699=EDGE_CURVE('',#1348,#1350,#71,.T.);
#1700=EDGE_CURVE('',#1351,#1349,#72,.T.);
#1701=EDGE_CURVE('',#1350,#1351,#719,.T.);
#1702=EDGE_CURVE('',#1350,#1352,#720,.T.);
#1703=EDGE_CURVE('',#1353,#1351,#721,.T.);
#1704=EDGE_CURVE('',#1352,#1353,#722,.T.);
#1705=EDGE_CURVE('',#1352,#1354,#73,.T.);
#1706=EDGE_CURVE('',#1355,#1353,#74,.T.);
#1707=EDGE_CURVE('',#1354,#1355,#723,.T.);
#1708=EDGE_CURVE('',#1354,#1356,#724,.T.);
#1709=EDGE_CURVE('',#1357,#1355,#725,.T.);
#1710=EDGE_CURVE('',#1356,#1357,#726,.T.);
#1711=EDGE_CURVE('',#1356,#1358,#75,.T.);
#1712=EDGE_CURVE('',#1359,#1357,#76,.T.);
#1713=EDGE_CURVE('',#1358,#1359,#727,.T.);
#1714=EDGE_CURVE('',#1358,#1360,#728,.T.);
#1715=EDGE_CURVE('',#1361,#1359,#729,.T.);
#1716=EDGE_CURVE('',#1360,#1361,#730,.T.);
#1717=EDGE_CURVE('',#1360,#1362,#77,.T.);
#1718=EDGE_CURVE('',#1363,#1361,#78,.T.);
#1719=EDGE_CURVE('',#1362,#1363,#731,.T.);
#1720=EDGE_CURVE('',#1362,#1364,#732,.T.);
#1721=EDGE_CURVE('',#1365,#1363,#733,.T.);
#1722=EDGE_CURVE('',#1364,#1365,#734,.T.);
#1723=EDGE_CURVE('',#1364,#1366,#79,.T.);
#1724=EDGE_CURVE('',#1367,#1365,#80,.T.);
#1725=EDGE_CURVE('',#1366,#1367,#735,.T.);
#1726=EDGE_CURVE('',#1366,#1368,#736,.T.);
#1727=EDGE_CURVE('',#1369,#1367,#737,.T.);
#1728=EDGE_CURVE('',#1368,#1369,#738,.T.);
#1729=EDGE_CURVE('',#1368,#1370,#81,.T.);
#1730=EDGE_CURVE('',#1371,#1369,#82,.T.);
#1731=EDGE_CURVE('',#1370,#1371,#739,.T.);
#1732=EDGE_CURVE('',#1370,#1372,#740,.T.);
#1733=EDGE_CURVE('',#1373,#1371,#741,.T.);
#1734=EDGE_CURVE('',#1372,#1373,#742,.T.);
#1735=EDGE_CURVE('',#1372,#1374,#83,.T.);
#1736=EDGE_CURVE('',#1375,#1373,#84,.T.);
#1737=EDGE_CURVE('',#1374,#1375,#743,.T.);
#1738=EDGE_CURVE('',#1374,#1376,#744,.T.);
#1739=EDGE_CURVE('',#1377,#1375,#745,.T.);
#1740=EDGE_CURVE('',#1376,#1377,#746,.T.);
#1741=EDGE_CURVE('',#1376,#1378,#85,.T.);
#1742=EDGE_CURVE('',#1379,#1377,#86,.T.);
#1743=EDGE_CURVE('',#1378,#1379,#747,.T.);
#1744=EDGE_CURVE('',#1378,#1284,#87,.T.);
#1745=EDGE_CURVE('',#1286,#1379,#88,.T.);
#1746=EDGE_CURVE('',#1380,#1290,#748,.T.);
#1747=EDGE_CURVE('',#1381,#1380,#89,.T.);
#1748=EDGE_CURVE('',#1382,#1381,#749,.T.);
#1749=EDGE_CURVE('',#1383,#1382,#90,.T.);
#1750=EDGE_CURVE('',#1384,#1383,#750,.T.);
#1751=EDGE_CURVE('',#1385,#1384,#91,.T.);
#1752=EDGE_CURVE('',#1386,#1385,#751,.T.);
#1753=EDGE_CURVE('',#1387,#1386,#92,.T.);
#1754=EDGE_CURVE('',#1388,#1387,#752,.T.);
#1755=EDGE_CURVE('',#1389,#1388,#93,.T.);
#1756=EDGE_CURVE('',#1390,#1389,#753,.T.);
#1757=EDGE_CURVE('',#1391,#1390,#94,.T.);
#1758=EDGE_CURVE('',#1392,#1391,#754,.T.);
#1759=EDGE_CURVE('',#1393,#1392,#95,.T.);
#1760=EDGE_CURVE('',#1394,#1393,#755,.T.);
#1761=EDGE_CURVE('',#1395,#1394,#96,.T.);
#1762=EDGE_CURVE('',#1396,#1395,#756,.T.);
#1763=EDGE_CURVE('',#1397,#1396,#97,.T.);
#1764=EDGE_CURVE('',#1398,#1397,#757,.T.);
#1765=EDGE_CURVE('',#1399,#1398,#98,.T.);
#1766=EDGE_CURVE('',#1400,#1399,#758,.T.);
#1767=EDGE_CURVE('',#1401,#1400,#99,.T.);
#1768=EDGE_CURVE('',#1402,#1401,#100,.T.);
#1769=EDGE_CURVE('',#1403,#1402,#759,.T.);
#1770=EDGE_CURVE('',#1404,#1403,#101,.T.);
#1771=EDGE_CURVE('',#1405,#1404,#760,.T.);
#1772=EDGE_CURVE('',#1406,#1405,#102,.T.);
#1773=EDGE_CURVE('',#1407,#1406,#761,.T.);
#1774=EDGE_CURVE('',#1408,#1407,#103,.T.);
#1775=EDGE_CURVE('',#1409,#1408,#762,.T.);
#1776=EDGE_CURVE('',#1410,#1409,#104,.T.);
#1777=EDGE_CURVE('',#1411,#1410,#763,.T.);
#1778=EDGE_CURVE('',#1412,#1411,#105,.T.);
#1779=EDGE_CURVE('',#1413,#1412,#764,.T.);
#1780=EDGE_CURVE('',#1414,#1413,#106,.T.);
#1781=EDGE_CURVE('',#1415,#1414,#765,.T.);
#1782=EDGE_CURVE('',#1416,#1415,#107,.T.);
#1783=EDGE_CURVE('',#1417,#1416,#766,.T.);
#1784=EDGE_CURVE('',#1418,#1417,#108,.T.);
#1785=EDGE_CURVE('',#1419,#1418,#767,.T.);
#1786=EDGE_CURVE('',#1420,#1419,#109,.T.);
#1787=EDGE_CURVE('',#1421,#1420,#768,.T.);
#1788=EDGE_CURVE('',#1422,#1421,#110,.T.);
#1789=EDGE_CURVE('',#1423,#1422,#769,.T.);
#1790=EDGE_CURVE('',#1424,#1423,#111,.T.);
#1791=EDGE_CURVE('',#1425,#1424,#112,.T.);
#1792=EDGE_CURVE('',#1426,#1425,#770,.T.);
#1793=EDGE_CURVE('',#1426,#1287,#771,.T.);
#1794=EDGE_CURVE('',#1425,#1427,#772,.T.);
#1795=EDGE_CURVE('',#1428,#1427,#773,.T.);
#1796=EDGE_CURVE('',#1428,#1426,#774,.T.);
#1797=EDGE_CURVE('',#1424,#1429,#775,.T.);
#1798=EDGE_CURVE('',#1427,#1429,#113,.T.);
#1799=EDGE_CURVE('',#1423,#1430,#776,.T.);
#1800=EDGE_CURVE('',#1429,#1430,#114,.T.);
#1801=EDGE_CURVE('',#1422,#1431,#777,.T.);
#1802=EDGE_CURVE('',#1430,#1431,#778,.T.);
#1803=EDGE_CURVE('',#1421,#1432,#779,.T.);
#1804=EDGE_CURVE('',#1431,#1432,#115,.T.);
#1805=EDGE_CURVE('',#1420,#1433,#780,.T.);
#1806=EDGE_CURVE('',#1432,#1433,#781,.T.);
#1807=EDGE_CURVE('',#1419,#1434,#782,.T.);
#1808=EDGE_CURVE('',#1433,#1434,#116,.T.);
#1809=EDGE_CURVE('',#1418,#1435,#783,.T.);
#1810=EDGE_CURVE('',#1434,#1435,#784,.T.);
#1811=EDGE_CURVE('',#1417,#1436,#785,.T.);
#1812=EDGE_CURVE('',#1435,#1436,#117,.T.);
#1813=EDGE_CURVE('',#1416,#1437,#786,.T.);
#1814=EDGE_CURVE('',#1436,#1437,#787,.T.);
#1815=EDGE_CURVE('',#1415,#1438,#788,.T.);
#1816=EDGE_CURVE('',#1437,#1438,#118,.T.);
#1817=EDGE_CURVE('',#1414,#1439,#789,.T.);
#1818=EDGE_CURVE('',#1438,#1439,#790,.T.);
#1819=EDGE_CURVE('',#1413,#1440,#791,.T.);
#1820=EDGE_CURVE('',#1439,#1440,#119,.T.);
#1821=EDGE_CURVE('',#1412,#1441,#792,.T.);
#1822=EDGE_CURVE('',#1440,#1441,#793,.T.);
#1823=EDGE_CURVE('',#1411,#1442,#794,.T.);
#1824=EDGE_CURVE('',#1441,#1442,#120,.T.);
#1825=EDGE_CURVE('',#1410,#1443,#795,.T.);
#1826=EDGE_CURVE('',#1444,#1443,#796,.T.);
#1827=EDGE_CURVE('',#1444,#1445,#797,.T.);
#1828=EDGE_CURVE('',#1445,#1446,#121,.T.);
#1829=EDGE_CURVE('',#1446,#1447,#798,.T.);
#1830=EDGE_CURVE('',#1447,#1448,#122,.T.);
#1831=EDGE_CURVE('',#1448,#1449,#799,.T.);
#1832=EDGE_CURVE('',#1442,#1449,#800,.T.);
#1833=EDGE_CURVE('',#1409,#1450,#801,.T.);
#1834=EDGE_CURVE('',#1443,#1450,#123,.T.);
#1835=EDGE_CURVE('',#1408,#1451,#802,.T.);
#1836=EDGE_CURVE('',#1450,#1451,#803,.T.);
#1837=EDGE_CURVE('',#1407,#1452,#804,.T.);
#1838=EDGE_CURVE('',#1451,#1452,#124,.T.);
#1839=EDGE_CURVE('',#1406,#1453,#805,.T.);
#1840=EDGE_CURVE('',#1452,#1453,#806,.T.);
#1841=EDGE_CURVE('',#1405,#1454,#807,.T.);
#1842=EDGE_CURVE('',#1453,#1454,#125,.T.);
#1843=EDGE_CURVE('',#1404,#1455,#808,.T.);
#1844=EDGE_CURVE('',#1454,#1455,#809,.T.);
#1845=EDGE_CURVE('',#1403,#1456,#810,.T.);
#1846=EDGE_CURVE('',#1455,#1456,#126,.T.);
#1847=EDGE_CURVE('',#1402,#1457,#811,.T.);
#1848=EDGE_CURVE('',#1456,#1457,#812,.T.);
#1849=EDGE_CURVE('',#1401,#1458,#813,.T.);
#1850=EDGE_CURVE('',#1457,#1458,#127,.T.);
#1851=EDGE_CURVE('',#1400,#1459,#814,.T.);
#1852=EDGE_CURVE('',#1458,#1459,#128,.T.);
#1853=EDGE_CURVE('',#1399,#1460,#815,.T.);
#1854=EDGE_CURVE('',#1459,#1460,#816,.T.);
#1855=EDGE_CURVE('',#1398,#1461,#817,.T.);
#1856=EDGE_CURVE('',#1460,#1461,#129,.T.);
#1857=EDGE_CURVE('',#1397,#1462,#818,.T.);
#1858=EDGE_CURVE('',#1461,#1462,#819,.T.);
#1859=EDGE_CURVE('',#1396,#1463,#820,.T.);
#1860=EDGE_CURVE('',#1462,#1463,#130,.T.);
#1861=EDGE_CURVE('',#1395,#1464,#821,.T.);
#1862=EDGE_CURVE('',#1463,#1464,#822,.T.);
#1863=EDGE_CURVE('',#1394,#1465,#823,.T.);
#1864=EDGE_CURVE('',#1464,#1465,#131,.T.);
#1865=EDGE_CURVE('',#1393,#1466,#824,.T.);
#1866=EDGE_CURVE('',#1465,#1466,#825,.T.);
#1867=EDGE_CURVE('',#1392,#1467,#826,.T.);
#1868=EDGE_CURVE('',#1466,#1467,#132,.T.);
#1869=EDGE_CURVE('',#1391,#1468,#827,.T.);
#1870=EDGE_CURVE('',#1467,#1468,#828,.T.);
#1871=EDGE_CURVE('',#1390,#1469,#829,.T.);
#1872=EDGE_CURVE('',#1468,#1469,#133,.T.);
#1873=EDGE_CURVE('',#1389,#1470,#830,.T.);
#1874=EDGE_CURVE('',#1469,#1470,#831,.T.);
#1875=EDGE_CURVE('',#1388,#1471,#832,.T.);
#1876=EDGE_CURVE('',#1470,#1471,#134,.T.);
#1877=EDGE_CURVE('',#1387,#1472,#833,.T.);
#1878=EDGE_CURVE('',#1471,#1472,#834,.T.);
#1879=EDGE_CURVE('',#1386,#1473,#835,.T.);
#1880=EDGE_CURVE('',#1472,#1473,#135,.T.);
#1881=EDGE_CURVE('',#1385,#1474,#836,.T.);
#1882=EDGE_CURVE('',#1473,#1474,#837,.T.);
#1883=EDGE_CURVE('',#1384,#1475,#838,.T.);
#1884=EDGE_CURVE('',#1474,#1475,#136,.T.);
#1885=EDGE_CURVE('',#1383,#1476,#839,.T.);
#1886=EDGE_CURVE('',#1475,#1476,#840,.T.);
#1887=EDGE_CURVE('',#1382,#1477,#841,.T.);
#1888=EDGE_CURVE('',#1476,#1477,#137,.T.);
#1889=EDGE_CURVE('',#1381,#1478,#842,.T.);
#1890=EDGE_CURVE('',#1477,#1478,#843,.T.);
#1891=EDGE_CURVE('',#1380,#1479,#844,.T.);
#1892=EDGE_CURVE('',#1478,#1479,#138,.T.);
#1893=EDGE_CURVE('',#1480,#1480,#139,.T.);
#1894=EDGE_CURVE('',#1480,#1481,#845,.T.);
#1895=EDGE_CURVE('',#1481,#1481,#140,.T.);
#1896=EDGE_CURVE('',#1482,#1482,#141,.T.);
#1897=EDGE_CURVE('',#1483,#1483,#142,.T.);
#1898=EDGE_CURVE('',#1483,#1484,#846,.T.);
#1899=EDGE_CURVE('',#1484,#1484,#143,.T.);
#1900=EDGE_CURVE('',#1485,#1485,#144,.T.);
#1901=EDGE_CURVE('',#1486,#1486,#145,.T.);
#1902=EDGE_CURVE('',#1486,#1487,#847,.T.);
#1903=EDGE_CURVE('',#1487,#1487,#146,.T.);
#1904=EDGE_CURVE('',#1488,#1488,#147,.T.);
#1905=EDGE_CURVE('',#1489,#1489,#148,.T.);
#1906=EDGE_CURVE('',#1489,#1490,#848,.T.);
#1907=EDGE_CURVE('',#1490,#1490,#149,.T.);
#1908=EDGE_CURVE('',#1491,#1491,#150,.T.);
#1909=EDGE_CURVE('',#1492,#1492,#151,.T.);
#1910=EDGE_CURVE('',#1492,#1493,#849,.T.);
#1911=EDGE_CURVE('',#1493,#1493,#152,.T.);
#1912=EDGE_CURVE('',#1494,#1494,#153,.T.);
#1913=EDGE_CURVE('',#1495,#1495,#154,.T.);
#1914=EDGE_CURVE('',#1495,#1496,#850,.T.);
#1915=EDGE_CURVE('',#1496,#1496,#155,.T.);
#1916=EDGE_CURVE('',#1497,#1497,#156,.T.);
#1917=EDGE_CURVE('',#1498,#1498,#157,.T.);
#1918=EDGE_CURVE('',#1498,#1499,#851,.T.);
#1919=EDGE_CURVE('',#1499,#1499,#158,.T.);
#1920=EDGE_CURVE('',#1500,#1500,#159,.T.);
#1921=EDGE_CURVE('',#1501,#1502,#852,.T.);
#1922=EDGE_CURVE('',#1447,#1501,#853,.T.);
#1923=EDGE_CURVE('',#1446,#1502,#854,.T.);
#1924=EDGE_CURVE('',#1502,#1503,#160,.T.);
#1925=EDGE_CURVE('',#1445,#1503,#855,.T.);
#1926=EDGE_CURVE('',#1503,#1504,#856,.T.);
#1927=EDGE_CURVE('',#1504,#1444,#857,.T.);
#1928=EDGE_CURVE('',#1505,#1506,#858,.T.);
#1929=EDGE_CURVE('',#1449,#1505,#859,.T.);
#1930=EDGE_CURVE('',#1448,#1506,#860,.T.);
#1931=EDGE_CURVE('',#1506,#1501,#161,.T.);
#1932=EDGE_CURVE('',#1507,#1504,#861,.T.);
#1933=EDGE_CURVE('',#1508,#1507,#862,.T.);
#1934=EDGE_CURVE('',#1509,#1508,#863,.T.);
#1935=EDGE_CURVE('',#1509,#1510,#864,.T.);
#1936=EDGE_CURVE('',#1505,#1510,#865,.T.);
#1937=EDGE_CURVE('',#1479,#1511,#866,.T.);
#1938=EDGE_CURVE('',#1511,#1512,#867,.T.);
#1939=EDGE_CURVE('',#1512,#1513,#868,.T.);
#1940=EDGE_CURVE('',#1513,#1514,#162,.T.);
#1941=EDGE_CURVE('',#1514,#1515,#869,.T.);
#1942=EDGE_CURVE('',#1515,#1516,#870,.T.);
#1943=EDGE_CURVE('',#1516,#1517,#163,.T.);
#1944=EDGE_CURVE('',#1517,#1518,#871,.T.);
#1945=EDGE_CURVE('',#1518,#1519,#164,.T.);
#1946=EDGE_CURVE('',#1519,#1520,#872,.T.);
#1947=EDGE_CURVE('',#1520,#1521,#165,.T.);
#1948=EDGE_CURVE('',#1521,#1522,#873,.T.);
#1949=EDGE_CURVE('',#1522,#1523,#874,.T.);
#1950=EDGE_CURVE('',#1523,#1524,#166,.T.);
#1951=EDGE_CURVE('',#1524,#1525,#875,.T.);
#1952=EDGE_CURVE('',#1525,#1526,#876,.T.);
#1953=EDGE_CURVE('',#1526,#1527,#167,.T.);
#1954=EDGE_CURVE('',#1527,#1528,#877,.T.);
#1955=EDGE_CURVE('',#1528,#1529,#168,.T.);
#1956=EDGE_CURVE('',#1529,#1530,#878,.T.);
#1957=EDGE_CURVE('',#1530,#1531,#169,.T.);
#1958=EDGE_CURVE('',#1531,#1532,#879,.T.);
#1959=EDGE_CURVE('',#1532,#1507,#170,.T.);
#1960=EDGE_CURVE('',#1290,#1511,#880,.T.);
#1961=EDGE_CURVE('',#1285,#1533,#881,.T.);
#1962=EDGE_CURVE('',#1533,#1534,#882,.T.);
#1963=EDGE_CURVE('',#1534,#1535,#171,.T.);
#1964=EDGE_CURVE('',#1535,#1536,#883,.T.);
#1965=EDGE_CURVE('',#1536,#1288,#172,.T.);
#1966=EDGE_CURVE('',#1537,#1537,#173,.T.);
#1967=EDGE_CURVE('',#1538,#1538,#174,.T.);
#1968=EDGE_CURVE('',#1539,#1539,#175,.T.);
#1969=EDGE_CURVE('',#1540,#1540,#176,.T.);
#1970=EDGE_CURVE('',#1541,#1541,#177,.T.);
#1971=EDGE_CURVE('',#1533,#1542,#884,.T.);
#1972=EDGE_CURVE('',#1542,#1543,#885,.T.);
#1973=EDGE_CURVE('',#1543,#1534,#886,.T.);
#1974=EDGE_CURVE('',#1544,#1428,#887,.T.);
#1975=EDGE_CURVE('',#1545,#1544,#888,.T.);
#1976=EDGE_CURVE('',#1545,#1542,#889,.T.);
#1977=EDGE_CURVE('',#1546,#1546,#178,.T.);
#1978=EDGE_CURVE('',#1546,#1485,#890,.T.);
#1979=EDGE_CURVE('',#1547,#1547,#179,.T.);
#1980=EDGE_CURVE('',#1547,#1494,#891,.T.);
#1981=EDGE_CURVE('',#1548,#1549,#19,.T.);
#1982=EDGE_CURVE('',#1548,#1550,#892,.T.);
#1983=EDGE_CURVE('',#1551,#1550,#20,.T.);
#1984=EDGE_CURVE('',#1549,#1551,#893,.T.);
#1985=EDGE_CURVE('',#1552,#1548,#894,.T.);
#1986=EDGE_CURVE('',#1552,#1553,#895,.T.);
#1987=EDGE_CURVE('',#1550,#1553,#896,.T.);
#1988=EDGE_CURVE('',#1554,#1553,#897,.T.);
#1989=EDGE_CURVE('',#1555,#1554,#180,.T.);
#1990=EDGE_CURVE('',#1556,#1555,#898,.T.);
#1991=EDGE_CURVE('',#1543,#1556,#181,.T.);
#1992=EDGE_CURVE('',#1557,#1545,#899,.T.);
#1993=EDGE_CURVE('',#1558,#1557,#182,.T.);
#1994=EDGE_CURVE('',#1559,#1558,#183,.T.);
#1995=EDGE_CURVE('',#1560,#1559,#900,.T.);
#1996=EDGE_CURVE('',#1561,#1560,#184,.T.);
#1997=EDGE_CURVE('',#1562,#1561,#901,.T.);
#1998=EDGE_CURVE('',#1551,#1562,#185,.T.);
#1999=EDGE_CURVE('',#1562,#1563,#902,.T.);
#2000=EDGE_CURVE('',#1564,#1563,#186,.T.);
#2001=EDGE_CURVE('',#1551,#1564,#903,.T.);
#2002=EDGE_CURVE('',#1561,#1565,#904,.T.);
#2003=EDGE_CURVE('',#1563,#1565,#905,.T.);
#2004=EDGE_CURVE('',#1560,#1566,#906,.T.);
#2005=EDGE_CURVE('',#1565,#1566,#187,.T.);
#2006=EDGE_CURVE('',#1559,#1567,#907,.T.);
#2007=EDGE_CURVE('',#1566,#1567,#908,.T.);
#2008=EDGE_CURVE('',#1558,#1568,#909,.T.);
#2009=EDGE_CURVE('',#1567,#1568,#188,.T.);
#2010=EDGE_CURVE('',#1557,#1569,#910,.T.);
#2011=EDGE_CURVE('',#1568,#1569,#189,.T.);
#2012=EDGE_CURVE('',#1569,#1544,#911,.T.);
#2013=EDGE_CURVE('',#1556,#1535,#912,.T.);
#2014=EDGE_CURVE('',#1555,#1536,#913,.T.);
#2015=EDGE_CURVE('',#1554,#1288,#914,.T.);
#2016=EDGE_CURVE('',#1553,#1512,#915,.T.);
#2017=EDGE_CURVE('',#1549,#1570,#916,.T.);
#2018=EDGE_CURVE('',#1571,#1564,#917,.T.);
#2019=EDGE_CURVE('',#1570,#1571,#918,.T.);
#2020=EDGE_CURVE('',#1570,#1572,#190,.T.);
#2021=EDGE_CURVE('',#1573,#1571,#191,.T.);
#2022=EDGE_CURVE('',#1572,#1573,#919,.T.);
#2023=EDGE_CURVE('',#1572,#1574,#920,.T.);
#2024=EDGE_CURVE('',#1575,#1573,#921,.T.);
#2025=EDGE_CURVE('',#1574,#1575,#922,.T.);
#2026=EDGE_CURVE('',#1574,#1576,#192,.T.);
#2027=EDGE_CURVE('',#1577,#1575,#193,.T.);
#2028=EDGE_CURVE('',#1576,#1577,#923,.T.);
#2029=EDGE_CURVE('',#1576,#1578,#924,.T.);
#2030=EDGE_CURVE('',#1579,#1577,#925,.T.);
#2031=EDGE_CURVE('',#1578,#1579,#926,.T.);
#2032=EDGE_CURVE('',#1580,#1578,#194,.T.);
#2033=EDGE_CURVE('',#1581,#1579,#195,.T.);
#2034=EDGE_CURVE('',#1580,#1581,#927,.T.);
#2035=EDGE_CURVE('',#1580,#1582,#928,.T.);
#2036=EDGE_CURVE('',#1583,#1581,#929,.T.);
#2037=EDGE_CURVE('',#1582,#1583,#930,.T.);
#2038=EDGE_CURVE('',#1582,#1509,#196,.T.);
#2039=EDGE_CURVE('',#1510,#1583,#197,.T.);
#2040=EDGE_CURVE('',#1508,#1584,#198,.T.);
#2041=EDGE_CURVE('',#1584,#1532,#931,.T.);
#2042=EDGE_CURVE('',#1584,#1585,#932,.T.);
#2043=EDGE_CURVE('',#1585,#1531,#933,.T.);
#2044=EDGE_CURVE('',#1585,#1586,#199,.T.);
#2045=EDGE_CURVE('',#1586,#1530,#934,.T.);
#2046=EDGE_CURVE('',#1586,#1587,#935,.T.);
#2047=EDGE_CURVE('',#1587,#1529,#936,.T.);
#2048=EDGE_CURVE('',#1587,#1588,#200,.T.);
#2049=EDGE_CURVE('',#1588,#1528,#937,.T.);
#2050=EDGE_CURVE('',#1588,#1589,#938,.T.);
#2051=EDGE_CURVE('',#1589,#1527,#939,.T.);
#2052=EDGE_CURVE('',#1589,#1590,#201,.T.);
#2053=EDGE_CURVE('',#1590,#1526,#940,.T.);
#2054=EDGE_CURVE('',#1590,#1591,#941,.T.);
#2055=EDGE_CURVE('',#1591,#1525,#942,.T.);
#2056=EDGE_CURVE('',#1591,#1592,#943,.T.);
#2057=EDGE_CURVE('',#1592,#1524,#944,.T.);
#2058=EDGE_CURVE('',#1592,#1593,#202,.T.);
#2059=EDGE_CURVE('',#1593,#1523,#945,.T.);
#2060=EDGE_CURVE('',#1593,#1594,#946,.T.);
#2061=EDGE_CURVE('',#1594,#1522,#947,.T.);
#2062=EDGE_CURVE('',#1594,#1595,#948,.T.);
#2063=EDGE_CURVE('',#1595,#1521,#949,.T.);
#2064=EDGE_CURVE('',#1595,#1596,#203,.T.);
#2065=EDGE_CURVE('',#1596,#1520,#950,.T.);
#2066=EDGE_CURVE('',#1596,#1597,#951,.T.);
#2067=EDGE_CURVE('',#1597,#1519,#952,.T.);
#2068=EDGE_CURVE('',#1597,#1598,#204,.T.);
#2069=EDGE_CURVE('',#1598,#1518,#953,.T.);
#2070=EDGE_CURVE('',#1598,#1599,#954,.T.);
#2071=EDGE_CURVE('',#1599,#1517,#955,.T.);
#2072=EDGE_CURVE('',#1599,#1600,#205,.T.);
#2073=EDGE_CURVE('',#1600,#1516,#956,.T.);
#2074=EDGE_CURVE('',#1600,#1601,#957,.T.);
#2075=EDGE_CURVE('',#1601,#1515,#958,.T.);
#2076=EDGE_CURVE('',#1601,#1602,#959,.T.);
#2077=EDGE_CURVE('',#1602,#1514,#960,.T.);
#2078=EDGE_CURVE('',#1602,#1603,#206,.T.);
#2079=EDGE_CURVE('',#1603,#1513,#961,.T.);
#2080=EDGE_CURVE('',#1603,#1552,#962,.T.);
#2081=EDGE_CURVE('',#1537,#1497,#963,.T.);
#2082=EDGE_CURVE('',#1538,#1488,#964,.T.);
#2083=EDGE_CURVE('',#1539,#1482,#965,.T.);
#2084=EDGE_CURVE('',#1540,#1500,#966,.T.);
#2085=EDGE_CURVE('',#1541,#1491,#967,.T.);
#2086=ORIENTED_EDGE('',*,*,#1604,.F.);
#2087=ORIENTED_EDGE('',*,*,#1605,.T.);
#2088=ORIENTED_EDGE('',*,*,#1606,.F.);
#2089=ORIENTED_EDGE('',*,*,#1607,.F.);
#2090=ORIENTED_EDGE('',*,*,#1608,.F.);
#2091=ORIENTED_EDGE('',*,*,#1609,.T.);
#2092=ORIENTED_EDGE('',*,*,#1610,.F.);
#2093=ORIENTED_EDGE('',*,*,#1611,.F.);
#2094=ORIENTED_EDGE('',*,*,#1612,.F.);
#2095=ORIENTED_EDGE('',*,*,#1611,.T.);
#2096=ORIENTED_EDGE('',*,*,#1613,.F.);
#2097=ORIENTED_EDGE('',*,*,#1614,.F.);
#2098=ORIENTED_EDGE('',*,*,#1615,.F.);
#2099=ORIENTED_EDGE('',*,*,#1614,.T.);
#2100=ORIENTED_EDGE('',*,*,#1616,.F.);
#2101=ORIENTED_EDGE('',*,*,#1617,.F.);
#2102=ORIENTED_EDGE('',*,*,#1618,.F.);
#2103=ORIENTED_EDGE('',*,*,#1617,.T.);
#2104=ORIENTED_EDGE('',*,*,#1619,.F.);
#2105=ORIENTED_EDGE('',*,*,#1620,.F.);
#2106=ORIENTED_EDGE('',*,*,#1621,.F.);
#2107=ORIENTED_EDGE('',*,*,#1620,.T.);
#2108=ORIENTED_EDGE('',*,*,#1622,.F.);
#2109=ORIENTED_EDGE('',*,*,#1623,.F.);
#2110=ORIENTED_EDGE('',*,*,#1624,.F.);
#2111=ORIENTED_EDGE('',*,*,#1623,.T.);
#2112=ORIENTED_EDGE('',*,*,#1625,.F.);
#2113=ORIENTED_EDGE('',*,*,#1626,.F.);
#2114=ORIENTED_EDGE('',*,*,#1627,.F.);
#2115=ORIENTED_EDGE('',*,*,#1626,.T.);
#2116=ORIENTED_EDGE('',*,*,#1628,.F.);
#2117=ORIENTED_EDGE('',*,*,#1629,.F.);
#2118=ORIENTED_EDGE('',*,*,#1630,.F.);
#2119=ORIENTED_EDGE('',*,*,#1629,.T.);
#2120=ORIENTED_EDGE('',*,*,#1631,.F.);
#2121=ORIENTED_EDGE('',*,*,#1632,.F.);
#2122=ORIENTED_EDGE('',*,*,#1633,.F.);
#2123=ORIENTED_EDGE('',*,*,#1632,.T.);
#2124=ORIENTED_EDGE('',*,*,#1634,.F.);
#2125=ORIENTED_EDGE('',*,*,#1635,.F.);
#2126=ORIENTED_EDGE('',*,*,#1636,.F.);
#2127=ORIENTED_EDGE('',*,*,#1635,.T.);
#2128=ORIENTED_EDGE('',*,*,#1637,.F.);
#2129=ORIENTED_EDGE('',*,*,#1638,.F.);
#2130=ORIENTED_EDGE('',*,*,#1639,.F.);
#2131=ORIENTED_EDGE('',*,*,#1638,.T.);
#2132=ORIENTED_EDGE('',*,*,#1640,.F.);
#2133=ORIENTED_EDGE('',*,*,#1641,.F.);
#2134=ORIENTED_EDGE('',*,*,#1642,.F.);
#2135=ORIENTED_EDGE('',*,*,#1641,.T.);
#2136=ORIENTED_EDGE('',*,*,#1643,.F.);
#2137=ORIENTED_EDGE('',*,*,#1644,.F.);
#2138=ORIENTED_EDGE('',*,*,#1645,.F.);
#2139=ORIENTED_EDGE('',*,*,#1644,.T.);
#2140=ORIENTED_EDGE('',*,*,#1646,.F.);
#2141=ORIENTED_EDGE('',*,*,#1647,.F.);
#2142=ORIENTED_EDGE('',*,*,#1648,.F.);
#2143=ORIENTED_EDGE('',*,*,#1647,.T.);
#2144=ORIENTED_EDGE('',*,*,#1649,.F.);
#2145=ORIENTED_EDGE('',*,*,#1650,.F.);
#2146=ORIENTED_EDGE('',*,*,#1651,.F.);
#2147=ORIENTED_EDGE('',*,*,#1650,.T.);
#2148=ORIENTED_EDGE('',*,*,#1652,.F.);
#2149=ORIENTED_EDGE('',*,*,#1653,.F.);
#2150=ORIENTED_EDGE('',*,*,#1654,.F.);
#2151=ORIENTED_EDGE('',*,*,#1653,.T.);
#2152=ORIENTED_EDGE('',*,*,#1655,.F.);
#2153=ORIENTED_EDGE('',*,*,#1656,.F.);
#2154=ORIENTED_EDGE('',*,*,#1657,.F.);
#2155=ORIENTED_EDGE('',*,*,#1656,.T.);
#2156=ORIENTED_EDGE('',*,*,#1658,.F.);
#2157=ORIENTED_EDGE('',*,*,#1659,.F.);
#2158=ORIENTED_EDGE('',*,*,#1660,.F.);
#2159=ORIENTED_EDGE('',*,*,#1659,.T.);
#2160=ORIENTED_EDGE('',*,*,#1661,.F.);
#2161=ORIENTED_EDGE('',*,*,#1662,.F.);
#2162=ORIENTED_EDGE('',*,*,#1663,.F.);
#2163=ORIENTED_EDGE('',*,*,#1662,.T.);
#2164=ORIENTED_EDGE('',*,*,#1664,.F.);
#2165=ORIENTED_EDGE('',*,*,#1665,.F.);
#2166=ORIENTED_EDGE('',*,*,#1666,.F.);
#2167=ORIENTED_EDGE('',*,*,#1665,.T.);
#2168=ORIENTED_EDGE('',*,*,#1667,.F.);
#2169=ORIENTED_EDGE('',*,*,#1668,.F.);
#2170=ORIENTED_EDGE('',*,*,#1669,.F.);
#2171=ORIENTED_EDGE('',*,*,#1668,.T.);
#2172=ORIENTED_EDGE('',*,*,#1670,.F.);
#2173=ORIENTED_EDGE('',*,*,#1671,.F.);
#2174=ORIENTED_EDGE('',*,*,#1672,.F.);
#2175=ORIENTED_EDGE('',*,*,#1671,.T.);
#2176=ORIENTED_EDGE('',*,*,#1673,.F.);
#2177=ORIENTED_EDGE('',*,*,#1674,.F.);
#2178=ORIENTED_EDGE('',*,*,#1675,.F.);
#2179=ORIENTED_EDGE('',*,*,#1674,.T.);
#2180=ORIENTED_EDGE('',*,*,#1676,.F.);
#2181=ORIENTED_EDGE('',*,*,#1677,.F.);
#2182=ORIENTED_EDGE('',*,*,#1678,.F.);
#2183=ORIENTED_EDGE('',*,*,#1677,.T.);
#2184=ORIENTED_EDGE('',*,*,#1679,.F.);
#2185=ORIENTED_EDGE('',*,*,#1680,.F.);
#2186=ORIENTED_EDGE('',*,*,#1681,.F.);
#2187=ORIENTED_EDGE('',*,*,#1680,.T.);
#2188=ORIENTED_EDGE('',*,*,#1682,.F.);
#2189=ORIENTED_EDGE('',*,*,#1683,.F.);
#2190=ORIENTED_EDGE('',*,*,#1684,.F.);
#2191=ORIENTED_EDGE('',*,*,#1683,.T.);
#2192=ORIENTED_EDGE('',*,*,#1685,.F.);
#2193=ORIENTED_EDGE('',*,*,#1686,.F.);
#2194=ORIENTED_EDGE('',*,*,#1687,.F.);
#2195=ORIENTED_EDGE('',*,*,#1686,.T.);
#2196=ORIENTED_EDGE('',*,*,#1688,.F.);
#2197=ORIENTED_EDGE('',*,*,#1689,.F.);
#2198=ORIENTED_EDGE('',*,*,#1690,.F.);
#2199=ORIENTED_EDGE('',*,*,#1689,.T.);
#2200=ORIENTED_EDGE('',*,*,#1691,.F.);
#2201=ORIENTED_EDGE('',*,*,#1692,.F.);
#2202=ORIENTED_EDGE('',*,*,#1693,.F.);
#2203=ORIENTED_EDGE('',*,*,#1692,.T.);
#2204=ORIENTED_EDGE('',*,*,#1694,.F.);
#2205=ORIENTED_EDGE('',*,*,#1695,.F.);
#2206=ORIENTED_EDGE('',*,*,#1696,.F.);
#2207=ORIENTED_EDGE('',*,*,#1695,.T.);
#2208=ORIENTED_EDGE('',*,*,#1697,.F.);
#2209=ORIENTED_EDGE('',*,*,#1698,.F.);
#2210=ORIENTED_EDGE('',*,*,#1699,.F.);
#2211=ORIENTED_EDGE('',*,*,#1698,.T.);
#2212=ORIENTED_EDGE('',*,*,#1700,.F.);
#2213=ORIENTED_EDGE('',*,*,#1701,.F.);
#2214=ORIENTED_EDGE('',*,*,#1702,.F.);
#2215=ORIENTED_EDGE('',*,*,#1701,.T.);
#2216=ORIENTED_EDGE('',*,*,#1703,.F.);
#2217=ORIENTED_EDGE('',*,*,#1704,.F.);
#2218=ORIENTED_EDGE('',*,*,#1705,.F.);
#2219=ORIENTED_EDGE('',*,*,#1704,.T.);
#2220=ORIENTED_EDGE('',*,*,#1706,.F.);
#2221=ORIENTED_EDGE('',*,*,#1707,.F.);
#2222=ORIENTED_EDGE('',*,*,#1708,.F.);
#2223=ORIENTED_EDGE('',*,*,#1707,.T.);
#2224=ORIENTED_EDGE('',*,*,#1709,.F.);
#2225=ORIENTED_EDGE('',*,*,#1710,.F.);
#2226=ORIENTED_EDGE('',*,*,#1711,.F.);
#2227=ORIENTED_EDGE('',*,*,#1710,.T.);
#2228=ORIENTED_EDGE('',*,*,#1712,.F.);
#2229=ORIENTED_EDGE('',*,*,#1713,.F.);
#2230=ORIENTED_EDGE('',*,*,#1714,.F.);
#2231=ORIENTED_EDGE('',*,*,#1713,.T.);
#2232=ORIENTED_EDGE('',*,*,#1715,.F.);
#2233=ORIENTED_EDGE('',*,*,#1716,.F.);
#2234=ORIENTED_EDGE('',*,*,#1717,.F.);
#2235=ORIENTED_EDGE('',*,*,#1716,.T.);
#2236=ORIENTED_EDGE('',*,*,#1718,.F.);
#2237=ORIENTED_EDGE('',*,*,#1719,.F.);
#2238=ORIENTED_EDGE('',*,*,#1720,.F.);
#2239=ORIENTED_EDGE('',*,*,#1719,.T.);
#2240=ORIENTED_EDGE('',*,*,#1721,.F.);
#2241=ORIENTED_EDGE('',*,*,#1722,.F.);
#2242=ORIENTED_EDGE('',*,*,#1723,.F.);
#2243=ORIENTED_EDGE('',*,*,#1722,.T.);
#2244=ORIENTED_EDGE('',*,*,#1724,.F.);
#2245=ORIENTED_EDGE('',*,*,#1725,.F.);
#2246=ORIENTED_EDGE('',*,*,#1726,.F.);
#2247=ORIENTED_EDGE('',*,*,#1725,.T.);
#2248=ORIENTED_EDGE('',*,*,#1727,.F.);
#2249=ORIENTED_EDGE('',*,*,#1728,.F.);
#2250=ORIENTED_EDGE('',*,*,#1729,.F.);
#2251=ORIENTED_EDGE('',*,*,#1728,.T.);
#2252=ORIENTED_EDGE('',*,*,#1730,.F.);
#2253=ORIENTED_EDGE('',*,*,#1731,.F.);
#2254=ORIENTED_EDGE('',*,*,#1732,.F.);
#2255=ORIENTED_EDGE('',*,*,#1731,.T.);
#2256=ORIENTED_EDGE('',*,*,#1733,.F.);
#2257=ORIENTED_EDGE('',*,*,#1734,.F.);
#2258=ORIENTED_EDGE('',*,*,#1735,.F.);
#2259=ORIENTED_EDGE('',*,*,#1734,.T.);
#2260=ORIENTED_EDGE('',*,*,#1736,.F.);
#2261=ORIENTED_EDGE('',*,*,#1737,.F.);
#2262=ORIENTED_EDGE('',*,*,#1738,.F.);
#2263=ORIENTED_EDGE('',*,*,#1737,.T.);
#2264=ORIENTED_EDGE('',*,*,#1739,.F.);
#2265=ORIENTED_EDGE('',*,*,#1740,.F.);
#2266=ORIENTED_EDGE('',*,*,#1741,.F.);
#2267=ORIENTED_EDGE('',*,*,#1740,.T.);
#2268=ORIENTED_EDGE('',*,*,#1742,.F.);
#2269=ORIENTED_EDGE('',*,*,#1743,.F.);
#2270=ORIENTED_EDGE('',*,*,#1744,.F.);
#2271=ORIENTED_EDGE('',*,*,#1743,.T.);
#2272=ORIENTED_EDGE('',*,*,#1745,.F.);
#2273=ORIENTED_EDGE('',*,*,#1605,.F.);
#2274=ORIENTED_EDGE('',*,*,#1745,.T.);
#2275=ORIENTED_EDGE('',*,*,#1742,.T.);
#2276=ORIENTED_EDGE('',*,*,#1739,.T.);
#2277=ORIENTED_EDGE('',*,*,#1736,.T.);
#2278=ORIENTED_EDGE('',*,*,#1733,.T.);
#2279=ORIENTED_EDGE('',*,*,#1730,.T.);
#2280=ORIENTED_EDGE('',*,*,#1727,.T.);
#2281=ORIENTED_EDGE('',*,*,#1724,.T.);
#2282=ORIENTED_EDGE('',*,*,#1721,.T.);
#2283=ORIENTED_EDGE('',*,*,#1718,.T.);
#2284=ORIENTED_EDGE('',*,*,#1715,.T.);
#2285=ORIENTED_EDGE('',*,*,#1712,.T.);
#2286=ORIENTED_EDGE('',*,*,#1709,.T.);
#2287=ORIENTED_EDGE('',*,*,#1706,.T.);
#2288=ORIENTED_EDGE('',*,*,#1703,.T.);
#2289=ORIENTED_EDGE('',*,*,#1700,.T.);
#2290=ORIENTED_EDGE('',*,*,#1697,.T.);
#2291=ORIENTED_EDGE('',*,*,#1694,.T.);
#2292=ORIENTED_EDGE('',*,*,#1691,.T.);
#2293=ORIENTED_EDGE('',*,*,#1688,.T.);
#2294=ORIENTED_EDGE('',*,*,#1685,.T.);
#2295=ORIENTED_EDGE('',*,*,#1682,.T.);
#2296=ORIENTED_EDGE('',*,*,#1679,.T.);
#2297=ORIENTED_EDGE('',*,*,#1676,.T.);
#2298=ORIENTED_EDGE('',*,*,#1673,.T.);
#2299=ORIENTED_EDGE('',*,*,#1670,.T.);
#2300=ORIENTED_EDGE('',*,*,#1667,.T.);
#2301=ORIENTED_EDGE('',*,*,#1664,.T.);
#2302=ORIENTED_EDGE('',*,*,#1661,.T.);
#2303=ORIENTED_EDGE('',*,*,#1658,.T.);
#2304=ORIENTED_EDGE('',*,*,#1655,.T.);
#2305=ORIENTED_EDGE('',*,*,#1652,.T.);
#2306=ORIENTED_EDGE('',*,*,#1649,.T.);
#2307=ORIENTED_EDGE('',*,*,#1646,.T.);
#2308=ORIENTED_EDGE('',*,*,#1643,.T.);
#2309=ORIENTED_EDGE('',*,*,#1640,.T.);
#2310=ORIENTED_EDGE('',*,*,#1637,.T.);
#2311=ORIENTED_EDGE('',*,*,#1634,.T.);
#2312=ORIENTED_EDGE('',*,*,#1631,.T.);
#2313=ORIENTED_EDGE('',*,*,#1628,.T.);
#2314=ORIENTED_EDGE('',*,*,#1625,.T.);
#2315=ORIENTED_EDGE('',*,*,#1622,.T.);
#2316=ORIENTED_EDGE('',*,*,#1619,.T.);
#2317=ORIENTED_EDGE('',*,*,#1616,.T.);
#2318=ORIENTED_EDGE('',*,*,#1613,.T.);
#2319=ORIENTED_EDGE('',*,*,#1610,.T.);
#2320=ORIENTED_EDGE('',*,*,#1746,.F.);
#2321=ORIENTED_EDGE('',*,*,#1747,.F.);
#2322=ORIENTED_EDGE('',*,*,#1748,.F.);
#2323=ORIENTED_EDGE('',*,*,#1749,.F.);
#2324=ORIENTED_EDGE('',*,*,#1750,.F.);
#2325=ORIENTED_EDGE('',*,*,#1751,.F.);
#2326=ORIENTED_EDGE('',*,*,#1752,.F.);
#2327=ORIENTED_EDGE('',*,*,#1753,.F.);
#2328=ORIENTED_EDGE('',*,*,#1754,.F.);
#2329=ORIENTED_EDGE('',*,*,#1755,.F.);
#2330=ORIENTED_EDGE('',*,*,#1756,.F.);
#2331=ORIENTED_EDGE('',*,*,#1757,.F.);
#2332=ORIENTED_EDGE('',*,*,#1758,.F.);
#2333=ORIENTED_EDGE('',*,*,#1759,.F.);
#2334=ORIENTED_EDGE('',*,*,#1760,.F.);
#2335=ORIENTED_EDGE('',*,*,#1761,.F.);
#2336=ORIENTED_EDGE('',*,*,#1762,.F.);
#2337=ORIENTED_EDGE('',*,*,#1763,.F.);
#2338=ORIENTED_EDGE('',*,*,#1764,.F.);
#2339=ORIENTED_EDGE('',*,*,#1765,.F.);
#2340=ORIENTED_EDGE('',*,*,#1766,.F.);
#2341=ORIENTED_EDGE('',*,*,#1767,.F.);
#2342=ORIENTED_EDGE('',*,*,#1768,.F.);
#2343=ORIENTED_EDGE('',*,*,#1769,.F.);
#2344=ORIENTED_EDGE('',*,*,#1770,.F.);
#2345=ORIENTED_EDGE('',*,*,#1771,.F.);
#2346=ORIENTED_EDGE('',*,*,#1772,.F.);
#2347=ORIENTED_EDGE('',*,*,#1773,.F.);
#2348=ORIENTED_EDGE('',*,*,#1774,.F.);
#2349=ORIENTED_EDGE('',*,*,#1775,.F.);
#2350=ORIENTED_EDGE('',*,*,#1776,.F.);
#2351=ORIENTED_EDGE('',*,*,#1777,.F.);
#2352=ORIENTED_EDGE('',*,*,#1778,.F.);
#2353=ORIENTED_EDGE('',*,*,#1779,.F.);
#2354=ORIENTED_EDGE('',*,*,#1780,.F.);
#2355=ORIENTED_EDGE('',*,*,#1781,.F.);
#2356=ORIENTED_EDGE('',*,*,#1782,.F.);
#2357=ORIENTED_EDGE('',*,*,#1783,.F.);
#2358=ORIENTED_EDGE('',*,*,#1784,.F.);
#2359=ORIENTED_EDGE('',*,*,#1785,.F.);
#2360=ORIENTED_EDGE('',*,*,#1786,.F.);
#2361=ORIENTED_EDGE('',*,*,#1787,.F.);
#2362=ORIENTED_EDGE('',*,*,#1788,.F.);
#2363=ORIENTED_EDGE('',*,*,#1789,.F.);
#2364=ORIENTED_EDGE('',*,*,#1790,.F.);
#2365=ORIENTED_EDGE('',*,*,#1791,.F.);
#2366=ORIENTED_EDGE('',*,*,#1792,.F.);
#2367=ORIENTED_EDGE('',*,*,#1793,.T.);
#2368=ORIENTED_EDGE('',*,*,#1606,.T.);
#2369=ORIENTED_EDGE('',*,*,#1792,.T.);
#2370=ORIENTED_EDGE('',*,*,#1794,.T.);
#2371=ORIENTED_EDGE('',*,*,#1795,.F.);
#2372=ORIENTED_EDGE('',*,*,#1796,.T.);
#2373=ORIENTED_EDGE('',*,*,#1791,.T.);
#2374=ORIENTED_EDGE('',*,*,#1797,.T.);
#2375=ORIENTED_EDGE('',*,*,#1798,.F.);
#2376=ORIENTED_EDGE('',*,*,#1794,.F.);
#2377=ORIENTED_EDGE('',*,*,#1790,.T.);
#2378=ORIENTED_EDGE('',*,*,#1799,.T.);
#2379=ORIENTED_EDGE('',*,*,#1800,.F.);
#2380=ORIENTED_EDGE('',*,*,#1797,.F.);
#2381=ORIENTED_EDGE('',*,*,#1789,.T.);
#2382=ORIENTED_EDGE('',*,*,#1801,.T.);
#2383=ORIENTED_EDGE('',*,*,#1802,.F.);
#2384=ORIENTED_EDGE('',*,*,#1799,.F.);
#2385=ORIENTED_EDGE('',*,*,#1788,.T.);
#2386=ORIENTED_EDGE('',*,*,#1803,.T.);
#2387=ORIENTED_EDGE('',*,*,#1804,.F.);
#2388=ORIENTED_EDGE('',*,*,#1801,.F.);
#2389=ORIENTED_EDGE('',*,*,#1787,.T.);
#2390=ORIENTED_EDGE('',*,*,#1805,.T.);
#2391=ORIENTED_EDGE('',*,*,#1806,.F.);
#2392=ORIENTED_EDGE('',*,*,#1803,.F.);
#2393=ORIENTED_EDGE('',*,*,#1786,.T.);
#2394=ORIENTED_EDGE('',*,*,#1807,.T.);
#2395=ORIENTED_EDGE('',*,*,#1808,.F.);
#2396=ORIENTED_EDGE('',*,*,#1805,.F.);
#2397=ORIENTED_EDGE('',*,*,#1785,.T.);
#2398=ORIENTED_EDGE('',*,*,#1809,.T.);
#2399=ORIENTED_EDGE('',*,*,#1810,.F.);
#2400=ORIENTED_EDGE('',*,*,#1807,.F.);
#2401=ORIENTED_EDGE('',*,*,#1784,.T.);
#2402=ORIENTED_EDGE('',*,*,#1811,.T.);
#2403=ORIENTED_EDGE('',*,*,#1812,.F.);
#2404=ORIENTED_EDGE('',*,*,#1809,.F.);
#2405=ORIENTED_EDGE('',*,*,#1783,.T.);
#2406=ORIENTED_EDGE('',*,*,#1813,.T.);
#2407=ORIENTED_EDGE('',*,*,#1814,.F.);
#2408=ORIENTED_EDGE('',*,*,#1811,.F.);
#2409=ORIENTED_EDGE('',*,*,#1782,.T.);
#2410=ORIENTED_EDGE('',*,*,#1815,.T.);
#2411=ORIENTED_EDGE('',*,*,#1816,.F.);
#2412=ORIENTED_EDGE('',*,*,#1813,.F.);
#2413=ORIENTED_EDGE('',*,*,#1781,.T.);
#2414=ORIENTED_EDGE('',*,*,#1817,.T.);
#2415=ORIENTED_EDGE('',*,*,#1818,.F.);
#2416=ORIENTED_EDGE('',*,*,#1815,.F.);
#2417=ORIENTED_EDGE('',*,*,#1780,.T.);
#2418=ORIENTED_EDGE('',*,*,#1819,.T.);
#2419=ORIENTED_EDGE('',*,*,#1820,.F.);
#2420=ORIENTED_EDGE('',*,*,#1817,.F.);
#2421=ORIENTED_EDGE('',*,*,#1779,.T.);
#2422=ORIENTED_EDGE('',*,*,#1821,.T.);
#2423=ORIENTED_EDGE('',*,*,#1822,.F.);
#2424=ORIENTED_EDGE('',*,*,#1819,.F.);
#2425=ORIENTED_EDGE('',*,*,#1778,.T.);
#2426=ORIENTED_EDGE('',*,*,#1823,.T.);
#2427=ORIENTED_EDGE('',*,*,#1824,.F.);
#2428=ORIENTED_EDGE('',*,*,#1821,.F.);
#2429=ORIENTED_EDGE('',*,*,#1777,.T.);
#2430=ORIENTED_EDGE('',*,*,#1825,.T.);
#2431=ORIENTED_EDGE('',*,*,#1826,.F.);
#2432=ORIENTED_EDGE('',*,*,#1827,.T.);
#2433=ORIENTED_EDGE('',*,*,#1828,.T.);
#2434=ORIENTED_EDGE('',*,*,#1829,.T.);
#2435=ORIENTED_EDGE('',*,*,#1830,.T.);
#2436=ORIENTED_EDGE('',*,*,#1831,.T.);
#2437=ORIENTED_EDGE('',*,*,#1832,.F.);
#2438=ORIENTED_EDGE('',*,*,#1823,.F.);
#2439=ORIENTED_EDGE('',*,*,#1776,.T.);
#2440=ORIENTED_EDGE('',*,*,#1833,.T.);
#2441=ORIENTED_EDGE('',*,*,#1834,.F.);
#2442=ORIENTED_EDGE('',*,*,#1825,.F.);
#2443=ORIENTED_EDGE('',*,*,#1775,.T.);
#2444=ORIENTED_EDGE('',*,*,#1835,.T.);
#2445=ORIENTED_EDGE('',*,*,#1836,.F.);
#2446=ORIENTED_EDGE('',*,*,#1833,.F.);
#2447=ORIENTED_EDGE('',*,*,#1774,.T.);
#2448=ORIENTED_EDGE('',*,*,#1837,.T.);
#2449=ORIENTED_EDGE('',*,*,#1838,.F.);
#2450=ORIENTED_EDGE('',*,*,#1835,.F.);
#2451=ORIENTED_EDGE('',*,*,#1773,.T.);
#2452=ORIENTED_EDGE('',*,*,#1839,.T.);
#2453=ORIENTED_EDGE('',*,*,#1840,.F.);
#2454=ORIENTED_EDGE('',*,*,#1837,.F.);
#2455=ORIENTED_EDGE('',*,*,#1772,.T.);
#2456=ORIENTED_EDGE('',*,*,#1841,.T.);
#2457=ORIENTED_EDGE('',*,*,#1842,.F.);
#2458=ORIENTED_EDGE('',*,*,#1839,.F.);
#2459=ORIENTED_EDGE('',*,*,#1771,.T.);
#2460=ORIENTED_EDGE('',*,*,#1843,.T.);
#2461=ORIENTED_EDGE('',*,*,#1844,.F.);
#2462=ORIENTED_EDGE('',*,*,#1841,.F.);
#2463=ORIENTED_EDGE('',*,*,#1770,.T.);
#2464=ORIENTED_EDGE('',*,*,#1845,.T.);
#2465=ORIENTED_EDGE('',*,*,#1846,.F.);
#2466=ORIENTED_EDGE('',*,*,#1843,.F.);
#2467=ORIENTED_EDGE('',*,*,#1769,.T.);
#2468=ORIENTED_EDGE('',*,*,#1847,.T.);
#2469=ORIENTED_EDGE('',*,*,#1848,.F.);
#2470=ORIENTED_EDGE('',*,*,#1845,.F.);
#2471=ORIENTED_EDGE('',*,*,#1768,.T.);
#2472=ORIENTED_EDGE('',*,*,#1849,.T.);
#2473=ORIENTED_EDGE('',*,*,#1850,.F.);
#2474=ORIENTED_EDGE('',*,*,#1847,.F.);
#2475=ORIENTED_EDGE('',*,*,#1767,.T.);
#2476=ORIENTED_EDGE('',*,*,#1851,.T.);
#2477=ORIENTED_EDGE('',*,*,#1852,.F.);
#2478=ORIENTED_EDGE('',*,*,#1849,.F.);
#2479=ORIENTED_EDGE('',*,*,#1766,.T.);
#2480=ORIENTED_EDGE('',*,*,#1853,.T.);
#2481=ORIENTED_EDGE('',*,*,#1854,.F.);
#2482=ORIENTED_EDGE('',*,*,#1851,.F.);
#2483=ORIENTED_EDGE('',*,*,#1765,.T.);
#2484=ORIENTED_EDGE('',*,*,#1855,.T.);
#2485=ORIENTED_EDGE('',*,*,#1856,.F.);
#2486=ORIENTED_EDGE('',*,*,#1853,.F.);
#2487=ORIENTED_EDGE('',*,*,#1764,.T.);
#2488=ORIENTED_EDGE('',*,*,#1857,.T.);
#2489=ORIENTED_EDGE('',*,*,#1858,.F.);
#2490=ORIENTED_EDGE('',*,*,#1855,.F.);
#2491=ORIENTED_EDGE('',*,*,#1763,.T.);
#2492=ORIENTED_EDGE('',*,*,#1859,.T.);
#2493=ORIENTED_EDGE('',*,*,#1860,.F.);
#2494=ORIENTED_EDGE('',*,*,#1857,.F.);
#2495=ORIENTED_EDGE('',*,*,#1762,.T.);
#2496=ORIENTED_EDGE('',*,*,#1861,.T.);
#2497=ORIENTED_EDGE('',*,*,#1862,.F.);
#2498=ORIENTED_EDGE('',*,*,#1859,.F.);
#2499=ORIENTED_EDGE('',*,*,#1761,.T.);
#2500=ORIENTED_EDGE('',*,*,#1863,.T.);
#2501=ORIENTED_EDGE('',*,*,#1864,.F.);
#2502=ORIENTED_EDGE('',*,*,#1861,.F.);
#2503=ORIENTED_EDGE('',*,*,#1760,.T.);
#2504=ORIENTED_EDGE('',*,*,#1865,.T.);
#2505=ORIENTED_EDGE('',*,*,#1866,.F.);
#2506=ORIENTED_EDGE('',*,*,#1863,.F.);
#2507=ORIENTED_EDGE('',*,*,#1759,.T.);
#2508=ORIENTED_EDGE('',*,*,#1867,.T.);
#2509=ORIENTED_EDGE('',*,*,#1868,.F.);
#2510=ORIENTED_EDGE('',*,*,#1865,.F.);
#2511=ORIENTED_EDGE('',*,*,#1758,.T.);
#2512=ORIENTED_EDGE('',*,*,#1869,.T.);
#2513=ORIENTED_EDGE('',*,*,#1870,.F.);
#2514=ORIENTED_EDGE('',*,*,#1867,.F.);
#2515=ORIENTED_EDGE('',*,*,#1757,.T.);
#2516=ORIENTED_EDGE('',*,*,#1871,.T.);
#2517=ORIENTED_EDGE('',*,*,#1872,.F.);
#2518=ORIENTED_EDGE('',*,*,#1869,.F.);
#2519=ORIENTED_EDGE('',*,*,#1756,.T.);
#2520=ORIENTED_EDGE('',*,*,#1873,.T.);
#2521=ORIENTED_EDGE('',*,*,#1874,.F.);
#2522=ORIENTED_EDGE('',*,*,#1871,.F.);
#2523=ORIENTED_EDGE('',*,*,#1755,.T.);
#2524=ORIENTED_EDGE('',*,*,#1875,.T.);
#2525=ORIENTED_EDGE('',*,*,#1876,.F.);
#2526=ORIENTED_EDGE('',*,*,#1873,.F.);
#2527=ORIENTED_EDGE('',*,*,#1754,.T.);
#2528=ORIENTED_EDGE('',*,*,#1877,.T.);
#2529=ORIENTED_EDGE('',*,*,#1878,.F.);
#2530=ORIENTED_EDGE('',*,*,#1875,.F.);
#2531=ORIENTED_EDGE('',*,*,#1753,.T.);
#2532=ORIENTED_EDGE('',*,*,#1879,.T.);
#2533=ORIENTED_EDGE('',*,*,#1880,.F.);
#2534=ORIENTED_EDGE('',*,*,#1877,.F.);
#2535=ORIENTED_EDGE('',*,*,#1752,.T.);
#2536=ORIENTED_EDGE('',*,*,#1881,.T.);
#2537=ORIENTED_EDGE('',*,*,#1882,.F.);
#2538=ORIENTED_EDGE('',*,*,#1879,.F.);
#2539=ORIENTED_EDGE('',*,*,#1751,.T.);
#2540=ORIENTED_EDGE('',*,*,#1883,.T.);
#2541=ORIENTED_EDGE('',*,*,#1884,.F.);
#2542=ORIENTED_EDGE('',*,*,#1881,.F.);
#2543=ORIENTED_EDGE('',*,*,#1750,.T.);
#2544=ORIENTED_EDGE('',*,*,#1885,.T.);
#2545=ORIENTED_EDGE('',*,*,#1886,.F.);
#2546=ORIENTED_EDGE('',*,*,#1883,.F.);
#2547=ORIENTED_EDGE('',*,*,#1749,.T.);
#2548=ORIENTED_EDGE('',*,*,#1887,.T.);
#2549=ORIENTED_EDGE('',*,*,#1888,.F.);
#2550=ORIENTED_EDGE('',*,*,#1885,.F.);
#2551=ORIENTED_EDGE('',*,*,#1748,.T.);
#2552=ORIENTED_EDGE('',*,*,#1889,.T.);
#2553=ORIENTED_EDGE('',*,*,#1890,.F.);
#2554=ORIENTED_EDGE('',*,*,#1887,.F.);
#2555=ORIENTED_EDGE('',*,*,#1747,.T.);
#2556=ORIENTED_EDGE('',*,*,#1891,.T.);
#2557=ORIENTED_EDGE('',*,*,#1892,.F.);
#2558=ORIENTED_EDGE('',*,*,#1889,.F.);
#2559=ORIENTED_EDGE('',*,*,#1893,.F.);
#2560=ORIENTED_EDGE('',*,*,#1894,.T.);
#2561=ORIENTED_EDGE('',*,*,#1895,.T.);
#2562=ORIENTED_EDGE('',*,*,#1894,.F.);
#2563=ORIENTED_EDGE('',*,*,#1895,.F.);
#2564=ORIENTED_EDGE('',*,*,#1896,.F.);
#2565=ORIENTED_EDGE('',*,*,#1897,.F.);
#2566=ORIENTED_EDGE('',*,*,#1898,.T.);
#2567=ORIENTED_EDGE('',*,*,#1899,.T.);
#2568=ORIENTED_EDGE('',*,*,#1898,.F.);
#2569=ORIENTED_EDGE('',*,*,#1899,.F.);
#2570=ORIENTED_EDGE('',*,*,#1900,.F.);
#2571=ORIENTED_EDGE('',*,*,#1901,.F.);
#2572=ORIENTED_EDGE('',*,*,#1902,.T.);
#2573=ORIENTED_EDGE('',*,*,#1903,.T.);
#2574=ORIENTED_EDGE('',*,*,#1902,.F.);
#2575=ORIENTED_EDGE('',*,*,#1903,.F.);
#2576=ORIENTED_EDGE('',*,*,#1904,.F.);
#2577=ORIENTED_EDGE('',*,*,#1905,.F.);
#2578=ORIENTED_EDGE('',*,*,#1906,.T.);
#2579=ORIENTED_EDGE('',*,*,#1907,.T.);
#2580=ORIENTED_EDGE('',*,*,#1906,.F.);
#2581=ORIENTED_EDGE('',*,*,#1907,.F.);
#2582=ORIENTED_EDGE('',*,*,#1908,.F.);
#2583=ORIENTED_EDGE('',*,*,#1909,.F.);
#2584=ORIENTED_EDGE('',*,*,#1910,.T.);
#2585=ORIENTED_EDGE('',*,*,#1911,.T.);
#2586=ORIENTED_EDGE('',*,*,#1910,.F.);
#2587=ORIENTED_EDGE('',*,*,#1911,.F.);
#2588=ORIENTED_EDGE('',*,*,#1912,.F.);
#2589=ORIENTED_EDGE('',*,*,#1913,.F.);
#2590=ORIENTED_EDGE('',*,*,#1914,.T.);
#2591=ORIENTED_EDGE('',*,*,#1915,.T.);
#2592=ORIENTED_EDGE('',*,*,#1914,.F.);
#2593=ORIENTED_EDGE('',*,*,#1915,.F.);
#2594=ORIENTED_EDGE('',*,*,#1916,.F.);
#2595=ORIENTED_EDGE('',*,*,#1917,.F.);
#2596=ORIENTED_EDGE('',*,*,#1918,.T.);
#2597=ORIENTED_EDGE('',*,*,#1919,.T.);
#2598=ORIENTED_EDGE('',*,*,#1918,.F.);
#2599=ORIENTED_EDGE('',*,*,#1919,.F.);
#2600=ORIENTED_EDGE('',*,*,#1920,.F.);
#2601=ORIENTED_EDGE('',*,*,#1921,.F.);
#2602=ORIENTED_EDGE('',*,*,#1922,.F.);
#2603=ORIENTED_EDGE('',*,*,#1829,.F.);
#2604=ORIENTED_EDGE('',*,*,#1923,.T.);
#2605=ORIENTED_EDGE('',*,*,#1924,.F.);
#2606=ORIENTED_EDGE('',*,*,#1923,.F.);
#2607=ORIENTED_EDGE('',*,*,#1828,.F.);
#2608=ORIENTED_EDGE('',*,*,#1925,.T.);
#2609=ORIENTED_EDGE('',*,*,#1926,.F.);
#2610=ORIENTED_EDGE('',*,*,#1925,.F.);
#2611=ORIENTED_EDGE('',*,*,#1827,.F.);
#2612=ORIENTED_EDGE('',*,*,#1927,.F.);
#2613=ORIENTED_EDGE('',*,*,#1928,.F.);
#2614=ORIENTED_EDGE('',*,*,#1929,.F.);
#2615=ORIENTED_EDGE('',*,*,#1831,.F.);
#2616=ORIENTED_EDGE('',*,*,#1930,.T.);
#2617=ORIENTED_EDGE('',*,*,#1931,.F.);
#2618=ORIENTED_EDGE('',*,*,#1930,.F.);
#2619=ORIENTED_EDGE('',*,*,#1830,.F.);
#2620=ORIENTED_EDGE('',*,*,#1922,.T.);
#2621=ORIENTED_EDGE('',*,*,#1928,.T.);
#2622=ORIENTED_EDGE('',*,*,#1931,.T.);
#2623=ORIENTED_EDGE('',*,*,#1921,.T.);
#2624=ORIENTED_EDGE('',*,*,#1924,.T.);
#2625=ORIENTED_EDGE('',*,*,#1926,.T.);
#2626=ORIENTED_EDGE('',*,*,#1932,.F.);
#2627=ORIENTED_EDGE('',*,*,#1933,.F.);
#2628=ORIENTED_EDGE('',*,*,#1934,.F.);
#2629=ORIENTED_EDGE('',*,*,#1935,.T.);
#2630=ORIENTED_EDGE('',*,*,#1936,.F.);
#2631=ORIENTED_EDGE('',*,*,#1927,.T.);
#2632=ORIENTED_EDGE('',*,*,#1826,.T.);
#2633=ORIENTED_EDGE('',*,*,#1834,.T.);
#2634=ORIENTED_EDGE('',*,*,#1836,.T.);
#2635=ORIENTED_EDGE('',*,*,#1838,.T.);
#2636=ORIENTED_EDGE('',*,*,#1840,.T.);
#2637=ORIENTED_EDGE('',*,*,#1842,.T.);
#2638=ORIENTED_EDGE('',*,*,#1844,.T.);
#2639=ORIENTED_EDGE('',*,*,#1846,.T.);
#2640=ORIENTED_EDGE('',*,*,#1848,.T.);
#2641=ORIENTED_EDGE('',*,*,#1850,.T.);
#2642=ORIENTED_EDGE('',*,*,#1852,.T.);
#2643=ORIENTED_EDGE('',*,*,#1854,.T.);
#2644=ORIENTED_EDGE('',*,*,#1856,.T.);
#2645=ORIENTED_EDGE('',*,*,#1858,.T.);
#2646=ORIENTED_EDGE('',*,*,#1860,.T.);
#2647=ORIENTED_EDGE('',*,*,#1862,.T.);
#2648=ORIENTED_EDGE('',*,*,#1864,.T.);
#2649=ORIENTED_EDGE('',*,*,#1866,.T.);
#2650=ORIENTED_EDGE('',*,*,#1868,.T.);
#2651=ORIENTED_EDGE('',*,*,#1870,.T.);
#2652=ORIENTED_EDGE('',*,*,#1872,.T.);
#2653=ORIENTED_EDGE('',*,*,#1874,.T.);
#2654=ORIENTED_EDGE('',*,*,#1876,.T.);
#2655=ORIENTED_EDGE('',*,*,#1878,.T.);
#2656=ORIENTED_EDGE('',*,*,#1880,.T.);
#2657=ORIENTED_EDGE('',*,*,#1882,.T.);
#2658=ORIENTED_EDGE('',*,*,#1884,.T.);
#2659=ORIENTED_EDGE('',*,*,#1886,.T.);
#2660=ORIENTED_EDGE('',*,*,#1888,.T.);
#2661=ORIENTED_EDGE('',*,*,#1890,.T.);
#2662=ORIENTED_EDGE('',*,*,#1892,.T.);
#2663=ORIENTED_EDGE('',*,*,#1937,.T.);
#2664=ORIENTED_EDGE('',*,*,#1938,.T.);
#2665=ORIENTED_EDGE('',*,*,#1939,.T.);
#2666=ORIENTED_EDGE('',*,*,#1940,.T.);
#2667=ORIENTED_EDGE('',*,*,#1941,.T.);
#2668=ORIENTED_EDGE('',*,*,#1942,.T.);
#2669=ORIENTED_EDGE('',*,*,#1943,.T.);
#2670=ORIENTED_EDGE('',*,*,#1944,.T.);
#2671=ORIENTED_EDGE('',*,*,#1945,.T.);
#2672=ORIENTED_EDGE('',*,*,#1946,.T.);
#2673=ORIENTED_EDGE('',*,*,#1947,.T.);
#2674=ORIENTED_EDGE('',*,*,#1948,.T.);
#2675=ORIENTED_EDGE('',*,*,#1949,.T.);
#2676=ORIENTED_EDGE('',*,*,#1950,.T.);
#2677=ORIENTED_EDGE('',*,*,#1951,.T.);
#2678=ORIENTED_EDGE('',*,*,#1952,.T.);
#2679=ORIENTED_EDGE('',*,*,#1953,.T.);
#2680=ORIENTED_EDGE('',*,*,#1954,.T.);
#2681=ORIENTED_EDGE('',*,*,#1955,.T.);
#2682=ORIENTED_EDGE('',*,*,#1956,.T.);
#2683=ORIENTED_EDGE('',*,*,#1957,.T.);
#2684=ORIENTED_EDGE('',*,*,#1958,.T.);
#2685=ORIENTED_EDGE('',*,*,#1959,.T.);
#2686=ORIENTED_EDGE('',*,*,#1932,.T.);
#2687=ORIENTED_EDGE('',*,*,#1746,.T.);
#2688=ORIENTED_EDGE('',*,*,#1960,.T.);
#2689=ORIENTED_EDGE('',*,*,#1937,.F.);
#2690=ORIENTED_EDGE('',*,*,#1891,.F.);
#2691=ORIENTED_EDGE('',*,*,#1961,.T.);
#2692=ORIENTED_EDGE('',*,*,#1962,.T.);
#2693=ORIENTED_EDGE('',*,*,#1963,.T.);
#2694=ORIENTED_EDGE('',*,*,#1964,.T.);
#2695=ORIENTED_EDGE('',*,*,#1965,.T.);
#2696=ORIENTED_EDGE('',*,*,#1608,.T.);
#2697=ORIENTED_EDGE('',*,*,#1612,.T.);
#2698=ORIENTED_EDGE('',*,*,#1615,.T.);
#2699=ORIENTED_EDGE('',*,*,#1618,.T.);
#2700=ORIENTED_EDGE('',*,*,#1621,.T.);
#2701=ORIENTED_EDGE('',*,*,#1624,.T.);
#2702=ORIENTED_EDGE('',*,*,#1627,.T.);
#2703=ORIENTED_EDGE('',*,*,#1630,.T.);
#2704=ORIENTED_EDGE('',*,*,#1633,.T.);
#2705=ORIENTED_EDGE('',*,*,#1636,.T.);
#2706=ORIENTED_EDGE('',*,*,#1639,.T.);
#2707=ORIENTED_EDGE('',*,*,#1642,.T.);
#2708=ORIENTED_EDGE('',*,*,#1645,.T.);
#2709=ORIENTED_EDGE('',*,*,#1648,.T.);
#2710=ORIENTED_EDGE('',*,*,#1651,.T.);
#2711=ORIENTED_EDGE('',*,*,#1654,.T.);
#2712=ORIENTED_EDGE('',*,*,#1657,.T.);
#2713=ORIENTED_EDGE('',*,*,#1660,.T.);
#2714=ORIENTED_EDGE('',*,*,#1663,.T.);
#2715=ORIENTED_EDGE('',*,*,#1666,.T.);
#2716=ORIENTED_EDGE('',*,*,#1669,.T.);
#2717=ORIENTED_EDGE('',*,*,#1672,.T.);
#2718=ORIENTED_EDGE('',*,*,#1675,.T.);
#2719=ORIENTED_EDGE('',*,*,#1678,.T.);
#2720=ORIENTED_EDGE('',*,*,#1681,.T.);
#2721=ORIENTED_EDGE('',*,*,#1684,.T.);
#2722=ORIENTED_EDGE('',*,*,#1687,.T.);
#2723=ORIENTED_EDGE('',*,*,#1690,.T.);
#2724=ORIENTED_EDGE('',*,*,#1693,.T.);
#2725=ORIENTED_EDGE('',*,*,#1696,.T.);
#2726=ORIENTED_EDGE('',*,*,#1699,.T.);
#2727=ORIENTED_EDGE('',*,*,#1702,.T.);
#2728=ORIENTED_EDGE('',*,*,#1705,.T.);
#2729=ORIENTED_EDGE('',*,*,#1708,.T.);
#2730=ORIENTED_EDGE('',*,*,#1711,.T.);
#2731=ORIENTED_EDGE('',*,*,#1714,.T.);
#2732=ORIENTED_EDGE('',*,*,#1717,.T.);
#2733=ORIENTED_EDGE('',*,*,#1720,.T.);
#2734=ORIENTED_EDGE('',*,*,#1723,.T.);
#2735=ORIENTED_EDGE('',*,*,#1726,.T.);
#2736=ORIENTED_EDGE('',*,*,#1729,.T.);
#2737=ORIENTED_EDGE('',*,*,#1732,.T.);
#2738=ORIENTED_EDGE('',*,*,#1735,.T.);
#2739=ORIENTED_EDGE('',*,*,#1738,.T.);
#2740=ORIENTED_EDGE('',*,*,#1741,.T.);
#2741=ORIENTED_EDGE('',*,*,#1744,.T.);
#2742=ORIENTED_EDGE('',*,*,#1604,.T.);
#2743=ORIENTED_EDGE('',*,*,#1966,.T.);
#2744=ORIENTED_EDGE('',*,*,#1967,.T.);
#2745=ORIENTED_EDGE('',*,*,#1968,.T.);
#2746=ORIENTED_EDGE('',*,*,#1969,.T.);
#2747=ORIENTED_EDGE('',*,*,#1970,.T.);
#2748=ORIENTED_EDGE('',*,*,#1971,.T.);
#2749=ORIENTED_EDGE('',*,*,#1972,.T.);
#2750=ORIENTED_EDGE('',*,*,#1973,.T.);
#2751=ORIENTED_EDGE('',*,*,#1962,.F.);
#2752=ORIENTED_EDGE('',*,*,#1974,.F.);
#2753=ORIENTED_EDGE('',*,*,#1975,.F.);
#2754=ORIENTED_EDGE('',*,*,#1976,.T.);
#2755=ORIENTED_EDGE('',*,*,#1971,.F.);
#2756=ORIENTED_EDGE('',*,*,#1961,.F.);
#2757=ORIENTED_EDGE('',*,*,#1607,.T.);
#2758=ORIENTED_EDGE('',*,*,#1793,.F.);
#2759=ORIENTED_EDGE('',*,*,#1796,.F.);
#2760=ORIENTED_EDGE('',*,*,#1977,.F.);
#2761=ORIENTED_EDGE('',*,*,#1978,.T.);
#2762=ORIENTED_EDGE('',*,*,#1900,.T.);
#2763=ORIENTED_EDGE('',*,*,#1978,.F.);
#2764=ORIENTED_EDGE('',*,*,#1979,.F.);
#2765=ORIENTED_EDGE('',*,*,#1980,.T.);
#2766=ORIENTED_EDGE('',*,*,#1912,.T.);
#2767=ORIENTED_EDGE('',*,*,#1980,.F.);
#2768=ORIENTED_EDGE('',*,*,#1981,.F.);
#2769=ORIENTED_EDGE('',*,*,#1982,.T.);
#2770=ORIENTED_EDGE('',*,*,#1983,.F.);
#2771=ORIENTED_EDGE('',*,*,#1984,.F.);
#2772=ORIENTED_EDGE('',*,*,#1985,.F.);
#2773=ORIENTED_EDGE('',*,*,#1986,.T.);
#2774=ORIENTED_EDGE('',*,*,#1987,.F.);
#2775=ORIENTED_EDGE('',*,*,#1982,.F.);
#2776=ORIENTED_EDGE('',*,*,#1987,.T.);
#2777=ORIENTED_EDGE('',*,*,#1988,.F.);
#2778=ORIENTED_EDGE('',*,*,#1989,.F.);
#2779=ORIENTED_EDGE('',*,*,#1990,.F.);
#2780=ORIENTED_EDGE('',*,*,#1991,.F.);
#2781=ORIENTED_EDGE('',*,*,#1972,.F.);
#2782=ORIENTED_EDGE('',*,*,#1976,.F.);
#2783=ORIENTED_EDGE('',*,*,#1992,.F.);
#2784=ORIENTED_EDGE('',*,*,#1993,.F.);
#2785=ORIENTED_EDGE('',*,*,#1994,.F.);
#2786=ORIENTED_EDGE('',*,*,#1995,.F.);
#2787=ORIENTED_EDGE('',*,*,#1996,.F.);
#2788=ORIENTED_EDGE('',*,*,#1997,.F.);
#2789=ORIENTED_EDGE('',*,*,#1998,.F.);
#2790=ORIENTED_EDGE('',*,*,#1983,.T.);
#2791=ORIENTED_EDGE('',*,*,#1977,.T.);
#2792=ORIENTED_EDGE('',*,*,#1979,.T.);
#2793=ORIENTED_EDGE('',*,*,#1998,.T.);
#2794=ORIENTED_EDGE('',*,*,#1999,.T.);
#2795=ORIENTED_EDGE('',*,*,#2000,.F.);
#2796=ORIENTED_EDGE('',*,*,#2001,.F.);
#2797=ORIENTED_EDGE('',*,*,#1997,.T.);
#2798=ORIENTED_EDGE('',*,*,#2002,.T.);
#2799=ORIENTED_EDGE('',*,*,#2003,.F.);
#2800=ORIENTED_EDGE('',*,*,#1999,.F.);
#2801=ORIENTED_EDGE('',*,*,#1996,.T.);
#2802=ORIENTED_EDGE('',*,*,#2004,.T.);
#2803=ORIENTED_EDGE('',*,*,#2005,.F.);
#2804=ORIENTED_EDGE('',*,*,#2002,.F.);
#2805=ORIENTED_EDGE('',*,*,#1995,.T.);
#2806=ORIENTED_EDGE('',*,*,#2006,.T.);
#2807=ORIENTED_EDGE('',*,*,#2007,.F.);
#2808=ORIENTED_EDGE('',*,*,#2004,.F.);
#2809=ORIENTED_EDGE('',*,*,#1994,.T.);
#2810=ORIENTED_EDGE('',*,*,#2008,.T.);
#2811=ORIENTED_EDGE('',*,*,#2009,.F.);
#2812=ORIENTED_EDGE('',*,*,#2006,.F.);
#2813=ORIENTED_EDGE('',*,*,#1993,.T.);
#2814=ORIENTED_EDGE('',*,*,#2010,.T.);
#2815=ORIENTED_EDGE('',*,*,#2011,.F.);
#2816=ORIENTED_EDGE('',*,*,#2008,.F.);
#2817=ORIENTED_EDGE('',*,*,#1975,.T.);
#2818=ORIENTED_EDGE('',*,*,#2012,.F.);
#2819=ORIENTED_EDGE('',*,*,#2010,.F.);
#2820=ORIENTED_EDGE('',*,*,#1992,.T.);
#2821=ORIENTED_EDGE('',*,*,#1991,.T.);
#2822=ORIENTED_EDGE('',*,*,#2013,.T.);
#2823=ORIENTED_EDGE('',*,*,#1963,.F.);
#2824=ORIENTED_EDGE('',*,*,#1973,.F.);
#2825=ORIENTED_EDGE('',*,*,#1990,.T.);
#2826=ORIENTED_EDGE('',*,*,#2014,.T.);
#2827=ORIENTED_EDGE('',*,*,#1964,.F.);
#2828=ORIENTED_EDGE('',*,*,#2013,.F.);
#2829=ORIENTED_EDGE('',*,*,#1989,.T.);
#2830=ORIENTED_EDGE('',*,*,#2015,.T.);
#2831=ORIENTED_EDGE('',*,*,#1965,.F.);
#2832=ORIENTED_EDGE('',*,*,#2014,.F.);
#2833=ORIENTED_EDGE('',*,*,#1988,.T.);
#2834=ORIENTED_EDGE('',*,*,#2016,.T.);
#2835=ORIENTED_EDGE('',*,*,#1938,.F.);
#2836=ORIENTED_EDGE('',*,*,#1960,.F.);
#2837=ORIENTED_EDGE('',*,*,#1609,.F.);
#2838=ORIENTED_EDGE('',*,*,#2015,.F.);
#2839=ORIENTED_EDGE('',*,*,#2017,.F.);
#2840=ORIENTED_EDGE('',*,*,#1984,.T.);
#2841=ORIENTED_EDGE('',*,*,#2001,.T.);
#2842=ORIENTED_EDGE('',*,*,#2018,.F.);
#2843=ORIENTED_EDGE('',*,*,#2019,.F.);
#2844=ORIENTED_EDGE('',*,*,#2020,.F.);
#2845=ORIENTED_EDGE('',*,*,#2019,.T.);
#2846=ORIENTED_EDGE('',*,*,#2021,.F.);
#2847=ORIENTED_EDGE('',*,*,#2022,.F.);
#2848=ORIENTED_EDGE('',*,*,#2023,.F.);
#2849=ORIENTED_EDGE('',*,*,#2022,.T.);
#2850=ORIENTED_EDGE('',*,*,#2024,.F.);
#2851=ORIENTED_EDGE('',*,*,#2025,.F.);
#2852=ORIENTED_EDGE('',*,*,#2026,.F.);
#2853=ORIENTED_EDGE('',*,*,#2025,.T.);
#2854=ORIENTED_EDGE('',*,*,#2027,.F.);
#2855=ORIENTED_EDGE('',*,*,#2028,.F.);
#2856=ORIENTED_EDGE('',*,*,#2029,.F.);
#2857=ORIENTED_EDGE('',*,*,#2028,.T.);
#2858=ORIENTED_EDGE('',*,*,#2030,.F.);
#2859=ORIENTED_EDGE('',*,*,#2031,.F.);
#2860=ORIENTED_EDGE('',*,*,#2032,.T.);
#2861=ORIENTED_EDGE('',*,*,#2031,.T.);
#2862=ORIENTED_EDGE('',*,*,#2033,.F.);
#2863=ORIENTED_EDGE('',*,*,#2034,.F.);
#2864=ORIENTED_EDGE('',*,*,#2035,.F.);
#2865=ORIENTED_EDGE('',*,*,#2034,.T.);
#2866=ORIENTED_EDGE('',*,*,#2036,.F.);
#2867=ORIENTED_EDGE('',*,*,#2037,.F.);
#2868=ORIENTED_EDGE('',*,*,#2038,.F.);
#2869=ORIENTED_EDGE('',*,*,#2037,.T.);
#2870=ORIENTED_EDGE('',*,*,#2039,.F.);
#2871=ORIENTED_EDGE('',*,*,#1935,.F.);
#2872=ORIENTED_EDGE('',*,*,#2040,.F.);
#2873=ORIENTED_EDGE('',*,*,#1933,.T.);
#2874=ORIENTED_EDGE('',*,*,#1959,.F.);
#2875=ORIENTED_EDGE('',*,*,#2041,.F.);
#2876=ORIENTED_EDGE('',*,*,#2042,.F.);
#2877=ORIENTED_EDGE('',*,*,#2041,.T.);
#2878=ORIENTED_EDGE('',*,*,#1958,.F.);
#2879=ORIENTED_EDGE('',*,*,#2043,.F.);
#2880=ORIENTED_EDGE('',*,*,#2044,.F.);
#2881=ORIENTED_EDGE('',*,*,#2043,.T.);
#2882=ORIENTED_EDGE('',*,*,#1957,.F.);
#2883=ORIENTED_EDGE('',*,*,#2045,.F.);
#2884=ORIENTED_EDGE('',*,*,#2046,.F.);
#2885=ORIENTED_EDGE('',*,*,#2045,.T.);
#2886=ORIENTED_EDGE('',*,*,#1956,.F.);
#2887=ORIENTED_EDGE('',*,*,#2047,.F.);
#2888=ORIENTED_EDGE('',*,*,#2048,.F.);
#2889=ORIENTED_EDGE('',*,*,#2047,.T.);
#2890=ORIENTED_EDGE('',*,*,#1955,.F.);
#2891=ORIENTED_EDGE('',*,*,#2049,.F.);
#2892=ORIENTED_EDGE('',*,*,#2050,.F.);
#2893=ORIENTED_EDGE('',*,*,#2049,.T.);
#2894=ORIENTED_EDGE('',*,*,#1954,.F.);
#2895=ORIENTED_EDGE('',*,*,#2051,.F.);
#2896=ORIENTED_EDGE('',*,*,#2052,.F.);
#2897=ORIENTED_EDGE('',*,*,#2051,.T.);
#2898=ORIENTED_EDGE('',*,*,#1953,.F.);
#2899=ORIENTED_EDGE('',*,*,#2053,.F.);
#2900=ORIENTED_EDGE('',*,*,#2054,.F.);
#2901=ORIENTED_EDGE('',*,*,#2053,.T.);
#2902=ORIENTED_EDGE('',*,*,#1952,.F.);
#2903=ORIENTED_EDGE('',*,*,#2055,.F.);
#2904=ORIENTED_EDGE('',*,*,#2056,.F.);
#2905=ORIENTED_EDGE('',*,*,#2055,.T.);
#2906=ORIENTED_EDGE('',*,*,#1951,.F.);
#2907=ORIENTED_EDGE('',*,*,#2057,.F.);
#2908=ORIENTED_EDGE('',*,*,#2058,.F.);
#2909=ORIENTED_EDGE('',*,*,#2057,.T.);
#2910=ORIENTED_EDGE('',*,*,#1950,.F.);
#2911=ORIENTED_EDGE('',*,*,#2059,.F.);
#2912=ORIENTED_EDGE('',*,*,#2060,.F.);
#2913=ORIENTED_EDGE('',*,*,#2059,.T.);
#2914=ORIENTED_EDGE('',*,*,#1949,.F.);
#2915=ORIENTED_EDGE('',*,*,#2061,.F.);
#2916=ORIENTED_EDGE('',*,*,#2062,.F.);
#2917=ORIENTED_EDGE('',*,*,#2061,.T.);
#2918=ORIENTED_EDGE('',*,*,#1948,.F.);
#2919=ORIENTED_EDGE('',*,*,#2063,.F.);
#2920=ORIENTED_EDGE('',*,*,#2064,.F.);
#2921=ORIENTED_EDGE('',*,*,#2063,.T.);
#2922=ORIENTED_EDGE('',*,*,#1947,.F.);
#2923=ORIENTED_EDGE('',*,*,#2065,.F.);
#2924=ORIENTED_EDGE('',*,*,#2066,.F.);
#2925=ORIENTED_EDGE('',*,*,#2065,.T.);
#2926=ORIENTED_EDGE('',*,*,#1946,.F.);
#2927=ORIENTED_EDGE('',*,*,#2067,.F.);
#2928=ORIENTED_EDGE('',*,*,#2068,.F.);
#2929=ORIENTED_EDGE('',*,*,#2067,.T.);
#2930=ORIENTED_EDGE('',*,*,#1945,.F.);
#2931=ORIENTED_EDGE('',*,*,#2069,.F.);
#2932=ORIENTED_EDGE('',*,*,#2070,.F.);
#2933=ORIENTED_EDGE('',*,*,#2069,.T.);
#2934=ORIENTED_EDGE('',*,*,#1944,.F.);
#2935=ORIENTED_EDGE('',*,*,#2071,.F.);
#2936=ORIENTED_EDGE('',*,*,#2072,.F.);
#2937=ORIENTED_EDGE('',*,*,#2071,.T.);
#2938=ORIENTED_EDGE('',*,*,#1943,.F.);
#2939=ORIENTED_EDGE('',*,*,#2073,.F.);
#2940=ORIENTED_EDGE('',*,*,#2074,.F.);
#2941=ORIENTED_EDGE('',*,*,#2073,.T.);
#2942=ORIENTED_EDGE('',*,*,#1942,.F.);
#2943=ORIENTED_EDGE('',*,*,#2075,.F.);
#2944=ORIENTED_EDGE('',*,*,#2076,.F.);
#2945=ORIENTED_EDGE('',*,*,#2075,.T.);
#2946=ORIENTED_EDGE('',*,*,#1941,.F.);
#2947=ORIENTED_EDGE('',*,*,#2077,.F.);
#2948=ORIENTED_EDGE('',*,*,#2078,.F.);
#2949=ORIENTED_EDGE('',*,*,#2077,.T.);
#2950=ORIENTED_EDGE('',*,*,#1940,.F.);
#2951=ORIENTED_EDGE('',*,*,#2079,.F.);
#2952=ORIENTED_EDGE('',*,*,#2080,.F.);
#2953=ORIENTED_EDGE('',*,*,#2079,.T.);
#2954=ORIENTED_EDGE('',*,*,#1939,.F.);
#2955=ORIENTED_EDGE('',*,*,#2016,.F.);
#2956=ORIENTED_EDGE('',*,*,#1986,.F.);
#2957=ORIENTED_EDGE('',*,*,#1929,.T.);
#2958=ORIENTED_EDGE('',*,*,#1936,.T.);
#2959=ORIENTED_EDGE('',*,*,#2039,.T.);
#2960=ORIENTED_EDGE('',*,*,#2036,.T.);
#2961=ORIENTED_EDGE('',*,*,#2033,.T.);
#2962=ORIENTED_EDGE('',*,*,#2030,.T.);
#2963=ORIENTED_EDGE('',*,*,#2027,.T.);
#2964=ORIENTED_EDGE('',*,*,#2024,.T.);
#2965=ORIENTED_EDGE('',*,*,#2021,.T.);
#2966=ORIENTED_EDGE('',*,*,#2018,.T.);
#2967=ORIENTED_EDGE('',*,*,#2000,.T.);
#2968=ORIENTED_EDGE('',*,*,#2003,.T.);
#2969=ORIENTED_EDGE('',*,*,#2005,.T.);
#2970=ORIENTED_EDGE('',*,*,#2007,.T.);
#2971=ORIENTED_EDGE('',*,*,#2009,.T.);
#2972=ORIENTED_EDGE('',*,*,#2011,.T.);
#2973=ORIENTED_EDGE('',*,*,#2012,.T.);
#2974=ORIENTED_EDGE('',*,*,#1974,.T.);
#2975=ORIENTED_EDGE('',*,*,#1795,.T.);
#2976=ORIENTED_EDGE('',*,*,#1798,.T.);
#2977=ORIENTED_EDGE('',*,*,#1800,.T.);
#2978=ORIENTED_EDGE('',*,*,#1802,.T.);
#2979=ORIENTED_EDGE('',*,*,#1804,.T.);
#2980=ORIENTED_EDGE('',*,*,#1806,.T.);
#2981=ORIENTED_EDGE('',*,*,#1808,.T.);
#2982=ORIENTED_EDGE('',*,*,#1810,.T.);
#2983=ORIENTED_EDGE('',*,*,#1812,.T.);
#2984=ORIENTED_EDGE('',*,*,#1814,.T.);
#2985=ORIENTED_EDGE('',*,*,#1816,.T.);
#2986=ORIENTED_EDGE('',*,*,#1818,.T.);
#2987=ORIENTED_EDGE('',*,*,#1820,.T.);
#2988=ORIENTED_EDGE('',*,*,#1822,.T.);
#2989=ORIENTED_EDGE('',*,*,#1824,.T.);
#2990=ORIENTED_EDGE('',*,*,#1832,.T.);
#2991=ORIENTED_EDGE('',*,*,#2017,.T.);
#2992=ORIENTED_EDGE('',*,*,#2020,.T.);
#2993=ORIENTED_EDGE('',*,*,#2023,.T.);
#2994=ORIENTED_EDGE('',*,*,#2026,.T.);
#2995=ORIENTED_EDGE('',*,*,#2029,.T.);
#2996=ORIENTED_EDGE('',*,*,#2032,.F.);
#2997=ORIENTED_EDGE('',*,*,#2035,.T.);
#2998=ORIENTED_EDGE('',*,*,#2038,.T.);
#2999=ORIENTED_EDGE('',*,*,#1934,.T.);
#3000=ORIENTED_EDGE('',*,*,#2040,.T.);
#3001=ORIENTED_EDGE('',*,*,#2042,.T.);
#3002=ORIENTED_EDGE('',*,*,#2044,.T.);
#3003=ORIENTED_EDGE('',*,*,#2046,.T.);
#3004=ORIENTED_EDGE('',*,*,#2048,.T.);
#3005=ORIENTED_EDGE('',*,*,#2050,.T.);
#3006=ORIENTED_EDGE('',*,*,#2052,.T.);
#3007=ORIENTED_EDGE('',*,*,#2054,.T.);
#3008=ORIENTED_EDGE('',*,*,#2056,.T.);
#3009=ORIENTED_EDGE('',*,*,#2058,.T.);
#3010=ORIENTED_EDGE('',*,*,#2060,.T.);
#3011=ORIENTED_EDGE('',*,*,#2062,.T.);
#3012=ORIENTED_EDGE('',*,*,#2064,.T.);
#3013=ORIENTED_EDGE('',*,*,#2066,.T.);
#3014=ORIENTED_EDGE('',*,*,#2068,.T.);
#3015=ORIENTED_EDGE('',*,*,#2070,.T.);
#3016=ORIENTED_EDGE('',*,*,#2072,.T.);
#3017=ORIENTED_EDGE('',*,*,#2074,.T.);
#3018=ORIENTED_EDGE('',*,*,#2076,.T.);
#3019=ORIENTED_EDGE('',*,*,#2078,.T.);
#3020=ORIENTED_EDGE('',*,*,#2080,.T.);
#3021=ORIENTED_EDGE('',*,*,#1985,.T.);
#3022=ORIENTED_EDGE('',*,*,#1981,.T.);
#3023=ORIENTED_EDGE('',*,*,#1917,.T.);
#3024=ORIENTED_EDGE('',*,*,#1913,.T.);
#3025=ORIENTED_EDGE('',*,*,#1909,.T.);
#3026=ORIENTED_EDGE('',*,*,#1905,.T.);
#3027=ORIENTED_EDGE('',*,*,#1901,.T.);
#3028=ORIENTED_EDGE('',*,*,#1897,.T.);
#3029=ORIENTED_EDGE('',*,*,#1893,.T.);
#3030=ORIENTED_EDGE('',*,*,#1966,.F.);
#3031=ORIENTED_EDGE('',*,*,#2081,.T.);
#3032=ORIENTED_EDGE('',*,*,#1916,.T.);
#3033=ORIENTED_EDGE('',*,*,#2081,.F.);
#3034=ORIENTED_EDGE('',*,*,#1967,.F.);
#3035=ORIENTED_EDGE('',*,*,#2082,.T.);
#3036=ORIENTED_EDGE('',*,*,#1904,.T.);
#3037=ORIENTED_EDGE('',*,*,#2082,.F.);
#3038=ORIENTED_EDGE('',*,*,#1968,.F.);
#3039=ORIENTED_EDGE('',*,*,#2083,.T.);
#3040=ORIENTED_EDGE('',*,*,#1896,.T.);
#3041=ORIENTED_EDGE('',*,*,#2083,.F.);
#3042=ORIENTED_EDGE('',*,*,#1969,.F.);
#3043=ORIENTED_EDGE('',*,*,#2084,.T.);
#3044=ORIENTED_EDGE('',*,*,#1920,.T.);
#3045=ORIENTED_EDGE('',*,*,#2084,.F.);
#3046=ORIENTED_EDGE('',*,*,#1970,.F.);
#3047=ORIENTED_EDGE('',*,*,#2085,.T.);
#3048=ORIENTED_EDGE('',*,*,#1908,.T.);
#3049=ORIENTED_EDGE('',*,*,#2085,.F.);
#3050=PLANE('',#3324);
#3051=PLANE('',#3325);
#3052=PLANE('',#3326);
#3053=PLANE('',#3330);
#3054=PLANE('',#3334);
#3055=PLANE('',#3338);
#3056=PLANE('',#3342);
#3057=PLANE('',#3346);
#3058=PLANE('',#3350);
#3059=PLANE('',#3354);
#3060=PLANE('',#3358);
#3061=PLANE('',#3362);
#3062=PLANE('',#3366);
#3063=PLANE('',#3370);
#3064=PLANE('',#3374);
#3065=PLANE('',#3378);
#3066=PLANE('',#3382);
#3067=PLANE('',#3386);
#3068=PLANE('',#3390);
#3069=PLANE('',#3394);
#3070=PLANE('',#3398);
#3071=PLANE('',#3402);
#3072=PLANE('',#3406);
#3073=PLANE('',#3410);
#3074=PLANE('',#3417);
#3075=PLANE('',#3442);
#3076=PLANE('',#3447);
#3077=PLANE('',#3450);
#3078=PLANE('',#3453);
#3079=PLANE('',#3456);
#3080=PLANE('',#3459);
#3081=PLANE('',#3462);
#3082=PLANE('',#3465);
#3083=PLANE('',#3470);
#3084=PLANE('',#3473);
#3085=PLANE('',#3476);
#3086=PLANE('',#3479);
#3087=PLANE('',#3484);
#3088=PLANE('',#3487);
#3089=PLANE('',#3490);
#3090=PLANE('',#3493);
#3091=PLANE('',#3496);
#3092=PLANE('',#3499);
#3093=PLANE('',#3502);
#3094=PLANE('',#3505);
#3095=PLANE('',#3508);
#3096=PLANE('',#3511);
#3097=PLANE('',#3517);
#3098=PLANE('',#3522);
#3099=PLANE('',#3527);
#3100=PLANE('',#3532);
#3101=PLANE('',#3537);
#3102=PLANE('',#3542);
#3103=PLANE('',#3547);
#3104=PLANE('',#3549);
#3105=PLANE('',#3552);
#3106=PLANE('',#3553);
#3107=PLANE('',#3556);
#3108=PLANE('',#3557);
#3109=PLANE('',#3567);
#3110=PLANE('',#3568);
#3111=PLANE('',#3576);
#3112=PLANE('',#3577);
#3113=PLANE('',#3582);
#3114=PLANE('',#3583);
#3115=PLANE('',#3592);
#3116=PLANE('',#3595);
#3117=PLANE('',#3600);
#3118=PLANE('',#3602);
#3119=PLANE('',#3604);
#3120=PLANE('',#3605);
#3121=PLANE('',#3609);
#3122=PLANE('',#3613);
#3123=PLANE('',#3617);
#3124=PLANE('',#3623);
#3125=PLANE('',#3626);
#3126=PLANE('',#3629);
#3127=PLANE('',#3632);
#3128=PLANE('',#3633);
#3129=PLANE('',#3636);
#3130=PLANE('',#3637);
#3131=PLANE('',#3640);
#3132=PLANE('',#3643);
#3133=PLANE('',#3646);
#3134=PLANE('',#3647);
#3135=PLANE('',#3650);
#3136=PLANE('',#3651);
#3137=PLANE('',#3652);
#3138=ADVANCED_FACE('',(#289),#3050,.T.);
#3139=ADVANCED_FACE('',(#290),#3051,.T.);
#3140=ADVANCED_FACE('',(#291),#3052,.T.);
#3141=ADVANCED_FACE('',(#292),#207,.F.);
#3142=ADVANCED_FACE('',(#293),#3053,.T.);
#3143=ADVANCED_FACE('',(#294),#208,.T.);
#3144=ADVANCED_FACE('',(#295),#3054,.T.);
#3145=ADVANCED_FACE('',(#296),#209,.F.);
#3146=ADVANCED_FACE('',(#297),#3055,.T.);
#3147=ADVANCED_FACE('',(#298),#210,.T.);
#3148=ADVANCED_FACE('',(#299),#3056,.T.);
#3149=ADVANCED_FACE('',(#300),#211,.F.);
#3150=ADVANCED_FACE('',(#301),#3057,.T.);
#3151=ADVANCED_FACE('',(#302),#212,.F.);
#3152=ADVANCED_FACE('',(#303),#3058,.T.);
#3153=ADVANCED_FACE('',(#304),#213,.T.);
#3154=ADVANCED_FACE('',(#305),#3059,.T.);
#3155=ADVANCED_FACE('',(#306),#214,.F.);
#3156=ADVANCED_FACE('',(#307),#3060,.T.);
#3157=ADVANCED_FACE('',(#308),#215,.T.);
#3158=ADVANCED_FACE('',(#309),#3061,.T.);
#3159=ADVANCED_FACE('',(#310),#216,.F.);
#3160=ADVANCED_FACE('',(#311),#3062,.T.);
#3161=ADVANCED_FACE('',(#312),#217,.T.);
#3162=ADVANCED_FACE('',(#313),#3063,.T.);
#3163=ADVANCED_FACE('',(#314),#218,.F.);
#3164=ADVANCED_FACE('',(#315),#3064,.T.);
#3165=ADVANCED_FACE('',(#316),#219,.T.);
#3166=ADVANCED_FACE('',(#317),#3065,.T.);
#3167=ADVANCED_FACE('',(#318),#220,.F.);
#3168=ADVANCED_FACE('',(#319),#3066,.T.);
#3169=ADVANCED_FACE('',(#320),#221,.T.);
#3170=ADVANCED_FACE('',(#321),#3067,.T.);
#3171=ADVANCED_FACE('',(#322),#222,.F.);
#3172=ADVANCED_FACE('',(#323),#3068,.T.);
#3173=ADVANCED_FACE('',(#324),#223,.T.);
#3174=ADVANCED_FACE('',(#325),#3069,.T.);
#3175=ADVANCED_FACE('',(#326),#224,.F.);
#3176=ADVANCED_FACE('',(#327),#3070,.T.);
#3177=ADVANCED_FACE('',(#328),#225,.F.);
#3178=ADVANCED_FACE('',(#329),#3071,.T.);
#3179=ADVANCED_FACE('',(#330),#226,.F.);
#3180=ADVANCED_FACE('',(#331),#3072,.T.);
#3181=ADVANCED_FACE('',(#332),#227,.T.);
#3182=ADVANCED_FACE('',(#333),#3073,.T.);
#3183=ADVANCED_FACE('',(#334),#228,.F.);
#3184=ADVANCED_FACE('',(#335),#229,.T.);
#3185=ADVANCED_FACE('',(#336),#3074,.T.);
#3186=ADVANCED_FACE('',(#337),#3075,.T.);
#3187=ADVANCED_FACE('',(#338),#230,.T.);
#3188=ADVANCED_FACE('',(#339),#231,.F.);
#3189=ADVANCED_FACE('',(#340),#3076,.T.);
#3190=ADVANCED_FACE('',(#341),#232,.T.);
#3191=ADVANCED_FACE('',(#342),#3077,.T.);
#3192=ADVANCED_FACE('',(#343),#233,.F.);
#3193=ADVANCED_FACE('',(#344),#3078,.T.);
#3194=ADVANCED_FACE('',(#345),#234,.F.);
#3195=ADVANCED_FACE('',(#346),#3079,.T.);
#3196=ADVANCED_FACE('',(#347),#235,.F.);
#3197=ADVANCED_FACE('',(#348),#3080,.T.);
#3198=ADVANCED_FACE('',(#349),#236,.T.);
#3199=ADVANCED_FACE('',(#350),#3081,.T.);
#3200=ADVANCED_FACE('',(#351),#237,.F.);
#3201=ADVANCED_FACE('',(#352),#3082,.T.);
#3202=ADVANCED_FACE('',(#353),#238,.T.);
#3203=ADVANCED_FACE('',(#354),#3083,.T.);
#3204=ADVANCED_FACE('',(#355),#239,.F.);
#3205=ADVANCED_FACE('',(#356),#3084,.T.);
#3206=ADVANCED_FACE('',(#357),#240,.T.);
#3207=ADVANCED_FACE('',(#358),#3085,.T.);
#3208=ADVANCED_FACE('',(#359),#241,.F.);
#3209=ADVANCED_FACE('',(#360),#3086,.T.);
#3210=ADVANCED_FACE('',(#361),#242,.F.);
#3211=ADVANCED_FACE('',(#362),#243,.T.);
#3212=ADVANCED_FACE('',(#363),#3087,.T.);
#3213=ADVANCED_FACE('',(#364),#244,.F.);
#3214=ADVANCED_FACE('',(#365),#3088,.T.);
#3215=ADVANCED_FACE('',(#366),#245,.T.);
#3216=ADVANCED_FACE('',(#367),#3089,.T.);
#3217=ADVANCED_FACE('',(#368),#246,.F.);
#3218=ADVANCED_FACE('',(#369),#3090,.T.);
#3219=ADVANCED_FACE('',(#370),#247,.T.);
#3220=ADVANCED_FACE('',(#371),#3091,.T.);
#3221=ADVANCED_FACE('',(#372),#248,.F.);
#3222=ADVANCED_FACE('',(#373),#3092,.T.);
#3223=ADVANCED_FACE('',(#374),#249,.F.);
#3224=ADVANCED_FACE('',(#375),#3093,.T.);
#3225=ADVANCED_FACE('',(#376),#250,.T.);
#3226=ADVANCED_FACE('',(#377),#3094,.T.);
#3227=ADVANCED_FACE('',(#378),#251,.F.);
#3228=ADVANCED_FACE('',(#379),#3095,.T.);
#3229=ADVANCED_FACE('',(#380),#252,.T.);
#3230=ADVANCED_FACE('',(#381),#3096,.T.);
#3231=ADVANCED_FACE('',(#382),#253,.F.);
#3232=ADVANCED_FACE('',(#383),#254,.F.);
#3233=ADVANCED_FACE('',(#384,#22),#3097,.T.);
#3234=ADVANCED_FACE('',(#385),#255,.F.);
#3235=ADVANCED_FACE('',(#386,#23),#3098,.T.);
#3236=ADVANCED_FACE('',(#387),#256,.F.);
#3237=ADVANCED_FACE('',(#388,#24),#3099,.T.);
#3238=ADVANCED_FACE('',(#389),#257,.F.);
#3239=ADVANCED_FACE('',(#390,#25),#3100,.T.);
#3240=ADVANCED_FACE('',(#391),#258,.F.);
#3241=ADVANCED_FACE('',(#392,#26),#3101,.T.);
#3242=ADVANCED_FACE('',(#393),#259,.F.);
#3243=ADVANCED_FACE('',(#394,#27),#3102,.T.);
#3244=ADVANCED_FACE('',(#395),#260,.F.);
#3245=ADVANCED_FACE('',(#396,#28),#3103,.T.);
#3246=ADVANCED_FACE('',(#397),#3104,.F.);
#3247=ADVANCED_FACE('',(#398),#261,.F.);
#3248=ADVANCED_FACE('',(#399),#3105,.F.);
#3249=ADVANCED_FACE('',(#400),#3106,.F.);
#3250=ADVANCED_FACE('',(#401),#262,.F.);
#3251=ADVANCED_FACE('',(#402),#3107,.T.);
#3252=ADVANCED_FACE('',(#403),#3108,.F.);
#3253=ADVANCED_FACE('',(#404),#3109,.T.);
#3254=ADVANCED_FACE('',(#405,#29,#30,#31,#32,#33),#3110,.T.);
#3255=ADVANCED_FACE('',(#406),#3111,.F.);
#3256=ADVANCED_FACE('',(#407),#3112,.F.);
#3257=ADVANCED_FACE('',(#408),#263,.F.);
#3258=ADVANCED_FACE('',(#409),#264,.F.);
#3259=ADVANCED_FACE('',(#410),#21,.T.);
#3260=ADVANCED_FACE('',(#411),#3113,.T.);
#3261=ADVANCED_FACE('',(#412,#34,#35),#3114,.F.);
#3262=ADVANCED_FACE('',(#413),#265,.T.);
#3263=ADVANCED_FACE('',(#414),#3115,.T.);
#3264=ADVANCED_FACE('',(#415),#266,.F.);
#3265=ADVANCED_FACE('',(#416),#3116,.T.);
#3266=ADVANCED_FACE('',(#417),#267,.T.);
#3267=ADVANCED_FACE('',(#418),#268,.F.);
#3268=ADVANCED_FACE('',(#419),#3117,.T.);
#3269=ADVANCED_FACE('',(#420),#269,.F.);
#3270=ADVANCED_FACE('',(#421),#3118,.T.);
#3271=ADVANCED_FACE('',(#422),#270,.T.);
#3272=ADVANCED_FACE('',(#423),#3119,.T.);
#3273=ADVANCED_FACE('',(#424),#3120,.T.);
#3274=ADVANCED_FACE('',(#425),#271,.T.);
#3275=ADVANCED_FACE('',(#426),#3121,.T.);
#3276=ADVANCED_FACE('',(#427),#272,.T.);
#3277=ADVANCED_FACE('',(#428),#3122,.T.);
#3278=ADVANCED_FACE('',(#429),#273,.F.);
#3279=ADVANCED_FACE('',(#430),#3123,.T.);
#3280=ADVANCED_FACE('',(#431),#274,.T.);
#3281=ADVANCED_FACE('',(#432),#275,.T.);
#3282=ADVANCED_FACE('',(#433),#3124,.T.);
#3283=ADVANCED_FACE('',(#434),#276,.T.);
#3284=ADVANCED_FACE('',(#435),#3125,.T.);
#3285=ADVANCED_FACE('',(#436),#277,.T.);
#3286=ADVANCED_FACE('',(#437),#3126,.T.);
#3287=ADVANCED_FACE('',(#438),#278,.T.);
#3288=ADVANCED_FACE('',(#439),#3127,.T.);
#3289=ADVANCED_FACE('',(#440),#3128,.T.);
#3290=ADVANCED_FACE('',(#441),#279,.T.);
#3291=ADVANCED_FACE('',(#442),#3129,.T.);
#3292=ADVANCED_FACE('',(#443),#3130,.T.);
#3293=ADVANCED_FACE('',(#444),#280,.T.);
#3294=ADVANCED_FACE('',(#445),#3131,.T.);
#3295=ADVANCED_FACE('',(#446),#281,.T.);
#3296=ADVANCED_FACE('',(#447),#3132,.T.);
#3297=ADVANCED_FACE('',(#448),#282,.T.);
#3298=ADVANCED_FACE('',(#449),#3133,.T.);
#3299=ADVANCED_FACE('',(#450),#3134,.T.);
#3300=ADVANCED_FACE('',(#451),#283,.T.);
#3301=ADVANCED_FACE('',(#452),#3135,.T.);
#3302=ADVANCED_FACE('',(#453),#3136,.F.);
#3303=ADVANCED_FACE('',(#454,#36,#37,#38,#39,#40,#41,#42),#3137,.F.);
#3304=ADVANCED_FACE('',(#455),#284,.F.);
#3305=ADVANCED_FACE('',(#456),#285,.F.);
#3306=ADVANCED_FACE('',(#457),#286,.F.);
#3307=ADVANCED_FACE('',(#458),#287,.F.);
#3308=ADVANCED_FACE('',(#459),#288,.F.);
#3309=CLOSED_SHELL('',(#3138,#3139,#3140,#3141,#3142,#3143,#3144,#3145,
#3146,#3147,#3148,#3149,#3150,#3151,#3152,#3153,#3154,#3155,#3156,#3157,
#3158,#3159,#3160,#3161,#3162,#3163,#3164,#3165,#3166,#3167,#3168,#3169,
#3170,#3171,#3172,#3173,#3174,#3175,#3176,#3177,#3178,#3179,#3180,#3181,
#3182,#3183,#3184,#3185,#3186,#3187,#3188,#3189,#3190,#3191,#3192,#3193,
#3194,#3195,#3196,#3197,#3198,#3199,#3200,#3201,#3202,#3203,#3204,#3205,
#3206,#3207,#3208,#3209,#3210,#3211,#3212,#3213,#3214,#3215,#3216,#3217,
#3218,#3219,#3220,#3221,#3222,#3223,#3224,#3225,#3226,#3227,#3228,#3229,
#3230,#3231,#3232,#3233,#3234,#3235,#3236,#3237,#3238,#3239,#3240,#3241,
#3242,#3243,#3244,#3245,#3246,#3247,#3248,#3249,#3250,#3251,#3252,#3253,
#3254,#3255,#3256,#3257,#3258,#3259,#3260,#3261,#3262,#3263,#3264,#3265,
#3266,#3267,#3268,#3269,#3270,#3271,#3272,#3273,#3274,#3275,#3276,#3277,
#3278,#3279,#3280,#3281,#3282,#3283,#3284,#3285,#3286,#3287,#3288,#3289,
#3290,#3291,#3292,#3293,#3294,#3295,#3296,#3297,#3298,#3299,#3300,#3301,
#3302,#3303,#3304,#3305,#3306,#3307,#3308));
#3310=DERIVED_UNIT_ELEMENT(#3312,1.);
#3311=DERIVED_UNIT_ELEMENT(#5669,-3.);
#3312=(
MASS_UNIT()
NAMED_UNIT(*)
SI_UNIT(.KILO.,.GRAM.)
);
#3313=DERIVED_UNIT((#3310,#3311));
#3314=MEASURE_REPRESENTATION_ITEM('density measure',
POSITIVE_RATIO_MEASURE(7850.),#3313);
#3315=PROPERTY_DEFINITION_REPRESENTATION(#3320,#3317);
#3316=PROPERTY_DEFINITION_REPRESENTATION(#3321,#3318);
#3317=REPRESENTATION('material name',(#3319),#5666);
#3318=REPRESENTATION('density',(#3314),#5666);
#3319=DESCRIPTIVE_REPRESENTATION_ITEM('\X2\92FC\X0\','\X2\92FC\X0\');
#3320=PROPERTY_DEFINITION('material property','material name',#5681);
#3321=PROPERTY_DEFINITION('material property','density of part',#5681);
#3322=AXIS2_PLACEMENT_3D('',#4649,#3659,#3660);
#3323=AXIS2_PLACEMENT_3D('',#4650,#3661,#3662);
#3324=AXIS2_PLACEMENT_3D('',#4651,#3663,#3664);
#3325=AXIS2_PLACEMENT_3D('',#4660,#3669,#3670);
#3326=AXIS2_PLACEMENT_3D('',#4669,#3675,#3676);
#3327=AXIS2_PLACEMENT_3D('',#4675,#3680,#3681);
#3328=AXIS2_PLACEMENT_3D('',#4677,#3682,#3683);
#3329=AXIS2_PLACEMENT_3D('',#4679,#3684,#3685);
#3330=AXIS2_PLACEMENT_3D('',#4681,#3687,#3688);
#3331=AXIS2_PLACEMENT_3D('',#4687,#3692,#3693);
#3332=AXIS2_PLACEMENT_3D('',#4689,#3694,#3695);
#3333=AXIS2_PLACEMENT_3D('',#4691,#3696,#3697);
#3334=AXIS2_PLACEMENT_3D('',#4693,#3699,#3700);
#3335=AXIS2_PLACEMENT_3D('',#4699,#3704,#3705);
#3336=AXIS2_PLACEMENT_3D('',#4701,#3706,#3707);
#3337=AXIS2_PLACEMENT_3D('',#4703,#3708,#3709);
#3338=AXIS2_PLACEMENT_3D('',#4705,#3711,#3712);
#3339=AXIS2_PLACEMENT_3D('',#4711,#3716,#3717);
#3340=AXIS2_PLACEMENT_3D('',#4713,#3718,#3719);
#3341=AXIS2_PLACEMENT_3D('',#4715,#3720,#3721);
#3342=AXIS2_PLACEMENT_3D('',#4717,#3723,#3724);
#3343=AXIS2_PLACEMENT_3D('',#4723,#3728,#3729);
#3344=AXIS2_PLACEMENT_3D('',#4725,#3730,#3731);
#3345=AXIS2_PLACEMENT_3D('',#4727,#3732,#3733);
#3346=AXIS2_PLACEMENT_3D('',#4729,#3735,#3736);
#3347=AXIS2_PLACEMENT_3D('',#4735,#3740,#3741);
#3348=AXIS2_PLACEMENT_3D('',#4737,#3742,#3743);
#3349=AXIS2_PLACEMENT_3D('',#4739,#3744,#3745);
#3350=AXIS2_PLACEMENT_3D('',#4741,#3747,#3748);
#3351=AXIS2_PLACEMENT_3D('',#4747,#3752,#3753);
#3352=AXIS2_PLACEMENT_3D('',#4749,#3754,#3755);
#3353=AXIS2_PLACEMENT_3D('',#4751,#3756,#3757);
#3354=AXIS2_PLACEMENT_3D('',#4753,#3759,#3760);
#3355=AXIS2_PLACEMENT_3D('',#4759,#3764,#3765);
#3356=AXIS2_PLACEMENT_3D('',#4761,#3766,#3767);
#3357=AXIS2_PLACEMENT_3D('',#4763,#3768,#3769);
#3358=AXIS2_PLACEMENT_3D('',#4765,#3771,#3772);
#3359=AXIS2_PLACEMENT_3D('',#4771,#3776,#3777);
#3360=AXIS2_PLACEMENT_3D('',#4773,#3778,#3779);
#3361=AXIS2_PLACEMENT_3D('',#4775,#3780,#3781);
#3362=AXIS2_PLACEMENT_3D('',#4777,#3783,#3784);
#3363=AXIS2_PLACEMENT_3D('',#4783,#3788,#3789);
#3364=AXIS2_PLACEMENT_3D('',#4785,#3790,#3791);
#3365=AXIS2_PLACEMENT_3D('',#4787,#3792,#3793);
#3366=AXIS2_PLACEMENT_3D('',#4789,#3795,#3796);
#3367=AXIS2_PLACEMENT_3D('',#4795,#3800,#3801);
#3368=AXIS2_PLACEMENT_3D('',#4797,#3802,#3803);
#3369=AXIS2_PLACEMENT_3D('',#4799,#3804,#3805);
#3370=AXIS2_PLACEMENT_3D('',#4801,#3807,#3808);
#3371=AXIS2_PLACEMENT_3D('',#4807,#3812,#3813);
#3372=AXIS2_PLACEMENT_3D('',#4809,#3814,#3815);
#3373=AXIS2_PLACEMENT_3D('',#4811,#3816,#3817);
#3374=AXIS2_PLACEMENT_3D('',#4813,#3819,#3820);
#3375=AXIS2_PLACEMENT_3D('',#4819,#3824,#3825);
#3376=AXIS2_PLACEMENT_3D('',#4821,#3826,#3827);
#3377=AXIS2_PLACEMENT_3D('',#4823,#3828,#3829);
#3378=AXIS2_PLACEMENT_3D('',#4825,#3831,#3832);
#3379=AXIS2_PLACEMENT_3D('',#4831,#3836,#3837);
#3380=AXIS2_PLACEMENT_3D('',#4833,#3838,#3839);
#3381=AXIS2_PLACEMENT_3D('',#4835,#3840,#3841);
#3382=AXIS2_PLACEMENT_3D('',#4837,#3843,#3844);
#3383=AXIS2_PLACEMENT_3D('',#4843,#3848,#3849);
#3384=AXIS2_PLACEMENT_3D('',#4845,#3850,#3851);
#3385=AXIS2_PLACEMENT_3D('',#4847,#3852,#3853);
#3386=AXIS2_PLACEMENT_3D('',#4849,#3855,#3856);
#3387=AXIS2_PLACEMENT_3D('',#4855,#3860,#3861);
#3388=AXIS2_PLACEMENT_3D('',#4857,#3862,#3863);
#3389=AXIS2_PLACEMENT_3D('',#4859,#3864,#3865);
#3390=AXIS2_PLACEMENT_3D('',#4861,#3867,#3868);
#3391=AXIS2_PLACEMENT_3D('',#4867,#3872,#3873);
#3392=AXIS2_PLACEMENT_3D('',#4869,#3874,#3875);
#3393=AXIS2_PLACEMENT_3D('',#4871,#3876,#3877);
#3394=AXIS2_PLACEMENT_3D('',#4873,#3879,#3880);
#3395=AXIS2_PLACEMENT_3D('',#4879,#3884,#3885);
#3396=AXIS2_PLACEMENT_3D('',#4881,#3886,#3887);
#3397=AXIS2_PLACEMENT_3D('',#4883,#3888,#3889);
#3398=AXIS2_PLACEMENT_3D('',#4885,#3891,#3892);
#3399=AXIS2_PLACEMENT_3D('',#4891,#3896,#3897);
#3400=AXIS2_PLACEMENT_3D('',#4893,#3898,#3899);
#3401=AXIS2_PLACEMENT_3D('',#4895,#3900,#3901);
#3402=AXIS2_PLACEMENT_3D('',#4897,#3903,#3904);
#3403=AXIS2_PLACEMENT_3D('',#4903,#3908,#3909);
#3404=AXIS2_PLACEMENT_3D('',#4905,#3910,#3911);
#3405=AXIS2_PLACEMENT_3D('',#4907,#3912,#3913);
#3406=AXIS2_PLACEMENT_3D('',#4909,#3915,#3916);
#3407=AXIS2_PLACEMENT_3D('',#4915,#3920,#3921);
#3408=AXIS2_PLACEMENT_3D('',#4917,#3922,#3923);
#3409=AXIS2_PLACEMENT_3D('',#4919,#3924,#3925);
#3410=AXIS2_PLACEMENT_3D('',#4921,#3927,#3928);
#3411=AXIS2_PLACEMENT_3D('',#4927,#3932,#3933);
#3412=AXIS2_PLACEMENT_3D('',#4929,#3934,#3935);
#3413=AXIS2_PLACEMENT_3D('',#4931,#3936,#3937);
#3414=AXIS2_PLACEMENT_3D('',#4933,#3939,#3940);
#3415=AXIS2_PLACEMENT_3D('',#4934,#3941,#3942);
#3416=AXIS2_PLACEMENT_3D('',#4935,#3943,#3944);
#3417=AXIS2_PLACEMENT_3D('',#4936,#3945,#3946);
#3418=AXIS2_PLACEMENT_3D('',#4940,#3948,#3949);
#3419=AXIS2_PLACEMENT_3D('',#4944,#3951,#3952);
#3420=AXIS2_PLACEMENT_3D('',#4948,#3954,#3955);
#3421=AXIS2_PLACEMENT_3D('',#4952,#3957,#3958);
#3422=AXIS2_PLACEMENT_3D('',#4956,#3960,#3961);
#3423=AXIS2_PLACEMENT_3D('',#4960,#3963,#3964);
#3424=AXIS2_PLACEMENT_3D('',#4964,#3966,#3967);
#3425=AXIS2_PLACEMENT_3D('',#4968,#3969,#3970);
#3426=AXIS2_PLACEMENT_3D('',#4972,#3972,#3973);
#3427=AXIS2_PLACEMENT_3D('',#4976,#3975,#3976);
#3428=AXIS2_PLACEMENT_3D('',#4980,#3978,#3979);
#3429=AXIS2_PLACEMENT_3D('',#4982,#3980,#3981);
#3430=AXIS2_PLACEMENT_3D('',#4986,#3983,#3984);
#3431=AXIS2_PLACEMENT_3D('',#4990,#3986,#3987);
#3432=AXIS2_PLACEMENT_3D('',#4994,#3989,#3990);
#3433=AXIS2_PLACEMENT_3D('',#4998,#3992,#3993);
#3434=AXIS2_PLACEMENT_3D('',#5002,#3995,#3996);
#3435=AXIS2_PLACEMENT_3D('',#5006,#3998,#3999);
#3436=AXIS2_PLACEMENT_3D('',#5010,#4001,#4002);
#3437=AXIS2_PLACEMENT_3D('',#5014,#4004,#4005);
#3438=AXIS2_PLACEMENT_3D('',#5018,#4007,#4008);
#3439=AXIS2_PLACEMENT_3D('',#5022,#4010,#4011);
#3440=AXIS2_PLACEMENT_3D('',#5026,#4013,#4014);
#3441=AXIS2_PLACEMENT_3D('',#5028,#4015,#4016);
#3442=AXIS2_PLACEMENT_3D('',#5032,#4019,#4020);
#3443=AXIS2_PLACEMENT_3D('',#5038,#4024,#4025);
#3444=AXIS2_PLACEMENT_3D('',#5041,#4027,#4028);
#3445=AXIS2_PLACEMENT_3D('',#5042,#4029,#4030);
#3446=AXIS2_PLACEMENT_3D('',#5045,#4032,#4033);
#3447=AXIS2_PLACEMENT_3D('',#5046,#4034,#4035);
#3448=AXIS2_PLACEMENT_3D('',#5050,#4038,#4039);
#3449=AXIS2_PLACEMENT_3D('',#5053,#4041,#4042);
#3450=AXIS2_PLACEMENT_3D('',#5054,#4043,#4044);
#3451=AXIS2_PLACEMENT_3D('',#5058,#4047,#4048);
#3452=AXIS2_PLACEMENT_3D('',#5061,#4050,#4051);
#3453=AXIS2_PLACEMENT_3D('',#5062,#4052,#4053);
#3454=AXIS2_PLACEMENT_3D('',#5066,#4056,#4057);
#3455=AXIS2_PLACEMENT_3D('',#5069,#4059,#4060);
#3456=AXIS2_PLACEMENT_3D('',#5070,#4061,#4062);
#3457=AXIS2_PLACEMENT_3D('',#5074,#4065,#4066);
#3458=AXIS2_PLACEMENT_3D('',#5077,#4068,#4069);
#3459=AXIS2_PLACEMENT_3D('',#5078,#4070,#4071);
#3460=AXIS2_PLACEMENT_3D('',#5082,#4074,#4075);
#3461=AXIS2_PLACEMENT_3D('',#5085,#4077,#4078);
#3462=AXIS2_PLACEMENT_3D('',#5086,#4079,#4080);
#3463=AXIS2_PLACEMENT_3D('',#5090,#4083,#4084);
#3464=AXIS2_PLACEMENT_3D('',#5093,#4086,#4087);
#3465=AXIS2_PLACEMENT_3D('',#5094,#4088,#4089);
#3466=AXIS2_PLACEMENT_3D('',#5102,#4093,#4094);
#3467=AXIS2_PLACEMENT_3D('',#5106,#4096,#4097);
#3468=AXIS2_PLACEMENT_3D('',#5110,#4100,#4101);
#3469=AXIS2_PLACEMENT_3D('',#5113,#4103,#4104);
#3470=AXIS2_PLACEMENT_3D('',#5114,#4105,#4106);
#3471=AXIS2_PLACEMENT_3D('',#5118,#4109,#4110);
#3472=AXIS2_PLACEMENT_3D('',#5121,#4112,#4113);
#3473=AXIS2_PLACEMENT_3D('',#5122,#4114,#4115);
#3474=AXIS2_PLACEMENT_3D('',#5126,#4118,#4119);
#3475=AXIS2_PLACEMENT_3D('',#5129,#4121,#4122);
#3476=AXIS2_PLACEMENT_3D('',#5130,#4123,#4124);
#3477=AXIS2_PLACEMENT_3D('',#5134,#4127,#4128);
#3478=AXIS2_PLACEMENT_3D('',#5137,#4130,#4131);
#3479=AXIS2_PLACEMENT_3D('',#5138,#4132,#4133);
#3480=AXIS2_PLACEMENT_3D('',#5142,#4136,#4137);
#3481=AXIS2_PLACEMENT_3D('',#5145,#4139,#4140);
#3482=AXIS2_PLACEMENT_3D('',#5146,#4141,#4142);
#3483=AXIS2_PLACEMENT_3D('',#5149,#4144,#4145);
#3484=AXIS2_PLACEMENT_3D('',#5150,#4146,#4147);
#3485=AXIS2_PLACEMENT_3D('',#5154,#4150,#4151);
#3486=AXIS2_PLACEMENT_3D('',#5157,#4153,#4154);
#3487=AXIS2_PLACEMENT_3D('',#5158,#4155,#4156);
#3488=AXIS2_PLACEMENT_3D('',#5162,#4159,#4160);
#3489=AXIS2_PLACEMENT_3D('',#5165,#4162,#4163);
#3490=AXIS2_PLACEMENT_3D('',#5166,#4164,#4165);
#3491=AXIS2_PLACEMENT_3D('',#5170,#4168,#4169);
#3492=AXIS2_PLACEMENT_3D('',#5173,#4171,#4172);
#3493=AXIS2_PLACEMENT_3D('',#5174,#4173,#4174);
#3494=AXIS2_PLACEMENT_3D('',#5178,#4177,#4178);
#3495=AXIS2_PLACEMENT_3D('',#5181,#4180,#4181);
#3496=AXIS2_PLACEMENT_3D('',#5182,#4182,#4183);
#3497=AXIS2_PLACEMENT_3D('',#5186,#4186,#4187);
#3498=AXIS2_PLACEMENT_3D('',#5189,#4189,#4190);
#3499=AXIS2_PLACEMENT_3D('',#5190,#4191,#4192);
#3500=AXIS2_PLACEMENT_3D('',#5194,#4195,#4196);
#3501=AXIS2_PLACEMENT_3D('',#5197,#4198,#4199);
#3502=AXIS2_PLACEMENT_3D('',#5198,#4200,#4201);
#3503=AXIS2_PLACEMENT_3D('',#5202,#4204,#4205);
#3504=AXIS2_PLACEMENT_3D('',#5205,#4207,#4208);
#3505=AXIS2_PLACEMENT_3D('',#5206,#4209,#4210);
#3506=AXIS2_PLACEMENT_3D('',#5210,#4213,#4214);
#3507=AXIS2_PLACEMENT_3D('',#5213,#4216,#4217);
#3508=AXIS2_PLACEMENT_3D('',#5214,#4218,#4219);
#3509=AXIS2_PLACEMENT_3D('',#5218,#4222,#4223);
#3510=AXIS2_PLACEMENT_3D('',#5221,#4225,#4226);
#3511=AXIS2_PLACEMENT_3D('',#5222,#4227,#4228);
#3512=AXIS2_PLACEMENT_3D('',#5226,#4231,#4232);
#3513=AXIS2_PLACEMENT_3D('',#5229,#4234,#4235);
#3514=AXIS2_PLACEMENT_3D('',#5230,#4236,#4237);
#3515=AXIS2_PLACEMENT_3D('',#5232,#4238,#4239);
#3516=AXIS2_PLACEMENT_3D('',#5235,#4241,#4242);
#3517=AXIS2_PLACEMENT_3D('',#5236,#4243,#4244);
#3518=AXIS2_PLACEMENT_3D('',#5238,#4245,#4246);
#3519=AXIS2_PLACEMENT_3D('',#5239,#4247,#4248);
#3520=AXIS2_PLACEMENT_3D('',#5241,#4249,#4250);
#3521=AXIS2_PLACEMENT_3D('',#5244,#4252,#4253);
#3522=AXIS2_PLACEMENT_3D('',#5245,#4254,#4255);
#3523=AXIS2_PLACEMENT_3D('',#5247,#4256,#4257);
#3524=AXIS2_PLACEMENT_3D('',#5248,#4258,#4259);
#3525=AXIS2_PLACEMENT_3D('',#5250,#4260,#4261);
#3526=AXIS2_PLACEMENT_3D('',#5253,#4263,#4264);
#3527=AXIS2_PLACEMENT_3D('',#5254,#4265,#4266);
#3528=AXIS2_PLACEMENT_3D('',#5256,#4267,#4268);
#3529=AXIS2_PLACEMENT_3D('',#5257,#4269,#4270);
#3530=AXIS2_PLACEMENT_3D('',#5259,#4271,#4272);
#3531=AXIS2_PLACEMENT_3D('',#5262,#4274,#4275);
#3532=AXIS2_PLACEMENT_3D('',#5263,#4276,#4277);
#3533=AXIS2_PLACEMENT_3D('',#5265,#4278,#4279);
#3534=AXIS2_PLACEMENT_3D('',#5266,#4280,#4281);
#3535=AXIS2_PLACEMENT_3D('',#5268,#4282,#4283);
#3536=AXIS2_PLACEMENT_3D('',#5271,#4285,#4286);
#3537=AXIS2_PLACEMENT_3D('',#5272,#4287,#4288);
#3538=AXIS2_PLACEMENT_3D('',#5274,#4289,#4290);
#3539=AXIS2_PLACEMENT_3D('',#5275,#4291,#4292);
#3540=AXIS2_PLACEMENT_3D('',#5277,#4293,#4294);
#3541=AXIS2_PLACEMENT_3D('',#5280,#4296,#4297);
#3542=AXIS2_PLACEMENT_3D('',#5281,#4298,#4299);
#3543=AXIS2_PLACEMENT_3D('',#5283,#4300,#4301);
#3544=AXIS2_PLACEMENT_3D('',#5284,#4302,#4303);
#3545=AXIS2_PLACEMENT_3D('',#5286,#4304,#4305);
#3546=AXIS2_PLACEMENT_3D('',#5289,#4307,#4308);
#3547=AXIS2_PLACEMENT_3D('',#5290,#4309,#4310);
#3548=AXIS2_PLACEMENT_3D('',#5292,#4311,#4312);
#3549=AXIS2_PLACEMENT_3D('',#5293,#4313,#4314);
#3550=AXIS2_PLACEMENT_3D('',#5299,#4318,#4319);
#3551=AXIS2_PLACEMENT_3D('',#5301,#4320,#4321);
#3552=AXIS2_PLACEMENT_3D('',#5303,#4323,#4324);
#3553=AXIS2_PLACEMENT_3D('',#5307,#4327,#4328);
#3554=AXIS2_PLACEMENT_3D('',#5313,#4332,#4333);
#3555=AXIS2_PLACEMENT_3D('',#5314,#4334,#4335);
#3556=AXIS2_PLACEMENT_3D('',#5315,#4336,#4337);
#3557=AXIS2_PLACEMENT_3D('',#5325,#4343,#4344);
#3558=AXIS2_PLACEMENT_3D('',#5333,#4348,#4349);
#3559=AXIS2_PLACEMENT_3D('',#5339,#4352,#4353);
#3560=AXIS2_PLACEMENT_3D('',#5343,#4355,#4356);
#3561=AXIS2_PLACEMENT_3D('',#5347,#4358,#4359);
#3562=AXIS2_PLACEMENT_3D('',#5353,#4362,#4363);
#3563=AXIS2_PLACEMENT_3D('',#5359,#4366,#4367);
#3564=AXIS2_PLACEMENT_3D('',#5363,#4369,#4370);
#3565=AXIS2_PLACEMENT_3D('',#5367,#4372,#4373);
#3566=AXIS2_PLACEMENT_3D('',#5370,#4375,#4376);
#3567=AXIS2_PLACEMENT_3D('',#5371,#4377,#4378);
#3568=AXIS2_PLACEMENT_3D('',#5373,#4380,#4381);
#3569=AXIS2_PLACEMENT_3D('',#5379,#4384,#4385);
#3570=AXIS2_PLACEMENT_3D('',#5382,#4387,#4388);
#3571=AXIS2_PLACEMENT_3D('',#5384,#4389,#4390);
#3572=AXIS2_PLACEMENT_3D('',#5386,#4391,#4392);
#3573=AXIS2_PLACEMENT_3D('',#5388,#4393,#4394);
#3574=AXIS2_PLACEMENT_3D('',#5390,#4395,#4396);
#3575=AXIS2_PLACEMENT_3D('',#5392,#4397,#4398);
#3576=AXIS2_PLACEMENT_3D('',#5393,#4399,#4400);
#3577=AXIS2_PLACEMENT_3D('',#5399,#4404,#4405);
#3578=AXIS2_PLACEMENT_3D('',#5405,#4409,#4410);
#3579=AXIS2_PLACEMENT_3D('',#5407,#4411,#4412);
#3580=AXIS2_PLACEMENT_3D('',#5409,#4414,#4415);
#3581=AXIS2_PLACEMENT_3D('',#5411,#4416,#4417);
#3582=AXIS2_PLACEMENT_3D('',#5459,#4421,#4422);
#3583=AXIS2_PLACEMENT_3D('',#5465,#4426,#4427);
#3584=AXIS2_PLACEMENT_3D('',#5469,#4429,#4430);
#3585=AXIS2_PLACEMENT_3D('',#5472,#4432,#4433);
#3586=AXIS2_PLACEMENT_3D('',#5476,#4435,#4436);
#3587=AXIS2_PLACEMENT_3D('',#5478,#4437,#4438);
#3588=AXIS2_PLACEMENT_3D('',#5482,#4440,#4441);
#3589=AXIS2_PLACEMENT_3D('',#5485,#4443,#4444);
#3590=AXIS2_PLACEMENT_3D('',#5486,#4445,#4446);
#3591=AXIS2_PLACEMENT_3D('',#5490,#4448,#4449);
#3592=AXIS2_PLACEMENT_3D('',#5492,#4451,#4452);
#3593=AXIS2_PLACEMENT_3D('',#5496,#4455,#4456);
#3594=AXIS2_PLACEMENT_3D('',#5499,#4458,#4459);
#3595=AXIS2_PLACEMENT_3D('',#5500,#4460,#4461);
#3596=AXIS2_PLACEMENT_3D('',#5504,#4464,#4465);
#3597=AXIS2_PLACEMENT_3D('',#5507,#4467,#4468);
#3598=AXIS2_PLACEMENT_3D('',#5508,#4469,#4470);
#3599=AXIS2_PLACEMENT_3D('',#5511,#4472,#4473);
#3600=AXIS2_PLACEMENT_3D('',#5512,#4474,#4475);
#3601=AXIS2_PLACEMENT_3D('',#5514,#4477,#4478);
#3602=AXIS2_PLACEMENT_3D('',#5516,#4480,#4481);
#3603=AXIS2_PLACEMENT_3D('',#5518,#4483,#4484);
#3604=AXIS2_PLACEMENT_3D('',#5520,#4486,#4487);
#3605=AXIS2_PLACEMENT_3D('',#5522,#4489,#4490);
#3606=AXIS2_PLACEMENT_3D('',#5528,#4494,#4495);
#3607=AXIS2_PLACEMENT_3D('',#5530,#4496,#4497);
#3608=AXIS2_PLACEMENT_3D('',#5532,#4498,#4499);
#3609=AXIS2_PLACEMENT_3D('',#5534,#4501,#4502);
#3610=AXIS2_PLACEMENT_3D('',#5540,#4506,#4507);
#3611=AXIS2_PLACEMENT_3D('',#5542,#4508,#4509);
#3612=AXIS2_PLACEMENT_3D('',#5544,#4510,#4511);
#3613=AXIS2_PLACEMENT_3D('',#5546,#4513,#4514);
#3614=AXIS2_PLACEMENT_3D('',#5552,#4518,#4519);
#3615=AXIS2_PLACEMENT_3D('',#5554,#4520,#4521);
#3616=AXIS2_PLACEMENT_3D('',#5556,#4522,#4523);
#3617=AXIS2_PLACEMENT_3D('',#5558,#4525,#4526);
#3618=AXIS2_PLACEMENT_3D('',#5564,#4530,#4531);
#3619=AXIS2_PLACEMENT_3D('',#5565,#4532,#4533);
#3620=AXIS2_PLACEMENT_3D('',#5566,#4534,#4535);
#3621=AXIS2_PLACEMENT_3D('',#5567,#4536,#4537);
#3622=AXIS2_PLACEMENT_3D('',#5569,#4538,#4539);
#3623=AXIS2_PLACEMENT_3D('',#5571,#4541,#4542);
#3624=AXIS2_PLACEMENT_3D('',#5575,#4545,#4546);
#3625=AXIS2_PLACEMENT_3D('',#5577,#4547,#4548);
#3626=AXIS2_PLACEMENT_3D('',#5579,#4550,#4551);
#3627=AXIS2_PLACEMENT_3D('',#5583,#4554,#4555);
#3628=AXIS2_PLACEMENT_3D('',#5585,#4556,#4557);
#3629=AXIS2_PLACEMENT_3D('',#5587,#4559,#4560);
#3630=AXIS2_PLACEMENT_3D('',#5591,#4563,#4564);
#3631=AXIS2_PLACEMENT_3D('',#5593,#4565,#4566);
#3632=AXIS2_PLACEMENT_3D('',#5595,#4568,#4569);
#3633=AXIS2_PLACEMENT_3D('',#5599,#4572,#4573);
#3634=AXIS2_PLACEMENT_3D('',#5603,#4576,#4577);
#3635=AXIS2_PLACEMENT_3D('',#5605,#4578,#4579);
#3636=AXIS2_PLACEMENT_3D('',#5607,#4581,#4582);
#3637=AXIS2_PLACEMENT_3D('',#5611,#4585,#4586);
#3638=AXIS2_PLACEMENT_3D('',#5615,#4589,#4590);
#3639=AXIS2_PLACEMENT_3D('',#5617,#4591,#4592);
#3640=AXIS2_PLACEMENT_3D('',#5619,#4594,#4595);
#3641=AXIS2_PLACEMENT_3D('',#5623,#4598,#4599);
#3642=AXIS2_PLACEMENT_3D('',#5625,#4600,#4601);
#3643=AXIS2_PLACEMENT_3D('',#5627,#4603,#4604);
#3644=AXIS2_PLACEMENT_3D('',#5631,#4607,#4608);
#3645=AXIS2_PLACEMENT_3D('',#5633,#4609,#4610);
#3646=AXIS2_PLACEMENT_3D('',#5635,#4612,#4613);
#3647=AXIS2_PLACEMENT_3D('',#5639,#4616,#4617);
#3648=AXIS2_PLACEMENT_3D('',#5643,#4620,#4621);
#3649=AXIS2_PLACEMENT_3D('',#5645,#4622,#4623);
#3650=AXIS2_PLACEMENT_3D('',#5647,#4625,#4626);
#3651=AXIS2_PLACEMENT_3D('',#5649,#4628,#4629);
#3652=AXIS2_PLACEMENT_3D('',#5650,#4630,#4631);
#3653=AXIS2_PLACEMENT_3D('',#5651,#4632,#4633);
#3654=AXIS2_PLACEMENT_3D('',#5653,#4635,#4636);
#3655=AXIS2_PLACEMENT_3D('',#5655,#4638,#4639);
#3656=AXIS2_PLACEMENT_3D('',#5657,#4641,#4642);
#3657=AXIS2_PLACEMENT_3D('',#5659,#4644,#4645);
#3658=AXIS2_PLACEMENT_3D('',#5661,#4647,#4648);
#3659=DIRECTION('axis',(0.,0.,1.));
#3660=DIRECTION('refdir',(1.,0.,0.));
#3661=DIRECTION('axis',(0.,0.,1.));
#3662=DIRECTION('refdir',(1.,0.,0.));
#3663=DIRECTION('center_axis',(-7.82801334917035E-15,1.,0.));
#3664=DIRECTION('ref_axis',(-1.,-7.82801334917035E-15,0.));
#3665=DIRECTION('',(1.,7.82801334917035E-15,0.));
#3666=DIRECTION('',(0.,0.,1.));
#3667=DIRECTION('',(-1.,-7.82801334917035E-15,0.));
#3668=DIRECTION('',(0.,0.,1.));
#3669=DIRECTION('center_axis',(-1.,-1.397992832608E-11,0.));
#3670=DIRECTION('ref_axis',(1.397992832608E-11,-1.,0.));
#3671=DIRECTION('',(-1.397992832608E-11,1.,0.));
#3672=DIRECTION('',(0.,0.,1.));
#3673=DIRECTION('',(1.397992832608E-11,-1.,0.));
#3674=DIRECTION('',(0.,0.,1.));
#3675=DIRECTION('center_axis',(-1.39834814576218E-11,1.,0.));
#3676=DIRECTION('ref_axis',(-1.,-1.39834814576218E-11,0.));
#3677=DIRECTION('',(1.,1.39834814576218E-11,0.));
#3678=DIRECTION('',(-1.,-1.39834814576218E-11,0.));
#3679=DIRECTION('',(0.,0.,1.));
#3680=DIRECTION('center_axis',(0.,0.,1.));
#3681=DIRECTION('ref_axis',(-3.7354187385573E-6,-0.999999999993023,0.));
#3682=DIRECTION('center_axis',(0.,0.,1.));
#3683=DIRECTION('ref_axis',(-3.7354187385573E-6,-0.999999999993023,0.));
#3684=DIRECTION('center_axis',(0.,0.,-1.));
#3685=DIRECTION('ref_axis',(-3.7354187385573E-6,-0.999999999993023,0.));
#3686=DIRECTION('',(0.,0.,1.));
#3687=DIRECTION('center_axis',(-1.,-3.40570469655704E-13,0.));
#3688=DIRECTION('ref_axis',(3.40570469655704E-13,-1.,0.));
#3689=DIRECTION('',(-3.40570469655704E-13,1.,0.));
#3690=DIRECTION('',(3.40570469655704E-13,-1.,0.));
#3691=DIRECTION('',(0.,0.,1.));
#3692=DIRECTION('center_axis',(0.,0.,1.));
#3693=DIRECTION('ref_axis',(7.47080544781921E-7,0.999999999999721,0.));
#3694=DIRECTION('center_axis',(0.,0.,-1.));
#3695=DIRECTION('ref_axis',(7.47080544781921E-7,0.999999999999721,0.));
#3696=DIRECTION('center_axis',(0.,0.,1.));
#3697=DIRECTION('ref_axis',(7.47080544781921E-7,0.999999999999721,0.));
#3698=DIRECTION('',(0.,0.,1.));
#3699=DIRECTION('center_axis',(-1.71066519109058E-12,1.,0.));
#3700=DIRECTION('ref_axis',(-1.,-1.71066519109058E-12,0.));
#3701=DIRECTION('',(1.,1.71066519109058E-12,0.));
#3702=DIRECTION('',(-1.,-1.71066519109058E-12,0.));
#3703=DIRECTION('',(0.,0.,1.));
#3704=DIRECTION('center_axis',(0.,0.,1.));
#3705=DIRECTION('ref_axis',(-3.73537033265228E-6,-0.999999999993023,0.));
#3706=DIRECTION('center_axis',(0.,0.,1.));
#3707=DIRECTION('ref_axis',(-3.73537033265228E-6,-0.999999999993023,0.));
#3708=DIRECTION('center_axis',(0.,0.,-1.));
#3709=DIRECTION('ref_axis',(-3.73537033265228E-6,-0.999999999993023,0.));
#3710=DIRECTION('',(0.,0.,1.));
#3711=DIRECTION('center_axis',(-1.,-2.50466239516298E-12,0.));
#3712=DIRECTION('ref_axis',(2.50466239516298E-12,-1.,0.));
#3713=DIRECTION('',(-2.50466239516298E-12,1.,0.));
#3714=DIRECTION('',(2.50466239516298E-12,-1.,0.));
#3715=DIRECTION('',(0.,0.,1.));
#3716=DIRECTION('center_axis',(0.,0.,1.));
#3717=DIRECTION('ref_axis',(7.47080613862501E-7,0.999999999999721,0.));
#3718=DIRECTION('center_axis',(0.,0.,-1.));
#3719=DIRECTION('ref_axis',(7.47080613862501E-7,0.999999999999721,0.));
#3720=DIRECTION('center_axis',(0.,0.,1.));
#3721=DIRECTION('ref_axis',(7.47080613862501E-7,0.999999999999721,0.));
#3722=DIRECTION('',(0.,0.,1.));
#3723=DIRECTION('center_axis',(-3.7791993640493E-12,1.,0.));
#3724=DIRECTION('ref_axis',(-1.,-3.7791993640493E-12,0.));
#3725=DIRECTION('',(1.,3.7791993640493E-12,0.));
#3726=DIRECTION('',(-1.,-3.7791993640493E-12,0.));
#3727=DIRECTION('',(0.,0.,1.));
#3728=DIRECTION('center_axis',(0.,0.,1.));
#3729=DIRECTION('ref_axis',(-3.73537690519681E-6,-0.999999999993023,0.));
#3730=DIRECTION('center_axis',(0.,0.,1.));
#3731=DIRECTION('ref_axis',(-3.73537690519681E-6,-0.999999999993023,0.));
#3732=DIRECTION('center_axis',(0.,0.,-1.));
#3733=DIRECTION('ref_axis',(-3.73537690519681E-6,-0.999999999993023,0.));
#3734=DIRECTION('',(0.,0.,1.));
#3735=DIRECTION('center_axis',(-1.,-2.90307455653761E-13,0.));
#3736=DIRECTION('ref_axis',(2.90307455653761E-13,-1.,0.));
#3737=DIRECTION('',(-2.90307455653761E-13,1.,0.));
#3738=DIRECTION('',(2.90307455653761E-13,-1.,0.));
#3739=DIRECTION('',(0.,0.,1.));
#3740=DIRECTION('center_axis',(0.,0.,1.));
#3741=DIRECTION('ref_axis',(0.999999999993023,-3.73541523042589E-6,0.));
#3742=DIRECTION('center_axis',(0.,0.,1.));
#3743=DIRECTION('ref_axis',(0.999999999993023,-3.73541523042589E-6,0.));
#3744=DIRECTION('center_axis',(0.,0.,-1.));
#3745=DIRECTION('ref_axis',(0.999999999993023,-3.73541523042589E-6,0.));
#3746=DIRECTION('',(0.,0.,1.));
#3747=DIRECTION('center_axis',(-3.14748215724271E-13,-1.,0.));
#3748=DIRECTION('ref_axis',(1.,-3.14748215724271E-13,0.));
#3749=DIRECTION('',(-1.,3.14748215724271E-13,0.));
#3750=DIRECTION('',(1.,-3.14748215724271E-13,0.));
#3751=DIRECTION('',(0.,0.,1.));
#3752=DIRECTION('center_axis',(0.,0.,1.));
#3753=DIRECTION('ref_axis',(-0.999999999999721,7.47070582376526E-7,0.));
#3754=DIRECTION('center_axis',(0.,0.,-1.));
#3755=DIRECTION('ref_axis',(-0.999999999999721,7.47070582376526E-7,0.));
#3756=DIRECTION('center_axis',(0.,0.,1.));
#3757=DIRECTION('ref_axis',(-0.999999999999721,7.47070582376526E-7,0.));
#3758=DIRECTION('',(0.,0.,1.));
#3759=DIRECTION('center_axis',(-1.,-4.87690722405495E-13,0.));
#3760=DIRECTION('ref_axis',(4.87690722405495E-13,-1.,0.));
#3761=DIRECTION('',(-4.87690722405495E-13,1.,0.));
#3762=DIRECTION('',(4.87690722405495E-13,-1.,0.));
#3763=DIRECTION('',(0.,0.,1.));
#3764=DIRECTION('center_axis',(0.,0.,1.));
#3765=DIRECTION('ref_axis',(0.999999999993023,-3.73541545247067E-6,0.));
#3766=DIRECTION('center_axis',(0.,0.,1.));
#3767=DIRECTION('ref_axis',(0.999999999993023,-3.73541545247067E-6,0.));
#3768=DIRECTION('center_axis',(0.,0.,-1.));
#3769=DIRECTION('ref_axis',(0.999999999993023,-3.73541545247067E-6,0.));
#3770=DIRECTION('',(0.,0.,1.));
#3771=DIRECTION('center_axis',(-4.21884728345703E-13,-1.,0.));
#3772=DIRECTION('ref_axis',(1.,-4.21884728345703E-13,0.));
#3773=DIRECTION('',(-1.,4.21884728345703E-13,0.));
#3774=DIRECTION('',(1.,-4.21884728345703E-13,0.));
#3775=DIRECTION('',(0.,0.,1.));
#3776=DIRECTION('center_axis',(0.,0.,1.));
#3777=DIRECTION('ref_axis',(-0.999999999999721,7.47070557704886E-7,0.));
#3778=DIRECTION('center_axis',(0.,0.,-1.));
#3779=DIRECTION('ref_axis',(-0.999999999999721,7.47070557704886E-7,0.));
#3780=DIRECTION('center_axis',(0.,0.,1.));
#3781=DIRECTION('ref_axis',(-0.999999999999721,7.47070557704886E-7,0.));
#3782=DIRECTION('',(0.,0.,1.));
#3783=DIRECTION('center_axis',(-1.,-6.68354310755168E-13,0.));
#3784=DIRECTION('ref_axis',(6.68354310755168E-13,-1.,0.));
#3785=DIRECTION('',(-6.68354310755168E-13,1.,0.));
#3786=DIRECTION('',(6.68354310755168E-13,-1.,0.));
#3787=DIRECTION('',(0.,0.,1.));
#3788=DIRECTION('center_axis',(0.,0.,1.));
#3789=DIRECTION('ref_axis',(0.999999999993023,-3.73541642947124E-6,0.));
#3790=DIRECTION('center_axis',(0.,0.,1.));
#3791=DIRECTION('ref_axis',(0.999999999993023,-3.73541642947124E-6,0.));
#3792=DIRECTION('center_axis',(0.,0.,-1.));
#3793=DIRECTION('ref_axis',(0.999999999993023,-3.73541642947124E-6,0.));
#3794=DIRECTION('',(0.,0.,1.));
#3795=DIRECTION('center_axis',(-3.19744221770227E-13,-1.,0.));
#3796=DIRECTION('ref_axis',(1.,-3.19744221770227E-13,0.));
#3797=DIRECTION('',(-1.,3.19744221770227E-13,0.));
#3798=DIRECTION('',(1.,-3.19744221770227E-13,0.));
#3799=DIRECTION('',(0.,0.,1.));
#3800=DIRECTION('center_axis',(0.,0.,1.));
#3801=DIRECTION('ref_axis',(-0.97300832366955,-0.230770019867774,0.));
#3802=DIRECTION('center_axis',(0.,0.,-1.));
#3803=DIRECTION('ref_axis',(-0.97300832366955,-0.230770019867774,0.));
#3804=DIRECTION('center_axis',(0.,0.,1.));
#3805=DIRECTION('ref_axis',(-0.97300832366955,-0.230770019867774,0.));
#3806=DIRECTION('',(0.,0.,1.));
#3807=DIRECTION('center_axis',(1.26519240059094E-13,-1.,0.));
#3808=DIRECTION('ref_axis',(1.,1.26519240059094E-13,0.));
#3809=DIRECTION('',(-1.,-1.26519240059094E-13,0.));
#3810=DIRECTION('',(1.,1.26519240059094E-13,0.));
#3811=DIRECTION('',(0.,0.,1.));
#3812=DIRECTION('center_axis',(0.,0.,1.));
#3813=DIRECTION('ref_axis',(3.73541456428959E-6,0.999999999993023,0.));
#3814=DIRECTION('center_axis',(0.,0.,1.));
#3815=DIRECTION('ref_axis',(3.73541456428959E-6,0.999999999993023,0.));
#3816=DIRECTION('center_axis',(0.,0.,-1.));
#3817=DIRECTION('ref_axis',(3.73541456428959E-6,0.999999999993023,0.));
#3818=DIRECTION('',(0.,0.,1.));
#3819=DIRECTION('center_axis',(1.,-1.01252218814383E-11,0.));
#3820=DIRECTION('ref_axis',(1.01252218814383E-11,1.,0.));
#3821=DIRECTION('',(-1.01252218814383E-11,-1.,0.));
#3822=DIRECTION('',(1.01252218814383E-11,1.,0.));
#3823=DIRECTION('',(0.,0.,1.));
#3824=DIRECTION('center_axis',(0.,0.,1.));
#3825=DIRECTION('ref_axis',(-7.4707056757355E-7,-0.999999999999721,0.));
#3826=DIRECTION('center_axis',(0.,0.,-1.));
#3827=DIRECTION('ref_axis',(-7.4707056757355E-7,-0.999999999999721,0.));
#3828=DIRECTION('center_axis',(0.,0.,1.));
#3829=DIRECTION('ref_axis',(-7.4707056757355E-7,-0.999999999999721,0.));
#3830=DIRECTION('',(0.,0.,1.));
#3831=DIRECTION('center_axis',(2.19002905180223E-14,-1.,0.));
#3832=DIRECTION('ref_axis',(1.,2.19002905180223E-14,0.));
#3833=DIRECTION('',(-1.,-2.19002905180223E-14,0.));
#3834=DIRECTION('',(1.,2.19002905180223E-14,0.));
#3835=DIRECTION('',(0.,0.,1.));
#3836=DIRECTION('center_axis',(0.,0.,1.));
#3837=DIRECTION('ref_axis',(3.73538916219867E-6,0.999999999993023,0.));
#3838=DIRECTION('center_axis',(0.,0.,1.));
#3839=DIRECTION('ref_axis',(3.73538916219867E-6,0.999999999993023,0.));
#3840=DIRECTION('center_axis',(0.,0.,-1.));
#3841=DIRECTION('ref_axis',(3.73538916219867E-6,0.999999999993023,0.));
#3842=DIRECTION('',(0.,0.,1.));
#3843=DIRECTION('center_axis',(1.,-2.4868966024977E-13,0.));
#3844=DIRECTION('ref_axis',(2.4868966024977E-13,1.,0.));
#3845=DIRECTION('',(-2.4868966024977E-13,-1.,0.));
#3846=DIRECTION('',(2.4868966024977E-13,1.,0.));
#3847=DIRECTION('',(0.,0.,1.));
#3848=DIRECTION('center_axis',(0.,0.,1.));
#3849=DIRECTION('ref_axis',(-7.4707559071806E-7,-0.999999999999721,0.));
#3850=DIRECTION('center_axis',(0.,0.,-1.));
#3851=DIRECTION('ref_axis',(-7.4707559071806E-7,-0.999999999999721,0.));
#3852=DIRECTION('center_axis',(0.,0.,1.));
#3853=DIRECTION('ref_axis',(-7.4707559071806E-7,-0.999999999999721,0.));
#3854=DIRECTION('',(0.,0.,1.));
#3855=DIRECTION('center_axis',(1.39476909859867E-14,-1.,0.));
#3856=DIRECTION('ref_axis',(1.,1.39476909859867E-14,0.));
#3857=DIRECTION('',(-1.,-1.39476909859867E-14,0.));
#3858=DIRECTION('',(1.,1.39476909859867E-14,0.));
#3859=DIRECTION('',(0.,0.,1.));
#3860=DIRECTION('center_axis',(0.,0.,1.));
#3861=DIRECTION('ref_axis',(3.73538920660793E-6,0.999999999993023,0.));
#3862=DIRECTION('center_axis',(0.,0.,1.));
#3863=DIRECTION('ref_axis',(3.73538920660793E-6,0.999999999993023,0.));
#3864=DIRECTION('center_axis',(0.,0.,-1.));
#3865=DIRECTION('ref_axis',(3.73538920660793E-6,0.999999999993023,0.));
#3866=DIRECTION('',(0.,0.,1.));
#3867=DIRECTION('center_axis',(1.,-8.82270228900081E-15,0.));
#3868=DIRECTION('ref_axis',(8.82270228900081E-15,1.,0.));
#3869=DIRECTION('',(-8.82270228900081E-15,-1.,0.));
#3870=DIRECTION('',(8.82270228900081E-15,1.,0.));
#3871=DIRECTION('',(0.,0.,1.));
#3872=DIRECTION('center_axis',(0.,0.,1.));
#3873=DIRECTION('ref_axis',(0.500005862346408,-0.866022019130706,0.));
#3874=DIRECTION('center_axis',(0.,0.,-1.));
#3875=DIRECTION('ref_axis',(0.500005862346408,-0.866022019130706,0.));
#3876=DIRECTION('center_axis',(0.,0.,1.));
#3877=DIRECTION('ref_axis',(0.500005862346408,-0.866022019130706,0.));
#3878=DIRECTION('',(0.,0.,1.));
#3879=DIRECTION('center_axis',(0.499999996573574,-0.866025405762686,0.));
#3880=DIRECTION('ref_axis',(0.866025405762686,0.499999996573574,0.));
#3881=DIRECTION('',(-0.866025405762686,-0.499999996573574,0.));
#3882=DIRECTION('',(0.866025405762686,0.499999996573574,0.));
#3883=DIRECTION('',(0.,0.,1.));
#3884=DIRECTION('center_axis',(0.,0.,1.));
#3885=DIRECTION('ref_axis',(-0.500237415121403,0.865888288702796,0.));
#3886=DIRECTION('center_axis',(0.,0.,1.));
#3887=DIRECTION('ref_axis',(-0.500237415121403,0.865888288702796,0.));
#3888=DIRECTION('center_axis',(0.,0.,-1.));
#3889=DIRECTION('ref_axis',(-0.500237415121403,0.865888288702796,0.));
#3890=DIRECTION('',(0.,0.,1.));
#3891=DIRECTION('center_axis',(0.866025404939286,0.499999997999747,0.));
#3892=DIRECTION('ref_axis',(-0.499999997999746,0.866025404939285,0.));
#3893=DIRECTION('',(0.499999997999746,-0.866025404939285,0.));
#3894=DIRECTION('',(-0.499999997999746,0.866025404939285,0.));
#3895=DIRECTION('',(0.,0.,1.));
#3896=DIRECTION('center_axis',(0.,0.,1.));
#3897=DIRECTION('ref_axis',(-0.866071684470409,-0.499919830931508,0.));
#3898=DIRECTION('center_axis',(0.,0.,1.));
#3899=DIRECTION('ref_axis',(-0.866071684470409,-0.499919830931508,0.));
#3900=DIRECTION('center_axis',(0.,0.,-1.));
#3901=DIRECTION('ref_axis',(-0.866071684470409,-0.499919830931508,0.));
#3902=DIRECTION('',(0.,0.,1.));
#3903=DIRECTION('center_axis',(-0.258819059650485,0.965925822390953,0.));
#3904=DIRECTION('ref_axis',(-0.965925822390953,-0.258819059650485,0.));
#3905=DIRECTION('',(0.965925822390953,0.258819059650485,0.));
#3906=DIRECTION('',(-0.965925822390953,-0.258819059650485,0.));
#3907=DIRECTION('',(0.,0.,1.));
#3908=DIRECTION('center_axis',(0.,0.,1.));
#3909=DIRECTION('ref_axis',(0.259125541248961,-0.965843648771597,0.));
#3910=DIRECTION('center_axis',(0.,0.,1.));
#3911=DIRECTION('ref_axis',(0.259125541248961,-0.965843648771597,0.));
#3912=DIRECTION('center_axis',(0.,0.,-1.));
#3913=DIRECTION('ref_axis',(0.259125541248961,-0.965843648771597,0.));
#3914=DIRECTION('',(0.,0.,1.));
#3915=DIRECTION('center_axis',(-0.965925843141142,-0.258818982209716,0.));
#3916=DIRECTION('ref_axis',(0.258818982209716,-0.965925843141142,0.));
#3917=DIRECTION('',(-0.258818982209716,0.965925843141142,0.));
#3918=DIRECTION('',(0.258818982209716,-0.965925843141142,0.));
#3919=DIRECTION('',(0.,0.,1.));
#3920=DIRECTION('center_axis',(0.,0.,1.));
#3921=DIRECTION('ref_axis',(-2.38144157956148E-7,0.999999999999971,0.));
#3922=DIRECTION('center_axis',(0.,0.,-1.));
#3923=DIRECTION('ref_axis',(-2.38144157956148E-7,0.999999999999971,0.));
#3924=DIRECTION('center_axis',(0.,0.,1.));
#3925=DIRECTION('ref_axis',(-2.38144157956148E-7,0.999999999999971,0.));
#3926=DIRECTION('',(0.,0.,1.));
#3927=DIRECTION('center_axis',(-7.60249550234602E-12,1.,0.));
#3928=DIRECTION('ref_axis',(-1.,-7.60249550234602E-12,0.));
#3929=DIRECTION('',(1.,7.60249550234602E-12,0.));
#3930=DIRECTION('',(-1.,-7.60249550234602E-12,0.));
#3931=DIRECTION('',(0.,0.,1.));
#3932=DIRECTION('center_axis',(0.,0.,1.));
#3933=DIRECTION('ref_axis',(-3.7354084357374E-6,-0.999999999993023,0.));
#3934=DIRECTION('center_axis',(0.,0.,1.));
#3935=DIRECTION('ref_axis',(-3.7354084357374E-6,-0.999999999993023,0.));
#3936=DIRECTION('center_axis',(0.,0.,-1.));
#3937=DIRECTION('ref_axis',(-3.7354084357374E-6,-0.999999999993023,0.));
#3938=DIRECTION('',(0.,0.,1.));
#3939=DIRECTION('center_axis',(0.,0.,1.));
#3940=DIRECTION('ref_axis',(7.47075541374776E-7,0.999999999999721,0.));
#3941=DIRECTION('center_axis',(0.,0.,-1.));
#3942=DIRECTION('ref_axis',(7.47075541374776E-7,0.999999999999721,0.));
#3943=DIRECTION('center_axis',(0.,0.,1.));
#3944=DIRECTION('ref_axis',(7.47075541374776E-7,0.999999999999721,0.));
#3945=DIRECTION('center_axis',(0.,0.,1.));
#3946=DIRECTION('ref_axis',(1.,0.,0.));
#3947=DIRECTION('',(-1.,-1.39799287438368E-11,0.));
#3948=DIRECTION('center_axis',(0.,0.,-1.));
#3949=DIRECTION('ref_axis',(0.999999999999721,7.47000541661271E-7,0.));
#3950=DIRECTION('',(3.22194381776449E-13,-1.,0.));
#3951=DIRECTION('center_axis',(0.,0.,1.));
#3952=DIRECTION('ref_axis',(-0.999999999999564,-9.33875760625182E-7,0.));
#3953=DIRECTION('',(-1.,-1.7032915862136E-12,0.));
#3954=DIRECTION('center_axis',(0.,0.,-1.));
#3955=DIRECTION('ref_axis',(0.999999999999721,7.47000541661249E-7,0.));
#3956=DIRECTION('',(2.36255477288472E-12,-1.,0.));
#3957=DIRECTION('center_axis',(0.,0.,1.));
#3958=DIRECTION('ref_axis',(-0.999999999999564,-9.33875272126615E-7,0.));
#3959=DIRECTION('',(-1.,-3.76291585794248E-12,0.));
#3960=DIRECTION('center_axis',(0.,0.,-1.));
#3961=DIRECTION('ref_axis',(0.999999999999721,7.47000571267237E-7,0.));
#3962=DIRECTION('',(2.82186973406404E-13,-1.,0.));
#3963=DIRECTION('center_axis',(0.,0.,-1.));
#3964=DIRECTION('ref_axis',(-7.4707060418545E-7,0.999999999999721,0.));
#3965=DIRECTION('',(1.,-3.32511798980359E-13,0.));
#3966=DIRECTION('center_axis',(0.,0.,1.));
#3967=DIRECTION('ref_axis',(9.33850980424173E-7,-0.999999999999564,0.));
#3968=DIRECTION('',(4.68312251298929E-13,-1.,0.));
#3969=DIRECTION('center_axis',(0.,0.,-1.));
#3970=DIRECTION('ref_axis',(-7.47070544973524E-7,0.999999999999721,0.));
#3971=DIRECTION('',(1.,-4.44089215379498E-13,0.));
#3972=DIRECTION('center_axis',(0.,0.,1.));
#3973=DIRECTION('ref_axis',(9.33851002628633E-7,-0.999999999999564,0.));
#3974=DIRECTION('',(6.43929342256063E-13,-1.,0.));
#3975=DIRECTION('center_axis',(0.,0.,-1.));
#3976=DIRECTION('ref_axis',(-7.4707057457949E-7,0.999999999999721,0.));
#3977=DIRECTION('',(1.,-3.33175224257321E-13,0.));
#3978=DIRECTION('center_axis',(0.,0.,1.));
#3979=DIRECTION('ref_axis',(-4.44521334003073E-6,-0.99999999999012,0.));
#3980=DIRECTION('center_axis',(0.,0.,-1.));
#3981=DIRECTION('ref_axis',(2.66715289263215E-6,0.999999999996443,0.));
#3982=DIRECTION('',(1.,1.26622355857544E-13,0.));
#3983=DIRECTION('center_axis',(0.,0.,-1.));
#3984=DIRECTION('ref_axis',(-0.999999999999721,-7.47080566592932E-7,0.));
#3985=DIRECTION('',(1.06581442214436E-11,1.,0.));
#3986=DIRECTION('center_axis',(0.,0.,1.));
#3987=DIRECTION('ref_axis',(0.999999999999564,9.33841032816583E-7,0.));
#3988=DIRECTION('',(1.,1.11934813621132E-14,0.));
#3989=DIRECTION('center_axis',(0.,0.,-1.));
#3990=DIRECTION('ref_axis',(-0.999999999999721,-7.47080559188333E-7,0.));
#3991=DIRECTION('',(7.81597242902727E-13,1.,0.));
#3992=DIRECTION('center_axis',(0.,0.,1.));
#3993=DIRECTION('ref_axis',(0.999999999999564,9.33838512608046E-7,0.));
#3994=DIRECTION('',(1.,6.05277142597492E-15,0.));
#3995=DIRECTION('center_axis',(0.,0.,-1.));
#3996=DIRECTION('ref_axis',(-0.999999999999721,-7.47080559188328E-7,0.));
#3997=DIRECTION('',(1.39831509934551E-14,1.,0.));
#3998=DIRECTION('center_axis',(0.,0.,1.));
#3999=DIRECTION('ref_axis',(0.999999999975111,-7.05528882606587E-6,0.));
#4000=DIRECTION('',(0.866025405763556,0.499999996572068,0.));
#4001=DIRECTION('center_axis',(0.,0.,-1.));
#4002=DIRECTION('ref_axis',(-0.866064393212006,-0.499932462248972,0.));
#4003=DIRECTION('',(-0.499999997965621,0.866025404958988,0.));
#4004=DIRECTION('center_axis',(0.,0.,-1.));
#4005=DIRECTION('ref_axis',(0.258882333126439,-0.965908866091937,0.));
#4006=DIRECTION('',(-0.965925822403241,-0.258819059604625,0.));
#4007=DIRECTION('center_axis',(0.,0.,-1.));
#4008=DIRECTION('ref_axis',(0.96594934187961,0.258731267770921,0.));
#4009=DIRECTION('',(0.258818982659664,-0.965925843020579,0.));
#4010=DIRECTION('center_axis',(0.,0.,1.));
#4011=DIRECTION('ref_axis',(-0.965925892036954,-0.258818799727946,0.));
#4012=DIRECTION('',(-1.,-7.5981216697137E-12,0.));
#4013=DIRECTION('center_axis',(0.,0.,-1.));
#4014=DIRECTION('ref_axis',(0.999999999999721,7.47000541664223E-7,0.));
#4015=DIRECTION('center_axis',(0.,0.,1.));
#4016=DIRECTION('ref_axis',(-0.999999999999721,-7.47125570778009E-7,0.));
#4017=DIRECTION('',(-1.,1.38417415519976E-15,0.));
#4018=DIRECTION('',(0.,1.,0.));
#4019=DIRECTION('center_axis',(1.38417415519976E-15,1.,0.));
#4020=DIRECTION('ref_axis',(-1.,1.38417415519976E-15,0.));
#4021=DIRECTION('',(0.,0.,1.));
#4022=DIRECTION('',(-1.,1.38417415519976E-15,0.));
#4023=DIRECTION('',(0.,0.,-1.));
#4024=DIRECTION('center_axis',(0.,0.,1.));
#4025=DIRECTION('ref_axis',(-0.999999999999721,-7.47125570778009E-7,0.));
#4026=DIRECTION('',(0.,0.,1.));
#4027=DIRECTION('center_axis',(0.,0.,1.));
#4028=DIRECTION('ref_axis',(-0.999999999999721,-7.47125570778009E-7,0.));
#4029=DIRECTION('center_axis',(0.,0.,1.));
#4030=DIRECTION('ref_axis',(0.999999999999721,7.47000541664223E-7,0.));
#4031=DIRECTION('',(0.,0.,1.));
#4032=DIRECTION('center_axis',(0.,0.,-1.));
#4033=DIRECTION('ref_axis',(0.999999999999721,7.47000541664223E-7,0.));
#4034=DIRECTION('center_axis',(-7.5981216697137E-12,1.,0.));
#4035=DIRECTION('ref_axis',(-1.,-7.5981216697137E-12,0.));
#4036=DIRECTION('',(0.,0.,1.));
#4037=DIRECTION('',(-1.,-7.5981216697137E-12,0.));
#4038=DIRECTION('center_axis',(0.,0.,1.));
#4039=DIRECTION('ref_axis',(-0.965925892036954,-0.258818799727946,0.));
#4040=DIRECTION('',(0.,0.,1.));
#4041=DIRECTION('center_axis',(0.,0.,1.));
#4042=DIRECTION('ref_axis',(-0.965925892036954,-0.258818799727946,0.));
#4043=DIRECTION('center_axis',(-0.965925843020579,-0.258818982659664,0.));
#4044=DIRECTION('ref_axis',(0.258818982659664,-0.965925843020579,0.));
#4045=DIRECTION('',(0.,0.,1.));
#4046=DIRECTION('',(0.258818982659664,-0.965925843020579,0.));
#4047=DIRECTION('center_axis',(0.,0.,1.));
#4048=DIRECTION('ref_axis',(0.96594934187961,0.258731267770921,0.));
#4049=DIRECTION('',(0.,0.,1.));
#4050=DIRECTION('center_axis',(0.,0.,-1.));
#4051=DIRECTION('ref_axis',(0.96594934187961,0.258731267770921,0.));
#4052=DIRECTION('center_axis',(-0.258819059604625,0.965925822403241,0.));
#4053=DIRECTION('ref_axis',(-0.965925822403241,-0.258819059604625,0.));
#4054=DIRECTION('',(0.,0.,1.));
#4055=DIRECTION('',(-0.965925822403241,-0.258819059604625,0.));
#4056=DIRECTION('center_axis',(0.,0.,1.));
#4057=DIRECTION('ref_axis',(0.258882333126439,-0.965908866091937,0.));
#4058=DIRECTION('',(0.,0.,1.));
#4059=DIRECTION('center_axis',(0.,0.,-1.));
#4060=DIRECTION('ref_axis',(0.258882333126439,-0.965908866091937,0.));
#4061=DIRECTION('center_axis',(0.866025404958988,0.499999997965621,0.));
#4062=DIRECTION('ref_axis',(-0.499999997965621,0.866025404958988,0.));
#4063=DIRECTION('',(0.,0.,1.));
#4064=DIRECTION('',(-0.499999997965621,0.866025404958988,0.));
#4065=DIRECTION('center_axis',(0.,0.,1.));
#4066=DIRECTION('ref_axis',(-0.866064393212006,-0.499932462248972,0.));
#4067=DIRECTION('',(0.,0.,1.));
#4068=DIRECTION('center_axis',(0.,0.,-1.));
#4069=DIRECTION('ref_axis',(-0.866064393212006,-0.499932462248972,0.));
#4070=DIRECTION('center_axis',(0.499999996572068,-0.866025405763556,0.));
#4071=DIRECTION('ref_axis',(0.866025405763556,0.499999996572068,0.));
#4072=DIRECTION('',(0.,0.,1.));
#4073=DIRECTION('',(0.866025405763556,0.499999996572068,0.));
#4074=DIRECTION('center_axis',(0.,0.,1.));
#4075=DIRECTION('ref_axis',(0.999999999975111,-7.05528882606587E-6,0.));
#4076=DIRECTION('',(0.,0.,1.));
#4077=DIRECTION('center_axis',(0.,0.,1.));
#4078=DIRECTION('ref_axis',(0.999999999975111,-7.05528882606587E-6,0.));
#4079=DIRECTION('center_axis',(1.,-1.39831509934551E-14,0.));
#4080=DIRECTION('ref_axis',(1.39831509934551E-14,1.,0.));
#4081=DIRECTION('',(0.,0.,1.));
#4082=DIRECTION('',(1.39831509934551E-14,1.,0.));
#4083=DIRECTION('center_axis',(0.,0.,1.));
#4084=DIRECTION('ref_axis',(-0.999999999999721,-7.47080559188328E-7,0.));
#4085=DIRECTION('',(0.,0.,1.));
#4086=DIRECTION('center_axis',(0.,0.,-1.));
#4087=DIRECTION('ref_axis',(-0.999999999999721,-7.47080559188328E-7,0.));
#4088=DIRECTION('center_axis',(6.05277142597492E-15,-1.,0.));
#4089=DIRECTION('ref_axis',(1.,6.05277142597492E-15,0.));
#4090=DIRECTION('',(0.,0.,1.));
#4091=DIRECTION('',(1.,6.05277142597492E-15,0.));
#4092=DIRECTION('',(0.,0.,-1.));
#4093=DIRECTION('center_axis',(-6.05277142597492E-15,1.,0.));
#4094=DIRECTION('ref_axis',(0.,0.,-1.));
#4095=DIRECTION('',(-1.,-6.05277142597492E-15,0.));
#4096=DIRECTION('center_axis',(-6.05277142597492E-15,1.,0.));
#4097=DIRECTION('ref_axis',(-1.,0.,4.44089209850064E-15));
#4098=DIRECTION('',(0.,0.,1.));
#4099=DIRECTION('',(1.,6.05277142597492E-15,0.));
#4100=DIRECTION('center_axis',(0.,0.,1.));
#4101=DIRECTION('ref_axis',(0.999999999999564,9.33838512608046E-7,0.));
#4102=DIRECTION('',(0.,0.,1.));
#4103=DIRECTION('center_axis',(0.,0.,1.));
#4104=DIRECTION('ref_axis',(0.999999999999564,9.33838512608046E-7,0.));
#4105=DIRECTION('center_axis',(1.,-7.81597242902727E-13,0.));
#4106=DIRECTION('ref_axis',(7.81597242902727E-13,1.,0.));
#4107=DIRECTION('',(0.,0.,1.));
#4108=DIRECTION('',(7.81597242902727E-13,1.,0.));
#4109=DIRECTION('center_axis',(0.,0.,1.));
#4110=DIRECTION('ref_axis',(-0.999999999999721,-7.47080559188333E-7,0.));
#4111=DIRECTION('',(0.,0.,1.));
#4112=DIRECTION('center_axis',(0.,0.,-1.));
#4113=DIRECTION('ref_axis',(-0.999999999999721,-7.47080559188333E-7,0.));
#4114=DIRECTION('center_axis',(1.11934813621132E-14,-1.,0.));
#4115=DIRECTION('ref_axis',(1.,1.11934813621132E-14,0.));
#4116=DIRECTION('',(0.,0.,1.));
#4117=DIRECTION('',(1.,1.11934813621132E-14,0.));
#4118=DIRECTION('center_axis',(0.,0.,1.));
#4119=DIRECTION('ref_axis',(0.999999999999564,9.33841032816583E-7,0.));
#4120=DIRECTION('',(0.,0.,1.));
#4121=DIRECTION('center_axis',(0.,0.,1.));
#4122=DIRECTION('ref_axis',(0.999999999999564,9.33841032816583E-7,0.));
#4123=DIRECTION('center_axis',(1.,-1.06581442214436E-11,0.));
#4124=DIRECTION('ref_axis',(1.06581442214436E-11,1.,0.));
#4125=DIRECTION('',(0.,0.,1.));
#4126=DIRECTION('',(1.06581442214436E-11,1.,0.));
#4127=DIRECTION('center_axis',(0.,0.,1.));
#4128=DIRECTION('ref_axis',(-0.999999999999721,-7.47080566592932E-7,0.));
#4129=DIRECTION('',(0.,0.,1.));
#4130=DIRECTION('center_axis',(0.,0.,-1.));
#4131=DIRECTION('ref_axis',(-0.999999999999721,-7.47080566592932E-7,0.));
#4132=DIRECTION('center_axis',(1.26622355857544E-13,-1.,0.));
#4133=DIRECTION('ref_axis',(1.,1.26622355857544E-13,0.));
#4134=DIRECTION('',(0.,0.,1.));
#4135=DIRECTION('',(1.,1.26622355857544E-13,0.));
#4136=DIRECTION('center_axis',(0.,0.,1.));
#4137=DIRECTION('ref_axis',(2.66715289263215E-6,0.999999999996443,0.));
#4138=DIRECTION('',(0.,0.,1.));
#4139=DIRECTION('center_axis',(0.,0.,-1.));
#4140=DIRECTION('ref_axis',(2.66715289263215E-6,0.999999999996443,0.));
#4141=DIRECTION('center_axis',(0.,0.,1.));
#4142=DIRECTION('ref_axis',(-4.44521334003073E-6,-0.99999999999012,0.));
#4143=DIRECTION('',(0.,0.,1.));
#4144=DIRECTION('center_axis',(0.,0.,1.));
#4145=DIRECTION('ref_axis',(-4.44521334003073E-6,-0.99999999999012,0.));
#4146=DIRECTION('center_axis',(-3.33175224257321E-13,-1.,0.));
#4147=DIRECTION('ref_axis',(1.,-3.33175224257321E-13,0.));
#4148=DIRECTION('',(0.,0.,1.));
#4149=DIRECTION('',(1.,-3.33175224257321E-13,0.));
#4150=DIRECTION('center_axis',(0.,0.,1.));
#4151=DIRECTION('ref_axis',(-7.4707057457949E-7,0.999999999999721,0.));
#4152=DIRECTION('',(0.,0.,1.));
#4153=DIRECTION('center_axis',(0.,0.,-1.));
#4154=DIRECTION('ref_axis',(-7.4707057457949E-7,0.999999999999721,0.));
#4155=DIRECTION('center_axis',(-1.,-6.43929342256063E-13,0.));
#4156=DIRECTION('ref_axis',(6.43929342256063E-13,-1.,0.));
#4157=DIRECTION('',(0.,0.,1.));
#4158=DIRECTION('',(6.43929342256063E-13,-1.,0.));
#4159=DIRECTION('center_axis',(0.,0.,1.));
#4160=DIRECTION('ref_axis',(9.33851002628633E-7,-0.999999999999564,0.));
#4161=DIRECTION('',(0.,0.,1.));
#4162=DIRECTION('center_axis',(0.,0.,1.));
#4163=DIRECTION('ref_axis',(9.33851002628633E-7,-0.999999999999564,0.));
#4164=DIRECTION('center_axis',(-4.44089215379498E-13,-1.,0.));
#4165=DIRECTION('ref_axis',(1.,-4.44089215379498E-13,0.));
#4166=DIRECTION('',(0.,0.,1.));
#4167=DIRECTION('',(1.,-4.44089215379498E-13,0.));
#4168=DIRECTION('center_axis',(0.,0.,1.));
#4169=DIRECTION('ref_axis',(-7.47070544973524E-7,0.999999999999721,0.));
#4170=DIRECTION('',(0.,0.,1.));
#4171=DIRECTION('center_axis',(0.,0.,-1.));
#4172=DIRECTION('ref_axis',(-7.47070544973524E-7,0.999999999999721,0.));
#4173=DIRECTION('center_axis',(-1.,-4.68312251298929E-13,0.));
#4174=DIRECTION('ref_axis',(4.68312251298929E-13,-1.,0.));
#4175=DIRECTION('',(0.,0.,1.));
#4176=DIRECTION('',(4.68312251298929E-13,-1.,0.));
#4177=DIRECTION('center_axis',(0.,0.,1.));
#4178=DIRECTION('ref_axis',(9.33850980424173E-7,-0.999999999999564,0.));
#4179=DIRECTION('',(0.,0.,1.));
#4180=DIRECTION('center_axis',(0.,0.,1.));
#4181=DIRECTION('ref_axis',(9.33850980424173E-7,-0.999999999999564,0.));
#4182=DIRECTION('center_axis',(-3.32511798980359E-13,-1.,0.));
#4183=DIRECTION('ref_axis',(1.,-3.32511798980359E-13,0.));
#4184=DIRECTION('',(0.,0.,1.));
#4185=DIRECTION('',(1.,-3.32511798980359E-13,0.));
#4186=DIRECTION('center_axis',(0.,0.,1.));
#4187=DIRECTION('ref_axis',(-7.4707060418545E-7,0.999999999999721,0.));
#4188=DIRECTION('',(0.,0.,1.));
#4189=DIRECTION('center_axis',(0.,0.,-1.));
#4190=DIRECTION('ref_axis',(-7.4707060418545E-7,0.999999999999721,0.));
#4191=DIRECTION('center_axis',(-1.,-2.82186973406404E-13,0.));
#4192=DIRECTION('ref_axis',(2.82186973406404E-13,-1.,0.));
#4193=DIRECTION('',(0.,0.,1.));
#4194=DIRECTION('',(2.82186973406404E-13,-1.,0.));
#4195=DIRECTION('center_axis',(0.,0.,1.));
#4196=DIRECTION('ref_axis',(0.999999999999721,7.47000571267237E-7,0.));
#4197=DIRECTION('',(0.,0.,1.));
#4198=DIRECTION('center_axis',(0.,0.,-1.));
#4199=DIRECTION('ref_axis',(0.999999999999721,7.47000571267237E-7,0.));
#4200=DIRECTION('center_axis',(-3.76291585794248E-12,1.,0.));
#4201=DIRECTION('ref_axis',(-1.,-3.76291585794248E-12,0.));
#4202=DIRECTION('',(0.,0.,1.));
#4203=DIRECTION('',(-1.,-3.76291585794248E-12,0.));
#4204=DIRECTION('center_axis',(0.,0.,1.));
#4205=DIRECTION('ref_axis',(-0.999999999999564,-9.33875272126615E-7,0.));
#4206=DIRECTION('',(0.,0.,1.));
#4207=DIRECTION('center_axis',(0.,0.,1.));
#4208=DIRECTION('ref_axis',(-0.999999999999564,-9.33875272126615E-7,0.));
#4209=DIRECTION('center_axis',(-1.,-2.36255477288472E-12,0.));
#4210=DIRECTION('ref_axis',(2.36255477288472E-12,-1.,0.));
#4211=DIRECTION('',(0.,0.,1.));
#4212=DIRECTION('',(2.36255477288472E-12,-1.,0.));
#4213=DIRECTION('center_axis',(0.,0.,1.));
#4214=DIRECTION('ref_axis',(0.999999999999721,7.47000541661249E-7,0.));
#4215=DIRECTION('',(0.,0.,1.));
#4216=DIRECTION('center_axis',(0.,0.,-1.));
#4217=DIRECTION('ref_axis',(0.999999999999721,7.47000541661249E-7,0.));
#4218=DIRECTION('center_axis',(-1.7032915862136E-12,1.,0.));
#4219=DIRECTION('ref_axis',(-1.,-1.7032915862136E-12,0.));
#4220=DIRECTION('',(0.,0.,1.));
#4221=DIRECTION('',(-1.,-1.7032915862136E-12,0.));
#4222=DIRECTION('center_axis',(0.,0.,1.));
#4223=DIRECTION('ref_axis',(-0.999999999999564,-9.33875760625182E-7,0.));
#4224=DIRECTION('',(0.,0.,1.));
#4225=DIRECTION('center_axis',(0.,0.,1.));
#4226=DIRECTION('ref_axis',(-0.999999999999564,-9.33875760625182E-7,0.));
#4227=DIRECTION('center_axis',(-1.,-3.22194381776449E-13,0.));
#4228=DIRECTION('ref_axis',(3.22194381776449E-13,-1.,0.));
#4229=DIRECTION('',(0.,0.,1.));
#4230=DIRECTION('',(3.22194381776449E-13,-1.,0.));
#4231=DIRECTION('center_axis',(0.,0.,1.));
#4232=DIRECTION('ref_axis',(0.999999999999721,7.47000541661271E-7,0.));
#4233=DIRECTION('',(0.,0.,1.));
#4234=DIRECTION('center_axis',(0.,0.,-1.));
#4235=DIRECTION('ref_axis',(0.999999999999721,7.47000541661271E-7,0.));
#4236=DIRECTION('center_axis',(0.,0.,1.));
#4237=DIRECTION('ref_axis',(-1.,0.,0.));
#4238=DIRECTION('center_axis',(0.,0.,1.));
#4239=DIRECTION('ref_axis',(-1.,0.,0.));
#4240=DIRECTION('',(0.,0.,1.));
#4241=DIRECTION('center_axis',(0.,0.,1.));
#4242=DIRECTION('ref_axis',(-1.,0.,0.));
#4243=DIRECTION('center_axis',(0.,0.,-1.));
#4244=DIRECTION('ref_axis',(-1.,0.,0.));
#4245=DIRECTION('center_axis',(0.,0.,-1.));
#4246=DIRECTION('ref_axis',(0.,-1.,0.));
#4247=DIRECTION('center_axis',(0.,0.,1.));
#4248=DIRECTION('ref_axis',(-1.,0.,0.));
#4249=DIRECTION('center_axis',(0.,0.,1.));
#4250=DIRECTION('ref_axis',(-1.,0.,0.));
#4251=DIRECTION('',(0.,0.,1.));
#4252=DIRECTION('center_axis',(0.,0.,1.));
#4253=DIRECTION('ref_axis',(-1.,0.,0.));
#4254=DIRECTION('center_axis',(0.,0.,-1.));
#4255=DIRECTION('ref_axis',(-1.,0.,0.));
#4256=DIRECTION('center_axis',(0.,0.,-1.));
#4257=DIRECTION('ref_axis',(1.,0.,0.));
#4258=DIRECTION('center_axis',(0.,0.,1.));
#4259=DIRECTION('ref_axis',(-1.,0.,0.));
#4260=DIRECTION('center_axis',(0.,0.,1.));
#4261=DIRECTION('ref_axis',(-1.,0.,0.));
#4262=DIRECTION('',(0.,0.,1.));
#4263=DIRECTION('center_axis',(0.,0.,1.));
#4264=DIRECTION('ref_axis',(-1.,0.,0.));
#4265=DIRECTION('center_axis',(0.,0.,-1.));
#4266=DIRECTION('ref_axis',(-1.,0.,0.));
#4267=DIRECTION('center_axis',(0.,0.,-1.));
#4268=DIRECTION('ref_axis',(0.,-1.,0.));
#4269=DIRECTION('center_axis',(0.,0.,1.));
#4270=DIRECTION('ref_axis',(-1.,0.,0.));
#4271=DIRECTION('center_axis',(0.,0.,1.));
#4272=DIRECTION('ref_axis',(-1.,0.,0.));
#4273=DIRECTION('',(0.,0.,1.));
#4274=DIRECTION('center_axis',(0.,0.,1.));
#4275=DIRECTION('ref_axis',(-1.,0.,0.));
#4276=DIRECTION('center_axis',(0.,0.,-1.));
#4277=DIRECTION('ref_axis',(-1.,0.,0.));
#4278=DIRECTION('center_axis',(0.,0.,-1.));
#4279=DIRECTION('ref_axis',(0.,-1.,0.));
#4280=DIRECTION('center_axis',(0.,0.,1.));
#4281=DIRECTION('ref_axis',(-1.,0.,0.));
#4282=DIRECTION('center_axis',(0.,0.,1.));
#4283=DIRECTION('ref_axis',(-1.,0.,0.));
#4284=DIRECTION('',(0.,0.,1.));
#4285=DIRECTION('center_axis',(0.,0.,1.));
#4286=DIRECTION('ref_axis',(-1.,0.,0.));
#4287=DIRECTION('center_axis',(0.,0.,-1.));
#4288=DIRECTION('ref_axis',(-1.,0.,0.));
#4289=DIRECTION('center_axis',(0.,0.,-1.));
#4290=DIRECTION('ref_axis',(1.,0.,0.));
#4291=DIRECTION('center_axis',(0.,0.,1.));
#4292=DIRECTION('ref_axis',(-1.,0.,0.));
#4293=DIRECTION('center_axis',(0.,0.,1.));
#4294=DIRECTION('ref_axis',(-1.,0.,0.));
#4295=DIRECTION('',(0.,0.,1.));
#4296=DIRECTION('center_axis',(0.,0.,1.));
#4297=DIRECTION('ref_axis',(-1.,0.,0.));
#4298=DIRECTION('center_axis',(0.,0.,-1.));
#4299=DIRECTION('ref_axis',(-1.,0.,0.));
#4300=DIRECTION('center_axis',(0.,0.,-1.));
#4301=DIRECTION('ref_axis',(0.,-1.,0.));
#4302=DIRECTION('center_axis',(0.,0.,1.));
#4303=DIRECTION('ref_axis',(-1.,0.,0.));
#4304=DIRECTION('center_axis',(0.,0.,1.));
#4305=DIRECTION('ref_axis',(-1.,0.,0.));
#4306=DIRECTION('',(0.,0.,1.));
#4307=DIRECTION('center_axis',(0.,0.,1.));
#4308=DIRECTION('ref_axis',(-1.,0.,0.));
#4309=DIRECTION('center_axis',(0.,0.,-1.));
#4310=DIRECTION('ref_axis',(-1.,0.,0.));
#4311=DIRECTION('center_axis',(0.,0.,-1.));
#4312=DIRECTION('ref_axis',(0.,-1.,0.));
#4313=DIRECTION('center_axis',(0.,0.,-1.));
#4314=DIRECTION('ref_axis',(-1.,0.,0.));
#4315=DIRECTION('',(1.,6.12355882037312E-15,0.));
#4316=DIRECTION('',(0.,1.,0.));
#4317=DIRECTION('',(0.,1.,0.));
#4318=DIRECTION('center_axis',(0.,1.,0.));
#4319=DIRECTION('ref_axis',(0.,0.,-1.));
#4320=DIRECTION('center_axis',(6.12355882037312E-15,-1.,0.));
#4321=DIRECTION('ref_axis',(0.,0.,-1.));
#4322=DIRECTION('',(0.,1.,0.));
#4323=DIRECTION('center_axis',(1.,0.,0.));
#4324=DIRECTION('ref_axis',(0.,0.,-1.));
#4325=DIRECTION('',(0.,0.,1.));
#4326=DIRECTION('',(0.,-1.,0.));
#4327=DIRECTION('center_axis',(-1.,0.,0.));
#4328=DIRECTION('ref_axis',(0.,0.,1.));
#4329=DIRECTION('',(0.,0.,-1.));
#4330=DIRECTION('',(0.,1.,0.));
#4331=DIRECTION('',(0.,1.,0.));
#4332=DIRECTION('center_axis',(0.,1.,0.));
#4333=DIRECTION('ref_axis',(-1.,0.,4.44089209850064E-15));
#4334=DIRECTION('center_axis',(6.12355882037312E-15,-1.,0.));
#4335=DIRECTION('ref_axis',(-1.,0.,4.44089209850064E-15));
#4336=DIRECTION('center_axis',(-6.12355882037312E-15,1.,0.));
#4337=DIRECTION('ref_axis',(-1.,-6.12355882037312E-15,0.));
#4338=DIRECTION('',(-1.,-6.12355882037312E-15,0.));
#4339=DIRECTION('',(0.,0.,1.));
#4340=DIRECTION('',(1.,6.12355882037312E-15,0.));
#4341=DIRECTION('',(0.,0.,1.));
#4342=DIRECTION('',(-1.,-6.12355882037312E-15,0.));
#4343=DIRECTION('center_axis',(0.,0.,-1.));
#4344=DIRECTION('ref_axis',(-1.,0.,0.));
#4345=DIRECTION('',(-1.,-1.39799287438368E-11,0.));
#4346=DIRECTION('',(7.47080566299021E-7,-0.999999999999721,0.));
#4347=DIRECTION('',(1.,1.38094046720856E-11,0.));
#4348=DIRECTION('center_axis',(0.,0.,1.));
#4349=DIRECTION('ref_axis',(0.999999999999721,7.47000541491364E-7,0.));
#4350=DIRECTION('',(-2.54177938611754E-13,1.,0.));
#4351=DIRECTION('',(1.,1.70325573489751E-12,0.));
#4352=DIRECTION('center_axis',(0.,0.,1.));
#4353=DIRECTION('ref_axis',(0.998865577761427,-0.0476188782241867,0.));
#4354=DIRECTION('',(1.,3.76295945519934E-12,0.));
#4355=DIRECTION('center_axis',(0.,0.,1.));
#4356=DIRECTION('ref_axis',(0.999999999999721,7.4700057109732E-7,0.));
#4357=DIRECTION('',(-2.57825524584562E-13,1.,0.));
#4358=DIRECTION('center_axis',(0.,0.,1.));
#4359=DIRECTION('ref_axis',(-7.47070601865235E-7,0.999999999999721,0.));
#4360=DIRECTION('',(-1.,3.93244281483005E-13,0.));
#4361=DIRECTION('',(-4.68312257660227E-13,1.,0.));
#4362=DIRECTION('center_axis',(0.,0.,1.));
#4363=DIRECTION('ref_axis',(-7.47070542653332E-7,0.999999999999721,0.));
#4364=DIRECTION('',(-1.,5.2928196289393E-13,0.));
#4365=DIRECTION('',(-6.43163683231372E-13,1.,0.));
#4366=DIRECTION('center_axis',(0.,0.,1.));
#4367=DIRECTION('ref_axis',(-7.47070576488706E-7,0.999999999999721,0.));
#4368=DIRECTION('',(-1.,3.77366976153645E-13,0.));
#4369=DIRECTION('center_axis',(0.,0.,1.));
#4370=DIRECTION('ref_axis',(2.66715289262045E-6,0.999999999996443,0.));
#4371=DIRECTION('',(-1.,4.20404267986058E-13,0.));
#4372=DIRECTION('center_axis',(0.,0.,1.));
#4373=DIRECTION('ref_axis',(-0.914422159707349,0.404761798884415,0.));
#4374=DIRECTION('',(-1.,-1.13664827948072E-14,0.));
#4375=DIRECTION('center_axis',(0.,0.,1.));
#4376=DIRECTION('ref_axis',(-0.91442215970756,0.404761798883939,0.));
#4377=DIRECTION('center_axis',(-1.39799287438368E-11,1.,0.));
#4378=DIRECTION('ref_axis',(-1.,-1.39799287438368E-11,0.));
#4379=DIRECTION('',(0.,0.,1.));
#4380=DIRECTION('center_axis',(0.,0.,1.));
#4381=DIRECTION('ref_axis',(1.,0.,0.));
#4382=DIRECTION('',(0.,-1.,0.));
#4383=DIRECTION('',(1.,-1.38417415519976E-15,0.));
#4384=DIRECTION('center_axis',(0.,0.,-1.));
#4385=DIRECTION('ref_axis',(-9.33838235051906E-7,0.999999999999564,0.));
#4386=DIRECTION('',(2.05267900078645E-14,-1.,0.));
#4387=DIRECTION('center_axis',(0.,0.,1.));
#4388=DIRECTION('ref_axis',(7.47080566543122E-7,-0.999999999999721,0.));
#4389=DIRECTION('center_axis',(0.,0.,-1.));
#4390=DIRECTION('ref_axis',(0.,-1.,0.));
#4391=DIRECTION('center_axis',(0.,0.,-1.));
#4392=DIRECTION('ref_axis',(0.,-1.,0.));
#4393=DIRECTION('center_axis',(0.,0.,-1.));
#4394=DIRECTION('ref_axis',(0.,-1.,0.));
#4395=DIRECTION('center_axis',(0.,0.,-1.));
#4396=DIRECTION('ref_axis',(0.,-1.,0.));
#4397=DIRECTION('center_axis',(0.,0.,-1.));
#4398=DIRECTION('ref_axis',(0.,-1.,0.));
#4399=DIRECTION('center_axis',(0.,1.,0.));
#4400=DIRECTION('ref_axis',(1.,0.,0.));
#4401=DIRECTION('',(0.,0.,-1.));
#4402=DIRECTION('',(1.,0.,0.));
#4403=DIRECTION('',(0.,0.,1.));
#4404=DIRECTION('center_axis',(-1.,0.,0.));
#4405=DIRECTION('ref_axis',(0.,1.,0.));
#4406=DIRECTION('',(0.,1.,0.));
#4407=DIRECTION('',(0.,0.,1.));
#4408=DIRECTION('',(0.,1.,0.));
#4409=DIRECTION('center_axis',(0.,0.,-1.));
#4410=DIRECTION('ref_axis',(1.,0.,0.));
#4411=DIRECTION('center_axis',(0.,0.,-1.));
#4412=DIRECTION('ref_axis',(1.,0.,0.));
#4413=DIRECTION('',(0.,0.,-1.));
#4414=DIRECTION('center_axis',(0.,0.,-1.));
#4415=DIRECTION('ref_axis',(1.,0.,0.));
#4416=DIRECTION('center_axis',(0.,0.,-1.));
#4417=DIRECTION('ref_axis',(1.,0.,0.));
#4418=DIRECTION('',(0.,0.,-1.));
#4419=DIRECTION('',(0.,0.,1.));
#4420=DIRECTION('',(0.,0.,1.));
#4421=DIRECTION('center_axis',(7.47080566486212E-7,-0.999999999999721,0.));
#4422=DIRECTION('ref_axis',(0.999999999999721,7.47080566486212E-7,0.));
#4423=DIRECTION('',(-0.999999999999721,-7.47080566486212E-7,0.));
#4424=DIRECTION('',(0.,0.,1.));
#4425=DIRECTION('',(0.999999999999721,7.47080566486212E-7,0.));
#4426=DIRECTION('center_axis',(0.,0.,-1.));
#4427=DIRECTION('ref_axis',(-1.,0.,0.));
#4428=DIRECTION('',(7.47080566299021E-7,-0.999999999999721,0.));
#4429=DIRECTION('center_axis',(0.,0.,1.));
#4430=DIRECTION('ref_axis',(7.47080566543122E-7,-0.999999999999721,0.));
#4431=DIRECTION('',(2.05267900078645E-14,-1.,0.));
#4432=DIRECTION('center_axis',(0.,0.,-1.));
#4433=DIRECTION('ref_axis',(-9.33838235051906E-7,0.999999999999564,0.));
#4434=DIRECTION('',(1.,-1.38417415519976E-15,0.));
#4435=DIRECTION('center_axis',(0.,0.,-1.));
#4436=DIRECTION('ref_axis',(-0.999999999999721,-7.47125586378474E-7,0.));
#4437=DIRECTION('center_axis',(0.,0.,1.));
#4438=DIRECTION('ref_axis',(0.999999999999721,7.47037312196127E-7,0.));
#4439=DIRECTION('',(1.,7.62436792485611E-12,0.));
#4440=DIRECTION('center_axis',(0.,0.,-1.));
#4441=DIRECTION('ref_axis',(-0.965925892036954,-0.258818799727947,0.));
#4442=DIRECTION('',(-0.258818982659666,0.965925843020579,0.));
#4443=DIRECTION('center_axis',(0.,0.,1.));
#4444=DIRECTION('ref_axis',(0.965925843020579,0.258818982659664,0.));
#4445=DIRECTION('center_axis',(0.,0.,1.));
#4446=DIRECTION('ref_axis',(0.965925843020579,0.258818982659664,0.));
#4447=DIRECTION('',(0.,0.,1.));
#4448=DIRECTION('center_axis',(0.,0.,1.));
#4449=DIRECTION('ref_axis',(0.965925843020579,0.258818982659664,0.));
#4450=DIRECTION('',(0.,0.,1.));
#4451=DIRECTION('center_axis',(0.965925843020579,0.258818982659666,0.));
#4452=DIRECTION('ref_axis',(-0.258818982659666,0.965925843020579,0.));
#4453=DIRECTION('',(0.,0.,1.));
#4454=DIRECTION('',(-0.258818982659666,0.965925843020579,0.));
#4455=DIRECTION('center_axis',(0.,0.,1.));
#4456=DIRECTION('ref_axis',(-0.965925892036954,-0.258818799727947,0.));
#4457=DIRECTION('',(0.,0.,1.));
#4458=DIRECTION('center_axis',(0.,0.,-1.));
#4459=DIRECTION('ref_axis',(-0.965925892036954,-0.258818799727947,0.));
#4460=DIRECTION('center_axis',(7.62436792485611E-12,-1.,0.));
#4461=DIRECTION('ref_axis',(1.,7.62436792485611E-12,0.));
#4462=DIRECTION('',(0.,0.,1.));
#4463=DIRECTION('',(1.,7.62436792485611E-12,0.));
#4464=DIRECTION('center_axis',(0.,0.,1.));
#4465=DIRECTION('ref_axis',(0.999999999999721,7.47037312196127E-7,0.));
#4466=DIRECTION('',(0.,0.,1.));
#4467=DIRECTION('center_axis',(0.,0.,1.));
#4468=DIRECTION('ref_axis',(0.999999999999721,7.47037312196127E-7,0.));
#4469=DIRECTION('center_axis',(0.,0.,1.));
#4470=DIRECTION('ref_axis',(-0.999999999999721,-7.47125586378474E-7,0.));
#4471=DIRECTION('',(0.,0.,1.));
#4472=DIRECTION('center_axis',(0.,0.,-1.));
#4473=DIRECTION('ref_axis',(-0.999999999999721,-7.47125586378474E-7,0.));
#4474=DIRECTION('center_axis',(-1.38417415519976E-15,-1.,0.));
#4475=DIRECTION('ref_axis',(1.,-1.38417415519976E-15,0.));
#4476=DIRECTION('',(1.,-1.38417415519976E-15,0.));
#4477=DIRECTION('center_axis',(0.,0.,1.));
#4478=DIRECTION('ref_axis',(-9.33838235051906E-7,0.999999999999564,0.));
#4479=DIRECTION('',(0.,0.,1.));
#4480=DIRECTION('center_axis',(-1.,-2.05267900078645E-14,0.));
#4481=DIRECTION('ref_axis',(2.05267900078645E-14,-1.,0.));
#4482=DIRECTION('',(0.,0.,1.));
#4483=DIRECTION('center_axis',(0.,0.,1.));
#4484=DIRECTION('ref_axis',(7.47080566543122E-7,-0.999999999999721,0.));
#4485=DIRECTION('',(0.,0.,1.));
#4486=DIRECTION('center_axis',(-0.999999999999721,-7.47080566299021E-7,
0.));
#4487=DIRECTION('ref_axis',(7.47080566299021E-7,-0.999999999999721,0.));
#4488=DIRECTION('',(0.,0.,1.));
#4489=DIRECTION('center_axis',(0.258819059573912,-0.965925822411471,0.));
#4490=DIRECTION('ref_axis',(0.965925822411471,0.258819059573912,0.));
#4491=DIRECTION('',(-0.965925822411471,-0.258819059573912,0.));
#4492=DIRECTION('',(0.965925822411471,0.258819059573912,0.));
#4493=DIRECTION('',(0.,0.,1.));
#4494=DIRECTION('center_axis',(0.,0.,1.));
#4495=DIRECTION('ref_axis',(0.258859735069289,-0.96591492252675,0.));
#4496=DIRECTION('center_axis',(0.,0.,-1.));
#4497=DIRECTION('ref_axis',(0.258859735069289,-0.96591492252675,0.));
#4498=DIRECTION('center_axis',(0.,0.,1.));
#4499=DIRECTION('ref_axis',(0.258859735069289,-0.96591492252675,0.));
#4500=DIRECTION('',(0.,0.,1.));
#4501=DIRECTION('center_axis',(-0.866025405050468,-0.499999997807173,0.));
#4502=DIRECTION('ref_axis',(0.499999997807173,-0.866025405050468,0.));
#4503=DIRECTION('',(-0.499999997807173,0.866025405050468,0.));
#4504=DIRECTION('',(0.499999997807173,-0.866025405050468,0.));
#4505=DIRECTION('',(0.,0.,1.));
#4506=DIRECTION('center_axis',(0.,0.,1.));
#4507=DIRECTION('ref_axis',(-0.866050469722091,-0.499956582009023,0.));
#4508=DIRECTION('center_axis',(0.,0.,-1.));
#4509=DIRECTION('ref_axis',(-0.866050469722091,-0.499956582009023,0.));
#4510=DIRECTION('center_axis',(0.,0.,1.));
#4511=DIRECTION('ref_axis',(-0.866050469722091,-0.499956582009023,0.));
#4512=DIRECTION('',(0.,0.,1.));
#4513=DIRECTION('center_axis',(-0.499999996362039,0.866025405884817,0.));
#4514=DIRECTION('ref_axis',(-0.866025405884817,-0.499999996362039,0.));
#4515=DIRECTION('',(0.866025405884817,0.499999996362039,0.));
#4516=DIRECTION('',(-0.866025405884817,-0.499999996362039,0.));
#4517=DIRECTION('',(0.,0.,1.));
#4518=DIRECTION('center_axis',(0.,0.,1.));
#4519=DIRECTION('ref_axis',(0.999999999916349,-1.29345046840661E-5,0.));
#4520=DIRECTION('center_axis',(0.,0.,-1.));
#4521=DIRECTION('ref_axis',(0.999999999916349,-1.29345046840661E-5,0.));
#4522=DIRECTION('center_axis',(0.,0.,-1.));
#4523=DIRECTION('ref_axis',(0.999999999916349,-1.29345046840661E-5,0.));
#4524=DIRECTION('',(0.,0.,1.));
#4525=DIRECTION('center_axis',(-1.,2.96309699414459E-14,0.));
#4526=DIRECTION('ref_axis',(-2.96309699414459E-14,-1.,0.));
#4527=DIRECTION('',(2.96309699414459E-14,1.,0.));
#4528=DIRECTION('',(-2.96309699414459E-14,-1.,0.));
#4529=DIRECTION('',(0.,0.,1.));
#4530=DIRECTION('center_axis',(0.,0.,1.));
#4531=DIRECTION('ref_axis',(-0.999999999999721,-7.47080560037972E-7,0.));
#4532=DIRECTION('center_axis',(0.,0.,-1.));
#4533=DIRECTION('ref_axis',(-0.999999999999721,-7.47080560037972E-7,0.));
#4534=DIRECTION('center_axis',(0.,0.,1.));
#4535=DIRECTION('ref_axis',(-0.999999999999721,-7.47080560037972E-7,0.));
#4536=DIRECTION('center_axis',(0.,0.,1.));
#4537=DIRECTION('ref_axis',(-0.91442215970756,0.404761798883939,0.));
#4538=DIRECTION('center_axis',(0.,0.,-1.));
#4539=DIRECTION('ref_axis',(-0.91442215970756,0.404761798883939,0.));
#4540=DIRECTION('',(0.,0.,1.));
#4541=DIRECTION('center_axis',(-1.13664827948072E-14,1.,0.));
#4542=DIRECTION('ref_axis',(-1.,-1.13664827948072E-14,0.));
#4543=DIRECTION('',(1.,1.13664827948072E-14,0.));
#4544=DIRECTION('',(0.,0.,1.));
#4545=DIRECTION('center_axis',(0.,0.,1.));
#4546=DIRECTION('ref_axis',(-0.914422159707349,0.404761798884415,0.));
#4547=DIRECTION('center_axis',(0.,0.,-1.));
#4548=DIRECTION('ref_axis',(-0.914422159707349,0.404761798884415,0.));
#4549=DIRECTION('',(0.,0.,1.));
#4550=DIRECTION('center_axis',(4.20404267986058E-13,1.,0.));
#4551=DIRECTION('ref_axis',(-1.,4.20404267986058E-13,0.));
#4552=DIRECTION('',(1.,-4.20404267986058E-13,0.));
#4553=DIRECTION('',(0.,0.,1.));
#4554=DIRECTION('center_axis',(0.,0.,1.));
#4555=DIRECTION('ref_axis',(2.66715289262045E-6,0.999999999996443,0.));
#4556=DIRECTION('center_axis',(0.,0.,-1.));
#4557=DIRECTION('ref_axis',(2.66715289262045E-6,0.999999999996443,0.));
#4558=DIRECTION('',(0.,0.,1.));
#4559=DIRECTION('center_axis',(3.77366976153645E-13,1.,0.));
#4560=DIRECTION('ref_axis',(-1.,3.77366976153645E-13,0.));
#4561=DIRECTION('',(1.,-3.77366976153645E-13,0.));
#4562=DIRECTION('',(0.,0.,1.));
#4563=DIRECTION('center_axis',(0.,0.,1.));
#4564=DIRECTION('ref_axis',(-7.47070576488706E-7,0.999999999999721,0.));
#4565=DIRECTION('center_axis',(0.,0.,-1.));
#4566=DIRECTION('ref_axis',(-7.47070576488706E-7,0.999999999999721,0.));
#4567=DIRECTION('',(0.,0.,1.));
#4568=DIRECTION('center_axis',(1.,6.43163683231372E-13,0.));
#4569=DIRECTION('ref_axis',(-6.43163683231372E-13,1.,0.));
#4570=DIRECTION('',(6.43163683231372E-13,-1.,0.));
#4571=DIRECTION('',(0.,0.,1.));
#4572=DIRECTION('center_axis',(5.2928196289393E-13,1.,0.));
#4573=DIRECTION('ref_axis',(-1.,5.2928196289393E-13,0.));
#4574=DIRECTION('',(1.,-5.2928196289393E-13,0.));
#4575=DIRECTION('',(0.,0.,1.));
#4576=DIRECTION('center_axis',(0.,0.,1.));
#4577=DIRECTION('ref_axis',(-7.47070542653332E-7,0.999999999999721,0.));
#4578=DIRECTION('center_axis',(0.,0.,-1.));
#4579=DIRECTION('ref_axis',(-7.47070542653332E-7,0.999999999999721,0.));
#4580=DIRECTION('',(0.,0.,1.));
#4581=DIRECTION('center_axis',(1.,4.68312257660227E-13,0.));
#4582=DIRECTION('ref_axis',(-4.68312257660227E-13,1.,0.));
#4583=DIRECTION('',(4.68312257660227E-13,-1.,0.));
#4584=DIRECTION('',(0.,0.,1.));
#4585=DIRECTION('center_axis',(3.93244281483005E-13,1.,0.));
#4586=DIRECTION('ref_axis',(-1.,3.93244281483005E-13,0.));
#4587=DIRECTION('',(1.,-3.93244281483005E-13,0.));
#4588=DIRECTION('',(0.,0.,1.));
#4589=DIRECTION('center_axis',(0.,0.,1.));
#4590=DIRECTION('ref_axis',(-7.47070601865235E-7,0.999999999999721,0.));
#4591=DIRECTION('center_axis',(0.,0.,-1.));
#4592=DIRECTION('ref_axis',(-7.47070601865235E-7,0.999999999999721,0.));
#4593=DIRECTION('',(0.,0.,1.));
#4594=DIRECTION('center_axis',(1.,2.57825524584562E-13,0.));
#4595=DIRECTION('ref_axis',(-2.57825524584562E-13,1.,0.));
#4596=DIRECTION('',(2.57825524584562E-13,-1.,0.));
#4597=DIRECTION('',(0.,0.,1.));
#4598=DIRECTION('center_axis',(0.,0.,1.));
#4599=DIRECTION('ref_axis',(0.999999999999721,7.4700057109732E-7,0.));
#4600=DIRECTION('center_axis',(0.,0.,-1.));
#4601=DIRECTION('ref_axis',(0.999999999999721,7.4700057109732E-7,0.));
#4602=DIRECTION('',(0.,0.,1.));
#4603=DIRECTION('center_axis',(3.76295945519934E-12,-1.,0.));
#4604=DIRECTION('ref_axis',(1.,3.76295945519934E-12,0.));
#4605=DIRECTION('',(-1.,-3.76295945519934E-12,0.));
#4606=DIRECTION('',(0.,0.,1.));
#4607=DIRECTION('center_axis',(0.,0.,1.));
#4608=DIRECTION('ref_axis',(0.998865577761427,-0.0476188782241867,0.));
#4609=DIRECTION('center_axis',(0.,0.,-1.));
#4610=DIRECTION('ref_axis',(0.998865577761427,-0.0476188782241867,0.));
#4611=DIRECTION('',(0.,0.,1.));
#4612=DIRECTION('center_axis',(1.70325573489751E-12,-1.,0.));
#4613=DIRECTION('ref_axis',(1.,1.70325573489751E-12,0.));
#4614=DIRECTION('',(-1.,-1.70325573489751E-12,0.));
#4615=DIRECTION('',(0.,0.,1.));
#4616=DIRECTION('center_axis',(1.,2.54177938611754E-13,0.));
#4617=DIRECTION('ref_axis',(-2.54177938611754E-13,1.,0.));
#4618=DIRECTION('',(2.54177938611754E-13,-1.,0.));
#4619=DIRECTION('',(0.,0.,1.));
#4620=DIRECTION('center_axis',(0.,0.,1.));
#4621=DIRECTION('ref_axis',(0.999999999999721,7.47000541491364E-7,0.));
#4622=DIRECTION('center_axis',(0.,0.,-1.));
#4623=DIRECTION('ref_axis',(0.999999999999721,7.47000541491364E-7,0.));
#4624=DIRECTION('',(0.,0.,1.));
#4625=DIRECTION('center_axis',(1.38094046720856E-11,-1.,0.));
#4626=DIRECTION('ref_axis',(1.,1.38094046720856E-11,0.));
#4627=DIRECTION('',(-1.,-1.38094046720856E-11,0.));
#4628=DIRECTION('center_axis',(0.,0.,-1.));
#4629=DIRECTION('ref_axis',(-1.,0.,0.));
#4630=DIRECTION('center_axis',(0.,0.,1.));
#4631=DIRECTION('ref_axis',(1.,0.,0.));
#4632=DIRECTION('center_axis',(0.,0.,-1.));
#4633=DIRECTION('ref_axis',(0.,-1.,0.));
#4634=DIRECTION('',(0.,0.,-1.));
#4635=DIRECTION('center_axis',(0.,0.,-1.));
#4636=DIRECTION('ref_axis',(0.,-1.,0.));
#4637=DIRECTION('',(0.,0.,-1.));
#4638=DIRECTION('center_axis',(0.,0.,-1.));
#4639=DIRECTION('ref_axis',(0.,-1.,0.));
#4640=DIRECTION('',(0.,0.,-1.));
#4641=DIRECTION('center_axis',(0.,0.,-1.));
#4642=DIRECTION('ref_axis',(0.,-1.,0.));
#4643=DIRECTION('',(0.,0.,-1.));
#4644=DIRECTION('center_axis',(0.,0.,-1.));
#4645=DIRECTION('ref_axis',(0.,-1.,0.));
#4646=DIRECTION('',(0.,0.,-1.));
#4647=DIRECTION('',(0.,0.,1.));
#4648=DIRECTION('',(1.,0.,0.));
#4649=CARTESIAN_POINT('',(0.,0.,0.));
#4650=CARTESIAN_POINT('',(0.,0.,0.));
#4651=CARTESIAN_POINT('Origin',(121.,-101.699999999975,2.8));
#4652=CARTESIAN_POINT('',(91.5000005976604,-101.699999999975,2.8));
#4653=CARTESIAN_POINT('',(121.,-101.699999999975,2.8));
#4654=CARTESIAN_POINT('',(60.5000000000005,-101.699999999976,2.8));
#4655=CARTESIAN_POINT('',(91.5000005976604,-101.699999999975,9.2));
#4656=CARTESIAN_POINT('',(91.5000005976604,-101.699999999975,2.8));
#4657=CARTESIAN_POINT('',(121.,-101.699999999975,9.2));
#4658=CARTESIAN_POINT('',(91.5000005976604,-101.699999999975,9.2));
#4659=CARTESIAN_POINT('',(121.,-101.699999999975,2.8));
#4660=CARTESIAN_POINT('Origin',(132.000000149402,-126.2,2.8));
#4661=CARTESIAN_POINT('',(132.000000149416,-127.2,2.8));
#4662=CARTESIAN_POINT('',(132.000000149402,-126.2,2.8));
#4663=CARTESIAN_POINT('',(132.00000014852,-63.0999999990773,2.8));
#4664=CARTESIAN_POINT('',(132.000000149416,-127.2,9.2));
#4665=CARTESIAN_POINT('',(132.000000149416,-127.2,0.));
#4666=CARTESIAN_POINT('',(132.000000149402,-126.2,9.2));
#4667=CARTESIAN_POINT('',(132.000000149402,-126.2,9.2));
#4668=CARTESIAN_POINT('',(132.000000149402,-126.2,2.8));
#4669=CARTESIAN_POINT('Origin',(136.999999999989,-126.19999999993,2.8));
#4670=CARTESIAN_POINT('',(136.999999999989,-126.19999999993,2.8));
#4671=CARTESIAN_POINT('',(68.5000000008769,-126.200000000888,2.8));
#4672=CARTESIAN_POINT('',(136.999999999989,-126.19999999993,9.2));
#4673=CARTESIAN_POINT('',(132.000000149402,-126.2,9.2));
#4674=CARTESIAN_POINT('',(136.999999999989,-126.19999999993,2.8));
#4675=CARTESIAN_POINT('Origin',(137.00000074707,-126.000000747,2.8));
#4676=CARTESIAN_POINT('',(137.2,-126.0000005976,2.8));
#4677=CARTESIAN_POINT('Origin',(137.00000074707,-126.000000747,2.8));
#4678=CARTESIAN_POINT('',(137.2,-126.0000005976,9.2));
#4679=CARTESIAN_POINT('Origin',(137.00000074707,-126.000000747,9.2));
#4680=CARTESIAN_POINT('',(137.2,-126.0000005976,2.8));
#4681=CARTESIAN_POINT('Origin',(137.199999999995,-111.5,2.8));
#4682=CARTESIAN_POINT('',(137.199999999995,-111.5,2.8));
#4683=CARTESIAN_POINT('',(137.199999999976,-55.7499999999768,2.8));
#4684=CARTESIAN_POINT('',(137.199999999995,-111.5,9.2));
#4685=CARTESIAN_POINT('',(137.2,-126.0000005976,9.2));
#4686=CARTESIAN_POINT('',(137.199999999995,-111.5,2.8));
#4687=CARTESIAN_POINT('Origin',(138.99999925292,-111.4999992529,2.8));
#4688=CARTESIAN_POINT('',(139.000000597664,-109.699999999975,2.8));
#4689=CARTESIAN_POINT('Origin',(138.99999925292,-111.4999992529,2.8));
#4690=CARTESIAN_POINT('',(139.000000597664,-109.699999999975,9.2));
#4691=CARTESIAN_POINT('Origin',(138.99999925292,-111.4999992529,9.2));
#4692=CARTESIAN_POINT('',(139.000000597664,-109.699999999975,2.8));
#4693=CARTESIAN_POINT('Origin',(165.499999999999,-109.69999999993,2.8));
#4694=CARTESIAN_POINT('',(165.499999999999,-109.69999999993,2.8));
#4695=CARTESIAN_POINT('',(82.7500000000932,-109.700000000072,2.8));
#4696=CARTESIAN_POINT('',(165.499999999999,-109.69999999993,9.2));
#4697=CARTESIAN_POINT('',(139.000000597664,-109.699999999975,9.2));
#4698=CARTESIAN_POINT('',(165.499999999999,-109.69999999993,2.8));
#4699=CARTESIAN_POINT('Origin',(165.50000074707,-109.500000747,2.8));
#4700=CARTESIAN_POINT('',(165.7,-109.5000005976,2.8));
#4701=CARTESIAN_POINT('Origin',(165.50000074707,-109.500000747,2.8));
#4702=CARTESIAN_POINT('',(165.7,-109.5000005976,9.2));
#4703=CARTESIAN_POINT('Origin',(165.50000074707,-109.500000747,9.2));
#4704=CARTESIAN_POINT('',(165.7,-109.5000005976,2.8));
#4705=CARTESIAN_POINT('Origin',(165.699999999995,-107.500000000002,2.8));
#4706=CARTESIAN_POINT('',(165.699999999995,-107.500000000002,2.8));
#4707=CARTESIAN_POINT('',(165.699999999861,-53.7499999997934,2.8));
#4708=CARTESIAN_POINT('',(165.699999999995,-107.500000000002,9.2));
#4709=CARTESIAN_POINT('',(165.7,-109.5000005976,9.2));
#4710=CARTESIAN_POINT('',(165.699999999995,-107.500000000002,2.8));
#4711=CARTESIAN_POINT('Origin',(167.49999925292,-107.4999992529,2.8));
#4712=CARTESIAN_POINT('',(167.500000597665,-105.699999999975,2.8));
#4713=CARTESIAN_POINT('Origin',(167.49999925292,-107.4999992529,2.8));
#4714=CARTESIAN_POINT('',(167.500000597665,-105.699999999975,9.2));
#4715=CARTESIAN_POINT('Origin',(167.49999925292,-107.4999992529,9.2));
#4716=CARTESIAN_POINT('',(167.500000597665,-105.699999999975,2.8));
#4717=CARTESIAN_POINT('Origin',(179.499999999997,-105.69999999993,2.8));
#4718=CARTESIAN_POINT('',(179.499999999997,-105.69999999993,2.8));
#4719=CARTESIAN_POINT('',(89.7500000001984,-105.700000000269,2.8));
#4720=CARTESIAN_POINT('',(179.499999999997,-105.69999999993,9.2));
#4721=CARTESIAN_POINT('',(167.500000597665,-105.699999999975,9.2));
#4722=CARTESIAN_POINT('',(179.499999999997,-105.69999999993,2.8));
#4723=CARTESIAN_POINT('Origin',(179.50000074707,-105.500000747,2.8));
#4724=CARTESIAN_POINT('',(179.7,-105.5000005976,2.8));
#4725=CARTESIAN_POINT('Origin',(179.50000074707,-105.500000747,2.8));
#4726=CARTESIAN_POINT('',(179.7,-105.5000005976,9.2));
#4727=CARTESIAN_POINT('Origin',(179.50000074707,-105.500000747,9.2));
#4728=CARTESIAN_POINT('',(179.7,-105.5000005976,2.8));
#4729=CARTESIAN_POINT('Origin',(179.69999999999,-70.5000000000003,2.8));
#4730=CARTESIAN_POINT('',(179.69999999999,-70.5000000000003,2.8));
#4731=CARTESIAN_POINT('',(179.69999999998,-35.249999999974,2.8));
#4732=CARTESIAN_POINT('',(179.69999999999,-70.5000000000003,9.2));
#4733=CARTESIAN_POINT('',(179.7,-105.5000005976,9.2));
#4734=CARTESIAN_POINT('',(179.69999999999,-70.5000000000003,2.8));
#4735=CARTESIAN_POINT('Origin',(179.50000074707,-70.49999925292,2.8));
#4736=CARTESIAN_POINT('',(179.500000597656,-70.2999999999998,2.8));
#4737=CARTESIAN_POINT('Origin',(179.50000074707,-70.49999925292,2.8));
#4738=CARTESIAN_POINT('',(179.500000597656,-70.2999999999998,9.2));
#4739=CARTESIAN_POINT('Origin',(179.50000074707,-70.49999925292,9.2));
#4740=CARTESIAN_POINT('',(179.500000597656,-70.2999999999998,2.8));
#4741=CARTESIAN_POINT('Origin',(163.5,-70.2999999999947,2.8));
#4742=CARTESIAN_POINT('',(163.5,-70.2999999999949,2.8));
#4743=CARTESIAN_POINT('',(81.7499999999888,-70.299999999969,2.8));
#4744=CARTESIAN_POINT('',(163.5,-70.2999999999949,9.2));
#4745=CARTESIAN_POINT('',(179.500000597656,-70.2999999999998,9.2));
#4746=CARTESIAN_POINT('',(163.5,-70.2999999999949,2.8));
#4747=CARTESIAN_POINT('Origin',(163.49999925292,-68.50000074707,2.8));
#4748=CARTESIAN_POINT('',(161.699999999995,-68.4999994023435,2.8));
#4749=CARTESIAN_POINT('Origin',(163.49999925292,-68.50000074707,2.8));
#4750=CARTESIAN_POINT('',(161.699999999995,-68.4999994023435,9.2));
#4751=CARTESIAN_POINT('Origin',(163.49999925292,-68.50000074707,9.2));
#4752=CARTESIAN_POINT('',(161.699999999995,-68.4999994023435,2.8));
#4753=CARTESIAN_POINT('Origin',(161.69999999999,-57.5000000000004,2.8));
#4754=CARTESIAN_POINT('',(161.69999999999,-57.5000000000004,2.8));
#4755=CARTESIAN_POINT('',(161.699999999976,-28.7499999999607,2.8));
#4756=CARTESIAN_POINT('',(161.69999999999,-57.5000000000004,9.2));
#4757=CARTESIAN_POINT('',(161.699999999995,-68.4999994023435,9.2));
#4758=CARTESIAN_POINT('',(161.69999999999,-57.5000000000004,2.8));
#4759=CARTESIAN_POINT('Origin',(161.50000074707,-57.4999992529201,2.8));
#4760=CARTESIAN_POINT('',(161.500000597656,-57.2999999999998,2.8));
#4761=CARTESIAN_POINT('Origin',(161.50000074707,-57.4999992529201,2.8));
#4762=CARTESIAN_POINT('',(161.500000597656,-57.2999999999998,9.2));
#4763=CARTESIAN_POINT('Origin',(161.50000074707,-57.4999992529201,9.2));
#4764=CARTESIAN_POINT('',(161.500000597656,-57.2999999999998,2.8));
#4765=CARTESIAN_POINT('Origin',(149.5,-57.2999999999947,2.8));
#4766=CARTESIAN_POINT('',(149.5,-57.2999999999949,2.8));
#4767=CARTESIAN_POINT('',(74.7499999999877,-57.2999999999632,2.8));
#4768=CARTESIAN_POINT('',(149.5,-57.2999999999949,9.2));
#4769=CARTESIAN_POINT('',(161.500000597656,-57.2999999999998,9.2));
#4770=CARTESIAN_POINT('',(149.5,-57.2999999999949,2.8));
#4771=CARTESIAN_POINT('Origin',(149.49999925292,-55.50000074707,2.8));
#4772=CARTESIAN_POINT('',(147.699999999995,-55.4999994023436,2.8));
#4773=CARTESIAN_POINT('Origin',(149.49999925292,-55.50000074707,2.8));
#4774=CARTESIAN_POINT('',(147.699999999995,-55.4999994023436,9.2));
#4775=CARTESIAN_POINT('Origin',(149.49999925292,-55.50000074707,9.2));
#4776=CARTESIAN_POINT('',(147.699999999995,-55.4999994023436,2.8));
#4777=CARTESIAN_POINT('Origin',(147.69999999999,-47.5000000000005,2.8));
#4778=CARTESIAN_POINT('',(147.69999999999,-47.5000000000005,2.8));
#4779=CARTESIAN_POINT('',(147.699999999974,-23.7499999999509,2.8));
#4780=CARTESIAN_POINT('',(147.69999999999,-47.5000000000005,9.2));
#4781=CARTESIAN_POINT('',(147.699999999995,-55.4999994023436,9.2));
#4782=CARTESIAN_POINT('',(147.69999999999,-47.5000000000005,2.8));
#4783=CARTESIAN_POINT('Origin',(147.50000074707,-47.49999925292,2.8));
#4784=CARTESIAN_POINT('',(147.500000597656,-47.2999999999998,2.8));
#4785=CARTESIAN_POINT('Origin',(147.50000074707,-47.49999925292,2.8));
#4786=CARTESIAN_POINT('',(147.500000597656,-47.2999999999998,9.2));
#4787=CARTESIAN_POINT('Origin',(147.50000074707,-47.49999925292,9.2));
#4788=CARTESIAN_POINT('',(147.500000597656,-47.2999999999998,2.8));
#4789=CARTESIAN_POINT('Origin',(127.,-47.2999999999932,2.8));
#4790=CARTESIAN_POINT('',(127.,-47.2999999999955,2.8));
#4791=CARTESIAN_POINT('',(63.4999999999923,-47.2999999999729,2.8));
#4792=CARTESIAN_POINT('',(127.,-47.2999999999955,9.2));
#4793=CARTESIAN_POINT('',(147.500000597656,-47.2999999999998,9.2));
#4794=CARTESIAN_POINT('',(127.,-47.2999999999955,2.8));
#4795=CARTESIAN_POINT('Origin',(127.00000133357,-45.99999866642,2.8));
#4796=CARTESIAN_POINT('',(125.735089215219,-46.2999999999975,2.8));
#4797=CARTESIAN_POINT('Origin',(127.00000133357,-45.99999866642,2.8));
#4798=CARTESIAN_POINT('',(125.735089215219,-46.2999999999975,9.2));
#4799=CARTESIAN_POINT('Origin',(127.00000133357,-45.99999866642,9.2));
#4800=CARTESIAN_POINT('',(125.735089215219,-46.2999999999975,2.8));
#4801=CARTESIAN_POINT('Origin',(106.5,-46.3,2.8));
#4802=CARTESIAN_POINT('',(106.5,-46.3,2.8));
#4803=CARTESIAN_POINT('',(53.250000000003,-46.3000000000067,2.8));
#4804=CARTESIAN_POINT('',(106.5,-46.3,9.2));
#4805=CARTESIAN_POINT('',(125.735089215219,-46.2999999999975,9.2));
#4806=CARTESIAN_POINT('',(106.5,-46.3,2.8));
#4807=CARTESIAN_POINT('Origin',(106.49999925292,-46.49999925292,2.8));
#4808=CARTESIAN_POINT('',(106.3,-46.4999994023356,2.8));
#4809=CARTESIAN_POINT('Origin',(106.49999925292,-46.49999925292,2.8));
#4810=CARTESIAN_POINT('',(106.3,-46.4999994023356,9.2));
#4811=CARTESIAN_POINT('Origin',(106.49999925292,-46.49999925292,9.2));
#4812=CARTESIAN_POINT('',(106.3,-46.4999994023356,2.8));
#4813=CARTESIAN_POINT('Origin',(106.299999999995,-47.0000000000085,2.8));
#4814=CARTESIAN_POINT('',(106.299999999995,-47.0000000000085,2.8));
#4815=CARTESIAN_POINT('',(106.300000000233,-23.5000000005424,2.8));
#4816=CARTESIAN_POINT('',(106.299999999995,-47.0000000000085,9.2));
#4817=CARTESIAN_POINT('',(106.3,-46.4999994023356,9.2));
#4818=CARTESIAN_POINT('',(106.299999999995,-47.0000000000085,2.8));
#4819=CARTESIAN_POINT('Origin',(104.50000074707,-47.00000074707,2.8));
#4820=CARTESIAN_POINT('',(104.499999402344,-48.7999999999946,2.8));
#4821=CARTESIAN_POINT('Origin',(104.50000074707,-47.00000074707,2.8));
#4822=CARTESIAN_POINT('',(104.499999402344,-48.7999999999946,9.2));
#4823=CARTESIAN_POINT('Origin',(104.50000074707,-47.00000074707,9.2));
#4824=CARTESIAN_POINT('',(104.499999402344,-48.7999999999946,2.8));
#4825=CARTESIAN_POINT('Origin',(86.2500000000001,-48.799999999995,2.8));
#4826=CARTESIAN_POINT('',(86.2500000000001,-48.799999999995,2.8));
#4827=CARTESIAN_POINT('',(43.1250000000006,-48.7999999999959,2.8));
#4828=CARTESIAN_POINT('',(86.2500000000001,-48.799999999995,9.2));
#4829=CARTESIAN_POINT('',(104.499999402344,-48.7999999999946,9.2));
#4830=CARTESIAN_POINT('',(86.2500000000001,-48.799999999995,2.8));
#4831=CARTESIAN_POINT('Origin',(86.249999252925,-48.99999925292,2.8));
#4832=CARTESIAN_POINT('',(86.0499999999998,-48.9999994023356,2.8));
#4833=CARTESIAN_POINT('Origin',(86.249999252925,-48.99999925292,2.8));
#4834=CARTESIAN_POINT('',(86.0499999999998,-48.9999994023356,9.2));
#4835=CARTESIAN_POINT('Origin',(86.249999252925,-48.99999925292,9.2));
#4836=CARTESIAN_POINT('',(86.0499999999998,-48.9999994023356,2.8));
#4837=CARTESIAN_POINT('Origin',(86.0499999999997,-49.5000000000007,2.8));
#4838=CARTESIAN_POINT('',(86.0499999999999,-49.5000000000007,2.8));
#4839=CARTESIAN_POINT('',(86.0500000000058,-24.750000000011,2.8));
#4840=CARTESIAN_POINT('',(86.0499999999999,-49.5000000000007,9.2));
#4841=CARTESIAN_POINT('',(86.0499999999998,-48.9999994023356,9.2));
#4842=CARTESIAN_POINT('',(86.0499999999999,-49.5000000000007,2.8));
#4843=CARTESIAN_POINT('Origin',(84.250000747075,-49.50000074707,2.8));
#4844=CARTESIAN_POINT('',(84.2499994023395,-51.2999999999945,2.8));
#4845=CARTESIAN_POINT('Origin',(84.250000747075,-49.50000074707,2.8));
#4846=CARTESIAN_POINT('',(84.2499994023395,-51.2999999999945,9.2));
#4847=CARTESIAN_POINT('Origin',(84.250000747075,-49.50000074707,9.2));
#4848=CARTESIAN_POINT('',(84.2499994023395,-51.2999999999945,2.8));
#4849=CARTESIAN_POINT('Origin',(50.5,-51.299999999995,2.8));
#4850=CARTESIAN_POINT('',(50.5,-51.299999999995,2.8));
#4851=CARTESIAN_POINT('',(25.2500000000004,-51.2999999999953,2.8));
#4852=CARTESIAN_POINT('',(50.5,-51.299999999995,9.2));
#4853=CARTESIAN_POINT('',(84.2499994023395,-51.2999999999945,9.2));
#4854=CARTESIAN_POINT('',(50.5,-51.299999999995,2.8));
#4855=CARTESIAN_POINT('Origin',(50.499999252925,-51.49999925292,2.8));
#4856=CARTESIAN_POINT('',(50.2999999999998,-51.4999994023355,2.8));
#4857=CARTESIAN_POINT('Origin',(50.499999252925,-51.49999925292,2.8));
#4858=CARTESIAN_POINT('',(50.2999999999998,-51.4999994023355,9.2));
#4859=CARTESIAN_POINT('Origin',(50.499999252925,-51.49999925292,9.2));
#4860=CARTESIAN_POINT('',(50.2999999999998,-51.4999994023355,2.8));
#4861=CARTESIAN_POINT('Origin',(50.2999999999993,-104.854918,2.8));
#4862=CARTESIAN_POINT('',(50.3000000000199,-104.854918,2.8));
#4863=CARTESIAN_POINT('',(50.2999999999998,-52.4274590000002,2.8));
#4864=CARTESIAN_POINT('',(50.3000000000199,-104.854918,9.2));
#4865=CARTESIAN_POINT('',(50.2999999999998,-51.4999994023355,9.2));
#4866=CARTESIAN_POINT('',(50.3000000000199,-104.854918,2.8));
#4867=CARTESIAN_POINT('Origin',(44.499941375652,-104.8548841342,2.8));
#4868=CARTESIAN_POINT('',(47.4000046898382,-109.877862615237,2.8));
#4869=CARTESIAN_POINT('Origin',(44.499941375652,-104.8548841342,2.8));
#4870=CARTESIAN_POINT('',(47.4000046898382,-109.877862615237,9.2));
#4871=CARTESIAN_POINT('Origin',(44.499941375652,-104.8548841342,9.2));
#4872=CARTESIAN_POINT('',(47.4000046898382,-109.877862615237,2.8));
#4873=CARTESIAN_POINT('Origin',(38.3557975242994,-115.099538009157,2.8));
#4874=CARTESIAN_POINT('',(38.3557975242994,-115.099538009157,2.8));
#4875=CARTESIAN_POINT('',(48.8921542430734,-109.016369676877,2.8));
#4876=CARTESIAN_POINT('',(38.3557975242994,-115.099538009157,9.2));
#4877=CARTESIAN_POINT('',(47.4000046898382,-109.877862615237,9.2));
#4878=CARTESIAN_POINT('',(38.3557975242994,-115.099538009157,2.8));
#4879=CARTESIAN_POINT('Origin',(38.455887497404,-115.2727892153,2.8));
#4880=CARTESIAN_POINT('',(38.282597829731,-115.372812576016,2.8));
#4881=CARTESIAN_POINT('Origin',(38.455887497404,-115.2727892153,2.8));
#4882=CARTESIAN_POINT('',(38.282597829731,-115.372812576016,9.2));
#4883=CARTESIAN_POINT('Origin',(38.455887497404,-115.2727892153,9.2));
#4884=CARTESIAN_POINT('',(38.282597829731,-115.372812576016,2.8));
#4885=CARTESIAN_POINT('Origin',(47.4150557626107,-131.190693798122,2.8));
#4886=CARTESIAN_POINT('',(47.4150557626107,-131.190693798122,2.8));
#4887=CARTESIAN_POINT('',(13.0845555231381,-71.7285228169285,2.8));
#4888=CARTESIAN_POINT('',(47.4150557626107,-131.190693798122,9.2));
#4889=CARTESIAN_POINT('',(38.282597829731,-115.372812576016,9.2));
#4890=CARTESIAN_POINT('',(47.4150557626107,-131.190693798122,2.8));
#4891=CARTESIAN_POINT('Origin',(47.588189890547,-131.0907561307,2.8));
#4892=CARTESIAN_POINT('',(47.6399476241515,-131.283847043584,2.8));
#4893=CARTESIAN_POINT('Origin',(47.588189890547,-131.0907561307,2.8));
#4894=CARTESIAN_POINT('',(47.6399476241515,-131.283847043584,9.2));
#4895=CARTESIAN_POINT('Origin',(47.588189890547,-131.0907561307,9.2));
#4896=CARTESIAN_POINT('',(47.6399476241515,-131.283847043584,2.8));
#4897=CARTESIAN_POINT('Origin',(82.5573955082137,-121.927744517638,2.8));
#4898=CARTESIAN_POINT('',(82.5573955082137,-121.927744517638,2.8));
#4899=CARTESIAN_POINT('',(59.2848153567925,-128.163613950678,2.8));
#4900=CARTESIAN_POINT('',(82.5573955082137,-121.927744517638,9.2));
#4901=CARTESIAN_POINT('',(47.6399476241515,-131.283847043584,9.2));
#4902=CARTESIAN_POINT('',(82.5573955082137,-121.927744517638,2.8));
#4903=CARTESIAN_POINT('Origin',(82.505544690929,-121.7344799621,2.8));
#4904=CARTESIAN_POINT('',(82.698842133074,-121.682751899267,2.8));
#4905=CARTESIAN_POINT('Origin',(82.505544690929,-121.7344799621,2.8));
#4906=CARTESIAN_POINT('',(82.698842133074,-121.682751899267,9.2));
#4907=CARTESIAN_POINT('Origin',(82.505544690929,-121.7344799621,9.2));
#4908=CARTESIAN_POINT('',(82.698842133074,-121.682751899267,2.8));
#4909=CARTESIAN_POINT('Origin',(79.8367163255949,-111.001150186124,2.8));
#4910=CARTESIAN_POINT('',(79.8367163255949,-111.001150186124,2.8));
#4911=CARTESIAN_POINT('',(63.28755402325,-49.2388195653366,2.8));
#4912=CARTESIAN_POINT('',(79.8367163255949,-111.001150186124,9.2));
#4913=CARTESIAN_POINT('',(82.698842133074,-121.682751899267,9.2));
#4914=CARTESIAN_POINT('',(79.8367163255949,-111.001150186124,2.8));
#4915=CARTESIAN_POINT('Origin',(85.439087190721,-109.5000007664,2.8));
#4916=CARTESIAN_POINT('',(85.4390858094847,-103.699999999956,2.8));
#4917=CARTESIAN_POINT('Origin',(85.439087190721,-109.5000007664,2.8));
#4918=CARTESIAN_POINT('',(85.4390858094847,-103.699999999956,9.2));
#4919=CARTESIAN_POINT('Origin',(85.439087190721,-109.5000007664,9.2));
#4920=CARTESIAN_POINT('',(85.4390858094847,-103.699999999956,2.8));
#4921=CARTESIAN_POINT('Origin',(89.4999999999961,-103.699999999925,2.8));
#4922=CARTESIAN_POINT('',(89.4999999999961,-103.699999999925,2.8));
#4923=CARTESIAN_POINT('',(44.7500000003922,-103.700000000266,2.8));
#4924=CARTESIAN_POINT('',(89.4999999999961,-103.699999999925,9.2));
#4925=CARTESIAN_POINT('',(85.4390858094847,-103.699999999956,9.2));
#4926=CARTESIAN_POINT('',(89.4999999999961,-103.699999999925,2.8));
#4927=CARTESIAN_POINT('Origin',(89.500000747075,-103.500000747,2.8));
#4928=CARTESIAN_POINT('',(89.7000000000005,-103.5000005976,2.8));
#4929=CARTESIAN_POINT('Origin',(89.500000747075,-103.500000747,2.8));
#4930=CARTESIAN_POINT('',(89.7000000000005,-103.5000005976,9.2));
#4931=CARTESIAN_POINT('Origin',(89.500000747075,-103.500000747,9.2));
#4932=CARTESIAN_POINT('',(89.7000000000005,-103.5000005976,2.8));
#4933=CARTESIAN_POINT('Origin',(91.499999252925,-103.4999992529,2.8));
#4934=CARTESIAN_POINT('Origin',(91.499999252925,-103.4999992529,2.8));
#4935=CARTESIAN_POINT('Origin',(91.499999252925,-103.4999992529,9.2));
#4936=CARTESIAN_POINT('Origin',(108.977901280706,-88.7953317591588,9.2));
#4937=CARTESIAN_POINT('',(137.000000000003,-127.19999999993,9.2));
#4938=CARTESIAN_POINT('',(122.988950640623,-127.200000000126,9.2));
#4939=CARTESIAN_POINT('',(138.2,-125.9999998506,9.2));
#4940=CARTESIAN_POINT('Origin',(137.00000074707,-126.000000747,9.2));
#4941=CARTESIAN_POINT('',(138.199999999995,-111.5,9.2));
#4942=CARTESIAN_POINT('',(138.199999999992,-100.147665879575,9.2));
#4943=CARTESIAN_POINT('',(138.999999850584,-110.699999999975,9.2));
#4944=CARTESIAN_POINT('Origin',(138.99999925292,-111.4999992529,9.2));
#4945=CARTESIAN_POINT('',(165.5,-110.69999999993,9.2));
#4946=CARTESIAN_POINT('',(137.238950640372,-110.699999999978,9.2));
#4947=CARTESIAN_POINT('',(166.7,-109.4999998506,9.2));
#4948=CARTESIAN_POINT('Origin',(165.50000074707,-109.500000747,9.2));
#4949=CARTESIAN_POINT('',(166.699999999995,-107.5,9.2));
#4950=CARTESIAN_POINT('',(166.699999999973,-98.147665879511,9.2));
#4951=CARTESIAN_POINT('',(167.499999850584,-106.699999999975,9.2));
#4952=CARTESIAN_POINT('Origin',(167.49999925292,-107.4999992529,9.2));
#4953=CARTESIAN_POINT('',(179.500000000001,-106.69999999993,9.2));
#4954=CARTESIAN_POINT('',(144.238950640387,-106.700000000063,9.2));
#4955=CARTESIAN_POINT('',(180.7,-105.4999998506,9.2));
#4956=CARTESIAN_POINT('Origin',(179.50000074707,-105.500000747,9.2));
#4957=CARTESIAN_POINT('',(180.69999999999,-70.5,9.2));
#4958=CARTESIAN_POINT('',(180.699999999993,-79.6476658795693,9.2));
#4959=CARTESIAN_POINT('',(179.499999850586,-69.3000000000001,9.2));
#4960=CARTESIAN_POINT('Origin',(179.50000074707,-70.49999925292,9.2));
#4961=CARTESIAN_POINT('',(163.5,-69.2999999999947,9.2));
#4962=CARTESIAN_POINT('',(136.238950640356,-69.2999999999857,9.2));
#4963=CARTESIAN_POINT('',(162.699999999995,-68.5000001494141,9.2));
#4964=CARTESIAN_POINT('Origin',(163.49999925292,-68.50000074707,9.2));
#4965=CARTESIAN_POINT('',(162.69999999999,-57.4999999999999,9.2));
#4966=CARTESIAN_POINT('',(162.699999999997,-73.1476658795668,9.2));
#4967=CARTESIAN_POINT('',(161.499999850586,-56.3000000000001,9.2));
#4968=CARTESIAN_POINT('Origin',(161.50000074707,-57.49999925292,9.2));
#4969=CARTESIAN_POINT('',(149.5,-56.2999999999947,9.2));
#4970=CARTESIAN_POINT('',(129.23895064036,-56.2999999999857,9.2));
#4971=CARTESIAN_POINT('',(148.699999999995,-55.5000001494141,9.2));
#4972=CARTESIAN_POINT('Origin',(149.49999925292,-55.50000074707,9.2));
#4973=CARTESIAN_POINT('',(148.69999999999,-47.4999999999999,9.2));
#4974=CARTESIAN_POINT('',(148.700000000003,-68.1476658795665,9.2));
#4975=CARTESIAN_POINT('',(147.499999850586,-46.3000000000001,9.2));
#4976=CARTESIAN_POINT('Origin',(147.50000074707,-47.49999925292,9.2));
#4977=CARTESIAN_POINT('',(127.,-46.2999999999932,9.2));
#4978=CARTESIAN_POINT('',(117.98895064036,-46.2999999999902,9.2));
#4979=CARTESIAN_POINT('',(126.699999999995,-45.9999994665694,9.2));
#4980=CARTESIAN_POINT('Origin',(127.00000133357,-45.99999866642,9.2));
#4981=CARTESIAN_POINT('',(126.000000533431,-45.2999999999975,9.2));
#4982=CARTESIAN_POINT('Origin',(125.99999866642,-46.00000133357,9.2));
#4983=CARTESIAN_POINT('',(106.5,-45.3,9.2));
#4984=CARTESIAN_POINT('',(107.73895064035,-45.2999999999998,9.2));
#4985=CARTESIAN_POINT('',(105.3,-46.5000001494161,9.2));
#4986=CARTESIAN_POINT('Origin',(106.49999925292,-46.49999925292,9.2));
#4987=CARTESIAN_POINT('',(105.299999999995,-46.9999999999979,9.2));
#4988=CARTESIAN_POINT('',(105.299999999772,-67.8976658795588,9.2));
#4989=CARTESIAN_POINT('',(104.500000149414,-47.7999999999949,9.2));
#4990=CARTESIAN_POINT('Origin',(104.50000074707,-47.00000074707,9.2));
#4991=CARTESIAN_POINT('',(86.2500000000001,-47.799999999995,9.2));
#4992=CARTESIAN_POINT('',(97.6139506403527,-47.7999999999948,9.2));
#4993=CARTESIAN_POINT('',(85.0500000000001,-49.0000001494161,9.2));
#4994=CARTESIAN_POINT('Origin',(86.249999252925,-48.99999925292,9.2));
#4995=CARTESIAN_POINT('',(85.0499999999997,-49.4999999999999,9.2));
#4996=CARTESIAN_POINT('',(85.0499999999843,-69.14766587957,9.2));
#4997=CARTESIAN_POINT('',(84.2500001494151,-50.2999999999948,9.2));
#4998=CARTESIAN_POINT('Origin',(84.250000747075,-49.50000074707,9.2));
#4999=CARTESIAN_POINT('',(50.5,-50.299999999995,9.2));
#5000=CARTESIAN_POINT('',(79.7389506403528,-50.2999999999948,9.2));
#5001=CARTESIAN_POINT('',(49.3000000000001,-51.5000001494161,9.2));
#5002=CARTESIAN_POINT('Origin',(50.499999252925,-51.49999925292,9.2));
#5003=CARTESIAN_POINT('',(49.2999999999993,-104.854918,9.2));
#5004=CARTESIAN_POINT('',(49.2999999999994,-96.825124879579,9.2));
#5005=CARTESIAN_POINT('',(46.8999988274918,-109.011840596106,9.2));
#5006=CARTESIAN_POINT('Origin',(44.499941375652,-104.8548841342,9.2));
#5007=CARTESIAN_POINT('',(37.8557635978188,-114.233532192835,9.2));
#5008=CARTESIAN_POINT('',(70.0340972761607,-95.6553627513963,9.2));
#5009=CARTESIAN_POINT('',(37.4165366655106,-115.872750632259,9.2));
#5010=CARTESIAN_POINT('Origin',(38.455887497404,-115.2727892153,9.2));
#5011=CARTESIAN_POINT('',(46.5490003494317,-131.6906418169,9.2));
#5012=CARTESIAN_POINT('',(45.0655058742268,-129.121153999158,9.2));
#5013=CARTESIAN_POINT('',(47.8988247145904,-132.249757314894,9.2));
#5014=CARTESIAN_POINT('Origin',(47.588189890547,-131.0907561307,9.2));
#5015=CARTESIAN_POINT('',(82.8162583682845,-122.893658603741,9.2));
#5016=CARTESIAN_POINT('',(99.2831219171676,-118.481375548966,9.2));
#5017=CARTESIAN_POINT('',(83.6647797324916,-121.423976772187,9.2));
#5018=CARTESIAN_POINT('Origin',(82.505544690929,-121.7344799621,9.2));
#5019=CARTESIAN_POINT('',(80.8026421686155,-110.742331203464,9.2));
#5020=CARTESIAN_POINT('',(79.002959637777,-104.02582282411,9.2));
#5021=CARTESIAN_POINT('',(85.4390860476288,-104.699999999956,9.2));
#5022=CARTESIAN_POINT('Origin',(85.439087190721,-109.5000007664,9.2));
#5023=CARTESIAN_POINT('',(89.5000000000037,-104.699999999925,9.2));
#5024=CARTESIAN_POINT('',(99.2389506404152,-104.699999999851,9.2));
#5025=CARTESIAN_POINT('',(90.7000000000002,-103.4999998506,9.2));
#5026=CARTESIAN_POINT('Origin',(89.500000747075,-103.500000747,9.2));
#5027=CARTESIAN_POINT('',(91.4999998505849,-102.699999999975,9.2));
#5028=CARTESIAN_POINT('Origin',(91.499999252925,-103.4999992529,9.2));
#5029=CARTESIAN_POINT('',(121.,-102.699999999975,9.2));
#5030=CARTESIAN_POINT('',(119.488950640353,-102.699999999975,9.2));
#5031=CARTESIAN_POINT('',(121.,-101.699999999975,9.2));
#5032=CARTESIAN_POINT('Origin',(130.,-102.699999999975,0.));
#5033=CARTESIAN_POINT('',(91.4999998505849,-102.699999999975,14.7));
#5034=CARTESIAN_POINT('',(91.4999998505849,-102.699999999975,0.));
#5035=CARTESIAN_POINT('',(121.,-102.699999999975,14.7));
#5036=CARTESIAN_POINT('',(130.,-102.699999999975,14.7));
#5037=CARTESIAN_POINT('',(121.,-102.699999999975,7.35));
#5038=CARTESIAN_POINT('Origin',(91.499999252925,-103.4999992529,0.));
#5039=CARTESIAN_POINT('',(90.7000000000002,-103.4999998506,14.7));
#5040=CARTESIAN_POINT('',(90.7000000000002,-103.4999998506,0.));
#5041=CARTESIAN_POINT('Origin',(91.499999252925,-103.4999992529,14.7));
#5042=CARTESIAN_POINT('Origin',(89.500000747075,-103.500000747,0.));
#5043=CARTESIAN_POINT('',(89.5000000000037,-104.699999999925,14.7));
#5044=CARTESIAN_POINT('',(89.5000000000037,-104.699999999925,0.));
#5045=CARTESIAN_POINT('Origin',(89.500000747075,-103.500000747,14.7));
#5046=CARTESIAN_POINT('Origin',(89.5000000000037,-104.699999999925,0.));
#5047=CARTESIAN_POINT('',(85.4390860476288,-104.699999999956,14.7));
#5048=CARTESIAN_POINT('',(85.4390860476288,-104.699999999956,0.));
#5049=CARTESIAN_POINT('',(89.5000000000037,-104.699999999925,14.7));
#5050=CARTESIAN_POINT('Origin',(85.439087190721,-109.5000007664,0.));
#5051=CARTESIAN_POINT('',(80.8026421686155,-110.742331203464,14.7));
#5052=CARTESIAN_POINT('',(80.8026421686155,-110.742331203464,0.));
#5053=CARTESIAN_POINT('Origin',(85.439087190721,-109.5000007664,14.7));
#5054=CARTESIAN_POINT('Origin',(80.8026421686155,-110.742331203464,0.));
#5055=CARTESIAN_POINT('',(83.6647797324917,-121.423976772187,14.7));
#5056=CARTESIAN_POINT('',(83.6647797324917,-121.423976772187,0.));
#5057=CARTESIAN_POINT('',(80.8026421686155,-110.742331203464,14.7));
#5058=CARTESIAN_POINT('Origin',(82.505544690929,-121.7344799621,0.));
#5059=CARTESIAN_POINT('',(82.8162583682845,-122.893658603741,14.7));
#5060=CARTESIAN_POINT('',(82.8162583682845,-122.893658603741,0.));
#5061=CARTESIAN_POINT('Origin',(82.505544690929,-121.7344799621,14.7));
#5062=CARTESIAN_POINT('Origin',(82.8162583682845,-122.893658603741,0.));
#5063=CARTESIAN_POINT('',(47.8988247145904,-132.249757314894,14.7));
#5064=CARTESIAN_POINT('',(47.8988247145904,-132.249757314894,0.));
#5065=CARTESIAN_POINT('',(82.8162583682845,-122.893658603741,14.7));
#5066=CARTESIAN_POINT('Origin',(47.588189890547,-131.0907561307,0.));
#5067=CARTESIAN_POINT('',(46.5490003494317,-131.6906418169,14.7));
#5068=CARTESIAN_POINT('',(46.5490003494317,-131.6906418169,0.));
#5069=CARTESIAN_POINT('Origin',(47.588189890547,-131.0907561307,14.7));
#5070=CARTESIAN_POINT('Origin',(46.5490003494317,-131.6906418169,0.));
#5071=CARTESIAN_POINT('',(37.4165366655106,-115.872750632259,14.7));
#5072=CARTESIAN_POINT('',(37.4165366655106,-115.872750632259,0.));
#5073=CARTESIAN_POINT('',(46.5490003494317,-131.6906418169,14.7));
#5074=CARTESIAN_POINT('Origin',(38.455887497404,-115.2727892153,0.));
#5075=CARTESIAN_POINT('',(37.8557635978188,-114.233532192835,14.7));
#5076=CARTESIAN_POINT('',(37.8557635978188,-114.233532192835,0.));
#5077=CARTESIAN_POINT('Origin',(38.455887497404,-115.2727892153,14.7));
#5078=CARTESIAN_POINT('Origin',(37.8557635978188,-114.233532192835,0.));
#5079=CARTESIAN_POINT('',(46.8999988274918,-109.011840596106,14.7));
#5080=CARTESIAN_POINT('',(46.8999988274918,-109.011840596106,0.));
#5081=CARTESIAN_POINT('',(37.8557635978188,-114.233532192835,14.7));
#5082=CARTESIAN_POINT('Origin',(44.499941375652,-104.8548841342,0.));
#5083=CARTESIAN_POINT('',(49.2999999999993,-104.854918,14.7));
#5084=CARTESIAN_POINT('',(49.2999999999993,-104.854918,0.));
#5085=CARTESIAN_POINT('Origin',(44.499941375652,-104.8548841342,14.7));
#5086=CARTESIAN_POINT('Origin',(49.2999999999993,-104.854918,0.));
#5087=CARTESIAN_POINT('',(49.3000000000001,-51.5000001494161,14.7));
#5088=CARTESIAN_POINT('',(49.3000000000001,-51.5000001494161,0.));
#5089=CARTESIAN_POINT('',(49.2999999999993,-104.854918,14.7));
#5090=CARTESIAN_POINT('Origin',(50.499999252925,-51.49999925292,0.));
#5091=CARTESIAN_POINT('',(50.5,-50.299999999995,14.7));
#5092=CARTESIAN_POINT('',(50.5,-50.299999999995,0.));
#5093=CARTESIAN_POINT('Origin',(50.499999252925,-51.49999925292,14.7));
#5094=CARTESIAN_POINT('Origin',(50.5,-50.299999999995,0.));
#5095=CARTESIAN_POINT('',(84.2500001494151,-50.2999999999948,14.7));
#5096=CARTESIAN_POINT('',(84.2500001494151,-50.2999999999948,0.));
#5097=CARTESIAN_POINT('',(64.6000000000006,-50.2999999999949,14.7));
#5098=CARTESIAN_POINT('',(50.5,-50.299999999995,14.7));
#5099=CARTESIAN_POINT('',(64.6000000000006,-50.2999999999949,14.));
#5100=CARTESIAN_POINT('',(64.6000000000006,-50.2999999999949,7.35));
#5101=CARTESIAN_POINT('',(63.6000000000006,-50.2999999999949,13.));
#5102=CARTESIAN_POINT('Origin',(63.6000000000006,-50.299999999995,14.));
#5103=CARTESIAN_POINT('',(56.4000000000006,-50.2999999999949,13.));
#5104=CARTESIAN_POINT('',(57.0500000000003,-50.2999999999949,13.));
#5105=CARTESIAN_POINT('',(55.4000000000006,-50.2999999999949,14.));
#5106=CARTESIAN_POINT('Origin',(56.4000000000006,-50.299999999995,14.));
#5107=CARTESIAN_POINT('',(55.4000000000006,-50.2999999999949,14.7));
#5108=CARTESIAN_POINT('',(55.4000000000006,-50.2999999999949,7.));
#5109=CARTESIAN_POINT('',(50.5,-50.299999999995,14.7));
#5110=CARTESIAN_POINT('Origin',(84.250000747075,-49.50000074707,0.));
#5111=CARTESIAN_POINT('',(85.0499999999997,-49.4999999999999,14.7));
#5112=CARTESIAN_POINT('',(85.0499999999997,-49.4999999999999,0.));
#5113=CARTESIAN_POINT('Origin',(84.250000747075,-49.50000074707,14.7));
#5114=CARTESIAN_POINT('Origin',(85.0499999999997,-49.4999999999999,0.));
#5115=CARTESIAN_POINT('',(85.0500000000001,-49.0000001494161,14.7));
#5116=CARTESIAN_POINT('',(85.0500000000001,-49.0000001494161,0.));
#5117=CARTESIAN_POINT('',(85.0499999999997,-49.4999999999999,14.7));
#5118=CARTESIAN_POINT('Origin',(86.249999252925,-48.99999925292,0.));
#5119=CARTESIAN_POINT('',(86.2500000000001,-47.799999999995,14.7));
#5120=CARTESIAN_POINT('',(86.2500000000001,-47.799999999995,0.));
#5121=CARTESIAN_POINT('Origin',(86.249999252925,-48.99999925292,14.7));
#5122=CARTESIAN_POINT('Origin',(86.2500000000001,-47.799999999995,0.));
#5123=CARTESIAN_POINT('',(104.500000149414,-47.7999999999949,14.7));
#5124=CARTESIAN_POINT('',(104.500000149414,-47.7999999999949,0.));
#5125=CARTESIAN_POINT('',(86.2500000000001,-47.799999999995,14.7));
#5126=CARTESIAN_POINT('Origin',(104.50000074707,-47.00000074707,0.));
#5127=CARTESIAN_POINT('',(105.299999999995,-46.9999999999979,14.7));
#5128=CARTESIAN_POINT('',(105.299999999995,-46.9999999999979,0.));
#5129=CARTESIAN_POINT('Origin',(104.50000074707,-47.00000074707,14.7));
#5130=CARTESIAN_POINT('Origin',(105.299999999995,-46.9999999999979,0.));
#5131=CARTESIAN_POINT('',(105.3,-46.5000001494161,14.7));
#5132=CARTESIAN_POINT('',(105.3,-46.5000001494161,0.));
#5133=CARTESIAN_POINT('',(105.299999999995,-46.9999999999979,14.7));
#5134=CARTESIAN_POINT('Origin',(106.49999925292,-46.49999925292,0.));
#5135=CARTESIAN_POINT('',(106.5,-45.3,14.7));
#5136=CARTESIAN_POINT('',(106.5,-45.3,0.));
#5137=CARTESIAN_POINT('Origin',(106.49999925292,-46.49999925292,14.7));
#5138=CARTESIAN_POINT('Origin',(106.5,-45.3,0.));
#5139=CARTESIAN_POINT('',(126.000000533431,-45.2999999999975,14.7));
#5140=CARTESIAN_POINT('',(126.000000533431,-45.2999999999975,0.));
#5141=CARTESIAN_POINT('',(106.5,-45.3,14.7));
#5142=CARTESIAN_POINT('Origin',(125.99999866642,-46.00000133357,0.));
#5143=CARTESIAN_POINT('',(126.699999999995,-45.9999994665694,14.7));
#5144=CARTESIAN_POINT('',(126.699999999995,-45.9999994665694,0.));
#5145=CARTESIAN_POINT('Origin',(125.99999866642,-46.00000133357,14.7));
#5146=CARTESIAN_POINT('Origin',(127.00000133357,-45.99999866642,0.));
#5147=CARTESIAN_POINT('',(127.,-46.2999999999932,14.7));
#5148=CARTESIAN_POINT('',(127.,-46.2999999999932,0.));
#5149=CARTESIAN_POINT('Origin',(127.00000133357,-45.99999866642,14.7));
#5150=CARTESIAN_POINT('Origin',(127.,-46.2999999999932,0.));
#5151=CARTESIAN_POINT('',(147.499999850586,-46.3000000000001,14.7));
#5152=CARTESIAN_POINT('',(147.499999850586,-46.3000000000001,0.));
#5153=CARTESIAN_POINT('',(127.,-46.2999999999932,14.7));
#5154=CARTESIAN_POINT('Origin',(147.50000074707,-47.49999925292,0.));
#5155=CARTESIAN_POINT('',(148.69999999999,-47.4999999999999,14.7));
#5156=CARTESIAN_POINT('',(148.69999999999,-47.4999999999999,0.));
#5157=CARTESIAN_POINT('Origin',(147.50000074707,-47.49999925292,14.7));
#5158=CARTESIAN_POINT('Origin',(148.69999999999,-47.4999999999999,0.));
#5159=CARTESIAN_POINT('',(148.699999999995,-55.5000001494141,14.7));
#5160=CARTESIAN_POINT('',(148.699999999995,-55.5000001494141,0.));
#5161=CARTESIAN_POINT('',(148.69999999999,-47.4999999999999,14.7));
#5162=CARTESIAN_POINT('Origin',(149.49999925292,-55.50000074707,0.));
#5163=CARTESIAN_POINT('',(149.5,-56.2999999999947,14.7));
#5164=CARTESIAN_POINT('',(149.5,-56.2999999999947,0.));
#5165=CARTESIAN_POINT('Origin',(149.49999925292,-55.50000074707,14.7));
#5166=CARTESIAN_POINT('Origin',(149.5,-56.2999999999947,0.));
#5167=CARTESIAN_POINT('',(161.499999850586,-56.3000000000001,14.7));
#5168=CARTESIAN_POINT('',(161.499999850586,-56.3000000000001,0.));
#5169=CARTESIAN_POINT('',(149.5,-56.2999999999947,14.7));
#5170=CARTESIAN_POINT('Origin',(161.50000074707,-57.49999925292,0.));
#5171=CARTESIAN_POINT('',(162.69999999999,-57.4999999999999,14.7));
#5172=CARTESIAN_POINT('',(162.69999999999,-57.4999999999999,0.));
#5173=CARTESIAN_POINT('Origin',(161.50000074707,-57.49999925292,14.7));
#5174=CARTESIAN_POINT('Origin',(162.69999999999,-57.4999999999999,0.));
#5175=CARTESIAN_POINT('',(162.699999999995,-68.5000001494141,14.7));
#5176=CARTESIAN_POINT('',(162.699999999995,-68.5000001494141,0.));
#5177=CARTESIAN_POINT('',(162.69999999999,-57.4999999999999,14.7));
#5178=CARTESIAN_POINT('Origin',(163.49999925292,-68.50000074707,0.));
#5179=CARTESIAN_POINT('',(163.5,-69.2999999999947,14.7));
#5180=CARTESIAN_POINT('',(163.5,-69.2999999999947,0.));
#5181=CARTESIAN_POINT('Origin',(163.49999925292,-68.50000074707,14.7));
#5182=CARTESIAN_POINT('Origin',(163.5,-69.2999999999947,0.));
#5183=CARTESIAN_POINT('',(179.499999850586,-69.3000000000001,14.7));
#5184=CARTESIAN_POINT('',(179.499999850586,-69.3000000000001,0.));
#5185=CARTESIAN_POINT('',(163.5,-69.2999999999947,14.7));
#5186=CARTESIAN_POINT('Origin',(179.50000074707,-70.49999925292,0.));
#5187=CARTESIAN_POINT('',(180.69999999999,-70.5,14.7));
#5188=CARTESIAN_POINT('',(180.69999999999,-70.5,0.));
#5189=CARTESIAN_POINT('Origin',(179.50000074707,-70.49999925292,14.7));
#5190=CARTESIAN_POINT('Origin',(180.69999999999,-70.5,0.));
#5191=CARTESIAN_POINT('',(180.7,-105.4999998506,14.7));
#5192=CARTESIAN_POINT('',(180.7,-105.4999998506,0.));
#5193=CARTESIAN_POINT('',(180.69999999999,-70.5,14.7));
#5194=CARTESIAN_POINT('Origin',(179.50000074707,-105.500000747,0.));
#5195=CARTESIAN_POINT('',(179.500000000001,-106.69999999993,14.7));
#5196=CARTESIAN_POINT('',(179.500000000001,-106.69999999993,0.));
#5197=CARTESIAN_POINT('Origin',(179.50000074707,-105.500000747,14.7));
#5198=CARTESIAN_POINT('Origin',(179.500000000001,-106.69999999993,0.));
#5199=CARTESIAN_POINT('',(167.499999850584,-106.699999999975,14.7));
#5200=CARTESIAN_POINT('',(167.499999850584,-106.699999999975,0.));
#5201=CARTESIAN_POINT('',(179.500000000001,-106.69999999993,14.7));
#5202=CARTESIAN_POINT('Origin',(167.49999925292,-107.4999992529,0.));
#5203=CARTESIAN_POINT('',(166.699999999995,-107.5,14.7));
#5204=CARTESIAN_POINT('',(166.699999999995,-107.5,0.));
#5205=CARTESIAN_POINT('Origin',(167.49999925292,-107.4999992529,14.7));
#5206=CARTESIAN_POINT('Origin',(166.699999999995,-107.5,0.));
#5207=CARTESIAN_POINT('',(166.7,-109.4999998506,14.7));
#5208=CARTESIAN_POINT('',(166.7,-109.4999998506,0.));
#5209=CARTESIAN_POINT('',(166.699999999995,-107.5,14.7));
#5210=CARTESIAN_POINT('Origin',(165.50000074707,-109.500000747,0.));
#5211=CARTESIAN_POINT('',(165.5,-110.69999999993,14.7));
#5212=CARTESIAN_POINT('',(165.5,-110.69999999993,0.));
#5213=CARTESIAN_POINT('Origin',(165.50000074707,-109.500000747,14.7));
#5214=CARTESIAN_POINT('Origin',(165.5,-110.69999999993,0.));
#5215=CARTESIAN_POINT('',(138.999999850584,-110.699999999975,14.7));
#5216=CARTESIAN_POINT('',(138.999999850584,-110.699999999975,0.));
#5217=CARTESIAN_POINT('',(165.5,-110.69999999993,14.7));
#5218=CARTESIAN_POINT('Origin',(138.99999925292,-111.4999992529,0.));
#5219=CARTESIAN_POINT('',(138.199999999995,-111.5,14.7));
#5220=CARTESIAN_POINT('',(138.199999999995,-111.5,0.));
#5221=CARTESIAN_POINT('Origin',(138.99999925292,-111.4999992529,14.7));
#5222=CARTESIAN_POINT('Origin',(138.199999999995,-111.5,0.));
#5223=CARTESIAN_POINT('',(138.2,-125.9999998506,14.7));
#5224=CARTESIAN_POINT('',(138.2,-125.9999998506,0.));
#5225=CARTESIAN_POINT('',(138.199999999995,-111.5,14.7));
#5226=CARTESIAN_POINT('Origin',(137.00000074707,-126.000000747,0.));
#5227=CARTESIAN_POINT('',(137.000000000003,-127.19999999993,14.7));
#5228=CARTESIAN_POINT('',(137.000000000003,-127.19999999993,0.));
#5229=CARTESIAN_POINT('Origin',(137.00000074707,-126.000000747,14.7));
#5230=CARTESIAN_POINT('Origin',(163.5,-107.5,0.));
#5231=CARTESIAN_POINT('',(165.7,-107.5,0.));
#5232=CARTESIAN_POINT('Origin',(163.5,-107.5,0.));
#5233=CARTESIAN_POINT('',(165.7,-107.5,1.));
#5234=CARTESIAN_POINT('',(165.7,-107.5,0.));
#5235=CARTESIAN_POINT('Origin',(163.5,-107.5,1.));
#5236=CARTESIAN_POINT('Origin',(163.5,-107.5,1.));
#5237=CARTESIAN_POINT('',(163.5,-106.4,1.));
#5238=CARTESIAN_POINT('Origin',(163.5,-107.5,1.));
#5239=CARTESIAN_POINT('Origin',(109.749999999995,-108.200016622542,0.));
#5240=CARTESIAN_POINT('',(111.949999999995,-108.200016622542,0.));
#5241=CARTESIAN_POINT('Origin',(109.749999999995,-108.200016622542,0.));
#5242=CARTESIAN_POINT('',(111.949999999995,-108.200016622542,1.));
#5243=CARTESIAN_POINT('',(111.949999999995,-108.200016622542,0.));
#5244=CARTESIAN_POINT('Origin',(109.749999999995,-108.200016622542,1.));
#5245=CARTESIAN_POINT('Origin',(109.749999999995,-108.200016622542,1.));
#5246=CARTESIAN_POINT('',(108.649999999995,-108.200016622542,1.));
#5247=CARTESIAN_POINT('Origin',(109.749999999995,-108.200016622542,1.));
#5248=CARTESIAN_POINT('Origin',(140.5,-107.5,0.));
#5249=CARTESIAN_POINT('',(142.7,-107.5,0.));
#5250=CARTESIAN_POINT('Origin',(140.5,-107.5,0.));
#5251=CARTESIAN_POINT('',(142.7,-107.5,1.));
#5252=CARTESIAN_POINT('',(142.7,-107.5,0.));
#5253=CARTESIAN_POINT('Origin',(140.5,-107.5,1.));
#5254=CARTESIAN_POINT('Origin',(140.5,-107.5,1.));
#5255=CARTESIAN_POINT('',(140.5,-106.4,1.));
#5256=CARTESIAN_POINT('Origin',(140.5,-107.5,1.));
#5257=CARTESIAN_POINT('Origin',(145.5,-50.5,0.));
#5258=CARTESIAN_POINT('',(147.7,-50.5,0.));
#5259=CARTESIAN_POINT('Origin',(145.5,-50.5,0.));
#5260=CARTESIAN_POINT('',(147.7,-50.5,1.));
#5261=CARTESIAN_POINT('',(147.7,-50.5,0.));
#5262=CARTESIAN_POINT('Origin',(145.5,-50.5,1.));
#5263=CARTESIAN_POINT('Origin',(145.5,-50.5,1.));
#5264=CARTESIAN_POINT('',(145.5,-49.4,1.));
#5265=CARTESIAN_POINT('Origin',(145.5,-50.5,1.));
#5266=CARTESIAN_POINT('Origin',(109.749999999999,-124.200016622542,0.));
#5267=CARTESIAN_POINT('',(111.949999999999,-124.200016622542,0.));
#5268=CARTESIAN_POINT('Origin',(109.749999999999,-124.200016622542,0.));
#5269=CARTESIAN_POINT('',(111.949999999999,-124.200016622542,1.));
#5270=CARTESIAN_POINT('',(111.949999999999,-124.200016622542,0.));
#5271=CARTESIAN_POINT('Origin',(109.749999999999,-124.200016622542,1.));
#5272=CARTESIAN_POINT('Origin',(109.749999999999,-124.200016622542,1.));
#5273=CARTESIAN_POINT('',(108.649999999999,-124.200016622542,1.));
#5274=CARTESIAN_POINT('Origin',(109.749999999999,-124.200016622542,1.));
#5275=CARTESIAN_POINT('Origin',(58.,-107.5,0.));
#5276=CARTESIAN_POINT('',(60.2,-107.5,0.));
#5277=CARTESIAN_POINT('Origin',(58.,-107.5,0.));
#5278=CARTESIAN_POINT('',(60.2,-107.5,1.));
#5279=CARTESIAN_POINT('',(60.2,-107.5,0.));
#5280=CARTESIAN_POINT('Origin',(58.,-107.5,1.));
#5281=CARTESIAN_POINT('Origin',(58.,-107.5,1.));
#5282=CARTESIAN_POINT('',(58.,-106.4,1.));
#5283=CARTESIAN_POINT('Origin',(58.,-107.5,1.));
#5284=CARTESIAN_POINT('Origin',(88.,-50.75,0.));
#5285=CARTESIAN_POINT('',(90.2,-50.75,0.));
#5286=CARTESIAN_POINT('Origin',(88.,-50.75,0.));
#5287=CARTESIAN_POINT('',(90.2,-50.75,1.));
#5288=CARTESIAN_POINT('',(90.2,-50.75,0.));
#5289=CARTESIAN_POINT('Origin',(88.,-50.75,1.));
#5290=CARTESIAN_POINT('Origin',(88.,-50.75,1.));
#5291=CARTESIAN_POINT('',(88.,-49.65,1.));
#5292=CARTESIAN_POINT('Origin',(88.,-50.75,1.));
#5293=CARTESIAN_POINT('Origin',(63.6000000000006,-50.2999999999949,13.));
#5294=CARTESIAN_POINT('',(56.4000000000006,-47.2999999999949,13.));
#5295=CARTESIAN_POINT('',(63.6000000000006,-47.2999999999949,13.));
#5296=CARTESIAN_POINT('',(73.0047134326478,-47.2999999999948,13.));
#5297=CARTESIAN_POINT('',(56.4000000000006,-50.2999999999949,13.));
#5298=CARTESIAN_POINT('',(63.6000000000006,-50.2999999999949,13.));
#5299=CARTESIAN_POINT('Origin',(63.6000000000006,-50.2999999999949,14.));
#5300=CARTESIAN_POINT('',(64.6000000000006,-47.2999999999949,14.));
#5301=CARTESIAN_POINT('Origin',(63.6000000000006,-47.2999999999948,14.));
#5302=CARTESIAN_POINT('',(64.6000000000006,-50.2999999999949,14.));
#5303=CARTESIAN_POINT('Origin',(64.6000000000006,-50.2999999999949,14.7));
#5304=CARTESIAN_POINT('',(64.6000000000006,-47.2999999999949,14.7));
#5305=CARTESIAN_POINT('',(64.6000000000006,-47.2999999999949,7.35));
#5306=CARTESIAN_POINT('',(64.6000000000006,-69.547665879578,14.7));
#5307=CARTESIAN_POINT('Origin',(55.4000000000006,-50.2999999999949,14.));
#5308=CARTESIAN_POINT('',(55.4000000000006,-47.2999999999949,14.7));
#5309=CARTESIAN_POINT('',(55.4000000000006,-47.2999999999949,14.));
#5310=CARTESIAN_POINT('',(55.4000000000006,-47.2999999999949,7.));
#5311=CARTESIAN_POINT('',(55.4000000000006,-69.547665879578,14.7));
#5312=CARTESIAN_POINT('',(55.4000000000006,-50.2999999999949,14.));
#5313=CARTESIAN_POINT('Origin',(56.4000000000006,-50.2999999999949,14.));
#5314=CARTESIAN_POINT('Origin',(56.4000000000006,-47.2999999999948,14.));
#5315=CARTESIAN_POINT('Origin',(82.4094268652949,-47.2999999999948,0.));
#5316=CARTESIAN_POINT('',(82.4094268652949,-47.2999999999948,14.7));
#5317=CARTESIAN_POINT('',(50.5,-47.299999999995,14.7));
#5318=CARTESIAN_POINT('',(82.4094268652949,-47.2999999999948,0.));
#5319=CARTESIAN_POINT('',(82.4094268652949,-47.2999999999948,0.));
#5320=CARTESIAN_POINT('',(50.5,-47.2999999999948,0.));
#5321=CARTESIAN_POINT('',(50.5,-47.299999999995,0.));
#5322=CARTESIAN_POINT('',(50.5,-47.2999999999948,14.7));
#5323=CARTESIAN_POINT('',(50.5,-47.2999999999948,0.));
#5324=CARTESIAN_POINT('',(50.5,-47.299999999995,14.7));
#5325=CARTESIAN_POINT('Origin',(108.977901280706,-88.7953317591611,14.7));
#5326=CARTESIAN_POINT('',(132.000000149416,-127.2,14.7));
#5327=CARTESIAN_POINT('',(137.000000000003,-127.19999999993,14.7));
#5328=CARTESIAN_POINT('',(132.000002390658,-130.199999999999,14.7));
#5329=CARTESIAN_POINT('',(132.000000149416,-127.2,14.7));
#5330=CARTESIAN_POINT('',(137.000000000045,-130.19999999993,14.7));
#5331=CARTESIAN_POINT('',(137.000000000045,-130.19999999993,14.7));
#5332=CARTESIAN_POINT('',(141.199999999999,-125.999997609598,14.7));
#5333=CARTESIAN_POINT('Origin',(137.00000074707,-126.000000747,14.7));
#5334=CARTESIAN_POINT('',(141.199999999996,-113.699999999971,14.7));
#5335=CARTESIAN_POINT('',(141.199999999996,-113.699999999971,14.7));
#5336=CARTESIAN_POINT('',(165.500000000006,-113.69999999993,14.7));
#5337=CARTESIAN_POINT('',(165.500000000006,-113.69999999993,14.7));
#5338=CARTESIAN_POINT('',(169.695235427446,-109.699999999967,14.7));
#5339=CARTESIAN_POINT('Origin',(165.50000074707,-109.500000747,14.7));
#5340=CARTESIAN_POINT('',(179.500000000012,-109.69999999993,14.7));
#5341=CARTESIAN_POINT('',(179.500000000012,-109.69999999993,14.7));
#5342=CARTESIAN_POINT('',(183.699999999999,-105.499997609598,14.7));
#5343=CARTESIAN_POINT('Origin',(179.50000074707,-105.500000747,14.7));
#5344=CARTESIAN_POINT('',(183.69999999999,-70.4999999999991,14.7));
#5345=CARTESIAN_POINT('',(183.69999999999,-70.4999999999991,14.7));
#5346=CARTESIAN_POINT('',(179.499997609374,-66.3000000000009,14.7));
#5347=CARTESIAN_POINT('Origin',(179.50000074707,-70.49999925292,14.7));
#5348=CARTESIAN_POINT('',(165.699999999994,-66.2999999999955,14.7));
#5349=CARTESIAN_POINT('',(165.699999999994,-66.2999999999955,14.7));
#5350=CARTESIAN_POINT('',(165.69999999999,-57.4999999999985,14.7));
#5351=CARTESIAN_POINT('',(165.69999999999,-57.4999999999985,14.7));
#5352=CARTESIAN_POINT('',(161.499997609374,-53.3000000000009,14.7));
#5353=CARTESIAN_POINT('Origin',(161.50000074707,-57.49999925292,14.7));
#5354=CARTESIAN_POINT('',(151.699999999994,-53.2999999999957,14.7));
#5355=CARTESIAN_POINT('',(151.699999999994,-53.2999999999957,14.7));
#5356=CARTESIAN_POINT('',(151.69999999999,-47.4999999999979,14.7));
#5357=CARTESIAN_POINT('',(151.69999999999,-47.4999999999979,14.7));
#5358=CARTESIAN_POINT('',(147.499997609374,-43.3000000000009,14.7));
#5359=CARTESIAN_POINT('Origin',(147.50000074707,-47.49999925292,14.7));
#5360=CARTESIAN_POINT('',(128.529821321695,-43.2999999999937,14.7));
#5361=CARTESIAN_POINT('',(128.529821321695,-43.2999999999937,14.7));
#5362=CARTESIAN_POINT('',(126.000008534889,-42.3000000000082,14.7));
#5363=CARTESIAN_POINT('Origin',(125.99999866642,-46.00000133357,14.7));
#5364=CARTESIAN_POINT('',(106.5,-42.2999999999998,14.7));
#5365=CARTESIAN_POINT('',(106.5,-42.3,14.7));
#5366=CARTESIAN_POINT('',(102.659426865295,-44.7999999999948,14.7));
#5367=CARTESIAN_POINT('Origin',(106.49999925292,-46.49999925292,14.7));
#5368=CARTESIAN_POINT('',(86.25,-44.7999999999948,14.7));
#5369=CARTESIAN_POINT('',(86.25,-44.799999999995,14.7));
#5370=CARTESIAN_POINT('Origin',(86.249999252925,-48.99999925292,14.7));
#5371=CARTESIAN_POINT('Origin',(137.000000000003,-127.19999999993,0.));
#5372=CARTESIAN_POINT('',(132.000000149416,-127.2,0.));
#5373=CARTESIAN_POINT('Origin',(0.,0.,2.8));
#5374=CARTESIAN_POINT('',(121.,-102.699999999975,2.8));
#5375=CARTESIAN_POINT('',(121.,-51.3499999999876,2.8));
#5376=CARTESIAN_POINT('',(130.,-102.699999999975,2.8));
#5377=CARTESIAN_POINT('',(130.,-102.699999999975,2.8));
#5378=CARTESIAN_POINT('',(130.799999999995,-103.49999985058,2.8));
#5379=CARTESIAN_POINT('Origin',(130.00000074707,-103.4999992529,2.8));
#5380=CARTESIAN_POINT('',(130.79999999992,-126.,2.8));
#5381=CARTESIAN_POINT('',(130.799999999995,-126.,2.8));
#5382=CARTESIAN_POINT('Origin',(131.99999925292,-126.000000747,2.8));
#5383=CARTESIAN_POINT('',(58.,-106.4,2.8));
#5384=CARTESIAN_POINT('Origin',(58.,-107.5,2.8));
#5385=CARTESIAN_POINT('',(140.5,-106.4,2.8));
#5386=CARTESIAN_POINT('Origin',(140.5,-107.5,2.8));
#5387=CARTESIAN_POINT('',(163.5,-106.4,2.8));
#5388=CARTESIAN_POINT('Origin',(163.5,-107.5,2.8));
#5389=CARTESIAN_POINT('',(88.,-49.65,2.8));
#5390=CARTESIAN_POINT('Origin',(88.,-50.75,2.8));
#5391=CARTESIAN_POINT('',(145.5,-49.4,2.8));
#5392=CARTESIAN_POINT('Origin',(145.5,-50.5,2.8));
#5393=CARTESIAN_POINT('Origin',(121.,-102.699999999975,14.7));
#5394=CARTESIAN_POINT('',(121.,-102.699999999975,1.5));
#5395=CARTESIAN_POINT('',(121.,-102.699999999975,14.7));
#5396=CARTESIAN_POINT('',(130.,-102.699999999975,1.5));
#5397=CARTESIAN_POINT('',(130.,-102.699999999975,1.5));
#5398=CARTESIAN_POINT('',(130.,-102.699999999975,0.));
#5399=CARTESIAN_POINT('Origin',(121.,-103.1999976933,14.7));
#5400=CARTESIAN_POINT('',(121.,-103.1999976933,14.7));
#5401=CARTESIAN_POINT('',(121.,-95.9976647262307,14.7));
#5402=CARTESIAN_POINT('',(121.,-103.1999976933,1.5));
#5403=CARTESIAN_POINT('',(121.,-103.199999999975,7.35));
#5404=CARTESIAN_POINT('',(121.,-102.699999999975,1.5));
#5405=CARTESIAN_POINT('Origin',(109.749999999995,-108.200016622542,-5.5));
#5406=CARTESIAN_POINT('',(108.649999999995,-108.200016622542,1.5));
#5407=CARTESIAN_POINT('Origin',(109.749999999995,-108.200016622542,1.5));
#5408=CARTESIAN_POINT('',(108.649999999995,-108.200016622542,-5.5));
#5409=CARTESIAN_POINT('Origin',(109.749999999999,-124.200016622542,-5.5));
#5410=CARTESIAN_POINT('',(108.649999999999,-124.200016622542,1.5));
#5411=CARTESIAN_POINT('Origin',(109.749999999999,-124.200016622542,1.5));
#5412=CARTESIAN_POINT('',(108.649999999999,-124.200016622542,-5.5));
#5413=CARTESIAN_POINT('Ctrl Pts',(84.2688540706484,-125.610265287578,0.));
#5414=CARTESIAN_POINT('Ctrl Pts',(84.2688540706484,-125.610265287578,1.5));
#5415=CARTESIAN_POINT('Ctrl Pts',(84.8242642097627,-125.461443580397,0.));
#5416=CARTESIAN_POINT('Ctrl Pts',(84.8242642097627,-125.461443580397,1.5));
#5417=CARTESIAN_POINT('Ctrl Pts',(85.9005667939741,-125.312567655085,0.));
#5418=CARTESIAN_POINT('Ctrl Pts',(85.9005667939741,-125.312567655085,1.5));
#5419=CARTESIAN_POINT('Ctrl Pts',(87.4115738262991,-125.535105498477,0.));
#5420=CARTESIAN_POINT('Ctrl Pts',(87.4115738262991,-125.535105498477,1.5));
#5421=CARTESIAN_POINT('Ctrl Pts',(89.2592202166068,-126.557892992137,0.));
#5422=CARTESIAN_POINT('Ctrl Pts',(89.2592202166068,-126.557892992137,1.5));
#5423=CARTESIAN_POINT('Ctrl Pts',(91.4636064832513,-128.340248238442,0.));
#5424=CARTESIAN_POINT('Ctrl Pts',(91.4636064832513,-128.340248238442,1.5));
#5425=CARTESIAN_POINT('Ctrl Pts',(93.2933529587078,-129.569789816409,0.));
#5426=CARTESIAN_POINT('Ctrl Pts',(93.2933529587078,-129.569789816409,1.5));
#5427=CARTESIAN_POINT('Ctrl Pts',(94.7789894175882,-130.085372052723,0.));
#5428=CARTESIAN_POINT('Ctrl Pts',(94.7789894175882,-130.085372052723,1.5));
#5429=CARTESIAN_POINT('Ctrl Pts',(95.8324765853374,-130.200027020055,0.));
#5430=CARTESIAN_POINT('Ctrl Pts',(95.8324765853374,-130.200027020055,1.5));
#5431=CARTESIAN_POINT('Ctrl Pts',(96.3750023906777,-130.200026614744,0.));
#5432=CARTESIAN_POINT('Ctrl Pts',(96.3750023906777,-130.200026614744,1.5));
#5433=CARTESIAN_POINT('',(96.3750023906777,-130.200026614744,0.));
#5434=CARTESIAN_POINT('',(84.2688540706484,-125.610265287578,0.));
#5435=CARTESIAN_POINT('Ctrl Pts',(96.3750023906777,-130.200026614744,0.));
#5436=CARTESIAN_POINT('Ctrl Pts',(95.8324765853374,-130.200027020055,0.));
#5437=CARTESIAN_POINT('Ctrl Pts',(94.7789894175882,-130.085372052723,0.));
#5438=CARTESIAN_POINT('Ctrl Pts',(93.2933529587078,-129.569789816409,0.));
#5439=CARTESIAN_POINT('Ctrl Pts',(91.4636064832513,-128.340248238442,0.));
#5440=CARTESIAN_POINT('Ctrl Pts',(89.2592202166068,-126.557892992137,0.));
#5441=CARTESIAN_POINT('Ctrl Pts',(87.4115738262991,-125.535105498477,0.));
#5442=CARTESIAN_POINT('Ctrl Pts',(85.9005667939741,-125.312567655085,0.));
#5443=CARTESIAN_POINT('Ctrl Pts',(84.8242642097627,-125.461443580397,0.));
#5444=CARTESIAN_POINT('Ctrl Pts',(84.2688540706484,-125.610265287578,0.));
#5445=CARTESIAN_POINT('',(96.3750023906777,-130.200026614744,1.5));
#5446=CARTESIAN_POINT('',(96.3750023906777,-130.200026614744,0.));
#5447=CARTESIAN_POINT('',(84.2688540706484,-125.610265287578,1.5));
#5448=CARTESIAN_POINT('Ctrl Pts',(84.2688540706484,-125.610265287578,1.5));
#5449=CARTESIAN_POINT('Ctrl Pts',(84.8242642097627,-125.461443580397,1.5));
#5450=CARTESIAN_POINT('Ctrl Pts',(85.9005667939741,-125.312567655085,1.5));
#5451=CARTESIAN_POINT('Ctrl Pts',(87.4115738262991,-125.535105498477,1.5));
#5452=CARTESIAN_POINT('Ctrl Pts',(89.2592202166068,-126.557892992137,1.5));
#5453=CARTESIAN_POINT('Ctrl Pts',(91.4636064832513,-128.340248238442,1.5));
#5454=CARTESIAN_POINT('Ctrl Pts',(93.2933529587078,-129.569789816409,1.5));
#5455=CARTESIAN_POINT('Ctrl Pts',(94.7789894175882,-130.085372052723,1.5));
#5456=CARTESIAN_POINT('Ctrl Pts',(95.8324765853374,-130.200027020055,1.5));
#5457=CARTESIAN_POINT('Ctrl Pts',(96.3750023906777,-130.200026614744,1.5));
#5458=CARTESIAN_POINT('',(84.2688540706484,-125.610265287578,0.));
#5459=CARTESIAN_POINT('Origin',(96.3750023906777,-130.200026614744,0.));
#5460=CARTESIAN_POINT('',(132.000002390658,-130.199999999999,0.));
#5461=CARTESIAN_POINT('',(132.000002390658,-130.199999999999,0.));
#5462=CARTESIAN_POINT('',(132.000002390658,-130.199999999999,1.5));
#5463=CARTESIAN_POINT('',(132.000002390658,-130.199999999999,0.));
#5464=CARTESIAN_POINT('',(132.000002390658,-130.199999999999,1.5));
#5465=CARTESIAN_POINT('Origin',(106.569544407467,-116.450013510015,1.5));
#5466=CARTESIAN_POINT('',(132.000000149416,-127.2,1.5));
#5467=CARTESIAN_POINT('',(131.999996133856,-121.824997255711,1.5));
#5468=CARTESIAN_POINT('',(130.79999999992,-126.,1.5));
#5469=CARTESIAN_POINT('Origin',(131.99999925292,-126.000000747,1.5));
#5470=CARTESIAN_POINT('',(130.799999999995,-103.49999985058,1.5));
#5471=CARTESIAN_POINT('',(130.799999999995,-109.975006680297,1.5));
#5472=CARTESIAN_POINT('Origin',(130.00000074707,-103.4999992529,1.5));
#5473=CARTESIAN_POINT('',(91.4999998505849,-103.199999999976,1.5));
#5474=CARTESIAN_POINT('',(99.0347721290262,-103.199999999975,1.5));
#5475=CARTESIAN_POINT('',(91.2000000000001,-103.499999477037,1.5));
#5476=CARTESIAN_POINT('Origin',(91.499999252925,-103.4999992529,1.5));
#5477=CARTESIAN_POINT('',(89.4999996887238,-105.199999999925,1.5));
#5478=CARTESIAN_POINT('Origin',(89.500000747075,-103.500000747,1.5));
#5479=CARTESIAN_POINT('',(85.4390860476326,-105.199999999956,1.5));
#5480=CARTESIAN_POINT('',(96.0043152275071,-105.199999999876,1.5));
#5481=CARTESIAN_POINT('',(81.285605114634,-110.6129218036,1.5));
#5482=CARTESIAN_POINT('Origin',(85.439087190721,-109.5000007664,1.5));
#5483=CARTESIAN_POINT('',(84.9759608540656,-124.385520482514,1.5));
#5484=CARTESIAN_POINT('',(84.7072702650078,-123.382753293337,1.5));
#5485=CARTESIAN_POINT('Origin',(84.0100350110451,-124.644339465174,1.5));
#5486=CARTESIAN_POINT('Origin',(84.0100350110451,-124.644339465174,0.));
#5487=CARTESIAN_POINT('',(84.9759608540656,-124.385520482514,14.7));
#5488=CARTESIAN_POINT('',(84.9759608540656,-124.385520482514,0.));
#5489=CARTESIAN_POINT('',(84.2688540706484,-125.610265287578,14.7));
#5490=CARTESIAN_POINT('Origin',(84.0100350110451,-124.644339465174,14.7));
#5491=CARTESIAN_POINT('',(84.2688540706484,-125.610265287578,0.));
#5492=CARTESIAN_POINT('Origin',(84.9759608540656,-124.385520482514,0.));
#5493=CARTESIAN_POINT('',(81.285605114634,-110.6129218036,14.7));
#5494=CARTESIAN_POINT('',(81.285605114634,-110.6129218036,0.));
#5495=CARTESIAN_POINT('',(81.285605114634,-110.6129218036,14.7));
#5496=CARTESIAN_POINT('Origin',(85.439087190721,-109.5000007664,0.));
#5497=CARTESIAN_POINT('',(85.4390860476326,-105.199999999956,14.7));
#5498=CARTESIAN_POINT('',(85.4390860476326,-105.199999999956,0.));
#5499=CARTESIAN_POINT('Origin',(85.439087190721,-109.5000007664,14.7));
#5500=CARTESIAN_POINT('Origin',(85.4390860476326,-105.199999999956,0.));
#5501=CARTESIAN_POINT('',(89.4999996887238,-105.199999999925,14.7));
#5502=CARTESIAN_POINT('',(89.4999996887238,-105.199999999925,0.));
#5503=CARTESIAN_POINT('',(89.4999996887238,-105.199999999925,14.7));
#5504=CARTESIAN_POINT('Origin',(89.500000747075,-103.500000747,0.));
#5505=CARTESIAN_POINT('',(91.2000000000001,-103.499999477037,14.7));
#5506=CARTESIAN_POINT('',(91.2000000000001,-103.499999477037,0.));
#5507=CARTESIAN_POINT('Origin',(89.500000747075,-103.500000747,14.7));
#5508=CARTESIAN_POINT('Origin',(91.499999252925,-103.4999992529,0.));
#5509=CARTESIAN_POINT('',(91.4999998505849,-103.199999999976,14.7));
#5510=CARTESIAN_POINT('',(91.4999998505849,-103.199999999976,0.));
#5511=CARTESIAN_POINT('Origin',(91.499999252925,-103.4999992529,14.7));
#5512=CARTESIAN_POINT('Origin',(91.4999998505849,-103.199999999975,0.));
#5513=CARTESIAN_POINT('',(130.,-103.199999999975,14.7));
#5514=CARTESIAN_POINT('Origin',(130.00000074707,-103.4999992529,0.));
#5515=CARTESIAN_POINT('',(130.799999999995,-103.49999985058,0.));
#5516=CARTESIAN_POINT('Origin',(130.799999999995,-103.49999985058,0.));
#5517=CARTESIAN_POINT('',(130.79999999992,-126.,0.));
#5518=CARTESIAN_POINT('Origin',(131.99999925292,-126.000000747,0.));
#5519=CARTESIAN_POINT('',(132.000000149416,-127.2,0.));
#5520=CARTESIAN_POINT('Origin',(132.000000149416,-127.2,0.));
#5521=CARTESIAN_POINT('',(132.000002390658,-130.199999999999,0.));
#5522=CARTESIAN_POINT('Origin',(48.6753768042225,-135.147509349635,0.));
#5523=CARTESIAN_POINT('',(48.6753768042225,-135.147509349635,0.));
#5524=CARTESIAN_POINT('',(83.5928469484969,-125.79140086205,0.));
#5525=CARTESIAN_POINT('',(48.6753768042225,-135.147509349635,14.7));
#5526=CARTESIAN_POINT('',(83.5928469484969,-125.79140086205,14.7));
#5527=CARTESIAN_POINT('',(48.6753768042225,-135.147509349635,0.));
#5528=CARTESIAN_POINT('Origin',(47.588189890547,-131.0907561307,0.));
#5529=CARTESIAN_POINT('',(43.950920986171,-133.190636361062,0.));
#5530=CARTESIAN_POINT('Origin',(47.588189890547,-131.0907561307,0.));
#5531=CARTESIAN_POINT('',(43.950920986171,-133.190636361062,14.7));
#5532=CARTESIAN_POINT('Origin',(47.588189890547,-131.0907561307,14.7));
#5533=CARTESIAN_POINT('',(43.950920986171,-133.190636361062,0.));
#5534=CARTESIAN_POINT('Origin',(34.8184019657148,-117.372649324047,0.));
#5535=CARTESIAN_POINT('',(34.8184019657148,-117.372649324047,0.));
#5536=CARTESIAN_POINT('',(43.950920986171,-133.190636361062,0.));
#5537=CARTESIAN_POINT('',(34.8184019657148,-117.372649324047,14.7));
#5538=CARTESIAN_POINT('',(43.950920986171,-133.190636361062,14.7));
#5539=CARTESIAN_POINT('',(34.8184019657148,-117.372649324047,0.));
#5540=CARTESIAN_POINT('Origin',(38.455887497404,-115.2727892153,0.));
#5541=CARTESIAN_POINT('',(36.3557570840441,-111.635459739375,0.));
#5542=CARTESIAN_POINT('Origin',(38.455887497404,-115.2727892153,0.));
#5543=CARTESIAN_POINT('',(36.3557570840441,-111.635459739375,14.7));
#5544=CARTESIAN_POINT('Origin',(38.455887497404,-115.2727892153,14.7));
#5545=CARTESIAN_POINT('',(36.3557570840441,-111.635459739375,0.));
#5546=CARTESIAN_POINT('Origin',(45.3999808506527,-106.413774765143,0.));
#5547=CARTESIAN_POINT('',(45.3999808506527,-106.413774765143,0.));
#5548=CARTESIAN_POINT('',(36.355757084639,-111.635459740405,0.));
#5549=CARTESIAN_POINT('',(45.3999808506527,-106.413774765143,14.7));
#5550=CARTESIAN_POINT('',(36.355757084639,-111.635459740405,14.7));
#5551=CARTESIAN_POINT('',(45.3999808506527,-106.413774765143,0.));
#5552=CARTESIAN_POINT('Origin',(44.499941375652,-104.8548841342,0.));
#5553=CARTESIAN_POINT('',(46.2999999999993,-104.854907417067,0.));
#5554=CARTESIAN_POINT('Origin',(44.499941375652,-104.8548841342,0.));
#5555=CARTESIAN_POINT('',(46.2999999999993,-104.854907417067,14.7));
#5556=CARTESIAN_POINT('Origin',(44.499941375652,-104.8548841342,14.7));
#5557=CARTESIAN_POINT('',(46.2999999999993,-104.854907417067,0.));
#5558=CARTESIAN_POINT('Origin',(46.3000000000009,-51.5000023906578,0.));
#5559=CARTESIAN_POINT('',(46.3000000000009,-51.5000023906578,0.));
#5560=CARTESIAN_POINT('',(46.2999999999993,-104.854907417067,0.));
#5561=CARTESIAN_POINT('',(46.3000000000009,-51.5000023906578,14.7));
#5562=CARTESIAN_POINT('',(46.2999999999993,-104.854907417067,14.7));
#5563=CARTESIAN_POINT('',(46.3000000000009,-51.5000023906578,0.));
#5564=CARTESIAN_POINT('Origin',(50.499999252925,-51.49999925292,0.));
#5565=CARTESIAN_POINT('Origin',(50.499999252925,-51.49999925292,0.));
#5566=CARTESIAN_POINT('Origin',(50.499999252925,-51.49999925292,14.7));
#5567=CARTESIAN_POINT('Origin',(86.249999252925,-48.99999925292,0.));
#5568=CARTESIAN_POINT('',(86.25,-44.7999999999948,0.));
#5569=CARTESIAN_POINT('Origin',(86.249999252925,-48.99999925292,0.));
#5570=CARTESIAN_POINT('',(86.25,-44.7999999999948,0.));
#5571=CARTESIAN_POINT('Origin',(102.659426865295,-44.7999999999948,0.));
#5572=CARTESIAN_POINT('',(102.659426865295,-44.7999999999948,0.));
#5573=CARTESIAN_POINT('',(86.25,-44.799999999995,0.));
#5574=CARTESIAN_POINT('',(102.659426865295,-44.7999999999948,0.));
#5575=CARTESIAN_POINT('Origin',(106.49999925292,-46.49999925292,0.));
#5576=CARTESIAN_POINT('',(106.5,-42.2999999999998,0.));
#5577=CARTESIAN_POINT('Origin',(106.49999925292,-46.49999925292,0.));
#5578=CARTESIAN_POINT('',(106.5,-42.2999999999998,0.));
#5579=CARTESIAN_POINT('Origin',(126.000008534889,-42.3000000000082,0.));
#5580=CARTESIAN_POINT('',(126.000008534889,-42.3000000000082,0.));
#5581=CARTESIAN_POINT('',(106.5,-42.3,0.));
#5582=CARTESIAN_POINT('',(126.000008534889,-42.3000000000082,0.));
#5583=CARTESIAN_POINT('Origin',(125.99999866642,-46.00000133357,0.));
#5584=CARTESIAN_POINT('',(128.529821321695,-43.2999999999937,0.));
#5585=CARTESIAN_POINT('Origin',(125.99999866642,-46.00000133357,0.));
#5586=CARTESIAN_POINT('',(128.529821321695,-43.2999999999937,0.));
#5587=CARTESIAN_POINT('Origin',(147.499997609374,-43.3000000000009,0.));
#5588=CARTESIAN_POINT('',(147.499997609374,-43.3000000000009,0.));
#5589=CARTESIAN_POINT('',(128.529821321695,-43.2999999999937,0.));
#5590=CARTESIAN_POINT('',(147.499997609374,-43.3000000000009,0.));
#5591=CARTESIAN_POINT('Origin',(147.50000074707,-47.49999925292,0.));
#5592=CARTESIAN_POINT('',(151.69999999999,-47.4999999999979,0.));
#5593=CARTESIAN_POINT('Origin',(147.50000074707,-47.49999925292,0.));
#5594=CARTESIAN_POINT('',(151.69999999999,-47.4999999999979,0.));
#5595=CARTESIAN_POINT('Origin',(151.699999999994,-53.2999999999957,0.));
#5596=CARTESIAN_POINT('',(151.699999999994,-53.2999999999957,0.));
#5597=CARTESIAN_POINT('',(151.69999999999,-47.4999999999979,0.));
#5598=CARTESIAN_POINT('',(151.699999999994,-53.2999999999957,0.));
#5599=CARTESIAN_POINT('Origin',(161.499997609374,-53.3000000000009,0.));
#5600=CARTESIAN_POINT('',(161.499997609374,-53.3000000000009,0.));
#5601=CARTESIAN_POINT('',(151.699999999994,-53.2999999999957,0.));
#5602=CARTESIAN_POINT('',(161.499997609374,-53.3000000000009,0.));
#5603=CARTESIAN_POINT('Origin',(161.50000074707,-57.49999925292,0.));
#5604=CARTESIAN_POINT('',(165.69999999999,-57.4999999999985,0.));
#5605=CARTESIAN_POINT('Origin',(161.50000074707,-57.49999925292,0.));
#5606=CARTESIAN_POINT('',(165.69999999999,-57.4999999999985,0.));
#5607=CARTESIAN_POINT('Origin',(165.699999999994,-66.2999999999955,0.));
#5608=CARTESIAN_POINT('',(165.699999999994,-66.2999999999955,0.));
#5609=CARTESIAN_POINT('',(165.69999999999,-57.4999999999985,0.));
#5610=CARTESIAN_POINT('',(165.699999999994,-66.2999999999955,0.));
#5611=CARTESIAN_POINT('Origin',(179.499997609374,-66.3000000000009,0.));
#5612=CARTESIAN_POINT('',(179.499997609374,-66.3000000000009,0.));
#5613=CARTESIAN_POINT('',(165.699999999994,-66.2999999999955,0.));
#5614=CARTESIAN_POINT('',(179.499997609374,-66.3000000000009,0.));
#5615=CARTESIAN_POINT('Origin',(179.50000074707,-70.49999925292,0.));
#5616=CARTESIAN_POINT('',(183.69999999999,-70.4999999999991,0.));
#5617=CARTESIAN_POINT('Origin',(179.50000074707,-70.49999925292,0.));
#5618=CARTESIAN_POINT('',(183.69999999999,-70.4999999999991,0.));
#5619=CARTESIAN_POINT('Origin',(183.699999999999,-105.499997609598,0.));
#5620=CARTESIAN_POINT('',(183.699999999999,-105.499997609598,0.));
#5621=CARTESIAN_POINT('',(183.69999999999,-70.4999999999991,0.));
#5622=CARTESIAN_POINT('',(183.699999999999,-105.499997609598,0.));
#5623=CARTESIAN_POINT('Origin',(179.50000074707,-105.500000747,0.));
#5624=CARTESIAN_POINT('',(179.500000000012,-109.69999999993,0.));
#5625=CARTESIAN_POINT('Origin',(179.50000074707,-105.500000747,0.));
#5626=CARTESIAN_POINT('',(179.500000000012,-109.69999999993,0.));
#5627=CARTESIAN_POINT('Origin',(169.695235427446,-109.699999999967,0.));
#5628=CARTESIAN_POINT('',(169.695235427446,-109.699999999967,0.));
#5629=CARTESIAN_POINT('',(179.500000000012,-109.69999999993,0.));
#5630=CARTESIAN_POINT('',(169.695235427446,-109.699999999967,0.));
#5631=CARTESIAN_POINT('Origin',(165.50000074707,-109.500000747,0.));
#5632=CARTESIAN_POINT('',(165.500000000006,-113.69999999993,0.));
#5633=CARTESIAN_POINT('Origin',(165.50000074707,-109.500000747,0.));
#5634=CARTESIAN_POINT('',(165.500000000006,-113.69999999993,0.));
#5635=CARTESIAN_POINT('Origin',(141.199999999996,-113.699999999971,0.));
#5636=CARTESIAN_POINT('',(141.199999999996,-113.699999999971,0.));
#5637=CARTESIAN_POINT('',(165.500000000006,-113.69999999993,0.));
#5638=CARTESIAN_POINT('',(141.199999999996,-113.699999999971,0.));
#5639=CARTESIAN_POINT('Origin',(141.199999999999,-125.999997609598,0.));
#5640=CARTESIAN_POINT('',(141.199999999999,-125.999997609598,0.));
#5641=CARTESIAN_POINT('',(141.199999999996,-113.699999999971,0.));
#5642=CARTESIAN_POINT('',(141.199999999999,-125.999997609598,0.));
#5643=CARTESIAN_POINT('Origin',(137.00000074707,-126.000000747,0.));
#5644=CARTESIAN_POINT('',(137.000000000045,-130.19999999993,0.));
#5645=CARTESIAN_POINT('Origin',(137.00000074707,-126.000000747,0.));
#5646=CARTESIAN_POINT('',(137.000000000045,-130.19999999993,0.));
#5647=CARTESIAN_POINT('Origin',(132.000002390658,-130.199999999999,0.));
#5648=CARTESIAN_POINT('',(137.000000000045,-130.19999999993,0.));
#5649=CARTESIAN_POINT('Origin',(108.977901280706,-88.7953317591611,14.7));
#5650=CARTESIAN_POINT('Origin',(0.,0.,0.));
#5651=CARTESIAN_POINT('Origin',(58.,-107.5,-0.046));
#5652=CARTESIAN_POINT('',(58.,-106.4,-0.046));
#5653=CARTESIAN_POINT('Origin',(140.5,-107.5,-0.046));
#5654=CARTESIAN_POINT('',(140.5,-106.4,-0.046));
#5655=CARTESIAN_POINT('Origin',(163.5,-107.5,-0.046));
#5656=CARTESIAN_POINT('',(163.5,-106.4,-0.046));
#5657=CARTESIAN_POINT('Origin',(88.,-50.75,-0.046));
#5658=CARTESIAN_POINT('',(88.,-49.65,-0.046));
#5659=CARTESIAN_POINT('Origin',(145.5,-50.5,-0.046));
#5660=CARTESIAN_POINT('',(145.5,-49.4,-0.046));
#5661=CARTESIAN_POINT('',(0.,0.,0.));
#5662=UNCERTAINTY_MEASURE_WITH_UNIT(LENGTH_MEASURE(0.01),#5668,
'DISTANCE_ACCURACY_VALUE',
'Maximum model space distance between geometric entities at asserted c
onnectivities');
#5663=UNCERTAINTY_MEASURE_WITH_UNIT(LENGTH_MEASURE(0.01),#5668,
'DISTANCE_ACCURACY_VALUE',
'Maximum model space distance between geometric entities at asserted c
onnectivities');
#5664=UNCERTAINTY_MEASURE_WITH_UNIT(LENGTH_MEASURE(0.01),#5668,
'DISTANCE_ACCURACY_VALUE',
'Maximum model space distance between geometric entities at asserted c
onnectivities');
#5665=(
GEOMETRIC_REPRESENTATION_CONTEXT(3)
GLOBAL_UNCERTAINTY_ASSIGNED_CONTEXT((#5662))
GLOBAL_UNIT_ASSIGNED_CONTEXT((#5668,#5670,#5671))
REPRESENTATION_CONTEXT('','3D')
);
#5666=(
GEOMETRIC_REPRESENTATION_CONTEXT(3)
GLOBAL_UNCERTAINTY_ASSIGNED_CONTEXT((#5663))
GLOBAL_UNIT_ASSIGNED_CONTEXT((#5668,#5670,#5671))
REPRESENTATION_CONTEXT('','3D')
);
#5667=(
GEOMETRIC_REPRESENTATION_CONTEXT(3)
GLOBAL_UNCERTAINTY_ASSIGNED_CONTEXT((#5664))
GLOBAL_UNIT_ASSIGNED_CONTEXT((#5668,#5670,#5671))
REPRESENTATION_CONTEXT('','3D')
);
#5668=(
LENGTH_UNIT()
NAMED_UNIT(*)
SI_UNIT(.MILLI.,.METRE.)
);
#5669=(
LENGTH_UNIT()
NAMED_UNIT(*)
SI_UNIT($,.METRE.)
);
#5670=(
NAMED_UNIT(*)
PLANE_ANGLE_UNIT()
SI_UNIT($,.RADIAN.)
);
#5671=(
NAMED_UNIT(*)
SI_UNIT($,.STERADIAN.)
SOLID_ANGLE_UNIT()
);
#5672=SHAPE_DEFINITION_REPRESENTATION(#5674,#5677);
#5673=SHAPE_DEFINITION_REPRESENTATION(#5675,#5678);
#5674=PRODUCT_DEFINITION_SHAPE('',$,#5680);
#5675=PRODUCT_DEFINITION_SHAPE('',$,#5681);
#5676=PRODUCT_DEFINITION_SHAPE($,$,#14);
#5677=SHAPE_REPRESENTATION('',(#3322,#3658),#5665);
#5678=SHAPE_REPRESENTATION('',(#3323),#5666);
#5679=PRODUCT_DEFINITION_CONTEXT('part definition',#5687,'design');
#5680=PRODUCT_DEFINITION('reel-right-bottom 1','reel-right-bottom',#5682,
#5679);
#5681=PRODUCT_DEFINITION(
'codex-f0246934-b5b7-4950-8fdb-8273cd202c1c_PCB',
'codex-f0246934-b5b7-4950-8fdb-8273cd202c1c_PCB',#5683,#5679);
#5682=PRODUCT_DEFINITION_FORMATION('',$,#5689);
#5683=PRODUCT_DEFINITION_FORMATION('',$,#5690);
#5684=PRODUCT_RELATED_PRODUCT_CATEGORY('reel-right-bottom',
'reel-right-bottom',(#5689));
#5685=PRODUCT_RELATED_PRODUCT_CATEGORY(
'codex-f0246934-b5b7-4950-8fdb-8273cd202c1c_PCB',
'codex-f0246934-b5b7-4950-8fdb-8273cd202c1c_PCB',(#5690));
#5686=APPLICATION_PROTOCOL_DEFINITION('international standard',
'automotive_design',2009,#5687);
#5687=APPLICATION_CONTEXT(
'Core Data for Automotive Mechanical Design Process');
#5688=PRODUCT_CONTEXT('part definition',#5687,'mechanical');
#5689=PRODUCT('reel-right-bottom 1','reel-right-bottom',
'KiCad electronic assembly',(#5688));
#5690=PRODUCT('codex-f0246934-b5b7-4950-8fdb-8273cd202c1c_PCB',
'codex-f0246934-b5b7-4950-8fdb-8273cd202c1c_PCB',$,(#5688));
#5691=PRESENTATION_STYLE_ASSIGNMENT((#5693));
#5692=PRESENTATION_STYLE_ASSIGNMENT((#5694));
#5693=SURFACE_STYLE_USAGE(.BOTH.,#5695);
#5694=SURFACE_STYLE_USAGE(.BOTH.,#5696);
#5695=SURFACE_SIDE_STYLE('',(#5697));
#5696=SURFACE_SIDE_STYLE('',(#5698));
#5697=SURFACE_STYLE_FILL_AREA(#5699);
#5698=SURFACE_STYLE_FILL_AREA(#5700);
#5699=FILL_AREA_STYLE('\X2\92FC\X0\ - \X2\30B530C630F3\X0\',(#5701));
#5700=FILL_AREA_STYLE('Opaque(80,124,105)',(#5702));
#5701=FILL_AREA_STYLE_COLOUR('\X2\92FC\X0\ - \X2\30B530C630F3\X0\',#5703);
#5702=FILL_AREA_STYLE_COLOUR('Opaque(80,124,105)',#5704);
#5703=COLOUR_RGB('\X2\92FC\X0\ - \X2\30B530C630F3\X0\',0.627450980392157,
0.627450980392157,0.627450980392157);
#5704=COLOUR_RGB('Opaque(80,124,105)',0.313725490196078,0.486274509803922,
0.411764705882353);
ENDSEC;
END-ISO-10303-21;
