ISO-10303-21;
HEADER;
/* Generated by software containing ST-Developer
 * from STEP Tools, Inc. (www.steptools.com)
 */

FILE_DESCRIPTION(
/* description */ ('KiCad electronic assembly'),
/* implementation_level */ '2;1');

FILE_NAME(
/* name */ 'reel_right_bottom.step',
/* time_stamp */ '2026-07-19T18:57:35+09:00',
/* author */ (''),
/* organization */ (''),
/* preprocessor_version */ 'ST-DEVELOPER v20.1',
/* originating_system */ 'Autodesk Translation Framework v15.8.0.0',
/* authorisation */ '');

FILE_SCHEMA (('AUTOMOTIVE_DESIGN { 1 0 10303 214 3 1 1 }'));
ENDSEC;

DATA;
#10=MECHANICAL_DESIGN_GEOMETRIC_PRESENTATION_REPRESENTATION('',(#17),#5977);
#11=ITEM_DEFINED_TRANSFORMATION($,$,#3468,#3816);
#12=(
REPRESENTATION_RELATIONSHIP($,$,#5988,#5987)
REPRESENTATION_RELATIONSHIP_WITH_TRANSFORMATION(#11)
SHAPE_REPRESENTATION_RELATIONSHIP()
);
#13=CONTEXT_DEPENDENT_SHAPE_REPRESENTATION(#12,#5986);
#14=NEXT_ASSEMBLY_USAGE_OCCURRENCE('reel-right-bottom_PCB:1',
'reel-right-bottom_PCB:1','reel-right-bottom_PCB:1',#5990,#5991,
'reel-right-bottom_PCB:1');
#15=SHAPE_REPRESENTATION_RELATIONSHIP('SRR','None',#5988,#16);
#16=ADVANCED_BREP_SHAPE_REPRESENTATION('',(#18),#5976);
#17=STYLED_ITEM('',(#6002),#18);
#18=MANIFOLD_SOLID_BREP('\X2\30DC30C730A3\X0\1',#3454);
#19=(
BOUNDED_CURVE()
B_SPLINE_CURVE(5,(#5778,#5779,#5780,#5781,#5782,#5783,#5784,#5785,#5786,
#5787),.UNSPECIFIED.,.F.,.F.)
B_SPLINE_CURVE_WITH_KNOTS((6,1,1,1,1,6),(0.,0.2,0.4,0.6,0.8,1.),
 .UNSPECIFIED.)
CURVE()
GEOMETRIC_REPRESENTATION_ITEM()
RATIONAL_B_SPLINE_CURVE((1.,1.,1.,1.,1.,1.,1.,1.,1.,1.))
REPRESENTATION_ITEM('')
);
#20=(
BOUNDED_SURFACE()
B_SPLINE_SURFACE(5,1,((#5756,#5757),(#5758,#5759),(#5760,#5761),(#5762,
#5763),(#5764,#5765),(#5766,#5767),(#5768,#5769),(#5770,#5771),(#5772,#5773),
(#5774,#5775)),.UNSPECIFIED.,.F.,.F.,.F.)
B_SPLINE_SURFACE_WITH_KNOTS((6,1,1,1,1,6),(2,2),(-1.,-0.8,-0.6,-0.4,-0.2,
0.),(0.,0.26),.UNSPECIFIED.)
GEOMETRIC_REPRESENTATION_ITEM()
RATIONAL_B_SPLINE_SURFACE(((1.,1.),(1.,1.),(1.,1.),(1.,1.),(1.,1.),(1.,
1.),(1.,1.),(1.,1.),(1.,1.),(1.,1.)))
REPRESENTATION_ITEM('')
SURFACE()
);
#21=B_SPLINE_CURVE_WITH_KNOTS('',3,(#5548,#5549,#5550,#5551,#5552,#5553,
#5554,#5555,#5556,#5557,#5558,#5559,#5560,#5561,#5562,#5563,#5564,#5565,
#5566,#5567,#5568,#5569,#5570,#5571,#5572,#5573,#5574,#5575,#5576,#5577,
#5578,#5579,#5580,#5581,#5582,#5583,#5584,#5585,#5586,#5587,#5588,#5589,
#5590,#5591,#5592,#5593,#5594,#5595,#5596,#5597,#5598,#5599,#5600,#5601,
#5602,#5603,#5604,#5605,#5606,#5607,#5608,#5609,#5610,#5611,#5612,#5613,
#5614,#5615,#5616,#5617,#5618,#5619,#5620,#5621,#5622,#5623,#5624,#5625,
#5626),.UNSPECIFIED.,.F.,.F.,(4,3,3,3,3,3,3,3,3,3,3,3,3,3,3,3,3,3,3,3,3,
3,3,3,3,3,4),(-0.880699439683766,-0.85478883589747,-0.827897986894086,-0.800232826426577,
-0.771639072023839,-0.74189536491179,-0.710670075907273,-0.678006903234105,
-0.644117857580062,-0.608675356343953,-0.569659381013188,-0.52688599677318,
-0.47887577104642,-0.417041810545615,-0.364899564142118,-0.319287118624354,
-0.279376228796309,-0.243894058179869,-0.210109110943547,-0.177705179760806,
-0.146989587482651,-0.117777384426005,-0.0883330383195041,-0.0615823880544422,
-0.035434709887339,-0.0100382901328282,0.),.UNSPECIFIED.);
#22=FACE_BOUND('',#530,.T.);
#23=FACE_BOUND('',#531,.T.);
#24=FACE_BOUND('',#532,.T.);
#25=FACE_BOUND('',#533,.T.);
#26=FACE_BOUND('',#534,.T.);
#27=FACE_BOUND('',#567,.T.);
#28=FACE_BOUND('',#568,.T.);
#29=FACE_BOUND('',#569,.T.);
#30=FACE_BOUND('',#574,.T.);
#31=FACE_BOUND('',#577,.T.);
#32=FACE_BOUND('',#580,.T.);
#33=FACE_BOUND('',#583,.T.);
#34=FACE_BOUND('',#586,.T.);
#35=FACE_BOUND('',#589,.T.);
#36=FACE_BOUND('',#592,.T.);
#37=FACE_BOUND('',#666,.T.);
#38=FACE_BOUND('',#667,.T.);
#39=FACE_BOUND('',#668,.T.);
#40=FACE_BOUND('',#669,.T.);
#41=FACE_BOUND('',#670,.T.);
#42=FACE_BOUND('',#671,.T.);
#43=FACE_BOUND('',#672,.T.);
#44=FACE_BOUND('',#673,.T.);
#45=CIRCLE('',#3472,0.499999999999989);
#46=CIRCLE('',#3473,0.499999999999989);
#47=CIRCLE('',#3476,0.199999252931973);
#48=CIRCLE('',#3477,0.199999252931973);
#49=CIRCLE('',#3480,0.999999999999996);
#50=CIRCLE('',#3481,0.999999999999996);
#51=CIRCLE('',#3484,0.199999252932026);
#52=CIRCLE('',#3485,0.199999252932026);
#53=CIRCLE('',#3488,1.79999925292499);
#54=CIRCLE('',#3489,1.79999925292499);
#55=CIRCLE('',#3492,0.199999252931955);
#56=CIRCLE('',#3493,0.199999252931955);
#57=CIRCLE('',#3496,0.199999252921989);
#58=CIRCLE('',#3497,0.199999252921989);
#59=CIRCLE('',#3500,1.79999925292496);
#60=CIRCLE('',#3501,1.79999925292496);
#61=CIRCLE('',#3504,0.199999252921989);
#62=CIRCLE('',#3505,0.199999252921989);
#63=CIRCLE('',#3508,1.79999925292501);
#64=CIRCLE('',#3509,1.79999925292501);
#65=CIRCLE('',#3512,0.199999252921918);
#66=CIRCLE('',#3513,0.199999252921918);
#67=CIRCLE('',#3516,1.30000133357501);
#68=CIRCLE('',#3517,1.30000133357501);
#69=CIRCLE('',#3520,0.199999252921981);
#70=CIRCLE('',#3521,0.199999252921981);
#71=CIRCLE('',#3524,1.79999925292499);
#72=CIRCLE('',#3525,1.79999925292499);
#73=CIRCLE('',#3528,0.199999252926937);
#74=CIRCLE('',#3529,0.199999252926937);
#75=CIRCLE('',#3532,1.79999925292499);
#76=CIRCLE('',#3533,1.79999925292499);
#77=CIRCLE('',#3536,0.199999252926963);
#78=CIRCLE('',#3537,0.199999252926963);
#79=CIRCLE('',#3540,5.80005862446199);
#80=CIRCLE('',#3541,5.80005862446199);
#81=CIRCLE('',#3544,0.200084935992742);
#82=CIRCLE('',#3545,0.200084935992742);
#83=CIRCLE('',#3548,0.199907390300474);
#84=CIRCLE('',#3549,0.199907390300474);
#85=CIRCLE('',#3552,0.200099214592339);
#86=CIRCLE('',#3553,0.200099214592339);
#87=CIRCLE('',#3556,5.80000076644399);
#88=CIRCLE('',#3557,5.80000076644399);
#89=CIRCLE('',#3560,0.199999252927212);
#90=CIRCLE('',#3561,0.199999252927212);
#91=CIRCLE('',#3563,1.79999925292503);
#92=CIRCLE('',#3564,1.79999925292503);
#93=CIRCLE('',#3567,0.499999999999989);
#94=CIRCLE('',#3568,0.499999999999989);
#95=CIRCLE('',#3570,1.19999925293023);
#96=CIRCLE('',#3571,1.19999925293025);
#97=CIRCLE('',#3572,0.799999252924987);
#98=CIRCLE('',#3573,1.19999925293021);
#99=CIRCLE('',#3574,1.19999925292024);
#100=CIRCLE('',#3575,0.799999252924987);
#101=CIRCLE('',#3576,1.19999925292023);
#102=CIRCLE('',#3577,0.799999252925004);
#103=CIRCLE('',#3578,1.19999925292023);
#104=CIRCLE('',#3579,0.300001333574996);
#105=CIRCLE('',#3580,0.700001333574489);
#106=CIRCLE('',#3581,1.19999925292023);
#107=CIRCLE('',#3582,0.799999252924987);
#108=CIRCLE('',#3583,1.19999925292522);
#109=CIRCLE('',#3584,0.799999252924987);
#110=CIRCLE('',#3585,1.19999925292523);
#111=CIRCLE('',#3586,4.80005862446198);
#112=CIRCLE('',#3587,1.20008493602292);
#113=CIRCLE('',#3588,1.19990738764382);
#114=CIRCLE('',#3589,1.20009920949519);
#115=CIRCLE('',#3590,4.80000076644399);
#116=CIRCLE('',#3591,1.19999925292553);
#117=CIRCLE('',#3592,0.799999252925022);
#118=CIRCLE('',#3594,0.799999252925022);
#119=CIRCLE('',#3595,1.19999925300023);
#120=CIRCLE('',#3596,1.1);
#121=CIRCLE('',#3597,1.1);
#122=CIRCLE('',#3598,1.1);
#123=CIRCLE('',#3599,1.1);
#124=CIRCLE('',#3600,1.1);
#125=CIRCLE('',#3602,0.799999252925023);
#126=CIRCLE('',#3604,4.19999925292524);
#127=CIRCLE('',#3605,1.80005862449066);
#128=CIRCLE('',#3606,4.20008493602292);
#129=CIRCLE('',#3607,4.19990738764384);
#130=CIRCLE('',#3608,0.999999999999973);
#131=CIRCLE('',#3609,4.300000766444);
#132=CIRCLE('',#3610,1.69999925292554);
#133=CIRCLE('',#3611,0.299999252925029);
#134=CIRCLE('',#3612,0.250000000000004);
#135=CIRCLE('',#3613,1.19999925292553);
#136=CIRCLE('',#3614,4.800000766444);
#137=CIRCLE('',#3615,1.20009920949521);
#138=CIRCLE('',#3616,1.19990738764385);
#139=CIRCLE('',#3617,1.20008493602291);
#140=CIRCLE('',#3618,4.80005862446198);
#141=CIRCLE('',#3619,1.19999925292523);
#142=CIRCLE('',#3621,0.799999252924988);
#143=CIRCLE('',#3622,1.19999925292521);
#144=CIRCLE('',#3623,0.799999252924988);
#145=CIRCLE('',#3624,1.19999925292022);
#146=CIRCLE('',#3625,0.700001333574483);
#147=CIRCLE('',#3626,0.300001333579073);
#148=CIRCLE('',#3627,1.19999925292024);
#149=CIRCLE('',#3628,0.799999252925006);
#150=CIRCLE('',#3629,1.19999925292026);
#151=CIRCLE('',#3630,0.79999925292497);
#152=CIRCLE('',#3631,1.19999925292029);
#153=CIRCLE('',#3632,1.19999925293022);
#154=CIRCLE('',#3633,0.799999252924988);
#155=CIRCLE('',#3634,1.19999925293029);
#156=CIRCLE('',#3635,1.19999925293024);
#157=CIRCLE('',#3636,4.19999925293022);
#158=CIRCLE('',#3637,4.19999925293027);
#159=CIRCLE('',#3638,4.19999925293019);
#160=CIRCLE('',#3639,4.19999925292027);
#161=CIRCLE('',#3640,4.19999925292027);
#162=CIRCLE('',#3641,4.19999925292022);
#163=CIRCLE('',#3642,3.70000133357449);
#164=CIRCLE('',#3643,4.19999925292023);
#165=CIRCLE('',#3644,4.1999992529252);
#166=CIRCLE('',#3659,1.);
#167=CIRCLE('',#3660,0.999999999999996);
#168=CIRCLE('',#3673,0.799999252925022);
#169=CIRCLE('',#3676,1.19999925300023);
#170=CIRCLE('',#3678,0.250000000000004);
#171=CIRCLE('',#3679,0.299999252925018);
#172=CIRCLE('',#3680,1.69999925292554);
#173=CIRCLE('',#3681,4.30000076644399);
#174=CIRCLE('',#3682,0.999999999999977);
#175=CIRCLE('',#3683,4.);
#176=CIRCLE('',#3684,1.1);
#177=CIRCLE('',#3685,1.1);
#178=CIRCLE('',#3688,4.);
#179=CIRCLE('',#3690,2.19999999999999);
#180=CIRCLE('',#3691,2.19999999999999);
#181=CIRCLE('',#3693,1.1);
#182=CIRCLE('',#3695,2.19999999999999);
#183=CIRCLE('',#3696,2.19999999999999);
#184=CIRCLE('',#3698,1.1);
#185=CIRCLE('',#3700,2.19999999999999);
#186=CIRCLE('',#3701,2.19999999999999);
#187=CIRCLE('',#3703,1.1);
#188=CIRCLE('',#3705,2.19999999999999);
#189=CIRCLE('',#3706,2.19999999999999);
#190=CIRCLE('',#3708,1.1);
#191=CIRCLE('',#3710,2.19999999999999);
#192=CIRCLE('',#3711,2.19999999999999);
#193=CIRCLE('',#3713,1.1);
#194=CIRCLE('',#3715,2.19999999999999);
#195=CIRCLE('',#3716,2.19999999999999);
#196=CIRCLE('',#3718,1.1);
#197=CIRCLE('',#3720,2.20000000000001);
#198=CIRCLE('',#3721,2.20000000000001);
#199=CIRCLE('',#3723,1.1);
#200=CIRCLE('',#3726,1.);
#201=CIRCLE('',#3730,0.999999999999996);
#202=CIRCLE('',#3750,4.19990738764382);
#203=CIRCLE('',#3753,4.20008493602292);
#204=CIRCLE('',#3756,1.80005862449066);
#205=CIRCLE('',#3759,4.19999925292523);
#206=CIRCLE('',#3761,4.19999925292521);
#207=CIRCLE('',#3764,4.19999925292023);
#208=CIRCLE('',#3767,3.70000133357449);
#209=CIRCLE('',#3770,4.19999925292023);
#210=CIRCLE('',#3774,4.19999925292023);
#211=CIRCLE('',#3778,4.19999925292024);
#212=CIRCLE('',#3781,4.19999925293019);
#213=CIRCLE('',#3784,4.19999925293023);
#214=CIRCLE('',#3788,4.19999925293023);
#215=CYLINDRICAL_SURFACE('',#3471,0.499999999999989);
#216=CYLINDRICAL_SURFACE('',#3475,0.199999252931973);
#217=CYLINDRICAL_SURFACE('',#3479,0.999999999999996);
#218=CYLINDRICAL_SURFACE('',#3483,0.199999252932026);
#219=CYLINDRICAL_SURFACE('',#3487,1.79999925292499);
#220=CYLINDRICAL_SURFACE('',#3491,0.199999252931955);
#221=CYLINDRICAL_SURFACE('',#3495,0.199999252921989);
#222=CYLINDRICAL_SURFACE('',#3499,1.79999925292496);
#223=CYLINDRICAL_SURFACE('',#3503,0.199999252921989);
#224=CYLINDRICAL_SURFACE('',#3507,1.79999925292501);
#225=CYLINDRICAL_SURFACE('',#3511,0.199999252921918);
#226=CYLINDRICAL_SURFACE('',#3515,1.30000133357501);
#227=CYLINDRICAL_SURFACE('',#3519,0.199999252921981);
#228=CYLINDRICAL_SURFACE('',#3523,1.79999925292499);
#229=CYLINDRICAL_SURFACE('',#3527,0.199999252926937);
#230=CYLINDRICAL_SURFACE('',#3531,1.79999925292499);
#231=CYLINDRICAL_SURFACE('',#3535,0.199999252926963);
#232=CYLINDRICAL_SURFACE('',#3539,5.80005862446199);
#233=CYLINDRICAL_SURFACE('',#3543,0.200084935992742);
#234=CYLINDRICAL_SURFACE('',#3547,0.199907390300474);
#235=CYLINDRICAL_SURFACE('',#3551,0.200099214592339);
#236=CYLINDRICAL_SURFACE('',#3555,5.80000076644399);
#237=CYLINDRICAL_SURFACE('',#3559,0.199999252927212);
#238=CYLINDRICAL_SURFACE('',#3562,1.79999925292503);
#239=CYLINDRICAL_SURFACE('',#3566,0.499999999999989);
#240=CYLINDRICAL_SURFACE('',#3601,0.799999252925022);
#241=CYLINDRICAL_SURFACE('',#3645,1.19999925292553);
#242=CYLINDRICAL_SURFACE('',#3647,4.80000076644399);
#243=CYLINDRICAL_SURFACE('',#3649,1.20009920949519);
#244=CYLINDRICAL_SURFACE('',#3651,1.19990738764382);
#245=CYLINDRICAL_SURFACE('',#3653,1.20008493602292);
#246=CYLINDRICAL_SURFACE('',#3655,4.80005862446198);
#247=CYLINDRICAL_SURFACE('',#3657,1.19999925292523);
#248=CYLINDRICAL_SURFACE('',#3661,0.799999252924987);
#249=CYLINDRICAL_SURFACE('',#3663,1.19999925292522);
#250=CYLINDRICAL_SURFACE('',#3665,0.799999252924987);
#251=CYLINDRICAL_SURFACE('',#3667,1.19999925292023);
#252=CYLINDRICAL_SURFACE('',#3669,0.700001333574489);
#253=CYLINDRICAL_SURFACE('',#3670,0.300001333574996);
#254=CYLINDRICAL_SURFACE('',#3672,0.799999252925022);
#255=CYLINDRICAL_SURFACE('',#3675,1.19999925300023);
#256=CYLINDRICAL_SURFACE('',#3687,4.);
#257=CYLINDRICAL_SURFACE('',#3689,2.19999999999999);
#258=CYLINDRICAL_SURFACE('',#3694,2.19999999999999);
#259=CYLINDRICAL_SURFACE('',#3699,2.19999999999999);
#260=CYLINDRICAL_SURFACE('',#3704,2.19999999999999);
#261=CYLINDRICAL_SURFACE('',#3709,2.19999999999999);
#262=CYLINDRICAL_SURFACE('',#3714,2.19999999999999);
#263=CYLINDRICAL_SURFACE('',#3719,2.20000000000001);
#264=CYLINDRICAL_SURFACE('',#3725,1.);
#265=CYLINDRICAL_SURFACE('',#3729,0.999999999999996);
#266=CYLINDRICAL_SURFACE('',#3736,0.250000000000004);
#267=CYLINDRICAL_SURFACE('',#3737,1.1);
#268=CYLINDRICAL_SURFACE('',#3738,1.1);
#269=CYLINDRICAL_SURFACE('',#3740,0.999999999999977);
#270=CYLINDRICAL_SURFACE('',#3742,4.30000076644399);
#271=CYLINDRICAL_SURFACE('',#3744,1.69999925292554);
#272=CYLINDRICAL_SURFACE('',#3745,0.299999252925018);
#273=CYLINDRICAL_SURFACE('',#3749,4.19990738764382);
#274=CYLINDRICAL_SURFACE('',#3752,4.20008493602292);
#275=CYLINDRICAL_SURFACE('',#3755,1.80005862449066);
#276=CYLINDRICAL_SURFACE('',#3758,4.19999925292523);
#277=CYLINDRICAL_SURFACE('',#3760,4.19999925292521);
#278=CYLINDRICAL_SURFACE('',#3763,4.19999925292023);
#279=CYLINDRICAL_SURFACE('',#3766,3.70000133357449);
#280=CYLINDRICAL_SURFACE('',#3769,4.19999925292023);
#281=CYLINDRICAL_SURFACE('',#3773,4.19999925292023);
#282=CYLINDRICAL_SURFACE('',#3777,4.19999925292024);
#283=CYLINDRICAL_SURFACE('',#3780,4.19999925293019);
#284=CYLINDRICAL_SURFACE('',#3783,4.19999925293023);
#285=CYLINDRICAL_SURFACE('',#3787,4.19999925293023);
#286=CYLINDRICAL_SURFACE('',#3791,1.19999925293023);
#287=CYLINDRICAL_SURFACE('',#3794,1.19999925293025);
#288=CYLINDRICAL_SURFACE('',#3796,0.799999252924987);
#289=CYLINDRICAL_SURFACE('',#3798,1.19999925293021);
#290=CYLINDRICAL_SURFACE('',#3800,1.19999925292024);
#291=CYLINDRICAL_SURFACE('',#3802,0.799999252924987);
#292=CYLINDRICAL_SURFACE('',#3804,1.19999925292023);
#293=CYLINDRICAL_SURFACE('',#3806,0.799999252925004);
#294=CYLINDRICAL_SURFACE('',#3808,1.19999925292023);
#295=CYLINDRICAL_SURFACE('',#3811,1.1);
#296=CYLINDRICAL_SURFACE('',#3812,1.1);
#297=CYLINDRICAL_SURFACE('',#3813,1.1);
#298=CYLINDRICAL_SURFACE('',#3814,1.1);
#299=CYLINDRICAL_SURFACE('',#3815,1.1);
#300=FACE_OUTER_BOUND('',#478,.T.);
#301=FACE_OUTER_BOUND('',#479,.T.);
#302=FACE_OUTER_BOUND('',#480,.T.);
#303=FACE_OUTER_BOUND('',#481,.T.);
#304=FACE_OUTER_BOUND('',#482,.T.);
#305=FACE_OUTER_BOUND('',#483,.T.);
#306=FACE_OUTER_BOUND('',#484,.T.);
#307=FACE_OUTER_BOUND('',#485,.T.);
#308=FACE_OUTER_BOUND('',#486,.T.);
#309=FACE_OUTER_BOUND('',#487,.T.);
#310=FACE_OUTER_BOUND('',#488,.T.);
#311=FACE_OUTER_BOUND('',#489,.T.);
#312=FACE_OUTER_BOUND('',#490,.T.);
#313=FACE_OUTER_BOUND('',#491,.T.);
#314=FACE_OUTER_BOUND('',#492,.T.);
#315=FACE_OUTER_BOUND('',#493,.T.);
#316=FACE_OUTER_BOUND('',#494,.T.);
#317=FACE_OUTER_BOUND('',#495,.T.);
#318=FACE_OUTER_BOUND('',#496,.T.);
#319=FACE_OUTER_BOUND('',#497,.T.);
#320=FACE_OUTER_BOUND('',#498,.T.);
#321=FACE_OUTER_BOUND('',#499,.T.);
#322=FACE_OUTER_BOUND('',#500,.T.);
#323=FACE_OUTER_BOUND('',#501,.T.);
#324=FACE_OUTER_BOUND('',#502,.T.);
#325=FACE_OUTER_BOUND('',#503,.T.);
#326=FACE_OUTER_BOUND('',#504,.T.);
#327=FACE_OUTER_BOUND('',#505,.T.);
#328=FACE_OUTER_BOUND('',#506,.T.);
#329=FACE_OUTER_BOUND('',#507,.T.);
#330=FACE_OUTER_BOUND('',#508,.T.);
#331=FACE_OUTER_BOUND('',#509,.T.);
#332=FACE_OUTER_BOUND('',#510,.T.);
#333=FACE_OUTER_BOUND('',#511,.T.);
#334=FACE_OUTER_BOUND('',#512,.T.);
#335=FACE_OUTER_BOUND('',#513,.T.);
#336=FACE_OUTER_BOUND('',#514,.T.);
#337=FACE_OUTER_BOUND('',#515,.T.);
#338=FACE_OUTER_BOUND('',#516,.T.);
#339=FACE_OUTER_BOUND('',#517,.T.);
#340=FACE_OUTER_BOUND('',#518,.T.);
#341=FACE_OUTER_BOUND('',#519,.T.);
#342=FACE_OUTER_BOUND('',#520,.T.);
#343=FACE_OUTER_BOUND('',#521,.T.);
#344=FACE_OUTER_BOUND('',#522,.T.);
#345=FACE_OUTER_BOUND('',#523,.T.);
#346=FACE_OUTER_BOUND('',#524,.T.);
#347=FACE_OUTER_BOUND('',#525,.T.);
#348=FACE_OUTER_BOUND('',#526,.T.);
#349=FACE_OUTER_BOUND('',#527,.T.);
#350=FACE_OUTER_BOUND('',#528,.T.);
#351=FACE_OUTER_BOUND('',#529,.T.);
#352=FACE_OUTER_BOUND('',#535,.T.);
#353=FACE_OUTER_BOUND('',#536,.T.);
#354=FACE_OUTER_BOUND('',#537,.T.);
#355=FACE_OUTER_BOUND('',#538,.T.);
#356=FACE_OUTER_BOUND('',#539,.T.);
#357=FACE_OUTER_BOUND('',#540,.T.);
#358=FACE_OUTER_BOUND('',#541,.T.);
#359=FACE_OUTER_BOUND('',#542,.T.);
#360=FACE_OUTER_BOUND('',#543,.T.);
#361=FACE_OUTER_BOUND('',#544,.T.);
#362=FACE_OUTER_BOUND('',#545,.T.);
#363=FACE_OUTER_BOUND('',#546,.T.);
#364=FACE_OUTER_BOUND('',#547,.T.);
#365=FACE_OUTER_BOUND('',#548,.T.);
#366=FACE_OUTER_BOUND('',#549,.T.);
#367=FACE_OUTER_BOUND('',#550,.T.);
#368=FACE_OUTER_BOUND('',#551,.T.);
#369=FACE_OUTER_BOUND('',#552,.T.);
#370=FACE_OUTER_BOUND('',#553,.T.);
#371=FACE_OUTER_BOUND('',#554,.T.);
#372=FACE_OUTER_BOUND('',#555,.T.);
#373=FACE_OUTER_BOUND('',#556,.T.);
#374=FACE_OUTER_BOUND('',#557,.T.);
#375=FACE_OUTER_BOUND('',#558,.T.);
#376=FACE_OUTER_BOUND('',#559,.T.);
#377=FACE_OUTER_BOUND('',#560,.T.);
#378=FACE_OUTER_BOUND('',#561,.T.);
#379=FACE_OUTER_BOUND('',#562,.T.);
#380=FACE_OUTER_BOUND('',#563,.T.);
#381=FACE_OUTER_BOUND('',#564,.T.);
#382=FACE_OUTER_BOUND('',#565,.T.);
#383=FACE_OUTER_BOUND('',#566,.T.);
#384=FACE_OUTER_BOUND('',#570,.T.);
#385=FACE_OUTER_BOUND('',#571,.T.);
#386=FACE_OUTER_BOUND('',#572,.T.);
#387=FACE_OUTER_BOUND('',#573,.T.);
#388=FACE_OUTER_BOUND('',#575,.T.);
#389=FACE_OUTER_BOUND('',#576,.T.);
#390=FACE_OUTER_BOUND('',#578,.T.);
#391=FACE_OUTER_BOUND('',#579,.T.);
#392=FACE_OUTER_BOUND('',#581,.T.);
#393=FACE_OUTER_BOUND('',#582,.T.);
#394=FACE_OUTER_BOUND('',#584,.T.);
#395=FACE_OUTER_BOUND('',#585,.T.);
#396=FACE_OUTER_BOUND('',#587,.T.);
#397=FACE_OUTER_BOUND('',#588,.T.);
#398=FACE_OUTER_BOUND('',#590,.T.);
#399=FACE_OUTER_BOUND('',#591,.T.);
#400=FACE_OUTER_BOUND('',#593,.T.);
#401=FACE_OUTER_BOUND('',#594,.T.);
#402=FACE_OUTER_BOUND('',#595,.T.);
#403=FACE_OUTER_BOUND('',#596,.T.);
#404=FACE_OUTER_BOUND('',#597,.T.);
#405=FACE_OUTER_BOUND('',#598,.T.);
#406=FACE_OUTER_BOUND('',#599,.T.);
#407=FACE_OUTER_BOUND('',#600,.T.);
#408=FACE_OUTER_BOUND('',#601,.T.);
#409=FACE_OUTER_BOUND('',#602,.T.);
#410=FACE_OUTER_BOUND('',#603,.T.);
#411=FACE_OUTER_BOUND('',#604,.T.);
#412=FACE_OUTER_BOUND('',#605,.T.);
#413=FACE_OUTER_BOUND('',#606,.T.);
#414=FACE_OUTER_BOUND('',#607,.T.);
#415=FACE_OUTER_BOUND('',#608,.T.);
#416=FACE_OUTER_BOUND('',#609,.T.);
#417=FACE_OUTER_BOUND('',#610,.T.);
#418=FACE_OUTER_BOUND('',#611,.T.);
#419=FACE_OUTER_BOUND('',#612,.T.);
#420=FACE_OUTER_BOUND('',#613,.T.);
#421=FACE_OUTER_BOUND('',#614,.T.);
#422=FACE_OUTER_BOUND('',#615,.T.);
#423=FACE_OUTER_BOUND('',#616,.T.);
#424=FACE_OUTER_BOUND('',#617,.T.);
#425=FACE_OUTER_BOUND('',#618,.T.);
#426=FACE_OUTER_BOUND('',#619,.T.);
#427=FACE_OUTER_BOUND('',#620,.T.);
#428=FACE_OUTER_BOUND('',#621,.T.);
#429=FACE_OUTER_BOUND('',#622,.T.);
#430=FACE_OUTER_BOUND('',#623,.T.);
#431=FACE_OUTER_BOUND('',#624,.T.);
#432=FACE_OUTER_BOUND('',#625,.T.);
#433=FACE_OUTER_BOUND('',#626,.T.);
#434=FACE_OUTER_BOUND('',#627,.T.);
#435=FACE_OUTER_BOUND('',#628,.T.);
#436=FACE_OUTER_BOUND('',#629,.T.);
#437=FACE_OUTER_BOUND('',#630,.T.);
#438=FACE_OUTER_BOUND('',#631,.T.);
#439=FACE_OUTER_BOUND('',#632,.T.);
#440=FACE_OUTER_BOUND('',#633,.T.);
#441=FACE_OUTER_BOUND('',#634,.T.);
#442=FACE_OUTER_BOUND('',#635,.T.);
#443=FACE_OUTER_BOUND('',#636,.T.);
#444=FACE_OUTER_BOUND('',#637,.T.);
#445=FACE_OUTER_BOUND('',#638,.T.);
#446=FACE_OUTER_BOUND('',#639,.T.);
#447=FACE_OUTER_BOUND('',#640,.T.);
#448=FACE_OUTER_BOUND('',#641,.T.);
#449=FACE_OUTER_BOUND('',#642,.T.);
#450=FACE_OUTER_BOUND('',#643,.T.);
#451=FACE_OUTER_BOUND('',#644,.T.);
#452=FACE_OUTER_BOUND('',#645,.T.);
#453=FACE_OUTER_BOUND('',#646,.T.);
#454=FACE_OUTER_BOUND('',#647,.T.);
#455=FACE_OUTER_BOUND('',#648,.T.);
#456=FACE_OUTER_BOUND('',#649,.T.);
#457=FACE_OUTER_BOUND('',#650,.T.);
#458=FACE_OUTER_BOUND('',#651,.T.);
#459=FACE_OUTER_BOUND('',#652,.T.);
#460=FACE_OUTER_BOUND('',#653,.T.);
#461=FACE_OUTER_BOUND('',#654,.T.);
#462=FACE_OUTER_BOUND('',#655,.T.);
#463=FACE_OUTER_BOUND('',#656,.T.);
#464=FACE_OUTER_BOUND('',#657,.T.);
#465=FACE_OUTER_BOUND('',#658,.T.);
#466=FACE_OUTER_BOUND('',#659,.T.);
#467=FACE_OUTER_BOUND('',#660,.T.);
#468=FACE_OUTER_BOUND('',#661,.T.);
#469=FACE_OUTER_BOUND('',#662,.T.);
#470=FACE_OUTER_BOUND('',#663,.T.);
#471=FACE_OUTER_BOUND('',#664,.T.);
#472=FACE_OUTER_BOUND('',#665,.T.);
#473=FACE_OUTER_BOUND('',#674,.T.);
#474=FACE_OUTER_BOUND('',#675,.T.);
#475=FACE_OUTER_BOUND('',#676,.T.);
#476=FACE_OUTER_BOUND('',#677,.T.);
#477=FACE_OUTER_BOUND('',#678,.T.);
#478=EDGE_LOOP('',(#2178,#2179,#2180,#2181,#2182));
#479=EDGE_LOOP('',(#2183,#2184,#2185,#2186));
#480=EDGE_LOOP('',(#2187,#2188,#2189,#2190));
#481=EDGE_LOOP('',(#2191,#2192,#2193,#2194));
#482=EDGE_LOOP('',(#2195,#2196,#2197,#2198));
#483=EDGE_LOOP('',(#2199,#2200,#2201,#2202));
#484=EDGE_LOOP('',(#2203,#2204,#2205,#2206));
#485=EDGE_LOOP('',(#2207,#2208,#2209,#2210));
#486=EDGE_LOOP('',(#2211,#2212,#2213,#2214));
#487=EDGE_LOOP('',(#2215,#2216,#2217,#2218));
#488=EDGE_LOOP('',(#2219,#2220,#2221,#2222));
#489=EDGE_LOOP('',(#2223,#2224,#2225,#2226));
#490=EDGE_LOOP('',(#2227,#2228,#2229,#2230));
#491=EDGE_LOOP('',(#2231,#2232,#2233,#2234));
#492=EDGE_LOOP('',(#2235,#2236,#2237,#2238));
#493=EDGE_LOOP('',(#2239,#2240,#2241,#2242));
#494=EDGE_LOOP('',(#2243,#2244,#2245,#2246));
#495=EDGE_LOOP('',(#2247,#2248,#2249,#2250));
#496=EDGE_LOOP('',(#2251,#2252,#2253,#2254));
#497=EDGE_LOOP('',(#2255,#2256,#2257,#2258));
#498=EDGE_LOOP('',(#2259,#2260,#2261,#2262));
#499=EDGE_LOOP('',(#2263,#2264,#2265,#2266));
#500=EDGE_LOOP('',(#2267,#2268,#2269,#2270));
#501=EDGE_LOOP('',(#2271,#2272,#2273,#2274));
#502=EDGE_LOOP('',(#2275,#2276,#2277,#2278));
#503=EDGE_LOOP('',(#2279,#2280,#2281,#2282));
#504=EDGE_LOOP('',(#2283,#2284,#2285,#2286));
#505=EDGE_LOOP('',(#2287,#2288,#2289,#2290));
#506=EDGE_LOOP('',(#2291,#2292,#2293,#2294));
#507=EDGE_LOOP('',(#2295,#2296,#2297,#2298));
#508=EDGE_LOOP('',(#2299,#2300,#2301,#2302));
#509=EDGE_LOOP('',(#2303,#2304,#2305,#2306));
#510=EDGE_LOOP('',(#2307,#2308,#2309,#2310));
#511=EDGE_LOOP('',(#2311,#2312,#2313,#2314));
#512=EDGE_LOOP('',(#2315,#2316,#2317,#2318));
#513=EDGE_LOOP('',(#2319,#2320,#2321,#2322));
#514=EDGE_LOOP('',(#2323,#2324,#2325,#2326));
#515=EDGE_LOOP('',(#2327,#2328,#2329,#2330));
#516=EDGE_LOOP('',(#2331,#2332,#2333,#2334));
#517=EDGE_LOOP('',(#2335,#2336,#2337,#2338));
#518=EDGE_LOOP('',(#2339,#2340,#2341,#2342));
#519=EDGE_LOOP('',(#2343,#2344,#2345,#2346));
#520=EDGE_LOOP('',(#2347,#2348,#2349,#2350));
#521=EDGE_LOOP('',(#2351,#2352,#2353,#2354));
#522=EDGE_LOOP('',(#2355,#2356,#2357,#2358));
#523=EDGE_LOOP('',(#2359,#2360,#2361,#2362));
#524=EDGE_LOOP('',(#2363,#2364,#2365,#2366));
#525=EDGE_LOOP('',(#2367,#2368,#2369,#2370));
#526=EDGE_LOOP('',(#2371,#2372,#2373,#2374));
#527=EDGE_LOOP('',(#2375,#2376,#2377,#2378));
#528=EDGE_LOOP('',(#2379,#2380,#2381,#2382,#2383,#2384,#2385,#2386,#2387,
#2388,#2389,#2390,#2391,#2392,#2393,#2394,#2395,#2396,#2397,#2398,#2399,
#2400,#2401,#2402,#2403,#2404,#2405,#2406,#2407,#2408,#2409,#2410,#2411,
#2412,#2413,#2414,#2415,#2416,#2417,#2418,#2419,#2420,#2421,#2422,#2423,
#2424,#2425,#2426,#2427,#2428,#2429,#2430,#2431,#2432,#2433,#2434,#2435,
#2436,#2437,#2438,#2439,#2440,#2441,#2442,#2443,#2444,#2445,#2446,#2447,
#2448,#2449,#2450,#2451,#2452,#2453,#2454,#2455,#2456,#2457,#2458,#2459,
#2460,#2461,#2462,#2463,#2464,#2465,#2466,#2467,#2468,#2469,#2470,#2471,
#2472,#2473,#2474));
#529=EDGE_LOOP('',(#2475,#2476,#2477,#2478,#2479,#2480,#2481,#2482,#2483,
#2484,#2485,#2486,#2487,#2488,#2489,#2490,#2491,#2492,#2493,#2494,#2495,
#2496,#2497,#2498,#2499,#2500,#2501,#2502,#2503,#2504,#2505,#2506,#2507,
#2508,#2509,#2510,#2511,#2512,#2513,#2514,#2515,#2516,#2517,#2518,#2519,
#2520,#2521,#2522,#2523,#2524,#2525,#2526,#2527,#2528));
#530=EDGE_LOOP('',(#2529));
#531=EDGE_LOOP('',(#2530));
#532=EDGE_LOOP('',(#2531));
#533=EDGE_LOOP('',(#2532));
#534=EDGE_LOOP('',(#2533));
#535=EDGE_LOOP('',(#2534,#2535,#2536,#2537));
#536=EDGE_LOOP('',(#2538,#2539,#2540,#2541,#2542,#2543,#2544,#2545,#2546,
#2547,#2548,#2549,#2550,#2551,#2552,#2553,#2554,#2555,#2556,#2557,#2558,
#2559,#2560,#2561,#2562,#2563,#2564,#2565,#2566,#2567,#2568,#2569,#2570,
#2571,#2572));
#537=EDGE_LOOP('',(#2573,#2574,#2575,#2576,#2577,#2578,#2579,#2580,#2581,
#2582,#2583,#2584,#2585,#2586,#2587,#2588,#2589,#2590,#2591,#2592,#2593,
#2594,#2595,#2596,#2597,#2598,#2599,#2600,#2601,#2602,#2603,#2604,#2605,
#2606,#2607,#2608,#2609,#2610,#2611,#2612,#2613,#2614,#2615,#2616,#2617,
#2618,#2619,#2620,#2621,#2622,#2623,#2624,#2625,#2626,#2627));
#538=EDGE_LOOP('',(#2628,#2629,#2630,#2631));
#539=EDGE_LOOP('',(#2632,#2633,#2634,#2635));
#540=EDGE_LOOP('',(#2636,#2637,#2638,#2639));
#541=EDGE_LOOP('',(#2640,#2641,#2642,#2643));
#542=EDGE_LOOP('',(#2644,#2645,#2646,#2647));
#543=EDGE_LOOP('',(#2648,#2649,#2650,#2651));
#544=EDGE_LOOP('',(#2652,#2653,#2654,#2655));
#545=EDGE_LOOP('',(#2656,#2657,#2658,#2659));
#546=EDGE_LOOP('',(#2660,#2661,#2662,#2663));
#547=EDGE_LOOP('',(#2664,#2665,#2666,#2667));
#548=EDGE_LOOP('',(#2668,#2669,#2670,#2671));
#549=EDGE_LOOP('',(#2672,#2673,#2674,#2675));
#550=EDGE_LOOP('',(#2676,#2677,#2678,#2679));
#551=EDGE_LOOP('',(#2680,#2681,#2682,#2683,#2684,#2685,#2686,#2687,#2688,
#2689));
#552=EDGE_LOOP('',(#2690,#2691,#2692,#2693));
#553=EDGE_LOOP('',(#2694,#2695,#2696,#2697));
#554=EDGE_LOOP('',(#2698,#2699,#2700,#2701));
#555=EDGE_LOOP('',(#2702,#2703,#2704,#2705));
#556=EDGE_LOOP('',(#2706,#2707,#2708,#2709));
#557=EDGE_LOOP('',(#2710,#2711,#2712,#2713));
#558=EDGE_LOOP('',(#2714,#2715,#2716,#2717));
#559=EDGE_LOOP('',(#2718,#2719,#2720,#2721));
#560=EDGE_LOOP('',(#2722,#2723,#2724,#2725));
#561=EDGE_LOOP('',(#2726,#2727,#2728,#2729));
#562=EDGE_LOOP('',(#2730,#2731,#2732,#2733));
#563=EDGE_LOOP('',(#2734,#2735,#2736,#2737));
#564=EDGE_LOOP('',(#2738,#2739,#2740,#2741));
#565=EDGE_LOOP('',(#2742,#2743,#2744,#2745));
#566=EDGE_LOOP('',(#2746,#2747,#2748,#2749,#2750,#2751,#2752,#2753,#2754,
#2755,#2756,#2757,#2758,#2759,#2760,#2761));
#567=EDGE_LOOP('',(#2762));
#568=EDGE_LOOP('',(#2763));
#569=EDGE_LOOP('',(#2764));
#570=EDGE_LOOP('',(#2765,#2766,#2767,#2768));
#571=EDGE_LOOP('',(#2769,#2770,#2771,#2772));
#572=EDGE_LOOP('',(#2773,#2774,#2775,#2776));
#573=EDGE_LOOP('',(#2777));
#574=EDGE_LOOP('',(#2778));
#575=EDGE_LOOP('',(#2779,#2780,#2781,#2782));
#576=EDGE_LOOP('',(#2783));
#577=EDGE_LOOP('',(#2784));
#578=EDGE_LOOP('',(#2785,#2786,#2787,#2788));
#579=EDGE_LOOP('',(#2789));
#580=EDGE_LOOP('',(#2790));
#581=EDGE_LOOP('',(#2791,#2792,#2793,#2794));
#582=EDGE_LOOP('',(#2795));
#583=EDGE_LOOP('',(#2796));
#584=EDGE_LOOP('',(#2797,#2798,#2799,#2800));
#585=EDGE_LOOP('',(#2801));
#586=EDGE_LOOP('',(#2802));
#587=EDGE_LOOP('',(#2803,#2804,#2805,#2806));
#588=EDGE_LOOP('',(#2807));
#589=EDGE_LOOP('',(#2808));
#590=EDGE_LOOP('',(#2809,#2810,#2811,#2812));
#591=EDGE_LOOP('',(#2813));
#592=EDGE_LOOP('',(#2814));
#593=EDGE_LOOP('',(#2815,#2816,#2817,#2818));
#594=EDGE_LOOP('',(#2819,#2820,#2821,#2822));
#595=EDGE_LOOP('',(#2823,#2824,#2825,#2826));
#596=EDGE_LOOP('',(#2827,#2828,#2829,#2830));
#597=EDGE_LOOP('',(#2831,#2832,#2833,#2834));
#598=EDGE_LOOP('',(#2835,#2836,#2837,#2838,#2839,#2840,#2841,#2842,#2843,
#2844));
#599=EDGE_LOOP('',(#2845,#2846,#2847,#2848));
#600=EDGE_LOOP('',(#2849,#2850,#2851,#2852));
#601=EDGE_LOOP('',(#2853,#2854,#2855,#2856));
#602=EDGE_LOOP('',(#2857,#2858,#2859,#2860));
#603=EDGE_LOOP('',(#2861,#2862,#2863,#2864,#2865,#2866,#2867,#2868));
#604=EDGE_LOOP('',(#2869,#2870,#2871,#2872));
#605=EDGE_LOOP('',(#2873,#2874,#2875,#2876));
#606=EDGE_LOOP('',(#2877,#2878,#2879,#2880));
#607=EDGE_LOOP('',(#2881,#2882,#2883,#2884));
#608=EDGE_LOOP('',(#2885,#2886,#2887,#2888,#2889));
#609=EDGE_LOOP('',(#2890,#2891,#2892,#2893));
#610=EDGE_LOOP('',(#2894,#2895,#2896,#2897));
#611=EDGE_LOOP('',(#2898,#2899,#2900,#2901));
#612=EDGE_LOOP('',(#2902,#2903,#2904,#2905));
#613=EDGE_LOOP('',(#2906,#2907,#2908,#2909,#2910));
#614=EDGE_LOOP('',(#2911,#2912,#2913,#2914));
#615=EDGE_LOOP('',(#2915,#2916,#2917,#2918,#2919,#2920,#2921));
#616=EDGE_LOOP('',(#2922,#2923,#2924,#2925,#2926,#2927));
#617=EDGE_LOOP('',(#2928,#2929,#2930,#2931));
#618=EDGE_LOOP('',(#2932,#2933,#2934,#2935));
#619=EDGE_LOOP('',(#2936,#2937,#2938,#2939,#2940));
#620=EDGE_LOOP('',(#2941,#2942,#2943,#2944));
#621=EDGE_LOOP('',(#2945,#2946,#2947,#2948,#2949));
#622=EDGE_LOOP('',(#2950,#2951,#2952,#2953));
#623=EDGE_LOOP('',(#2954,#2955,#2956,#2957));
#624=EDGE_LOOP('',(#2958,#2959,#2960,#2961));
#625=EDGE_LOOP('',(#2962,#2963,#2964,#2965));
#626=EDGE_LOOP('',(#2966,#2967,#2968,#2969));
#627=EDGE_LOOP('',(#2970,#2971,#2972,#2973));
#628=EDGE_LOOP('',(#2974,#2975,#2976,#2977));
#629=EDGE_LOOP('',(#2978,#2979,#2980,#2981));
#630=EDGE_LOOP('',(#2982,#2983,#2984,#2985));
#631=EDGE_LOOP('',(#2986,#2987,#2988,#2989));
#632=EDGE_LOOP('',(#2990,#2991,#2992,#2993));
#633=EDGE_LOOP('',(#2994,#2995,#2996,#2997));
#634=EDGE_LOOP('',(#2998,#2999,#3000,#3001));
#635=EDGE_LOOP('',(#3002,#3003,#3004,#3005));
#636=EDGE_LOOP('',(#3006,#3007,#3008,#3009));
#637=EDGE_LOOP('',(#3010,#3011,#3012,#3013));
#638=EDGE_LOOP('',(#3014,#3015,#3016,#3017));
#639=EDGE_LOOP('',(#3018,#3019,#3020,#3021));
#640=EDGE_LOOP('',(#3022,#3023,#3024,#3025));
#641=EDGE_LOOP('',(#3026,#3027,#3028,#3029));
#642=EDGE_LOOP('',(#3030,#3031,#3032,#3033));
#643=EDGE_LOOP('',(#3034,#3035,#3036,#3037));
#644=EDGE_LOOP('',(#3038,#3039,#3040,#3041,#3042,#3043));
#645=EDGE_LOOP('',(#3044,#3045,#3046,#3047));
#646=EDGE_LOOP('',(#3048,#3049,#3050,#3051));
#647=EDGE_LOOP('',(#3052,#3053,#3054,#3055));
#648=EDGE_LOOP('',(#3056,#3057,#3058,#3059));
#649=EDGE_LOOP('',(#3060,#3061,#3062,#3063));
#650=EDGE_LOOP('',(#3064,#3065,#3066,#3067));
#651=EDGE_LOOP('',(#3068,#3069,#3070,#3071));
#652=EDGE_LOOP('',(#3072,#3073,#3074,#3075));
#653=EDGE_LOOP('',(#3076,#3077,#3078,#3079));
#654=EDGE_LOOP('',(#3080,#3081,#3082,#3083));
#655=EDGE_LOOP('',(#3084,#3085,#3086,#3087));
#656=EDGE_LOOP('',(#3088,#3089,#3090,#3091));
#657=EDGE_LOOP('',(#3092,#3093,#3094,#3095));
#658=EDGE_LOOP('',(#3096,#3097,#3098,#3099));
#659=EDGE_LOOP('',(#3100,#3101,#3102,#3103));
#660=EDGE_LOOP('',(#3104,#3105,#3106,#3107));
#661=EDGE_LOOP('',(#3108,#3109,#3110,#3111));
#662=EDGE_LOOP('',(#3112,#3113,#3114,#3115));
#663=EDGE_LOOP('',(#3116,#3117,#3118,#3119));
#664=EDGE_LOOP('',(#3120,#3121,#3122,#3123));
#665=EDGE_LOOP('',(#3124,#3125,#3126,#3127,#3128,#3129,#3130,#3131,#3132,
#3133,#3134,#3135,#3136,#3137,#3138,#3139,#3140,#3141,#3142,#3143,#3144,
#3145,#3146,#3147,#3148,#3149,#3150,#3151,#3152,#3153,#3154,#3155));
#666=EDGE_LOOP('',(#3156));
#667=EDGE_LOOP('',(#3157));
#668=EDGE_LOOP('',(#3158));
#669=EDGE_LOOP('',(#3159));
#670=EDGE_LOOP('',(#3160));
#671=EDGE_LOOP('',(#3161));
#672=EDGE_LOOP('',(#3162));
#673=EDGE_LOOP('',(#3163));
#674=EDGE_LOOP('',(#3164,#3165,#3166,#3167));
#675=EDGE_LOOP('',(#3168,#3169,#3170,#3171));
#676=EDGE_LOOP('',(#3172,#3173,#3174,#3175));
#677=EDGE_LOOP('',(#3176,#3177,#3178,#3179));
#678=EDGE_LOOP('',(#3180,#3181,#3182,#3183));
#679=LINE('',#4853,#1010);
#680=LINE('',#4855,#1011);
#681=LINE('',#4857,#1012);
#682=LINE('',#4859,#1013);
#683=LINE('',#4860,#1014);
#684=LINE('',#4864,#1015);
#685=LINE('',#4866,#1016);
#686=LINE('',#4868,#1017);
#687=LINE('',#4869,#1018);
#688=LINE('',#4875,#1019);
#689=LINE('',#4878,#1020);
#690=LINE('',#4880,#1021);
#691=LINE('',#4881,#1022);
#692=LINE('',#4887,#1023);
#693=LINE('',#4890,#1024);
#694=LINE('',#4892,#1025);
#695=LINE('',#4893,#1026);
#696=LINE('',#4899,#1027);
#697=LINE('',#4902,#1028);
#698=LINE('',#4904,#1029);
#699=LINE('',#4905,#1030);
#700=LINE('',#4911,#1031);
#701=LINE('',#4914,#1032);
#702=LINE('',#4916,#1033);
#703=LINE('',#4917,#1034);
#704=LINE('',#4923,#1035);
#705=LINE('',#4926,#1036);
#706=LINE('',#4928,#1037);
#707=LINE('',#4929,#1038);
#708=LINE('',#4935,#1039);
#709=LINE('',#4938,#1040);
#710=LINE('',#4940,#1041);
#711=LINE('',#4941,#1042);
#712=LINE('',#4947,#1043);
#713=LINE('',#4950,#1044);
#714=LINE('',#4952,#1045);
#715=LINE('',#4953,#1046);
#716=LINE('',#4959,#1047);
#717=LINE('',#4962,#1048);
#718=LINE('',#4964,#1049);
#719=LINE('',#4965,#1050);
#720=LINE('',#4971,#1051);
#721=LINE('',#4974,#1052);
#722=LINE('',#4976,#1053);
#723=LINE('',#4977,#1054);
#724=LINE('',#4983,#1055);
#725=LINE('',#4986,#1056);
#726=LINE('',#4988,#1057);
#727=LINE('',#4989,#1058);
#728=LINE('',#4995,#1059);
#729=LINE('',#4998,#1060);
#730=LINE('',#5000,#1061);
#731=LINE('',#5001,#1062);
#732=LINE('',#5007,#1063);
#733=LINE('',#5010,#1064);
#734=LINE('',#5012,#1065);
#735=LINE('',#5013,#1066);
#736=LINE('',#5019,#1067);
#737=LINE('',#5022,#1068);
#738=LINE('',#5024,#1069);
#739=LINE('',#5025,#1070);
#740=LINE('',#5031,#1071);
#741=LINE('',#5034,#1072);
#742=LINE('',#5036,#1073);
#743=LINE('',#5037,#1074);
#744=LINE('',#5043,#1075);
#745=LINE('',#5046,#1076);
#746=LINE('',#5048,#1077);
#747=LINE('',#5049,#1078);
#748=LINE('',#5055,#1079);
#749=LINE('',#5058,#1080);
#750=LINE('',#5060,#1081);
#751=LINE('',#5061,#1082);
#752=LINE('',#5067,#1083);
#753=LINE('',#5070,#1084);
#754=LINE('',#5072,#1085);
#755=LINE('',#5073,#1086);
#756=LINE('',#5079,#1087);
#757=LINE('',#5082,#1088);
#758=LINE('',#5084,#1089);
#759=LINE('',#5085,#1090);
#760=LINE('',#5091,#1091);
#761=LINE('',#5094,#1092);
#762=LINE('',#5096,#1093);
#763=LINE('',#5097,#1094);
#764=LINE('',#5103,#1095);
#765=LINE('',#5106,#1096);
#766=LINE('',#5108,#1097);
#767=LINE('',#5109,#1098);
#768=LINE('',#5115,#1099);
#769=LINE('',#5118,#1100);
#770=LINE('',#5120,#1101);
#771=LINE('',#5121,#1102);
#772=LINE('',#5127,#1103);
#773=LINE('',#5130,#1104);
#774=LINE('',#5132,#1105);
#775=LINE('',#5133,#1106);
#776=LINE('',#5139,#1107);
#777=LINE('',#5145,#1108);
#778=LINE('',#5148,#1109);
#779=LINE('',#5150,#1110);
#780=LINE('',#5151,#1111);
#781=LINE('',#5157,#1112);
#782=LINE('',#5161,#1113);
#783=LINE('',#5163,#1114);
#784=LINE('',#5167,#1115);
#785=LINE('',#5171,#1116);
#786=LINE('',#5175,#1117);
#787=LINE('',#5179,#1118);
#788=LINE('',#5183,#1119);
#789=LINE('',#5187,#1120);
#790=LINE('',#5191,#1121);
#791=LINE('',#5195,#1122);
#792=LINE('',#5201,#1123);
#793=LINE('',#5205,#1124);
#794=LINE('',#5209,#1125);
#795=LINE('',#5213,#1126);
#796=LINE('',#5217,#1127);
#797=LINE('',#5221,#1128);
#798=LINE('',#5225,#1129);
#799=LINE('',#5229,#1130);
#800=LINE('',#5233,#1131);
#801=LINE('',#5237,#1132);
#802=LINE('',#5241,#1133);
#803=LINE('',#5246,#1134);
#804=LINE('',#5249,#1135);
#805=LINE('',#5253,#1136);
#806=LINE('',#5267,#1137);
#807=LINE('',#5270,#1138);
#808=LINE('',#5274,#1139);
#809=LINE('',#5276,#1140);
#810=LINE('',#5280,#1141);
#811=LINE('',#5284,#1142);
#812=LINE('',#5288,#1143);
#813=LINE('',#5292,#1144);
#814=LINE('',#5294,#1145);
#815=LINE('',#5298,#1146);
#816=LINE('',#5302,#1147);
#817=LINE('',#5308,#1148);
#818=LINE('',#5311,#1149);
#819=LINE('',#5315,#1150);
#820=LINE('',#5319,#1151);
#821=LINE('',#5323,#1152);
#822=LINE('',#5327,#1153);
#823=LINE('',#5331,#1154);
#824=LINE('',#5335,#1155);
#825=LINE('',#5338,#1156);
#826=LINE('',#5342,#1157);
#827=LINE('',#5344,#1158);
#828=LINE('',#5348,#1159);
#829=LINE('',#5352,#1160);
#830=LINE('',#5356,#1161);
#831=LINE('',#5360,#1162);
#832=LINE('',#5366,#1163);
#833=LINE('',#5370,#1164);
#834=LINE('',#5374,#1165);
#835=LINE('',#5378,#1166);
#836=LINE('',#5382,#1167);
#837=LINE('',#5386,#1168);
#838=LINE('',#5390,#1169);
#839=LINE('',#5394,#1170);
#840=LINE('',#5398,#1171);
#841=LINE('',#5400,#1172);
#842=LINE('',#5404,#1173);
#843=LINE('',#5406,#1174);
#844=LINE('',#5408,#1175);
#845=LINE('',#5412,#1176);
#846=LINE('',#5414,#1177);
#847=LINE('',#5418,#1178);
#848=LINE('',#5422,#1179);
#849=LINE('',#5426,#1180);
#850=LINE('',#5428,#1181);
#851=LINE('',#5432,#1182);
#852=LINE('',#5434,#1183);
#853=LINE('',#5438,#1184);
#854=LINE('',#5442,#1185);
#855=LINE('',#5446,#1186);
#856=LINE('',#5449,#1187);
#857=LINE('',#5451,#1188);
#858=LINE('',#5453,#1189);
#859=LINE('',#5455,#1190);
#860=LINE('',#5457,#1191);
#861=LINE('',#5459,#1192);
#862=LINE('',#5461,#1193);
#863=LINE('',#5463,#1194);
#864=LINE('',#5465,#1195);
#865=LINE('',#5467,#1196);
#866=LINE('',#5469,#1197);
#867=LINE('',#5471,#1198);
#868=LINE('',#5473,#1199);
#869=LINE('',#5475,#1200);
#870=LINE('',#5477,#1201);
#871=LINE('',#5479,#1202);
#872=LINE('',#5483,#1203);
#873=LINE('',#5486,#1204);
#874=LINE('',#5488,#1205);
#875=LINE('',#5490,#1206);
#876=LINE('',#5492,#1207);
#877=LINE('',#5494,#1208);
#878=LINE('',#5496,#1209);
#879=LINE('',#5498,#1210);
#880=LINE('',#5500,#1211);
#881=LINE('',#5502,#1212);
#882=LINE('',#5504,#1213);
#883=LINE('',#5506,#1214);
#884=LINE('',#5509,#1215);
#885=LINE('',#5511,#1216);
#886=LINE('',#5512,#1217);
#887=LINE('',#5516,#1218);
#888=LINE('',#5519,#1219);
#889=LINE('',#5520,#1220);
#890=LINE('',#5524,#1221);
#891=LINE('',#5528,#1222);
#892=LINE('',#5529,#1223);
#893=LINE('',#5533,#1224);
#894=LINE('',#5539,#1225);
#895=LINE('',#5543,#1226);
#896=LINE('',#5547,#1227);
#897=LINE('',#5635,#1228);
#898=LINE('',#5637,#1229);
#899=LINE('',#5638,#1230);
#900=LINE('',#5641,#1231);
#901=LINE('',#5647,#1232);
#902=LINE('',#5656,#1233);
#903=LINE('',#5665,#1234);
#904=LINE('',#5674,#1235);
#905=LINE('',#5683,#1236);
#906=LINE('',#5692,#1237);
#907=LINE('',#5701,#1238);
#908=LINE('',#5708,#1239);
#909=LINE('',#5710,#1240);
#910=LINE('',#5711,#1241);
#911=LINE('',#5714,#1242);
#912=LINE('',#5717,#1243);
#913=LINE('',#5720,#1244);
#914=LINE('',#5721,#1245);
#915=LINE('',#5726,#1246);
#916=LINE('',#5728,#1247);
#917=LINE('',#5729,#1248);
#918=LINE('',#5733,#1249);
#919=LINE('',#5734,#1250);
#920=LINE('',#5735,#1251);
#921=LINE('',#5739,#1252);
#922=LINE('',#5740,#1253);
#923=LINE('',#5741,#1254);
#924=LINE('',#5743,#1255);
#925=LINE('',#5747,#1256);
#926=LINE('',#5748,#1257);
#927=LINE('',#5749,#1258);
#928=LINE('',#5751,#1259);
#929=LINE('',#5753,#1260);
#930=LINE('',#5755,#1261);
#931=LINE('',#5777,#1262);
#932=LINE('',#5789,#1263);
#933=LINE('',#5790,#1264);
#934=LINE('',#5792,#1265);
#935=LINE('',#5794,#1266);
#936=LINE('',#5796,#1267);
#937=LINE('',#5798,#1268);
#938=LINE('',#5800,#1269);
#939=LINE('',#5802,#1270);
#940=LINE('',#5806,#1271);
#941=LINE('',#5807,#1272);
#942=LINE('',#5808,#1273);
#943=LINE('',#5811,#1274);
#944=LINE('',#5812,#1275);
#945=LINE('',#5816,#1276);
#946=LINE('',#5819,#1277);
#947=LINE('',#5820,#1278);
#948=LINE('',#5824,#1279);
#949=LINE('',#5827,#1280);
#950=LINE('',#5828,#1281);
#951=LINE('',#5832,#1282);
#952=LINE('',#5835,#1283);
#953=LINE('',#5836,#1284);
#954=LINE('',#5842,#1285);
#955=LINE('',#5845,#1286);
#956=LINE('',#5846,#1287);
#957=LINE('',#5850,#1288);
#958=LINE('',#5853,#1289);
#959=LINE('',#5854,#1290);
#960=LINE('',#5858,#1291);
#961=LINE('',#5861,#1292);
#962=LINE('',#5862,#1293);
#963=LINE('',#5866,#1294);
#964=LINE('',#5869,#1295);
#965=LINE('',#5870,#1296);
#966=LINE('',#5873,#1297);
#967=LINE('',#5874,#1298);
#968=LINE('',#5878,#1299);
#969=LINE('',#5881,#1300);
#970=LINE('',#5882,#1301);
#971=LINE('',#5885,#1302);
#972=LINE('',#5886,#1303);
#973=LINE('',#5890,#1304);
#974=LINE('',#5893,#1305);
#975=LINE('',#5894,#1306);
#976=LINE('',#5898,#1307);
#977=LINE('',#5901,#1308);
#978=LINE('',#5902,#1309);
#979=LINE('',#5906,#1310);
#980=LINE('',#5909,#1311);
#981=LINE('',#5910,#1312);
#982=LINE('',#5913,#1313);
#983=LINE('',#5914,#1314);
#984=LINE('',#5918,#1315);
#985=LINE('',#5920,#1316);
#986=LINE('',#5922,#1317);
#987=LINE('',#5924,#1318);
#988=LINE('',#5926,#1319);
#989=LINE('',#5928,#1320);
#990=LINE('',#5930,#1321);
#991=LINE('',#5932,#1322);
#992=LINE('',#5934,#1323);
#993=LINE('',#5936,#1324);
#994=LINE('',#5938,#1325);
#995=LINE('',#5940,#1326);
#996=LINE('',#5942,#1327);
#997=LINE('',#5944,#1328);
#998=LINE('',#5946,#1329);
#999=LINE('',#5948,#1330);
#1000=LINE('',#5950,#1331);
#1001=LINE('',#5952,#1332);
#1002=LINE('',#5954,#1333);
#1003=LINE('',#5956,#1334);
#1004=LINE('',#5958,#1335);
#1005=LINE('',#5962,#1336);
#1006=LINE('',#5964,#1337);
#1007=LINE('',#5966,#1338);
#1008=LINE('',#5968,#1339);
#1009=LINE('',#5970,#1340);
#1010=VECTOR('',#3823,10.);
#1011=VECTOR('',#3824,10.);
#1012=VECTOR('',#3825,10.);
#1013=VECTOR('',#3826,10.);
#1014=VECTOR('',#3827,10.);
#1015=VECTOR('',#3830,10.);
#1016=VECTOR('',#3831,10.);
#1017=VECTOR('',#3832,10.);
#1018=VECTOR('',#3833,10.);
#1019=VECTOR('',#3840,10.);
#1020=VECTOR('',#3843,10.);
#1021=VECTOR('',#3844,10.);
#1022=VECTOR('',#3845,10.);
#1023=VECTOR('',#3852,10.);
#1024=VECTOR('',#3855,10.);
#1025=VECTOR('',#3856,10.);
#1026=VECTOR('',#3857,10.);
#1027=VECTOR('',#3864,10.);
#1028=VECTOR('',#3867,10.);
#1029=VECTOR('',#3868,10.);
#1030=VECTOR('',#3869,10.);
#1031=VECTOR('',#3876,10.);
#1032=VECTOR('',#3879,10.);
#1033=VECTOR('',#3880,10.);
#1034=VECTOR('',#3881,10.);
#1035=VECTOR('',#3888,10.);
#1036=VECTOR('',#3891,10.);
#1037=VECTOR('',#3892,10.);
#1038=VECTOR('',#3893,10.);
#1039=VECTOR('',#3900,10.);
#1040=VECTOR('',#3903,10.);
#1041=VECTOR('',#3904,10.);
#1042=VECTOR('',#3905,10.);
#1043=VECTOR('',#3912,10.);
#1044=VECTOR('',#3915,10.);
#1045=VECTOR('',#3916,10.);
#1046=VECTOR('',#3917,10.);
#1047=VECTOR('',#3924,10.);
#1048=VECTOR('',#3927,10.);
#1049=VECTOR('',#3928,10.);
#1050=VECTOR('',#3929,10.);
#1051=VECTOR('',#3936,10.);
#1052=VECTOR('',#3939,10.);
#1053=VECTOR('',#3940,10.);
#1054=VECTOR('',#3941,10.);
#1055=VECTOR('',#3948,10.);
#1056=VECTOR('',#3951,10.);
#1057=VECTOR('',#3952,10.);
#1058=VECTOR('',#3953,10.);
#1059=VECTOR('',#3960,10.);
#1060=VECTOR('',#3963,10.);
#1061=VECTOR('',#3964,10.);
#1062=VECTOR('',#3965,10.);
#1063=VECTOR('',#3972,10.);
#1064=VECTOR('',#3975,10.);
#1065=VECTOR('',#3976,10.);
#1066=VECTOR('',#3977,10.);
#1067=VECTOR('',#3984,10.);
#1068=VECTOR('',#3987,10.);
#1069=VECTOR('',#3988,10.);
#1070=VECTOR('',#3989,10.);
#1071=VECTOR('',#3996,10.);
#1072=VECTOR('',#3999,10.);
#1073=VECTOR('',#4000,10.);
#1074=VECTOR('',#4001,10.);
#1075=VECTOR('',#4008,10.);
#1076=VECTOR('',#4011,10.);
#1077=VECTOR('',#4012,10.);
#1078=VECTOR('',#4013,10.);
#1079=VECTOR('',#4020,10.);
#1080=VECTOR('',#4023,10.);
#1081=VECTOR('',#4024,10.);
#1082=VECTOR('',#4025,10.);
#1083=VECTOR('',#4032,10.);
#1084=VECTOR('',#4035,10.);
#1085=VECTOR('',#4036,10.);
#1086=VECTOR('',#4037,10.);
#1087=VECTOR('',#4044,10.);
#1088=VECTOR('',#4047,10.);
#1089=VECTOR('',#4048,10.);
#1090=VECTOR('',#4049,10.);
#1091=VECTOR('',#4056,10.);
#1092=VECTOR('',#4059,10.);
#1093=VECTOR('',#4060,10.);
#1094=VECTOR('',#4061,10.);
#1095=VECTOR('',#4068,10.);
#1096=VECTOR('',#4071,10.);
#1097=VECTOR('',#4072,10.);
#1098=VECTOR('',#4073,10.);
#1099=VECTOR('',#4080,10.);
#1100=VECTOR('',#4083,10.);
#1101=VECTOR('',#4084,10.);
#1102=VECTOR('',#4085,10.);
#1103=VECTOR('',#4092,10.);
#1104=VECTOR('',#4095,10.);
#1105=VECTOR('',#4096,10.);
#1106=VECTOR('',#4097,10.);
#1107=VECTOR('',#4104,10.);
#1108=VECTOR('',#4111,10.);
#1109=VECTOR('',#4114,10.);
#1110=VECTOR('',#4115,10.);
#1111=VECTOR('',#4116,10.);
#1112=VECTOR('',#4125,10.);
#1113=VECTOR('',#4128,10.);
#1114=VECTOR('',#4129,10.);
#1115=VECTOR('',#4132,10.);
#1116=VECTOR('',#4135,10.);
#1117=VECTOR('',#4138,10.);
#1118=VECTOR('',#4141,10.);
#1119=VECTOR('',#4144,10.);
#1120=VECTOR('',#4147,10.);
#1121=VECTOR('',#4150,10.);
#1122=VECTOR('',#4153,10.);
#1123=VECTOR('',#4158,10.);
#1124=VECTOR('',#4161,10.);
#1125=VECTOR('',#4164,10.);
#1126=VECTOR('',#4167,10.);
#1127=VECTOR('',#4170,10.);
#1128=VECTOR('',#4173,10.);
#1129=VECTOR('',#4176,10.);
#1130=VECTOR('',#4179,10.);
#1131=VECTOR('',#4182,10.);
#1132=VECTOR('',#4185,10.);
#1133=VECTOR('',#4188,10.);
#1134=VECTOR('',#4193,10.);
#1135=VECTOR('',#4196,10.);
#1136=VECTOR('',#4199,10.);
#1137=VECTOR('',#4214,10.);
#1138=VECTOR('',#4217,10.);
#1139=VECTOR('',#4220,10.);
#1140=VECTOR('',#4221,10.);
#1141=VECTOR('',#4224,10.);
#1142=VECTOR('',#4227,10.);
#1143=VECTOR('',#4230,10.);
#1144=VECTOR('',#4233,10.);
#1145=VECTOR('',#4234,10.);
#1146=VECTOR('',#4237,10.);
#1147=VECTOR('',#4240,10.);
#1148=VECTOR('',#4245,10.);
#1149=VECTOR('',#4248,10.);
#1150=VECTOR('',#4251,10.);
#1151=VECTOR('',#4254,10.);
#1152=VECTOR('',#4257,10.);
#1153=VECTOR('',#4260,10.);
#1154=VECTOR('',#4263,10.);
#1155=VECTOR('',#4266,10.);
#1156=VECTOR('',#4269,10.);
#1157=VECTOR('',#4272,10.);
#1158=VECTOR('',#4273,10.);
#1159=VECTOR('',#4276,10.);
#1160=VECTOR('',#4279,10.);
#1161=VECTOR('',#4282,10.);
#1162=VECTOR('',#4285,10.);
#1163=VECTOR('',#4290,10.);
#1164=VECTOR('',#4293,10.);
#1165=VECTOR('',#4296,10.);
#1166=VECTOR('',#4299,10.);
#1167=VECTOR('',#4302,10.);
#1168=VECTOR('',#4305,10.);
#1169=VECTOR('',#4308,10.);
#1170=VECTOR('',#4311,10.);
#1171=VECTOR('',#4314,10.);
#1172=VECTOR('',#4315,10.);
#1173=VECTOR('',#4318,10.);
#1174=VECTOR('',#4319,10.);
#1175=VECTOR('',#4320,10.);
#1176=VECTOR('',#4323,10.);
#1177=VECTOR('',#4324,10.);
#1178=VECTOR('',#4327,10.);
#1179=VECTOR('',#4330,10.);
#1180=VECTOR('',#4333,10.);
#1181=VECTOR('',#4334,10.);
#1182=VECTOR('',#4337,10.);
#1183=VECTOR('',#4338,10.);
#1184=VECTOR('',#4341,10.);
#1185=VECTOR('',#4344,10.);
#1186=VECTOR('',#4347,10.);
#1187=VECTOR('',#4350,10.);
#1188=VECTOR('',#4353,10.);
#1189=VECTOR('',#4356,10.);
#1190=VECTOR('',#4359,10.);
#1191=VECTOR('',#4362,10.);
#1192=VECTOR('',#4365,10.);
#1193=VECTOR('',#4368,10.);
#1194=VECTOR('',#4371,10.);
#1195=VECTOR('',#4374,10.);
#1196=VECTOR('',#4377,10.);
#1197=VECTOR('',#4380,10.);
#1198=VECTOR('',#4383,10.);
#1199=VECTOR('',#4386,10.);
#1200=VECTOR('',#4389,10.);
#1201=VECTOR('',#4392,10.);
#1202=VECTOR('',#4393,10.);
#1203=VECTOR('',#4396,10.);
#1204=VECTOR('',#4399,10.);
#1205=VECTOR('',#4402,10.);
#1206=VECTOR('',#4405,10.);
#1207=VECTOR('',#4408,10.);
#1208=VECTOR('',#4411,10.);
#1209=VECTOR('',#4414,10.);
#1210=VECTOR('',#4417,10.);
#1211=VECTOR('',#4420,10.);
#1212=VECTOR('',#4423,10.);
#1213=VECTOR('',#4426,10.);
#1214=VECTOR('',#4429,10.);
#1215=VECTOR('',#4432,10.);
#1216=VECTOR('',#4433,10.);
#1217=VECTOR('',#4434,10.);
#1218=VECTOR('',#4439,10.);
#1219=VECTOR('',#4442,10.);
#1220=VECTOR('',#4443,10.);
#1221=VECTOR('',#4448,10.);
#1222=VECTOR('',#4451,10.);
#1223=VECTOR('',#4452,10.);
#1224=VECTOR('',#4455,10.);
#1225=VECTOR('',#4460,10.);
#1226=VECTOR('',#4463,10.);
#1227=VECTOR('',#4466,10.);
#1228=VECTOR('',#4475,10.);
#1229=VECTOR('',#4476,10.);
#1230=VECTOR('',#4477,10.);
#1231=VECTOR('',#4480,4.);
#1232=VECTOR('',#4487,2.19999999999999);
#1233=VECTOR('',#4498,2.19999999999999);
#1234=VECTOR('',#4509,2.19999999999999);
#1235=VECTOR('',#4520,2.19999999999999);
#1236=VECTOR('',#4531,2.19999999999999);
#1237=VECTOR('',#4542,2.19999999999999);
#1238=VECTOR('',#4553,2.20000000000001);
#1239=VECTOR('',#4562,10.);
#1240=VECTOR('',#4563,10.);
#1241=VECTOR('',#4564,10.);
#1242=VECTOR('',#4567,10.);
#1243=VECTOR('',#4572,10.);
#1244=VECTOR('',#4575,10.);
#1245=VECTOR('',#4576,10.);
#1246=VECTOR('',#4583,10.);
#1247=VECTOR('',#4584,10.);
#1248=VECTOR('',#4585,10.);
#1249=VECTOR('',#4588,10.);
#1250=VECTOR('',#4589,10.);
#1251=VECTOR('',#4590,10.);
#1252=VECTOR('',#4593,10.);
#1253=VECTOR('',#4594,10.);
#1254=VECTOR('',#4595,10.);
#1255=VECTOR('',#4598,10.);
#1256=VECTOR('',#4601,10.);
#1257=VECTOR('',#4602,10.);
#1258=VECTOR('',#4603,10.);
#1259=VECTOR('',#4606,10.);
#1260=VECTOR('',#4609,1.1);
#1261=VECTOR('',#4612,1.1);
#1262=VECTOR('',#4613,10.);
#1263=VECTOR('',#4616,10.);
#1264=VECTOR('',#4617,10.);
#1265=VECTOR('',#4620,10.);
#1266=VECTOR('',#4623,10.);
#1267=VECTOR('',#4626,10.);
#1268=VECTOR('',#4629,10.);
#1269=VECTOR('',#4632,10.);
#1270=VECTOR('',#4635,10.);
#1271=VECTOR('',#4640,10.);
#1272=VECTOR('',#4641,10.);
#1273=VECTOR('',#4642,10.);
#1274=VECTOR('',#4645,10.);
#1275=VECTOR('',#4646,10.);
#1276=VECTOR('',#4651,10.);
#1277=VECTOR('',#4654,10.);
#1278=VECTOR('',#4655,10.);
#1279=VECTOR('',#4660,10.);
#1280=VECTOR('',#4663,10.);
#1281=VECTOR('',#4664,10.);
#1282=VECTOR('',#4669,10.);
#1283=VECTOR('',#4672,10.);
#1284=VECTOR('',#4673,10.);
#1285=VECTOR('',#4682,10.);
#1286=VECTOR('',#4685,10.);
#1287=VECTOR('',#4686,10.);
#1288=VECTOR('',#4691,10.);
#1289=VECTOR('',#4694,10.);
#1290=VECTOR('',#4695,10.);
#1291=VECTOR('',#4700,10.);
#1292=VECTOR('',#4703,10.);
#1293=VECTOR('',#4704,10.);
#1294=VECTOR('',#4709,10.);
#1295=VECTOR('',#4712,10.);
#1296=VECTOR('',#4713,10.);
#1297=VECTOR('',#4716,10.);
#1298=VECTOR('',#4717,10.);
#1299=VECTOR('',#4722,10.);
#1300=VECTOR('',#4725,10.);
#1301=VECTOR('',#4726,10.);
#1302=VECTOR('',#4729,10.);
#1303=VECTOR('',#4730,10.);
#1304=VECTOR('',#4735,10.);
#1305=VECTOR('',#4738,10.);
#1306=VECTOR('',#4739,10.);
#1307=VECTOR('',#4744,10.);
#1308=VECTOR('',#4747,10.);
#1309=VECTOR('',#4748,10.);
#1310=VECTOR('',#4753,10.);
#1311=VECTOR('',#4756,10.);
#1312=VECTOR('',#4757,10.);
#1313=VECTOR('',#4760,10.);
#1314=VECTOR('',#4761,10.);
#1315=VECTOR('',#4766,10.);
#1316=VECTOR('',#4769,10.);
#1317=VECTOR('',#4772,10.);
#1318=VECTOR('',#4775,10.);
#1319=VECTOR('',#4778,10.);
#1320=VECTOR('',#4781,10.);
#1321=VECTOR('',#4784,10.);
#1322=VECTOR('',#4787,10.);
#1323=VECTOR('',#4790,10.);
#1324=VECTOR('',#4793,10.);
#1325=VECTOR('',#4796,10.);
#1326=VECTOR('',#4799,10.);
#1327=VECTOR('',#4802,10.);
#1328=VECTOR('',#4805,10.);
#1329=VECTOR('',#4808,10.);
#1330=VECTOR('',#4811,10.);
#1331=VECTOR('',#4814,10.);
#1332=VECTOR('',#4817,10.);
#1333=VECTOR('',#4820,10.);
#1334=VECTOR('',#4823,10.);
#1335=VECTOR('',#4826,10.);
#1336=VECTOR('',#4833,1.1);
#1337=VECTOR('',#4836,1.1);
#1338=VECTOR('',#4839,1.1);
#1339=VECTOR('',#4842,1.1);
#1340=VECTOR('',#4845,1.1);
#1341=VERTEX_POINT('',#4851);
#1342=VERTEX_POINT('',#4852);
#1343=VERTEX_POINT('',#4854);
#1344=VERTEX_POINT('',#4856);
#1345=VERTEX_POINT('',#4858);
#1346=VERTEX_POINT('',#4862);
#1347=VERTEX_POINT('',#4863);
#1348=VERTEX_POINT('',#4865);
#1349=VERTEX_POINT('',#4867);
#1350=VERTEX_POINT('',#4871);
#1351=VERTEX_POINT('',#4873);
#1352=VERTEX_POINT('',#4877);
#1353=VERTEX_POINT('',#4879);
#1354=VERTEX_POINT('',#4883);
#1355=VERTEX_POINT('',#4885);
#1356=VERTEX_POINT('',#4889);
#1357=VERTEX_POINT('',#4891);
#1358=VERTEX_POINT('',#4895);
#1359=VERTEX_POINT('',#4897);
#1360=VERTEX_POINT('',#4901);
#1361=VERTEX_POINT('',#4903);
#1362=VERTEX_POINT('',#4907);
#1363=VERTEX_POINT('',#4909);
#1364=VERTEX_POINT('',#4913);
#1365=VERTEX_POINT('',#4915);
#1366=VERTEX_POINT('',#4919);
#1367=VERTEX_POINT('',#4921);
#1368=VERTEX_POINT('',#4925);
#1369=VERTEX_POINT('',#4927);
#1370=VERTEX_POINT('',#4931);
#1371=VERTEX_POINT('',#4933);
#1372=VERTEX_POINT('',#4937);
#1373=VERTEX_POINT('',#4939);
#1374=VERTEX_POINT('',#4943);
#1375=VERTEX_POINT('',#4945);
#1376=VERTEX_POINT('',#4949);
#1377=VERTEX_POINT('',#4951);
#1378=VERTEX_POINT('',#4955);
#1379=VERTEX_POINT('',#4957);
#1380=VERTEX_POINT('',#4961);
#1381=VERTEX_POINT('',#4963);
#1382=VERTEX_POINT('',#4967);
#1383=VERTEX_POINT('',#4969);
#1384=VERTEX_POINT('',#4973);
#1385=VERTEX_POINT('',#4975);
#1386=VERTEX_POINT('',#4979);
#1387=VERTEX_POINT('',#4981);
#1388=VERTEX_POINT('',#4985);
#1389=VERTEX_POINT('',#4987);
#1390=VERTEX_POINT('',#4991);
#1391=VERTEX_POINT('',#4993);
#1392=VERTEX_POINT('',#4997);
#1393=VERTEX_POINT('',#4999);
#1394=VERTEX_POINT('',#5003);
#1395=VERTEX_POINT('',#5005);
#1396=VERTEX_POINT('',#5009);
#1397=VERTEX_POINT('',#5011);
#1398=VERTEX_POINT('',#5015);
#1399=VERTEX_POINT('',#5017);
#1400=VERTEX_POINT('',#5021);
#1401=VERTEX_POINT('',#5023);
#1402=VERTEX_POINT('',#5027);
#1403=VERTEX_POINT('',#5029);
#1404=VERTEX_POINT('',#5033);
#1405=VERTEX_POINT('',#5035);
#1406=VERTEX_POINT('',#5039);
#1407=VERTEX_POINT('',#5041);
#1408=VERTEX_POINT('',#5045);
#1409=VERTEX_POINT('',#5047);
#1410=VERTEX_POINT('',#5051);
#1411=VERTEX_POINT('',#5053);
#1412=VERTEX_POINT('',#5057);
#1413=VERTEX_POINT('',#5059);
#1414=VERTEX_POINT('',#5063);
#1415=VERTEX_POINT('',#5065);
#1416=VERTEX_POINT('',#5069);
#1417=VERTEX_POINT('',#5071);
#1418=VERTEX_POINT('',#5075);
#1419=VERTEX_POINT('',#5077);
#1420=VERTEX_POINT('',#5081);
#1421=VERTEX_POINT('',#5083);
#1422=VERTEX_POINT('',#5087);
#1423=VERTEX_POINT('',#5089);
#1424=VERTEX_POINT('',#5093);
#1425=VERTEX_POINT('',#5095);
#1426=VERTEX_POINT('',#5099);
#1427=VERTEX_POINT('',#5101);
#1428=VERTEX_POINT('',#5105);
#1429=VERTEX_POINT('',#5107);
#1430=VERTEX_POINT('',#5111);
#1431=VERTEX_POINT('',#5113);
#1432=VERTEX_POINT('',#5117);
#1433=VERTEX_POINT('',#5119);
#1434=VERTEX_POINT('',#5123);
#1435=VERTEX_POINT('',#5125);
#1436=VERTEX_POINT('',#5129);
#1437=VERTEX_POINT('',#5131);
#1438=VERTEX_POINT('',#5135);
#1439=VERTEX_POINT('',#5137);
#1440=VERTEX_POINT('',#5141);
#1441=VERTEX_POINT('',#5143);
#1442=VERTEX_POINT('',#5147);
#1443=VERTEX_POINT('',#5149);
#1444=VERTEX_POINT('',#5156);
#1445=VERTEX_POINT('',#5158);
#1446=VERTEX_POINT('',#5160);
#1447=VERTEX_POINT('',#5162);
#1448=VERTEX_POINT('',#5164);
#1449=VERTEX_POINT('',#5166);
#1450=VERTEX_POINT('',#5168);
#1451=VERTEX_POINT('',#5170);
#1452=VERTEX_POINT('',#5172);
#1453=VERTEX_POINT('',#5174);
#1454=VERTEX_POINT('',#5176);
#1455=VERTEX_POINT('',#5178);
#1456=VERTEX_POINT('',#5180);
#1457=VERTEX_POINT('',#5182);
#1458=VERTEX_POINT('',#5184);
#1459=VERTEX_POINT('',#5186);
#1460=VERTEX_POINT('',#5188);
#1461=VERTEX_POINT('',#5190);
#1462=VERTEX_POINT('',#5192);
#1463=VERTEX_POINT('',#5194);
#1464=VERTEX_POINT('',#5196);
#1465=VERTEX_POINT('',#5198);
#1466=VERTEX_POINT('',#5200);
#1467=VERTEX_POINT('',#5202);
#1468=VERTEX_POINT('',#5204);
#1469=VERTEX_POINT('',#5206);
#1470=VERTEX_POINT('',#5208);
#1471=VERTEX_POINT('',#5210);
#1472=VERTEX_POINT('',#5212);
#1473=VERTEX_POINT('',#5214);
#1474=VERTEX_POINT('',#5216);
#1475=VERTEX_POINT('',#5218);
#1476=VERTEX_POINT('',#5220);
#1477=VERTEX_POINT('',#5222);
#1478=VERTEX_POINT('',#5224);
#1479=VERTEX_POINT('',#5226);
#1480=VERTEX_POINT('',#5228);
#1481=VERTEX_POINT('',#5230);
#1482=VERTEX_POINT('',#5232);
#1483=VERTEX_POINT('',#5234);
#1484=VERTEX_POINT('',#5236);
#1485=VERTEX_POINT('',#5238);
#1486=VERTEX_POINT('',#5240);
#1487=VERTEX_POINT('',#5242);
#1488=VERTEX_POINT('',#5244);
#1489=VERTEX_POINT('',#5248);
#1490=VERTEX_POINT('',#5250);
#1491=VERTEX_POINT('',#5252);
#1492=VERTEX_POINT('',#5255);
#1493=VERTEX_POINT('',#5257);
#1494=VERTEX_POINT('',#5259);
#1495=VERTEX_POINT('',#5261);
#1496=VERTEX_POINT('',#5263);
#1497=VERTEX_POINT('',#5266);
#1498=VERTEX_POINT('',#5268);
#1499=VERTEX_POINT('',#5272);
#1500=VERTEX_POINT('',#5273);
#1501=VERTEX_POINT('',#5275);
#1502=VERTEX_POINT('',#5277);
#1503=VERTEX_POINT('',#5279);
#1504=VERTEX_POINT('',#5281);
#1505=VERTEX_POINT('',#5283);
#1506=VERTEX_POINT('',#5285);
#1507=VERTEX_POINT('',#5287);
#1508=VERTEX_POINT('',#5289);
#1509=VERTEX_POINT('',#5291);
#1510=VERTEX_POINT('',#5293);
#1511=VERTEX_POINT('',#5295);
#1512=VERTEX_POINT('',#5297);
#1513=VERTEX_POINT('',#5299);
#1514=VERTEX_POINT('',#5301);
#1515=VERTEX_POINT('',#5303);
#1516=VERTEX_POINT('',#5305);
#1517=VERTEX_POINT('',#5307);
#1518=VERTEX_POINT('',#5309);
#1519=VERTEX_POINT('',#5312);
#1520=VERTEX_POINT('',#5314);
#1521=VERTEX_POINT('',#5316);
#1522=VERTEX_POINT('',#5318);
#1523=VERTEX_POINT('',#5320);
#1524=VERTEX_POINT('',#5322);
#1525=VERTEX_POINT('',#5324);
#1526=VERTEX_POINT('',#5326);
#1527=VERTEX_POINT('',#5328);
#1528=VERTEX_POINT('',#5330);
#1529=VERTEX_POINT('',#5332);
#1530=VERTEX_POINT('',#5334);
#1531=VERTEX_POINT('',#5336);
#1532=VERTEX_POINT('',#5340);
#1533=VERTEX_POINT('',#5341);
#1534=VERTEX_POINT('',#5343);
#1535=VERTEX_POINT('',#5345);
#1536=VERTEX_POINT('',#5347);
#1537=VERTEX_POINT('',#5349);
#1538=VERTEX_POINT('',#5351);
#1539=VERTEX_POINT('',#5353);
#1540=VERTEX_POINT('',#5355);
#1541=VERTEX_POINT('',#5357);
#1542=VERTEX_POINT('',#5359);
#1543=VERTEX_POINT('',#5361);
#1544=VERTEX_POINT('',#5363);
#1545=VERTEX_POINT('',#5365);
#1546=VERTEX_POINT('',#5367);
#1547=VERTEX_POINT('',#5369);
#1548=VERTEX_POINT('',#5371);
#1549=VERTEX_POINT('',#5373);
#1550=VERTEX_POINT('',#5375);
#1551=VERTEX_POINT('',#5377);
#1552=VERTEX_POINT('',#5379);
#1553=VERTEX_POINT('',#5381);
#1554=VERTEX_POINT('',#5383);
#1555=VERTEX_POINT('',#5385);
#1556=VERTEX_POINT('',#5387);
#1557=VERTEX_POINT('',#5389);
#1558=VERTEX_POINT('',#5391);
#1559=VERTEX_POINT('',#5393);
#1560=VERTEX_POINT('',#5395);
#1561=VERTEX_POINT('',#5397);
#1562=VERTEX_POINT('',#5399);
#1563=VERTEX_POINT('',#5401);
#1564=VERTEX_POINT('',#5403);
#1565=VERTEX_POINT('',#5405);
#1566=VERTEX_POINT('',#5407);
#1567=VERTEX_POINT('',#5409);
#1568=VERTEX_POINT('',#5411);
#1569=VERTEX_POINT('',#5413);
#1570=VERTEX_POINT('',#5415);
#1571=VERTEX_POINT('',#5417);
#1572=VERTEX_POINT('',#5419);
#1573=VERTEX_POINT('',#5421);
#1574=VERTEX_POINT('',#5423);
#1575=VERTEX_POINT('',#5425);
#1576=VERTEX_POINT('',#5427);
#1577=VERTEX_POINT('',#5429);
#1578=VERTEX_POINT('',#5431);
#1579=VERTEX_POINT('',#5433);
#1580=VERTEX_POINT('',#5435);
#1581=VERTEX_POINT('',#5437);
#1582=VERTEX_POINT('',#5439);
#1583=VERTEX_POINT('',#5441);
#1584=VERTEX_POINT('',#5443);
#1585=VERTEX_POINT('',#5445);
#1586=VERTEX_POINT('',#5447);
#1587=VERTEX_POINT('',#5478);
#1588=VERTEX_POINT('',#5480);
#1589=VERTEX_POINT('',#5482);
#1590=VERTEX_POINT('',#5484);
#1591=VERTEX_POINT('',#5508);
#1592=VERTEX_POINT('',#5510);
#1593=VERTEX_POINT('',#5514);
#1594=VERTEX_POINT('',#5518);
#1595=VERTEX_POINT('',#5522);
#1596=VERTEX_POINT('',#5526);
#1597=VERTEX_POINT('',#5527);
#1598=VERTEX_POINT('',#5530);
#1599=VERTEX_POINT('',#5532);
#1600=VERTEX_POINT('',#5534);
#1601=VERTEX_POINT('',#5536);
#1602=VERTEX_POINT('',#5538);
#1603=VERTEX_POINT('',#5540);
#1604=VERTEX_POINT('',#5542);
#1605=VERTEX_POINT('',#5544);
#1606=VERTEX_POINT('',#5546);
#1607=VERTEX_POINT('',#5627);
#1608=VERTEX_POINT('',#5629);
#1609=VERTEX_POINT('',#5631);
#1610=VERTEX_POINT('',#5634);
#1611=VERTEX_POINT('',#5636);
#1612=VERTEX_POINT('',#5640);
#1613=VERTEX_POINT('',#5644);
#1614=VERTEX_POINT('',#5646);
#1615=VERTEX_POINT('',#5650);
#1616=VERTEX_POINT('',#5653);
#1617=VERTEX_POINT('',#5655);
#1618=VERTEX_POINT('',#5659);
#1619=VERTEX_POINT('',#5662);
#1620=VERTEX_POINT('',#5664);
#1621=VERTEX_POINT('',#5668);
#1622=VERTEX_POINT('',#5671);
#1623=VERTEX_POINT('',#5673);
#1624=VERTEX_POINT('',#5677);
#1625=VERTEX_POINT('',#5680);
#1626=VERTEX_POINT('',#5682);
#1627=VERTEX_POINT('',#5686);
#1628=VERTEX_POINT('',#5689);
#1629=VERTEX_POINT('',#5691);
#1630=VERTEX_POINT('',#5695);
#1631=VERTEX_POINT('',#5698);
#1632=VERTEX_POINT('',#5700);
#1633=VERTEX_POINT('',#5704);
#1634=VERTEX_POINT('',#5707);
#1635=VERTEX_POINT('',#5709);
#1636=VERTEX_POINT('',#5713);
#1637=VERTEX_POINT('',#5719);
#1638=VERTEX_POINT('',#5725);
#1639=VERTEX_POINT('',#5727);
#1640=VERTEX_POINT('',#5731);
#1641=VERTEX_POINT('',#5732);
#1642=VERTEX_POINT('',#5737);
#1643=VERTEX_POINT('',#5738);
#1644=VERTEX_POINT('',#5745);
#1645=VERTEX_POINT('',#5746);
#1646=VERTEX_POINT('',#5776);
#1647=VERTEX_POINT('',#5805);
#1648=VERTEX_POINT('',#5810);
#1649=VERTEX_POINT('',#5814);
#1650=VERTEX_POINT('',#5818);
#1651=VERTEX_POINT('',#5822);
#1652=VERTEX_POINT('',#5826);
#1653=VERTEX_POINT('',#5830);
#1654=VERTEX_POINT('',#5834);
#1655=VERTEX_POINT('',#5840);
#1656=VERTEX_POINT('',#5844);
#1657=VERTEX_POINT('',#5848);
#1658=VERTEX_POINT('',#5852);
#1659=VERTEX_POINT('',#5856);
#1660=VERTEX_POINT('',#5860);
#1661=VERTEX_POINT('',#5864);
#1662=VERTEX_POINT('',#5868);
#1663=VERTEX_POINT('',#5872);
#1664=VERTEX_POINT('',#5876);
#1665=VERTEX_POINT('',#5880);
#1666=VERTEX_POINT('',#5884);
#1667=VERTEX_POINT('',#5888);
#1668=VERTEX_POINT('',#5892);
#1669=VERTEX_POINT('',#5896);
#1670=VERTEX_POINT('',#5900);
#1671=VERTEX_POINT('',#5904);
#1672=VERTEX_POINT('',#5908);
#1673=VERTEX_POINT('',#5912);
#1674=VERTEX_POINT('',#5916);
#1675=EDGE_CURVE('',#1341,#1342,#679,.T.);
#1676=EDGE_CURVE('',#1341,#1343,#680,.T.);
#1677=EDGE_CURVE('',#1344,#1343,#681,.T.);
#1678=EDGE_CURVE('',#1345,#1344,#682,.T.);
#1679=EDGE_CURVE('',#1345,#1342,#683,.T.);
#1680=EDGE_CURVE('',#1346,#1347,#684,.T.);
#1681=EDGE_CURVE('',#1346,#1348,#685,.T.);
#1682=EDGE_CURVE('',#1349,#1348,#686,.T.);
#1683=EDGE_CURVE('',#1347,#1349,#687,.T.);
#1684=EDGE_CURVE('',#1347,#1350,#45,.T.);
#1685=EDGE_CURVE('',#1351,#1349,#46,.T.);
#1686=EDGE_CURVE('',#1350,#1351,#688,.T.);
#1687=EDGE_CURVE('',#1350,#1352,#689,.T.);
#1688=EDGE_CURVE('',#1353,#1351,#690,.T.);
#1689=EDGE_CURVE('',#1352,#1353,#691,.T.);
#1690=EDGE_CURVE('',#1352,#1354,#47,.T.);
#1691=EDGE_CURVE('',#1355,#1353,#48,.T.);
#1692=EDGE_CURVE('',#1354,#1355,#692,.T.);
#1693=EDGE_CURVE('',#1354,#1356,#693,.T.);
#1694=EDGE_CURVE('',#1357,#1355,#694,.T.);
#1695=EDGE_CURVE('',#1356,#1357,#695,.T.);
#1696=EDGE_CURVE('',#1356,#1358,#49,.T.);
#1697=EDGE_CURVE('',#1359,#1357,#50,.T.);
#1698=EDGE_CURVE('',#1358,#1359,#696,.T.);
#1699=EDGE_CURVE('',#1358,#1360,#697,.T.);
#1700=EDGE_CURVE('',#1361,#1359,#698,.T.);
#1701=EDGE_CURVE('',#1360,#1361,#699,.T.);
#1702=EDGE_CURVE('',#1360,#1362,#51,.T.);
#1703=EDGE_CURVE('',#1363,#1361,#52,.T.);
#1704=EDGE_CURVE('',#1362,#1363,#700,.T.);
#1705=EDGE_CURVE('',#1362,#1364,#701,.T.);
#1706=EDGE_CURVE('',#1365,#1363,#702,.T.);
#1707=EDGE_CURVE('',#1364,#1365,#703,.T.);
#1708=EDGE_CURVE('',#1364,#1366,#53,.T.);
#1709=EDGE_CURVE('',#1367,#1365,#54,.T.);
#1710=EDGE_CURVE('',#1366,#1367,#704,.T.);
#1711=EDGE_CURVE('',#1366,#1368,#705,.T.);
#1712=EDGE_CURVE('',#1369,#1367,#706,.T.);
#1713=EDGE_CURVE('',#1368,#1369,#707,.T.);
#1714=EDGE_CURVE('',#1368,#1370,#55,.T.);
#1715=EDGE_CURVE('',#1371,#1369,#56,.T.);
#1716=EDGE_CURVE('',#1370,#1371,#708,.T.);
#1717=EDGE_CURVE('',#1370,#1372,#709,.T.);
#1718=EDGE_CURVE('',#1373,#1371,#710,.T.);
#1719=EDGE_CURVE('',#1372,#1373,#711,.T.);
#1720=EDGE_CURVE('',#1372,#1374,#57,.T.);
#1721=EDGE_CURVE('',#1375,#1373,#58,.T.);
#1722=EDGE_CURVE('',#1374,#1375,#712,.T.);
#1723=EDGE_CURVE('',#1374,#1376,#713,.T.);
#1724=EDGE_CURVE('',#1377,#1375,#714,.T.);
#1725=EDGE_CURVE('',#1376,#1377,#715,.T.);
#1726=EDGE_CURVE('',#1376,#1378,#59,.T.);
#1727=EDGE_CURVE('',#1379,#1377,#60,.T.);
#1728=EDGE_CURVE('',#1378,#1379,#716,.T.);
#1729=EDGE_CURVE('',#1378,#1380,#717,.T.);
#1730=EDGE_CURVE('',#1381,#1379,#718,.T.);
#1731=EDGE_CURVE('',#1380,#1381,#719,.T.);
#1732=EDGE_CURVE('',#1380,#1382,#61,.T.);
#1733=EDGE_CURVE('',#1383,#1381,#62,.T.);
#1734=EDGE_CURVE('',#1382,#1383,#720,.T.);
#1735=EDGE_CURVE('',#1382,#1384,#721,.T.);
#1736=EDGE_CURVE('',#1385,#1383,#722,.T.);
#1737=EDGE_CURVE('',#1384,#1385,#723,.T.);
#1738=EDGE_CURVE('',#1384,#1386,#63,.T.);
#1739=EDGE_CURVE('',#1387,#1385,#64,.T.);
#1740=EDGE_CURVE('',#1386,#1387,#724,.T.);
#1741=EDGE_CURVE('',#1386,#1388,#725,.T.);
#1742=EDGE_CURVE('',#1389,#1387,#726,.T.);
#1743=EDGE_CURVE('',#1388,#1389,#727,.T.);
#1744=EDGE_CURVE('',#1388,#1390,#65,.T.);
#1745=EDGE_CURVE('',#1391,#1389,#66,.T.);
#1746=EDGE_CURVE('',#1390,#1391,#728,.T.);
#1747=EDGE_CURVE('',#1390,#1392,#729,.T.);
#1748=EDGE_CURVE('',#1393,#1391,#730,.T.);
#1749=EDGE_CURVE('',#1392,#1393,#731,.T.);
#1750=EDGE_CURVE('',#1392,#1394,#67,.T.);
#1751=EDGE_CURVE('',#1395,#1393,#68,.T.);
#1752=EDGE_CURVE('',#1394,#1395,#732,.T.);
#1753=EDGE_CURVE('',#1394,#1396,#733,.T.);
#1754=EDGE_CURVE('',#1397,#1395,#734,.T.);
#1755=EDGE_CURVE('',#1396,#1397,#735,.T.);
#1756=EDGE_CURVE('',#1396,#1398,#69,.T.);
#1757=EDGE_CURVE('',#1399,#1397,#70,.T.);
#1758=EDGE_CURVE('',#1398,#1399,#736,.T.);
#1759=EDGE_CURVE('',#1398,#1400,#737,.T.);
#1760=EDGE_CURVE('',#1401,#1399,#738,.T.);
#1761=EDGE_CURVE('',#1400,#1401,#739,.T.);
#1762=EDGE_CURVE('',#1400,#1402,#71,.T.);
#1763=EDGE_CURVE('',#1403,#1401,#72,.T.);
#1764=EDGE_CURVE('',#1402,#1403,#740,.T.);
#1765=EDGE_CURVE('',#1402,#1404,#741,.T.);
#1766=EDGE_CURVE('',#1405,#1403,#742,.T.);
#1767=EDGE_CURVE('',#1404,#1405,#743,.T.);
#1768=EDGE_CURVE('',#1404,#1406,#73,.T.);
#1769=EDGE_CURVE('',#1407,#1405,#74,.T.);
#1770=EDGE_CURVE('',#1406,#1407,#744,.T.);
#1771=EDGE_CURVE('',#1406,#1408,#745,.T.);
#1772=EDGE_CURVE('',#1409,#1407,#746,.T.);
#1773=EDGE_CURVE('',#1408,#1409,#747,.T.);
#1774=EDGE_CURVE('',#1408,#1410,#75,.T.);
#1775=EDGE_CURVE('',#1411,#1409,#76,.T.);
#1776=EDGE_CURVE('',#1410,#1411,#748,.T.);
#1777=EDGE_CURVE('',#1410,#1412,#749,.T.);
#1778=EDGE_CURVE('',#1413,#1411,#750,.T.);
#1779=EDGE_CURVE('',#1412,#1413,#751,.T.);
#1780=EDGE_CURVE('',#1412,#1414,#77,.T.);
#1781=EDGE_CURVE('',#1415,#1413,#78,.T.);
#1782=EDGE_CURVE('',#1414,#1415,#752,.T.);
#1783=EDGE_CURVE('',#1414,#1416,#753,.T.);
#1784=EDGE_CURVE('',#1417,#1415,#754,.T.);
#1785=EDGE_CURVE('',#1416,#1417,#755,.T.);
#1786=EDGE_CURVE('',#1416,#1418,#79,.T.);
#1787=EDGE_CURVE('',#1419,#1417,#80,.T.);
#1788=EDGE_CURVE('',#1418,#1419,#756,.T.);
#1789=EDGE_CURVE('',#1418,#1420,#757,.T.);
#1790=EDGE_CURVE('',#1421,#1419,#758,.T.);
#1791=EDGE_CURVE('',#1420,#1421,#759,.T.);
#1792=EDGE_CURVE('',#1420,#1422,#81,.T.);
#1793=EDGE_CURVE('',#1423,#1421,#82,.T.);
#1794=EDGE_CURVE('',#1422,#1423,#760,.T.);
#1795=EDGE_CURVE('',#1422,#1424,#761,.T.);
#1796=EDGE_CURVE('',#1425,#1423,#762,.T.);
#1797=EDGE_CURVE('',#1424,#1425,#763,.T.);
#1798=EDGE_CURVE('',#1424,#1426,#83,.T.);
#1799=EDGE_CURVE('',#1427,#1425,#84,.T.);
#1800=EDGE_CURVE('',#1426,#1427,#764,.T.);
#1801=EDGE_CURVE('',#1426,#1428,#765,.T.);
#1802=EDGE_CURVE('',#1429,#1427,#766,.T.);
#1803=EDGE_CURVE('',#1428,#1429,#767,.T.);
#1804=EDGE_CURVE('',#1428,#1430,#85,.T.);
#1805=EDGE_CURVE('',#1431,#1429,#86,.T.);
#1806=EDGE_CURVE('',#1430,#1431,#768,.T.);
#1807=EDGE_CURVE('',#1430,#1432,#769,.T.);
#1808=EDGE_CURVE('',#1433,#1431,#770,.T.);
#1809=EDGE_CURVE('',#1432,#1433,#771,.T.);
#1810=EDGE_CURVE('',#1432,#1434,#87,.T.);
#1811=EDGE_CURVE('',#1435,#1433,#88,.T.);
#1812=EDGE_CURVE('',#1434,#1435,#772,.T.);
#1813=EDGE_CURVE('',#1434,#1436,#773,.T.);
#1814=EDGE_CURVE('',#1437,#1435,#774,.T.);
#1815=EDGE_CURVE('',#1436,#1437,#775,.T.);
#1816=EDGE_CURVE('',#1436,#1438,#89,.T.);
#1817=EDGE_CURVE('',#1439,#1437,#90,.T.);
#1818=EDGE_CURVE('',#1438,#1439,#776,.T.);
#1819=EDGE_CURVE('',#1438,#1440,#91,.T.);
#1820=EDGE_CURVE('',#1441,#1439,#92,.T.);
#1821=EDGE_CURVE('',#1440,#1441,#777,.T.);
#1822=EDGE_CURVE('',#1440,#1442,#778,.T.);
#1823=EDGE_CURVE('',#1443,#1441,#779,.T.);
#1824=EDGE_CURVE('',#1442,#1443,#780,.T.);
#1825=EDGE_CURVE('',#1442,#1341,#93,.T.);
#1826=EDGE_CURVE('',#1343,#1443,#94,.T.);
#1827=EDGE_CURVE('',#1444,#1348,#781,.T.);
#1828=EDGE_CURVE('',#1445,#1444,#95,.T.);
#1829=EDGE_CURVE('',#1446,#1445,#782,.T.);
#1830=EDGE_CURVE('',#1447,#1446,#783,.T.);
#1831=EDGE_CURVE('',#1448,#1447,#96,.T.);
#1832=EDGE_CURVE('',#1449,#1448,#784,.T.);
#1833=EDGE_CURVE('',#1450,#1449,#97,.T.);
#1834=EDGE_CURVE('',#1451,#1450,#785,.T.);
#1835=EDGE_CURVE('',#1452,#1451,#98,.T.);
#1836=EDGE_CURVE('',#1453,#1452,#786,.T.);
#1837=EDGE_CURVE('',#1454,#1453,#99,.T.);
#1838=EDGE_CURVE('',#1455,#1454,#787,.T.);
#1839=EDGE_CURVE('',#1456,#1455,#100,.T.);
#1840=EDGE_CURVE('',#1457,#1456,#788,.T.);
#1841=EDGE_CURVE('',#1458,#1457,#101,.T.);
#1842=EDGE_CURVE('',#1459,#1458,#789,.T.);
#1843=EDGE_CURVE('',#1460,#1459,#102,.T.);
#1844=EDGE_CURVE('',#1461,#1460,#790,.T.);
#1845=EDGE_CURVE('',#1462,#1461,#103,.T.);
#1846=EDGE_CURVE('',#1463,#1462,#791,.T.);
#1847=EDGE_CURVE('',#1464,#1463,#104,.T.);
#1848=EDGE_CURVE('',#1465,#1464,#105,.T.);
#1849=EDGE_CURVE('',#1466,#1465,#792,.T.);
#1850=EDGE_CURVE('',#1467,#1466,#106,.T.);
#1851=EDGE_CURVE('',#1468,#1467,#793,.T.);
#1852=EDGE_CURVE('',#1469,#1468,#107,.T.);
#1853=EDGE_CURVE('',#1470,#1469,#794,.T.);
#1854=EDGE_CURVE('',#1471,#1470,#108,.T.);
#1855=EDGE_CURVE('',#1472,#1471,#795,.T.);
#1856=EDGE_CURVE('',#1473,#1472,#109,.T.);
#1857=EDGE_CURVE('',#1474,#1473,#796,.T.);
#1858=EDGE_CURVE('',#1475,#1474,#110,.T.);
#1859=EDGE_CURVE('',#1476,#1475,#797,.T.);
#1860=EDGE_CURVE('',#1477,#1476,#111,.T.);
#1861=EDGE_CURVE('',#1478,#1477,#798,.T.);
#1862=EDGE_CURVE('',#1479,#1478,#112,.T.);
#1863=EDGE_CURVE('',#1480,#1479,#799,.T.);
#1864=EDGE_CURVE('',#1481,#1480,#113,.T.);
#1865=EDGE_CURVE('',#1482,#1481,#800,.T.);
#1866=EDGE_CURVE('',#1483,#1482,#114,.T.);
#1867=EDGE_CURVE('',#1484,#1483,#801,.T.);
#1868=EDGE_CURVE('',#1485,#1484,#115,.T.);
#1869=EDGE_CURVE('',#1486,#1485,#802,.T.);
#1870=EDGE_CURVE('',#1487,#1486,#116,.T.);
#1871=EDGE_CURVE('',#1488,#1487,#117,.T.);
#1872=EDGE_CURVE('',#1344,#1488,#803,.T.);
#1873=EDGE_CURVE('',#1342,#1489,#804,.T.);
#1874=EDGE_CURVE('',#1489,#1490,#118,.T.);
#1875=EDGE_CURVE('',#1490,#1491,#805,.T.);
#1876=EDGE_CURVE('',#1491,#1346,#119,.T.);
#1877=EDGE_CURVE('',#1492,#1492,#120,.T.);
#1878=EDGE_CURVE('',#1493,#1493,#121,.T.);
#1879=EDGE_CURVE('',#1494,#1494,#122,.T.);
#1880=EDGE_CURVE('',#1495,#1495,#123,.T.);
#1881=EDGE_CURVE('',#1496,#1496,#124,.T.);
#1882=EDGE_CURVE('',#1487,#1497,#806,.T.);
#1883=EDGE_CURVE('',#1498,#1497,#125,.T.);
#1884=EDGE_CURVE('',#1488,#1498,#807,.T.);
#1885=EDGE_CURVE('',#1499,#1500,#808,.T.);
#1886=EDGE_CURVE('',#1500,#1501,#809,.T.);
#1887=EDGE_CURVE('',#1501,#1502,#126,.T.);
#1888=EDGE_CURVE('',#1502,#1503,#810,.T.);
#1889=EDGE_CURVE('',#1503,#1504,#127,.T.);
#1890=EDGE_CURVE('',#1504,#1505,#811,.T.);
#1891=EDGE_CURVE('',#1505,#1506,#128,.T.);
#1892=EDGE_CURVE('',#1506,#1507,#812,.T.);
#1893=EDGE_CURVE('',#1507,#1508,#129,.T.);
#1894=EDGE_CURVE('',#1508,#1509,#813,.T.);
#1895=EDGE_CURVE('',#1509,#1510,#814,.T.);
#1896=EDGE_CURVE('',#1510,#1511,#130,.T.);
#1897=EDGE_CURVE('',#1511,#1512,#815,.T.);
#1898=EDGE_CURVE('',#1512,#1513,#131,.T.);
#1899=EDGE_CURVE('',#1513,#1514,#816,.T.);
#1900=EDGE_CURVE('',#1514,#1515,#132,.T.);
#1901=EDGE_CURVE('',#1515,#1516,#133,.T.);
#1902=EDGE_CURVE('',#1516,#1517,#817,.T.);
#1903=EDGE_CURVE('',#1517,#1518,#134,.T.);
#1904=EDGE_CURVE('',#1518,#1498,#818,.T.);
#1905=EDGE_CURVE('',#1497,#1519,#135,.T.);
#1906=EDGE_CURVE('',#1519,#1520,#819,.T.);
#1907=EDGE_CURVE('',#1520,#1521,#136,.T.);
#1908=EDGE_CURVE('',#1521,#1522,#820,.T.);
#1909=EDGE_CURVE('',#1522,#1523,#137,.T.);
#1910=EDGE_CURVE('',#1523,#1524,#821,.T.);
#1911=EDGE_CURVE('',#1524,#1525,#138,.T.);
#1912=EDGE_CURVE('',#1525,#1526,#822,.T.);
#1913=EDGE_CURVE('',#1526,#1527,#139,.T.);
#1914=EDGE_CURVE('',#1527,#1528,#823,.T.);
#1915=EDGE_CURVE('',#1528,#1529,#140,.T.);
#1916=EDGE_CURVE('',#1529,#1530,#824,.T.);
#1917=EDGE_CURVE('',#1530,#1531,#141,.T.);
#1918=EDGE_CURVE('',#1531,#1499,#825,.T.);
#1919=EDGE_CURVE('',#1532,#1533,#826,.T.);
#1920=EDGE_CURVE('',#1533,#1534,#827,.T.);
#1921=EDGE_CURVE('',#1534,#1535,#142,.T.);
#1922=EDGE_CURVE('',#1535,#1536,#828,.T.);
#1923=EDGE_CURVE('',#1536,#1537,#143,.T.);
#1924=EDGE_CURVE('',#1537,#1538,#829,.T.);
#1925=EDGE_CURVE('',#1538,#1539,#144,.T.);
#1926=EDGE_CURVE('',#1539,#1540,#830,.T.);
#1927=EDGE_CURVE('',#1540,#1541,#145,.T.);
#1928=EDGE_CURVE('',#1541,#1542,#831,.T.);
#1929=EDGE_CURVE('',#1542,#1543,#146,.T.);
#1930=EDGE_CURVE('',#1543,#1544,#147,.T.);
#1931=EDGE_CURVE('',#1544,#1545,#832,.T.);
#1932=EDGE_CURVE('',#1545,#1546,#148,.T.);
#1933=EDGE_CURVE('',#1546,#1547,#833,.T.);
#1934=EDGE_CURVE('',#1547,#1548,#149,.T.);
#1935=EDGE_CURVE('',#1548,#1549,#834,.T.);
#1936=EDGE_CURVE('',#1549,#1550,#150,.T.);
#1937=EDGE_CURVE('',#1550,#1551,#835,.T.);
#1938=EDGE_CURVE('',#1551,#1552,#151,.T.);
#1939=EDGE_CURVE('',#1552,#1553,#836,.T.);
#1940=EDGE_CURVE('',#1553,#1554,#152,.T.);
#1941=EDGE_CURVE('',#1554,#1555,#837,.T.);
#1942=EDGE_CURVE('',#1555,#1556,#153,.T.);
#1943=EDGE_CURVE('',#1556,#1557,#838,.T.);
#1944=EDGE_CURVE('',#1557,#1558,#154,.T.);
#1945=EDGE_CURVE('',#1558,#1559,#839,.T.);
#1946=EDGE_CURVE('',#1559,#1560,#155,.T.);
#1947=EDGE_CURVE('',#1560,#1561,#840,.T.);
#1948=EDGE_CURVE('',#1561,#1562,#841,.T.);
#1949=EDGE_CURVE('',#1562,#1563,#156,.T.);
#1950=EDGE_CURVE('',#1563,#1564,#842,.T.);
#1951=EDGE_CURVE('',#1564,#1565,#843,.T.);
#1952=EDGE_CURVE('',#1565,#1566,#844,.T.);
#1953=EDGE_CURVE('',#1566,#1567,#157,.T.);
#1954=EDGE_CURVE('',#1567,#1568,#845,.T.);
#1955=EDGE_CURVE('',#1568,#1569,#846,.T.);
#1956=EDGE_CURVE('',#1569,#1570,#158,.T.);
#1957=EDGE_CURVE('',#1570,#1571,#847,.T.);
#1958=EDGE_CURVE('',#1571,#1572,#159,.T.);
#1959=EDGE_CURVE('',#1572,#1573,#848,.T.);
#1960=EDGE_CURVE('',#1573,#1574,#160,.T.);
#1961=EDGE_CURVE('',#1574,#1575,#849,.T.);
#1962=EDGE_CURVE('',#1575,#1576,#850,.T.);
#1963=EDGE_CURVE('',#1576,#1577,#161,.T.);
#1964=EDGE_CURVE('',#1577,#1578,#851,.T.);
#1965=EDGE_CURVE('',#1578,#1579,#852,.T.);
#1966=EDGE_CURVE('',#1579,#1580,#162,.T.);
#1967=EDGE_CURVE('',#1580,#1581,#853,.T.);
#1968=EDGE_CURVE('',#1581,#1582,#163,.T.);
#1969=EDGE_CURVE('',#1582,#1583,#854,.T.);
#1970=EDGE_CURVE('',#1583,#1584,#164,.T.);
#1971=EDGE_CURVE('',#1584,#1585,#855,.T.);
#1972=EDGE_CURVE('',#1585,#1586,#165,.T.);
#1973=EDGE_CURVE('',#1586,#1532,#856,.T.);
#1974=EDGE_CURVE('',#1486,#1519,#857,.T.);
#1975=EDGE_CURVE('',#1485,#1520,#858,.T.);
#1976=EDGE_CURVE('',#1484,#1521,#859,.T.);
#1977=EDGE_CURVE('',#1483,#1522,#860,.T.);
#1978=EDGE_CURVE('',#1482,#1523,#861,.T.);
#1979=EDGE_CURVE('',#1481,#1524,#862,.T.);
#1980=EDGE_CURVE('',#1480,#1525,#863,.T.);
#1981=EDGE_CURVE('',#1479,#1526,#864,.T.);
#1982=EDGE_CURVE('',#1478,#1527,#865,.T.);
#1983=EDGE_CURVE('',#1477,#1528,#866,.T.);
#1984=EDGE_CURVE('',#1476,#1529,#867,.T.);
#1985=EDGE_CURVE('',#1475,#1530,#868,.T.);
#1986=EDGE_CURVE('',#1474,#1531,#869,.T.);
#1987=EDGE_CURVE('',#1473,#1534,#870,.T.);
#1988=EDGE_CURVE('',#1533,#1587,#871,.T.);
#1989=EDGE_CURVE('',#1587,#1588,#166,.T.);
#1990=EDGE_CURVE('',#1588,#1589,#872,.T.);
#1991=EDGE_CURVE('',#1589,#1590,#167,.T.);
#1992=EDGE_CURVE('',#1590,#1499,#873,.T.);
#1993=EDGE_CURVE('',#1472,#1535,#874,.T.);
#1994=EDGE_CURVE('',#1471,#1536,#875,.T.);
#1995=EDGE_CURVE('',#1470,#1537,#876,.T.);
#1996=EDGE_CURVE('',#1469,#1538,#877,.T.);
#1997=EDGE_CURVE('',#1468,#1539,#878,.T.);
#1998=EDGE_CURVE('',#1467,#1540,#879,.T.);
#1999=EDGE_CURVE('',#1466,#1541,#880,.T.);
#2000=EDGE_CURVE('',#1465,#1542,#881,.T.);
#2001=EDGE_CURVE('',#1464,#1543,#882,.T.);
#2002=EDGE_CURVE('',#1463,#1544,#883,.T.);
#2003=EDGE_CURVE('',#1342,#1591,#884,.T.);
#2004=EDGE_CURVE('',#1591,#1592,#885,.T.);
#2005=EDGE_CURVE('',#1489,#1592,#886,.T.);
#2006=EDGE_CURVE('',#1592,#1593,#168,.T.);
#2007=EDGE_CURVE('',#1490,#1593,#887,.T.);
#2008=EDGE_CURVE('',#1593,#1594,#888,.T.);
#2009=EDGE_CURVE('',#1491,#1594,#889,.T.);
#2010=EDGE_CURVE('',#1594,#1595,#169,.T.);
#2011=EDGE_CURVE('',#1595,#1346,#890,.T.);
#2012=EDGE_CURVE('',#1596,#1597,#891,.T.);
#2013=EDGE_CURVE('',#1595,#1596,#892,.T.);
#2014=EDGE_CURVE('',#1598,#1591,#170,.T.);
#2015=EDGE_CURVE('',#1599,#1598,#893,.T.);
#2016=EDGE_CURVE('',#1600,#1599,#171,.T.);
#2017=EDGE_CURVE('',#1601,#1600,#172,.T.);
#2018=EDGE_CURVE('',#1602,#1601,#894,.T.);
#2019=EDGE_CURVE('',#1603,#1602,#173,.T.);
#2020=EDGE_CURVE('',#1604,#1603,#895,.T.);
#2021=EDGE_CURVE('',#1605,#1604,#174,.T.);
#2022=EDGE_CURVE('',#1606,#1605,#896,.T.);
#2023=EDGE_CURVE('',#1597,#1606,#21,.T.);
#2024=EDGE_CURVE('',#1607,#1607,#175,.T.);
#2025=EDGE_CURVE('',#1608,#1608,#176,.T.);
#2026=EDGE_CURVE('',#1609,#1609,#177,.T.);
#2027=EDGE_CURVE('',#1610,#1597,#897,.T.);
#2028=EDGE_CURVE('',#1611,#1610,#898,.T.);
#2029=EDGE_CURVE('',#1611,#1596,#899,.T.);
#2030=EDGE_CURVE('',#1607,#1612,#900,.T.);
#2031=EDGE_CURVE('',#1612,#1612,#178,.T.);
#2032=EDGE_CURVE('',#1613,#1613,#179,.T.);
#2033=EDGE_CURVE('',#1613,#1614,#901,.T.);
#2034=EDGE_CURVE('',#1614,#1614,#180,.T.);
#2035=EDGE_CURVE('',#1615,#1615,#181,.T.);
#2036=EDGE_CURVE('',#1616,#1616,#182,.T.);
#2037=EDGE_CURVE('',#1616,#1617,#902,.T.);
#2038=EDGE_CURVE('',#1617,#1617,#183,.T.);
#2039=EDGE_CURVE('',#1618,#1618,#184,.T.);
#2040=EDGE_CURVE('',#1619,#1619,#185,.T.);
#2041=EDGE_CURVE('',#1619,#1620,#903,.T.);
#2042=EDGE_CURVE('',#1620,#1620,#186,.T.);
#2043=EDGE_CURVE('',#1621,#1621,#187,.T.);
#2044=EDGE_CURVE('',#1622,#1622,#188,.T.);
#2045=EDGE_CURVE('',#1622,#1623,#904,.T.);
#2046=EDGE_CURVE('',#1623,#1623,#189,.T.);
#2047=EDGE_CURVE('',#1624,#1624,#190,.T.);
#2048=EDGE_CURVE('',#1625,#1625,#191,.T.);
#2049=EDGE_CURVE('',#1625,#1626,#905,.T.);
#2050=EDGE_CURVE('',#1626,#1626,#192,.T.);
#2051=EDGE_CURVE('',#1627,#1627,#193,.T.);
#2052=EDGE_CURVE('',#1628,#1628,#194,.T.);
#2053=EDGE_CURVE('',#1628,#1629,#906,.T.);
#2054=EDGE_CURVE('',#1629,#1629,#195,.T.);
#2055=EDGE_CURVE('',#1630,#1630,#196,.T.);
#2056=EDGE_CURVE('',#1631,#1631,#197,.T.);
#2057=EDGE_CURVE('',#1631,#1632,#907,.T.);
#2058=EDGE_CURVE('',#1632,#1632,#198,.T.);
#2059=EDGE_CURVE('',#1633,#1633,#199,.T.);
#2060=EDGE_CURVE('',#1588,#1634,#908,.T.);
#2061=EDGE_CURVE('',#1635,#1634,#909,.T.);
#2062=EDGE_CURVE('',#1589,#1635,#910,.T.);
#2063=EDGE_CURVE('',#1587,#1636,#911,.T.);
#2064=EDGE_CURVE('',#1634,#1636,#200,.T.);
#2065=EDGE_CURVE('',#1636,#1532,#912,.T.);
#2066=EDGE_CURVE('',#1590,#1637,#913,.T.);
#2067=EDGE_CURVE('',#1500,#1637,#914,.T.);
#2068=EDGE_CURVE('',#1637,#1635,#201,.T.);
#2069=EDGE_CURVE('',#1638,#1586,#915,.T.);
#2070=EDGE_CURVE('',#1639,#1638,#916,.T.);
#2071=EDGE_CURVE('',#1639,#1501,#917,.T.);
#2072=EDGE_CURVE('',#1640,#1641,#918,.T.);
#2073=EDGE_CURVE('',#1641,#1510,#919,.T.);
#2074=EDGE_CURVE('',#1640,#1509,#920,.T.);
#2075=EDGE_CURVE('',#1642,#1643,#921,.T.);
#2076=EDGE_CURVE('',#1643,#1505,#922,.T.);
#2077=EDGE_CURVE('',#1642,#1504,#923,.T.);
#2078=EDGE_CURVE('',#1344,#1518,#924,.T.);
#2079=EDGE_CURVE('',#1644,#1645,#925,.T.);
#2080=EDGE_CURVE('',#1645,#1517,#926,.T.);
#2081=EDGE_CURVE('',#1644,#1516,#927,.T.);
#2082=EDGE_CURVE('',#1598,#1645,#928,.T.);
#2083=EDGE_CURVE('',#1615,#1608,#929,.T.);
#2084=EDGE_CURVE('',#1624,#1609,#930,.T.);
#2085=EDGE_CURVE('',#1646,#1606,#931,.T.);
#2086=EDGE_CURVE('',#1610,#1646,#19,.T.);
#2087=EDGE_CURVE('',#1605,#1641,#932,.T.);
#2088=EDGE_CURVE('',#1606,#1640,#933,.T.);
#2089=EDGE_CURVE('',#1604,#1511,#934,.T.);
#2090=EDGE_CURVE('',#1603,#1512,#935,.T.);
#2091=EDGE_CURVE('',#1602,#1513,#936,.T.);
#2092=EDGE_CURVE('',#1601,#1514,#937,.T.);
#2093=EDGE_CURVE('',#1600,#1515,#938,.T.);
#2094=EDGE_CURVE('',#1599,#1644,#939,.T.);
#2095=EDGE_CURVE('',#1647,#1565,#940,.T.);
#2096=EDGE_CURVE('',#1348,#1564,#941,.T.);
#2097=EDGE_CURVE('',#1596,#1647,#942,.T.);
#2098=EDGE_CURVE('',#1646,#1648,#943,.T.);
#2099=EDGE_CURVE('',#1648,#1508,#944,.T.);
#2100=EDGE_CURVE('',#1648,#1649,#202,.T.);
#2101=EDGE_CURVE('',#1649,#1507,#945,.T.);
#2102=EDGE_CURVE('',#1649,#1650,#946,.T.);
#2103=EDGE_CURVE('',#1650,#1506,#947,.T.);
#2104=EDGE_CURVE('',#1650,#1651,#203,.T.);
#2105=EDGE_CURVE('',#1651,#1643,#948,.T.);
#2106=EDGE_CURVE('',#1651,#1652,#949,.T.);
#2107=EDGE_CURVE('',#1652,#1642,#950,.T.);
#2108=EDGE_CURVE('',#1653,#1652,#204,.T.);
#2109=EDGE_CURVE('',#1653,#1503,#951,.T.);
#2110=EDGE_CURVE('',#1653,#1654,#952,.T.);
#2111=EDGE_CURVE('',#1654,#1502,#953,.T.);
#2112=EDGE_CURVE('',#1654,#1639,#205,.T.);
#2113=EDGE_CURVE('',#1638,#1655,#206,.T.);
#2114=EDGE_CURVE('',#1655,#1585,#954,.T.);
#2115=EDGE_CURVE('',#1655,#1656,#955,.T.);
#2116=EDGE_CURVE('',#1656,#1584,#956,.T.);
#2117=EDGE_CURVE('',#1656,#1657,#207,.T.);
#2118=EDGE_CURVE('',#1657,#1583,#957,.T.);
#2119=EDGE_CURVE('',#1657,#1658,#958,.T.);
#2120=EDGE_CURVE('',#1658,#1582,#959,.T.);
#2121=EDGE_CURVE('',#1658,#1659,#208,.T.);
#2122=EDGE_CURVE('',#1659,#1581,#960,.T.);
#2123=EDGE_CURVE('',#1659,#1660,#961,.T.);
#2124=EDGE_CURVE('',#1660,#1580,#962,.T.);
#2125=EDGE_CURVE('',#1660,#1661,#209,.T.);
#2126=EDGE_CURVE('',#1661,#1579,#963,.T.);
#2127=EDGE_CURVE('',#1661,#1662,#964,.T.);
#2128=EDGE_CURVE('',#1662,#1578,#965,.T.);
#2129=EDGE_CURVE('',#1662,#1663,#966,.T.);
#2130=EDGE_CURVE('',#1663,#1577,#967,.T.);
#2131=EDGE_CURVE('',#1663,#1664,#210,.T.);
#2132=EDGE_CURVE('',#1664,#1576,#968,.T.);
#2133=EDGE_CURVE('',#1664,#1665,#969,.T.);
#2134=EDGE_CURVE('',#1665,#1575,#970,.T.);
#2135=EDGE_CURVE('',#1665,#1666,#971,.T.);
#2136=EDGE_CURVE('',#1666,#1574,#972,.T.);
#2137=EDGE_CURVE('',#1666,#1667,#211,.T.);
#2138=EDGE_CURVE('',#1667,#1573,#973,.T.);
#2139=EDGE_CURVE('',#1667,#1668,#974,.T.);
#2140=EDGE_CURVE('',#1668,#1572,#975,.T.);
#2141=EDGE_CURVE('',#1668,#1669,#212,.T.);
#2142=EDGE_CURVE('',#1669,#1571,#976,.T.);
#2143=EDGE_CURVE('',#1669,#1670,#977,.T.);
#2144=EDGE_CURVE('',#1670,#1570,#978,.T.);
#2145=EDGE_CURVE('',#1670,#1671,#213,.T.);
#2146=EDGE_CURVE('',#1671,#1569,#979,.T.);
#2147=EDGE_CURVE('',#1671,#1672,#980,.T.);
#2148=EDGE_CURVE('',#1672,#1568,#981,.T.);
#2149=EDGE_CURVE('',#1672,#1673,#982,.T.);
#2150=EDGE_CURVE('',#1673,#1567,#983,.T.);
#2151=EDGE_CURVE('',#1673,#1674,#214,.T.);
#2152=EDGE_CURVE('',#1674,#1566,#984,.T.);
#2153=EDGE_CURVE('',#1674,#1611,#985,.T.);
#2154=EDGE_CURVE('',#1444,#1563,#986,.T.);
#2155=EDGE_CURVE('',#1445,#1562,#987,.T.);
#2156=EDGE_CURVE('',#1446,#1561,#988,.T.);
#2157=EDGE_CURVE('',#1447,#1560,#989,.T.);
#2158=EDGE_CURVE('',#1448,#1559,#990,.T.);
#2159=EDGE_CURVE('',#1449,#1558,#991,.T.);
#2160=EDGE_CURVE('',#1450,#1557,#992,.T.);
#2161=EDGE_CURVE('',#1451,#1556,#993,.T.);
#2162=EDGE_CURVE('',#1452,#1555,#994,.T.);
#2163=EDGE_CURVE('',#1453,#1554,#995,.T.);
#2164=EDGE_CURVE('',#1454,#1553,#996,.T.);
#2165=EDGE_CURVE('',#1455,#1552,#997,.T.);
#2166=EDGE_CURVE('',#1456,#1551,#998,.T.);
#2167=EDGE_CURVE('',#1457,#1550,#999,.T.);
#2168=EDGE_CURVE('',#1458,#1549,#1000,.T.);
#2169=EDGE_CURVE('',#1459,#1548,#1001,.T.);
#2170=EDGE_CURVE('',#1460,#1547,#1002,.T.);
#2171=EDGE_CURVE('',#1461,#1546,#1003,.T.);
#2172=EDGE_CURVE('',#1462,#1545,#1004,.T.);
#2173=EDGE_CURVE('',#1496,#1633,#1005,.T.);
#2174=EDGE_CURVE('',#1495,#1621,#1006,.T.);
#2175=EDGE_CURVE('',#1494,#1630,#1007,.T.);
#2176=EDGE_CURVE('',#1493,#1618,#1008,.T.);
#2177=EDGE_CURVE('',#1492,#1627,#1009,.T.);
#2178=ORIENTED_EDGE('',*,*,#1675,.F.);
#2179=ORIENTED_EDGE('',*,*,#1676,.T.);
#2180=ORIENTED_EDGE('',*,*,#1677,.F.);
#2181=ORIENTED_EDGE('',*,*,#1678,.F.);
#2182=ORIENTED_EDGE('',*,*,#1679,.T.);
#2183=ORIENTED_EDGE('',*,*,#1680,.F.);
#2184=ORIENTED_EDGE('',*,*,#1681,.T.);
#2185=ORIENTED_EDGE('',*,*,#1682,.F.);
#2186=ORIENTED_EDGE('',*,*,#1683,.F.);
#2187=ORIENTED_EDGE('',*,*,#1684,.F.);
#2188=ORIENTED_EDGE('',*,*,#1683,.T.);
#2189=ORIENTED_EDGE('',*,*,#1685,.F.);
#2190=ORIENTED_EDGE('',*,*,#1686,.F.);
#2191=ORIENTED_EDGE('',*,*,#1687,.F.);
#2192=ORIENTED_EDGE('',*,*,#1686,.T.);
#2193=ORIENTED_EDGE('',*,*,#1688,.F.);
#2194=ORIENTED_EDGE('',*,*,#1689,.F.);
#2195=ORIENTED_EDGE('',*,*,#1690,.F.);
#2196=ORIENTED_EDGE('',*,*,#1689,.T.);
#2197=ORIENTED_EDGE('',*,*,#1691,.F.);
#2198=ORIENTED_EDGE('',*,*,#1692,.F.);
#2199=ORIENTED_EDGE('',*,*,#1693,.F.);
#2200=ORIENTED_EDGE('',*,*,#1692,.T.);
#2201=ORIENTED_EDGE('',*,*,#1694,.F.);
#2202=ORIENTED_EDGE('',*,*,#1695,.F.);
#2203=ORIENTED_EDGE('',*,*,#1696,.F.);
#2204=ORIENTED_EDGE('',*,*,#1695,.T.);
#2205=ORIENTED_EDGE('',*,*,#1697,.F.);
#2206=ORIENTED_EDGE('',*,*,#1698,.F.);
#2207=ORIENTED_EDGE('',*,*,#1699,.F.);
#2208=ORIENTED_EDGE('',*,*,#1698,.T.);
#2209=ORIENTED_EDGE('',*,*,#1700,.F.);
#2210=ORIENTED_EDGE('',*,*,#1701,.F.);
#2211=ORIENTED_EDGE('',*,*,#1702,.F.);
#2212=ORIENTED_EDGE('',*,*,#1701,.T.);
#2213=ORIENTED_EDGE('',*,*,#1703,.F.);
#2214=ORIENTED_EDGE('',*,*,#1704,.F.);
#2215=ORIENTED_EDGE('',*,*,#1705,.F.);
#2216=ORIENTED_EDGE('',*,*,#1704,.T.);
#2217=ORIENTED_EDGE('',*,*,#1706,.F.);
#2218=ORIENTED_EDGE('',*,*,#1707,.F.);
#2219=ORIENTED_EDGE('',*,*,#1708,.F.);
#2220=ORIENTED_EDGE('',*,*,#1707,.T.);
#2221=ORIENTED_EDGE('',*,*,#1709,.F.);
#2222=ORIENTED_EDGE('',*,*,#1710,.F.);
#2223=ORIENTED_EDGE('',*,*,#1711,.F.);
#2224=ORIENTED_EDGE('',*,*,#1710,.T.);
#2225=ORIENTED_EDGE('',*,*,#1712,.F.);
#2226=ORIENTED_EDGE('',*,*,#1713,.F.);
#2227=ORIENTED_EDGE('',*,*,#1714,.F.);
#2228=ORIENTED_EDGE('',*,*,#1713,.T.);
#2229=ORIENTED_EDGE('',*,*,#1715,.F.);
#2230=ORIENTED_EDGE('',*,*,#1716,.F.);
#2231=ORIENTED_EDGE('',*,*,#1717,.F.);
#2232=ORIENTED_EDGE('',*,*,#1716,.T.);
#2233=ORIENTED_EDGE('',*,*,#1718,.F.);
#2234=ORIENTED_EDGE('',*,*,#1719,.F.);
#2235=ORIENTED_EDGE('',*,*,#1720,.F.);
#2236=ORIENTED_EDGE('',*,*,#1719,.T.);
#2237=ORIENTED_EDGE('',*,*,#1721,.F.);
#2238=ORIENTED_EDGE('',*,*,#1722,.F.);
#2239=ORIENTED_EDGE('',*,*,#1723,.F.);
#2240=ORIENTED_EDGE('',*,*,#1722,.T.);
#2241=ORIENTED_EDGE('',*,*,#1724,.F.);
#2242=ORIENTED_EDGE('',*,*,#1725,.F.);
#2243=ORIENTED_EDGE('',*,*,#1726,.F.);
#2244=ORIENTED_EDGE('',*,*,#1725,.T.);
#2245=ORIENTED_EDGE('',*,*,#1727,.F.);
#2246=ORIENTED_EDGE('',*,*,#1728,.F.);
#2247=ORIENTED_EDGE('',*,*,#1729,.F.);
#2248=ORIENTED_EDGE('',*,*,#1728,.T.);
#2249=ORIENTED_EDGE('',*,*,#1730,.F.);
#2250=ORIENTED_EDGE('',*,*,#1731,.F.);
#2251=ORIENTED_EDGE('',*,*,#1732,.F.);
#2252=ORIENTED_EDGE('',*,*,#1731,.T.);
#2253=ORIENTED_EDGE('',*,*,#1733,.F.);
#2254=ORIENTED_EDGE('',*,*,#1734,.F.);
#2255=ORIENTED_EDGE('',*,*,#1735,.F.);
#2256=ORIENTED_EDGE('',*,*,#1734,.T.);
#2257=ORIENTED_EDGE('',*,*,#1736,.F.);
#2258=ORIENTED_EDGE('',*,*,#1737,.F.);
#2259=ORIENTED_EDGE('',*,*,#1738,.F.);
#2260=ORIENTED_EDGE('',*,*,#1737,.T.);
#2261=ORIENTED_EDGE('',*,*,#1739,.F.);
#2262=ORIENTED_EDGE('',*,*,#1740,.F.);
#2263=ORIENTED_EDGE('',*,*,#1741,.F.);
#2264=ORIENTED_EDGE('',*,*,#1740,.T.);
#2265=ORIENTED_EDGE('',*,*,#1742,.F.);
#2266=ORIENTED_EDGE('',*,*,#1743,.F.);
#2267=ORIENTED_EDGE('',*,*,#1744,.F.);
#2268=ORIENTED_EDGE('',*,*,#1743,.T.);
#2269=ORIENTED_EDGE('',*,*,#1745,.F.);
#2270=ORIENTED_EDGE('',*,*,#1746,.F.);
#2271=ORIENTED_EDGE('',*,*,#1747,.F.);
#2272=ORIENTED_EDGE('',*,*,#1746,.T.);
#2273=ORIENTED_EDGE('',*,*,#1748,.F.);
#2274=ORIENTED_EDGE('',*,*,#1749,.F.);
#2275=ORIENTED_EDGE('',*,*,#1750,.F.);
#2276=ORIENTED_EDGE('',*,*,#1749,.T.);
#2277=ORIENTED_EDGE('',*,*,#1751,.F.);
#2278=ORIENTED_EDGE('',*,*,#1752,.F.);
#2279=ORIENTED_EDGE('',*,*,#1753,.F.);
#2280=ORIENTED_EDGE('',*,*,#1752,.T.);
#2281=ORIENTED_EDGE('',*,*,#1754,.F.);
#2282=ORIENTED_EDGE('',*,*,#1755,.F.);
#2283=ORIENTED_EDGE('',*,*,#1756,.F.);
#2284=ORIENTED_EDGE('',*,*,#1755,.T.);
#2285=ORIENTED_EDGE('',*,*,#1757,.F.);
#2286=ORIENTED_EDGE('',*,*,#1758,.F.);
#2287=ORIENTED_EDGE('',*,*,#1759,.F.);
#2288=ORIENTED_EDGE('',*,*,#1758,.T.);
#2289=ORIENTED_EDGE('',*,*,#1760,.F.);
#2290=ORIENTED_EDGE('',*,*,#1761,.F.);
#2291=ORIENTED_EDGE('',*,*,#1762,.F.);
#2292=ORIENTED_EDGE('',*,*,#1761,.T.);
#2293=ORIENTED_EDGE('',*,*,#1763,.F.);
#2294=ORIENTED_EDGE('',*,*,#1764,.F.);
#2295=ORIENTED_EDGE('',*,*,#1765,.F.);
#2296=ORIENTED_EDGE('',*,*,#1764,.T.);
#2297=ORIENTED_EDGE('',*,*,#1766,.F.);
#2298=ORIENTED_EDGE('',*,*,#1767,.F.);
#2299=ORIENTED_EDGE('',*,*,#1768,.F.);
#2300=ORIENTED_EDGE('',*,*,#1767,.T.);
#2301=ORIENTED_EDGE('',*,*,#1769,.F.);
#2302=ORIENTED_EDGE('',*,*,#1770,.F.);
#2303=ORIENTED_EDGE('',*,*,#1771,.F.);
#2304=ORIENTED_EDGE('',*,*,#1770,.T.);
#2305=ORIENTED_EDGE('',*,*,#1772,.F.);
#2306=ORIENTED_EDGE('',*,*,#1773,.F.);
#2307=ORIENTED_EDGE('',*,*,#1774,.F.);
#2308=ORIENTED_EDGE('',*,*,#1773,.T.);
#2309=ORIENTED_EDGE('',*,*,#1775,.F.);
#2310=ORIENTED_EDGE('',*,*,#1776,.F.);
#2311=ORIENTED_EDGE('',*,*,#1777,.F.);
#2312=ORIENTED_EDGE('',*,*,#1776,.T.);
#2313=ORIENTED_EDGE('',*,*,#1778,.F.);
#2314=ORIENTED_EDGE('',*,*,#1779,.F.);
#2315=ORIENTED_EDGE('',*,*,#1780,.F.);
#2316=ORIENTED_EDGE('',*,*,#1779,.T.);
#2317=ORIENTED_EDGE('',*,*,#1781,.F.);
#2318=ORIENTED_EDGE('',*,*,#1782,.F.);
#2319=ORIENTED_EDGE('',*,*,#1783,.F.);
#2320=ORIENTED_EDGE('',*,*,#1782,.T.);
#2321=ORIENTED_EDGE('',*,*,#1784,.F.);
#2322=ORIENTED_EDGE('',*,*,#1785,.F.);
#2323=ORIENTED_EDGE('',*,*,#1786,.F.);
#2324=ORIENTED_EDGE('',*,*,#1785,.T.);
#2325=ORIENTED_EDGE('',*,*,#1787,.F.);
#2326=ORIENTED_EDGE('',*,*,#1788,.F.);
#2327=ORIENTED_EDGE('',*,*,#1789,.F.);
#2328=ORIENTED_EDGE('',*,*,#1788,.T.);
#2329=ORIENTED_EDGE('',*,*,#1790,.F.);
#2330=ORIENTED_EDGE('',*,*,#1791,.F.);
#2331=ORIENTED_EDGE('',*,*,#1792,.F.);
#2332=ORIENTED_EDGE('',*,*,#1791,.T.);
#2333=ORIENTED_EDGE('',*,*,#1793,.F.);
#2334=ORIENTED_EDGE('',*,*,#1794,.F.);
#2335=ORIENTED_EDGE('',*,*,#1795,.F.);
#2336=ORIENTED_EDGE('',*,*,#1794,.T.);
#2337=ORIENTED_EDGE('',*,*,#1796,.F.);
#2338=ORIENTED_EDGE('',*,*,#1797,.F.);
#2339=ORIENTED_EDGE('',*,*,#1798,.F.);
#2340=ORIENTED_EDGE('',*,*,#1797,.T.);
#2341=ORIENTED_EDGE('',*,*,#1799,.F.);
#2342=ORIENTED_EDGE('',*,*,#1800,.F.);
#2343=ORIENTED_EDGE('',*,*,#1801,.F.);
#2344=ORIENTED_EDGE('',*,*,#1800,.T.);
#2345=ORIENTED_EDGE('',*,*,#1802,.F.);
#2346=ORIENTED_EDGE('',*,*,#1803,.F.);
#2347=ORIENTED_EDGE('',*,*,#1804,.F.);
#2348=ORIENTED_EDGE('',*,*,#1803,.T.);
#2349=ORIENTED_EDGE('',*,*,#1805,.F.);
#2350=ORIENTED_EDGE('',*,*,#1806,.F.);
#2351=ORIENTED_EDGE('',*,*,#1807,.F.);
#2352=ORIENTED_EDGE('',*,*,#1806,.T.);
#2353=ORIENTED_EDGE('',*,*,#1808,.F.);
#2354=ORIENTED_EDGE('',*,*,#1809,.F.);
#2355=ORIENTED_EDGE('',*,*,#1810,.F.);
#2356=ORIENTED_EDGE('',*,*,#1809,.T.);
#2357=ORIENTED_EDGE('',*,*,#1811,.F.);
#2358=ORIENTED_EDGE('',*,*,#1812,.F.);
#2359=ORIENTED_EDGE('',*,*,#1813,.F.);
#2360=ORIENTED_EDGE('',*,*,#1812,.T.);
#2361=ORIENTED_EDGE('',*,*,#1814,.F.);
#2362=ORIENTED_EDGE('',*,*,#1815,.F.);
#2363=ORIENTED_EDGE('',*,*,#1816,.F.);
#2364=ORIENTED_EDGE('',*,*,#1815,.T.);
#2365=ORIENTED_EDGE('',*,*,#1817,.F.);
#2366=ORIENTED_EDGE('',*,*,#1818,.F.);
#2367=ORIENTED_EDGE('',*,*,#1819,.F.);
#2368=ORIENTED_EDGE('',*,*,#1818,.T.);
#2369=ORIENTED_EDGE('',*,*,#1820,.F.);
#2370=ORIENTED_EDGE('',*,*,#1821,.F.);
#2371=ORIENTED_EDGE('',*,*,#1822,.F.);
#2372=ORIENTED_EDGE('',*,*,#1821,.T.);
#2373=ORIENTED_EDGE('',*,*,#1823,.F.);
#2374=ORIENTED_EDGE('',*,*,#1824,.F.);
#2375=ORIENTED_EDGE('',*,*,#1825,.F.);
#2376=ORIENTED_EDGE('',*,*,#1824,.T.);
#2377=ORIENTED_EDGE('',*,*,#1826,.F.);
#2378=ORIENTED_EDGE('',*,*,#1676,.F.);
#2379=ORIENTED_EDGE('',*,*,#1826,.T.);
#2380=ORIENTED_EDGE('',*,*,#1823,.T.);
#2381=ORIENTED_EDGE('',*,*,#1820,.T.);
#2382=ORIENTED_EDGE('',*,*,#1817,.T.);
#2383=ORIENTED_EDGE('',*,*,#1814,.T.);
#2384=ORIENTED_EDGE('',*,*,#1811,.T.);
#2385=ORIENTED_EDGE('',*,*,#1808,.T.);
#2386=ORIENTED_EDGE('',*,*,#1805,.T.);
#2387=ORIENTED_EDGE('',*,*,#1802,.T.);
#2388=ORIENTED_EDGE('',*,*,#1799,.T.);
#2389=ORIENTED_EDGE('',*,*,#1796,.T.);
#2390=ORIENTED_EDGE('',*,*,#1793,.T.);
#2391=ORIENTED_EDGE('',*,*,#1790,.T.);
#2392=ORIENTED_EDGE('',*,*,#1787,.T.);
#2393=ORIENTED_EDGE('',*,*,#1784,.T.);
#2394=ORIENTED_EDGE('',*,*,#1781,.T.);
#2395=ORIENTED_EDGE('',*,*,#1778,.T.);
#2396=ORIENTED_EDGE('',*,*,#1775,.T.);
#2397=ORIENTED_EDGE('',*,*,#1772,.T.);
#2398=ORIENTED_EDGE('',*,*,#1769,.T.);
#2399=ORIENTED_EDGE('',*,*,#1766,.T.);
#2400=ORIENTED_EDGE('',*,*,#1763,.T.);
#2401=ORIENTED_EDGE('',*,*,#1760,.T.);
#2402=ORIENTED_EDGE('',*,*,#1757,.T.);
#2403=ORIENTED_EDGE('',*,*,#1754,.T.);
#2404=ORIENTED_EDGE('',*,*,#1751,.T.);
#2405=ORIENTED_EDGE('',*,*,#1748,.T.);
#2406=ORIENTED_EDGE('',*,*,#1745,.T.);
#2407=ORIENTED_EDGE('',*,*,#1742,.T.);
#2408=ORIENTED_EDGE('',*,*,#1739,.T.);
#2409=ORIENTED_EDGE('',*,*,#1736,.T.);
#2410=ORIENTED_EDGE('',*,*,#1733,.T.);
#2411=ORIENTED_EDGE('',*,*,#1730,.T.);
#2412=ORIENTED_EDGE('',*,*,#1727,.T.);
#2413=ORIENTED_EDGE('',*,*,#1724,.T.);
#2414=ORIENTED_EDGE('',*,*,#1721,.T.);
#2415=ORIENTED_EDGE('',*,*,#1718,.T.);
#2416=ORIENTED_EDGE('',*,*,#1715,.T.);
#2417=ORIENTED_EDGE('',*,*,#1712,.T.);
#2418=ORIENTED_EDGE('',*,*,#1709,.T.);
#2419=ORIENTED_EDGE('',*,*,#1706,.T.);
#2420=ORIENTED_EDGE('',*,*,#1703,.T.);
#2421=ORIENTED_EDGE('',*,*,#1700,.T.);
#2422=ORIENTED_EDGE('',*,*,#1697,.T.);
#2423=ORIENTED_EDGE('',*,*,#1694,.T.);
#2424=ORIENTED_EDGE('',*,*,#1691,.T.);
#2425=ORIENTED_EDGE('',*,*,#1688,.T.);
#2426=ORIENTED_EDGE('',*,*,#1685,.T.);
#2427=ORIENTED_EDGE('',*,*,#1682,.T.);
#2428=ORIENTED_EDGE('',*,*,#1827,.F.);
#2429=ORIENTED_EDGE('',*,*,#1828,.F.);
#2430=ORIENTED_EDGE('',*,*,#1829,.F.);
#2431=ORIENTED_EDGE('',*,*,#1830,.F.);
#2432=ORIENTED_EDGE('',*,*,#1831,.F.);
#2433=ORIENTED_EDGE('',*,*,#1832,.F.);
#2434=ORIENTED_EDGE('',*,*,#1833,.F.);
#2435=ORIENTED_EDGE('',*,*,#1834,.F.);
#2436=ORIENTED_EDGE('',*,*,#1835,.F.);
#2437=ORIENTED_EDGE('',*,*,#1836,.F.);
#2438=ORIENTED_EDGE('',*,*,#1837,.F.);
#2439=ORIENTED_EDGE('',*,*,#1838,.F.);
#2440=ORIENTED_EDGE('',*,*,#1839,.F.);
#2441=ORIENTED_EDGE('',*,*,#1840,.F.);
#2442=ORIENTED_EDGE('',*,*,#1841,.F.);
#2443=ORIENTED_EDGE('',*,*,#1842,.F.);
#2444=ORIENTED_EDGE('',*,*,#1843,.F.);
#2445=ORIENTED_EDGE('',*,*,#1844,.F.);
#2446=ORIENTED_EDGE('',*,*,#1845,.F.);
#2447=ORIENTED_EDGE('',*,*,#1846,.F.);
#2448=ORIENTED_EDGE('',*,*,#1847,.F.);
#2449=ORIENTED_EDGE('',*,*,#1848,.F.);
#2450=ORIENTED_EDGE('',*,*,#1849,.F.);
#2451=ORIENTED_EDGE('',*,*,#1850,.F.);
#2452=ORIENTED_EDGE('',*,*,#1851,.F.);
#2453=ORIENTED_EDGE('',*,*,#1852,.F.);
#2454=ORIENTED_EDGE('',*,*,#1853,.F.);
#2455=ORIENTED_EDGE('',*,*,#1854,.F.);
#2456=ORIENTED_EDGE('',*,*,#1855,.F.);
#2457=ORIENTED_EDGE('',*,*,#1856,.F.);
#2458=ORIENTED_EDGE('',*,*,#1857,.F.);
#2459=ORIENTED_EDGE('',*,*,#1858,.F.);
#2460=ORIENTED_EDGE('',*,*,#1859,.F.);
#2461=ORIENTED_EDGE('',*,*,#1860,.F.);
#2462=ORIENTED_EDGE('',*,*,#1861,.F.);
#2463=ORIENTED_EDGE('',*,*,#1862,.F.);
#2464=ORIENTED_EDGE('',*,*,#1863,.F.);
#2465=ORIENTED_EDGE('',*,*,#1864,.F.);
#2466=ORIENTED_EDGE('',*,*,#1865,.F.);
#2467=ORIENTED_EDGE('',*,*,#1866,.F.);
#2468=ORIENTED_EDGE('',*,*,#1867,.F.);
#2469=ORIENTED_EDGE('',*,*,#1868,.F.);
#2470=ORIENTED_EDGE('',*,*,#1869,.F.);
#2471=ORIENTED_EDGE('',*,*,#1870,.F.);
#2472=ORIENTED_EDGE('',*,*,#1871,.F.);
#2473=ORIENTED_EDGE('',*,*,#1872,.F.);
#2474=ORIENTED_EDGE('',*,*,#1677,.T.);
#2475=ORIENTED_EDGE('',*,*,#1680,.T.);
#2476=ORIENTED_EDGE('',*,*,#1684,.T.);
#2477=ORIENTED_EDGE('',*,*,#1687,.T.);
#2478=ORIENTED_EDGE('',*,*,#1690,.T.);
#2479=ORIENTED_EDGE('',*,*,#1693,.T.);
#2480=ORIENTED_EDGE('',*,*,#1696,.T.);
#2481=ORIENTED_EDGE('',*,*,#1699,.T.);
#2482=ORIENTED_EDGE('',*,*,#1702,.T.);
#2483=ORIENTED_EDGE('',*,*,#1705,.T.);
#2484=ORIENTED_EDGE('',*,*,#1708,.T.);
#2485=ORIENTED_EDGE('',*,*,#1711,.T.);
#2486=ORIENTED_EDGE('',*,*,#1714,.T.);
#2487=ORIENTED_EDGE('',*,*,#1717,.T.);
#2488=ORIENTED_EDGE('',*,*,#1720,.T.);
#2489=ORIENTED_EDGE('',*,*,#1723,.T.);
#2490=ORIENTED_EDGE('',*,*,#1726,.T.);
#2491=ORIENTED_EDGE('',*,*,#1729,.T.);
#2492=ORIENTED_EDGE('',*,*,#1732,.T.);
#2493=ORIENTED_EDGE('',*,*,#1735,.T.);
#2494=ORIENTED_EDGE('',*,*,#1738,.T.);
#2495=ORIENTED_EDGE('',*,*,#1741,.T.);
#2496=ORIENTED_EDGE('',*,*,#1744,.T.);
#2497=ORIENTED_EDGE('',*,*,#1747,.T.);
#2498=ORIENTED_EDGE('',*,*,#1750,.T.);
#2499=ORIENTED_EDGE('',*,*,#1753,.T.);
#2500=ORIENTED_EDGE('',*,*,#1756,.T.);
#2501=ORIENTED_EDGE('',*,*,#1759,.T.);
#2502=ORIENTED_EDGE('',*,*,#1762,.T.);
#2503=ORIENTED_EDGE('',*,*,#1765,.T.);
#2504=ORIENTED_EDGE('',*,*,#1768,.T.);
#2505=ORIENTED_EDGE('',*,*,#1771,.T.);
#2506=ORIENTED_EDGE('',*,*,#1774,.T.);
#2507=ORIENTED_EDGE('',*,*,#1777,.T.);
#2508=ORIENTED_EDGE('',*,*,#1780,.T.);
#2509=ORIENTED_EDGE('',*,*,#1783,.T.);
#2510=ORIENTED_EDGE('',*,*,#1786,.T.);
#2511=ORIENTED_EDGE('',*,*,#1789,.T.);
#2512=ORIENTED_EDGE('',*,*,#1792,.T.);
#2513=ORIENTED_EDGE('',*,*,#1795,.T.);
#2514=ORIENTED_EDGE('',*,*,#1798,.T.);
#2515=ORIENTED_EDGE('',*,*,#1801,.T.);
#2516=ORIENTED_EDGE('',*,*,#1804,.T.);
#2517=ORIENTED_EDGE('',*,*,#1807,.T.);
#2518=ORIENTED_EDGE('',*,*,#1810,.T.);
#2519=ORIENTED_EDGE('',*,*,#1813,.T.);
#2520=ORIENTED_EDGE('',*,*,#1816,.T.);
#2521=ORIENTED_EDGE('',*,*,#1819,.T.);
#2522=ORIENTED_EDGE('',*,*,#1822,.T.);
#2523=ORIENTED_EDGE('',*,*,#1825,.T.);
#2524=ORIENTED_EDGE('',*,*,#1675,.T.);
#2525=ORIENTED_EDGE('',*,*,#1873,.T.);
#2526=ORIENTED_EDGE('',*,*,#1874,.T.);
#2527=ORIENTED_EDGE('',*,*,#1875,.T.);
#2528=ORIENTED_EDGE('',*,*,#1876,.T.);
#2529=ORIENTED_EDGE('',*,*,#1877,.T.);
#2530=ORIENTED_EDGE('',*,*,#1878,.T.);
#2531=ORIENTED_EDGE('',*,*,#1879,.T.);
#2532=ORIENTED_EDGE('',*,*,#1880,.T.);
#2533=ORIENTED_EDGE('',*,*,#1881,.T.);
#2534=ORIENTED_EDGE('',*,*,#1871,.T.);
#2535=ORIENTED_EDGE('',*,*,#1882,.T.);
#2536=ORIENTED_EDGE('',*,*,#1883,.F.);
#2537=ORIENTED_EDGE('',*,*,#1884,.F.);
#2538=ORIENTED_EDGE('',*,*,#1885,.T.);
#2539=ORIENTED_EDGE('',*,*,#1886,.T.);
#2540=ORIENTED_EDGE('',*,*,#1887,.T.);
#2541=ORIENTED_EDGE('',*,*,#1888,.T.);
#2542=ORIENTED_EDGE('',*,*,#1889,.T.);
#2543=ORIENTED_EDGE('',*,*,#1890,.T.);
#2544=ORIENTED_EDGE('',*,*,#1891,.T.);
#2545=ORIENTED_EDGE('',*,*,#1892,.T.);
#2546=ORIENTED_EDGE('',*,*,#1893,.T.);
#2547=ORIENTED_EDGE('',*,*,#1894,.T.);
#2548=ORIENTED_EDGE('',*,*,#1895,.T.);
#2549=ORIENTED_EDGE('',*,*,#1896,.T.);
#2550=ORIENTED_EDGE('',*,*,#1897,.T.);
#2551=ORIENTED_EDGE('',*,*,#1898,.T.);
#2552=ORIENTED_EDGE('',*,*,#1899,.T.);
#2553=ORIENTED_EDGE('',*,*,#1900,.T.);
#2554=ORIENTED_EDGE('',*,*,#1901,.T.);
#2555=ORIENTED_EDGE('',*,*,#1902,.T.);
#2556=ORIENTED_EDGE('',*,*,#1903,.T.);
#2557=ORIENTED_EDGE('',*,*,#1904,.T.);
#2558=ORIENTED_EDGE('',*,*,#1883,.T.);
#2559=ORIENTED_EDGE('',*,*,#1905,.T.);
#2560=ORIENTED_EDGE('',*,*,#1906,.T.);
#2561=ORIENTED_EDGE('',*,*,#1907,.T.);
#2562=ORIENTED_EDGE('',*,*,#1908,.T.);
#2563=ORIENTED_EDGE('',*,*,#1909,.T.);
#2564=ORIENTED_EDGE('',*,*,#1910,.T.);
#2565=ORIENTED_EDGE('',*,*,#1911,.T.);
#2566=ORIENTED_EDGE('',*,*,#1912,.T.);
#2567=ORIENTED_EDGE('',*,*,#1913,.T.);
#2568=ORIENTED_EDGE('',*,*,#1914,.T.);
#2569=ORIENTED_EDGE('',*,*,#1915,.T.);
#2570=ORIENTED_EDGE('',*,*,#1916,.T.);
#2571=ORIENTED_EDGE('',*,*,#1917,.T.);
#2572=ORIENTED_EDGE('',*,*,#1918,.T.);
#2573=ORIENTED_EDGE('',*,*,#1919,.T.);
#2574=ORIENTED_EDGE('',*,*,#1920,.T.);
#2575=ORIENTED_EDGE('',*,*,#1921,.T.);
#2576=ORIENTED_EDGE('',*,*,#1922,.T.);
#2577=ORIENTED_EDGE('',*,*,#1923,.T.);
#2578=ORIENTED_EDGE('',*,*,#1924,.T.);
#2579=ORIENTED_EDGE('',*,*,#1925,.T.);
#2580=ORIENTED_EDGE('',*,*,#1926,.T.);
#2581=ORIENTED_EDGE('',*,*,#1927,.T.);
#2582=ORIENTED_EDGE('',*,*,#1928,.T.);
#2583=ORIENTED_EDGE('',*,*,#1929,.T.);
#2584=ORIENTED_EDGE('',*,*,#1930,.T.);
#2585=ORIENTED_EDGE('',*,*,#1931,.T.);
#2586=ORIENTED_EDGE('',*,*,#1932,.T.);
#2587=ORIENTED_EDGE('',*,*,#1933,.T.);
#2588=ORIENTED_EDGE('',*,*,#1934,.T.);
#2589=ORIENTED_EDGE('',*,*,#1935,.T.);
#2590=ORIENTED_EDGE('',*,*,#1936,.T.);
#2591=ORIENTED_EDGE('',*,*,#1937,.T.);
#2592=ORIENTED_EDGE('',*,*,#1938,.T.);
#2593=ORIENTED_EDGE('',*,*,#1939,.T.);
#2594=ORIENTED_EDGE('',*,*,#1940,.T.);
#2595=ORIENTED_EDGE('',*,*,#1941,.T.);
#2596=ORIENTED_EDGE('',*,*,#1942,.T.);
#2597=ORIENTED_EDGE('',*,*,#1943,.T.);
#2598=ORIENTED_EDGE('',*,*,#1944,.T.);
#2599=ORIENTED_EDGE('',*,*,#1945,.T.);
#2600=ORIENTED_EDGE('',*,*,#1946,.T.);
#2601=ORIENTED_EDGE('',*,*,#1947,.T.);
#2602=ORIENTED_EDGE('',*,*,#1948,.T.);
#2603=ORIENTED_EDGE('',*,*,#1949,.T.);
#2604=ORIENTED_EDGE('',*,*,#1950,.T.);
#2605=ORIENTED_EDGE('',*,*,#1951,.T.);
#2606=ORIENTED_EDGE('',*,*,#1952,.T.);
#2607=ORIENTED_EDGE('',*,*,#1953,.T.);
#2608=ORIENTED_EDGE('',*,*,#1954,.T.);
#2609=ORIENTED_EDGE('',*,*,#1955,.T.);
#2610=ORIENTED_EDGE('',*,*,#1956,.T.);
#2611=ORIENTED_EDGE('',*,*,#1957,.T.);
#2612=ORIENTED_EDGE('',*,*,#1958,.T.);
#2613=ORIENTED_EDGE('',*,*,#1959,.T.);
#2614=ORIENTED_EDGE('',*,*,#1960,.T.);
#2615=ORIENTED_EDGE('',*,*,#1961,.T.);
#2616=ORIENTED_EDGE('',*,*,#1962,.T.);
#2617=ORIENTED_EDGE('',*,*,#1963,.T.);
#2618=ORIENTED_EDGE('',*,*,#1964,.T.);
#2619=ORIENTED_EDGE('',*,*,#1965,.T.);
#2620=ORIENTED_EDGE('',*,*,#1966,.T.);
#2621=ORIENTED_EDGE('',*,*,#1967,.T.);
#2622=ORIENTED_EDGE('',*,*,#1968,.T.);
#2623=ORIENTED_EDGE('',*,*,#1969,.T.);
#2624=ORIENTED_EDGE('',*,*,#1970,.T.);
#2625=ORIENTED_EDGE('',*,*,#1971,.T.);
#2626=ORIENTED_EDGE('',*,*,#1972,.T.);
#2627=ORIENTED_EDGE('',*,*,#1973,.T.);
#2628=ORIENTED_EDGE('',*,*,#1870,.T.);
#2629=ORIENTED_EDGE('',*,*,#1974,.T.);
#2630=ORIENTED_EDGE('',*,*,#1905,.F.);
#2631=ORIENTED_EDGE('',*,*,#1882,.F.);
#2632=ORIENTED_EDGE('',*,*,#1869,.T.);
#2633=ORIENTED_EDGE('',*,*,#1975,.T.);
#2634=ORIENTED_EDGE('',*,*,#1906,.F.);
#2635=ORIENTED_EDGE('',*,*,#1974,.F.);
#2636=ORIENTED_EDGE('',*,*,#1868,.T.);
#2637=ORIENTED_EDGE('',*,*,#1976,.T.);
#2638=ORIENTED_EDGE('',*,*,#1907,.F.);
#2639=ORIENTED_EDGE('',*,*,#1975,.F.);
#2640=ORIENTED_EDGE('',*,*,#1867,.T.);
#2641=ORIENTED_EDGE('',*,*,#1977,.T.);
#2642=ORIENTED_EDGE('',*,*,#1908,.F.);
#2643=ORIENTED_EDGE('',*,*,#1976,.F.);
#2644=ORIENTED_EDGE('',*,*,#1866,.T.);
#2645=ORIENTED_EDGE('',*,*,#1978,.T.);
#2646=ORIENTED_EDGE('',*,*,#1909,.F.);
#2647=ORIENTED_EDGE('',*,*,#1977,.F.);
#2648=ORIENTED_EDGE('',*,*,#1865,.T.);
#2649=ORIENTED_EDGE('',*,*,#1979,.T.);
#2650=ORIENTED_EDGE('',*,*,#1910,.F.);
#2651=ORIENTED_EDGE('',*,*,#1978,.F.);
#2652=ORIENTED_EDGE('',*,*,#1864,.T.);
#2653=ORIENTED_EDGE('',*,*,#1980,.T.);
#2654=ORIENTED_EDGE('',*,*,#1911,.F.);
#2655=ORIENTED_EDGE('',*,*,#1979,.F.);
#2656=ORIENTED_EDGE('',*,*,#1863,.T.);
#2657=ORIENTED_EDGE('',*,*,#1981,.T.);
#2658=ORIENTED_EDGE('',*,*,#1912,.F.);
#2659=ORIENTED_EDGE('',*,*,#1980,.F.);
#2660=ORIENTED_EDGE('',*,*,#1862,.T.);
#2661=ORIENTED_EDGE('',*,*,#1982,.T.);
#2662=ORIENTED_EDGE('',*,*,#1913,.F.);
#2663=ORIENTED_EDGE('',*,*,#1981,.F.);
#2664=ORIENTED_EDGE('',*,*,#1861,.T.);
#2665=ORIENTED_EDGE('',*,*,#1983,.T.);
#2666=ORIENTED_EDGE('',*,*,#1914,.F.);
#2667=ORIENTED_EDGE('',*,*,#1982,.F.);
#2668=ORIENTED_EDGE('',*,*,#1860,.T.);
#2669=ORIENTED_EDGE('',*,*,#1984,.T.);
#2670=ORIENTED_EDGE('',*,*,#1915,.F.);
#2671=ORIENTED_EDGE('',*,*,#1983,.F.);
#2672=ORIENTED_EDGE('',*,*,#1859,.T.);
#2673=ORIENTED_EDGE('',*,*,#1985,.T.);
#2674=ORIENTED_EDGE('',*,*,#1916,.F.);
#2675=ORIENTED_EDGE('',*,*,#1984,.F.);
#2676=ORIENTED_EDGE('',*,*,#1858,.T.);
#2677=ORIENTED_EDGE('',*,*,#1986,.T.);
#2678=ORIENTED_EDGE('',*,*,#1917,.F.);
#2679=ORIENTED_EDGE('',*,*,#1985,.F.);
#2680=ORIENTED_EDGE('',*,*,#1857,.T.);
#2681=ORIENTED_EDGE('',*,*,#1987,.T.);
#2682=ORIENTED_EDGE('',*,*,#1920,.F.);
#2683=ORIENTED_EDGE('',*,*,#1988,.T.);
#2684=ORIENTED_EDGE('',*,*,#1989,.T.);
#2685=ORIENTED_EDGE('',*,*,#1990,.T.);
#2686=ORIENTED_EDGE('',*,*,#1991,.T.);
#2687=ORIENTED_EDGE('',*,*,#1992,.T.);
#2688=ORIENTED_EDGE('',*,*,#1918,.F.);
#2689=ORIENTED_EDGE('',*,*,#1986,.F.);
#2690=ORIENTED_EDGE('',*,*,#1856,.T.);
#2691=ORIENTED_EDGE('',*,*,#1993,.T.);
#2692=ORIENTED_EDGE('',*,*,#1921,.F.);
#2693=ORIENTED_EDGE('',*,*,#1987,.F.);
#2694=ORIENTED_EDGE('',*,*,#1855,.T.);
#2695=ORIENTED_EDGE('',*,*,#1994,.T.);
#2696=ORIENTED_EDGE('',*,*,#1922,.F.);
#2697=ORIENTED_EDGE('',*,*,#1993,.F.);
#2698=ORIENTED_EDGE('',*,*,#1854,.T.);
#2699=ORIENTED_EDGE('',*,*,#1995,.T.);
#2700=ORIENTED_EDGE('',*,*,#1923,.F.);
#2701=ORIENTED_EDGE('',*,*,#1994,.F.);
#2702=ORIENTED_EDGE('',*,*,#1853,.T.);
#2703=ORIENTED_EDGE('',*,*,#1996,.T.);
#2704=ORIENTED_EDGE('',*,*,#1924,.F.);
#2705=ORIENTED_EDGE('',*,*,#1995,.F.);
#2706=ORIENTED_EDGE('',*,*,#1852,.T.);
#2707=ORIENTED_EDGE('',*,*,#1997,.T.);
#2708=ORIENTED_EDGE('',*,*,#1925,.F.);
#2709=ORIENTED_EDGE('',*,*,#1996,.F.);
#2710=ORIENTED_EDGE('',*,*,#1851,.T.);
#2711=ORIENTED_EDGE('',*,*,#1998,.T.);
#2712=ORIENTED_EDGE('',*,*,#1926,.F.);
#2713=ORIENTED_EDGE('',*,*,#1997,.F.);
#2714=ORIENTED_EDGE('',*,*,#1850,.T.);
#2715=ORIENTED_EDGE('',*,*,#1999,.T.);
#2716=ORIENTED_EDGE('',*,*,#1927,.F.);
#2717=ORIENTED_EDGE('',*,*,#1998,.F.);
#2718=ORIENTED_EDGE('',*,*,#1849,.T.);
#2719=ORIENTED_EDGE('',*,*,#2000,.T.);
#2720=ORIENTED_EDGE('',*,*,#1928,.F.);
#2721=ORIENTED_EDGE('',*,*,#1999,.F.);
#2722=ORIENTED_EDGE('',*,*,#1848,.T.);
#2723=ORIENTED_EDGE('',*,*,#2001,.T.);
#2724=ORIENTED_EDGE('',*,*,#1929,.F.);
#2725=ORIENTED_EDGE('',*,*,#2000,.F.);
#2726=ORIENTED_EDGE('',*,*,#1847,.T.);
#2727=ORIENTED_EDGE('',*,*,#2002,.T.);
#2728=ORIENTED_EDGE('',*,*,#1930,.F.);
#2729=ORIENTED_EDGE('',*,*,#2001,.F.);
#2730=ORIENTED_EDGE('',*,*,#2003,.T.);
#2731=ORIENTED_EDGE('',*,*,#2004,.T.);
#2732=ORIENTED_EDGE('',*,*,#2005,.F.);
#2733=ORIENTED_EDGE('',*,*,#1873,.F.);
#2734=ORIENTED_EDGE('',*,*,#2005,.T.);
#2735=ORIENTED_EDGE('',*,*,#2006,.T.);
#2736=ORIENTED_EDGE('',*,*,#2007,.F.);
#2737=ORIENTED_EDGE('',*,*,#1874,.F.);
#2738=ORIENTED_EDGE('',*,*,#2007,.T.);
#2739=ORIENTED_EDGE('',*,*,#2008,.T.);
#2740=ORIENTED_EDGE('',*,*,#2009,.F.);
#2741=ORIENTED_EDGE('',*,*,#1875,.F.);
#2742=ORIENTED_EDGE('',*,*,#2009,.T.);
#2743=ORIENTED_EDGE('',*,*,#2010,.T.);
#2744=ORIENTED_EDGE('',*,*,#2011,.T.);
#2745=ORIENTED_EDGE('',*,*,#1876,.F.);
#2746=ORIENTED_EDGE('',*,*,#2012,.F.);
#2747=ORIENTED_EDGE('',*,*,#2013,.F.);
#2748=ORIENTED_EDGE('',*,*,#2010,.F.);
#2749=ORIENTED_EDGE('',*,*,#2008,.F.);
#2750=ORIENTED_EDGE('',*,*,#2006,.F.);
#2751=ORIENTED_EDGE('',*,*,#2004,.F.);
#2752=ORIENTED_EDGE('',*,*,#2014,.F.);
#2753=ORIENTED_EDGE('',*,*,#2015,.F.);
#2754=ORIENTED_EDGE('',*,*,#2016,.F.);
#2755=ORIENTED_EDGE('',*,*,#2017,.F.);
#2756=ORIENTED_EDGE('',*,*,#2018,.F.);
#2757=ORIENTED_EDGE('',*,*,#2019,.F.);
#2758=ORIENTED_EDGE('',*,*,#2020,.F.);
#2759=ORIENTED_EDGE('',*,*,#2021,.F.);
#2760=ORIENTED_EDGE('',*,*,#2022,.F.);
#2761=ORIENTED_EDGE('',*,*,#2023,.F.);
#2762=ORIENTED_EDGE('',*,*,#2024,.F.);
#2763=ORIENTED_EDGE('',*,*,#2025,.F.);
#2764=ORIENTED_EDGE('',*,*,#2026,.F.);
#2765=ORIENTED_EDGE('',*,*,#2012,.T.);
#2766=ORIENTED_EDGE('',*,*,#2027,.F.);
#2767=ORIENTED_EDGE('',*,*,#2028,.F.);
#2768=ORIENTED_EDGE('',*,*,#2029,.T.);
#2769=ORIENTED_EDGE('',*,*,#2024,.T.);
#2770=ORIENTED_EDGE('',*,*,#2030,.T.);
#2771=ORIENTED_EDGE('',*,*,#2031,.F.);
#2772=ORIENTED_EDGE('',*,*,#2030,.F.);
#2773=ORIENTED_EDGE('',*,*,#2032,.F.);
#2774=ORIENTED_EDGE('',*,*,#2033,.T.);
#2775=ORIENTED_EDGE('',*,*,#2034,.T.);
#2776=ORIENTED_EDGE('',*,*,#2033,.F.);
#2777=ORIENTED_EDGE('',*,*,#2034,.F.);
#2778=ORIENTED_EDGE('',*,*,#2035,.F.);
#2779=ORIENTED_EDGE('',*,*,#2036,.F.);
#2780=ORIENTED_EDGE('',*,*,#2037,.T.);
#2781=ORIENTED_EDGE('',*,*,#2038,.T.);
#2782=ORIENTED_EDGE('',*,*,#2037,.F.);
#2783=ORIENTED_EDGE('',*,*,#2038,.F.);
#2784=ORIENTED_EDGE('',*,*,#2039,.F.);
#2785=ORIENTED_EDGE('',*,*,#2040,.F.);
#2786=ORIENTED_EDGE('',*,*,#2041,.T.);
#2787=ORIENTED_EDGE('',*,*,#2042,.T.);
#2788=ORIENTED_EDGE('',*,*,#2041,.F.);
#2789=ORIENTED_EDGE('',*,*,#2042,.F.);
#2790=ORIENTED_EDGE('',*,*,#2043,.F.);
#2791=ORIENTED_EDGE('',*,*,#2044,.F.);
#2792=ORIENTED_EDGE('',*,*,#2045,.T.);
#2793=ORIENTED_EDGE('',*,*,#2046,.T.);
#2794=ORIENTED_EDGE('',*,*,#2045,.F.);
#2795=ORIENTED_EDGE('',*,*,#2046,.F.);
#2796=ORIENTED_EDGE('',*,*,#2047,.F.);
#2797=ORIENTED_EDGE('',*,*,#2048,.F.);
#2798=ORIENTED_EDGE('',*,*,#2049,.T.);
#2799=ORIENTED_EDGE('',*,*,#2050,.T.);
#2800=ORIENTED_EDGE('',*,*,#2049,.F.);
#2801=ORIENTED_EDGE('',*,*,#2050,.F.);
#2802=ORIENTED_EDGE('',*,*,#2051,.F.);
#2803=ORIENTED_EDGE('',*,*,#2052,.F.);
#2804=ORIENTED_EDGE('',*,*,#2053,.T.);
#2805=ORIENTED_EDGE('',*,*,#2054,.T.);
#2806=ORIENTED_EDGE('',*,*,#2053,.F.);
#2807=ORIENTED_EDGE('',*,*,#2054,.F.);
#2808=ORIENTED_EDGE('',*,*,#2055,.F.);
#2809=ORIENTED_EDGE('',*,*,#2056,.F.);
#2810=ORIENTED_EDGE('',*,*,#2057,.T.);
#2811=ORIENTED_EDGE('',*,*,#2058,.T.);
#2812=ORIENTED_EDGE('',*,*,#2057,.F.);
#2813=ORIENTED_EDGE('',*,*,#2058,.F.);
#2814=ORIENTED_EDGE('',*,*,#2059,.F.);
#2815=ORIENTED_EDGE('',*,*,#1990,.F.);
#2816=ORIENTED_EDGE('',*,*,#2060,.T.);
#2817=ORIENTED_EDGE('',*,*,#2061,.F.);
#2818=ORIENTED_EDGE('',*,*,#2062,.F.);
#2819=ORIENTED_EDGE('',*,*,#1989,.F.);
#2820=ORIENTED_EDGE('',*,*,#2063,.T.);
#2821=ORIENTED_EDGE('',*,*,#2064,.F.);
#2822=ORIENTED_EDGE('',*,*,#2060,.F.);
#2823=ORIENTED_EDGE('',*,*,#1988,.F.);
#2824=ORIENTED_EDGE('',*,*,#1919,.F.);
#2825=ORIENTED_EDGE('',*,*,#2065,.F.);
#2826=ORIENTED_EDGE('',*,*,#2063,.F.);
#2827=ORIENTED_EDGE('',*,*,#1992,.F.);
#2828=ORIENTED_EDGE('',*,*,#2066,.T.);
#2829=ORIENTED_EDGE('',*,*,#2067,.F.);
#2830=ORIENTED_EDGE('',*,*,#1885,.F.);
#2831=ORIENTED_EDGE('',*,*,#1991,.F.);
#2832=ORIENTED_EDGE('',*,*,#2062,.T.);
#2833=ORIENTED_EDGE('',*,*,#2068,.F.);
#2834=ORIENTED_EDGE('',*,*,#2066,.F.);
#2835=ORIENTED_EDGE('',*,*,#2067,.T.);
#2836=ORIENTED_EDGE('',*,*,#2068,.T.);
#2837=ORIENTED_EDGE('',*,*,#2061,.T.);
#2838=ORIENTED_EDGE('',*,*,#2064,.T.);
#2839=ORIENTED_EDGE('',*,*,#2065,.T.);
#2840=ORIENTED_EDGE('',*,*,#1973,.F.);
#2841=ORIENTED_EDGE('',*,*,#2069,.F.);
#2842=ORIENTED_EDGE('',*,*,#2070,.F.);
#2843=ORIENTED_EDGE('',*,*,#2071,.T.);
#2844=ORIENTED_EDGE('',*,*,#1886,.F.);
#2845=ORIENTED_EDGE('',*,*,#2072,.T.);
#2846=ORIENTED_EDGE('',*,*,#2073,.T.);
#2847=ORIENTED_EDGE('',*,*,#1895,.F.);
#2848=ORIENTED_EDGE('',*,*,#2074,.F.);
#2849=ORIENTED_EDGE('',*,*,#2075,.T.);
#2850=ORIENTED_EDGE('',*,*,#2076,.T.);
#2851=ORIENTED_EDGE('',*,*,#1890,.F.);
#2852=ORIENTED_EDGE('',*,*,#2077,.F.);
#2853=ORIENTED_EDGE('',*,*,#1872,.T.);
#2854=ORIENTED_EDGE('',*,*,#1884,.T.);
#2855=ORIENTED_EDGE('',*,*,#1904,.F.);
#2856=ORIENTED_EDGE('',*,*,#2078,.F.);
#2857=ORIENTED_EDGE('',*,*,#2079,.T.);
#2858=ORIENTED_EDGE('',*,*,#2080,.T.);
#2859=ORIENTED_EDGE('',*,*,#1902,.F.);
#2860=ORIENTED_EDGE('',*,*,#2081,.F.);
#2861=ORIENTED_EDGE('',*,*,#2082,.F.);
#2862=ORIENTED_EDGE('',*,*,#2014,.T.);
#2863=ORIENTED_EDGE('',*,*,#2003,.F.);
#2864=ORIENTED_EDGE('',*,*,#1679,.F.);
#2865=ORIENTED_EDGE('',*,*,#1678,.T.);
#2866=ORIENTED_EDGE('',*,*,#2078,.T.);
#2867=ORIENTED_EDGE('',*,*,#1903,.F.);
#2868=ORIENTED_EDGE('',*,*,#2080,.F.);
#2869=ORIENTED_EDGE('',*,*,#2035,.T.);
#2870=ORIENTED_EDGE('',*,*,#2083,.T.);
#2871=ORIENTED_EDGE('',*,*,#2025,.T.);
#2872=ORIENTED_EDGE('',*,*,#2083,.F.);
#2873=ORIENTED_EDGE('',*,*,#2047,.T.);
#2874=ORIENTED_EDGE('',*,*,#2084,.T.);
#2875=ORIENTED_EDGE('',*,*,#2026,.T.);
#2876=ORIENTED_EDGE('',*,*,#2084,.F.);
#2877=ORIENTED_EDGE('',*,*,#2023,.T.);
#2878=ORIENTED_EDGE('',*,*,#2085,.F.);
#2879=ORIENTED_EDGE('',*,*,#2086,.F.);
#2880=ORIENTED_EDGE('',*,*,#2027,.T.);
#2881=ORIENTED_EDGE('',*,*,#2087,.T.);
#2882=ORIENTED_EDGE('',*,*,#2072,.F.);
#2883=ORIENTED_EDGE('',*,*,#2088,.F.);
#2884=ORIENTED_EDGE('',*,*,#2022,.T.);
#2885=ORIENTED_EDGE('',*,*,#2089,.T.);
#2886=ORIENTED_EDGE('',*,*,#1896,.F.);
#2887=ORIENTED_EDGE('',*,*,#2073,.F.);
#2888=ORIENTED_EDGE('',*,*,#2087,.F.);
#2889=ORIENTED_EDGE('',*,*,#2021,.T.);
#2890=ORIENTED_EDGE('',*,*,#2090,.T.);
#2891=ORIENTED_EDGE('',*,*,#1897,.F.);
#2892=ORIENTED_EDGE('',*,*,#2089,.F.);
#2893=ORIENTED_EDGE('',*,*,#2020,.T.);
#2894=ORIENTED_EDGE('',*,*,#2091,.T.);
#2895=ORIENTED_EDGE('',*,*,#1898,.F.);
#2896=ORIENTED_EDGE('',*,*,#2090,.F.);
#2897=ORIENTED_EDGE('',*,*,#2019,.T.);
#2898=ORIENTED_EDGE('',*,*,#2092,.T.);
#2899=ORIENTED_EDGE('',*,*,#1899,.F.);
#2900=ORIENTED_EDGE('',*,*,#2091,.F.);
#2901=ORIENTED_EDGE('',*,*,#2018,.T.);
#2902=ORIENTED_EDGE('',*,*,#2093,.T.);
#2903=ORIENTED_EDGE('',*,*,#1900,.F.);
#2904=ORIENTED_EDGE('',*,*,#2092,.F.);
#2905=ORIENTED_EDGE('',*,*,#2017,.T.);
#2906=ORIENTED_EDGE('',*,*,#2094,.T.);
#2907=ORIENTED_EDGE('',*,*,#2081,.T.);
#2908=ORIENTED_EDGE('',*,*,#1901,.F.);
#2909=ORIENTED_EDGE('',*,*,#2093,.F.);
#2910=ORIENTED_EDGE('',*,*,#2016,.T.);
#2911=ORIENTED_EDGE('',*,*,#2082,.T.);
#2912=ORIENTED_EDGE('',*,*,#2079,.F.);
#2913=ORIENTED_EDGE('',*,*,#2094,.F.);
#2914=ORIENTED_EDGE('',*,*,#2015,.T.);
#2915=ORIENTED_EDGE('',*,*,#2095,.T.);
#2916=ORIENTED_EDGE('',*,*,#1951,.F.);
#2917=ORIENTED_EDGE('',*,*,#2096,.F.);
#2918=ORIENTED_EDGE('',*,*,#1681,.F.);
#2919=ORIENTED_EDGE('',*,*,#2011,.F.);
#2920=ORIENTED_EDGE('',*,*,#2013,.T.);
#2921=ORIENTED_EDGE('',*,*,#2097,.T.);
#2922=ORIENTED_EDGE('',*,*,#2098,.F.);
#2923=ORIENTED_EDGE('',*,*,#2085,.T.);
#2924=ORIENTED_EDGE('',*,*,#2088,.T.);
#2925=ORIENTED_EDGE('',*,*,#2074,.T.);
#2926=ORIENTED_EDGE('',*,*,#1894,.F.);
#2927=ORIENTED_EDGE('',*,*,#2099,.F.);
#2928=ORIENTED_EDGE('',*,*,#2100,.F.);
#2929=ORIENTED_EDGE('',*,*,#2099,.T.);
#2930=ORIENTED_EDGE('',*,*,#1893,.F.);
#2931=ORIENTED_EDGE('',*,*,#2101,.F.);
#2932=ORIENTED_EDGE('',*,*,#2102,.F.);
#2933=ORIENTED_EDGE('',*,*,#2101,.T.);
#2934=ORIENTED_EDGE('',*,*,#1892,.F.);
#2935=ORIENTED_EDGE('',*,*,#2103,.F.);
#2936=ORIENTED_EDGE('',*,*,#2104,.F.);
#2937=ORIENTED_EDGE('',*,*,#2103,.T.);
#2938=ORIENTED_EDGE('',*,*,#1891,.F.);
#2939=ORIENTED_EDGE('',*,*,#2076,.F.);
#2940=ORIENTED_EDGE('',*,*,#2105,.F.);
#2941=ORIENTED_EDGE('',*,*,#2106,.F.);
#2942=ORIENTED_EDGE('',*,*,#2105,.T.);
#2943=ORIENTED_EDGE('',*,*,#2075,.F.);
#2944=ORIENTED_EDGE('',*,*,#2107,.F.);
#2945=ORIENTED_EDGE('',*,*,#2108,.T.);
#2946=ORIENTED_EDGE('',*,*,#2107,.T.);
#2947=ORIENTED_EDGE('',*,*,#2077,.T.);
#2948=ORIENTED_EDGE('',*,*,#1889,.F.);
#2949=ORIENTED_EDGE('',*,*,#2109,.F.);
#2950=ORIENTED_EDGE('',*,*,#2110,.F.);
#2951=ORIENTED_EDGE('',*,*,#2109,.T.);
#2952=ORIENTED_EDGE('',*,*,#1888,.F.);
#2953=ORIENTED_EDGE('',*,*,#2111,.F.);
#2954=ORIENTED_EDGE('',*,*,#2112,.F.);
#2955=ORIENTED_EDGE('',*,*,#2111,.T.);
#2956=ORIENTED_EDGE('',*,*,#1887,.F.);
#2957=ORIENTED_EDGE('',*,*,#2071,.F.);
#2958=ORIENTED_EDGE('',*,*,#2113,.F.);
#2959=ORIENTED_EDGE('',*,*,#2069,.T.);
#2960=ORIENTED_EDGE('',*,*,#1972,.F.);
#2961=ORIENTED_EDGE('',*,*,#2114,.F.);
#2962=ORIENTED_EDGE('',*,*,#2115,.F.);
#2963=ORIENTED_EDGE('',*,*,#2114,.T.);
#2964=ORIENTED_EDGE('',*,*,#1971,.F.);
#2965=ORIENTED_EDGE('',*,*,#2116,.F.);
#2966=ORIENTED_EDGE('',*,*,#2117,.F.);
#2967=ORIENTED_EDGE('',*,*,#2116,.T.);
#2968=ORIENTED_EDGE('',*,*,#1970,.F.);
#2969=ORIENTED_EDGE('',*,*,#2118,.F.);
#2970=ORIENTED_EDGE('',*,*,#2119,.F.);
#2971=ORIENTED_EDGE('',*,*,#2118,.T.);
#2972=ORIENTED_EDGE('',*,*,#1969,.F.);
#2973=ORIENTED_EDGE('',*,*,#2120,.F.);
#2974=ORIENTED_EDGE('',*,*,#2121,.F.);
#2975=ORIENTED_EDGE('',*,*,#2120,.T.);
#2976=ORIENTED_EDGE('',*,*,#1968,.F.);
#2977=ORIENTED_EDGE('',*,*,#2122,.F.);
#2978=ORIENTED_EDGE('',*,*,#2123,.F.);
#2979=ORIENTED_EDGE('',*,*,#2122,.T.);
#2980=ORIENTED_EDGE('',*,*,#1967,.F.);
#2981=ORIENTED_EDGE('',*,*,#2124,.F.);
#2982=ORIENTED_EDGE('',*,*,#2125,.F.);
#2983=ORIENTED_EDGE('',*,*,#2124,.T.);
#2984=ORIENTED_EDGE('',*,*,#1966,.F.);
#2985=ORIENTED_EDGE('',*,*,#2126,.F.);
#2986=ORIENTED_EDGE('',*,*,#2127,.F.);
#2987=ORIENTED_EDGE('',*,*,#2126,.T.);
#2988=ORIENTED_EDGE('',*,*,#1965,.F.);
#2989=ORIENTED_EDGE('',*,*,#2128,.F.);
#2990=ORIENTED_EDGE('',*,*,#2129,.F.);
#2991=ORIENTED_EDGE('',*,*,#2128,.T.);
#2992=ORIENTED_EDGE('',*,*,#1964,.F.);
#2993=ORIENTED_EDGE('',*,*,#2130,.F.);
#2994=ORIENTED_EDGE('',*,*,#2131,.F.);
#2995=ORIENTED_EDGE('',*,*,#2130,.T.);
#2996=ORIENTED_EDGE('',*,*,#1963,.F.);
#2997=ORIENTED_EDGE('',*,*,#2132,.F.);
#2998=ORIENTED_EDGE('',*,*,#2133,.F.);
#2999=ORIENTED_EDGE('',*,*,#2132,.T.);
#3000=ORIENTED_EDGE('',*,*,#1962,.F.);
#3001=ORIENTED_EDGE('',*,*,#2134,.F.);
#3002=ORIENTED_EDGE('',*,*,#2135,.F.);
#3003=ORIENTED_EDGE('',*,*,#2134,.T.);
#3004=ORIENTED_EDGE('',*,*,#1961,.F.);
#3005=ORIENTED_EDGE('',*,*,#2136,.F.);
#3006=ORIENTED_EDGE('',*,*,#2137,.F.);
#3007=ORIENTED_EDGE('',*,*,#2136,.T.);
#3008=ORIENTED_EDGE('',*,*,#1960,.F.);
#3009=ORIENTED_EDGE('',*,*,#2138,.F.);
#3010=ORIENTED_EDGE('',*,*,#2139,.F.);
#3011=ORIENTED_EDGE('',*,*,#2138,.T.);
#3012=ORIENTED_EDGE('',*,*,#1959,.F.);
#3013=ORIENTED_EDGE('',*,*,#2140,.F.);
#3014=ORIENTED_EDGE('',*,*,#2141,.F.);
#3015=ORIENTED_EDGE('',*,*,#2140,.T.);
#3016=ORIENTED_EDGE('',*,*,#1958,.F.);
#3017=ORIENTED_EDGE('',*,*,#2142,.F.);
#3018=ORIENTED_EDGE('',*,*,#2143,.F.);
#3019=ORIENTED_EDGE('',*,*,#2142,.T.);
#3020=ORIENTED_EDGE('',*,*,#1957,.F.);
#3021=ORIENTED_EDGE('',*,*,#2144,.F.);
#3022=ORIENTED_EDGE('',*,*,#2145,.F.);
#3023=ORIENTED_EDGE('',*,*,#2144,.T.);
#3024=ORIENTED_EDGE('',*,*,#1956,.F.);
#3025=ORIENTED_EDGE('',*,*,#2146,.F.);
#3026=ORIENTED_EDGE('',*,*,#2147,.F.);
#3027=ORIENTED_EDGE('',*,*,#2146,.T.);
#3028=ORIENTED_EDGE('',*,*,#1955,.F.);
#3029=ORIENTED_EDGE('',*,*,#2148,.F.);
#3030=ORIENTED_EDGE('',*,*,#2149,.F.);
#3031=ORIENTED_EDGE('',*,*,#2148,.T.);
#3032=ORIENTED_EDGE('',*,*,#1954,.F.);
#3033=ORIENTED_EDGE('',*,*,#2150,.F.);
#3034=ORIENTED_EDGE('',*,*,#2151,.F.);
#3035=ORIENTED_EDGE('',*,*,#2150,.T.);
#3036=ORIENTED_EDGE('',*,*,#1953,.F.);
#3037=ORIENTED_EDGE('',*,*,#2152,.F.);
#3038=ORIENTED_EDGE('',*,*,#2153,.F.);
#3039=ORIENTED_EDGE('',*,*,#2152,.T.);
#3040=ORIENTED_EDGE('',*,*,#1952,.F.);
#3041=ORIENTED_EDGE('',*,*,#2095,.F.);
#3042=ORIENTED_EDGE('',*,*,#2097,.F.);
#3043=ORIENTED_EDGE('',*,*,#2029,.F.);
#3044=ORIENTED_EDGE('',*,*,#1827,.T.);
#3045=ORIENTED_EDGE('',*,*,#2096,.T.);
#3046=ORIENTED_EDGE('',*,*,#1950,.F.);
#3047=ORIENTED_EDGE('',*,*,#2154,.F.);
#3048=ORIENTED_EDGE('',*,*,#1828,.T.);
#3049=ORIENTED_EDGE('',*,*,#2154,.T.);
#3050=ORIENTED_EDGE('',*,*,#1949,.F.);
#3051=ORIENTED_EDGE('',*,*,#2155,.F.);
#3052=ORIENTED_EDGE('',*,*,#1829,.T.);
#3053=ORIENTED_EDGE('',*,*,#2155,.T.);
#3054=ORIENTED_EDGE('',*,*,#1948,.F.);
#3055=ORIENTED_EDGE('',*,*,#2156,.F.);
#3056=ORIENTED_EDGE('',*,*,#1830,.T.);
#3057=ORIENTED_EDGE('',*,*,#2156,.T.);
#3058=ORIENTED_EDGE('',*,*,#1947,.F.);
#3059=ORIENTED_EDGE('',*,*,#2157,.F.);
#3060=ORIENTED_EDGE('',*,*,#1831,.T.);
#3061=ORIENTED_EDGE('',*,*,#2157,.T.);
#3062=ORIENTED_EDGE('',*,*,#1946,.F.);
#3063=ORIENTED_EDGE('',*,*,#2158,.F.);
#3064=ORIENTED_EDGE('',*,*,#1832,.T.);
#3065=ORIENTED_EDGE('',*,*,#2158,.T.);
#3066=ORIENTED_EDGE('',*,*,#1945,.F.);
#3067=ORIENTED_EDGE('',*,*,#2159,.F.);
#3068=ORIENTED_EDGE('',*,*,#1833,.T.);
#3069=ORIENTED_EDGE('',*,*,#2159,.T.);
#3070=ORIENTED_EDGE('',*,*,#1944,.F.);
#3071=ORIENTED_EDGE('',*,*,#2160,.F.);
#3072=ORIENTED_EDGE('',*,*,#1834,.T.);
#3073=ORIENTED_EDGE('',*,*,#2160,.T.);
#3074=ORIENTED_EDGE('',*,*,#1943,.F.);
#3075=ORIENTED_EDGE('',*,*,#2161,.F.);
#3076=ORIENTED_EDGE('',*,*,#1835,.T.);
#3077=ORIENTED_EDGE('',*,*,#2161,.T.);
#3078=ORIENTED_EDGE('',*,*,#1942,.F.);
#3079=ORIENTED_EDGE('',*,*,#2162,.F.);
#3080=ORIENTED_EDGE('',*,*,#1836,.T.);
#3081=ORIENTED_EDGE('',*,*,#2162,.T.);
#3082=ORIENTED_EDGE('',*,*,#1941,.F.);
#3083=ORIENTED_EDGE('',*,*,#2163,.F.);
#3084=ORIENTED_EDGE('',*,*,#1837,.T.);
#3085=ORIENTED_EDGE('',*,*,#2163,.T.);
#3086=ORIENTED_EDGE('',*,*,#1940,.F.);
#3087=ORIENTED_EDGE('',*,*,#2164,.F.);
#3088=ORIENTED_EDGE('',*,*,#1838,.T.);
#3089=ORIENTED_EDGE('',*,*,#2164,.T.);
#3090=ORIENTED_EDGE('',*,*,#1939,.F.);
#3091=ORIENTED_EDGE('',*,*,#2165,.F.);
#3092=ORIENTED_EDGE('',*,*,#1839,.T.);
#3093=ORIENTED_EDGE('',*,*,#2165,.T.);
#3094=ORIENTED_EDGE('',*,*,#1938,.F.);
#3095=ORIENTED_EDGE('',*,*,#2166,.F.);
#3096=ORIENTED_EDGE('',*,*,#1840,.T.);
#3097=ORIENTED_EDGE('',*,*,#2166,.T.);
#3098=ORIENTED_EDGE('',*,*,#1937,.F.);
#3099=ORIENTED_EDGE('',*,*,#2167,.F.);
#3100=ORIENTED_EDGE('',*,*,#1841,.T.);
#3101=ORIENTED_EDGE('',*,*,#2167,.T.);
#3102=ORIENTED_EDGE('',*,*,#1936,.F.);
#3103=ORIENTED_EDGE('',*,*,#2168,.F.);
#3104=ORIENTED_EDGE('',*,*,#1842,.T.);
#3105=ORIENTED_EDGE('',*,*,#2168,.T.);
#3106=ORIENTED_EDGE('',*,*,#1935,.F.);
#3107=ORIENTED_EDGE('',*,*,#2169,.F.);
#3108=ORIENTED_EDGE('',*,*,#1843,.T.);
#3109=ORIENTED_EDGE('',*,*,#2169,.T.);
#3110=ORIENTED_EDGE('',*,*,#1934,.F.);
#3111=ORIENTED_EDGE('',*,*,#2170,.F.);
#3112=ORIENTED_EDGE('',*,*,#1844,.T.);
#3113=ORIENTED_EDGE('',*,*,#2170,.T.);
#3114=ORIENTED_EDGE('',*,*,#1933,.F.);
#3115=ORIENTED_EDGE('',*,*,#2171,.F.);
#3116=ORIENTED_EDGE('',*,*,#1845,.T.);
#3117=ORIENTED_EDGE('',*,*,#2171,.T.);
#3118=ORIENTED_EDGE('',*,*,#1932,.F.);
#3119=ORIENTED_EDGE('',*,*,#2172,.F.);
#3120=ORIENTED_EDGE('',*,*,#1846,.T.);
#3121=ORIENTED_EDGE('',*,*,#2172,.T.);
#3122=ORIENTED_EDGE('',*,*,#1931,.F.);
#3123=ORIENTED_EDGE('',*,*,#2002,.F.);
#3124=ORIENTED_EDGE('',*,*,#2098,.T.);
#3125=ORIENTED_EDGE('',*,*,#2100,.T.);
#3126=ORIENTED_EDGE('',*,*,#2102,.T.);
#3127=ORIENTED_EDGE('',*,*,#2104,.T.);
#3128=ORIENTED_EDGE('',*,*,#2106,.T.);
#3129=ORIENTED_EDGE('',*,*,#2108,.F.);
#3130=ORIENTED_EDGE('',*,*,#2110,.T.);
#3131=ORIENTED_EDGE('',*,*,#2112,.T.);
#3132=ORIENTED_EDGE('',*,*,#2070,.T.);
#3133=ORIENTED_EDGE('',*,*,#2113,.T.);
#3134=ORIENTED_EDGE('',*,*,#2115,.T.);
#3135=ORIENTED_EDGE('',*,*,#2117,.T.);
#3136=ORIENTED_EDGE('',*,*,#2119,.T.);
#3137=ORIENTED_EDGE('',*,*,#2121,.T.);
#3138=ORIENTED_EDGE('',*,*,#2123,.T.);
#3139=ORIENTED_EDGE('',*,*,#2125,.T.);
#3140=ORIENTED_EDGE('',*,*,#2127,.T.);
#3141=ORIENTED_EDGE('',*,*,#2129,.T.);
#3142=ORIENTED_EDGE('',*,*,#2131,.T.);
#3143=ORIENTED_EDGE('',*,*,#2133,.T.);
#3144=ORIENTED_EDGE('',*,*,#2135,.T.);
#3145=ORIENTED_EDGE('',*,*,#2137,.T.);
#3146=ORIENTED_EDGE('',*,*,#2139,.T.);
#3147=ORIENTED_EDGE('',*,*,#2141,.T.);
#3148=ORIENTED_EDGE('',*,*,#2143,.T.);
#3149=ORIENTED_EDGE('',*,*,#2145,.T.);
#3150=ORIENTED_EDGE('',*,*,#2147,.T.);
#3151=ORIENTED_EDGE('',*,*,#2149,.T.);
#3152=ORIENTED_EDGE('',*,*,#2151,.T.);
#3153=ORIENTED_EDGE('',*,*,#2153,.T.);
#3154=ORIENTED_EDGE('',*,*,#2028,.T.);
#3155=ORIENTED_EDGE('',*,*,#2086,.T.);
#3156=ORIENTED_EDGE('',*,*,#2032,.T.);
#3157=ORIENTED_EDGE('',*,*,#2036,.T.);
#3158=ORIENTED_EDGE('',*,*,#2040,.T.);
#3159=ORIENTED_EDGE('',*,*,#2044,.T.);
#3160=ORIENTED_EDGE('',*,*,#2048,.T.);
#3161=ORIENTED_EDGE('',*,*,#2052,.T.);
#3162=ORIENTED_EDGE('',*,*,#2056,.T.);
#3163=ORIENTED_EDGE('',*,*,#2031,.T.);
#3164=ORIENTED_EDGE('',*,*,#1881,.F.);
#3165=ORIENTED_EDGE('',*,*,#2173,.T.);
#3166=ORIENTED_EDGE('',*,*,#2059,.T.);
#3167=ORIENTED_EDGE('',*,*,#2173,.F.);
#3168=ORIENTED_EDGE('',*,*,#1880,.F.);
#3169=ORIENTED_EDGE('',*,*,#2174,.T.);
#3170=ORIENTED_EDGE('',*,*,#2043,.T.);
#3171=ORIENTED_EDGE('',*,*,#2174,.F.);
#3172=ORIENTED_EDGE('',*,*,#1879,.F.);
#3173=ORIENTED_EDGE('',*,*,#2175,.T.);
#3174=ORIENTED_EDGE('',*,*,#2055,.T.);
#3175=ORIENTED_EDGE('',*,*,#2175,.F.);
#3176=ORIENTED_EDGE('',*,*,#1878,.F.);
#3177=ORIENTED_EDGE('',*,*,#2176,.T.);
#3178=ORIENTED_EDGE('',*,*,#2039,.T.);
#3179=ORIENTED_EDGE('',*,*,#2176,.F.);
#3180=ORIENTED_EDGE('',*,*,#1877,.F.);
#3181=ORIENTED_EDGE('',*,*,#2177,.T.);
#3182=ORIENTED_EDGE('',*,*,#2051,.T.);
#3183=ORIENTED_EDGE('',*,*,#2177,.F.);
#3184=PLANE('',#3469);
#3185=PLANE('',#3470);
#3186=PLANE('',#3474);
#3187=PLANE('',#3478);
#3188=PLANE('',#3482);
#3189=PLANE('',#3486);
#3190=PLANE('',#3490);
#3191=PLANE('',#3494);
#3192=PLANE('',#3498);
#3193=PLANE('',#3502);
#3194=PLANE('',#3506);
#3195=PLANE('',#3510);
#3196=PLANE('',#3514);
#3197=PLANE('',#3518);
#3198=PLANE('',#3522);
#3199=PLANE('',#3526);
#3200=PLANE('',#3530);
#3201=PLANE('',#3534);
#3202=PLANE('',#3538);
#3203=PLANE('',#3542);
#3204=PLANE('',#3546);
#3205=PLANE('',#3550);
#3206=PLANE('',#3554);
#3207=PLANE('',#3558);
#3208=PLANE('',#3565);
#3209=PLANE('',#3569);
#3210=PLANE('',#3593);
#3211=PLANE('',#3603);
#3212=PLANE('',#3620);
#3213=PLANE('',#3646);
#3214=PLANE('',#3648);
#3215=PLANE('',#3650);
#3216=PLANE('',#3652);
#3217=PLANE('',#3654);
#3218=PLANE('',#3656);
#3219=PLANE('',#3658);
#3220=PLANE('',#3662);
#3221=PLANE('',#3664);
#3222=PLANE('',#3666);
#3223=PLANE('',#3668);
#3224=PLANE('',#3671);
#3225=PLANE('',#3674);
#3226=PLANE('',#3677);
#3227=PLANE('',#3686);
#3228=PLANE('',#3692);
#3229=PLANE('',#3697);
#3230=PLANE('',#3702);
#3231=PLANE('',#3707);
#3232=PLANE('',#3712);
#3233=PLANE('',#3717);
#3234=PLANE('',#3722);
#3235=PLANE('',#3724);
#3236=PLANE('',#3727);
#3237=PLANE('',#3728);
#3238=PLANE('',#3731);
#3239=PLANE('',#3732);
#3240=PLANE('',#3733);
#3241=PLANE('',#3734);
#3242=PLANE('',#3735);
#3243=PLANE('',#3739);
#3244=PLANE('',#3741);
#3245=PLANE('',#3743);
#3246=PLANE('',#3746);
#3247=PLANE('',#3747);
#3248=PLANE('',#3748);
#3249=PLANE('',#3751);
#3250=PLANE('',#3754);
#3251=PLANE('',#3757);
#3252=PLANE('',#3762);
#3253=PLANE('',#3765);
#3254=PLANE('',#3768);
#3255=PLANE('',#3771);
#3256=PLANE('',#3772);
#3257=PLANE('',#3775);
#3258=PLANE('',#3776);
#3259=PLANE('',#3779);
#3260=PLANE('',#3782);
#3261=PLANE('',#3785);
#3262=PLANE('',#3786);
#3263=PLANE('',#3789);
#3264=PLANE('',#3790);
#3265=PLANE('',#3792);
#3266=PLANE('',#3793);
#3267=PLANE('',#3795);
#3268=PLANE('',#3797);
#3269=PLANE('',#3799);
#3270=PLANE('',#3801);
#3271=PLANE('',#3803);
#3272=PLANE('',#3805);
#3273=PLANE('',#3807);
#3274=PLANE('',#3809);
#3275=PLANE('',#3810);
#3276=ADVANCED_FACE('',(#300),#3184,.T.);
#3277=ADVANCED_FACE('',(#301),#3185,.T.);
#3278=ADVANCED_FACE('',(#302),#215,.T.);
#3279=ADVANCED_FACE('',(#303),#3186,.T.);
#3280=ADVANCED_FACE('',(#304),#216,.F.);
#3281=ADVANCED_FACE('',(#305),#3187,.T.);
#3282=ADVANCED_FACE('',(#306),#217,.T.);
#3283=ADVANCED_FACE('',(#307),#3188,.T.);
#3284=ADVANCED_FACE('',(#308),#218,.F.);
#3285=ADVANCED_FACE('',(#309),#3189,.T.);
#3286=ADVANCED_FACE('',(#310),#219,.T.);
#3287=ADVANCED_FACE('',(#311),#3190,.T.);
#3288=ADVANCED_FACE('',(#312),#220,.F.);
#3289=ADVANCED_FACE('',(#313),#3191,.T.);
#3290=ADVANCED_FACE('',(#314),#221,.F.);
#3291=ADVANCED_FACE('',(#315),#3192,.T.);
#3292=ADVANCED_FACE('',(#316),#222,.T.);
#3293=ADVANCED_FACE('',(#317),#3193,.T.);
#3294=ADVANCED_FACE('',(#318),#223,.F.);
#3295=ADVANCED_FACE('',(#319),#3194,.T.);
#3296=ADVANCED_FACE('',(#320),#224,.T.);
#3297=ADVANCED_FACE('',(#321),#3195,.T.);
#3298=ADVANCED_FACE('',(#322),#225,.F.);
#3299=ADVANCED_FACE('',(#323),#3196,.T.);
#3300=ADVANCED_FACE('',(#324),#226,.T.);
#3301=ADVANCED_FACE('',(#325),#3197,.T.);
#3302=ADVANCED_FACE('',(#326),#227,.F.);
#3303=ADVANCED_FACE('',(#327),#3198,.T.);
#3304=ADVANCED_FACE('',(#328),#228,.T.);
#3305=ADVANCED_FACE('',(#329),#3199,.T.);
#3306=ADVANCED_FACE('',(#330),#229,.F.);
#3307=ADVANCED_FACE('',(#331),#3200,.T.);
#3308=ADVANCED_FACE('',(#332),#230,.T.);
#3309=ADVANCED_FACE('',(#333),#3201,.T.);
#3310=ADVANCED_FACE('',(#334),#231,.F.);
#3311=ADVANCED_FACE('',(#335),#3202,.T.);
#3312=ADVANCED_FACE('',(#336),#232,.T.);
#3313=ADVANCED_FACE('',(#337),#3203,.T.);
#3314=ADVANCED_FACE('',(#338),#233,.F.);
#3315=ADVANCED_FACE('',(#339),#3204,.T.);
#3316=ADVANCED_FACE('',(#340),#234,.F.);
#3317=ADVANCED_FACE('',(#341),#3205,.T.);
#3318=ADVANCED_FACE('',(#342),#235,.F.);
#3319=ADVANCED_FACE('',(#343),#3206,.T.);
#3320=ADVANCED_FACE('',(#344),#236,.T.);
#3321=ADVANCED_FACE('',(#345),#3207,.T.);
#3322=ADVANCED_FACE('',(#346),#237,.F.);
#3323=ADVANCED_FACE('',(#347),#238,.T.);
#3324=ADVANCED_FACE('',(#348),#3208,.T.);
#3325=ADVANCED_FACE('',(#349),#239,.T.);
#3326=ADVANCED_FACE('',(#350),#3209,.T.);
#3327=ADVANCED_FACE('',(#351,#22,#23,#24,#25,#26),#3210,.T.);
#3328=ADVANCED_FACE('',(#352),#240,.T.);
#3329=ADVANCED_FACE('',(#353),#3211,.T.);
#3330=ADVANCED_FACE('',(#354),#3212,.T.);
#3331=ADVANCED_FACE('',(#355),#241,.F.);
#3332=ADVANCED_FACE('',(#356),#3213,.T.);
#3333=ADVANCED_FACE('',(#357),#242,.T.);
#3334=ADVANCED_FACE('',(#358),#3214,.T.);
#3335=ADVANCED_FACE('',(#359),#243,.F.);
#3336=ADVANCED_FACE('',(#360),#3215,.T.);
#3337=ADVANCED_FACE('',(#361),#244,.F.);
#3338=ADVANCED_FACE('',(#362),#3216,.T.);
#3339=ADVANCED_FACE('',(#363),#245,.F.);
#3340=ADVANCED_FACE('',(#364),#3217,.T.);
#3341=ADVANCED_FACE('',(#365),#246,.T.);
#3342=ADVANCED_FACE('',(#366),#3218,.T.);
#3343=ADVANCED_FACE('',(#367),#247,.F.);
#3344=ADVANCED_FACE('',(#368),#3219,.T.);
#3345=ADVANCED_FACE('',(#369),#248,.T.);
#3346=ADVANCED_FACE('',(#370),#3220,.T.);
#3347=ADVANCED_FACE('',(#371),#249,.F.);
#3348=ADVANCED_FACE('',(#372),#3221,.T.);
#3349=ADVANCED_FACE('',(#373),#250,.T.);
#3350=ADVANCED_FACE('',(#374),#3222,.T.);
#3351=ADVANCED_FACE('',(#375),#251,.F.);
#3352=ADVANCED_FACE('',(#376),#3223,.T.);
#3353=ADVANCED_FACE('',(#377),#252,.F.);
#3354=ADVANCED_FACE('',(#378),#253,.T.);
#3355=ADVANCED_FACE('',(#379),#3224,.F.);
#3356=ADVANCED_FACE('',(#380),#254,.F.);
#3357=ADVANCED_FACE('',(#381),#3225,.F.);
#3358=ADVANCED_FACE('',(#382),#255,.T.);
#3359=ADVANCED_FACE('',(#383,#27,#28,#29),#3226,.F.);
#3360=ADVANCED_FACE('',(#384),#3227,.T.);
#3361=ADVANCED_FACE('',(#385),#256,.F.);
#3362=ADVANCED_FACE('',(#386),#257,.F.);
#3363=ADVANCED_FACE('',(#387,#30),#3228,.T.);
#3364=ADVANCED_FACE('',(#388),#258,.F.);
#3365=ADVANCED_FACE('',(#389,#31),#3229,.T.);
#3366=ADVANCED_FACE('',(#390),#259,.F.);
#3367=ADVANCED_FACE('',(#391,#32),#3230,.T.);
#3368=ADVANCED_FACE('',(#392),#260,.F.);
#3369=ADVANCED_FACE('',(#393,#33),#3231,.T.);
#3370=ADVANCED_FACE('',(#394),#261,.F.);
#3371=ADVANCED_FACE('',(#395,#34),#3232,.T.);
#3372=ADVANCED_FACE('',(#396),#262,.F.);
#3373=ADVANCED_FACE('',(#397,#35),#3233,.T.);
#3374=ADVANCED_FACE('',(#398),#263,.F.);
#3375=ADVANCED_FACE('',(#399,#36),#3234,.T.);
#3376=ADVANCED_FACE('',(#400),#3235,.F.);
#3377=ADVANCED_FACE('',(#401),#264,.F.);
#3378=ADVANCED_FACE('',(#402),#3236,.F.);
#3379=ADVANCED_FACE('',(#403),#3237,.F.);
#3380=ADVANCED_FACE('',(#404),#265,.F.);
#3381=ADVANCED_FACE('',(#405),#3238,.T.);
#3382=ADVANCED_FACE('',(#406),#3239,.T.);
#3383=ADVANCED_FACE('',(#407),#3240,.T.);
#3384=ADVANCED_FACE('',(#408),#3241,.T.);
#3385=ADVANCED_FACE('',(#409),#3242,.T.);
#3386=ADVANCED_FACE('',(#410),#266,.T.);
#3387=ADVANCED_FACE('',(#411),#267,.F.);
#3388=ADVANCED_FACE('',(#412),#268,.F.);
#3389=ADVANCED_FACE('',(#413),#20,.T.);
#3390=ADVANCED_FACE('',(#414),#3243,.T.);
#3391=ADVANCED_FACE('',(#415),#269,.T.);
#3392=ADVANCED_FACE('',(#416),#3244,.T.);
#3393=ADVANCED_FACE('',(#417),#270,.F.);
#3394=ADVANCED_FACE('',(#418),#3245,.T.);
#3395=ADVANCED_FACE('',(#419),#271,.T.);
#3396=ADVANCED_FACE('',(#420),#272,.F.);
#3397=ADVANCED_FACE('',(#421),#3246,.T.);
#3398=ADVANCED_FACE('',(#422),#3247,.T.);
#3399=ADVANCED_FACE('',(#423),#3248,.T.);
#3400=ADVANCED_FACE('',(#424),#273,.T.);
#3401=ADVANCED_FACE('',(#425),#3249,.T.);
#3402=ADVANCED_FACE('',(#426),#274,.T.);
#3403=ADVANCED_FACE('',(#427),#3250,.T.);
#3404=ADVANCED_FACE('',(#428),#275,.F.);
#3405=ADVANCED_FACE('',(#429),#3251,.T.);
#3406=ADVANCED_FACE('',(#430),#276,.T.);
#3407=ADVANCED_FACE('',(#431),#277,.T.);
#3408=ADVANCED_FACE('',(#432),#3252,.T.);
#3409=ADVANCED_FACE('',(#433),#278,.T.);
#3410=ADVANCED_FACE('',(#434),#3253,.T.);
#3411=ADVANCED_FACE('',(#435),#279,.T.);
#3412=ADVANCED_FACE('',(#436),#3254,.T.);
#3413=ADVANCED_FACE('',(#437),#280,.T.);
#3414=ADVANCED_FACE('',(#438),#3255,.T.);
#3415=ADVANCED_FACE('',(#439),#3256,.T.);
#3416=ADVANCED_FACE('',(#440),#281,.T.);
#3417=ADVANCED_FACE('',(#441),#3257,.T.);
#3418=ADVANCED_FACE('',(#442),#3258,.T.);
#3419=ADVANCED_FACE('',(#443),#282,.T.);
#3420=ADVANCED_FACE('',(#444),#3259,.T.);
#3421=ADVANCED_FACE('',(#445),#283,.T.);
#3422=ADVANCED_FACE('',(#446),#3260,.T.);
#3423=ADVANCED_FACE('',(#447),#284,.T.);
#3424=ADVANCED_FACE('',(#448),#3261,.T.);
#3425=ADVANCED_FACE('',(#449),#3262,.T.);
#3426=ADVANCED_FACE('',(#450),#285,.T.);
#3427=ADVANCED_FACE('',(#451),#3263,.T.);
#3428=ADVANCED_FACE('',(#452),#3264,.T.);
#3429=ADVANCED_FACE('',(#453),#286,.F.);
#3430=ADVANCED_FACE('',(#454),#3265,.T.);
#3431=ADVANCED_FACE('',(#455),#3266,.T.);
#3432=ADVANCED_FACE('',(#456),#287,.F.);
#3433=ADVANCED_FACE('',(#457),#3267,.T.);
#3434=ADVANCED_FACE('',(#458),#288,.T.);
#3435=ADVANCED_FACE('',(#459),#3268,.T.);
#3436=ADVANCED_FACE('',(#460),#289,.F.);
#3437=ADVANCED_FACE('',(#461),#3269,.T.);
#3438=ADVANCED_FACE('',(#462),#290,.F.);
#3439=ADVANCED_FACE('',(#463),#3270,.T.);
#3440=ADVANCED_FACE('',(#464),#291,.T.);
#3441=ADVANCED_FACE('',(#465),#3271,.T.);
#3442=ADVANCED_FACE('',(#466),#292,.F.);
#3443=ADVANCED_FACE('',(#467),#3272,.T.);
#3444=ADVANCED_FACE('',(#468),#293,.T.);
#3445=ADVANCED_FACE('',(#469),#3273,.T.);
#3446=ADVANCED_FACE('',(#470),#294,.F.);
#3447=ADVANCED_FACE('',(#471),#3274,.T.);
#3448=ADVANCED_FACE('',(#472,#37,#38,#39,#40,#41,#42,#43,#44),#3275,.F.);
#3449=ADVANCED_FACE('',(#473),#295,.F.);
#3450=ADVANCED_FACE('',(#474),#296,.F.);
#3451=ADVANCED_FACE('',(#475),#297,.F.);
#3452=ADVANCED_FACE('',(#476),#298,.F.);
#3453=ADVANCED_FACE('',(#477),#299,.F.);
#3454=CLOSED_SHELL('',(#3276,#3277,#3278,#3279,#3280,#3281,#3282,#3283,
#3284,#3285,#3286,#3287,#3288,#3289,#3290,#3291,#3292,#3293,#3294,#3295,
#3296,#3297,#3298,#3299,#3300,#3301,#3302,#3303,#3304,#3305,#3306,#3307,
#3308,#3309,#3310,#3311,#3312,#3313,#3314,#3315,#3316,#3317,#3318,#3319,
#3320,#3321,#3322,#3323,#3324,#3325,#3326,#3327,#3328,#3329,#3330,#3331,
#3332,#3333,#3334,#3335,#3336,#3337,#3338,#3339,#3340,#3341,#3342,#3343,
#3344,#3345,#3346,#3347,#3348,#3349,#3350,#3351,#3352,#3353,#3354,#3355,
#3356,#3357,#3358,#3359,#3360,#3361,#3362,#3363,#3364,#3365,#3366,#3367,
#3368,#3369,#3370,#3371,#3372,#3373,#3374,#3375,#3376,#3377,#3378,#3379,
#3380,#3381,#3382,#3383,#3384,#3385,#3386,#3387,#3388,#3389,#3390,#3391,
#3392,#3393,#3394,#3395,#3396,#3397,#3398,#3399,#3400,#3401,#3402,#3403,
#3404,#3405,#3406,#3407,#3408,#3409,#3410,#3411,#3412,#3413,#3414,#3415,
#3416,#3417,#3418,#3419,#3420,#3421,#3422,#3423,#3424,#3425,#3426,#3427,
#3428,#3429,#3430,#3431,#3432,#3433,#3434,#3435,#3436,#3437,#3438,#3439,
#3440,#3441,#3442,#3443,#3444,#3445,#3446,#3447,#3448,#3449,#3450,#3451,
#3452,#3453));
#3455=DERIVED_UNIT_ELEMENT(#3457,1.);
#3456=DERIVED_UNIT_ELEMENT(#5979,-3.);
#3457=(
MASS_UNIT()
NAMED_UNIT(*)
SI_UNIT(.KILO.,.GRAM.)
);
#3458=DERIVED_UNIT((#3455,#3456));
#3459=MEASURE_REPRESENTATION_ITEM('density measure',
POSITIVE_RATIO_MEASURE(7850.),#3458);
#3460=PROPERTY_DEFINITION_REPRESENTATION(#3465,#3462);
#3461=PROPERTY_DEFINITION_REPRESENTATION(#3466,#3463);
#3462=REPRESENTATION('material name',(#3464),#5976);
#3463=REPRESENTATION('density',(#3459),#5976);
#3464=DESCRIPTIVE_REPRESENTATION_ITEM('\X2\92FC\X0\','\X2\92FC\X0\');
#3465=PROPERTY_DEFINITION('material property','material name',#5991);
#3466=PROPERTY_DEFINITION('material property','density of part',#5991);
#3467=AXIS2_PLACEMENT_3D('',#4848,#3817,#3818);
#3468=AXIS2_PLACEMENT_3D('',#4849,#3819,#3820);
#3469=AXIS2_PLACEMENT_3D('',#4850,#3821,#3822);
#3470=AXIS2_PLACEMENT_3D('',#4861,#3828,#3829);
#3471=AXIS2_PLACEMENT_3D('',#4870,#3834,#3835);
#3472=AXIS2_PLACEMENT_3D('',#4872,#3836,#3837);
#3473=AXIS2_PLACEMENT_3D('',#4874,#3838,#3839);
#3474=AXIS2_PLACEMENT_3D('',#4876,#3841,#3842);
#3475=AXIS2_PLACEMENT_3D('',#4882,#3846,#3847);
#3476=AXIS2_PLACEMENT_3D('',#4884,#3848,#3849);
#3477=AXIS2_PLACEMENT_3D('',#4886,#3850,#3851);
#3478=AXIS2_PLACEMENT_3D('',#4888,#3853,#3854);
#3479=AXIS2_PLACEMENT_3D('',#4894,#3858,#3859);
#3480=AXIS2_PLACEMENT_3D('',#4896,#3860,#3861);
#3481=AXIS2_PLACEMENT_3D('',#4898,#3862,#3863);
#3482=AXIS2_PLACEMENT_3D('',#4900,#3865,#3866);
#3483=AXIS2_PLACEMENT_3D('',#4906,#3870,#3871);
#3484=AXIS2_PLACEMENT_3D('',#4908,#3872,#3873);
#3485=AXIS2_PLACEMENT_3D('',#4910,#3874,#3875);
#3486=AXIS2_PLACEMENT_3D('',#4912,#3877,#3878);
#3487=AXIS2_PLACEMENT_3D('',#4918,#3882,#3883);
#3488=AXIS2_PLACEMENT_3D('',#4920,#3884,#3885);
#3489=AXIS2_PLACEMENT_3D('',#4922,#3886,#3887);
#3490=AXIS2_PLACEMENT_3D('',#4924,#3889,#3890);
#3491=AXIS2_PLACEMENT_3D('',#4930,#3894,#3895);
#3492=AXIS2_PLACEMENT_3D('',#4932,#3896,#3897);
#3493=AXIS2_PLACEMENT_3D('',#4934,#3898,#3899);
#3494=AXIS2_PLACEMENT_3D('',#4936,#3901,#3902);
#3495=AXIS2_PLACEMENT_3D('',#4942,#3906,#3907);
#3496=AXIS2_PLACEMENT_3D('',#4944,#3908,#3909);
#3497=AXIS2_PLACEMENT_3D('',#4946,#3910,#3911);
#3498=AXIS2_PLACEMENT_3D('',#4948,#3913,#3914);
#3499=AXIS2_PLACEMENT_3D('',#4954,#3918,#3919);
#3500=AXIS2_PLACEMENT_3D('',#4956,#3920,#3921);
#3501=AXIS2_PLACEMENT_3D('',#4958,#3922,#3923);
#3502=AXIS2_PLACEMENT_3D('',#4960,#3925,#3926);
#3503=AXIS2_PLACEMENT_3D('',#4966,#3930,#3931);
#3504=AXIS2_PLACEMENT_3D('',#4968,#3932,#3933);
#3505=AXIS2_PLACEMENT_3D('',#4970,#3934,#3935);
#3506=AXIS2_PLACEMENT_3D('',#4972,#3937,#3938);
#3507=AXIS2_PLACEMENT_3D('',#4978,#3942,#3943);
#3508=AXIS2_PLACEMENT_3D('',#4980,#3944,#3945);
#3509=AXIS2_PLACEMENT_3D('',#4982,#3946,#3947);
#3510=AXIS2_PLACEMENT_3D('',#4984,#3949,#3950);
#3511=AXIS2_PLACEMENT_3D('',#4990,#3954,#3955);
#3512=AXIS2_PLACEMENT_3D('',#4992,#3956,#3957);
#3513=AXIS2_PLACEMENT_3D('',#4994,#3958,#3959);
#3514=AXIS2_PLACEMENT_3D('',#4996,#3961,#3962);
#3515=AXIS2_PLACEMENT_3D('',#5002,#3966,#3967);
#3516=AXIS2_PLACEMENT_3D('',#5004,#3968,#3969);
#3517=AXIS2_PLACEMENT_3D('',#5006,#3970,#3971);
#3518=AXIS2_PLACEMENT_3D('',#5008,#3973,#3974);
#3519=AXIS2_PLACEMENT_3D('',#5014,#3978,#3979);
#3520=AXIS2_PLACEMENT_3D('',#5016,#3980,#3981);
#3521=AXIS2_PLACEMENT_3D('',#5018,#3982,#3983);
#3522=AXIS2_PLACEMENT_3D('',#5020,#3985,#3986);
#3523=AXIS2_PLACEMENT_3D('',#5026,#3990,#3991);
#3524=AXIS2_PLACEMENT_3D('',#5028,#3992,#3993);
#3525=AXIS2_PLACEMENT_3D('',#5030,#3994,#3995);
#3526=AXIS2_PLACEMENT_3D('',#5032,#3997,#3998);
#3527=AXIS2_PLACEMENT_3D('',#5038,#4002,#4003);
#3528=AXIS2_PLACEMENT_3D('',#5040,#4004,#4005);
#3529=AXIS2_PLACEMENT_3D('',#5042,#4006,#4007);
#3530=AXIS2_PLACEMENT_3D('',#5044,#4009,#4010);
#3531=AXIS2_PLACEMENT_3D('',#5050,#4014,#4015);
#3532=AXIS2_PLACEMENT_3D('',#5052,#4016,#4017);
#3533=AXIS2_PLACEMENT_3D('',#5054,#4018,#4019);
#3534=AXIS2_PLACEMENT_3D('',#5056,#4021,#4022);
#3535=AXIS2_PLACEMENT_3D('',#5062,#4026,#4027);
#3536=AXIS2_PLACEMENT_3D('',#5064,#4028,#4029);
#3537=AXIS2_PLACEMENT_3D('',#5066,#4030,#4031);
#3538=AXIS2_PLACEMENT_3D('',#5068,#4033,#4034);
#3539=AXIS2_PLACEMENT_3D('',#5074,#4038,#4039);
#3540=AXIS2_PLACEMENT_3D('',#5076,#4040,#4041);
#3541=AXIS2_PLACEMENT_3D('',#5078,#4042,#4043);
#3542=AXIS2_PLACEMENT_3D('',#5080,#4045,#4046);
#3543=AXIS2_PLACEMENT_3D('',#5086,#4050,#4051);
#3544=AXIS2_PLACEMENT_3D('',#5088,#4052,#4053);
#3545=AXIS2_PLACEMENT_3D('',#5090,#4054,#4055);
#3546=AXIS2_PLACEMENT_3D('',#5092,#4057,#4058);
#3547=AXIS2_PLACEMENT_3D('',#5098,#4062,#4063);
#3548=AXIS2_PLACEMENT_3D('',#5100,#4064,#4065);
#3549=AXIS2_PLACEMENT_3D('',#5102,#4066,#4067);
#3550=AXIS2_PLACEMENT_3D('',#5104,#4069,#4070);
#3551=AXIS2_PLACEMENT_3D('',#5110,#4074,#4075);
#3552=AXIS2_PLACEMENT_3D('',#5112,#4076,#4077);
#3553=AXIS2_PLACEMENT_3D('',#5114,#4078,#4079);
#3554=AXIS2_PLACEMENT_3D('',#5116,#4081,#4082);
#3555=AXIS2_PLACEMENT_3D('',#5122,#4086,#4087);
#3556=AXIS2_PLACEMENT_3D('',#5124,#4088,#4089);
#3557=AXIS2_PLACEMENT_3D('',#5126,#4090,#4091);
#3558=AXIS2_PLACEMENT_3D('',#5128,#4093,#4094);
#3559=AXIS2_PLACEMENT_3D('',#5134,#4098,#4099);
#3560=AXIS2_PLACEMENT_3D('',#5136,#4100,#4101);
#3561=AXIS2_PLACEMENT_3D('',#5138,#4102,#4103);
#3562=AXIS2_PLACEMENT_3D('',#5140,#4105,#4106);
#3563=AXIS2_PLACEMENT_3D('',#5142,#4107,#4108);
#3564=AXIS2_PLACEMENT_3D('',#5144,#4109,#4110);
#3565=AXIS2_PLACEMENT_3D('',#5146,#4112,#4113);
#3566=AXIS2_PLACEMENT_3D('',#5152,#4117,#4118);
#3567=AXIS2_PLACEMENT_3D('',#5153,#4119,#4120);
#3568=AXIS2_PLACEMENT_3D('',#5154,#4121,#4122);
#3569=AXIS2_PLACEMENT_3D('',#5155,#4123,#4124);
#3570=AXIS2_PLACEMENT_3D('',#5159,#4126,#4127);
#3571=AXIS2_PLACEMENT_3D('',#5165,#4130,#4131);
#3572=AXIS2_PLACEMENT_3D('',#5169,#4133,#4134);
#3573=AXIS2_PLACEMENT_3D('',#5173,#4136,#4137);
#3574=AXIS2_PLACEMENT_3D('',#5177,#4139,#4140);
#3575=AXIS2_PLACEMENT_3D('',#5181,#4142,#4143);
#3576=AXIS2_PLACEMENT_3D('',#5185,#4145,#4146);
#3577=AXIS2_PLACEMENT_3D('',#5189,#4148,#4149);
#3578=AXIS2_PLACEMENT_3D('',#5193,#4151,#4152);
#3579=AXIS2_PLACEMENT_3D('',#5197,#4154,#4155);
#3580=AXIS2_PLACEMENT_3D('',#5199,#4156,#4157);
#3581=AXIS2_PLACEMENT_3D('',#5203,#4159,#4160);
#3582=AXIS2_PLACEMENT_3D('',#5207,#4162,#4163);
#3583=AXIS2_PLACEMENT_3D('',#5211,#4165,#4166);
#3584=AXIS2_PLACEMENT_3D('',#5215,#4168,#4169);
#3585=AXIS2_PLACEMENT_3D('',#5219,#4171,#4172);
#3586=AXIS2_PLACEMENT_3D('',#5223,#4174,#4175);
#3587=AXIS2_PLACEMENT_3D('',#5227,#4177,#4178);
#3588=AXIS2_PLACEMENT_3D('',#5231,#4180,#4181);
#3589=AXIS2_PLACEMENT_3D('',#5235,#4183,#4184);
#3590=AXIS2_PLACEMENT_3D('',#5239,#4186,#4187);
#3591=AXIS2_PLACEMENT_3D('',#5243,#4189,#4190);
#3592=AXIS2_PLACEMENT_3D('',#5245,#4191,#4192);
#3593=AXIS2_PLACEMENT_3D('',#5247,#4194,#4195);
#3594=AXIS2_PLACEMENT_3D('',#5251,#4197,#4198);
#3595=AXIS2_PLACEMENT_3D('',#5254,#4200,#4201);
#3596=AXIS2_PLACEMENT_3D('',#5256,#4202,#4203);
#3597=AXIS2_PLACEMENT_3D('',#5258,#4204,#4205);
#3598=AXIS2_PLACEMENT_3D('',#5260,#4206,#4207);
#3599=AXIS2_PLACEMENT_3D('',#5262,#4208,#4209);
#3600=AXIS2_PLACEMENT_3D('',#5264,#4210,#4211);
#3601=AXIS2_PLACEMENT_3D('',#5265,#4212,#4213);
#3602=AXIS2_PLACEMENT_3D('',#5269,#4215,#4216);
#3603=AXIS2_PLACEMENT_3D('',#5271,#4218,#4219);
#3604=AXIS2_PLACEMENT_3D('',#5278,#4222,#4223);
#3605=AXIS2_PLACEMENT_3D('',#5282,#4225,#4226);
#3606=AXIS2_PLACEMENT_3D('',#5286,#4228,#4229);
#3607=AXIS2_PLACEMENT_3D('',#5290,#4231,#4232);
#3608=AXIS2_PLACEMENT_3D('',#5296,#4235,#4236);
#3609=AXIS2_PLACEMENT_3D('',#5300,#4238,#4239);
#3610=AXIS2_PLACEMENT_3D('',#5304,#4241,#4242);
#3611=AXIS2_PLACEMENT_3D('',#5306,#4243,#4244);
#3612=AXIS2_PLACEMENT_3D('',#5310,#4246,#4247);
#3613=AXIS2_PLACEMENT_3D('',#5313,#4249,#4250);
#3614=AXIS2_PLACEMENT_3D('',#5317,#4252,#4253);
#3615=AXIS2_PLACEMENT_3D('',#5321,#4255,#4256);
#3616=AXIS2_PLACEMENT_3D('',#5325,#4258,#4259);
#3617=AXIS2_PLACEMENT_3D('',#5329,#4261,#4262);
#3618=AXIS2_PLACEMENT_3D('',#5333,#4264,#4265);
#3619=AXIS2_PLACEMENT_3D('',#5337,#4267,#4268);
#3620=AXIS2_PLACEMENT_3D('',#5339,#4270,#4271);
#3621=AXIS2_PLACEMENT_3D('',#5346,#4274,#4275);
#3622=AXIS2_PLACEMENT_3D('',#5350,#4277,#4278);
#3623=AXIS2_PLACEMENT_3D('',#5354,#4280,#4281);
#3624=AXIS2_PLACEMENT_3D('',#5358,#4283,#4284);
#3625=AXIS2_PLACEMENT_3D('',#5362,#4286,#4287);
#3626=AXIS2_PLACEMENT_3D('',#5364,#4288,#4289);
#3627=AXIS2_PLACEMENT_3D('',#5368,#4291,#4292);
#3628=AXIS2_PLACEMENT_3D('',#5372,#4294,#4295);
#3629=AXIS2_PLACEMENT_3D('',#5376,#4297,#4298);
#3630=AXIS2_PLACEMENT_3D('',#5380,#4300,#4301);
#3631=AXIS2_PLACEMENT_3D('',#5384,#4303,#4304);
#3632=AXIS2_PLACEMENT_3D('',#5388,#4306,#4307);
#3633=AXIS2_PLACEMENT_3D('',#5392,#4309,#4310);
#3634=AXIS2_PLACEMENT_3D('',#5396,#4312,#4313);
#3635=AXIS2_PLACEMENT_3D('',#5402,#4316,#4317);
#3636=AXIS2_PLACEMENT_3D('',#5410,#4321,#4322);
#3637=AXIS2_PLACEMENT_3D('',#5416,#4325,#4326);
#3638=AXIS2_PLACEMENT_3D('',#5420,#4328,#4329);
#3639=AXIS2_PLACEMENT_3D('',#5424,#4331,#4332);
#3640=AXIS2_PLACEMENT_3D('',#5430,#4335,#4336);
#3641=AXIS2_PLACEMENT_3D('',#5436,#4339,#4340);
#3642=AXIS2_PLACEMENT_3D('',#5440,#4342,#4343);
#3643=AXIS2_PLACEMENT_3D('',#5444,#4345,#4346);
#3644=AXIS2_PLACEMENT_3D('',#5448,#4348,#4349);
#3645=AXIS2_PLACEMENT_3D('',#5450,#4351,#4352);
#3646=AXIS2_PLACEMENT_3D('',#5452,#4354,#4355);
#3647=AXIS2_PLACEMENT_3D('',#5454,#4357,#4358);
#3648=AXIS2_PLACEMENT_3D('',#5456,#4360,#4361);
#3649=AXIS2_PLACEMENT_3D('',#5458,#4363,#4364);
#3650=AXIS2_PLACEMENT_3D('',#5460,#4366,#4367);
#3651=AXIS2_PLACEMENT_3D('',#5462,#4369,#4370);
#3652=AXIS2_PLACEMENT_3D('',#5464,#4372,#4373);
#3653=AXIS2_PLACEMENT_3D('',#5466,#4375,#4376);
#3654=AXIS2_PLACEMENT_3D('',#5468,#4378,#4379);
#3655=AXIS2_PLACEMENT_3D('',#5470,#4381,#4382);
#3656=AXIS2_PLACEMENT_3D('',#5472,#4384,#4385);
#3657=AXIS2_PLACEMENT_3D('',#5474,#4387,#4388);
#3658=AXIS2_PLACEMENT_3D('',#5476,#4390,#4391);
#3659=AXIS2_PLACEMENT_3D('',#5481,#4394,#4395);
#3660=AXIS2_PLACEMENT_3D('',#5485,#4397,#4398);
#3661=AXIS2_PLACEMENT_3D('',#5487,#4400,#4401);
#3662=AXIS2_PLACEMENT_3D('',#5489,#4403,#4404);
#3663=AXIS2_PLACEMENT_3D('',#5491,#4406,#4407);
#3664=AXIS2_PLACEMENT_3D('',#5493,#4409,#4410);
#3665=AXIS2_PLACEMENT_3D('',#5495,#4412,#4413);
#3666=AXIS2_PLACEMENT_3D('',#5497,#4415,#4416);
#3667=AXIS2_PLACEMENT_3D('',#5499,#4418,#4419);
#3668=AXIS2_PLACEMENT_3D('',#5501,#4421,#4422);
#3669=AXIS2_PLACEMENT_3D('',#5503,#4424,#4425);
#3670=AXIS2_PLACEMENT_3D('',#5505,#4427,#4428);
#3671=AXIS2_PLACEMENT_3D('',#5507,#4430,#4431);
#3672=AXIS2_PLACEMENT_3D('',#5513,#4435,#4436);
#3673=AXIS2_PLACEMENT_3D('',#5515,#4437,#4438);
#3674=AXIS2_PLACEMENT_3D('',#5517,#4440,#4441);
#3675=AXIS2_PLACEMENT_3D('',#5521,#4444,#4445);
#3676=AXIS2_PLACEMENT_3D('',#5523,#4446,#4447);
#3677=AXIS2_PLACEMENT_3D('',#5525,#4449,#4450);
#3678=AXIS2_PLACEMENT_3D('',#5531,#4453,#4454);
#3679=AXIS2_PLACEMENT_3D('',#5535,#4456,#4457);
#3680=AXIS2_PLACEMENT_3D('',#5537,#4458,#4459);
#3681=AXIS2_PLACEMENT_3D('',#5541,#4461,#4462);
#3682=AXIS2_PLACEMENT_3D('',#5545,#4464,#4465);
#3683=AXIS2_PLACEMENT_3D('',#5628,#4467,#4468);
#3684=AXIS2_PLACEMENT_3D('',#5630,#4469,#4470);
#3685=AXIS2_PLACEMENT_3D('',#5632,#4471,#4472);
#3686=AXIS2_PLACEMENT_3D('',#5633,#4473,#4474);
#3687=AXIS2_PLACEMENT_3D('',#5639,#4478,#4479);
#3688=AXIS2_PLACEMENT_3D('',#5642,#4481,#4482);
#3689=AXIS2_PLACEMENT_3D('',#5643,#4483,#4484);
#3690=AXIS2_PLACEMENT_3D('',#5645,#4485,#4486);
#3691=AXIS2_PLACEMENT_3D('',#5648,#4488,#4489);
#3692=AXIS2_PLACEMENT_3D('',#5649,#4490,#4491);
#3693=AXIS2_PLACEMENT_3D('',#5651,#4492,#4493);
#3694=AXIS2_PLACEMENT_3D('',#5652,#4494,#4495);
#3695=AXIS2_PLACEMENT_3D('',#5654,#4496,#4497);
#3696=AXIS2_PLACEMENT_3D('',#5657,#4499,#4500);
#3697=AXIS2_PLACEMENT_3D('',#5658,#4501,#4502);
#3698=AXIS2_PLACEMENT_3D('',#5660,#4503,#4504);
#3699=AXIS2_PLACEMENT_3D('',#5661,#4505,#4506);
#3700=AXIS2_PLACEMENT_3D('',#5663,#4507,#4508);
#3701=AXIS2_PLACEMENT_3D('',#5666,#4510,#4511);
#3702=AXIS2_PLACEMENT_3D('',#5667,#4512,#4513);
#3703=AXIS2_PLACEMENT_3D('',#5669,#4514,#4515);
#3704=AXIS2_PLACEMENT_3D('',#5670,#4516,#4517);
#3705=AXIS2_PLACEMENT_3D('',#5672,#4518,#4519);
#3706=AXIS2_PLACEMENT_3D('',#5675,#4521,#4522);
#3707=AXIS2_PLACEMENT_3D('',#5676,#4523,#4524);
#3708=AXIS2_PLACEMENT_3D('',#5678,#4525,#4526);
#3709=AXIS2_PLACEMENT_3D('',#5679,#4527,#4528);
#3710=AXIS2_PLACEMENT_3D('',#5681,#4529,#4530);
#3711=AXIS2_PLACEMENT_3D('',#5684,#4532,#4533);
#3712=AXIS2_PLACEMENT_3D('',#5685,#4534,#4535);
#3713=AXIS2_PLACEMENT_3D('',#5687,#4536,#4537);
#3714=AXIS2_PLACEMENT_3D('',#5688,#4538,#4539);
#3715=AXIS2_PLACEMENT_3D('',#5690,#4540,#4541);
#3716=AXIS2_PLACEMENT_3D('',#5693,#4543,#4544);
#3717=AXIS2_PLACEMENT_3D('',#5694,#4545,#4546);
#3718=AXIS2_PLACEMENT_3D('',#5696,#4547,#4548);
#3719=AXIS2_PLACEMENT_3D('',#5697,#4549,#4550);
#3720=AXIS2_PLACEMENT_3D('',#5699,#4551,#4552);
#3721=AXIS2_PLACEMENT_3D('',#5702,#4554,#4555);
#3722=AXIS2_PLACEMENT_3D('',#5703,#4556,#4557);
#3723=AXIS2_PLACEMENT_3D('',#5705,#4558,#4559);
#3724=AXIS2_PLACEMENT_3D('',#5706,#4560,#4561);
#3725=AXIS2_PLACEMENT_3D('',#5712,#4565,#4566);
#3726=AXIS2_PLACEMENT_3D('',#5715,#4568,#4569);
#3727=AXIS2_PLACEMENT_3D('',#5716,#4570,#4571);
#3728=AXIS2_PLACEMENT_3D('',#5718,#4573,#4574);
#3729=AXIS2_PLACEMENT_3D('',#5722,#4577,#4578);
#3730=AXIS2_PLACEMENT_3D('',#5723,#4579,#4580);
#3731=AXIS2_PLACEMENT_3D('',#5724,#4581,#4582);
#3732=AXIS2_PLACEMENT_3D('',#5730,#4586,#4587);
#3733=AXIS2_PLACEMENT_3D('',#5736,#4591,#4592);
#3734=AXIS2_PLACEMENT_3D('',#5742,#4596,#4597);
#3735=AXIS2_PLACEMENT_3D('',#5744,#4599,#4600);
#3736=AXIS2_PLACEMENT_3D('',#5750,#4604,#4605);
#3737=AXIS2_PLACEMENT_3D('',#5752,#4607,#4608);
#3738=AXIS2_PLACEMENT_3D('',#5754,#4610,#4611);
#3739=AXIS2_PLACEMENT_3D('',#5788,#4614,#4615);
#3740=AXIS2_PLACEMENT_3D('',#5791,#4618,#4619);
#3741=AXIS2_PLACEMENT_3D('',#5793,#4621,#4622);
#3742=AXIS2_PLACEMENT_3D('',#5795,#4624,#4625);
#3743=AXIS2_PLACEMENT_3D('',#5797,#4627,#4628);
#3744=AXIS2_PLACEMENT_3D('',#5799,#4630,#4631);
#3745=AXIS2_PLACEMENT_3D('',#5801,#4633,#4634);
#3746=AXIS2_PLACEMENT_3D('',#5803,#4636,#4637);
#3747=AXIS2_PLACEMENT_3D('',#5804,#4638,#4639);
#3748=AXIS2_PLACEMENT_3D('',#5809,#4643,#4644);
#3749=AXIS2_PLACEMENT_3D('',#5813,#4647,#4648);
#3750=AXIS2_PLACEMENT_3D('',#5815,#4649,#4650);
#3751=AXIS2_PLACEMENT_3D('',#5817,#4652,#4653);
#3752=AXIS2_PLACEMENT_3D('',#5821,#4656,#4657);
#3753=AXIS2_PLACEMENT_3D('',#5823,#4658,#4659);
#3754=AXIS2_PLACEMENT_3D('',#5825,#4661,#4662);
#3755=AXIS2_PLACEMENT_3D('',#5829,#4665,#4666);
#3756=AXIS2_PLACEMENT_3D('',#5831,#4667,#4668);
#3757=AXIS2_PLACEMENT_3D('',#5833,#4670,#4671);
#3758=AXIS2_PLACEMENT_3D('',#5837,#4674,#4675);
#3759=AXIS2_PLACEMENT_3D('',#5838,#4676,#4677);
#3760=AXIS2_PLACEMENT_3D('',#5839,#4678,#4679);
#3761=AXIS2_PLACEMENT_3D('',#5841,#4680,#4681);
#3762=AXIS2_PLACEMENT_3D('',#5843,#4683,#4684);
#3763=AXIS2_PLACEMENT_3D('',#5847,#4687,#4688);
#3764=AXIS2_PLACEMENT_3D('',#5849,#4689,#4690);
#3765=AXIS2_PLACEMENT_3D('',#5851,#4692,#4693);
#3766=AXIS2_PLACEMENT_3D('',#5855,#4696,#4697);
#3767=AXIS2_PLACEMENT_3D('',#5857,#4698,#4699);
#3768=AXIS2_PLACEMENT_3D('',#5859,#4701,#4702);
#3769=AXIS2_PLACEMENT_3D('',#5863,#4705,#4706);
#3770=AXIS2_PLACEMENT_3D('',#5865,#4707,#4708);
#3771=AXIS2_PLACEMENT_3D('',#5867,#4710,#4711);
#3772=AXIS2_PLACEMENT_3D('',#5871,#4714,#4715);
#3773=AXIS2_PLACEMENT_3D('',#5875,#4718,#4719);
#3774=AXIS2_PLACEMENT_3D('',#5877,#4720,#4721);
#3775=AXIS2_PLACEMENT_3D('',#5879,#4723,#4724);
#3776=AXIS2_PLACEMENT_3D('',#5883,#4727,#4728);
#3777=AXIS2_PLACEMENT_3D('',#5887,#4731,#4732);
#3778=AXIS2_PLACEMENT_3D('',#5889,#4733,#4734);
#3779=AXIS2_PLACEMENT_3D('',#5891,#4736,#4737);
#3780=AXIS2_PLACEMENT_3D('',#5895,#4740,#4741);
#3781=AXIS2_PLACEMENT_3D('',#5897,#4742,#4743);
#3782=AXIS2_PLACEMENT_3D('',#5899,#4745,#4746);
#3783=AXIS2_PLACEMENT_3D('',#5903,#4749,#4750);
#3784=AXIS2_PLACEMENT_3D('',#5905,#4751,#4752);
#3785=AXIS2_PLACEMENT_3D('',#5907,#4754,#4755);
#3786=AXIS2_PLACEMENT_3D('',#5911,#4758,#4759);
#3787=AXIS2_PLACEMENT_3D('',#5915,#4762,#4763);
#3788=AXIS2_PLACEMENT_3D('',#5917,#4764,#4765);
#3789=AXIS2_PLACEMENT_3D('',#5919,#4767,#4768);
#3790=AXIS2_PLACEMENT_3D('',#5921,#4770,#4771);
#3791=AXIS2_PLACEMENT_3D('',#5923,#4773,#4774);
#3792=AXIS2_PLACEMENT_3D('',#5925,#4776,#4777);
#3793=AXIS2_PLACEMENT_3D('',#5927,#4779,#4780);
#3794=AXIS2_PLACEMENT_3D('',#5929,#4782,#4783);
#3795=AXIS2_PLACEMENT_3D('',#5931,#4785,#4786);
#3796=AXIS2_PLACEMENT_3D('',#5933,#4788,#4789);
#3797=AXIS2_PLACEMENT_3D('',#5935,#4791,#4792);
#3798=AXIS2_PLACEMENT_3D('',#5937,#4794,#4795);
#3799=AXIS2_PLACEMENT_3D('',#5939,#4797,#4798);
#3800=AXIS2_PLACEMENT_3D('',#5941,#4800,#4801);
#3801=AXIS2_PLACEMENT_3D('',#5943,#4803,#4804);
#3802=AXIS2_PLACEMENT_3D('',#5945,#4806,#4807);
#3803=AXIS2_PLACEMENT_3D('',#5947,#4809,#4810);
#3804=AXIS2_PLACEMENT_3D('',#5949,#4812,#4813);
#3805=AXIS2_PLACEMENT_3D('',#5951,#4815,#4816);
#3806=AXIS2_PLACEMENT_3D('',#5953,#4818,#4819);
#3807=AXIS2_PLACEMENT_3D('',#5955,#4821,#4822);
#3808=AXIS2_PLACEMENT_3D('',#5957,#4824,#4825);
#3809=AXIS2_PLACEMENT_3D('',#5959,#4827,#4828);
#3810=AXIS2_PLACEMENT_3D('',#5960,#4829,#4830);
#3811=AXIS2_PLACEMENT_3D('',#5961,#4831,#4832);
#3812=AXIS2_PLACEMENT_3D('',#5963,#4834,#4835);
#3813=AXIS2_PLACEMENT_3D('',#5965,#4837,#4838);
#3814=AXIS2_PLACEMENT_3D('',#5967,#4840,#4841);
#3815=AXIS2_PLACEMENT_3D('',#5969,#4843,#4844);
#3816=AXIS2_PLACEMENT_3D('',#5971,#4846,#4847);
#3817=DIRECTION('axis',(0.,0.,1.));
#3818=DIRECTION('refdir',(1.,0.,0.));
#3819=DIRECTION('axis',(0.,0.,1.));
#3820=DIRECTION('refdir',(1.,0.,0.));
#3821=DIRECTION('center_axis',(1.,0.,0.));
#3822=DIRECTION('ref_axis',(0.,1.,0.));
#3823=DIRECTION('',(0.,-1.,0.));
#3824=DIRECTION('',(0.,0.,1.));
#3825=DIRECTION('',(0.,1.,0.));
#3826=DIRECTION('',(0.,0.,1.));
#3827=DIRECTION('',(0.,0.,-1.));
#3828=DIRECTION('center_axis',(-1.,-1.40332190312623E-11,0.));
#3829=DIRECTION('ref_axis',(1.40332190312623E-11,-1.,0.));
#3830=DIRECTION('',(-1.40332190312623E-11,1.,0.));
#3831=DIRECTION('',(0.,0.,1.));
#3832=DIRECTION('',(1.40332190312623E-11,-1.,0.));
#3833=DIRECTION('',(0.,0.,1.));
#3834=DIRECTION('center_axis',(0.,0.,1.));
#3835=DIRECTION('ref_axis',(-1.39621647576863E-11,1.,0.));
#3836=DIRECTION('center_axis',(0.,0.,-1.));
#3837=DIRECTION('ref_axis',(-1.39621647576863E-11,1.,0.));
#3838=DIRECTION('center_axis',(0.,0.,1.));
#3839=DIRECTION('ref_axis',(-1.39621647576863E-11,1.,0.));
#3840=DIRECTION('',(0.,0.,1.));
#3841=DIRECTION('center_axis',(-1.40095347385732E-11,1.,0.));
#3842=DIRECTION('ref_axis',(-1.,-1.40095347385732E-11,0.));
#3843=DIRECTION('',(1.,1.40095347385732E-11,0.));
#3844=DIRECTION('',(-1.,-1.40095347385732E-11,0.));
#3845=DIRECTION('',(0.,0.,1.));
#3846=DIRECTION('center_axis',(0.,0.,1.));
#3847=DIRECTION('ref_axis',(-4.48250738901978E-6,-0.999999999989954,0.));
#3848=DIRECTION('center_axis',(0.,0.,1.));
#3849=DIRECTION('ref_axis',(-4.48250738901978E-6,-0.999999999989954,0.));
#3850=DIRECTION('center_axis',(0.,0.,-1.));
#3851=DIRECTION('ref_axis',(-4.48250738901978E-6,-0.999999999989954,0.));
#3852=DIRECTION('',(0.,0.,1.));
#3853=DIRECTION('center_axis',(-1.,-1.62542449279578E-14,0.));
#3854=DIRECTION('ref_axis',(1.62542449279578E-14,-1.,0.));
#3855=DIRECTION('',(-1.62542449279578E-14,1.,0.));
#3856=DIRECTION('',(1.62542449279578E-14,-1.,0.));
#3857=DIRECTION('',(0.,0.,1.));
#3858=DIRECTION('center_axis',(0.,0.,1.));
#3859=DIRECTION('ref_axis',(-2.14939177567431E-12,1.,0.));
#3860=DIRECTION('center_axis',(0.,0.,-1.));
#3861=DIRECTION('ref_axis',(-2.14939177567431E-12,1.,0.));
#3862=DIRECTION('center_axis',(0.,0.,1.));
#3863=DIRECTION('ref_axis',(-2.14939177567431E-12,1.,0.));
#3864=DIRECTION('',(0.,0.,1.));
#3865=DIRECTION('center_axis',(-2.15362644435592E-12,1.,0.));
#3866=DIRECTION('ref_axis',(-1.,-2.15362644435592E-12,0.));
#3867=DIRECTION('',(1.,2.15362644435592E-12,0.));
#3868=DIRECTION('',(-1.,-2.15362644435592E-12,0.));
#3869=DIRECTION('',(0.,0.,1.));
#3870=DIRECTION('center_axis',(0.,0.,1.));
#3871=DIRECTION('ref_axis',(-4.48244805847853E-6,-0.999999999989954,0.));
#3872=DIRECTION('center_axis',(0.,0.,1.));
#3873=DIRECTION('ref_axis',(-4.48244805847853E-6,-0.999999999989954,0.));
#3874=DIRECTION('center_axis',(0.,0.,-1.));
#3875=DIRECTION('ref_axis',(-4.48244805847853E-6,-0.999999999989954,0.));
#3876=DIRECTION('',(0.,0.,1.));
#3877=DIRECTION('center_axis',(-1.,-2.54018929993347E-12,0.));
#3878=DIRECTION('ref_axis',(2.54018929993347E-12,-1.,0.));
#3879=DIRECTION('',(-2.54018929993347E-12,1.,0.));
#3880=DIRECTION('',(2.54018929993347E-12,-1.,0.));
#3881=DIRECTION('',(0.,0.,1.));
#3882=DIRECTION('center_axis',(0.,0.,1.));
#3883=DIRECTION('ref_axis',(9.33852533817096E-7,0.999999999999564,0.));
#3884=DIRECTION('center_axis',(0.,0.,-1.));
#3885=DIRECTION('ref_axis',(9.33852533817096E-7,0.999999999999564,0.));
#3886=DIRECTION('center_axis',(0.,0.,1.));
#3887=DIRECTION('ref_axis',(9.33852533817096E-7,0.999999999999564,0.));
#3888=DIRECTION('',(0.,0.,1.));
#3889=DIRECTION('center_axis',(-3.81916754947691E-12,1.,0.));
#3890=DIRECTION('ref_axis',(-1.,-3.81916754947691E-12,0.));
#3891=DIRECTION('',(1.,3.81916754947691E-12,0.));
#3892=DIRECTION('',(-1.,-3.81916754947691E-12,0.));
#3893=DIRECTION('',(0.,0.,1.));
#3894=DIRECTION('center_axis',(0.,0.,1.));
#3895=DIRECTION('ref_axis',(-4.48245658502481E-6,-0.999999999989954,0.));
#3896=DIRECTION('center_axis',(0.,0.,1.));
#3897=DIRECTION('ref_axis',(-4.48245658502481E-6,-0.999999999989954,0.));
#3898=DIRECTION('center_axis',(0.,0.,-1.));
#3899=DIRECTION('ref_axis',(-4.48245658502481E-6,-0.999999999989954,0.));
#3900=DIRECTION('',(0.,0.,1.));
#3901=DIRECTION('center_axis',(-1.,-2.94367700836023E-13,0.));
#3902=DIRECTION('ref_axis',(2.94367700836023E-13,-1.,0.));
#3903=DIRECTION('',(-2.94367700836023E-13,1.,0.));
#3904=DIRECTION('',(2.94367700836023E-13,-1.,0.));
#3905=DIRECTION('',(0.,0.,1.));
#3906=DIRECTION('center_axis',(0.,0.,1.));
#3907=DIRECTION('ref_axis',(0.999999999989954,-4.48249855183525E-6,0.));
#3908=DIRECTION('center_axis',(0.,0.,1.));
#3909=DIRECTION('ref_axis',(0.999999999989954,-4.48249855183525E-6,0.));
#3910=DIRECTION('center_axis',(0.,0.,-1.));
#3911=DIRECTION('ref_axis',(0.999999999989954,-4.48249855183525E-6,0.));
#3912=DIRECTION('',(0.,0.,1.));
#3913=DIRECTION('center_axis',(-3.10307320410885E-13,-1.,0.));
#3914=DIRECTION('ref_axis',(1.,-3.10307320410885E-13,0.));
#3915=DIRECTION('',(-1.,3.10307320410885E-13,0.));
#3916=DIRECTION('',(1.,-3.10307320410885E-13,0.));
#3917=DIRECTION('',(0.,0.,1.));
#3918=DIRECTION('center_axis',(0.,0.,1.));
#3919=DIRECTION('ref_axis',(-0.999999999999564,9.33838525263892E-7,0.));
#3920=DIRECTION('center_axis',(0.,0.,-1.));
#3921=DIRECTION('ref_axis',(-0.999999999999564,9.33838525263892E-7,0.));
#3922=DIRECTION('center_axis',(0.,0.,1.));
#3923=DIRECTION('ref_axis',(-0.999999999999564,9.33838525263892E-7,0.));
#3924=DIRECTION('',(0.,0.,1.));
#3925=DIRECTION('center_axis',(-1.,-5.32907104299566E-13,0.));
#3926=DIRECTION('ref_axis',(5.32907104299566E-13,-1.,0.));
#3927=DIRECTION('',(-5.32907104299566E-13,1.,0.));
#3928=DIRECTION('',(5.32907104299566E-13,-1.,0.));
#3929=DIRECTION('',(0.,0.,1.));
#3930=DIRECTION('center_axis',(0.,0.,1.));
#3931=DIRECTION('ref_axis',(0.999999999989954,-4.48249961765333E-6,0.));
#3932=DIRECTION('center_axis',(0.,0.,1.));
#3933=DIRECTION('ref_axis',(0.999999999989954,-4.48249961765333E-6,0.));
#3934=DIRECTION('center_axis',(0.,0.,-1.));
#3935=DIRECTION('ref_axis',(0.999999999989954,-4.48249961765333E-6,0.));
#3936=DIRECTION('',(0.,0.,1.));
#3937=DIRECTION('center_axis',(-4.13002938591554E-13,-1.,0.));
#3938=DIRECTION('ref_axis',(1.,-4.13002938591554E-13,0.));
#3939=DIRECTION('',(-1.,4.13002938591554E-13,0.));
#3940=DIRECTION('',(1.,-4.13002938591554E-13,0.));
#3941=DIRECTION('',(0.,0.,1.));
#3942=DIRECTION('center_axis',(0.,0.,1.));
#3943=DIRECTION('ref_axis',(-0.999999999999564,9.33838535132517E-7,0.));
#3944=DIRECTION('center_axis',(0.,0.,-1.));
#3945=DIRECTION('ref_axis',(-0.999999999999564,9.33838535132517E-7,0.));
#3946=DIRECTION('center_axis',(0.,0.,1.));
#3947=DIRECTION('ref_axis',(-0.999999999999564,9.33838535132517E-7,0.));
#3948=DIRECTION('',(0.,0.,1.));
#3949=DIRECTION('center_axis',(-1.,-7.30526849121751E-13,0.));
#3950=DIRECTION('ref_axis',(7.30526849121751E-13,-1.,0.));
#3951=DIRECTION('',(-7.30526849121751E-13,1.,0.));
#3952=DIRECTION('',(7.30526849121751E-13,-1.,0.));
#3953=DIRECTION('',(0.,0.,1.));
#3954=DIRECTION('center_axis',(0.,0.,1.));
#3955=DIRECTION('ref_axis',(0.999999999989954,-4.48250050583666E-6,0.));
#3956=DIRECTION('center_axis',(0.,0.,1.));
#3957=DIRECTION('ref_axis',(0.999999999989954,-4.48250050583666E-6,0.));
#3958=DIRECTION('center_axis',(0.,0.,-1.));
#3959=DIRECTION('ref_axis',(0.999999999989954,-4.48250050583666E-6,0.));
#3960=DIRECTION('',(0.,0.,1.));
#3961=DIRECTION('center_axis',(-2.87249897415051E-13,-1.,0.));
#3962=DIRECTION('ref_axis',(1.,-2.87249897415051E-13,0.));
#3963=DIRECTION('',(-1.,2.87249897415051E-13,0.));
#3964=DIRECTION('',(1.,-2.87249897415051E-13,0.));
#3965=DIRECTION('',(0.,0.,1.));
#3966=DIRECTION('center_axis',(0.,0.,1.));
#3967=DIRECTION('ref_axis',(-0.973008323669628,-0.230770019867444,0.));
#3968=DIRECTION('center_axis',(0.,0.,-1.));
#3969=DIRECTION('ref_axis',(-0.973008323669628,-0.230770019867444,0.));
#3970=DIRECTION('center_axis',(0.,0.,1.));
#3971=DIRECTION('ref_axis',(-0.973008323669628,-0.230770019867444,0.));
#3972=DIRECTION('',(0.,0.,1.));
#3973=DIRECTION('center_axis',(1.68076655982637E-13,-1.,0.));
#3974=DIRECTION('ref_axis',(1.,1.68076655982637E-13,0.));
#3975=DIRECTION('',(-1.,-1.68076655982637E-13,0.));
#3976=DIRECTION('',(1.,1.68076655982637E-13,0.));
#3977=DIRECTION('',(0.,0.,1.));
#3978=DIRECTION('center_axis',(0.,0.,1.));
#3979=DIRECTION('ref_axis',(4.48249806333549E-6,0.999999999989954,0.));
#3980=DIRECTION('center_axis',(0.,0.,1.));
#3981=DIRECTION('ref_axis',(4.48249806333549E-6,0.999999999989954,0.));
#3982=DIRECTION('center_axis',(0.,0.,-1.));
#3983=DIRECTION('ref_axis',(4.48249806333549E-6,0.999999999989954,0.));
#3984=DIRECTION('',(0.,0.,1.));
#3985=DIRECTION('center_axis',(1.,-9.94758294173344E-12,0.));
#3986=DIRECTION('ref_axis',(9.94758294173344E-12,1.,0.));
#3987=DIRECTION('',(-9.94758294173344E-12,-1.,0.));
#3988=DIRECTION('',(9.94758294173344E-12,1.,0.));
#3989=DIRECTION('',(0.,0.,1.));
#3990=DIRECTION('center_axis',(0.,0.,1.));
#3991=DIRECTION('ref_axis',(-9.33838322956487E-7,-0.999999999999564,0.));
#3992=DIRECTION('center_axis',(0.,0.,-1.));
#3993=DIRECTION('ref_axis',(-9.33838322956487E-7,-0.999999999999564,0.));
#3994=DIRECTION('center_axis',(0.,0.,1.));
#3995=DIRECTION('ref_axis',(-9.33838322956487E-7,-0.999999999999564,0.));
#3996=DIRECTION('',(0.,0.,1.));
#3997=DIRECTION('center_axis',(4.67206210149255E-14,-1.,0.));
#3998=DIRECTION('ref_axis',(1.,4.67206210149255E-14,0.));
#3999=DIRECTION('',(-1.,-4.67206210149255E-14,0.));
#4000=DIRECTION('',(1.,4.67206210149255E-14,0.));
#4001=DIRECTION('',(0.,0.,1.));
#4002=DIRECTION('center_axis',(0.,0.,1.));
#4003=DIRECTION('ref_axis',(4.48246750977265E-6,0.999999999989954,0.));
#4004=DIRECTION('center_axis',(0.,0.,1.));
#4005=DIRECTION('ref_axis',(4.48246750977265E-6,0.999999999989954,0.));
#4006=DIRECTION('center_axis',(0.,0.,-1.));
#4007=DIRECTION('ref_axis',(4.48246750977265E-6,0.999999999989954,0.));
#4008=DIRECTION('',(0.,0.,1.));
#4009=DIRECTION('center_axis',(1.,7.10541638709925E-14,0.));
#4010=DIRECTION('ref_axis',(-7.10541638709925E-14,1.,0.));
#4011=DIRECTION('',(7.10541638709925E-14,-1.,0.));
#4012=DIRECTION('',(-7.10541638709925E-14,1.,0.));
#4013=DIRECTION('',(0.,0.,1.));
#4014=DIRECTION('center_axis',(0.,0.,1.));
#4015=DIRECTION('ref_axis',(-9.33844648763191E-7,-0.999999999999564,0.));
#4016=DIRECTION('center_axis',(0.,0.,-1.));
#4017=DIRECTION('ref_axis',(-9.33844648763191E-7,-0.999999999999564,0.));
#4018=DIRECTION('center_axis',(0.,0.,1.));
#4019=DIRECTION('ref_axis',(-9.33844648763191E-7,-0.999999999999564,0.));
#4020=DIRECTION('',(0.,0.,1.));
#4021=DIRECTION('center_axis',(2.52637425267946E-14,-1.,0.));
#4022=DIRECTION('ref_axis',(1.,2.52637425267946E-14,0.));
#4023=DIRECTION('',(-1.,-2.52637425267946E-14,0.));
#4024=DIRECTION('',(1.,2.52637425267946E-14,0.));
#4025=DIRECTION('',(0.,0.,1.));
#4026=DIRECTION('center_axis',(0.,0.,1.));
#4027=DIRECTION('ref_axis',(4.48246742095387E-6,0.999999999989954,0.));
#4028=DIRECTION('center_axis',(0.,0.,1.));
#4029=DIRECTION('ref_axis',(4.48246742095387E-6,0.999999999989954,0.));
#4030=DIRECTION('center_axis',(0.,0.,-1.));
#4031=DIRECTION('ref_axis',(4.48246742095387E-6,0.999999999989954,0.));
#4032=DIRECTION('',(0.,0.,1.));
#4033=DIRECTION('center_axis',(1.,7.77396617291931E-14,0.));
#4034=DIRECTION('ref_axis',(-7.77396617291931E-14,1.,0.));
#4035=DIRECTION('',(7.77396617291931E-14,-1.,0.));
#4036=DIRECTION('',(-7.77396617291931E-14,1.,0.));
#4037=DIRECTION('',(0.,0.,1.));
#4038=DIRECTION('center_axis',(0.,0.,1.));
#4039=DIRECTION('ref_axis',(0.500006106750463,-0.866021878021707,0.));
#4040=DIRECTION('center_axis',(0.,0.,-1.));
#4041=DIRECTION('ref_axis',(0.500006106750463,-0.866021878021707,0.));
#4042=DIRECTION('center_axis',(0.,0.,1.));
#4043=DIRECTION('ref_axis',(0.500006106750463,-0.866021878021707,0.));
#4044=DIRECTION('',(0.,0.,1.));
#4045=DIRECTION('center_axis',(0.499999996371229,-0.86602540587951,0.));
#4046=DIRECTION('ref_axis',(0.86602540587951,0.499999996371229,0.));
#4047=DIRECTION('',(-0.86602540587951,-0.499999996371229,0.));
#4048=DIRECTION('',(0.86602540587951,0.499999996371229,0.));
#4049=DIRECTION('',(0.,0.,1.));
#4050=DIRECTION('center_axis',(0.,0.,1.));
#4051=DIRECTION('ref_axis',(-0.500095944705214,0.865970002996293,0.));
#4052=DIRECTION('center_axis',(0.,0.,1.));
#4053=DIRECTION('ref_axis',(-0.500095944705214,0.865970002996293,0.));
#4054=DIRECTION('center_axis',(0.,0.,-1.));
#4055=DIRECTION('ref_axis',(-0.500095944705214,0.865970002996293,0.));
#4056=DIRECTION('',(0.,0.,1.));
#4057=DIRECTION('center_axis',(0.866025405062988,0.499999997785487,0.));
#4058=DIRECTION('ref_axis',(-0.499999997785487,0.866025405062988,0.));
#4059=DIRECTION('',(0.499999997785487,-0.866025405062988,0.));
#4060=DIRECTION('',(-0.499999997785487,0.866025405062988,0.));
#4061=DIRECTION('',(0.,0.,1.));
#4062=DIRECTION('center_axis',(0.,0.,1.));
#4063=DIRECTION('ref_axis',(-0.866139943308779,-0.499801559226325,0.));
#4064=DIRECTION('center_axis',(0.,0.,1.));
#4065=DIRECTION('ref_axis',(-0.866139943308779,-0.499801559226325,0.));
#4066=DIRECTION('center_axis',(0.,0.,-1.));
#4067=DIRECTION('ref_axis',(-0.866139943308779,-0.499801559226325,0.));
#4068=DIRECTION('',(0.,0.,1.));
#4069=DIRECTION('center_axis',(-0.25881905953293,0.965925822422452,0.));
#4070=DIRECTION('ref_axis',(-0.965925822422452,-0.25881905953293,0.));
#4071=DIRECTION('',(0.965925822422452,0.25881905953293,0.));
#4072=DIRECTION('',(-0.965925822422452,-0.25881905953293,0.));
#4073=DIRECTION('',(0.,0.,1.));
#4074=DIRECTION('center_axis',(0.,0.,1.));
#4075=DIRECTION('ref_axis',(0.259125541247569,-0.965843648771971,0.));
#4076=DIRECTION('center_axis',(0.,0.,1.));
#4077=DIRECTION('ref_axis',(0.259125541247569,-0.965843648771971,0.));
#4078=DIRECTION('center_axis',(0.,0.,-1.));
#4079=DIRECTION('ref_axis',(0.259125541247569,-0.965843648771971,0.));
#4080=DIRECTION('',(0.,0.,1.));
#4081=DIRECTION('center_axis',(-0.965925842943054,-0.258818982948991,0.));
#4082=DIRECTION('ref_axis',(0.258818982948991,-0.965925842943054,0.));
#4083=DIRECTION('',(-0.258818982948991,0.965925842943054,0.));
#4084=DIRECTION('',(0.258818982948991,-0.965925842943054,0.));
#4085=DIRECTION('',(0.,0.,1.));
#4086=DIRECTION('center_axis',(0.,0.,1.));
#4087=DIRECTION('ref_axis',(-2.48066059025168E-7,0.999999999999969,0.));
#4088=DIRECTION('center_axis',(0.,0.,-1.));
#4089=DIRECTION('ref_axis',(-2.48066059025168E-7,0.999999999999969,0.));
#4090=DIRECTION('center_axis',(0.,0.,1.));
#4091=DIRECTION('ref_axis',(-2.48066059025168E-7,0.999999999999969,0.));
#4092=DIRECTION('',(0.,0.,1.));
#4093=DIRECTION('center_axis',(-7.63311562239604E-12,1.,0.));
#4094=DIRECTION('ref_axis',(-1.,-7.63311562239604E-12,0.));
#4095=DIRECTION('',(1.,7.63311562239604E-12,0.));
#4096=DIRECTION('',(-1.,-7.63311562239604E-12,0.));
#4097=DIRECTION('',(0.,0.,1.));
#4098=DIRECTION('center_axis',(0.,0.,1.));
#4099=DIRECTION('ref_axis',(-4.48250543512666E-6,-0.999999999989954,0.));
#4100=DIRECTION('center_axis',(0.,0.,1.));
#4101=DIRECTION('ref_axis',(-4.48250543512666E-6,-0.999999999989954,0.));
#4102=DIRECTION('center_axis',(0.,0.,-1.));
#4103=DIRECTION('ref_axis',(-4.48250543512666E-6,-0.999999999989954,0.));
#4104=DIRECTION('',(0.,0.,1.));
#4105=DIRECTION('center_axis',(0.,0.,1.));
#4106=DIRECTION('ref_axis',(9.33844786924313E-7,0.999999999999564,0.));
#4107=DIRECTION('center_axis',(0.,0.,-1.));
#4108=DIRECTION('ref_axis',(9.33844786924313E-7,0.999999999999564,0.));
#4109=DIRECTION('center_axis',(0.,0.,1.));
#4110=DIRECTION('ref_axis',(9.33844786924313E-7,0.999999999999564,0.));
#4111=DIRECTION('',(0.,0.,1.));
#4112=DIRECTION('center_axis',(-2.09423129035735E-14,1.,0.));
#4113=DIRECTION('ref_axis',(-1.,-2.09423129035735E-14,0.));
#4114=DIRECTION('',(1.,2.09423129035735E-14,0.));
#4115=DIRECTION('',(-1.,-2.09423129035735E-14,0.));
#4116=DIRECTION('',(0.,0.,1.));
#4117=DIRECTION('center_axis',(0.,0.,1.));
#4118=DIRECTION('ref_axis',(1.,0.,0.));
#4119=DIRECTION('center_axis',(0.,0.,-1.));
#4120=DIRECTION('ref_axis',(1.,0.,0.));
#4121=DIRECTION('center_axis',(0.,0.,1.));
#4122=DIRECTION('ref_axis',(1.,0.,0.));
#4123=DIRECTION('center_axis',(0.,0.,1.));
#4124=DIRECTION('ref_axis',(1.,0.,0.));
#4125=DIRECTION('',(-1.,-1.40190085954828E-11,0.));
#4126=DIRECTION('center_axis',(0.,0.,-1.));
#4127=DIRECTION('ref_axis',(0.999999999999806,6.22500379836667E-7,0.));
#4128=DIRECTION('',(0.,-1.,0.));
#4129=DIRECTION('',(-1.,-2.15527631139705E-12,0.));
#4130=DIRECTION('center_axis',(0.,0.,-1.));
#4131=DIRECTION('ref_axis',(0.999999999999806,6.22500779517196E-7,0.));
#4132=DIRECTION('',(2.3980815540301E-12,-1.,0.));
#4133=DIRECTION('center_axis',(0.,0.,1.));
#4134=DIRECTION('ref_axis',(-0.999999999999721,-7.4710056853218E-7,0.));
#4135=DIRECTION('',(-1.,-3.78808100718752E-12,0.));
#4136=DIRECTION('center_axis',(0.,0.,-1.));
#4137=DIRECTION('ref_axis',(0.999999999999806,6.22500424245625E-7,0.));
#4138=DIRECTION('',(2.8726227868363E-13,-1.,0.));
#4139=DIRECTION('center_axis',(0.,0.,-1.));
#4140=DIRECTION('ref_axis',(-6.22558688791405E-7,0.999999999999806,0.));
#4141=DIRECTION('',(1.,-3.25850454684525E-13,0.));
#4142=DIRECTION('center_axis',(0.,0.,1.));
#4143=DIRECTION('ref_axis',(7.47080562294594E-7,-0.999999999999721,0.));
#4144=DIRECTION('',(4.97379921788127E-13,-1.,0.));
#4145=DIRECTION('center_axis',(0.,0.,-1.));
#4146=DIRECTION('ref_axis',(-6.22558629579478E-7,0.999999999999806,0.));
#4147=DIRECTION('',(1.,-4.35207420234141E-13,0.));
#4148=DIRECTION('center_axis',(0.,0.,1.));
#4149=DIRECTION('ref_axis',(7.47080584499058E-7,-0.999999999999721,0.));
#4150=DIRECTION('',(6.77236057670103E-13,-1.,0.));
#4151=DIRECTION('center_axis',(0.,0.,-1.));
#4152=DIRECTION('ref_axis',(-6.22558673988427E-7,0.999999999999806,0.));
#4153=DIRECTION('',(1.,-2.95915061678088E-13,0.));
#4154=DIRECTION('center_axis',(0.,0.,1.));
#4155=DIRECTION('ref_axis',(-2.66713287122509E-6,-0.999999999996443,0.));
#4156=DIRECTION('center_axis',(0.,0.,-1.));
#4157=DIRECTION('ref_axis',(1.90511068448528E-6,0.999999999998185,0.));
#4158=DIRECTION('',(1.,1.70803543558783E-13,0.));
#4159=DIRECTION('center_axis',(0.,0.,-1.));
#4160=DIRECTION('ref_axis',(-0.999999999999806,-6.22565298323264E-7,0.));
#4161=DIRECTION('',(1.04449750943759E-11,1.,0.));
#4162=DIRECTION('center_axis',(0.,0.,1.));
#4163=DIRECTION('ref_axis',(0.999999999999721,7.47070570278041E-7,0.));
#4164=DIRECTION('',(1.,2.57936748654811E-14,0.));
#4165=DIRECTION('center_axis',(0.,0.,-1.));
#4166=DIRECTION('ref_axis',(-0.999999999999806,-6.22566963656249E-7,0.));
#4167=DIRECTION('',(4.26325514057871E-13,1.,0.));
#4168=DIRECTION('center_axis',(0.,0.,1.));
#4169=DIRECTION('ref_axis',(0.999999999999721,7.470705591758E-7,0.));
#4170=DIRECTION('',(1.,1.39476908007426E-14,0.));
#4171=DIRECTION('center_axis',(0.,0.,-1.));
#4172=DIRECTION('ref_axis',(-0.999999999999806,-6.22567052474141E-7,0.));
#4173=DIRECTION('',(-7.29121461128385E-14,1.,0.));
#4174=DIRECTION('center_axis',(0.,0.,1.));
#4175=DIRECTION('ref_axis',(0.999999999977063,-6.77308058175024E-6,0.));
#4176=DIRECTION('',(0.866025405764551,0.499999996570345,0.));
#4177=DIRECTION('center_axis',(0.,0.,-1.));
#4178=DIRECTION('ref_axis',(-0.866064393211994,-0.499932462248993,0.));
#4179=DIRECTION('',(-0.499999997966041,0.866025404958745,0.));
#4180=DIRECTION('center_axis',(0.,0.,-1.));
#4181=DIRECTION('ref_axis',(0.258882333126431,-0.965908866091939,0.));
#4182=DIRECTION('',(-0.965925822403382,-0.258819059604101,0.));
#4183=DIRECTION('center_axis',(0.,0.,-1.));
#4184=DIRECTION('ref_axis',(0.9659493418796,0.258731267770961,0.));
#4185=DIRECTION('',(0.258818982663235,-0.965925843019622,0.));
#4186=DIRECTION('center_axis',(0.,0.,1.));
#4187=DIRECTION('ref_axis',(-0.965925890076262,-0.258818807045354,0.));
#4188=DIRECTION('',(-1.,-7.62436753153858E-12,0.));
#4189=DIRECTION('center_axis',(0.,0.,-1.));
#4190=DIRECTION('ref_axis',(0.999999999999721,7.47017209822943E-7,0.));
#4191=DIRECTION('center_axis',(0.,0.,1.));
#4192=DIRECTION('ref_axis',(-0.999999999999721,-7.47100568532147E-7,0.));
#4193=DIRECTION('',(-0.999999999999998,-6.27682986464838E-8,0.));
#4194=DIRECTION('center_axis',(0.,0.,1.));
#4195=DIRECTION('ref_axis',(1.,0.,0.));
#4196=DIRECTION('',(1.,7.39706799973462E-13,0.));
#4197=DIRECTION('center_axis',(0.,0.,-1.));
#4198=DIRECTION('ref_axis',(-7.47070570278008E-7,0.999999999999721,0.));
#4199=DIRECTION('',(-3.55429268625826E-12,-1.,0.));
#4200=DIRECTION('center_axis',(0.,0.,1.));
#4201=DIRECTION('ref_axis',(6.22569568942316E-7,-0.999999999999806,0.));
#4202=DIRECTION('center_axis',(0.,0.,-1.));
#4203=DIRECTION('ref_axis',(0.,-1.,0.));
#4204=DIRECTION('center_axis',(0.,0.,-1.));
#4205=DIRECTION('ref_axis',(0.,-1.,0.));
#4206=DIRECTION('center_axis',(0.,0.,-1.));
#4207=DIRECTION('ref_axis',(0.,-1.,0.));
#4208=DIRECTION('center_axis',(0.,0.,-1.));
#4209=DIRECTION('ref_axis',(0.,-1.,0.));
#4210=DIRECTION('center_axis',(0.,0.,-1.));
#4211=DIRECTION('ref_axis',(0.,-1.,0.));
#4212=DIRECTION('center_axis',(0.,0.,1.));
#4213=DIRECTION('ref_axis',(-0.999999999999721,-7.47100568532147E-7,0.));
#4214=DIRECTION('',(0.,0.,1.));
#4215=DIRECTION('center_axis',(0.,0.,1.));
#4216=DIRECTION('ref_axis',(9.33844785373952E-7,0.999999999999564,0.));
#4217=DIRECTION('',(0.,0.,1.));
#4218=DIRECTION('center_axis',(0.,0.,1.));
#4219=DIRECTION('ref_axis',(1.,0.,0.));
#4220=DIRECTION('',(0.,1.,0.));
#4221=DIRECTION('',(-1.,-6.1235588490465E-15,0.));
#4222=DIRECTION('center_axis',(0.,0.,1.));
#4223=DIRECTION('ref_axis',(2.13450055416878E-7,0.999999999999977,0.));
#4224=DIRECTION('',(6.20918644536376E-14,-1.,0.));
#4225=DIRECTION('center_axis',(0.,0.,-1.));
#4226=DIRECTION('ref_axis',(0.500011198382378,-0.866018938298822,0.));
#4227=DIRECTION('',(-0.866025405685697,-0.499999996706923,0.));
#4228=DIRECTION('center_axis',(0.,0.,1.));
#4229=DIRECTION('ref_axis',(-0.500043620595578,0.866000217957054,0.));
#4230=DIRECTION('',(0.499999997943203,-0.866025404971931,0.));
#4231=DIRECTION('center_axis',(0.,0.,1.));
#4232=DIRECTION('ref_axis',(-0.866046438805402,-0.499963564504935,0.));
#4233=DIRECTION('',(0.96592582237532,0.258819059708828,0.));
#4234=DIRECTION('',(0.965925978612947,0.258818476621396,0.));
#4235=DIRECTION('center_axis',(0.,0.,1.));
#4236=DIRECTION('ref_axis',(0.25881898266319,-0.965925843019635,0.));
#4237=DIRECTION('',(-0.258818982663236,0.965925843019622,0.));
#4238=DIRECTION('center_axis',(0.,0.,-1.));
#4239=DIRECTION('ref_axis',(-2.76910054791758E-7,0.999999999999962,0.));
#4240=DIRECTION('',(1.,7.663736743532E-12,0.));
#4241=DIRECTION('center_axis',(0.,0.,1.));
#4242=DIRECTION('ref_axis',(-7.47075566579932E-7,-0.999999999999721,0.));
#4243=DIRECTION('center_axis',(0.,0.,-1.));
#4244=DIRECTION('ref_axis',(2.49025663685165E-6,0.999999999996899,0.));
#4245=DIRECTION('',(0.999999999999996,9.41500265758616E-8,0.));
#4246=DIRECTION('center_axis',(0.,0.,1.));
#4247=DIRECTION('ref_axis',(0.,-1.,0.));
#4248=DIRECTION('',(-0.999999999999998,-6.27682986464838E-8,0.));
#4249=DIRECTION('center_axis',(0.,0.,-1.));
#4250=DIRECTION('ref_axis',(-7.47075563181446E-7,-0.999999999999721,0.));
#4251=DIRECTION('',(-1.,-7.62436753153858E-12,0.));
#4252=DIRECTION('center_axis',(0.,0.,1.));
#4253=DIRECTION('ref_axis',(-2.4806605768314E-7,0.999999999999969,0.));
#4254=DIRECTION('',(0.258818982663235,-0.965925843019622,0.));
#4255=DIRECTION('center_axis',(0.,0.,-1.));
#4256=DIRECTION('ref_axis',(0.258906659472619,-0.965902345830431,0.));
#4257=DIRECTION('',(-0.965925822403382,-0.258819059604101,0.));
#4258=DIRECTION('center_axis',(0.,0.,-1.));
#4259=DIRECTION('ref_axis',(-0.866058124014289,-0.499943322616525,0.));
#4260=DIRECTION('',(-0.499999997966041,0.866025404958745,0.));
#4261=DIRECTION('center_axis',(0.,0.,-1.));
#4262=DIRECTION('ref_axis',(-0.500067854854604,0.86598622422133,0.));
#4263=DIRECTION('',(0.866025405764551,0.499999996570345,0.));
#4264=DIRECTION('center_axis',(0.,0.,1.));
#4265=DIRECTION('ref_axis',(0.50000610675046,-0.866021878021709,0.));
#4266=DIRECTION('',(-7.29121461128385E-14,1.,0.));
#4267=DIRECTION('center_axis',(0.,0.,-1.));
#4268=DIRECTION('ref_axis',(7.47075563181634E-7,0.999999999999721,0.));
#4269=DIRECTION('',(1.,1.39476908007426E-14,0.));
#4270=DIRECTION('center_axis',(0.,0.,1.));
#4271=DIRECTION('ref_axis',(1.,0.,0.));
#4272=DIRECTION('',(0.,-1.,0.));
#4273=DIRECTION('',(1.,1.39476908007426E-14,0.));
#4274=DIRECTION('center_axis',(0.,0.,1.));
#4275=DIRECTION('ref_axis',(-9.33844696556068E-7,-0.999999999999564,0.));
#4276=DIRECTION('',(4.26325514057871E-13,1.,0.));
#4277=DIRECTION('center_axis',(0.,0.,-1.));
#4278=DIRECTION('ref_axis',(7.47075577984633E-7,0.999999999999721,0.));
#4279=DIRECTION('',(1.,2.57936748654811E-14,0.));
#4280=DIRECTION('center_axis',(0.,0.,1.));
#4281=DIRECTION('ref_axis',(-9.33838323869956E-7,-0.999999999999564,0.));
#4282=DIRECTION('',(1.04449750943759E-11,1.,0.));
#4283=DIRECTION('center_axis',(0.,0.,-1.));
#4284=DIRECTION('ref_axis',(7.47080596198931E-7,0.999999999999721,0.));
#4285=DIRECTION('',(1.,1.70803543558783E-13,0.));
#4286=DIRECTION('center_axis',(0.,0.,-1.));
#4287=DIRECTION('ref_axis',(0.999999999996443,2.66713285790479E-6,0.));
#4288=DIRECTION('center_axis',(0.,0.,1.));
#4289=DIRECTION('ref_axis',(-0.999999999996443,-2.66716620733734E-6,0.));
#4290=DIRECTION('',(1.,-2.95915061678088E-13,0.));
#4291=DIRECTION('center_axis',(0.,0.,-1.));
#4292=DIRECTION('ref_axis',(0.999999999999721,-7.47080529585497E-7,0.));
#4293=DIRECTION('',(6.77236057670103E-13,-1.,0.));
#4294=DIRECTION('center_axis',(0.,0.,1.));
#4295=DIRECTION('ref_axis',(-0.999999999999564,9.33838534812507E-7,0.));
#4296=DIRECTION('',(1.,-4.35207420234141E-13,0.));
#4297=DIRECTION('center_axis',(0.,0.,-1.));
#4298=DIRECTION('ref_axis',(0.999999999999721,-7.47080536986977E-7,0.));
#4299=DIRECTION('',(4.97379921788127E-13,-1.,0.));
#4300=DIRECTION('center_axis',(0.,0.,1.));
#4301=DIRECTION('ref_axis',(-0.999999999999564,9.33838523710307E-7,0.));
#4302=DIRECTION('',(1.,-3.25850454684525E-13,0.));
#4303=DIRECTION('center_axis',(0.,0.,-1.));
#4304=DIRECTION('ref_axis',(0.999999999999721,-7.47080529585464E-7,0.));
#4305=DIRECTION('',(2.8726227868363E-13,-1.,0.));
#4306=DIRECTION('center_axis',(0.,0.,-1.));
#4307=DIRECTION('ref_axis',(-7.47070604179263E-7,-0.999999999999721,0.));
#4308=DIRECTION('',(-1.,-3.78808100718754E-12,0.));
#4309=DIRECTION('center_axis',(0.,0.,1.));
#4310=DIRECTION('ref_axis',(9.33852623555867E-7,0.999999999999564,0.));
#4311=DIRECTION('',(2.3980815540301E-12,-1.,0.));
#4312=DIRECTION('center_axis',(0.,0.,-1.));
#4313=DIRECTION('ref_axis',(-7.47070544967287E-7,-0.999999999999721,0.));
#4314=DIRECTION('',(-1.,-2.15527631139705E-12,0.));
#4315=DIRECTION('',(0.,-1.,0.));
#4316=DIRECTION('center_axis',(0.,0.,-1.));
#4317=DIRECTION('ref_axis',(-7.47070559770303E-7,-0.999999999999721,0.));
#4318=DIRECTION('',(-1.,-1.40190085954828E-11,0.));
#4319=DIRECTION('',(6.2256956923079E-7,-0.999999999999806,0.));
#4320=DIRECTION('',(1.,1.38591416520107E-11,0.));
#4321=DIRECTION('center_axis',(0.,0.,1.));
#4322=DIRECTION('ref_axis',(-2.13438621174792E-7,-0.999999999999977,0.));
#4323=DIRECTION('',(4.76583614637233E-14,1.,0.));
#4324=DIRECTION('',(1.,2.14799737682178E-12,0.));
#4325=DIRECTION('center_axis',(0.,0.,1.));
#4326=DIRECTION('ref_axis',(-2.13447092706652E-7,-0.999999999999977,0.));
#4327=DIRECTION('',(1.,3.76658296898287E-12,0.));
#4328=DIRECTION('center_axis',(0.,0.,1.));
#4329=DIRECTION('ref_axis',(-2.13445959221614E-7,-0.999999999999977,0.));
#4330=DIRECTION('',(-2.63915888490789E-13,1.,0.));
#4331=DIRECTION('center_axis',(0.,0.,1.));
#4332=DIRECTION('ref_axis',(0.999999999999977,-2.13451279834741E-7,0.));
#4333=DIRECTION('',(-1.,3.67499961076556E-13,0.));
#4334=DIRECTION('',(-4.68312265611748E-13,1.,0.));
#4335=DIRECTION('center_axis',(0.,0.,1.));
#4336=DIRECTION('ref_axis',(0.999999999999977,-2.13451131804978E-7,0.));
#4337=DIRECTION('',(-1.,4.93936052028066E-13,0.));
#4338=DIRECTION('',(-6.40101015515404E-13,1.,0.));
#4339=DIRECTION('center_axis',(0.,0.,1.));
#4340=DIRECTION('ref_axis',(0.999999999999977,-2.13451000692905E-7,0.));
#4341=DIRECTION('',(-1.,3.26333467901116E-13,0.));
#4342=DIRECTION('center_axis',(0.,0.,1.));
#4343=DIRECTION('ref_axis',(0.683735606341273,0.729729827142301,0.));
#4344=DIRECTION('',(-1.,1.21156611387423E-13,0.));
#4345=DIRECTION('center_axis',(0.,0.,1.));
#4346=DIRECTION('ref_axis',(2.13451377111444E-7,0.999999999999977,0.));
#4347=DIRECTION('',(-1.,-1.13664828983039E-14,0.));
#4348=DIRECTION('center_axis',(0.,0.,1.));
#4349=DIRECTION('ref_axis',(2.13450053302168E-7,0.999999999999977,0.));
#4350=DIRECTION('',(-1.,-6.1235588490465E-15,0.));
#4351=DIRECTION('center_axis',(0.,0.,1.));
#4352=DIRECTION('ref_axis',(0.999999999999721,7.47017209822943E-7,0.));
#4353=DIRECTION('',(0.,0.,1.));
#4354=DIRECTION('center_axis',(-7.62436753153858E-12,1.,0.));
#4355=DIRECTION('ref_axis',(-1.,-7.62436753153858E-12,0.));
#4356=DIRECTION('',(0.,0.,1.));
#4357=DIRECTION('center_axis',(0.,0.,1.));
#4358=DIRECTION('ref_axis',(-0.965925890076262,-0.258818807045354,0.));
#4359=DIRECTION('',(0.,0.,1.));
#4360=DIRECTION('center_axis',(-0.965925843019622,-0.258818982663235,0.));
#4361=DIRECTION('ref_axis',(0.258818982663235,-0.965925843019622,0.));
#4362=DIRECTION('',(0.,0.,1.));
#4363=DIRECTION('center_axis',(0.,0.,1.));
#4364=DIRECTION('ref_axis',(0.9659493418796,0.258731267770961,0.));
#4365=DIRECTION('',(0.,0.,1.));
#4366=DIRECTION('center_axis',(-0.258819059604101,0.965925822403382,0.));
#4367=DIRECTION('ref_axis',(-0.965925822403382,-0.258819059604101,0.));
#4368=DIRECTION('',(0.,0.,1.));
#4369=DIRECTION('center_axis',(0.,0.,1.));
#4370=DIRECTION('ref_axis',(0.258882333126431,-0.965908866091939,0.));
#4371=DIRECTION('',(0.,0.,1.));
#4372=DIRECTION('center_axis',(0.866025404958745,0.499999997966041,0.));
#4373=DIRECTION('ref_axis',(-0.499999997966041,0.866025404958745,0.));
#4374=DIRECTION('',(0.,0.,1.));
#4375=DIRECTION('center_axis',(0.,0.,1.));
#4376=DIRECTION('ref_axis',(-0.866064393211994,-0.499932462248993,0.));
#4377=DIRECTION('',(0.,0.,1.));
#4378=DIRECTION('center_axis',(0.499999996570345,-0.866025405764551,0.));
#4379=DIRECTION('ref_axis',(0.866025405764551,0.499999996570345,0.));
#4380=DIRECTION('',(0.,0.,1.));
#4381=DIRECTION('center_axis',(0.,0.,1.));
#4382=DIRECTION('ref_axis',(0.999999999977063,-6.77308058175024E-6,0.));
#4383=DIRECTION('',(0.,0.,1.));
#4384=DIRECTION('center_axis',(1.,7.29121461128385E-14,0.));
#4385=DIRECTION('ref_axis',(-7.29121461128385E-14,1.,0.));
#4386=DIRECTION('',(0.,0.,1.));
#4387=DIRECTION('center_axis',(0.,0.,1.));
#4388=DIRECTION('ref_axis',(-0.999999999999806,-6.22567052474141E-7,0.));
#4389=DIRECTION('',(0.,0.,1.));
#4390=DIRECTION('center_axis',(1.39476908007426E-14,-1.,0.));
#4391=DIRECTION('ref_axis',(1.,1.39476908007426E-14,0.));
#4392=DIRECTION('',(0.,0.,1.));
#4393=DIRECTION('',(0.,0.,-1.));
#4394=DIRECTION('center_axis',(-1.39476908007426E-14,1.,0.));
#4395=DIRECTION('ref_axis',(0.,0.,-1.));
#4396=DIRECTION('',(-1.,-1.39476908007426E-14,0.));
#4397=DIRECTION('center_axis',(-1.39476908007426E-14,1.,0.));
#4398=DIRECTION('ref_axis',(-1.,0.,0.));
#4399=DIRECTION('',(0.,0.,1.));
#4400=DIRECTION('center_axis',(0.,0.,1.));
#4401=DIRECTION('ref_axis',(0.999999999999721,7.470705591758E-7,0.));
#4402=DIRECTION('',(0.,0.,1.));
#4403=DIRECTION('center_axis',(1.,-4.26325514057871E-13,0.));
#4404=DIRECTION('ref_axis',(4.26325514057871E-13,1.,0.));
#4405=DIRECTION('',(0.,0.,1.));
#4406=DIRECTION('center_axis',(0.,0.,1.));
#4407=DIRECTION('ref_axis',(-0.999999999999806,-6.22566963656249E-7,0.));
#4408=DIRECTION('',(0.,0.,1.));
#4409=DIRECTION('center_axis',(2.57936748654811E-14,-1.,0.));
#4410=DIRECTION('ref_axis',(1.,2.57936748654811E-14,0.));
#4411=DIRECTION('',(0.,0.,1.));
#4412=DIRECTION('center_axis',(0.,0.,1.));
#4413=DIRECTION('ref_axis',(0.999999999999721,7.47070570278041E-7,0.));
#4414=DIRECTION('',(0.,0.,1.));
#4415=DIRECTION('center_axis',(1.,-1.04449750943759E-11,0.));
#4416=DIRECTION('ref_axis',(1.04449750943759E-11,1.,0.));
#4417=DIRECTION('',(0.,0.,1.));
#4418=DIRECTION('center_axis',(0.,0.,1.));
#4419=DIRECTION('ref_axis',(-0.999999999999806,-6.22565298323264E-7,0.));
#4420=DIRECTION('',(0.,0.,1.));
#4421=DIRECTION('center_axis',(1.70803543558783E-13,-1.,0.));
#4422=DIRECTION('ref_axis',(1.,1.70803543558783E-13,0.));
#4423=DIRECTION('',(0.,0.,1.));
#4424=DIRECTION('center_axis',(0.,0.,1.));
#4425=DIRECTION('ref_axis',(1.90511068448528E-6,0.999999999998185,0.));
#4426=DIRECTION('',(0.,0.,1.));
#4427=DIRECTION('center_axis',(0.,0.,1.));
#4428=DIRECTION('ref_axis',(-2.66713287122509E-6,-0.999999999996443,0.));
#4429=DIRECTION('',(0.,0.,1.));
#4430=DIRECTION('center_axis',(-3.71179039413207E-15,1.,0.));
#4431=DIRECTION('ref_axis',(1.,3.71179039413207E-15,0.));
#4432=DIRECTION('',(0.,0.,-1.));
#4433=DIRECTION('',(1.,3.71179039413207E-15,0.));
#4434=DIRECTION('',(0.,0.,-1.));
#4435=DIRECTION('center_axis',(0.,0.,-1.));
#4436=DIRECTION('ref_axis',(-7.47070570278008E-7,0.999999999999721,0.));
#4437=DIRECTION('center_axis',(0.,0.,-1.));
#4438=DIRECTION('ref_axis',(-7.47070570278008E-7,0.999999999999721,0.));
#4439=DIRECTION('',(0.,0.,-1.));
#4440=DIRECTION('center_axis',(1.,-3.3150766302973E-12,0.));
#4441=DIRECTION('ref_axis',(-3.3150766302973E-12,-1.,0.));
#4442=DIRECTION('',(-3.3150766302973E-12,-1.,0.));
#4443=DIRECTION('',(0.,0.,-1.));
#4444=DIRECTION('center_axis',(0.,0.,-1.));
#4445=DIRECTION('ref_axis',(6.22569568942316E-7,-0.999999999999806,0.));
#4446=DIRECTION('center_axis',(0.,0.,1.));
#4447=DIRECTION('ref_axis',(6.22569568942316E-7,-0.999999999999806,0.));
#4448=DIRECTION('',(0.,0.,1.));
#4449=DIRECTION('center_axis',(0.,0.,-1.));
#4450=DIRECTION('ref_axis',(-1.,0.,0.));
#4451=DIRECTION('',(-0.999999999999806,-6.22569569043806E-7,0.));
#4452=DIRECTION('',(6.2256956923079E-7,-0.999999999999806,0.));
#4453=DIRECTION('center_axis',(0.,0.,1.));
#4454=DIRECTION('ref_axis',(1.,0.,0.));
#4455=DIRECTION('',(1.,3.71179039413207E-15,0.));
#4456=DIRECTION('center_axis',(0.,0.,-1.));
#4457=DIRECTION('ref_axis',(-0.999999999999721,-7.47100539684666E-7,0.));
#4458=DIRECTION('center_axis',(0.,0.,1.));
#4459=DIRECTION('ref_axis',(0.999999999999721,7.47041732191852E-7,0.));
#4460=DIRECTION('',(1.,7.6593624645688E-12,0.));
#4461=DIRECTION('center_axis',(0.,0.,-1.));
#4462=DIRECTION('ref_axis',(-0.965925890076262,-0.258818807045355,0.));
#4463=DIRECTION('',(-0.258818982663236,0.965925843019622,0.));
#4464=DIRECTION('center_axis',(0.,0.,1.));
#4465=DIRECTION('ref_axis',(0.96592584301963,0.258818982663206,0.));
#4466=DIRECTION('',(0.965925843019622,0.258818982663237,0.));
#4467=DIRECTION('center_axis',(0.,0.,1.));
#4468=DIRECTION('ref_axis',(1.,0.,0.));
#4469=DIRECTION('center_axis',(0.,0.,1.));
#4470=DIRECTION('ref_axis',(-1.,0.,0.));
#4471=DIRECTION('center_axis',(0.,0.,1.));
#4472=DIRECTION('ref_axis',(-1.,0.,0.));
#4473=DIRECTION('center_axis',(6.22569569043806E-7,-0.999999999999806,0.));
#4474=DIRECTION('ref_axis',(0.999999999999806,6.22569569043806E-7,0.));
#4475=DIRECTION('',(0.,0.,1.));
#4476=DIRECTION('',(-0.999999999999806,-6.22569569043806E-7,0.));
#4477=DIRECTION('',(0.,0.,1.));
#4478=DIRECTION('center_axis',(0.,0.,-1.));
#4479=DIRECTION('ref_axis',(1.,0.,0.));
#4480=DIRECTION('',(0.,0.,-1.));
#4481=DIRECTION('center_axis',(0.,0.,1.));
#4482=DIRECTION('ref_axis',(1.,0.,0.));
#4483=DIRECTION('center_axis',(0.,0.,1.));
#4484=DIRECTION('ref_axis',(-1.,0.,0.));
#4485=DIRECTION('center_axis',(0.,0.,1.));
#4486=DIRECTION('ref_axis',(-1.,0.,0.));
#4487=DIRECTION('',(0.,0.,1.));
#4488=DIRECTION('center_axis',(0.,0.,1.));
#4489=DIRECTION('ref_axis',(-1.,0.,0.));
#4490=DIRECTION('center_axis',(0.,0.,-1.));
#4491=DIRECTION('ref_axis',(-1.,0.,0.));
#4492=DIRECTION('center_axis',(0.,0.,-1.));
#4493=DIRECTION('ref_axis',(-1.,0.,0.));
#4494=DIRECTION('center_axis',(0.,0.,1.));
#4495=DIRECTION('ref_axis',(-1.,0.,0.));
#4496=DIRECTION('center_axis',(0.,0.,1.));
#4497=DIRECTION('ref_axis',(-1.,0.,0.));
#4498=DIRECTION('',(0.,0.,1.));
#4499=DIRECTION('center_axis',(0.,0.,1.));
#4500=DIRECTION('ref_axis',(-1.,0.,0.));
#4501=DIRECTION('center_axis',(0.,0.,-1.));
#4502=DIRECTION('ref_axis',(-1.,0.,0.));
#4503=DIRECTION('center_axis',(0.,0.,-1.));
#4504=DIRECTION('ref_axis',(0.,-1.,0.));
#4505=DIRECTION('center_axis',(0.,0.,1.));
#4506=DIRECTION('ref_axis',(-1.,0.,0.));
#4507=DIRECTION('center_axis',(0.,0.,1.));
#4508=DIRECTION('ref_axis',(-1.,0.,0.));
#4509=DIRECTION('',(0.,0.,1.));
#4510=DIRECTION('center_axis',(0.,0.,1.));
#4511=DIRECTION('ref_axis',(-1.,0.,0.));
#4512=DIRECTION('center_axis',(0.,0.,-1.));
#4513=DIRECTION('ref_axis',(-1.,0.,0.));
#4514=DIRECTION('center_axis',(0.,0.,-1.));
#4515=DIRECTION('ref_axis',(0.,-1.,0.));
#4516=DIRECTION('center_axis',(0.,0.,1.));
#4517=DIRECTION('ref_axis',(-1.,0.,0.));
#4518=DIRECTION('center_axis',(0.,0.,1.));
#4519=DIRECTION('ref_axis',(-1.,0.,0.));
#4520=DIRECTION('',(0.,0.,1.));
#4521=DIRECTION('center_axis',(0.,0.,1.));
#4522=DIRECTION('ref_axis',(-1.,0.,0.));
#4523=DIRECTION('center_axis',(0.,0.,-1.));
#4524=DIRECTION('ref_axis',(-1.,0.,0.));
#4525=DIRECTION('center_axis',(0.,0.,-1.));
#4526=DIRECTION('ref_axis',(-1.,0.,0.));
#4527=DIRECTION('center_axis',(0.,0.,1.));
#4528=DIRECTION('ref_axis',(-1.,0.,0.));
#4529=DIRECTION('center_axis',(0.,0.,1.));
#4530=DIRECTION('ref_axis',(-1.,0.,0.));
#4531=DIRECTION('',(0.,0.,1.));
#4532=DIRECTION('center_axis',(0.,0.,1.));
#4533=DIRECTION('ref_axis',(-1.,0.,0.));
#4534=DIRECTION('center_axis',(0.,0.,-1.));
#4535=DIRECTION('ref_axis',(-1.,0.,0.));
#4536=DIRECTION('center_axis',(0.,0.,-1.));
#4537=DIRECTION('ref_axis',(0.,-1.,0.));
#4538=DIRECTION('center_axis',(0.,0.,1.));
#4539=DIRECTION('ref_axis',(-1.,0.,0.));
#4540=DIRECTION('center_axis',(0.,0.,1.));
#4541=DIRECTION('ref_axis',(-1.,0.,0.));
#4542=DIRECTION('',(0.,0.,1.));
#4543=DIRECTION('center_axis',(0.,0.,1.));
#4544=DIRECTION('ref_axis',(-1.,0.,0.));
#4545=DIRECTION('center_axis',(0.,0.,-1.));
#4546=DIRECTION('ref_axis',(-1.,0.,0.));
#4547=DIRECTION('center_axis',(0.,0.,-1.));
#4548=DIRECTION('ref_axis',(0.,-1.,0.));
#4549=DIRECTION('center_axis',(0.,0.,1.));
#4550=DIRECTION('ref_axis',(-1.,0.,0.));
#4551=DIRECTION('center_axis',(0.,0.,1.));
#4552=DIRECTION('ref_axis',(-1.,0.,0.));
#4553=DIRECTION('',(0.,0.,1.));
#4554=DIRECTION('center_axis',(0.,0.,1.));
#4555=DIRECTION('ref_axis',(-1.,0.,0.));
#4556=DIRECTION('center_axis',(0.,0.,-1.));
#4557=DIRECTION('ref_axis',(-1.,0.,0.));
#4558=DIRECTION('center_axis',(0.,0.,-1.));
#4559=DIRECTION('ref_axis',(0.,-1.,0.));
#4560=DIRECTION('center_axis',(0.,0.,-1.));
#4561=DIRECTION('ref_axis',(-1.,0.,0.));
#4562=DIRECTION('',(0.,1.,0.));
#4563=DIRECTION('',(1.,1.39171792023784E-14,0.));
#4564=DIRECTION('',(0.,1.,0.));
#4565=DIRECTION('center_axis',(0.,1.,0.));
#4566=DIRECTION('ref_axis',(0.,0.,-1.));
#4567=DIRECTION('',(0.,1.,0.));
#4568=DIRECTION('center_axis',(1.39171792023784E-14,-1.,0.));
#4569=DIRECTION('ref_axis',(0.,0.,-1.));
#4570=DIRECTION('center_axis',(1.,0.,0.));
#4571=DIRECTION('ref_axis',(0.,0.,-1.));
#4572=DIRECTION('',(0.,0.,1.));
#4573=DIRECTION('center_axis',(-1.,0.,0.));
#4574=DIRECTION('ref_axis',(0.,0.,1.));
#4575=DIRECTION('',(0.,1.,0.));
#4576=DIRECTION('',(0.,0.,-1.));
#4577=DIRECTION('center_axis',(0.,1.,0.));
#4578=DIRECTION('ref_axis',(-1.,0.,0.));
#4579=DIRECTION('center_axis',(1.39171792023784E-14,-1.,0.));
#4580=DIRECTION('ref_axis',(-1.,0.,0.));
#4581=DIRECTION('center_axis',(-1.39171792023784E-14,1.,0.));
#4582=DIRECTION('ref_axis',(-1.,-1.39171792023784E-14,0.));
#4583=DIRECTION('',(0.,0.,1.));
#4584=DIRECTION('',(1.,1.39171792023784E-14,0.));
#4585=DIRECTION('',(0.,0.,1.));
#4586=DIRECTION('center_axis',(0.258818476621396,-0.965925978612947,0.));
#4587=DIRECTION('ref_axis',(0.965925978612947,0.258818476621396,0.));
#4588=DIRECTION('',(0.965925843019622,0.258818982663237,0.));
#4589=DIRECTION('',(0.,0.,1.));
#4590=DIRECTION('',(0.,0.,1.));
#4591=DIRECTION('center_axis',(-0.499999996706923,0.866025405685698,0.));
#4592=DIRECTION('ref_axis',(-0.866025405685697,-0.499999996706923,0.));
#4593=DIRECTION('',(-0.866025405763062,-0.499999996572924,0.));
#4594=DIRECTION('',(0.,0.,1.));
#4595=DIRECTION('',(0.,0.,1.));
#4596=DIRECTION('center_axis',(-6.27682986464838E-8,0.999999999999998,0.));
#4597=DIRECTION('ref_axis',(-0.999999999999998,-6.27682986464838E-8,0.));
#4598=DIRECTION('',(0.,0.,1.));
#4599=DIRECTION('center_axis',(9.41500265758616E-8,-0.999999999999996,0.));
#4600=DIRECTION('ref_axis',(0.999999999999996,9.41500265758616E-8,0.));
#4601=DIRECTION('',(1.,3.71179039413207E-15,0.));
#4602=DIRECTION('',(0.,0.,1.));
#4603=DIRECTION('',(0.,0.,1.));
#4604=DIRECTION('center_axis',(0.,0.,-1.));
#4605=DIRECTION('ref_axis',(1.,0.,0.));
#4606=DIRECTION('',(0.,0.,1.));
#4607=DIRECTION('center_axis',(0.,0.,1.));
#4608=DIRECTION('ref_axis',(-1.,0.,0.));
#4609=DIRECTION('',(0.,0.,1.));
#4610=DIRECTION('center_axis',(0.,0.,1.));
#4611=DIRECTION('ref_axis',(-1.,0.,0.));
#4612=DIRECTION('',(0.,0.,1.));
#4613=DIRECTION('',(0.,0.,1.));
#4614=DIRECTION('center_axis',(0.258818982663237,-0.965925843019622,0.));
#4615=DIRECTION('ref_axis',(0.965925843019622,0.258818982663237,0.));
#4616=DIRECTION('',(0.,0.,1.));
#4617=DIRECTION('',(0.,0.,1.));
#4618=DIRECTION('center_axis',(0.,0.,1.));
#4619=DIRECTION('ref_axis',(0.96592584301963,0.258818982663206,0.));
#4620=DIRECTION('',(0.,0.,1.));
#4621=DIRECTION('center_axis',(0.965925843019622,0.258818982663236,0.));
#4622=DIRECTION('ref_axis',(-0.258818982663236,0.965925843019622,0.));
#4623=DIRECTION('',(0.,0.,1.));
#4624=DIRECTION('center_axis',(0.,0.,1.));
#4625=DIRECTION('ref_axis',(-0.965925890076262,-0.258818807045355,0.));
#4626=DIRECTION('',(0.,0.,1.));
#4627=DIRECTION('center_axis',(7.6593624645688E-12,-1.,0.));
#4628=DIRECTION('ref_axis',(1.,7.6593624645688E-12,0.));
#4629=DIRECTION('',(0.,0.,1.));
#4630=DIRECTION('center_axis',(0.,0.,1.));
#4631=DIRECTION('ref_axis',(0.999999999999721,7.47041732191852E-7,0.));
#4632=DIRECTION('',(0.,0.,1.));
#4633=DIRECTION('center_axis',(0.,0.,1.));
#4634=DIRECTION('ref_axis',(-0.999999999999721,-7.47100539684666E-7,0.));
#4635=DIRECTION('',(0.,0.,1.));
#4636=DIRECTION('center_axis',(3.71179039413207E-15,-1.,0.));
#4637=DIRECTION('ref_axis',(1.,3.71179039413207E-15,0.));
#4638=DIRECTION('center_axis',(-0.999999999999806,-6.2256956923079E-7,0.));
#4639=DIRECTION('ref_axis',(6.2256956923079E-7,-0.999999999999806,0.));
#4640=DIRECTION('',(0.,0.,1.));
#4641=DIRECTION('',(0.,0.,1.));
#4642=DIRECTION('',(0.,0.,1.));
#4643=DIRECTION('center_axis',(0.258819059649961,-0.965925822391093,0.));
#4644=DIRECTION('ref_axis',(0.965925822391093,0.258819059649961,0.));
#4645=DIRECTION('',(-0.965925822391093,-0.258819059649961,0.));
#4646=DIRECTION('',(0.,0.,1.));
#4647=DIRECTION('center_axis',(0.,0.,1.));
#4648=DIRECTION('ref_axis',(0.258838585759956,-0.965920590173843,0.));
#4649=DIRECTION('center_axis',(0.,0.,-1.));
#4650=DIRECTION('ref_axis',(0.258838585759956,-0.965920590173843,0.));
#4651=DIRECTION('',(0.,0.,1.));
#4652=DIRECTION('center_axis',(-0.866025405003335,-0.49999999788881,0.));
#4653=DIRECTION('ref_axis',(0.49999999788881,-0.866025405003335,0.));
#4654=DIRECTION('',(-0.49999999788881,0.866025405003335,0.));
#4655=DIRECTION('',(0.,0.,1.));
#4656=DIRECTION('center_axis',(0.,0.,1.));
#4657=DIRECTION('ref_axis',(-0.866050469721995,-0.49995658200919,0.));
#4658=DIRECTION('center_axis',(0.,0.,-1.));
#4659=DIRECTION('ref_axis',(-0.866050469721995,-0.49995658200919,0.));
#4660=DIRECTION('',(0.,0.,1.));
#4661=DIRECTION('center_axis',(-0.499999996572924,0.866025405763062,0.));
#4662=DIRECTION('ref_axis',(-0.866025405763062,-0.499999996572924,0.));
#4663=DIRECTION('',(0.866025405763062,0.499999996572924,0.));
#4664=DIRECTION('',(0.,0.,1.));
#4665=DIRECTION('center_axis',(0.,0.,1.));
#4666=DIRECTION('ref_axis',(0.999999999922907,-1.2417130643932E-5,0.));
#4667=DIRECTION('center_axis',(0.,0.,-1.));
#4668=DIRECTION('ref_axis',(0.999999999922907,-1.2417130643932E-5,0.));
#4669=DIRECTION('',(0.,0.,1.));
#4670=DIRECTION('center_axis',(-1.,-6.20918644536376E-14,0.));
#4671=DIRECTION('ref_axis',(6.20918644536376E-14,-1.,0.));
#4672=DIRECTION('',(-6.20918644536376E-14,1.,0.));
#4673=DIRECTION('',(0.,0.,1.));
#4674=DIRECTION('center_axis',(0.,0.,1.));
#4675=DIRECTION('ref_axis',(-0.999999999999806,-6.22567052653517E-7,0.));
#4676=DIRECTION('center_axis',(0.,0.,-1.));
#4677=DIRECTION('ref_axis',(-0.999999999999806,-6.22567052653517E-7,0.));
#4678=DIRECTION('center_axis',(0.,0.,1.));
#4679=DIRECTION('ref_axis',(-0.914422159707547,0.404761798883968,0.));
#4680=DIRECTION('center_axis',(0.,0.,-1.));
#4681=DIRECTION('ref_axis',(-0.914422159707547,0.404761798883968,0.));
#4682=DIRECTION('',(0.,0.,1.));
#4683=DIRECTION('center_axis',(-2.59805323389804E-14,1.,0.));
#4684=DIRECTION('ref_axis',(-1.,-2.59805323389804E-14,0.));
#4685=DIRECTION('',(1.,2.59805323389804E-14,0.));
#4686=DIRECTION('',(0.,0.,1.));
#4687=DIRECTION('center_axis',(0.,0.,1.));
#4688=DIRECTION('ref_axis',(-0.914422159707338,0.40476179888444,0.));
#4689=DIRECTION('center_axis',(0.,0.,-1.));
#4690=DIRECTION('ref_axis',(-0.914422159707338,0.40476179888444,0.));
#4691=DIRECTION('',(0.,0.,1.));
#4692=DIRECTION('center_axis',(1.08403283872958E-13,1.,0.));
#4693=DIRECTION('ref_axis',(-1.,1.08403283872958E-13,0.));
#4694=DIRECTION('',(1.,-1.08403283872958E-13,0.));
#4695=DIRECTION('',(0.,0.,1.));
#4696=DIRECTION('center_axis',(0.,0.,1.));
#4697=DIRECTION('ref_axis',(1.90511068291042E-6,0.999999999998185,0.));
#4698=DIRECTION('center_axis',(0.,0.,-1.));
#4699=DIRECTION('ref_axis',(1.90511068291042E-6,0.999999999998185,0.));
#4700=DIRECTION('',(0.,0.,1.));
#4701=DIRECTION('center_axis',(3.26333467901115E-13,1.,0.));
#4702=DIRECTION('ref_axis',(-1.,3.26333467901115E-13,0.));
#4703=DIRECTION('',(1.,-3.26333467901115E-13,0.));
#4704=DIRECTION('',(0.,0.,1.));
#4705=DIRECTION('center_axis',(0.,0.,1.));
#4706=DIRECTION('ref_axis',(-6.22558674169676E-7,0.999999999999806,0.));
#4707=DIRECTION('center_axis',(0.,0.,-1.));
#4708=DIRECTION('ref_axis',(-6.22558674169676E-7,0.999999999999806,0.));
#4709=DIRECTION('',(0.,0.,1.));
#4710=DIRECTION('center_axis',(1.,6.76853226932557E-13,0.));
#4711=DIRECTION('ref_axis',(-6.76853226932557E-13,1.,0.));
#4712=DIRECTION('',(6.76853226932557E-13,-1.,0.));
#4713=DIRECTION('',(0.,0.,1.));
#4714=DIRECTION('center_axis',(4.93936052028066E-13,1.,0.));
#4715=DIRECTION('ref_axis',(-1.,4.93936052028066E-13,0.));
#4716=DIRECTION('',(1.,-4.93936052028066E-13,0.));
#4717=DIRECTION('',(0.,0.,1.));
#4718=DIRECTION('center_axis',(0.,0.,1.));
#4719=DIRECTION('ref_axis',(-6.22558631875458E-7,0.999999999999806,0.));
#4720=DIRECTION('center_axis',(0.,0.,-1.));
#4721=DIRECTION('ref_axis',(-6.22558631875458E-7,0.999999999999806,0.));
#4722=DIRECTION('',(0.,0.,1.));
#4723=DIRECTION('center_axis',(1.,4.96572488536595E-13,0.));
#4724=DIRECTION('ref_axis',(-4.96572488536595E-13,1.,0.));
#4725=DIRECTION('',(4.96572488536595E-13,-1.,0.));
#4726=DIRECTION('',(0.,0.,1.));
#4727=DIRECTION('center_axis',(3.67499961076556E-13,1.,0.));
#4728=DIRECTION('ref_axis',(-1.,3.67499961076556E-13,0.));
#4729=DIRECTION('',(1.,-3.67499961076556E-13,0.));
#4730=DIRECTION('',(0.,0.,1.));
#4731=DIRECTION('center_axis',(0.,0.,1.));
#4732=DIRECTION('ref_axis',(-6.22558691087362E-7,0.999999999999806,0.));
#4733=DIRECTION('center_axis',(0.,0.,-1.));
#4734=DIRECTION('ref_axis',(-6.22558691087362E-7,0.999999999999806,0.));
#4735=DIRECTION('',(0.,0.,1.));
#4736=DIRECTION('center_axis',(1.,2.70006255148269E-13,0.));
#4737=DIRECTION('ref_axis',(-2.70006255148269E-13,1.,0.));
#4738=DIRECTION('',(2.70006255148269E-13,-1.,0.));
#4739=DIRECTION('',(0.,0.,1.));
#4740=DIRECTION('center_axis',(0.,0.,1.));
#4741=DIRECTION('ref_axis',(0.999999999999806,6.22500422341768E-7,0.));
#4742=DIRECTION('center_axis',(0.,0.,-1.));
#4743=DIRECTION('ref_axis',(0.999999999999806,6.22500422341768E-7,0.));
#4744=DIRECTION('',(0.,0.,1.));
#4745=DIRECTION('center_axis',(3.78651197940073E-12,-1.,0.));
#4746=DIRECTION('ref_axis',(1.,3.78651197940073E-12,0.));
#4747=DIRECTION('',(-1.,-3.78651197940073E-12,0.));
#4748=DIRECTION('',(0.,0.,1.));
#4749=DIRECTION('center_axis',(0.,0.,1.));
#4750=DIRECTION('ref_axis',(0.998865577761426,-0.0476188782242048,0.));
#4751=DIRECTION('center_axis',(0.,0.,-1.));
#4752=DIRECTION('ref_axis',(0.998865577761426,-0.0476188782242048,0.));
#4753=DIRECTION('',(0.,0.,1.));
#4754=DIRECTION('center_axis',(2.15527255845369E-12,-1.,0.));
#4755=DIRECTION('ref_axis',(1.,2.15527255845369E-12,0.));
#4756=DIRECTION('',(-1.,-2.15527255845369E-12,0.));
#4757=DIRECTION('',(0.,0.,1.));
#4758=DIRECTION('center_axis',(1.,-4.76583614637233E-14,0.));
#4759=DIRECTION('ref_axis',(4.76583614637233E-14,1.,0.));
#4760=DIRECTION('',(-4.76583614637233E-14,-1.,0.));
#4761=DIRECTION('',(0.,0.,1.));
#4762=DIRECTION('center_axis',(0.,0.,1.));
#4763=DIRECTION('ref_axis',(0.999999999999806,6.22500380047545E-7,0.));
#4764=DIRECTION('center_axis',(0.,0.,-1.));
#4765=DIRECTION('ref_axis',(0.999999999999806,6.22500380047545E-7,0.));
#4766=DIRECTION('',(0.,0.,1.));
#4767=DIRECTION('center_axis',(1.3901774233355E-11,-1.,0.));
#4768=DIRECTION('ref_axis',(1.,1.3901774233355E-11,0.));
#4769=DIRECTION('',(-1.,-1.3901774233355E-11,0.));
#4770=DIRECTION('center_axis',(-1.40190085954828E-11,1.,0.));
#4771=DIRECTION('ref_axis',(-1.,-1.40190085954828E-11,0.));
#4772=DIRECTION('',(0.,0.,1.));
#4773=DIRECTION('center_axis',(0.,0.,1.));
#4774=DIRECTION('ref_axis',(0.999999999999806,6.22500379836667E-7,0.));
#4775=DIRECTION('',(0.,0.,1.));
#4776=DIRECTION('center_axis',(-1.,0.,0.));
#4777=DIRECTION('ref_axis',(0.,-1.,0.));
#4778=DIRECTION('',(0.,0.,1.));
#4779=DIRECTION('center_axis',(-2.15527631139705E-12,1.,0.));
#4780=DIRECTION('ref_axis',(-1.,-2.15527631139705E-12,0.));
#4781=DIRECTION('',(0.,0.,1.));
#4782=DIRECTION('center_axis',(0.,0.,1.));
#4783=DIRECTION('ref_axis',(0.999999999999806,6.22500779517196E-7,0.));
#4784=DIRECTION('',(0.,0.,1.));
#4785=DIRECTION('center_axis',(-1.,-2.3980815540301E-12,0.));
#4786=DIRECTION('ref_axis',(2.3980815540301E-12,-1.,0.));
#4787=DIRECTION('',(0.,0.,1.));
#4788=DIRECTION('center_axis',(0.,0.,1.));
#4789=DIRECTION('ref_axis',(-0.999999999999721,-7.4710056853218E-7,0.));
#4790=DIRECTION('',(0.,0.,1.));
#4791=DIRECTION('center_axis',(-3.78808100718752E-12,1.,0.));
#4792=DIRECTION('ref_axis',(-1.,-3.78808100718752E-12,0.));
#4793=DIRECTION('',(0.,0.,1.));
#4794=DIRECTION('center_axis',(0.,0.,1.));
#4795=DIRECTION('ref_axis',(0.999999999999806,6.22500424245625E-7,0.));
#4796=DIRECTION('',(0.,0.,1.));
#4797=DIRECTION('center_axis',(-1.,-2.8726227868363E-13,0.));
#4798=DIRECTION('ref_axis',(2.8726227868363E-13,-1.,0.));
#4799=DIRECTION('',(0.,0.,1.));
#4800=DIRECTION('center_axis',(0.,0.,1.));
#4801=DIRECTION('ref_axis',(-6.22558688791405E-7,0.999999999999806,0.));
#4802=DIRECTION('',(0.,0.,1.));
#4803=DIRECTION('center_axis',(-3.25850454684525E-13,-1.,0.));
#4804=DIRECTION('ref_axis',(1.,-3.25850454684525E-13,0.));
#4805=DIRECTION('',(0.,0.,1.));
#4806=DIRECTION('center_axis',(0.,0.,1.));
#4807=DIRECTION('ref_axis',(7.47080562294594E-7,-0.999999999999721,0.));
#4808=DIRECTION('',(0.,0.,1.));
#4809=DIRECTION('center_axis',(-1.,-4.97379921788127E-13,0.));
#4810=DIRECTION('ref_axis',(4.97379921788127E-13,-1.,0.));
#4811=DIRECTION('',(0.,0.,1.));
#4812=DIRECTION('center_axis',(0.,0.,1.));
#4813=DIRECTION('ref_axis',(-6.22558629579478E-7,0.999999999999806,0.));
#4814=DIRECTION('',(0.,0.,1.));
#4815=DIRECTION('center_axis',(-4.35207420234141E-13,-1.,0.));
#4816=DIRECTION('ref_axis',(1.,-4.35207420234141E-13,0.));
#4817=DIRECTION('',(0.,0.,1.));
#4818=DIRECTION('center_axis',(0.,0.,1.));
#4819=DIRECTION('ref_axis',(7.47080584499058E-7,-0.999999999999721,0.));
#4820=DIRECTION('',(0.,0.,1.));
#4821=DIRECTION('center_axis',(-1.,-6.77236057670103E-13,0.));
#4822=DIRECTION('ref_axis',(6.77236057670103E-13,-1.,0.));
#4823=DIRECTION('',(0.,0.,1.));
#4824=DIRECTION('center_axis',(0.,0.,1.));
#4825=DIRECTION('ref_axis',(-6.22558673988427E-7,0.999999999999806,0.));
#4826=DIRECTION('',(0.,0.,1.));
#4827=DIRECTION('center_axis',(-2.95915061678088E-13,-1.,0.));
#4828=DIRECTION('ref_axis',(1.,-2.95915061678088E-13,0.));
#4829=DIRECTION('center_axis',(0.,0.,1.));
#4830=DIRECTION('ref_axis',(1.,0.,0.));
#4831=DIRECTION('center_axis',(0.,0.,-1.));
#4832=DIRECTION('ref_axis',(0.,-1.,0.));
#4833=DIRECTION('',(0.,0.,-1.));
#4834=DIRECTION('center_axis',(0.,0.,-1.));
#4835=DIRECTION('ref_axis',(0.,-1.,0.));
#4836=DIRECTION('',(0.,0.,-1.));
#4837=DIRECTION('center_axis',(0.,0.,-1.));
#4838=DIRECTION('ref_axis',(0.,-1.,0.));
#4839=DIRECTION('',(0.,0.,-1.));
#4840=DIRECTION('center_axis',(0.,0.,-1.));
#4841=DIRECTION('ref_axis',(0.,-1.,0.));
#4842=DIRECTION('',(0.,0.,-1.));
#4843=DIRECTION('center_axis',(0.,0.,-1.));
#4844=DIRECTION('ref_axis',(0.,-1.,0.));
#4845=DIRECTION('',(0.,0.,-1.));
#4846=DIRECTION('',(0.,0.,1.));
#4847=DIRECTION('',(1.,0.,0.));
#4848=CARTESIAN_POINT('',(0.,0.,0.));
#4849=CARTESIAN_POINT('',(0.,0.,0.));
#4850=CARTESIAN_POINT('Origin',(115.750000149414,-102.699999999975,2.8));
#4851=CARTESIAN_POINT('',(115.750000149414,-102.199999999975,2.8));
#4852=CARTESIAN_POINT('',(115.750000149414,-102.699999999982,2.8));
#4853=CARTESIAN_POINT('',(115.750000149414,-51.3499999999876,2.8));
#4854=CARTESIAN_POINT('',(115.750000149414,-102.199999999975,9.2));
#4855=CARTESIAN_POINT('',(115.750000149414,-102.199999999975,2.8));
#4856=CARTESIAN_POINT('',(115.750000149414,-102.699999999975,9.2));
#4857=CARTESIAN_POINT('',(115.750000149414,-102.199999999975,9.2));
#4858=CARTESIAN_POINT('',(115.749383284804,-102.699998477883,8.));
#4859=CARTESIAN_POINT('',(115.749383284804,-102.699998477883,8.));
#4860=CARTESIAN_POINT('',(115.749383284804,-102.699998477883,8.));
#4861=CARTESIAN_POINT('Origin',(126.999999999996,-126.7,2.8));
#4862=CARTESIAN_POINT('',(127.000000000003,-127.2,2.8));
#4863=CARTESIAN_POINT('',(126.999999999996,-126.7,2.8));
#4864=CARTESIAN_POINT('',(126.999999999107,-63.3499999991089,2.8));
#4865=CARTESIAN_POINT('',(127.000000000003,-127.2,9.2));
#4866=CARTESIAN_POINT('',(127.000000000003,-127.2,0.));
#4867=CARTESIAN_POINT('',(126.999999999996,-126.7,9.2));
#4868=CARTESIAN_POINT('',(126.999999999996,-126.7,9.2));
#4869=CARTESIAN_POINT('',(126.999999999996,-126.7,2.8));
#4870=CARTESIAN_POINT('Origin',(127.499999999996,-126.699999999993,2.8));
#4871=CARTESIAN_POINT('',(127.499999999989,-126.199999999993,2.8));
#4872=CARTESIAN_POINT('Origin',(127.499999999996,-126.699999999993,2.8));
#4873=CARTESIAN_POINT('',(127.499999999989,-126.199999999993,9.2));
#4874=CARTESIAN_POINT('Origin',(127.499999999996,-126.699999999993,9.2));
#4875=CARTESIAN_POINT('',(127.499999999989,-126.199999999993,2.8));
#4876=CARTESIAN_POINT('Origin',(131.999999850572,-126.19999999993,2.8));
#4877=CARTESIAN_POINT('',(131.999999850572,-126.19999999993,2.8));
#4878=CARTESIAN_POINT('',(65.9999999261699,-126.200000000855,2.8));
#4879=CARTESIAN_POINT('',(131.999999850572,-126.19999999993,9.2));
#4880=CARTESIAN_POINT('',(127.499999999989,-126.199999999993,9.2));
#4881=CARTESIAN_POINT('',(131.999999850572,-126.19999999993,2.8));
#4882=CARTESIAN_POINT('Origin',(132.00000074707,-126.000000747,2.8));
#4883=CARTESIAN_POINT('',(132.2,-126.0000006225,2.8));
#4884=CARTESIAN_POINT('Origin',(132.00000074707,-126.000000747,2.8));
#4885=CARTESIAN_POINT('',(132.2,-126.0000006225,9.2));
#4886=CARTESIAN_POINT('Origin',(132.00000074707,-126.000000747,9.2));
#4887=CARTESIAN_POINT('',(132.2,-126.0000006225,2.8));
#4888=CARTESIAN_POINT('Origin',(132.2,-110.7,2.8));
#4889=CARTESIAN_POINT('',(132.2,-110.7,2.8));
#4890=CARTESIAN_POINT('',(132.199999999999,-55.3499999999987,2.8));
#4891=CARTESIAN_POINT('',(132.2,-110.7,9.2));
#4892=CARTESIAN_POINT('',(132.2,-126.0000006225,9.2));
#4893=CARTESIAN_POINT('',(132.2,-110.7,2.8));
#4894=CARTESIAN_POINT('Origin',(133.2,-110.7,2.8));
#4895=CARTESIAN_POINT('',(133.199999999998,-109.7,2.8));
#4896=CARTESIAN_POINT('Origin',(133.2,-110.7,2.8));
#4897=CARTESIAN_POINT('',(133.199999999998,-109.7,9.2));
#4898=CARTESIAN_POINT('Origin',(133.2,-110.7,9.2));
#4899=CARTESIAN_POINT('',(133.199999999998,-109.7,2.8));
#4900=CARTESIAN_POINT('Origin',(165.499999850584,-109.69999999993,2.8));
#4901=CARTESIAN_POINT('',(165.499999850584,-109.69999999993,2.8));
#4902=CARTESIAN_POINT('',(82.74999992541,-109.700000000108,2.8));
#4903=CARTESIAN_POINT('',(165.499999850584,-109.69999999993,9.2));
#4904=CARTESIAN_POINT('',(133.199999999998,-109.7,9.2));
#4905=CARTESIAN_POINT('',(165.499999850584,-109.69999999993,2.8));
#4906=CARTESIAN_POINT('Origin',(165.50000074707,-109.500000747,2.8));
#4907=CARTESIAN_POINT('',(165.7,-109.5000006225,2.8));
#4908=CARTESIAN_POINT('Origin',(165.50000074707,-109.500000747,2.8));
#4909=CARTESIAN_POINT('',(165.7,-109.5000006225,9.2));
#4910=CARTESIAN_POINT('Origin',(165.50000074707,-109.500000747,9.2));
#4911=CARTESIAN_POINT('',(165.7,-109.5000006225,2.8));
#4912=CARTESIAN_POINT('Origin',(165.699999999995,-107.499999850582,2.8));
#4913=CARTESIAN_POINT('',(165.699999999995,-107.499999850582,2.8));
#4914=CARTESIAN_POINT('',(165.699999999859,-53.7499999250807,2.8));
#4915=CARTESIAN_POINT('',(165.699999999995,-107.499999850582,9.2));
#4916=CARTESIAN_POINT('',(165.7,-109.5000006225,9.2));
#4917=CARTESIAN_POINT('',(165.699999999995,-107.499999850582,2.8));
#4918=CARTESIAN_POINT('Origin',(167.49999925292,-107.4999992529,2.8));
#4919=CARTESIAN_POINT('',(167.500000933854,-105.699999999976,2.8));
#4920=CARTESIAN_POINT('Origin',(167.49999925292,-107.4999992529,2.8));
#4921=CARTESIAN_POINT('',(167.500000933854,-105.699999999976,9.2));
#4922=CARTESIAN_POINT('Origin',(167.49999925292,-107.4999992529,9.2));
#4923=CARTESIAN_POINT('',(167.500000933854,-105.699999999976,2.8));
#4924=CARTESIAN_POINT('Origin',(179.499999850582,-105.69999999993,2.8));
#4925=CARTESIAN_POINT('',(179.499999850582,-105.69999999993,2.8));
#4926=CARTESIAN_POINT('',(89.7499999254929,-105.700000000273,2.8));
#4927=CARTESIAN_POINT('',(179.499999850582,-105.69999999993,9.2));
#4928=CARTESIAN_POINT('',(167.500000933854,-105.699999999976,9.2));
#4929=CARTESIAN_POINT('',(179.499999850582,-105.69999999993,2.8));
#4930=CARTESIAN_POINT('Origin',(179.50000074707,-105.500000747,2.8));
#4931=CARTESIAN_POINT('',(179.7,-105.5000006225,2.8));
#4932=CARTESIAN_POINT('Origin',(179.50000074707,-105.500000747,2.8));
#4933=CARTESIAN_POINT('',(179.7,-105.5000006225,9.2));
#4934=CARTESIAN_POINT('Origin',(179.50000074707,-105.500000747,9.2));
#4935=CARTESIAN_POINT('',(179.7,-105.5000006225,2.8));
#4936=CARTESIAN_POINT('Origin',(179.69999999999,-70.5000001494164,2.8));
#4937=CARTESIAN_POINT('',(179.69999999999,-70.5000001494164,2.8));
#4938=CARTESIAN_POINT('',(179.69999999998,-35.2500000746818,2.8));
#4939=CARTESIAN_POINT('',(179.69999999999,-70.5000001494164,9.2));
#4940=CARTESIAN_POINT('',(179.7,-105.5000006225,9.2));
#4941=CARTESIAN_POINT('',(179.69999999999,-70.5000001494164,2.8));
#4942=CARTESIAN_POINT('Origin',(179.50000074707,-70.49999925292,2.8));
#4943=CARTESIAN_POINT('',(179.500000622559,-70.2999999999998,2.8));
#4944=CARTESIAN_POINT('Origin',(179.50000074707,-70.49999925292,2.8));
#4945=CARTESIAN_POINT('',(179.500000622559,-70.2999999999998,9.2));
#4946=CARTESIAN_POINT('Origin',(179.50000074707,-70.49999925292,9.2));
#4947=CARTESIAN_POINT('',(179.500000622559,-70.2999999999998,2.8));
#4948=CARTESIAN_POINT('Origin',(163.499999850584,-70.2999999999948,2.8));
#4949=CARTESIAN_POINT('',(163.499999850584,-70.2999999999949,2.8));
#4950=CARTESIAN_POINT('',(81.7499999252809,-70.2999999999694,2.8));
#4951=CARTESIAN_POINT('',(163.499999850584,-70.2999999999949,9.2));
#4952=CARTESIAN_POINT('',(179.500000622559,-70.2999999999998,9.2));
#4953=CARTESIAN_POINT('',(163.499999850584,-70.2999999999949,2.8));
#4954=CARTESIAN_POINT('Origin',(163.49999925292,-68.50000074707,2.8));
#4955=CARTESIAN_POINT('',(161.699999999996,-68.4999990661614,2.8));
#4956=CARTESIAN_POINT('Origin',(163.49999925292,-68.50000074707,2.8));
#4957=CARTESIAN_POINT('',(161.699999999996,-68.4999990661614,9.2));
#4958=CARTESIAN_POINT('Origin',(163.49999925292,-68.50000074707,9.2));
#4959=CARTESIAN_POINT('',(161.699999999996,-68.4999990661614,2.8));
#4960=CARTESIAN_POINT('Origin',(161.69999999999,-57.5000001494166,2.8));
#4961=CARTESIAN_POINT('',(161.69999999999,-57.5000001494166,2.8));
#4962=CARTESIAN_POINT('',(161.699999999975,-28.7500000746652,2.8));
#4963=CARTESIAN_POINT('',(161.69999999999,-57.5000001494166,9.2));
#4964=CARTESIAN_POINT('',(161.699999999996,-68.4999990661614,9.2));
#4965=CARTESIAN_POINT('',(161.69999999999,-57.5000001494166,2.8));
#4966=CARTESIAN_POINT('Origin',(161.50000074707,-57.49999925292,2.8));
#4967=CARTESIAN_POINT('',(161.500000622559,-57.2999999999997,2.8));
#4968=CARTESIAN_POINT('Origin',(161.50000074707,-57.49999925292,2.8));
#4969=CARTESIAN_POINT('',(161.500000622559,-57.2999999999997,9.2));
#4970=CARTESIAN_POINT('Origin',(161.50000074707,-57.49999925292,9.2));
#4971=CARTESIAN_POINT('',(161.500000622559,-57.2999999999997,2.8));
#4972=CARTESIAN_POINT('Origin',(149.499999850583,-57.2999999999948,2.8));
#4973=CARTESIAN_POINT('',(149.499999850583,-57.2999999999949,2.8));
#4974=CARTESIAN_POINT('',(74.7499999252799,-57.2999999999639,2.8));
#4975=CARTESIAN_POINT('',(149.499999850583,-57.2999999999949,9.2));
#4976=CARTESIAN_POINT('',(161.500000622559,-57.2999999999997,9.2));
#4977=CARTESIAN_POINT('',(149.499999850583,-57.2999999999949,2.8));
#4978=CARTESIAN_POINT('Origin',(149.49999925292,-55.50000074707,2.8));
#4979=CARTESIAN_POINT('',(147.699999999996,-55.4999990661613,2.8));
#4980=CARTESIAN_POINT('Origin',(149.49999925292,-55.50000074707,2.8));
#4981=CARTESIAN_POINT('',(147.699999999996,-55.4999990661613,9.2));
#4982=CARTESIAN_POINT('Origin',(149.49999925292,-55.50000074707,9.2));
#4983=CARTESIAN_POINT('',(147.699999999996,-55.4999990661613,2.8));
#4984=CARTESIAN_POINT('Origin',(147.69999999999,-47.5000001494168,2.8));
#4985=CARTESIAN_POINT('',(147.69999999999,-47.5000001494168,2.8));
#4986=CARTESIAN_POINT('',(147.699999999973,-23.7500000746544,2.8));
#4987=CARTESIAN_POINT('',(147.69999999999,-47.5000001494168,9.2));
#4988=CARTESIAN_POINT('',(147.699999999996,-55.4999990661613,9.2));
#4989=CARTESIAN_POINT('',(147.69999999999,-47.5000001494168,2.8));
#4990=CARTESIAN_POINT('Origin',(147.50000074707,-47.49999925292,2.8));
#4991=CARTESIAN_POINT('',(147.500000622559,-47.2999999999998,2.8));
#4992=CARTESIAN_POINT('Origin',(147.50000074707,-47.49999925292,2.8));
#4993=CARTESIAN_POINT('',(147.500000622559,-47.2999999999998,9.2));
#4994=CARTESIAN_POINT('Origin',(147.50000074707,-47.49999925292,9.2));
#4995=CARTESIAN_POINT('',(147.500000622559,-47.2999999999998,2.8));
#4996=CARTESIAN_POINT('Origin',(127.000000533426,-47.2999999999939,2.8));
#4997=CARTESIAN_POINT('',(127.000000533426,-47.2999999999948,2.8));
#4998=CARTESIAN_POINT('',(63.5000002667064,-47.2999999999757,2.8));
#4999=CARTESIAN_POINT('',(127.000000533426,-47.2999999999948,9.2));
#5000=CARTESIAN_POINT('',(147.500000622559,-47.2999999999998,9.2));
#5001=CARTESIAN_POINT('',(127.000000533426,-47.2999999999948,2.8));
#5002=CARTESIAN_POINT('Origin',(127.00000133357,-45.99999866642,2.8));
#5003=CARTESIAN_POINT('',(125.73508921522,-46.2999999999968,2.8));
#5004=CARTESIAN_POINT('Origin',(127.00000133357,-45.99999866642,2.8));
#5005=CARTESIAN_POINT('',(125.73508921522,-46.2999999999968,9.2));
#5006=CARTESIAN_POINT('Origin',(127.00000133357,-45.99999866642,9.2));
#5007=CARTESIAN_POINT('',(125.73508921522,-46.2999999999968,2.8));
#5008=CARTESIAN_POINT('Origin',(106.500000149416,-46.3000000000001,2.8));
#5009=CARTESIAN_POINT('',(106.500000149416,-46.3000000000001,2.8));
#5010=CARTESIAN_POINT('',(53.250000074712,-46.300000000009,2.8));
#5011=CARTESIAN_POINT('',(106.500000149416,-46.3000000000001,9.2));
#5012=CARTESIAN_POINT('',(125.73508921522,-46.2999999999968,9.2));
#5013=CARTESIAN_POINT('',(106.500000149416,-46.3000000000001,2.8));
#5014=CARTESIAN_POINT('Origin',(106.49999925292,-46.49999925292,2.8));
#5015=CARTESIAN_POINT('',(106.3,-46.4999993774326,2.8));
#5016=CARTESIAN_POINT('Origin',(106.49999925292,-46.49999925292,2.8));
#5017=CARTESIAN_POINT('',(106.3,-46.4999993774326,9.2));
#5018=CARTESIAN_POINT('Origin',(106.49999925292,-46.49999925292,9.2));
#5019=CARTESIAN_POINT('',(106.3,-46.4999993774326,2.8));
#5020=CARTESIAN_POINT('Origin',(106.299999999995,-47.0000001494246,2.8));
#5021=CARTESIAN_POINT('',(106.299999999995,-47.0000001494246,2.8));
#5022=CARTESIAN_POINT('',(106.300000000229,-23.500000075241,2.8));
#5023=CARTESIAN_POINT('',(106.299999999995,-47.0000001494246,9.2));
#5024=CARTESIAN_POINT('',(106.3,-46.4999993774326,9.2));
#5025=CARTESIAN_POINT('',(106.299999999995,-47.0000001494246,2.8));
#5026=CARTESIAN_POINT('Origin',(104.50000074707,-47.00000074707,2.8));
#5027=CARTESIAN_POINT('',(104.499999066162,-48.7999999999942,2.8));
#5028=CARTESIAN_POINT('Origin',(104.50000074707,-47.00000074707,2.8));
#5029=CARTESIAN_POINT('',(104.499999066162,-48.7999999999942,9.2));
#5030=CARTESIAN_POINT('Origin',(104.50000074707,-47.00000074707,9.2));
#5031=CARTESIAN_POINT('',(104.499999066162,-48.7999999999942,2.8));
#5032=CARTESIAN_POINT('Origin',(86.2500001494151,-48.7999999999951,2.8));
#5033=CARTESIAN_POINT('',(86.2500001494151,-48.7999999999951,2.8));
#5034=CARTESIAN_POINT('',(43.1250000747087,-48.7999999999971,2.8));
#5035=CARTESIAN_POINT('',(86.2500001494151,-48.7999999999951,9.2));
#5036=CARTESIAN_POINT('',(104.499999066162,-48.7999999999942,9.2));
#5037=CARTESIAN_POINT('',(86.2500001494151,-48.7999999999951,2.8));
#5038=CARTESIAN_POINT('Origin',(86.249999252925,-48.99999925292,2.8));
#5039=CARTESIAN_POINT('',(86.0499999999998,-48.9999993774329,2.8));
#5040=CARTESIAN_POINT('Origin',(86.249999252925,-48.99999925292,2.8));
#5041=CARTESIAN_POINT('',(86.0499999999998,-48.9999993774329,9.2));
#5042=CARTESIAN_POINT('Origin',(86.249999252925,-48.99999925292,9.2));
#5043=CARTESIAN_POINT('',(86.0499999999998,-48.9999993774329,2.8));
#5044=CARTESIAN_POINT('Origin',(86.0499999999998,-49.5000001494145,2.8));
#5045=CARTESIAN_POINT('',(86.0499999999999,-49.5000001494145,2.8));
#5046=CARTESIAN_POINT('',(86.049999999998,-24.7500000747042,2.8));
#5047=CARTESIAN_POINT('',(86.0499999999999,-49.5000001494145,9.2));
#5048=CARTESIAN_POINT('',(86.0499999999998,-48.9999993774329,9.2));
#5049=CARTESIAN_POINT('',(86.0499999999999,-49.5000001494145,2.8));
#5050=CARTESIAN_POINT('Origin',(84.250000747075,-49.50000074707,2.8));
#5051=CARTESIAN_POINT('',(84.2499990661554,-51.2999999999942,2.8));
#5052=CARTESIAN_POINT('Origin',(84.250000747075,-49.50000074707,2.8));
#5053=CARTESIAN_POINT('',(84.2499990661554,-51.2999999999942,9.2));
#5054=CARTESIAN_POINT('Origin',(84.250000747075,-49.50000074707,9.2));
#5055=CARTESIAN_POINT('',(84.2499990661554,-51.2999999999942,2.8));
#5056=CARTESIAN_POINT('Origin',(50.5000001494151,-51.2999999999951,2.8));
#5057=CARTESIAN_POINT('',(50.5000001494151,-51.2999999999951,2.8));
#5058=CARTESIAN_POINT('',(25.2500000747082,-51.2999999999957,2.8));
#5059=CARTESIAN_POINT('',(50.5000001494151,-51.2999999999951,9.2));
#5060=CARTESIAN_POINT('',(84.2499990661554,-51.2999999999942,9.2));
#5061=CARTESIAN_POINT('',(50.5000001494151,-51.2999999999951,2.8));
#5062=CARTESIAN_POINT('Origin',(50.499999252925,-51.49999925292,2.8));
#5063=CARTESIAN_POINT('',(50.2999999999998,-51.499999377433,2.8));
#5064=CARTESIAN_POINT('Origin',(50.499999252925,-51.49999925292,2.8));
#5065=CARTESIAN_POINT('',(50.2999999999998,-51.499999377433,9.2));
#5066=CARTESIAN_POINT('Origin',(50.499999252925,-51.49999925292,9.2));
#5067=CARTESIAN_POINT('',(50.2999999999998,-51.499999377433,2.8));
#5068=CARTESIAN_POINT('Origin',(50.3000000000039,-104.854916645384,2.8));
#5069=CARTESIAN_POINT('',(50.3000000000229,-104.854916645384,2.8));
#5070=CARTESIAN_POINT('',(50.2999999999998,-52.42745832269,2.8));
#5071=CARTESIAN_POINT('',(50.3000000000229,-104.854916645384,9.2));
#5072=CARTESIAN_POINT('',(50.2999999999998,-51.499999377433,9.2));
#5073=CARTESIAN_POINT('',(50.3000000000229,-104.854916645384,2.8));
#5074=CARTESIAN_POINT('Origin',(44.499941375652,-104.8548841342,2.8));
#5075=CARTESIAN_POINT('',(47.4000061073937,-109.877861796793,2.8));
#5076=CARTESIAN_POINT('Origin',(44.499941375652,-104.8548841342,2.8));
#5077=CARTESIAN_POINT('',(47.4000061073937,-109.877861796793,9.2));
#5078=CARTESIAN_POINT('Origin',(44.499941375652,-104.8548841342,9.2));
#5079=CARTESIAN_POINT('',(47.4000061073937,-109.877861796793,2.8));
#5080=CARTESIAN_POINT('Origin',(38.3558258323174,-115.099521662679,2.8));
#5081=CARTESIAN_POINT('',(38.3558258323174,-115.099521662679,2.8));
#5082=CARTESIAN_POINT('',(48.8921683858646,-109.016361511979,2.8));
#5083=CARTESIAN_POINT('',(38.3558258323174,-115.099521662679,9.2));
#5084=CARTESIAN_POINT('',(47.4000061073937,-109.877861796793,9.2));
#5085=CARTESIAN_POINT('',(38.3558258323174,-115.099521662679,2.8));
#5086=CARTESIAN_POINT('Origin',(38.455887497404,-115.2727892153,2.8));
#5087=CARTESIAN_POINT('',(38.2825815692031,-115.372784399492,2.8));
#5088=CARTESIAN_POINT('Origin',(38.455887497404,-115.2727892153,2.8));
#5089=CARTESIAN_POINT('',(38.2825815692031,-115.372784399492,9.2));
#5090=CARTESIAN_POINT('Origin',(38.455887497404,-115.2727892153,9.2));
#5091=CARTESIAN_POINT('',(38.2825815692031,-115.372784399492,2.8));
#5092=CARTESIAN_POINT('Origin',(47.4150421148452,-131.190670156073,2.8));
#5093=CARTESIAN_POINT('',(47.4150421148452,-131.190670156073,2.8));
#5094=CARTESIAN_POINT('',(13.084548713191,-71.7285109843539,2.8));
#5095=CARTESIAN_POINT('',(47.4150421148452,-131.190670156073,9.2));
#5096=CARTESIAN_POINT('',(38.2825815692031,-115.372784399492,9.2));
#5097=CARTESIAN_POINT('',(47.4150421148452,-131.190670156073,2.8));
#5098=CARTESIAN_POINT('Origin',(47.588189890547,-131.0907561307,2.8));
#5099=CARTESIAN_POINT('',(47.6399740172516,-131.283839967019,2.8));
#5100=CARTESIAN_POINT('Origin',(47.588189890547,-131.0907561307,2.8));
#5101=CARTESIAN_POINT('',(47.6399740172516,-131.283839967019,9.2));
#5102=CARTESIAN_POINT('Origin',(47.588189890547,-131.0907561307,9.2));
#5103=CARTESIAN_POINT('',(47.6399740172516,-131.283839967019,2.8));
#5104=CARTESIAN_POINT('Origin',(82.5573955082134,-121.927744517638,2.8));
#5105=CARTESIAN_POINT('',(82.5573955082134,-121.927744517638,2.8));
#5106=CARTESIAN_POINT('',(59.2848153478551,-128.163613950037,2.8));
#5107=CARTESIAN_POINT('',(82.5573955082134,-121.927744517638,9.2));
#5108=CARTESIAN_POINT('',(47.6399740172516,-131.283839967019,9.2));
#5109=CARTESIAN_POINT('',(82.5573955082134,-121.927744517638,2.8));
#5110=CARTESIAN_POINT('Origin',(82.505544690929,-121.7344799621,2.8));
#5111=CARTESIAN_POINT('',(82.6988323089311,-121.682715202356,2.8));
#5112=CARTESIAN_POINT('Origin',(82.505544690929,-121.7344799621,2.8));
#5113=CARTESIAN_POINT('',(82.6988323089311,-121.682715202356,9.2));
#5114=CARTESIAN_POINT('Origin',(82.505544690929,-121.7344799621,9.2));
#5115=CARTESIAN_POINT('',(82.6988323089311,-121.682715202356,2.8));
#5116=CARTESIAN_POINT('Origin',(79.8367163350072,-111.001150221251,2.8));
#5117=CARTESIAN_POINT('',(79.8367163350072,-111.001150221251,2.8));
#5118=CARTESIAN_POINT('',(63.2875539758936,-49.2388195776804,2.8));
#5119=CARTESIAN_POINT('',(79.8367163350072,-111.001150221251,9.2));
#5120=CARTESIAN_POINT('',(82.6988323089311,-121.682715202356,9.2));
#5121=CARTESIAN_POINT('',(79.8367163350072,-111.001150221251,2.8));
#5122=CARTESIAN_POINT('Origin',(85.439087190721,-109.5000007664,2.8));
#5123=CARTESIAN_POINT('',(85.4390857519377,-103.699999999956,2.8));
#5124=CARTESIAN_POINT('Origin',(85.439087190721,-109.5000007664,2.8));
#5125=CARTESIAN_POINT('',(85.4390857519377,-103.699999999956,9.2));
#5126=CARTESIAN_POINT('Origin',(85.439087190721,-109.5000007664,9.2));
#5127=CARTESIAN_POINT('',(85.4390857519377,-103.699999999956,2.8));
#5128=CARTESIAN_POINT('Origin',(89.4999998505773,-103.699999999925,2.8));
#5129=CARTESIAN_POINT('',(89.4999998505773,-103.699999999925,2.8));
#5130=CARTESIAN_POINT('',(44.7499999256844,-103.700000000267,2.8));
#5131=CARTESIAN_POINT('',(89.4999998505773,-103.699999999925,9.2));
#5132=CARTESIAN_POINT('',(85.4390857519377,-103.699999999956,9.2));
#5133=CARTESIAN_POINT('',(89.4999998505773,-103.699999999925,2.8));
#5134=CARTESIAN_POINT('Origin',(89.500000747075,-103.500000747,2.8));
#5135=CARTESIAN_POINT('',(89.7000000000005,-103.500000597597,2.8));
#5136=CARTESIAN_POINT('Origin',(89.500000747075,-103.500000747,2.8));
#5137=CARTESIAN_POINT('',(89.7000000000005,-103.500000597597,9.2));
#5138=CARTESIAN_POINT('Origin',(89.500000747075,-103.500000747,9.2));
#5139=CARTESIAN_POINT('',(89.7000000000005,-103.500000597597,2.8));
#5140=CARTESIAN_POINT('Origin',(91.499999252925,-103.4999992529,2.8));
#5141=CARTESIAN_POINT('',(91.5000009338449,-101.699999999976,2.8));
#5142=CARTESIAN_POINT('Origin',(91.499999252925,-103.4999992529,2.8));
#5143=CARTESIAN_POINT('',(91.5000009338449,-101.699999999976,9.2));
#5144=CARTESIAN_POINT('Origin',(91.499999252925,-103.4999992529,9.2));
#5145=CARTESIAN_POINT('',(91.5000009338449,-101.699999999976,2.8));
#5146=CARTESIAN_POINT('Origin',(115.250000149414,-101.699999999975,2.8));
#5147=CARTESIAN_POINT('',(115.250000149414,-101.699999999975,2.8));
#5148=CARTESIAN_POINT('',(57.625000074708,-101.699999999976,2.8));
#5149=CARTESIAN_POINT('',(115.250000149414,-101.699999999975,9.2));
#5150=CARTESIAN_POINT('',(91.5000009338449,-101.699999999976,9.2));
#5151=CARTESIAN_POINT('',(115.250000149414,-101.699999999975,2.8));
#5152=CARTESIAN_POINT('Origin',(115.250000149414,-102.199999999975,2.8));
#5153=CARTESIAN_POINT('Origin',(115.250000149414,-102.199999999975,2.8));
#5154=CARTESIAN_POINT('Origin',(115.250000149414,-102.199999999975,9.2));
#5155=CARTESIAN_POINT('Origin',(108.977901280706,-88.7953317591576,9.2));
#5156=CARTESIAN_POINT('',(131.999999850586,-127.19999999993,9.2));
#5157=CARTESIAN_POINT('',(120.488950565915,-127.200000000091,9.2));
#5158=CARTESIAN_POINT('',(133.2,-126.,9.2));
#5159=CARTESIAN_POINT('Origin',(132.00000074707,-126.000000747,9.2));
#5160=CARTESIAN_POINT('',(133.2,-110.7,9.2));
#5161=CARTESIAN_POINT('',(133.2,-99.7476658795786,9.2));
#5162=CARTESIAN_POINT('',(165.499999850586,-110.69999999993,9.2));
#5163=CARTESIAN_POINT('',(137.238950565669,-110.699999999991,9.2));
#5164=CARTESIAN_POINT('',(166.7,-109.5,9.2));
#5165=CARTESIAN_POINT('Origin',(165.50000074707,-109.500000747,9.2));
#5166=CARTESIAN_POINT('',(166.699999999995,-107.49999985058,9.2));
#5167=CARTESIAN_POINT('',(166.699999999973,-98.1476658047995,9.2));
#5168=CARTESIAN_POINT('',(167.500000000001,-106.699999999975,9.2));
#5169=CARTESIAN_POINT('Origin',(167.49999925292,-107.4999992529,9.2));
#5170=CARTESIAN_POINT('',(179.499999850586,-106.69999999993,9.2));
#5171=CARTESIAN_POINT('',(144.23895056568,-106.700000000063,9.2));
#5172=CARTESIAN_POINT('',(180.7,-105.5,9.2));
#5173=CARTESIAN_POINT('Origin',(179.50000074707,-105.500000747,9.2));
#5174=CARTESIAN_POINT('',(180.69999999999,-70.5000001494161,9.2));
#5175=CARTESIAN_POINT('',(180.699999999993,-79.6476659542766,9.2));
#5176=CARTESIAN_POINT('',(179.5,-69.3,9.2));
#5177=CARTESIAN_POINT('Origin',(179.50000074707,-70.49999925292,9.2));
#5178=CARTESIAN_POINT('',(163.499999850584,-69.2999999999948,9.2));
#5179=CARTESIAN_POINT('',(136.238950565648,-69.2999999999859,9.2));
#5180=CARTESIAN_POINT('',(162.699999999995,-68.4999999999999,9.2));
#5181=CARTESIAN_POINT('Origin',(163.49999925292,-68.50000074707,9.2));
#5182=CARTESIAN_POINT('',(162.69999999999,-57.5000001494161,9.2));
#5183=CARTESIAN_POINT('',(162.699999999998,-73.1476659542735,9.2));
#5184=CARTESIAN_POINT('',(161.5,-56.3,9.2));
#5185=CARTESIAN_POINT('Origin',(161.50000074707,-57.49999925292,9.2));
#5186=CARTESIAN_POINT('',(149.499999850584,-56.2999999999948,9.2));
#5187=CARTESIAN_POINT('',(129.238950565652,-56.299999999986,9.2));
#5188=CARTESIAN_POINT('',(148.699999999995,-55.4999999999999,9.2));
#5189=CARTESIAN_POINT('Origin',(149.49999925292,-55.50000074707,9.2));
#5190=CARTESIAN_POINT('',(148.69999999999,-47.5000001494161,9.2));
#5191=CARTESIAN_POINT('',(148.700000000004,-68.1476659542734,9.2));
#5192=CARTESIAN_POINT('',(147.5,-46.3,9.2));
#5193=CARTESIAN_POINT('Origin',(147.50000074707,-47.49999925292,9.2));
#5194=CARTESIAN_POINT('',(127.000000533427,-46.299999999994,9.2));
#5195=CARTESIAN_POINT('',(117.988950907072,-46.2999999999913,9.2));
#5196=CARTESIAN_POINT('',(126.699999999996,-45.9999994665734,9.2));
#5197=CARTESIAN_POINT('Origin',(127.00000133357,-45.99999866642,9.2));
#5198=CARTESIAN_POINT('',(126.,-45.2999999999968,9.2));
#5199=CARTESIAN_POINT('Origin',(125.99999866642,-46.00000133357,9.2));
#5200=CARTESIAN_POINT('',(106.500000149416,-45.3000000000001,9.2));
#5201=CARTESIAN_POINT('',(107.738950715057,-45.2999999999999,9.2));
#5202=CARTESIAN_POINT('',(105.3,-46.4999999999979,9.2));
#5203=CARTESIAN_POINT('Origin',(106.49999925292,-46.49999925292,9.2));
#5204=CARTESIAN_POINT('',(105.299999999995,-47.0000001494141,9.2));
#5205=CARTESIAN_POINT('',(105.299999999777,-67.8976659542667,9.2));
#5206=CARTESIAN_POINT('',(104.5,-47.7999999999947,9.2));
#5207=CARTESIAN_POINT('Origin',(104.50000074707,-47.00000074707,9.2));
#5208=CARTESIAN_POINT('',(86.2500001494151,-47.7999999999951,9.2));
#5209=CARTESIAN_POINT('',(97.6139507150599,-47.7999999999948,9.2));
#5210=CARTESIAN_POINT('',(85.05,-48.9999999999999,9.2));
#5211=CARTESIAN_POINT('Origin',(86.249999252925,-48.99999925292,9.2));
#5212=CARTESIAN_POINT('',(85.0499999999998,-49.5000001494141,9.2));
#5213=CARTESIAN_POINT('',(85.0499999999914,-69.1476659542808,9.2));
#5214=CARTESIAN_POINT('',(84.25,-50.2999999999946,9.2));
#5215=CARTESIAN_POINT('Origin',(84.250000747075,-49.50000074707,9.2));
#5216=CARTESIAN_POINT('',(50.5000001494151,-50.2999999999951,9.2));
#5217=CARTESIAN_POINT('',(79.7389507150602,-50.2999999999947,9.2));
#5218=CARTESIAN_POINT('',(49.3,-51.5,9.2));
#5219=CARTESIAN_POINT('Origin',(50.499999252925,-51.49999925292,9.2));
#5220=CARTESIAN_POINT('',(49.3000000000039,-104.854916645384,9.2));
#5221=CARTESIAN_POINT('',(49.3000000000033,-96.8251242022729,9.2));
#5222=CARTESIAN_POINT('',(46.9000000006432,-109.011839918771,9.2));
#5223=CARTESIAN_POINT('Origin',(44.499941375652,-104.8548841342,9.2));
#5224=CARTESIAN_POINT('',(37.8557635978188,-114.233532192835,9.2));
#5225=CARTESIAN_POINT('',(70.0340972761944,-95.6553627514273,9.2));
#5226=CARTESIAN_POINT('',(37.4165366654845,-115.872750632274,9.2));
#5227=CARTESIAN_POINT('Origin',(38.455887497404,-115.2727892153,9.2));
#5228=CARTESIAN_POINT('',(46.5490003494317,-131.6906418169,9.2));
#5229=CARTESIAN_POINT('',(45.065505874216,-129.121153999185,9.2));
#5230=CARTESIAN_POINT('',(47.8988247145959,-132.249757314914,9.2));
#5231=CARTESIAN_POINT('Origin',(47.588189890547,-131.0907561307,9.2));
#5232=CARTESIAN_POINT('',(82.8162583682845,-122.893658603741,9.2));
#5233=CARTESIAN_POINT('',(99.2831219171739,-118.481375549016,9.2));
#5234=CARTESIAN_POINT('',(83.6647797325311,-121.423976772176,9.2));
#5235=CARTESIAN_POINT('Origin',(82.505544690929,-121.7344799621,9.2));
#5236=CARTESIAN_POINT('',(80.8026421780268,-110.742331238588,9.2));
#5237=CARTESIAN_POINT('',(79.0029596424734,-104.025822841736,9.2));
#5238=CARTESIAN_POINT('',(85.4390860000037,-104.699999999956,9.2));
#5239=CARTESIAN_POINT('Origin',(85.439087190721,-109.5000007664,9.2));
#5240=CARTESIAN_POINT('',(89.4999998505849,-104.699999999925,9.2));
#5241=CARTESIAN_POINT('',(99.2389505657059,-104.699999999851,9.2));
#5242=CARTESIAN_POINT('',(90.7000000000002,-103.49999985058,9.2));
#5243=CARTESIAN_POINT('Origin',(89.500000747075,-103.500000747,9.2));
#5244=CARTESIAN_POINT('',(91.5000000000001,-102.699999999975,9.2));
#5245=CARTESIAN_POINT('Origin',(91.499999252925,-103.4999992529,9.2));
#5246=CARTESIAN_POINT('',(112.363642719141,-102.6999986904,9.2));
#5247=CARTESIAN_POINT('Origin',(0.,0.,2.8));
#5248=CARTESIAN_POINT('',(125.000000149414,-102.699999999975,2.8));
#5249=CARTESIAN_POINT('',(125.000000149414,-102.699999999975,2.8));
#5250=CARTESIAN_POINT('',(125.799999999995,-103.5,2.8));
#5251=CARTESIAN_POINT('Origin',(125.00000074707,-103.4999992529,2.8));
#5252=CARTESIAN_POINT('',(125.79999999992,-125.9999998506,2.8));
#5253=CARTESIAN_POINT('',(125.79999999992,-125.9999998506,2.8));
#5254=CARTESIAN_POINT('Origin',(126.99999925292,-126.000000747,2.8));
#5255=CARTESIAN_POINT('',(145.5,-49.4,2.8));
#5256=CARTESIAN_POINT('Origin',(145.5,-50.5,2.8));
#5257=CARTESIAN_POINT('',(88.,-49.65,2.8));
#5258=CARTESIAN_POINT('Origin',(88.,-50.75,2.8));
#5259=CARTESIAN_POINT('',(163.5,-106.4,2.8));
#5260=CARTESIAN_POINT('Origin',(163.5,-107.5,2.8));
#5261=CARTESIAN_POINT('',(137.5,-106.4,2.8));
#5262=CARTESIAN_POINT('Origin',(137.5,-107.5,2.8));
#5263=CARTESIAN_POINT('',(58.,-106.4,2.8));
#5264=CARTESIAN_POINT('Origin',(58.,-107.5,2.8));
#5265=CARTESIAN_POINT('Origin',(91.499999252925,-103.4999992529,0.));
#5266=CARTESIAN_POINT('',(90.7000000000002,-103.49999985058,14.7));
#5267=CARTESIAN_POINT('',(90.7000000000002,-103.49999985058,0.));
#5268=CARTESIAN_POINT('',(91.5000000000001,-102.699999999975,14.7));
#5269=CARTESIAN_POINT('Origin',(91.499999252925,-103.4999992529,14.7));
#5270=CARTESIAN_POINT('',(91.5000000000001,-102.699999999975,8.));
#5271=CARTESIAN_POINT('Origin',(108.977901280691,-88.7953317591718,14.7));
#5272=CARTESIAN_POINT('',(55.3999999999999,-50.2999999999949,14.7));
#5273=CARTESIAN_POINT('',(55.3999999999999,-47.2999999999949,14.7));
#5274=CARTESIAN_POINT('',(55.3999999999999,-69.5476658795833,14.7));
#5275=CARTESIAN_POINT('',(50.5000001494151,-47.2999999999949,14.7));
#5276=CARTESIAN_POINT('',(82.409426865295,-47.2999999999947,14.7));
#5277=CARTESIAN_POINT('',(46.3000000000006,-51.5000018677012,14.7));
#5278=CARTESIAN_POINT('Origin',(50.499999252925,-51.49999925292,14.7));
#5279=CARTESIAN_POINT('',(46.3000000000039,-104.854906485763,14.7));
#5280=CARTESIAN_POINT('',(46.3000000000006,-51.5000018677012,14.7));
#5281=CARTESIAN_POINT('',(45.3999908456421,-106.413768993057,14.7));
#5282=CARTESIAN_POINT('Origin',(44.499941375652,-104.8548841342,14.7));
#5283=CARTESIAN_POINT('',(36.3556618191861,-111.635514745266,14.7));
#5284=CARTESIAN_POINT('',(45.3999908456421,-106.413768993057,14.7));
#5285=CARTESIAN_POINT('',(34.8184019656891,-117.372649324062,14.7));
#5286=CARTESIAN_POINT('Origin',(38.455887497404,-115.2727892153,14.7));
#5287=CARTESIAN_POINT('',(43.9508750541656,-133.190556798817,14.7));
#5288=CARTESIAN_POINT('',(34.8184019656891,-117.372649324062,14.7));
#5289=CARTESIAN_POINT('',(48.6752879790875,-135.147533153248,14.7));
#5290=CARTESIAN_POINT('Origin',(47.588189890547,-131.0907561307,14.7));
#5291=CARTESIAN_POINT('',(83.5928469479364,-125.791400859962,14.7));
#5292=CARTESIAN_POINT('',(48.6752879790875,-135.147533153248,14.7));
#5293=CARTESIAN_POINT('',(84.2688541028078,-125.610265715155,14.7));
#5294=CARTESIAN_POINT('',(83.5928469479364,-125.791400859962,14.7));
#5295=CARTESIAN_POINT('',(84.9759609631642,-124.385520889472,14.7));
#5296=CARTESIAN_POINT('Origin',(84.0100351201446,-124.644339872135,14.7));
#5297=CARTESIAN_POINT('',(81.2856051230649,-110.612921835065,14.7));
#5298=CARTESIAN_POINT('',(84.9759609631642,-124.385520889472,14.7));
#5299=CARTESIAN_POINT('',(85.4390860000075,-105.199999999956,14.7));
#5300=CARTESIAN_POINT('Origin',(85.439087190721,-109.5000007664,14.7));
#5301=CARTESIAN_POINT('',(89.4999994770471,-105.199999999925,14.7));
#5302=CARTESIAN_POINT('',(85.4390860000075,-105.199999999956,14.7));
#5303=CARTESIAN_POINT('',(91.2000000000001,-103.49999947703,14.7));
#5304=CARTESIAN_POINT('Origin',(89.500000747075,-103.500000747,14.7));
#5305=CARTESIAN_POINT('',(91.5000000000001,-103.199999999976,14.7));
#5306=CARTESIAN_POINT('Origin',(91.499999252925,-103.4999992529,14.7));
#5307=CARTESIAN_POINT('',(115.750000149414,-103.199997716838,14.7));
#5308=CARTESIAN_POINT('',(91.5000000000001,-103.199999999976,14.7));
#5309=CARTESIAN_POINT('',(115.749383284804,-102.699998477883,14.7));
#5310=CARTESIAN_POINT('Origin',(115.750000149414,-102.949997716838,14.7));
#5311=CARTESIAN_POINT('',(115.749383284804,-102.699998477883,14.7));
#5312=CARTESIAN_POINT('',(89.4999998505849,-104.699999999925,14.7));
#5313=CARTESIAN_POINT('Origin',(89.500000747075,-103.500000747,14.7));
#5314=CARTESIAN_POINT('',(85.4390860000037,-104.699999999956,14.7));
#5315=CARTESIAN_POINT('',(89.4999998505849,-104.699999999925,14.7));
#5316=CARTESIAN_POINT('',(80.8026421780268,-110.742331238588,14.7));
#5317=CARTESIAN_POINT('Origin',(85.439087190721,-109.5000007664,14.7));
#5318=CARTESIAN_POINT('',(83.6647797325311,-121.423976772176,14.7));
#5319=CARTESIAN_POINT('',(80.8026421780268,-110.742331238588,14.7));
#5320=CARTESIAN_POINT('',(82.8162583682951,-122.893658603781,14.7));
#5321=CARTESIAN_POINT('Origin',(82.505544690929,-121.7344799621,14.7));
#5322=CARTESIAN_POINT('',(47.8988247145959,-132.249757314914,14.7));
#5323=CARTESIAN_POINT('',(82.8162583682951,-122.893658603781,14.7));
#5324=CARTESIAN_POINT('',(46.5490003494133,-131.690641816911,14.7));
#5325=CARTESIAN_POINT('Origin',(47.588189890547,-131.0907561307,14.7));
#5326=CARTESIAN_POINT('',(37.4165366654845,-115.872750632274,14.7));
#5327=CARTESIAN_POINT('',(46.5490003494133,-131.690641816911,14.7));
#5328=CARTESIAN_POINT('',(37.8557635978037,-114.233532192809,14.7));
#5329=CARTESIAN_POINT('Origin',(38.455887497404,-115.2727892153,14.7));
#5330=CARTESIAN_POINT('',(46.9000000006432,-109.011839918771,14.7));
#5331=CARTESIAN_POINT('',(37.8557635978037,-114.233532192809,14.7));
#5332=CARTESIAN_POINT('',(49.3000000000039,-104.854916645384,14.7));
#5333=CARTESIAN_POINT('Origin',(44.499941375652,-104.8548841342,14.7));
#5334=CARTESIAN_POINT('',(49.3,-51.5,14.7));
#5335=CARTESIAN_POINT('',(49.3000000000039,-104.854916645384,14.7));
#5336=CARTESIAN_POINT('',(50.5000001494151,-50.2999999999951,14.7));
#5337=CARTESIAN_POINT('Origin',(50.499999252925,-51.49999925292,14.7));
#5338=CARTESIAN_POINT('',(50.5000001494151,-50.2999999999951,14.7));
#5339=CARTESIAN_POINT('Origin',(108.977901280691,-88.7953317591718,14.7));
#5340=CARTESIAN_POINT('',(64.5999999999999,-47.2999999999949,14.7));
#5341=CARTESIAN_POINT('',(64.5999999999999,-50.2999999999949,14.7));
#5342=CARTESIAN_POINT('',(64.5999999999999,-69.5476658795833,14.7));
#5343=CARTESIAN_POINT('',(84.25,-50.2999999999946,14.7));
#5344=CARTESIAN_POINT('',(50.5000001494151,-50.2999999999951,14.7));
#5345=CARTESIAN_POINT('',(85.0499999999998,-49.5000001494141,14.7));
#5346=CARTESIAN_POINT('Origin',(84.250000747075,-49.50000074707,14.7));
#5347=CARTESIAN_POINT('',(85.05,-48.9999999999999,14.7));
#5348=CARTESIAN_POINT('',(85.0499999999998,-49.5000001494141,14.7));
#5349=CARTESIAN_POINT('',(86.2500001494151,-47.7999999999951,14.7));
#5350=CARTESIAN_POINT('Origin',(86.249999252925,-48.99999925292,14.7));
#5351=CARTESIAN_POINT('',(104.5,-47.7999999999947,14.7));
#5352=CARTESIAN_POINT('',(86.2500001494151,-47.7999999999951,14.7));
#5353=CARTESIAN_POINT('',(105.299999999995,-47.0000001494141,14.7));
#5354=CARTESIAN_POINT('Origin',(104.50000074707,-47.00000074707,14.7));
#5355=CARTESIAN_POINT('',(105.3,-46.4999999999979,14.7));
#5356=CARTESIAN_POINT('',(105.299999999995,-47.0000001494141,14.7));
#5357=CARTESIAN_POINT('',(106.500000149416,-45.3000000000001,14.7));
#5358=CARTESIAN_POINT('Origin',(106.49999925292,-46.49999925292,14.7));
#5359=CARTESIAN_POINT('',(126.,-45.2999999999968,14.7));
#5360=CARTESIAN_POINT('',(106.500000149416,-45.3000000000001,14.7));
#5361=CARTESIAN_POINT('',(126.699999999992,-45.9999994665734,14.7));
#5362=CARTESIAN_POINT('Origin',(125.99999866642,-46.00000133357,14.7));
#5363=CARTESIAN_POINT('',(127.000000533427,-46.2999999999939,14.7));
#5364=CARTESIAN_POINT('Origin',(127.00000133357,-45.99999866642,14.7));
#5365=CARTESIAN_POINT('',(147.5,-46.3,14.7));
#5366=CARTESIAN_POINT('',(127.000000533427,-46.2999999999939,14.7));
#5367=CARTESIAN_POINT('',(148.69999999999,-47.5000001494161,14.7));
#5368=CARTESIAN_POINT('Origin',(147.50000074707,-47.49999925292,14.7));
#5369=CARTESIAN_POINT('',(148.699999999995,-55.4999999999999,14.7));
#5370=CARTESIAN_POINT('',(148.69999999999,-47.5000001494161,14.7));
#5371=CARTESIAN_POINT('',(149.499999850584,-56.2999999999948,14.7));
#5372=CARTESIAN_POINT('Origin',(149.49999925292,-55.50000074707,14.7));
#5373=CARTESIAN_POINT('',(161.5,-56.3,14.7));
#5374=CARTESIAN_POINT('',(149.499999850584,-56.2999999999948,14.7));
#5375=CARTESIAN_POINT('',(162.69999999999,-57.5000001494161,14.7));
#5376=CARTESIAN_POINT('Origin',(161.50000074707,-57.49999925292,14.7));
#5377=CARTESIAN_POINT('',(162.699999999995,-68.4999999999999,14.7));
#5378=CARTESIAN_POINT('',(162.69999999999,-57.5000001494161,14.7));
#5379=CARTESIAN_POINT('',(163.499999850584,-69.2999999999948,14.7));
#5380=CARTESIAN_POINT('Origin',(163.49999925292,-68.50000074707,14.7));
#5381=CARTESIAN_POINT('',(179.5,-69.3,14.7));
#5382=CARTESIAN_POINT('',(163.499999850584,-69.2999999999948,14.7));
#5383=CARTESIAN_POINT('',(180.69999999999,-70.5000001494161,14.7));
#5384=CARTESIAN_POINT('Origin',(179.50000074707,-70.49999925292,14.7));
#5385=CARTESIAN_POINT('',(180.7,-105.5,14.7));
#5386=CARTESIAN_POINT('',(180.69999999999,-70.5000001494161,14.7));
#5387=CARTESIAN_POINT('',(179.499999850586,-106.69999999993,14.7));
#5388=CARTESIAN_POINT('Origin',(179.50000074707,-105.500000747,14.7));
#5389=CARTESIAN_POINT('',(167.500000000001,-106.699999999975,14.7));
#5390=CARTESIAN_POINT('',(179.499999850586,-106.69999999993,14.7));
#5391=CARTESIAN_POINT('',(166.699999999995,-107.49999985058,14.7));
#5392=CARTESIAN_POINT('Origin',(167.49999925292,-107.4999992529,14.7));
#5393=CARTESIAN_POINT('',(166.7,-109.5,14.7));
#5394=CARTESIAN_POINT('',(166.699999999995,-107.49999985058,14.7));
#5395=CARTESIAN_POINT('',(165.499999850586,-110.69999999993,14.7));
#5396=CARTESIAN_POINT('Origin',(165.50000074707,-109.500000747,14.7));
#5397=CARTESIAN_POINT('',(133.2,-110.7,14.7));
#5398=CARTESIAN_POINT('',(165.499999850586,-110.69999999993,14.7));
#5399=CARTESIAN_POINT('',(133.2,-126.,14.7));
#5400=CARTESIAN_POINT('',(133.2,-110.7,14.7));
#5401=CARTESIAN_POINT('',(131.999999850586,-127.19999999993,14.7));
#5402=CARTESIAN_POINT('Origin',(132.00000074707,-126.000000747,14.7));
#5403=CARTESIAN_POINT('',(127.000000000003,-127.2,14.7));
#5404=CARTESIAN_POINT('',(131.999999850586,-127.19999999993,14.7));
#5405=CARTESIAN_POINT('',(127.000001867712,-130.199999999999,14.7));
#5406=CARTESIAN_POINT('',(127.000000000003,-127.2,14.7));
#5407=CARTESIAN_POINT('',(131.999999850628,-130.19999999993,14.7));
#5408=CARTESIAN_POINT('',(127.000001867712,-130.199999999999,14.7));
#5409=CARTESIAN_POINT('',(136.199999999999,-125.999998132499,14.7));
#5410=CARTESIAN_POINT('Origin',(132.00000074707,-126.000000747,14.7));
#5411=CARTESIAN_POINT('',(136.2,-113.699999999993,14.7));
#5412=CARTESIAN_POINT('',(136.199999999999,-125.999998132499,14.7));
#5413=CARTESIAN_POINT('',(165.499999850592,-113.69999999993,14.7));
#5414=CARTESIAN_POINT('',(136.2,-113.699999999993,14.7));
#5415=CARTESIAN_POINT('',(169.695235427446,-109.699999999967,14.7));
#5416=CARTESIAN_POINT('Origin',(165.50000074707,-109.500000747,14.7));
#5417=CARTESIAN_POINT('',(179.499999850597,-109.69999999993,14.7));
#5418=CARTESIAN_POINT('',(169.695235427446,-109.699999999967,14.7));
#5419=CARTESIAN_POINT('',(183.699999999999,-105.499998132499,14.7));
#5420=CARTESIAN_POINT('Origin',(179.50000074707,-105.500000747,14.7));
#5421=CARTESIAN_POINT('',(183.69999999999,-70.5000001494153,14.7));
#5422=CARTESIAN_POINT('',(183.699999999999,-105.499998132499,14.7));
#5423=CARTESIAN_POINT('',(179.499998132324,-66.3000000000006,14.7));
#5424=CARTESIAN_POINT('Origin',(179.50000074707,-70.49999925292,14.7));
#5425=CARTESIAN_POINT('',(165.699999999994,-66.2999999999955,14.7));
#5426=CARTESIAN_POINT('',(179.499998132324,-66.3000000000006,14.7));
#5427=CARTESIAN_POINT('',(165.69999999999,-57.5000001494146,14.7));
#5428=CARTESIAN_POINT('',(165.699999999994,-66.2999999999955,14.7));
#5429=CARTESIAN_POINT('',(161.499998132324,-53.3000000000006,14.7));
#5430=CARTESIAN_POINT('Origin',(161.50000074707,-57.49999925292,14.7));
#5431=CARTESIAN_POINT('',(151.699999999994,-53.2999999999957,14.7));
#5432=CARTESIAN_POINT('',(161.499998132324,-53.3000000000006,14.7));
#5433=CARTESIAN_POINT('',(151.69999999999,-47.5000001494141,14.7));
#5434=CARTESIAN_POINT('',(151.699999999994,-53.2999999999957,14.7));
#5435=CARTESIAN_POINT('',(147.499998132324,-43.3000000000006,14.7));
#5436=CARTESIAN_POINT('Origin',(147.50000074707,-47.49999925292,14.7));
#5437=CARTESIAN_POINT('',(128.529821321695,-43.2999999999944,14.7));
#5438=CARTESIAN_POINT('',(147.499998132324,-43.3000000000006,14.7));
#5439=CARTESIAN_POINT('',(126.000005715332,-42.3000000000022,14.7));
#5440=CARTESIAN_POINT('Origin',(125.99999866642,-46.00000133357,14.7));
#5441=CARTESIAN_POINT('',(106.500000149416,-42.2999999999999,14.7));
#5442=CARTESIAN_POINT('',(126.000005715332,-42.3000000000022,14.7));
#5443=CARTESIAN_POINT('',(102.659426865295,-44.7999999999947,14.7));
#5444=CARTESIAN_POINT('Origin',(106.49999925292,-46.49999925292,14.7));
#5445=CARTESIAN_POINT('',(86.250000149415,-44.7999999999949,14.7));
#5446=CARTESIAN_POINT('',(102.659426865295,-44.7999999999947,14.7));
#5447=CARTESIAN_POINT('',(82.409426865295,-47.2999999999947,14.7));
#5448=CARTESIAN_POINT('Origin',(86.249999252925,-48.99999925292,14.7));
#5449=CARTESIAN_POINT('',(82.409426865295,-47.2999999999947,14.7));
#5450=CARTESIAN_POINT('Origin',(89.500000747075,-103.500000747,0.));
#5451=CARTESIAN_POINT('',(89.4999998505849,-104.699999999925,0.));
#5452=CARTESIAN_POINT('Origin',(89.4999998505849,-104.699999999925,0.));
#5453=CARTESIAN_POINT('',(85.4390860000037,-104.699999999956,0.));
#5454=CARTESIAN_POINT('Origin',(85.439087190721,-109.5000007664,0.));
#5455=CARTESIAN_POINT('',(80.8026421780268,-110.742331238588,0.));
#5456=CARTESIAN_POINT('Origin',(80.8026421780268,-110.742331238588,0.));
#5457=CARTESIAN_POINT('',(83.6647797325311,-121.423976772176,0.));
#5458=CARTESIAN_POINT('Origin',(82.505544690929,-121.7344799621,0.));
#5459=CARTESIAN_POINT('',(82.8162583682951,-122.893658603781,0.));
#5460=CARTESIAN_POINT('Origin',(82.8162583682951,-122.893658603781,0.));
#5461=CARTESIAN_POINT('',(47.8988247145959,-132.249757314914,0.));
#5462=CARTESIAN_POINT('Origin',(47.588189890547,-131.0907561307,0.));
#5463=CARTESIAN_POINT('',(46.5490003494133,-131.690641816911,0.));
#5464=CARTESIAN_POINT('Origin',(46.5490003494133,-131.690641816911,0.));
#5465=CARTESIAN_POINT('',(37.4165366654845,-115.872750632274,0.));
#5466=CARTESIAN_POINT('Origin',(38.455887497404,-115.2727892153,0.));
#5467=CARTESIAN_POINT('',(37.8557635978037,-114.233532192809,0.));
#5468=CARTESIAN_POINT('Origin',(37.8557635978037,-114.233532192809,0.));
#5469=CARTESIAN_POINT('',(46.9000000006432,-109.011839918771,0.));
#5470=CARTESIAN_POINT('Origin',(44.499941375652,-104.8548841342,0.));
#5471=CARTESIAN_POINT('',(49.3000000000039,-104.854916645384,0.));
#5472=CARTESIAN_POINT('Origin',(49.3000000000039,-104.854916645384,0.));
#5473=CARTESIAN_POINT('',(49.3,-51.5,0.));
#5474=CARTESIAN_POINT('Origin',(50.499999252925,-51.49999925292,0.));
#5475=CARTESIAN_POINT('',(50.5000001494151,-50.2999999999951,0.));
#5476=CARTESIAN_POINT('Origin',(50.5000001494151,-50.2999999999951,0.));
#5477=CARTESIAN_POINT('',(84.25,-50.2999999999946,0.));
#5478=CARTESIAN_POINT('',(64.5999999999999,-50.2999999999949,12.8));
#5479=CARTESIAN_POINT('',(64.5999999999999,-50.2999999999949,6.75));
#5480=CARTESIAN_POINT('',(63.5999999999999,-50.2999999999949,11.8));
#5481=CARTESIAN_POINT('Origin',(63.5999999999999,-50.2999999999951,12.8));
#5482=CARTESIAN_POINT('',(56.3999999999999,-50.2999999999949,11.8));
#5483=CARTESIAN_POINT('',(57.0500000747075,-50.299999999995,11.8));
#5484=CARTESIAN_POINT('',(55.3999999999999,-50.2999999999949,12.8));
#5485=CARTESIAN_POINT('Origin',(56.3999999999999,-50.2999999999951,12.8));
#5486=CARTESIAN_POINT('',(55.3999999999999,-50.299999999995,6.4));
#5487=CARTESIAN_POINT('Origin',(84.250000747075,-49.50000074707,0.));
#5488=CARTESIAN_POINT('',(85.0499999999998,-49.5000001494141,0.));
#5489=CARTESIAN_POINT('Origin',(85.0499999999998,-49.5000001494141,0.));
#5490=CARTESIAN_POINT('',(85.05,-48.9999999999999,0.));
#5491=CARTESIAN_POINT('Origin',(86.249999252925,-48.99999925292,0.));
#5492=CARTESIAN_POINT('',(86.2500001494151,-47.7999999999951,0.));
#5493=CARTESIAN_POINT('Origin',(86.2500001494151,-47.7999999999951,0.));
#5494=CARTESIAN_POINT('',(104.5,-47.7999999999947,0.));
#5495=CARTESIAN_POINT('Origin',(104.50000074707,-47.00000074707,0.));
#5496=CARTESIAN_POINT('',(105.299999999995,-47.0000001494141,0.));
#5497=CARTESIAN_POINT('Origin',(105.299999999995,-47.0000001494141,0.));
#5498=CARTESIAN_POINT('',(105.3,-46.4999999999979,0.));
#5499=CARTESIAN_POINT('Origin',(106.49999925292,-46.49999925292,0.));
#5500=CARTESIAN_POINT('',(106.500000149416,-45.3000000000001,0.));
#5501=CARTESIAN_POINT('Origin',(106.500000149416,-45.3000000000001,0.));
#5502=CARTESIAN_POINT('',(126.,-45.2999999999968,0.));
#5503=CARTESIAN_POINT('Origin',(125.99999866642,-46.00000133357,0.));
#5504=CARTESIAN_POINT('',(126.699999999996,-45.9999994665734,0.));
#5505=CARTESIAN_POINT('Origin',(127.00000133357,-45.99999866642,0.));
#5506=CARTESIAN_POINT('',(127.000000533427,-46.2999999999939,0.));
#5507=CARTESIAN_POINT('Origin',(115.749383284804,-102.699999999975,2.6));
#5508=CARTESIAN_POINT('',(115.749383284804,-102.699998477883,1.4));
#5509=CARTESIAN_POINT('',(115.749383284804,-102.699998477883,2.6));
#5510=CARTESIAN_POINT('',(125.000000149414,-102.699999999975,1.4));
#5511=CARTESIAN_POINT('',(120.437345933262,-102.699999999975,1.4));
#5512=CARTESIAN_POINT('',(125.000000149414,-102.699999999975,2.6));
#5513=CARTESIAN_POINT('Origin',(125.00000074707,-103.4999992529,2.6));
#5514=CARTESIAN_POINT('',(125.799999999995,-103.5,1.4));
#5515=CARTESIAN_POINT('Origin',(125.00000074707,-103.4999992529,1.4));
#5516=CARTESIAN_POINT('',(125.799999999995,-103.5,2.6));
#5517=CARTESIAN_POINT('Origin',(125.799999999995,-103.5,2.6));
#5518=CARTESIAN_POINT('',(125.79999999992,-125.9999998506,1.4));
#5519=CARTESIAN_POINT('',(125.79999999992,-125.9999998506,1.4));
#5520=CARTESIAN_POINT('',(125.79999999992,-125.9999998506,2.6));
#5521=CARTESIAN_POINT('Origin',(126.99999925292,-126.000000747,2.6));
#5522=CARTESIAN_POINT('',(127.000000000003,-127.2,1.4));
#5523=CARTESIAN_POINT('Origin',(126.99999925292,-126.000000747,1.4));
#5524=CARTESIAN_POINT('',(127.000000000003,-127.2,0.));
#5525=CARTESIAN_POINT('Origin',(104.069550754117,-116.450009603606,1.4));
#5526=CARTESIAN_POINT('',(127.00000186771,-130.199996783753,1.4));
#5527=CARTESIAN_POINT('',(91.3750018677167,-130.200018962793,1.4));
#5528=CARTESIAN_POINT('',(97.722280591083,-130.200015011171,1.4));
#5529=CARTESIAN_POINT('',(126.99999665369,-121.824997663905,1.4));
#5530=CARTESIAN_POINT('',(115.750000149414,-103.199997716838,1.4));
#5531=CARTESIAN_POINT('Origin',(115.750000149414,-102.949997716838,1.4));
#5532=CARTESIAN_POINT('',(91.5000000000001,-103.199999999976,1.4));
#5533=CARTESIAN_POINT('',(97.7847753770585,-103.199999999975,1.4));
#5534=CARTESIAN_POINT('',(91.2000000000001,-103.49999947703,1.4));
#5535=CARTESIAN_POINT('Origin',(91.499999252925,-103.4999992529,1.4));
#5536=CARTESIAN_POINT('',(89.4999994770471,-105.199999999925,1.4));
#5537=CARTESIAN_POINT('Origin',(89.500000747075,-103.500000747,1.4));
#5538=CARTESIAN_POINT('',(85.4390860000075,-105.199999999956,1.4));
#5539=CARTESIAN_POINT('',(94.7543183770191,-105.199999999885,1.4));
#5540=CARTESIAN_POINT('',(81.285605123065,-110.612921835065,1.4));
#5541=CARTESIAN_POINT('Origin',(85.439087190721,-109.5000007664,1.4));
#5542=CARTESIAN_POINT('',(84.9759609631642,-124.385520889472,1.4));
#5543=CARTESIAN_POINT('',(84.6235359616276,-123.070252537794,1.4));
#5544=CARTESIAN_POINT('',(84.2688541028078,-125.610265715155,1.4));
#5545=CARTESIAN_POINT('Origin',(84.0100351201446,-124.644339872135,1.4));
#5546=CARTESIAN_POINT('',(83.5928469479364,-125.791400859962,1.4));
#5547=CARTESIAN_POINT('',(94.3130333913427,-122.918936682049,1.4));
#5548=CARTESIAN_POINT('Ctrl Pts',(91.3750018677167,-130.200018962793,1.4));
#5549=CARTESIAN_POINT('Ctrl Pts',(91.2787392460874,-130.200019022724,1.4));
#5550=CARTESIAN_POINT('Ctrl Pts',(91.1840501487328,-130.196214693275,1.4));
#5551=CARTESIAN_POINT('Ctrl Pts',(91.0909240105051,-130.188632487906,1.4));
#5552=CARTESIAN_POINT('Ctrl Pts',(90.9942747412713,-130.180763433932,1.4));
#5553=CARTESIAN_POINT('Ctrl Pts',(90.8993089167256,-130.168825266057,1.4));
#5554=CARTESIAN_POINT('Ctrl Pts',(90.8059937796386,-130.152900364184,1.4));
#5555=CARTESIAN_POINT('Ctrl Pts',(90.70999166973,-130.136516910999,1.4));
#5556=CARTESIAN_POINT('Ctrl Pts',(90.6157366154796,-130.115913969934,1.4));
#5557=CARTESIAN_POINT('Ctrl Pts',(90.5231717886125,-130.091234690122,1.4));
#5558=CARTESIAN_POINT('Ctrl Pts',(90.4274999804234,-130.065727038843,1.4));
#5559=CARTESIAN_POINT('Ctrl Pts',(90.3336336969695,-130.035864977353,1.4));
#5560=CARTESIAN_POINT('Ctrl Pts',(90.2414889339263,-130.001860481021,1.4));
#5561=CARTESIAN_POINT('Ctrl Pts',(90.1456383923967,-129.96648842861,1.4));
#5562=CARTESIAN_POINT('Ctrl Pts',(90.0516505345699,-129.926634254432,1.4));
#5563=CARTESIAN_POINT('Ctrl Pts',(89.9594094132129,-129.882591121464,1.4));
#5564=CARTESIAN_POINT('Ctrl Pts',(89.8625736132359,-129.836354129202,1.4));
#5565=CARTESIAN_POINT('Ctrl Pts',(89.7676627836266,-129.785500728715,1.4));
#5566=CARTESIAN_POINT('Ctrl Pts',(89.6745212070087,-129.730425563214,1.4));
#5567=CARTESIAN_POINT('Ctrl Pts',(89.5770905827579,-129.672814258463,1.4));
#5568=CARTESIAN_POINT('Ctrl Pts',(89.481595752782,-129.610583777007,1.4));
#5569=CARTESIAN_POINT('Ctrl Pts',(89.3878377926041,-129.544239667819,1.4));
#5570=CARTESIAN_POINT('Ctrl Pts',(89.290561026973,-129.475405615242,1.4));
#5571=CARTESIAN_POINT('Ctrl Pts',(89.1951538605681,-129.402143564552,1.4));
#5572=CARTESIAN_POINT('Ctrl Pts',(89.1013740426007,-129.325070978201,1.4));
#5573=CARTESIAN_POINT('Ctrl Pts',(89.0032954083374,-129.244465426043,1.4));
#5574=CARTESIAN_POINT('Ctrl Pts',(88.9069966223631,-129.159692234688,1.4));
#5575=CARTESIAN_POINT('Ctrl Pts',(88.8121805451953,-129.071511078381,1.4));
#5576=CARTESIAN_POINT('Ctrl Pts',(88.7078046800978,-128.974439097027,1.4));
#5577=CARTESIAN_POINT('Ctrl Pts',(88.6052255412846,-128.873237308836,1.4));
#5578=CARTESIAN_POINT('Ctrl Pts',(88.5040239862385,-128.768980946745,1.4));
#5579=CARTESIAN_POINT('Ctrl Pts',(88.3930762792294,-128.654684241424,1.4));
#5580=CARTESIAN_POINT('Ctrl Pts',(88.2837839928722,-128.536716847483,1.4));
#5581=CARTESIAN_POINT('Ctrl Pts',(88.1755712099705,-128.416562117244,1.4));
#5582=CARTESIAN_POINT('Ctrl Pts',(88.0541096930497,-128.281696573556,1.4));
#5583=CARTESIAN_POINT('Ctrl Pts',(87.9340077716551,-128.144076162938,1.4));
#5584=CARTESIAN_POINT('Ctrl Pts',(87.8144288442453,-128.005866025026,1.4));
#5585=CARTESIAN_POINT('Ctrl Pts',(87.6604191814649,-127.827860608907,1.4));
#5586=CARTESIAN_POINT('Ctrl Pts',(87.5072760835187,-127.648878514002,1.4));
#5587=CARTESIAN_POINT('Ctrl Pts',(87.3531866783091,-127.473637763959,1.4));
#5588=CARTESIAN_POINT('Ctrl Pts',(87.2232488954219,-127.32586384984,1.4));
#5589=CARTESIAN_POINT('Ctrl Pts',(87.0926368091345,-127.180754498703,1.4));
#5590=CARTESIAN_POINT('Ctrl Pts',(86.9602675217451,-127.041144046194,1.4));
#5591=CARTESIAN_POINT('Ctrl Pts',(86.844474909694,-126.919017083931,1.4));
#5592=CARTESIAN_POINT('Ctrl Pts',(86.727337153265,-126.801099537212,1.4));
#5593=CARTESIAN_POINT('Ctrl Pts',(86.6081432510441,-126.689261668231,1.4));
#5594=CARTESIAN_POINT('Ctrl Pts',(86.5038485866009,-126.591403532872,1.4));
#5595=CARTESIAN_POINT('Ctrl Pts',(86.3979794254111,-126.498201022856,1.4));
#5596=CARTESIAN_POINT('Ctrl Pts',(86.2900758982986,-126.410868746968,1.4));
#5597=CARTESIAN_POINT('Ctrl Pts',(86.1941459058676,-126.333227313095,1.4));
#5598=CARTESIAN_POINT('Ctrl Pts',(86.0966079544318,-126.260225783325,1.4));
#5599=CARTESIAN_POINT('Ctrl Pts',(85.9971544291117,-126.192679281579,1.4));
#5600=CARTESIAN_POINT('Ctrl Pts',(85.9024580774784,-126.128363740622,1.4));
#5601=CARTESIAN_POINT('Ctrl Pts',(85.8060249111219,-126.068994185965,1.4));
#5602=CARTESIAN_POINT('Ctrl Pts',(85.7076055094741,-126.015233405624,1.4));
#5603=CARTESIAN_POINT('Ctrl Pts',(85.6132091649798,-125.963670186823,1.4));
#5604=CARTESIAN_POINT('Ctrl Pts',(85.5169855659471,-125.917266821853,1.4));
#5605=CARTESIAN_POINT('Ctrl Pts',(85.4187312469433,-125.876565414422,1.4));
#5606=CARTESIAN_POINT('Ctrl Pts',(85.3255962632566,-125.8379846685,1.4));
#5607=CARTESIAN_POINT('Ctrl Pts',(85.2306365797793,-125.804527423282,1.4));
#5608=CARTESIAN_POINT('Ctrl Pts',(85.1336950147899,-125.776613522147,1.4));
#5609=CARTESIAN_POINT('Ctrl Pts',(85.0414983006438,-125.750065880132,1.4));
#5610=CARTESIAN_POINT('Ctrl Pts',(84.9475088543379,-125.728532541791,1.4));
#5611=CARTESIAN_POINT('Ctrl Pts',(84.8516080442224,-125.712331057975,1.4));
#5612=CARTESIAN_POINT('Ctrl Pts',(84.7549451311425,-125.696000824478,1.4));
#5613=CARTESIAN_POINT('Ctrl Pts',(84.6563400872478,-125.685088259092,1.4));
#5614=CARTESIAN_POINT('Ctrl Pts',(84.5556917326346,-125.679864694244,1.4));
#5615=CARTESIAN_POINT('Ctrl Pts',(84.4642511238239,-125.67511900365,1.4));
#5616=CARTESIAN_POINT('Ctrl Pts',(84.3711240771831,-125.675068733547,1.4));
#5617=CARTESIAN_POINT('Ctrl Pts',(84.2762518467987,-125.679871670447,1.4));
#5618=CARTESIAN_POINT('Ctrl Pts',(84.1835180806096,-125.684566346914,1.4));
#5619=CARTESIAN_POINT('Ctrl Pts',(84.0891168450727,-125.693898116098,1.4));
#5620=CARTESIAN_POINT('Ctrl Pts',(83.9930104768395,-125.707968278795,1.4));
#5621=CARTESIAN_POINT('Ctrl Pts',(83.8996653754835,-125.72163418655,1.4));
#5622=CARTESIAN_POINT('Ctrl Pts',(83.8047116783455,-125.73977022602,1.4));
#5623=CARTESIAN_POINT('Ctrl Pts',(83.7081320544781,-125.762423079509,1.4));
#5624=CARTESIAN_POINT('Ctrl Pts',(83.6699576072658,-125.7713769367,1.4));
#5625=CARTESIAN_POINT('Ctrl Pts',(83.6315293313038,-125.78103594595,1.4));
#5626=CARTESIAN_POINT('Ctrl Pts',(83.5928469479364,-125.791400859962,1.4));
#5627=CARTESIAN_POINT('',(94.7500000000003,-116.200011843429,1.4));
#5628=CARTESIAN_POINT('Origin',(98.7500000000003,-116.200011843429,1.4));
#5629=CARTESIAN_POINT('',(105.85,-108.200011843429,1.4));
#5630=CARTESIAN_POINT('Origin',(104.75,-108.200011843429,1.4));
#5631=CARTESIAN_POINT('',(105.85,-124.200011843429,1.4));
#5632=CARTESIAN_POINT('Origin',(104.75,-124.200011843429,1.4));
#5633=CARTESIAN_POINT('Origin',(91.3750018677167,-130.200018962793,0.));
#5634=CARTESIAN_POINT('',(91.3750018677167,-130.200018962793,0.));
#5635=CARTESIAN_POINT('',(91.3750018677167,-130.200018962793,0.));
#5636=CARTESIAN_POINT('',(127.000001867712,-130.199999999999,0.));
#5637=CARTESIAN_POINT('',(127.00000186771,-130.199996783753,0.));
#5638=CARTESIAN_POINT('',(127.000001867712,-130.199999999999,0.));
#5639=CARTESIAN_POINT('Origin',(98.7500000000003,-116.200011843429,2.6));
#5640=CARTESIAN_POINT('',(94.7500000000003,-116.200011843429,0.));
#5641=CARTESIAN_POINT('',(94.7500000000003,-116.200011843429,2.6));
#5642=CARTESIAN_POINT('Origin',(98.7500000000003,-116.200011843429,0.));
#5643=CARTESIAN_POINT('Origin',(104.75,-108.200011843429,0.));
#5644=CARTESIAN_POINT('',(106.95,-108.200011843429,0.));
#5645=CARTESIAN_POINT('Origin',(104.75,-108.200011843429,0.));
#5646=CARTESIAN_POINT('',(106.95,-108.200011843429,1.));
#5647=CARTESIAN_POINT('',(106.95,-108.200011843429,0.));
#5648=CARTESIAN_POINT('Origin',(104.75,-108.200011843429,1.));
#5649=CARTESIAN_POINT('Origin',(104.75,-108.200011843429,1.));
#5650=CARTESIAN_POINT('',(105.85,-108.200011843429,1.));
#5651=CARTESIAN_POINT('Origin',(104.75,-108.200011843429,1.));
#5652=CARTESIAN_POINT('Origin',(88.,-50.75,0.));
#5653=CARTESIAN_POINT('',(90.2,-50.75,0.));
#5654=CARTESIAN_POINT('Origin',(88.,-50.75,0.));
#5655=CARTESIAN_POINT('',(90.2,-50.75,1.));
#5656=CARTESIAN_POINT('',(90.2,-50.75,0.));
#5657=CARTESIAN_POINT('Origin',(88.,-50.75,1.));
#5658=CARTESIAN_POINT('Origin',(88.,-50.75,1.));
#5659=CARTESIAN_POINT('',(88.,-49.65,1.));
#5660=CARTESIAN_POINT('Origin',(88.,-50.75,1.));
#5661=CARTESIAN_POINT('Origin',(137.5,-107.5,0.));
#5662=CARTESIAN_POINT('',(139.7,-107.5,0.));
#5663=CARTESIAN_POINT('Origin',(137.5,-107.5,0.));
#5664=CARTESIAN_POINT('',(139.7,-107.5,1.));
#5665=CARTESIAN_POINT('',(139.7,-107.5,0.));
#5666=CARTESIAN_POINT('Origin',(137.5,-107.5,1.));
#5667=CARTESIAN_POINT('Origin',(137.5,-107.5,1.));
#5668=CARTESIAN_POINT('',(137.5,-106.4,1.));
#5669=CARTESIAN_POINT('Origin',(137.5,-107.5,1.));
#5670=CARTESIAN_POINT('Origin',(104.75,-124.200011843429,0.));
#5671=CARTESIAN_POINT('',(106.95,-124.200011843429,0.));
#5672=CARTESIAN_POINT('Origin',(104.75,-124.200011843429,0.));
#5673=CARTESIAN_POINT('',(106.95,-124.200011843429,1.));
#5674=CARTESIAN_POINT('',(106.95,-124.200011843429,0.));
#5675=CARTESIAN_POINT('Origin',(104.75,-124.200011843429,1.));
#5676=CARTESIAN_POINT('Origin',(104.75,-124.200011843429,1.));
#5677=CARTESIAN_POINT('',(105.85,-124.200011843429,1.));
#5678=CARTESIAN_POINT('Origin',(104.75,-124.200011843429,1.));
#5679=CARTESIAN_POINT('Origin',(145.5,-50.5,0.));
#5680=CARTESIAN_POINT('',(147.7,-50.5,0.));
#5681=CARTESIAN_POINT('Origin',(145.5,-50.5,0.));
#5682=CARTESIAN_POINT('',(147.7,-50.5,1.));
#5683=CARTESIAN_POINT('',(147.7,-50.5,0.));
#5684=CARTESIAN_POINT('Origin',(145.5,-50.5,1.));
#5685=CARTESIAN_POINT('Origin',(145.5,-50.5,1.));
#5686=CARTESIAN_POINT('',(145.5,-49.4,1.));
#5687=CARTESIAN_POINT('Origin',(145.5,-50.5,1.));
#5688=CARTESIAN_POINT('Origin',(163.5,-107.5,0.));
#5689=CARTESIAN_POINT('',(165.7,-107.5,0.));
#5690=CARTESIAN_POINT('Origin',(163.5,-107.5,0.));
#5691=CARTESIAN_POINT('',(165.7,-107.5,1.));
#5692=CARTESIAN_POINT('',(165.7,-107.5,0.));
#5693=CARTESIAN_POINT('Origin',(163.5,-107.5,1.));
#5694=CARTESIAN_POINT('Origin',(163.5,-107.5,1.));
#5695=CARTESIAN_POINT('',(163.5,-106.4,1.));
#5696=CARTESIAN_POINT('Origin',(163.5,-107.5,1.));
#5697=CARTESIAN_POINT('Origin',(58.,-107.5,0.));
#5698=CARTESIAN_POINT('',(60.2,-107.5,0.));
#5699=CARTESIAN_POINT('Origin',(58.,-107.5,0.));
#5700=CARTESIAN_POINT('',(60.2,-107.5,1.));
#5701=CARTESIAN_POINT('',(60.2,-107.5,0.));
#5702=CARTESIAN_POINT('Origin',(58.,-107.5,1.));
#5703=CARTESIAN_POINT('Origin',(58.,-107.5,1.));
#5704=CARTESIAN_POINT('',(58.,-106.4,1.));
#5705=CARTESIAN_POINT('Origin',(58.,-107.5,1.));
#5706=CARTESIAN_POINT('Origin',(63.5999999999999,-50.2999999999949,11.8));
#5707=CARTESIAN_POINT('',(63.5999999999999,-47.2999999999949,11.8));
#5708=CARTESIAN_POINT('',(63.5999999999999,-50.2999999999949,11.8));
#5709=CARTESIAN_POINT('',(56.3999999999999,-47.2999999999949,11.8));
#5710=CARTESIAN_POINT('',(73.0047134326474,-47.2999999999948,11.8));
#5711=CARTESIAN_POINT('',(56.3999999999999,-50.2999999999949,11.8));
#5712=CARTESIAN_POINT('Origin',(63.5999999999999,-50.2999999999949,12.8));
#5713=CARTESIAN_POINT('',(64.5999999999999,-47.2999999999949,12.8));
#5714=CARTESIAN_POINT('',(64.5999999999999,-50.2999999999949,12.8));
#5715=CARTESIAN_POINT('Origin',(63.5999999999999,-47.2999999999947,12.8));
#5716=CARTESIAN_POINT('Origin',(64.5999999999999,-50.2999999999949,13.5));
#5717=CARTESIAN_POINT('',(64.5999999999999,-47.2999999999949,6.75));
#5718=CARTESIAN_POINT('Origin',(55.3999999999999,-50.2999999999949,12.8));
#5719=CARTESIAN_POINT('',(55.3999999999999,-47.2999999999949,12.8));
#5720=CARTESIAN_POINT('',(55.3999999999999,-50.2999999999949,12.8));
#5721=CARTESIAN_POINT('',(55.3999999999999,-47.2999999999951,6.4));
#5722=CARTESIAN_POINT('Origin',(56.3999999999999,-50.2999999999949,12.8));
#5723=CARTESIAN_POINT('Origin',(56.3999999999999,-47.2999999999947,12.8));
#5724=CARTESIAN_POINT('Origin',(82.409426865295,-47.2999999999947,0.));
#5725=CARTESIAN_POINT('',(82.409426865295,-47.2999999999947,0.));
#5726=CARTESIAN_POINT('',(82.409426865295,-47.2999999999947,0.));
#5727=CARTESIAN_POINT('',(50.5000001494151,-47.2999999999949,0.));
#5728=CARTESIAN_POINT('',(50.5000001494151,-47.2999999999951,0.));
#5729=CARTESIAN_POINT('',(50.5000001494151,-47.2999999999949,0.));
#5730=CARTESIAN_POINT('Origin',(83.5928469479364,-125.791400859962,8.));
#5731=CARTESIAN_POINT('',(83.5928469479364,-125.791400859962,8.));
#5732=CARTESIAN_POINT('',(84.2688541028078,-125.610265715155,8.));
#5733=CARTESIAN_POINT('',(79.1527769443086,-126.981114103733,8.));
#5734=CARTESIAN_POINT('',(84.2688541028078,-125.610265715155,8.));
#5735=CARTESIAN_POINT('',(83.5928469479364,-125.791400859962,8.));
#5736=CARTESIAN_POINT('Origin',(45.3999908456421,-106.413768993057,8.));
#5737=CARTESIAN_POINT('',(45.3999908456278,-106.413768993032,8.));
#5738=CARTESIAN_POINT('',(36.3556618191861,-111.635514745266,8.));
#5739=CARTESIAN_POINT('',(36.3556618183638,-111.635514743842,8.));
#5740=CARTESIAN_POINT('',(36.3556618191861,-111.635514745266,8.));
#5741=CARTESIAN_POINT('',(45.3999908456421,-106.413768993057,8.));
#5742=CARTESIAN_POINT('Origin',(115.749383284804,-102.699998477883,8.));
#5743=CARTESIAN_POINT('',(115.749383284804,-102.699998477883,8.));
#5744=CARTESIAN_POINT('Origin',(91.5000000000001,-103.199999999976,8.));
#5745=CARTESIAN_POINT('',(91.5000000000001,-103.199999999976,8.));
#5746=CARTESIAN_POINT('',(115.750000149414,-103.199997716838,8.));
#5747=CARTESIAN_POINT('',(125.000000149414,-103.199999999975,8.));
#5748=CARTESIAN_POINT('',(115.750000149414,-103.199997716838,8.));
#5749=CARTESIAN_POINT('',(91.5000000000001,-103.199999999976,8.));
#5750=CARTESIAN_POINT('Origin',(115.750000149414,-102.949997716838,8.));
#5751=CARTESIAN_POINT('',(115.750000149414,-103.199999999975,8.));
#5752=CARTESIAN_POINT('Origin',(104.75,-108.200011843429,11.5));
#5753=CARTESIAN_POINT('',(105.85,-108.200011843429,11.5));
#5754=CARTESIAN_POINT('Origin',(104.75,-124.200011843429,11.5));
#5755=CARTESIAN_POINT('',(105.85,-124.200011843429,11.5));
#5756=CARTESIAN_POINT('Ctrl Pts',(83.5928469479364,-125.791400859962,0.));
#5757=CARTESIAN_POINT('Ctrl Pts',(83.5928469479364,-125.791400859962,2.6));
#5758=CARTESIAN_POINT('Ctrl Pts',(84.0000982177026,-125.682278204511,0.));
#5759=CARTESIAN_POINT('Ctrl Pts',(84.0000982177026,-125.682278204511,2.6));
#5760=CARTESIAN_POINT('Ctrl Pts',(84.7676656202332,-125.594418276214,0.));
#5761=CARTESIAN_POINT('Ctrl Pts',(84.7676656202332,-125.594418276214,2.6));
#5762=CARTESIAN_POINT('Ctrl Pts',(85.7783559914625,-125.853387859258,0.));
#5763=CARTESIAN_POINT('Ctrl Pts',(85.7783559914625,-125.853387859258,2.6));
#5764=CARTESIAN_POINT('Ctrl Pts',(86.8990186780362,-126.833621677222,0.));
#5765=CARTESIAN_POINT('Ctrl Pts',(86.8990186780362,-126.833621677222,2.6));
#5766=CARTESIAN_POINT('Ctrl Pts',(88.1584151070522,-128.488968621449,0.));
#5767=CARTESIAN_POINT('Ctrl Pts',(88.1584151070522,-128.488968621449,2.6));
#5768=CARTESIAN_POINT('Ctrl Pts',(89.2587718738937,-129.620803748378,0.));
#5769=CARTESIAN_POINT('Ctrl Pts',(89.2587718738937,-129.620803748378,2.6));
#5770=CARTESIAN_POINT('Ctrl Pts',(90.2406815033039,-130.094646540339,0.));
#5771=CARTESIAN_POINT('Ctrl Pts',(90.2406815033039,-130.094646540339,2.6));
#5772=CARTESIAN_POINT('Ctrl Pts',(90.9823667706858,-130.200019207236,0.));
#5773=CARTESIAN_POINT('Ctrl Pts',(90.9823667706858,-130.200019207236,2.6));
#5774=CARTESIAN_POINT('Ctrl Pts',(91.3750018677167,-130.200018962793,0.));
#5775=CARTESIAN_POINT('Ctrl Pts',(91.3750018677167,-130.200018962793,2.6));
#5776=CARTESIAN_POINT('',(83.5928469479364,-125.791400859962,0.));
#5777=CARTESIAN_POINT('',(83.5928469479364,-125.791400859962,0.));
#5778=CARTESIAN_POINT('Ctrl Pts',(91.3750018677167,-130.200018962793,0.));
#5779=CARTESIAN_POINT('Ctrl Pts',(90.9823667706858,-130.200019207236,0.));
#5780=CARTESIAN_POINT('Ctrl Pts',(90.2406815033039,-130.094646540339,0.));
#5781=CARTESIAN_POINT('Ctrl Pts',(89.2587718738937,-129.620803748378,0.));
#5782=CARTESIAN_POINT('Ctrl Pts',(88.1584151070522,-128.488968621449,0.));
#5783=CARTESIAN_POINT('Ctrl Pts',(86.8990186780362,-126.833621677222,0.));
#5784=CARTESIAN_POINT('Ctrl Pts',(85.7783559914625,-125.853387859258,0.));
#5785=CARTESIAN_POINT('Ctrl Pts',(84.7676656202332,-125.594418276214,0.));
#5786=CARTESIAN_POINT('Ctrl Pts',(84.0000982177026,-125.682278204511,0.));
#5787=CARTESIAN_POINT('Ctrl Pts',(83.5928469479364,-125.791400859962,0.));
#5788=CARTESIAN_POINT('Origin',(83.5928470428321,-125.791401214117,0.));
#5789=CARTESIAN_POINT('',(84.2688541028078,-125.610265715155,0.));
#5790=CARTESIAN_POINT('',(83.5928469479364,-125.791400859962,0.));
#5791=CARTESIAN_POINT('Origin',(84.0100351201446,-124.644339872135,0.));
#5792=CARTESIAN_POINT('',(84.9759609631642,-124.385520889472,0.));
#5793=CARTESIAN_POINT('Origin',(84.9759609631642,-124.385520889472,0.));
#5794=CARTESIAN_POINT('',(81.285605123065,-110.612921835065,0.));
#5795=CARTESIAN_POINT('Origin',(85.439087190721,-109.5000007664,0.));
#5796=CARTESIAN_POINT('',(85.4390860000075,-105.199999999956,0.));
#5797=CARTESIAN_POINT('Origin',(85.4390860000075,-105.199999999956,0.));
#5798=CARTESIAN_POINT('',(89.4999994770471,-105.199999999925,0.));
#5799=CARTESIAN_POINT('Origin',(89.500000747075,-103.500000747,0.));
#5800=CARTESIAN_POINT('',(91.2000000000001,-103.49999947703,0.));
#5801=CARTESIAN_POINT('Origin',(91.499999252925,-103.4999992529,0.));
#5802=CARTESIAN_POINT('',(91.5000000000001,-103.199999999976,0.));
#5803=CARTESIAN_POINT('Origin',(91.5000000000001,-103.199999999975,0.));
#5804=CARTESIAN_POINT('Origin',(127.000000000003,-127.2,0.));
#5805=CARTESIAN_POINT('',(127.00000186771,-130.199996783753,2.6));
#5806=CARTESIAN_POINT('',(127.000001867712,-130.199999999999,0.));
#5807=CARTESIAN_POINT('',(127.000000000003,-127.2,0.));
#5808=CARTESIAN_POINT('',(127.000001867712,-130.199999999999,0.));
#5809=CARTESIAN_POINT('Origin',(48.6752879790875,-135.147533153248,0.));
#5810=CARTESIAN_POINT('',(48.6752879790875,-135.147533153248,0.));
#5811=CARTESIAN_POINT('',(83.5928469485067,-125.79140086209,0.));
#5812=CARTESIAN_POINT('',(48.6752879790875,-135.147533153248,0.));
#5813=CARTESIAN_POINT('Origin',(47.588189890547,-131.0907561307,0.));
#5814=CARTESIAN_POINT('',(43.9508750541656,-133.190556798817,0.));
#5815=CARTESIAN_POINT('Origin',(47.588189890547,-131.0907561307,0.));
#5816=CARTESIAN_POINT('',(43.9508750541656,-133.190556798817,0.));
#5817=CARTESIAN_POINT('Origin',(34.8184019656891,-117.372649324062,0.));
#5818=CARTESIAN_POINT('',(34.8184019656891,-117.372649324062,0.));
#5819=CARTESIAN_POINT('',(43.9508750531721,-133.190556799391,0.));
#5820=CARTESIAN_POINT('',(34.8184019656891,-117.372649324062,0.));
#5821=CARTESIAN_POINT('Origin',(38.455887497404,-115.2727892153,0.));
#5822=CARTESIAN_POINT('',(36.3556618191861,-111.635514745266,0.));
#5823=CARTESIAN_POINT('Origin',(38.455887497404,-115.2727892153,0.));
#5824=CARTESIAN_POINT('',(36.3556618191861,-111.635514745266,0.));
#5825=CARTESIAN_POINT('Origin',(45.3999908456278,-106.413768993032,0.));
#5826=CARTESIAN_POINT('',(45.3999908456278,-106.413768993032,0.));
#5827=CARTESIAN_POINT('',(36.3556618183638,-111.635514743842,0.));
#5828=CARTESIAN_POINT('',(45.3999908456278,-106.413768993032,0.));
#5829=CARTESIAN_POINT('Origin',(44.499941375652,-104.8548841342,0.));
#5830=CARTESIAN_POINT('',(46.3000000000039,-104.854906485763,0.));
#5831=CARTESIAN_POINT('Origin',(44.499941375652,-104.8548841342,0.));
#5832=CARTESIAN_POINT('',(46.3000000000039,-104.854906485763,0.));
#5833=CARTESIAN_POINT('Origin',(46.3000000000006,-51.5000018677012,0.));
#5834=CARTESIAN_POINT('',(46.3000000000006,-51.5000018677012,0.));
#5835=CARTESIAN_POINT('',(46.3000000000039,-104.854906485763,0.));
#5836=CARTESIAN_POINT('',(46.3000000000006,-51.5000018677012,0.));
#5837=CARTESIAN_POINT('Origin',(50.499999252925,-51.49999925292,0.));
#5838=CARTESIAN_POINT('Origin',(50.499999252925,-51.49999925292,0.));
#5839=CARTESIAN_POINT('Origin',(86.249999252925,-48.99999925292,0.));
#5840=CARTESIAN_POINT('',(86.250000149415,-44.7999999999949,0.));
#5841=CARTESIAN_POINT('Origin',(86.249999252925,-48.99999925292,0.));
#5842=CARTESIAN_POINT('',(86.250000149415,-44.7999999999949,0.));
#5843=CARTESIAN_POINT('Origin',(102.659426865295,-44.7999999999947,0.));
#5844=CARTESIAN_POINT('',(102.659426865295,-44.7999999999947,0.));
#5845=CARTESIAN_POINT('',(86.250000149415,-44.7999999999951,0.));
#5846=CARTESIAN_POINT('',(102.659426865295,-44.7999999999947,0.));
#5847=CARTESIAN_POINT('Origin',(106.49999925292,-46.49999925292,0.));
#5848=CARTESIAN_POINT('',(106.500000149416,-42.2999999999999,0.));
#5849=CARTESIAN_POINT('Origin',(106.49999925292,-46.49999925292,0.));
#5850=CARTESIAN_POINT('',(106.500000149416,-42.2999999999999,0.));
#5851=CARTESIAN_POINT('Origin',(126.000005715332,-42.3000000000022,0.));
#5852=CARTESIAN_POINT('',(126.000005715332,-42.3000000000022,0.));
#5853=CARTESIAN_POINT('',(106.500000149416,-42.3000000000001,0.));
#5854=CARTESIAN_POINT('',(126.000005715332,-42.3000000000022,0.));
#5855=CARTESIAN_POINT('Origin',(125.99999866642,-46.00000133357,0.));
#5856=CARTESIAN_POINT('',(128.529821321695,-43.2999999999944,0.));
#5857=CARTESIAN_POINT('Origin',(125.99999866642,-46.00000133357,0.));
#5858=CARTESIAN_POINT('',(128.529821321695,-43.2999999999944,0.));
#5859=CARTESIAN_POINT('Origin',(147.499998132324,-43.3000000000006,0.));
#5860=CARTESIAN_POINT('',(147.499998132324,-43.3000000000006,0.));
#5861=CARTESIAN_POINT('',(128.529821321695,-43.2999999999944,0.));
#5862=CARTESIAN_POINT('',(147.499998132324,-43.3000000000006,0.));
#5863=CARTESIAN_POINT('Origin',(147.50000074707,-47.49999925292,0.));
#5864=CARTESIAN_POINT('',(151.69999999999,-47.5000001494141,0.));
#5865=CARTESIAN_POINT('Origin',(147.50000074707,-47.49999925292,0.));
#5866=CARTESIAN_POINT('',(151.69999999999,-47.5000001494141,0.));
#5867=CARTESIAN_POINT('Origin',(151.699999999994,-53.2999999999957,0.));
#5868=CARTESIAN_POINT('',(151.699999999994,-53.2999999999957,0.));
#5869=CARTESIAN_POINT('',(151.69999999999,-47.5000001494141,0.));
#5870=CARTESIAN_POINT('',(151.699999999994,-53.2999999999957,0.));
#5871=CARTESIAN_POINT('Origin',(161.499998132324,-53.3000000000006,0.));
#5872=CARTESIAN_POINT('',(161.499998132324,-53.3000000000006,0.));
#5873=CARTESIAN_POINT('',(151.699999999994,-53.2999999999957,0.));
#5874=CARTESIAN_POINT('',(161.499998132324,-53.3000000000006,0.));
#5875=CARTESIAN_POINT('Origin',(161.50000074707,-57.49999925292,0.));
#5876=CARTESIAN_POINT('',(165.69999999999,-57.5000001494146,0.));
#5877=CARTESIAN_POINT('Origin',(161.50000074707,-57.49999925292,0.));
#5878=CARTESIAN_POINT('',(165.69999999999,-57.5000001494146,0.));
#5879=CARTESIAN_POINT('Origin',(165.699999999994,-66.2999999999955,0.));
#5880=CARTESIAN_POINT('',(165.699999999994,-66.2999999999955,0.));
#5881=CARTESIAN_POINT('',(165.69999999999,-57.5000001494146,0.));
#5882=CARTESIAN_POINT('',(165.699999999994,-66.2999999999955,0.));
#5883=CARTESIAN_POINT('Origin',(179.499998132324,-66.3000000000006,0.));
#5884=CARTESIAN_POINT('',(179.499998132324,-66.3000000000006,0.));
#5885=CARTESIAN_POINT('',(165.699999999994,-66.2999999999955,0.));
#5886=CARTESIAN_POINT('',(179.499998132324,-66.3000000000006,0.));
#5887=CARTESIAN_POINT('Origin',(179.50000074707,-70.49999925292,0.));
#5888=CARTESIAN_POINT('',(183.69999999999,-70.5000001494153,0.));
#5889=CARTESIAN_POINT('Origin',(179.50000074707,-70.49999925292,0.));
#5890=CARTESIAN_POINT('',(183.69999999999,-70.5000001494153,0.));
#5891=CARTESIAN_POINT('Origin',(183.699999999999,-105.499998132499,0.));
#5892=CARTESIAN_POINT('',(183.699999999999,-105.499998132499,0.));
#5893=CARTESIAN_POINT('',(183.69999999999,-70.5000001494153,0.));
#5894=CARTESIAN_POINT('',(183.699999999999,-105.499998132499,0.));
#5895=CARTESIAN_POINT('Origin',(179.50000074707,-105.500000747,0.));
#5896=CARTESIAN_POINT('',(179.499999850597,-109.69999999993,0.));
#5897=CARTESIAN_POINT('Origin',(179.50000074707,-105.500000747,0.));
#5898=CARTESIAN_POINT('',(179.499999850597,-109.69999999993,0.));
#5899=CARTESIAN_POINT('Origin',(169.695235427446,-109.699999999967,0.));
#5900=CARTESIAN_POINT('',(169.695235427446,-109.699999999967,0.));
#5901=CARTESIAN_POINT('',(179.499999850597,-109.69999999993,0.));
#5902=CARTESIAN_POINT('',(169.695235427446,-109.699999999967,0.));
#5903=CARTESIAN_POINT('Origin',(165.50000074707,-109.500000747,0.));
#5904=CARTESIAN_POINT('',(165.499999850592,-113.69999999993,0.));
#5905=CARTESIAN_POINT('Origin',(165.50000074707,-109.500000747,0.));
#5906=CARTESIAN_POINT('',(165.499999850592,-113.69999999993,0.));
#5907=CARTESIAN_POINT('Origin',(136.2,-113.699999999993,0.));
#5908=CARTESIAN_POINT('',(136.2,-113.699999999993,0.));
#5909=CARTESIAN_POINT('',(165.499999850592,-113.69999999993,0.));
#5910=CARTESIAN_POINT('',(136.2,-113.699999999993,0.));
#5911=CARTESIAN_POINT('Origin',(136.199999999999,-125.999998132499,0.));
#5912=CARTESIAN_POINT('',(136.199999999999,-125.999998132499,0.));
#5913=CARTESIAN_POINT('',(136.2,-113.699999999993,0.));
#5914=CARTESIAN_POINT('',(136.199999999999,-125.999998132499,0.));
#5915=CARTESIAN_POINT('Origin',(132.00000074707,-126.000000747,0.));
#5916=CARTESIAN_POINT('',(131.999999850628,-130.19999999993,0.));
#5917=CARTESIAN_POINT('Origin',(132.00000074707,-126.000000747,0.));
#5918=CARTESIAN_POINT('',(131.999999850628,-130.19999999993,0.));
#5919=CARTESIAN_POINT('Origin',(127.000001867712,-130.199999999999,0.));
#5920=CARTESIAN_POINT('',(131.999999850628,-130.19999999993,0.));
#5921=CARTESIAN_POINT('Origin',(131.999999850586,-127.19999999993,0.));
#5922=CARTESIAN_POINT('',(131.999999850586,-127.19999999993,0.));
#5923=CARTESIAN_POINT('Origin',(132.00000074707,-126.000000747,0.));
#5924=CARTESIAN_POINT('',(133.2,-126.,0.));
#5925=CARTESIAN_POINT('Origin',(133.2,-110.7,0.));
#5926=CARTESIAN_POINT('',(133.2,-110.7,0.));
#5927=CARTESIAN_POINT('Origin',(165.499999850586,-110.69999999993,0.));
#5928=CARTESIAN_POINT('',(165.499999850586,-110.69999999993,0.));
#5929=CARTESIAN_POINT('Origin',(165.50000074707,-109.500000747,0.));
#5930=CARTESIAN_POINT('',(166.7,-109.5,0.));
#5931=CARTESIAN_POINT('Origin',(166.699999999995,-107.49999985058,0.));
#5932=CARTESIAN_POINT('',(166.699999999995,-107.49999985058,0.));
#5933=CARTESIAN_POINT('Origin',(167.49999925292,-107.4999992529,0.));
#5934=CARTESIAN_POINT('',(167.500000000001,-106.699999999975,0.));
#5935=CARTESIAN_POINT('Origin',(179.499999850586,-106.69999999993,0.));
#5936=CARTESIAN_POINT('',(179.499999850586,-106.69999999993,0.));
#5937=CARTESIAN_POINT('Origin',(179.50000074707,-105.500000747,0.));
#5938=CARTESIAN_POINT('',(180.7,-105.5,0.));
#5939=CARTESIAN_POINT('Origin',(180.69999999999,-70.5000001494161,0.));
#5940=CARTESIAN_POINT('',(180.69999999999,-70.5000001494161,0.));
#5941=CARTESIAN_POINT('Origin',(179.50000074707,-70.49999925292,0.));
#5942=CARTESIAN_POINT('',(179.5,-69.3,0.));
#5943=CARTESIAN_POINT('Origin',(163.499999850584,-69.2999999999948,0.));
#5944=CARTESIAN_POINT('',(163.499999850584,-69.2999999999948,0.));
#5945=CARTESIAN_POINT('Origin',(163.49999925292,-68.50000074707,0.));
#5946=CARTESIAN_POINT('',(162.699999999995,-68.4999999999999,0.));
#5947=CARTESIAN_POINT('Origin',(162.69999999999,-57.5000001494161,0.));
#5948=CARTESIAN_POINT('',(162.69999999999,-57.5000001494161,0.));
#5949=CARTESIAN_POINT('Origin',(161.50000074707,-57.49999925292,0.));
#5950=CARTESIAN_POINT('',(161.5,-56.3,0.));
#5951=CARTESIAN_POINT('Origin',(149.499999850584,-56.2999999999948,0.));
#5952=CARTESIAN_POINT('',(149.499999850584,-56.2999999999948,0.));
#5953=CARTESIAN_POINT('Origin',(149.49999925292,-55.50000074707,0.));
#5954=CARTESIAN_POINT('',(148.699999999995,-55.4999999999999,0.));
#5955=CARTESIAN_POINT('Origin',(148.69999999999,-47.5000001494161,0.));
#5956=CARTESIAN_POINT('',(148.69999999999,-47.5000001494161,0.));
#5957=CARTESIAN_POINT('Origin',(147.50000074707,-47.49999925292,0.));
#5958=CARTESIAN_POINT('',(147.5,-46.3,0.));
#5959=CARTESIAN_POINT('Origin',(127.000000533427,-46.2999999999939,0.));
#5960=CARTESIAN_POINT('Origin',(0.,0.,0.));
#5961=CARTESIAN_POINT('Origin',(58.,-107.5,-0.046));
#5962=CARTESIAN_POINT('',(58.,-106.4,-0.046));
#5963=CARTESIAN_POINT('Origin',(137.5,-107.5,-0.046));
#5964=CARTESIAN_POINT('',(137.5,-106.4,-0.046));
#5965=CARTESIAN_POINT('Origin',(163.5,-107.5,-0.046));
#5966=CARTESIAN_POINT('',(163.5,-106.4,-0.046));
#5967=CARTESIAN_POINT('Origin',(88.,-50.75,-0.046));
#5968=CARTESIAN_POINT('',(88.,-49.65,-0.046));
#5969=CARTESIAN_POINT('Origin',(145.5,-50.5,-0.046));
#5970=CARTESIAN_POINT('',(145.5,-49.4,-0.046));
#5971=CARTESIAN_POINT('',(0.,0.,0.));
#5972=UNCERTAINTY_MEASURE_WITH_UNIT(LENGTH_MEASURE(0.01),#5978,
'DISTANCE_ACCURACY_VALUE',
'Maximum model space distance between geometric entities at asserted c
onnectivities');
#5973=UNCERTAINTY_MEASURE_WITH_UNIT(LENGTH_MEASURE(0.01),#5978,
'DISTANCE_ACCURACY_VALUE',
'Maximum model space distance between geometric entities at asserted c
onnectivities');
#5974=UNCERTAINTY_MEASURE_WITH_UNIT(LENGTH_MEASURE(0.01),#5978,
'DISTANCE_ACCURACY_VALUE',
'Maximum model space distance between geometric entities at asserted c
onnectivities');
#5975=(
GEOMETRIC_REPRESENTATION_CONTEXT(3)
GLOBAL_UNCERTAINTY_ASSIGNED_CONTEXT((#5972))
GLOBAL_UNIT_ASSIGNED_CONTEXT((#5978,#5980,#5981))
REPRESENTATION_CONTEXT('','3D')
);
#5976=(
GEOMETRIC_REPRESENTATION_CONTEXT(3)
GLOBAL_UNCERTAINTY_ASSIGNED_CONTEXT((#5973))
GLOBAL_UNIT_ASSIGNED_CONTEXT((#5978,#5980,#5981))
REPRESENTATION_CONTEXT('','3D')
);
#5977=(
GEOMETRIC_REPRESENTATION_CONTEXT(3)
GLOBAL_UNCERTAINTY_ASSIGNED_CONTEXT((#5974))
GLOBAL_UNIT_ASSIGNED_CONTEXT((#5978,#5980,#5981))
REPRESENTATION_CONTEXT('','3D')
);
#5978=(
LENGTH_UNIT()
NAMED_UNIT(*)
SI_UNIT(.MILLI.,.METRE.)
);
#5979=(
LENGTH_UNIT()
NAMED_UNIT(*)
SI_UNIT($,.METRE.)
);
#5980=(
NAMED_UNIT(*)
PLANE_ANGLE_UNIT()
SI_UNIT($,.RADIAN.)
);
#5981=(
NAMED_UNIT(*)
SI_UNIT($,.STERADIAN.)
SOLID_ANGLE_UNIT()
);
#5982=SHAPE_DEFINITION_REPRESENTATION(#5984,#5987);
#5983=SHAPE_DEFINITION_REPRESENTATION(#5985,#5988);
#5984=PRODUCT_DEFINITION_SHAPE('',$,#5990);
#5985=PRODUCT_DEFINITION_SHAPE('',$,#5991);
#5986=PRODUCT_DEFINITION_SHAPE($,$,#14);
#5987=SHAPE_REPRESENTATION('',(#3467,#3816),#5975);
#5988=SHAPE_REPRESENTATION('',(#3468),#5976);
#5989=PRODUCT_DEFINITION_CONTEXT('part definition',#5997,'design');
#5990=PRODUCT_DEFINITION('reel_right_bottom 1','reel_right_bottom',#5992,
#5989);
#5991=PRODUCT_DEFINITION('reel-right-bottom_PCB',
'reel-right-bottom_PCB',#5993,#5989);
#5992=PRODUCT_DEFINITION_FORMATION('',$,#5999);
#5993=PRODUCT_DEFINITION_FORMATION('',$,#6000);
#5994=PRODUCT_RELATED_PRODUCT_CATEGORY('reel_right_bottom',
'reel_right_bottom',(#5999));
#5995=PRODUCT_RELATED_PRODUCT_CATEGORY('reel-right-bottom_PCB',
'reel-right-bottom_PCB',(#6000));
#5996=APPLICATION_PROTOCOL_DEFINITION('international standard',
'automotive_design',2009,#5997);
#5997=APPLICATION_CONTEXT(
'Core Data for Automotive Mechanical Design Process');
#5998=PRODUCT_CONTEXT('part definition',#5997,'mechanical');
#5999=PRODUCT('reel_right_bottom 1','reel_right_bottom',
'KiCad electronic assembly',(#5998));
#6000=PRODUCT('reel-right-bottom_PCB','reel-right-bottom_PCB',$,(#5998));
#6001=PRESENTATION_STYLE_ASSIGNMENT((#6003));
#6002=PRESENTATION_STYLE_ASSIGNMENT((#6004));
#6003=SURFACE_STYLE_USAGE(.BOTH.,#6005);
#6004=SURFACE_STYLE_USAGE(.BOTH.,#6006);
#6005=SURFACE_SIDE_STYLE('',(#6007));
#6006=SURFACE_SIDE_STYLE('',(#6008));
#6007=SURFACE_STYLE_FILL_AREA(#6009);
#6008=SURFACE_STYLE_FILL_AREA(#6010);
#6009=FILL_AREA_STYLE('\X2\92FC\X0\ - \X2\30B530C630F3\X0\',(#6011));
#6010=FILL_AREA_STYLE('Opaque(80,124,105)',(#6012));
#6011=FILL_AREA_STYLE_COLOUR('\X2\92FC\X0\ - \X2\30B530C630F3\X0\',#6013);
#6012=FILL_AREA_STYLE_COLOUR('Opaque(80,124,105)',#6014);
#6013=COLOUR_RGB('\X2\92FC\X0\ - \X2\30B530C630F3\X0\',0.627450980392157,
0.627450980392157,0.627450980392157);
#6014=COLOUR_RGB('Opaque(80,124,105)',0.313725490196078,0.486274509803922,
0.411764705882353);
ENDSEC;
END-ISO-10303-21;
