ISO-10303-21;
HEADER;
/* Generated by software containing ST-Developer
 * from STEP Tools, Inc. (www.steptools.com) 
 */

FILE_DESCRIPTION(
/* description */ ('KiCad electronic assembly'),
/* implementation_level */ '2;1');

FILE_NAME(
/* name */ 'reel-right-top.step',
/* time_stamp */ '2026-07-20T20:50:45+09:00',
/* author */ (''),
/* organization */ (''),
/* preprocessor_version */ 'ST-DEVELOPER v20.1',
/* originating_system */ 'Autodesk Translation Framework v15.8.0.0',
/* authorisation */ '');

FILE_SCHEMA (('AUTOMOTIVE_DESIGN { 1 0 10303 214 3 1 1 }'));
ENDSEC;

DATA;
#10=MECHANICAL_DESIGN_GEOMETRIC_PRESENTATION_REPRESENTATION('',(#17),#7474);
#11=ITEM_DEFINED_TRANSFORMATION($,$,#4434,#4870);
#12=(
REPRESENTATION_RELATIONSHIP($,$,#7485,#7484)
REPRESENTATION_RELATIONSHIP_WITH_TRANSFORMATION(#11)
SHAPE_REPRESENTATION_RELATIONSHIP()
);
#13=CONTEXT_DEPENDENT_SHAPE_REPRESENTATION(#12,#7483);
#14=NEXT_ASSEMBLY_USAGE_OCCURRENCE(
'codex-7546c50f-f83e-4bec-8c77-ddaf9ecdd795_PCB:1',
'codex-7546c50f-f83e-4bec-8c77-ddaf9ecdd795_PCB:1',
'codex-7546c50f-f83e-4bec-8c77-ddaf9ecdd795_PCB:1',#7487,#7488,
'codex-7546c50f-f83e-4bec-8c77-ddaf9ecdd795_PCB:1');
#15=SHAPE_REPRESENTATION_RELATIONSHIP('SRR','None',#7485,#16);
#16=ADVANCED_BREP_SHAPE_REPRESENTATION('',(#18),#7473);
#17=STYLED_ITEM('',(#7499),#18);
#18=MANIFOLD_SOLID_BREP('\X2\30DC30C730A3\X0\1',#4420);
#19=FACE_BOUND('',#400,.T.);
#20=FACE_BOUND('',#401,.T.);
#21=FACE_BOUND('',#402,.T.);
#22=FACE_BOUND('',#403,.T.);
#23=FACE_BOUND('',#404,.T.);
#24=FACE_BOUND('',#405,.T.);
#25=FACE_BOUND('',#406,.T.);
#26=FACE_BOUND('',#407,.T.);
#27=FACE_BOUND('',#408,.T.);
#28=FACE_BOUND('',#409,.T.);
#29=FACE_BOUND('',#410,.T.);
#30=FACE_BOUND('',#411,.T.);
#31=FACE_BOUND('',#412,.T.);
#32=FACE_BOUND('',#413,.T.);
#33=FACE_BOUND('',#414,.T.);
#34=FACE_BOUND('',#415,.T.);
#35=FACE_BOUND('',#416,.T.);
#36=FACE_BOUND('',#417,.T.);
#37=FACE_BOUND('',#418,.T.);
#38=FACE_BOUND('',#419,.T.);
#39=FACE_BOUND('',#420,.T.);
#40=FACE_BOUND('',#421,.T.);
#41=FACE_BOUND('',#422,.T.);
#42=FACE_BOUND('',#423,.T.);
#43=FACE_BOUND('',#428,.T.);
#44=FACE_BOUND('',#429,.T.);
#45=FACE_BOUND('',#430,.T.);
#46=FACE_BOUND('',#431,.T.);
#47=FACE_BOUND('',#432,.T.);
#48=FACE_BOUND('',#433,.T.);
#49=FACE_BOUND('',#434,.T.);
#50=FACE_BOUND('',#435,.T.);
#51=FACE_BOUND('',#436,.T.);
#52=FACE_BOUND('',#437,.T.);
#53=FACE_BOUND('',#438,.T.);
#54=FACE_BOUND('',#439,.T.);
#55=FACE_BOUND('',#440,.T.);
#56=FACE_BOUND('',#441,.T.);
#57=FACE_BOUND('',#442,.T.);
#58=FACE_BOUND('',#443,.T.);
#59=FACE_BOUND('',#444,.T.);
#60=FACE_BOUND('',#445,.T.);
#61=FACE_BOUND('',#446,.T.);
#62=FACE_BOUND('',#447,.T.);
#63=FACE_BOUND('',#448,.T.);
#64=FACE_BOUND('',#449,.T.);
#65=FACE_BOUND('',#450,.T.);
#66=FACE_BOUND('',#451,.T.);
#67=PLANE('',#4438);
#68=PLANE('',#4439);
#69=PLANE('',#4443);
#70=PLANE('',#4444);
#71=PLANE('',#4445);
#72=PLANE('',#4446);
#73=PLANE('',#4554);
#74=PLANE('',#4557);
#75=PLANE('',#4558);
#76=PLANE('',#4665);
#77=PLANE('',#4667);
#78=PLANE('',#4670);
#79=PLANE('',#4671);
#80=PLANE('',#4674);
#81=PLANE('',#4675);
#82=PLANE('',#4678);
#83=PLANE('',#4679);
#84=PLANE('',#4682);
#85=PLANE('',#4684);
#86=PLANE('',#4685);
#87=PLANE('',#4688);
#88=PLANE('',#4689);
#89=PLANE('',#4692);
#90=PLANE('',#4693);
#91=PLANE('',#4696);
#92=PLANE('',#4697);
#93=PLANE('',#4700);
#94=PLANE('',#4701);
#95=PLANE('',#4704);
#96=PLANE('',#4705);
#97=PLANE('',#4708);
#98=PLANE('',#4711);
#99=PLANE('',#4714);
#100=PLANE('',#4715);
#101=PLANE('',#4718);
#102=PLANE('',#4719);
#103=PLANE('',#4722);
#104=PLANE('',#4723);
#105=PLANE('',#4726);
#106=PLANE('',#4727);
#107=PLANE('',#4731);
#108=PLANE('',#4732);
#109=PLANE('',#4735);
#110=PLANE('',#4736);
#111=PLANE('',#4739);
#112=PLANE('',#4740);
#113=PLANE('',#4743);
#114=PLANE('',#4744);
#115=PLANE('',#4748);
#116=PLANE('',#4749);
#117=PLANE('',#4752);
#118=PLANE('',#4753);
#119=PLANE('',#4756);
#120=PLANE('',#4757);
#121=PLANE('',#4760);
#122=PLANE('',#4761);
#123=PLANE('',#4764);
#124=PLANE('',#4765);
#125=PLANE('',#4768);
#126=PLANE('',#4769);
#127=PLANE('',#4773);
#128=PLANE('',#4774);
#129=PLANE('',#4777);
#130=PLANE('',#4778);
#131=PLANE('',#4781);
#132=PLANE('',#4782);
#133=PLANE('',#4785);
#134=PLANE('',#4786);
#135=PLANE('',#4789);
#136=PLANE('',#4790);
#137=PLANE('',#4793);
#138=PLANE('',#4794);
#139=PLANE('',#4797);
#140=PLANE('',#4798);
#141=PLANE('',#4801);
#142=PLANE('',#4802);
#143=PLANE('',#4805);
#144=PLANE('',#4806);
#145=PLANE('',#4809);
#146=PLANE('',#4810);
#147=PLANE('',#4814);
#148=PLANE('',#4815);
#149=PLANE('',#4818);
#150=PLANE('',#4819);
#151=PLANE('',#4822);
#152=PLANE('',#4823);
#153=PLANE('',#4826);
#154=PLANE('',#4827);
#155=PLANE('',#4830);
#156=PLANE('',#4831);
#157=PLANE('',#4834);
#158=PLANE('',#4835);
#159=PLANE('',#4838);
#160=PLANE('',#4839);
#161=PLANE('',#4842);
#162=PLANE('',#4843);
#163=PLANE('',#4846);
#164=PLANE('',#4847);
#165=PLANE('',#4850);
#166=PLANE('',#4851);
#167=PLANE('',#4854);
#168=PLANE('',#4855);
#169=PLANE('',#4858);
#170=PLANE('',#4859);
#171=PLANE('',#4862);
#172=PLANE('',#4863);
#173=PLANE('',#4866);
#174=PLANE('',#4867);
#175=FACE_OUTER_BOUND('',#392,.T.);
#176=FACE_OUTER_BOUND('',#393,.T.);
#177=FACE_OUTER_BOUND('',#394,.T.);
#178=FACE_OUTER_BOUND('',#395,.T.);
#179=FACE_OUTER_BOUND('',#396,.T.);
#180=FACE_OUTER_BOUND('',#397,.T.);
#181=FACE_OUTER_BOUND('',#398,.T.);
#182=FACE_OUTER_BOUND('',#399,.T.);
#183=FACE_OUTER_BOUND('',#424,.T.);
#184=FACE_OUTER_BOUND('',#425,.T.);
#185=FACE_OUTER_BOUND('',#426,.T.);
#186=FACE_OUTER_BOUND('',#427,.T.);
#187=FACE_OUTER_BOUND('',#452,.T.);
#188=FACE_OUTER_BOUND('',#453,.T.);
#189=FACE_OUTER_BOUND('',#454,.T.);
#190=FACE_OUTER_BOUND('',#455,.T.);
#191=FACE_OUTER_BOUND('',#456,.T.);
#192=FACE_OUTER_BOUND('',#457,.T.);
#193=FACE_OUTER_BOUND('',#458,.T.);
#194=FACE_OUTER_BOUND('',#459,.T.);
#195=FACE_OUTER_BOUND('',#460,.T.);
#196=FACE_OUTER_BOUND('',#461,.T.);
#197=FACE_OUTER_BOUND('',#462,.T.);
#198=FACE_OUTER_BOUND('',#463,.T.);
#199=FACE_OUTER_BOUND('',#464,.T.);
#200=FACE_OUTER_BOUND('',#465,.T.);
#201=FACE_OUTER_BOUND('',#466,.T.);
#202=FACE_OUTER_BOUND('',#467,.T.);
#203=FACE_OUTER_BOUND('',#468,.T.);
#204=FACE_OUTER_BOUND('',#469,.T.);
#205=FACE_OUTER_BOUND('',#470,.T.);
#206=FACE_OUTER_BOUND('',#471,.T.);
#207=FACE_OUTER_BOUND('',#472,.T.);
#208=FACE_OUTER_BOUND('',#473,.T.);
#209=FACE_OUTER_BOUND('',#474,.T.);
#210=FACE_OUTER_BOUND('',#475,.T.);
#211=FACE_OUTER_BOUND('',#476,.T.);
#212=FACE_OUTER_BOUND('',#477,.T.);
#213=FACE_OUTER_BOUND('',#478,.T.);
#214=FACE_OUTER_BOUND('',#479,.T.);
#215=FACE_OUTER_BOUND('',#480,.T.);
#216=FACE_OUTER_BOUND('',#481,.T.);
#217=FACE_OUTER_BOUND('',#482,.T.);
#218=FACE_OUTER_BOUND('',#483,.T.);
#219=FACE_OUTER_BOUND('',#484,.T.);
#220=FACE_OUTER_BOUND('',#485,.T.);
#221=FACE_OUTER_BOUND('',#486,.T.);
#222=FACE_OUTER_BOUND('',#487,.T.);
#223=FACE_OUTER_BOUND('',#488,.T.);
#224=FACE_OUTER_BOUND('',#489,.T.);
#225=FACE_OUTER_BOUND('',#490,.T.);
#226=FACE_OUTER_BOUND('',#491,.T.);
#227=FACE_OUTER_BOUND('',#492,.T.);
#228=FACE_OUTER_BOUND('',#493,.T.);
#229=FACE_OUTER_BOUND('',#494,.T.);
#230=FACE_OUTER_BOUND('',#495,.T.);
#231=FACE_OUTER_BOUND('',#496,.T.);
#232=FACE_OUTER_BOUND('',#497,.T.);
#233=FACE_OUTER_BOUND('',#498,.T.);
#234=FACE_OUTER_BOUND('',#499,.T.);
#235=FACE_OUTER_BOUND('',#500,.T.);
#236=FACE_OUTER_BOUND('',#501,.T.);
#237=FACE_OUTER_BOUND('',#502,.T.);
#238=FACE_OUTER_BOUND('',#503,.T.);
#239=FACE_OUTER_BOUND('',#504,.T.);
#240=FACE_OUTER_BOUND('',#505,.T.);
#241=FACE_OUTER_BOUND('',#506,.T.);
#242=FACE_OUTER_BOUND('',#507,.T.);
#243=FACE_OUTER_BOUND('',#508,.T.);
#244=FACE_OUTER_BOUND('',#509,.T.);
#245=FACE_OUTER_BOUND('',#510,.T.);
#246=FACE_OUTER_BOUND('',#511,.T.);
#247=FACE_OUTER_BOUND('',#512,.T.);
#248=FACE_OUTER_BOUND('',#513,.T.);
#249=FACE_OUTER_BOUND('',#514,.T.);
#250=FACE_OUTER_BOUND('',#515,.T.);
#251=FACE_OUTER_BOUND('',#516,.T.);
#252=FACE_OUTER_BOUND('',#517,.T.);
#253=FACE_OUTER_BOUND('',#518,.T.);
#254=FACE_OUTER_BOUND('',#519,.T.);
#255=FACE_OUTER_BOUND('',#520,.T.);
#256=FACE_OUTER_BOUND('',#521,.T.);
#257=FACE_OUTER_BOUND('',#522,.T.);
#258=FACE_OUTER_BOUND('',#523,.T.);
#259=FACE_OUTER_BOUND('',#524,.T.);
#260=FACE_OUTER_BOUND('',#525,.T.);
#261=FACE_OUTER_BOUND('',#526,.T.);
#262=FACE_OUTER_BOUND('',#527,.T.);
#263=FACE_OUTER_BOUND('',#528,.T.);
#264=FACE_OUTER_BOUND('',#529,.T.);
#265=FACE_OUTER_BOUND('',#530,.T.);
#266=FACE_OUTER_BOUND('',#531,.T.);
#267=FACE_OUTER_BOUND('',#532,.T.);
#268=FACE_OUTER_BOUND('',#533,.T.);
#269=FACE_OUTER_BOUND('',#534,.T.);
#270=FACE_OUTER_BOUND('',#535,.T.);
#271=FACE_OUTER_BOUND('',#536,.T.);
#272=FACE_OUTER_BOUND('',#537,.T.);
#273=FACE_OUTER_BOUND('',#538,.T.);
#274=FACE_OUTER_BOUND('',#539,.T.);
#275=FACE_OUTER_BOUND('',#540,.T.);
#276=FACE_OUTER_BOUND('',#541,.T.);
#277=FACE_OUTER_BOUND('',#542,.T.);
#278=FACE_OUTER_BOUND('',#543,.T.);
#279=FACE_OUTER_BOUND('',#544,.T.);
#280=FACE_OUTER_BOUND('',#545,.T.);
#281=FACE_OUTER_BOUND('',#546,.T.);
#282=FACE_OUTER_BOUND('',#547,.T.);
#283=FACE_OUTER_BOUND('',#548,.T.);
#284=FACE_OUTER_BOUND('',#549,.T.);
#285=FACE_OUTER_BOUND('',#550,.T.);
#286=FACE_OUTER_BOUND('',#551,.T.);
#287=FACE_OUTER_BOUND('',#552,.T.);
#288=FACE_OUTER_BOUND('',#553,.T.);
#289=FACE_OUTER_BOUND('',#554,.T.);
#290=FACE_OUTER_BOUND('',#555,.T.);
#291=FACE_OUTER_BOUND('',#556,.T.);
#292=FACE_OUTER_BOUND('',#557,.T.);
#293=FACE_OUTER_BOUND('',#558,.T.);
#294=FACE_OUTER_BOUND('',#559,.T.);
#295=FACE_OUTER_BOUND('',#560,.T.);
#296=FACE_OUTER_BOUND('',#561,.T.);
#297=FACE_OUTER_BOUND('',#562,.T.);
#298=FACE_OUTER_BOUND('',#563,.T.);
#299=FACE_OUTER_BOUND('',#564,.T.);
#300=FACE_OUTER_BOUND('',#565,.T.);
#301=FACE_OUTER_BOUND('',#566,.T.);
#302=FACE_OUTER_BOUND('',#567,.T.);
#303=FACE_OUTER_BOUND('',#568,.T.);
#304=FACE_OUTER_BOUND('',#569,.T.);
#305=FACE_OUTER_BOUND('',#570,.T.);
#306=FACE_OUTER_BOUND('',#571,.T.);
#307=FACE_OUTER_BOUND('',#572,.T.);
#308=FACE_OUTER_BOUND('',#573,.T.);
#309=FACE_OUTER_BOUND('',#574,.T.);
#310=FACE_OUTER_BOUND('',#575,.T.);
#311=FACE_OUTER_BOUND('',#576,.T.);
#312=FACE_OUTER_BOUND('',#577,.T.);
#313=FACE_OUTER_BOUND('',#578,.T.);
#314=FACE_OUTER_BOUND('',#579,.T.);
#315=FACE_OUTER_BOUND('',#580,.T.);
#316=FACE_OUTER_BOUND('',#581,.T.);
#317=FACE_OUTER_BOUND('',#582,.T.);
#318=FACE_OUTER_BOUND('',#583,.T.);
#319=FACE_OUTER_BOUND('',#584,.T.);
#320=FACE_OUTER_BOUND('',#585,.T.);
#321=FACE_OUTER_BOUND('',#586,.T.);
#322=FACE_OUTER_BOUND('',#587,.T.);
#323=FACE_OUTER_BOUND('',#588,.T.);
#324=FACE_OUTER_BOUND('',#589,.T.);
#325=FACE_OUTER_BOUND('',#590,.T.);
#326=FACE_OUTER_BOUND('',#591,.T.);
#327=FACE_OUTER_BOUND('',#592,.T.);
#328=FACE_OUTER_BOUND('',#593,.T.);
#329=FACE_OUTER_BOUND('',#594,.T.);
#330=FACE_OUTER_BOUND('',#595,.T.);
#331=FACE_OUTER_BOUND('',#596,.T.);
#332=FACE_OUTER_BOUND('',#597,.T.);
#333=FACE_OUTER_BOUND('',#598,.T.);
#334=FACE_OUTER_BOUND('',#599,.T.);
#335=FACE_OUTER_BOUND('',#600,.T.);
#336=FACE_OUTER_BOUND('',#601,.T.);
#337=FACE_OUTER_BOUND('',#602,.T.);
#338=FACE_OUTER_BOUND('',#603,.T.);
#339=FACE_OUTER_BOUND('',#604,.T.);
#340=FACE_OUTER_BOUND('',#605,.T.);
#341=FACE_OUTER_BOUND('',#606,.T.);
#342=FACE_OUTER_BOUND('',#607,.T.);
#343=FACE_OUTER_BOUND('',#608,.T.);
#344=FACE_OUTER_BOUND('',#609,.T.);
#345=FACE_OUTER_BOUND('',#610,.T.);
#346=FACE_OUTER_BOUND('',#611,.T.);
#347=FACE_OUTER_BOUND('',#612,.T.);
#348=FACE_OUTER_BOUND('',#613,.T.);
#349=FACE_OUTER_BOUND('',#614,.T.);
#350=FACE_OUTER_BOUND('',#615,.T.);
#351=FACE_OUTER_BOUND('',#616,.T.);
#352=FACE_OUTER_BOUND('',#617,.T.);
#353=FACE_OUTER_BOUND('',#618,.T.);
#354=FACE_OUTER_BOUND('',#619,.T.);
#355=FACE_OUTER_BOUND('',#620,.T.);
#356=FACE_OUTER_BOUND('',#621,.T.);
#357=FACE_OUTER_BOUND('',#622,.T.);
#358=FACE_OUTER_BOUND('',#623,.T.);
#359=FACE_OUTER_BOUND('',#624,.T.);
#360=FACE_OUTER_BOUND('',#625,.T.);
#361=FACE_OUTER_BOUND('',#626,.T.);
#362=FACE_OUTER_BOUND('',#627,.T.);
#363=FACE_OUTER_BOUND('',#628,.T.);
#364=FACE_OUTER_BOUND('',#629,.T.);
#365=FACE_OUTER_BOUND('',#630,.T.);
#366=FACE_OUTER_BOUND('',#631,.T.);
#367=FACE_OUTER_BOUND('',#632,.T.);
#368=FACE_OUTER_BOUND('',#633,.T.);
#369=FACE_OUTER_BOUND('',#634,.T.);
#370=FACE_OUTER_BOUND('',#635,.T.);
#371=FACE_OUTER_BOUND('',#636,.T.);
#372=FACE_OUTER_BOUND('',#637,.T.);
#373=FACE_OUTER_BOUND('',#638,.T.);
#374=FACE_OUTER_BOUND('',#639,.T.);
#375=FACE_OUTER_BOUND('',#640,.T.);
#376=FACE_OUTER_BOUND('',#641,.T.);
#377=FACE_OUTER_BOUND('',#642,.T.);
#378=FACE_OUTER_BOUND('',#643,.T.);
#379=FACE_OUTER_BOUND('',#644,.T.);
#380=FACE_OUTER_BOUND('',#645,.T.);
#381=FACE_OUTER_BOUND('',#646,.T.);
#382=FACE_OUTER_BOUND('',#647,.T.);
#383=FACE_OUTER_BOUND('',#648,.T.);
#384=FACE_OUTER_BOUND('',#649,.T.);
#385=FACE_OUTER_BOUND('',#650,.T.);
#386=FACE_OUTER_BOUND('',#651,.T.);
#387=FACE_OUTER_BOUND('',#652,.T.);
#388=FACE_OUTER_BOUND('',#653,.T.);
#389=FACE_OUTER_BOUND('',#654,.T.);
#390=FACE_OUTER_BOUND('',#655,.T.);
#391=FACE_OUTER_BOUND('',#656,.T.);
#392=EDGE_LOOP('',(#2804,#2805,#2806,#2807));
#393=EDGE_LOOP('',(#2808,#2809,#2810,#2811));
#394=EDGE_LOOP('',(#2812,#2813,#2814,#2815));
#395=EDGE_LOOP('',(#2816,#2817,#2818,#2819));
#396=EDGE_LOOP('',(#2820,#2821,#2822,#2823));
#397=EDGE_LOOP('',(#2824,#2825,#2826,#2827));
#398=EDGE_LOOP('',(#2828,#2829,#2830,#2831));
#399=EDGE_LOOP('',(#2832,#2833,#2834,#2835,#2836,#2837,#2838,#2839,#2840,
#2841,#2842,#2843,#2844,#2845,#2846,#2847,#2848,#2849,#2850,#2851,#2852,
#2853,#2854,#2855,#2856,#2857,#2858,#2859,#2860,#2861,#2862,#2863,#2864,
#2865,#2866,#2867,#2868,#2869,#2870,#2871,#2872,#2873,#2874,#2875,#2876,
#2877,#2878,#2879,#2880,#2881,#2882,#2883,#2884,#2885,#2886,#2887,#2888,
#2889));
#400=EDGE_LOOP('',(#2890,#2891,#2892,#2893,#2894,#2895,#2896,#2897));
#401=EDGE_LOOP('',(#2898,#2899,#2900,#2901,#2902,#2903,#2904,#2905));
#402=EDGE_LOOP('',(#2906));
#403=EDGE_LOOP('',(#2907,#2908,#2909,#2910,#2911,#2912,#2913,#2914));
#404=EDGE_LOOP('',(#2915,#2916,#2917,#2918,#2919,#2920,#2921,#2922));
#405=EDGE_LOOP('',(#2923));
#406=EDGE_LOOP('',(#2924,#2925,#2926,#2927,#2928,#2929,#2930,#2931));
#407=EDGE_LOOP('',(#2932,#2933,#2934,#2935,#2936,#2937,#2938,#2939));
#408=EDGE_LOOP('',(#2940,#2941,#2942,#2943,#2944,#2945,#2946,#2947));
#409=EDGE_LOOP('',(#2948));
#410=EDGE_LOOP('',(#2949,#2950,#2951,#2952,#2953,#2954,#2955,#2956));
#411=EDGE_LOOP('',(#2957,#2958,#2959,#2960,#2961,#2962,#2963,#2964));
#412=EDGE_LOOP('',(#2965,#2966,#2967,#2968,#2969,#2970,#2971,#2972));
#413=EDGE_LOOP('',(#2973,#2974,#2975,#2976,#2977,#2978,#2979,#2980));
#414=EDGE_LOOP('',(#2981,#2982,#2983,#2984,#2985,#2986,#2987,#2988));
#415=EDGE_LOOP('',(#2989));
#416=EDGE_LOOP('',(#2990,#2991,#2992,#2993,#2994,#2995,#2996,#2997));
#417=EDGE_LOOP('',(#2998,#2999,#3000,#3001,#3002,#3003,#3004,#3005));
#418=EDGE_LOOP('',(#3006,#3007,#3008,#3009,#3010,#3011,#3012,#3013));
#419=EDGE_LOOP('',(#3014,#3015,#3016,#3017,#3018,#3019,#3020,#3021));
#420=EDGE_LOOP('',(#3022,#3023,#3024,#3025,#3026,#3027,#3028,#3029));
#421=EDGE_LOOP('',(#3030,#3031,#3032,#3033,#3034,#3035,#3036,#3037));
#422=EDGE_LOOP('',(#3038,#3039,#3040,#3041,#3042,#3043,#3044,#3045));
#423=EDGE_LOOP('',(#3046));
#424=EDGE_LOOP('',(#3047,#3048,#3049,#3050));
#425=EDGE_LOOP('',(#3051,#3052,#3053,#3054));
#426=EDGE_LOOP('',(#3055,#3056,#3057,#3058));
#427=EDGE_LOOP('',(#3059,#3060,#3061,#3062,#3063,#3064,#3065,#3066,#3067,
#3068,#3069,#3070,#3071,#3072,#3073,#3074,#3075,#3076,#3077,#3078,#3079,
#3080,#3081,#3082,#3083,#3084,#3085,#3086,#3087,#3088,#3089,#3090,#3091,
#3092,#3093,#3094,#3095,#3096,#3097,#3098,#3099,#3100,#3101,#3102,#3103,
#3104,#3105,#3106,#3107,#3108,#3109,#3110,#3111,#3112,#3113,#3114,#3115,
#3116));
#428=EDGE_LOOP('',(#3117,#3118,#3119,#3120,#3121,#3122,#3123,#3124));
#429=EDGE_LOOP('',(#3125,#3126,#3127,#3128,#3129,#3130,#3131,#3132));
#430=EDGE_LOOP('',(#3133));
#431=EDGE_LOOP('',(#3134,#3135,#3136,#3137,#3138,#3139,#3140,#3141));
#432=EDGE_LOOP('',(#3142,#3143,#3144,#3145,#3146,#3147,#3148,#3149));
#433=EDGE_LOOP('',(#3150));
#434=EDGE_LOOP('',(#3151,#3152,#3153,#3154,#3155,#3156,#3157,#3158));
#435=EDGE_LOOP('',(#3159,#3160,#3161,#3162,#3163,#3164,#3165,#3166));
#436=EDGE_LOOP('',(#3167,#3168,#3169,#3170,#3171,#3172,#3173,#3174));
#437=EDGE_LOOP('',(#3175));
#438=EDGE_LOOP('',(#3176,#3177,#3178,#3179,#3180,#3181,#3182,#3183));
#439=EDGE_LOOP('',(#3184,#3185,#3186,#3187,#3188,#3189,#3190,#3191));
#440=EDGE_LOOP('',(#3192,#3193,#3194,#3195,#3196,#3197,#3198,#3199));
#441=EDGE_LOOP('',(#3200,#3201,#3202,#3203,#3204,#3205,#3206,#3207));
#442=EDGE_LOOP('',(#3208,#3209,#3210,#3211,#3212,#3213,#3214,#3215));
#443=EDGE_LOOP('',(#3216));
#444=EDGE_LOOP('',(#3217,#3218,#3219,#3220,#3221,#3222,#3223,#3224));
#445=EDGE_LOOP('',(#3225,#3226,#3227,#3228,#3229,#3230,#3231,#3232));
#446=EDGE_LOOP('',(#3233,#3234,#3235,#3236,#3237,#3238,#3239,#3240));
#447=EDGE_LOOP('',(#3241,#3242,#3243,#3244,#3245,#3246,#3247,#3248));
#448=EDGE_LOOP('',(#3249,#3250,#3251,#3252,#3253,#3254,#3255,#3256));
#449=EDGE_LOOP('',(#3257,#3258,#3259,#3260,#3261,#3262,#3263,#3264));
#450=EDGE_LOOP('',(#3265,#3266,#3267,#3268,#3269,#3270,#3271,#3272));
#451=EDGE_LOOP('',(#3273));
#452=EDGE_LOOP('',(#3274,#3275,#3276,#3277));
#453=EDGE_LOOP('',(#3278,#3279,#3280,#3281));
#454=EDGE_LOOP('',(#3282,#3283,#3284,#3285));
#455=EDGE_LOOP('',(#3286,#3287,#3288,#3289));
#456=EDGE_LOOP('',(#3290,#3291,#3292,#3293));
#457=EDGE_LOOP('',(#3294,#3295,#3296,#3297));
#458=EDGE_LOOP('',(#3298,#3299,#3300,#3301));
#459=EDGE_LOOP('',(#3302,#3303,#3304,#3305));
#460=EDGE_LOOP('',(#3306,#3307,#3308,#3309));
#461=EDGE_LOOP('',(#3310,#3311,#3312,#3313));
#462=EDGE_LOOP('',(#3314,#3315,#3316,#3317));
#463=EDGE_LOOP('',(#3318,#3319,#3320,#3321));
#464=EDGE_LOOP('',(#3322,#3323,#3324,#3325));
#465=EDGE_LOOP('',(#3326,#3327,#3328,#3329));
#466=EDGE_LOOP('',(#3330,#3331,#3332,#3333));
#467=EDGE_LOOP('',(#3334,#3335,#3336,#3337));
#468=EDGE_LOOP('',(#3338,#3339,#3340,#3341));
#469=EDGE_LOOP('',(#3342,#3343,#3344,#3345));
#470=EDGE_LOOP('',(#3346,#3347,#3348,#3349));
#471=EDGE_LOOP('',(#3350,#3351,#3352,#3353));
#472=EDGE_LOOP('',(#3354,#3355,#3356,#3357));
#473=EDGE_LOOP('',(#3358,#3359,#3360,#3361));
#474=EDGE_LOOP('',(#3362,#3363,#3364,#3365));
#475=EDGE_LOOP('',(#3366,#3367,#3368,#3369));
#476=EDGE_LOOP('',(#3370,#3371,#3372,#3373));
#477=EDGE_LOOP('',(#3374,#3375,#3376,#3377));
#478=EDGE_LOOP('',(#3378,#3379,#3380,#3381));
#479=EDGE_LOOP('',(#3382,#3383,#3384,#3385));
#480=EDGE_LOOP('',(#3386,#3387,#3388,#3389));
#481=EDGE_LOOP('',(#3390,#3391,#3392,#3393));
#482=EDGE_LOOP('',(#3394,#3395,#3396,#3397));
#483=EDGE_LOOP('',(#3398,#3399,#3400,#3401));
#484=EDGE_LOOP('',(#3402,#3403,#3404,#3405));
#485=EDGE_LOOP('',(#3406,#3407,#3408,#3409));
#486=EDGE_LOOP('',(#3410,#3411,#3412,#3413));
#487=EDGE_LOOP('',(#3414,#3415,#3416,#3417));
#488=EDGE_LOOP('',(#3418,#3419,#3420,#3421));
#489=EDGE_LOOP('',(#3422,#3423,#3424,#3425));
#490=EDGE_LOOP('',(#3426,#3427,#3428,#3429));
#491=EDGE_LOOP('',(#3430,#3431,#3432,#3433));
#492=EDGE_LOOP('',(#3434,#3435,#3436,#3437));
#493=EDGE_LOOP('',(#3438,#3439,#3440,#3441));
#494=EDGE_LOOP('',(#3442,#3443,#3444,#3445));
#495=EDGE_LOOP('',(#3446,#3447,#3448,#3449));
#496=EDGE_LOOP('',(#3450,#3451,#3452,#3453));
#497=EDGE_LOOP('',(#3454,#3455,#3456,#3457));
#498=EDGE_LOOP('',(#3458,#3459,#3460,#3461));
#499=EDGE_LOOP('',(#3462,#3463,#3464,#3465));
#500=EDGE_LOOP('',(#3466,#3467,#3468,#3469));
#501=EDGE_LOOP('',(#3470,#3471,#3472,#3473));
#502=EDGE_LOOP('',(#3474,#3475,#3476,#3477));
#503=EDGE_LOOP('',(#3478,#3479,#3480,#3481));
#504=EDGE_LOOP('',(#3482,#3483,#3484,#3485));
#505=EDGE_LOOP('',(#3486,#3487,#3488,#3489));
#506=EDGE_LOOP('',(#3490,#3491,#3492,#3493));
#507=EDGE_LOOP('',(#3494,#3495,#3496,#3497));
#508=EDGE_LOOP('',(#3498,#3499,#3500,#3501));
#509=EDGE_LOOP('',(#3502,#3503,#3504,#3505));
#510=EDGE_LOOP('',(#3506,#3507,#3508,#3509));
#511=EDGE_LOOP('',(#3510,#3511,#3512,#3513));
#512=EDGE_LOOP('',(#3514,#3515,#3516,#3517));
#513=EDGE_LOOP('',(#3518,#3519,#3520,#3521));
#514=EDGE_LOOP('',(#3522,#3523,#3524,#3525));
#515=EDGE_LOOP('',(#3526,#3527,#3528,#3529));
#516=EDGE_LOOP('',(#3530,#3531,#3532,#3533));
#517=EDGE_LOOP('',(#3534,#3535,#3536,#3537));
#518=EDGE_LOOP('',(#3538,#3539,#3540,#3541));
#519=EDGE_LOOP('',(#3542,#3543,#3544,#3545));
#520=EDGE_LOOP('',(#3546,#3547,#3548,#3549));
#521=EDGE_LOOP('',(#3550,#3551,#3552,#3553));
#522=EDGE_LOOP('',(#3554,#3555,#3556,#3557));
#523=EDGE_LOOP('',(#3558,#3559,#3560,#3561));
#524=EDGE_LOOP('',(#3562,#3563,#3564,#3565));
#525=EDGE_LOOP('',(#3566,#3567,#3568,#3569));
#526=EDGE_LOOP('',(#3570,#3571,#3572,#3573));
#527=EDGE_LOOP('',(#3574,#3575,#3576,#3577));
#528=EDGE_LOOP('',(#3578,#3579,#3580,#3581));
#529=EDGE_LOOP('',(#3582,#3583,#3584,#3585));
#530=EDGE_LOOP('',(#3586,#3587,#3588,#3589));
#531=EDGE_LOOP('',(#3590,#3591,#3592,#3593));
#532=EDGE_LOOP('',(#3594,#3595,#3596,#3597));
#533=EDGE_LOOP('',(#3598,#3599,#3600,#3601));
#534=EDGE_LOOP('',(#3602,#3603,#3604,#3605));
#535=EDGE_LOOP('',(#3606,#3607,#3608,#3609));
#536=EDGE_LOOP('',(#3610,#3611,#3612,#3613));
#537=EDGE_LOOP('',(#3614,#3615,#3616,#3617));
#538=EDGE_LOOP('',(#3618,#3619,#3620,#3621));
#539=EDGE_LOOP('',(#3622,#3623,#3624,#3625));
#540=EDGE_LOOP('',(#3626,#3627,#3628,#3629));
#541=EDGE_LOOP('',(#3630,#3631,#3632,#3633));
#542=EDGE_LOOP('',(#3634,#3635,#3636,#3637));
#543=EDGE_LOOP('',(#3638,#3639,#3640,#3641));
#544=EDGE_LOOP('',(#3642,#3643,#3644,#3645));
#545=EDGE_LOOP('',(#3646,#3647,#3648,#3649));
#546=EDGE_LOOP('',(#3650,#3651,#3652,#3653));
#547=EDGE_LOOP('',(#3654,#3655,#3656,#3657));
#548=EDGE_LOOP('',(#3658,#3659,#3660,#3661));
#549=EDGE_LOOP('',(#3662,#3663,#3664,#3665));
#550=EDGE_LOOP('',(#3666,#3667,#3668,#3669));
#551=EDGE_LOOP('',(#3670,#3671,#3672,#3673));
#552=EDGE_LOOP('',(#3674,#3675,#3676,#3677));
#553=EDGE_LOOP('',(#3678,#3679,#3680,#3681));
#554=EDGE_LOOP('',(#3682,#3683,#3684,#3685));
#555=EDGE_LOOP('',(#3686,#3687,#3688,#3689));
#556=EDGE_LOOP('',(#3690,#3691,#3692,#3693));
#557=EDGE_LOOP('',(#3694,#3695,#3696,#3697));
#558=EDGE_LOOP('',(#3698,#3699,#3700,#3701));
#559=EDGE_LOOP('',(#3702,#3703,#3704,#3705));
#560=EDGE_LOOP('',(#3706,#3707,#3708,#3709));
#561=EDGE_LOOP('',(#3710,#3711,#3712,#3713));
#562=EDGE_LOOP('',(#3714,#3715,#3716,#3717));
#563=EDGE_LOOP('',(#3718,#3719,#3720,#3721));
#564=EDGE_LOOP('',(#3722,#3723,#3724,#3725));
#565=EDGE_LOOP('',(#3726,#3727,#3728,#3729));
#566=EDGE_LOOP('',(#3730,#3731,#3732,#3733));
#567=EDGE_LOOP('',(#3734,#3735,#3736,#3737));
#568=EDGE_LOOP('',(#3738,#3739,#3740,#3741));
#569=EDGE_LOOP('',(#3742,#3743,#3744,#3745));
#570=EDGE_LOOP('',(#3746,#3747,#3748,#3749));
#571=EDGE_LOOP('',(#3750,#3751,#3752,#3753));
#572=EDGE_LOOP('',(#3754,#3755,#3756,#3757));
#573=EDGE_LOOP('',(#3758,#3759,#3760,#3761));
#574=EDGE_LOOP('',(#3762,#3763,#3764,#3765));
#575=EDGE_LOOP('',(#3766,#3767,#3768,#3769));
#576=EDGE_LOOP('',(#3770,#3771,#3772,#3773));
#577=EDGE_LOOP('',(#3774,#3775,#3776,#3777));
#578=EDGE_LOOP('',(#3778,#3779,#3780,#3781));
#579=EDGE_LOOP('',(#3782,#3783,#3784,#3785));
#580=EDGE_LOOP('',(#3786,#3787,#3788,#3789));
#581=EDGE_LOOP('',(#3790,#3791,#3792,#3793));
#582=EDGE_LOOP('',(#3794,#3795,#3796,#3797));
#583=EDGE_LOOP('',(#3798,#3799,#3800,#3801));
#584=EDGE_LOOP('',(#3802,#3803,#3804,#3805));
#585=EDGE_LOOP('',(#3806,#3807,#3808,#3809));
#586=EDGE_LOOP('',(#3810,#3811,#3812,#3813));
#587=EDGE_LOOP('',(#3814,#3815,#3816,#3817));
#588=EDGE_LOOP('',(#3818,#3819,#3820,#3821));
#589=EDGE_LOOP('',(#3822,#3823,#3824,#3825));
#590=EDGE_LOOP('',(#3826,#3827,#3828,#3829));
#591=EDGE_LOOP('',(#3830,#3831,#3832,#3833));
#592=EDGE_LOOP('',(#3834,#3835,#3836,#3837));
#593=EDGE_LOOP('',(#3838,#3839,#3840,#3841));
#594=EDGE_LOOP('',(#3842,#3843,#3844,#3845));
#595=EDGE_LOOP('',(#3846,#3847,#3848,#3849));
#596=EDGE_LOOP('',(#3850,#3851,#3852,#3853));
#597=EDGE_LOOP('',(#3854,#3855,#3856,#3857));
#598=EDGE_LOOP('',(#3858,#3859,#3860,#3861));
#599=EDGE_LOOP('',(#3862,#3863,#3864,#3865));
#600=EDGE_LOOP('',(#3866,#3867,#3868,#3869));
#601=EDGE_LOOP('',(#3870,#3871,#3872,#3873));
#602=EDGE_LOOP('',(#3874,#3875,#3876,#3877));
#603=EDGE_LOOP('',(#3878,#3879,#3880,#3881));
#604=EDGE_LOOP('',(#3882,#3883,#3884,#3885));
#605=EDGE_LOOP('',(#3886,#3887,#3888,#3889));
#606=EDGE_LOOP('',(#3890,#3891,#3892,#3893));
#607=EDGE_LOOP('',(#3894,#3895,#3896,#3897));
#608=EDGE_LOOP('',(#3898,#3899,#3900,#3901));
#609=EDGE_LOOP('',(#3902,#3903,#3904,#3905));
#610=EDGE_LOOP('',(#3906,#3907,#3908,#3909));
#611=EDGE_LOOP('',(#3910,#3911,#3912,#3913));
#612=EDGE_LOOP('',(#3914,#3915,#3916,#3917));
#613=EDGE_LOOP('',(#3918,#3919,#3920,#3921));
#614=EDGE_LOOP('',(#3922,#3923,#3924,#3925));
#615=EDGE_LOOP('',(#3926,#3927,#3928,#3929));
#616=EDGE_LOOP('',(#3930,#3931,#3932,#3933));
#617=EDGE_LOOP('',(#3934,#3935,#3936,#3937));
#618=EDGE_LOOP('',(#3938,#3939,#3940,#3941));
#619=EDGE_LOOP('',(#3942,#3943,#3944,#3945));
#620=EDGE_LOOP('',(#3946,#3947,#3948,#3949));
#621=EDGE_LOOP('',(#3950,#3951,#3952,#3953));
#622=EDGE_LOOP('',(#3954,#3955,#3956,#3957));
#623=EDGE_LOOP('',(#3958,#3959,#3960,#3961));
#624=EDGE_LOOP('',(#3962,#3963,#3964,#3965));
#625=EDGE_LOOP('',(#3966,#3967,#3968,#3969));
#626=EDGE_LOOP('',(#3970,#3971,#3972,#3973));
#627=EDGE_LOOP('',(#3974,#3975,#3976,#3977));
#628=EDGE_LOOP('',(#3978,#3979,#3980,#3981));
#629=EDGE_LOOP('',(#3982,#3983,#3984,#3985));
#630=EDGE_LOOP('',(#3986,#3987,#3988,#3989));
#631=EDGE_LOOP('',(#3990,#3991,#3992,#3993));
#632=EDGE_LOOP('',(#3994,#3995,#3996,#3997));
#633=EDGE_LOOP('',(#3998,#3999,#4000,#4001));
#634=EDGE_LOOP('',(#4002,#4003,#4004,#4005));
#635=EDGE_LOOP('',(#4006,#4007,#4008,#4009));
#636=EDGE_LOOP('',(#4010,#4011,#4012,#4013));
#637=EDGE_LOOP('',(#4014,#4015,#4016,#4017));
#638=EDGE_LOOP('',(#4018,#4019,#4020,#4021));
#639=EDGE_LOOP('',(#4022,#4023,#4024,#4025));
#640=EDGE_LOOP('',(#4026,#4027,#4028,#4029));
#641=EDGE_LOOP('',(#4030,#4031,#4032,#4033));
#642=EDGE_LOOP('',(#4034,#4035,#4036,#4037));
#643=EDGE_LOOP('',(#4038,#4039,#4040,#4041));
#644=EDGE_LOOP('',(#4042,#4043,#4044,#4045));
#645=EDGE_LOOP('',(#4046,#4047,#4048,#4049));
#646=EDGE_LOOP('',(#4050,#4051,#4052,#4053));
#647=EDGE_LOOP('',(#4054,#4055,#4056,#4057));
#648=EDGE_LOOP('',(#4058,#4059,#4060,#4061));
#649=EDGE_LOOP('',(#4062,#4063,#4064,#4065));
#650=EDGE_LOOP('',(#4066,#4067,#4068,#4069));
#651=EDGE_LOOP('',(#4070,#4071,#4072,#4073));
#652=EDGE_LOOP('',(#4074,#4075,#4076,#4077));
#653=EDGE_LOOP('',(#4078,#4079,#4080,#4081));
#654=EDGE_LOOP('',(#4082,#4083,#4084,#4085));
#655=EDGE_LOOP('',(#4086,#4087,#4088,#4089));
#656=EDGE_LOOP('',(#4090,#4091,#4092,#4093));
#657=LINE('',#6181,#1084);
#658=LINE('',#6184,#1085);
#659=LINE('',#6187,#1086);
#660=LINE('',#6189,#1087);
#661=LINE('',#6190,#1088);
#662=LINE('',#6194,#1089);
#663=LINE('',#6196,#1090);
#664=LINE('',#6198,#1091);
#665=LINE('',#6199,#1092);
#666=LINE('',#6205,#1093);
#667=LINE('',#6207,#1094);
#668=LINE('',#6208,#1095);
#669=LINE('',#6211,#1096);
#670=LINE('',#6213,#1097);
#671=LINE('',#6214,#1098);
#672=LINE('',#6217,#1099);
#673=LINE('',#6219,#1100);
#674=LINE('',#6220,#1101);
#675=LINE('',#6225,#1102);
#676=LINE('',#6229,#1103);
#677=LINE('',#6233,#1104);
#678=LINE('',#6237,#1105);
#679=LINE('',#6241,#1106);
#680=LINE('',#6245,#1107);
#681=LINE('',#6249,#1108);
#682=LINE('',#6253,#1109);
#683=LINE('',#6257,#1110);
#684=LINE('',#6261,#1111);
#685=LINE('',#6265,#1112);
#686=LINE('',#6271,#1113);
#687=LINE('',#6275,#1114);
#688=LINE('',#6279,#1115);
#689=LINE('',#6283,#1116);
#690=LINE('',#6287,#1117);
#691=LINE('',#6289,#1118);
#692=LINE('',#6293,#1119);
#693=LINE('',#6295,#1120);
#694=LINE('',#6299,#1121);
#695=LINE('',#6303,#1122);
#696=LINE('',#6307,#1123);
#697=LINE('',#6311,#1124);
#698=LINE('',#6315,#1125);
#699=LINE('',#6321,#1126);
#700=LINE('',#6327,#1127);
#701=LINE('',#6331,#1128);
#702=LINE('',#6335,#1129);
#703=LINE('',#6338,#1130);
#704=LINE('',#6343,#1131);
#705=LINE('',#6347,#1132);
#706=LINE('',#6351,#1133);
#707=LINE('',#6354,#1134);
#708=LINE('',#6361,#1135);
#709=LINE('',#6365,#1136);
#710=LINE('',#6369,#1137);
#711=LINE('',#6372,#1138);
#712=LINE('',#6377,#1139);
#713=LINE('',#6381,#1140);
#714=LINE('',#6385,#1141);
#715=LINE('',#6388,#1142);
#716=LINE('',#6395,#1143);
#717=LINE('',#6399,#1144);
#718=LINE('',#6403,#1145);
#719=LINE('',#6406,#1146);
#720=LINE('',#6411,#1147);
#721=LINE('',#6415,#1148);
#722=LINE('',#6419,#1149);
#723=LINE('',#6422,#1150);
#724=LINE('',#6427,#1151);
#725=LINE('',#6431,#1152);
#726=LINE('',#6435,#1153);
#727=LINE('',#6438,#1154);
#728=LINE('',#6445,#1155);
#729=LINE('',#6449,#1156);
#730=LINE('',#6453,#1157);
#731=LINE('',#6456,#1158);
#732=LINE('',#6461,#1159);
#733=LINE('',#6465,#1160);
#734=LINE('',#6469,#1161);
#735=LINE('',#6472,#1162);
#736=LINE('',#6477,#1163);
#737=LINE('',#6481,#1164);
#738=LINE('',#6485,#1165);
#739=LINE('',#6488,#1166);
#740=LINE('',#6493,#1167);
#741=LINE('',#6497,#1168);
#742=LINE('',#6501,#1169);
#743=LINE('',#6504,#1170);
#744=LINE('',#6509,#1171);
#745=LINE('',#6513,#1172);
#746=LINE('',#6517,#1173);
#747=LINE('',#6520,#1174);
#748=LINE('',#6527,#1175);
#749=LINE('',#6531,#1176);
#750=LINE('',#6535,#1177);
#751=LINE('',#6538,#1178);
#752=LINE('',#6543,#1179);
#753=LINE('',#6547,#1180);
#754=LINE('',#6551,#1181);
#755=LINE('',#6554,#1182);
#756=LINE('',#6559,#1183);
#757=LINE('',#6563,#1184);
#758=LINE('',#6567,#1185);
#759=LINE('',#6570,#1186);
#760=LINE('',#6575,#1187);
#761=LINE('',#6579,#1188);
#762=LINE('',#6583,#1189);
#763=LINE('',#6586,#1190);
#764=LINE('',#6591,#1191);
#765=LINE('',#6595,#1192);
#766=LINE('',#6599,#1193);
#767=LINE('',#6602,#1194);
#768=LINE('',#6607,#1195);
#769=LINE('',#6611,#1196);
#770=LINE('',#6615,#1197);
#771=LINE('',#6618,#1198);
#772=LINE('',#6623,#1199);
#773=LINE('',#6627,#1200);
#774=LINE('',#6631,#1201);
#775=LINE('',#6634,#1202);
#776=LINE('',#6640,#1203);
#777=LINE('',#6641,#1204);
#778=LINE('',#6642,#1205);
#779=LINE('',#6646,#1206);
#780=LINE('',#6649,#1207);
#781=LINE('',#6650,#1208);
#782=LINE('',#6655,#1209);
#783=LINE('',#6661,#1210);
#784=LINE('',#6665,#1211);
#785=LINE('',#6669,#1212);
#786=LINE('',#6673,#1213);
#787=LINE('',#6677,#1214);
#788=LINE('',#6680,#1215);
#789=LINE('',#6682,#1216);
#790=LINE('',#6686,#1217);
#791=LINE('',#6690,#1218);
#792=LINE('',#6694,#1219);
#793=LINE('',#6698,#1220);
#794=LINE('',#6704,#1221);
#795=LINE('',#6708,#1222);
#796=LINE('',#6712,#1223);
#797=LINE('',#6716,#1224);
#798=LINE('',#6720,#1225);
#799=LINE('',#6724,#1226);
#800=LINE('',#6728,#1227);
#801=LINE('',#6732,#1228);
#802=LINE('',#6736,#1229);
#803=LINE('',#6740,#1230);
#804=LINE('',#6744,#1231);
#805=LINE('',#6750,#1232);
#806=LINE('',#6754,#1233);
#807=LINE('',#6758,#1234);
#808=LINE('',#6761,#1235);
#809=LINE('',#6766,#1236);
#810=LINE('',#6770,#1237);
#811=LINE('',#6774,#1238);
#812=LINE('',#6777,#1239);
#813=LINE('',#6784,#1240);
#814=LINE('',#6788,#1241);
#815=LINE('',#6792,#1242);
#816=LINE('',#6795,#1243);
#817=LINE('',#6800,#1244);
#818=LINE('',#6804,#1245);
#819=LINE('',#6808,#1246);
#820=LINE('',#6811,#1247);
#821=LINE('',#6818,#1248);
#822=LINE('',#6822,#1249);
#823=LINE('',#6826,#1250);
#824=LINE('',#6829,#1251);
#825=LINE('',#6834,#1252);
#826=LINE('',#6838,#1253);
#827=LINE('',#6842,#1254);
#828=LINE('',#6845,#1255);
#829=LINE('',#6850,#1256);
#830=LINE('',#6854,#1257);
#831=LINE('',#6858,#1258);
#832=LINE('',#6861,#1259);
#833=LINE('',#6868,#1260);
#834=LINE('',#6872,#1261);
#835=LINE('',#6876,#1262);
#836=LINE('',#6879,#1263);
#837=LINE('',#6884,#1264);
#838=LINE('',#6888,#1265);
#839=LINE('',#6892,#1266);
#840=LINE('',#6895,#1267);
#841=LINE('',#6900,#1268);
#842=LINE('',#6904,#1269);
#843=LINE('',#6908,#1270);
#844=LINE('',#6911,#1271);
#845=LINE('',#6916,#1272);
#846=LINE('',#6920,#1273);
#847=LINE('',#6924,#1274);
#848=LINE('',#6927,#1275);
#849=LINE('',#6932,#1276);
#850=LINE('',#6936,#1277);
#851=LINE('',#6940,#1278);
#852=LINE('',#6943,#1279);
#853=LINE('',#6950,#1280);
#854=LINE('',#6954,#1281);
#855=LINE('',#6958,#1282);
#856=LINE('',#6961,#1283);
#857=LINE('',#6966,#1284);
#858=LINE('',#6970,#1285);
#859=LINE('',#6974,#1286);
#860=LINE('',#6977,#1287);
#861=LINE('',#6982,#1288);
#862=LINE('',#6986,#1289);
#863=LINE('',#6990,#1290);
#864=LINE('',#6993,#1291);
#865=LINE('',#6998,#1292);
#866=LINE('',#7002,#1293);
#867=LINE('',#7006,#1294);
#868=LINE('',#7009,#1295);
#869=LINE('',#7014,#1296);
#870=LINE('',#7018,#1297);
#871=LINE('',#7022,#1298);
#872=LINE('',#7025,#1299);
#873=LINE('',#7030,#1300);
#874=LINE('',#7034,#1301);
#875=LINE('',#7038,#1302);
#876=LINE('',#7041,#1303);
#877=LINE('',#7046,#1304);
#878=LINE('',#7050,#1305);
#879=LINE('',#7054,#1306);
#880=LINE('',#7057,#1307);
#881=LINE('',#7061,#1308);
#882=LINE('',#7063,#1309);
#883=LINE('',#7064,#1310);
#884=LINE('',#7066,#1311);
#885=LINE('',#7068,#1312);
#886=LINE('',#7070,#1313);
#887=LINE('',#7072,#1314);
#888=LINE('',#7074,#1315);
#889=LINE('',#7076,#1316);
#890=LINE('',#7078,#1317);
#891=LINE('',#7080,#1318);
#892=LINE('',#7082,#1319);
#893=LINE('',#7084,#1320);
#894=LINE('',#7086,#1321);
#895=LINE('',#7088,#1322);
#896=LINE('',#7090,#1323);
#897=LINE('',#7092,#1324);
#898=LINE('',#7095,#1325);
#899=LINE('',#7097,#1326);
#900=LINE('',#7099,#1327);
#901=LINE('',#7101,#1328);
#902=LINE('',#7103,#1329);
#903=LINE('',#7105,#1330);
#904=LINE('',#7107,#1331);
#905=LINE('',#7109,#1332);
#906=LINE('',#7111,#1333);
#907=LINE('',#7113,#1334);
#908=LINE('',#7115,#1335);
#909=LINE('',#7117,#1336);
#910=LINE('',#7119,#1337);
#911=LINE('',#7121,#1338);
#912=LINE('',#7123,#1339);
#913=LINE('',#7125,#1340);
#914=LINE('',#7127,#1341);
#915=LINE('',#7129,#1342);
#916=LINE('',#7131,#1343);
#917=LINE('',#7133,#1344);
#918=LINE('',#7135,#1345);
#919=LINE('',#7137,#1346);
#920=LINE('',#7139,#1347);
#921=LINE('',#7141,#1348);
#922=LINE('',#7143,#1349);
#923=LINE('',#7145,#1350);
#924=LINE('',#7147,#1351);
#925=LINE('',#7149,#1352);
#926=LINE('',#7152,#1353);
#927=LINE('',#7155,#1354);
#928=LINE('',#7156,#1355);
#929=LINE('',#7158,#1356);
#930=LINE('',#7160,#1357);
#931=LINE('',#7162,#1358);
#932=LINE('',#7164,#1359);
#933=LINE('',#7166,#1360);
#934=LINE('',#7168,#1361);
#935=LINE('',#7171,#1362);
#936=LINE('',#7172,#1363);
#937=LINE('',#7174,#1364);
#938=LINE('',#7176,#1365);
#939=LINE('',#7178,#1366);
#940=LINE('',#7180,#1367);
#941=LINE('',#7182,#1368);
#942=LINE('',#7184,#1369);
#943=LINE('',#7187,#1370);
#944=LINE('',#7189,#1371);
#945=LINE('',#7190,#1372);
#946=LINE('',#7192,#1373);
#947=LINE('',#7194,#1374);
#948=LINE('',#7196,#1375);
#949=LINE('',#7198,#1376);
#950=LINE('',#7200,#1377);
#951=LINE('',#7202,#1378);
#952=LINE('',#7205,#1379);
#953=LINE('',#7206,#1380);
#954=LINE('',#7208,#1381);
#955=LINE('',#7210,#1382);
#956=LINE('',#7212,#1383);
#957=LINE('',#7214,#1384);
#958=LINE('',#7216,#1385);
#959=LINE('',#7218,#1386);
#960=LINE('',#7221,#1387);
#961=LINE('',#7223,#1388);
#962=LINE('',#7224,#1389);
#963=LINE('',#7226,#1390);
#964=LINE('',#7228,#1391);
#965=LINE('',#7230,#1392);
#966=LINE('',#7232,#1393);
#967=LINE('',#7234,#1394);
#968=LINE('',#7236,#1395);
#969=LINE('',#7239,#1396);
#970=LINE('',#7240,#1397);
#971=LINE('',#7242,#1398);
#972=LINE('',#7244,#1399);
#973=LINE('',#7246,#1400);
#974=LINE('',#7248,#1401);
#975=LINE('',#7250,#1402);
#976=LINE('',#7252,#1403);
#977=LINE('',#7255,#1404);
#978=LINE('',#7256,#1405);
#979=LINE('',#7258,#1406);
#980=LINE('',#7260,#1407);
#981=LINE('',#7262,#1408);
#982=LINE('',#7264,#1409);
#983=LINE('',#7266,#1410);
#984=LINE('',#7268,#1411);
#985=LINE('',#7271,#1412);
#986=LINE('',#7273,#1413);
#987=LINE('',#7274,#1414);
#988=LINE('',#7276,#1415);
#989=LINE('',#7278,#1416);
#990=LINE('',#7280,#1417);
#991=LINE('',#7282,#1418);
#992=LINE('',#7284,#1419);
#993=LINE('',#7286,#1420);
#994=LINE('',#7289,#1421);
#995=LINE('',#7290,#1422);
#996=LINE('',#7292,#1423);
#997=LINE('',#7294,#1424);
#998=LINE('',#7296,#1425);
#999=LINE('',#7298,#1426);
#1000=LINE('',#7300,#1427);
#1001=LINE('',#7302,#1428);
#1002=LINE('',#7305,#1429);
#1003=LINE('',#7306,#1430);
#1004=LINE('',#7308,#1431);
#1005=LINE('',#7310,#1432);
#1006=LINE('',#7312,#1433);
#1007=LINE('',#7314,#1434);
#1008=LINE('',#7316,#1435);
#1009=LINE('',#7318,#1436);
#1010=LINE('',#7321,#1437);
#1011=LINE('',#7322,#1438);
#1012=LINE('',#7324,#1439);
#1013=LINE('',#7326,#1440);
#1014=LINE('',#7328,#1441);
#1015=LINE('',#7330,#1442);
#1016=LINE('',#7332,#1443);
#1017=LINE('',#7334,#1444);
#1018=LINE('',#7337,#1445);
#1019=LINE('',#7338,#1446);
#1020=LINE('',#7340,#1447);
#1021=LINE('',#7342,#1448);
#1022=LINE('',#7344,#1449);
#1023=LINE('',#7346,#1450);
#1024=LINE('',#7348,#1451);
#1025=LINE('',#7350,#1452);
#1026=LINE('',#7353,#1453);
#1027=LINE('',#7355,#1454);
#1028=LINE('',#7356,#1455);
#1029=LINE('',#7358,#1456);
#1030=LINE('',#7360,#1457);
#1031=LINE('',#7362,#1458);
#1032=LINE('',#7364,#1459);
#1033=LINE('',#7366,#1460);
#1034=LINE('',#7368,#1461);
#1035=LINE('',#7371,#1462);
#1036=LINE('',#7372,#1463);
#1037=LINE('',#7374,#1464);
#1038=LINE('',#7376,#1465);
#1039=LINE('',#7378,#1466);
#1040=LINE('',#7380,#1467);
#1041=LINE('',#7382,#1468);
#1042=LINE('',#7384,#1469);
#1043=LINE('',#7387,#1470);
#1044=LINE('',#7388,#1471);
#1045=LINE('',#7390,#1472);
#1046=LINE('',#7392,#1473);
#1047=LINE('',#7394,#1474);
#1048=LINE('',#7396,#1475);
#1049=LINE('',#7398,#1476);
#1050=LINE('',#7400,#1477);
#1051=LINE('',#7403,#1478);
#1052=LINE('',#7404,#1479);
#1053=LINE('',#7406,#1480);
#1054=LINE('',#7408,#1481);
#1055=LINE('',#7410,#1482);
#1056=LINE('',#7412,#1483);
#1057=LINE('',#7414,#1484);
#1058=LINE('',#7416,#1485);
#1059=LINE('',#7419,#1486);
#1060=LINE('',#7420,#1487);
#1061=LINE('',#7422,#1488);
#1062=LINE('',#7424,#1489);
#1063=LINE('',#7426,#1490);
#1064=LINE('',#7428,#1491);
#1065=LINE('',#7430,#1492);
#1066=LINE('',#7432,#1493);
#1067=LINE('',#7435,#1494);
#1068=LINE('',#7436,#1495);
#1069=LINE('',#7438,#1496);
#1070=LINE('',#7440,#1497);
#1071=LINE('',#7442,#1498);
#1072=LINE('',#7444,#1499);
#1073=LINE('',#7446,#1500);
#1074=LINE('',#7448,#1501);
#1075=LINE('',#7451,#1502);
#1076=LINE('',#7452,#1503);
#1077=LINE('',#7454,#1504);
#1078=LINE('',#7456,#1505);
#1079=LINE('',#7458,#1506);
#1080=LINE('',#7460,#1507);
#1081=LINE('',#7462,#1508);
#1082=LINE('',#7464,#1509);
#1083=LINE('',#7467,#1510);
#1084=VECTOR('',#4879,10.);
#1085=VECTOR('',#4882,10.);
#1086=VECTOR('',#4885,10.);
#1087=VECTOR('',#4886,10.);
#1088=VECTOR('',#4887,10.);
#1089=VECTOR('',#4890,10.);
#1090=VECTOR('',#4891,10.);
#1091=VECTOR('',#4892,10.);
#1092=VECTOR('',#4893,10.);
#1093=VECTOR('',#4900,10.);
#1094=VECTOR('',#4903,10.);
#1095=VECTOR('',#4904,10.);
#1096=VECTOR('',#4907,1.);
#1097=VECTOR('',#4908,1.);
#1098=VECTOR('',#4909,1.);
#1099=VECTOR('',#4912,1.);
#1100=VECTOR('',#4913,1.);
#1101=VECTOR('',#4914,1.);
#1102=VECTOR('',#4919,1.);
#1103=VECTOR('',#4922,1.);
#1104=VECTOR('',#4925,1.);
#1105=VECTOR('',#4928,1.);
#1106=VECTOR('',#4931,1.);
#1107=VECTOR('',#4934,1.);
#1108=VECTOR('',#4937,1.);
#1109=VECTOR('',#4940,1.);
#1110=VECTOR('',#4943,1.);
#1111=VECTOR('',#4946,1.);
#1112=VECTOR('',#4949,1.);
#1113=VECTOR('',#4954,1.);
#1114=VECTOR('',#4957,1.);
#1115=VECTOR('',#4960,1.);
#1116=VECTOR('',#4963,1.);
#1117=VECTOR('',#4966,1.);
#1118=VECTOR('',#4967,10.);
#1119=VECTOR('',#4970,10.);
#1120=VECTOR('',#4971,1.);
#1121=VECTOR('',#4974,1.00000000000022);
#1122=VECTOR('',#4977,0.999999999999834);
#1123=VECTOR('',#4980,1.00000000000005);
#1124=VECTOR('',#4983,0.999999999999597);
#1125=VECTOR('',#4986,1.);
#1126=VECTOR('',#4991,1.);
#1127=VECTOR('',#4996,1.00000000000012);
#1128=VECTOR('',#4999,1.00000000000012);
#1129=VECTOR('',#5002,1.00000000000012);
#1130=VECTOR('',#5005,1.00000000000012);
#1131=VECTOR('',#5008,0.999999999999916);
#1132=VECTOR('',#5011,0.999999999999916);
#1133=VECTOR('',#5014,0.999999999999916);
#1134=VECTOR('',#5017,0.999999999999916);
#1135=VECTOR('',#5022,1.);
#1136=VECTOR('',#5025,1.);
#1137=VECTOR('',#5028,1.);
#1138=VECTOR('',#5031,1.);
#1139=VECTOR('',#5034,1.);
#1140=VECTOR('',#5037,1.);
#1141=VECTOR('',#5040,1.);
#1142=VECTOR('',#5043,1.);
#1143=VECTOR('',#5048,1.);
#1144=VECTOR('',#5051,1.);
#1145=VECTOR('',#5054,1.);
#1146=VECTOR('',#5057,1.);
#1147=VECTOR('',#5060,1.);
#1148=VECTOR('',#5063,1.);
#1149=VECTOR('',#5066,1.);
#1150=VECTOR('',#5069,1.);
#1151=VECTOR('',#5072,1.);
#1152=VECTOR('',#5075,1.);
#1153=VECTOR('',#5078,1.);
#1154=VECTOR('',#5081,1.);
#1155=VECTOR('',#5086,1.);
#1156=VECTOR('',#5089,1.);
#1157=VECTOR('',#5092,1.);
#1158=VECTOR('',#5095,1.);
#1159=VECTOR('',#5098,1.);
#1160=VECTOR('',#5101,1.);
#1161=VECTOR('',#5104,1.);
#1162=VECTOR('',#5107,1.);
#1163=VECTOR('',#5110,1.);
#1164=VECTOR('',#5113,1.);
#1165=VECTOR('',#5116,1.);
#1166=VECTOR('',#5119,1.);
#1167=VECTOR('',#5122,1.);
#1168=VECTOR('',#5125,1.);
#1169=VECTOR('',#5128,1.);
#1170=VECTOR('',#5131,1.);
#1171=VECTOR('',#5134,1.);
#1172=VECTOR('',#5137,1.);
#1173=VECTOR('',#5140,1.);
#1174=VECTOR('',#5143,1.);
#1175=VECTOR('',#5148,1.);
#1176=VECTOR('',#5151,1.);
#1177=VECTOR('',#5154,1.);
#1178=VECTOR('',#5157,1.);
#1179=VECTOR('',#5160,1.);
#1180=VECTOR('',#5163,1.);
#1181=VECTOR('',#5166,1.);
#1182=VECTOR('',#5169,1.);
#1183=VECTOR('',#5172,1.);
#1184=VECTOR('',#5175,1.);
#1185=VECTOR('',#5178,1.);
#1186=VECTOR('',#5181,1.);
#1187=VECTOR('',#5184,1.);
#1188=VECTOR('',#5187,1.);
#1189=VECTOR('',#5190,1.);
#1190=VECTOR('',#5193,1.);
#1191=VECTOR('',#5196,1.);
#1192=VECTOR('',#5199,1.);
#1193=VECTOR('',#5202,1.);
#1194=VECTOR('',#5205,1.);
#1195=VECTOR('',#5208,1.);
#1196=VECTOR('',#5211,1.);
#1197=VECTOR('',#5214,1.);
#1198=VECTOR('',#5217,1.);
#1199=VECTOR('',#5220,1.);
#1200=VECTOR('',#5223,1.);
#1201=VECTOR('',#5226,1.);
#1202=VECTOR('',#5229,1.);
#1203=VECTOR('',#5234,10.);
#1204=VECTOR('',#5235,10.);
#1205=VECTOR('',#5236,10.);
#1206=VECTOR('',#5241,10.);
#1207=VECTOR('',#5244,10.);
#1208=VECTOR('',#5245,10.);
#1209=VECTOR('',#5250,1.);
#1210=VECTOR('',#5255,1.);
#1211=VECTOR('',#5258,0.999999999999597);
#1212=VECTOR('',#5261,1.00000000000005);
#1213=VECTOR('',#5264,0.999999999999834);
#1214=VECTOR('',#5267,1.00000000000022);
#1215=VECTOR('',#5270,1.);
#1216=VECTOR('',#5271,1.);
#1217=VECTOR('',#5274,1.);
#1218=VECTOR('',#5277,1.);
#1219=VECTOR('',#5280,1.);
#1220=VECTOR('',#5283,1.);
#1221=VECTOR('',#5288,1.);
#1222=VECTOR('',#5291,1.);
#1223=VECTOR('',#5294,1.);
#1224=VECTOR('',#5297,1.);
#1225=VECTOR('',#5300,1.);
#1226=VECTOR('',#5303,1.);
#1227=VECTOR('',#5306,1.);
#1228=VECTOR('',#5309,1.);
#1229=VECTOR('',#5312,1.);
#1230=VECTOR('',#5315,1.);
#1231=VECTOR('',#5318,1.);
#1232=VECTOR('',#5323,1.00000000000012);
#1233=VECTOR('',#5326,1.00000000000012);
#1234=VECTOR('',#5329,1.00000000000012);
#1235=VECTOR('',#5332,1.00000000000012);
#1236=VECTOR('',#5335,0.999999999999916);
#1237=VECTOR('',#5338,0.999999999999916);
#1238=VECTOR('',#5341,0.999999999999916);
#1239=VECTOR('',#5344,0.999999999999916);
#1240=VECTOR('',#5349,1.);
#1241=VECTOR('',#5352,1.);
#1242=VECTOR('',#5355,1.);
#1243=VECTOR('',#5358,1.);
#1244=VECTOR('',#5361,1.);
#1245=VECTOR('',#5364,1.);
#1246=VECTOR('',#5367,1.);
#1247=VECTOR('',#5370,1.);
#1248=VECTOR('',#5375,1.);
#1249=VECTOR('',#5378,1.);
#1250=VECTOR('',#5381,1.);
#1251=VECTOR('',#5384,1.);
#1252=VECTOR('',#5387,1.);
#1253=VECTOR('',#5390,1.);
#1254=VECTOR('',#5393,1.);
#1255=VECTOR('',#5396,1.);
#1256=VECTOR('',#5399,1.);
#1257=VECTOR('',#5402,1.);
#1258=VECTOR('',#5405,1.);
#1259=VECTOR('',#5408,1.);
#1260=VECTOR('',#5413,1.);
#1261=VECTOR('',#5416,1.);
#1262=VECTOR('',#5419,1.);
#1263=VECTOR('',#5422,1.);
#1264=VECTOR('',#5425,1.);
#1265=VECTOR('',#5428,1.);
#1266=VECTOR('',#5431,1.);
#1267=VECTOR('',#5434,1.);
#1268=VECTOR('',#5437,1.);
#1269=VECTOR('',#5440,1.);
#1270=VECTOR('',#5443,1.);
#1271=VECTOR('',#5446,1.);
#1272=VECTOR('',#5449,1.);
#1273=VECTOR('',#5452,1.);
#1274=VECTOR('',#5455,1.);
#1275=VECTOR('',#5458,1.);
#1276=VECTOR('',#5461,1.);
#1277=VECTOR('',#5464,1.);
#1278=VECTOR('',#5467,1.);
#1279=VECTOR('',#5470,1.);
#1280=VECTOR('',#5475,1.);
#1281=VECTOR('',#5478,1.);
#1282=VECTOR('',#5481,1.);
#1283=VECTOR('',#5484,1.);
#1284=VECTOR('',#5487,1.);
#1285=VECTOR('',#5490,1.);
#1286=VECTOR('',#5493,1.);
#1287=VECTOR('',#5496,1.);
#1288=VECTOR('',#5499,1.);
#1289=VECTOR('',#5502,1.);
#1290=VECTOR('',#5505,1.);
#1291=VECTOR('',#5508,1.);
#1292=VECTOR('',#5511,1.);
#1293=VECTOR('',#5514,1.);
#1294=VECTOR('',#5517,1.);
#1295=VECTOR('',#5520,1.);
#1296=VECTOR('',#5523,1.);
#1297=VECTOR('',#5526,1.);
#1298=VECTOR('',#5529,1.);
#1299=VECTOR('',#5532,1.);
#1300=VECTOR('',#5535,1.);
#1301=VECTOR('',#5538,1.);
#1302=VECTOR('',#5541,1.);
#1303=VECTOR('',#5544,1.);
#1304=VECTOR('',#5547,1.);
#1305=VECTOR('',#5550,1.);
#1306=VECTOR('',#5553,1.);
#1307=VECTOR('',#5556,1.);
#1308=VECTOR('',#5561,1.);
#1309=VECTOR('',#5564,1.);
#1310=VECTOR('',#5565,1.);
#1311=VECTOR('',#5568,1.);
#1312=VECTOR('',#5571,1.);
#1313=VECTOR('',#5574,1.);
#1314=VECTOR('',#5577,1.);
#1315=VECTOR('',#5580,1.);
#1316=VECTOR('',#5583,1.);
#1317=VECTOR('',#5586,1.);
#1318=VECTOR('',#5589,1.);
#1319=VECTOR('',#5592,1.);
#1320=VECTOR('',#5595,1.);
#1321=VECTOR('',#5598,1.);
#1322=VECTOR('',#5601,1.);
#1323=VECTOR('',#5604,1.);
#1324=VECTOR('',#5607,1.);
#1325=VECTOR('',#5612,1.);
#1326=VECTOR('',#5615,1.);
#1327=VECTOR('',#5618,1.);
#1328=VECTOR('',#5621,1.);
#1329=VECTOR('',#5624,1.);
#1330=VECTOR('',#5627,1.);
#1331=VECTOR('',#5630,1.);
#1332=VECTOR('',#5633,1.);
#1333=VECTOR('',#5636,1.);
#1334=VECTOR('',#5639,1.);
#1335=VECTOR('',#5642,1.);
#1336=VECTOR('',#5645,1.);
#1337=VECTOR('',#5648,1.);
#1338=VECTOR('',#5651,1.);
#1339=VECTOR('',#5654,1.);
#1340=VECTOR('',#5657,1.);
#1341=VECTOR('',#5660,1.);
#1342=VECTOR('',#5663,1.);
#1343=VECTOR('',#5666,1.);
#1344=VECTOR('',#5669,1.);
#1345=VECTOR('',#5672,1.);
#1346=VECTOR('',#5675,1.);
#1347=VECTOR('',#5678,1.);
#1348=VECTOR('',#5681,1.);
#1349=VECTOR('',#5684,1.);
#1350=VECTOR('',#5687,1.);
#1351=VECTOR('',#5690,1.);
#1352=VECTOR('',#5693,1.);
#1353=VECTOR('',#5698,1.);
#1354=VECTOR('',#5703,1.);
#1355=VECTOR('',#5704,1.);
#1356=VECTOR('',#5707,1.);
#1357=VECTOR('',#5710,1.);
#1358=VECTOR('',#5713,1.);
#1359=VECTOR('',#5716,1.);
#1360=VECTOR('',#5719,1.);
#1361=VECTOR('',#5722,1.);
#1362=VECTOR('',#5727,1.);
#1363=VECTOR('',#5728,1.);
#1364=VECTOR('',#5731,1.);
#1365=VECTOR('',#5734,1.);
#1366=VECTOR('',#5737,1.);
#1367=VECTOR('',#5740,1.);
#1368=VECTOR('',#5743,1.);
#1369=VECTOR('',#5746,1.);
#1370=VECTOR('',#5751,1.1);
#1371=VECTOR('',#5754,1.);
#1372=VECTOR('',#5755,1.);
#1373=VECTOR('',#5758,1.);
#1374=VECTOR('',#5761,1.);
#1375=VECTOR('',#5764,1.);
#1376=VECTOR('',#5767,1.);
#1377=VECTOR('',#5770,1.);
#1378=VECTOR('',#5773,1.);
#1379=VECTOR('',#5778,1.);
#1380=VECTOR('',#5779,1.);
#1381=VECTOR('',#5782,1.);
#1382=VECTOR('',#5785,1.);
#1383=VECTOR('',#5788,1.);
#1384=VECTOR('',#5791,1.);
#1385=VECTOR('',#5794,1.);
#1386=VECTOR('',#5797,1.);
#1387=VECTOR('',#5802,1.1);
#1388=VECTOR('',#5805,1.);
#1389=VECTOR('',#5806,1.);
#1390=VECTOR('',#5809,1.);
#1391=VECTOR('',#5812,1.);
#1392=VECTOR('',#5815,1.);
#1393=VECTOR('',#5818,1.);
#1394=VECTOR('',#5821,1.);
#1395=VECTOR('',#5824,1.);
#1396=VECTOR('',#5829,1.);
#1397=VECTOR('',#5830,1.);
#1398=VECTOR('',#5833,1.);
#1399=VECTOR('',#5836,1.);
#1400=VECTOR('',#5839,1.);
#1401=VECTOR('',#5842,1.);
#1402=VECTOR('',#5845,1.);
#1403=VECTOR('',#5848,1.);
#1404=VECTOR('',#5853,1.);
#1405=VECTOR('',#5854,1.);
#1406=VECTOR('',#5857,1.);
#1407=VECTOR('',#5860,1.);
#1408=VECTOR('',#5863,1.);
#1409=VECTOR('',#5866,1.);
#1410=VECTOR('',#5869,1.);
#1411=VECTOR('',#5872,1.);
#1412=VECTOR('',#5877,1.1);
#1413=VECTOR('',#5880,1.);
#1414=VECTOR('',#5881,1.);
#1415=VECTOR('',#5884,1.);
#1416=VECTOR('',#5887,1.);
#1417=VECTOR('',#5890,1.);
#1418=VECTOR('',#5893,1.);
#1419=VECTOR('',#5896,1.);
#1420=VECTOR('',#5899,1.);
#1421=VECTOR('',#5904,1.);
#1422=VECTOR('',#5905,1.);
#1423=VECTOR('',#5908,1.);
#1424=VECTOR('',#5911,1.);
#1425=VECTOR('',#5914,1.);
#1426=VECTOR('',#5917,1.);
#1427=VECTOR('',#5920,1.);
#1428=VECTOR('',#5923,1.);
#1429=VECTOR('',#5928,1.);
#1430=VECTOR('',#5929,1.);
#1431=VECTOR('',#5932,1.);
#1432=VECTOR('',#5935,1.);
#1433=VECTOR('',#5938,1.);
#1434=VECTOR('',#5941,1.);
#1435=VECTOR('',#5944,1.);
#1436=VECTOR('',#5947,1.);
#1437=VECTOR('',#5952,1.);
#1438=VECTOR('',#5953,1.);
#1439=VECTOR('',#5956,1.);
#1440=VECTOR('',#5959,1.);
#1441=VECTOR('',#5962,1.);
#1442=VECTOR('',#5965,1.);
#1443=VECTOR('',#5968,1.);
#1444=VECTOR('',#5971,1.);
#1445=VECTOR('',#5976,1.);
#1446=VECTOR('',#5977,1.);
#1447=VECTOR('',#5980,1.);
#1448=VECTOR('',#5983,1.);
#1449=VECTOR('',#5986,1.);
#1450=VECTOR('',#5989,1.);
#1451=VECTOR('',#5992,1.);
#1452=VECTOR('',#5995,1.);
#1453=VECTOR('',#6000,1.1);
#1454=VECTOR('',#6003,1.);
#1455=VECTOR('',#6004,1.);
#1456=VECTOR('',#6007,1.);
#1457=VECTOR('',#6010,1.);
#1458=VECTOR('',#6013,1.);
#1459=VECTOR('',#6016,1.);
#1460=VECTOR('',#6019,1.);
#1461=VECTOR('',#6022,1.);
#1462=VECTOR('',#6027,1.);
#1463=VECTOR('',#6028,1.);
#1464=VECTOR('',#6031,1.);
#1465=VECTOR('',#6034,1.);
#1466=VECTOR('',#6037,1.);
#1467=VECTOR('',#6040,1.);
#1468=VECTOR('',#6043,1.);
#1469=VECTOR('',#6046,1.);
#1470=VECTOR('',#6051,1.);
#1471=VECTOR('',#6052,1.);
#1472=VECTOR('',#6055,1.);
#1473=VECTOR('',#6058,1.);
#1474=VECTOR('',#6061,1.);
#1475=VECTOR('',#6064,1.);
#1476=VECTOR('',#6067,1.);
#1477=VECTOR('',#6070,1.);
#1478=VECTOR('',#6075,1.);
#1479=VECTOR('',#6076,1.);
#1480=VECTOR('',#6079,1.);
#1481=VECTOR('',#6082,1.);
#1482=VECTOR('',#6085,1.);
#1483=VECTOR('',#6088,1.);
#1484=VECTOR('',#6091,1.);
#1485=VECTOR('',#6094,1.);
#1486=VECTOR('',#6099,1.);
#1487=VECTOR('',#6100,1.);
#1488=VECTOR('',#6103,1.);
#1489=VECTOR('',#6106,1.);
#1490=VECTOR('',#6109,1.);
#1491=VECTOR('',#6112,1.);
#1492=VECTOR('',#6115,1.);
#1493=VECTOR('',#6118,1.);
#1494=VECTOR('',#6123,1.);
#1495=VECTOR('',#6124,1.);
#1496=VECTOR('',#6127,1.);
#1497=VECTOR('',#6130,1.);
#1498=VECTOR('',#6133,1.);
#1499=VECTOR('',#6136,1.);
#1500=VECTOR('',#6139,1.);
#1501=VECTOR('',#6142,1.);
#1502=VECTOR('',#6147,1.);
#1503=VECTOR('',#6148,1.);
#1504=VECTOR('',#6151,1.);
#1505=VECTOR('',#6154,1.);
#1506=VECTOR('',#6157,1.);
#1507=VECTOR('',#6160,1.);
#1508=VECTOR('',#6163,1.);
#1509=VECTOR('',#6166,1.);
#1510=VECTOR('',#6171,1.1);
#1511=CIRCLE('',#4436,0.999999999999996);
#1512=CIRCLE('',#4437,0.999999999999996);
#1513=CIRCLE('',#4441,1.00000000000001);
#1514=CIRCLE('',#4442,1.00000000000001);
#1515=CIRCLE('',#4447,0.999999252925);
#1516=CIRCLE('',#4448,0.999999252925);
#1517=CIRCLE('',#4449,0.999999252925);
#1518=CIRCLE('',#4450,0.999999252925);
#1519=CIRCLE('',#4451,0.999999252925);
#1520=CIRCLE('',#4452,0.999999252925);
#1521=CIRCLE('',#4453,0.999999252925);
#1522=CIRCLE('',#4454,0.999999252925);
#1523=CIRCLE('',#4455,0.999999252925);
#1524=CIRCLE('',#4456,0.999999252925);
#1525=CIRCLE('',#4457,0.999999252925);
#1526=CIRCLE('',#4458,0.500001333575);
#1527=CIRCLE('',#4459,0.500001333575);
#1528=CIRCLE('',#4460,0.999999252925);
#1529=CIRCLE('',#4461,0.999999252925);
#1530=CIRCLE('',#4462,0.999999252925);
#1531=CIRCLE('',#4463,0.999999252925);
#1532=CIRCLE('',#4464,0.999999999999996);
#1533=CIRCLE('',#4465,5.000058624462);
#1534=CIRCLE('',#4466,1.000084935963);
#1535=CIRCLE('',#4467,0.999907387583);
#1536=CIRCLE('',#4468,1.00009920947);
#1537=CIRCLE('',#4469,5.000000766444);
#1538=CIRCLE('',#4470,0.999999252925);
#1539=CIRCLE('',#4471,0.999999252925);
#1540=CIRCLE('',#4472,0.999999252925);
#1541=CIRCLE('',#4473,0.36000313088);
#1542=CIRCLE('',#4474,0.36000313088);
#1543=CIRCLE('',#4475,0.36000313088);
#1544=CIRCLE('',#4476,0.36000313088);
#1545=CIRCLE('',#4477,0.359999449958);
#1546=CIRCLE('',#4478,0.359999449958);
#1547=CIRCLE('',#4479,0.359999449958);
#1548=CIRCLE('',#4480,0.359999449958);
#1549=CIRCLE('',#4481,1.1);
#1550=CIRCLE('',#4482,0.360001506454);
#1551=CIRCLE('',#4483,0.360001506454);
#1552=CIRCLE('',#4484,0.360001506454);
#1553=CIRCLE('',#4485,0.360001506454);
#1554=CIRCLE('',#4486,0.360001506454);
#1555=CIRCLE('',#4487,0.360001506454);
#1556=CIRCLE('',#4488,0.360001506454);
#1557=CIRCLE('',#4489,0.360001506454);
#1558=CIRCLE('',#4490,1.1);
#1559=CIRCLE('',#4491,0.360001506454);
#1560=CIRCLE('',#4492,0.360001506454);
#1561=CIRCLE('',#4493,0.360001506454);
#1562=CIRCLE('',#4494,0.360001506454);
#1563=CIRCLE('',#4495,0.360001506454);
#1564=CIRCLE('',#4496,0.360001506455);
#1565=CIRCLE('',#4497,0.360001506455);
#1566=CIRCLE('',#4498,0.360001506454);
#1567=CIRCLE('',#4499,0.360001506455);
#1568=CIRCLE('',#4500,0.360001506455);
#1569=CIRCLE('',#4501,0.360001506455);
#1570=CIRCLE('',#4502,0.360001506455);
#1571=CIRCLE('',#4503,1.1);
#1572=CIRCLE('',#4504,0.360001506455);
#1573=CIRCLE('',#4505,0.360001506455);
#1574=CIRCLE('',#4506,0.360001506455);
#1575=CIRCLE('',#4507,0.360001506455);
#1576=CIRCLE('',#4508,0.360001506454);
#1577=CIRCLE('',#4509,0.360001506454);
#1578=CIRCLE('',#4510,0.360001506454);
#1579=CIRCLE('',#4511,0.360001506454);
#1580=CIRCLE('',#4512,0.360001506454);
#1581=CIRCLE('',#4513,0.360001506454);
#1582=CIRCLE('',#4514,0.360001506454);
#1583=CIRCLE('',#4515,0.360001506454);
#1584=CIRCLE('',#4516,0.360001506454);
#1585=CIRCLE('',#4517,0.360001506454);
#1586=CIRCLE('',#4518,0.360001506454);
#1587=CIRCLE('',#4519,0.360001506454);
#1588=CIRCLE('',#4520,0.360001506454);
#1589=CIRCLE('',#4521,0.360001506454);
#1590=CIRCLE('',#4522,0.360001506454);
#1591=CIRCLE('',#4523,0.360001506454);
#1592=CIRCLE('',#4524,1.1);
#1593=CIRCLE('',#4525,0.360001506454);
#1594=CIRCLE('',#4526,0.360001506454);
#1595=CIRCLE('',#4527,0.360001506454);
#1596=CIRCLE('',#4528,0.360001506454);
#1597=CIRCLE('',#4529,0.360001506454);
#1598=CIRCLE('',#4530,0.360001506455);
#1599=CIRCLE('',#4531,0.360001506455);
#1600=CIRCLE('',#4532,0.360001506454);
#1601=CIRCLE('',#4533,0.360001506455);
#1602=CIRCLE('',#4534,0.360001506455);
#1603=CIRCLE('',#4535,0.360001506455);
#1604=CIRCLE('',#4536,0.360001506455);
#1605=CIRCLE('',#4537,0.360001506455);
#1606=CIRCLE('',#4538,0.360001506455);
#1607=CIRCLE('',#4539,0.360001506455);
#1608=CIRCLE('',#4540,0.360001506455);
#1609=CIRCLE('',#4541,0.360001506454);
#1610=CIRCLE('',#4542,0.360001506454);
#1611=CIRCLE('',#4543,0.360001506454);
#1612=CIRCLE('',#4544,0.360001506454);
#1613=CIRCLE('',#4545,0.360001506454);
#1614=CIRCLE('',#4546,0.360001506455);
#1615=CIRCLE('',#4547,0.360001506455);
#1616=CIRCLE('',#4548,0.360001506454);
#1617=CIRCLE('',#4549,0.360001506455);
#1618=CIRCLE('',#4550,0.360001506455);
#1619=CIRCLE('',#4551,0.360001506455);
#1620=CIRCLE('',#4552,0.360001506455);
#1621=CIRCLE('',#4553,1.1);
#1622=CIRCLE('',#4556,0.999999999999996);
#1623=CIRCLE('',#4559,0.999999252925);
#1624=CIRCLE('',#4560,0.999999252925);
#1625=CIRCLE('',#4561,0.999999252925);
#1626=CIRCLE('',#4562,5.000000766444);
#1627=CIRCLE('',#4563,1.00009920947);
#1628=CIRCLE('',#4564,0.999907387583);
#1629=CIRCLE('',#4565,1.000084935963);
#1630=CIRCLE('',#4566,5.000058624462);
#1631=CIRCLE('',#4567,0.999999252925);
#1632=CIRCLE('',#4568,0.999999252925);
#1633=CIRCLE('',#4569,0.999999252925);
#1634=CIRCLE('',#4570,0.999999252925);
#1635=CIRCLE('',#4571,0.500001333575);
#1636=CIRCLE('',#4572,0.500001333575);
#1637=CIRCLE('',#4573,0.999999252925);
#1638=CIRCLE('',#4574,0.999999252925);
#1639=CIRCLE('',#4575,0.999999252925);
#1640=CIRCLE('',#4576,0.999999252925);
#1641=CIRCLE('',#4577,0.999999252925);
#1642=CIRCLE('',#4578,0.999999252925);
#1643=CIRCLE('',#4579,0.999999252925);
#1644=CIRCLE('',#4580,0.999999252925);
#1645=CIRCLE('',#4581,0.999999252925);
#1646=CIRCLE('',#4582,0.999999252925);
#1647=CIRCLE('',#4583,0.999999252925);
#1648=CIRCLE('',#4584,0.36000313088);
#1649=CIRCLE('',#4585,0.36000313088);
#1650=CIRCLE('',#4586,0.36000313088);
#1651=CIRCLE('',#4587,0.36000313088);
#1652=CIRCLE('',#4588,0.359999449958);
#1653=CIRCLE('',#4589,0.359999449958);
#1654=CIRCLE('',#4590,0.359999449958);
#1655=CIRCLE('',#4591,0.359999449958);
#1656=CIRCLE('',#4592,1.1);
#1657=CIRCLE('',#4593,0.360001506454);
#1658=CIRCLE('',#4594,0.360001506454);
#1659=CIRCLE('',#4595,0.360001506454);
#1660=CIRCLE('',#4596,0.360001506454);
#1661=CIRCLE('',#4597,0.360001506454);
#1662=CIRCLE('',#4598,0.360001506454);
#1663=CIRCLE('',#4599,0.360001506454);
#1664=CIRCLE('',#4600,0.360001506454);
#1665=CIRCLE('',#4601,1.1);
#1666=CIRCLE('',#4602,0.360001506454);
#1667=CIRCLE('',#4603,0.360001506454);
#1668=CIRCLE('',#4604,0.360001506454);
#1669=CIRCLE('',#4605,0.360001506454);
#1670=CIRCLE('',#4606,0.360001506454);
#1671=CIRCLE('',#4607,0.360001506454);
#1672=CIRCLE('',#4608,0.360001506455);
#1673=CIRCLE('',#4609,0.360001506455);
#1674=CIRCLE('',#4610,0.360001506455);
#1675=CIRCLE('',#4611,0.360001506455);
#1676=CIRCLE('',#4612,0.360001506455);
#1677=CIRCLE('',#4613,0.360001506455);
#1678=CIRCLE('',#4614,1.1);
#1679=CIRCLE('',#4615,0.360001506455);
#1680=CIRCLE('',#4616,0.360001506455);
#1681=CIRCLE('',#4617,0.360001506455);
#1682=CIRCLE('',#4618,0.360001506455);
#1683=CIRCLE('',#4619,0.360001506454);
#1684=CIRCLE('',#4620,0.360001506454);
#1685=CIRCLE('',#4621,0.360001506454);
#1686=CIRCLE('',#4622,0.360001506454);
#1687=CIRCLE('',#4623,0.360001506454);
#1688=CIRCLE('',#4624,0.360001506454);
#1689=CIRCLE('',#4625,0.360001506454);
#1690=CIRCLE('',#4626,0.360001506454);
#1691=CIRCLE('',#4627,0.360001506454);
#1692=CIRCLE('',#4628,0.360001506454);
#1693=CIRCLE('',#4629,0.360001506454);
#1694=CIRCLE('',#4630,0.360001506454);
#1695=CIRCLE('',#4631,0.360001506454);
#1696=CIRCLE('',#4632,0.360001506454);
#1697=CIRCLE('',#4633,0.360001506454);
#1698=CIRCLE('',#4634,0.360001506454);
#1699=CIRCLE('',#4635,1.1);
#1700=CIRCLE('',#4636,0.360001506454);
#1701=CIRCLE('',#4637,0.360001506454);
#1702=CIRCLE('',#4638,0.360001506454);
#1703=CIRCLE('',#4639,0.360001506454);
#1704=CIRCLE('',#4640,0.360001506454);
#1705=CIRCLE('',#4641,0.360001506454);
#1706=CIRCLE('',#4642,0.360001506455);
#1707=CIRCLE('',#4643,0.360001506455);
#1708=CIRCLE('',#4644,0.360001506455);
#1709=CIRCLE('',#4645,0.360001506455);
#1710=CIRCLE('',#4646,0.360001506455);
#1711=CIRCLE('',#4647,0.360001506455);
#1712=CIRCLE('',#4648,0.360001506455);
#1713=CIRCLE('',#4649,0.360001506455);
#1714=CIRCLE('',#4650,0.360001506455);
#1715=CIRCLE('',#4651,0.360001506455);
#1716=CIRCLE('',#4652,0.360001506454);
#1717=CIRCLE('',#4653,0.360001506454);
#1718=CIRCLE('',#4654,0.360001506454);
#1719=CIRCLE('',#4655,0.360001506454);
#1720=CIRCLE('',#4656,0.360001506454);
#1721=CIRCLE('',#4657,0.360001506454);
#1722=CIRCLE('',#4658,0.360001506455);
#1723=CIRCLE('',#4659,0.360001506455);
#1724=CIRCLE('',#4660,0.360001506455);
#1725=CIRCLE('',#4661,0.360001506455);
#1726=CIRCLE('',#4662,0.360001506455);
#1727=CIRCLE('',#4663,0.360001506455);
#1728=CIRCLE('',#4664,1.1);
#1729=VERTEX_POINT('',#6177);
#1730=VERTEX_POINT('',#6178);
#1731=VERTEX_POINT('',#6180);
#1732=VERTEX_POINT('',#6182);
#1733=VERTEX_POINT('',#6186);
#1734=VERTEX_POINT('',#6188);
#1735=VERTEX_POINT('',#6192);
#1736=VERTEX_POINT('',#6193);
#1737=VERTEX_POINT('',#6195);
#1738=VERTEX_POINT('',#6197);
#1739=VERTEX_POINT('',#6201);
#1740=VERTEX_POINT('',#6203);
#1741=VERTEX_POINT('',#6210);
#1742=VERTEX_POINT('',#6212);
#1743=VERTEX_POINT('',#6216);
#1744=VERTEX_POINT('',#6218);
#1745=VERTEX_POINT('',#6222);
#1746=VERTEX_POINT('',#6224);
#1747=VERTEX_POINT('',#6226);
#1748=VERTEX_POINT('',#6228);
#1749=VERTEX_POINT('',#6230);
#1750=VERTEX_POINT('',#6232);
#1751=VERTEX_POINT('',#6234);
#1752=VERTEX_POINT('',#6236);
#1753=VERTEX_POINT('',#6238);
#1754=VERTEX_POINT('',#6240);
#1755=VERTEX_POINT('',#6242);
#1756=VERTEX_POINT('',#6244);
#1757=VERTEX_POINT('',#6246);
#1758=VERTEX_POINT('',#6248);
#1759=VERTEX_POINT('',#6250);
#1760=VERTEX_POINT('',#6252);
#1761=VERTEX_POINT('',#6254);
#1762=VERTEX_POINT('',#6256);
#1763=VERTEX_POINT('',#6258);
#1764=VERTEX_POINT('',#6260);
#1765=VERTEX_POINT('',#6262);
#1766=VERTEX_POINT('',#6264);
#1767=VERTEX_POINT('',#6266);
#1768=VERTEX_POINT('',#6268);
#1769=VERTEX_POINT('',#6270);
#1770=VERTEX_POINT('',#6272);
#1771=VERTEX_POINT('',#6274);
#1772=VERTEX_POINT('',#6276);
#1773=VERTEX_POINT('',#6278);
#1774=VERTEX_POINT('',#6280);
#1775=VERTEX_POINT('',#6282);
#1776=VERTEX_POINT('',#6284);
#1777=VERTEX_POINT('',#6286);
#1778=VERTEX_POINT('',#6288);
#1779=VERTEX_POINT('',#6290);
#1780=VERTEX_POINT('',#6292);
#1781=VERTEX_POINT('',#6294);
#1782=VERTEX_POINT('',#6296);
#1783=VERTEX_POINT('',#6298);
#1784=VERTEX_POINT('',#6300);
#1785=VERTEX_POINT('',#6302);
#1786=VERTEX_POINT('',#6304);
#1787=VERTEX_POINT('',#6306);
#1788=VERTEX_POINT('',#6308);
#1789=VERTEX_POINT('',#6310);
#1790=VERTEX_POINT('',#6312);
#1791=VERTEX_POINT('',#6314);
#1792=VERTEX_POINT('',#6316);
#1793=VERTEX_POINT('',#6318);
#1794=VERTEX_POINT('',#6320);
#1795=VERTEX_POINT('',#6323);
#1796=VERTEX_POINT('',#6324);
#1797=VERTEX_POINT('',#6326);
#1798=VERTEX_POINT('',#6328);
#1799=VERTEX_POINT('',#6330);
#1800=VERTEX_POINT('',#6332);
#1801=VERTEX_POINT('',#6334);
#1802=VERTEX_POINT('',#6336);
#1803=VERTEX_POINT('',#6339);
#1804=VERTEX_POINT('',#6340);
#1805=VERTEX_POINT('',#6342);
#1806=VERTEX_POINT('',#6344);
#1807=VERTEX_POINT('',#6346);
#1808=VERTEX_POINT('',#6348);
#1809=VERTEX_POINT('',#6350);
#1810=VERTEX_POINT('',#6352);
#1811=VERTEX_POINT('',#6355);
#1812=VERTEX_POINT('',#6357);
#1813=VERTEX_POINT('',#6358);
#1814=VERTEX_POINT('',#6360);
#1815=VERTEX_POINT('',#6362);
#1816=VERTEX_POINT('',#6364);
#1817=VERTEX_POINT('',#6366);
#1818=VERTEX_POINT('',#6368);
#1819=VERTEX_POINT('',#6370);
#1820=VERTEX_POINT('',#6373);
#1821=VERTEX_POINT('',#6374);
#1822=VERTEX_POINT('',#6376);
#1823=VERTEX_POINT('',#6378);
#1824=VERTEX_POINT('',#6380);
#1825=VERTEX_POINT('',#6382);
#1826=VERTEX_POINT('',#6384);
#1827=VERTEX_POINT('',#6386);
#1828=VERTEX_POINT('',#6389);
#1829=VERTEX_POINT('',#6391);
#1830=VERTEX_POINT('',#6392);
#1831=VERTEX_POINT('',#6394);
#1832=VERTEX_POINT('',#6396);
#1833=VERTEX_POINT('',#6398);
#1834=VERTEX_POINT('',#6400);
#1835=VERTEX_POINT('',#6402);
#1836=VERTEX_POINT('',#6404);
#1837=VERTEX_POINT('',#6407);
#1838=VERTEX_POINT('',#6408);
#1839=VERTEX_POINT('',#6410);
#1840=VERTEX_POINT('',#6412);
#1841=VERTEX_POINT('',#6414);
#1842=VERTEX_POINT('',#6416);
#1843=VERTEX_POINT('',#6418);
#1844=VERTEX_POINT('',#6420);
#1845=VERTEX_POINT('',#6423);
#1846=VERTEX_POINT('',#6424);
#1847=VERTEX_POINT('',#6426);
#1848=VERTEX_POINT('',#6428);
#1849=VERTEX_POINT('',#6430);
#1850=VERTEX_POINT('',#6432);
#1851=VERTEX_POINT('',#6434);
#1852=VERTEX_POINT('',#6436);
#1853=VERTEX_POINT('',#6439);
#1854=VERTEX_POINT('',#6441);
#1855=VERTEX_POINT('',#6442);
#1856=VERTEX_POINT('',#6444);
#1857=VERTEX_POINT('',#6446);
#1858=VERTEX_POINT('',#6448);
#1859=VERTEX_POINT('',#6450);
#1860=VERTEX_POINT('',#6452);
#1861=VERTEX_POINT('',#6454);
#1862=VERTEX_POINT('',#6457);
#1863=VERTEX_POINT('',#6458);
#1864=VERTEX_POINT('',#6460);
#1865=VERTEX_POINT('',#6462);
#1866=VERTEX_POINT('',#6464);
#1867=VERTEX_POINT('',#6466);
#1868=VERTEX_POINT('',#6468);
#1869=VERTEX_POINT('',#6470);
#1870=VERTEX_POINT('',#6473);
#1871=VERTEX_POINT('',#6474);
#1872=VERTEX_POINT('',#6476);
#1873=VERTEX_POINT('',#6478);
#1874=VERTEX_POINT('',#6480);
#1875=VERTEX_POINT('',#6482);
#1876=VERTEX_POINT('',#6484);
#1877=VERTEX_POINT('',#6486);
#1878=VERTEX_POINT('',#6489);
#1879=VERTEX_POINT('',#6490);
#1880=VERTEX_POINT('',#6492);
#1881=VERTEX_POINT('',#6494);
#1882=VERTEX_POINT('',#6496);
#1883=VERTEX_POINT('',#6498);
#1884=VERTEX_POINT('',#6500);
#1885=VERTEX_POINT('',#6502);
#1886=VERTEX_POINT('',#6505);
#1887=VERTEX_POINT('',#6506);
#1888=VERTEX_POINT('',#6508);
#1889=VERTEX_POINT('',#6510);
#1890=VERTEX_POINT('',#6512);
#1891=VERTEX_POINT('',#6514);
#1892=VERTEX_POINT('',#6516);
#1893=VERTEX_POINT('',#6518);
#1894=VERTEX_POINT('',#6521);
#1895=VERTEX_POINT('',#6523);
#1896=VERTEX_POINT('',#6524);
#1897=VERTEX_POINT('',#6526);
#1898=VERTEX_POINT('',#6528);
#1899=VERTEX_POINT('',#6530);
#1900=VERTEX_POINT('',#6532);
#1901=VERTEX_POINT('',#6534);
#1902=VERTEX_POINT('',#6536);
#1903=VERTEX_POINT('',#6539);
#1904=VERTEX_POINT('',#6540);
#1905=VERTEX_POINT('',#6542);
#1906=VERTEX_POINT('',#6544);
#1907=VERTEX_POINT('',#6546);
#1908=VERTEX_POINT('',#6548);
#1909=VERTEX_POINT('',#6550);
#1910=VERTEX_POINT('',#6552);
#1911=VERTEX_POINT('',#6555);
#1912=VERTEX_POINT('',#6556);
#1913=VERTEX_POINT('',#6558);
#1914=VERTEX_POINT('',#6560);
#1915=VERTEX_POINT('',#6562);
#1916=VERTEX_POINT('',#6564);
#1917=VERTEX_POINT('',#6566);
#1918=VERTEX_POINT('',#6568);
#1919=VERTEX_POINT('',#6571);
#1920=VERTEX_POINT('',#6572);
#1921=VERTEX_POINT('',#6574);
#1922=VERTEX_POINT('',#6576);
#1923=VERTEX_POINT('',#6578);
#1924=VERTEX_POINT('',#6580);
#1925=VERTEX_POINT('',#6582);
#1926=VERTEX_POINT('',#6584);
#1927=VERTEX_POINT('',#6587);
#1928=VERTEX_POINT('',#6588);
#1929=VERTEX_POINT('',#6590);
#1930=VERTEX_POINT('',#6592);
#1931=VERTEX_POINT('',#6594);
#1932=VERTEX_POINT('',#6596);
#1933=VERTEX_POINT('',#6598);
#1934=VERTEX_POINT('',#6600);
#1935=VERTEX_POINT('',#6603);
#1936=VERTEX_POINT('',#6604);
#1937=VERTEX_POINT('',#6606);
#1938=VERTEX_POINT('',#6608);
#1939=VERTEX_POINT('',#6610);
#1940=VERTEX_POINT('',#6612);
#1941=VERTEX_POINT('',#6614);
#1942=VERTEX_POINT('',#6616);
#1943=VERTEX_POINT('',#6619);
#1944=VERTEX_POINT('',#6620);
#1945=VERTEX_POINT('',#6622);
#1946=VERTEX_POINT('',#6624);
#1947=VERTEX_POINT('',#6626);
#1948=VERTEX_POINT('',#6628);
#1949=VERTEX_POINT('',#6630);
#1950=VERTEX_POINT('',#6632);
#1951=VERTEX_POINT('',#6635);
#1952=VERTEX_POINT('',#6638);
#1953=VERTEX_POINT('',#6639);
#1954=VERTEX_POINT('',#6644);
#1955=VERTEX_POINT('',#6648);
#1956=VERTEX_POINT('',#6652);
#1957=VERTEX_POINT('',#6654);
#1958=VERTEX_POINT('',#6656);
#1959=VERTEX_POINT('',#6658);
#1960=VERTEX_POINT('',#6660);
#1961=VERTEX_POINT('',#6662);
#1962=VERTEX_POINT('',#6664);
#1963=VERTEX_POINT('',#6666);
#1964=VERTEX_POINT('',#6668);
#1965=VERTEX_POINT('',#6670);
#1966=VERTEX_POINT('',#6672);
#1967=VERTEX_POINT('',#6674);
#1968=VERTEX_POINT('',#6676);
#1969=VERTEX_POINT('',#6678);
#1970=VERTEX_POINT('',#6681);
#1971=VERTEX_POINT('',#6683);
#1972=VERTEX_POINT('',#6685);
#1973=VERTEX_POINT('',#6687);
#1974=VERTEX_POINT('',#6689);
#1975=VERTEX_POINT('',#6691);
#1976=VERTEX_POINT('',#6693);
#1977=VERTEX_POINT('',#6695);
#1978=VERTEX_POINT('',#6697);
#1979=VERTEX_POINT('',#6699);
#1980=VERTEX_POINT('',#6701);
#1981=VERTEX_POINT('',#6703);
#1982=VERTEX_POINT('',#6705);
#1983=VERTEX_POINT('',#6707);
#1984=VERTEX_POINT('',#6709);
#1985=VERTEX_POINT('',#6711);
#1986=VERTEX_POINT('',#6713);
#1987=VERTEX_POINT('',#6715);
#1988=VERTEX_POINT('',#6717);
#1989=VERTEX_POINT('',#6719);
#1990=VERTEX_POINT('',#6721);
#1991=VERTEX_POINT('',#6723);
#1992=VERTEX_POINT('',#6725);
#1993=VERTEX_POINT('',#6727);
#1994=VERTEX_POINT('',#6729);
#1995=VERTEX_POINT('',#6731);
#1996=VERTEX_POINT('',#6733);
#1997=VERTEX_POINT('',#6735);
#1998=VERTEX_POINT('',#6737);
#1999=VERTEX_POINT('',#6739);
#2000=VERTEX_POINT('',#6741);
#2001=VERTEX_POINT('',#6743);
#2002=VERTEX_POINT('',#6746);
#2003=VERTEX_POINT('',#6747);
#2004=VERTEX_POINT('',#6749);
#2005=VERTEX_POINT('',#6751);
#2006=VERTEX_POINT('',#6753);
#2007=VERTEX_POINT('',#6755);
#2008=VERTEX_POINT('',#6757);
#2009=VERTEX_POINT('',#6759);
#2010=VERTEX_POINT('',#6762);
#2011=VERTEX_POINT('',#6763);
#2012=VERTEX_POINT('',#6765);
#2013=VERTEX_POINT('',#6767);
#2014=VERTEX_POINT('',#6769);
#2015=VERTEX_POINT('',#6771);
#2016=VERTEX_POINT('',#6773);
#2017=VERTEX_POINT('',#6775);
#2018=VERTEX_POINT('',#6778);
#2019=VERTEX_POINT('',#6780);
#2020=VERTEX_POINT('',#6781);
#2021=VERTEX_POINT('',#6783);
#2022=VERTEX_POINT('',#6785);
#2023=VERTEX_POINT('',#6787);
#2024=VERTEX_POINT('',#6789);
#2025=VERTEX_POINT('',#6791);
#2026=VERTEX_POINT('',#6793);
#2027=VERTEX_POINT('',#6796);
#2028=VERTEX_POINT('',#6797);
#2029=VERTEX_POINT('',#6799);
#2030=VERTEX_POINT('',#6801);
#2031=VERTEX_POINT('',#6803);
#2032=VERTEX_POINT('',#6805);
#2033=VERTEX_POINT('',#6807);
#2034=VERTEX_POINT('',#6809);
#2035=VERTEX_POINT('',#6812);
#2036=VERTEX_POINT('',#6814);
#2037=VERTEX_POINT('',#6815);
#2038=VERTEX_POINT('',#6817);
#2039=VERTEX_POINT('',#6819);
#2040=VERTEX_POINT('',#6821);
#2041=VERTEX_POINT('',#6823);
#2042=VERTEX_POINT('',#6825);
#2043=VERTEX_POINT('',#6827);
#2044=VERTEX_POINT('',#6830);
#2045=VERTEX_POINT('',#6831);
#2046=VERTEX_POINT('',#6833);
#2047=VERTEX_POINT('',#6835);
#2048=VERTEX_POINT('',#6837);
#2049=VERTEX_POINT('',#6839);
#2050=VERTEX_POINT('',#6841);
#2051=VERTEX_POINT('',#6843);
#2052=VERTEX_POINT('',#6846);
#2053=VERTEX_POINT('',#6847);
#2054=VERTEX_POINT('',#6849);
#2055=VERTEX_POINT('',#6851);
#2056=VERTEX_POINT('',#6853);
#2057=VERTEX_POINT('',#6855);
#2058=VERTEX_POINT('',#6857);
#2059=VERTEX_POINT('',#6859);
#2060=VERTEX_POINT('',#6862);
#2061=VERTEX_POINT('',#6864);
#2062=VERTEX_POINT('',#6865);
#2063=VERTEX_POINT('',#6867);
#2064=VERTEX_POINT('',#6869);
#2065=VERTEX_POINT('',#6871);
#2066=VERTEX_POINT('',#6873);
#2067=VERTEX_POINT('',#6875);
#2068=VERTEX_POINT('',#6877);
#2069=VERTEX_POINT('',#6880);
#2070=VERTEX_POINT('',#6881);
#2071=VERTEX_POINT('',#6883);
#2072=VERTEX_POINT('',#6885);
#2073=VERTEX_POINT('',#6887);
#2074=VERTEX_POINT('',#6889);
#2075=VERTEX_POINT('',#6891);
#2076=VERTEX_POINT('',#6893);
#2077=VERTEX_POINT('',#6896);
#2078=VERTEX_POINT('',#6897);
#2079=VERTEX_POINT('',#6899);
#2080=VERTEX_POINT('',#6901);
#2081=VERTEX_POINT('',#6903);
#2082=VERTEX_POINT('',#6905);
#2083=VERTEX_POINT('',#6907);
#2084=VERTEX_POINT('',#6909);
#2085=VERTEX_POINT('',#6912);
#2086=VERTEX_POINT('',#6913);
#2087=VERTEX_POINT('',#6915);
#2088=VERTEX_POINT('',#6917);
#2089=VERTEX_POINT('',#6919);
#2090=VERTEX_POINT('',#6921);
#2091=VERTEX_POINT('',#6923);
#2092=VERTEX_POINT('',#6925);
#2093=VERTEX_POINT('',#6928);
#2094=VERTEX_POINT('',#6929);
#2095=VERTEX_POINT('',#6931);
#2096=VERTEX_POINT('',#6933);
#2097=VERTEX_POINT('',#6935);
#2098=VERTEX_POINT('',#6937);
#2099=VERTEX_POINT('',#6939);
#2100=VERTEX_POINT('',#6941);
#2101=VERTEX_POINT('',#6944);
#2102=VERTEX_POINT('',#6946);
#2103=VERTEX_POINT('',#6947);
#2104=VERTEX_POINT('',#6949);
#2105=VERTEX_POINT('',#6951);
#2106=VERTEX_POINT('',#6953);
#2107=VERTEX_POINT('',#6955);
#2108=VERTEX_POINT('',#6957);
#2109=VERTEX_POINT('',#6959);
#2110=VERTEX_POINT('',#6962);
#2111=VERTEX_POINT('',#6963);
#2112=VERTEX_POINT('',#6965);
#2113=VERTEX_POINT('',#6967);
#2114=VERTEX_POINT('',#6969);
#2115=VERTEX_POINT('',#6971);
#2116=VERTEX_POINT('',#6973);
#2117=VERTEX_POINT('',#6975);
#2118=VERTEX_POINT('',#6978);
#2119=VERTEX_POINT('',#6979);
#2120=VERTEX_POINT('',#6981);
#2121=VERTEX_POINT('',#6983);
#2122=VERTEX_POINT('',#6985);
#2123=VERTEX_POINT('',#6987);
#2124=VERTEX_POINT('',#6989);
#2125=VERTEX_POINT('',#6991);
#2126=VERTEX_POINT('',#6994);
#2127=VERTEX_POINT('',#6995);
#2128=VERTEX_POINT('',#6997);
#2129=VERTEX_POINT('',#6999);
#2130=VERTEX_POINT('',#7001);
#2131=VERTEX_POINT('',#7003);
#2132=VERTEX_POINT('',#7005);
#2133=VERTEX_POINT('',#7007);
#2134=VERTEX_POINT('',#7010);
#2135=VERTEX_POINT('',#7011);
#2136=VERTEX_POINT('',#7013);
#2137=VERTEX_POINT('',#7015);
#2138=VERTEX_POINT('',#7017);
#2139=VERTEX_POINT('',#7019);
#2140=VERTEX_POINT('',#7021);
#2141=VERTEX_POINT('',#7023);
#2142=VERTEX_POINT('',#7026);
#2143=VERTEX_POINT('',#7027);
#2144=VERTEX_POINT('',#7029);
#2145=VERTEX_POINT('',#7031);
#2146=VERTEX_POINT('',#7033);
#2147=VERTEX_POINT('',#7035);
#2148=VERTEX_POINT('',#7037);
#2149=VERTEX_POINT('',#7039);
#2150=VERTEX_POINT('',#7042);
#2151=VERTEX_POINT('',#7043);
#2152=VERTEX_POINT('',#7045);
#2153=VERTEX_POINT('',#7047);
#2154=VERTEX_POINT('',#7049);
#2155=VERTEX_POINT('',#7051);
#2156=VERTEX_POINT('',#7053);
#2157=VERTEX_POINT('',#7055);
#2158=VERTEX_POINT('',#7058);
#2159=EDGE_CURVE('',#1729,#1730,#1511,.T.);
#2160=EDGE_CURVE('',#1731,#1729,#657,.T.);
#2161=EDGE_CURVE('',#1732,#1731,#1512,.T.);
#2162=EDGE_CURVE('',#1732,#1730,#658,.T.);
#2163=EDGE_CURVE('',#1730,#1733,#659,.T.);
#2164=EDGE_CURVE('',#1734,#1732,#660,.T.);
#2165=EDGE_CURVE('',#1733,#1734,#661,.T.);
#2166=EDGE_CURVE('',#1735,#1736,#662,.T.);
#2167=EDGE_CURVE('',#1737,#1735,#663,.T.);
#2168=EDGE_CURVE('',#1738,#1737,#664,.T.);
#2169=EDGE_CURVE('',#1738,#1736,#665,.T.);
#2170=EDGE_CURVE('',#1736,#1739,#1513,.T.);
#2171=EDGE_CURVE('',#1740,#1738,#1514,.T.);
#2172=EDGE_CURVE('',#1740,#1739,#666,.T.);
#2173=EDGE_CURVE('',#1739,#1729,#667,.T.);
#2174=EDGE_CURVE('',#1731,#1740,#668,.T.);
#2175=EDGE_CURVE('',#1741,#1735,#669,.T.);
#2176=EDGE_CURVE('',#1741,#1742,#670,.T.);
#2177=EDGE_CURVE('',#1742,#1737,#671,.T.);
#2178=EDGE_CURVE('',#1734,#1743,#672,.T.);
#2179=EDGE_CURVE('',#1744,#1743,#673,.T.);
#2180=EDGE_CURVE('',#1733,#1744,#674,.T.);
#2181=EDGE_CURVE('',#1745,#1742,#1515,.T.);
#2182=EDGE_CURVE('',#1746,#1745,#675,.T.);
#2183=EDGE_CURVE('',#1747,#1746,#1516,.T.);
#2184=EDGE_CURVE('',#1748,#1747,#676,.T.);
#2185=EDGE_CURVE('',#1749,#1748,#1517,.T.);
#2186=EDGE_CURVE('',#1750,#1749,#677,.T.);
#2187=EDGE_CURVE('',#1751,#1750,#1518,.T.);
#2188=EDGE_CURVE('',#1752,#1751,#678,.T.);
#2189=EDGE_CURVE('',#1753,#1752,#1519,.T.);
#2190=EDGE_CURVE('',#1754,#1753,#679,.T.);
#2191=EDGE_CURVE('',#1755,#1754,#1520,.T.);
#2192=EDGE_CURVE('',#1756,#1755,#680,.T.);
#2193=EDGE_CURVE('',#1757,#1756,#1521,.T.);
#2194=EDGE_CURVE('',#1758,#1757,#681,.T.);
#2195=EDGE_CURVE('',#1759,#1758,#1522,.T.);
#2196=EDGE_CURVE('',#1760,#1759,#682,.T.);
#2197=EDGE_CURVE('',#1761,#1760,#1523,.T.);
#2198=EDGE_CURVE('',#1762,#1761,#683,.T.);
#2199=EDGE_CURVE('',#1763,#1762,#1524,.T.);
#2200=EDGE_CURVE('',#1764,#1763,#684,.T.);
#2201=EDGE_CURVE('',#1765,#1764,#1525,.T.);
#2202=EDGE_CURVE('',#1766,#1765,#685,.T.);
#2203=EDGE_CURVE('',#1767,#1766,#1526,.T.);
#2204=EDGE_CURVE('',#1768,#1767,#1527,.T.);
#2205=EDGE_CURVE('',#1769,#1768,#686,.T.);
#2206=EDGE_CURVE('',#1770,#1769,#1528,.T.);
#2207=EDGE_CURVE('',#1771,#1770,#687,.T.);
#2208=EDGE_CURVE('',#1772,#1771,#1529,.T.);
#2209=EDGE_CURVE('',#1773,#1772,#688,.T.);
#2210=EDGE_CURVE('',#1774,#1773,#1530,.T.);
#2211=EDGE_CURVE('',#1775,#1774,#689,.T.);
#2212=EDGE_CURVE('',#1776,#1775,#1531,.T.);
#2213=EDGE_CURVE('',#1777,#1776,#690,.T.);
#2214=EDGE_CURVE('',#1777,#1778,#691,.T.);
#2215=EDGE_CURVE('',#1778,#1779,#1532,.T.);
#2216=EDGE_CURVE('',#1779,#1780,#692,.T.);
#2217=EDGE_CURVE('',#1781,#1780,#693,.T.);
#2218=EDGE_CURVE('',#1782,#1781,#1533,.T.);
#2219=EDGE_CURVE('',#1783,#1782,#694,.T.);
#2220=EDGE_CURVE('',#1784,#1783,#1534,.T.);
#2221=EDGE_CURVE('',#1785,#1784,#695,.T.);
#2222=EDGE_CURVE('',#1786,#1785,#1535,.T.);
#2223=EDGE_CURVE('',#1787,#1786,#696,.T.);
#2224=EDGE_CURVE('',#1788,#1787,#1536,.T.);
#2225=EDGE_CURVE('',#1789,#1788,#697,.T.);
#2226=EDGE_CURVE('',#1790,#1789,#1537,.T.);
#2227=EDGE_CURVE('',#1791,#1790,#698,.T.);
#2228=EDGE_CURVE('',#1792,#1791,#1538,.T.);
#2229=EDGE_CURVE('',#1793,#1792,#1539,.T.);
#2230=EDGE_CURVE('',#1794,#1793,#699,.T.);
#2231=EDGE_CURVE('',#1743,#1794,#1540,.T.);
#2232=EDGE_CURVE('',#1795,#1796,#1541,.T.);
#2233=EDGE_CURVE('',#1797,#1795,#700,.T.);
#2234=EDGE_CURVE('',#1798,#1797,#1542,.T.);
#2235=EDGE_CURVE('',#1799,#1798,#701,.T.);
#2236=EDGE_CURVE('',#1800,#1799,#1543,.T.);
#2237=EDGE_CURVE('',#1801,#1800,#702,.T.);
#2238=EDGE_CURVE('',#1802,#1801,#1544,.T.);
#2239=EDGE_CURVE('',#1796,#1802,#703,.T.);
#2240=EDGE_CURVE('',#1803,#1804,#1545,.T.);
#2241=EDGE_CURVE('',#1805,#1803,#704,.T.);
#2242=EDGE_CURVE('',#1806,#1805,#1546,.T.);
#2243=EDGE_CURVE('',#1807,#1806,#705,.T.);
#2244=EDGE_CURVE('',#1808,#1807,#1547,.T.);
#2245=EDGE_CURVE('',#1809,#1808,#706,.T.);
#2246=EDGE_CURVE('',#1810,#1809,#1548,.T.);
#2247=EDGE_CURVE('',#1804,#1810,#707,.T.);
#2248=EDGE_CURVE('',#1811,#1811,#1549,.T.);
#2249=EDGE_CURVE('',#1812,#1813,#1550,.T.);
#2250=EDGE_CURVE('',#1814,#1812,#708,.T.);
#2251=EDGE_CURVE('',#1815,#1814,#1551,.T.);
#2252=EDGE_CURVE('',#1816,#1815,#709,.T.);
#2253=EDGE_CURVE('',#1817,#1816,#1552,.T.);
#2254=EDGE_CURVE('',#1818,#1817,#710,.T.);
#2255=EDGE_CURVE('',#1819,#1818,#1553,.T.);
#2256=EDGE_CURVE('',#1813,#1819,#711,.T.);
#2257=EDGE_CURVE('',#1820,#1821,#1554,.T.);
#2258=EDGE_CURVE('',#1822,#1820,#712,.T.);
#2259=EDGE_CURVE('',#1823,#1822,#1555,.T.);
#2260=EDGE_CURVE('',#1824,#1823,#713,.T.);
#2261=EDGE_CURVE('',#1825,#1824,#1556,.T.);
#2262=EDGE_CURVE('',#1826,#1825,#714,.T.);
#2263=EDGE_CURVE('',#1827,#1826,#1557,.T.);
#2264=EDGE_CURVE('',#1821,#1827,#715,.T.);
#2265=EDGE_CURVE('',#1828,#1828,#1558,.T.);
#2266=EDGE_CURVE('',#1829,#1830,#1559,.T.);
#2267=EDGE_CURVE('',#1831,#1829,#716,.T.);
#2268=EDGE_CURVE('',#1832,#1831,#1560,.T.);
#2269=EDGE_CURVE('',#1833,#1832,#717,.T.);
#2270=EDGE_CURVE('',#1834,#1833,#1561,.T.);
#2271=EDGE_CURVE('',#1835,#1834,#718,.T.);
#2272=EDGE_CURVE('',#1836,#1835,#1562,.T.);
#2273=EDGE_CURVE('',#1830,#1836,#719,.T.);
#2274=EDGE_CURVE('',#1837,#1838,#1563,.T.);
#2275=EDGE_CURVE('',#1839,#1837,#720,.T.);
#2276=EDGE_CURVE('',#1840,#1839,#1564,.T.);
#2277=EDGE_CURVE('',#1841,#1840,#721,.T.);
#2278=EDGE_CURVE('',#1842,#1841,#1565,.T.);
#2279=EDGE_CURVE('',#1843,#1842,#722,.T.);
#2280=EDGE_CURVE('',#1844,#1843,#1566,.T.);
#2281=EDGE_CURVE('',#1838,#1844,#723,.T.);
#2282=EDGE_CURVE('',#1845,#1846,#1567,.T.);
#2283=EDGE_CURVE('',#1847,#1845,#724,.T.);
#2284=EDGE_CURVE('',#1848,#1847,#1568,.T.);
#2285=EDGE_CURVE('',#1849,#1848,#725,.T.);
#2286=EDGE_CURVE('',#1850,#1849,#1569,.T.);
#2287=EDGE_CURVE('',#1851,#1850,#726,.T.);
#2288=EDGE_CURVE('',#1852,#1851,#1570,.T.);
#2289=EDGE_CURVE('',#1846,#1852,#727,.T.);
#2290=EDGE_CURVE('',#1853,#1853,#1571,.T.);
#2291=EDGE_CURVE('',#1854,#1855,#1572,.T.);
#2292=EDGE_CURVE('',#1856,#1854,#728,.T.);
#2293=EDGE_CURVE('',#1857,#1856,#1573,.T.);
#2294=EDGE_CURVE('',#1858,#1857,#729,.T.);
#2295=EDGE_CURVE('',#1859,#1858,#1574,.T.);
#2296=EDGE_CURVE('',#1860,#1859,#730,.T.);
#2297=EDGE_CURVE('',#1861,#1860,#1575,.T.);
#2298=EDGE_CURVE('',#1855,#1861,#731,.T.);
#2299=EDGE_CURVE('',#1862,#1863,#1576,.T.);
#2300=EDGE_CURVE('',#1864,#1862,#732,.T.);
#2301=EDGE_CURVE('',#1865,#1864,#1577,.T.);
#2302=EDGE_CURVE('',#1866,#1865,#733,.T.);
#2303=EDGE_CURVE('',#1867,#1866,#1578,.T.);
#2304=EDGE_CURVE('',#1868,#1867,#734,.T.);
#2305=EDGE_CURVE('',#1869,#1868,#1579,.T.);
#2306=EDGE_CURVE('',#1863,#1869,#735,.T.);
#2307=EDGE_CURVE('',#1870,#1871,#1580,.T.);
#2308=EDGE_CURVE('',#1872,#1870,#736,.T.);
#2309=EDGE_CURVE('',#1873,#1872,#1581,.T.);
#2310=EDGE_CURVE('',#1874,#1873,#737,.T.);
#2311=EDGE_CURVE('',#1875,#1874,#1582,.T.);
#2312=EDGE_CURVE('',#1876,#1875,#738,.T.);
#2313=EDGE_CURVE('',#1877,#1876,#1583,.T.);
#2314=EDGE_CURVE('',#1871,#1877,#739,.T.);
#2315=EDGE_CURVE('',#1878,#1879,#1584,.T.);
#2316=EDGE_CURVE('',#1880,#1878,#740,.T.);
#2317=EDGE_CURVE('',#1881,#1880,#1585,.T.);
#2318=EDGE_CURVE('',#1882,#1881,#741,.T.);
#2319=EDGE_CURVE('',#1883,#1882,#1586,.T.);
#2320=EDGE_CURVE('',#1884,#1883,#742,.T.);
#2321=EDGE_CURVE('',#1885,#1884,#1587,.T.);
#2322=EDGE_CURVE('',#1879,#1885,#743,.T.);
#2323=EDGE_CURVE('',#1886,#1887,#1588,.T.);
#2324=EDGE_CURVE('',#1888,#1886,#744,.T.);
#2325=EDGE_CURVE('',#1889,#1888,#1589,.T.);
#2326=EDGE_CURVE('',#1890,#1889,#745,.T.);
#2327=EDGE_CURVE('',#1891,#1890,#1590,.T.);
#2328=EDGE_CURVE('',#1892,#1891,#746,.T.);
#2329=EDGE_CURVE('',#1893,#1892,#1591,.T.);
#2330=EDGE_CURVE('',#1887,#1893,#747,.T.);
#2331=EDGE_CURVE('',#1894,#1894,#1592,.T.);
#2332=EDGE_CURVE('',#1895,#1896,#1593,.T.);
#2333=EDGE_CURVE('',#1897,#1895,#748,.T.);
#2334=EDGE_CURVE('',#1898,#1897,#1594,.T.);
#2335=EDGE_CURVE('',#1899,#1898,#749,.T.);
#2336=EDGE_CURVE('',#1900,#1899,#1595,.T.);
#2337=EDGE_CURVE('',#1901,#1900,#750,.T.);
#2338=EDGE_CURVE('',#1902,#1901,#1596,.T.);
#2339=EDGE_CURVE('',#1896,#1902,#751,.T.);
#2340=EDGE_CURVE('',#1903,#1904,#1597,.T.);
#2341=EDGE_CURVE('',#1905,#1903,#752,.T.);
#2342=EDGE_CURVE('',#1906,#1905,#1598,.T.);
#2343=EDGE_CURVE('',#1907,#1906,#753,.T.);
#2344=EDGE_CURVE('',#1908,#1907,#1599,.T.);
#2345=EDGE_CURVE('',#1909,#1908,#754,.T.);
#2346=EDGE_CURVE('',#1910,#1909,#1600,.T.);
#2347=EDGE_CURVE('',#1904,#1910,#755,.T.);
#2348=EDGE_CURVE('',#1911,#1912,#1601,.T.);
#2349=EDGE_CURVE('',#1913,#1911,#756,.T.);
#2350=EDGE_CURVE('',#1914,#1913,#1602,.T.);
#2351=EDGE_CURVE('',#1915,#1914,#757,.T.);
#2352=EDGE_CURVE('',#1916,#1915,#1603,.T.);
#2353=EDGE_CURVE('',#1917,#1916,#758,.T.);
#2354=EDGE_CURVE('',#1918,#1917,#1604,.T.);
#2355=EDGE_CURVE('',#1912,#1918,#759,.T.);
#2356=EDGE_CURVE('',#1919,#1920,#1605,.T.);
#2357=EDGE_CURVE('',#1921,#1919,#760,.T.);
#2358=EDGE_CURVE('',#1922,#1921,#1606,.T.);
#2359=EDGE_CURVE('',#1923,#1922,#761,.T.);
#2360=EDGE_CURVE('',#1924,#1923,#1607,.T.);
#2361=EDGE_CURVE('',#1925,#1924,#762,.T.);
#2362=EDGE_CURVE('',#1926,#1925,#1608,.T.);
#2363=EDGE_CURVE('',#1920,#1926,#763,.T.);
#2364=EDGE_CURVE('',#1927,#1928,#1609,.T.);
#2365=EDGE_CURVE('',#1929,#1927,#764,.T.);
#2366=EDGE_CURVE('',#1930,#1929,#1610,.T.);
#2367=EDGE_CURVE('',#1931,#1930,#765,.T.);
#2368=EDGE_CURVE('',#1932,#1931,#1611,.T.);
#2369=EDGE_CURVE('',#1933,#1932,#766,.T.);
#2370=EDGE_CURVE('',#1934,#1933,#1612,.T.);
#2371=EDGE_CURVE('',#1928,#1934,#767,.T.);
#2372=EDGE_CURVE('',#1935,#1936,#1613,.T.);
#2373=EDGE_CURVE('',#1937,#1935,#768,.T.);
#2374=EDGE_CURVE('',#1938,#1937,#1614,.T.);
#2375=EDGE_CURVE('',#1939,#1938,#769,.T.);
#2376=EDGE_CURVE('',#1940,#1939,#1615,.T.);
#2377=EDGE_CURVE('',#1941,#1940,#770,.T.);
#2378=EDGE_CURVE('',#1942,#1941,#1616,.T.);
#2379=EDGE_CURVE('',#1936,#1942,#771,.T.);
#2380=EDGE_CURVE('',#1943,#1944,#1617,.T.);
#2381=EDGE_CURVE('',#1945,#1943,#772,.T.);
#2382=EDGE_CURVE('',#1946,#1945,#1618,.T.);
#2383=EDGE_CURVE('',#1947,#1946,#773,.T.);
#2384=EDGE_CURVE('',#1948,#1947,#1619,.T.);
#2385=EDGE_CURVE('',#1949,#1948,#774,.T.);
#2386=EDGE_CURVE('',#1950,#1949,#1620,.T.);
#2387=EDGE_CURVE('',#1944,#1950,#775,.T.);
#2388=EDGE_CURVE('',#1951,#1951,#1621,.T.);
#2389=EDGE_CURVE('',#1952,#1953,#776,.T.);
#2390=EDGE_CURVE('',#1780,#1952,#777,.T.);
#2391=EDGE_CURVE('',#1779,#1953,#778,.T.);
#2392=EDGE_CURVE('',#1953,#1954,#1622,.T.);
#2393=EDGE_CURVE('',#1778,#1954,#779,.T.);
#2394=EDGE_CURVE('',#1954,#1955,#780,.T.);
#2395=EDGE_CURVE('',#1955,#1777,#781,.T.);
#2396=EDGE_CURVE('',#1744,#1956,#1623,.T.);
#2397=EDGE_CURVE('',#1956,#1957,#782,.T.);
#2398=EDGE_CURVE('',#1957,#1958,#1624,.T.);
#2399=EDGE_CURVE('',#1958,#1959,#1625,.T.);
#2400=EDGE_CURVE('',#1959,#1960,#783,.T.);
#2401=EDGE_CURVE('',#1960,#1961,#1626,.T.);
#2402=EDGE_CURVE('',#1961,#1962,#784,.T.);
#2403=EDGE_CURVE('',#1962,#1963,#1627,.T.);
#2404=EDGE_CURVE('',#1963,#1964,#785,.T.);
#2405=EDGE_CURVE('',#1964,#1965,#1628,.T.);
#2406=EDGE_CURVE('',#1965,#1966,#786,.T.);
#2407=EDGE_CURVE('',#1966,#1967,#1629,.T.);
#2408=EDGE_CURVE('',#1967,#1968,#787,.T.);
#2409=EDGE_CURVE('',#1968,#1969,#1630,.T.);
#2410=EDGE_CURVE('',#1969,#1952,#788,.T.);
#2411=EDGE_CURVE('',#1955,#1970,#789,.T.);
#2412=EDGE_CURVE('',#1970,#1971,#1631,.T.);
#2413=EDGE_CURVE('',#1971,#1972,#790,.T.);
#2414=EDGE_CURVE('',#1972,#1973,#1632,.T.);
#2415=EDGE_CURVE('',#1973,#1974,#791,.T.);
#2416=EDGE_CURVE('',#1974,#1975,#1633,.T.);
#2417=EDGE_CURVE('',#1975,#1976,#792,.T.);
#2418=EDGE_CURVE('',#1976,#1977,#1634,.T.);
#2419=EDGE_CURVE('',#1977,#1978,#793,.T.);
#2420=EDGE_CURVE('',#1978,#1979,#1635,.T.);
#2421=EDGE_CURVE('',#1979,#1980,#1636,.T.);
#2422=EDGE_CURVE('',#1980,#1981,#794,.T.);
#2423=EDGE_CURVE('',#1981,#1982,#1637,.T.);
#2424=EDGE_CURVE('',#1982,#1983,#795,.T.);
#2425=EDGE_CURVE('',#1983,#1984,#1638,.T.);
#2426=EDGE_CURVE('',#1984,#1985,#796,.T.);
#2427=EDGE_CURVE('',#1985,#1986,#1639,.T.);
#2428=EDGE_CURVE('',#1986,#1987,#797,.T.);
#2429=EDGE_CURVE('',#1987,#1988,#1640,.T.);
#2430=EDGE_CURVE('',#1988,#1989,#798,.T.);
#2431=EDGE_CURVE('',#1989,#1990,#1641,.T.);
#2432=EDGE_CURVE('',#1990,#1991,#799,.T.);
#2433=EDGE_CURVE('',#1991,#1992,#1642,.T.);
#2434=EDGE_CURVE('',#1992,#1993,#800,.T.);
#2435=EDGE_CURVE('',#1993,#1994,#1643,.T.);
#2436=EDGE_CURVE('',#1994,#1995,#801,.T.);
#2437=EDGE_CURVE('',#1995,#1996,#1644,.T.);
#2438=EDGE_CURVE('',#1996,#1997,#802,.T.);
#2439=EDGE_CURVE('',#1997,#1998,#1645,.T.);
#2440=EDGE_CURVE('',#1998,#1999,#803,.T.);
#2441=EDGE_CURVE('',#1999,#2000,#1646,.T.);
#2442=EDGE_CURVE('',#2000,#2001,#804,.T.);
#2443=EDGE_CURVE('',#2001,#1741,#1647,.T.);
#2444=EDGE_CURVE('',#2002,#2003,#1648,.T.);
#2445=EDGE_CURVE('',#2003,#2004,#805,.T.);
#2446=EDGE_CURVE('',#2004,#2005,#1649,.T.);
#2447=EDGE_CURVE('',#2005,#2006,#806,.T.);
#2448=EDGE_CURVE('',#2006,#2007,#1650,.T.);
#2449=EDGE_CURVE('',#2007,#2008,#807,.T.);
#2450=EDGE_CURVE('',#2008,#2009,#1651,.T.);
#2451=EDGE_CURVE('',#2009,#2002,#808,.T.);
#2452=EDGE_CURVE('',#2010,#2011,#1652,.T.);
#2453=EDGE_CURVE('',#2011,#2012,#809,.T.);
#2454=EDGE_CURVE('',#2012,#2013,#1653,.T.);
#2455=EDGE_CURVE('',#2013,#2014,#810,.T.);
#2456=EDGE_CURVE('',#2014,#2015,#1654,.T.);
#2457=EDGE_CURVE('',#2015,#2016,#811,.T.);
#2458=EDGE_CURVE('',#2016,#2017,#1655,.T.);
#2459=EDGE_CURVE('',#2017,#2010,#812,.T.);
#2460=EDGE_CURVE('',#2018,#2018,#1656,.T.);
#2461=EDGE_CURVE('',#2019,#2020,#1657,.T.);
#2462=EDGE_CURVE('',#2020,#2021,#813,.T.);
#2463=EDGE_CURVE('',#2021,#2022,#1658,.T.);
#2464=EDGE_CURVE('',#2022,#2023,#814,.T.);
#2465=EDGE_CURVE('',#2023,#2024,#1659,.T.);
#2466=EDGE_CURVE('',#2024,#2025,#815,.T.);
#2467=EDGE_CURVE('',#2025,#2026,#1660,.T.);
#2468=EDGE_CURVE('',#2026,#2019,#816,.T.);
#2469=EDGE_CURVE('',#2027,#2028,#1661,.T.);
#2470=EDGE_CURVE('',#2028,#2029,#817,.T.);
#2471=EDGE_CURVE('',#2029,#2030,#1662,.T.);
#2472=EDGE_CURVE('',#2030,#2031,#818,.T.);
#2473=EDGE_CURVE('',#2031,#2032,#1663,.T.);
#2474=EDGE_CURVE('',#2032,#2033,#819,.T.);
#2475=EDGE_CURVE('',#2033,#2034,#1664,.T.);
#2476=EDGE_CURVE('',#2034,#2027,#820,.T.);
#2477=EDGE_CURVE('',#2035,#2035,#1665,.T.);
#2478=EDGE_CURVE('',#2036,#2037,#1666,.T.);
#2479=EDGE_CURVE('',#2037,#2038,#821,.T.);
#2480=EDGE_CURVE('',#2038,#2039,#1667,.T.);
#2481=EDGE_CURVE('',#2039,#2040,#822,.T.);
#2482=EDGE_CURVE('',#2040,#2041,#1668,.T.);
#2483=EDGE_CURVE('',#2041,#2042,#823,.T.);
#2484=EDGE_CURVE('',#2042,#2043,#1669,.T.);
#2485=EDGE_CURVE('',#2043,#2036,#824,.T.);
#2486=EDGE_CURVE('',#2044,#2045,#1670,.T.);
#2487=EDGE_CURVE('',#2045,#2046,#825,.T.);
#2488=EDGE_CURVE('',#2046,#2047,#1671,.T.);
#2489=EDGE_CURVE('',#2047,#2048,#826,.T.);
#2490=EDGE_CURVE('',#2048,#2049,#1672,.T.);
#2491=EDGE_CURVE('',#2049,#2050,#827,.T.);
#2492=EDGE_CURVE('',#2050,#2051,#1673,.T.);
#2493=EDGE_CURVE('',#2051,#2044,#828,.T.);
#2494=EDGE_CURVE('',#2052,#2053,#1674,.T.);
#2495=EDGE_CURVE('',#2053,#2054,#829,.T.);
#2496=EDGE_CURVE('',#2054,#2055,#1675,.T.);
#2497=EDGE_CURVE('',#2055,#2056,#830,.T.);
#2498=EDGE_CURVE('',#2056,#2057,#1676,.T.);
#2499=EDGE_CURVE('',#2057,#2058,#831,.T.);
#2500=EDGE_CURVE('',#2058,#2059,#1677,.T.);
#2501=EDGE_CURVE('',#2059,#2052,#832,.T.);
#2502=EDGE_CURVE('',#2060,#2060,#1678,.T.);
#2503=EDGE_CURVE('',#2061,#2062,#1679,.T.);
#2504=EDGE_CURVE('',#2062,#2063,#833,.T.);
#2505=EDGE_CURVE('',#2063,#2064,#1680,.T.);
#2506=EDGE_CURVE('',#2064,#2065,#834,.T.);
#2507=EDGE_CURVE('',#2065,#2066,#1681,.T.);
#2508=EDGE_CURVE('',#2066,#2067,#835,.T.);
#2509=EDGE_CURVE('',#2067,#2068,#1682,.T.);
#2510=EDGE_CURVE('',#2068,#2061,#836,.T.);
#2511=EDGE_CURVE('',#2069,#2070,#1683,.T.);
#2512=EDGE_CURVE('',#2070,#2071,#837,.T.);
#2513=EDGE_CURVE('',#2071,#2072,#1684,.T.);
#2514=EDGE_CURVE('',#2072,#2073,#838,.T.);
#2515=EDGE_CURVE('',#2073,#2074,#1685,.T.);
#2516=EDGE_CURVE('',#2074,#2075,#839,.T.);
#2517=EDGE_CURVE('',#2075,#2076,#1686,.T.);
#2518=EDGE_CURVE('',#2076,#2069,#840,.T.);
#2519=EDGE_CURVE('',#2077,#2078,#1687,.T.);
#2520=EDGE_CURVE('',#2078,#2079,#841,.T.);
#2521=EDGE_CURVE('',#2079,#2080,#1688,.T.);
#2522=EDGE_CURVE('',#2080,#2081,#842,.T.);
#2523=EDGE_CURVE('',#2081,#2082,#1689,.T.);
#2524=EDGE_CURVE('',#2082,#2083,#843,.T.);
#2525=EDGE_CURVE('',#2083,#2084,#1690,.T.);
#2526=EDGE_CURVE('',#2084,#2077,#844,.T.);
#2527=EDGE_CURVE('',#2085,#2086,#1691,.T.);
#2528=EDGE_CURVE('',#2086,#2087,#845,.T.);
#2529=EDGE_CURVE('',#2087,#2088,#1692,.T.);
#2530=EDGE_CURVE('',#2088,#2089,#846,.T.);
#2531=EDGE_CURVE('',#2089,#2090,#1693,.T.);
#2532=EDGE_CURVE('',#2090,#2091,#847,.T.);
#2533=EDGE_CURVE('',#2091,#2092,#1694,.T.);
#2534=EDGE_CURVE('',#2092,#2085,#848,.T.);
#2535=EDGE_CURVE('',#2093,#2094,#1695,.T.);
#2536=EDGE_CURVE('',#2094,#2095,#849,.T.);
#2537=EDGE_CURVE('',#2095,#2096,#1696,.T.);
#2538=EDGE_CURVE('',#2096,#2097,#850,.T.);
#2539=EDGE_CURVE('',#2097,#2098,#1697,.T.);
#2540=EDGE_CURVE('',#2098,#2099,#851,.T.);
#2541=EDGE_CURVE('',#2099,#2100,#1698,.T.);
#2542=EDGE_CURVE('',#2100,#2093,#852,.T.);
#2543=EDGE_CURVE('',#2101,#2101,#1699,.T.);
#2544=EDGE_CURVE('',#2102,#2103,#1700,.T.);
#2545=EDGE_CURVE('',#2103,#2104,#853,.T.);
#2546=EDGE_CURVE('',#2104,#2105,#1701,.T.);
#2547=EDGE_CURVE('',#2105,#2106,#854,.T.);
#2548=EDGE_CURVE('',#2106,#2107,#1702,.T.);
#2549=EDGE_CURVE('',#2107,#2108,#855,.T.);
#2550=EDGE_CURVE('',#2108,#2109,#1703,.T.);
#2551=EDGE_CURVE('',#2109,#2102,#856,.T.);
#2552=EDGE_CURVE('',#2110,#2111,#1704,.T.);
#2553=EDGE_CURVE('',#2111,#2112,#857,.T.);
#2554=EDGE_CURVE('',#2112,#2113,#1705,.T.);
#2555=EDGE_CURVE('',#2113,#2114,#858,.T.);
#2556=EDGE_CURVE('',#2114,#2115,#1706,.T.);
#2557=EDGE_CURVE('',#2115,#2116,#859,.T.);
#2558=EDGE_CURVE('',#2116,#2117,#1707,.T.);
#2559=EDGE_CURVE('',#2117,#2110,#860,.T.);
#2560=EDGE_CURVE('',#2118,#2119,#1708,.T.);
#2561=EDGE_CURVE('',#2119,#2120,#861,.T.);
#2562=EDGE_CURVE('',#2120,#2121,#1709,.T.);
#2563=EDGE_CURVE('',#2121,#2122,#862,.T.);
#2564=EDGE_CURVE('',#2122,#2123,#1710,.T.);
#2565=EDGE_CURVE('',#2123,#2124,#863,.T.);
#2566=EDGE_CURVE('',#2124,#2125,#1711,.T.);
#2567=EDGE_CURVE('',#2125,#2118,#864,.T.);
#2568=EDGE_CURVE('',#2126,#2127,#1712,.T.);
#2569=EDGE_CURVE('',#2127,#2128,#865,.T.);
#2570=EDGE_CURVE('',#2128,#2129,#1713,.T.);
#2571=EDGE_CURVE('',#2129,#2130,#866,.T.);
#2572=EDGE_CURVE('',#2130,#2131,#1714,.T.);
#2573=EDGE_CURVE('',#2131,#2132,#867,.T.);
#2574=EDGE_CURVE('',#2132,#2133,#1715,.T.);
#2575=EDGE_CURVE('',#2133,#2126,#868,.T.);
#2576=EDGE_CURVE('',#2134,#2135,#1716,.T.);
#2577=EDGE_CURVE('',#2135,#2136,#869,.T.);
#2578=EDGE_CURVE('',#2136,#2137,#1717,.T.);
#2579=EDGE_CURVE('',#2137,#2138,#870,.T.);
#2580=EDGE_CURVE('',#2138,#2139,#1718,.T.);
#2581=EDGE_CURVE('',#2139,#2140,#871,.T.);
#2582=EDGE_CURVE('',#2140,#2141,#1719,.T.);
#2583=EDGE_CURVE('',#2141,#2134,#872,.T.);
#2584=EDGE_CURVE('',#2142,#2143,#1720,.T.);
#2585=EDGE_CURVE('',#2143,#2144,#873,.T.);
#2586=EDGE_CURVE('',#2144,#2145,#1721,.T.);
#2587=EDGE_CURVE('',#2145,#2146,#874,.T.);
#2588=EDGE_CURVE('',#2146,#2147,#1722,.T.);
#2589=EDGE_CURVE('',#2147,#2148,#875,.T.);
#2590=EDGE_CURVE('',#2148,#2149,#1723,.T.);
#2591=EDGE_CURVE('',#2149,#2142,#876,.T.);
#2592=EDGE_CURVE('',#2150,#2151,#1724,.T.);
#2593=EDGE_CURVE('',#2151,#2152,#877,.T.);
#2594=EDGE_CURVE('',#2152,#2153,#1725,.T.);
#2595=EDGE_CURVE('',#2153,#2154,#878,.T.);
#2596=EDGE_CURVE('',#2154,#2155,#1726,.T.);
#2597=EDGE_CURVE('',#2155,#2156,#879,.T.);
#2598=EDGE_CURVE('',#2156,#2157,#1727,.T.);
#2599=EDGE_CURVE('',#2157,#2150,#880,.T.);
#2600=EDGE_CURVE('',#2158,#2158,#1728,.T.);
#2601=EDGE_CURVE('',#1970,#1776,#881,.T.);
#2602=EDGE_CURVE('',#1978,#1768,#882,.T.);
#2603=EDGE_CURVE('',#1979,#1767,#883,.T.);
#2604=EDGE_CURVE('',#1977,#1769,#884,.T.);
#2605=EDGE_CURVE('',#1980,#1766,#885,.T.);
#2606=EDGE_CURVE('',#1976,#1770,#886,.T.);
#2607=EDGE_CURVE('',#1981,#1765,#887,.T.);
#2608=EDGE_CURVE('',#1975,#1771,#888,.T.);
#2609=EDGE_CURVE('',#1982,#1764,#889,.T.);
#2610=EDGE_CURVE('',#1974,#1772,#890,.T.);
#2611=EDGE_CURVE('',#1983,#1763,#891,.T.);
#2612=EDGE_CURVE('',#1973,#1773,#892,.T.);
#2613=EDGE_CURVE('',#1984,#1762,#893,.T.);
#2614=EDGE_CURVE('',#1972,#1774,#894,.T.);
#2615=EDGE_CURVE('',#1985,#1761,#895,.T.);
#2616=EDGE_CURVE('',#1971,#1775,#896,.T.);
#2617=EDGE_CURVE('',#1986,#1760,#897,.T.);
#2618=EDGE_CURVE('',#1987,#1759,#898,.T.);
#2619=EDGE_CURVE('',#1988,#1758,#899,.T.);
#2620=EDGE_CURVE('',#1989,#1757,#900,.T.);
#2621=EDGE_CURVE('',#1969,#1781,#901,.T.);
#2622=EDGE_CURVE('',#1990,#1756,#902,.T.);
#2623=EDGE_CURVE('',#1968,#1782,#903,.T.);
#2624=EDGE_CURVE('',#1991,#1755,#904,.T.);
#2625=EDGE_CURVE('',#1967,#1783,#905,.T.);
#2626=EDGE_CURVE('',#1992,#1754,#906,.T.);
#2627=EDGE_CURVE('',#1966,#1784,#907,.T.);
#2628=EDGE_CURVE('',#1993,#1753,#908,.T.);
#2629=EDGE_CURVE('',#1965,#1785,#909,.T.);
#2630=EDGE_CURVE('',#1994,#1752,#910,.T.);
#2631=EDGE_CURVE('',#1964,#1786,#911,.T.);
#2632=EDGE_CURVE('',#1995,#1751,#912,.T.);
#2633=EDGE_CURVE('',#1963,#1787,#913,.T.);
#2634=EDGE_CURVE('',#1996,#1750,#914,.T.);
#2635=EDGE_CURVE('',#1962,#1788,#915,.T.);
#2636=EDGE_CURVE('',#1997,#1749,#916,.T.);
#2637=EDGE_CURVE('',#1961,#1789,#917,.T.);
#2638=EDGE_CURVE('',#1998,#1748,#918,.T.);
#2639=EDGE_CURVE('',#1960,#1790,#919,.T.);
#2640=EDGE_CURVE('',#1999,#1747,#920,.T.);
#2641=EDGE_CURVE('',#1959,#1791,#921,.T.);
#2642=EDGE_CURVE('',#2000,#1746,#922,.T.);
#2643=EDGE_CURVE('',#1958,#1792,#923,.T.);
#2644=EDGE_CURVE('',#2001,#1745,#924,.T.);
#2645=EDGE_CURVE('',#1957,#1793,#925,.T.);
#2646=EDGE_CURVE('',#1956,#1794,#926,.T.);
#2647=EDGE_CURVE('',#2002,#1795,#927,.T.);
#2648=EDGE_CURVE('',#2003,#1796,#928,.T.);
#2649=EDGE_CURVE('',#2009,#1797,#929,.T.);
#2650=EDGE_CURVE('',#2004,#1802,#930,.T.);
#2651=EDGE_CURVE('',#2008,#1798,#931,.T.);
#2652=EDGE_CURVE('',#2005,#1801,#932,.T.);
#2653=EDGE_CURVE('',#2007,#1799,#933,.T.);
#2654=EDGE_CURVE('',#2006,#1800,#934,.T.);
#2655=EDGE_CURVE('',#2010,#1803,#935,.T.);
#2656=EDGE_CURVE('',#2011,#1804,#936,.T.);
#2657=EDGE_CURVE('',#2017,#1805,#937,.T.);
#2658=EDGE_CURVE('',#2012,#1810,#938,.T.);
#2659=EDGE_CURVE('',#2016,#1806,#939,.T.);
#2660=EDGE_CURVE('',#2013,#1809,#940,.T.);
#2661=EDGE_CURVE('',#2015,#1807,#941,.T.);
#2662=EDGE_CURVE('',#2014,#1808,#942,.T.);
#2663=EDGE_CURVE('',#1811,#2018,#943,.T.);
#2664=EDGE_CURVE('',#2019,#1812,#944,.T.);
#2665=EDGE_CURVE('',#2020,#1813,#945,.T.);
#2666=EDGE_CURVE('',#2026,#1814,#946,.T.);
#2667=EDGE_CURVE('',#2021,#1819,#947,.T.);
#2668=EDGE_CURVE('',#2025,#1815,#948,.T.);
#2669=EDGE_CURVE('',#2022,#1818,#949,.T.);
#2670=EDGE_CURVE('',#2024,#1816,#950,.T.);
#2671=EDGE_CURVE('',#2023,#1817,#951,.T.);
#2672=EDGE_CURVE('',#2027,#1820,#952,.T.);
#2673=EDGE_CURVE('',#2028,#1821,#953,.T.);
#2674=EDGE_CURVE('',#2034,#1822,#954,.T.);
#2675=EDGE_CURVE('',#2029,#1827,#955,.T.);
#2676=EDGE_CURVE('',#2033,#1823,#956,.T.);
#2677=EDGE_CURVE('',#2030,#1826,#957,.T.);
#2678=EDGE_CURVE('',#2032,#1824,#958,.T.);
#2679=EDGE_CURVE('',#2031,#1825,#959,.T.);
#2680=EDGE_CURVE('',#1828,#2035,#960,.T.);
#2681=EDGE_CURVE('',#2036,#1829,#961,.T.);
#2682=EDGE_CURVE('',#2037,#1830,#962,.T.);
#2683=EDGE_CURVE('',#2043,#1831,#963,.T.);
#2684=EDGE_CURVE('',#2038,#1836,#964,.T.);
#2685=EDGE_CURVE('',#2042,#1832,#965,.T.);
#2686=EDGE_CURVE('',#2039,#1835,#966,.T.);
#2687=EDGE_CURVE('',#2041,#1833,#967,.T.);
#2688=EDGE_CURVE('',#2040,#1834,#968,.T.);
#2689=EDGE_CURVE('',#2044,#1837,#969,.T.);
#2690=EDGE_CURVE('',#2045,#1838,#970,.T.);
#2691=EDGE_CURVE('',#2051,#1839,#971,.T.);
#2692=EDGE_CURVE('',#2046,#1844,#972,.T.);
#2693=EDGE_CURVE('',#2050,#1840,#973,.T.);
#2694=EDGE_CURVE('',#2047,#1843,#974,.T.);
#2695=EDGE_CURVE('',#2049,#1841,#975,.T.);
#2696=EDGE_CURVE('',#2048,#1842,#976,.T.);
#2697=EDGE_CURVE('',#2052,#1845,#977,.T.);
#2698=EDGE_CURVE('',#2053,#1846,#978,.T.);
#2699=EDGE_CURVE('',#2059,#1847,#979,.T.);
#2700=EDGE_CURVE('',#2054,#1852,#980,.T.);
#2701=EDGE_CURVE('',#2058,#1848,#981,.T.);
#2702=EDGE_CURVE('',#2055,#1851,#982,.T.);
#2703=EDGE_CURVE('',#2057,#1849,#983,.T.);
#2704=EDGE_CURVE('',#2056,#1850,#984,.T.);
#2705=EDGE_CURVE('',#1853,#2060,#985,.T.);
#2706=EDGE_CURVE('',#2061,#1854,#986,.T.);
#2707=EDGE_CURVE('',#2062,#1855,#987,.T.);
#2708=EDGE_CURVE('',#2068,#1856,#988,.T.);
#2709=EDGE_CURVE('',#2063,#1861,#989,.T.);
#2710=EDGE_CURVE('',#2067,#1857,#990,.T.);
#2711=EDGE_CURVE('',#2064,#1860,#991,.T.);
#2712=EDGE_CURVE('',#2066,#1858,#992,.T.);
#2713=EDGE_CURVE('',#2065,#1859,#993,.T.);
#2714=EDGE_CURVE('',#2069,#1862,#994,.T.);
#2715=EDGE_CURVE('',#2070,#1863,#995,.T.);
#2716=EDGE_CURVE('',#2076,#1864,#996,.T.);
#2717=EDGE_CURVE('',#2071,#1869,#997,.T.);
#2718=EDGE_CURVE('',#2075,#1865,#998,.T.);
#2719=EDGE_CURVE('',#2072,#1868,#999,.T.);
#2720=EDGE_CURVE('',#2074,#1866,#1000,.T.);
#2721=EDGE_CURVE('',#2073,#1867,#1001,.T.);
#2722=EDGE_CURVE('',#2077,#1870,#1002,.T.);
#2723=EDGE_CURVE('',#2078,#1871,#1003,.T.);
#2724=EDGE_CURVE('',#2084,#1872,#1004,.T.);
#2725=EDGE_CURVE('',#2079,#1877,#1005,.T.);
#2726=EDGE_CURVE('',#2083,#1873,#1006,.T.);
#2727=EDGE_CURVE('',#2080,#1876,#1007,.T.);
#2728=EDGE_CURVE('',#2082,#1874,#1008,.T.);
#2729=EDGE_CURVE('',#2081,#1875,#1009,.T.);
#2730=EDGE_CURVE('',#2085,#1878,#1010,.T.);
#2731=EDGE_CURVE('',#2086,#1879,#1011,.T.);
#2732=EDGE_CURVE('',#2092,#1880,#1012,.T.);
#2733=EDGE_CURVE('',#2087,#1885,#1013,.T.);
#2734=EDGE_CURVE('',#2091,#1881,#1014,.T.);
#2735=EDGE_CURVE('',#2088,#1884,#1015,.T.);
#2736=EDGE_CURVE('',#2090,#1882,#1016,.T.);
#2737=EDGE_CURVE('',#2089,#1883,#1017,.T.);
#2738=EDGE_CURVE('',#2093,#1886,#1018,.T.);
#2739=EDGE_CURVE('',#2094,#1887,#1019,.T.);
#2740=EDGE_CURVE('',#2100,#1888,#1020,.T.);
#2741=EDGE_CURVE('',#2095,#1893,#1021,.T.);
#2742=EDGE_CURVE('',#2099,#1889,#1022,.T.);
#2743=EDGE_CURVE('',#2096,#1892,#1023,.T.);
#2744=EDGE_CURVE('',#2098,#1890,#1024,.T.);
#2745=EDGE_CURVE('',#2097,#1891,#1025,.T.);
#2746=EDGE_CURVE('',#1894,#2101,#1026,.T.);
#2747=EDGE_CURVE('',#2102,#1895,#1027,.T.);
#2748=EDGE_CURVE('',#2103,#1896,#1028,.T.);
#2749=EDGE_CURVE('',#2109,#1897,#1029,.T.);
#2750=EDGE_CURVE('',#2104,#1902,#1030,.T.);
#2751=EDGE_CURVE('',#2108,#1898,#1031,.T.);
#2752=EDGE_CURVE('',#2105,#1901,#1032,.T.);
#2753=EDGE_CURVE('',#2107,#1899,#1033,.T.);
#2754=EDGE_CURVE('',#2106,#1900,#1034,.T.);
#2755=EDGE_CURVE('',#2110,#1903,#1035,.T.);
#2756=EDGE_CURVE('',#2111,#1904,#1036,.T.);
#2757=EDGE_CURVE('',#2117,#1905,#1037,.T.);
#2758=EDGE_CURVE('',#2112,#1910,#1038,.T.);
#2759=EDGE_CURVE('',#2116,#1906,#1039,.T.);
#2760=EDGE_CURVE('',#2113,#1909,#1040,.T.);
#2761=EDGE_CURVE('',#2115,#1907,#1041,.T.);
#2762=EDGE_CURVE('',#2114,#1908,#1042,.T.);
#2763=EDGE_CURVE('',#2118,#1911,#1043,.T.);
#2764=EDGE_CURVE('',#2119,#1912,#1044,.T.);
#2765=EDGE_CURVE('',#2125,#1913,#1045,.T.);
#2766=EDGE_CURVE('',#2120,#1918,#1046,.T.);
#2767=EDGE_CURVE('',#2124,#1914,#1047,.T.);
#2768=EDGE_CURVE('',#2121,#1917,#1048,.T.);
#2769=EDGE_CURVE('',#2123,#1915,#1049,.T.);
#2770=EDGE_CURVE('',#2122,#1916,#1050,.T.);
#2771=EDGE_CURVE('',#2126,#1919,#1051,.T.);
#2772=EDGE_CURVE('',#2127,#1920,#1052,.T.);
#2773=EDGE_CURVE('',#2133,#1921,#1053,.T.);
#2774=EDGE_CURVE('',#2128,#1926,#1054,.T.);
#2775=EDGE_CURVE('',#2132,#1922,#1055,.T.);
#2776=EDGE_CURVE('',#2129,#1925,#1056,.T.);
#2777=EDGE_CURVE('',#2131,#1923,#1057,.T.);
#2778=EDGE_CURVE('',#2130,#1924,#1058,.T.);
#2779=EDGE_CURVE('',#2134,#1927,#1059,.T.);
#2780=EDGE_CURVE('',#2135,#1928,#1060,.T.);
#2781=EDGE_CURVE('',#2141,#1929,#1061,.T.);
#2782=EDGE_CURVE('',#2136,#1934,#1062,.T.);
#2783=EDGE_CURVE('',#2140,#1930,#1063,.T.);
#2784=EDGE_CURVE('',#2137,#1933,#1064,.T.);
#2785=EDGE_CURVE('',#2139,#1931,#1065,.T.);
#2786=EDGE_CURVE('',#2138,#1932,#1066,.T.);
#2787=EDGE_CURVE('',#2142,#1935,#1067,.T.);
#2788=EDGE_CURVE('',#2143,#1936,#1068,.T.);
#2789=EDGE_CURVE('',#2149,#1937,#1069,.T.);
#2790=EDGE_CURVE('',#2144,#1942,#1070,.T.);
#2791=EDGE_CURVE('',#2148,#1938,#1071,.T.);
#2792=EDGE_CURVE('',#2145,#1941,#1072,.T.);
#2793=EDGE_CURVE('',#2147,#1939,#1073,.T.);
#2794=EDGE_CURVE('',#2146,#1940,#1074,.T.);
#2795=EDGE_CURVE('',#2150,#1943,#1075,.T.);
#2796=EDGE_CURVE('',#2151,#1944,#1076,.T.);
#2797=EDGE_CURVE('',#2157,#1945,#1077,.T.);
#2798=EDGE_CURVE('',#2152,#1950,#1078,.T.);
#2799=EDGE_CURVE('',#2156,#1946,#1079,.T.);
#2800=EDGE_CURVE('',#2153,#1949,#1080,.T.);
#2801=EDGE_CURVE('',#2155,#1947,#1081,.T.);
#2802=EDGE_CURVE('',#2154,#1948,#1082,.T.);
#2803=EDGE_CURVE('',#1951,#2158,#1083,.T.);
#2804=ORIENTED_EDGE('',*,*,#2159,.F.);
#2805=ORIENTED_EDGE('',*,*,#2160,.F.);
#2806=ORIENTED_EDGE('',*,*,#2161,.F.);
#2807=ORIENTED_EDGE('',*,*,#2162,.T.);
#2808=ORIENTED_EDGE('',*,*,#2163,.F.);
#2809=ORIENTED_EDGE('',*,*,#2162,.F.);
#2810=ORIENTED_EDGE('',*,*,#2164,.F.);
#2811=ORIENTED_EDGE('',*,*,#2165,.F.);
#2812=ORIENTED_EDGE('',*,*,#2166,.F.);
#2813=ORIENTED_EDGE('',*,*,#2167,.F.);
#2814=ORIENTED_EDGE('',*,*,#2168,.F.);
#2815=ORIENTED_EDGE('',*,*,#2169,.T.);
#2816=ORIENTED_EDGE('',*,*,#2170,.F.);
#2817=ORIENTED_EDGE('',*,*,#2169,.F.);
#2818=ORIENTED_EDGE('',*,*,#2171,.F.);
#2819=ORIENTED_EDGE('',*,*,#2172,.T.);
#2820=ORIENTED_EDGE('',*,*,#2173,.F.);
#2821=ORIENTED_EDGE('',*,*,#2172,.F.);
#2822=ORIENTED_EDGE('',*,*,#2174,.F.);
#2823=ORIENTED_EDGE('',*,*,#2160,.T.);
#2824=ORIENTED_EDGE('',*,*,#2167,.T.);
#2825=ORIENTED_EDGE('',*,*,#2175,.F.);
#2826=ORIENTED_EDGE('',*,*,#2176,.T.);
#2827=ORIENTED_EDGE('',*,*,#2177,.T.);
#2828=ORIENTED_EDGE('',*,*,#2165,.T.);
#2829=ORIENTED_EDGE('',*,*,#2178,.T.);
#2830=ORIENTED_EDGE('',*,*,#2179,.F.);
#2831=ORIENTED_EDGE('',*,*,#2180,.F.);
#2832=ORIENTED_EDGE('',*,*,#2164,.T.);
#2833=ORIENTED_EDGE('',*,*,#2161,.T.);
#2834=ORIENTED_EDGE('',*,*,#2174,.T.);
#2835=ORIENTED_EDGE('',*,*,#2171,.T.);
#2836=ORIENTED_EDGE('',*,*,#2168,.T.);
#2837=ORIENTED_EDGE('',*,*,#2177,.F.);
#2838=ORIENTED_EDGE('',*,*,#2181,.F.);
#2839=ORIENTED_EDGE('',*,*,#2182,.F.);
#2840=ORIENTED_EDGE('',*,*,#2183,.F.);
#2841=ORIENTED_EDGE('',*,*,#2184,.F.);
#2842=ORIENTED_EDGE('',*,*,#2185,.F.);
#2843=ORIENTED_EDGE('',*,*,#2186,.F.);
#2844=ORIENTED_EDGE('',*,*,#2187,.F.);
#2845=ORIENTED_EDGE('',*,*,#2188,.F.);
#2846=ORIENTED_EDGE('',*,*,#2189,.F.);
#2847=ORIENTED_EDGE('',*,*,#2190,.F.);
#2848=ORIENTED_EDGE('',*,*,#2191,.F.);
#2849=ORIENTED_EDGE('',*,*,#2192,.F.);
#2850=ORIENTED_EDGE('',*,*,#2193,.F.);
#2851=ORIENTED_EDGE('',*,*,#2194,.F.);
#2852=ORIENTED_EDGE('',*,*,#2195,.F.);
#2853=ORIENTED_EDGE('',*,*,#2196,.F.);
#2854=ORIENTED_EDGE('',*,*,#2197,.F.);
#2855=ORIENTED_EDGE('',*,*,#2198,.F.);
#2856=ORIENTED_EDGE('',*,*,#2199,.F.);
#2857=ORIENTED_EDGE('',*,*,#2200,.F.);
#2858=ORIENTED_EDGE('',*,*,#2201,.F.);
#2859=ORIENTED_EDGE('',*,*,#2202,.F.);
#2860=ORIENTED_EDGE('',*,*,#2203,.F.);
#2861=ORIENTED_EDGE('',*,*,#2204,.F.);
#2862=ORIENTED_EDGE('',*,*,#2205,.F.);
#2863=ORIENTED_EDGE('',*,*,#2206,.F.);
#2864=ORIENTED_EDGE('',*,*,#2207,.F.);
#2865=ORIENTED_EDGE('',*,*,#2208,.F.);
#2866=ORIENTED_EDGE('',*,*,#2209,.F.);
#2867=ORIENTED_EDGE('',*,*,#2210,.F.);
#2868=ORIENTED_EDGE('',*,*,#2211,.F.);
#2869=ORIENTED_EDGE('',*,*,#2212,.F.);
#2870=ORIENTED_EDGE('',*,*,#2213,.F.);
#2871=ORIENTED_EDGE('',*,*,#2214,.T.);
#2872=ORIENTED_EDGE('',*,*,#2215,.T.);
#2873=ORIENTED_EDGE('',*,*,#2216,.T.);
#2874=ORIENTED_EDGE('',*,*,#2217,.F.);
#2875=ORIENTED_EDGE('',*,*,#2218,.F.);
#2876=ORIENTED_EDGE('',*,*,#2219,.F.);
#2877=ORIENTED_EDGE('',*,*,#2220,.F.);
#2878=ORIENTED_EDGE('',*,*,#2221,.F.);
#2879=ORIENTED_EDGE('',*,*,#2222,.F.);
#2880=ORIENTED_EDGE('',*,*,#2223,.F.);
#2881=ORIENTED_EDGE('',*,*,#2224,.F.);
#2882=ORIENTED_EDGE('',*,*,#2225,.F.);
#2883=ORIENTED_EDGE('',*,*,#2226,.F.);
#2884=ORIENTED_EDGE('',*,*,#2227,.F.);
#2885=ORIENTED_EDGE('',*,*,#2228,.F.);
#2886=ORIENTED_EDGE('',*,*,#2229,.F.);
#2887=ORIENTED_EDGE('',*,*,#2230,.F.);
#2888=ORIENTED_EDGE('',*,*,#2231,.F.);
#2889=ORIENTED_EDGE('',*,*,#2178,.F.);
#2890=ORIENTED_EDGE('',*,*,#2232,.F.);
#2891=ORIENTED_EDGE('',*,*,#2233,.F.);
#2892=ORIENTED_EDGE('',*,*,#2234,.F.);
#2893=ORIENTED_EDGE('',*,*,#2235,.F.);
#2894=ORIENTED_EDGE('',*,*,#2236,.F.);
#2895=ORIENTED_EDGE('',*,*,#2237,.F.);
#2896=ORIENTED_EDGE('',*,*,#2238,.F.);
#2897=ORIENTED_EDGE('',*,*,#2239,.F.);
#2898=ORIENTED_EDGE('',*,*,#2240,.F.);
#2899=ORIENTED_EDGE('',*,*,#2241,.F.);
#2900=ORIENTED_EDGE('',*,*,#2242,.F.);
#2901=ORIENTED_EDGE('',*,*,#2243,.F.);
#2902=ORIENTED_EDGE('',*,*,#2244,.F.);
#2903=ORIENTED_EDGE('',*,*,#2245,.F.);
#2904=ORIENTED_EDGE('',*,*,#2246,.F.);
#2905=ORIENTED_EDGE('',*,*,#2247,.F.);
#2906=ORIENTED_EDGE('',*,*,#2248,.T.);
#2907=ORIENTED_EDGE('',*,*,#2249,.F.);
#2908=ORIENTED_EDGE('',*,*,#2250,.F.);
#2909=ORIENTED_EDGE('',*,*,#2251,.F.);
#2910=ORIENTED_EDGE('',*,*,#2252,.F.);
#2911=ORIENTED_EDGE('',*,*,#2253,.F.);
#2912=ORIENTED_EDGE('',*,*,#2254,.F.);
#2913=ORIENTED_EDGE('',*,*,#2255,.F.);
#2914=ORIENTED_EDGE('',*,*,#2256,.F.);
#2915=ORIENTED_EDGE('',*,*,#2257,.F.);
#2916=ORIENTED_EDGE('',*,*,#2258,.F.);
#2917=ORIENTED_EDGE('',*,*,#2259,.F.);
#2918=ORIENTED_EDGE('',*,*,#2260,.F.);
#2919=ORIENTED_EDGE('',*,*,#2261,.F.);
#2920=ORIENTED_EDGE('',*,*,#2262,.F.);
#2921=ORIENTED_EDGE('',*,*,#2263,.F.);
#2922=ORIENTED_EDGE('',*,*,#2264,.F.);
#2923=ORIENTED_EDGE('',*,*,#2265,.T.);
#2924=ORIENTED_EDGE('',*,*,#2266,.F.);
#2925=ORIENTED_EDGE('',*,*,#2267,.F.);
#2926=ORIENTED_EDGE('',*,*,#2268,.F.);
#2927=ORIENTED_EDGE('',*,*,#2269,.F.);
#2928=ORIENTED_EDGE('',*,*,#2270,.F.);
#2929=ORIENTED_EDGE('',*,*,#2271,.F.);
#2930=ORIENTED_EDGE('',*,*,#2272,.F.);
#2931=ORIENTED_EDGE('',*,*,#2273,.F.);
#2932=ORIENTED_EDGE('',*,*,#2274,.F.);
#2933=ORIENTED_EDGE('',*,*,#2275,.F.);
#2934=ORIENTED_EDGE('',*,*,#2276,.F.);
#2935=ORIENTED_EDGE('',*,*,#2277,.F.);
#2936=ORIENTED_EDGE('',*,*,#2278,.F.);
#2937=ORIENTED_EDGE('',*,*,#2279,.F.);
#2938=ORIENTED_EDGE('',*,*,#2280,.F.);
#2939=ORIENTED_EDGE('',*,*,#2281,.F.);
#2940=ORIENTED_EDGE('',*,*,#2282,.F.);
#2941=ORIENTED_EDGE('',*,*,#2283,.F.);
#2942=ORIENTED_EDGE('',*,*,#2284,.F.);
#2943=ORIENTED_EDGE('',*,*,#2285,.F.);
#2944=ORIENTED_EDGE('',*,*,#2286,.F.);
#2945=ORIENTED_EDGE('',*,*,#2287,.F.);
#2946=ORIENTED_EDGE('',*,*,#2288,.F.);
#2947=ORIENTED_EDGE('',*,*,#2289,.F.);
#2948=ORIENTED_EDGE('',*,*,#2290,.T.);
#2949=ORIENTED_EDGE('',*,*,#2291,.F.);
#2950=ORIENTED_EDGE('',*,*,#2292,.F.);
#2951=ORIENTED_EDGE('',*,*,#2293,.F.);
#2952=ORIENTED_EDGE('',*,*,#2294,.F.);
#2953=ORIENTED_EDGE('',*,*,#2295,.F.);
#2954=ORIENTED_EDGE('',*,*,#2296,.F.);
#2955=ORIENTED_EDGE('',*,*,#2297,.F.);
#2956=ORIENTED_EDGE('',*,*,#2298,.F.);
#2957=ORIENTED_EDGE('',*,*,#2299,.F.);
#2958=ORIENTED_EDGE('',*,*,#2300,.F.);
#2959=ORIENTED_EDGE('',*,*,#2301,.F.);
#2960=ORIENTED_EDGE('',*,*,#2302,.F.);
#2961=ORIENTED_EDGE('',*,*,#2303,.F.);
#2962=ORIENTED_EDGE('',*,*,#2304,.F.);
#2963=ORIENTED_EDGE('',*,*,#2305,.F.);
#2964=ORIENTED_EDGE('',*,*,#2306,.F.);
#2965=ORIENTED_EDGE('',*,*,#2307,.F.);
#2966=ORIENTED_EDGE('',*,*,#2308,.F.);
#2967=ORIENTED_EDGE('',*,*,#2309,.F.);
#2968=ORIENTED_EDGE('',*,*,#2310,.F.);
#2969=ORIENTED_EDGE('',*,*,#2311,.F.);
#2970=ORIENTED_EDGE('',*,*,#2312,.F.);
#2971=ORIENTED_EDGE('',*,*,#2313,.F.);
#2972=ORIENTED_EDGE('',*,*,#2314,.F.);
#2973=ORIENTED_EDGE('',*,*,#2315,.F.);
#2974=ORIENTED_EDGE('',*,*,#2316,.F.);
#2975=ORIENTED_EDGE('',*,*,#2317,.F.);
#2976=ORIENTED_EDGE('',*,*,#2318,.F.);
#2977=ORIENTED_EDGE('',*,*,#2319,.F.);
#2978=ORIENTED_EDGE('',*,*,#2320,.F.);
#2979=ORIENTED_EDGE('',*,*,#2321,.F.);
#2980=ORIENTED_EDGE('',*,*,#2322,.F.);
#2981=ORIENTED_EDGE('',*,*,#2323,.F.);
#2982=ORIENTED_EDGE('',*,*,#2324,.F.);
#2983=ORIENTED_EDGE('',*,*,#2325,.F.);
#2984=ORIENTED_EDGE('',*,*,#2326,.F.);
#2985=ORIENTED_EDGE('',*,*,#2327,.F.);
#2986=ORIENTED_EDGE('',*,*,#2328,.F.);
#2987=ORIENTED_EDGE('',*,*,#2329,.F.);
#2988=ORIENTED_EDGE('',*,*,#2330,.F.);
#2989=ORIENTED_EDGE('',*,*,#2331,.T.);
#2990=ORIENTED_EDGE('',*,*,#2332,.F.);
#2991=ORIENTED_EDGE('',*,*,#2333,.F.);
#2992=ORIENTED_EDGE('',*,*,#2334,.F.);
#2993=ORIENTED_EDGE('',*,*,#2335,.F.);
#2994=ORIENTED_EDGE('',*,*,#2336,.F.);
#2995=ORIENTED_EDGE('',*,*,#2337,.F.);
#2996=ORIENTED_EDGE('',*,*,#2338,.F.);
#2997=ORIENTED_EDGE('',*,*,#2339,.F.);
#2998=ORIENTED_EDGE('',*,*,#2340,.F.);
#2999=ORIENTED_EDGE('',*,*,#2341,.F.);
#3000=ORIENTED_EDGE('',*,*,#2342,.F.);
#3001=ORIENTED_EDGE('',*,*,#2343,.F.);
#3002=ORIENTED_EDGE('',*,*,#2344,.F.);
#3003=ORIENTED_EDGE('',*,*,#2345,.F.);
#3004=ORIENTED_EDGE('',*,*,#2346,.F.);
#3005=ORIENTED_EDGE('',*,*,#2347,.F.);
#3006=ORIENTED_EDGE('',*,*,#2348,.F.);
#3007=ORIENTED_EDGE('',*,*,#2349,.F.);
#3008=ORIENTED_EDGE('',*,*,#2350,.F.);
#3009=ORIENTED_EDGE('',*,*,#2351,.F.);
#3010=ORIENTED_EDGE('',*,*,#2352,.F.);
#3011=ORIENTED_EDGE('',*,*,#2353,.F.);
#3012=ORIENTED_EDGE('',*,*,#2354,.F.);
#3013=ORIENTED_EDGE('',*,*,#2355,.F.);
#3014=ORIENTED_EDGE('',*,*,#2356,.F.);
#3015=ORIENTED_EDGE('',*,*,#2357,.F.);
#3016=ORIENTED_EDGE('',*,*,#2358,.F.);
#3017=ORIENTED_EDGE('',*,*,#2359,.F.);
#3018=ORIENTED_EDGE('',*,*,#2360,.F.);
#3019=ORIENTED_EDGE('',*,*,#2361,.F.);
#3020=ORIENTED_EDGE('',*,*,#2362,.F.);
#3021=ORIENTED_EDGE('',*,*,#2363,.F.);
#3022=ORIENTED_EDGE('',*,*,#2364,.F.);
#3023=ORIENTED_EDGE('',*,*,#2365,.F.);
#3024=ORIENTED_EDGE('',*,*,#2366,.F.);
#3025=ORIENTED_EDGE('',*,*,#2367,.F.);
#3026=ORIENTED_EDGE('',*,*,#2368,.F.);
#3027=ORIENTED_EDGE('',*,*,#2369,.F.);
#3028=ORIENTED_EDGE('',*,*,#2370,.F.);
#3029=ORIENTED_EDGE('',*,*,#2371,.F.);
#3030=ORIENTED_EDGE('',*,*,#2372,.F.);
#3031=ORIENTED_EDGE('',*,*,#2373,.F.);
#3032=ORIENTED_EDGE('',*,*,#2374,.F.);
#3033=ORIENTED_EDGE('',*,*,#2375,.F.);
#3034=ORIENTED_EDGE('',*,*,#2376,.F.);
#3035=ORIENTED_EDGE('',*,*,#2377,.F.);
#3036=ORIENTED_EDGE('',*,*,#2378,.F.);
#3037=ORIENTED_EDGE('',*,*,#2379,.F.);
#3038=ORIENTED_EDGE('',*,*,#2380,.F.);
#3039=ORIENTED_EDGE('',*,*,#2381,.F.);
#3040=ORIENTED_EDGE('',*,*,#2382,.F.);
#3041=ORIENTED_EDGE('',*,*,#2383,.F.);
#3042=ORIENTED_EDGE('',*,*,#2384,.F.);
#3043=ORIENTED_EDGE('',*,*,#2385,.F.);
#3044=ORIENTED_EDGE('',*,*,#2386,.F.);
#3045=ORIENTED_EDGE('',*,*,#2387,.F.);
#3046=ORIENTED_EDGE('',*,*,#2388,.T.);
#3047=ORIENTED_EDGE('',*,*,#2389,.F.);
#3048=ORIENTED_EDGE('',*,*,#2390,.F.);
#3049=ORIENTED_EDGE('',*,*,#2216,.F.);
#3050=ORIENTED_EDGE('',*,*,#2391,.T.);
#3051=ORIENTED_EDGE('',*,*,#2392,.F.);
#3052=ORIENTED_EDGE('',*,*,#2391,.F.);
#3053=ORIENTED_EDGE('',*,*,#2215,.F.);
#3054=ORIENTED_EDGE('',*,*,#2393,.T.);
#3055=ORIENTED_EDGE('',*,*,#2394,.F.);
#3056=ORIENTED_EDGE('',*,*,#2393,.F.);
#3057=ORIENTED_EDGE('',*,*,#2214,.F.);
#3058=ORIENTED_EDGE('',*,*,#2395,.F.);
#3059=ORIENTED_EDGE('',*,*,#2163,.T.);
#3060=ORIENTED_EDGE('',*,*,#2180,.T.);
#3061=ORIENTED_EDGE('',*,*,#2396,.T.);
#3062=ORIENTED_EDGE('',*,*,#2397,.T.);
#3063=ORIENTED_EDGE('',*,*,#2398,.T.);
#3064=ORIENTED_EDGE('',*,*,#2399,.T.);
#3065=ORIENTED_EDGE('',*,*,#2400,.T.);
#3066=ORIENTED_EDGE('',*,*,#2401,.T.);
#3067=ORIENTED_EDGE('',*,*,#2402,.T.);
#3068=ORIENTED_EDGE('',*,*,#2403,.T.);
#3069=ORIENTED_EDGE('',*,*,#2404,.T.);
#3070=ORIENTED_EDGE('',*,*,#2405,.T.);
#3071=ORIENTED_EDGE('',*,*,#2406,.T.);
#3072=ORIENTED_EDGE('',*,*,#2407,.T.);
#3073=ORIENTED_EDGE('',*,*,#2408,.T.);
#3074=ORIENTED_EDGE('',*,*,#2409,.T.);
#3075=ORIENTED_EDGE('',*,*,#2410,.T.);
#3076=ORIENTED_EDGE('',*,*,#2389,.T.);
#3077=ORIENTED_EDGE('',*,*,#2392,.T.);
#3078=ORIENTED_EDGE('',*,*,#2394,.T.);
#3079=ORIENTED_EDGE('',*,*,#2411,.T.);
#3080=ORIENTED_EDGE('',*,*,#2412,.T.);
#3081=ORIENTED_EDGE('',*,*,#2413,.T.);
#3082=ORIENTED_EDGE('',*,*,#2414,.T.);
#3083=ORIENTED_EDGE('',*,*,#2415,.T.);
#3084=ORIENTED_EDGE('',*,*,#2416,.T.);
#3085=ORIENTED_EDGE('',*,*,#2417,.T.);
#3086=ORIENTED_EDGE('',*,*,#2418,.T.);
#3087=ORIENTED_EDGE('',*,*,#2419,.T.);
#3088=ORIENTED_EDGE('',*,*,#2420,.T.);
#3089=ORIENTED_EDGE('',*,*,#2421,.T.);
#3090=ORIENTED_EDGE('',*,*,#2422,.T.);
#3091=ORIENTED_EDGE('',*,*,#2423,.T.);
#3092=ORIENTED_EDGE('',*,*,#2424,.T.);
#3093=ORIENTED_EDGE('',*,*,#2425,.T.);
#3094=ORIENTED_EDGE('',*,*,#2426,.T.);
#3095=ORIENTED_EDGE('',*,*,#2427,.T.);
#3096=ORIENTED_EDGE('',*,*,#2428,.T.);
#3097=ORIENTED_EDGE('',*,*,#2429,.T.);
#3098=ORIENTED_EDGE('',*,*,#2430,.T.);
#3099=ORIENTED_EDGE('',*,*,#2431,.T.);
#3100=ORIENTED_EDGE('',*,*,#2432,.T.);
#3101=ORIENTED_EDGE('',*,*,#2433,.T.);
#3102=ORIENTED_EDGE('',*,*,#2434,.T.);
#3103=ORIENTED_EDGE('',*,*,#2435,.T.);
#3104=ORIENTED_EDGE('',*,*,#2436,.T.);
#3105=ORIENTED_EDGE('',*,*,#2437,.T.);
#3106=ORIENTED_EDGE('',*,*,#2438,.T.);
#3107=ORIENTED_EDGE('',*,*,#2439,.T.);
#3108=ORIENTED_EDGE('',*,*,#2440,.T.);
#3109=ORIENTED_EDGE('',*,*,#2441,.T.);
#3110=ORIENTED_EDGE('',*,*,#2442,.T.);
#3111=ORIENTED_EDGE('',*,*,#2443,.T.);
#3112=ORIENTED_EDGE('',*,*,#2175,.T.);
#3113=ORIENTED_EDGE('',*,*,#2166,.T.);
#3114=ORIENTED_EDGE('',*,*,#2170,.T.);
#3115=ORIENTED_EDGE('',*,*,#2173,.T.);
#3116=ORIENTED_EDGE('',*,*,#2159,.T.);
#3117=ORIENTED_EDGE('',*,*,#2444,.T.);
#3118=ORIENTED_EDGE('',*,*,#2445,.T.);
#3119=ORIENTED_EDGE('',*,*,#2446,.T.);
#3120=ORIENTED_EDGE('',*,*,#2447,.T.);
#3121=ORIENTED_EDGE('',*,*,#2448,.T.);
#3122=ORIENTED_EDGE('',*,*,#2449,.T.);
#3123=ORIENTED_EDGE('',*,*,#2450,.T.);
#3124=ORIENTED_EDGE('',*,*,#2451,.T.);
#3125=ORIENTED_EDGE('',*,*,#2452,.T.);
#3126=ORIENTED_EDGE('',*,*,#2453,.T.);
#3127=ORIENTED_EDGE('',*,*,#2454,.T.);
#3128=ORIENTED_EDGE('',*,*,#2455,.T.);
#3129=ORIENTED_EDGE('',*,*,#2456,.T.);
#3130=ORIENTED_EDGE('',*,*,#2457,.T.);
#3131=ORIENTED_EDGE('',*,*,#2458,.T.);
#3132=ORIENTED_EDGE('',*,*,#2459,.T.);
#3133=ORIENTED_EDGE('',*,*,#2460,.F.);
#3134=ORIENTED_EDGE('',*,*,#2461,.T.);
#3135=ORIENTED_EDGE('',*,*,#2462,.T.);
#3136=ORIENTED_EDGE('',*,*,#2463,.T.);
#3137=ORIENTED_EDGE('',*,*,#2464,.T.);
#3138=ORIENTED_EDGE('',*,*,#2465,.T.);
#3139=ORIENTED_EDGE('',*,*,#2466,.T.);
#3140=ORIENTED_EDGE('',*,*,#2467,.T.);
#3141=ORIENTED_EDGE('',*,*,#2468,.T.);
#3142=ORIENTED_EDGE('',*,*,#2469,.T.);
#3143=ORIENTED_EDGE('',*,*,#2470,.T.);
#3144=ORIENTED_EDGE('',*,*,#2471,.T.);
#3145=ORIENTED_EDGE('',*,*,#2472,.T.);
#3146=ORIENTED_EDGE('',*,*,#2473,.T.);
#3147=ORIENTED_EDGE('',*,*,#2474,.T.);
#3148=ORIENTED_EDGE('',*,*,#2475,.T.);
#3149=ORIENTED_EDGE('',*,*,#2476,.T.);
#3150=ORIENTED_EDGE('',*,*,#2477,.F.);
#3151=ORIENTED_EDGE('',*,*,#2478,.T.);
#3152=ORIENTED_EDGE('',*,*,#2479,.T.);
#3153=ORIENTED_EDGE('',*,*,#2480,.T.);
#3154=ORIENTED_EDGE('',*,*,#2481,.T.);
#3155=ORIENTED_EDGE('',*,*,#2482,.T.);
#3156=ORIENTED_EDGE('',*,*,#2483,.T.);
#3157=ORIENTED_EDGE('',*,*,#2484,.T.);
#3158=ORIENTED_EDGE('',*,*,#2485,.T.);
#3159=ORIENTED_EDGE('',*,*,#2486,.T.);
#3160=ORIENTED_EDGE('',*,*,#2487,.T.);
#3161=ORIENTED_EDGE('',*,*,#2488,.T.);
#3162=ORIENTED_EDGE('',*,*,#2489,.T.);
#3163=ORIENTED_EDGE('',*,*,#2490,.T.);
#3164=ORIENTED_EDGE('',*,*,#2491,.T.);
#3165=ORIENTED_EDGE('',*,*,#2492,.T.);
#3166=ORIENTED_EDGE('',*,*,#2493,.T.);
#3167=ORIENTED_EDGE('',*,*,#2494,.T.);
#3168=ORIENTED_EDGE('',*,*,#2495,.T.);
#3169=ORIENTED_EDGE('',*,*,#2496,.T.);
#3170=ORIENTED_EDGE('',*,*,#2497,.T.);
#3171=ORIENTED_EDGE('',*,*,#2498,.T.);
#3172=ORIENTED_EDGE('',*,*,#2499,.T.);
#3173=ORIENTED_EDGE('',*,*,#2500,.T.);
#3174=ORIENTED_EDGE('',*,*,#2501,.T.);
#3175=ORIENTED_EDGE('',*,*,#2502,.F.);
#3176=ORIENTED_EDGE('',*,*,#2503,.T.);
#3177=ORIENTED_EDGE('',*,*,#2504,.T.);
#3178=ORIENTED_EDGE('',*,*,#2505,.T.);
#3179=ORIENTED_EDGE('',*,*,#2506,.T.);
#3180=ORIENTED_EDGE('',*,*,#2507,.T.);
#3181=ORIENTED_EDGE('',*,*,#2508,.T.);
#3182=ORIENTED_EDGE('',*,*,#2509,.T.);
#3183=ORIENTED_EDGE('',*,*,#2510,.T.);
#3184=ORIENTED_EDGE('',*,*,#2511,.T.);
#3185=ORIENTED_EDGE('',*,*,#2512,.T.);
#3186=ORIENTED_EDGE('',*,*,#2513,.T.);
#3187=ORIENTED_EDGE('',*,*,#2514,.T.);
#3188=ORIENTED_EDGE('',*,*,#2515,.T.);
#3189=ORIENTED_EDGE('',*,*,#2516,.T.);
#3190=ORIENTED_EDGE('',*,*,#2517,.T.);
#3191=ORIENTED_EDGE('',*,*,#2518,.T.);
#3192=ORIENTED_EDGE('',*,*,#2519,.T.);
#3193=ORIENTED_EDGE('',*,*,#2520,.T.);
#3194=ORIENTED_EDGE('',*,*,#2521,.T.);
#3195=ORIENTED_EDGE('',*,*,#2522,.T.);
#3196=ORIENTED_EDGE('',*,*,#2523,.T.);
#3197=ORIENTED_EDGE('',*,*,#2524,.T.);
#3198=ORIENTED_EDGE('',*,*,#2525,.T.);
#3199=ORIENTED_EDGE('',*,*,#2526,.T.);
#3200=ORIENTED_EDGE('',*,*,#2527,.T.);
#3201=ORIENTED_EDGE('',*,*,#2528,.T.);
#3202=ORIENTED_EDGE('',*,*,#2529,.T.);
#3203=ORIENTED_EDGE('',*,*,#2530,.T.);
#3204=ORIENTED_EDGE('',*,*,#2531,.T.);
#3205=ORIENTED_EDGE('',*,*,#2532,.T.);
#3206=ORIENTED_EDGE('',*,*,#2533,.T.);
#3207=ORIENTED_EDGE('',*,*,#2534,.T.);
#3208=ORIENTED_EDGE('',*,*,#2535,.T.);
#3209=ORIENTED_EDGE('',*,*,#2536,.T.);
#3210=ORIENTED_EDGE('',*,*,#2537,.T.);
#3211=ORIENTED_EDGE('',*,*,#2538,.T.);
#3212=ORIENTED_EDGE('',*,*,#2539,.T.);
#3213=ORIENTED_EDGE('',*,*,#2540,.T.);
#3214=ORIENTED_EDGE('',*,*,#2541,.T.);
#3215=ORIENTED_EDGE('',*,*,#2542,.T.);
#3216=ORIENTED_EDGE('',*,*,#2543,.F.);
#3217=ORIENTED_EDGE('',*,*,#2544,.T.);
#3218=ORIENTED_EDGE('',*,*,#2545,.T.);
#3219=ORIENTED_EDGE('',*,*,#2546,.T.);
#3220=ORIENTED_EDGE('',*,*,#2547,.T.);
#3221=ORIENTED_EDGE('',*,*,#2548,.T.);
#3222=ORIENTED_EDGE('',*,*,#2549,.T.);
#3223=ORIENTED_EDGE('',*,*,#2550,.T.);
#3224=ORIENTED_EDGE('',*,*,#2551,.T.);
#3225=ORIENTED_EDGE('',*,*,#2552,.T.);
#3226=ORIENTED_EDGE('',*,*,#2553,.T.);
#3227=ORIENTED_EDGE('',*,*,#2554,.T.);
#3228=ORIENTED_EDGE('',*,*,#2555,.T.);
#3229=ORIENTED_EDGE('',*,*,#2556,.T.);
#3230=ORIENTED_EDGE('',*,*,#2557,.T.);
#3231=ORIENTED_EDGE('',*,*,#2558,.T.);
#3232=ORIENTED_EDGE('',*,*,#2559,.T.);
#3233=ORIENTED_EDGE('',*,*,#2560,.T.);
#3234=ORIENTED_EDGE('',*,*,#2561,.T.);
#3235=ORIENTED_EDGE('',*,*,#2562,.T.);
#3236=ORIENTED_EDGE('',*,*,#2563,.T.);
#3237=ORIENTED_EDGE('',*,*,#2564,.T.);
#3238=ORIENTED_EDGE('',*,*,#2565,.T.);
#3239=ORIENTED_EDGE('',*,*,#2566,.T.);
#3240=ORIENTED_EDGE('',*,*,#2567,.T.);
#3241=ORIENTED_EDGE('',*,*,#2568,.T.);
#3242=ORIENTED_EDGE('',*,*,#2569,.T.);
#3243=ORIENTED_EDGE('',*,*,#2570,.T.);
#3244=ORIENTED_EDGE('',*,*,#2571,.T.);
#3245=ORIENTED_EDGE('',*,*,#2572,.T.);
#3246=ORIENTED_EDGE('',*,*,#2573,.T.);
#3247=ORIENTED_EDGE('',*,*,#2574,.T.);
#3248=ORIENTED_EDGE('',*,*,#2575,.T.);
#3249=ORIENTED_EDGE('',*,*,#2576,.T.);
#3250=ORIENTED_EDGE('',*,*,#2577,.T.);
#3251=ORIENTED_EDGE('',*,*,#2578,.T.);
#3252=ORIENTED_EDGE('',*,*,#2579,.T.);
#3253=ORIENTED_EDGE('',*,*,#2580,.T.);
#3254=ORIENTED_EDGE('',*,*,#2581,.T.);
#3255=ORIENTED_EDGE('',*,*,#2582,.T.);
#3256=ORIENTED_EDGE('',*,*,#2583,.T.);
#3257=ORIENTED_EDGE('',*,*,#2584,.T.);
#3258=ORIENTED_EDGE('',*,*,#2585,.T.);
#3259=ORIENTED_EDGE('',*,*,#2586,.T.);
#3260=ORIENTED_EDGE('',*,*,#2587,.T.);
#3261=ORIENTED_EDGE('',*,*,#2588,.T.);
#3262=ORIENTED_EDGE('',*,*,#2589,.T.);
#3263=ORIENTED_EDGE('',*,*,#2590,.T.);
#3264=ORIENTED_EDGE('',*,*,#2591,.T.);
#3265=ORIENTED_EDGE('',*,*,#2592,.T.);
#3266=ORIENTED_EDGE('',*,*,#2593,.T.);
#3267=ORIENTED_EDGE('',*,*,#2594,.T.);
#3268=ORIENTED_EDGE('',*,*,#2595,.T.);
#3269=ORIENTED_EDGE('',*,*,#2596,.T.);
#3270=ORIENTED_EDGE('',*,*,#2597,.T.);
#3271=ORIENTED_EDGE('',*,*,#2598,.T.);
#3272=ORIENTED_EDGE('',*,*,#2599,.T.);
#3273=ORIENTED_EDGE('',*,*,#2600,.F.);
#3274=ORIENTED_EDGE('',*,*,#2395,.T.);
#3275=ORIENTED_EDGE('',*,*,#2213,.T.);
#3276=ORIENTED_EDGE('',*,*,#2601,.F.);
#3277=ORIENTED_EDGE('',*,*,#2411,.F.);
#3278=ORIENTED_EDGE('',*,*,#2602,.T.);
#3279=ORIENTED_EDGE('',*,*,#2204,.T.);
#3280=ORIENTED_EDGE('',*,*,#2603,.F.);
#3281=ORIENTED_EDGE('',*,*,#2420,.F.);
#3282=ORIENTED_EDGE('',*,*,#2604,.T.);
#3283=ORIENTED_EDGE('',*,*,#2205,.T.);
#3284=ORIENTED_EDGE('',*,*,#2602,.F.);
#3285=ORIENTED_EDGE('',*,*,#2419,.F.);
#3286=ORIENTED_EDGE('',*,*,#2603,.T.);
#3287=ORIENTED_EDGE('',*,*,#2203,.T.);
#3288=ORIENTED_EDGE('',*,*,#2605,.F.);
#3289=ORIENTED_EDGE('',*,*,#2421,.F.);
#3290=ORIENTED_EDGE('',*,*,#2606,.T.);
#3291=ORIENTED_EDGE('',*,*,#2206,.T.);
#3292=ORIENTED_EDGE('',*,*,#2604,.F.);
#3293=ORIENTED_EDGE('',*,*,#2418,.F.);
#3294=ORIENTED_EDGE('',*,*,#2605,.T.);
#3295=ORIENTED_EDGE('',*,*,#2202,.T.);
#3296=ORIENTED_EDGE('',*,*,#2607,.F.);
#3297=ORIENTED_EDGE('',*,*,#2422,.F.);
#3298=ORIENTED_EDGE('',*,*,#2608,.T.);
#3299=ORIENTED_EDGE('',*,*,#2207,.T.);
#3300=ORIENTED_EDGE('',*,*,#2606,.F.);
#3301=ORIENTED_EDGE('',*,*,#2417,.F.);
#3302=ORIENTED_EDGE('',*,*,#2607,.T.);
#3303=ORIENTED_EDGE('',*,*,#2201,.T.);
#3304=ORIENTED_EDGE('',*,*,#2609,.F.);
#3305=ORIENTED_EDGE('',*,*,#2423,.F.);
#3306=ORIENTED_EDGE('',*,*,#2610,.T.);
#3307=ORIENTED_EDGE('',*,*,#2208,.T.);
#3308=ORIENTED_EDGE('',*,*,#2608,.F.);
#3309=ORIENTED_EDGE('',*,*,#2416,.F.);
#3310=ORIENTED_EDGE('',*,*,#2609,.T.);
#3311=ORIENTED_EDGE('',*,*,#2200,.T.);
#3312=ORIENTED_EDGE('',*,*,#2611,.F.);
#3313=ORIENTED_EDGE('',*,*,#2424,.F.);
#3314=ORIENTED_EDGE('',*,*,#2612,.T.);
#3315=ORIENTED_EDGE('',*,*,#2209,.T.);
#3316=ORIENTED_EDGE('',*,*,#2610,.F.);
#3317=ORIENTED_EDGE('',*,*,#2415,.F.);
#3318=ORIENTED_EDGE('',*,*,#2611,.T.);
#3319=ORIENTED_EDGE('',*,*,#2199,.T.);
#3320=ORIENTED_EDGE('',*,*,#2613,.F.);
#3321=ORIENTED_EDGE('',*,*,#2425,.F.);
#3322=ORIENTED_EDGE('',*,*,#2614,.T.);
#3323=ORIENTED_EDGE('',*,*,#2210,.T.);
#3324=ORIENTED_EDGE('',*,*,#2612,.F.);
#3325=ORIENTED_EDGE('',*,*,#2414,.F.);
#3326=ORIENTED_EDGE('',*,*,#2613,.T.);
#3327=ORIENTED_EDGE('',*,*,#2198,.T.);
#3328=ORIENTED_EDGE('',*,*,#2615,.F.);
#3329=ORIENTED_EDGE('',*,*,#2426,.F.);
#3330=ORIENTED_EDGE('',*,*,#2616,.T.);
#3331=ORIENTED_EDGE('',*,*,#2211,.T.);
#3332=ORIENTED_EDGE('',*,*,#2614,.F.);
#3333=ORIENTED_EDGE('',*,*,#2413,.F.);
#3334=ORIENTED_EDGE('',*,*,#2615,.T.);
#3335=ORIENTED_EDGE('',*,*,#2197,.T.);
#3336=ORIENTED_EDGE('',*,*,#2617,.F.);
#3337=ORIENTED_EDGE('',*,*,#2427,.F.);
#3338=ORIENTED_EDGE('',*,*,#2601,.T.);
#3339=ORIENTED_EDGE('',*,*,#2212,.T.);
#3340=ORIENTED_EDGE('',*,*,#2616,.F.);
#3341=ORIENTED_EDGE('',*,*,#2412,.F.);
#3342=ORIENTED_EDGE('',*,*,#2617,.T.);
#3343=ORIENTED_EDGE('',*,*,#2196,.T.);
#3344=ORIENTED_EDGE('',*,*,#2618,.F.);
#3345=ORIENTED_EDGE('',*,*,#2428,.F.);
#3346=ORIENTED_EDGE('',*,*,#2618,.T.);
#3347=ORIENTED_EDGE('',*,*,#2195,.T.);
#3348=ORIENTED_EDGE('',*,*,#2619,.F.);
#3349=ORIENTED_EDGE('',*,*,#2429,.F.);
#3350=ORIENTED_EDGE('',*,*,#2619,.T.);
#3351=ORIENTED_EDGE('',*,*,#2194,.T.);
#3352=ORIENTED_EDGE('',*,*,#2620,.F.);
#3353=ORIENTED_EDGE('',*,*,#2430,.F.);
#3354=ORIENTED_EDGE('',*,*,#2390,.T.);
#3355=ORIENTED_EDGE('',*,*,#2410,.F.);
#3356=ORIENTED_EDGE('',*,*,#2621,.T.);
#3357=ORIENTED_EDGE('',*,*,#2217,.T.);
#3358=ORIENTED_EDGE('',*,*,#2620,.T.);
#3359=ORIENTED_EDGE('',*,*,#2193,.T.);
#3360=ORIENTED_EDGE('',*,*,#2622,.F.);
#3361=ORIENTED_EDGE('',*,*,#2431,.F.);
#3362=ORIENTED_EDGE('',*,*,#2623,.T.);
#3363=ORIENTED_EDGE('',*,*,#2218,.T.);
#3364=ORIENTED_EDGE('',*,*,#2621,.F.);
#3365=ORIENTED_EDGE('',*,*,#2409,.F.);
#3366=ORIENTED_EDGE('',*,*,#2622,.T.);
#3367=ORIENTED_EDGE('',*,*,#2192,.T.);
#3368=ORIENTED_EDGE('',*,*,#2624,.F.);
#3369=ORIENTED_EDGE('',*,*,#2432,.F.);
#3370=ORIENTED_EDGE('',*,*,#2625,.T.);
#3371=ORIENTED_EDGE('',*,*,#2219,.T.);
#3372=ORIENTED_EDGE('',*,*,#2623,.F.);
#3373=ORIENTED_EDGE('',*,*,#2408,.F.);
#3374=ORIENTED_EDGE('',*,*,#2624,.T.);
#3375=ORIENTED_EDGE('',*,*,#2191,.T.);
#3376=ORIENTED_EDGE('',*,*,#2626,.F.);
#3377=ORIENTED_EDGE('',*,*,#2433,.F.);
#3378=ORIENTED_EDGE('',*,*,#2627,.T.);
#3379=ORIENTED_EDGE('',*,*,#2220,.T.);
#3380=ORIENTED_EDGE('',*,*,#2625,.F.);
#3381=ORIENTED_EDGE('',*,*,#2407,.F.);
#3382=ORIENTED_EDGE('',*,*,#2626,.T.);
#3383=ORIENTED_EDGE('',*,*,#2190,.T.);
#3384=ORIENTED_EDGE('',*,*,#2628,.F.);
#3385=ORIENTED_EDGE('',*,*,#2434,.F.);
#3386=ORIENTED_EDGE('',*,*,#2629,.T.);
#3387=ORIENTED_EDGE('',*,*,#2221,.T.);
#3388=ORIENTED_EDGE('',*,*,#2627,.F.);
#3389=ORIENTED_EDGE('',*,*,#2406,.F.);
#3390=ORIENTED_EDGE('',*,*,#2628,.T.);
#3391=ORIENTED_EDGE('',*,*,#2189,.T.);
#3392=ORIENTED_EDGE('',*,*,#2630,.F.);
#3393=ORIENTED_EDGE('',*,*,#2435,.F.);
#3394=ORIENTED_EDGE('',*,*,#2631,.T.);
#3395=ORIENTED_EDGE('',*,*,#2222,.T.);
#3396=ORIENTED_EDGE('',*,*,#2629,.F.);
#3397=ORIENTED_EDGE('',*,*,#2405,.F.);
#3398=ORIENTED_EDGE('',*,*,#2630,.T.);
#3399=ORIENTED_EDGE('',*,*,#2188,.T.);
#3400=ORIENTED_EDGE('',*,*,#2632,.F.);
#3401=ORIENTED_EDGE('',*,*,#2436,.F.);
#3402=ORIENTED_EDGE('',*,*,#2633,.T.);
#3403=ORIENTED_EDGE('',*,*,#2223,.T.);
#3404=ORIENTED_EDGE('',*,*,#2631,.F.);
#3405=ORIENTED_EDGE('',*,*,#2404,.F.);
#3406=ORIENTED_EDGE('',*,*,#2632,.T.);
#3407=ORIENTED_EDGE('',*,*,#2187,.T.);
#3408=ORIENTED_EDGE('',*,*,#2634,.F.);
#3409=ORIENTED_EDGE('',*,*,#2437,.F.);
#3410=ORIENTED_EDGE('',*,*,#2635,.T.);
#3411=ORIENTED_EDGE('',*,*,#2224,.T.);
#3412=ORIENTED_EDGE('',*,*,#2633,.F.);
#3413=ORIENTED_EDGE('',*,*,#2403,.F.);
#3414=ORIENTED_EDGE('',*,*,#2634,.T.);
#3415=ORIENTED_EDGE('',*,*,#2186,.T.);
#3416=ORIENTED_EDGE('',*,*,#2636,.F.);
#3417=ORIENTED_EDGE('',*,*,#2438,.F.);
#3418=ORIENTED_EDGE('',*,*,#2637,.T.);
#3419=ORIENTED_EDGE('',*,*,#2225,.T.);
#3420=ORIENTED_EDGE('',*,*,#2635,.F.);
#3421=ORIENTED_EDGE('',*,*,#2402,.F.);
#3422=ORIENTED_EDGE('',*,*,#2636,.T.);
#3423=ORIENTED_EDGE('',*,*,#2185,.T.);
#3424=ORIENTED_EDGE('',*,*,#2638,.F.);
#3425=ORIENTED_EDGE('',*,*,#2439,.F.);
#3426=ORIENTED_EDGE('',*,*,#2639,.T.);
#3427=ORIENTED_EDGE('',*,*,#2226,.T.);
#3428=ORIENTED_EDGE('',*,*,#2637,.F.);
#3429=ORIENTED_EDGE('',*,*,#2401,.F.);
#3430=ORIENTED_EDGE('',*,*,#2638,.T.);
#3431=ORIENTED_EDGE('',*,*,#2184,.T.);
#3432=ORIENTED_EDGE('',*,*,#2640,.F.);
#3433=ORIENTED_EDGE('',*,*,#2440,.F.);
#3434=ORIENTED_EDGE('',*,*,#2641,.T.);
#3435=ORIENTED_EDGE('',*,*,#2227,.T.);
#3436=ORIENTED_EDGE('',*,*,#2639,.F.);
#3437=ORIENTED_EDGE('',*,*,#2400,.F.);
#3438=ORIENTED_EDGE('',*,*,#2640,.T.);
#3439=ORIENTED_EDGE('',*,*,#2183,.T.);
#3440=ORIENTED_EDGE('',*,*,#2642,.F.);
#3441=ORIENTED_EDGE('',*,*,#2441,.F.);
#3442=ORIENTED_EDGE('',*,*,#2643,.T.);
#3443=ORIENTED_EDGE('',*,*,#2228,.T.);
#3444=ORIENTED_EDGE('',*,*,#2641,.F.);
#3445=ORIENTED_EDGE('',*,*,#2399,.F.);
#3446=ORIENTED_EDGE('',*,*,#2642,.T.);
#3447=ORIENTED_EDGE('',*,*,#2182,.T.);
#3448=ORIENTED_EDGE('',*,*,#2644,.F.);
#3449=ORIENTED_EDGE('',*,*,#2442,.F.);
#3450=ORIENTED_EDGE('',*,*,#2645,.T.);
#3451=ORIENTED_EDGE('',*,*,#2229,.T.);
#3452=ORIENTED_EDGE('',*,*,#2643,.F.);
#3453=ORIENTED_EDGE('',*,*,#2398,.F.);
#3454=ORIENTED_EDGE('',*,*,#2644,.T.);
#3455=ORIENTED_EDGE('',*,*,#2181,.T.);
#3456=ORIENTED_EDGE('',*,*,#2176,.F.);
#3457=ORIENTED_EDGE('',*,*,#2443,.F.);
#3458=ORIENTED_EDGE('',*,*,#2646,.T.);
#3459=ORIENTED_EDGE('',*,*,#2230,.T.);
#3460=ORIENTED_EDGE('',*,*,#2645,.F.);
#3461=ORIENTED_EDGE('',*,*,#2397,.F.);
#3462=ORIENTED_EDGE('',*,*,#2179,.T.);
#3463=ORIENTED_EDGE('',*,*,#2231,.T.);
#3464=ORIENTED_EDGE('',*,*,#2646,.F.);
#3465=ORIENTED_EDGE('',*,*,#2396,.F.);
#3466=ORIENTED_EDGE('',*,*,#2647,.T.);
#3467=ORIENTED_EDGE('',*,*,#2232,.T.);
#3468=ORIENTED_EDGE('',*,*,#2648,.F.);
#3469=ORIENTED_EDGE('',*,*,#2444,.F.);
#3470=ORIENTED_EDGE('',*,*,#2649,.T.);
#3471=ORIENTED_EDGE('',*,*,#2233,.T.);
#3472=ORIENTED_EDGE('',*,*,#2647,.F.);
#3473=ORIENTED_EDGE('',*,*,#2451,.F.);
#3474=ORIENTED_EDGE('',*,*,#2648,.T.);
#3475=ORIENTED_EDGE('',*,*,#2239,.T.);
#3476=ORIENTED_EDGE('',*,*,#2650,.F.);
#3477=ORIENTED_EDGE('',*,*,#2445,.F.);
#3478=ORIENTED_EDGE('',*,*,#2651,.T.);
#3479=ORIENTED_EDGE('',*,*,#2234,.T.);
#3480=ORIENTED_EDGE('',*,*,#2649,.F.);
#3481=ORIENTED_EDGE('',*,*,#2450,.F.);
#3482=ORIENTED_EDGE('',*,*,#2650,.T.);
#3483=ORIENTED_EDGE('',*,*,#2238,.T.);
#3484=ORIENTED_EDGE('',*,*,#2652,.F.);
#3485=ORIENTED_EDGE('',*,*,#2446,.F.);
#3486=ORIENTED_EDGE('',*,*,#2653,.T.);
#3487=ORIENTED_EDGE('',*,*,#2235,.T.);
#3488=ORIENTED_EDGE('',*,*,#2651,.F.);
#3489=ORIENTED_EDGE('',*,*,#2449,.F.);
#3490=ORIENTED_EDGE('',*,*,#2652,.T.);
#3491=ORIENTED_EDGE('',*,*,#2237,.T.);
#3492=ORIENTED_EDGE('',*,*,#2654,.F.);
#3493=ORIENTED_EDGE('',*,*,#2447,.F.);
#3494=ORIENTED_EDGE('',*,*,#2654,.T.);
#3495=ORIENTED_EDGE('',*,*,#2236,.T.);
#3496=ORIENTED_EDGE('',*,*,#2653,.F.);
#3497=ORIENTED_EDGE('',*,*,#2448,.F.);
#3498=ORIENTED_EDGE('',*,*,#2655,.T.);
#3499=ORIENTED_EDGE('',*,*,#2240,.T.);
#3500=ORIENTED_EDGE('',*,*,#2656,.F.);
#3501=ORIENTED_EDGE('',*,*,#2452,.F.);
#3502=ORIENTED_EDGE('',*,*,#2657,.T.);
#3503=ORIENTED_EDGE('',*,*,#2241,.T.);
#3504=ORIENTED_EDGE('',*,*,#2655,.F.);
#3505=ORIENTED_EDGE('',*,*,#2459,.F.);
#3506=ORIENTED_EDGE('',*,*,#2656,.T.);
#3507=ORIENTED_EDGE('',*,*,#2247,.T.);
#3508=ORIENTED_EDGE('',*,*,#2658,.F.);
#3509=ORIENTED_EDGE('',*,*,#2453,.F.);
#3510=ORIENTED_EDGE('',*,*,#2659,.T.);
#3511=ORIENTED_EDGE('',*,*,#2242,.T.);
#3512=ORIENTED_EDGE('',*,*,#2657,.F.);
#3513=ORIENTED_EDGE('',*,*,#2458,.F.);
#3514=ORIENTED_EDGE('',*,*,#2658,.T.);
#3515=ORIENTED_EDGE('',*,*,#2246,.T.);
#3516=ORIENTED_EDGE('',*,*,#2660,.F.);
#3517=ORIENTED_EDGE('',*,*,#2454,.F.);
#3518=ORIENTED_EDGE('',*,*,#2661,.T.);
#3519=ORIENTED_EDGE('',*,*,#2243,.T.);
#3520=ORIENTED_EDGE('',*,*,#2659,.F.);
#3521=ORIENTED_EDGE('',*,*,#2457,.F.);
#3522=ORIENTED_EDGE('',*,*,#2660,.T.);
#3523=ORIENTED_EDGE('',*,*,#2245,.T.);
#3524=ORIENTED_EDGE('',*,*,#2662,.F.);
#3525=ORIENTED_EDGE('',*,*,#2455,.F.);
#3526=ORIENTED_EDGE('',*,*,#2662,.T.);
#3527=ORIENTED_EDGE('',*,*,#2244,.T.);
#3528=ORIENTED_EDGE('',*,*,#2661,.F.);
#3529=ORIENTED_EDGE('',*,*,#2456,.F.);
#3530=ORIENTED_EDGE('',*,*,#2248,.F.);
#3531=ORIENTED_EDGE('',*,*,#2663,.T.);
#3532=ORIENTED_EDGE('',*,*,#2460,.T.);
#3533=ORIENTED_EDGE('',*,*,#2663,.F.);
#3534=ORIENTED_EDGE('',*,*,#2664,.T.);
#3535=ORIENTED_EDGE('',*,*,#2249,.T.);
#3536=ORIENTED_EDGE('',*,*,#2665,.F.);
#3537=ORIENTED_EDGE('',*,*,#2461,.F.);
#3538=ORIENTED_EDGE('',*,*,#2666,.T.);
#3539=ORIENTED_EDGE('',*,*,#2250,.T.);
#3540=ORIENTED_EDGE('',*,*,#2664,.F.);
#3541=ORIENTED_EDGE('',*,*,#2468,.F.);
#3542=ORIENTED_EDGE('',*,*,#2665,.T.);
#3543=ORIENTED_EDGE('',*,*,#2256,.T.);
#3544=ORIENTED_EDGE('',*,*,#2667,.F.);
#3545=ORIENTED_EDGE('',*,*,#2462,.F.);
#3546=ORIENTED_EDGE('',*,*,#2668,.T.);
#3547=ORIENTED_EDGE('',*,*,#2251,.T.);
#3548=ORIENTED_EDGE('',*,*,#2666,.F.);
#3549=ORIENTED_EDGE('',*,*,#2467,.F.);
#3550=ORIENTED_EDGE('',*,*,#2667,.T.);
#3551=ORIENTED_EDGE('',*,*,#2255,.T.);
#3552=ORIENTED_EDGE('',*,*,#2669,.F.);
#3553=ORIENTED_EDGE('',*,*,#2463,.F.);
#3554=ORIENTED_EDGE('',*,*,#2670,.T.);
#3555=ORIENTED_EDGE('',*,*,#2252,.T.);
#3556=ORIENTED_EDGE('',*,*,#2668,.F.);
#3557=ORIENTED_EDGE('',*,*,#2466,.F.);
#3558=ORIENTED_EDGE('',*,*,#2669,.T.);
#3559=ORIENTED_EDGE('',*,*,#2254,.T.);
#3560=ORIENTED_EDGE('',*,*,#2671,.F.);
#3561=ORIENTED_EDGE('',*,*,#2464,.F.);
#3562=ORIENTED_EDGE('',*,*,#2671,.T.);
#3563=ORIENTED_EDGE('',*,*,#2253,.T.);
#3564=ORIENTED_EDGE('',*,*,#2670,.F.);
#3565=ORIENTED_EDGE('',*,*,#2465,.F.);
#3566=ORIENTED_EDGE('',*,*,#2672,.T.);
#3567=ORIENTED_EDGE('',*,*,#2257,.T.);
#3568=ORIENTED_EDGE('',*,*,#2673,.F.);
#3569=ORIENTED_EDGE('',*,*,#2469,.F.);
#3570=ORIENTED_EDGE('',*,*,#2674,.T.);
#3571=ORIENTED_EDGE('',*,*,#2258,.T.);
#3572=ORIENTED_EDGE('',*,*,#2672,.F.);
#3573=ORIENTED_EDGE('',*,*,#2476,.F.);
#3574=ORIENTED_EDGE('',*,*,#2673,.T.);
#3575=ORIENTED_EDGE('',*,*,#2264,.T.);
#3576=ORIENTED_EDGE('',*,*,#2675,.F.);
#3577=ORIENTED_EDGE('',*,*,#2470,.F.);
#3578=ORIENTED_EDGE('',*,*,#2676,.T.);
#3579=ORIENTED_EDGE('',*,*,#2259,.T.);
#3580=ORIENTED_EDGE('',*,*,#2674,.F.);
#3581=ORIENTED_EDGE('',*,*,#2475,.F.);
#3582=ORIENTED_EDGE('',*,*,#2675,.T.);
#3583=ORIENTED_EDGE('',*,*,#2263,.T.);
#3584=ORIENTED_EDGE('',*,*,#2677,.F.);
#3585=ORIENTED_EDGE('',*,*,#2471,.F.);
#3586=ORIENTED_EDGE('',*,*,#2678,.T.);
#3587=ORIENTED_EDGE('',*,*,#2260,.T.);
#3588=ORIENTED_EDGE('',*,*,#2676,.F.);
#3589=ORIENTED_EDGE('',*,*,#2474,.F.);
#3590=ORIENTED_EDGE('',*,*,#2677,.T.);
#3591=ORIENTED_EDGE('',*,*,#2262,.T.);
#3592=ORIENTED_EDGE('',*,*,#2679,.F.);
#3593=ORIENTED_EDGE('',*,*,#2472,.F.);
#3594=ORIENTED_EDGE('',*,*,#2679,.T.);
#3595=ORIENTED_EDGE('',*,*,#2261,.T.);
#3596=ORIENTED_EDGE('',*,*,#2678,.F.);
#3597=ORIENTED_EDGE('',*,*,#2473,.F.);
#3598=ORIENTED_EDGE('',*,*,#2265,.F.);
#3599=ORIENTED_EDGE('',*,*,#2680,.T.);
#3600=ORIENTED_EDGE('',*,*,#2477,.T.);
#3601=ORIENTED_EDGE('',*,*,#2680,.F.);
#3602=ORIENTED_EDGE('',*,*,#2681,.T.);
#3603=ORIENTED_EDGE('',*,*,#2266,.T.);
#3604=ORIENTED_EDGE('',*,*,#2682,.F.);
#3605=ORIENTED_EDGE('',*,*,#2478,.F.);
#3606=ORIENTED_EDGE('',*,*,#2683,.T.);
#3607=ORIENTED_EDGE('',*,*,#2267,.T.);
#3608=ORIENTED_EDGE('',*,*,#2681,.F.);
#3609=ORIENTED_EDGE('',*,*,#2485,.F.);
#3610=ORIENTED_EDGE('',*,*,#2682,.T.);
#3611=ORIENTED_EDGE('',*,*,#2273,.T.);
#3612=ORIENTED_EDGE('',*,*,#2684,.F.);
#3613=ORIENTED_EDGE('',*,*,#2479,.F.);
#3614=ORIENTED_EDGE('',*,*,#2685,.T.);
#3615=ORIENTED_EDGE('',*,*,#2268,.T.);
#3616=ORIENTED_EDGE('',*,*,#2683,.F.);
#3617=ORIENTED_EDGE('',*,*,#2484,.F.);
#3618=ORIENTED_EDGE('',*,*,#2684,.T.);
#3619=ORIENTED_EDGE('',*,*,#2272,.T.);
#3620=ORIENTED_EDGE('',*,*,#2686,.F.);
#3621=ORIENTED_EDGE('',*,*,#2480,.F.);
#3622=ORIENTED_EDGE('',*,*,#2687,.T.);
#3623=ORIENTED_EDGE('',*,*,#2269,.T.);
#3624=ORIENTED_EDGE('',*,*,#2685,.F.);
#3625=ORIENTED_EDGE('',*,*,#2483,.F.);
#3626=ORIENTED_EDGE('',*,*,#2686,.T.);
#3627=ORIENTED_EDGE('',*,*,#2271,.T.);
#3628=ORIENTED_EDGE('',*,*,#2688,.F.);
#3629=ORIENTED_EDGE('',*,*,#2481,.F.);
#3630=ORIENTED_EDGE('',*,*,#2688,.T.);
#3631=ORIENTED_EDGE('',*,*,#2270,.T.);
#3632=ORIENTED_EDGE('',*,*,#2687,.F.);
#3633=ORIENTED_EDGE('',*,*,#2482,.F.);
#3634=ORIENTED_EDGE('',*,*,#2689,.T.);
#3635=ORIENTED_EDGE('',*,*,#2274,.T.);
#3636=ORIENTED_EDGE('',*,*,#2690,.F.);
#3637=ORIENTED_EDGE('',*,*,#2486,.F.);
#3638=ORIENTED_EDGE('',*,*,#2691,.T.);
#3639=ORIENTED_EDGE('',*,*,#2275,.T.);
#3640=ORIENTED_EDGE('',*,*,#2689,.F.);
#3641=ORIENTED_EDGE('',*,*,#2493,.F.);
#3642=ORIENTED_EDGE('',*,*,#2690,.T.);
#3643=ORIENTED_EDGE('',*,*,#2281,.T.);
#3644=ORIENTED_EDGE('',*,*,#2692,.F.);
#3645=ORIENTED_EDGE('',*,*,#2487,.F.);
#3646=ORIENTED_EDGE('',*,*,#2693,.T.);
#3647=ORIENTED_EDGE('',*,*,#2276,.T.);
#3648=ORIENTED_EDGE('',*,*,#2691,.F.);
#3649=ORIENTED_EDGE('',*,*,#2492,.F.);
#3650=ORIENTED_EDGE('',*,*,#2692,.T.);
#3651=ORIENTED_EDGE('',*,*,#2280,.T.);
#3652=ORIENTED_EDGE('',*,*,#2694,.F.);
#3653=ORIENTED_EDGE('',*,*,#2488,.F.);
#3654=ORIENTED_EDGE('',*,*,#2695,.T.);
#3655=ORIENTED_EDGE('',*,*,#2277,.T.);
#3656=ORIENTED_EDGE('',*,*,#2693,.F.);
#3657=ORIENTED_EDGE('',*,*,#2491,.F.);
#3658=ORIENTED_EDGE('',*,*,#2694,.T.);
#3659=ORIENTED_EDGE('',*,*,#2279,.T.);
#3660=ORIENTED_EDGE('',*,*,#2696,.F.);
#3661=ORIENTED_EDGE('',*,*,#2489,.F.);
#3662=ORIENTED_EDGE('',*,*,#2696,.T.);
#3663=ORIENTED_EDGE('',*,*,#2278,.T.);
#3664=ORIENTED_EDGE('',*,*,#2695,.F.);
#3665=ORIENTED_EDGE('',*,*,#2490,.F.);
#3666=ORIENTED_EDGE('',*,*,#2697,.T.);
#3667=ORIENTED_EDGE('',*,*,#2282,.T.);
#3668=ORIENTED_EDGE('',*,*,#2698,.F.);
#3669=ORIENTED_EDGE('',*,*,#2494,.F.);
#3670=ORIENTED_EDGE('',*,*,#2699,.T.);
#3671=ORIENTED_EDGE('',*,*,#2283,.T.);
#3672=ORIENTED_EDGE('',*,*,#2697,.F.);
#3673=ORIENTED_EDGE('',*,*,#2501,.F.);
#3674=ORIENTED_EDGE('',*,*,#2698,.T.);
#3675=ORIENTED_EDGE('',*,*,#2289,.T.);
#3676=ORIENTED_EDGE('',*,*,#2700,.F.);
#3677=ORIENTED_EDGE('',*,*,#2495,.F.);
#3678=ORIENTED_EDGE('',*,*,#2701,.T.);
#3679=ORIENTED_EDGE('',*,*,#2284,.T.);
#3680=ORIENTED_EDGE('',*,*,#2699,.F.);
#3681=ORIENTED_EDGE('',*,*,#2500,.F.);
#3682=ORIENTED_EDGE('',*,*,#2700,.T.);
#3683=ORIENTED_EDGE('',*,*,#2288,.T.);
#3684=ORIENTED_EDGE('',*,*,#2702,.F.);
#3685=ORIENTED_EDGE('',*,*,#2496,.F.);
#3686=ORIENTED_EDGE('',*,*,#2703,.T.);
#3687=ORIENTED_EDGE('',*,*,#2285,.T.);
#3688=ORIENTED_EDGE('',*,*,#2701,.F.);
#3689=ORIENTED_EDGE('',*,*,#2499,.F.);
#3690=ORIENTED_EDGE('',*,*,#2702,.T.);
#3691=ORIENTED_EDGE('',*,*,#2287,.T.);
#3692=ORIENTED_EDGE('',*,*,#2704,.F.);
#3693=ORIENTED_EDGE('',*,*,#2497,.F.);
#3694=ORIENTED_EDGE('',*,*,#2704,.T.);
#3695=ORIENTED_EDGE('',*,*,#2286,.T.);
#3696=ORIENTED_EDGE('',*,*,#2703,.F.);
#3697=ORIENTED_EDGE('',*,*,#2498,.F.);
#3698=ORIENTED_EDGE('',*,*,#2290,.F.);
#3699=ORIENTED_EDGE('',*,*,#2705,.T.);
#3700=ORIENTED_EDGE('',*,*,#2502,.T.);
#3701=ORIENTED_EDGE('',*,*,#2705,.F.);
#3702=ORIENTED_EDGE('',*,*,#2706,.T.);
#3703=ORIENTED_EDGE('',*,*,#2291,.T.);
#3704=ORIENTED_EDGE('',*,*,#2707,.F.);
#3705=ORIENTED_EDGE('',*,*,#2503,.F.);
#3706=ORIENTED_EDGE('',*,*,#2708,.T.);
#3707=ORIENTED_EDGE('',*,*,#2292,.T.);
#3708=ORIENTED_EDGE('',*,*,#2706,.F.);
#3709=ORIENTED_EDGE('',*,*,#2510,.F.);
#3710=ORIENTED_EDGE('',*,*,#2707,.T.);
#3711=ORIENTED_EDGE('',*,*,#2298,.T.);
#3712=ORIENTED_EDGE('',*,*,#2709,.F.);
#3713=ORIENTED_EDGE('',*,*,#2504,.F.);
#3714=ORIENTED_EDGE('',*,*,#2710,.T.);
#3715=ORIENTED_EDGE('',*,*,#2293,.T.);
#3716=ORIENTED_EDGE('',*,*,#2708,.F.);
#3717=ORIENTED_EDGE('',*,*,#2509,.F.);
#3718=ORIENTED_EDGE('',*,*,#2709,.T.);
#3719=ORIENTED_EDGE('',*,*,#2297,.T.);
#3720=ORIENTED_EDGE('',*,*,#2711,.F.);
#3721=ORIENTED_EDGE('',*,*,#2505,.F.);
#3722=ORIENTED_EDGE('',*,*,#2712,.T.);
#3723=ORIENTED_EDGE('',*,*,#2294,.T.);
#3724=ORIENTED_EDGE('',*,*,#2710,.F.);
#3725=ORIENTED_EDGE('',*,*,#2508,.F.);
#3726=ORIENTED_EDGE('',*,*,#2711,.T.);
#3727=ORIENTED_EDGE('',*,*,#2296,.T.);
#3728=ORIENTED_EDGE('',*,*,#2713,.F.);
#3729=ORIENTED_EDGE('',*,*,#2506,.F.);
#3730=ORIENTED_EDGE('',*,*,#2713,.T.);
#3731=ORIENTED_EDGE('',*,*,#2295,.T.);
#3732=ORIENTED_EDGE('',*,*,#2712,.F.);
#3733=ORIENTED_EDGE('',*,*,#2507,.F.);
#3734=ORIENTED_EDGE('',*,*,#2714,.T.);
#3735=ORIENTED_EDGE('',*,*,#2299,.T.);
#3736=ORIENTED_EDGE('',*,*,#2715,.F.);
#3737=ORIENTED_EDGE('',*,*,#2511,.F.);
#3738=ORIENTED_EDGE('',*,*,#2716,.T.);
#3739=ORIENTED_EDGE('',*,*,#2300,.T.);
#3740=ORIENTED_EDGE('',*,*,#2714,.F.);
#3741=ORIENTED_EDGE('',*,*,#2518,.F.);
#3742=ORIENTED_EDGE('',*,*,#2715,.T.);
#3743=ORIENTED_EDGE('',*,*,#2306,.T.);
#3744=ORIENTED_EDGE('',*,*,#2717,.F.);
#3745=ORIENTED_EDGE('',*,*,#2512,.F.);
#3746=ORIENTED_EDGE('',*,*,#2718,.T.);
#3747=ORIENTED_EDGE('',*,*,#2301,.T.);
#3748=ORIENTED_EDGE('',*,*,#2716,.F.);
#3749=ORIENTED_EDGE('',*,*,#2517,.F.);
#3750=ORIENTED_EDGE('',*,*,#2717,.T.);
#3751=ORIENTED_EDGE('',*,*,#2305,.T.);
#3752=ORIENTED_EDGE('',*,*,#2719,.F.);
#3753=ORIENTED_EDGE('',*,*,#2513,.F.);
#3754=ORIENTED_EDGE('',*,*,#2720,.T.);
#3755=ORIENTED_EDGE('',*,*,#2302,.T.);
#3756=ORIENTED_EDGE('',*,*,#2718,.F.);
#3757=ORIENTED_EDGE('',*,*,#2516,.F.);
#3758=ORIENTED_EDGE('',*,*,#2719,.T.);
#3759=ORIENTED_EDGE('',*,*,#2304,.T.);
#3760=ORIENTED_EDGE('',*,*,#2721,.F.);
#3761=ORIENTED_EDGE('',*,*,#2514,.F.);
#3762=ORIENTED_EDGE('',*,*,#2721,.T.);
#3763=ORIENTED_EDGE('',*,*,#2303,.T.);
#3764=ORIENTED_EDGE('',*,*,#2720,.F.);
#3765=ORIENTED_EDGE('',*,*,#2515,.F.);
#3766=ORIENTED_EDGE('',*,*,#2722,.T.);
#3767=ORIENTED_EDGE('',*,*,#2307,.T.);
#3768=ORIENTED_EDGE('',*,*,#2723,.F.);
#3769=ORIENTED_EDGE('',*,*,#2519,.F.);
#3770=ORIENTED_EDGE('',*,*,#2724,.T.);
#3771=ORIENTED_EDGE('',*,*,#2308,.T.);
#3772=ORIENTED_EDGE('',*,*,#2722,.F.);
#3773=ORIENTED_EDGE('',*,*,#2526,.F.);
#3774=ORIENTED_EDGE('',*,*,#2723,.T.);
#3775=ORIENTED_EDGE('',*,*,#2314,.T.);
#3776=ORIENTED_EDGE('',*,*,#2725,.F.);
#3777=ORIENTED_EDGE('',*,*,#2520,.F.);
#3778=ORIENTED_EDGE('',*,*,#2726,.T.);
#3779=ORIENTED_EDGE('',*,*,#2309,.T.);
#3780=ORIENTED_EDGE('',*,*,#2724,.F.);
#3781=ORIENTED_EDGE('',*,*,#2525,.F.);
#3782=ORIENTED_EDGE('',*,*,#2725,.T.);
#3783=ORIENTED_EDGE('',*,*,#2313,.T.);
#3784=ORIENTED_EDGE('',*,*,#2727,.F.);
#3785=ORIENTED_EDGE('',*,*,#2521,.F.);
#3786=ORIENTED_EDGE('',*,*,#2728,.T.);
#3787=ORIENTED_EDGE('',*,*,#2310,.T.);
#3788=ORIENTED_EDGE('',*,*,#2726,.F.);
#3789=ORIENTED_EDGE('',*,*,#2524,.F.);
#3790=ORIENTED_EDGE('',*,*,#2727,.T.);
#3791=ORIENTED_EDGE('',*,*,#2312,.T.);
#3792=ORIENTED_EDGE('',*,*,#2729,.F.);
#3793=ORIENTED_EDGE('',*,*,#2522,.F.);
#3794=ORIENTED_EDGE('',*,*,#2729,.T.);
#3795=ORIENTED_EDGE('',*,*,#2311,.T.);
#3796=ORIENTED_EDGE('',*,*,#2728,.F.);
#3797=ORIENTED_EDGE('',*,*,#2523,.F.);
#3798=ORIENTED_EDGE('',*,*,#2730,.T.);
#3799=ORIENTED_EDGE('',*,*,#2315,.T.);
#3800=ORIENTED_EDGE('',*,*,#2731,.F.);
#3801=ORIENTED_EDGE('',*,*,#2527,.F.);
#3802=ORIENTED_EDGE('',*,*,#2732,.T.);
#3803=ORIENTED_EDGE('',*,*,#2316,.T.);
#3804=ORIENTED_EDGE('',*,*,#2730,.F.);
#3805=ORIENTED_EDGE('',*,*,#2534,.F.);
#3806=ORIENTED_EDGE('',*,*,#2731,.T.);
#3807=ORIENTED_EDGE('',*,*,#2322,.T.);
#3808=ORIENTED_EDGE('',*,*,#2733,.F.);
#3809=ORIENTED_EDGE('',*,*,#2528,.F.);
#3810=ORIENTED_EDGE('',*,*,#2734,.T.);
#3811=ORIENTED_EDGE('',*,*,#2317,.T.);
#3812=ORIENTED_EDGE('',*,*,#2732,.F.);
#3813=ORIENTED_EDGE('',*,*,#2533,.F.);
#3814=ORIENTED_EDGE('',*,*,#2733,.T.);
#3815=ORIENTED_EDGE('',*,*,#2321,.T.);
#3816=ORIENTED_EDGE('',*,*,#2735,.F.);
#3817=ORIENTED_EDGE('',*,*,#2529,.F.);
#3818=ORIENTED_EDGE('',*,*,#2736,.T.);
#3819=ORIENTED_EDGE('',*,*,#2318,.T.);
#3820=ORIENTED_EDGE('',*,*,#2734,.F.);
#3821=ORIENTED_EDGE('',*,*,#2532,.F.);
#3822=ORIENTED_EDGE('',*,*,#2735,.T.);
#3823=ORIENTED_EDGE('',*,*,#2320,.T.);
#3824=ORIENTED_EDGE('',*,*,#2737,.F.);
#3825=ORIENTED_EDGE('',*,*,#2530,.F.);
#3826=ORIENTED_EDGE('',*,*,#2737,.T.);
#3827=ORIENTED_EDGE('',*,*,#2319,.T.);
#3828=ORIENTED_EDGE('',*,*,#2736,.F.);
#3829=ORIENTED_EDGE('',*,*,#2531,.F.);
#3830=ORIENTED_EDGE('',*,*,#2738,.T.);
#3831=ORIENTED_EDGE('',*,*,#2323,.T.);
#3832=ORIENTED_EDGE('',*,*,#2739,.F.);
#3833=ORIENTED_EDGE('',*,*,#2535,.F.);
#3834=ORIENTED_EDGE('',*,*,#2740,.T.);
#3835=ORIENTED_EDGE('',*,*,#2324,.T.);
#3836=ORIENTED_EDGE('',*,*,#2738,.F.);
#3837=ORIENTED_EDGE('',*,*,#2542,.F.);
#3838=ORIENTED_EDGE('',*,*,#2739,.T.);
#3839=ORIENTED_EDGE('',*,*,#2330,.T.);
#3840=ORIENTED_EDGE('',*,*,#2741,.F.);
#3841=ORIENTED_EDGE('',*,*,#2536,.F.);
#3842=ORIENTED_EDGE('',*,*,#2742,.T.);
#3843=ORIENTED_EDGE('',*,*,#2325,.T.);
#3844=ORIENTED_EDGE('',*,*,#2740,.F.);
#3845=ORIENTED_EDGE('',*,*,#2541,.F.);
#3846=ORIENTED_EDGE('',*,*,#2741,.T.);
#3847=ORIENTED_EDGE('',*,*,#2329,.T.);
#3848=ORIENTED_EDGE('',*,*,#2743,.F.);
#3849=ORIENTED_EDGE('',*,*,#2537,.F.);
#3850=ORIENTED_EDGE('',*,*,#2744,.T.);
#3851=ORIENTED_EDGE('',*,*,#2326,.T.);
#3852=ORIENTED_EDGE('',*,*,#2742,.F.);
#3853=ORIENTED_EDGE('',*,*,#2540,.F.);
#3854=ORIENTED_EDGE('',*,*,#2743,.T.);
#3855=ORIENTED_EDGE('',*,*,#2328,.T.);
#3856=ORIENTED_EDGE('',*,*,#2745,.F.);
#3857=ORIENTED_EDGE('',*,*,#2538,.F.);
#3858=ORIENTED_EDGE('',*,*,#2745,.T.);
#3859=ORIENTED_EDGE('',*,*,#2327,.T.);
#3860=ORIENTED_EDGE('',*,*,#2744,.F.);
#3861=ORIENTED_EDGE('',*,*,#2539,.F.);
#3862=ORIENTED_EDGE('',*,*,#2331,.F.);
#3863=ORIENTED_EDGE('',*,*,#2746,.T.);
#3864=ORIENTED_EDGE('',*,*,#2543,.T.);
#3865=ORIENTED_EDGE('',*,*,#2746,.F.);
#3866=ORIENTED_EDGE('',*,*,#2747,.T.);
#3867=ORIENTED_EDGE('',*,*,#2332,.T.);
#3868=ORIENTED_EDGE('',*,*,#2748,.F.);
#3869=ORIENTED_EDGE('',*,*,#2544,.F.);
#3870=ORIENTED_EDGE('',*,*,#2749,.T.);
#3871=ORIENTED_EDGE('',*,*,#2333,.T.);
#3872=ORIENTED_EDGE('',*,*,#2747,.F.);
#3873=ORIENTED_EDGE('',*,*,#2551,.F.);
#3874=ORIENTED_EDGE('',*,*,#2748,.T.);
#3875=ORIENTED_EDGE('',*,*,#2339,.T.);
#3876=ORIENTED_EDGE('',*,*,#2750,.F.);
#3877=ORIENTED_EDGE('',*,*,#2545,.F.);
#3878=ORIENTED_EDGE('',*,*,#2751,.T.);
#3879=ORIENTED_EDGE('',*,*,#2334,.T.);
#3880=ORIENTED_EDGE('',*,*,#2749,.F.);
#3881=ORIENTED_EDGE('',*,*,#2550,.F.);
#3882=ORIENTED_EDGE('',*,*,#2750,.T.);
#3883=ORIENTED_EDGE('',*,*,#2338,.T.);
#3884=ORIENTED_EDGE('',*,*,#2752,.F.);
#3885=ORIENTED_EDGE('',*,*,#2546,.F.);
#3886=ORIENTED_EDGE('',*,*,#2753,.T.);
#3887=ORIENTED_EDGE('',*,*,#2335,.T.);
#3888=ORIENTED_EDGE('',*,*,#2751,.F.);
#3889=ORIENTED_EDGE('',*,*,#2549,.F.);
#3890=ORIENTED_EDGE('',*,*,#2752,.T.);
#3891=ORIENTED_EDGE('',*,*,#2337,.T.);
#3892=ORIENTED_EDGE('',*,*,#2754,.F.);
#3893=ORIENTED_EDGE('',*,*,#2547,.F.);
#3894=ORIENTED_EDGE('',*,*,#2754,.T.);
#3895=ORIENTED_EDGE('',*,*,#2336,.T.);
#3896=ORIENTED_EDGE('',*,*,#2753,.F.);
#3897=ORIENTED_EDGE('',*,*,#2548,.F.);
#3898=ORIENTED_EDGE('',*,*,#2755,.T.);
#3899=ORIENTED_EDGE('',*,*,#2340,.T.);
#3900=ORIENTED_EDGE('',*,*,#2756,.F.);
#3901=ORIENTED_EDGE('',*,*,#2552,.F.);
#3902=ORIENTED_EDGE('',*,*,#2757,.T.);
#3903=ORIENTED_EDGE('',*,*,#2341,.T.);
#3904=ORIENTED_EDGE('',*,*,#2755,.F.);
#3905=ORIENTED_EDGE('',*,*,#2559,.F.);
#3906=ORIENTED_EDGE('',*,*,#2756,.T.);
#3907=ORIENTED_EDGE('',*,*,#2347,.T.);
#3908=ORIENTED_EDGE('',*,*,#2758,.F.);
#3909=ORIENTED_EDGE('',*,*,#2553,.F.);
#3910=ORIENTED_EDGE('',*,*,#2759,.T.);
#3911=ORIENTED_EDGE('',*,*,#2342,.T.);
#3912=ORIENTED_EDGE('',*,*,#2757,.F.);
#3913=ORIENTED_EDGE('',*,*,#2558,.F.);
#3914=ORIENTED_EDGE('',*,*,#2758,.T.);
#3915=ORIENTED_EDGE('',*,*,#2346,.T.);
#3916=ORIENTED_EDGE('',*,*,#2760,.F.);
#3917=ORIENTED_EDGE('',*,*,#2554,.F.);
#3918=ORIENTED_EDGE('',*,*,#2761,.T.);
#3919=ORIENTED_EDGE('',*,*,#2343,.T.);
#3920=ORIENTED_EDGE('',*,*,#2759,.F.);
#3921=ORIENTED_EDGE('',*,*,#2557,.F.);
#3922=ORIENTED_EDGE('',*,*,#2760,.T.);
#3923=ORIENTED_EDGE('',*,*,#2345,.T.);
#3924=ORIENTED_EDGE('',*,*,#2762,.F.);
#3925=ORIENTED_EDGE('',*,*,#2555,.F.);
#3926=ORIENTED_EDGE('',*,*,#2762,.T.);
#3927=ORIENTED_EDGE('',*,*,#2344,.T.);
#3928=ORIENTED_EDGE('',*,*,#2761,.F.);
#3929=ORIENTED_EDGE('',*,*,#2556,.F.);
#3930=ORIENTED_EDGE('',*,*,#2763,.T.);
#3931=ORIENTED_EDGE('',*,*,#2348,.T.);
#3932=ORIENTED_EDGE('',*,*,#2764,.F.);
#3933=ORIENTED_EDGE('',*,*,#2560,.F.);
#3934=ORIENTED_EDGE('',*,*,#2765,.T.);
#3935=ORIENTED_EDGE('',*,*,#2349,.T.);
#3936=ORIENTED_EDGE('',*,*,#2763,.F.);
#3937=ORIENTED_EDGE('',*,*,#2567,.F.);
#3938=ORIENTED_EDGE('',*,*,#2764,.T.);
#3939=ORIENTED_EDGE('',*,*,#2355,.T.);
#3940=ORIENTED_EDGE('',*,*,#2766,.F.);
#3941=ORIENTED_EDGE('',*,*,#2561,.F.);
#3942=ORIENTED_EDGE('',*,*,#2767,.T.);
#3943=ORIENTED_EDGE('',*,*,#2350,.T.);
#3944=ORIENTED_EDGE('',*,*,#2765,.F.);
#3945=ORIENTED_EDGE('',*,*,#2566,.F.);
#3946=ORIENTED_EDGE('',*,*,#2766,.T.);
#3947=ORIENTED_EDGE('',*,*,#2354,.T.);
#3948=ORIENTED_EDGE('',*,*,#2768,.F.);
#3949=ORIENTED_EDGE('',*,*,#2562,.F.);
#3950=ORIENTED_EDGE('',*,*,#2769,.T.);
#3951=ORIENTED_EDGE('',*,*,#2351,.T.);
#3952=ORIENTED_EDGE('',*,*,#2767,.F.);
#3953=ORIENTED_EDGE('',*,*,#2565,.F.);
#3954=ORIENTED_EDGE('',*,*,#2768,.T.);
#3955=ORIENTED_EDGE('',*,*,#2353,.T.);
#3956=ORIENTED_EDGE('',*,*,#2770,.F.);
#3957=ORIENTED_EDGE('',*,*,#2563,.F.);
#3958=ORIENTED_EDGE('',*,*,#2770,.T.);
#3959=ORIENTED_EDGE('',*,*,#2352,.T.);
#3960=ORIENTED_EDGE('',*,*,#2769,.F.);
#3961=ORIENTED_EDGE('',*,*,#2564,.F.);
#3962=ORIENTED_EDGE('',*,*,#2771,.T.);
#3963=ORIENTED_EDGE('',*,*,#2356,.T.);
#3964=ORIENTED_EDGE('',*,*,#2772,.F.);
#3965=ORIENTED_EDGE('',*,*,#2568,.F.);
#3966=ORIENTED_EDGE('',*,*,#2773,.T.);
#3967=ORIENTED_EDGE('',*,*,#2357,.T.);
#3968=ORIENTED_EDGE('',*,*,#2771,.F.);
#3969=ORIENTED_EDGE('',*,*,#2575,.F.);
#3970=ORIENTED_EDGE('',*,*,#2772,.T.);
#3971=ORIENTED_EDGE('',*,*,#2363,.T.);
#3972=ORIENTED_EDGE('',*,*,#2774,.F.);
#3973=ORIENTED_EDGE('',*,*,#2569,.F.);
#3974=ORIENTED_EDGE('',*,*,#2775,.T.);
#3975=ORIENTED_EDGE('',*,*,#2358,.T.);
#3976=ORIENTED_EDGE('',*,*,#2773,.F.);
#3977=ORIENTED_EDGE('',*,*,#2574,.F.);
#3978=ORIENTED_EDGE('',*,*,#2774,.T.);
#3979=ORIENTED_EDGE('',*,*,#2362,.T.);
#3980=ORIENTED_EDGE('',*,*,#2776,.F.);
#3981=ORIENTED_EDGE('',*,*,#2570,.F.);
#3982=ORIENTED_EDGE('',*,*,#2777,.T.);
#3983=ORIENTED_EDGE('',*,*,#2359,.T.);
#3984=ORIENTED_EDGE('',*,*,#2775,.F.);
#3985=ORIENTED_EDGE('',*,*,#2573,.F.);
#3986=ORIENTED_EDGE('',*,*,#2776,.T.);
#3987=ORIENTED_EDGE('',*,*,#2361,.T.);
#3988=ORIENTED_EDGE('',*,*,#2778,.F.);
#3989=ORIENTED_EDGE('',*,*,#2571,.F.);
#3990=ORIENTED_EDGE('',*,*,#2778,.T.);
#3991=ORIENTED_EDGE('',*,*,#2360,.T.);
#3992=ORIENTED_EDGE('',*,*,#2777,.F.);
#3993=ORIENTED_EDGE('',*,*,#2572,.F.);
#3994=ORIENTED_EDGE('',*,*,#2779,.T.);
#3995=ORIENTED_EDGE('',*,*,#2364,.T.);
#3996=ORIENTED_EDGE('',*,*,#2780,.F.);
#3997=ORIENTED_EDGE('',*,*,#2576,.F.);
#3998=ORIENTED_EDGE('',*,*,#2781,.T.);
#3999=ORIENTED_EDGE('',*,*,#2365,.T.);
#4000=ORIENTED_EDGE('',*,*,#2779,.F.);
#4001=ORIENTED_EDGE('',*,*,#2583,.F.);
#4002=ORIENTED_EDGE('',*,*,#2780,.T.);
#4003=ORIENTED_EDGE('',*,*,#2371,.T.);
#4004=ORIENTED_EDGE('',*,*,#2782,.F.);
#4005=ORIENTED_EDGE('',*,*,#2577,.F.);
#4006=ORIENTED_EDGE('',*,*,#2783,.T.);
#4007=ORIENTED_EDGE('',*,*,#2366,.T.);
#4008=ORIENTED_EDGE('',*,*,#2781,.F.);
#4009=ORIENTED_EDGE('',*,*,#2582,.F.);
#4010=ORIENTED_EDGE('',*,*,#2782,.T.);
#4011=ORIENTED_EDGE('',*,*,#2370,.T.);
#4012=ORIENTED_EDGE('',*,*,#2784,.F.);
#4013=ORIENTED_EDGE('',*,*,#2578,.F.);
#4014=ORIENTED_EDGE('',*,*,#2785,.T.);
#4015=ORIENTED_EDGE('',*,*,#2367,.T.);
#4016=ORIENTED_EDGE('',*,*,#2783,.F.);
#4017=ORIENTED_EDGE('',*,*,#2581,.F.);
#4018=ORIENTED_EDGE('',*,*,#2784,.T.);
#4019=ORIENTED_EDGE('',*,*,#2369,.T.);
#4020=ORIENTED_EDGE('',*,*,#2786,.F.);
#4021=ORIENTED_EDGE('',*,*,#2579,.F.);
#4022=ORIENTED_EDGE('',*,*,#2786,.T.);
#4023=ORIENTED_EDGE('',*,*,#2368,.T.);
#4024=ORIENTED_EDGE('',*,*,#2785,.F.);
#4025=ORIENTED_EDGE('',*,*,#2580,.F.);
#4026=ORIENTED_EDGE('',*,*,#2787,.T.);
#4027=ORIENTED_EDGE('',*,*,#2372,.T.);
#4028=ORIENTED_EDGE('',*,*,#2788,.F.);
#4029=ORIENTED_EDGE('',*,*,#2584,.F.);
#4030=ORIENTED_EDGE('',*,*,#2789,.T.);
#4031=ORIENTED_EDGE('',*,*,#2373,.T.);
#4032=ORIENTED_EDGE('',*,*,#2787,.F.);
#4033=ORIENTED_EDGE('',*,*,#2591,.F.);
#4034=ORIENTED_EDGE('',*,*,#2788,.T.);
#4035=ORIENTED_EDGE('',*,*,#2379,.T.);
#4036=ORIENTED_EDGE('',*,*,#2790,.F.);
#4037=ORIENTED_EDGE('',*,*,#2585,.F.);
#4038=ORIENTED_EDGE('',*,*,#2791,.T.);
#4039=ORIENTED_EDGE('',*,*,#2374,.T.);
#4040=ORIENTED_EDGE('',*,*,#2789,.F.);
#4041=ORIENTED_EDGE('',*,*,#2590,.F.);
#4042=ORIENTED_EDGE('',*,*,#2790,.T.);
#4043=ORIENTED_EDGE('',*,*,#2378,.T.);
#4044=ORIENTED_EDGE('',*,*,#2792,.F.);
#4045=ORIENTED_EDGE('',*,*,#2586,.F.);
#4046=ORIENTED_EDGE('',*,*,#2793,.T.);
#4047=ORIENTED_EDGE('',*,*,#2375,.T.);
#4048=ORIENTED_EDGE('',*,*,#2791,.F.);
#4049=ORIENTED_EDGE('',*,*,#2589,.F.);
#4050=ORIENTED_EDGE('',*,*,#2792,.T.);
#4051=ORIENTED_EDGE('',*,*,#2377,.T.);
#4052=ORIENTED_EDGE('',*,*,#2794,.F.);
#4053=ORIENTED_EDGE('',*,*,#2587,.F.);
#4054=ORIENTED_EDGE('',*,*,#2794,.T.);
#4055=ORIENTED_EDGE('',*,*,#2376,.T.);
#4056=ORIENTED_EDGE('',*,*,#2793,.F.);
#4057=ORIENTED_EDGE('',*,*,#2588,.F.);
#4058=ORIENTED_EDGE('',*,*,#2795,.T.);
#4059=ORIENTED_EDGE('',*,*,#2380,.T.);
#4060=ORIENTED_EDGE('',*,*,#2796,.F.);
#4061=ORIENTED_EDGE('',*,*,#2592,.F.);
#4062=ORIENTED_EDGE('',*,*,#2797,.T.);
#4063=ORIENTED_EDGE('',*,*,#2381,.T.);
#4064=ORIENTED_EDGE('',*,*,#2795,.F.);
#4065=ORIENTED_EDGE('',*,*,#2599,.F.);
#4066=ORIENTED_EDGE('',*,*,#2796,.T.);
#4067=ORIENTED_EDGE('',*,*,#2387,.T.);
#4068=ORIENTED_EDGE('',*,*,#2798,.F.);
#4069=ORIENTED_EDGE('',*,*,#2593,.F.);
#4070=ORIENTED_EDGE('',*,*,#2799,.T.);
#4071=ORIENTED_EDGE('',*,*,#2382,.T.);
#4072=ORIENTED_EDGE('',*,*,#2797,.F.);
#4073=ORIENTED_EDGE('',*,*,#2598,.F.);
#4074=ORIENTED_EDGE('',*,*,#2798,.T.);
#4075=ORIENTED_EDGE('',*,*,#2386,.T.);
#4076=ORIENTED_EDGE('',*,*,#2800,.F.);
#4077=ORIENTED_EDGE('',*,*,#2594,.F.);
#4078=ORIENTED_EDGE('',*,*,#2801,.T.);
#4079=ORIENTED_EDGE('',*,*,#2383,.T.);
#4080=ORIENTED_EDGE('',*,*,#2799,.F.);
#4081=ORIENTED_EDGE('',*,*,#2597,.F.);
#4082=ORIENTED_EDGE('',*,*,#2800,.T.);
#4083=ORIENTED_EDGE('',*,*,#2385,.T.);
#4084=ORIENTED_EDGE('',*,*,#2802,.F.);
#4085=ORIENTED_EDGE('',*,*,#2595,.F.);
#4086=ORIENTED_EDGE('',*,*,#2802,.T.);
#4087=ORIENTED_EDGE('',*,*,#2384,.T.);
#4088=ORIENTED_EDGE('',*,*,#2801,.F.);
#4089=ORIENTED_EDGE('',*,*,#2596,.F.);
#4090=ORIENTED_EDGE('',*,*,#2388,.F.);
#4091=ORIENTED_EDGE('',*,*,#2803,.T.);
#4092=ORIENTED_EDGE('',*,*,#2600,.T.);
#4093=ORIENTED_EDGE('',*,*,#2803,.F.);
#4094=CYLINDRICAL_SURFACE('',#4435,0.999999999999996);
#4095=CYLINDRICAL_SURFACE('',#4440,1.00000000000001);
#4096=CYLINDRICAL_SURFACE('',#4555,0.999999999999996);
#4097=CYLINDRICAL_SURFACE('',#4666,0.500001333575);
#4098=CYLINDRICAL_SURFACE('',#4668,0.500001333575);
#4099=CYLINDRICAL_SURFACE('',#4669,0.999999252925);
#4100=CYLINDRICAL_SURFACE('',#4672,0.999999252925);
#4101=CYLINDRICAL_SURFACE('',#4673,0.999999252925);
#4102=CYLINDRICAL_SURFACE('',#4676,0.999999252925);
#4103=CYLINDRICAL_SURFACE('',#4677,0.999999252925);
#4104=CYLINDRICAL_SURFACE('',#4680,0.999999252925);
#4105=CYLINDRICAL_SURFACE('',#4681,0.999999252925);
#4106=CYLINDRICAL_SURFACE('',#4683,0.999999252925);
#4107=CYLINDRICAL_SURFACE('',#4686,0.999999252925);
#4108=CYLINDRICAL_SURFACE('',#4687,5.000058624462);
#4109=CYLINDRICAL_SURFACE('',#4690,0.999999252925);
#4110=CYLINDRICAL_SURFACE('',#4691,1.000084935963);
#4111=CYLINDRICAL_SURFACE('',#4694,0.999999252925);
#4112=CYLINDRICAL_SURFACE('',#4695,0.999907387583);
#4113=CYLINDRICAL_SURFACE('',#4698,0.999999252925);
#4114=CYLINDRICAL_SURFACE('',#4699,1.00009920947);
#4115=CYLINDRICAL_SURFACE('',#4702,0.999999252925);
#4116=CYLINDRICAL_SURFACE('',#4703,5.000000766444);
#4117=CYLINDRICAL_SURFACE('',#4706,0.999999252925);
#4118=CYLINDRICAL_SURFACE('',#4707,0.999999252925);
#4119=CYLINDRICAL_SURFACE('',#4709,0.999999252925);
#4120=CYLINDRICAL_SURFACE('',#4710,0.999999252925);
#4121=CYLINDRICAL_SURFACE('',#4712,0.999999252925);
#4122=CYLINDRICAL_SURFACE('',#4713,0.36000313088);
#4123=CYLINDRICAL_SURFACE('',#4716,0.36000313088);
#4124=CYLINDRICAL_SURFACE('',#4717,0.36000313088);
#4125=CYLINDRICAL_SURFACE('',#4720,0.36000313088);
#4126=CYLINDRICAL_SURFACE('',#4721,0.359999449958);
#4127=CYLINDRICAL_SURFACE('',#4724,0.359999449958);
#4128=CYLINDRICAL_SURFACE('',#4725,0.359999449958);
#4129=CYLINDRICAL_SURFACE('',#4728,0.359999449958);
#4130=CYLINDRICAL_SURFACE('',#4729,1.1);
#4131=CYLINDRICAL_SURFACE('',#4730,0.360001506454);
#4132=CYLINDRICAL_SURFACE('',#4733,0.360001506454);
#4133=CYLINDRICAL_SURFACE('',#4734,0.360001506454);
#4134=CYLINDRICAL_SURFACE('',#4737,0.360001506454);
#4135=CYLINDRICAL_SURFACE('',#4738,0.360001506454);
#4136=CYLINDRICAL_SURFACE('',#4741,0.360001506454);
#4137=CYLINDRICAL_SURFACE('',#4742,0.360001506454);
#4138=CYLINDRICAL_SURFACE('',#4745,0.360001506454);
#4139=CYLINDRICAL_SURFACE('',#4746,1.1);
#4140=CYLINDRICAL_SURFACE('',#4747,0.360001506454);
#4141=CYLINDRICAL_SURFACE('',#4750,0.360001506454);
#4142=CYLINDRICAL_SURFACE('',#4751,0.360001506454);
#4143=CYLINDRICAL_SURFACE('',#4754,0.360001506454);
#4144=CYLINDRICAL_SURFACE('',#4755,0.360001506454);
#4145=CYLINDRICAL_SURFACE('',#4758,0.360001506455);
#4146=CYLINDRICAL_SURFACE('',#4759,0.360001506454);
#4147=CYLINDRICAL_SURFACE('',#4762,0.360001506455);
#4148=CYLINDRICAL_SURFACE('',#4763,0.360001506455);
#4149=CYLINDRICAL_SURFACE('',#4766,0.360001506455);
#4150=CYLINDRICAL_SURFACE('',#4767,0.360001506455);
#4151=CYLINDRICAL_SURFACE('',#4770,0.360001506455);
#4152=CYLINDRICAL_SURFACE('',#4771,1.1);
#4153=CYLINDRICAL_SURFACE('',#4772,0.360001506455);
#4154=CYLINDRICAL_SURFACE('',#4775,0.360001506455);
#4155=CYLINDRICAL_SURFACE('',#4776,0.360001506455);
#4156=CYLINDRICAL_SURFACE('',#4779,0.360001506455);
#4157=CYLINDRICAL_SURFACE('',#4780,0.360001506454);
#4158=CYLINDRICAL_SURFACE('',#4783,0.360001506454);
#4159=CYLINDRICAL_SURFACE('',#4784,0.360001506454);
#4160=CYLINDRICAL_SURFACE('',#4787,0.360001506454);
#4161=CYLINDRICAL_SURFACE('',#4788,0.360001506454);
#4162=CYLINDRICAL_SURFACE('',#4791,0.360001506454);
#4163=CYLINDRICAL_SURFACE('',#4792,0.360001506454);
#4164=CYLINDRICAL_SURFACE('',#4795,0.360001506454);
#4165=CYLINDRICAL_SURFACE('',#4796,0.360001506454);
#4166=CYLINDRICAL_SURFACE('',#4799,0.360001506454);
#4167=CYLINDRICAL_SURFACE('',#4800,0.360001506454);
#4168=CYLINDRICAL_SURFACE('',#4803,0.360001506454);
#4169=CYLINDRICAL_SURFACE('',#4804,0.360001506454);
#4170=CYLINDRICAL_SURFACE('',#4807,0.360001506454);
#4171=CYLINDRICAL_SURFACE('',#4808,0.360001506454);
#4172=CYLINDRICAL_SURFACE('',#4811,0.360001506454);
#4173=CYLINDRICAL_SURFACE('',#4812,1.1);
#4174=CYLINDRICAL_SURFACE('',#4813,0.360001506454);
#4175=CYLINDRICAL_SURFACE('',#4816,0.360001506454);
#4176=CYLINDRICAL_SURFACE('',#4817,0.360001506454);
#4177=CYLINDRICAL_SURFACE('',#4820,0.360001506454);
#4178=CYLINDRICAL_SURFACE('',#4821,0.360001506454);
#4179=CYLINDRICAL_SURFACE('',#4824,0.360001506455);
#4180=CYLINDRICAL_SURFACE('',#4825,0.360001506454);
#4181=CYLINDRICAL_SURFACE('',#4828,0.360001506455);
#4182=CYLINDRICAL_SURFACE('',#4829,0.360001506455);
#4183=CYLINDRICAL_SURFACE('',#4832,0.360001506455);
#4184=CYLINDRICAL_SURFACE('',#4833,0.360001506455);
#4185=CYLINDRICAL_SURFACE('',#4836,0.360001506455);
#4186=CYLINDRICAL_SURFACE('',#4837,0.360001506455);
#4187=CYLINDRICAL_SURFACE('',#4840,0.360001506455);
#4188=CYLINDRICAL_SURFACE('',#4841,0.360001506455);
#4189=CYLINDRICAL_SURFACE('',#4844,0.360001506455);
#4190=CYLINDRICAL_SURFACE('',#4845,0.360001506454);
#4191=CYLINDRICAL_SURFACE('',#4848,0.360001506454);
#4192=CYLINDRICAL_SURFACE('',#4849,0.360001506454);
#4193=CYLINDRICAL_SURFACE('',#4852,0.360001506454);
#4194=CYLINDRICAL_SURFACE('',#4853,0.360001506454);
#4195=CYLINDRICAL_SURFACE('',#4856,0.360001506455);
#4196=CYLINDRICAL_SURFACE('',#4857,0.360001506454);
#4197=CYLINDRICAL_SURFACE('',#4860,0.360001506455);
#4198=CYLINDRICAL_SURFACE('',#4861,0.360001506455);
#4199=CYLINDRICAL_SURFACE('',#4864,0.360001506455);
#4200=CYLINDRICAL_SURFACE('',#4865,0.360001506455);
#4201=CYLINDRICAL_SURFACE('',#4868,0.360001506455);
#4202=CYLINDRICAL_SURFACE('',#4869,1.1);
#4203=ADVANCED_FACE('',(#175),#4094,.F.);
#4204=ADVANCED_FACE('',(#176),#67,.F.);
#4205=ADVANCED_FACE('',(#177),#68,.F.);
#4206=ADVANCED_FACE('',(#178),#4095,.F.);
#4207=ADVANCED_FACE('',(#179),#69,.F.);
#4208=ADVANCED_FACE('',(#180),#70,.T.);
#4209=ADVANCED_FACE('',(#181),#71,.T.);
#4210=ADVANCED_FACE('',(#182,#19,#20,#21,#22,#23,#24,#25,#26,#27,#28,#29,
#30,#31,#32,#33,#34,#35,#36,#37,#38,#39,#40,#41,#42),#72,.T.);
#4211=ADVANCED_FACE('',(#183),#73,.F.);
#4212=ADVANCED_FACE('',(#184),#4096,.F.);
#4213=ADVANCED_FACE('',(#185),#74,.F.);
#4214=ADVANCED_FACE('',(#186,#43,#44,#45,#46,#47,#48,#49,#50,#51,#52,#53,
#54,#55,#56,#57,#58,#59,#60,#61,#62,#63,#64,#65,#66),#75,.F.);
#4215=ADVANCED_FACE('',(#187),#76,.T.);
#4216=ADVANCED_FACE('',(#188),#4097,.T.);
#4217=ADVANCED_FACE('',(#189),#77,.T.);
#4218=ADVANCED_FACE('',(#190),#4098,.F.);
#4219=ADVANCED_FACE('',(#191),#4099,.T.);
#4220=ADVANCED_FACE('',(#192),#78,.T.);
#4221=ADVANCED_FACE('',(#193),#79,.T.);
#4222=ADVANCED_FACE('',(#194),#4100,.T.);
#4223=ADVANCED_FACE('',(#195),#4101,.F.);
#4224=ADVANCED_FACE('',(#196),#80,.T.);
#4225=ADVANCED_FACE('',(#197),#81,.T.);
#4226=ADVANCED_FACE('',(#198),#4102,.F.);
#4227=ADVANCED_FACE('',(#199),#4103,.T.);
#4228=ADVANCED_FACE('',(#200),#82,.T.);
#4229=ADVANCED_FACE('',(#201),#83,.T.);
#4230=ADVANCED_FACE('',(#202),#4104,.T.);
#4231=ADVANCED_FACE('',(#203),#4105,.F.);
#4232=ADVANCED_FACE('',(#204),#84,.T.);
#4233=ADVANCED_FACE('',(#205),#4106,.F.);
#4234=ADVANCED_FACE('',(#206),#85,.T.);
#4235=ADVANCED_FACE('',(#207),#86,.T.);
#4236=ADVANCED_FACE('',(#208),#4107,.T.);
#4237=ADVANCED_FACE('',(#209),#4108,.F.);
#4238=ADVANCED_FACE('',(#210),#87,.T.);
#4239=ADVANCED_FACE('',(#211),#88,.T.);
#4240=ADVANCED_FACE('',(#212),#4109,.T.);
#4241=ADVANCED_FACE('',(#213),#4110,.T.);
#4242=ADVANCED_FACE('',(#214),#89,.T.);
#4243=ADVANCED_FACE('',(#215),#90,.T.);
#4244=ADVANCED_FACE('',(#216),#4111,.F.);
#4245=ADVANCED_FACE('',(#217),#4112,.T.);
#4246=ADVANCED_FACE('',(#218),#91,.T.);
#4247=ADVANCED_FACE('',(#219),#92,.T.);
#4248=ADVANCED_FACE('',(#220),#4113,.T.);
#4249=ADVANCED_FACE('',(#221),#4114,.T.);
#4250=ADVANCED_FACE('',(#222),#93,.T.);
#4251=ADVANCED_FACE('',(#223),#94,.T.);
#4252=ADVANCED_FACE('',(#224),#4115,.F.);
#4253=ADVANCED_FACE('',(#225),#4116,.F.);
#4254=ADVANCED_FACE('',(#226),#95,.T.);
#4255=ADVANCED_FACE('',(#227),#96,.T.);
#4256=ADVANCED_FACE('',(#228),#4117,.T.);
#4257=ADVANCED_FACE('',(#229),#4118,.T.);
#4258=ADVANCED_FACE('',(#230),#97,.T.);
#4259=ADVANCED_FACE('',(#231),#4119,.F.);
#4260=ADVANCED_FACE('',(#232),#4120,.T.);
#4261=ADVANCED_FACE('',(#233),#98,.T.);
#4262=ADVANCED_FACE('',(#234),#4121,.F.);
#4263=ADVANCED_FACE('',(#235),#4122,.F.);
#4264=ADVANCED_FACE('',(#236),#99,.T.);
#4265=ADVANCED_FACE('',(#237),#100,.T.);
#4266=ADVANCED_FACE('',(#238),#4123,.F.);
#4267=ADVANCED_FACE('',(#239),#4124,.F.);
#4268=ADVANCED_FACE('',(#240),#101,.T.);
#4269=ADVANCED_FACE('',(#241),#102,.T.);
#4270=ADVANCED_FACE('',(#242),#4125,.F.);
#4271=ADVANCED_FACE('',(#243),#4126,.F.);
#4272=ADVANCED_FACE('',(#244),#103,.T.);
#4273=ADVANCED_FACE('',(#245),#104,.T.);
#4274=ADVANCED_FACE('',(#246),#4127,.F.);
#4275=ADVANCED_FACE('',(#247),#4128,.F.);
#4276=ADVANCED_FACE('',(#248),#105,.T.);
#4277=ADVANCED_FACE('',(#249),#106,.T.);
#4278=ADVANCED_FACE('',(#250),#4129,.F.);
#4279=ADVANCED_FACE('',(#251),#4130,.F.);
#4280=ADVANCED_FACE('',(#252),#4131,.F.);
#4281=ADVANCED_FACE('',(#253),#107,.T.);
#4282=ADVANCED_FACE('',(#254),#108,.T.);
#4283=ADVANCED_FACE('',(#255),#4132,.F.);
#4284=ADVANCED_FACE('',(#256),#4133,.F.);
#4285=ADVANCED_FACE('',(#257),#109,.T.);
#4286=ADVANCED_FACE('',(#258),#110,.T.);
#4287=ADVANCED_FACE('',(#259),#4134,.F.);
#4288=ADVANCED_FACE('',(#260),#4135,.F.);
#4289=ADVANCED_FACE('',(#261),#111,.T.);
#4290=ADVANCED_FACE('',(#262),#112,.T.);
#4291=ADVANCED_FACE('',(#263),#4136,.F.);
#4292=ADVANCED_FACE('',(#264),#4137,.F.);
#4293=ADVANCED_FACE('',(#265),#113,.T.);
#4294=ADVANCED_FACE('',(#266),#114,.T.);
#4295=ADVANCED_FACE('',(#267),#4138,.F.);
#4296=ADVANCED_FACE('',(#268),#4139,.F.);
#4297=ADVANCED_FACE('',(#269),#4140,.F.);
#4298=ADVANCED_FACE('',(#270),#115,.T.);
#4299=ADVANCED_FACE('',(#271),#116,.T.);
#4300=ADVANCED_FACE('',(#272),#4141,.F.);
#4301=ADVANCED_FACE('',(#273),#4142,.F.);
#4302=ADVANCED_FACE('',(#274),#117,.T.);
#4303=ADVANCED_FACE('',(#275),#118,.T.);
#4304=ADVANCED_FACE('',(#276),#4143,.F.);
#4305=ADVANCED_FACE('',(#277),#4144,.F.);
#4306=ADVANCED_FACE('',(#278),#119,.T.);
#4307=ADVANCED_FACE('',(#279),#120,.T.);
#4308=ADVANCED_FACE('',(#280),#4145,.F.);
#4309=ADVANCED_FACE('',(#281),#4146,.F.);
#4310=ADVANCED_FACE('',(#282),#121,.T.);
#4311=ADVANCED_FACE('',(#283),#122,.T.);
#4312=ADVANCED_FACE('',(#284),#4147,.F.);
#4313=ADVANCED_FACE('',(#285),#4148,.F.);
#4314=ADVANCED_FACE('',(#286),#123,.T.);
#4315=ADVANCED_FACE('',(#287),#124,.T.);
#4316=ADVANCED_FACE('',(#288),#4149,.F.);
#4317=ADVANCED_FACE('',(#289),#4150,.F.);
#4318=ADVANCED_FACE('',(#290),#125,.T.);
#4319=ADVANCED_FACE('',(#291),#126,.T.);
#4320=ADVANCED_FACE('',(#292),#4151,.F.);
#4321=ADVANCED_FACE('',(#293),#4152,.F.);
#4322=ADVANCED_FACE('',(#294),#4153,.F.);
#4323=ADVANCED_FACE('',(#295),#127,.T.);
#4324=ADVANCED_FACE('',(#296),#128,.T.);
#4325=ADVANCED_FACE('',(#297),#4154,.F.);
#4326=ADVANCED_FACE('',(#298),#4155,.F.);
#4327=ADVANCED_FACE('',(#299),#129,.T.);
#4328=ADVANCED_FACE('',(#300),#130,.T.);
#4329=ADVANCED_FACE('',(#301),#4156,.F.);
#4330=ADVANCED_FACE('',(#302),#4157,.F.);
#4331=ADVANCED_FACE('',(#303),#131,.T.);
#4332=ADVANCED_FACE('',(#304),#132,.T.);
#4333=ADVANCED_FACE('',(#305),#4158,.F.);
#4334=ADVANCED_FACE('',(#306),#4159,.F.);
#4335=ADVANCED_FACE('',(#307),#133,.T.);
#4336=ADVANCED_FACE('',(#308),#134,.T.);
#4337=ADVANCED_FACE('',(#309),#4160,.F.);
#4338=ADVANCED_FACE('',(#310),#4161,.F.);
#4339=ADVANCED_FACE('',(#311),#135,.T.);
#4340=ADVANCED_FACE('',(#312),#136,.T.);
#4341=ADVANCED_FACE('',(#313),#4162,.F.);
#4342=ADVANCED_FACE('',(#314),#4163,.F.);
#4343=ADVANCED_FACE('',(#315),#137,.T.);
#4344=ADVANCED_FACE('',(#316),#138,.T.);
#4345=ADVANCED_FACE('',(#317),#4164,.F.);
#4346=ADVANCED_FACE('',(#318),#4165,.F.);
#4347=ADVANCED_FACE('',(#319),#139,.T.);
#4348=ADVANCED_FACE('',(#320),#140,.T.);
#4349=ADVANCED_FACE('',(#321),#4166,.F.);
#4350=ADVANCED_FACE('',(#322),#4167,.F.);
#4351=ADVANCED_FACE('',(#323),#141,.T.);
#4352=ADVANCED_FACE('',(#324),#142,.T.);
#4353=ADVANCED_FACE('',(#325),#4168,.F.);
#4354=ADVANCED_FACE('',(#326),#4169,.F.);
#4355=ADVANCED_FACE('',(#327),#143,.T.);
#4356=ADVANCED_FACE('',(#328),#144,.T.);
#4357=ADVANCED_FACE('',(#329),#4170,.F.);
#4358=ADVANCED_FACE('',(#330),#4171,.F.);
#4359=ADVANCED_FACE('',(#331),#145,.T.);
#4360=ADVANCED_FACE('',(#332),#146,.T.);
#4361=ADVANCED_FACE('',(#333),#4172,.F.);
#4362=ADVANCED_FACE('',(#334),#4173,.F.);
#4363=ADVANCED_FACE('',(#335),#4174,.F.);
#4364=ADVANCED_FACE('',(#336),#147,.T.);
#4365=ADVANCED_FACE('',(#337),#148,.T.);
#4366=ADVANCED_FACE('',(#338),#4175,.F.);
#4367=ADVANCED_FACE('',(#339),#4176,.F.);
#4368=ADVANCED_FACE('',(#340),#149,.T.);
#4369=ADVANCED_FACE('',(#341),#150,.T.);
#4370=ADVANCED_FACE('',(#342),#4177,.F.);
#4371=ADVANCED_FACE('',(#343),#4178,.F.);
#4372=ADVANCED_FACE('',(#344),#151,.T.);
#4373=ADVANCED_FACE('',(#345),#152,.T.);
#4374=ADVANCED_FACE('',(#346),#4179,.F.);
#4375=ADVANCED_FACE('',(#347),#4180,.F.);
#4376=ADVANCED_FACE('',(#348),#153,.T.);
#4377=ADVANCED_FACE('',(#349),#154,.T.);
#4378=ADVANCED_FACE('',(#350),#4181,.F.);
#4379=ADVANCED_FACE('',(#351),#4182,.F.);
#4380=ADVANCED_FACE('',(#352),#155,.T.);
#4381=ADVANCED_FACE('',(#353),#156,.T.);
#4382=ADVANCED_FACE('',(#354),#4183,.F.);
#4383=ADVANCED_FACE('',(#355),#4184,.F.);
#4384=ADVANCED_FACE('',(#356),#157,.T.);
#4385=ADVANCED_FACE('',(#357),#158,.T.);
#4386=ADVANCED_FACE('',(#358),#4185,.F.);
#4387=ADVANCED_FACE('',(#359),#4186,.F.);
#4388=ADVANCED_FACE('',(#360),#159,.T.);
#4389=ADVANCED_FACE('',(#361),#160,.T.);
#4390=ADVANCED_FACE('',(#362),#4187,.F.);
#4391=ADVANCED_FACE('',(#363),#4188,.F.);
#4392=ADVANCED_FACE('',(#364),#161,.T.);
#4393=ADVANCED_FACE('',(#365),#162,.T.);
#4394=ADVANCED_FACE('',(#366),#4189,.F.);
#4395=ADVANCED_FACE('',(#367),#4190,.F.);
#4396=ADVANCED_FACE('',(#368),#163,.T.);
#4397=ADVANCED_FACE('',(#369),#164,.T.);
#4398=ADVANCED_FACE('',(#370),#4191,.F.);
#4399=ADVANCED_FACE('',(#371),#4192,.F.);
#4400=ADVANCED_FACE('',(#372),#165,.T.);
#4401=ADVANCED_FACE('',(#373),#166,.T.);
#4402=ADVANCED_FACE('',(#374),#4193,.F.);
#4403=ADVANCED_FACE('',(#375),#4194,.F.);
#4404=ADVANCED_FACE('',(#376),#167,.T.);
#4405=ADVANCED_FACE('',(#377),#168,.T.);
#4406=ADVANCED_FACE('',(#378),#4195,.F.);
#4407=ADVANCED_FACE('',(#379),#4196,.F.);
#4408=ADVANCED_FACE('',(#380),#169,.T.);
#4409=ADVANCED_FACE('',(#381),#170,.T.);
#4410=ADVANCED_FACE('',(#382),#4197,.F.);
#4411=ADVANCED_FACE('',(#383),#4198,.F.);
#4412=ADVANCED_FACE('',(#384),#171,.T.);
#4413=ADVANCED_FACE('',(#385),#172,.T.);
#4414=ADVANCED_FACE('',(#386),#4199,.F.);
#4415=ADVANCED_FACE('',(#387),#4200,.F.);
#4416=ADVANCED_FACE('',(#388),#173,.T.);
#4417=ADVANCED_FACE('',(#389),#174,.T.);
#4418=ADVANCED_FACE('',(#390),#4201,.F.);
#4419=ADVANCED_FACE('',(#391),#4202,.F.);
#4420=CLOSED_SHELL('',(#4203,#4204,#4205,#4206,#4207,#4208,#4209,#4210,
#4211,#4212,#4213,#4214,#4215,#4216,#4217,#4218,#4219,#4220,#4221,#4222,
#4223,#4224,#4225,#4226,#4227,#4228,#4229,#4230,#4231,#4232,#4233,#4234,
#4235,#4236,#4237,#4238,#4239,#4240,#4241,#4242,#4243,#4244,#4245,#4246,
#4247,#4248,#4249,#4250,#4251,#4252,#4253,#4254,#4255,#4256,#4257,#4258,
#4259,#4260,#4261,#4262,#4263,#4264,#4265,#4266,#4267,#4268,#4269,#4270,
#4271,#4272,#4273,#4274,#4275,#4276,#4277,#4278,#4279,#4280,#4281,#4282,
#4283,#4284,#4285,#4286,#4287,#4288,#4289,#4290,#4291,#4292,#4293,#4294,
#4295,#4296,#4297,#4298,#4299,#4300,#4301,#4302,#4303,#4304,#4305,#4306,
#4307,#4308,#4309,#4310,#4311,#4312,#4313,#4314,#4315,#4316,#4317,#4318,
#4319,#4320,#4321,#4322,#4323,#4324,#4325,#4326,#4327,#4328,#4329,#4330,
#4331,#4332,#4333,#4334,#4335,#4336,#4337,#4338,#4339,#4340,#4341,#4342,
#4343,#4344,#4345,#4346,#4347,#4348,#4349,#4350,#4351,#4352,#4353,#4354,
#4355,#4356,#4357,#4358,#4359,#4360,#4361,#4362,#4363,#4364,#4365,#4366,
#4367,#4368,#4369,#4370,#4371,#4372,#4373,#4374,#4375,#4376,#4377,#4378,
#4379,#4380,#4381,#4382,#4383,#4384,#4385,#4386,#4387,#4388,#4389,#4390,
#4391,#4392,#4393,#4394,#4395,#4396,#4397,#4398,#4399,#4400,#4401,#4402,
#4403,#4404,#4405,#4406,#4407,#4408,#4409,#4410,#4411,#4412,#4413,#4414,
#4415,#4416,#4417,#4418,#4419));
#4421=DERIVED_UNIT_ELEMENT(#4423,1.);
#4422=DERIVED_UNIT_ELEMENT(#7476,-3.);
#4423=(
MASS_UNIT()
NAMED_UNIT(*)
SI_UNIT(.KILO.,.GRAM.)
);
#4424=DERIVED_UNIT((#4421,#4422));
#4425=MEASURE_REPRESENTATION_ITEM('density measure',
POSITIVE_RATIO_MEASURE(7850.),#4424);
#4426=PROPERTY_DEFINITION_REPRESENTATION(#4431,#4428);
#4427=PROPERTY_DEFINITION_REPRESENTATION(#4432,#4429);
#4428=REPRESENTATION('material name',(#4430),#7473);
#4429=REPRESENTATION('density',(#4425),#7473);
#4430=DESCRIPTIVE_REPRESENTATION_ITEM('\X2\92FC\X0\','\X2\92FC\X0\');
#4431=PROPERTY_DEFINITION('material property','material name',#7488);
#4432=PROPERTY_DEFINITION('material property','density of part',#7488);
#4433=AXIS2_PLACEMENT_3D('',#6174,#4871,#4872);
#4434=AXIS2_PLACEMENT_3D('',#6175,#4873,#4874);
#4435=AXIS2_PLACEMENT_3D('',#6176,#4875,#4876);
#4436=AXIS2_PLACEMENT_3D('',#6179,#4877,#4878);
#4437=AXIS2_PLACEMENT_3D('',#6183,#4880,#4881);
#4438=AXIS2_PLACEMENT_3D('',#6185,#4883,#4884);
#4439=AXIS2_PLACEMENT_3D('',#6191,#4888,#4889);
#4440=AXIS2_PLACEMENT_3D('',#6200,#4894,#4895);
#4441=AXIS2_PLACEMENT_3D('',#6202,#4896,#4897);
#4442=AXIS2_PLACEMENT_3D('',#6204,#4898,#4899);
#4443=AXIS2_PLACEMENT_3D('',#6206,#4901,#4902);
#4444=AXIS2_PLACEMENT_3D('',#6209,#4905,#4906);
#4445=AXIS2_PLACEMENT_3D('',#6215,#4910,#4911);
#4446=AXIS2_PLACEMENT_3D('',#6221,#4915,#4916);
#4447=AXIS2_PLACEMENT_3D('',#6223,#4917,#4918);
#4448=AXIS2_PLACEMENT_3D('',#6227,#4920,#4921);
#4449=AXIS2_PLACEMENT_3D('',#6231,#4923,#4924);
#4450=AXIS2_PLACEMENT_3D('',#6235,#4926,#4927);
#4451=AXIS2_PLACEMENT_3D('',#6239,#4929,#4930);
#4452=AXIS2_PLACEMENT_3D('',#6243,#4932,#4933);
#4453=AXIS2_PLACEMENT_3D('',#6247,#4935,#4936);
#4454=AXIS2_PLACEMENT_3D('',#6251,#4938,#4939);
#4455=AXIS2_PLACEMENT_3D('',#6255,#4941,#4942);
#4456=AXIS2_PLACEMENT_3D('',#6259,#4944,#4945);
#4457=AXIS2_PLACEMENT_3D('',#6263,#4947,#4948);
#4458=AXIS2_PLACEMENT_3D('',#6267,#4950,#4951);
#4459=AXIS2_PLACEMENT_3D('',#6269,#4952,#4953);
#4460=AXIS2_PLACEMENT_3D('',#6273,#4955,#4956);
#4461=AXIS2_PLACEMENT_3D('',#6277,#4958,#4959);
#4462=AXIS2_PLACEMENT_3D('',#6281,#4961,#4962);
#4463=AXIS2_PLACEMENT_3D('',#6285,#4964,#4965);
#4464=AXIS2_PLACEMENT_3D('',#6291,#4968,#4969);
#4465=AXIS2_PLACEMENT_3D('',#6297,#4972,#4973);
#4466=AXIS2_PLACEMENT_3D('',#6301,#4975,#4976);
#4467=AXIS2_PLACEMENT_3D('',#6305,#4978,#4979);
#4468=AXIS2_PLACEMENT_3D('',#6309,#4981,#4982);
#4469=AXIS2_PLACEMENT_3D('',#6313,#4984,#4985);
#4470=AXIS2_PLACEMENT_3D('',#6317,#4987,#4988);
#4471=AXIS2_PLACEMENT_3D('',#6319,#4989,#4990);
#4472=AXIS2_PLACEMENT_3D('',#6322,#4992,#4993);
#4473=AXIS2_PLACEMENT_3D('',#6325,#4994,#4995);
#4474=AXIS2_PLACEMENT_3D('',#6329,#4997,#4998);
#4475=AXIS2_PLACEMENT_3D('',#6333,#5000,#5001);
#4476=AXIS2_PLACEMENT_3D('',#6337,#5003,#5004);
#4477=AXIS2_PLACEMENT_3D('',#6341,#5006,#5007);
#4478=AXIS2_PLACEMENT_3D('',#6345,#5009,#5010);
#4479=AXIS2_PLACEMENT_3D('',#6349,#5012,#5013);
#4480=AXIS2_PLACEMENT_3D('',#6353,#5015,#5016);
#4481=AXIS2_PLACEMENT_3D('',#6356,#5018,#5019);
#4482=AXIS2_PLACEMENT_3D('',#6359,#5020,#5021);
#4483=AXIS2_PLACEMENT_3D('',#6363,#5023,#5024);
#4484=AXIS2_PLACEMENT_3D('',#6367,#5026,#5027);
#4485=AXIS2_PLACEMENT_3D('',#6371,#5029,#5030);
#4486=AXIS2_PLACEMENT_3D('',#6375,#5032,#5033);
#4487=AXIS2_PLACEMENT_3D('',#6379,#5035,#5036);
#4488=AXIS2_PLACEMENT_3D('',#6383,#5038,#5039);
#4489=AXIS2_PLACEMENT_3D('',#6387,#5041,#5042);
#4490=AXIS2_PLACEMENT_3D('',#6390,#5044,#5045);
#4491=AXIS2_PLACEMENT_3D('',#6393,#5046,#5047);
#4492=AXIS2_PLACEMENT_3D('',#6397,#5049,#5050);
#4493=AXIS2_PLACEMENT_3D('',#6401,#5052,#5053);
#4494=AXIS2_PLACEMENT_3D('',#6405,#5055,#5056);
#4495=AXIS2_PLACEMENT_3D('',#6409,#5058,#5059);
#4496=AXIS2_PLACEMENT_3D('',#6413,#5061,#5062);
#4497=AXIS2_PLACEMENT_3D('',#6417,#5064,#5065);
#4498=AXIS2_PLACEMENT_3D('',#6421,#5067,#5068);
#4499=AXIS2_PLACEMENT_3D('',#6425,#5070,#5071);
#4500=AXIS2_PLACEMENT_3D('',#6429,#5073,#5074);
#4501=AXIS2_PLACEMENT_3D('',#6433,#5076,#5077);
#4502=AXIS2_PLACEMENT_3D('',#6437,#5079,#5080);
#4503=AXIS2_PLACEMENT_3D('',#6440,#5082,#5083);
#4504=AXIS2_PLACEMENT_3D('',#6443,#5084,#5085);
#4505=AXIS2_PLACEMENT_3D('',#6447,#5087,#5088);
#4506=AXIS2_PLACEMENT_3D('',#6451,#5090,#5091);
#4507=AXIS2_PLACEMENT_3D('',#6455,#5093,#5094);
#4508=AXIS2_PLACEMENT_3D('',#6459,#5096,#5097);
#4509=AXIS2_PLACEMENT_3D('',#6463,#5099,#5100);
#4510=AXIS2_PLACEMENT_3D('',#6467,#5102,#5103);
#4511=AXIS2_PLACEMENT_3D('',#6471,#5105,#5106);
#4512=AXIS2_PLACEMENT_3D('',#6475,#5108,#5109);
#4513=AXIS2_PLACEMENT_3D('',#6479,#5111,#5112);
#4514=AXIS2_PLACEMENT_3D('',#6483,#5114,#5115);
#4515=AXIS2_PLACEMENT_3D('',#6487,#5117,#5118);
#4516=AXIS2_PLACEMENT_3D('',#6491,#5120,#5121);
#4517=AXIS2_PLACEMENT_3D('',#6495,#5123,#5124);
#4518=AXIS2_PLACEMENT_3D('',#6499,#5126,#5127);
#4519=AXIS2_PLACEMENT_3D('',#6503,#5129,#5130);
#4520=AXIS2_PLACEMENT_3D('',#6507,#5132,#5133);
#4521=AXIS2_PLACEMENT_3D('',#6511,#5135,#5136);
#4522=AXIS2_PLACEMENT_3D('',#6515,#5138,#5139);
#4523=AXIS2_PLACEMENT_3D('',#6519,#5141,#5142);
#4524=AXIS2_PLACEMENT_3D('',#6522,#5144,#5145);
#4525=AXIS2_PLACEMENT_3D('',#6525,#5146,#5147);
#4526=AXIS2_PLACEMENT_3D('',#6529,#5149,#5150);
#4527=AXIS2_PLACEMENT_3D('',#6533,#5152,#5153);
#4528=AXIS2_PLACEMENT_3D('',#6537,#5155,#5156);
#4529=AXIS2_PLACEMENT_3D('',#6541,#5158,#5159);
#4530=AXIS2_PLACEMENT_3D('',#6545,#5161,#5162);
#4531=AXIS2_PLACEMENT_3D('',#6549,#5164,#5165);
#4532=AXIS2_PLACEMENT_3D('',#6553,#5167,#5168);
#4533=AXIS2_PLACEMENT_3D('',#6557,#5170,#5171);
#4534=AXIS2_PLACEMENT_3D('',#6561,#5173,#5174);
#4535=AXIS2_PLACEMENT_3D('',#6565,#5176,#5177);
#4536=AXIS2_PLACEMENT_3D('',#6569,#5179,#5180);
#4537=AXIS2_PLACEMENT_3D('',#6573,#5182,#5183);
#4538=AXIS2_PLACEMENT_3D('',#6577,#5185,#5186);
#4539=AXIS2_PLACEMENT_3D('',#6581,#5188,#5189);
#4540=AXIS2_PLACEMENT_3D('',#6585,#5191,#5192);
#4541=AXIS2_PLACEMENT_3D('',#6589,#5194,#5195);
#4542=AXIS2_PLACEMENT_3D('',#6593,#5197,#5198);
#4543=AXIS2_PLACEMENT_3D('',#6597,#5200,#5201);
#4544=AXIS2_PLACEMENT_3D('',#6601,#5203,#5204);
#4545=AXIS2_PLACEMENT_3D('',#6605,#5206,#5207);
#4546=AXIS2_PLACEMENT_3D('',#6609,#5209,#5210);
#4547=AXIS2_PLACEMENT_3D('',#6613,#5212,#5213);
#4548=AXIS2_PLACEMENT_3D('',#6617,#5215,#5216);
#4549=AXIS2_PLACEMENT_3D('',#6621,#5218,#5219);
#4550=AXIS2_PLACEMENT_3D('',#6625,#5221,#5222);
#4551=AXIS2_PLACEMENT_3D('',#6629,#5224,#5225);
#4552=AXIS2_PLACEMENT_3D('',#6633,#5227,#5228);
#4553=AXIS2_PLACEMENT_3D('',#6636,#5230,#5231);
#4554=AXIS2_PLACEMENT_3D('',#6637,#5232,#5233);
#4555=AXIS2_PLACEMENT_3D('',#6643,#5237,#5238);
#4556=AXIS2_PLACEMENT_3D('',#6645,#5239,#5240);
#4557=AXIS2_PLACEMENT_3D('',#6647,#5242,#5243);
#4558=AXIS2_PLACEMENT_3D('',#6651,#5246,#5247);
#4559=AXIS2_PLACEMENT_3D('',#6653,#5248,#5249);
#4560=AXIS2_PLACEMENT_3D('',#6657,#5251,#5252);
#4561=AXIS2_PLACEMENT_3D('',#6659,#5253,#5254);
#4562=AXIS2_PLACEMENT_3D('',#6663,#5256,#5257);
#4563=AXIS2_PLACEMENT_3D('',#6667,#5259,#5260);
#4564=AXIS2_PLACEMENT_3D('',#6671,#5262,#5263);
#4565=AXIS2_PLACEMENT_3D('',#6675,#5265,#5266);
#4566=AXIS2_PLACEMENT_3D('',#6679,#5268,#5269);
#4567=AXIS2_PLACEMENT_3D('',#6684,#5272,#5273);
#4568=AXIS2_PLACEMENT_3D('',#6688,#5275,#5276);
#4569=AXIS2_PLACEMENT_3D('',#6692,#5278,#5279);
#4570=AXIS2_PLACEMENT_3D('',#6696,#5281,#5282);
#4571=AXIS2_PLACEMENT_3D('',#6700,#5284,#5285);
#4572=AXIS2_PLACEMENT_3D('',#6702,#5286,#5287);
#4573=AXIS2_PLACEMENT_3D('',#6706,#5289,#5290);
#4574=AXIS2_PLACEMENT_3D('',#6710,#5292,#5293);
#4575=AXIS2_PLACEMENT_3D('',#6714,#5295,#5296);
#4576=AXIS2_PLACEMENT_3D('',#6718,#5298,#5299);
#4577=AXIS2_PLACEMENT_3D('',#6722,#5301,#5302);
#4578=AXIS2_PLACEMENT_3D('',#6726,#5304,#5305);
#4579=AXIS2_PLACEMENT_3D('',#6730,#5307,#5308);
#4580=AXIS2_PLACEMENT_3D('',#6734,#5310,#5311);
#4581=AXIS2_PLACEMENT_3D('',#6738,#5313,#5314);
#4582=AXIS2_PLACEMENT_3D('',#6742,#5316,#5317);
#4583=AXIS2_PLACEMENT_3D('',#6745,#5319,#5320);
#4584=AXIS2_PLACEMENT_3D('',#6748,#5321,#5322);
#4585=AXIS2_PLACEMENT_3D('',#6752,#5324,#5325);
#4586=AXIS2_PLACEMENT_3D('',#6756,#5327,#5328);
#4587=AXIS2_PLACEMENT_3D('',#6760,#5330,#5331);
#4588=AXIS2_PLACEMENT_3D('',#6764,#5333,#5334);
#4589=AXIS2_PLACEMENT_3D('',#6768,#5336,#5337);
#4590=AXIS2_PLACEMENT_3D('',#6772,#5339,#5340);
#4591=AXIS2_PLACEMENT_3D('',#6776,#5342,#5343);
#4592=AXIS2_PLACEMENT_3D('',#6779,#5345,#5346);
#4593=AXIS2_PLACEMENT_3D('',#6782,#5347,#5348);
#4594=AXIS2_PLACEMENT_3D('',#6786,#5350,#5351);
#4595=AXIS2_PLACEMENT_3D('',#6790,#5353,#5354);
#4596=AXIS2_PLACEMENT_3D('',#6794,#5356,#5357);
#4597=AXIS2_PLACEMENT_3D('',#6798,#5359,#5360);
#4598=AXIS2_PLACEMENT_3D('',#6802,#5362,#5363);
#4599=AXIS2_PLACEMENT_3D('',#6806,#5365,#5366);
#4600=AXIS2_PLACEMENT_3D('',#6810,#5368,#5369);
#4601=AXIS2_PLACEMENT_3D('',#6813,#5371,#5372);
#4602=AXIS2_PLACEMENT_3D('',#6816,#5373,#5374);
#4603=AXIS2_PLACEMENT_3D('',#6820,#5376,#5377);
#4604=AXIS2_PLACEMENT_3D('',#6824,#5379,#5380);
#4605=AXIS2_PLACEMENT_3D('',#6828,#5382,#5383);
#4606=AXIS2_PLACEMENT_3D('',#6832,#5385,#5386);
#4607=AXIS2_PLACEMENT_3D('',#6836,#5388,#5389);
#4608=AXIS2_PLACEMENT_3D('',#6840,#5391,#5392);
#4609=AXIS2_PLACEMENT_3D('',#6844,#5394,#5395);
#4610=AXIS2_PLACEMENT_3D('',#6848,#5397,#5398);
#4611=AXIS2_PLACEMENT_3D('',#6852,#5400,#5401);
#4612=AXIS2_PLACEMENT_3D('',#6856,#5403,#5404);
#4613=AXIS2_PLACEMENT_3D('',#6860,#5406,#5407);
#4614=AXIS2_PLACEMENT_3D('',#6863,#5409,#5410);
#4615=AXIS2_PLACEMENT_3D('',#6866,#5411,#5412);
#4616=AXIS2_PLACEMENT_3D('',#6870,#5414,#5415);
#4617=AXIS2_PLACEMENT_3D('',#6874,#5417,#5418);
#4618=AXIS2_PLACEMENT_3D('',#6878,#5420,#5421);
#4619=AXIS2_PLACEMENT_3D('',#6882,#5423,#5424);
#4620=AXIS2_PLACEMENT_3D('',#6886,#5426,#5427);
#4621=AXIS2_PLACEMENT_3D('',#6890,#5429,#5430);
#4622=AXIS2_PLACEMENT_3D('',#6894,#5432,#5433);
#4623=AXIS2_PLACEMENT_3D('',#6898,#5435,#5436);
#4624=AXIS2_PLACEMENT_3D('',#6902,#5438,#5439);
#4625=AXIS2_PLACEMENT_3D('',#6906,#5441,#5442);
#4626=AXIS2_PLACEMENT_3D('',#6910,#5444,#5445);
#4627=AXIS2_PLACEMENT_3D('',#6914,#5447,#5448);
#4628=AXIS2_PLACEMENT_3D('',#6918,#5450,#5451);
#4629=AXIS2_PLACEMENT_3D('',#6922,#5453,#5454);
#4630=AXIS2_PLACEMENT_3D('',#6926,#5456,#5457);
#4631=AXIS2_PLACEMENT_3D('',#6930,#5459,#5460);
#4632=AXIS2_PLACEMENT_3D('',#6934,#5462,#5463);
#4633=AXIS2_PLACEMENT_3D('',#6938,#5465,#5466);
#4634=AXIS2_PLACEMENT_3D('',#6942,#5468,#5469);
#4635=AXIS2_PLACEMENT_3D('',#6945,#5471,#5472);
#4636=AXIS2_PLACEMENT_3D('',#6948,#5473,#5474);
#4637=AXIS2_PLACEMENT_3D('',#6952,#5476,#5477);
#4638=AXIS2_PLACEMENT_3D('',#6956,#5479,#5480);
#4639=AXIS2_PLACEMENT_3D('',#6960,#5482,#5483);
#4640=AXIS2_PLACEMENT_3D('',#6964,#5485,#5486);
#4641=AXIS2_PLACEMENT_3D('',#6968,#5488,#5489);
#4642=AXIS2_PLACEMENT_3D('',#6972,#5491,#5492);
#4643=AXIS2_PLACEMENT_3D('',#6976,#5494,#5495);
#4644=AXIS2_PLACEMENT_3D('',#6980,#5497,#5498);
#4645=AXIS2_PLACEMENT_3D('',#6984,#5500,#5501);
#4646=AXIS2_PLACEMENT_3D('',#6988,#5503,#5504);
#4647=AXIS2_PLACEMENT_3D('',#6992,#5506,#5507);
#4648=AXIS2_PLACEMENT_3D('',#6996,#5509,#5510);
#4649=AXIS2_PLACEMENT_3D('',#7000,#5512,#5513);
#4650=AXIS2_PLACEMENT_3D('',#7004,#5515,#5516);
#4651=AXIS2_PLACEMENT_3D('',#7008,#5518,#5519);
#4652=AXIS2_PLACEMENT_3D('',#7012,#5521,#5522);
#4653=AXIS2_PLACEMENT_3D('',#7016,#5524,#5525);
#4654=AXIS2_PLACEMENT_3D('',#7020,#5527,#5528);
#4655=AXIS2_PLACEMENT_3D('',#7024,#5530,#5531);
#4656=AXIS2_PLACEMENT_3D('',#7028,#5533,#5534);
#4657=AXIS2_PLACEMENT_3D('',#7032,#5536,#5537);
#4658=AXIS2_PLACEMENT_3D('',#7036,#5539,#5540);
#4659=AXIS2_PLACEMENT_3D('',#7040,#5542,#5543);
#4660=AXIS2_PLACEMENT_3D('',#7044,#5545,#5546);
#4661=AXIS2_PLACEMENT_3D('',#7048,#5548,#5549);
#4662=AXIS2_PLACEMENT_3D('',#7052,#5551,#5552);
#4663=AXIS2_PLACEMENT_3D('',#7056,#5554,#5555);
#4664=AXIS2_PLACEMENT_3D('',#7059,#5557,#5558);
#4665=AXIS2_PLACEMENT_3D('',#7060,#5559,#5560);
#4666=AXIS2_PLACEMENT_3D('',#7062,#5562,#5563);
#4667=AXIS2_PLACEMENT_3D('',#7065,#5566,#5567);
#4668=AXIS2_PLACEMENT_3D('',#7067,#5569,#5570);
#4669=AXIS2_PLACEMENT_3D('',#7069,#5572,#5573);
#4670=AXIS2_PLACEMENT_3D('',#7071,#5575,#5576);
#4671=AXIS2_PLACEMENT_3D('',#7073,#5578,#5579);
#4672=AXIS2_PLACEMENT_3D('',#7075,#5581,#5582);
#4673=AXIS2_PLACEMENT_3D('',#7077,#5584,#5585);
#4674=AXIS2_PLACEMENT_3D('',#7079,#5587,#5588);
#4675=AXIS2_PLACEMENT_3D('',#7081,#5590,#5591);
#4676=AXIS2_PLACEMENT_3D('',#7083,#5593,#5594);
#4677=AXIS2_PLACEMENT_3D('',#7085,#5596,#5597);
#4678=AXIS2_PLACEMENT_3D('',#7087,#5599,#5600);
#4679=AXIS2_PLACEMENT_3D('',#7089,#5602,#5603);
#4680=AXIS2_PLACEMENT_3D('',#7091,#5605,#5606);
#4681=AXIS2_PLACEMENT_3D('',#7093,#5608,#5609);
#4682=AXIS2_PLACEMENT_3D('',#7094,#5610,#5611);
#4683=AXIS2_PLACEMENT_3D('',#7096,#5613,#5614);
#4684=AXIS2_PLACEMENT_3D('',#7098,#5616,#5617);
#4685=AXIS2_PLACEMENT_3D('',#7100,#5619,#5620);
#4686=AXIS2_PLACEMENT_3D('',#7102,#5622,#5623);
#4687=AXIS2_PLACEMENT_3D('',#7104,#5625,#5626);
#4688=AXIS2_PLACEMENT_3D('',#7106,#5628,#5629);
#4689=AXIS2_PLACEMENT_3D('',#7108,#5631,#5632);
#4690=AXIS2_PLACEMENT_3D('',#7110,#5634,#5635);
#4691=AXIS2_PLACEMENT_3D('',#7112,#5637,#5638);
#4692=AXIS2_PLACEMENT_3D('',#7114,#5640,#5641);
#4693=AXIS2_PLACEMENT_3D('',#7116,#5643,#5644);
#4694=AXIS2_PLACEMENT_3D('',#7118,#5646,#5647);
#4695=AXIS2_PLACEMENT_3D('',#7120,#5649,#5650);
#4696=AXIS2_PLACEMENT_3D('',#7122,#5652,#5653);
#4697=AXIS2_PLACEMENT_3D('',#7124,#5655,#5656);
#4698=AXIS2_PLACEMENT_3D('',#7126,#5658,#5659);
#4699=AXIS2_PLACEMENT_3D('',#7128,#5661,#5662);
#4700=AXIS2_PLACEMENT_3D('',#7130,#5664,#5665);
#4701=AXIS2_PLACEMENT_3D('',#7132,#5667,#5668);
#4702=AXIS2_PLACEMENT_3D('',#7134,#5670,#5671);
#4703=AXIS2_PLACEMENT_3D('',#7136,#5673,#5674);
#4704=AXIS2_PLACEMENT_3D('',#7138,#5676,#5677);
#4705=AXIS2_PLACEMENT_3D('',#7140,#5679,#5680);
#4706=AXIS2_PLACEMENT_3D('',#7142,#5682,#5683);
#4707=AXIS2_PLACEMENT_3D('',#7144,#5685,#5686);
#4708=AXIS2_PLACEMENT_3D('',#7146,#5688,#5689);
#4709=AXIS2_PLACEMENT_3D('',#7148,#5691,#5692);
#4710=AXIS2_PLACEMENT_3D('',#7150,#5694,#5695);
#4711=AXIS2_PLACEMENT_3D('',#7151,#5696,#5697);
#4712=AXIS2_PLACEMENT_3D('',#7153,#5699,#5700);
#4713=AXIS2_PLACEMENT_3D('',#7154,#5701,#5702);
#4714=AXIS2_PLACEMENT_3D('',#7157,#5705,#5706);
#4715=AXIS2_PLACEMENT_3D('',#7159,#5708,#5709);
#4716=AXIS2_PLACEMENT_3D('',#7161,#5711,#5712);
#4717=AXIS2_PLACEMENT_3D('',#7163,#5714,#5715);
#4718=AXIS2_PLACEMENT_3D('',#7165,#5717,#5718);
#4719=AXIS2_PLACEMENT_3D('',#7167,#5720,#5721);
#4720=AXIS2_PLACEMENT_3D('',#7169,#5723,#5724);
#4721=AXIS2_PLACEMENT_3D('',#7170,#5725,#5726);
#4722=AXIS2_PLACEMENT_3D('',#7173,#5729,#5730);
#4723=AXIS2_PLACEMENT_3D('',#7175,#5732,#5733);
#4724=AXIS2_PLACEMENT_3D('',#7177,#5735,#5736);
#4725=AXIS2_PLACEMENT_3D('',#7179,#5738,#5739);
#4726=AXIS2_PLACEMENT_3D('',#7181,#5741,#5742);
#4727=AXIS2_PLACEMENT_3D('',#7183,#5744,#5745);
#4728=AXIS2_PLACEMENT_3D('',#7185,#5747,#5748);
#4729=AXIS2_PLACEMENT_3D('',#7186,#5749,#5750);
#4730=AXIS2_PLACEMENT_3D('',#7188,#5752,#5753);
#4731=AXIS2_PLACEMENT_3D('',#7191,#5756,#5757);
#4732=AXIS2_PLACEMENT_3D('',#7193,#5759,#5760);
#4733=AXIS2_PLACEMENT_3D('',#7195,#5762,#5763);
#4734=AXIS2_PLACEMENT_3D('',#7197,#5765,#5766);
#4735=AXIS2_PLACEMENT_3D('',#7199,#5768,#5769);
#4736=AXIS2_PLACEMENT_3D('',#7201,#5771,#5772);
#4737=AXIS2_PLACEMENT_3D('',#7203,#5774,#5775);
#4738=AXIS2_PLACEMENT_3D('',#7204,#5776,#5777);
#4739=AXIS2_PLACEMENT_3D('',#7207,#5780,#5781);
#4740=AXIS2_PLACEMENT_3D('',#7209,#5783,#5784);
#4741=AXIS2_PLACEMENT_3D('',#7211,#5786,#5787);
#4742=AXIS2_PLACEMENT_3D('',#7213,#5789,#5790);
#4743=AXIS2_PLACEMENT_3D('',#7215,#5792,#5793);
#4744=AXIS2_PLACEMENT_3D('',#7217,#5795,#5796);
#4745=AXIS2_PLACEMENT_3D('',#7219,#5798,#5799);
#4746=AXIS2_PLACEMENT_3D('',#7220,#5800,#5801);
#4747=AXIS2_PLACEMENT_3D('',#7222,#5803,#5804);
#4748=AXIS2_PLACEMENT_3D('',#7225,#5807,#5808);
#4749=AXIS2_PLACEMENT_3D('',#7227,#5810,#5811);
#4750=AXIS2_PLACEMENT_3D('',#7229,#5813,#5814);
#4751=AXIS2_PLACEMENT_3D('',#7231,#5816,#5817);
#4752=AXIS2_PLACEMENT_3D('',#7233,#5819,#5820);
#4753=AXIS2_PLACEMENT_3D('',#7235,#5822,#5823);
#4754=AXIS2_PLACEMENT_3D('',#7237,#5825,#5826);
#4755=AXIS2_PLACEMENT_3D('',#7238,#5827,#5828);
#4756=AXIS2_PLACEMENT_3D('',#7241,#5831,#5832);
#4757=AXIS2_PLACEMENT_3D('',#7243,#5834,#5835);
#4758=AXIS2_PLACEMENT_3D('',#7245,#5837,#5838);
#4759=AXIS2_PLACEMENT_3D('',#7247,#5840,#5841);
#4760=AXIS2_PLACEMENT_3D('',#7249,#5843,#5844);
#4761=AXIS2_PLACEMENT_3D('',#7251,#5846,#5847);
#4762=AXIS2_PLACEMENT_3D('',#7253,#5849,#5850);
#4763=AXIS2_PLACEMENT_3D('',#7254,#5851,#5852);
#4764=AXIS2_PLACEMENT_3D('',#7257,#5855,#5856);
#4765=AXIS2_PLACEMENT_3D('',#7259,#5858,#5859);
#4766=AXIS2_PLACEMENT_3D('',#7261,#5861,#5862);
#4767=AXIS2_PLACEMENT_3D('',#7263,#5864,#5865);
#4768=AXIS2_PLACEMENT_3D('',#7265,#5867,#5868);
#4769=AXIS2_PLACEMENT_3D('',#7267,#5870,#5871);
#4770=AXIS2_PLACEMENT_3D('',#7269,#5873,#5874);
#4771=AXIS2_PLACEMENT_3D('',#7270,#5875,#5876);
#4772=AXIS2_PLACEMENT_3D('',#7272,#5878,#5879);
#4773=AXIS2_PLACEMENT_3D('',#7275,#5882,#5883);
#4774=AXIS2_PLACEMENT_3D('',#7277,#5885,#5886);
#4775=AXIS2_PLACEMENT_3D('',#7279,#5888,#5889);
#4776=AXIS2_PLACEMENT_3D('',#7281,#5891,#5892);
#4777=AXIS2_PLACEMENT_3D('',#7283,#5894,#5895);
#4778=AXIS2_PLACEMENT_3D('',#7285,#5897,#5898);
#4779=AXIS2_PLACEMENT_3D('',#7287,#5900,#5901);
#4780=AXIS2_PLACEMENT_3D('',#7288,#5902,#5903);
#4781=AXIS2_PLACEMENT_3D('',#7291,#5906,#5907);
#4782=AXIS2_PLACEMENT_3D('',#7293,#5909,#5910);
#4783=AXIS2_PLACEMENT_3D('',#7295,#5912,#5913);
#4784=AXIS2_PLACEMENT_3D('',#7297,#5915,#5916);
#4785=AXIS2_PLACEMENT_3D('',#7299,#5918,#5919);
#4786=AXIS2_PLACEMENT_3D('',#7301,#5921,#5922);
#4787=AXIS2_PLACEMENT_3D('',#7303,#5924,#5925);
#4788=AXIS2_PLACEMENT_3D('',#7304,#5926,#5927);
#4789=AXIS2_PLACEMENT_3D('',#7307,#5930,#5931);
#4790=AXIS2_PLACEMENT_3D('',#7309,#5933,#5934);
#4791=AXIS2_PLACEMENT_3D('',#7311,#5936,#5937);
#4792=AXIS2_PLACEMENT_3D('',#7313,#5939,#5940);
#4793=AXIS2_PLACEMENT_3D('',#7315,#5942,#5943);
#4794=AXIS2_PLACEMENT_3D('',#7317,#5945,#5946);
#4795=AXIS2_PLACEMENT_3D('',#7319,#5948,#5949);
#4796=AXIS2_PLACEMENT_3D('',#7320,#5950,#5951);
#4797=AXIS2_PLACEMENT_3D('',#7323,#5954,#5955);
#4798=AXIS2_PLACEMENT_3D('',#7325,#5957,#5958);
#4799=AXIS2_PLACEMENT_3D('',#7327,#5960,#5961);
#4800=AXIS2_PLACEMENT_3D('',#7329,#5963,#5964);
#4801=AXIS2_PLACEMENT_3D('',#7331,#5966,#5967);
#4802=AXIS2_PLACEMENT_3D('',#7333,#5969,#5970);
#4803=AXIS2_PLACEMENT_3D('',#7335,#5972,#5973);
#4804=AXIS2_PLACEMENT_3D('',#7336,#5974,#5975);
#4805=AXIS2_PLACEMENT_3D('',#7339,#5978,#5979);
#4806=AXIS2_PLACEMENT_3D('',#7341,#5981,#5982);
#4807=AXIS2_PLACEMENT_3D('',#7343,#5984,#5985);
#4808=AXIS2_PLACEMENT_3D('',#7345,#5987,#5988);
#4809=AXIS2_PLACEMENT_3D('',#7347,#5990,#5991);
#4810=AXIS2_PLACEMENT_3D('',#7349,#5993,#5994);
#4811=AXIS2_PLACEMENT_3D('',#7351,#5996,#5997);
#4812=AXIS2_PLACEMENT_3D('',#7352,#5998,#5999);
#4813=AXIS2_PLACEMENT_3D('',#7354,#6001,#6002);
#4814=AXIS2_PLACEMENT_3D('',#7357,#6005,#6006);
#4815=AXIS2_PLACEMENT_3D('',#7359,#6008,#6009);
#4816=AXIS2_PLACEMENT_3D('',#7361,#6011,#6012);
#4817=AXIS2_PLACEMENT_3D('',#7363,#6014,#6015);
#4818=AXIS2_PLACEMENT_3D('',#7365,#6017,#6018);
#4819=AXIS2_PLACEMENT_3D('',#7367,#6020,#6021);
#4820=AXIS2_PLACEMENT_3D('',#7369,#6023,#6024);
#4821=AXIS2_PLACEMENT_3D('',#7370,#6025,#6026);
#4822=AXIS2_PLACEMENT_3D('',#7373,#6029,#6030);
#4823=AXIS2_PLACEMENT_3D('',#7375,#6032,#6033);
#4824=AXIS2_PLACEMENT_3D('',#7377,#6035,#6036);
#4825=AXIS2_PLACEMENT_3D('',#7379,#6038,#6039);
#4826=AXIS2_PLACEMENT_3D('',#7381,#6041,#6042);
#4827=AXIS2_PLACEMENT_3D('',#7383,#6044,#6045);
#4828=AXIS2_PLACEMENT_3D('',#7385,#6047,#6048);
#4829=AXIS2_PLACEMENT_3D('',#7386,#6049,#6050);
#4830=AXIS2_PLACEMENT_3D('',#7389,#6053,#6054);
#4831=AXIS2_PLACEMENT_3D('',#7391,#6056,#6057);
#4832=AXIS2_PLACEMENT_3D('',#7393,#6059,#6060);
#4833=AXIS2_PLACEMENT_3D('',#7395,#6062,#6063);
#4834=AXIS2_PLACEMENT_3D('',#7397,#6065,#6066);
#4835=AXIS2_PLACEMENT_3D('',#7399,#6068,#6069);
#4836=AXIS2_PLACEMENT_3D('',#7401,#6071,#6072);
#4837=AXIS2_PLACEMENT_3D('',#7402,#6073,#6074);
#4838=AXIS2_PLACEMENT_3D('',#7405,#6077,#6078);
#4839=AXIS2_PLACEMENT_3D('',#7407,#6080,#6081);
#4840=AXIS2_PLACEMENT_3D('',#7409,#6083,#6084);
#4841=AXIS2_PLACEMENT_3D('',#7411,#6086,#6087);
#4842=AXIS2_PLACEMENT_3D('',#7413,#6089,#6090);
#4843=AXIS2_PLACEMENT_3D('',#7415,#6092,#6093);
#4844=AXIS2_PLACEMENT_3D('',#7417,#6095,#6096);
#4845=AXIS2_PLACEMENT_3D('',#7418,#6097,#6098);
#4846=AXIS2_PLACEMENT_3D('',#7421,#6101,#6102);
#4847=AXIS2_PLACEMENT_3D('',#7423,#6104,#6105);
#4848=AXIS2_PLACEMENT_3D('',#7425,#6107,#6108);
#4849=AXIS2_PLACEMENT_3D('',#7427,#6110,#6111);
#4850=AXIS2_PLACEMENT_3D('',#7429,#6113,#6114);
#4851=AXIS2_PLACEMENT_3D('',#7431,#6116,#6117);
#4852=AXIS2_PLACEMENT_3D('',#7433,#6119,#6120);
#4853=AXIS2_PLACEMENT_3D('',#7434,#6121,#6122);
#4854=AXIS2_PLACEMENT_3D('',#7437,#6125,#6126);
#4855=AXIS2_PLACEMENT_3D('',#7439,#6128,#6129);
#4856=AXIS2_PLACEMENT_3D('',#7441,#6131,#6132);
#4857=AXIS2_PLACEMENT_3D('',#7443,#6134,#6135);
#4858=AXIS2_PLACEMENT_3D('',#7445,#6137,#6138);
#4859=AXIS2_PLACEMENT_3D('',#7447,#6140,#6141);
#4860=AXIS2_PLACEMENT_3D('',#7449,#6143,#6144);
#4861=AXIS2_PLACEMENT_3D('',#7450,#6145,#6146);
#4862=AXIS2_PLACEMENT_3D('',#7453,#6149,#6150);
#4863=AXIS2_PLACEMENT_3D('',#7455,#6152,#6153);
#4864=AXIS2_PLACEMENT_3D('',#7457,#6155,#6156);
#4865=AXIS2_PLACEMENT_3D('',#7459,#6158,#6159);
#4866=AXIS2_PLACEMENT_3D('',#7461,#6161,#6162);
#4867=AXIS2_PLACEMENT_3D('',#7463,#6164,#6165);
#4868=AXIS2_PLACEMENT_3D('',#7465,#6167,#6168);
#4869=AXIS2_PLACEMENT_3D('',#7466,#6169,#6170);
#4870=AXIS2_PLACEMENT_3D('',#7468,#6172,#6173);
#4871=DIRECTION('axis',(0.,0.,1.));
#4872=DIRECTION('refdir',(1.,0.,0.));
#4873=DIRECTION('axis',(0.,0.,1.));
#4874=DIRECTION('refdir',(1.,0.,0.));
#4875=DIRECTION('center_axis',(0.,0.,-1.));
#4876=DIRECTION('ref_axis',(1.,0.,0.));
#4877=DIRECTION('center_axis',(0.,0.,1.));
#4878=DIRECTION('ref_axis',(1.,0.,0.));
#4879=DIRECTION('',(0.,0.,-1.));
#4880=DIRECTION('center_axis',(0.,0.,-1.));
#4881=DIRECTION('ref_axis',(1.,0.,0.));
#4882=DIRECTION('',(0.,0.,-1.));
#4883=DIRECTION('center_axis',(0.,1.,0.));
#4884=DIRECTION('ref_axis',(1.,0.,0.));
#4885=DIRECTION('',(-1.,0.,0.));
#4886=DIRECTION('',(1.,0.,0.));
#4887=DIRECTION('',(0.,0.,1.));
#4888=DIRECTION('center_axis',(0.,-1.,0.));
#4889=DIRECTION('ref_axis',(-1.,0.,0.));
#4890=DIRECTION('',(1.,0.,0.));
#4891=DIRECTION('',(0.,0.,-1.));
#4892=DIRECTION('',(-1.,0.,0.));
#4893=DIRECTION('',(0.,0.,-1.));
#4894=DIRECTION('center_axis',(0.,0.,-1.));
#4895=DIRECTION('ref_axis',(1.77635683940023E-14,-1.,0.));
#4896=DIRECTION('center_axis',(0.,0.,1.));
#4897=DIRECTION('ref_axis',(1.77635683940023E-14,-1.,0.));
#4898=DIRECTION('center_axis',(0.,0.,-1.));
#4899=DIRECTION('ref_axis',(1.77635683940023E-14,-1.,0.));
#4900=DIRECTION('',(0.,0.,-1.));
#4901=DIRECTION('center_axis',(1.,-3.55271367880049E-14,0.));
#4902=DIRECTION('ref_axis',(-3.55271367880049E-14,-1.,0.));
#4903=DIRECTION('',(3.55271367880049E-14,1.,0.));
#4904=DIRECTION('',(-3.55271367880049E-14,-1.,0.));
#4905=DIRECTION('center_axis',(-1.,0.,0.));
#4906=DIRECTION('ref_axis',(0.,1.,0.));
#4907=DIRECTION('',(0.,1.,0.));
#4908=DIRECTION('',(0.,0.,1.));
#4909=DIRECTION('',(0.,1.,0.));
#4910=DIRECTION('center_axis',(-1.,0.,0.));
#4911=DIRECTION('ref_axis',(0.,1.,0.));
#4912=DIRECTION('',(0.,1.,0.));
#4913=DIRECTION('',(0.,0.,1.));
#4914=DIRECTION('',(0.,1.,0.));
#4915=DIRECTION('center_axis',(0.,0.,1.));
#4916=DIRECTION('ref_axis',(1.,0.,0.));
#4917=DIRECTION('center_axis',(0.,0.,-1.));
#4918=DIRECTION('ref_axis',(7.47075734953692E-7,-0.999999999999721,0.));
#4919=DIRECTION('',(-1.,0.,0.));
#4920=DIRECTION('center_axis',(0.,0.,-1.));
#4921=DIRECTION('ref_axis',(0.999999999999721,7.47075749164592E-7,0.));
#4922=DIRECTION('',(0.,-1.,0.));
#4923=DIRECTION('center_axis',(0.,0.,1.));
#4924=DIRECTION('ref_axis',(7.47075734953692E-7,0.999999999999721,0.));
#4925=DIRECTION('',(-1.,0.,0.));
#4926=DIRECTION('center_axis',(0.,0.,-1.));
#4927=DIRECTION('ref_axis',(0.999999999999721,7.47075749164592E-7,0.));
#4928=DIRECTION('',(0.,-1.,0.));
#4929=DIRECTION('center_axis',(0.,0.,1.));
#4930=DIRECTION('ref_axis',(7.47075734953692E-7,0.999999999999721,0.));
#4931=DIRECTION('',(-1.,0.,0.));
#4932=DIRECTION('center_axis',(0.,0.,-1.));
#4933=DIRECTION('ref_axis',(0.999999999999721,7.47075749164592E-7,0.));
#4934=DIRECTION('',(0.,-1.,0.));
#4935=DIRECTION('center_axis',(0.,0.,-1.));
#4936=DIRECTION('ref_axis',(-7.47075734953692E-7,0.999999999999721,0.));
#4937=DIRECTION('',(1.,0.,0.));
#4938=DIRECTION('center_axis',(0.,0.,1.));
#4939=DIRECTION('ref_axis',(-0.999999999999721,7.47075749164592E-7,0.));
#4940=DIRECTION('',(0.,-1.,0.));
#4941=DIRECTION('center_axis',(0.,0.,-1.));
#4942=DIRECTION('ref_axis',(-7.47075763375392E-7,0.999999999999721,0.));
#4943=DIRECTION('',(1.,0.,0.));
#4944=DIRECTION('center_axis',(0.,0.,1.));
#4945=DIRECTION('ref_axis',(-0.999999999999721,7.47075756269992E-7,0.));
#4946=DIRECTION('',(0.,-1.,0.));
#4947=DIRECTION('center_axis',(0.,0.,-1.));
#4948=DIRECTION('ref_axis',(-7.47075763375392E-7,0.999999999999721,0.));
#4949=DIRECTION('',(1.,0.,0.));
#4950=DIRECTION('center_axis',(0.,0.,1.));
#4951=DIRECTION('ref_axis',(-0.999999999996443,-2.66713916262218E-6,0.));
#4952=DIRECTION('center_axis',(0.,0.,-1.));
#4953=DIRECTION('ref_axis',(2.66713916262218E-6,0.999999999996443,0.));
#4954=DIRECTION('',(1.,0.,0.));
#4955=DIRECTION('center_axis',(0.,0.,-1.));
#4956=DIRECTION('ref_axis',(-0.999999999999721,-7.47075734953692E-7,0.));
#4957=DIRECTION('',(0.,1.,0.));
#4958=DIRECTION('center_axis',(0.,0.,1.));
#4959=DIRECTION('ref_axis',(-7.47075734953692E-7,-0.999999999999721,0.));
#4960=DIRECTION('',(1.,0.,0.));
#4961=DIRECTION('center_axis',(0.,0.,-1.));
#4962=DIRECTION('ref_axis',(-0.999999999999721,-7.47075734953692E-7,0.));
#4963=DIRECTION('',(0.,1.,0.));
#4964=DIRECTION('center_axis',(0.,0.,1.));
#4965=DIRECTION('ref_axis',(-7.47075734953692E-7,-0.999999999999721,0.));
#4966=DIRECTION('',(1.,0.,0.));
#4967=DIRECTION('',(-2.35639172573487E-15,-1.,0.));
#4968=DIRECTION('center_axis',(0.,0.,-1.));
#4969=DIRECTION('ref_axis',(0.,-1.,0.));
#4970=DIRECTION('',(-1.,0.,0.));
#4971=DIRECTION('',(0.,1.,0.));
#4972=DIRECTION('center_axis',(0.,0.,1.));
#4973=DIRECTION('ref_axis',(0.50000586235489,-0.866022019125809,0.));
#4974=DIRECTION('',(0.866025405764813,0.499999996569892,0.));
#4975=DIRECTION('center_axis',(0.,0.,-1.));
#4976=DIRECTION('ref_axis',(-0.866067937090156,-0.49992632291609,0.));
#4977=DIRECTION('',(-0.499999997967083,0.866025404958144,0.));
#4978=DIRECTION('center_axis',(0.,0.,-1.));
#4979=DIRECTION('ref_axis',(0.258888085704953,-0.965907324270825,0.));
#4980=DIRECTION('',(-0.965925822403948,-0.258819059601986,0.));
#4981=DIRECTION('center_axis',(0.,0.,-1.));
#4982=DIRECTION('ref_axis',(0.965951477536805,0.258723294359948,0.));
#4983=DIRECTION('',(0.258818982664104,-0.965925843019389,0.));
#4984=DIRECTION('center_axis',(0.,0.,1.));
#4985=DIRECTION('ref_axis',(-2.38144085517393E-7,0.999999999999972,0.));
#4986=DIRECTION('',(-1.,0.,0.));
#4987=DIRECTION('center_axis',(0.,0.,-1.));
#4988=DIRECTION('ref_axis',(0.999999999999721,7.47075720742792E-7,0.));
#4989=DIRECTION('center_axis',(0.,0.,1.));
#4990=DIRECTION('ref_axis',(7.47075720742792E-7,0.999999999999721,0.));
#4991=DIRECTION('',(-1.,0.,0.));
#4992=DIRECTION('center_axis',(0.,0.,1.));
#4993=DIRECTION('ref_axis',(0.999999999999721,-7.47075749164592E-7,0.));
#4994=DIRECTION('center_axis',(0.,0.,1.));
#4995=DIRECTION('ref_axis',(0.866020779572154,0.500008009285089,0.));
#4996=DIRECTION('',(-0.499999979205939,0.866025415789895,0.));
#4997=DIRECTION('center_axis',(0.,0.,1.));
#4998=DIRECTION('ref_axis',(0.500008009285089,-0.866020779572154,0.));
#4999=DIRECTION('',(0.866025415789895,0.499999979205939,0.));
#5000=DIRECTION('center_axis',(0.,0.,1.));
#5001=DIRECTION('ref_axis',(-0.866020779572154,-0.500008009285089,0.));
#5002=DIRECTION('',(0.499999979205939,-0.866025415789895,0.));
#5003=DIRECTION('center_axis',(0.,0.,1.));
#5004=DIRECTION('ref_axis',(-0.500008009285089,0.866020779572154,0.));
#5005=DIRECTION('',(-0.866025415789895,-0.499999979205939,0.));
#5006=DIRECTION('center_axis',(0.,0.,1.));
#5007=DIRECTION('ref_axis',(0.965925886729697,0.258818819534919,0.));
#5008=DIRECTION('',(-0.258819050290022,0.965925824899082,0.));
#5009=DIRECTION('center_axis',(0.,0.,1.));
#5010=DIRECTION('ref_axis',(0.258818819534919,-0.965925886729697,0.));
#5011=DIRECTION('',(0.965925824899082,0.258819050290022,0.));
#5012=DIRECTION('center_axis',(0.,0.,1.));
#5013=DIRECTION('ref_axis',(-0.965925886729697,-0.258818819534919,0.));
#5014=DIRECTION('',(0.258819050290022,-0.965925824899082,0.));
#5015=DIRECTION('center_axis',(0.,0.,1.));
#5016=DIRECTION('ref_axis',(-0.258818819534919,0.965925886729697,0.));
#5017=DIRECTION('',(-0.965925824899082,-0.258819050290022,0.));
#5018=DIRECTION('center_axis',(0.,0.,-1.));
#5019=DIRECTION('ref_axis',(0.,-1.,0.));
#5020=DIRECTION('center_axis',(0.,0.,1.));
#5021=DIRECTION('ref_axis',(-4.18456954638102E-6,0.999999999991245,0.));
#5022=DIRECTION('',(-1.,0.,0.));
#5023=DIRECTION('center_axis',(0.,0.,1.));
#5024=DIRECTION('ref_axis',(0.999999999991245,4.18456954638102E-6,0.));
#5025=DIRECTION('',(0.,1.,0.));
#5026=DIRECTION('center_axis',(0.,0.,1.));
#5027=DIRECTION('ref_axis',(4.18456954638102E-6,-0.999999999991245,0.));
#5028=DIRECTION('',(1.,0.,0.));
#5029=DIRECTION('center_axis',(0.,0.,1.));
#5030=DIRECTION('ref_axis',(-0.999999999991245,-4.18456954638102E-6,0.));
#5031=DIRECTION('',(0.,-1.,0.));
#5032=DIRECTION('center_axis',(0.,0.,1.));
#5033=DIRECTION('ref_axis',(-4.18456954638102E-6,0.999999999991245,0.));
#5034=DIRECTION('',(-1.,0.,0.));
#5035=DIRECTION('center_axis',(0.,0.,1.));
#5036=DIRECTION('ref_axis',(0.999999999991245,4.18456954638102E-6,0.));
#5037=DIRECTION('',(0.,1.,0.));
#5038=DIRECTION('center_axis',(0.,0.,1.));
#5039=DIRECTION('ref_axis',(4.18456954638102E-6,-0.999999999991245,0.));
#5040=DIRECTION('',(1.,0.,0.));
#5041=DIRECTION('center_axis',(0.,0.,1.));
#5042=DIRECTION('ref_axis',(-0.999999999991245,-4.18456954638102E-6,0.));
#5043=DIRECTION('',(0.,-1.,0.));
#5044=DIRECTION('center_axis',(0.,0.,-1.));
#5045=DIRECTION('ref_axis',(0.,-1.,0.));
#5046=DIRECTION('center_axis',(0.,0.,1.));
#5047=DIRECTION('ref_axis',(-4.18456954638102E-6,0.999999999991245,0.));
#5048=DIRECTION('',(-1.,0.,0.));
#5049=DIRECTION('center_axis',(0.,0.,1.));
#5050=DIRECTION('ref_axis',(0.999999999991245,4.18456954638102E-6,0.));
#5051=DIRECTION('',(0.,1.,0.));
#5052=DIRECTION('center_axis',(0.,0.,1.));
#5053=DIRECTION('ref_axis',(4.18456954638102E-6,-0.999999999991245,0.));
#5054=DIRECTION('',(1.,0.,0.));
#5055=DIRECTION('center_axis',(0.,0.,1.));
#5056=DIRECTION('ref_axis',(-0.999999999991245,-4.18456954638102E-6,0.));
#5057=DIRECTION('',(0.,-1.,0.));
#5058=DIRECTION('center_axis',(0.,0.,1.));
#5059=DIRECTION('ref_axis',(-4.18456954638102E-6,0.999999999991245,0.));
#5060=DIRECTION('',(-1.,0.,0.));
#5061=DIRECTION('center_axis',(0.,0.,1.));
#5062=DIRECTION('ref_axis',(0.999999999991245,4.18456962532902E-6,0.));
#5063=DIRECTION('',(0.,1.,0.));
#5064=DIRECTION('center_axis',(0.,0.,1.));
#5065=DIRECTION('ref_axis',(4.18456966480402E-6,-0.999999999991245,0.));
#5066=DIRECTION('',(1.,0.,0.));
#5067=DIRECTION('center_axis',(0.,0.,1.));
#5068=DIRECTION('ref_axis',(-0.999999999991245,-4.18456954638102E-6,0.));
#5069=DIRECTION('',(0.,-1.,0.));
#5070=DIRECTION('center_axis',(0.,0.,1.));
#5071=DIRECTION('ref_axis',(-4.18456966480402E-6,0.999999999991245,0.));
#5072=DIRECTION('',(-1.,0.,0.));
#5073=DIRECTION('center_axis',(0.,0.,1.));
#5074=DIRECTION('ref_axis',(0.999999999991245,4.18456962532902E-6,0.));
#5075=DIRECTION('',(0.,1.,0.));
#5076=DIRECTION('center_axis',(0.,0.,1.));
#5077=DIRECTION('ref_axis',(4.18456966480402E-6,-0.999999999991245,0.));
#5078=DIRECTION('',(1.,0.,0.));
#5079=DIRECTION('center_axis',(0.,0.,1.));
#5080=DIRECTION('ref_axis',(-0.999999999991245,-4.18456962532902E-6,0.));
#5081=DIRECTION('',(0.,-1.,0.));
#5082=DIRECTION('center_axis',(0.,0.,-1.));
#5083=DIRECTION('ref_axis',(0.,-1.,0.));
#5084=DIRECTION('center_axis',(0.,0.,1.));
#5085=DIRECTION('ref_axis',(-4.18456966480402E-6,0.999999999991245,0.));
#5086=DIRECTION('',(-1.,0.,0.));
#5087=DIRECTION('center_axis',(0.,0.,1.));
#5088=DIRECTION('ref_axis',(0.999999999991245,4.18456962532902E-6,0.));
#5089=DIRECTION('',(0.,1.,0.));
#5090=DIRECTION('center_axis',(0.,0.,1.));
#5091=DIRECTION('ref_axis',(4.18456966480402E-6,-0.999999999991245,0.));
#5092=DIRECTION('',(1.,0.,0.));
#5093=DIRECTION('center_axis',(0.,0.,1.));
#5094=DIRECTION('ref_axis',(-0.999999999991245,-4.18456962532902E-6,0.));
#5095=DIRECTION('',(0.,-1.,0.));
#5096=DIRECTION('center_axis',(0.,0.,1.));
#5097=DIRECTION('ref_axis',(-4.18456954638102E-6,0.999999999991245,0.));
#5098=DIRECTION('',(-1.,0.,0.));
#5099=DIRECTION('center_axis',(0.,0.,1.));
#5100=DIRECTION('ref_axis',(0.999999999991245,4.18456954638102E-6,0.));
#5101=DIRECTION('',(0.,1.,0.));
#5102=DIRECTION('center_axis',(0.,0.,1.));
#5103=DIRECTION('ref_axis',(4.18456954638102E-6,-0.999999999991245,0.));
#5104=DIRECTION('',(1.,0.,0.));
#5105=DIRECTION('center_axis',(0.,0.,1.));
#5106=DIRECTION('ref_axis',(-0.999999999991245,-4.18456954638102E-6,0.));
#5107=DIRECTION('',(0.,-1.,0.));
#5108=DIRECTION('center_axis',(0.,0.,1.));
#5109=DIRECTION('ref_axis',(-4.18456954638102E-6,0.999999999991245,0.));
#5110=DIRECTION('',(-1.,0.,0.));
#5111=DIRECTION('center_axis',(0.,0.,1.));
#5112=DIRECTION('ref_axis',(0.999999999991245,4.18456954638102E-6,0.));
#5113=DIRECTION('',(0.,1.,0.));
#5114=DIRECTION('center_axis',(0.,0.,1.));
#5115=DIRECTION('ref_axis',(4.18456954638102E-6,-0.999999999991245,0.));
#5116=DIRECTION('',(1.,0.,0.));
#5117=DIRECTION('center_axis',(0.,0.,1.));
#5118=DIRECTION('ref_axis',(-0.999999999991245,-4.18456954638102E-6,0.));
#5119=DIRECTION('',(0.,-1.,0.));
#5120=DIRECTION('center_axis',(0.,0.,1.));
#5121=DIRECTION('ref_axis',(-4.18456954638102E-6,0.999999999991245,0.));
#5122=DIRECTION('',(-1.,0.,0.));
#5123=DIRECTION('center_axis',(0.,0.,1.));
#5124=DIRECTION('ref_axis',(0.999999999991245,4.18456956611802E-6,0.));
#5125=DIRECTION('',(0.,1.,0.));
#5126=DIRECTION('center_axis',(0.,0.,1.));
#5127=DIRECTION('ref_axis',(4.18456954638102E-6,-0.999999999991245,0.));
#5128=DIRECTION('',(1.,0.,0.));
#5129=DIRECTION('center_axis',(0.,0.,1.));
#5130=DIRECTION('ref_axis',(-0.999999999991245,-4.18456954638102E-6,0.));
#5131=DIRECTION('',(0.,-1.,0.));
#5132=DIRECTION('center_axis',(0.,0.,1.));
#5133=DIRECTION('ref_axis',(-4.18456954638102E-6,0.999999999991245,0.));
#5134=DIRECTION('',(-1.,0.,0.));
#5135=DIRECTION('center_axis',(0.,0.,1.));
#5136=DIRECTION('ref_axis',(0.999999999991245,4.18456956611802E-6,0.));
#5137=DIRECTION('',(0.,1.,0.));
#5138=DIRECTION('center_axis',(0.,0.,1.));
#5139=DIRECTION('ref_axis',(4.18456954638102E-6,-0.999999999991245,0.));
#5140=DIRECTION('',(1.,0.,0.));
#5141=DIRECTION('center_axis',(0.,0.,1.));
#5142=DIRECTION('ref_axis',(-0.999999999991245,-4.18456954638102E-6,0.));
#5143=DIRECTION('',(0.,-1.,0.));
#5144=DIRECTION('center_axis',(0.,0.,-1.));
#5145=DIRECTION('ref_axis',(0.,-1.,0.));
#5146=DIRECTION('center_axis',(0.,0.,1.));
#5147=DIRECTION('ref_axis',(-4.18456954638102E-6,0.999999999991245,0.));
#5148=DIRECTION('',(-1.,0.,0.));
#5149=DIRECTION('center_axis',(0.,0.,1.));
#5150=DIRECTION('ref_axis',(0.999999999991245,4.18456954638102E-6,0.));
#5151=DIRECTION('',(0.,1.,0.));
#5152=DIRECTION('center_axis',(0.,0.,1.));
#5153=DIRECTION('ref_axis',(4.18456954638102E-6,-0.999999999991245,0.));
#5154=DIRECTION('',(1.,0.,0.));
#5155=DIRECTION('center_axis',(0.,0.,1.));
#5156=DIRECTION('ref_axis',(-0.999999999991245,-4.18456954638102E-6,0.));
#5157=DIRECTION('',(0.,-1.,0.));
#5158=DIRECTION('center_axis',(0.,0.,1.));
#5159=DIRECTION('ref_axis',(-4.18456954638102E-6,0.999999999991245,0.));
#5160=DIRECTION('',(-1.,0.,0.));
#5161=DIRECTION('center_axis',(0.,0.,1.));
#5162=DIRECTION('ref_axis',(0.999999999991245,4.18456962532902E-6,0.));
#5163=DIRECTION('',(0.,1.,0.));
#5164=DIRECTION('center_axis',(0.,0.,1.));
#5165=DIRECTION('ref_axis',(4.18456966480402E-6,-0.999999999991245,0.));
#5166=DIRECTION('',(1.,0.,0.));
#5167=DIRECTION('center_axis',(0.,0.,1.));
#5168=DIRECTION('ref_axis',(-0.999999999991245,-4.18456954638102E-6,0.));
#5169=DIRECTION('',(0.,-1.,0.));
#5170=DIRECTION('center_axis',(0.,0.,1.));
#5171=DIRECTION('ref_axis',(-4.18456966480402E-6,0.999999999991245,0.));
#5172=DIRECTION('',(-1.,0.,0.));
#5173=DIRECTION('center_axis',(0.,0.,1.));
#5174=DIRECTION('ref_axis',(0.999999999991245,4.18456962532902E-6,0.));
#5175=DIRECTION('',(0.,1.,0.));
#5176=DIRECTION('center_axis',(0.,0.,1.));
#5177=DIRECTION('ref_axis',(4.18456966480402E-6,-0.999999999991245,0.));
#5178=DIRECTION('',(1.,0.,0.));
#5179=DIRECTION('center_axis',(0.,0.,1.));
#5180=DIRECTION('ref_axis',(-0.999999999991245,-4.18456962532902E-6,0.));
#5181=DIRECTION('',(0.,-1.,0.));
#5182=DIRECTION('center_axis',(0.,0.,1.));
#5183=DIRECTION('ref_axis',(-4.18456966480402E-6,0.999999999991245,0.));
#5184=DIRECTION('',(-1.,0.,0.));
#5185=DIRECTION('center_axis',(0.,0.,1.));
#5186=DIRECTION('ref_axis',(0.999999999991245,4.18456962532902E-6,0.));
#5187=DIRECTION('',(0.,1.,0.));
#5188=DIRECTION('center_axis',(0.,0.,1.));
#5189=DIRECTION('ref_axis',(4.18456966480402E-6,-0.999999999991245,0.));
#5190=DIRECTION('',(1.,0.,0.));
#5191=DIRECTION('center_axis',(0.,0.,1.));
#5192=DIRECTION('ref_axis',(-0.999999999991245,-4.18456962532902E-6,0.));
#5193=DIRECTION('',(0.,-1.,0.));
#5194=DIRECTION('center_axis',(0.,0.,1.));
#5195=DIRECTION('ref_axis',(-4.18456954638102E-6,0.999999999991245,0.));
#5196=DIRECTION('',(-1.,0.,0.));
#5197=DIRECTION('center_axis',(0.,0.,1.));
#5198=DIRECTION('ref_axis',(0.999999999991245,4.18456956611802E-6,0.));
#5199=DIRECTION('',(0.,1.,0.));
#5200=DIRECTION('center_axis',(0.,0.,1.));
#5201=DIRECTION('ref_axis',(4.18456954638102E-6,-0.999999999991245,0.));
#5202=DIRECTION('',(1.,0.,0.));
#5203=DIRECTION('center_axis',(0.,0.,1.));
#5204=DIRECTION('ref_axis',(-0.999999999991245,-4.18456956611802E-6,0.));
#5205=DIRECTION('',(0.,-1.,0.));
#5206=DIRECTION('center_axis',(0.,0.,1.));
#5207=DIRECTION('ref_axis',(-4.18456954638102E-6,0.999999999991245,0.));
#5208=DIRECTION('',(-1.,0.,0.));
#5209=DIRECTION('center_axis',(0.,0.,1.));
#5210=DIRECTION('ref_axis',(0.999999999991245,4.18456962533003E-6,0.));
#5211=DIRECTION('',(0.,1.,0.));
#5212=DIRECTION('center_axis',(0.,0.,1.));
#5213=DIRECTION('ref_axis',(4.18456958585502E-6,-0.999999999991245,0.));
#5214=DIRECTION('',(1.,0.,0.));
#5215=DIRECTION('center_axis',(0.,0.,1.));
#5216=DIRECTION('ref_axis',(-0.999999999991245,-4.18456956611802E-6,0.));
#5217=DIRECTION('',(0.,-1.,0.));
#5218=DIRECTION('center_axis',(0.,0.,1.));
#5219=DIRECTION('ref_axis',(-4.18456958585502E-6,0.999999999991245,0.));
#5220=DIRECTION('',(-1.,0.,0.));
#5221=DIRECTION('center_axis',(0.,0.,1.));
#5222=DIRECTION('ref_axis',(0.999999999991245,4.18456962533003E-6,0.));
#5223=DIRECTION('',(0.,1.,0.));
#5224=DIRECTION('center_axis',(0.,0.,1.));
#5225=DIRECTION('ref_axis',(4.18456966480402E-6,-0.999999999991245,0.));
#5226=DIRECTION('',(1.,0.,0.));
#5227=DIRECTION('center_axis',(0.,0.,1.));
#5228=DIRECTION('ref_axis',(-0.999999999991245,-4.18456962532902E-6,0.));
#5229=DIRECTION('',(0.,-1.,0.));
#5230=DIRECTION('center_axis',(0.,0.,-1.));
#5231=DIRECTION('ref_axis',(0.,-1.,0.));
#5232=DIRECTION('center_axis',(0.,-1.,0.));
#5233=DIRECTION('ref_axis',(-1.,0.,0.));
#5234=DIRECTION('',(1.,0.,0.));
#5235=DIRECTION('',(0.,0.,-1.));
#5236=DIRECTION('',(0.,0.,-1.));
#5237=DIRECTION('center_axis',(0.,0.,-1.));
#5238=DIRECTION('ref_axis',(0.,-1.,0.));
#5239=DIRECTION('center_axis',(0.,0.,1.));
#5240=DIRECTION('ref_axis',(0.,-1.,0.));
#5241=DIRECTION('',(0.,0.,-1.));
#5242=DIRECTION('center_axis',(1.,-2.35639172573487E-15,0.));
#5243=DIRECTION('ref_axis',(-2.35639172573487E-15,-1.,0.));
#5244=DIRECTION('',(2.35639172573487E-15,1.,0.));
#5245=DIRECTION('',(0.,0.,1.));
#5246=DIRECTION('center_axis',(0.,0.,1.));
#5247=DIRECTION('ref_axis',(1.,0.,0.));
#5248=DIRECTION('center_axis',(0.,0.,1.));
#5249=DIRECTION('ref_axis',(0.999999999999721,-7.47075749164592E-7,0.));
#5250=DIRECTION('',(-1.,0.,0.));
#5251=DIRECTION('center_axis',(0.,0.,1.));
#5252=DIRECTION('ref_axis',(7.47075720742792E-7,0.999999999999721,0.));
#5253=DIRECTION('center_axis',(0.,0.,-1.));
#5254=DIRECTION('ref_axis',(0.999999999999721,7.47075720742792E-7,0.));
#5255=DIRECTION('',(-1.,0.,0.));
#5256=DIRECTION('center_axis',(0.,0.,1.));
#5257=DIRECTION('ref_axis',(-2.38144085517393E-7,0.999999999999972,0.));
#5258=DIRECTION('',(0.258818982664104,-0.965925843019389,0.));
#5259=DIRECTION('center_axis',(0.,0.,-1.));
#5260=DIRECTION('ref_axis',(0.965951477536805,0.258723294359948,0.));
#5261=DIRECTION('',(-0.965925822403948,-0.258819059601986,0.));
#5262=DIRECTION('center_axis',(0.,0.,-1.));
#5263=DIRECTION('ref_axis',(0.258888085704953,-0.965907324270825,0.));
#5264=DIRECTION('',(-0.499999997967083,0.866025404958144,0.));
#5265=DIRECTION('center_axis',(0.,0.,-1.));
#5266=DIRECTION('ref_axis',(-0.866067937090156,-0.49992632291609,0.));
#5267=DIRECTION('',(0.866025405764813,0.499999996569892,0.));
#5268=DIRECTION('center_axis',(0.,0.,1.));
#5269=DIRECTION('ref_axis',(0.50000586235489,-0.866022019125809,0.));
#5270=DIRECTION('',(0.,1.,0.));
#5271=DIRECTION('',(1.,0.,0.));
#5272=DIRECTION('center_axis',(0.,0.,1.));
#5273=DIRECTION('ref_axis',(-7.47075734953692E-7,-0.999999999999721,0.));
#5274=DIRECTION('',(0.,1.,0.));
#5275=DIRECTION('center_axis',(0.,0.,-1.));
#5276=DIRECTION('ref_axis',(-0.999999999999721,-7.47075734953692E-7,0.));
#5277=DIRECTION('',(1.,0.,0.));
#5278=DIRECTION('center_axis',(0.,0.,1.));
#5279=DIRECTION('ref_axis',(-7.47075734953692E-7,-0.999999999999721,0.));
#5280=DIRECTION('',(0.,1.,0.));
#5281=DIRECTION('center_axis',(0.,0.,-1.));
#5282=DIRECTION('ref_axis',(-0.999999999999721,-7.47075734953692E-7,0.));
#5283=DIRECTION('',(1.,0.,0.));
#5284=DIRECTION('center_axis',(0.,0.,-1.));
#5285=DIRECTION('ref_axis',(2.66713916262218E-6,0.999999999996443,0.));
#5286=DIRECTION('center_axis',(0.,0.,1.));
#5287=DIRECTION('ref_axis',(-0.999999999996443,-2.66713916262218E-6,0.));
#5288=DIRECTION('',(1.,0.,0.));
#5289=DIRECTION('center_axis',(0.,0.,-1.));
#5290=DIRECTION('ref_axis',(-7.47075763375392E-7,0.999999999999721,0.));
#5291=DIRECTION('',(0.,-1.,0.));
#5292=DIRECTION('center_axis',(0.,0.,1.));
#5293=DIRECTION('ref_axis',(-0.999999999999721,7.47075756269992E-7,0.));
#5294=DIRECTION('',(1.,0.,0.));
#5295=DIRECTION('center_axis',(0.,0.,-1.));
#5296=DIRECTION('ref_axis',(-7.47075763375392E-7,0.999999999999721,0.));
#5297=DIRECTION('',(0.,-1.,0.));
#5298=DIRECTION('center_axis',(0.,0.,1.));
#5299=DIRECTION('ref_axis',(-0.999999999999721,7.47075749164592E-7,0.));
#5300=DIRECTION('',(1.,0.,0.));
#5301=DIRECTION('center_axis',(0.,0.,-1.));
#5302=DIRECTION('ref_axis',(-7.47075734953692E-7,0.999999999999721,0.));
#5303=DIRECTION('',(0.,-1.,0.));
#5304=DIRECTION('center_axis',(0.,0.,-1.));
#5305=DIRECTION('ref_axis',(0.999999999999721,7.47075749164592E-7,0.));
#5306=DIRECTION('',(-1.,0.,0.));
#5307=DIRECTION('center_axis',(0.,0.,1.));
#5308=DIRECTION('ref_axis',(7.47075734953692E-7,0.999999999999721,0.));
#5309=DIRECTION('',(0.,-1.,0.));
#5310=DIRECTION('center_axis',(0.,0.,-1.));
#5311=DIRECTION('ref_axis',(0.999999999999721,7.47075749164592E-7,0.));
#5312=DIRECTION('',(-1.,0.,0.));
#5313=DIRECTION('center_axis',(0.,0.,1.));
#5314=DIRECTION('ref_axis',(7.47075734953692E-7,0.999999999999721,0.));
#5315=DIRECTION('',(0.,-1.,0.));
#5316=DIRECTION('center_axis',(0.,0.,-1.));
#5317=DIRECTION('ref_axis',(0.999999999999721,7.47075749164592E-7,0.));
#5318=DIRECTION('',(-1.,0.,0.));
#5319=DIRECTION('center_axis',(0.,0.,-1.));
#5320=DIRECTION('ref_axis',(7.47075734953692E-7,-0.999999999999721,0.));
#5321=DIRECTION('center_axis',(0.,0.,1.));
#5322=DIRECTION('ref_axis',(0.866020779572154,0.500008009285089,0.));
#5323=DIRECTION('',(-0.866025415789895,-0.499999979205939,0.));
#5324=DIRECTION('center_axis',(0.,0.,1.));
#5325=DIRECTION('ref_axis',(-0.500008009285089,0.866020779572154,0.));
#5326=DIRECTION('',(0.499999979205939,-0.866025415789895,0.));
#5327=DIRECTION('center_axis',(0.,0.,1.));
#5328=DIRECTION('ref_axis',(-0.866020779572154,-0.500008009285089,0.));
#5329=DIRECTION('',(0.866025415789895,0.499999979205939,0.));
#5330=DIRECTION('center_axis',(0.,0.,1.));
#5331=DIRECTION('ref_axis',(0.500008009285089,-0.866020779572154,0.));
#5332=DIRECTION('',(-0.499999979205939,0.866025415789895,0.));
#5333=DIRECTION('center_axis',(0.,0.,1.));
#5334=DIRECTION('ref_axis',(0.965925886729697,0.258818819534919,0.));
#5335=DIRECTION('',(-0.965925824899082,-0.258819050290022,0.));
#5336=DIRECTION('center_axis',(0.,0.,1.));
#5337=DIRECTION('ref_axis',(-0.258818819534919,0.965925886729697,0.));
#5338=DIRECTION('',(0.258819050290022,-0.965925824899082,0.));
#5339=DIRECTION('center_axis',(0.,0.,1.));
#5340=DIRECTION('ref_axis',(-0.965925886729697,-0.258818819534919,0.));
#5341=DIRECTION('',(0.965925824899082,0.258819050290022,0.));
#5342=DIRECTION('center_axis',(0.,0.,1.));
#5343=DIRECTION('ref_axis',(0.258818819534919,-0.965925886729697,0.));
#5344=DIRECTION('',(-0.258819050290022,0.965925824899082,0.));
#5345=DIRECTION('center_axis',(0.,0.,-1.));
#5346=DIRECTION('ref_axis',(0.,-1.,0.));
#5347=DIRECTION('center_axis',(0.,0.,1.));
#5348=DIRECTION('ref_axis',(-4.18456954638102E-6,0.999999999991245,0.));
#5349=DIRECTION('',(0.,-1.,0.));
#5350=DIRECTION('center_axis',(0.,0.,1.));
#5351=DIRECTION('ref_axis',(-0.999999999991245,-4.18456954638102E-6,0.));
#5352=DIRECTION('',(1.,0.,0.));
#5353=DIRECTION('center_axis',(0.,0.,1.));
#5354=DIRECTION('ref_axis',(4.18456954638102E-6,-0.999999999991245,0.));
#5355=DIRECTION('',(0.,1.,0.));
#5356=DIRECTION('center_axis',(0.,0.,1.));
#5357=DIRECTION('ref_axis',(0.999999999991245,4.18456954638102E-6,0.));
#5358=DIRECTION('',(-1.,0.,0.));
#5359=DIRECTION('center_axis',(0.,0.,1.));
#5360=DIRECTION('ref_axis',(-4.18456954638102E-6,0.999999999991245,0.));
#5361=DIRECTION('',(0.,-1.,0.));
#5362=DIRECTION('center_axis',(0.,0.,1.));
#5363=DIRECTION('ref_axis',(-0.999999999991245,-4.18456954638102E-6,0.));
#5364=DIRECTION('',(1.,0.,0.));
#5365=DIRECTION('center_axis',(0.,0.,1.));
#5366=DIRECTION('ref_axis',(4.18456954638102E-6,-0.999999999991245,0.));
#5367=DIRECTION('',(0.,1.,0.));
#5368=DIRECTION('center_axis',(0.,0.,1.));
#5369=DIRECTION('ref_axis',(0.999999999991245,4.18456954638102E-6,0.));
#5370=DIRECTION('',(-1.,0.,0.));
#5371=DIRECTION('center_axis',(0.,0.,-1.));
#5372=DIRECTION('ref_axis',(0.,-1.,0.));
#5373=DIRECTION('center_axis',(0.,0.,1.));
#5374=DIRECTION('ref_axis',(-4.18456954638102E-6,0.999999999991245,0.));
#5375=DIRECTION('',(0.,-1.,0.));
#5376=DIRECTION('center_axis',(0.,0.,1.));
#5377=DIRECTION('ref_axis',(-0.999999999991245,-4.18456954638102E-6,0.));
#5378=DIRECTION('',(1.,0.,0.));
#5379=DIRECTION('center_axis',(0.,0.,1.));
#5380=DIRECTION('ref_axis',(4.18456954638102E-6,-0.999999999991245,0.));
#5381=DIRECTION('',(0.,1.,0.));
#5382=DIRECTION('center_axis',(0.,0.,1.));
#5383=DIRECTION('ref_axis',(0.999999999991245,4.18456954638102E-6,0.));
#5384=DIRECTION('',(-1.,0.,0.));
#5385=DIRECTION('center_axis',(0.,0.,1.));
#5386=DIRECTION('ref_axis',(-4.18456954638102E-6,0.999999999991245,0.));
#5387=DIRECTION('',(0.,-1.,0.));
#5388=DIRECTION('center_axis',(0.,0.,1.));
#5389=DIRECTION('ref_axis',(-0.999999999991245,-4.18456954638102E-6,0.));
#5390=DIRECTION('',(1.,0.,0.));
#5391=DIRECTION('center_axis',(0.,0.,1.));
#5392=DIRECTION('ref_axis',(4.18456966480402E-6,-0.999999999991245,0.));
#5393=DIRECTION('',(0.,1.,0.));
#5394=DIRECTION('center_axis',(0.,0.,1.));
#5395=DIRECTION('ref_axis',(0.999999999991245,4.18456962532902E-6,0.));
#5396=DIRECTION('',(-1.,0.,0.));
#5397=DIRECTION('center_axis',(0.,0.,1.));
#5398=DIRECTION('ref_axis',(-4.18456966480402E-6,0.999999999991245,0.));
#5399=DIRECTION('',(0.,-1.,0.));
#5400=DIRECTION('center_axis',(0.,0.,1.));
#5401=DIRECTION('ref_axis',(-0.999999999991245,-4.18456962532902E-6,0.));
#5402=DIRECTION('',(1.,0.,0.));
#5403=DIRECTION('center_axis',(0.,0.,1.));
#5404=DIRECTION('ref_axis',(4.18456966480402E-6,-0.999999999991245,0.));
#5405=DIRECTION('',(0.,1.,0.));
#5406=DIRECTION('center_axis',(0.,0.,1.));
#5407=DIRECTION('ref_axis',(0.999999999991245,4.18456962532902E-6,0.));
#5408=DIRECTION('',(-1.,0.,0.));
#5409=DIRECTION('center_axis',(0.,0.,-1.));
#5410=DIRECTION('ref_axis',(0.,-1.,0.));
#5411=DIRECTION('center_axis',(0.,0.,1.));
#5412=DIRECTION('ref_axis',(-4.18456966480402E-6,0.999999999991245,0.));
#5413=DIRECTION('',(0.,-1.,0.));
#5414=DIRECTION('center_axis',(0.,0.,1.));
#5415=DIRECTION('ref_axis',(-0.999999999991245,-4.18456962532902E-6,0.));
#5416=DIRECTION('',(1.,0.,0.));
#5417=DIRECTION('center_axis',(0.,0.,1.));
#5418=DIRECTION('ref_axis',(4.18456966480402E-6,-0.999999999991245,0.));
#5419=DIRECTION('',(0.,1.,0.));
#5420=DIRECTION('center_axis',(0.,0.,1.));
#5421=DIRECTION('ref_axis',(0.999999999991245,4.18456962532902E-6,0.));
#5422=DIRECTION('',(-1.,0.,0.));
#5423=DIRECTION('center_axis',(0.,0.,1.));
#5424=DIRECTION('ref_axis',(-4.18456954638102E-6,0.999999999991245,0.));
#5425=DIRECTION('',(0.,-1.,0.));
#5426=DIRECTION('center_axis',(0.,0.,1.));
#5427=DIRECTION('ref_axis',(-0.999999999991245,-4.18456954638102E-6,0.));
#5428=DIRECTION('',(1.,0.,0.));
#5429=DIRECTION('center_axis',(0.,0.,1.));
#5430=DIRECTION('ref_axis',(4.18456954638102E-6,-0.999999999991245,0.));
#5431=DIRECTION('',(0.,1.,0.));
#5432=DIRECTION('center_axis',(0.,0.,1.));
#5433=DIRECTION('ref_axis',(0.999999999991245,4.18456954638102E-6,0.));
#5434=DIRECTION('',(-1.,0.,0.));
#5435=DIRECTION('center_axis',(0.,0.,1.));
#5436=DIRECTION('ref_axis',(-4.18456954638102E-6,0.999999999991245,0.));
#5437=DIRECTION('',(0.,-1.,0.));
#5438=DIRECTION('center_axis',(0.,0.,1.));
#5439=DIRECTION('ref_axis',(-0.999999999991245,-4.18456954638102E-6,0.));
#5440=DIRECTION('',(1.,0.,0.));
#5441=DIRECTION('center_axis',(0.,0.,1.));
#5442=DIRECTION('ref_axis',(4.18456954638102E-6,-0.999999999991245,0.));
#5443=DIRECTION('',(0.,1.,0.));
#5444=DIRECTION('center_axis',(0.,0.,1.));
#5445=DIRECTION('ref_axis',(0.999999999991245,4.18456954638102E-6,0.));
#5446=DIRECTION('',(-1.,0.,0.));
#5447=DIRECTION('center_axis',(0.,0.,1.));
#5448=DIRECTION('ref_axis',(-4.18456954638102E-6,0.999999999991245,0.));
#5449=DIRECTION('',(0.,-1.,0.));
#5450=DIRECTION('center_axis',(0.,0.,1.));
#5451=DIRECTION('ref_axis',(-0.999999999991245,-4.18456954638102E-6,0.));
#5452=DIRECTION('',(1.,0.,0.));
#5453=DIRECTION('center_axis',(0.,0.,1.));
#5454=DIRECTION('ref_axis',(4.18456954638102E-6,-0.999999999991245,0.));
#5455=DIRECTION('',(0.,1.,0.));
#5456=DIRECTION('center_axis',(0.,0.,1.));
#5457=DIRECTION('ref_axis',(0.999999999991245,4.18456956611802E-6,0.));
#5458=DIRECTION('',(-1.,0.,0.));
#5459=DIRECTION('center_axis',(0.,0.,1.));
#5460=DIRECTION('ref_axis',(-4.18456954638102E-6,0.999999999991245,0.));
#5461=DIRECTION('',(0.,-1.,0.));
#5462=DIRECTION('center_axis',(0.,0.,1.));
#5463=DIRECTION('ref_axis',(-0.999999999991245,-4.18456954638102E-6,0.));
#5464=DIRECTION('',(1.,0.,0.));
#5465=DIRECTION('center_axis',(0.,0.,1.));
#5466=DIRECTION('ref_axis',(4.18456954638102E-6,-0.999999999991245,0.));
#5467=DIRECTION('',(0.,1.,0.));
#5468=DIRECTION('center_axis',(0.,0.,1.));
#5469=DIRECTION('ref_axis',(0.999999999991245,4.18456956611802E-6,0.));
#5470=DIRECTION('',(-1.,0.,0.));
#5471=DIRECTION('center_axis',(0.,0.,-1.));
#5472=DIRECTION('ref_axis',(0.,-1.,0.));
#5473=DIRECTION('center_axis',(0.,0.,1.));
#5474=DIRECTION('ref_axis',(-4.18456954638102E-6,0.999999999991245,0.));
#5475=DIRECTION('',(0.,-1.,0.));
#5476=DIRECTION('center_axis',(0.,0.,1.));
#5477=DIRECTION('ref_axis',(-0.999999999991245,-4.18456954638102E-6,0.));
#5478=DIRECTION('',(1.,0.,0.));
#5479=DIRECTION('center_axis',(0.,0.,1.));
#5480=DIRECTION('ref_axis',(4.18456954638102E-6,-0.999999999991245,0.));
#5481=DIRECTION('',(0.,1.,0.));
#5482=DIRECTION('center_axis',(0.,0.,1.));
#5483=DIRECTION('ref_axis',(0.999999999991245,4.18456954638102E-6,0.));
#5484=DIRECTION('',(-1.,0.,0.));
#5485=DIRECTION('center_axis',(0.,0.,1.));
#5486=DIRECTION('ref_axis',(-4.18456954638102E-6,0.999999999991245,0.));
#5487=DIRECTION('',(0.,-1.,0.));
#5488=DIRECTION('center_axis',(0.,0.,1.));
#5489=DIRECTION('ref_axis',(-0.999999999991245,-4.18456954638102E-6,0.));
#5490=DIRECTION('',(1.,0.,0.));
#5491=DIRECTION('center_axis',(0.,0.,1.));
#5492=DIRECTION('ref_axis',(4.18456966480402E-6,-0.999999999991245,0.));
#5493=DIRECTION('',(0.,1.,0.));
#5494=DIRECTION('center_axis',(0.,0.,1.));
#5495=DIRECTION('ref_axis',(0.999999999991245,4.18456962532902E-6,0.));
#5496=DIRECTION('',(-1.,0.,0.));
#5497=DIRECTION('center_axis',(0.,0.,1.));
#5498=DIRECTION('ref_axis',(-4.18456966480402E-6,0.999999999991245,0.));
#5499=DIRECTION('',(0.,-1.,0.));
#5500=DIRECTION('center_axis',(0.,0.,1.));
#5501=DIRECTION('ref_axis',(-0.999999999991245,-4.18456962532902E-6,0.));
#5502=DIRECTION('',(1.,0.,0.));
#5503=DIRECTION('center_axis',(0.,0.,1.));
#5504=DIRECTION('ref_axis',(4.18456966480402E-6,-0.999999999991245,0.));
#5505=DIRECTION('',(0.,1.,0.));
#5506=DIRECTION('center_axis',(0.,0.,1.));
#5507=DIRECTION('ref_axis',(0.999999999991245,4.18456962532902E-6,0.));
#5508=DIRECTION('',(-1.,0.,0.));
#5509=DIRECTION('center_axis',(0.,0.,1.));
#5510=DIRECTION('ref_axis',(-4.18456966480402E-6,0.999999999991245,0.));
#5511=DIRECTION('',(0.,-1.,0.));
#5512=DIRECTION('center_axis',(0.,0.,1.));
#5513=DIRECTION('ref_axis',(-0.999999999991245,-4.18456962532902E-6,0.));
#5514=DIRECTION('',(1.,0.,0.));
#5515=DIRECTION('center_axis',(0.,0.,1.));
#5516=DIRECTION('ref_axis',(4.18456966480402E-6,-0.999999999991245,0.));
#5517=DIRECTION('',(0.,1.,0.));
#5518=DIRECTION('center_axis',(0.,0.,1.));
#5519=DIRECTION('ref_axis',(0.999999999991245,4.18456962532902E-6,0.));
#5520=DIRECTION('',(-1.,0.,0.));
#5521=DIRECTION('center_axis',(0.,0.,1.));
#5522=DIRECTION('ref_axis',(-4.18456954638102E-6,0.999999999991245,0.));
#5523=DIRECTION('',(0.,-1.,0.));
#5524=DIRECTION('center_axis',(0.,0.,1.));
#5525=DIRECTION('ref_axis',(-0.999999999991245,-4.18456956611802E-6,0.));
#5526=DIRECTION('',(1.,0.,0.));
#5527=DIRECTION('center_axis',(0.,0.,1.));
#5528=DIRECTION('ref_axis',(4.18456954638102E-6,-0.999999999991245,0.));
#5529=DIRECTION('',(0.,1.,0.));
#5530=DIRECTION('center_axis',(0.,0.,1.));
#5531=DIRECTION('ref_axis',(0.999999999991245,4.18456956611802E-6,0.));
#5532=DIRECTION('',(-1.,0.,0.));
#5533=DIRECTION('center_axis',(0.,0.,1.));
#5534=DIRECTION('ref_axis',(-4.18456954638102E-6,0.999999999991245,0.));
#5535=DIRECTION('',(0.,-1.,0.));
#5536=DIRECTION('center_axis',(0.,0.,1.));
#5537=DIRECTION('ref_axis',(-0.999999999991245,-4.18456956611802E-6,0.));
#5538=DIRECTION('',(1.,0.,0.));
#5539=DIRECTION('center_axis',(0.,0.,1.));
#5540=DIRECTION('ref_axis',(4.18456958585502E-6,-0.999999999991245,0.));
#5541=DIRECTION('',(0.,1.,0.));
#5542=DIRECTION('center_axis',(0.,0.,1.));
#5543=DIRECTION('ref_axis',(0.999999999991245,4.18456962533003E-6,0.));
#5544=DIRECTION('',(-1.,0.,0.));
#5545=DIRECTION('center_axis',(0.,0.,1.));
#5546=DIRECTION('ref_axis',(-4.18456958585502E-6,0.999999999991245,0.));
#5547=DIRECTION('',(0.,-1.,0.));
#5548=DIRECTION('center_axis',(0.,0.,1.));
#5549=DIRECTION('ref_axis',(-0.999999999991245,-4.18456962532902E-6,0.));
#5550=DIRECTION('',(1.,0.,0.));
#5551=DIRECTION('center_axis',(0.,0.,1.));
#5552=DIRECTION('ref_axis',(4.18456966480402E-6,-0.999999999991245,0.));
#5553=DIRECTION('',(0.,1.,0.));
#5554=DIRECTION('center_axis',(0.,0.,1.));
#5555=DIRECTION('ref_axis',(0.999999999991245,4.18456962533003E-6,0.));
#5556=DIRECTION('',(-1.,0.,0.));
#5557=DIRECTION('center_axis',(0.,0.,-1.));
#5558=DIRECTION('ref_axis',(0.,-1.,0.));
#5559=DIRECTION('center_axis',(0.,1.,0.));
#5560=DIRECTION('ref_axis',(1.,0.,0.));
#5561=DIRECTION('',(0.,0.,1.));
#5562=DIRECTION('center_axis',(0.,0.,-1.));
#5563=DIRECTION('ref_axis',(2.66713916262218E-6,0.999999999996443,0.));
#5564=DIRECTION('',(0.,0.,1.));
#5565=DIRECTION('',(0.,0.,1.));
#5566=DIRECTION('center_axis',(0.,1.,0.));
#5567=DIRECTION('ref_axis',(1.,0.,0.));
#5568=DIRECTION('',(0.,0.,1.));
#5569=DIRECTION('center_axis',(0.,0.,-1.));
#5570=DIRECTION('ref_axis',(-0.999999999996443,-2.66713916262218E-6,0.));
#5571=DIRECTION('',(0.,0.,1.));
#5572=DIRECTION('center_axis',(0.,0.,-1.));
#5573=DIRECTION('ref_axis',(-0.999999999999721,-7.47075734953692E-7,0.));
#5574=DIRECTION('',(0.,0.,1.));
#5575=DIRECTION('center_axis',(0.,1.,0.));
#5576=DIRECTION('ref_axis',(1.,0.,0.));
#5577=DIRECTION('',(0.,0.,1.));
#5578=DIRECTION('center_axis',(-1.,0.,0.));
#5579=DIRECTION('ref_axis',(0.,1.,0.));
#5580=DIRECTION('',(0.,0.,1.));
#5581=DIRECTION('center_axis',(0.,0.,-1.));
#5582=DIRECTION('ref_axis',(-7.47075763375392E-7,0.999999999999721,0.));
#5583=DIRECTION('',(0.,0.,1.));
#5584=DIRECTION('center_axis',(0.,0.,-1.));
#5585=DIRECTION('ref_axis',(-7.47075734953692E-7,-0.999999999999721,0.));
#5586=DIRECTION('',(0.,0.,1.));
#5587=DIRECTION('center_axis',(1.,0.,0.));
#5588=DIRECTION('ref_axis',(0.,-1.,0.));
#5589=DIRECTION('',(0.,0.,1.));
#5590=DIRECTION('center_axis',(0.,1.,0.));
#5591=DIRECTION('ref_axis',(1.,0.,0.));
#5592=DIRECTION('',(0.,0.,1.));
#5593=DIRECTION('center_axis',(0.,0.,-1.));
#5594=DIRECTION('ref_axis',(-0.999999999999721,7.47075756269992E-7,0.));
#5595=DIRECTION('',(0.,0.,1.));
#5596=DIRECTION('center_axis',(0.,0.,-1.));
#5597=DIRECTION('ref_axis',(-0.999999999999721,-7.47075734953692E-7,0.));
#5598=DIRECTION('',(0.,0.,1.));
#5599=DIRECTION('center_axis',(0.,1.,0.));
#5600=DIRECTION('ref_axis',(1.,0.,0.));
#5601=DIRECTION('',(0.,0.,1.));
#5602=DIRECTION('center_axis',(-1.,0.,0.));
#5603=DIRECTION('ref_axis',(0.,1.,0.));
#5604=DIRECTION('',(0.,0.,1.));
#5605=DIRECTION('center_axis',(0.,0.,-1.));
#5606=DIRECTION('ref_axis',(-7.47075763375392E-7,0.999999999999721,0.));
#5607=DIRECTION('',(0.,0.,1.));
#5608=DIRECTION('center_axis',(0.,0.,-1.));
#5609=DIRECTION('ref_axis',(-7.47075734953692E-7,-0.999999999999721,0.));
#5610=DIRECTION('center_axis',(1.,0.,0.));
#5611=DIRECTION('ref_axis',(0.,-1.,0.));
#5612=DIRECTION('',(0.,0.,1.));
#5613=DIRECTION('center_axis',(0.,0.,-1.));
#5614=DIRECTION('ref_axis',(-0.999999999999721,7.47075749164592E-7,0.));
#5615=DIRECTION('',(0.,0.,1.));
#5616=DIRECTION('center_axis',(0.,1.,0.));
#5617=DIRECTION('ref_axis',(1.,0.,0.));
#5618=DIRECTION('',(0.,0.,1.));
#5619=DIRECTION('center_axis',(-1.,0.,0.));
#5620=DIRECTION('ref_axis',(0.,1.,0.));
#5621=DIRECTION('',(0.,0.,1.));
#5622=DIRECTION('center_axis',(0.,0.,-1.));
#5623=DIRECTION('ref_axis',(-7.47075734953692E-7,0.999999999999721,0.));
#5624=DIRECTION('',(0.,0.,1.));
#5625=DIRECTION('center_axis',(0.,0.,-1.));
#5626=DIRECTION('ref_axis',(0.50000586235489,-0.866022019125809,0.));
#5627=DIRECTION('',(0.,0.,1.));
#5628=DIRECTION('center_axis',(1.,0.,0.));
#5629=DIRECTION('ref_axis',(0.,-1.,0.));
#5630=DIRECTION('',(0.,0.,1.));
#5631=DIRECTION('center_axis',(-0.499999996569892,0.866025405764813,0.));
#5632=DIRECTION('ref_axis',(0.866025405764813,0.499999996569892,0.));
#5633=DIRECTION('',(0.,0.,1.));
#5634=DIRECTION('center_axis',(0.,0.,-1.));
#5635=DIRECTION('ref_axis',(0.999999999999721,7.47075749164592E-7,0.));
#5636=DIRECTION('',(0.,0.,1.));
#5637=DIRECTION('center_axis',(0.,0.,-1.));
#5638=DIRECTION('ref_axis',(-0.866067937090156,-0.49992632291609,0.));
#5639=DIRECTION('',(0.,0.,1.));
#5640=DIRECTION('center_axis',(0.,-1.,0.));
#5641=DIRECTION('ref_axis',(-1.,0.,0.));
#5642=DIRECTION('',(0.,0.,1.));
#5643=DIRECTION('center_axis',(-0.866025404958144,-0.499999997967083,0.));
#5644=DIRECTION('ref_axis',(-0.499999997967083,0.866025404958144,0.));
#5645=DIRECTION('',(0.,0.,1.));
#5646=DIRECTION('center_axis',(0.,0.,-1.));
#5647=DIRECTION('ref_axis',(7.47075734953692E-7,0.999999999999721,0.));
#5648=DIRECTION('',(0.,0.,1.));
#5649=DIRECTION('center_axis',(0.,0.,-1.));
#5650=DIRECTION('ref_axis',(0.258888085704953,-0.965907324270825,0.));
#5651=DIRECTION('',(0.,0.,1.));
#5652=DIRECTION('center_axis',(1.,0.,0.));
#5653=DIRECTION('ref_axis',(0.,-1.,0.));
#5654=DIRECTION('',(0.,0.,1.));
#5655=DIRECTION('center_axis',(0.258819059601986,-0.965925822403948,0.));
#5656=DIRECTION('ref_axis',(-0.965925822403948,-0.258819059601986,0.));
#5657=DIRECTION('',(0.,0.,1.));
#5658=DIRECTION('center_axis',(0.,0.,-1.));
#5659=DIRECTION('ref_axis',(0.999999999999721,7.47075749164592E-7,0.));
#5660=DIRECTION('',(0.,0.,1.));
#5661=DIRECTION('center_axis',(0.,0.,-1.));
#5662=DIRECTION('ref_axis',(0.965951477536805,0.258723294359948,0.));
#5663=DIRECTION('',(0.,0.,1.));
#5664=DIRECTION('center_axis',(0.,-1.,0.));
#5665=DIRECTION('ref_axis',(-1.,0.,0.));
#5666=DIRECTION('',(0.,0.,1.));
#5667=DIRECTION('center_axis',(0.965925843019389,0.258818982664104,0.));
#5668=DIRECTION('ref_axis',(0.258818982664104,-0.96592584301939,0.));
#5669=DIRECTION('',(0.,0.,1.));
#5670=DIRECTION('center_axis',(0.,0.,-1.));
#5671=DIRECTION('ref_axis',(7.47075734953692E-7,0.999999999999721,0.));
#5672=DIRECTION('',(0.,0.,1.));
#5673=DIRECTION('center_axis',(0.,0.,-1.));
#5674=DIRECTION('ref_axis',(-2.38144085517393E-7,0.999999999999972,0.));
#5675=DIRECTION('',(0.,0.,1.));
#5676=DIRECTION('center_axis',(1.,0.,0.));
#5677=DIRECTION('ref_axis',(0.,-1.,0.));
#5678=DIRECTION('',(0.,0.,1.));
#5679=DIRECTION('center_axis',(0.,-1.,0.));
#5680=DIRECTION('ref_axis',(-1.,0.,0.));
#5681=DIRECTION('',(0.,0.,1.));
#5682=DIRECTION('center_axis',(0.,0.,-1.));
#5683=DIRECTION('ref_axis',(0.999999999999721,7.47075749164592E-7,0.));
#5684=DIRECTION('',(0.,0.,1.));
#5685=DIRECTION('center_axis',(0.,0.,-1.));
#5686=DIRECTION('ref_axis',(0.999999999999721,7.47075720742792E-7,0.));
#5687=DIRECTION('',(0.,0.,1.));
#5688=DIRECTION('center_axis',(0.,-1.,0.));
#5689=DIRECTION('ref_axis',(-1.,0.,0.));
#5690=DIRECTION('',(0.,0.,1.));
#5691=DIRECTION('center_axis',(0.,0.,-1.));
#5692=DIRECTION('ref_axis',(7.47075720742792E-7,0.999999999999721,0.));
#5693=DIRECTION('',(0.,0.,1.));
#5694=DIRECTION('center_axis',(0.,0.,-1.));
#5695=DIRECTION('ref_axis',(7.47075734953692E-7,-0.999999999999721,0.));
#5696=DIRECTION('center_axis',(0.,-1.,0.));
#5697=DIRECTION('ref_axis',(-1.,0.,0.));
#5698=DIRECTION('',(0.,0.,1.));
#5699=DIRECTION('center_axis',(0.,0.,-1.));
#5700=DIRECTION('ref_axis',(0.999999999999721,-7.47075749164592E-7,0.));
#5701=DIRECTION('center_axis',(0.,0.,-1.));
#5702=DIRECTION('ref_axis',(0.866020779572154,0.500008009285089,0.));
#5703=DIRECTION('',(0.,0.,1.));
#5704=DIRECTION('',(0.,0.,1.));
#5705=DIRECTION('center_axis',(-0.866025415789895,-0.499999979205939,0.));
#5706=DIRECTION('ref_axis',(-0.499999979205939,0.866025415789895,0.));
#5707=DIRECTION('',(0.,0.,1.));
#5708=DIRECTION('center_axis',(0.499999979205939,-0.866025415789895,0.));
#5709=DIRECTION('ref_axis',(-0.866025415789895,-0.499999979205939,0.));
#5710=DIRECTION('',(0.,0.,1.));
#5711=DIRECTION('center_axis',(0.,0.,-1.));
#5712=DIRECTION('ref_axis',(0.500008009285089,-0.866020779572154,0.));
#5713=DIRECTION('',(0.,0.,1.));
#5714=DIRECTION('center_axis',(0.,0.,-1.));
#5715=DIRECTION('ref_axis',(-0.500008009285089,0.866020779572154,0.));
#5716=DIRECTION('',(0.,0.,1.));
#5717=DIRECTION('center_axis',(-0.499999979205939,0.866025415789895,0.));
#5718=DIRECTION('ref_axis',(0.866025415789895,0.499999979205939,0.));
#5719=DIRECTION('',(0.,0.,1.));
#5720=DIRECTION('center_axis',(0.866025415789895,0.499999979205939,0.));
#5721=DIRECTION('ref_axis',(0.499999979205939,-0.866025415789895,0.));
#5722=DIRECTION('',(0.,0.,1.));
#5723=DIRECTION('center_axis',(0.,0.,-1.));
#5724=DIRECTION('ref_axis',(-0.866020779572154,-0.500008009285089,0.));
#5725=DIRECTION('center_axis',(0.,0.,-1.));
#5726=DIRECTION('ref_axis',(0.965925886729697,0.258818819534919,0.));
#5727=DIRECTION('',(0.,0.,1.));
#5728=DIRECTION('',(0.,0.,1.));
#5729=DIRECTION('center_axis',(-0.965925824899082,-0.258819050290022,0.));
#5730=DIRECTION('ref_axis',(-0.258819050290022,0.965925824899082,0.));
#5731=DIRECTION('',(0.,0.,1.));
#5732=DIRECTION('center_axis',(0.258819050290022,-0.965925824899082,0.));
#5733=DIRECTION('ref_axis',(-0.965925824899082,-0.258819050290022,0.));
#5734=DIRECTION('',(0.,0.,1.));
#5735=DIRECTION('center_axis',(0.,0.,-1.));
#5736=DIRECTION('ref_axis',(0.258818819534919,-0.965925886729697,0.));
#5737=DIRECTION('',(0.,0.,1.));
#5738=DIRECTION('center_axis',(0.,0.,-1.));
#5739=DIRECTION('ref_axis',(-0.258818819534919,0.965925886729697,0.));
#5740=DIRECTION('',(0.,0.,1.));
#5741=DIRECTION('center_axis',(-0.258819050290022,0.965925824899082,0.));
#5742=DIRECTION('ref_axis',(0.965925824899082,0.258819050290022,0.));
#5743=DIRECTION('',(0.,0.,1.));
#5744=DIRECTION('center_axis',(0.965925824899082,0.258819050290022,0.));
#5745=DIRECTION('ref_axis',(0.258819050290022,-0.965925824899082,0.));
#5746=DIRECTION('',(0.,0.,1.));
#5747=DIRECTION('center_axis',(0.,0.,-1.));
#5748=DIRECTION('ref_axis',(-0.965925886729697,-0.258818819534919,0.));
#5749=DIRECTION('center_axis',(0.,0.,-1.));
#5750=DIRECTION('ref_axis',(0.,-1.,0.));
#5751=DIRECTION('',(0.,0.,-1.));
#5752=DIRECTION('center_axis',(0.,0.,-1.));
#5753=DIRECTION('ref_axis',(-4.18456954638102E-6,0.999999999991245,0.));
#5754=DIRECTION('',(0.,0.,1.));
#5755=DIRECTION('',(0.,0.,1.));
#5756=DIRECTION('center_axis',(0.,-1.,0.));
#5757=DIRECTION('ref_axis',(-1.,0.,0.));
#5758=DIRECTION('',(0.,0.,1.));
#5759=DIRECTION('center_axis',(1.,0.,0.));
#5760=DIRECTION('ref_axis',(0.,-1.,0.));
#5761=DIRECTION('',(0.,0.,1.));
#5762=DIRECTION('center_axis',(0.,0.,-1.));
#5763=DIRECTION('ref_axis',(0.999999999991245,4.18456954638102E-6,0.));
#5764=DIRECTION('',(0.,0.,1.));
#5765=DIRECTION('center_axis',(0.,0.,-1.));
#5766=DIRECTION('ref_axis',(-0.999999999991245,-4.18456954638102E-6,0.));
#5767=DIRECTION('',(0.,0.,1.));
#5768=DIRECTION('center_axis',(-1.,0.,0.));
#5769=DIRECTION('ref_axis',(0.,1.,0.));
#5770=DIRECTION('',(0.,0.,1.));
#5771=DIRECTION('center_axis',(0.,1.,0.));
#5772=DIRECTION('ref_axis',(1.,0.,0.));
#5773=DIRECTION('',(0.,0.,1.));
#5774=DIRECTION('center_axis',(0.,0.,-1.));
#5775=DIRECTION('ref_axis',(4.18456954638102E-6,-0.999999999991245,0.));
#5776=DIRECTION('center_axis',(0.,0.,-1.));
#5777=DIRECTION('ref_axis',(-4.18456954638102E-6,0.999999999991245,0.));
#5778=DIRECTION('',(0.,0.,1.));
#5779=DIRECTION('',(0.,0.,1.));
#5780=DIRECTION('center_axis',(0.,-1.,0.));
#5781=DIRECTION('ref_axis',(-1.,0.,0.));
#5782=DIRECTION('',(0.,0.,1.));
#5783=DIRECTION('center_axis',(1.,0.,0.));
#5784=DIRECTION('ref_axis',(0.,-1.,0.));
#5785=DIRECTION('',(0.,0.,1.));
#5786=DIRECTION('center_axis',(0.,0.,-1.));
#5787=DIRECTION('ref_axis',(0.999999999991245,4.18456954638102E-6,0.));
#5788=DIRECTION('',(0.,0.,1.));
#5789=DIRECTION('center_axis',(0.,0.,-1.));
#5790=DIRECTION('ref_axis',(-0.999999999991245,-4.18456954638102E-6,0.));
#5791=DIRECTION('',(0.,0.,1.));
#5792=DIRECTION('center_axis',(-1.,0.,0.));
#5793=DIRECTION('ref_axis',(0.,1.,0.));
#5794=DIRECTION('',(0.,0.,1.));
#5795=DIRECTION('center_axis',(0.,1.,0.));
#5796=DIRECTION('ref_axis',(1.,0.,0.));
#5797=DIRECTION('',(0.,0.,1.));
#5798=DIRECTION('center_axis',(0.,0.,-1.));
#5799=DIRECTION('ref_axis',(4.18456954638102E-6,-0.999999999991245,0.));
#5800=DIRECTION('center_axis',(0.,0.,-1.));
#5801=DIRECTION('ref_axis',(0.,-1.,0.));
#5802=DIRECTION('',(0.,0.,-1.));
#5803=DIRECTION('center_axis',(0.,0.,-1.));
#5804=DIRECTION('ref_axis',(-4.18456954638102E-6,0.999999999991245,0.));
#5805=DIRECTION('',(0.,0.,1.));
#5806=DIRECTION('',(0.,0.,1.));
#5807=DIRECTION('center_axis',(0.,-1.,0.));
#5808=DIRECTION('ref_axis',(-1.,0.,0.));
#5809=DIRECTION('',(0.,0.,1.));
#5810=DIRECTION('center_axis',(1.,0.,0.));
#5811=DIRECTION('ref_axis',(0.,-1.,0.));
#5812=DIRECTION('',(0.,0.,1.));
#5813=DIRECTION('center_axis',(0.,0.,-1.));
#5814=DIRECTION('ref_axis',(0.999999999991245,4.18456954638102E-6,0.));
#5815=DIRECTION('',(0.,0.,1.));
#5816=DIRECTION('center_axis',(0.,0.,-1.));
#5817=DIRECTION('ref_axis',(-0.999999999991245,-4.18456954638102E-6,0.));
#5818=DIRECTION('',(0.,0.,1.));
#5819=DIRECTION('center_axis',(-1.,0.,0.));
#5820=DIRECTION('ref_axis',(0.,1.,0.));
#5821=DIRECTION('',(0.,0.,1.));
#5822=DIRECTION('center_axis',(0.,1.,0.));
#5823=DIRECTION('ref_axis',(1.,0.,0.));
#5824=DIRECTION('',(0.,0.,1.));
#5825=DIRECTION('center_axis',(0.,0.,-1.));
#5826=DIRECTION('ref_axis',(4.18456954638102E-6,-0.999999999991245,0.));
#5827=DIRECTION('center_axis',(0.,0.,-1.));
#5828=DIRECTION('ref_axis',(-4.18456954638102E-6,0.999999999991245,0.));
#5829=DIRECTION('',(0.,0.,1.));
#5830=DIRECTION('',(0.,0.,1.));
#5831=DIRECTION('center_axis',(0.,-1.,0.));
#5832=DIRECTION('ref_axis',(-1.,0.,0.));
#5833=DIRECTION('',(0.,0.,1.));
#5834=DIRECTION('center_axis',(1.,0.,0.));
#5835=DIRECTION('ref_axis',(0.,-1.,0.));
#5836=DIRECTION('',(0.,0.,1.));
#5837=DIRECTION('center_axis',(0.,0.,-1.));
#5838=DIRECTION('ref_axis',(0.999999999991245,4.18456962532902E-6,0.));
#5839=DIRECTION('',(0.,0.,1.));
#5840=DIRECTION('center_axis',(0.,0.,-1.));
#5841=DIRECTION('ref_axis',(-0.999999999991245,-4.18456954638102E-6,0.));
#5842=DIRECTION('',(0.,0.,1.));
#5843=DIRECTION('center_axis',(-1.,0.,0.));
#5844=DIRECTION('ref_axis',(0.,1.,0.));
#5845=DIRECTION('',(0.,0.,1.));
#5846=DIRECTION('center_axis',(0.,1.,0.));
#5847=DIRECTION('ref_axis',(1.,0.,0.));
#5848=DIRECTION('',(0.,0.,1.));
#5849=DIRECTION('center_axis',(0.,0.,-1.));
#5850=DIRECTION('ref_axis',(4.18456966480402E-6,-0.999999999991245,0.));
#5851=DIRECTION('center_axis',(0.,0.,-1.));
#5852=DIRECTION('ref_axis',(-4.18456966480402E-6,0.999999999991245,0.));
#5853=DIRECTION('',(0.,0.,1.));
#5854=DIRECTION('',(0.,0.,1.));
#5855=DIRECTION('center_axis',(0.,-1.,0.));
#5856=DIRECTION('ref_axis',(-1.,0.,0.));
#5857=DIRECTION('',(0.,0.,1.));
#5858=DIRECTION('center_axis',(1.,0.,0.));
#5859=DIRECTION('ref_axis',(0.,-1.,0.));
#5860=DIRECTION('',(0.,0.,1.));
#5861=DIRECTION('center_axis',(0.,0.,-1.));
#5862=DIRECTION('ref_axis',(0.999999999991245,4.18456962532902E-6,0.));
#5863=DIRECTION('',(0.,0.,1.));
#5864=DIRECTION('center_axis',(0.,0.,-1.));
#5865=DIRECTION('ref_axis',(-0.999999999991245,-4.18456962532902E-6,0.));
#5866=DIRECTION('',(0.,0.,1.));
#5867=DIRECTION('center_axis',(-1.,0.,0.));
#5868=DIRECTION('ref_axis',(0.,1.,0.));
#5869=DIRECTION('',(0.,0.,1.));
#5870=DIRECTION('center_axis',(0.,1.,0.));
#5871=DIRECTION('ref_axis',(1.,0.,0.));
#5872=DIRECTION('',(0.,0.,1.));
#5873=DIRECTION('center_axis',(0.,0.,-1.));
#5874=DIRECTION('ref_axis',(4.18456966480402E-6,-0.999999999991245,0.));
#5875=DIRECTION('center_axis',(0.,0.,-1.));
#5876=DIRECTION('ref_axis',(0.,-1.,0.));
#5877=DIRECTION('',(0.,0.,-1.));
#5878=DIRECTION('center_axis',(0.,0.,-1.));
#5879=DIRECTION('ref_axis',(-4.18456966480402E-6,0.999999999991245,0.));
#5880=DIRECTION('',(0.,0.,1.));
#5881=DIRECTION('',(0.,0.,1.));
#5882=DIRECTION('center_axis',(0.,-1.,0.));
#5883=DIRECTION('ref_axis',(-1.,0.,0.));
#5884=DIRECTION('',(0.,0.,1.));
#5885=DIRECTION('center_axis',(1.,0.,0.));
#5886=DIRECTION('ref_axis',(0.,-1.,0.));
#5887=DIRECTION('',(0.,0.,1.));
#5888=DIRECTION('center_axis',(0.,0.,-1.));
#5889=DIRECTION('ref_axis',(0.999999999991245,4.18456962532902E-6,0.));
#5890=DIRECTION('',(0.,0.,1.));
#5891=DIRECTION('center_axis',(0.,0.,-1.));
#5892=DIRECTION('ref_axis',(-0.999999999991245,-4.18456962532902E-6,0.));
#5893=DIRECTION('',(0.,0.,1.));
#5894=DIRECTION('center_axis',(-1.,0.,0.));
#5895=DIRECTION('ref_axis',(0.,1.,0.));
#5896=DIRECTION('',(0.,0.,1.));
#5897=DIRECTION('center_axis',(0.,1.,0.));
#5898=DIRECTION('ref_axis',(1.,0.,0.));
#5899=DIRECTION('',(0.,0.,1.));
#5900=DIRECTION('center_axis',(0.,0.,-1.));
#5901=DIRECTION('ref_axis',(4.18456966480402E-6,-0.999999999991245,0.));
#5902=DIRECTION('center_axis',(0.,0.,-1.));
#5903=DIRECTION('ref_axis',(-4.18456954638102E-6,0.999999999991245,0.));
#5904=DIRECTION('',(0.,0.,1.));
#5905=DIRECTION('',(0.,0.,1.));
#5906=DIRECTION('center_axis',(0.,-1.,0.));
#5907=DIRECTION('ref_axis',(-1.,0.,0.));
#5908=DIRECTION('',(0.,0.,1.));
#5909=DIRECTION('center_axis',(1.,0.,0.));
#5910=DIRECTION('ref_axis',(0.,-1.,0.));
#5911=DIRECTION('',(0.,0.,1.));
#5912=DIRECTION('center_axis',(0.,0.,-1.));
#5913=DIRECTION('ref_axis',(0.999999999991245,4.18456954638102E-6,0.));
#5914=DIRECTION('',(0.,0.,1.));
#5915=DIRECTION('center_axis',(0.,0.,-1.));
#5916=DIRECTION('ref_axis',(-0.999999999991245,-4.18456954638102E-6,0.));
#5917=DIRECTION('',(0.,0.,1.));
#5918=DIRECTION('center_axis',(-1.,0.,0.));
#5919=DIRECTION('ref_axis',(0.,1.,0.));
#5920=DIRECTION('',(0.,0.,1.));
#5921=DIRECTION('center_axis',(0.,1.,0.));
#5922=DIRECTION('ref_axis',(1.,0.,0.));
#5923=DIRECTION('',(0.,0.,1.));
#5924=DIRECTION('center_axis',(0.,0.,-1.));
#5925=DIRECTION('ref_axis',(4.18456954638102E-6,-0.999999999991245,0.));
#5926=DIRECTION('center_axis',(0.,0.,-1.));
#5927=DIRECTION('ref_axis',(-4.18456954638102E-6,0.999999999991245,0.));
#5928=DIRECTION('',(0.,0.,1.));
#5929=DIRECTION('',(0.,0.,1.));
#5930=DIRECTION('center_axis',(0.,-1.,0.));
#5931=DIRECTION('ref_axis',(-1.,0.,0.));
#5932=DIRECTION('',(0.,0.,1.));
#5933=DIRECTION('center_axis',(1.,0.,0.));
#5934=DIRECTION('ref_axis',(0.,-1.,0.));
#5935=DIRECTION('',(0.,0.,1.));
#5936=DIRECTION('center_axis',(0.,0.,-1.));
#5937=DIRECTION('ref_axis',(0.999999999991245,4.18456954638102E-6,0.));
#5938=DIRECTION('',(0.,0.,1.));
#5939=DIRECTION('center_axis',(0.,0.,-1.));
#5940=DIRECTION('ref_axis',(-0.999999999991245,-4.18456954638102E-6,0.));
#5941=DIRECTION('',(0.,0.,1.));
#5942=DIRECTION('center_axis',(-1.,0.,0.));
#5943=DIRECTION('ref_axis',(0.,1.,0.));
#5944=DIRECTION('',(0.,0.,1.));
#5945=DIRECTION('center_axis',(0.,1.,0.));
#5946=DIRECTION('ref_axis',(1.,0.,0.));
#5947=DIRECTION('',(0.,0.,1.));
#5948=DIRECTION('center_axis',(0.,0.,-1.));
#5949=DIRECTION('ref_axis',(4.18456954638102E-6,-0.999999999991245,0.));
#5950=DIRECTION('center_axis',(0.,0.,-1.));
#5951=DIRECTION('ref_axis',(-4.18456954638102E-6,0.999999999991245,0.));
#5952=DIRECTION('',(0.,0.,1.));
#5953=DIRECTION('',(0.,0.,1.));
#5954=DIRECTION('center_axis',(0.,-1.,0.));
#5955=DIRECTION('ref_axis',(-1.,0.,0.));
#5956=DIRECTION('',(0.,0.,1.));
#5957=DIRECTION('center_axis',(1.,0.,0.));
#5958=DIRECTION('ref_axis',(0.,-1.,0.));
#5959=DIRECTION('',(0.,0.,1.));
#5960=DIRECTION('center_axis',(0.,0.,-1.));
#5961=DIRECTION('ref_axis',(0.999999999991245,4.18456956611802E-6,0.));
#5962=DIRECTION('',(0.,0.,1.));
#5963=DIRECTION('center_axis',(0.,0.,-1.));
#5964=DIRECTION('ref_axis',(-0.999999999991245,-4.18456954638102E-6,0.));
#5965=DIRECTION('',(0.,0.,1.));
#5966=DIRECTION('center_axis',(-1.,0.,0.));
#5967=DIRECTION('ref_axis',(0.,1.,0.));
#5968=DIRECTION('',(0.,0.,1.));
#5969=DIRECTION('center_axis',(0.,1.,0.));
#5970=DIRECTION('ref_axis',(1.,0.,0.));
#5971=DIRECTION('',(0.,0.,1.));
#5972=DIRECTION('center_axis',(0.,0.,-1.));
#5973=DIRECTION('ref_axis',(4.18456954638102E-6,-0.999999999991245,0.));
#5974=DIRECTION('center_axis',(0.,0.,-1.));
#5975=DIRECTION('ref_axis',(-4.18456954638102E-6,0.999999999991245,0.));
#5976=DIRECTION('',(0.,0.,1.));
#5977=DIRECTION('',(0.,0.,1.));
#5978=DIRECTION('center_axis',(0.,-1.,0.));
#5979=DIRECTION('ref_axis',(-1.,0.,0.));
#5980=DIRECTION('',(0.,0.,1.));
#5981=DIRECTION('center_axis',(1.,0.,0.));
#5982=DIRECTION('ref_axis',(0.,-1.,0.));
#5983=DIRECTION('',(0.,0.,1.));
#5984=DIRECTION('center_axis',(0.,0.,-1.));
#5985=DIRECTION('ref_axis',(0.999999999991245,4.18456956611802E-6,0.));
#5986=DIRECTION('',(0.,0.,1.));
#5987=DIRECTION('center_axis',(0.,0.,-1.));
#5988=DIRECTION('ref_axis',(-0.999999999991245,-4.18456954638102E-6,0.));
#5989=DIRECTION('',(0.,0.,1.));
#5990=DIRECTION('center_axis',(-1.,0.,0.));
#5991=DIRECTION('ref_axis',(0.,1.,0.));
#5992=DIRECTION('',(0.,0.,1.));
#5993=DIRECTION('center_axis',(0.,1.,0.));
#5994=DIRECTION('ref_axis',(1.,0.,0.));
#5995=DIRECTION('',(0.,0.,1.));
#5996=DIRECTION('center_axis',(0.,0.,-1.));
#5997=DIRECTION('ref_axis',(4.18456954638102E-6,-0.999999999991245,0.));
#5998=DIRECTION('center_axis',(0.,0.,-1.));
#5999=DIRECTION('ref_axis',(0.,-1.,0.));
#6000=DIRECTION('',(0.,0.,-1.));
#6001=DIRECTION('center_axis',(0.,0.,-1.));
#6002=DIRECTION('ref_axis',(-4.18456954638102E-6,0.999999999991245,0.));
#6003=DIRECTION('',(0.,0.,1.));
#6004=DIRECTION('',(0.,0.,1.));
#6005=DIRECTION('center_axis',(0.,-1.,0.));
#6006=DIRECTION('ref_axis',(-1.,0.,0.));
#6007=DIRECTION('',(0.,0.,1.));
#6008=DIRECTION('center_axis',(1.,0.,0.));
#6009=DIRECTION('ref_axis',(0.,-1.,0.));
#6010=DIRECTION('',(0.,0.,1.));
#6011=DIRECTION('center_axis',(0.,0.,-1.));
#6012=DIRECTION('ref_axis',(0.999999999991245,4.18456954638102E-6,0.));
#6013=DIRECTION('',(0.,0.,1.));
#6014=DIRECTION('center_axis',(0.,0.,-1.));
#6015=DIRECTION('ref_axis',(-0.999999999991245,-4.18456954638102E-6,0.));
#6016=DIRECTION('',(0.,0.,1.));
#6017=DIRECTION('center_axis',(-1.,0.,0.));
#6018=DIRECTION('ref_axis',(0.,1.,0.));
#6019=DIRECTION('',(0.,0.,1.));
#6020=DIRECTION('center_axis',(0.,1.,0.));
#6021=DIRECTION('ref_axis',(1.,0.,0.));
#6022=DIRECTION('',(0.,0.,1.));
#6023=DIRECTION('center_axis',(0.,0.,-1.));
#6024=DIRECTION('ref_axis',(4.18456954638102E-6,-0.999999999991245,0.));
#6025=DIRECTION('center_axis',(0.,0.,-1.));
#6026=DIRECTION('ref_axis',(-4.18456954638102E-6,0.999999999991245,0.));
#6027=DIRECTION('',(0.,0.,1.));
#6028=DIRECTION('',(0.,0.,1.));
#6029=DIRECTION('center_axis',(0.,-1.,0.));
#6030=DIRECTION('ref_axis',(-1.,0.,0.));
#6031=DIRECTION('',(0.,0.,1.));
#6032=DIRECTION('center_axis',(1.,0.,0.));
#6033=DIRECTION('ref_axis',(0.,-1.,0.));
#6034=DIRECTION('',(0.,0.,1.));
#6035=DIRECTION('center_axis',(0.,0.,-1.));
#6036=DIRECTION('ref_axis',(0.999999999991245,4.18456962532902E-6,0.));
#6037=DIRECTION('',(0.,0.,1.));
#6038=DIRECTION('center_axis',(0.,0.,-1.));
#6039=DIRECTION('ref_axis',(-0.999999999991245,-4.18456954638102E-6,0.));
#6040=DIRECTION('',(0.,0.,1.));
#6041=DIRECTION('center_axis',(-1.,0.,0.));
#6042=DIRECTION('ref_axis',(0.,1.,0.));
#6043=DIRECTION('',(0.,0.,1.));
#6044=DIRECTION('center_axis',(0.,1.,0.));
#6045=DIRECTION('ref_axis',(1.,0.,0.));
#6046=DIRECTION('',(0.,0.,1.));
#6047=DIRECTION('center_axis',(0.,0.,-1.));
#6048=DIRECTION('ref_axis',(4.18456966480402E-6,-0.999999999991245,0.));
#6049=DIRECTION('center_axis',(0.,0.,-1.));
#6050=DIRECTION('ref_axis',(-4.18456966480402E-6,0.999999999991245,0.));
#6051=DIRECTION('',(0.,0.,1.));
#6052=DIRECTION('',(0.,0.,1.));
#6053=DIRECTION('center_axis',(0.,-1.,0.));
#6054=DIRECTION('ref_axis',(-1.,0.,0.));
#6055=DIRECTION('',(0.,0.,1.));
#6056=DIRECTION('center_axis',(1.,0.,0.));
#6057=DIRECTION('ref_axis',(0.,-1.,0.));
#6058=DIRECTION('',(0.,0.,1.));
#6059=DIRECTION('center_axis',(0.,0.,-1.));
#6060=DIRECTION('ref_axis',(0.999999999991245,4.18456962532902E-6,0.));
#6061=DIRECTION('',(0.,0.,1.));
#6062=DIRECTION('center_axis',(0.,0.,-1.));
#6063=DIRECTION('ref_axis',(-0.999999999991245,-4.18456962532902E-6,0.));
#6064=DIRECTION('',(0.,0.,1.));
#6065=DIRECTION('center_axis',(-1.,0.,0.));
#6066=DIRECTION('ref_axis',(0.,1.,0.));
#6067=DIRECTION('',(0.,0.,1.));
#6068=DIRECTION('center_axis',(0.,1.,0.));
#6069=DIRECTION('ref_axis',(1.,0.,0.));
#6070=DIRECTION('',(0.,0.,1.));
#6071=DIRECTION('center_axis',(0.,0.,-1.));
#6072=DIRECTION('ref_axis',(4.18456966480402E-6,-0.999999999991245,0.));
#6073=DIRECTION('center_axis',(0.,0.,-1.));
#6074=DIRECTION('ref_axis',(-4.18456966480402E-6,0.999999999991245,0.));
#6075=DIRECTION('',(0.,0.,1.));
#6076=DIRECTION('',(0.,0.,1.));
#6077=DIRECTION('center_axis',(0.,-1.,0.));
#6078=DIRECTION('ref_axis',(-1.,0.,0.));
#6079=DIRECTION('',(0.,0.,1.));
#6080=DIRECTION('center_axis',(1.,0.,0.));
#6081=DIRECTION('ref_axis',(0.,-1.,0.));
#6082=DIRECTION('',(0.,0.,1.));
#6083=DIRECTION('center_axis',(0.,0.,-1.));
#6084=DIRECTION('ref_axis',(0.999999999991245,4.18456962532902E-6,0.));
#6085=DIRECTION('',(0.,0.,1.));
#6086=DIRECTION('center_axis',(0.,0.,-1.));
#6087=DIRECTION('ref_axis',(-0.999999999991245,-4.18456962532902E-6,0.));
#6088=DIRECTION('',(0.,0.,1.));
#6089=DIRECTION('center_axis',(-1.,0.,0.));
#6090=DIRECTION('ref_axis',(0.,1.,0.));
#6091=DIRECTION('',(0.,0.,1.));
#6092=DIRECTION('center_axis',(0.,1.,0.));
#6093=DIRECTION('ref_axis',(1.,0.,0.));
#6094=DIRECTION('',(0.,0.,1.));
#6095=DIRECTION('center_axis',(0.,0.,-1.));
#6096=DIRECTION('ref_axis',(4.18456966480402E-6,-0.999999999991245,0.));
#6097=DIRECTION('center_axis',(0.,0.,-1.));
#6098=DIRECTION('ref_axis',(-4.18456954638102E-6,0.999999999991245,0.));
#6099=DIRECTION('',(0.,0.,1.));
#6100=DIRECTION('',(0.,0.,1.));
#6101=DIRECTION('center_axis',(0.,-1.,0.));
#6102=DIRECTION('ref_axis',(-1.,0.,0.));
#6103=DIRECTION('',(0.,0.,1.));
#6104=DIRECTION('center_axis',(1.,0.,0.));
#6105=DIRECTION('ref_axis',(0.,-1.,0.));
#6106=DIRECTION('',(0.,0.,1.));
#6107=DIRECTION('center_axis',(0.,0.,-1.));
#6108=DIRECTION('ref_axis',(0.999999999991245,4.18456956611802E-6,0.));
#6109=DIRECTION('',(0.,0.,1.));
#6110=DIRECTION('center_axis',(0.,0.,-1.));
#6111=DIRECTION('ref_axis',(-0.999999999991245,-4.18456956611802E-6,0.));
#6112=DIRECTION('',(0.,0.,1.));
#6113=DIRECTION('center_axis',(-1.,0.,0.));
#6114=DIRECTION('ref_axis',(0.,1.,0.));
#6115=DIRECTION('',(0.,0.,1.));
#6116=DIRECTION('center_axis',(0.,1.,0.));
#6117=DIRECTION('ref_axis',(1.,0.,0.));
#6118=DIRECTION('',(0.,0.,1.));
#6119=DIRECTION('center_axis',(0.,0.,-1.));
#6120=DIRECTION('ref_axis',(4.18456954638102E-6,-0.999999999991245,0.));
#6121=DIRECTION('center_axis',(0.,0.,-1.));
#6122=DIRECTION('ref_axis',(-4.18456954638102E-6,0.999999999991245,0.));
#6123=DIRECTION('',(0.,0.,1.));
#6124=DIRECTION('',(0.,0.,1.));
#6125=DIRECTION('center_axis',(0.,-1.,0.));
#6126=DIRECTION('ref_axis',(-1.,0.,0.));
#6127=DIRECTION('',(0.,0.,1.));
#6128=DIRECTION('center_axis',(1.,0.,0.));
#6129=DIRECTION('ref_axis',(0.,-1.,0.));
#6130=DIRECTION('',(0.,0.,1.));
#6131=DIRECTION('center_axis',(0.,0.,-1.));
#6132=DIRECTION('ref_axis',(0.999999999991245,4.18456962533003E-6,0.));
#6133=DIRECTION('',(0.,0.,1.));
#6134=DIRECTION('center_axis',(0.,0.,-1.));
#6135=DIRECTION('ref_axis',(-0.999999999991245,-4.18456956611802E-6,0.));
#6136=DIRECTION('',(0.,0.,1.));
#6137=DIRECTION('center_axis',(-1.,0.,0.));
#6138=DIRECTION('ref_axis',(0.,1.,0.));
#6139=DIRECTION('',(0.,0.,1.));
#6140=DIRECTION('center_axis',(0.,1.,0.));
#6141=DIRECTION('ref_axis',(1.,0.,0.));
#6142=DIRECTION('',(0.,0.,1.));
#6143=DIRECTION('center_axis',(0.,0.,-1.));
#6144=DIRECTION('ref_axis',(4.18456958585502E-6,-0.999999999991245,0.));
#6145=DIRECTION('center_axis',(0.,0.,-1.));
#6146=DIRECTION('ref_axis',(-4.18456958585502E-6,0.999999999991245,0.));
#6147=DIRECTION('',(0.,0.,1.));
#6148=DIRECTION('',(0.,0.,1.));
#6149=DIRECTION('center_axis',(0.,-1.,0.));
#6150=DIRECTION('ref_axis',(-1.,0.,0.));
#6151=DIRECTION('',(0.,0.,1.));
#6152=DIRECTION('center_axis',(1.,0.,0.));
#6153=DIRECTION('ref_axis',(0.,-1.,0.));
#6154=DIRECTION('',(0.,0.,1.));
#6155=DIRECTION('center_axis',(0.,0.,-1.));
#6156=DIRECTION('ref_axis',(0.999999999991245,4.18456962533003E-6,0.));
#6157=DIRECTION('',(0.,0.,1.));
#6158=DIRECTION('center_axis',(0.,0.,-1.));
#6159=DIRECTION('ref_axis',(-0.999999999991245,-4.18456962532902E-6,0.));
#6160=DIRECTION('',(0.,0.,1.));
#6161=DIRECTION('center_axis',(-1.,0.,0.));
#6162=DIRECTION('ref_axis',(0.,1.,0.));
#6163=DIRECTION('',(0.,0.,1.));
#6164=DIRECTION('center_axis',(0.,1.,0.));
#6165=DIRECTION('ref_axis',(1.,0.,0.));
#6166=DIRECTION('',(0.,0.,1.));
#6167=DIRECTION('center_axis',(0.,0.,-1.));
#6168=DIRECTION('ref_axis',(4.18456966480402E-6,-0.999999999991245,0.));
#6169=DIRECTION('center_axis',(0.,0.,-1.));
#6170=DIRECTION('ref_axis',(0.,-1.,0.));
#6171=DIRECTION('',(0.,0.,-1.));
#6172=DIRECTION('',(0.,0.,1.));
#6173=DIRECTION('',(1.,0.,0.));
#6174=CARTESIAN_POINT('',(0.,0.,0.));
#6175=CARTESIAN_POINT('',(0.,0.,0.));
#6176=CARTESIAN_POINT('Origin',(131.499999999997,-106.441062413493,1.6));
#6177=CARTESIAN_POINT('',(132.499999999997,-106.441062413493,0.));
#6178=CARTESIAN_POINT('',(131.499999999997,-105.441062413493,0.));
#6179=CARTESIAN_POINT('Origin',(131.499999999997,-106.441062413493,0.));
#6180=CARTESIAN_POINT('',(132.499999999997,-106.441062413493,1.6));
#6181=CARTESIAN_POINT('',(132.499999999997,-106.441062413493,1.6));
#6182=CARTESIAN_POINT('',(131.499999999997,-105.441062413493,1.6));
#6183=CARTESIAN_POINT('Origin',(131.499999999997,-106.441062413493,1.6));
#6184=CARTESIAN_POINT('',(131.499999999997,-105.441062413493,1.6));
#6185=CARTESIAN_POINT('Origin',(130.999999999995,-105.441062413493,1.6));
#6186=CARTESIAN_POINT('',(130.999999999995,-105.441062413493,0.));
#6187=CARTESIAN_POINT('',(65.4999999999976,-105.441062413493,0.));
#6188=CARTESIAN_POINT('',(130.999999999995,-105.441062413493,1.6));
#6189=CARTESIAN_POINT('',(65.4999999999976,-105.441062413493,1.6));
#6190=CARTESIAN_POINT('',(131.,-105.441062413493,0.8));
#6191=CARTESIAN_POINT('Origin',(131.499999999997,-123.441062413493,1.6));
#6192=CARTESIAN_POINT('',(130.999999999999,-123.441062413493,0.));
#6193=CARTESIAN_POINT('',(131.499999999997,-123.441062413493,0.));
#6194=CARTESIAN_POINT('',(65.7499999999983,-123.441062413493,0.));
#6195=CARTESIAN_POINT('',(130.999999999999,-123.441062413493,1.6));
#6196=CARTESIAN_POINT('',(131.,-123.441062413493,0.8));
#6197=CARTESIAN_POINT('',(131.499999999997,-123.441062413493,1.6));
#6198=CARTESIAN_POINT('',(65.7499999999983,-123.441062413493,1.6));
#6199=CARTESIAN_POINT('',(131.499999999997,-123.441062413493,1.6));
#6200=CARTESIAN_POINT('Origin',(131.499999999997,-122.441062413493,1.6));
#6201=CARTESIAN_POINT('',(132.499999999997,-122.441062413493,0.));
#6202=CARTESIAN_POINT('Origin',(131.499999999997,-122.441062413493,0.));
#6203=CARTESIAN_POINT('',(132.499999999997,-122.441062413493,1.6));
#6204=CARTESIAN_POINT('Origin',(131.499999999997,-122.441062413493,1.6));
#6205=CARTESIAN_POINT('',(132.499999999997,-122.441062413493,1.6));
#6206=CARTESIAN_POINT('Origin',(132.499999999997,-106.441062413493,1.6));
#6207=CARTESIAN_POINT('',(132.499999999999,-53.2205312067489,0.));
#6208=CARTESIAN_POINT('',(132.499999999999,-53.2205312067489,1.6));
#6209=CARTESIAN_POINT('Origin',(131.,-126.,0.));
#6210=CARTESIAN_POINT('',(131.,-126.,0.));
#6211=CARTESIAN_POINT('',(131.,-126.,0.));
#6212=CARTESIAN_POINT('',(131.,-126.,1.6));
#6213=CARTESIAN_POINT('',(131.,-126.,0.));
#6214=CARTESIAN_POINT('',(131.,-126.,1.6));
#6215=CARTESIAN_POINT('Origin',(131.,-126.,0.));
#6216=CARTESIAN_POINT('',(131.,-103.5,1.6));
#6217=CARTESIAN_POINT('',(131.,-126.,1.6));
#6218=CARTESIAN_POINT('',(131.,-103.5,0.));
#6219=CARTESIAN_POINT('',(131.,-103.5,0.));
#6220=CARTESIAN_POINT('',(131.,-126.,0.));
#6221=CARTESIAN_POINT('Origin',(0.,0.,1.6));
#6222=CARTESIAN_POINT('',(132.,-127.,1.6));
#6223=CARTESIAN_POINT('Origin',(131.99999925292,-126.000000747,1.6));
#6224=CARTESIAN_POINT('',(137.,-127.,1.6));
#6225=CARTESIAN_POINT('',(137.,-127.,1.6));
#6226=CARTESIAN_POINT('',(138.,-126.,1.6));
#6227=CARTESIAN_POINT('Origin',(137.00000074707,-126.000000747,1.6));
#6228=CARTESIAN_POINT('',(138.,-111.5,1.6));
#6229=CARTESIAN_POINT('',(138.,-111.5,1.6));
#6230=CARTESIAN_POINT('',(139.,-110.5,1.6));
#6231=CARTESIAN_POINT('Origin',(138.99999925292,-111.4999992529,1.6));
#6232=CARTESIAN_POINT('',(165.5,-110.5,1.6));
#6233=CARTESIAN_POINT('',(165.5,-110.5,1.6));
#6234=CARTESIAN_POINT('',(166.5,-109.5,1.6));
#6235=CARTESIAN_POINT('Origin',(165.50000074707,-109.500000747,1.6));
#6236=CARTESIAN_POINT('',(166.5,-107.5,1.6));
#6237=CARTESIAN_POINT('',(166.5,-107.5,1.6));
#6238=CARTESIAN_POINT('',(167.5,-106.5,1.6));
#6239=CARTESIAN_POINT('Origin',(167.49999925292,-107.4999992529,1.6));
#6240=CARTESIAN_POINT('',(179.5,-106.5,1.6));
#6241=CARTESIAN_POINT('',(179.5,-106.5,1.6));
#6242=CARTESIAN_POINT('',(180.5,-105.5,1.6));
#6243=CARTESIAN_POINT('Origin',(179.50000074707,-105.500000747,1.6));
#6244=CARTESIAN_POINT('',(180.5,-70.5,1.6));
#6245=CARTESIAN_POINT('',(180.5,-70.5,1.6));
#6246=CARTESIAN_POINT('',(179.5,-69.5,1.6));
#6247=CARTESIAN_POINT('Origin',(179.50000074707,-70.49999925292,1.6));
#6248=CARTESIAN_POINT('',(163.5,-69.5,1.6));
#6249=CARTESIAN_POINT('',(163.5,-69.5,1.6));
#6250=CARTESIAN_POINT('',(162.5,-68.5,1.6));
#6251=CARTESIAN_POINT('Origin',(163.49999925292,-68.50000074707,1.6));
#6252=CARTESIAN_POINT('',(162.5,-57.5,1.6));
#6253=CARTESIAN_POINT('',(162.5,-57.5,1.6));
#6254=CARTESIAN_POINT('',(161.5,-56.5,1.6));
#6255=CARTESIAN_POINT('Origin',(161.50000074707,-57.49999925292,1.6));
#6256=CARTESIAN_POINT('',(149.5,-56.5,1.6));
#6257=CARTESIAN_POINT('',(149.5,-56.5,1.6));
#6258=CARTESIAN_POINT('',(148.5,-55.5,1.6));
#6259=CARTESIAN_POINT('Origin',(149.49999925292,-55.50000074707,1.6));
#6260=CARTESIAN_POINT('',(148.5,-47.5,1.6));
#6261=CARTESIAN_POINT('',(148.5,-47.5,1.6));
#6262=CARTESIAN_POINT('',(147.5,-46.5,1.6));
#6263=CARTESIAN_POINT('Origin',(147.50000074707,-47.49999925292,1.6));
#6264=CARTESIAN_POINT('',(127.,-46.5,1.6));
#6265=CARTESIAN_POINT('',(127.,-46.5,1.6));
#6266=CARTESIAN_POINT('',(126.5,-46.,1.6));
#6267=CARTESIAN_POINT('Origin',(127.00000133357,-45.99999866642,1.6));
#6268=CARTESIAN_POINT('',(126.,-45.5,1.6));
#6269=CARTESIAN_POINT('Origin',(125.99999866642,-46.00000133357,1.6));
#6270=CARTESIAN_POINT('',(106.5,-45.5,1.6));
#6271=CARTESIAN_POINT('',(106.5,-45.5,1.6));
#6272=CARTESIAN_POINT('',(105.5,-46.5,1.6));
#6273=CARTESIAN_POINT('Origin',(106.49999925292,-46.49999925292,1.6));
#6274=CARTESIAN_POINT('',(105.5,-47.,1.6));
#6275=CARTESIAN_POINT('',(105.5,-47.,1.6));
#6276=CARTESIAN_POINT('',(104.5,-48.,1.6));
#6277=CARTESIAN_POINT('Origin',(104.50000074707,-47.00000074707,1.6));
#6278=CARTESIAN_POINT('',(86.25,-48.,1.6));
#6279=CARTESIAN_POINT('',(86.25,-48.,1.6));
#6280=CARTESIAN_POINT('',(85.25,-49.,1.6));
#6281=CARTESIAN_POINT('Origin',(86.249999252925,-48.99999925292,1.6));
#6282=CARTESIAN_POINT('',(85.25,-49.5,1.6));
#6283=CARTESIAN_POINT('',(85.25,-49.5,1.6));
#6284=CARTESIAN_POINT('',(84.25,-50.5,1.6));
#6285=CARTESIAN_POINT('Origin',(84.250000747075,-49.50000074707,1.6));
#6286=CARTESIAN_POINT('',(71.0000000000001,-50.4999999999968,1.6));
#6287=CARTESIAN_POINT('',(50.5,-50.5,1.6));
#6288=CARTESIAN_POINT('',(71.,-99.5,1.6));
#6289=CARTESIAN_POINT('',(71.0000000000002,-25.2499999999985,1.6));
#6290=CARTESIAN_POINT('',(70.,-100.5,1.6));
#6291=CARTESIAN_POINT('Origin',(70.,-99.5,1.6));
#6292=CARTESIAN_POINT('',(49.5,-100.5,1.6));
#6293=CARTESIAN_POINT('',(35.,-100.5,1.6));
#6294=CARTESIAN_POINT('',(49.5,-104.854918,1.6));
#6295=CARTESIAN_POINT('',(49.5,-104.854918,1.6));
#6296=CARTESIAN_POINT('',(47.,-109.185045,1.6));
#6297=CARTESIAN_POINT('Origin',(44.499941375652,-104.8548841342,1.6));
#6298=CARTESIAN_POINT('',(37.955771,-114.406733,1.6));
#6299=CARTESIAN_POINT('',(37.955771,-114.406733,1.6));
#6300=CARTESIAN_POINT('',(37.589746,-115.772758,1.6));
#6301=CARTESIAN_POINT('Origin',(38.455887497404,-115.2727892153,1.6));
#6302=CARTESIAN_POINT('',(46.722209,-131.590648,1.6));
#6303=CARTESIAN_POINT('',(46.722209,-131.590648,1.6));
#6304=CARTESIAN_POINT('',(47.847054,-132.056574,1.6));
#6305=CARTESIAN_POINT('Origin',(47.588189890547,-131.0907561307,1.6));
#6306=CARTESIAN_POINT('',(82.764485,-122.700476,1.6));
#6307=CARTESIAN_POINT('',(82.764485,-122.700476,1.6));
#6308=CARTESIAN_POINT('',(83.471592,-121.475731,1.6));
#6309=CARTESIAN_POINT('Origin',(82.505544690929,-121.7344799621,1.6));
#6310=CARTESIAN_POINT('',(80.609457,-110.794095,1.6));
#6311=CARTESIAN_POINT('',(80.609457,-110.794095,1.6));
#6312=CARTESIAN_POINT('',(85.439086,-104.5,1.6));
#6313=CARTESIAN_POINT('Origin',(85.439087190721,-109.5000007664,1.6));
#6314=CARTESIAN_POINT('',(89.5,-104.5,1.6));
#6315=CARTESIAN_POINT('',(89.5,-104.5,1.6));
#6316=CARTESIAN_POINT('',(90.5,-103.5,1.6));
#6317=CARTESIAN_POINT('Origin',(89.500000747075,-103.500000747,1.6));
#6318=CARTESIAN_POINT('',(91.5,-102.5,1.6));
#6319=CARTESIAN_POINT('Origin',(91.499999252925,-103.4999992529,1.6));
#6320=CARTESIAN_POINT('',(130.,-102.5,1.6));
#6321=CARTESIAN_POINT('',(130.,-102.5,1.6));
#6322=CARTESIAN_POINT('Origin',(130.00000074707,-103.4999992529,1.6));
#6323=CARTESIAN_POINT('',(53.742178,-109.749591,1.6));
#6324=CARTESIAN_POINT('',(53.250409,-109.617822,1.6));
#6325=CARTESIAN_POINT('Origin',(53.430407807947,-109.9295954488,1.6));
#6326=CARTESIAN_POINT('',(60.382178,-121.250409,1.6));
#6327=CARTESIAN_POINT('',(60.382178,-121.250409,1.6));
#6328=CARTESIAN_POINT('',(60.250409,-121.742178,1.6));
#6329=CARTESIAN_POINT('Origin',(60.070404551192,-121.4304078079,1.6));
#6330=CARTESIAN_POINT('',(48.749591,-128.382178,1.6));
#6331=CARTESIAN_POINT('',(48.749591,-128.382178,1.6));
#6332=CARTESIAN_POINT('',(48.257822,-128.250409,1.6));
#6333=CARTESIAN_POINT('Origin',(48.569592192054,-128.0704045511,1.6));
#6334=CARTESIAN_POINT('',(41.617822,-116.749591,1.6));
#6335=CARTESIAN_POINT('',(41.617822,-116.749591,1.6));
#6336=CARTESIAN_POINT('',(41.749591,-116.257822,1.6));
#6337=CARTESIAN_POINT('Origin',(41.929595448808,-116.569592192,1.6));
#6338=CARTESIAN_POINT('',(53.250409,-109.617822,1.6));
#6339=CARTESIAN_POINT('',(76.042922,-107.274519,1.6));
#6340=CARTESIAN_POINT('',(75.602014,-107.019961,1.6));
#6341=CARTESIAN_POINT('Origin',(75.695189212077,-107.3676936326,1.6));
#6342=CARTESIAN_POINT('',(79.480039,-120.102014,1.6));
#6343=CARTESIAN_POINT('',(79.480039,-120.102014,1.6));
#6344=CARTESIAN_POINT('',(79.225481,-120.542922,1.6));
#6345=CARTESIAN_POINT('Origin',(79.132306367328,-120.195189212,1.6));
#6346=CARTESIAN_POINT('',(66.397986,-123.980039,1.6));
#6347=CARTESIAN_POINT('',(66.397986,-123.980039,1.6));
#6348=CARTESIAN_POINT('',(65.957078,-123.725481,1.6));
#6349=CARTESIAN_POINT('Origin',(66.304810787923,-123.6323063673,1.6));
#6350=CARTESIAN_POINT('',(62.519961,-110.897986,1.6));
#6351=CARTESIAN_POINT('',(62.519961,-110.897986,1.6));
#6352=CARTESIAN_POINT('',(62.774519,-110.457078,1.6));
#6353=CARTESIAN_POINT('Origin',(62.867693632672,-110.8048107879,1.6));
#6354=CARTESIAN_POINT('',(75.602014,-107.019961,1.6));
#6355=CARTESIAN_POINT('',(58.,-106.4,1.6));
#6356=CARTESIAN_POINT('Origin',(58.,-107.5,1.6));
#6357=CARTESIAN_POINT('',(73.36,-87.5,1.6));
#6358=CARTESIAN_POINT('',(73.,-87.86,1.6));
#6359=CARTESIAN_POINT('Origin',(73.360001506451,-87.86000150645,1.6));
#6360=CARTESIAN_POINT('',(86.64,-87.5,1.6));
#6361=CARTESIAN_POINT('',(86.64,-87.5,1.6));
#6362=CARTESIAN_POINT('',(87.,-87.86,1.6));
#6363=CARTESIAN_POINT('Origin',(86.639998493549,-87.86000150645,1.6));
#6364=CARTESIAN_POINT('',(87.,-101.14,1.6));
#6365=CARTESIAN_POINT('',(87.,-101.14,1.6));
#6366=CARTESIAN_POINT('',(86.64,-101.5,1.6));
#6367=CARTESIAN_POINT('Origin',(86.639998493549,-101.1399984935,1.6));
#6368=CARTESIAN_POINT('',(73.36,-101.5,1.6));
#6369=CARTESIAN_POINT('',(73.36,-101.5,1.6));
#6370=CARTESIAN_POINT('',(73.,-101.14,1.6));
#6371=CARTESIAN_POINT('Origin',(73.360001506451,-101.1399984935,1.6));
#6372=CARTESIAN_POINT('',(73.,-87.86,1.6));
#6373=CARTESIAN_POINT('',(91.36,-85.5,1.6));
#6374=CARTESIAN_POINT('',(91.,-85.86,1.6));
#6375=CARTESIAN_POINT('Origin',(91.360001506451,-85.86000150645,1.6));
#6376=CARTESIAN_POINT('',(104.64,-85.5,1.6));
#6377=CARTESIAN_POINT('',(104.64,-85.5,1.6));
#6378=CARTESIAN_POINT('',(105.,-85.86,1.6));
#6379=CARTESIAN_POINT('Origin',(104.63999849354,-85.86000150645,1.6));
#6380=CARTESIAN_POINT('',(105.,-99.14,1.6));
#6381=CARTESIAN_POINT('',(105.,-99.14,1.6));
#6382=CARTESIAN_POINT('',(104.64,-99.5,1.6));
#6383=CARTESIAN_POINT('Origin',(104.63999849354,-99.13999849354,1.6));
#6384=CARTESIAN_POINT('',(91.36,-99.5,1.6));
#6385=CARTESIAN_POINT('',(91.36,-99.5,1.6));
#6386=CARTESIAN_POINT('',(91.,-99.14,1.6));
#6387=CARTESIAN_POINT('Origin',(91.360001506451,-99.13999849354,1.6));
#6388=CARTESIAN_POINT('',(91.,-85.86,1.6));
#6389=CARTESIAN_POINT('',(140.5,-106.4,1.6));
#6390=CARTESIAN_POINT('Origin',(140.5,-107.5,1.6));
#6391=CARTESIAN_POINT('',(109.36,-82.5,1.6));
#6392=CARTESIAN_POINT('',(109.,-82.86,1.6));
#6393=CARTESIAN_POINT('Origin',(109.36000150645,-82.86000150645,1.6));
#6394=CARTESIAN_POINT('',(122.64,-82.5,1.6));
#6395=CARTESIAN_POINT('',(122.64,-82.5,1.6));
#6396=CARTESIAN_POINT('',(123.,-82.86,1.6));
#6397=CARTESIAN_POINT('Origin',(122.63999849354,-82.86000150645,1.6));
#6398=CARTESIAN_POINT('',(123.,-96.14,1.6));
#6399=CARTESIAN_POINT('',(123.,-96.14,1.6));
#6400=CARTESIAN_POINT('',(122.64,-96.5,1.6));
#6401=CARTESIAN_POINT('Origin',(122.63999849354,-96.13999849354,1.6));
#6402=CARTESIAN_POINT('',(109.36,-96.5,1.6));
#6403=CARTESIAN_POINT('',(109.36,-96.5,1.6));
#6404=CARTESIAN_POINT('',(109.,-96.14,1.6));
#6405=CARTESIAN_POINT('Origin',(109.36000150645,-96.13999849354,1.6));
#6406=CARTESIAN_POINT('',(109.,-82.86,1.6));
#6407=CARTESIAN_POINT('',(127.36,-83.5,1.6));
#6408=CARTESIAN_POINT('',(127.,-83.86,1.6));
#6409=CARTESIAN_POINT('Origin',(127.36000150645,-83.86000150645,1.6));
#6410=CARTESIAN_POINT('',(140.64,-83.5,1.6));
#6411=CARTESIAN_POINT('',(140.64,-83.5,1.6));
#6412=CARTESIAN_POINT('',(141.,-83.86,1.6));
#6413=CARTESIAN_POINT('Origin',(140.63999849354,-83.86000150645,1.6));
#6414=CARTESIAN_POINT('',(141.,-97.14,1.6));
#6415=CARTESIAN_POINT('',(141.,-97.14,1.6));
#6416=CARTESIAN_POINT('',(140.64,-97.5,1.6));
#6417=CARTESIAN_POINT('Origin',(140.63999849354,-97.13999849354,1.6));
#6418=CARTESIAN_POINT('',(127.36,-97.5,1.6));
#6419=CARTESIAN_POINT('',(127.36,-97.5,1.6));
#6420=CARTESIAN_POINT('',(127.,-97.14,1.6));
#6421=CARTESIAN_POINT('Origin',(127.36000150645,-97.13999849354,1.6));
#6422=CARTESIAN_POINT('',(127.,-83.86,1.6));
#6423=CARTESIAN_POINT('',(145.36,-93.5,1.6));
#6424=CARTESIAN_POINT('',(145.,-93.86,1.6));
#6425=CARTESIAN_POINT('Origin',(145.36000150645,-93.86000150645,1.6));
#6426=CARTESIAN_POINT('',(158.64,-93.5,1.6));
#6427=CARTESIAN_POINT('',(158.64,-93.5,1.6));
#6428=CARTESIAN_POINT('',(159.,-93.86,1.6));
#6429=CARTESIAN_POINT('Origin',(158.63999849354,-93.86000150645,1.6));
#6430=CARTESIAN_POINT('',(159.,-107.14,1.6));
#6431=CARTESIAN_POINT('',(159.,-107.14,1.6));
#6432=CARTESIAN_POINT('',(158.64,-107.5,1.6));
#6433=CARTESIAN_POINT('Origin',(158.63999849354,-107.1399984935,1.6));
#6434=CARTESIAN_POINT('',(145.36,-107.5,1.6));
#6435=CARTESIAN_POINT('',(145.36,-107.5,1.6));
#6436=CARTESIAN_POINT('',(145.,-107.14,1.6));
#6437=CARTESIAN_POINT('Origin',(145.36000150645,-107.1399984935,1.6));
#6438=CARTESIAN_POINT('',(145.,-93.86,1.6));
#6439=CARTESIAN_POINT('',(163.5,-106.4,1.6));
#6440=CARTESIAN_POINT('Origin',(163.5,-107.5,1.6));
#6441=CARTESIAN_POINT('',(163.36,-89.5,1.6));
#6442=CARTESIAN_POINT('',(163.,-89.86,1.6));
#6443=CARTESIAN_POINT('Origin',(163.36000150645,-89.86000150645,1.6));
#6444=CARTESIAN_POINT('',(176.64,-89.5,1.6));
#6445=CARTESIAN_POINT('',(176.64,-89.5,1.6));
#6446=CARTESIAN_POINT('',(177.,-89.86,1.6));
#6447=CARTESIAN_POINT('Origin',(176.63999849354,-89.86000150645,1.6));
#6448=CARTESIAN_POINT('',(177.,-103.14,1.6));
#6449=CARTESIAN_POINT('',(177.,-103.14,1.6));
#6450=CARTESIAN_POINT('',(176.64,-103.5,1.6));
#6451=CARTESIAN_POINT('Origin',(176.63999849354,-103.1399984935,1.6));
#6452=CARTESIAN_POINT('',(163.36,-103.5,1.6));
#6453=CARTESIAN_POINT('',(163.36,-103.5,1.6));
#6454=CARTESIAN_POINT('',(163.,-103.14,1.6));
#6455=CARTESIAN_POINT('Origin',(163.36000150645,-103.1399984935,1.6));
#6456=CARTESIAN_POINT('',(163.,-89.86,1.6));
#6457=CARTESIAN_POINT('',(73.36,-70.5,1.6));
#6458=CARTESIAN_POINT('',(73.,-70.86,1.6));
#6459=CARTESIAN_POINT('Origin',(73.360001506451,-70.86000150645,1.6));
#6460=CARTESIAN_POINT('',(86.64,-70.5,1.6));
#6461=CARTESIAN_POINT('',(86.64,-70.5,1.6));
#6462=CARTESIAN_POINT('',(87.,-70.86,1.6));
#6463=CARTESIAN_POINT('Origin',(86.639998493549,-70.86000150645,1.6));
#6464=CARTESIAN_POINT('',(87.,-84.14,1.6));
#6465=CARTESIAN_POINT('',(87.,-84.14,1.6));
#6466=CARTESIAN_POINT('',(86.64,-84.5,1.6));
#6467=CARTESIAN_POINT('Origin',(86.639998493549,-84.13999849354,1.6));
#6468=CARTESIAN_POINT('',(73.36,-84.5,1.6));
#6469=CARTESIAN_POINT('',(73.36,-84.5,1.6));
#6470=CARTESIAN_POINT('',(73.,-84.14,1.6));
#6471=CARTESIAN_POINT('Origin',(73.360001506451,-84.13999849354,1.6));
#6472=CARTESIAN_POINT('',(73.,-70.86,1.6));
#6473=CARTESIAN_POINT('',(91.36,-68.5,1.6));
#6474=CARTESIAN_POINT('',(91.,-68.86,1.6));
#6475=CARTESIAN_POINT('Origin',(91.360001506451,-68.86000150645,1.6));
#6476=CARTESIAN_POINT('',(104.64,-68.5,1.6));
#6477=CARTESIAN_POINT('',(104.64,-68.5,1.6));
#6478=CARTESIAN_POINT('',(105.,-68.86,1.6));
#6479=CARTESIAN_POINT('Origin',(104.63999849354,-68.86000150645,1.6));
#6480=CARTESIAN_POINT('',(105.,-82.14,1.6));
#6481=CARTESIAN_POINT('',(105.,-82.14,1.6));
#6482=CARTESIAN_POINT('',(104.64,-82.5,1.6));
#6483=CARTESIAN_POINT('Origin',(104.63999849354,-82.13999849354,1.6));
#6484=CARTESIAN_POINT('',(91.36,-82.5,1.6));
#6485=CARTESIAN_POINT('',(91.36,-82.5,1.6));
#6486=CARTESIAN_POINT('',(91.,-82.14,1.6));
#6487=CARTESIAN_POINT('Origin',(91.360001506451,-82.13999849354,1.6));
#6488=CARTESIAN_POINT('',(91.,-68.86,1.6));
#6489=CARTESIAN_POINT('',(73.36,-53.5,1.6));
#6490=CARTESIAN_POINT('',(73.,-53.86,1.6));
#6491=CARTESIAN_POINT('Origin',(73.360001506451,-53.86000150645,1.6));
#6492=CARTESIAN_POINT('',(86.64,-53.5,1.6));
#6493=CARTESIAN_POINT('',(86.64,-53.5,1.6));
#6494=CARTESIAN_POINT('',(87.,-53.86,1.6));
#6495=CARTESIAN_POINT('Origin',(86.639998493549,-53.86000150645,1.6));
#6496=CARTESIAN_POINT('',(87.,-67.14,1.6));
#6497=CARTESIAN_POINT('',(87.,-67.14,1.6));
#6498=CARTESIAN_POINT('',(86.64,-67.5,1.6));
#6499=CARTESIAN_POINT('Origin',(86.639998493549,-67.13999849354,1.6));
#6500=CARTESIAN_POINT('',(73.36,-67.5,1.6));
#6501=CARTESIAN_POINT('',(73.36,-67.5,1.6));
#6502=CARTESIAN_POINT('',(73.,-67.14,1.6));
#6503=CARTESIAN_POINT('Origin',(73.360001506451,-67.13999849354,1.6));
#6504=CARTESIAN_POINT('',(73.,-53.86,1.6));
#6505=CARTESIAN_POINT('',(91.36,-51.5,1.6));
#6506=CARTESIAN_POINT('',(91.,-51.86,1.6));
#6507=CARTESIAN_POINT('Origin',(91.360001506451,-51.86000150645,1.6));
#6508=CARTESIAN_POINT('',(104.64,-51.5,1.6));
#6509=CARTESIAN_POINT('',(104.64,-51.5,1.6));
#6510=CARTESIAN_POINT('',(105.,-51.86,1.6));
#6511=CARTESIAN_POINT('Origin',(104.63999849354,-51.86000150645,1.6));
#6512=CARTESIAN_POINT('',(105.,-65.14,1.6));
#6513=CARTESIAN_POINT('',(105.,-65.14,1.6));
#6514=CARTESIAN_POINT('',(104.64,-65.5,1.6));
#6515=CARTESIAN_POINT('Origin',(104.63999849354,-65.13999849354,1.6));
#6516=CARTESIAN_POINT('',(91.36,-65.5,1.6));
#6517=CARTESIAN_POINT('',(91.36,-65.5,1.6));
#6518=CARTESIAN_POINT('',(91.,-65.14,1.6));
#6519=CARTESIAN_POINT('Origin',(91.360001506451,-65.13999849354,1.6));
#6520=CARTESIAN_POINT('',(91.,-51.86,1.6));
#6521=CARTESIAN_POINT('',(88.,-49.65,1.6));
#6522=CARTESIAN_POINT('Origin',(88.,-50.75,1.6));
#6523=CARTESIAN_POINT('',(109.36,-65.5,1.6));
#6524=CARTESIAN_POINT('',(109.,-65.86,1.6));
#6525=CARTESIAN_POINT('Origin',(109.36000150645,-65.86000150645,1.6));
#6526=CARTESIAN_POINT('',(122.64,-65.5,1.6));
#6527=CARTESIAN_POINT('',(122.64,-65.5,1.6));
#6528=CARTESIAN_POINT('',(123.,-65.86,1.6));
#6529=CARTESIAN_POINT('Origin',(122.63999849354,-65.86000150645,1.6));
#6530=CARTESIAN_POINT('',(123.,-79.14,1.6));
#6531=CARTESIAN_POINT('',(123.,-79.14,1.6));
#6532=CARTESIAN_POINT('',(122.64,-79.5,1.6));
#6533=CARTESIAN_POINT('Origin',(122.63999849354,-79.13999849354,1.6));
#6534=CARTESIAN_POINT('',(109.36,-79.5,1.6));
#6535=CARTESIAN_POINT('',(109.36,-79.5,1.6));
#6536=CARTESIAN_POINT('',(109.,-79.14,1.6));
#6537=CARTESIAN_POINT('Origin',(109.36000150645,-79.13999849354,1.6));
#6538=CARTESIAN_POINT('',(109.,-65.86,1.6));
#6539=CARTESIAN_POINT('',(127.36,-66.5,1.6));
#6540=CARTESIAN_POINT('',(127.,-66.86,1.6));
#6541=CARTESIAN_POINT('Origin',(127.36000150645,-66.86000150645,1.6));
#6542=CARTESIAN_POINT('',(140.64,-66.5,1.6));
#6543=CARTESIAN_POINT('',(140.64,-66.5,1.6));
#6544=CARTESIAN_POINT('',(141.,-66.86,1.6));
#6545=CARTESIAN_POINT('Origin',(140.63999849354,-66.86000150645,1.6));
#6546=CARTESIAN_POINT('',(141.,-80.14,1.6));
#6547=CARTESIAN_POINT('',(141.,-80.14,1.6));
#6548=CARTESIAN_POINT('',(140.64,-80.5,1.6));
#6549=CARTESIAN_POINT('Origin',(140.63999849354,-80.13999849354,1.6));
#6550=CARTESIAN_POINT('',(127.36,-80.5,1.6));
#6551=CARTESIAN_POINT('',(127.36,-80.5,1.6));
#6552=CARTESIAN_POINT('',(127.,-80.14,1.6));
#6553=CARTESIAN_POINT('Origin',(127.36000150645,-80.13999849354,1.6));
#6554=CARTESIAN_POINT('',(127.,-66.86,1.6));
#6555=CARTESIAN_POINT('',(145.36,-76.5,1.6));
#6556=CARTESIAN_POINT('',(145.,-76.86,1.6));
#6557=CARTESIAN_POINT('Origin',(145.36000150645,-76.86000150645,1.6));
#6558=CARTESIAN_POINT('',(158.64,-76.5,1.6));
#6559=CARTESIAN_POINT('',(158.64,-76.5,1.6));
#6560=CARTESIAN_POINT('',(159.,-76.86,1.6));
#6561=CARTESIAN_POINT('Origin',(158.63999849354,-76.86000150645,1.6));
#6562=CARTESIAN_POINT('',(159.,-90.14,1.6));
#6563=CARTESIAN_POINT('',(159.,-90.14,1.6));
#6564=CARTESIAN_POINT('',(158.64,-90.5,1.6));
#6565=CARTESIAN_POINT('Origin',(158.63999849354,-90.13999849354,1.6));
#6566=CARTESIAN_POINT('',(145.36,-90.5,1.6));
#6567=CARTESIAN_POINT('',(145.36,-90.5,1.6));
#6568=CARTESIAN_POINT('',(145.,-90.14,1.6));
#6569=CARTESIAN_POINT('Origin',(145.36000150645,-90.13999849354,1.6));
#6570=CARTESIAN_POINT('',(145.,-76.86,1.6));
#6571=CARTESIAN_POINT('',(163.36,-72.5,1.6));
#6572=CARTESIAN_POINT('',(163.,-72.86,1.6));
#6573=CARTESIAN_POINT('Origin',(163.36000150645,-72.86000150645,1.6));
#6574=CARTESIAN_POINT('',(176.64,-72.5,1.6));
#6575=CARTESIAN_POINT('',(176.64,-72.5,1.6));
#6576=CARTESIAN_POINT('',(177.,-72.86,1.6));
#6577=CARTESIAN_POINT('Origin',(176.63999849354,-72.86000150645,1.6));
#6578=CARTESIAN_POINT('',(177.,-86.14,1.6));
#6579=CARTESIAN_POINT('',(177.,-86.14,1.6));
#6580=CARTESIAN_POINT('',(176.64,-86.5,1.6));
#6581=CARTESIAN_POINT('Origin',(176.63999849354,-86.13999849354,1.6));
#6582=CARTESIAN_POINT('',(163.36,-86.5,1.6));
#6583=CARTESIAN_POINT('',(163.36,-86.5,1.6));
#6584=CARTESIAN_POINT('',(163.,-86.14,1.6));
#6585=CARTESIAN_POINT('Origin',(163.36000150645,-86.13999849354,1.6));
#6586=CARTESIAN_POINT('',(163.,-72.86,1.6));
#6587=CARTESIAN_POINT('',(109.36,-48.5,1.6));
#6588=CARTESIAN_POINT('',(109.,-48.86,1.6));
#6589=CARTESIAN_POINT('Origin',(109.36000150645,-48.86000150645,1.6));
#6590=CARTESIAN_POINT('',(122.64,-48.5,1.6));
#6591=CARTESIAN_POINT('',(122.64,-48.5,1.6));
#6592=CARTESIAN_POINT('',(123.,-48.86,1.6));
#6593=CARTESIAN_POINT('Origin',(122.63999849354,-48.86000150645,1.6));
#6594=CARTESIAN_POINT('',(123.,-62.14,1.6));
#6595=CARTESIAN_POINT('',(123.,-62.14,1.6));
#6596=CARTESIAN_POINT('',(122.64,-62.5,1.6));
#6597=CARTESIAN_POINT('Origin',(122.63999849354,-62.13999849354,1.6));
#6598=CARTESIAN_POINT('',(109.36,-62.5,1.6));
#6599=CARTESIAN_POINT('',(109.36,-62.5,1.6));
#6600=CARTESIAN_POINT('',(109.,-62.14,1.6));
#6601=CARTESIAN_POINT('Origin',(109.36000150645,-62.13999849354,1.6));
#6602=CARTESIAN_POINT('',(109.,-48.86,1.6));
#6603=CARTESIAN_POINT('',(127.36,-49.5,1.6));
#6604=CARTESIAN_POINT('',(127.,-49.86,1.6));
#6605=CARTESIAN_POINT('Origin',(127.36000150645,-49.86000150645,1.6));
#6606=CARTESIAN_POINT('',(140.64,-49.5,1.6));
#6607=CARTESIAN_POINT('',(140.64,-49.5,1.6));
#6608=CARTESIAN_POINT('',(141.,-49.86,1.6));
#6609=CARTESIAN_POINT('Origin',(140.63999849354,-49.86000150645,1.6));
#6610=CARTESIAN_POINT('',(141.,-63.14,1.6));
#6611=CARTESIAN_POINT('',(141.,-63.14,1.6));
#6612=CARTESIAN_POINT('',(140.64,-63.5,1.6));
#6613=CARTESIAN_POINT('Origin',(140.63999849354,-63.13999849354,1.6));
#6614=CARTESIAN_POINT('',(127.36,-63.5,1.6));
#6615=CARTESIAN_POINT('',(127.36,-63.5,1.6));
#6616=CARTESIAN_POINT('',(127.,-63.14,1.6));
#6617=CARTESIAN_POINT('Origin',(127.36000150645,-63.13999849354,1.6));
#6618=CARTESIAN_POINT('',(127.,-49.86,1.6));
#6619=CARTESIAN_POINT('',(145.36,-59.5,1.6));
#6620=CARTESIAN_POINT('',(145.,-59.86,1.6));
#6621=CARTESIAN_POINT('Origin',(145.36000150645,-59.86000150645,1.6));
#6622=CARTESIAN_POINT('',(158.64,-59.5,1.6));
#6623=CARTESIAN_POINT('',(158.64,-59.5,1.6));
#6624=CARTESIAN_POINT('',(159.,-59.86,1.6));
#6625=CARTESIAN_POINT('Origin',(158.63999849354,-59.86000150645,1.6));
#6626=CARTESIAN_POINT('',(159.,-73.14,1.6));
#6627=CARTESIAN_POINT('',(159.,-73.14,1.6));
#6628=CARTESIAN_POINT('',(158.64,-73.5,1.6));
#6629=CARTESIAN_POINT('Origin',(158.63999849354,-73.13999849354,1.6));
#6630=CARTESIAN_POINT('',(145.36,-73.5,1.6));
#6631=CARTESIAN_POINT('',(145.36,-73.5,1.6));
#6632=CARTESIAN_POINT('',(145.,-73.14,1.6));
#6633=CARTESIAN_POINT('Origin',(145.36000150645,-73.13999849354,1.6));
#6634=CARTESIAN_POINT('',(145.,-59.86,1.6));
#6635=CARTESIAN_POINT('',(145.5,-49.4,1.6));
#6636=CARTESIAN_POINT('Origin',(145.5,-50.5,1.6));
#6637=CARTESIAN_POINT('Origin',(70.,-100.5,1.6));
#6638=CARTESIAN_POINT('',(49.5,-100.5,0.));
#6639=CARTESIAN_POINT('',(70.,-100.5,0.));
#6640=CARTESIAN_POINT('',(35.,-100.5,0.));
#6641=CARTESIAN_POINT('',(49.5,-100.5,0.8));
#6642=CARTESIAN_POINT('',(70.,-100.5,1.6));
#6643=CARTESIAN_POINT('Origin',(70.,-99.5,1.6));
#6644=CARTESIAN_POINT('',(71.,-99.5,0.));
#6645=CARTESIAN_POINT('Origin',(70.,-99.5,0.));
#6646=CARTESIAN_POINT('',(71.,-99.5,1.6));
#6647=CARTESIAN_POINT('Origin',(71.0000000000001,-50.4999999999968,1.6));
#6648=CARTESIAN_POINT('',(71.0000000000001,-50.4999999999968,0.));
#6649=CARTESIAN_POINT('',(71.0000000000002,-25.2499999999985,0.));
#6650=CARTESIAN_POINT('',(71.0000000000001,-50.5,0.8));
#6651=CARTESIAN_POINT('Origin',(0.,0.,0.));
#6652=CARTESIAN_POINT('',(130.,-102.5,0.));
#6653=CARTESIAN_POINT('Origin',(130.00000074707,-103.4999992529,0.));
#6654=CARTESIAN_POINT('',(91.5,-102.5,0.));
#6655=CARTESIAN_POINT('',(130.,-102.5,0.));
#6656=CARTESIAN_POINT('',(90.5,-103.5,0.));
#6657=CARTESIAN_POINT('Origin',(91.499999252925,-103.4999992529,0.));
#6658=CARTESIAN_POINT('',(89.5,-104.5,0.));
#6659=CARTESIAN_POINT('Origin',(89.500000747075,-103.500000747,0.));
#6660=CARTESIAN_POINT('',(85.439086,-104.5,0.));
#6661=CARTESIAN_POINT('',(89.5,-104.5,0.));
#6662=CARTESIAN_POINT('',(80.609457,-110.794095,0.));
#6663=CARTESIAN_POINT('Origin',(85.439087190721,-109.5000007664,0.));
#6664=CARTESIAN_POINT('',(83.471592,-121.475731,0.));
#6665=CARTESIAN_POINT('',(80.609457,-110.794095,0.));
#6666=CARTESIAN_POINT('',(82.764485,-122.700476,0.));
#6667=CARTESIAN_POINT('Origin',(82.505544690929,-121.7344799621,0.));
#6668=CARTESIAN_POINT('',(47.847054,-132.056574,0.));
#6669=CARTESIAN_POINT('',(82.764485,-122.700476,0.));
#6670=CARTESIAN_POINT('',(46.722209,-131.590648,0.));
#6671=CARTESIAN_POINT('Origin',(47.588189890547,-131.0907561307,0.));
#6672=CARTESIAN_POINT('',(37.589746,-115.772758,0.));
#6673=CARTESIAN_POINT('',(46.722209,-131.590648,0.));
#6674=CARTESIAN_POINT('',(37.955771,-114.406733,0.));
#6675=CARTESIAN_POINT('Origin',(38.455887497404,-115.2727892153,0.));
#6676=CARTESIAN_POINT('',(47.,-109.185045,0.));
#6677=CARTESIAN_POINT('',(37.955771,-114.406733,0.));
#6678=CARTESIAN_POINT('',(49.5,-104.854918,0.));
#6679=CARTESIAN_POINT('Origin',(44.499941375652,-104.8548841342,0.));
#6680=CARTESIAN_POINT('',(49.5,-104.854918,0.));
#6681=CARTESIAN_POINT('',(84.25,-50.5,0.));
#6682=CARTESIAN_POINT('',(50.5,-50.5,0.));
#6683=CARTESIAN_POINT('',(85.25,-49.5,0.));
#6684=CARTESIAN_POINT('Origin',(84.250000747075,-49.50000074707,0.));
#6685=CARTESIAN_POINT('',(85.25,-49.,0.));
#6686=CARTESIAN_POINT('',(85.25,-49.5,0.));
#6687=CARTESIAN_POINT('',(86.25,-48.,0.));
#6688=CARTESIAN_POINT('Origin',(86.249999252925,-48.99999925292,0.));
#6689=CARTESIAN_POINT('',(104.5,-48.,0.));
#6690=CARTESIAN_POINT('',(86.25,-48.,0.));
#6691=CARTESIAN_POINT('',(105.5,-47.,0.));
#6692=CARTESIAN_POINT('Origin',(104.50000074707,-47.00000074707,0.));
#6693=CARTESIAN_POINT('',(105.5,-46.5,0.));
#6694=CARTESIAN_POINT('',(105.5,-47.,0.));
#6695=CARTESIAN_POINT('',(106.5,-45.5,0.));
#6696=CARTESIAN_POINT('Origin',(106.49999925292,-46.49999925292,0.));
#6697=CARTESIAN_POINT('',(126.,-45.5,0.));
#6698=CARTESIAN_POINT('',(106.5,-45.5,0.));
#6699=CARTESIAN_POINT('',(126.5,-46.,0.));
#6700=CARTESIAN_POINT('Origin',(125.99999866642,-46.00000133357,0.));
#6701=CARTESIAN_POINT('',(127.,-46.5,0.));
#6702=CARTESIAN_POINT('Origin',(127.00000133357,-45.99999866642,0.));
#6703=CARTESIAN_POINT('',(147.5,-46.5,0.));
#6704=CARTESIAN_POINT('',(127.,-46.5,0.));
#6705=CARTESIAN_POINT('',(148.5,-47.5,0.));
#6706=CARTESIAN_POINT('Origin',(147.50000074707,-47.49999925292,0.));
#6707=CARTESIAN_POINT('',(148.5,-55.5,0.));
#6708=CARTESIAN_POINT('',(148.5,-47.5,0.));
#6709=CARTESIAN_POINT('',(149.5,-56.5,0.));
#6710=CARTESIAN_POINT('Origin',(149.49999925292,-55.50000074707,0.));
#6711=CARTESIAN_POINT('',(161.5,-56.5,0.));
#6712=CARTESIAN_POINT('',(149.5,-56.5,0.));
#6713=CARTESIAN_POINT('',(162.5,-57.5,0.));
#6714=CARTESIAN_POINT('Origin',(161.50000074707,-57.49999925292,0.));
#6715=CARTESIAN_POINT('',(162.5,-68.5,0.));
#6716=CARTESIAN_POINT('',(162.5,-57.5,0.));
#6717=CARTESIAN_POINT('',(163.5,-69.5,0.));
#6718=CARTESIAN_POINT('Origin',(163.49999925292,-68.50000074707,0.));
#6719=CARTESIAN_POINT('',(179.5,-69.5,0.));
#6720=CARTESIAN_POINT('',(163.5,-69.5,0.));
#6721=CARTESIAN_POINT('',(180.5,-70.5,0.));
#6722=CARTESIAN_POINT('Origin',(179.50000074707,-70.49999925292,0.));
#6723=CARTESIAN_POINT('',(180.5,-105.5,0.));
#6724=CARTESIAN_POINT('',(180.5,-70.5,0.));
#6725=CARTESIAN_POINT('',(179.5,-106.5,0.));
#6726=CARTESIAN_POINT('Origin',(179.50000074707,-105.500000747,0.));
#6727=CARTESIAN_POINT('',(167.5,-106.5,0.));
#6728=CARTESIAN_POINT('',(179.5,-106.5,0.));
#6729=CARTESIAN_POINT('',(166.5,-107.5,0.));
#6730=CARTESIAN_POINT('Origin',(167.49999925292,-107.4999992529,0.));
#6731=CARTESIAN_POINT('',(166.5,-109.5,0.));
#6732=CARTESIAN_POINT('',(166.5,-107.5,0.));
#6733=CARTESIAN_POINT('',(165.5,-110.5,0.));
#6734=CARTESIAN_POINT('Origin',(165.50000074707,-109.500000747,0.));
#6735=CARTESIAN_POINT('',(139.,-110.5,0.));
#6736=CARTESIAN_POINT('',(165.5,-110.5,0.));
#6737=CARTESIAN_POINT('',(138.,-111.5,0.));
#6738=CARTESIAN_POINT('Origin',(138.99999925292,-111.4999992529,0.));
#6739=CARTESIAN_POINT('',(138.,-126.,0.));
#6740=CARTESIAN_POINT('',(138.,-111.5,0.));
#6741=CARTESIAN_POINT('',(137.,-127.,0.));
#6742=CARTESIAN_POINT('Origin',(137.00000074707,-126.000000747,0.));
#6743=CARTESIAN_POINT('',(132.,-127.,0.));
#6744=CARTESIAN_POINT('',(137.,-127.,0.));
#6745=CARTESIAN_POINT('Origin',(131.99999925292,-126.000000747,0.));
#6746=CARTESIAN_POINT('',(53.742178,-109.749591,0.));
#6747=CARTESIAN_POINT('',(53.250409,-109.617822,0.));
#6748=CARTESIAN_POINT('Origin',(53.430407807947,-109.9295954488,0.));
#6749=CARTESIAN_POINT('',(41.749591,-116.257822,0.));
#6750=CARTESIAN_POINT('',(53.250409,-109.617822,0.));
#6751=CARTESIAN_POINT('',(41.617822,-116.749591,0.));
#6752=CARTESIAN_POINT('Origin',(41.929595448808,-116.569592192,0.));
#6753=CARTESIAN_POINT('',(48.257822,-128.250409,0.));
#6754=CARTESIAN_POINT('',(41.617822,-116.749591,0.));
#6755=CARTESIAN_POINT('',(48.749591,-128.382178,0.));
#6756=CARTESIAN_POINT('Origin',(48.569592192054,-128.0704045511,0.));
#6757=CARTESIAN_POINT('',(60.250409,-121.742178,0.));
#6758=CARTESIAN_POINT('',(48.749591,-128.382178,0.));
#6759=CARTESIAN_POINT('',(60.382178,-121.250409,0.));
#6760=CARTESIAN_POINT('Origin',(60.070404551192,-121.4304078079,0.));
#6761=CARTESIAN_POINT('',(60.382178,-121.250409,0.));
#6762=CARTESIAN_POINT('',(76.042922,-107.274519,0.));
#6763=CARTESIAN_POINT('',(75.602014,-107.019961,0.));
#6764=CARTESIAN_POINT('Origin',(75.695189212077,-107.3676936326,0.));
#6765=CARTESIAN_POINT('',(62.774519,-110.457078,0.));
#6766=CARTESIAN_POINT('',(75.602014,-107.019961,0.));
#6767=CARTESIAN_POINT('',(62.519961,-110.897986,0.));
#6768=CARTESIAN_POINT('Origin',(62.867693632672,-110.8048107879,0.));
#6769=CARTESIAN_POINT('',(65.957078,-123.725481,0.));
#6770=CARTESIAN_POINT('',(62.519961,-110.897986,0.));
#6771=CARTESIAN_POINT('',(66.397986,-123.980039,0.));
#6772=CARTESIAN_POINT('Origin',(66.304810787923,-123.6323063673,0.));
#6773=CARTESIAN_POINT('',(79.225481,-120.542922,0.));
#6774=CARTESIAN_POINT('',(66.397986,-123.980039,0.));
#6775=CARTESIAN_POINT('',(79.480039,-120.102014,0.));
#6776=CARTESIAN_POINT('Origin',(79.132306367328,-120.195189212,0.));
#6777=CARTESIAN_POINT('',(79.480039,-120.102014,0.));
#6778=CARTESIAN_POINT('',(58.,-106.4,0.));
#6779=CARTESIAN_POINT('Origin',(58.,-107.5,0.));
#6780=CARTESIAN_POINT('',(73.36,-87.5,0.));
#6781=CARTESIAN_POINT('',(73.,-87.86,0.));
#6782=CARTESIAN_POINT('Origin',(73.360001506451,-87.86000150645,0.));
#6783=CARTESIAN_POINT('',(73.,-101.14,0.));
#6784=CARTESIAN_POINT('',(73.,-87.86,0.));
#6785=CARTESIAN_POINT('',(73.36,-101.5,0.));
#6786=CARTESIAN_POINT('Origin',(73.360001506451,-101.1399984935,0.));
#6787=CARTESIAN_POINT('',(86.64,-101.5,0.));
#6788=CARTESIAN_POINT('',(73.36,-101.5,0.));
#6789=CARTESIAN_POINT('',(87.,-101.14,0.));
#6790=CARTESIAN_POINT('Origin',(86.639998493549,-101.1399984935,0.));
#6791=CARTESIAN_POINT('',(87.,-87.86,0.));
#6792=CARTESIAN_POINT('',(87.,-101.14,0.));
#6793=CARTESIAN_POINT('',(86.64,-87.5,0.));
#6794=CARTESIAN_POINT('Origin',(86.639998493549,-87.86000150645,0.));
#6795=CARTESIAN_POINT('',(86.64,-87.5,0.));
#6796=CARTESIAN_POINT('',(91.36,-85.5,0.));
#6797=CARTESIAN_POINT('',(91.,-85.86,0.));
#6798=CARTESIAN_POINT('Origin',(91.360001506451,-85.86000150645,0.));
#6799=CARTESIAN_POINT('',(91.,-99.14,0.));
#6800=CARTESIAN_POINT('',(91.,-85.86,0.));
#6801=CARTESIAN_POINT('',(91.36,-99.5,0.));
#6802=CARTESIAN_POINT('Origin',(91.360001506451,-99.13999849354,0.));
#6803=CARTESIAN_POINT('',(104.64,-99.5,0.));
#6804=CARTESIAN_POINT('',(91.36,-99.5,0.));
#6805=CARTESIAN_POINT('',(105.,-99.14,0.));
#6806=CARTESIAN_POINT('Origin',(104.63999849354,-99.13999849354,0.));
#6807=CARTESIAN_POINT('',(105.,-85.86,0.));
#6808=CARTESIAN_POINT('',(105.,-99.14,0.));
#6809=CARTESIAN_POINT('',(104.64,-85.5,0.));
#6810=CARTESIAN_POINT('Origin',(104.63999849354,-85.86000150645,0.));
#6811=CARTESIAN_POINT('',(104.64,-85.5,0.));
#6812=CARTESIAN_POINT('',(140.5,-106.4,0.));
#6813=CARTESIAN_POINT('Origin',(140.5,-107.5,0.));
#6814=CARTESIAN_POINT('',(109.36,-82.5,0.));
#6815=CARTESIAN_POINT('',(109.,-82.86,0.));
#6816=CARTESIAN_POINT('Origin',(109.36000150645,-82.86000150645,0.));
#6817=CARTESIAN_POINT('',(109.,-96.14,0.));
#6818=CARTESIAN_POINT('',(109.,-82.86,0.));
#6819=CARTESIAN_POINT('',(109.36,-96.5,0.));
#6820=CARTESIAN_POINT('Origin',(109.36000150645,-96.13999849354,0.));
#6821=CARTESIAN_POINT('',(122.64,-96.5,0.));
#6822=CARTESIAN_POINT('',(109.36,-96.5,0.));
#6823=CARTESIAN_POINT('',(123.,-96.14,0.));
#6824=CARTESIAN_POINT('Origin',(122.63999849354,-96.13999849354,0.));
#6825=CARTESIAN_POINT('',(123.,-82.86,0.));
#6826=CARTESIAN_POINT('',(123.,-96.14,0.));
#6827=CARTESIAN_POINT('',(122.64,-82.5,0.));
#6828=CARTESIAN_POINT('Origin',(122.63999849354,-82.86000150645,0.));
#6829=CARTESIAN_POINT('',(122.64,-82.5,0.));
#6830=CARTESIAN_POINT('',(127.36,-83.5,0.));
#6831=CARTESIAN_POINT('',(127.,-83.86,0.));
#6832=CARTESIAN_POINT('Origin',(127.36000150645,-83.86000150645,0.));
#6833=CARTESIAN_POINT('',(127.,-97.14,0.));
#6834=CARTESIAN_POINT('',(127.,-83.86,0.));
#6835=CARTESIAN_POINT('',(127.36,-97.5,0.));
#6836=CARTESIAN_POINT('Origin',(127.36000150645,-97.13999849354,0.));
#6837=CARTESIAN_POINT('',(140.64,-97.5,0.));
#6838=CARTESIAN_POINT('',(127.36,-97.5,0.));
#6839=CARTESIAN_POINT('',(141.,-97.14,0.));
#6840=CARTESIAN_POINT('Origin',(140.63999849354,-97.13999849354,0.));
#6841=CARTESIAN_POINT('',(141.,-83.86,0.));
#6842=CARTESIAN_POINT('',(141.,-97.14,0.));
#6843=CARTESIAN_POINT('',(140.64,-83.5,0.));
#6844=CARTESIAN_POINT('Origin',(140.63999849354,-83.86000150645,0.));
#6845=CARTESIAN_POINT('',(140.64,-83.5,0.));
#6846=CARTESIAN_POINT('',(145.36,-93.5,0.));
#6847=CARTESIAN_POINT('',(145.,-93.86,0.));
#6848=CARTESIAN_POINT('Origin',(145.36000150645,-93.86000150645,0.));
#6849=CARTESIAN_POINT('',(145.,-107.14,0.));
#6850=CARTESIAN_POINT('',(145.,-93.86,0.));
#6851=CARTESIAN_POINT('',(145.36,-107.5,0.));
#6852=CARTESIAN_POINT('Origin',(145.36000150645,-107.1399984935,0.));
#6853=CARTESIAN_POINT('',(158.64,-107.5,0.));
#6854=CARTESIAN_POINT('',(145.36,-107.5,0.));
#6855=CARTESIAN_POINT('',(159.,-107.14,0.));
#6856=CARTESIAN_POINT('Origin',(158.63999849354,-107.1399984935,0.));
#6857=CARTESIAN_POINT('',(159.,-93.86,0.));
#6858=CARTESIAN_POINT('',(159.,-107.14,0.));
#6859=CARTESIAN_POINT('',(158.64,-93.5,0.));
#6860=CARTESIAN_POINT('Origin',(158.63999849354,-93.86000150645,0.));
#6861=CARTESIAN_POINT('',(158.64,-93.5,0.));
#6862=CARTESIAN_POINT('',(163.5,-106.4,0.));
#6863=CARTESIAN_POINT('Origin',(163.5,-107.5,0.));
#6864=CARTESIAN_POINT('',(163.36,-89.5,0.));
#6865=CARTESIAN_POINT('',(163.,-89.86,0.));
#6866=CARTESIAN_POINT('Origin',(163.36000150645,-89.86000150645,0.));
#6867=CARTESIAN_POINT('',(163.,-103.14,0.));
#6868=CARTESIAN_POINT('',(163.,-89.86,0.));
#6869=CARTESIAN_POINT('',(163.36,-103.5,0.));
#6870=CARTESIAN_POINT('Origin',(163.36000150645,-103.1399984935,0.));
#6871=CARTESIAN_POINT('',(176.64,-103.5,0.));
#6872=CARTESIAN_POINT('',(163.36,-103.5,0.));
#6873=CARTESIAN_POINT('',(177.,-103.14,0.));
#6874=CARTESIAN_POINT('Origin',(176.63999849354,-103.1399984935,0.));
#6875=CARTESIAN_POINT('',(177.,-89.86,0.));
#6876=CARTESIAN_POINT('',(177.,-103.14,0.));
#6877=CARTESIAN_POINT('',(176.64,-89.5,0.));
#6878=CARTESIAN_POINT('Origin',(176.63999849354,-89.86000150645,0.));
#6879=CARTESIAN_POINT('',(176.64,-89.5,0.));
#6880=CARTESIAN_POINT('',(73.36,-70.5,0.));
#6881=CARTESIAN_POINT('',(73.,-70.86,0.));
#6882=CARTESIAN_POINT('Origin',(73.360001506451,-70.86000150645,0.));
#6883=CARTESIAN_POINT('',(73.,-84.14,0.));
#6884=CARTESIAN_POINT('',(73.,-70.86,0.));
#6885=CARTESIAN_POINT('',(73.36,-84.5,0.));
#6886=CARTESIAN_POINT('Origin',(73.360001506451,-84.13999849354,0.));
#6887=CARTESIAN_POINT('',(86.64,-84.5,0.));
#6888=CARTESIAN_POINT('',(73.36,-84.5,0.));
#6889=CARTESIAN_POINT('',(87.,-84.14,0.));
#6890=CARTESIAN_POINT('Origin',(86.639998493549,-84.13999849354,0.));
#6891=CARTESIAN_POINT('',(87.,-70.86,0.));
#6892=CARTESIAN_POINT('',(87.,-84.14,0.));
#6893=CARTESIAN_POINT('',(86.64,-70.5,0.));
#6894=CARTESIAN_POINT('Origin',(86.639998493549,-70.86000150645,0.));
#6895=CARTESIAN_POINT('',(86.64,-70.5,0.));
#6896=CARTESIAN_POINT('',(91.36,-68.5,0.));
#6897=CARTESIAN_POINT('',(91.,-68.86,0.));
#6898=CARTESIAN_POINT('Origin',(91.360001506451,-68.86000150645,0.));
#6899=CARTESIAN_POINT('',(91.,-82.14,0.));
#6900=CARTESIAN_POINT('',(91.,-68.86,0.));
#6901=CARTESIAN_POINT('',(91.36,-82.5,0.));
#6902=CARTESIAN_POINT('Origin',(91.360001506451,-82.13999849354,0.));
#6903=CARTESIAN_POINT('',(104.64,-82.5,0.));
#6904=CARTESIAN_POINT('',(91.36,-82.5,0.));
#6905=CARTESIAN_POINT('',(105.,-82.14,0.));
#6906=CARTESIAN_POINT('Origin',(104.63999849354,-82.13999849354,0.));
#6907=CARTESIAN_POINT('',(105.,-68.86,0.));
#6908=CARTESIAN_POINT('',(105.,-82.14,0.));
#6909=CARTESIAN_POINT('',(104.64,-68.5,0.));
#6910=CARTESIAN_POINT('Origin',(104.63999849354,-68.86000150645,0.));
#6911=CARTESIAN_POINT('',(104.64,-68.5,0.));
#6912=CARTESIAN_POINT('',(73.36,-53.5,0.));
#6913=CARTESIAN_POINT('',(73.,-53.86,0.));
#6914=CARTESIAN_POINT('Origin',(73.360001506451,-53.86000150645,0.));
#6915=CARTESIAN_POINT('',(73.,-67.14,0.));
#6916=CARTESIAN_POINT('',(73.,-53.86,0.));
#6917=CARTESIAN_POINT('',(73.36,-67.5,0.));
#6918=CARTESIAN_POINT('Origin',(73.360001506451,-67.13999849354,0.));
#6919=CARTESIAN_POINT('',(86.64,-67.5,0.));
#6920=CARTESIAN_POINT('',(73.36,-67.5,0.));
#6921=CARTESIAN_POINT('',(87.,-67.14,0.));
#6922=CARTESIAN_POINT('Origin',(86.639998493549,-67.13999849354,0.));
#6923=CARTESIAN_POINT('',(87.,-53.86,0.));
#6924=CARTESIAN_POINT('',(87.,-67.14,0.));
#6925=CARTESIAN_POINT('',(86.64,-53.5,0.));
#6926=CARTESIAN_POINT('Origin',(86.639998493549,-53.86000150645,0.));
#6927=CARTESIAN_POINT('',(86.64,-53.5,0.));
#6928=CARTESIAN_POINT('',(91.36,-51.5,0.));
#6929=CARTESIAN_POINT('',(91.,-51.86,0.));
#6930=CARTESIAN_POINT('Origin',(91.360001506451,-51.86000150645,0.));
#6931=CARTESIAN_POINT('',(91.,-65.14,0.));
#6932=CARTESIAN_POINT('',(91.,-51.86,0.));
#6933=CARTESIAN_POINT('',(91.36,-65.5,0.));
#6934=CARTESIAN_POINT('Origin',(91.360001506451,-65.13999849354,0.));
#6935=CARTESIAN_POINT('',(104.64,-65.5,0.));
#6936=CARTESIAN_POINT('',(91.36,-65.5,0.));
#6937=CARTESIAN_POINT('',(105.,-65.14,0.));
#6938=CARTESIAN_POINT('Origin',(104.63999849354,-65.13999849354,0.));
#6939=CARTESIAN_POINT('',(105.,-51.86,0.));
#6940=CARTESIAN_POINT('',(105.,-65.14,0.));
#6941=CARTESIAN_POINT('',(104.64,-51.5,0.));
#6942=CARTESIAN_POINT('Origin',(104.63999849354,-51.86000150645,0.));
#6943=CARTESIAN_POINT('',(104.64,-51.5,0.));
#6944=CARTESIAN_POINT('',(88.,-49.65,0.));
#6945=CARTESIAN_POINT('Origin',(88.,-50.75,0.));
#6946=CARTESIAN_POINT('',(109.36,-65.5,0.));
#6947=CARTESIAN_POINT('',(109.,-65.86,0.));
#6948=CARTESIAN_POINT('Origin',(109.36000150645,-65.86000150645,0.));
#6949=CARTESIAN_POINT('',(109.,-79.14,0.));
#6950=CARTESIAN_POINT('',(109.,-65.86,0.));
#6951=CARTESIAN_POINT('',(109.36,-79.5,0.));
#6952=CARTESIAN_POINT('Origin',(109.36000150645,-79.13999849354,0.));
#6953=CARTESIAN_POINT('',(122.64,-79.5,0.));
#6954=CARTESIAN_POINT('',(109.36,-79.5,0.));
#6955=CARTESIAN_POINT('',(123.,-79.14,0.));
#6956=CARTESIAN_POINT('Origin',(122.63999849354,-79.13999849354,0.));
#6957=CARTESIAN_POINT('',(123.,-65.86,0.));
#6958=CARTESIAN_POINT('',(123.,-79.14,0.));
#6959=CARTESIAN_POINT('',(122.64,-65.5,0.));
#6960=CARTESIAN_POINT('Origin',(122.63999849354,-65.86000150645,0.));
#6961=CARTESIAN_POINT('',(122.64,-65.5,0.));
#6962=CARTESIAN_POINT('',(127.36,-66.5,0.));
#6963=CARTESIAN_POINT('',(127.,-66.86,0.));
#6964=CARTESIAN_POINT('Origin',(127.36000150645,-66.86000150645,0.));
#6965=CARTESIAN_POINT('',(127.,-80.14,0.));
#6966=CARTESIAN_POINT('',(127.,-66.86,0.));
#6967=CARTESIAN_POINT('',(127.36,-80.5,0.));
#6968=CARTESIAN_POINT('Origin',(127.36000150645,-80.13999849354,0.));
#6969=CARTESIAN_POINT('',(140.64,-80.5,0.));
#6970=CARTESIAN_POINT('',(127.36,-80.5,0.));
#6971=CARTESIAN_POINT('',(141.,-80.14,0.));
#6972=CARTESIAN_POINT('Origin',(140.63999849354,-80.13999849354,0.));
#6973=CARTESIAN_POINT('',(141.,-66.86,0.));
#6974=CARTESIAN_POINT('',(141.,-80.14,0.));
#6975=CARTESIAN_POINT('',(140.64,-66.5,0.));
#6976=CARTESIAN_POINT('Origin',(140.63999849354,-66.86000150645,0.));
#6977=CARTESIAN_POINT('',(140.64,-66.5,0.));
#6978=CARTESIAN_POINT('',(145.36,-76.5,0.));
#6979=CARTESIAN_POINT('',(145.,-76.86,0.));
#6980=CARTESIAN_POINT('Origin',(145.36000150645,-76.86000150645,0.));
#6981=CARTESIAN_POINT('',(145.,-90.14,0.));
#6982=CARTESIAN_POINT('',(145.,-76.86,0.));
#6983=CARTESIAN_POINT('',(145.36,-90.5,0.));
#6984=CARTESIAN_POINT('Origin',(145.36000150645,-90.13999849354,0.));
#6985=CARTESIAN_POINT('',(158.64,-90.5,0.));
#6986=CARTESIAN_POINT('',(145.36,-90.5,0.));
#6987=CARTESIAN_POINT('',(159.,-90.14,0.));
#6988=CARTESIAN_POINT('Origin',(158.63999849354,-90.13999849354,0.));
#6989=CARTESIAN_POINT('',(159.,-76.86,0.));
#6990=CARTESIAN_POINT('',(159.,-90.14,0.));
#6991=CARTESIAN_POINT('',(158.64,-76.5,0.));
#6992=CARTESIAN_POINT('Origin',(158.63999849354,-76.86000150645,0.));
#6993=CARTESIAN_POINT('',(158.64,-76.5,0.));
#6994=CARTESIAN_POINT('',(163.36,-72.5,0.));
#6995=CARTESIAN_POINT('',(163.,-72.86,0.));
#6996=CARTESIAN_POINT('Origin',(163.36000150645,-72.86000150645,0.));
#6997=CARTESIAN_POINT('',(163.,-86.14,0.));
#6998=CARTESIAN_POINT('',(163.,-72.86,0.));
#6999=CARTESIAN_POINT('',(163.36,-86.5,0.));
#7000=CARTESIAN_POINT('Origin',(163.36000150645,-86.13999849354,0.));
#7001=CARTESIAN_POINT('',(176.64,-86.5,0.));
#7002=CARTESIAN_POINT('',(163.36,-86.5,0.));
#7003=CARTESIAN_POINT('',(177.,-86.14,0.));
#7004=CARTESIAN_POINT('Origin',(176.63999849354,-86.13999849354,0.));
#7005=CARTESIAN_POINT('',(177.,-72.86,0.));
#7006=CARTESIAN_POINT('',(177.,-86.14,0.));
#7007=CARTESIAN_POINT('',(176.64,-72.5,0.));
#7008=CARTESIAN_POINT('Origin',(176.63999849354,-72.86000150645,0.));
#7009=CARTESIAN_POINT('',(176.64,-72.5,0.));
#7010=CARTESIAN_POINT('',(109.36,-48.5,0.));
#7011=CARTESIAN_POINT('',(109.,-48.86,0.));
#7012=CARTESIAN_POINT('Origin',(109.36000150645,-48.86000150645,0.));
#7013=CARTESIAN_POINT('',(109.,-62.14,0.));
#7014=CARTESIAN_POINT('',(109.,-48.86,0.));
#7015=CARTESIAN_POINT('',(109.36,-62.5,0.));
#7016=CARTESIAN_POINT('Origin',(109.36000150645,-62.13999849354,0.));
#7017=CARTESIAN_POINT('',(122.64,-62.5,0.));
#7018=CARTESIAN_POINT('',(109.36,-62.5,0.));
#7019=CARTESIAN_POINT('',(123.,-62.14,0.));
#7020=CARTESIAN_POINT('Origin',(122.63999849354,-62.13999849354,0.));
#7021=CARTESIAN_POINT('',(123.,-48.86,0.));
#7022=CARTESIAN_POINT('',(123.,-62.14,0.));
#7023=CARTESIAN_POINT('',(122.64,-48.5,0.));
#7024=CARTESIAN_POINT('Origin',(122.63999849354,-48.86000150645,0.));
#7025=CARTESIAN_POINT('',(122.64,-48.5,0.));
#7026=CARTESIAN_POINT('',(127.36,-49.5,0.));
#7027=CARTESIAN_POINT('',(127.,-49.86,0.));
#7028=CARTESIAN_POINT('Origin',(127.36000150645,-49.86000150645,0.));
#7029=CARTESIAN_POINT('',(127.,-63.14,0.));
#7030=CARTESIAN_POINT('',(127.,-49.86,0.));
#7031=CARTESIAN_POINT('',(127.36,-63.5,0.));
#7032=CARTESIAN_POINT('Origin',(127.36000150645,-63.13999849354,0.));
#7033=CARTESIAN_POINT('',(140.64,-63.5,0.));
#7034=CARTESIAN_POINT('',(127.36,-63.5,0.));
#7035=CARTESIAN_POINT('',(141.,-63.14,0.));
#7036=CARTESIAN_POINT('Origin',(140.63999849354,-63.13999849354,0.));
#7037=CARTESIAN_POINT('',(141.,-49.86,0.));
#7038=CARTESIAN_POINT('',(141.,-63.14,0.));
#7039=CARTESIAN_POINT('',(140.64,-49.5,0.));
#7040=CARTESIAN_POINT('Origin',(140.63999849354,-49.86000150645,0.));
#7041=CARTESIAN_POINT('',(140.64,-49.5,0.));
#7042=CARTESIAN_POINT('',(145.36,-59.5,0.));
#7043=CARTESIAN_POINT('',(145.,-59.86,0.));
#7044=CARTESIAN_POINT('Origin',(145.36000150645,-59.86000150645,0.));
#7045=CARTESIAN_POINT('',(145.,-73.14,0.));
#7046=CARTESIAN_POINT('',(145.,-59.86,0.));
#7047=CARTESIAN_POINT('',(145.36,-73.5,0.));
#7048=CARTESIAN_POINT('Origin',(145.36000150645,-73.13999849354,0.));
#7049=CARTESIAN_POINT('',(158.64,-73.5,0.));
#7050=CARTESIAN_POINT('',(145.36,-73.5,0.));
#7051=CARTESIAN_POINT('',(159.,-73.14,0.));
#7052=CARTESIAN_POINT('Origin',(158.63999849354,-73.13999849354,0.));
#7053=CARTESIAN_POINT('',(159.,-59.86,0.));
#7054=CARTESIAN_POINT('',(159.,-73.14,0.));
#7055=CARTESIAN_POINT('',(158.64,-59.5,0.));
#7056=CARTESIAN_POINT('Origin',(158.63999849354,-59.86000150645,0.));
#7057=CARTESIAN_POINT('',(158.64,-59.5,0.));
#7058=CARTESIAN_POINT('',(145.5,-49.4,0.));
#7059=CARTESIAN_POINT('Origin',(145.5,-50.5,0.));
#7060=CARTESIAN_POINT('Origin',(50.5,-50.5,0.));
#7061=CARTESIAN_POINT('',(84.25,-50.5,0.));
#7062=CARTESIAN_POINT('Origin',(125.99999866642,-46.00000133357,0.));
#7063=CARTESIAN_POINT('',(126.,-45.5,0.));
#7064=CARTESIAN_POINT('',(126.5,-46.,0.));
#7065=CARTESIAN_POINT('Origin',(106.5,-45.5,0.));
#7066=CARTESIAN_POINT('',(106.5,-45.5,0.));
#7067=CARTESIAN_POINT('Origin',(127.00000133357,-45.99999866642,0.));
#7068=CARTESIAN_POINT('',(127.,-46.5,0.));
#7069=CARTESIAN_POINT('Origin',(106.49999925292,-46.49999925292,0.));
#7070=CARTESIAN_POINT('',(105.5,-46.5,0.));
#7071=CARTESIAN_POINT('Origin',(127.,-46.5,0.));
#7072=CARTESIAN_POINT('',(147.5,-46.5,0.));
#7073=CARTESIAN_POINT('Origin',(105.5,-47.,0.));
#7074=CARTESIAN_POINT('',(105.5,-47.,0.));
#7075=CARTESIAN_POINT('Origin',(147.50000074707,-47.49999925292,0.));
#7076=CARTESIAN_POINT('',(148.5,-47.5,0.));
#7077=CARTESIAN_POINT('Origin',(104.50000074707,-47.00000074707,0.));
#7078=CARTESIAN_POINT('',(104.5,-48.,0.));
#7079=CARTESIAN_POINT('Origin',(148.5,-47.5,0.));
#7080=CARTESIAN_POINT('',(148.5,-55.5,0.));
#7081=CARTESIAN_POINT('Origin',(86.25,-48.,0.));
#7082=CARTESIAN_POINT('',(86.25,-48.,0.));
#7083=CARTESIAN_POINT('Origin',(149.49999925292,-55.50000074707,0.));
#7084=CARTESIAN_POINT('',(149.5,-56.5,0.));
#7085=CARTESIAN_POINT('Origin',(86.249999252925,-48.99999925292,0.));
#7086=CARTESIAN_POINT('',(85.25,-49.,0.));
#7087=CARTESIAN_POINT('Origin',(149.5,-56.5,0.));
#7088=CARTESIAN_POINT('',(161.5,-56.5,0.));
#7089=CARTESIAN_POINT('Origin',(85.25,-49.5,0.));
#7090=CARTESIAN_POINT('',(85.25,-49.5,0.));
#7091=CARTESIAN_POINT('Origin',(161.50000074707,-57.49999925292,0.));
#7092=CARTESIAN_POINT('',(162.5,-57.5,0.));
#7093=CARTESIAN_POINT('Origin',(84.250000747075,-49.50000074707,0.));
#7094=CARTESIAN_POINT('Origin',(162.5,-57.5,0.));
#7095=CARTESIAN_POINT('',(162.5,-68.5,0.));
#7096=CARTESIAN_POINT('Origin',(163.49999925292,-68.50000074707,0.));
#7097=CARTESIAN_POINT('',(163.5,-69.5,0.));
#7098=CARTESIAN_POINT('Origin',(163.5,-69.5,0.));
#7099=CARTESIAN_POINT('',(179.5,-69.5,0.));
#7100=CARTESIAN_POINT('Origin',(49.5,-104.854918,0.));
#7101=CARTESIAN_POINT('',(49.5,-104.854918,0.));
#7102=CARTESIAN_POINT('Origin',(179.50000074707,-70.49999925292,0.));
#7103=CARTESIAN_POINT('',(180.5,-70.5,0.));
#7104=CARTESIAN_POINT('Origin',(44.499941375652,-104.8548841342,0.));
#7105=CARTESIAN_POINT('',(47.,-109.185045,0.));
#7106=CARTESIAN_POINT('Origin',(180.5,-70.5,0.));
#7107=CARTESIAN_POINT('',(180.5,-105.5,0.));
#7108=CARTESIAN_POINT('Origin',(37.955771,-114.406733,0.));
#7109=CARTESIAN_POINT('',(37.955771,-114.406733,0.));
#7110=CARTESIAN_POINT('Origin',(179.50000074707,-105.500000747,0.));
#7111=CARTESIAN_POINT('',(179.5,-106.5,0.));
#7112=CARTESIAN_POINT('Origin',(38.455887497404,-115.2727892153,0.));
#7113=CARTESIAN_POINT('',(37.589746,-115.772758,0.));
#7114=CARTESIAN_POINT('Origin',(179.5,-106.5,0.));
#7115=CARTESIAN_POINT('',(167.5,-106.5,0.));
#7116=CARTESIAN_POINT('Origin',(46.722209,-131.590648,0.));
#7117=CARTESIAN_POINT('',(46.722209,-131.590648,0.));
#7118=CARTESIAN_POINT('Origin',(167.49999925292,-107.4999992529,0.));
#7119=CARTESIAN_POINT('',(166.5,-107.5,0.));
#7120=CARTESIAN_POINT('Origin',(47.588189890547,-131.0907561307,0.));
#7121=CARTESIAN_POINT('',(47.847054,-132.056574,0.));
#7122=CARTESIAN_POINT('Origin',(166.5,-107.5,0.));
#7123=CARTESIAN_POINT('',(166.5,-109.5,0.));
#7124=CARTESIAN_POINT('Origin',(82.764485,-122.700476,0.));
#7125=CARTESIAN_POINT('',(82.764485,-122.700476,0.));
#7126=CARTESIAN_POINT('Origin',(165.50000074707,-109.500000747,0.));
#7127=CARTESIAN_POINT('',(165.5,-110.5,0.));
#7128=CARTESIAN_POINT('Origin',(82.505544690929,-121.7344799621,0.));
#7129=CARTESIAN_POINT('',(83.471592,-121.475731,0.));
#7130=CARTESIAN_POINT('Origin',(165.5,-110.5,0.));
#7131=CARTESIAN_POINT('',(139.,-110.5,0.));
#7132=CARTESIAN_POINT('Origin',(80.609457,-110.794095,0.));
#7133=CARTESIAN_POINT('',(80.609457,-110.794095,0.));
#7134=CARTESIAN_POINT('Origin',(138.99999925292,-111.4999992529,0.));
#7135=CARTESIAN_POINT('',(138.,-111.5,0.));
#7136=CARTESIAN_POINT('Origin',(85.439087190721,-109.5000007664,0.));
#7137=CARTESIAN_POINT('',(85.439086,-104.5,0.));
#7138=CARTESIAN_POINT('Origin',(138.,-111.5,0.));
#7139=CARTESIAN_POINT('',(138.,-126.,0.));
#7140=CARTESIAN_POINT('Origin',(89.5,-104.5,0.));
#7141=CARTESIAN_POINT('',(89.5,-104.5,0.));
#7142=CARTESIAN_POINT('Origin',(137.00000074707,-126.000000747,0.));
#7143=CARTESIAN_POINT('',(137.,-127.,0.));
#7144=CARTESIAN_POINT('Origin',(89.500000747075,-103.500000747,0.));
#7145=CARTESIAN_POINT('',(90.5,-103.5,0.));
#7146=CARTESIAN_POINT('Origin',(137.,-127.,0.));
#7147=CARTESIAN_POINT('',(132.,-127.,0.));
#7148=CARTESIAN_POINT('Origin',(91.499999252925,-103.4999992529,0.));
#7149=CARTESIAN_POINT('',(91.5,-102.5,0.));
#7150=CARTESIAN_POINT('Origin',(131.99999925292,-126.000000747,0.));
#7151=CARTESIAN_POINT('Origin',(130.,-102.5,0.));
#7152=CARTESIAN_POINT('',(130.,-102.5,0.));
#7153=CARTESIAN_POINT('Origin',(130.00000074707,-103.4999992529,0.));
#7154=CARTESIAN_POINT('Origin',(53.430407807947,-109.9295954488,0.));
#7155=CARTESIAN_POINT('',(53.742178,-109.749591,0.));
#7156=CARTESIAN_POINT('',(53.250409,-109.617822,0.));
#7157=CARTESIAN_POINT('Origin',(60.382178,-121.250409,0.));
#7158=CARTESIAN_POINT('',(60.382178,-121.250409,0.));
#7159=CARTESIAN_POINT('Origin',(53.250409,-109.617822,0.));
#7160=CARTESIAN_POINT('',(41.749591,-116.257822,0.));
#7161=CARTESIAN_POINT('Origin',(60.070404551192,-121.4304078079,0.));
#7162=CARTESIAN_POINT('',(60.250409,-121.742178,0.));
#7163=CARTESIAN_POINT('Origin',(41.929595448808,-116.569592192,0.));
#7164=CARTESIAN_POINT('',(41.617822,-116.749591,0.));
#7165=CARTESIAN_POINT('Origin',(48.749591,-128.382178,0.));
#7166=CARTESIAN_POINT('',(48.749591,-128.382178,0.));
#7167=CARTESIAN_POINT('Origin',(41.617822,-116.749591,0.));
#7168=CARTESIAN_POINT('',(48.257822,-128.250409,0.));
#7169=CARTESIAN_POINT('Origin',(48.569592192054,-128.0704045511,0.));
#7170=CARTESIAN_POINT('Origin',(75.695189212077,-107.3676936326,0.));
#7171=CARTESIAN_POINT('',(76.042922,-107.274519,0.));
#7172=CARTESIAN_POINT('',(75.602014,-107.019961,0.));
#7173=CARTESIAN_POINT('Origin',(79.480039,-120.102014,0.));
#7174=CARTESIAN_POINT('',(79.480039,-120.102014,0.));
#7175=CARTESIAN_POINT('Origin',(75.602014,-107.019961,0.));
#7176=CARTESIAN_POINT('',(62.774519,-110.457078,0.));
#7177=CARTESIAN_POINT('Origin',(79.132306367328,-120.195189212,0.));
#7178=CARTESIAN_POINT('',(79.225481,-120.542922,0.));
#7179=CARTESIAN_POINT('Origin',(62.867693632672,-110.8048107879,0.));
#7180=CARTESIAN_POINT('',(62.519961,-110.897986,0.));
#7181=CARTESIAN_POINT('Origin',(66.397986,-123.980039,0.));
#7182=CARTESIAN_POINT('',(66.397986,-123.980039,0.));
#7183=CARTESIAN_POINT('Origin',(62.519961,-110.897986,0.));
#7184=CARTESIAN_POINT('',(65.957078,-123.725481,0.));
#7185=CARTESIAN_POINT('Origin',(66.304810787923,-123.6323063673,0.));
#7186=CARTESIAN_POINT('Origin',(58.,-107.5,-0.046));
#7187=CARTESIAN_POINT('',(58.,-106.4,-0.046));
#7188=CARTESIAN_POINT('Origin',(73.360001506451,-87.86000150645,0.));
#7189=CARTESIAN_POINT('',(73.36,-87.5,0.));
#7190=CARTESIAN_POINT('',(73.,-87.86,0.));
#7191=CARTESIAN_POINT('Origin',(86.64,-87.5,0.));
#7192=CARTESIAN_POINT('',(86.64,-87.5,0.));
#7193=CARTESIAN_POINT('Origin',(73.,-87.86,0.));
#7194=CARTESIAN_POINT('',(73.,-101.14,0.));
#7195=CARTESIAN_POINT('Origin',(86.639998493549,-87.86000150645,0.));
#7196=CARTESIAN_POINT('',(87.,-87.86,0.));
#7197=CARTESIAN_POINT('Origin',(73.360001506451,-101.1399984935,0.));
#7198=CARTESIAN_POINT('',(73.36,-101.5,0.));
#7199=CARTESIAN_POINT('Origin',(87.,-101.14,0.));
#7200=CARTESIAN_POINT('',(87.,-101.14,0.));
#7201=CARTESIAN_POINT('Origin',(73.36,-101.5,0.));
#7202=CARTESIAN_POINT('',(86.64,-101.5,0.));
#7203=CARTESIAN_POINT('Origin',(86.639998493549,-101.1399984935,0.));
#7204=CARTESIAN_POINT('Origin',(91.360001506451,-85.86000150645,0.));
#7205=CARTESIAN_POINT('',(91.36,-85.5,0.));
#7206=CARTESIAN_POINT('',(91.,-85.86,0.));
#7207=CARTESIAN_POINT('Origin',(104.64,-85.5,0.));
#7208=CARTESIAN_POINT('',(104.64,-85.5,0.));
#7209=CARTESIAN_POINT('Origin',(91.,-85.86,0.));
#7210=CARTESIAN_POINT('',(91.,-99.14,0.));
#7211=CARTESIAN_POINT('Origin',(104.63999849354,-85.86000150645,0.));
#7212=CARTESIAN_POINT('',(105.,-85.86,0.));
#7213=CARTESIAN_POINT('Origin',(91.360001506451,-99.13999849354,0.));
#7214=CARTESIAN_POINT('',(91.36,-99.5,0.));
#7215=CARTESIAN_POINT('Origin',(105.,-99.14,0.));
#7216=CARTESIAN_POINT('',(105.,-99.14,0.));
#7217=CARTESIAN_POINT('Origin',(91.36,-99.5,0.));
#7218=CARTESIAN_POINT('',(104.64,-99.5,0.));
#7219=CARTESIAN_POINT('Origin',(104.63999849354,-99.13999849354,0.));
#7220=CARTESIAN_POINT('Origin',(140.5,-107.5,-0.046));
#7221=CARTESIAN_POINT('',(140.5,-106.4,-0.046));
#7222=CARTESIAN_POINT('Origin',(109.36000150645,-82.86000150645,0.));
#7223=CARTESIAN_POINT('',(109.36,-82.5,0.));
#7224=CARTESIAN_POINT('',(109.,-82.86,0.));
#7225=CARTESIAN_POINT('Origin',(122.64,-82.5,0.));
#7226=CARTESIAN_POINT('',(122.64,-82.5,0.));
#7227=CARTESIAN_POINT('Origin',(109.,-82.86,0.));
#7228=CARTESIAN_POINT('',(109.,-96.14,0.));
#7229=CARTESIAN_POINT('Origin',(122.63999849354,-82.86000150645,0.));
#7230=CARTESIAN_POINT('',(123.,-82.86,0.));
#7231=CARTESIAN_POINT('Origin',(109.36000150645,-96.13999849354,0.));
#7232=CARTESIAN_POINT('',(109.36,-96.5,0.));
#7233=CARTESIAN_POINT('Origin',(123.,-96.14,0.));
#7234=CARTESIAN_POINT('',(123.,-96.14,0.));
#7235=CARTESIAN_POINT('Origin',(109.36,-96.5,0.));
#7236=CARTESIAN_POINT('',(122.64,-96.5,0.));
#7237=CARTESIAN_POINT('Origin',(122.63999849354,-96.13999849354,0.));
#7238=CARTESIAN_POINT('Origin',(127.36000150645,-83.86000150645,0.));
#7239=CARTESIAN_POINT('',(127.36,-83.5,0.));
#7240=CARTESIAN_POINT('',(127.,-83.86,0.));
#7241=CARTESIAN_POINT('Origin',(140.64,-83.5,0.));
#7242=CARTESIAN_POINT('',(140.64,-83.5,0.));
#7243=CARTESIAN_POINT('Origin',(127.,-83.86,0.));
#7244=CARTESIAN_POINT('',(127.,-97.14,0.));
#7245=CARTESIAN_POINT('Origin',(140.63999849354,-83.86000150645,0.));
#7246=CARTESIAN_POINT('',(141.,-83.86,0.));
#7247=CARTESIAN_POINT('Origin',(127.36000150645,-97.13999849354,0.));
#7248=CARTESIAN_POINT('',(127.36,-97.5,0.));
#7249=CARTESIAN_POINT('Origin',(141.,-97.14,0.));
#7250=CARTESIAN_POINT('',(141.,-97.14,0.));
#7251=CARTESIAN_POINT('Origin',(127.36,-97.5,0.));
#7252=CARTESIAN_POINT('',(140.64,-97.5,0.));
#7253=CARTESIAN_POINT('Origin',(140.63999849354,-97.13999849354,0.));
#7254=CARTESIAN_POINT('Origin',(145.36000150645,-93.86000150645,0.));
#7255=CARTESIAN_POINT('',(145.36,-93.5,0.));
#7256=CARTESIAN_POINT('',(145.,-93.86,0.));
#7257=CARTESIAN_POINT('Origin',(158.64,-93.5,0.));
#7258=CARTESIAN_POINT('',(158.64,-93.5,0.));
#7259=CARTESIAN_POINT('Origin',(145.,-93.86,0.));
#7260=CARTESIAN_POINT('',(145.,-107.14,0.));
#7261=CARTESIAN_POINT('Origin',(158.63999849354,-93.86000150645,0.));
#7262=CARTESIAN_POINT('',(159.,-93.86,0.));
#7263=CARTESIAN_POINT('Origin',(145.36000150645,-107.1399984935,0.));
#7264=CARTESIAN_POINT('',(145.36,-107.5,0.));
#7265=CARTESIAN_POINT('Origin',(159.,-107.14,0.));
#7266=CARTESIAN_POINT('',(159.,-107.14,0.));
#7267=CARTESIAN_POINT('Origin',(145.36,-107.5,0.));
#7268=CARTESIAN_POINT('',(158.64,-107.5,0.));
#7269=CARTESIAN_POINT('Origin',(158.63999849354,-107.1399984935,0.));
#7270=CARTESIAN_POINT('Origin',(163.5,-107.5,-0.046));
#7271=CARTESIAN_POINT('',(163.5,-106.4,-0.046));
#7272=CARTESIAN_POINT('Origin',(163.36000150645,-89.86000150645,0.));
#7273=CARTESIAN_POINT('',(163.36,-89.5,0.));
#7274=CARTESIAN_POINT('',(163.,-89.86,0.));
#7275=CARTESIAN_POINT('Origin',(176.64,-89.5,0.));
#7276=CARTESIAN_POINT('',(176.64,-89.5,0.));
#7277=CARTESIAN_POINT('Origin',(163.,-89.86,0.));
#7278=CARTESIAN_POINT('',(163.,-103.14,0.));
#7279=CARTESIAN_POINT('Origin',(176.63999849354,-89.86000150645,0.));
#7280=CARTESIAN_POINT('',(177.,-89.86,0.));
#7281=CARTESIAN_POINT('Origin',(163.36000150645,-103.1399984935,0.));
#7282=CARTESIAN_POINT('',(163.36,-103.5,0.));
#7283=CARTESIAN_POINT('Origin',(177.,-103.14,0.));
#7284=CARTESIAN_POINT('',(177.,-103.14,0.));
#7285=CARTESIAN_POINT('Origin',(163.36,-103.5,0.));
#7286=CARTESIAN_POINT('',(176.64,-103.5,0.));
#7287=CARTESIAN_POINT('Origin',(176.63999849354,-103.1399984935,0.));
#7288=CARTESIAN_POINT('Origin',(73.360001506451,-70.86000150645,0.));
#7289=CARTESIAN_POINT('',(73.36,-70.5,0.));
#7290=CARTESIAN_POINT('',(73.,-70.86,0.));
#7291=CARTESIAN_POINT('Origin',(86.64,-70.5,0.));
#7292=CARTESIAN_POINT('',(86.64,-70.5,0.));
#7293=CARTESIAN_POINT('Origin',(73.,-70.86,0.));
#7294=CARTESIAN_POINT('',(73.,-84.14,0.));
#7295=CARTESIAN_POINT('Origin',(86.639998493549,-70.86000150645,0.));
#7296=CARTESIAN_POINT('',(87.,-70.86,0.));
#7297=CARTESIAN_POINT('Origin',(73.360001506451,-84.13999849354,0.));
#7298=CARTESIAN_POINT('',(73.36,-84.5,0.));
#7299=CARTESIAN_POINT('Origin',(87.,-84.14,0.));
#7300=CARTESIAN_POINT('',(87.,-84.14,0.));
#7301=CARTESIAN_POINT('Origin',(73.36,-84.5,0.));
#7302=CARTESIAN_POINT('',(86.64,-84.5,0.));
#7303=CARTESIAN_POINT('Origin',(86.639998493549,-84.13999849354,0.));
#7304=CARTESIAN_POINT('Origin',(91.360001506451,-68.86000150645,0.));
#7305=CARTESIAN_POINT('',(91.36,-68.5,0.));
#7306=CARTESIAN_POINT('',(91.,-68.86,0.));
#7307=CARTESIAN_POINT('Origin',(104.64,-68.5,0.));
#7308=CARTESIAN_POINT('',(104.64,-68.5,0.));
#7309=CARTESIAN_POINT('Origin',(91.,-68.86,0.));
#7310=CARTESIAN_POINT('',(91.,-82.14,0.));
#7311=CARTESIAN_POINT('Origin',(104.63999849354,-68.86000150645,0.));
#7312=CARTESIAN_POINT('',(105.,-68.86,0.));
#7313=CARTESIAN_POINT('Origin',(91.360001506451,-82.13999849354,0.));
#7314=CARTESIAN_POINT('',(91.36,-82.5,0.));
#7315=CARTESIAN_POINT('Origin',(105.,-82.14,0.));
#7316=CARTESIAN_POINT('',(105.,-82.14,0.));
#7317=CARTESIAN_POINT('Origin',(91.36,-82.5,0.));
#7318=CARTESIAN_POINT('',(104.64,-82.5,0.));
#7319=CARTESIAN_POINT('Origin',(104.63999849354,-82.13999849354,0.));
#7320=CARTESIAN_POINT('Origin',(73.360001506451,-53.86000150645,0.));
#7321=CARTESIAN_POINT('',(73.36,-53.5,0.));
#7322=CARTESIAN_POINT('',(73.,-53.86,0.));
#7323=CARTESIAN_POINT('Origin',(86.64,-53.5,0.));
#7324=CARTESIAN_POINT('',(86.64,-53.5,0.));
#7325=CARTESIAN_POINT('Origin',(73.,-53.86,0.));
#7326=CARTESIAN_POINT('',(73.,-67.14,0.));
#7327=CARTESIAN_POINT('Origin',(86.639998493549,-53.86000150645,0.));
#7328=CARTESIAN_POINT('',(87.,-53.86,0.));
#7329=CARTESIAN_POINT('Origin',(73.360001506451,-67.13999849354,0.));
#7330=CARTESIAN_POINT('',(73.36,-67.5,0.));
#7331=CARTESIAN_POINT('Origin',(87.,-67.14,0.));
#7332=CARTESIAN_POINT('',(87.,-67.14,0.));
#7333=CARTESIAN_POINT('Origin',(73.36,-67.5,0.));
#7334=CARTESIAN_POINT('',(86.64,-67.5,0.));
#7335=CARTESIAN_POINT('Origin',(86.639998493549,-67.13999849354,0.));
#7336=CARTESIAN_POINT('Origin',(91.360001506451,-51.86000150645,0.));
#7337=CARTESIAN_POINT('',(91.36,-51.5,0.));
#7338=CARTESIAN_POINT('',(91.,-51.86,0.));
#7339=CARTESIAN_POINT('Origin',(104.64,-51.5,0.));
#7340=CARTESIAN_POINT('',(104.64,-51.5,0.));
#7341=CARTESIAN_POINT('Origin',(91.,-51.86,0.));
#7342=CARTESIAN_POINT('',(91.,-65.14,0.));
#7343=CARTESIAN_POINT('Origin',(104.63999849354,-51.86000150645,0.));
#7344=CARTESIAN_POINT('',(105.,-51.86,0.));
#7345=CARTESIAN_POINT('Origin',(91.360001506451,-65.13999849354,0.));
#7346=CARTESIAN_POINT('',(91.36,-65.5,0.));
#7347=CARTESIAN_POINT('Origin',(105.,-65.14,0.));
#7348=CARTESIAN_POINT('',(105.,-65.14,0.));
#7349=CARTESIAN_POINT('Origin',(91.36,-65.5,0.));
#7350=CARTESIAN_POINT('',(104.64,-65.5,0.));
#7351=CARTESIAN_POINT('Origin',(104.63999849354,-65.13999849354,0.));
#7352=CARTESIAN_POINT('Origin',(88.,-50.75,-0.046));
#7353=CARTESIAN_POINT('',(88.,-49.65,-0.046));
#7354=CARTESIAN_POINT('Origin',(109.36000150645,-65.86000150645,0.));
#7355=CARTESIAN_POINT('',(109.36,-65.5,0.));
#7356=CARTESIAN_POINT('',(109.,-65.86,0.));
#7357=CARTESIAN_POINT('Origin',(122.64,-65.5,0.));
#7358=CARTESIAN_POINT('',(122.64,-65.5,0.));
#7359=CARTESIAN_POINT('Origin',(109.,-65.86,0.));
#7360=CARTESIAN_POINT('',(109.,-79.14,0.));
#7361=CARTESIAN_POINT('Origin',(122.63999849354,-65.86000150645,0.));
#7362=CARTESIAN_POINT('',(123.,-65.86,0.));
#7363=CARTESIAN_POINT('Origin',(109.36000150645,-79.13999849354,0.));
#7364=CARTESIAN_POINT('',(109.36,-79.5,0.));
#7365=CARTESIAN_POINT('Origin',(123.,-79.14,0.));
#7366=CARTESIAN_POINT('',(123.,-79.14,0.));
#7367=CARTESIAN_POINT('Origin',(109.36,-79.5,0.));
#7368=CARTESIAN_POINT('',(122.64,-79.5,0.));
#7369=CARTESIAN_POINT('Origin',(122.63999849354,-79.13999849354,0.));
#7370=CARTESIAN_POINT('Origin',(127.36000150645,-66.86000150645,0.));
#7371=CARTESIAN_POINT('',(127.36,-66.5,0.));
#7372=CARTESIAN_POINT('',(127.,-66.86,0.));
#7373=CARTESIAN_POINT('Origin',(140.64,-66.5,0.));
#7374=CARTESIAN_POINT('',(140.64,-66.5,0.));
#7375=CARTESIAN_POINT('Origin',(127.,-66.86,0.));
#7376=CARTESIAN_POINT('',(127.,-80.14,0.));
#7377=CARTESIAN_POINT('Origin',(140.63999849354,-66.86000150645,0.));
#7378=CARTESIAN_POINT('',(141.,-66.86,0.));
#7379=CARTESIAN_POINT('Origin',(127.36000150645,-80.13999849354,0.));
#7380=CARTESIAN_POINT('',(127.36,-80.5,0.));
#7381=CARTESIAN_POINT('Origin',(141.,-80.14,0.));
#7382=CARTESIAN_POINT('',(141.,-80.14,0.));
#7383=CARTESIAN_POINT('Origin',(127.36,-80.5,0.));
#7384=CARTESIAN_POINT('',(140.64,-80.5,0.));
#7385=CARTESIAN_POINT('Origin',(140.63999849354,-80.13999849354,0.));
#7386=CARTESIAN_POINT('Origin',(145.36000150645,-76.86000150645,0.));
#7387=CARTESIAN_POINT('',(145.36,-76.5,0.));
#7388=CARTESIAN_POINT('',(145.,-76.86,0.));
#7389=CARTESIAN_POINT('Origin',(158.64,-76.5,0.));
#7390=CARTESIAN_POINT('',(158.64,-76.5,0.));
#7391=CARTESIAN_POINT('Origin',(145.,-76.86,0.));
#7392=CARTESIAN_POINT('',(145.,-90.14,0.));
#7393=CARTESIAN_POINT('Origin',(158.63999849354,-76.86000150645,0.));
#7394=CARTESIAN_POINT('',(159.,-76.86,0.));
#7395=CARTESIAN_POINT('Origin',(145.36000150645,-90.13999849354,0.));
#7396=CARTESIAN_POINT('',(145.36,-90.5,0.));
#7397=CARTESIAN_POINT('Origin',(159.,-90.14,0.));
#7398=CARTESIAN_POINT('',(159.,-90.14,0.));
#7399=CARTESIAN_POINT('Origin',(145.36,-90.5,0.));
#7400=CARTESIAN_POINT('',(158.64,-90.5,0.));
#7401=CARTESIAN_POINT('Origin',(158.63999849354,-90.13999849354,0.));
#7402=CARTESIAN_POINT('Origin',(163.36000150645,-72.86000150645,0.));
#7403=CARTESIAN_POINT('',(163.36,-72.5,0.));
#7404=CARTESIAN_POINT('',(163.,-72.86,0.));
#7405=CARTESIAN_POINT('Origin',(176.64,-72.5,0.));
#7406=CARTESIAN_POINT('',(176.64,-72.5,0.));
#7407=CARTESIAN_POINT('Origin',(163.,-72.86,0.));
#7408=CARTESIAN_POINT('',(163.,-86.14,0.));
#7409=CARTESIAN_POINT('Origin',(176.63999849354,-72.86000150645,0.));
#7410=CARTESIAN_POINT('',(177.,-72.86,0.));
#7411=CARTESIAN_POINT('Origin',(163.36000150645,-86.13999849354,0.));
#7412=CARTESIAN_POINT('',(163.36,-86.5,0.));
#7413=CARTESIAN_POINT('Origin',(177.,-86.14,0.));
#7414=CARTESIAN_POINT('',(177.,-86.14,0.));
#7415=CARTESIAN_POINT('Origin',(163.36,-86.5,0.));
#7416=CARTESIAN_POINT('',(176.64,-86.5,0.));
#7417=CARTESIAN_POINT('Origin',(176.63999849354,-86.13999849354,0.));
#7418=CARTESIAN_POINT('Origin',(109.36000150645,-48.86000150645,0.));
#7419=CARTESIAN_POINT('',(109.36,-48.5,0.));
#7420=CARTESIAN_POINT('',(109.,-48.86,0.));
#7421=CARTESIAN_POINT('Origin',(122.64,-48.5,0.));
#7422=CARTESIAN_POINT('',(122.64,-48.5,0.));
#7423=CARTESIAN_POINT('Origin',(109.,-48.86,0.));
#7424=CARTESIAN_POINT('',(109.,-62.14,0.));
#7425=CARTESIAN_POINT('Origin',(122.63999849354,-48.86000150645,0.));
#7426=CARTESIAN_POINT('',(123.,-48.86,0.));
#7427=CARTESIAN_POINT('Origin',(109.36000150645,-62.13999849354,0.));
#7428=CARTESIAN_POINT('',(109.36,-62.5,0.));
#7429=CARTESIAN_POINT('Origin',(123.,-62.14,0.));
#7430=CARTESIAN_POINT('',(123.,-62.14,0.));
#7431=CARTESIAN_POINT('Origin',(109.36,-62.5,0.));
#7432=CARTESIAN_POINT('',(122.64,-62.5,0.));
#7433=CARTESIAN_POINT('Origin',(122.63999849354,-62.13999849354,0.));
#7434=CARTESIAN_POINT('Origin',(127.36000150645,-49.86000150645,0.));
#7435=CARTESIAN_POINT('',(127.36,-49.5,0.));
#7436=CARTESIAN_POINT('',(127.,-49.86,0.));
#7437=CARTESIAN_POINT('Origin',(140.64,-49.5,0.));
#7438=CARTESIAN_POINT('',(140.64,-49.5,0.));
#7439=CARTESIAN_POINT('Origin',(127.,-49.86,0.));
#7440=CARTESIAN_POINT('',(127.,-63.14,0.));
#7441=CARTESIAN_POINT('Origin',(140.63999849354,-49.86000150645,0.));
#7442=CARTESIAN_POINT('',(141.,-49.86,0.));
#7443=CARTESIAN_POINT('Origin',(127.36000150645,-63.13999849354,0.));
#7444=CARTESIAN_POINT('',(127.36,-63.5,0.));
#7445=CARTESIAN_POINT('Origin',(141.,-63.14,0.));
#7446=CARTESIAN_POINT('',(141.,-63.14,0.));
#7447=CARTESIAN_POINT('Origin',(127.36,-63.5,0.));
#7448=CARTESIAN_POINT('',(140.64,-63.5,0.));
#7449=CARTESIAN_POINT('Origin',(140.63999849354,-63.13999849354,0.));
#7450=CARTESIAN_POINT('Origin',(145.36000150645,-59.86000150645,0.));
#7451=CARTESIAN_POINT('',(145.36,-59.5,0.));
#7452=CARTESIAN_POINT('',(145.,-59.86,0.));
#7453=CARTESIAN_POINT('Origin',(158.64,-59.5,0.));
#7454=CARTESIAN_POINT('',(158.64,-59.5,0.));
#7455=CARTESIAN_POINT('Origin',(145.,-59.86,0.));
#7456=CARTESIAN_POINT('',(145.,-73.14,0.));
#7457=CARTESIAN_POINT('Origin',(158.63999849354,-59.86000150645,0.));
#7458=CARTESIAN_POINT('',(159.,-59.86,0.));
#7459=CARTESIAN_POINT('Origin',(145.36000150645,-73.13999849354,0.));
#7460=CARTESIAN_POINT('',(145.36,-73.5,0.));
#7461=CARTESIAN_POINT('Origin',(159.,-73.14,0.));
#7462=CARTESIAN_POINT('',(159.,-73.14,0.));
#7463=CARTESIAN_POINT('Origin',(145.36,-73.5,0.));
#7464=CARTESIAN_POINT('',(158.64,-73.5,0.));
#7465=CARTESIAN_POINT('Origin',(158.63999849354,-73.13999849354,0.));
#7466=CARTESIAN_POINT('Origin',(145.5,-50.5,-0.046));
#7467=CARTESIAN_POINT('',(145.5,-49.4,-0.046));
#7468=CARTESIAN_POINT('',(0.,0.,0.));
#7469=UNCERTAINTY_MEASURE_WITH_UNIT(LENGTH_MEASURE(0.01),#7475,
'DISTANCE_ACCURACY_VALUE',
'Maximum model space distance between geometric entities at asserted c
onnectivities');
#7470=UNCERTAINTY_MEASURE_WITH_UNIT(LENGTH_MEASURE(0.01),#7475,
'DISTANCE_ACCURACY_VALUE',
'Maximum model space distance between geometric entities at asserted c
onnectivities');
#7471=UNCERTAINTY_MEASURE_WITH_UNIT(LENGTH_MEASURE(0.01),#7475,
'DISTANCE_ACCURACY_VALUE',
'Maximum model space distance between geometric entities at asserted c
onnectivities');
#7472=(
GEOMETRIC_REPRESENTATION_CONTEXT(3)
GLOBAL_UNCERTAINTY_ASSIGNED_CONTEXT((#7469))
GLOBAL_UNIT_ASSIGNED_CONTEXT((#7475,#7477,#7478))
REPRESENTATION_CONTEXT('','3D')
);
#7473=(
GEOMETRIC_REPRESENTATION_CONTEXT(3)
GLOBAL_UNCERTAINTY_ASSIGNED_CONTEXT((#7470))
GLOBAL_UNIT_ASSIGNED_CONTEXT((#7475,#7477,#7478))
REPRESENTATION_CONTEXT('','3D')
);
#7474=(
GEOMETRIC_REPRESENTATION_CONTEXT(3)
GLOBAL_UNCERTAINTY_ASSIGNED_CONTEXT((#7471))
GLOBAL_UNIT_ASSIGNED_CONTEXT((#7475,#7477,#7478))
REPRESENTATION_CONTEXT('','3D')
);
#7475=(
LENGTH_UNIT()
NAMED_UNIT(*)
SI_UNIT(.MILLI.,.METRE.)
);
#7476=(
LENGTH_UNIT()
NAMED_UNIT(*)
SI_UNIT($,.METRE.)
);
#7477=(
NAMED_UNIT(*)
PLANE_ANGLE_UNIT()
SI_UNIT($,.RADIAN.)
);
#7478=(
NAMED_UNIT(*)
SI_UNIT($,.STERADIAN.)
SOLID_ANGLE_UNIT()
);
#7479=SHAPE_DEFINITION_REPRESENTATION(#7481,#7484);
#7480=SHAPE_DEFINITION_REPRESENTATION(#7482,#7485);
#7481=PRODUCT_DEFINITION_SHAPE('',$,#7487);
#7482=PRODUCT_DEFINITION_SHAPE('',$,#7488);
#7483=PRODUCT_DEFINITION_SHAPE($,$,#14);
#7484=SHAPE_REPRESENTATION('',(#4433,#4870),#7472);
#7485=SHAPE_REPRESENTATION('',(#4434),#7473);
#7486=PRODUCT_DEFINITION_CONTEXT('part definition',#7494,'design');
#7487=PRODUCT_DEFINITION('reel-right-top 1','reel-right-top',#7489,#7486);
#7488=PRODUCT_DEFINITION(
'codex-7546c50f-f83e-4bec-8c77-ddaf9ecdd795_PCB',
'codex-7546c50f-f83e-4bec-8c77-ddaf9ecdd795_PCB',#7490,#7486);
#7489=PRODUCT_DEFINITION_FORMATION('',$,#7496);
#7490=PRODUCT_DEFINITION_FORMATION('',$,#7497);
#7491=PRODUCT_RELATED_PRODUCT_CATEGORY('reel-right-top',
'reel-right-top',(#7496));
#7492=PRODUCT_RELATED_PRODUCT_CATEGORY(
'codex-7546c50f-f83e-4bec-8c77-ddaf9ecdd795_PCB',
'codex-7546c50f-f83e-4bec-8c77-ddaf9ecdd795_PCB',(#7497));
#7493=APPLICATION_PROTOCOL_DEFINITION('international standard',
'automotive_design',2009,#7494);
#7494=APPLICATION_CONTEXT(
'Core Data for Automotive Mechanical Design Process');
#7495=PRODUCT_CONTEXT('part definition',#7494,'mechanical');
#7496=PRODUCT('reel-right-top 1','reel-right-top',
'KiCad electronic assembly',(#7495));
#7497=PRODUCT('codex-7546c50f-f83e-4bec-8c77-ddaf9ecdd795_PCB',
'codex-7546c50f-f83e-4bec-8c77-ddaf9ecdd795_PCB',$,(#7495));
#7498=PRESENTATION_STYLE_ASSIGNMENT((#7500));
#7499=PRESENTATION_STYLE_ASSIGNMENT((#7501));
#7500=SURFACE_STYLE_USAGE(.BOTH.,#7502);
#7501=SURFACE_STYLE_USAGE(.BOTH.,#7503);
#7502=SURFACE_SIDE_STYLE('',(#7504));
#7503=SURFACE_SIDE_STYLE('',(#7505));
#7504=SURFACE_STYLE_FILL_AREA(#7506);
#7505=SURFACE_STYLE_FILL_AREA(#7507);
#7506=FILL_AREA_STYLE('\X2\92FC\X0\ - \X2\30B530C630F3\X0\',(#7508));
#7507=FILL_AREA_STYLE('Opaque(80,124,105)',(#7509));
#7508=FILL_AREA_STYLE_COLOUR('\X2\92FC\X0\ - \X2\30B530C630F3\X0\',#7510);
#7509=FILL_AREA_STYLE_COLOUR('Opaque(80,124,105)',#7511);
#7510=COLOUR_RGB('\X2\92FC\X0\ - \X2\30B530C630F3\X0\',0.627450980392157,
0.627450980392157,0.627450980392157);
#7511=COLOUR_RGB('Opaque(80,124,105)',0.313725490196078,0.486274509803922,
0.411764705882353);
ENDSEC;
END-ISO-10303-21;
