ISO-10303-21;
HEADER;
/* Generated by software containing ST-Developer
 * from STEP Tools, Inc. (www.steptools.com)
 */

FILE_DESCRIPTION(
/* description */ ('KiCad electronic assembly'),
/* implementation_level */ '2;1');

FILE_NAME(
/* name */ 'reel_right_top.step',
/* time_stamp */ '2026-07-18T00:00:35+09:00',
/* author */ (''),
/* organization */ (''),
/* preprocessor_version */ 'ST-DEVELOPER v20.1',
/* originating_system */ 'Autodesk Translation Framework v15.8.0.0',
/* authorisation */ '');

FILE_SCHEMA (('AUTOMOTIVE_DESIGN { 1 0 10303 214 3 1 1 }'));
ENDSEC;

DATA;
#10=MECHANICAL_DESIGN_GEOMETRIC_PRESENTATION_REPRESENTATION('',(#17),#7513);
#11=ITEM_DEFINED_TRANSFORMATION($,$,#4449,#4892);
#12=(
REPRESENTATION_RELATIONSHIP($,$,#7524,#7523)
REPRESENTATION_RELATIONSHIP_WITH_TRANSFORMATION(#11)
SHAPE_REPRESENTATION_RELATIONSHIP()
);
#13=CONTEXT_DEPENDENT_SHAPE_REPRESENTATION(#12,#7522);
#14=NEXT_ASSEMBLY_USAGE_OCCURRENCE('reel-right-top_PCB:1',
'reel-right-top_PCB:1','reel-right-top_PCB:1',#7526,#7527,
'reel-right-top_PCB:1');
#15=SHAPE_REPRESENTATION_RELATIONSHIP('SRR','None',#7524,#16);
#16=ADVANCED_BREP_SHAPE_REPRESENTATION('',(#18),#7512);
#17=STYLED_ITEM('',(#7538),#18);
#18=MANIFOLD_SOLID_BREP('\X2\30DC30C730A3\X0\1',#4435);
#19=CYLINDRICAL_SURFACE('',#4563,0.36000313088);
#20=CYLINDRICAL_SURFACE('',#4566,0.36000313088);
#21=CYLINDRICAL_SURFACE('',#4569,0.359999449958);
#22=CYLINDRICAL_SURFACE('',#4572,0.359999449958);
#23=CYLINDRICAL_SURFACE('',#4575,0.360001506454);
#24=CYLINDRICAL_SURFACE('',#4578,0.360001506454);
#25=CYLINDRICAL_SURFACE('',#4581,0.360001506454);
#26=CYLINDRICAL_SURFACE('',#4584,0.360001506454);
#27=CYLINDRICAL_SURFACE('',#4587,0.360001506454);
#28=CYLINDRICAL_SURFACE('',#4590,0.360001506454);
#29=CYLINDRICAL_SURFACE('',#4593,0.360001506455);
#30=CYLINDRICAL_SURFACE('',#4596,0.360001506455);
#31=CYLINDRICAL_SURFACE('',#4599,0.360001506455);
#32=CYLINDRICAL_SURFACE('',#4602,0.360001506455);
#33=CYLINDRICAL_SURFACE('',#4605,0.360001506455);
#34=CYLINDRICAL_SURFACE('',#4608,0.360001506455);
#35=CYLINDRICAL_SURFACE('',#4611,0.360001506454);
#36=CYLINDRICAL_SURFACE('',#4614,0.360001506454);
#37=CYLINDRICAL_SURFACE('',#4617,0.360001506454);
#38=CYLINDRICAL_SURFACE('',#4620,0.360001506454);
#39=CYLINDRICAL_SURFACE('',#4623,0.360001506454);
#40=CYLINDRICAL_SURFACE('',#4626,0.360001506454);
#41=CYLINDRICAL_SURFACE('',#4629,0.360001506454);
#42=CYLINDRICAL_SURFACE('',#4632,0.360001506454);
#43=CYLINDRICAL_SURFACE('',#4635,0.360001506454);
#44=CYLINDRICAL_SURFACE('',#4638,0.360001506454);
#45=CYLINDRICAL_SURFACE('',#4641,0.360001506455);
#46=CYLINDRICAL_SURFACE('',#4644,0.360001506455);
#47=CYLINDRICAL_SURFACE('',#4647,0.360001506455);
#48=CYLINDRICAL_SURFACE('',#4650,0.360001506455);
#49=CYLINDRICAL_SURFACE('',#4653,0.360001506455);
#50=CYLINDRICAL_SURFACE('',#4656,0.360001506455);
#51=CYLINDRICAL_SURFACE('',#4659,0.360001506454);
#52=CYLINDRICAL_SURFACE('',#4662,0.360001506454);
#53=CYLINDRICAL_SURFACE('',#4665,0.360001506455);
#54=CYLINDRICAL_SURFACE('',#4668,0.360001506455);
#55=CYLINDRICAL_SURFACE('',#4671,0.360001506455);
#56=CYLINDRICAL_SURFACE('',#4674,0.360001506455);
#57=CYLINDRICAL_SURFACE('',#4677,0.999999252925);
#58=CYLINDRICAL_SURFACE('',#4680,0.999999252925);
#59=CYLINDRICAL_SURFACE('',#4683,0.500001333575);
#60=CYLINDRICAL_SURFACE('',#4685,0.500001333575);
#61=CYLINDRICAL_SURFACE('',#4688,0.999999252925);
#62=CYLINDRICAL_SURFACE('',#4691,0.999999252925);
#63=CYLINDRICAL_SURFACE('',#4694,0.999999252925);
#64=CYLINDRICAL_SURFACE('',#4697,0.999999252925);
#65=CYLINDRICAL_SURFACE('',#4700,0.999999252925);
#66=CYLINDRICAL_SURFACE('',#4703,0.999999252925);
#67=CYLINDRICAL_SURFACE('',#4706,0.999999252925);
#68=CYLINDRICAL_SURFACE('',#4709,0.999999252925);
#69=CYLINDRICAL_SURFACE('',#4713,0.999999252925);
#70=CYLINDRICAL_SURFACE('',#4716,0.999999252925);
#71=CYLINDRICAL_SURFACE('',#4719,0.500000000000007);
#72=CYLINDRICAL_SURFACE('',#4721,0.999999999999996);
#73=CYLINDRICAL_SURFACE('',#4724,0.999999999999996);
#74=CYLINDRICAL_SURFACE('',#4726,0.500002369201695);
#75=CYLINDRICAL_SURFACE('',#4786,0.999999999999996);
#76=CYLINDRICAL_SURFACE('',#4787,1.00000151246785);
#77=CYLINDRICAL_SURFACE('',#4790,0.999999999999996);
#78=CYLINDRICAL_SURFACE('',#4794,0.999999252925);
#79=CYLINDRICAL_SURFACE('',#4796,0.999999252925);
#80=CYLINDRICAL_SURFACE('',#4797,5.000058624462);
#81=CYLINDRICAL_SURFACE('',#4799,1.000084935963);
#82=CYLINDRICAL_SURFACE('',#4801,0.999907387583);
#83=CYLINDRICAL_SURFACE('',#4803,1.00009920947);
#84=CYLINDRICAL_SURFACE('',#4805,5.000000766444);
#85=CYLINDRICAL_SURFACE('',#4807,0.999999252925);
#86=CYLINDRICAL_SURFACE('',#4808,0.999999252925);
#87=CYLINDRICAL_SURFACE('',#4810,0.999999252925);
#88=CYLINDRICAL_SURFACE('',#4811,0.36000313088);
#89=CYLINDRICAL_SURFACE('',#4813,0.36000313088);
#90=CYLINDRICAL_SURFACE('',#4815,0.359999449958);
#91=CYLINDRICAL_SURFACE('',#4817,0.359999449958);
#92=CYLINDRICAL_SURFACE('',#4819,1.1);
#93=CYLINDRICAL_SURFACE('',#4820,0.360001506454);
#94=CYLINDRICAL_SURFACE('',#4822,0.360001506454);
#95=CYLINDRICAL_SURFACE('',#4824,0.360001506454);
#96=CYLINDRICAL_SURFACE('',#4826,0.360001506454);
#97=CYLINDRICAL_SURFACE('',#4828,1.1);
#98=CYLINDRICAL_SURFACE('',#4829,0.360001506454);
#99=CYLINDRICAL_SURFACE('',#4831,0.360001506454);
#100=CYLINDRICAL_SURFACE('',#4833,0.360001506454);
#101=CYLINDRICAL_SURFACE('',#4835,0.360001506454);
#102=CYLINDRICAL_SURFACE('',#4837,0.360001506455);
#103=CYLINDRICAL_SURFACE('',#4839,0.360001506455);
#104=CYLINDRICAL_SURFACE('',#4841,1.1);
#105=CYLINDRICAL_SURFACE('',#4842,0.360001506455);
#106=CYLINDRICAL_SURFACE('',#4844,0.360001506455);
#107=CYLINDRICAL_SURFACE('',#4846,0.360001506454);
#108=CYLINDRICAL_SURFACE('',#4848,0.360001506454);
#109=CYLINDRICAL_SURFACE('',#4850,0.360001506454);
#110=CYLINDRICAL_SURFACE('',#4852,0.360001506454);
#111=CYLINDRICAL_SURFACE('',#4854,0.360001506454);
#112=CYLINDRICAL_SURFACE('',#4856,0.360001506454);
#113=CYLINDRICAL_SURFACE('',#4858,0.360001506454);
#114=CYLINDRICAL_SURFACE('',#4860,0.360001506454);
#115=CYLINDRICAL_SURFACE('',#4862,1.1);
#116=CYLINDRICAL_SURFACE('',#4863,0.360001506454);
#117=CYLINDRICAL_SURFACE('',#4865,0.360001506454);
#118=CYLINDRICAL_SURFACE('',#4867,0.360001506454);
#119=CYLINDRICAL_SURFACE('',#4869,0.360001506454);
#120=CYLINDRICAL_SURFACE('',#4871,0.360001506455);
#121=CYLINDRICAL_SURFACE('',#4873,0.360001506455);
#122=CYLINDRICAL_SURFACE('',#4875,0.360001506455);
#123=CYLINDRICAL_SURFACE('',#4877,0.360001506455);
#124=CYLINDRICAL_SURFACE('',#4879,0.360001506454);
#125=CYLINDRICAL_SURFACE('',#4881,0.360001506454);
#126=CYLINDRICAL_SURFACE('',#4883,0.360001506454);
#127=CYLINDRICAL_SURFACE('',#4885,0.360001506454);
#128=CYLINDRICAL_SURFACE('',#4887,0.360001506455);
#129=CYLINDRICAL_SURFACE('',#4889,0.360001506455);
#130=CYLINDRICAL_SURFACE('',#4891,1.1);
#131=FACE_BOUND('',#398,.T.);
#132=FACE_BOUND('',#399,.T.);
#133=FACE_BOUND('',#400,.T.);
#134=FACE_BOUND('',#401,.T.);
#135=FACE_BOUND('',#402,.T.);
#136=FACE_BOUND('',#403,.T.);
#137=FACE_BOUND('',#404,.T.);
#138=FACE_BOUND('',#405,.T.);
#139=FACE_BOUND('',#406,.T.);
#140=FACE_BOUND('',#407,.T.);
#141=FACE_BOUND('',#408,.T.);
#142=FACE_BOUND('',#409,.T.);
#143=FACE_BOUND('',#410,.T.);
#144=FACE_BOUND('',#411,.T.);
#145=FACE_BOUND('',#412,.T.);
#146=FACE_BOUND('',#413,.T.);
#147=FACE_BOUND('',#414,.T.);
#148=FACE_BOUND('',#415,.T.);
#149=FACE_BOUND('',#416,.T.);
#150=FACE_BOUND('',#417,.T.);
#151=FACE_BOUND('',#418,.T.);
#152=FACE_BOUND('',#419,.T.);
#153=FACE_BOUND('',#420,.T.);
#154=FACE_BOUND('',#421,.T.);
#155=FACE_BOUND('',#533,.T.);
#156=FACE_BOUND('',#534,.T.);
#157=FACE_BOUND('',#535,.T.);
#158=FACE_BOUND('',#536,.T.);
#159=FACE_BOUND('',#537,.T.);
#160=FACE_BOUND('',#538,.T.);
#161=FACE_BOUND('',#539,.T.);
#162=FACE_BOUND('',#540,.T.);
#163=FACE_BOUND('',#541,.T.);
#164=FACE_BOUND('',#542,.T.);
#165=FACE_BOUND('',#543,.T.);
#166=FACE_BOUND('',#544,.T.);
#167=FACE_BOUND('',#545,.T.);
#168=FACE_BOUND('',#546,.T.);
#169=FACE_BOUND('',#547,.T.);
#170=FACE_BOUND('',#548,.T.);
#171=FACE_BOUND('',#549,.T.);
#172=FACE_BOUND('',#550,.T.);
#173=FACE_BOUND('',#551,.T.);
#174=FACE_BOUND('',#552,.T.);
#175=FACE_BOUND('',#553,.T.);
#176=FACE_BOUND('',#554,.T.);
#177=FACE_BOUND('',#555,.T.);
#178=FACE_BOUND('',#556,.T.);
#179=FACE_OUTER_BOUND('',#397,.T.);
#180=FACE_OUTER_BOUND('',#422,.T.);
#181=FACE_OUTER_BOUND('',#423,.T.);
#182=FACE_OUTER_BOUND('',#424,.T.);
#183=FACE_OUTER_BOUND('',#425,.T.);
#184=FACE_OUTER_BOUND('',#426,.T.);
#185=FACE_OUTER_BOUND('',#427,.T.);
#186=FACE_OUTER_BOUND('',#428,.T.);
#187=FACE_OUTER_BOUND('',#429,.T.);
#188=FACE_OUTER_BOUND('',#430,.T.);
#189=FACE_OUTER_BOUND('',#431,.T.);
#190=FACE_OUTER_BOUND('',#432,.T.);
#191=FACE_OUTER_BOUND('',#433,.T.);
#192=FACE_OUTER_BOUND('',#434,.T.);
#193=FACE_OUTER_BOUND('',#435,.T.);
#194=FACE_OUTER_BOUND('',#436,.T.);
#195=FACE_OUTER_BOUND('',#437,.T.);
#196=FACE_OUTER_BOUND('',#438,.T.);
#197=FACE_OUTER_BOUND('',#439,.T.);
#198=FACE_OUTER_BOUND('',#440,.T.);
#199=FACE_OUTER_BOUND('',#441,.T.);
#200=FACE_OUTER_BOUND('',#442,.T.);
#201=FACE_OUTER_BOUND('',#443,.T.);
#202=FACE_OUTER_BOUND('',#444,.T.);
#203=FACE_OUTER_BOUND('',#445,.T.);
#204=FACE_OUTER_BOUND('',#446,.T.);
#205=FACE_OUTER_BOUND('',#447,.T.);
#206=FACE_OUTER_BOUND('',#448,.T.);
#207=FACE_OUTER_BOUND('',#449,.T.);
#208=FACE_OUTER_BOUND('',#450,.T.);
#209=FACE_OUTER_BOUND('',#451,.T.);
#210=FACE_OUTER_BOUND('',#452,.T.);
#211=FACE_OUTER_BOUND('',#453,.T.);
#212=FACE_OUTER_BOUND('',#454,.T.);
#213=FACE_OUTER_BOUND('',#455,.T.);
#214=FACE_OUTER_BOUND('',#456,.T.);
#215=FACE_OUTER_BOUND('',#457,.T.);
#216=FACE_OUTER_BOUND('',#458,.T.);
#217=FACE_OUTER_BOUND('',#459,.T.);
#218=FACE_OUTER_BOUND('',#460,.T.);
#219=FACE_OUTER_BOUND('',#461,.T.);
#220=FACE_OUTER_BOUND('',#462,.T.);
#221=FACE_OUTER_BOUND('',#463,.T.);
#222=FACE_OUTER_BOUND('',#464,.T.);
#223=FACE_OUTER_BOUND('',#465,.T.);
#224=FACE_OUTER_BOUND('',#466,.T.);
#225=FACE_OUTER_BOUND('',#467,.T.);
#226=FACE_OUTER_BOUND('',#468,.T.);
#227=FACE_OUTER_BOUND('',#469,.T.);
#228=FACE_OUTER_BOUND('',#470,.T.);
#229=FACE_OUTER_BOUND('',#471,.T.);
#230=FACE_OUTER_BOUND('',#472,.T.);
#231=FACE_OUTER_BOUND('',#473,.T.);
#232=FACE_OUTER_BOUND('',#474,.T.);
#233=FACE_OUTER_BOUND('',#475,.T.);
#234=FACE_OUTER_BOUND('',#476,.T.);
#235=FACE_OUTER_BOUND('',#477,.T.);
#236=FACE_OUTER_BOUND('',#478,.T.);
#237=FACE_OUTER_BOUND('',#479,.T.);
#238=FACE_OUTER_BOUND('',#480,.T.);
#239=FACE_OUTER_BOUND('',#481,.T.);
#240=FACE_OUTER_BOUND('',#482,.T.);
#241=FACE_OUTER_BOUND('',#483,.T.);
#242=FACE_OUTER_BOUND('',#484,.T.);
#243=FACE_OUTER_BOUND('',#485,.T.);
#244=FACE_OUTER_BOUND('',#486,.T.);
#245=FACE_OUTER_BOUND('',#487,.T.);
#246=FACE_OUTER_BOUND('',#488,.T.);
#247=FACE_OUTER_BOUND('',#489,.T.);
#248=FACE_OUTER_BOUND('',#490,.T.);
#249=FACE_OUTER_BOUND('',#491,.T.);
#250=FACE_OUTER_BOUND('',#492,.T.);
#251=FACE_OUTER_BOUND('',#493,.T.);
#252=FACE_OUTER_BOUND('',#494,.T.);
#253=FACE_OUTER_BOUND('',#495,.T.);
#254=FACE_OUTER_BOUND('',#496,.T.);
#255=FACE_OUTER_BOUND('',#497,.T.);
#256=FACE_OUTER_BOUND('',#498,.T.);
#257=FACE_OUTER_BOUND('',#499,.T.);
#258=FACE_OUTER_BOUND('',#500,.T.);
#259=FACE_OUTER_BOUND('',#501,.T.);
#260=FACE_OUTER_BOUND('',#502,.T.);
#261=FACE_OUTER_BOUND('',#503,.T.);
#262=FACE_OUTER_BOUND('',#504,.T.);
#263=FACE_OUTER_BOUND('',#505,.T.);
#264=FACE_OUTER_BOUND('',#506,.T.);
#265=FACE_OUTER_BOUND('',#507,.T.);
#266=FACE_OUTER_BOUND('',#508,.T.);
#267=FACE_OUTER_BOUND('',#509,.T.);
#268=FACE_OUTER_BOUND('',#510,.T.);
#269=FACE_OUTER_BOUND('',#511,.T.);
#270=FACE_OUTER_BOUND('',#512,.T.);
#271=FACE_OUTER_BOUND('',#513,.T.);
#272=FACE_OUTER_BOUND('',#514,.T.);
#273=FACE_OUTER_BOUND('',#515,.T.);
#274=FACE_OUTER_BOUND('',#516,.T.);
#275=FACE_OUTER_BOUND('',#517,.T.);
#276=FACE_OUTER_BOUND('',#518,.T.);
#277=FACE_OUTER_BOUND('',#519,.T.);
#278=FACE_OUTER_BOUND('',#520,.T.);
#279=FACE_OUTER_BOUND('',#521,.T.);
#280=FACE_OUTER_BOUND('',#522,.T.);
#281=FACE_OUTER_BOUND('',#523,.T.);
#282=FACE_OUTER_BOUND('',#524,.T.);
#283=FACE_OUTER_BOUND('',#525,.T.);
#284=FACE_OUTER_BOUND('',#526,.T.);
#285=FACE_OUTER_BOUND('',#527,.T.);
#286=FACE_OUTER_BOUND('',#528,.T.);
#287=FACE_OUTER_BOUND('',#529,.T.);
#288=FACE_OUTER_BOUND('',#530,.T.);
#289=FACE_OUTER_BOUND('',#531,.T.);
#290=FACE_OUTER_BOUND('',#532,.T.);
#291=FACE_OUTER_BOUND('',#557,.T.);
#292=FACE_OUTER_BOUND('',#558,.T.);
#293=FACE_OUTER_BOUND('',#559,.T.);
#294=FACE_OUTER_BOUND('',#560,.T.);
#295=FACE_OUTER_BOUND('',#561,.T.);
#296=FACE_OUTER_BOUND('',#562,.T.);
#297=FACE_OUTER_BOUND('',#563,.T.);
#298=FACE_OUTER_BOUND('',#564,.T.);
#299=FACE_OUTER_BOUND('',#565,.T.);
#300=FACE_OUTER_BOUND('',#566,.T.);
#301=FACE_OUTER_BOUND('',#567,.T.);
#302=FACE_OUTER_BOUND('',#568,.T.);
#303=FACE_OUTER_BOUND('',#569,.T.);
#304=FACE_OUTER_BOUND('',#570,.T.);
#305=FACE_OUTER_BOUND('',#571,.T.);
#306=FACE_OUTER_BOUND('',#572,.T.);
#307=FACE_OUTER_BOUND('',#573,.T.);
#308=FACE_OUTER_BOUND('',#574,.T.);
#309=FACE_OUTER_BOUND('',#575,.T.);
#310=FACE_OUTER_BOUND('',#576,.T.);
#311=FACE_OUTER_BOUND('',#577,.T.);
#312=FACE_OUTER_BOUND('',#578,.T.);
#313=FACE_OUTER_BOUND('',#579,.T.);
#314=FACE_OUTER_BOUND('',#580,.T.);
#315=FACE_OUTER_BOUND('',#581,.T.);
#316=FACE_OUTER_BOUND('',#582,.T.);
#317=FACE_OUTER_BOUND('',#583,.T.);
#318=FACE_OUTER_BOUND('',#584,.T.);
#319=FACE_OUTER_BOUND('',#585,.T.);
#320=FACE_OUTER_BOUND('',#586,.T.);
#321=FACE_OUTER_BOUND('',#587,.T.);
#322=FACE_OUTER_BOUND('',#588,.T.);
#323=FACE_OUTER_BOUND('',#589,.T.);
#324=FACE_OUTER_BOUND('',#590,.T.);
#325=FACE_OUTER_BOUND('',#591,.T.);
#326=FACE_OUTER_BOUND('',#592,.T.);
#327=FACE_OUTER_BOUND('',#593,.T.);
#328=FACE_OUTER_BOUND('',#594,.T.);
#329=FACE_OUTER_BOUND('',#595,.T.);
#330=FACE_OUTER_BOUND('',#596,.T.);
#331=FACE_OUTER_BOUND('',#597,.T.);
#332=FACE_OUTER_BOUND('',#598,.T.);
#333=FACE_OUTER_BOUND('',#599,.T.);
#334=FACE_OUTER_BOUND('',#600,.T.);
#335=FACE_OUTER_BOUND('',#601,.T.);
#336=FACE_OUTER_BOUND('',#602,.T.);
#337=FACE_OUTER_BOUND('',#603,.T.);
#338=FACE_OUTER_BOUND('',#604,.T.);
#339=FACE_OUTER_BOUND('',#605,.T.);
#340=FACE_OUTER_BOUND('',#606,.T.);
#341=FACE_OUTER_BOUND('',#607,.T.);
#342=FACE_OUTER_BOUND('',#608,.T.);
#343=FACE_OUTER_BOUND('',#609,.T.);
#344=FACE_OUTER_BOUND('',#610,.T.);
#345=FACE_OUTER_BOUND('',#611,.T.);
#346=FACE_OUTER_BOUND('',#612,.T.);
#347=FACE_OUTER_BOUND('',#613,.T.);
#348=FACE_OUTER_BOUND('',#614,.T.);
#349=FACE_OUTER_BOUND('',#615,.T.);
#350=FACE_OUTER_BOUND('',#616,.T.);
#351=FACE_OUTER_BOUND('',#617,.T.);
#352=FACE_OUTER_BOUND('',#618,.T.);
#353=FACE_OUTER_BOUND('',#619,.T.);
#354=FACE_OUTER_BOUND('',#620,.T.);
#355=FACE_OUTER_BOUND('',#621,.T.);
#356=FACE_OUTER_BOUND('',#622,.T.);
#357=FACE_OUTER_BOUND('',#623,.T.);
#358=FACE_OUTER_BOUND('',#624,.T.);
#359=FACE_OUTER_BOUND('',#625,.T.);
#360=FACE_OUTER_BOUND('',#626,.T.);
#361=FACE_OUTER_BOUND('',#627,.T.);
#362=FACE_OUTER_BOUND('',#628,.T.);
#363=FACE_OUTER_BOUND('',#629,.T.);
#364=FACE_OUTER_BOUND('',#630,.T.);
#365=FACE_OUTER_BOUND('',#631,.T.);
#366=FACE_OUTER_BOUND('',#632,.T.);
#367=FACE_OUTER_BOUND('',#633,.T.);
#368=FACE_OUTER_BOUND('',#634,.T.);
#369=FACE_OUTER_BOUND('',#635,.T.);
#370=FACE_OUTER_BOUND('',#636,.T.);
#371=FACE_OUTER_BOUND('',#637,.T.);
#372=FACE_OUTER_BOUND('',#638,.T.);
#373=FACE_OUTER_BOUND('',#639,.T.);
#374=FACE_OUTER_BOUND('',#640,.T.);
#375=FACE_OUTER_BOUND('',#641,.T.);
#376=FACE_OUTER_BOUND('',#642,.T.);
#377=FACE_OUTER_BOUND('',#643,.T.);
#378=FACE_OUTER_BOUND('',#644,.T.);
#379=FACE_OUTER_BOUND('',#645,.T.);
#380=FACE_OUTER_BOUND('',#646,.T.);
#381=FACE_OUTER_BOUND('',#647,.T.);
#382=FACE_OUTER_BOUND('',#648,.T.);
#383=FACE_OUTER_BOUND('',#649,.T.);
#384=FACE_OUTER_BOUND('',#650,.T.);
#385=FACE_OUTER_BOUND('',#651,.T.);
#386=FACE_OUTER_BOUND('',#652,.T.);
#387=FACE_OUTER_BOUND('',#653,.T.);
#388=FACE_OUTER_BOUND('',#654,.T.);
#389=FACE_OUTER_BOUND('',#655,.T.);
#390=FACE_OUTER_BOUND('',#656,.T.);
#391=FACE_OUTER_BOUND('',#657,.T.);
#392=FACE_OUTER_BOUND('',#658,.T.);
#393=FACE_OUTER_BOUND('',#659,.T.);
#394=FACE_OUTER_BOUND('',#660,.T.);
#395=FACE_OUTER_BOUND('',#661,.T.);
#396=FACE_OUTER_BOUND('',#662,.T.);
#397=EDGE_LOOP('',(#2815,#2816,#2817,#2818,#2819,#2820,#2821,#2822,#2823,
#2824,#2825,#2826,#2827,#2828,#2829,#2830,#2831,#2832,#2833,#2834,#2835,
#2836,#2837,#2838,#2839,#2840,#2841,#2842,#2843,#2844,#2845,#2846,#2847,
#2848,#2849,#2850,#2851,#2852,#2853,#2854,#2855,#2856,#2857,#2858,#2859,
#2860,#2861,#2862,#2863,#2864,#2865,#2866,#2867,#2868,#2869,#2870,#2871,
#2872,#2873));
#398=EDGE_LOOP('',(#2874));
#399=EDGE_LOOP('',(#2875,#2876,#2877,#2878,#2879,#2880,#2881,#2882));
#400=EDGE_LOOP('',(#2883,#2884,#2885,#2886,#2887,#2888,#2889,#2890));
#401=EDGE_LOOP('',(#2891,#2892,#2893,#2894,#2895,#2896,#2897,#2898));
#402=EDGE_LOOP('',(#2899,#2900,#2901,#2902,#2903,#2904,#2905,#2906));
#403=EDGE_LOOP('',(#2907,#2908,#2909,#2910,#2911,#2912,#2913,#2914));
#404=EDGE_LOOP('',(#2915,#2916,#2917,#2918,#2919,#2920,#2921,#2922));
#405=EDGE_LOOP('',(#2923,#2924,#2925,#2926,#2927,#2928,#2929,#2930));
#406=EDGE_LOOP('',(#2931));
#407=EDGE_LOOP('',(#2932,#2933,#2934,#2935,#2936,#2937,#2938,#2939));
#408=EDGE_LOOP('',(#2940,#2941,#2942,#2943,#2944,#2945,#2946,#2947));
#409=EDGE_LOOP('',(#2948,#2949,#2950,#2951,#2952,#2953,#2954,#2955));
#410=EDGE_LOOP('',(#2956,#2957,#2958,#2959,#2960,#2961,#2962,#2963));
#411=EDGE_LOOP('',(#2964,#2965,#2966,#2967,#2968,#2969,#2970,#2971));
#412=EDGE_LOOP('',(#2972));
#413=EDGE_LOOP('',(#2973,#2974,#2975,#2976,#2977,#2978,#2979,#2980));
#414=EDGE_LOOP('',(#2981,#2982,#2983,#2984,#2985,#2986,#2987,#2988));
#415=EDGE_LOOP('',(#2989,#2990,#2991,#2992,#2993,#2994,#2995,#2996));
#416=EDGE_LOOP('',(#2997));
#417=EDGE_LOOP('',(#2998,#2999,#3000,#3001,#3002,#3003,#3004,#3005));
#418=EDGE_LOOP('',(#3006,#3007,#3008,#3009,#3010,#3011,#3012,#3013));
#419=EDGE_LOOP('',(#3014));
#420=EDGE_LOOP('',(#3015,#3016,#3017,#3018,#3019,#3020,#3021,#3022));
#421=EDGE_LOOP('',(#3023,#3024,#3025,#3026,#3027,#3028,#3029,#3030));
#422=EDGE_LOOP('',(#3031,#3032,#3033,#3034));
#423=EDGE_LOOP('',(#3035,#3036,#3037,#3038));
#424=EDGE_LOOP('',(#3039,#3040,#3041,#3042));
#425=EDGE_LOOP('',(#3043,#3044,#3045,#3046));
#426=EDGE_LOOP('',(#3047,#3048,#3049,#3050));
#427=EDGE_LOOP('',(#3051,#3052,#3053,#3054));
#428=EDGE_LOOP('',(#3055,#3056,#3057,#3058));
#429=EDGE_LOOP('',(#3059,#3060,#3061,#3062));
#430=EDGE_LOOP('',(#3063,#3064,#3065,#3066));
#431=EDGE_LOOP('',(#3067,#3068,#3069,#3070));
#432=EDGE_LOOP('',(#3071,#3072,#3073,#3074));
#433=EDGE_LOOP('',(#3075,#3076,#3077,#3078));
#434=EDGE_LOOP('',(#3079,#3080,#3081,#3082));
#435=EDGE_LOOP('',(#3083,#3084,#3085,#3086));
#436=EDGE_LOOP('',(#3087,#3088,#3089,#3090));
#437=EDGE_LOOP('',(#3091,#3092,#3093,#3094));
#438=EDGE_LOOP('',(#3095,#3096,#3097,#3098));
#439=EDGE_LOOP('',(#3099,#3100,#3101,#3102));
#440=EDGE_LOOP('',(#3103,#3104,#3105,#3106));
#441=EDGE_LOOP('',(#3107,#3108,#3109,#3110));
#442=EDGE_LOOP('',(#3111,#3112,#3113,#3114));
#443=EDGE_LOOP('',(#3115,#3116,#3117,#3118));
#444=EDGE_LOOP('',(#3119,#3120,#3121,#3122));
#445=EDGE_LOOP('',(#3123,#3124,#3125,#3126));
#446=EDGE_LOOP('',(#3127,#3128,#3129,#3130));
#447=EDGE_LOOP('',(#3131,#3132,#3133,#3134));
#448=EDGE_LOOP('',(#3135,#3136,#3137,#3138));
#449=EDGE_LOOP('',(#3139,#3140,#3141,#3142));
#450=EDGE_LOOP('',(#3143,#3144,#3145,#3146));
#451=EDGE_LOOP('',(#3147,#3148,#3149,#3150));
#452=EDGE_LOOP('',(#3151,#3152,#3153,#3154));
#453=EDGE_LOOP('',(#3155,#3156,#3157,#3158));
#454=EDGE_LOOP('',(#3159,#3160,#3161,#3162));
#455=EDGE_LOOP('',(#3163,#3164,#3165,#3166));
#456=EDGE_LOOP('',(#3167,#3168,#3169,#3170));
#457=EDGE_LOOP('',(#3171,#3172,#3173,#3174));
#458=EDGE_LOOP('',(#3175,#3176,#3177,#3178));
#459=EDGE_LOOP('',(#3179,#3180,#3181,#3182));
#460=EDGE_LOOP('',(#3183,#3184,#3185,#3186));
#461=EDGE_LOOP('',(#3187,#3188,#3189,#3190));
#462=EDGE_LOOP('',(#3191,#3192,#3193,#3194));
#463=EDGE_LOOP('',(#3195,#3196,#3197,#3198));
#464=EDGE_LOOP('',(#3199,#3200,#3201,#3202));
#465=EDGE_LOOP('',(#3203,#3204,#3205,#3206));
#466=EDGE_LOOP('',(#3207,#3208,#3209,#3210));
#467=EDGE_LOOP('',(#3211,#3212,#3213,#3214));
#468=EDGE_LOOP('',(#3215,#3216,#3217,#3218));
#469=EDGE_LOOP('',(#3219,#3220,#3221,#3222));
#470=EDGE_LOOP('',(#3223,#3224,#3225,#3226));
#471=EDGE_LOOP('',(#3227,#3228,#3229,#3230));
#472=EDGE_LOOP('',(#3231,#3232,#3233,#3234));
#473=EDGE_LOOP('',(#3235,#3236,#3237,#3238));
#474=EDGE_LOOP('',(#3239,#3240,#3241,#3242));
#475=EDGE_LOOP('',(#3243,#3244,#3245,#3246));
#476=EDGE_LOOP('',(#3247,#3248,#3249,#3250));
#477=EDGE_LOOP('',(#3251,#3252,#3253,#3254));
#478=EDGE_LOOP('',(#3255,#3256,#3257,#3258));
#479=EDGE_LOOP('',(#3259,#3260,#3261,#3262));
#480=EDGE_LOOP('',(#3263,#3264,#3265,#3266));
#481=EDGE_LOOP('',(#3267,#3268,#3269,#3270));
#482=EDGE_LOOP('',(#3271,#3272,#3273,#3274));
#483=EDGE_LOOP('',(#3275,#3276,#3277,#3278));
#484=EDGE_LOOP('',(#3279,#3280,#3281,#3282));
#485=EDGE_LOOP('',(#3283,#3284,#3285,#3286));
#486=EDGE_LOOP('',(#3287,#3288,#3289,#3290));
#487=EDGE_LOOP('',(#3291,#3292,#3293,#3294));
#488=EDGE_LOOP('',(#3295,#3296,#3297,#3298));
#489=EDGE_LOOP('',(#3299,#3300,#3301,#3302));
#490=EDGE_LOOP('',(#3303,#3304,#3305,#3306));
#491=EDGE_LOOP('',(#3307,#3308,#3309,#3310));
#492=EDGE_LOOP('',(#3311,#3312,#3313,#3314));
#493=EDGE_LOOP('',(#3315,#3316,#3317,#3318));
#494=EDGE_LOOP('',(#3319,#3320,#3321,#3322));
#495=EDGE_LOOP('',(#3323,#3324,#3325,#3326));
#496=EDGE_LOOP('',(#3327,#3328,#3329,#3330));
#497=EDGE_LOOP('',(#3331,#3332,#3333,#3334));
#498=EDGE_LOOP('',(#3335,#3336,#3337,#3338));
#499=EDGE_LOOP('',(#3339,#3340,#3341,#3342));
#500=EDGE_LOOP('',(#3343,#3344,#3345,#3346));
#501=EDGE_LOOP('',(#3347,#3348,#3349,#3350));
#502=EDGE_LOOP('',(#3351,#3352,#3353,#3354));
#503=EDGE_LOOP('',(#3355,#3356,#3357,#3358));
#504=EDGE_LOOP('',(#3359,#3360,#3361,#3362));
#505=EDGE_LOOP('',(#3363,#3364,#3365,#3366));
#506=EDGE_LOOP('',(#3367,#3368,#3369,#3370));
#507=EDGE_LOOP('',(#3371,#3372,#3373,#3374));
#508=EDGE_LOOP('',(#3375,#3376,#3377,#3378));
#509=EDGE_LOOP('',(#3379,#3380,#3381,#3382));
#510=EDGE_LOOP('',(#3383,#3384,#3385,#3386));
#511=EDGE_LOOP('',(#3387,#3388,#3389,#3390));
#512=EDGE_LOOP('',(#3391,#3392,#3393,#3394));
#513=EDGE_LOOP('',(#3395,#3396,#3397,#3398));
#514=EDGE_LOOP('',(#3399,#3400,#3401,#3402));
#515=EDGE_LOOP('',(#3403,#3404,#3405,#3406));
#516=EDGE_LOOP('',(#3407,#3408,#3409,#3410));
#517=EDGE_LOOP('',(#3411,#3412,#3413,#3414));
#518=EDGE_LOOP('',(#3415,#3416,#3417,#3418));
#519=EDGE_LOOP('',(#3419,#3420,#3421,#3422));
#520=EDGE_LOOP('',(#3423,#3424,#3425,#3426));
#521=EDGE_LOOP('',(#3427,#3428,#3429,#3430));
#522=EDGE_LOOP('',(#3431,#3432,#3433,#3434));
#523=EDGE_LOOP('',(#3435,#3436,#3437,#3438));
#524=EDGE_LOOP('',(#3439,#3440,#3441,#3442));
#525=EDGE_LOOP('',(#3443,#3444,#3445,#3446));
#526=EDGE_LOOP('',(#3447,#3448,#3449,#3450));
#527=EDGE_LOOP('',(#3451,#3452,#3453,#3454));
#528=EDGE_LOOP('',(#3455,#3456,#3457,#3458));
#529=EDGE_LOOP('',(#3459,#3460,#3461,#3462));
#530=EDGE_LOOP('',(#3463,#3464,#3465,#3466));
#531=EDGE_LOOP('',(#3467,#3468,#3469,#3470));
#532=EDGE_LOOP('',(#3471,#3472,#3473,#3474,#3475,#3476,#3477,#3478,#3479,
#3480,#3481,#3482,#3483,#3484,#3485,#3486,#3487,#3488,#3489,#3490,#3491,
#3492,#3493,#3494,#3495,#3496,#3497,#3498,#3499,#3500,#3501,#3502,#3503,
#3504,#3505,#3506,#3507,#3508,#3509,#3510,#3511,#3512,#3513,#3514,#3515,
#3516,#3517,#3518,#3519,#3520,#3521,#3522,#3523,#3524,#3525,#3526,#3527,
#3528,#3529));
#533=EDGE_LOOP('',(#3530));
#534=EDGE_LOOP('',(#3531,#3532,#3533,#3534,#3535,#3536,#3537,#3538));
#535=EDGE_LOOP('',(#3539,#3540,#3541,#3542,#3543,#3544,#3545,#3546));
#536=EDGE_LOOP('',(#3547,#3548,#3549,#3550,#3551,#3552,#3553,#3554));
#537=EDGE_LOOP('',(#3555,#3556,#3557,#3558,#3559,#3560,#3561,#3562));
#538=EDGE_LOOP('',(#3563,#3564,#3565,#3566,#3567,#3568,#3569,#3570));
#539=EDGE_LOOP('',(#3571,#3572,#3573,#3574,#3575,#3576,#3577,#3578));
#540=EDGE_LOOP('',(#3579,#3580,#3581,#3582,#3583,#3584,#3585,#3586));
#541=EDGE_LOOP('',(#3587));
#542=EDGE_LOOP('',(#3588,#3589,#3590,#3591,#3592,#3593,#3594,#3595));
#543=EDGE_LOOP('',(#3596,#3597,#3598,#3599,#3600,#3601,#3602,#3603));
#544=EDGE_LOOP('',(#3604,#3605,#3606,#3607,#3608,#3609,#3610,#3611));
#545=EDGE_LOOP('',(#3612,#3613,#3614,#3615,#3616,#3617,#3618,#3619));
#546=EDGE_LOOP('',(#3620,#3621,#3622,#3623,#3624,#3625,#3626,#3627));
#547=EDGE_LOOP('',(#3628));
#548=EDGE_LOOP('',(#3629,#3630,#3631,#3632,#3633,#3634,#3635,#3636));
#549=EDGE_LOOP('',(#3637,#3638,#3639,#3640,#3641,#3642,#3643,#3644));
#550=EDGE_LOOP('',(#3645,#3646,#3647,#3648,#3649,#3650,#3651,#3652));
#551=EDGE_LOOP('',(#3653));
#552=EDGE_LOOP('',(#3654,#3655,#3656,#3657,#3658,#3659,#3660,#3661));
#553=EDGE_LOOP('',(#3662,#3663,#3664,#3665,#3666,#3667,#3668,#3669));
#554=EDGE_LOOP('',(#3670));
#555=EDGE_LOOP('',(#3671,#3672,#3673,#3674,#3675,#3676,#3677,#3678));
#556=EDGE_LOOP('',(#3679,#3680,#3681,#3682,#3683,#3684,#3685,#3686));
#557=EDGE_LOOP('',(#3687,#3688,#3689,#3690));
#558=EDGE_LOOP('',(#3691,#3692,#3693,#3694));
#559=EDGE_LOOP('',(#3695,#3696,#3697,#3698));
#560=EDGE_LOOP('',(#3699,#3700,#3701,#3702));
#561=EDGE_LOOP('',(#3703,#3704,#3705,#3706));
#562=EDGE_LOOP('',(#3707,#3708,#3709,#3710));
#563=EDGE_LOOP('',(#3711,#3712,#3713,#3714));
#564=EDGE_LOOP('',(#3715,#3716,#3717,#3718));
#565=EDGE_LOOP('',(#3719,#3720,#3721,#3722));
#566=EDGE_LOOP('',(#3723,#3724,#3725,#3726));
#567=EDGE_LOOP('',(#3727,#3728,#3729,#3730));
#568=EDGE_LOOP('',(#3731,#3732,#3733,#3734));
#569=EDGE_LOOP('',(#3735,#3736,#3737,#3738));
#570=EDGE_LOOP('',(#3739,#3740,#3741,#3742));
#571=EDGE_LOOP('',(#3743,#3744,#3745,#3746));
#572=EDGE_LOOP('',(#3747,#3748,#3749,#3750));
#573=EDGE_LOOP('',(#3751,#3752,#3753,#3754));
#574=EDGE_LOOP('',(#3755,#3756,#3757,#3758));
#575=EDGE_LOOP('',(#3759,#3760,#3761,#3762));
#576=EDGE_LOOP('',(#3763,#3764,#3765,#3766));
#577=EDGE_LOOP('',(#3767,#3768,#3769,#3770));
#578=EDGE_LOOP('',(#3771,#3772,#3773,#3774));
#579=EDGE_LOOP('',(#3775,#3776,#3777,#3778));
#580=EDGE_LOOP('',(#3779,#3780,#3781,#3782));
#581=EDGE_LOOP('',(#3783,#3784,#3785,#3786));
#582=EDGE_LOOP('',(#3787,#3788,#3789,#3790));
#583=EDGE_LOOP('',(#3791,#3792,#3793,#3794));
#584=EDGE_LOOP('',(#3795,#3796,#3797,#3798));
#585=EDGE_LOOP('',(#3799,#3800,#3801,#3802));
#586=EDGE_LOOP('',(#3803,#3804,#3805,#3806));
#587=EDGE_LOOP('',(#3807,#3808,#3809,#3810));
#588=EDGE_LOOP('',(#3811,#3812,#3813,#3814));
#589=EDGE_LOOP('',(#3815,#3816,#3817,#3818));
#590=EDGE_LOOP('',(#3819,#3820,#3821,#3822));
#591=EDGE_LOOP('',(#3823,#3824,#3825,#3826));
#592=EDGE_LOOP('',(#3827,#3828,#3829,#3830));
#593=EDGE_LOOP('',(#3831,#3832,#3833,#3834));
#594=EDGE_LOOP('',(#3835,#3836,#3837,#3838));
#595=EDGE_LOOP('',(#3839,#3840,#3841,#3842));
#596=EDGE_LOOP('',(#3843,#3844,#3845,#3846));
#597=EDGE_LOOP('',(#3847,#3848,#3849,#3850));
#598=EDGE_LOOP('',(#3851,#3852,#3853,#3854));
#599=EDGE_LOOP('',(#3855,#3856,#3857,#3858));
#600=EDGE_LOOP('',(#3859,#3860,#3861,#3862));
#601=EDGE_LOOP('',(#3863,#3864,#3865,#3866));
#602=EDGE_LOOP('',(#3867,#3868,#3869,#3870));
#603=EDGE_LOOP('',(#3871,#3872,#3873,#3874));
#604=EDGE_LOOP('',(#3875,#3876,#3877,#3878));
#605=EDGE_LOOP('',(#3879,#3880,#3881,#3882));
#606=EDGE_LOOP('',(#3883,#3884,#3885,#3886));
#607=EDGE_LOOP('',(#3887,#3888,#3889,#3890));
#608=EDGE_LOOP('',(#3891,#3892,#3893,#3894));
#609=EDGE_LOOP('',(#3895,#3896,#3897,#3898));
#610=EDGE_LOOP('',(#3899,#3900,#3901,#3902));
#611=EDGE_LOOP('',(#3903,#3904,#3905,#3906));
#612=EDGE_LOOP('',(#3907,#3908,#3909,#3910));
#613=EDGE_LOOP('',(#3911,#3912,#3913,#3914));
#614=EDGE_LOOP('',(#3915,#3916,#3917,#3918));
#615=EDGE_LOOP('',(#3919,#3920,#3921,#3922));
#616=EDGE_LOOP('',(#3923,#3924,#3925,#3926));
#617=EDGE_LOOP('',(#3927,#3928,#3929,#3930));
#618=EDGE_LOOP('',(#3931,#3932,#3933,#3934));
#619=EDGE_LOOP('',(#3935,#3936,#3937,#3938));
#620=EDGE_LOOP('',(#3939,#3940,#3941,#3942));
#621=EDGE_LOOP('',(#3943,#3944,#3945,#3946));
#622=EDGE_LOOP('',(#3947,#3948,#3949,#3950));
#623=EDGE_LOOP('',(#3951,#3952,#3953,#3954));
#624=EDGE_LOOP('',(#3955,#3956,#3957,#3958));
#625=EDGE_LOOP('',(#3959,#3960,#3961,#3962));
#626=EDGE_LOOP('',(#3963,#3964,#3965,#3966));
#627=EDGE_LOOP('',(#3967,#3968,#3969,#3970));
#628=EDGE_LOOP('',(#3971,#3972,#3973,#3974));
#629=EDGE_LOOP('',(#3975,#3976,#3977,#3978));
#630=EDGE_LOOP('',(#3979,#3980,#3981,#3982));
#631=EDGE_LOOP('',(#3983,#3984,#3985,#3986));
#632=EDGE_LOOP('',(#3987,#3988,#3989,#3990));
#633=EDGE_LOOP('',(#3991,#3992,#3993,#3994));
#634=EDGE_LOOP('',(#3995,#3996,#3997,#3998));
#635=EDGE_LOOP('',(#3999,#4000,#4001,#4002));
#636=EDGE_LOOP('',(#4003,#4004,#4005,#4006));
#637=EDGE_LOOP('',(#4007,#4008,#4009,#4010));
#638=EDGE_LOOP('',(#4011,#4012,#4013,#4014));
#639=EDGE_LOOP('',(#4015,#4016,#4017,#4018));
#640=EDGE_LOOP('',(#4019,#4020,#4021,#4022));
#641=EDGE_LOOP('',(#4023,#4024,#4025,#4026));
#642=EDGE_LOOP('',(#4027,#4028,#4029,#4030));
#643=EDGE_LOOP('',(#4031,#4032,#4033,#4034));
#644=EDGE_LOOP('',(#4035,#4036,#4037,#4038));
#645=EDGE_LOOP('',(#4039,#4040,#4041,#4042));
#646=EDGE_LOOP('',(#4043,#4044,#4045,#4046));
#647=EDGE_LOOP('',(#4047,#4048,#4049,#4050));
#648=EDGE_LOOP('',(#4051,#4052,#4053,#4054));
#649=EDGE_LOOP('',(#4055,#4056,#4057,#4058));
#650=EDGE_LOOP('',(#4059,#4060,#4061,#4062));
#651=EDGE_LOOP('',(#4063,#4064,#4065,#4066));
#652=EDGE_LOOP('',(#4067,#4068,#4069,#4070));
#653=EDGE_LOOP('',(#4071,#4072,#4073,#4074));
#654=EDGE_LOOP('',(#4075,#4076,#4077,#4078));
#655=EDGE_LOOP('',(#4079,#4080,#4081,#4082));
#656=EDGE_LOOP('',(#4083,#4084,#4085,#4086));
#657=EDGE_LOOP('',(#4087,#4088,#4089,#4090));
#658=EDGE_LOOP('',(#4091,#4092,#4093,#4094));
#659=EDGE_LOOP('',(#4095,#4096,#4097,#4098));
#660=EDGE_LOOP('',(#4099,#4100,#4101,#4102));
#661=EDGE_LOOP('',(#4103,#4104,#4105,#4106));
#662=EDGE_LOOP('',(#4107,#4108,#4109,#4110));
#663=LINE('',#6214,#1087);
#664=LINE('',#6218,#1088);
#665=LINE('',#6222,#1089);
#666=LINE('',#6224,#1090);
#667=LINE('',#6228,#1091);
#668=LINE('',#6232,#1092);
#669=LINE('',#6236,#1093);
#670=LINE('',#6240,#1094);
#671=LINE('',#6244,#1095);
#672=LINE('',#6248,#1096);
#673=LINE('',#6252,#1097);
#674=LINE('',#6256,#1098);
#675=LINE('',#6262,#1099);
#676=LINE('',#6266,#1100);
#677=LINE('',#6270,#1101);
#678=LINE('',#6274,#1102);
#679=LINE('',#6278,#1103);
#680=LINE('',#6282,#1104);
#681=LINE('',#6286,#1105);
#682=LINE('',#6290,#1106);
#683=LINE('',#6294,#1107);
#684=LINE('',#6298,#1108);
#685=LINE('',#6302,#1109);
#686=LINE('',#6306,#1110);
#687=LINE('',#6310,#1111);
#688=LINE('',#6316,#1112);
#689=LINE('',#6320,#1113);
#690=LINE('',#6326,#1114);
#691=LINE('',#6334,#1115);
#692=LINE('',#6338,#1116);
#693=LINE('',#6342,#1117);
#694=LINE('',#6345,#1118);
#695=LINE('',#6350,#1119);
#696=LINE('',#6354,#1120);
#697=LINE('',#6358,#1121);
#698=LINE('',#6361,#1122);
#699=LINE('',#6366,#1123);
#700=LINE('',#6370,#1124);
#701=LINE('',#6374,#1125);
#702=LINE('',#6377,#1126);
#703=LINE('',#6382,#1127);
#704=LINE('',#6386,#1128);
#705=LINE('',#6390,#1129);
#706=LINE('',#6393,#1130);
#707=LINE('',#6398,#1131);
#708=LINE('',#6402,#1132);
#709=LINE('',#6406,#1133);
#710=LINE('',#6409,#1134);
#711=LINE('',#6414,#1135);
#712=LINE('',#6418,#1136);
#713=LINE('',#6422,#1137);
#714=LINE('',#6425,#1138);
#715=LINE('',#6430,#1139);
#716=LINE('',#6434,#1140);
#717=LINE('',#6438,#1141);
#718=LINE('',#6441,#1142);
#719=LINE('',#6448,#1143);
#720=LINE('',#6452,#1144);
#721=LINE('',#6456,#1145);
#722=LINE('',#6459,#1146);
#723=LINE('',#6464,#1147);
#724=LINE('',#6468,#1148);
#725=LINE('',#6472,#1149);
#726=LINE('',#6475,#1150);
#727=LINE('',#6480,#1151);
#728=LINE('',#6484,#1152);
#729=LINE('',#6488,#1153);
#730=LINE('',#6491,#1154);
#731=LINE('',#6496,#1155);
#732=LINE('',#6500,#1156);
#733=LINE('',#6504,#1157);
#734=LINE('',#6507,#1158);
#735=LINE('',#6512,#1159);
#736=LINE('',#6516,#1160);
#737=LINE('',#6520,#1161);
#738=LINE('',#6523,#1162);
#739=LINE('',#6530,#1163);
#740=LINE('',#6534,#1164);
#741=LINE('',#6538,#1165);
#742=LINE('',#6541,#1166);
#743=LINE('',#6546,#1167);
#744=LINE('',#6550,#1168);
#745=LINE('',#6554,#1169);
#746=LINE('',#6557,#1170);
#747=LINE('',#6562,#1171);
#748=LINE('',#6566,#1172);
#749=LINE('',#6570,#1173);
#750=LINE('',#6573,#1174);
#751=LINE('',#6580,#1175);
#752=LINE('',#6584,#1176);
#753=LINE('',#6588,#1177);
#754=LINE('',#6591,#1178);
#755=LINE('',#6596,#1179);
#756=LINE('',#6600,#1180);
#757=LINE('',#6604,#1181);
#758=LINE('',#6607,#1182);
#759=LINE('',#6614,#1183);
#760=LINE('',#6618,#1184);
#761=LINE('',#6622,#1185);
#762=LINE('',#6625,#1186);
#763=LINE('',#6630,#1187);
#764=LINE('',#6634,#1188);
#765=LINE('',#6638,#1189);
#766=LINE('',#6641,#1190);
#767=LINE('',#6644,#1191);
#768=LINE('',#6647,#1192);
#769=LINE('',#6650,#1193);
#770=LINE('',#6651,#1194);
#771=LINE('',#6654,#1195);
#772=LINE('',#6658,#1196);
#773=LINE('',#6659,#1197);
#774=LINE('',#6662,#1198);
#775=LINE('',#6665,#1199);
#776=LINE('',#6668,#1200);
#777=LINE('',#6669,#1201);
#778=LINE('',#6672,#1202);
#779=LINE('',#6676,#1203);
#780=LINE('',#6677,#1204);
#781=LINE('',#6680,#1205);
#782=LINE('',#6683,#1206);
#783=LINE('',#6686,#1207);
#784=LINE('',#6687,#1208);
#785=LINE('',#6690,#1209);
#786=LINE('',#6694,#1210);
#787=LINE('',#6695,#1211);
#788=LINE('',#6698,#1212);
#789=LINE('',#6701,#1213);
#790=LINE('',#6704,#1214);
#791=LINE('',#6705,#1215);
#792=LINE('',#6708,#1216);
#793=LINE('',#6712,#1217);
#794=LINE('',#6713,#1218);
#795=LINE('',#6716,#1219);
#796=LINE('',#6719,#1220);
#797=LINE('',#6722,#1221);
#798=LINE('',#6723,#1222);
#799=LINE('',#6726,#1223);
#800=LINE('',#6730,#1224);
#801=LINE('',#6731,#1225);
#802=LINE('',#6734,#1226);
#803=LINE('',#6737,#1227);
#804=LINE('',#6740,#1228);
#805=LINE('',#6741,#1229);
#806=LINE('',#6744,#1230);
#807=LINE('',#6748,#1231);
#808=LINE('',#6749,#1232);
#809=LINE('',#6752,#1233);
#810=LINE('',#6755,#1234);
#811=LINE('',#6758,#1235);
#812=LINE('',#6759,#1236);
#813=LINE('',#6762,#1237);
#814=LINE('',#6766,#1238);
#815=LINE('',#6767,#1239);
#816=LINE('',#6770,#1240);
#817=LINE('',#6773,#1241);
#818=LINE('',#6776,#1242);
#819=LINE('',#6777,#1243);
#820=LINE('',#6780,#1244);
#821=LINE('',#6784,#1245);
#822=LINE('',#6785,#1246);
#823=LINE('',#6788,#1247);
#824=LINE('',#6791,#1248);
#825=LINE('',#6794,#1249);
#826=LINE('',#6795,#1250);
#827=LINE('',#6798,#1251);
#828=LINE('',#6802,#1252);
#829=LINE('',#6803,#1253);
#830=LINE('',#6806,#1254);
#831=LINE('',#6809,#1255);
#832=LINE('',#6812,#1256);
#833=LINE('',#6813,#1257);
#834=LINE('',#6816,#1258);
#835=LINE('',#6820,#1259);
#836=LINE('',#6821,#1260);
#837=LINE('',#6824,#1261);
#838=LINE('',#6827,#1262);
#839=LINE('',#6830,#1263);
#840=LINE('',#6831,#1264);
#841=LINE('',#6834,#1265);
#842=LINE('',#6838,#1266);
#843=LINE('',#6839,#1267);
#844=LINE('',#6842,#1268);
#845=LINE('',#6845,#1269);
#846=LINE('',#6848,#1270);
#847=LINE('',#6849,#1271);
#848=LINE('',#6852,#1272);
#849=LINE('',#6856,#1273);
#850=LINE('',#6857,#1274);
#851=LINE('',#6860,#1275);
#852=LINE('',#6863,#1276);
#853=LINE('',#6866,#1277);
#854=LINE('',#6867,#1278);
#855=LINE('',#6870,#1279);
#856=LINE('',#6874,#1280);
#857=LINE('',#6875,#1281);
#858=LINE('',#6878,#1282);
#859=LINE('',#6881,#1283);
#860=LINE('',#6884,#1284);
#861=LINE('',#6885,#1285);
#862=LINE('',#6888,#1286);
#863=LINE('',#6892,#1287);
#864=LINE('',#6893,#1288);
#865=LINE('',#6896,#1289);
#866=LINE('',#6899,#1290);
#867=LINE('',#6902,#1291);
#868=LINE('',#6903,#1292);
#869=LINE('',#6906,#1293);
#870=LINE('',#6910,#1294);
#871=LINE('',#6911,#1295);
#872=LINE('',#6914,#1296);
#873=LINE('',#6917,#1297);
#874=LINE('',#6920,#1298);
#875=LINE('',#6921,#1299);
#876=LINE('',#6924,#1300);
#877=LINE('',#6928,#1301);
#878=LINE('',#6929,#1302);
#879=LINE('',#6932,#1303);
#880=LINE('',#6935,#1304);
#881=LINE('',#6938,#1305);
#882=LINE('',#6939,#1306);
#883=LINE('',#6942,#1307);
#884=LINE('',#6946,#1308);
#885=LINE('',#6947,#1309);
#886=LINE('',#6950,#1310);
#887=LINE('',#6953,#1311);
#888=LINE('',#6956,#1312);
#889=LINE('',#6957,#1313);
#890=LINE('',#6960,#1314);
#891=LINE('',#6964,#1315);
#892=LINE('',#6965,#1316);
#893=LINE('',#6968,#1317);
#894=LINE('',#6971,#1318);
#895=LINE('',#6974,#1319);
#896=LINE('',#6975,#1320);
#897=LINE('',#6978,#1321);
#898=LINE('',#6982,#1322);
#899=LINE('',#6983,#1323);
#900=LINE('',#6986,#1324);
#901=LINE('',#6989,#1325);
#902=LINE('',#6992,#1326);
#903=LINE('',#6993,#1327);
#904=LINE('',#6996,#1328);
#905=LINE('',#7000,#1329);
#906=LINE('',#7001,#1330);
#907=LINE('',#7004,#1331);
#908=LINE('',#7008,#1332);
#909=LINE('',#7012,#1333);
#910=LINE('',#7013,#1334);
#911=LINE('',#7016,#1335);
#912=LINE('',#7020,#1336);
#913=LINE('',#7021,#1337);
#914=LINE('',#7024,#1338);
#915=LINE('',#7028,#1339);
#916=LINE('',#7029,#1340);
#917=LINE('',#7032,#1341);
#918=LINE('',#7036,#1342);
#919=LINE('',#7037,#1343);
#920=LINE('',#7040,#1344);
#921=LINE('',#7044,#1345);
#922=LINE('',#7045,#1346);
#923=LINE('',#7048,#1347);
#924=LINE('',#7052,#1348);
#925=LINE('',#7053,#1349);
#926=LINE('',#7056,#1350);
#927=LINE('',#7060,#1351);
#928=LINE('',#7061,#1352);
#929=LINE('',#7064,#1353);
#930=LINE('',#7068,#1354);
#931=LINE('',#7069,#1355);
#932=LINE('',#7072,#1356);
#933=LINE('',#7076,#1357);
#934=LINE('',#7077,#1358);
#935=LINE('',#7080,#1359);
#936=LINE('',#7081,#1360);
#937=LINE('',#7084,#1361);
#938=LINE('',#7088,#1362);
#939=LINE('',#7089,#1363);
#940=LINE('',#7092,#1364);
#941=LINE('',#7096,#1365);
#942=LINE('',#7097,#1366);
#943=LINE('',#7100,#1367);
#944=LINE('',#7104,#1368);
#945=LINE('',#7108,#1369);
#946=LINE('',#7109,#1370);
#947=LINE('',#7112,#1371);
#948=LINE('',#7116,#1372);
#949=LINE('',#7120,#1373);
#950=LINE('',#7121,#1374);
#951=LINE('',#7126,#1375);
#952=LINE('',#7132,#1376);
#953=LINE('',#7136,#1377);
#954=LINE('',#7140,#1378);
#955=LINE('',#7144,#1379);
#956=LINE('',#7148,#1380);
#957=LINE('',#7152,#1381);
#958=LINE('',#7156,#1382);
#959=LINE('',#7160,#1383);
#960=LINE('',#7164,#1384);
#961=LINE('',#7168,#1385);
#962=LINE('',#7171,#1386);
#963=LINE('',#7177,#1387);
#964=LINE('',#7180,#1388);
#965=LINE('',#7184,#1389);
#966=LINE('',#7187,#1390);
#967=LINE('',#7191,#1391);
#968=LINE('',#7194,#1392);
#969=LINE('',#7198,#1393);
#970=LINE('',#7201,#1394);
#971=LINE('',#7205,#1395);
#972=LINE('',#7208,#1396);
#973=LINE('',#7212,#1397);
#974=LINE('',#7215,#1398);
#975=LINE('',#7219,#1399);
#976=LINE('',#7222,#1400);
#977=LINE('',#7228,#1401);
#978=LINE('',#7231,#1402);
#979=LINE('',#7235,#1403);
#980=LINE('',#7238,#1404);
#981=LINE('',#7242,#1405);
#982=LINE('',#7245,#1406);
#983=LINE('',#7249,#1407);
#984=LINE('',#7252,#1408);
#985=LINE('',#7256,#1409);
#986=LINE('',#7259,#1410);
#987=LINE('',#7265,#1411);
#988=LINE('',#7268,#1412);
#989=LINE('',#7272,#1413);
#990=LINE('',#7275,#1414);
#991=LINE('',#7279,#1415);
#992=LINE('',#7282,#1416);
#993=LINE('',#7288,#1417);
#994=LINE('',#7291,#1418);
#995=LINE('',#7295,#1419);
#996=LINE('',#7298,#1420);
#997=LINE('',#7304,#1421);
#998=LINE('',#7307,#1422);
#999=LINE('',#7311,#1423);
#1000=LINE('',#7314,#1424);
#1001=LINE('',#7316,#1425);
#1002=LINE('',#7317,#1426);
#1003=LINE('',#7319,#1427);
#1004=LINE('',#7320,#1428);
#1005=LINE('',#7322,#1429);
#1006=LINE('',#7324,#1430);
#1007=LINE('',#7326,#1431);
#1008=LINE('',#7329,#1432);
#1009=LINE('',#7331,#1433);
#1010=LINE('',#7333,#1434);
#1011=LINE('',#7335,#1435);
#1012=LINE('',#7338,#1436);
#1013=LINE('',#7340,#1437);
#1014=LINE('',#7342,#1438);
#1015=LINE('',#7344,#1439);
#1016=LINE('',#7346,#1440);
#1017=LINE('',#7348,#1441);
#1018=LINE('',#7350,#1442);
#1019=LINE('',#7352,#1443);
#1020=LINE('',#7354,#1444);
#1021=LINE('',#7356,#1445);
#1022=LINE('',#7358,#1446);
#1023=LINE('',#7360,#1447);
#1024=LINE('',#7362,#1448);
#1025=LINE('',#7365,#1449);
#1026=LINE('',#7367,#1450);
#1027=LINE('',#7369,#1451);
#1028=LINE('',#7372,#1452);
#1029=LINE('',#7374,#1453);
#1030=LINE('',#7376,#1454);
#1031=LINE('',#7379,#1455);
#1032=LINE('',#7381,#1456);
#1033=LINE('',#7383,#1457);
#1034=LINE('',#7385,#1458);
#1035=LINE('',#7388,#1459);
#1036=LINE('',#7390,#1460);
#1037=LINE('',#7392,#1461);
#1038=LINE('',#7395,#1462);
#1039=LINE('',#7397,#1463);
#1040=LINE('',#7399,#1464);
#1041=LINE('',#7401,#1465);
#1042=LINE('',#7404,#1466);
#1043=LINE('',#7406,#1467);
#1044=LINE('',#7408,#1468);
#1045=LINE('',#7411,#1469);
#1046=LINE('',#7413,#1470);
#1047=LINE('',#7415,#1471);
#1048=LINE('',#7418,#1472);
#1049=LINE('',#7420,#1473);
#1050=LINE('',#7422,#1474);
#1051=LINE('',#7424,#1475);
#1052=LINE('',#7427,#1476);
#1053=LINE('',#7429,#1477);
#1054=LINE('',#7431,#1478);
#1055=LINE('',#7434,#1479);
#1056=LINE('',#7436,#1480);
#1057=LINE('',#7438,#1481);
#1058=LINE('',#7441,#1482);
#1059=LINE('',#7443,#1483);
#1060=LINE('',#7445,#1484);
#1061=LINE('',#7448,#1485);
#1062=LINE('',#7450,#1486);
#1063=LINE('',#7452,#1487);
#1064=LINE('',#7455,#1488);
#1065=LINE('',#7457,#1489);
#1066=LINE('',#7459,#1490);
#1067=LINE('',#7461,#1491);
#1068=LINE('',#7464,#1492);
#1069=LINE('',#7466,#1493);
#1070=LINE('',#7468,#1494);
#1071=LINE('',#7471,#1495);
#1072=LINE('',#7473,#1496);
#1073=LINE('',#7475,#1497);
#1074=LINE('',#7478,#1498);
#1075=LINE('',#7480,#1499);
#1076=LINE('',#7482,#1500);
#1077=LINE('',#7485,#1501);
#1078=LINE('',#7487,#1502);
#1079=LINE('',#7489,#1503);
#1080=LINE('',#7492,#1504);
#1081=LINE('',#7494,#1505);
#1082=LINE('',#7496,#1506);
#1083=LINE('',#7499,#1507);
#1084=LINE('',#7501,#1508);
#1085=LINE('',#7503,#1509);
#1086=LINE('',#7506,#1510);
#1087=VECTOR('',#4901,10.);
#1088=VECTOR('',#4904,10.);
#1089=VECTOR('',#4907,10.);
#1090=VECTOR('',#4908,10.);
#1091=VECTOR('',#4911,10.);
#1092=VECTOR('',#4914,10.);
#1093=VECTOR('',#4917,10.);
#1094=VECTOR('',#4920,10.);
#1095=VECTOR('',#4923,10.);
#1096=VECTOR('',#4926,10.);
#1097=VECTOR('',#4929,10.);
#1098=VECTOR('',#4932,10.);
#1099=VECTOR('',#4937,10.);
#1100=VECTOR('',#4940,10.);
#1101=VECTOR('',#4943,10.);
#1102=VECTOR('',#4946,10.);
#1103=VECTOR('',#4949,10.);
#1104=VECTOR('',#4952,10.);
#1105=VECTOR('',#4955,10.);
#1106=VECTOR('',#4958,10.);
#1107=VECTOR('',#4961,10.);
#1108=VECTOR('',#4964,10.);
#1109=VECTOR('',#4967,10.);
#1110=VECTOR('',#4970,10.);
#1111=VECTOR('',#4973,10.);
#1112=VECTOR('',#4978,10.);
#1113=VECTOR('',#4981,10.);
#1114=VECTOR('',#4986,10.);
#1115=VECTOR('',#4993,10.);
#1116=VECTOR('',#4996,10.);
#1117=VECTOR('',#4999,10.);
#1118=VECTOR('',#5002,10.);
#1119=VECTOR('',#5005,10.);
#1120=VECTOR('',#5008,10.);
#1121=VECTOR('',#5011,10.);
#1122=VECTOR('',#5014,10.);
#1123=VECTOR('',#5017,10.);
#1124=VECTOR('',#5020,10.);
#1125=VECTOR('',#5023,10.);
#1126=VECTOR('',#5026,10.);
#1127=VECTOR('',#5029,10.);
#1128=VECTOR('',#5032,10.);
#1129=VECTOR('',#5035,10.);
#1130=VECTOR('',#5038,10.);
#1131=VECTOR('',#5041,10.);
#1132=VECTOR('',#5044,10.);
#1133=VECTOR('',#5047,10.);
#1134=VECTOR('',#5050,10.);
#1135=VECTOR('',#5053,10.);
#1136=VECTOR('',#5056,10.);
#1137=VECTOR('',#5059,10.);
#1138=VECTOR('',#5062,10.);
#1139=VECTOR('',#5065,10.);
#1140=VECTOR('',#5068,10.);
#1141=VECTOR('',#5071,10.);
#1142=VECTOR('',#5074,10.);
#1143=VECTOR('',#5079,10.);
#1144=VECTOR('',#5082,10.);
#1145=VECTOR('',#5085,10.);
#1146=VECTOR('',#5088,10.);
#1147=VECTOR('',#5091,10.);
#1148=VECTOR('',#5094,10.);
#1149=VECTOR('',#5097,10.);
#1150=VECTOR('',#5100,10.);
#1151=VECTOR('',#5103,10.);
#1152=VECTOR('',#5106,10.);
#1153=VECTOR('',#5109,10.);
#1154=VECTOR('',#5112,10.);
#1155=VECTOR('',#5115,10.);
#1156=VECTOR('',#5118,10.);
#1157=VECTOR('',#5121,10.);
#1158=VECTOR('',#5124,10.);
#1159=VECTOR('',#5127,10.);
#1160=VECTOR('',#5130,10.);
#1161=VECTOR('',#5133,10.);
#1162=VECTOR('',#5136,10.);
#1163=VECTOR('',#5141,10.);
#1164=VECTOR('',#5144,10.);
#1165=VECTOR('',#5147,10.);
#1166=VECTOR('',#5150,10.);
#1167=VECTOR('',#5153,10.);
#1168=VECTOR('',#5156,10.);
#1169=VECTOR('',#5159,10.);
#1170=VECTOR('',#5162,10.);
#1171=VECTOR('',#5165,10.);
#1172=VECTOR('',#5168,10.);
#1173=VECTOR('',#5171,10.);
#1174=VECTOR('',#5174,10.);
#1175=VECTOR('',#5179,10.);
#1176=VECTOR('',#5182,10.);
#1177=VECTOR('',#5185,10.);
#1178=VECTOR('',#5188,10.);
#1179=VECTOR('',#5191,10.);
#1180=VECTOR('',#5194,10.);
#1181=VECTOR('',#5197,10.);
#1182=VECTOR('',#5200,10.);
#1183=VECTOR('',#5205,10.);
#1184=VECTOR('',#5208,10.);
#1185=VECTOR('',#5211,10.);
#1186=VECTOR('',#5214,10.);
#1187=VECTOR('',#5217,10.);
#1188=VECTOR('',#5220,10.);
#1189=VECTOR('',#5223,10.);
#1190=VECTOR('',#5226,10.);
#1191=VECTOR('',#5229,1.);
#1192=VECTOR('',#5232,1.);
#1193=VECTOR('',#5235,1.);
#1194=VECTOR('',#5236,1.00000000000012);
#1195=VECTOR('',#5239,1.);
#1196=VECTOR('',#5244,1.);
#1197=VECTOR('',#5245,1.00000000000012);
#1198=VECTOR('',#5248,1.);
#1199=VECTOR('',#5251,1.);
#1200=VECTOR('',#5254,1.);
#1201=VECTOR('',#5255,0.999999999999916);
#1202=VECTOR('',#5258,1.);
#1203=VECTOR('',#5263,1.);
#1204=VECTOR('',#5264,0.999999999999916);
#1205=VECTOR('',#5267,1.);
#1206=VECTOR('',#5270,1.);
#1207=VECTOR('',#5273,1.);
#1208=VECTOR('',#5274,1.);
#1209=VECTOR('',#5277,1.);
#1210=VECTOR('',#5282,1.);
#1211=VECTOR('',#5283,1.);
#1212=VECTOR('',#5286,1.);
#1213=VECTOR('',#5289,1.);
#1214=VECTOR('',#5292,1.);
#1215=VECTOR('',#5293,1.);
#1216=VECTOR('',#5296,1.);
#1217=VECTOR('',#5301,1.);
#1218=VECTOR('',#5302,1.);
#1219=VECTOR('',#5305,1.);
#1220=VECTOR('',#5308,1.);
#1221=VECTOR('',#5311,1.);
#1222=VECTOR('',#5312,1.);
#1223=VECTOR('',#5315,1.);
#1224=VECTOR('',#5320,1.);
#1225=VECTOR('',#5321,1.);
#1226=VECTOR('',#5324,1.);
#1227=VECTOR('',#5327,1.);
#1228=VECTOR('',#5330,1.);
#1229=VECTOR('',#5331,1.);
#1230=VECTOR('',#5334,1.);
#1231=VECTOR('',#5339,1.);
#1232=VECTOR('',#5340,1.);
#1233=VECTOR('',#5343,1.);
#1234=VECTOR('',#5346,1.);
#1235=VECTOR('',#5349,1.);
#1236=VECTOR('',#5350,1.);
#1237=VECTOR('',#5353,1.);
#1238=VECTOR('',#5358,1.);
#1239=VECTOR('',#5359,1.);
#1240=VECTOR('',#5362,1.);
#1241=VECTOR('',#5365,1.);
#1242=VECTOR('',#5368,1.);
#1243=VECTOR('',#5369,1.);
#1244=VECTOR('',#5372,1.);
#1245=VECTOR('',#5377,1.);
#1246=VECTOR('',#5378,1.);
#1247=VECTOR('',#5381,1.);
#1248=VECTOR('',#5384,1.);
#1249=VECTOR('',#5387,1.);
#1250=VECTOR('',#5388,1.);
#1251=VECTOR('',#5391,1.);
#1252=VECTOR('',#5396,1.);
#1253=VECTOR('',#5397,1.);
#1254=VECTOR('',#5400,1.);
#1255=VECTOR('',#5403,1.);
#1256=VECTOR('',#5406,1.);
#1257=VECTOR('',#5407,1.);
#1258=VECTOR('',#5410,1.);
#1259=VECTOR('',#5415,1.);
#1260=VECTOR('',#5416,1.);
#1261=VECTOR('',#5419,1.);
#1262=VECTOR('',#5422,1.);
#1263=VECTOR('',#5425,1.);
#1264=VECTOR('',#5426,1.);
#1265=VECTOR('',#5429,1.);
#1266=VECTOR('',#5434,1.);
#1267=VECTOR('',#5435,1.);
#1268=VECTOR('',#5438,1.);
#1269=VECTOR('',#5441,1.);
#1270=VECTOR('',#5444,1.);
#1271=VECTOR('',#5445,1.);
#1272=VECTOR('',#5448,1.);
#1273=VECTOR('',#5453,1.);
#1274=VECTOR('',#5454,1.);
#1275=VECTOR('',#5457,1.);
#1276=VECTOR('',#5460,1.);
#1277=VECTOR('',#5463,1.);
#1278=VECTOR('',#5464,1.);
#1279=VECTOR('',#5467,1.);
#1280=VECTOR('',#5472,1.);
#1281=VECTOR('',#5473,1.);
#1282=VECTOR('',#5476,1.);
#1283=VECTOR('',#5479,1.);
#1284=VECTOR('',#5482,1.);
#1285=VECTOR('',#5483,1.);
#1286=VECTOR('',#5486,1.);
#1287=VECTOR('',#5491,1.);
#1288=VECTOR('',#5492,1.);
#1289=VECTOR('',#5495,1.);
#1290=VECTOR('',#5498,1.);
#1291=VECTOR('',#5501,1.);
#1292=VECTOR('',#5502,1.);
#1293=VECTOR('',#5505,1.);
#1294=VECTOR('',#5510,1.);
#1295=VECTOR('',#5511,1.);
#1296=VECTOR('',#5514,1.);
#1297=VECTOR('',#5517,1.);
#1298=VECTOR('',#5520,1.);
#1299=VECTOR('',#5521,1.);
#1300=VECTOR('',#5524,1.);
#1301=VECTOR('',#5529,1.);
#1302=VECTOR('',#5530,1.);
#1303=VECTOR('',#5533,1.);
#1304=VECTOR('',#5536,1.);
#1305=VECTOR('',#5539,1.);
#1306=VECTOR('',#5540,1.);
#1307=VECTOR('',#5543,1.);
#1308=VECTOR('',#5548,1.);
#1309=VECTOR('',#5549,1.);
#1310=VECTOR('',#5552,1.);
#1311=VECTOR('',#5555,1.);
#1312=VECTOR('',#5558,1.);
#1313=VECTOR('',#5559,1.);
#1314=VECTOR('',#5562,1.);
#1315=VECTOR('',#5567,1.);
#1316=VECTOR('',#5568,1.);
#1317=VECTOR('',#5571,1.);
#1318=VECTOR('',#5574,1.);
#1319=VECTOR('',#5577,1.);
#1320=VECTOR('',#5578,1.);
#1321=VECTOR('',#5581,1.);
#1322=VECTOR('',#5586,1.);
#1323=VECTOR('',#5587,1.);
#1324=VECTOR('',#5590,1.);
#1325=VECTOR('',#5593,1.);
#1326=VECTOR('',#5596,1.);
#1327=VECTOR('',#5597,1.);
#1328=VECTOR('',#5600,1.);
#1329=VECTOR('',#5605,1.);
#1330=VECTOR('',#5606,1.);
#1331=VECTOR('',#5609,1.);
#1332=VECTOR('',#5614,1.);
#1333=VECTOR('',#5619,1.);
#1334=VECTOR('',#5620,1.);
#1335=VECTOR('',#5623,1.);
#1336=VECTOR('',#5628,1.);
#1337=VECTOR('',#5629,1.);
#1338=VECTOR('',#5632,1.);
#1339=VECTOR('',#5637,1.);
#1340=VECTOR('',#5638,1.);
#1341=VECTOR('',#5641,1.);
#1342=VECTOR('',#5646,1.);
#1343=VECTOR('',#5647,1.);
#1344=VECTOR('',#5650,1.);
#1345=VECTOR('',#5655,1.);
#1346=VECTOR('',#5656,1.);
#1347=VECTOR('',#5659,1.);
#1348=VECTOR('',#5664,1.);
#1349=VECTOR('',#5665,1.);
#1350=VECTOR('',#5668,1.);
#1351=VECTOR('',#5673,1.);
#1352=VECTOR('',#5674,1.);
#1353=VECTOR('',#5677,1.);
#1354=VECTOR('',#5682,1.);
#1355=VECTOR('',#5683,1.);
#1356=VECTOR('',#5686,1.);
#1357=VECTOR('',#5691,1.);
#1358=VECTOR('',#5692,1.);
#1359=VECTOR('',#5695,1.);
#1360=VECTOR('',#5696,1.);
#1361=VECTOR('',#5699,1.);
#1362=VECTOR('',#5704,1.);
#1363=VECTOR('',#5705,1.);
#1364=VECTOR('',#5708,1.);
#1365=VECTOR('',#5713,10.);
#1366=VECTOR('',#5714,1.);
#1367=VECTOR('',#5717,10.);
#1368=VECTOR('',#5722,10.);
#1369=VECTOR('',#5727,10.);
#1370=VECTOR('',#5728,10.);
#1371=VECTOR('',#5731,10.);
#1372=VECTOR('',#5736,10.);
#1373=VECTOR('',#5741,1.);
#1374=VECTOR('',#5742,1.);
#1375=VECTOR('',#5747,1.);
#1376=VECTOR('',#5752,1.);
#1377=VECTOR('',#5755,0.999999999999597);
#1378=VECTOR('',#5758,1.00000000000005);
#1379=VECTOR('',#5761,0.999999999999834);
#1380=VECTOR('',#5764,1.00000000000022);
#1381=VECTOR('',#5767,1.);
#1382=VECTOR('',#5770,10.);
#1383=VECTOR('',#5773,10.);
#1384=VECTOR('',#5776,1.);
#1385=VECTOR('',#5779,1.);
#1386=VECTOR('',#5782,1.);
#1387=VECTOR('',#5787,1.);
#1388=VECTOR('',#5790,1.);
#1389=VECTOR('',#5793,1.);
#1390=VECTOR('',#5796,1.);
#1391=VECTOR('',#5799,1.);
#1392=VECTOR('',#5802,1.);
#1393=VECTOR('',#5805,1.);
#1394=VECTOR('',#5808,1.);
#1395=VECTOR('',#5811,1.);
#1396=VECTOR('',#5814,1.);
#1397=VECTOR('',#5817,1.);
#1398=VECTOR('',#5820,1.);
#1399=VECTOR('',#5823,1.);
#1400=VECTOR('',#5826,1.);
#1401=VECTOR('',#5831,1.);
#1402=VECTOR('',#5834,1.);
#1403=VECTOR('',#5837,1.);
#1404=VECTOR('',#5840,1.);
#1405=VECTOR('',#5843,1.);
#1406=VECTOR('',#5846,1.);
#1407=VECTOR('',#5849,1.);
#1408=VECTOR('',#5852,1.);
#1409=VECTOR('',#5855,1.);
#1410=VECTOR('',#5858,1.);
#1411=VECTOR('',#5863,1.);
#1412=VECTOR('',#5866,1.);
#1413=VECTOR('',#5869,1.);
#1414=VECTOR('',#5872,1.);
#1415=VECTOR('',#5875,1.);
#1416=VECTOR('',#5878,1.);
#1417=VECTOR('',#5883,1.);
#1418=VECTOR('',#5886,1.);
#1419=VECTOR('',#5889,1.);
#1420=VECTOR('',#5892,1.);
#1421=VECTOR('',#5897,0.999999999999916);
#1422=VECTOR('',#5900,0.999999999999916);
#1423=VECTOR('',#5903,1.00000000000012);
#1424=VECTOR('',#5906,1.00000000000012);
#1425=VECTOR('',#5909,10.);
#1426=VECTOR('',#5910,10.);
#1427=VECTOR('',#5913,10.);
#1428=VECTOR('',#5914,10.);
#1429=VECTOR('',#5917,10.);
#1430=VECTOR('',#5920,1.);
#1431=VECTOR('',#5923,10.);
#1432=VECTOR('',#5928,1.);
#1433=VECTOR('',#5931,1.);
#1434=VECTOR('',#5934,1.);
#1435=VECTOR('',#5937,1.);
#1436=VECTOR('',#5942,1.);
#1437=VECTOR('',#5945,1.);
#1438=VECTOR('',#5948,1.);
#1439=VECTOR('',#5951,1.);
#1440=VECTOR('',#5954,1.);
#1441=VECTOR('',#5957,1.);
#1442=VECTOR('',#5960,1.);
#1443=VECTOR('',#5963,1.);
#1444=VECTOR('',#5966,1.);
#1445=VECTOR('',#5969,1.);
#1446=VECTOR('',#5972,1.);
#1447=VECTOR('',#5975,1.);
#1448=VECTOR('',#5978,1.);
#1449=VECTOR('',#5983,1.);
#1450=VECTOR('',#5986,1.);
#1451=VECTOR('',#5989,1.);
#1452=VECTOR('',#5994,1.);
#1453=VECTOR('',#5997,1.);
#1454=VECTOR('',#6000,1.);
#1455=VECTOR('',#6005,1.1);
#1456=VECTOR('',#6008,1.);
#1457=VECTOR('',#6011,1.);
#1458=VECTOR('',#6014,1.);
#1459=VECTOR('',#6019,1.);
#1460=VECTOR('',#6022,1.);
#1461=VECTOR('',#6025,1.);
#1462=VECTOR('',#6030,1.1);
#1463=VECTOR('',#6033,1.);
#1464=VECTOR('',#6036,1.);
#1465=VECTOR('',#6039,1.);
#1466=VECTOR('',#6044,1.);
#1467=VECTOR('',#6047,1.);
#1468=VECTOR('',#6050,1.);
#1469=VECTOR('',#6055,1.);
#1470=VECTOR('',#6058,1.);
#1471=VECTOR('',#6061,1.);
#1472=VECTOR('',#6066,1.1);
#1473=VECTOR('',#6069,1.);
#1474=VECTOR('',#6072,1.);
#1475=VECTOR('',#6075,1.);
#1476=VECTOR('',#6080,1.);
#1477=VECTOR('',#6083,1.);
#1478=VECTOR('',#6086,1.);
#1479=VECTOR('',#6091,1.);
#1480=VECTOR('',#6094,1.);
#1481=VECTOR('',#6097,1.);
#1482=VECTOR('',#6102,1.);
#1483=VECTOR('',#6105,1.);
#1484=VECTOR('',#6108,1.);
#1485=VECTOR('',#6113,1.);
#1486=VECTOR('',#6116,1.);
#1487=VECTOR('',#6119,1.);
#1488=VECTOR('',#6124,1.1);
#1489=VECTOR('',#6127,1.);
#1490=VECTOR('',#6130,1.);
#1491=VECTOR('',#6133,1.);
#1492=VECTOR('',#6138,1.);
#1493=VECTOR('',#6141,1.);
#1494=VECTOR('',#6144,1.);
#1495=VECTOR('',#6149,1.);
#1496=VECTOR('',#6152,1.);
#1497=VECTOR('',#6155,1.);
#1498=VECTOR('',#6160,1.);
#1499=VECTOR('',#6163,1.);
#1500=VECTOR('',#6166,1.);
#1501=VECTOR('',#6171,1.);
#1502=VECTOR('',#6174,1.);
#1503=VECTOR('',#6177,1.);
#1504=VECTOR('',#6182,1.);
#1505=VECTOR('',#6185,1.);
#1506=VECTOR('',#6188,1.);
#1507=VECTOR('',#6193,1.);
#1508=VECTOR('',#6196,1.);
#1509=VECTOR('',#6199,1.);
#1510=VECTOR('',#6204,1.1);
#1511=CIRCLE('',#4451,0.500000000000007);
#1512=CIRCLE('',#4452,0.999999252925);
#1513=CIRCLE('',#4453,0.999999252925);
#1514=CIRCLE('',#4454,0.999999252925);
#1515=CIRCLE('',#4455,0.999999252925);
#1516=CIRCLE('',#4456,0.999999252925);
#1517=CIRCLE('',#4457,0.999999252925);
#1518=CIRCLE('',#4458,0.999999252925);
#1519=CIRCLE('',#4459,0.999999252925);
#1520=CIRCLE('',#4460,0.999999252925);
#1521=CIRCLE('',#4461,0.999999252925);
#1522=CIRCLE('',#4462,0.500001333575);
#1523=CIRCLE('',#4463,0.500001333575);
#1524=CIRCLE('',#4464,0.999999252925);
#1525=CIRCLE('',#4465,0.999999252925);
#1526=CIRCLE('',#4466,0.999999252925);
#1527=CIRCLE('',#4467,0.999999252925);
#1528=CIRCLE('',#4468,0.999999999999996);
#1529=CIRCLE('',#4469,0.999999999999996);
#1530=CIRCLE('',#4470,1.00000151246785);
#1531=CIRCLE('',#4471,5.000058624462);
#1532=CIRCLE('',#4472,1.000084935963);
#1533=CIRCLE('',#4473,0.999907387583);
#1534=CIRCLE('',#4474,1.00009920947);
#1535=CIRCLE('',#4475,5.000000766444);
#1536=CIRCLE('',#4476,0.999999252925);
#1537=CIRCLE('',#4477,0.999999252925);
#1538=CIRCLE('',#4478,0.999999252925);
#1539=CIRCLE('',#4479,0.500002369201695);
#1540=CIRCLE('',#4480,0.999999999999996);
#1541=CIRCLE('',#4481,0.999999999999996);
#1542=CIRCLE('',#4482,1.1);
#1543=CIRCLE('',#4483,0.360001506455);
#1544=CIRCLE('',#4484,0.360001506455);
#1545=CIRCLE('',#4485,0.360001506455);
#1546=CIRCLE('',#4486,0.360001506455);
#1547=CIRCLE('',#4487,0.360001506454);
#1548=CIRCLE('',#4488,0.360001506455);
#1549=CIRCLE('',#4489,0.360001506455);
#1550=CIRCLE('',#4490,0.360001506454);
#1551=CIRCLE('',#4491,0.360001506454);
#1552=CIRCLE('',#4492,0.360001506454);
#1553=CIRCLE('',#4493,0.360001506454);
#1554=CIRCLE('',#4494,0.360001506454);
#1555=CIRCLE('',#4495,0.360001506455);
#1556=CIRCLE('',#4496,0.360001506455);
#1557=CIRCLE('',#4497,0.360001506455);
#1558=CIRCLE('',#4498,0.360001506455);
#1559=CIRCLE('',#4499,0.360001506455);
#1560=CIRCLE('',#4500,0.360001506455);
#1561=CIRCLE('',#4501,0.360001506455);
#1562=CIRCLE('',#4502,0.360001506455);
#1563=CIRCLE('',#4503,0.360001506454);
#1564=CIRCLE('',#4504,0.360001506455);
#1565=CIRCLE('',#4505,0.360001506455);
#1566=CIRCLE('',#4506,0.360001506454);
#1567=CIRCLE('',#4507,0.360001506454);
#1568=CIRCLE('',#4508,0.360001506454);
#1569=CIRCLE('',#4509,0.360001506454);
#1570=CIRCLE('',#4510,0.360001506454);
#1571=CIRCLE('',#4511,1.1);
#1572=CIRCLE('',#4512,0.360001506454);
#1573=CIRCLE('',#4513,0.360001506454);
#1574=CIRCLE('',#4514,0.360001506454);
#1575=CIRCLE('',#4515,0.360001506454);
#1576=CIRCLE('',#4516,0.360001506454);
#1577=CIRCLE('',#4517,0.360001506454);
#1578=CIRCLE('',#4518,0.360001506454);
#1579=CIRCLE('',#4519,0.360001506454);
#1580=CIRCLE('',#4520,0.360001506454);
#1581=CIRCLE('',#4521,0.360001506454);
#1582=CIRCLE('',#4522,0.360001506454);
#1583=CIRCLE('',#4523,0.360001506454);
#1584=CIRCLE('',#4524,0.360001506454);
#1585=CIRCLE('',#4525,0.360001506454);
#1586=CIRCLE('',#4526,0.360001506454);
#1587=CIRCLE('',#4527,0.360001506454);
#1588=CIRCLE('',#4528,0.360001506455);
#1589=CIRCLE('',#4529,0.360001506455);
#1590=CIRCLE('',#4530,0.360001506455);
#1591=CIRCLE('',#4531,0.360001506455);
#1592=CIRCLE('',#4532,1.1);
#1593=CIRCLE('',#4533,0.360001506455);
#1594=CIRCLE('',#4534,0.360001506455);
#1595=CIRCLE('',#4535,0.360001506455);
#1596=CIRCLE('',#4536,0.360001506455);
#1597=CIRCLE('',#4537,0.360001506454);
#1598=CIRCLE('',#4538,0.360001506455);
#1599=CIRCLE('',#4539,0.360001506455);
#1600=CIRCLE('',#4540,0.360001506454);
#1601=CIRCLE('',#4541,0.360001506454);
#1602=CIRCLE('',#4542,0.360001506454);
#1603=CIRCLE('',#4543,0.360001506454);
#1604=CIRCLE('',#4544,0.360001506454);
#1605=CIRCLE('',#4545,1.1);
#1606=CIRCLE('',#4546,0.360001506454);
#1607=CIRCLE('',#4547,0.360001506454);
#1608=CIRCLE('',#4548,0.360001506454);
#1609=CIRCLE('',#4549,0.360001506454);
#1610=CIRCLE('',#4550,0.360001506454);
#1611=CIRCLE('',#4551,0.360001506454);
#1612=CIRCLE('',#4552,0.360001506454);
#1613=CIRCLE('',#4553,0.360001506454);
#1614=CIRCLE('',#4554,1.1);
#1615=CIRCLE('',#4555,0.359999449958);
#1616=CIRCLE('',#4556,0.359999449958);
#1617=CIRCLE('',#4557,0.359999449958);
#1618=CIRCLE('',#4558,0.359999449958);
#1619=CIRCLE('',#4559,0.36000313088);
#1620=CIRCLE('',#4560,0.36000313088);
#1621=CIRCLE('',#4561,0.36000313088);
#1622=CIRCLE('',#4562,0.36000313088);
#1623=CIRCLE('',#4564,0.36000313088);
#1624=CIRCLE('',#4567,0.36000313088);
#1625=CIRCLE('',#4570,0.359999449958);
#1626=CIRCLE('',#4573,0.359999449958);
#1627=CIRCLE('',#4576,0.360001506454);
#1628=CIRCLE('',#4579,0.360001506454);
#1629=CIRCLE('',#4582,0.360001506454);
#1630=CIRCLE('',#4585,0.360001506454);
#1631=CIRCLE('',#4588,0.360001506454);
#1632=CIRCLE('',#4591,0.360001506454);
#1633=CIRCLE('',#4594,0.360001506455);
#1634=CIRCLE('',#4597,0.360001506455);
#1635=CIRCLE('',#4600,0.360001506455);
#1636=CIRCLE('',#4603,0.360001506455);
#1637=CIRCLE('',#4606,0.360001506455);
#1638=CIRCLE('',#4609,0.360001506455);
#1639=CIRCLE('',#4612,0.360001506454);
#1640=CIRCLE('',#4615,0.360001506454);
#1641=CIRCLE('',#4618,0.360001506454);
#1642=CIRCLE('',#4621,0.360001506454);
#1643=CIRCLE('',#4624,0.360001506454);
#1644=CIRCLE('',#4627,0.360001506454);
#1645=CIRCLE('',#4630,0.360001506454);
#1646=CIRCLE('',#4633,0.360001506454);
#1647=CIRCLE('',#4636,0.360001506454);
#1648=CIRCLE('',#4639,0.360001506454);
#1649=CIRCLE('',#4642,0.360001506455);
#1650=CIRCLE('',#4645,0.360001506455);
#1651=CIRCLE('',#4648,0.360001506455);
#1652=CIRCLE('',#4651,0.360001506455);
#1653=CIRCLE('',#4654,0.360001506455);
#1654=CIRCLE('',#4657,0.360001506455);
#1655=CIRCLE('',#4660,0.360001506454);
#1656=CIRCLE('',#4663,0.360001506454);
#1657=CIRCLE('',#4666,0.360001506455);
#1658=CIRCLE('',#4669,0.360001506455);
#1659=CIRCLE('',#4672,0.360001506455);
#1660=CIRCLE('',#4675,0.360001506455);
#1661=CIRCLE('',#4678,0.999999252925);
#1662=CIRCLE('',#4681,0.999999252925);
#1663=CIRCLE('',#4684,0.500001333575);
#1664=CIRCLE('',#4686,0.500001333575);
#1665=CIRCLE('',#4689,0.999999252925);
#1666=CIRCLE('',#4692,0.999999252925);
#1667=CIRCLE('',#4695,0.999999252925);
#1668=CIRCLE('',#4698,0.999999252925);
#1669=CIRCLE('',#4701,0.999999252925);
#1670=CIRCLE('',#4704,0.999999252925);
#1671=CIRCLE('',#4707,0.999999252925);
#1672=CIRCLE('',#4710,0.999999252925);
#1673=CIRCLE('',#4714,0.999999252925);
#1674=CIRCLE('',#4717,0.999999252925);
#1675=CIRCLE('',#4720,0.500000000000007);
#1676=CIRCLE('',#4722,0.999999999999996);
#1677=CIRCLE('',#4725,0.999999999999996);
#1678=CIRCLE('',#4727,0.500002369201695);
#1679=CIRCLE('',#4730,0.999999252925);
#1680=CIRCLE('',#4731,0.999999252925);
#1681=CIRCLE('',#4732,0.999999252925);
#1682=CIRCLE('',#4733,5.000000766444);
#1683=CIRCLE('',#4734,1.00009920947);
#1684=CIRCLE('',#4735,0.999907387583);
#1685=CIRCLE('',#4736,1.000084935963);
#1686=CIRCLE('',#4737,5.000058624462);
#1687=CIRCLE('',#4738,1.00000151246785);
#1688=CIRCLE('',#4739,0.999999999999996);
#1689=CIRCLE('',#4740,0.999999999999996);
#1690=CIRCLE('',#4741,0.999999252925);
#1691=CIRCLE('',#4742,0.999999252925);
#1692=CIRCLE('',#4743,1.1);
#1693=CIRCLE('',#4744,0.360001506455);
#1694=CIRCLE('',#4745,0.360001506455);
#1695=CIRCLE('',#4746,0.360001506454);
#1696=CIRCLE('',#4747,0.360001506454);
#1697=CIRCLE('',#4748,0.360001506454);
#1698=CIRCLE('',#4749,0.360001506454);
#1699=CIRCLE('',#4750,0.360001506455);
#1700=CIRCLE('',#4751,0.360001506455);
#1701=CIRCLE('',#4752,0.360001506455);
#1702=CIRCLE('',#4753,0.360001506455);
#1703=CIRCLE('',#4754,0.360001506454);
#1704=CIRCLE('',#4755,0.360001506454);
#1705=CIRCLE('',#4756,0.360001506454);
#1706=CIRCLE('',#4757,0.360001506454);
#1707=CIRCLE('',#4758,1.1);
#1708=CIRCLE('',#4759,0.360001506454);
#1709=CIRCLE('',#4760,0.360001506454);
#1710=CIRCLE('',#4761,0.360001506454);
#1711=CIRCLE('',#4762,0.360001506454);
#1712=CIRCLE('',#4763,0.360001506454);
#1713=CIRCLE('',#4764,0.360001506454);
#1714=CIRCLE('',#4765,0.360001506454);
#1715=CIRCLE('',#4766,0.360001506454);
#1716=CIRCLE('',#4767,0.360001506455);
#1717=CIRCLE('',#4768,0.360001506455);
#1718=CIRCLE('',#4769,1.1);
#1719=CIRCLE('',#4770,0.360001506455);
#1720=CIRCLE('',#4771,0.360001506455);
#1721=CIRCLE('',#4772,0.360001506454);
#1722=CIRCLE('',#4773,0.360001506454);
#1723=CIRCLE('',#4774,0.360001506454);
#1724=CIRCLE('',#4775,0.360001506454);
#1725=CIRCLE('',#4776,1.1);
#1726=CIRCLE('',#4777,0.360001506454);
#1727=CIRCLE('',#4778,0.360001506454);
#1728=CIRCLE('',#4779,0.360001506454);
#1729=CIRCLE('',#4780,0.360001506454);
#1730=CIRCLE('',#4781,1.1);
#1731=CIRCLE('',#4782,0.359999449958);
#1732=CIRCLE('',#4783,0.359999449958);
#1733=CIRCLE('',#4784,0.36000313088);
#1734=CIRCLE('',#4785,0.36000313088);
#1735=VERTEX_POINT('',#6210);
#1736=VERTEX_POINT('',#6211);
#1737=VERTEX_POINT('',#6213);
#1738=VERTEX_POINT('',#6215);
#1739=VERTEX_POINT('',#6217);
#1740=VERTEX_POINT('',#6219);
#1741=VERTEX_POINT('',#6221);
#1742=VERTEX_POINT('',#6223);
#1743=VERTEX_POINT('',#6225);
#1744=VERTEX_POINT('',#6227);
#1745=VERTEX_POINT('',#6229);
#1746=VERTEX_POINT('',#6231);
#1747=VERTEX_POINT('',#6233);
#1748=VERTEX_POINT('',#6235);
#1749=VERTEX_POINT('',#6237);
#1750=VERTEX_POINT('',#6239);
#1751=VERTEX_POINT('',#6241);
#1752=VERTEX_POINT('',#6243);
#1753=VERTEX_POINT('',#6245);
#1754=VERTEX_POINT('',#6247);
#1755=VERTEX_POINT('',#6249);
#1756=VERTEX_POINT('',#6251);
#1757=VERTEX_POINT('',#6253);
#1758=VERTEX_POINT('',#6255);
#1759=VERTEX_POINT('',#6257);
#1760=VERTEX_POINT('',#6259);
#1761=VERTEX_POINT('',#6261);
#1762=VERTEX_POINT('',#6263);
#1763=VERTEX_POINT('',#6265);
#1764=VERTEX_POINT('',#6267);
#1765=VERTEX_POINT('',#6269);
#1766=VERTEX_POINT('',#6271);
#1767=VERTEX_POINT('',#6273);
#1768=VERTEX_POINT('',#6275);
#1769=VERTEX_POINT('',#6277);
#1770=VERTEX_POINT('',#6279);
#1771=VERTEX_POINT('',#6281);
#1772=VERTEX_POINT('',#6283);
#1773=VERTEX_POINT('',#6285);
#1774=VERTEX_POINT('',#6287);
#1775=VERTEX_POINT('',#6289);
#1776=VERTEX_POINT('',#6291);
#1777=VERTEX_POINT('',#6293);
#1778=VERTEX_POINT('',#6295);
#1779=VERTEX_POINT('',#6297);
#1780=VERTEX_POINT('',#6299);
#1781=VERTEX_POINT('',#6301);
#1782=VERTEX_POINT('',#6303);
#1783=VERTEX_POINT('',#6305);
#1784=VERTEX_POINT('',#6307);
#1785=VERTEX_POINT('',#6309);
#1786=VERTEX_POINT('',#6311);
#1787=VERTEX_POINT('',#6313);
#1788=VERTEX_POINT('',#6315);
#1789=VERTEX_POINT('',#6317);
#1790=VERTEX_POINT('',#6319);
#1791=VERTEX_POINT('',#6321);
#1792=VERTEX_POINT('',#6323);
#1793=VERTEX_POINT('',#6325);
#1794=VERTEX_POINT('',#6328);
#1795=VERTEX_POINT('',#6330);
#1796=VERTEX_POINT('',#6331);
#1797=VERTEX_POINT('',#6333);
#1798=VERTEX_POINT('',#6335);
#1799=VERTEX_POINT('',#6337);
#1800=VERTEX_POINT('',#6339);
#1801=VERTEX_POINT('',#6341);
#1802=VERTEX_POINT('',#6343);
#1803=VERTEX_POINT('',#6346);
#1804=VERTEX_POINT('',#6347);
#1805=VERTEX_POINT('',#6349);
#1806=VERTEX_POINT('',#6351);
#1807=VERTEX_POINT('',#6353);
#1808=VERTEX_POINT('',#6355);
#1809=VERTEX_POINT('',#6357);
#1810=VERTEX_POINT('',#6359);
#1811=VERTEX_POINT('',#6362);
#1812=VERTEX_POINT('',#6363);
#1813=VERTEX_POINT('',#6365);
#1814=VERTEX_POINT('',#6367);
#1815=VERTEX_POINT('',#6369);
#1816=VERTEX_POINT('',#6371);
#1817=VERTEX_POINT('',#6373);
#1818=VERTEX_POINT('',#6375);
#1819=VERTEX_POINT('',#6378);
#1820=VERTEX_POINT('',#6379);
#1821=VERTEX_POINT('',#6381);
#1822=VERTEX_POINT('',#6383);
#1823=VERTEX_POINT('',#6385);
#1824=VERTEX_POINT('',#6387);
#1825=VERTEX_POINT('',#6389);
#1826=VERTEX_POINT('',#6391);
#1827=VERTEX_POINT('',#6394);
#1828=VERTEX_POINT('',#6395);
#1829=VERTEX_POINT('',#6397);
#1830=VERTEX_POINT('',#6399);
#1831=VERTEX_POINT('',#6401);
#1832=VERTEX_POINT('',#6403);
#1833=VERTEX_POINT('',#6405);
#1834=VERTEX_POINT('',#6407);
#1835=VERTEX_POINT('',#6410);
#1836=VERTEX_POINT('',#6411);
#1837=VERTEX_POINT('',#6413);
#1838=VERTEX_POINT('',#6415);
#1839=VERTEX_POINT('',#6417);
#1840=VERTEX_POINT('',#6419);
#1841=VERTEX_POINT('',#6421);
#1842=VERTEX_POINT('',#6423);
#1843=VERTEX_POINT('',#6426);
#1844=VERTEX_POINT('',#6427);
#1845=VERTEX_POINT('',#6429);
#1846=VERTEX_POINT('',#6431);
#1847=VERTEX_POINT('',#6433);
#1848=VERTEX_POINT('',#6435);
#1849=VERTEX_POINT('',#6437);
#1850=VERTEX_POINT('',#6439);
#1851=VERTEX_POINT('',#6442);
#1852=VERTEX_POINT('',#6444);
#1853=VERTEX_POINT('',#6445);
#1854=VERTEX_POINT('',#6447);
#1855=VERTEX_POINT('',#6449);
#1856=VERTEX_POINT('',#6451);
#1857=VERTEX_POINT('',#6453);
#1858=VERTEX_POINT('',#6455);
#1859=VERTEX_POINT('',#6457);
#1860=VERTEX_POINT('',#6460);
#1861=VERTEX_POINT('',#6461);
#1862=VERTEX_POINT('',#6463);
#1863=VERTEX_POINT('',#6465);
#1864=VERTEX_POINT('',#6467);
#1865=VERTEX_POINT('',#6469);
#1866=VERTEX_POINT('',#6471);
#1867=VERTEX_POINT('',#6473);
#1868=VERTEX_POINT('',#6476);
#1869=VERTEX_POINT('',#6477);
#1870=VERTEX_POINT('',#6479);
#1871=VERTEX_POINT('',#6481);
#1872=VERTEX_POINT('',#6483);
#1873=VERTEX_POINT('',#6485);
#1874=VERTEX_POINT('',#6487);
#1875=VERTEX_POINT('',#6489);
#1876=VERTEX_POINT('',#6492);
#1877=VERTEX_POINT('',#6493);
#1878=VERTEX_POINT('',#6495);
#1879=VERTEX_POINT('',#6497);
#1880=VERTEX_POINT('',#6499);
#1881=VERTEX_POINT('',#6501);
#1882=VERTEX_POINT('',#6503);
#1883=VERTEX_POINT('',#6505);
#1884=VERTEX_POINT('',#6508);
#1885=VERTEX_POINT('',#6509);
#1886=VERTEX_POINT('',#6511);
#1887=VERTEX_POINT('',#6513);
#1888=VERTEX_POINT('',#6515);
#1889=VERTEX_POINT('',#6517);
#1890=VERTEX_POINT('',#6519);
#1891=VERTEX_POINT('',#6521);
#1892=VERTEX_POINT('',#6524);
#1893=VERTEX_POINT('',#6526);
#1894=VERTEX_POINT('',#6527);
#1895=VERTEX_POINT('',#6529);
#1896=VERTEX_POINT('',#6531);
#1897=VERTEX_POINT('',#6533);
#1898=VERTEX_POINT('',#6535);
#1899=VERTEX_POINT('',#6537);
#1900=VERTEX_POINT('',#6539);
#1901=VERTEX_POINT('',#6542);
#1902=VERTEX_POINT('',#6543);
#1903=VERTEX_POINT('',#6545);
#1904=VERTEX_POINT('',#6547);
#1905=VERTEX_POINT('',#6549);
#1906=VERTEX_POINT('',#6551);
#1907=VERTEX_POINT('',#6553);
#1908=VERTEX_POINT('',#6555);
#1909=VERTEX_POINT('',#6558);
#1910=VERTEX_POINT('',#6559);
#1911=VERTEX_POINT('',#6561);
#1912=VERTEX_POINT('',#6563);
#1913=VERTEX_POINT('',#6565);
#1914=VERTEX_POINT('',#6567);
#1915=VERTEX_POINT('',#6569);
#1916=VERTEX_POINT('',#6571);
#1917=VERTEX_POINT('',#6574);
#1918=VERTEX_POINT('',#6576);
#1919=VERTEX_POINT('',#6577);
#1920=VERTEX_POINT('',#6579);
#1921=VERTEX_POINT('',#6581);
#1922=VERTEX_POINT('',#6583);
#1923=VERTEX_POINT('',#6585);
#1924=VERTEX_POINT('',#6587);
#1925=VERTEX_POINT('',#6589);
#1926=VERTEX_POINT('',#6592);
#1927=VERTEX_POINT('',#6593);
#1928=VERTEX_POINT('',#6595);
#1929=VERTEX_POINT('',#6597);
#1930=VERTEX_POINT('',#6599);
#1931=VERTEX_POINT('',#6601);
#1932=VERTEX_POINT('',#6603);
#1933=VERTEX_POINT('',#6605);
#1934=VERTEX_POINT('',#6608);
#1935=VERTEX_POINT('',#6610);
#1936=VERTEX_POINT('',#6611);
#1937=VERTEX_POINT('',#6613);
#1938=VERTEX_POINT('',#6615);
#1939=VERTEX_POINT('',#6617);
#1940=VERTEX_POINT('',#6619);
#1941=VERTEX_POINT('',#6621);
#1942=VERTEX_POINT('',#6623);
#1943=VERTEX_POINT('',#6626);
#1944=VERTEX_POINT('',#6627);
#1945=VERTEX_POINT('',#6629);
#1946=VERTEX_POINT('',#6631);
#1947=VERTEX_POINT('',#6633);
#1948=VERTEX_POINT('',#6635);
#1949=VERTEX_POINT('',#6637);
#1950=VERTEX_POINT('',#6639);
#1951=VERTEX_POINT('',#6643);
#1952=VERTEX_POINT('',#6645);
#1953=VERTEX_POINT('',#6649);
#1954=VERTEX_POINT('',#6653);
#1955=VERTEX_POINT('',#6657);
#1956=VERTEX_POINT('',#6661);
#1957=VERTEX_POINT('',#6663);
#1958=VERTEX_POINT('',#6667);
#1959=VERTEX_POINT('',#6671);
#1960=VERTEX_POINT('',#6675);
#1961=VERTEX_POINT('',#6679);
#1962=VERTEX_POINT('',#6681);
#1963=VERTEX_POINT('',#6685);
#1964=VERTEX_POINT('',#6689);
#1965=VERTEX_POINT('',#6693);
#1966=VERTEX_POINT('',#6697);
#1967=VERTEX_POINT('',#6699);
#1968=VERTEX_POINT('',#6703);
#1969=VERTEX_POINT('',#6707);
#1970=VERTEX_POINT('',#6711);
#1971=VERTEX_POINT('',#6715);
#1972=VERTEX_POINT('',#6717);
#1973=VERTEX_POINT('',#6721);
#1974=VERTEX_POINT('',#6725);
#1975=VERTEX_POINT('',#6729);
#1976=VERTEX_POINT('',#6733);
#1977=VERTEX_POINT('',#6735);
#1978=VERTEX_POINT('',#6739);
#1979=VERTEX_POINT('',#6743);
#1980=VERTEX_POINT('',#6747);
#1981=VERTEX_POINT('',#6751);
#1982=VERTEX_POINT('',#6753);
#1983=VERTEX_POINT('',#6757);
#1984=VERTEX_POINT('',#6761);
#1985=VERTEX_POINT('',#6765);
#1986=VERTEX_POINT('',#6769);
#1987=VERTEX_POINT('',#6771);
#1988=VERTEX_POINT('',#6775);
#1989=VERTEX_POINT('',#6779);
#1990=VERTEX_POINT('',#6783);
#1991=VERTEX_POINT('',#6787);
#1992=VERTEX_POINT('',#6789);
#1993=VERTEX_POINT('',#6793);
#1994=VERTEX_POINT('',#6797);
#1995=VERTEX_POINT('',#6801);
#1996=VERTEX_POINT('',#6805);
#1997=VERTEX_POINT('',#6807);
#1998=VERTEX_POINT('',#6811);
#1999=VERTEX_POINT('',#6815);
#2000=VERTEX_POINT('',#6819);
#2001=VERTEX_POINT('',#6823);
#2002=VERTEX_POINT('',#6825);
#2003=VERTEX_POINT('',#6829);
#2004=VERTEX_POINT('',#6833);
#2005=VERTEX_POINT('',#6837);
#2006=VERTEX_POINT('',#6841);
#2007=VERTEX_POINT('',#6843);
#2008=VERTEX_POINT('',#6847);
#2009=VERTEX_POINT('',#6851);
#2010=VERTEX_POINT('',#6855);
#2011=VERTEX_POINT('',#6859);
#2012=VERTEX_POINT('',#6861);
#2013=VERTEX_POINT('',#6865);
#2014=VERTEX_POINT('',#6869);
#2015=VERTEX_POINT('',#6873);
#2016=VERTEX_POINT('',#6877);
#2017=VERTEX_POINT('',#6879);
#2018=VERTEX_POINT('',#6883);
#2019=VERTEX_POINT('',#6887);
#2020=VERTEX_POINT('',#6891);
#2021=VERTEX_POINT('',#6895);
#2022=VERTEX_POINT('',#6897);
#2023=VERTEX_POINT('',#6901);
#2024=VERTEX_POINT('',#6905);
#2025=VERTEX_POINT('',#6909);
#2026=VERTEX_POINT('',#6913);
#2027=VERTEX_POINT('',#6915);
#2028=VERTEX_POINT('',#6919);
#2029=VERTEX_POINT('',#6923);
#2030=VERTEX_POINT('',#6927);
#2031=VERTEX_POINT('',#6931);
#2032=VERTEX_POINT('',#6933);
#2033=VERTEX_POINT('',#6937);
#2034=VERTEX_POINT('',#6941);
#2035=VERTEX_POINT('',#6945);
#2036=VERTEX_POINT('',#6949);
#2037=VERTEX_POINT('',#6951);
#2038=VERTEX_POINT('',#6955);
#2039=VERTEX_POINT('',#6959);
#2040=VERTEX_POINT('',#6963);
#2041=VERTEX_POINT('',#6967);
#2042=VERTEX_POINT('',#6969);
#2043=VERTEX_POINT('',#6973);
#2044=VERTEX_POINT('',#6977);
#2045=VERTEX_POINT('',#6981);
#2046=VERTEX_POINT('',#6985);
#2047=VERTEX_POINT('',#6987);
#2048=VERTEX_POINT('',#6991);
#2049=VERTEX_POINT('',#6995);
#2050=VERTEX_POINT('',#6999);
#2051=VERTEX_POINT('',#7003);
#2052=VERTEX_POINT('',#7007);
#2053=VERTEX_POINT('',#7011);
#2054=VERTEX_POINT('',#7015);
#2055=VERTEX_POINT('',#7019);
#2056=VERTEX_POINT('',#7023);
#2057=VERTEX_POINT('',#7027);
#2058=VERTEX_POINT('',#7031);
#2059=VERTEX_POINT('',#7035);
#2060=VERTEX_POINT('',#7039);
#2061=VERTEX_POINT('',#7043);
#2062=VERTEX_POINT('',#7047);
#2063=VERTEX_POINT('',#7051);
#2064=VERTEX_POINT('',#7055);
#2065=VERTEX_POINT('',#7059);
#2066=VERTEX_POINT('',#7063);
#2067=VERTEX_POINT('',#7067);
#2068=VERTEX_POINT('',#7071);
#2069=VERTEX_POINT('',#7075);
#2070=VERTEX_POINT('',#7079);
#2071=VERTEX_POINT('',#7083);
#2072=VERTEX_POINT('',#7087);
#2073=VERTEX_POINT('',#7091);
#2074=VERTEX_POINT('',#7095);
#2075=VERTEX_POINT('',#7099);
#2076=VERTEX_POINT('',#7103);
#2077=VERTEX_POINT('',#7107);
#2078=VERTEX_POINT('',#7111);
#2079=VERTEX_POINT('',#7115);
#2080=VERTEX_POINT('',#7119);
#2081=VERTEX_POINT('',#7123);
#2082=VERTEX_POINT('',#7125);
#2083=VERTEX_POINT('',#7127);
#2084=VERTEX_POINT('',#7129);
#2085=VERTEX_POINT('',#7131);
#2086=VERTEX_POINT('',#7133);
#2087=VERTEX_POINT('',#7135);
#2088=VERTEX_POINT('',#7137);
#2089=VERTEX_POINT('',#7139);
#2090=VERTEX_POINT('',#7141);
#2091=VERTEX_POINT('',#7143);
#2092=VERTEX_POINT('',#7145);
#2093=VERTEX_POINT('',#7147);
#2094=VERTEX_POINT('',#7149);
#2095=VERTEX_POINT('',#7151);
#2096=VERTEX_POINT('',#7153);
#2097=VERTEX_POINT('',#7155);
#2098=VERTEX_POINT('',#7157);
#2099=VERTEX_POINT('',#7159);
#2100=VERTEX_POINT('',#7161);
#2101=VERTEX_POINT('',#7163);
#2102=VERTEX_POINT('',#7165);
#2103=VERTEX_POINT('',#7167);
#2104=VERTEX_POINT('',#7169);
#2105=VERTEX_POINT('',#7172);
#2106=VERTEX_POINT('',#7174);
#2107=VERTEX_POINT('',#7176);
#2108=VERTEX_POINT('',#7178);
#2109=VERTEX_POINT('',#7181);
#2110=VERTEX_POINT('',#7183);
#2111=VERTEX_POINT('',#7185);
#2112=VERTEX_POINT('',#7188);
#2113=VERTEX_POINT('',#7190);
#2114=VERTEX_POINT('',#7192);
#2115=VERTEX_POINT('',#7195);
#2116=VERTEX_POINT('',#7197);
#2117=VERTEX_POINT('',#7199);
#2118=VERTEX_POINT('',#7202);
#2119=VERTEX_POINT('',#7204);
#2120=VERTEX_POINT('',#7206);
#2121=VERTEX_POINT('',#7209);
#2122=VERTEX_POINT('',#7211);
#2123=VERTEX_POINT('',#7213);
#2124=VERTEX_POINT('',#7216);
#2125=VERTEX_POINT('',#7218);
#2126=VERTEX_POINT('',#7220);
#2127=VERTEX_POINT('',#7223);
#2128=VERTEX_POINT('',#7225);
#2129=VERTEX_POINT('',#7227);
#2130=VERTEX_POINT('',#7229);
#2131=VERTEX_POINT('',#7232);
#2132=VERTEX_POINT('',#7234);
#2133=VERTEX_POINT('',#7236);
#2134=VERTEX_POINT('',#7239);
#2135=VERTEX_POINT('',#7241);
#2136=VERTEX_POINT('',#7243);
#2137=VERTEX_POINT('',#7246);
#2138=VERTEX_POINT('',#7248);
#2139=VERTEX_POINT('',#7250);
#2140=VERTEX_POINT('',#7253);
#2141=VERTEX_POINT('',#7255);
#2142=VERTEX_POINT('',#7257);
#2143=VERTEX_POINT('',#7260);
#2144=VERTEX_POINT('',#7262);
#2145=VERTEX_POINT('',#7264);
#2146=VERTEX_POINT('',#7266);
#2147=VERTEX_POINT('',#7269);
#2148=VERTEX_POINT('',#7271);
#2149=VERTEX_POINT('',#7273);
#2150=VERTEX_POINT('',#7276);
#2151=VERTEX_POINT('',#7278);
#2152=VERTEX_POINT('',#7280);
#2153=VERTEX_POINT('',#7283);
#2154=VERTEX_POINT('',#7285);
#2155=VERTEX_POINT('',#7287);
#2156=VERTEX_POINT('',#7289);
#2157=VERTEX_POINT('',#7292);
#2158=VERTEX_POINT('',#7294);
#2159=VERTEX_POINT('',#7296);
#2160=VERTEX_POINT('',#7299);
#2161=VERTEX_POINT('',#7301);
#2162=VERTEX_POINT('',#7303);
#2163=VERTEX_POINT('',#7305);
#2164=VERTEX_POINT('',#7308);
#2165=VERTEX_POINT('',#7310);
#2166=VERTEX_POINT('',#7312);
#2167=EDGE_CURVE('',#1735,#1736,#1511,.T.);
#2168=EDGE_CURVE('',#1737,#1735,#663,.T.);
#2169=EDGE_CURVE('',#1738,#1737,#1512,.T.);
#2170=EDGE_CURVE('',#1739,#1738,#664,.T.);
#2171=EDGE_CURVE('',#1740,#1739,#1513,.T.);
#2172=EDGE_CURVE('',#1741,#1740,#665,.T.);
#2173=EDGE_CURVE('',#1742,#1741,#666,.T.);
#2174=EDGE_CURVE('',#1743,#1742,#1514,.T.);
#2175=EDGE_CURVE('',#1744,#1743,#667,.T.);
#2176=EDGE_CURVE('',#1745,#1744,#1515,.T.);
#2177=EDGE_CURVE('',#1746,#1745,#668,.T.);
#2178=EDGE_CURVE('',#1747,#1746,#1516,.T.);
#2179=EDGE_CURVE('',#1748,#1747,#669,.T.);
#2180=EDGE_CURVE('',#1749,#1748,#1517,.T.);
#2181=EDGE_CURVE('',#1750,#1749,#670,.T.);
#2182=EDGE_CURVE('',#1751,#1750,#1518,.T.);
#2183=EDGE_CURVE('',#1752,#1751,#671,.T.);
#2184=EDGE_CURVE('',#1753,#1752,#1519,.T.);
#2185=EDGE_CURVE('',#1754,#1753,#672,.T.);
#2186=EDGE_CURVE('',#1755,#1754,#1520,.T.);
#2187=EDGE_CURVE('',#1756,#1755,#673,.T.);
#2188=EDGE_CURVE('',#1757,#1756,#1521,.T.);
#2189=EDGE_CURVE('',#1758,#1757,#674,.T.);
#2190=EDGE_CURVE('',#1759,#1758,#1522,.T.);
#2191=EDGE_CURVE('',#1760,#1759,#1523,.T.);
#2192=EDGE_CURVE('',#1761,#1760,#675,.T.);
#2193=EDGE_CURVE('',#1762,#1761,#1524,.T.);
#2194=EDGE_CURVE('',#1763,#1762,#676,.T.);
#2195=EDGE_CURVE('',#1764,#1763,#1525,.T.);
#2196=EDGE_CURVE('',#1765,#1764,#677,.T.);
#2197=EDGE_CURVE('',#1766,#1765,#1526,.T.);
#2198=EDGE_CURVE('',#1767,#1766,#678,.T.);
#2199=EDGE_CURVE('',#1768,#1767,#1527,.T.);
#2200=EDGE_CURVE('',#1769,#1768,#679,.T.);
#2201=EDGE_CURVE('',#1770,#1769,#1528,.T.);
#2202=EDGE_CURVE('',#1771,#1770,#680,.T.);
#2203=EDGE_CURVE('',#1772,#1771,#1529,.T.);
#2204=EDGE_CURVE('',#1773,#1772,#681,.T.);
#2205=EDGE_CURVE('',#1774,#1773,#1530,.T.);
#2206=EDGE_CURVE('',#1775,#1774,#682,.T.);
#2207=EDGE_CURVE('',#1776,#1775,#1531,.T.);
#2208=EDGE_CURVE('',#1777,#1776,#683,.T.);
#2209=EDGE_CURVE('',#1778,#1777,#1532,.T.);
#2210=EDGE_CURVE('',#1779,#1778,#684,.T.);
#2211=EDGE_CURVE('',#1780,#1779,#1533,.T.);
#2212=EDGE_CURVE('',#1781,#1780,#685,.T.);
#2213=EDGE_CURVE('',#1782,#1781,#1534,.T.);
#2214=EDGE_CURVE('',#1783,#1782,#686,.T.);
#2215=EDGE_CURVE('',#1784,#1783,#1535,.T.);
#2216=EDGE_CURVE('',#1785,#1784,#687,.T.);
#2217=EDGE_CURVE('',#1786,#1785,#1536,.T.);
#2218=EDGE_CURVE('',#1787,#1786,#1537,.T.);
#2219=EDGE_CURVE('',#1788,#1787,#688,.T.);
#2220=EDGE_CURVE('',#1789,#1788,#1538,.T.);
#2221=EDGE_CURVE('',#1790,#1789,#689,.T.);
#2222=EDGE_CURVE('',#1791,#1790,#1539,.T.);
#2223=EDGE_CURVE('',#1792,#1791,#1540,.T.);
#2224=EDGE_CURVE('',#1793,#1792,#690,.T.);
#2225=EDGE_CURVE('',#1736,#1793,#1541,.T.);
#2226=EDGE_CURVE('',#1794,#1794,#1542,.T.);
#2227=EDGE_CURVE('',#1795,#1796,#1543,.T.);
#2228=EDGE_CURVE('',#1797,#1795,#691,.T.);
#2229=EDGE_CURVE('',#1798,#1797,#1544,.T.);
#2230=EDGE_CURVE('',#1799,#1798,#692,.T.);
#2231=EDGE_CURVE('',#1800,#1799,#1545,.T.);
#2232=EDGE_CURVE('',#1801,#1800,#693,.T.);
#2233=EDGE_CURVE('',#1802,#1801,#1546,.T.);
#2234=EDGE_CURVE('',#1796,#1802,#694,.T.);
#2235=EDGE_CURVE('',#1803,#1804,#1547,.T.);
#2236=EDGE_CURVE('',#1805,#1803,#695,.T.);
#2237=EDGE_CURVE('',#1806,#1805,#1548,.T.);
#2238=EDGE_CURVE('',#1807,#1806,#696,.T.);
#2239=EDGE_CURVE('',#1808,#1807,#1549,.T.);
#2240=EDGE_CURVE('',#1809,#1808,#697,.T.);
#2241=EDGE_CURVE('',#1810,#1809,#1550,.T.);
#2242=EDGE_CURVE('',#1804,#1810,#698,.T.);
#2243=EDGE_CURVE('',#1811,#1812,#1551,.T.);
#2244=EDGE_CURVE('',#1813,#1811,#699,.T.);
#2245=EDGE_CURVE('',#1814,#1813,#1552,.T.);
#2246=EDGE_CURVE('',#1815,#1814,#700,.T.);
#2247=EDGE_CURVE('',#1816,#1815,#1553,.T.);
#2248=EDGE_CURVE('',#1817,#1816,#701,.T.);
#2249=EDGE_CURVE('',#1818,#1817,#1554,.T.);
#2250=EDGE_CURVE('',#1812,#1818,#702,.T.);
#2251=EDGE_CURVE('',#1819,#1820,#1555,.T.);
#2252=EDGE_CURVE('',#1821,#1819,#703,.T.);
#2253=EDGE_CURVE('',#1822,#1821,#1556,.T.);
#2254=EDGE_CURVE('',#1823,#1822,#704,.T.);
#2255=EDGE_CURVE('',#1824,#1823,#1557,.T.);
#2256=EDGE_CURVE('',#1825,#1824,#705,.T.);
#2257=EDGE_CURVE('',#1826,#1825,#1558,.T.);
#2258=EDGE_CURVE('',#1820,#1826,#706,.T.);
#2259=EDGE_CURVE('',#1827,#1828,#1559,.T.);
#2260=EDGE_CURVE('',#1829,#1827,#707,.T.);
#2261=EDGE_CURVE('',#1830,#1829,#1560,.T.);
#2262=EDGE_CURVE('',#1831,#1830,#708,.T.);
#2263=EDGE_CURVE('',#1832,#1831,#1561,.T.);
#2264=EDGE_CURVE('',#1833,#1832,#709,.T.);
#2265=EDGE_CURVE('',#1834,#1833,#1562,.T.);
#2266=EDGE_CURVE('',#1828,#1834,#710,.T.);
#2267=EDGE_CURVE('',#1835,#1836,#1563,.T.);
#2268=EDGE_CURVE('',#1837,#1835,#711,.T.);
#2269=EDGE_CURVE('',#1838,#1837,#1564,.T.);
#2270=EDGE_CURVE('',#1839,#1838,#712,.T.);
#2271=EDGE_CURVE('',#1840,#1839,#1565,.T.);
#2272=EDGE_CURVE('',#1841,#1840,#713,.T.);
#2273=EDGE_CURVE('',#1842,#1841,#1566,.T.);
#2274=EDGE_CURVE('',#1836,#1842,#714,.T.);
#2275=EDGE_CURVE('',#1843,#1844,#1567,.T.);
#2276=EDGE_CURVE('',#1845,#1843,#715,.T.);
#2277=EDGE_CURVE('',#1846,#1845,#1568,.T.);
#2278=EDGE_CURVE('',#1847,#1846,#716,.T.);
#2279=EDGE_CURVE('',#1848,#1847,#1569,.T.);
#2280=EDGE_CURVE('',#1849,#1848,#717,.T.);
#2281=EDGE_CURVE('',#1850,#1849,#1570,.T.);
#2282=EDGE_CURVE('',#1844,#1850,#718,.T.);
#2283=EDGE_CURVE('',#1851,#1851,#1571,.T.);
#2284=EDGE_CURVE('',#1852,#1853,#1572,.T.);
#2285=EDGE_CURVE('',#1854,#1852,#719,.T.);
#2286=EDGE_CURVE('',#1855,#1854,#1573,.T.);
#2287=EDGE_CURVE('',#1856,#1855,#720,.T.);
#2288=EDGE_CURVE('',#1857,#1856,#1574,.T.);
#2289=EDGE_CURVE('',#1858,#1857,#721,.T.);
#2290=EDGE_CURVE('',#1859,#1858,#1575,.T.);
#2291=EDGE_CURVE('',#1853,#1859,#722,.T.);
#2292=EDGE_CURVE('',#1860,#1861,#1576,.T.);
#2293=EDGE_CURVE('',#1862,#1860,#723,.T.);
#2294=EDGE_CURVE('',#1863,#1862,#1577,.T.);
#2295=EDGE_CURVE('',#1864,#1863,#724,.T.);
#2296=EDGE_CURVE('',#1865,#1864,#1578,.T.);
#2297=EDGE_CURVE('',#1866,#1865,#725,.T.);
#2298=EDGE_CURVE('',#1867,#1866,#1579,.T.);
#2299=EDGE_CURVE('',#1861,#1867,#726,.T.);
#2300=EDGE_CURVE('',#1868,#1869,#1580,.T.);
#2301=EDGE_CURVE('',#1870,#1868,#727,.T.);
#2302=EDGE_CURVE('',#1871,#1870,#1581,.T.);
#2303=EDGE_CURVE('',#1872,#1871,#728,.T.);
#2304=EDGE_CURVE('',#1873,#1872,#1582,.T.);
#2305=EDGE_CURVE('',#1874,#1873,#729,.T.);
#2306=EDGE_CURVE('',#1875,#1874,#1583,.T.);
#2307=EDGE_CURVE('',#1869,#1875,#730,.T.);
#2308=EDGE_CURVE('',#1876,#1877,#1584,.T.);
#2309=EDGE_CURVE('',#1878,#1876,#731,.T.);
#2310=EDGE_CURVE('',#1879,#1878,#1585,.T.);
#2311=EDGE_CURVE('',#1880,#1879,#732,.T.);
#2312=EDGE_CURVE('',#1881,#1880,#1586,.T.);
#2313=EDGE_CURVE('',#1882,#1881,#733,.T.);
#2314=EDGE_CURVE('',#1883,#1882,#1587,.T.);
#2315=EDGE_CURVE('',#1877,#1883,#734,.T.);
#2316=EDGE_CURVE('',#1884,#1885,#1588,.T.);
#2317=EDGE_CURVE('',#1886,#1884,#735,.T.);
#2318=EDGE_CURVE('',#1887,#1886,#1589,.T.);
#2319=EDGE_CURVE('',#1888,#1887,#736,.T.);
#2320=EDGE_CURVE('',#1889,#1888,#1590,.T.);
#2321=EDGE_CURVE('',#1890,#1889,#737,.T.);
#2322=EDGE_CURVE('',#1891,#1890,#1591,.T.);
#2323=EDGE_CURVE('',#1885,#1891,#738,.T.);
#2324=EDGE_CURVE('',#1892,#1892,#1592,.T.);
#2325=EDGE_CURVE('',#1893,#1894,#1593,.T.);
#2326=EDGE_CURVE('',#1895,#1893,#739,.T.);
#2327=EDGE_CURVE('',#1896,#1895,#1594,.T.);
#2328=EDGE_CURVE('',#1897,#1896,#740,.T.);
#2329=EDGE_CURVE('',#1898,#1897,#1595,.T.);
#2330=EDGE_CURVE('',#1899,#1898,#741,.T.);
#2331=EDGE_CURVE('',#1900,#1899,#1596,.T.);
#2332=EDGE_CURVE('',#1894,#1900,#742,.T.);
#2333=EDGE_CURVE('',#1901,#1902,#1597,.T.);
#2334=EDGE_CURVE('',#1903,#1901,#743,.T.);
#2335=EDGE_CURVE('',#1904,#1903,#1598,.T.);
#2336=EDGE_CURVE('',#1905,#1904,#744,.T.);
#2337=EDGE_CURVE('',#1906,#1905,#1599,.T.);
#2338=EDGE_CURVE('',#1907,#1906,#745,.T.);
#2339=EDGE_CURVE('',#1908,#1907,#1600,.T.);
#2340=EDGE_CURVE('',#1902,#1908,#746,.T.);
#2341=EDGE_CURVE('',#1909,#1910,#1601,.T.);
#2342=EDGE_CURVE('',#1911,#1909,#747,.T.);
#2343=EDGE_CURVE('',#1912,#1911,#1602,.T.);
#2344=EDGE_CURVE('',#1913,#1912,#748,.T.);
#2345=EDGE_CURVE('',#1914,#1913,#1603,.T.);
#2346=EDGE_CURVE('',#1915,#1914,#749,.T.);
#2347=EDGE_CURVE('',#1916,#1915,#1604,.T.);
#2348=EDGE_CURVE('',#1910,#1916,#750,.T.);
#2349=EDGE_CURVE('',#1917,#1917,#1605,.T.);
#2350=EDGE_CURVE('',#1918,#1919,#1606,.T.);
#2351=EDGE_CURVE('',#1920,#1918,#751,.T.);
#2352=EDGE_CURVE('',#1921,#1920,#1607,.T.);
#2353=EDGE_CURVE('',#1922,#1921,#752,.T.);
#2354=EDGE_CURVE('',#1923,#1922,#1608,.T.);
#2355=EDGE_CURVE('',#1924,#1923,#753,.T.);
#2356=EDGE_CURVE('',#1925,#1924,#1609,.T.);
#2357=EDGE_CURVE('',#1919,#1925,#754,.T.);
#2358=EDGE_CURVE('',#1926,#1927,#1610,.T.);
#2359=EDGE_CURVE('',#1928,#1926,#755,.T.);
#2360=EDGE_CURVE('',#1929,#1928,#1611,.T.);
#2361=EDGE_CURVE('',#1930,#1929,#756,.T.);
#2362=EDGE_CURVE('',#1931,#1930,#1612,.T.);
#2363=EDGE_CURVE('',#1932,#1931,#757,.T.);
#2364=EDGE_CURVE('',#1933,#1932,#1613,.T.);
#2365=EDGE_CURVE('',#1927,#1933,#758,.T.);
#2366=EDGE_CURVE('',#1934,#1934,#1614,.T.);
#2367=EDGE_CURVE('',#1935,#1936,#1615,.T.);
#2368=EDGE_CURVE('',#1937,#1935,#759,.T.);
#2369=EDGE_CURVE('',#1938,#1937,#1616,.T.);
#2370=EDGE_CURVE('',#1939,#1938,#760,.T.);
#2371=EDGE_CURVE('',#1940,#1939,#1617,.T.);
#2372=EDGE_CURVE('',#1941,#1940,#761,.T.);
#2373=EDGE_CURVE('',#1942,#1941,#1618,.T.);
#2374=EDGE_CURVE('',#1936,#1942,#762,.T.);
#2375=EDGE_CURVE('',#1943,#1944,#1619,.T.);
#2376=EDGE_CURVE('',#1945,#1943,#763,.T.);
#2377=EDGE_CURVE('',#1946,#1945,#1620,.T.);
#2378=EDGE_CURVE('',#1947,#1946,#764,.T.);
#2379=EDGE_CURVE('',#1948,#1947,#1621,.T.);
#2380=EDGE_CURVE('',#1949,#1948,#765,.T.);
#2381=EDGE_CURVE('',#1950,#1949,#1622,.T.);
#2382=EDGE_CURVE('',#1944,#1950,#766,.T.);
#2383=EDGE_CURVE('',#1951,#1947,#767,.T.);
#2384=EDGE_CURVE('',#1952,#1951,#1623,.T.);
#2385=EDGE_CURVE('',#1952,#1948,#768,.T.);
#2386=EDGE_CURVE('',#1953,#1946,#769,.T.);
#2387=EDGE_CURVE('',#1951,#1953,#770,.T.);
#2388=EDGE_CURVE('',#1954,#1945,#771,.T.);
#2389=EDGE_CURVE('',#1953,#1954,#1624,.T.);
#2390=EDGE_CURVE('',#1955,#1943,#772,.T.);
#2391=EDGE_CURVE('',#1954,#1955,#773,.T.);
#2392=EDGE_CURVE('',#1956,#1939,#774,.T.);
#2393=EDGE_CURVE('',#1957,#1956,#1625,.T.);
#2394=EDGE_CURVE('',#1957,#1940,#775,.T.);
#2395=EDGE_CURVE('',#1958,#1938,#776,.T.);
#2396=EDGE_CURVE('',#1956,#1958,#777,.T.);
#2397=EDGE_CURVE('',#1959,#1937,#778,.T.);
#2398=EDGE_CURVE('',#1958,#1959,#1626,.T.);
#2399=EDGE_CURVE('',#1960,#1935,#779,.T.);
#2400=EDGE_CURVE('',#1959,#1960,#780,.T.);
#2401=EDGE_CURVE('',#1961,#1930,#781,.T.);
#2402=EDGE_CURVE('',#1962,#1961,#1627,.T.);
#2403=EDGE_CURVE('',#1962,#1931,#782,.T.);
#2404=EDGE_CURVE('',#1963,#1929,#783,.T.);
#2405=EDGE_CURVE('',#1961,#1963,#784,.T.);
#2406=EDGE_CURVE('',#1964,#1928,#785,.T.);
#2407=EDGE_CURVE('',#1963,#1964,#1628,.T.);
#2408=EDGE_CURVE('',#1965,#1926,#786,.T.);
#2409=EDGE_CURVE('',#1964,#1965,#787,.T.);
#2410=EDGE_CURVE('',#1966,#1922,#788,.T.);
#2411=EDGE_CURVE('',#1967,#1966,#1629,.T.);
#2412=EDGE_CURVE('',#1967,#1923,#789,.T.);
#2413=EDGE_CURVE('',#1968,#1921,#790,.T.);
#2414=EDGE_CURVE('',#1966,#1968,#791,.T.);
#2415=EDGE_CURVE('',#1969,#1920,#792,.T.);
#2416=EDGE_CURVE('',#1968,#1969,#1630,.T.);
#2417=EDGE_CURVE('',#1970,#1918,#793,.T.);
#2418=EDGE_CURVE('',#1969,#1970,#794,.T.);
#2419=EDGE_CURVE('',#1971,#1913,#795,.T.);
#2420=EDGE_CURVE('',#1972,#1971,#1631,.T.);
#2421=EDGE_CURVE('',#1972,#1914,#796,.T.);
#2422=EDGE_CURVE('',#1973,#1912,#797,.T.);
#2423=EDGE_CURVE('',#1971,#1973,#798,.T.);
#2424=EDGE_CURVE('',#1974,#1911,#799,.T.);
#2425=EDGE_CURVE('',#1973,#1974,#1632,.T.);
#2426=EDGE_CURVE('',#1975,#1909,#800,.T.);
#2427=EDGE_CURVE('',#1974,#1975,#801,.T.);
#2428=EDGE_CURVE('',#1976,#1905,#802,.T.);
#2429=EDGE_CURVE('',#1977,#1976,#1633,.T.);
#2430=EDGE_CURVE('',#1977,#1906,#803,.T.);
#2431=EDGE_CURVE('',#1978,#1904,#804,.T.);
#2432=EDGE_CURVE('',#1976,#1978,#805,.T.);
#2433=EDGE_CURVE('',#1979,#1903,#806,.T.);
#2434=EDGE_CURVE('',#1978,#1979,#1634,.T.);
#2435=EDGE_CURVE('',#1980,#1901,#807,.T.);
#2436=EDGE_CURVE('',#1979,#1980,#808,.T.);
#2437=EDGE_CURVE('',#1981,#1897,#809,.T.);
#2438=EDGE_CURVE('',#1982,#1981,#1635,.T.);
#2439=EDGE_CURVE('',#1982,#1898,#810,.T.);
#2440=EDGE_CURVE('',#1983,#1896,#811,.T.);
#2441=EDGE_CURVE('',#1981,#1983,#812,.T.);
#2442=EDGE_CURVE('',#1984,#1895,#813,.T.);
#2443=EDGE_CURVE('',#1983,#1984,#1636,.T.);
#2444=EDGE_CURVE('',#1985,#1893,#814,.T.);
#2445=EDGE_CURVE('',#1984,#1985,#815,.T.);
#2446=EDGE_CURVE('',#1986,#1888,#816,.T.);
#2447=EDGE_CURVE('',#1987,#1986,#1637,.T.);
#2448=EDGE_CURVE('',#1987,#1889,#817,.T.);
#2449=EDGE_CURVE('',#1988,#1887,#818,.T.);
#2450=EDGE_CURVE('',#1986,#1988,#819,.T.);
#2451=EDGE_CURVE('',#1989,#1886,#820,.T.);
#2452=EDGE_CURVE('',#1988,#1989,#1638,.T.);
#2453=EDGE_CURVE('',#1990,#1884,#821,.T.);
#2454=EDGE_CURVE('',#1989,#1990,#822,.T.);
#2455=EDGE_CURVE('',#1991,#1880,#823,.T.);
#2456=EDGE_CURVE('',#1992,#1991,#1639,.T.);
#2457=EDGE_CURVE('',#1992,#1881,#824,.T.);
#2458=EDGE_CURVE('',#1993,#1879,#825,.T.);
#2459=EDGE_CURVE('',#1991,#1993,#826,.T.);
#2460=EDGE_CURVE('',#1994,#1878,#827,.T.);
#2461=EDGE_CURVE('',#1993,#1994,#1640,.T.);
#2462=EDGE_CURVE('',#1995,#1876,#828,.T.);
#2463=EDGE_CURVE('',#1994,#1995,#829,.T.);
#2464=EDGE_CURVE('',#1996,#1872,#830,.T.);
#2465=EDGE_CURVE('',#1997,#1996,#1641,.T.);
#2466=EDGE_CURVE('',#1997,#1873,#831,.T.);
#2467=EDGE_CURVE('',#1998,#1871,#832,.T.);
#2468=EDGE_CURVE('',#1996,#1998,#833,.T.);
#2469=EDGE_CURVE('',#1999,#1870,#834,.T.);
#2470=EDGE_CURVE('',#1998,#1999,#1642,.T.);
#2471=EDGE_CURVE('',#2000,#1868,#835,.T.);
#2472=EDGE_CURVE('',#1999,#2000,#836,.T.);
#2473=EDGE_CURVE('',#2001,#1864,#837,.T.);
#2474=EDGE_CURVE('',#2002,#2001,#1643,.T.);
#2475=EDGE_CURVE('',#2002,#1865,#838,.T.);
#2476=EDGE_CURVE('',#2003,#1863,#839,.T.);
#2477=EDGE_CURVE('',#2001,#2003,#840,.T.);
#2478=EDGE_CURVE('',#2004,#1862,#841,.T.);
#2479=EDGE_CURVE('',#2003,#2004,#1644,.T.);
#2480=EDGE_CURVE('',#2005,#1860,#842,.T.);
#2481=EDGE_CURVE('',#2004,#2005,#843,.T.);
#2482=EDGE_CURVE('',#2006,#1856,#844,.T.);
#2483=EDGE_CURVE('',#2007,#2006,#1645,.T.);
#2484=EDGE_CURVE('',#2007,#1857,#845,.T.);
#2485=EDGE_CURVE('',#2008,#1855,#846,.T.);
#2486=EDGE_CURVE('',#2006,#2008,#847,.T.);
#2487=EDGE_CURVE('',#2009,#1854,#848,.T.);
#2488=EDGE_CURVE('',#2008,#2009,#1646,.T.);
#2489=EDGE_CURVE('',#2010,#1852,#849,.T.);
#2490=EDGE_CURVE('',#2009,#2010,#850,.T.);
#2491=EDGE_CURVE('',#2011,#1847,#851,.T.);
#2492=EDGE_CURVE('',#2012,#2011,#1647,.T.);
#2493=EDGE_CURVE('',#2012,#1848,#852,.T.);
#2494=EDGE_CURVE('',#2013,#1846,#853,.T.);
#2495=EDGE_CURVE('',#2011,#2013,#854,.T.);
#2496=EDGE_CURVE('',#2014,#1845,#855,.T.);
#2497=EDGE_CURVE('',#2013,#2014,#1648,.T.);
#2498=EDGE_CURVE('',#2015,#1843,#856,.T.);
#2499=EDGE_CURVE('',#2014,#2015,#857,.T.);
#2500=EDGE_CURVE('',#2016,#1839,#858,.T.);
#2501=EDGE_CURVE('',#2017,#2016,#1649,.T.);
#2502=EDGE_CURVE('',#2017,#1840,#859,.T.);
#2503=EDGE_CURVE('',#2018,#1838,#860,.T.);
#2504=EDGE_CURVE('',#2016,#2018,#861,.T.);
#2505=EDGE_CURVE('',#2019,#1837,#862,.T.);
#2506=EDGE_CURVE('',#2018,#2019,#1650,.T.);
#2507=EDGE_CURVE('',#2020,#1835,#863,.T.);
#2508=EDGE_CURVE('',#2019,#2020,#864,.T.);
#2509=EDGE_CURVE('',#2021,#1831,#865,.T.);
#2510=EDGE_CURVE('',#2022,#2021,#1651,.T.);
#2511=EDGE_CURVE('',#2022,#1832,#866,.T.);
#2512=EDGE_CURVE('',#2023,#1830,#867,.T.);
#2513=EDGE_CURVE('',#2021,#2023,#868,.T.);
#2514=EDGE_CURVE('',#2024,#1829,#869,.T.);
#2515=EDGE_CURVE('',#2023,#2024,#1652,.T.);
#2516=EDGE_CURVE('',#2025,#1827,#870,.T.);
#2517=EDGE_CURVE('',#2024,#2025,#871,.T.);
#2518=EDGE_CURVE('',#2026,#1823,#872,.T.);
#2519=EDGE_CURVE('',#2027,#2026,#1653,.T.);
#2520=EDGE_CURVE('',#2027,#1824,#873,.T.);
#2521=EDGE_CURVE('',#2028,#1822,#874,.T.);
#2522=EDGE_CURVE('',#2026,#2028,#875,.T.);
#2523=EDGE_CURVE('',#2029,#1821,#876,.T.);
#2524=EDGE_CURVE('',#2028,#2029,#1654,.T.);
#2525=EDGE_CURVE('',#2030,#1819,#877,.T.);
#2526=EDGE_CURVE('',#2029,#2030,#878,.T.);
#2527=EDGE_CURVE('',#2031,#1815,#879,.T.);
#2528=EDGE_CURVE('',#2032,#2031,#1655,.T.);
#2529=EDGE_CURVE('',#2032,#1816,#880,.T.);
#2530=EDGE_CURVE('',#2033,#1814,#881,.T.);
#2531=EDGE_CURVE('',#2031,#2033,#882,.T.);
#2532=EDGE_CURVE('',#2034,#1813,#883,.T.);
#2533=EDGE_CURVE('',#2033,#2034,#1656,.T.);
#2534=EDGE_CURVE('',#2035,#1811,#884,.T.);
#2535=EDGE_CURVE('',#2034,#2035,#885,.T.);
#2536=EDGE_CURVE('',#2036,#1807,#886,.T.);
#2537=EDGE_CURVE('',#2037,#2036,#1657,.T.);
#2538=EDGE_CURVE('',#2037,#1808,#887,.T.);
#2539=EDGE_CURVE('',#2038,#1806,#888,.T.);
#2540=EDGE_CURVE('',#2036,#2038,#889,.T.);
#2541=EDGE_CURVE('',#2039,#1805,#890,.T.);
#2542=EDGE_CURVE('',#2038,#2039,#1658,.T.);
#2543=EDGE_CURVE('',#2040,#1803,#891,.T.);
#2544=EDGE_CURVE('',#2039,#2040,#892,.T.);
#2545=EDGE_CURVE('',#2041,#1799,#893,.T.);
#2546=EDGE_CURVE('',#2042,#2041,#1659,.T.);
#2547=EDGE_CURVE('',#2042,#1800,#894,.T.);
#2548=EDGE_CURVE('',#2043,#1798,#895,.T.);
#2549=EDGE_CURVE('',#2041,#2043,#896,.T.);
#2550=EDGE_CURVE('',#2044,#1797,#897,.T.);
#2551=EDGE_CURVE('',#2043,#2044,#1660,.T.);
#2552=EDGE_CURVE('',#2045,#1795,#898,.T.);
#2553=EDGE_CURVE('',#2044,#2045,#899,.T.);
#2554=EDGE_CURVE('',#2046,#1763,#900,.T.);
#2555=EDGE_CURVE('',#2047,#2046,#1661,.T.);
#2556=EDGE_CURVE('',#2047,#1764,#901,.T.);
#2557=EDGE_CURVE('',#2048,#1762,#902,.T.);
#2558=EDGE_CURVE('',#2046,#2048,#903,.T.);
#2559=EDGE_CURVE('',#2049,#1761,#904,.T.);
#2560=EDGE_CURVE('',#2048,#2049,#1662,.T.);
#2561=EDGE_CURVE('',#2050,#1760,#905,.T.);
#2562=EDGE_CURVE('',#2049,#2050,#906,.T.);
#2563=EDGE_CURVE('',#2051,#1759,#907,.T.);
#2564=EDGE_CURVE('',#2050,#2051,#1663,.T.);
#2565=EDGE_CURVE('',#2052,#1758,#908,.T.);
#2566=EDGE_CURVE('',#2051,#2052,#1664,.T.);
#2567=EDGE_CURVE('',#2053,#1757,#909,.T.);
#2568=EDGE_CURVE('',#2052,#2053,#910,.T.);
#2569=EDGE_CURVE('',#2054,#1756,#911,.T.);
#2570=EDGE_CURVE('',#2053,#2054,#1665,.T.);
#2571=EDGE_CURVE('',#2055,#1755,#912,.T.);
#2572=EDGE_CURVE('',#2054,#2055,#913,.T.);
#2573=EDGE_CURVE('',#2056,#1754,#914,.T.);
#2574=EDGE_CURVE('',#2055,#2056,#1666,.T.);
#2575=EDGE_CURVE('',#2057,#1753,#915,.T.);
#2576=EDGE_CURVE('',#2056,#2057,#916,.T.);
#2577=EDGE_CURVE('',#2058,#1752,#917,.T.);
#2578=EDGE_CURVE('',#2057,#2058,#1667,.T.);
#2579=EDGE_CURVE('',#2059,#1751,#918,.T.);
#2580=EDGE_CURVE('',#2058,#2059,#919,.T.);
#2581=EDGE_CURVE('',#2060,#1750,#920,.T.);
#2582=EDGE_CURVE('',#2059,#2060,#1668,.T.);
#2583=EDGE_CURVE('',#2061,#1749,#921,.T.);
#2584=EDGE_CURVE('',#2060,#2061,#922,.T.);
#2585=EDGE_CURVE('',#2062,#1748,#923,.T.);
#2586=EDGE_CURVE('',#2061,#2062,#1669,.T.);
#2587=EDGE_CURVE('',#2063,#1747,#924,.T.);
#2588=EDGE_CURVE('',#2062,#2063,#925,.T.);
#2589=EDGE_CURVE('',#2064,#1746,#926,.T.);
#2590=EDGE_CURVE('',#2063,#2064,#1670,.T.);
#2591=EDGE_CURVE('',#2065,#1745,#927,.T.);
#2592=EDGE_CURVE('',#2064,#2065,#928,.T.);
#2593=EDGE_CURVE('',#2066,#1744,#929,.T.);
#2594=EDGE_CURVE('',#2065,#2066,#1671,.T.);
#2595=EDGE_CURVE('',#2067,#1743,#930,.T.);
#2596=EDGE_CURVE('',#2066,#2067,#931,.T.);
#2597=EDGE_CURVE('',#2068,#1742,#932,.T.);
#2598=EDGE_CURVE('',#2067,#2068,#1672,.T.);
#2599=EDGE_CURVE('',#2069,#1741,#933,.T.);
#2600=EDGE_CURVE('',#2068,#2069,#934,.T.);
#2601=EDGE_CURVE('',#2070,#1740,#935,.T.);
#2602=EDGE_CURVE('',#2069,#2070,#936,.T.);
#2603=EDGE_CURVE('',#2071,#1739,#937,.T.);
#2604=EDGE_CURVE('',#2070,#2071,#1673,.T.);
#2605=EDGE_CURVE('',#2072,#1738,#938,.T.);
#2606=EDGE_CURVE('',#2071,#2072,#939,.T.);
#2607=EDGE_CURVE('',#2073,#1737,#940,.T.);
#2608=EDGE_CURVE('',#2072,#2073,#1674,.T.);
#2609=EDGE_CURVE('',#2074,#1735,#941,.T.);
#2610=EDGE_CURVE('',#2073,#2074,#942,.T.);
#2611=EDGE_CURVE('',#1736,#2075,#943,.T.);
#2612=EDGE_CURVE('',#2074,#2075,#1675,.T.);
#2613=EDGE_CURVE('',#1793,#2076,#944,.T.);
#2614=EDGE_CURVE('',#2075,#2076,#1676,.T.);
#2615=EDGE_CURVE('',#1792,#2077,#945,.T.);
#2616=EDGE_CURVE('',#2076,#2077,#946,.T.);
#2617=EDGE_CURVE('',#1791,#2078,#947,.T.);
#2618=EDGE_CURVE('',#2077,#2078,#1677,.T.);
#2619=EDGE_CURVE('',#1790,#2079,#948,.T.);
#2620=EDGE_CURVE('',#2078,#2079,#1678,.T.);
#2621=EDGE_CURVE('',#2080,#1789,#949,.T.);
#2622=EDGE_CURVE('',#2079,#2080,#950,.T.);
#2623=EDGE_CURVE('',#2080,#2081,#1679,.T.);
#2624=EDGE_CURVE('',#2081,#2082,#951,.T.);
#2625=EDGE_CURVE('',#2082,#2083,#1680,.T.);
#2626=EDGE_CURVE('',#2083,#2084,#1681,.T.);
#2627=EDGE_CURVE('',#2084,#2085,#952,.T.);
#2628=EDGE_CURVE('',#2085,#2086,#1682,.T.);
#2629=EDGE_CURVE('',#2086,#2087,#953,.T.);
#2630=EDGE_CURVE('',#2087,#2088,#1683,.T.);
#2631=EDGE_CURVE('',#2088,#2089,#954,.T.);
#2632=EDGE_CURVE('',#2089,#2090,#1684,.T.);
#2633=EDGE_CURVE('',#2090,#2091,#955,.T.);
#2634=EDGE_CURVE('',#2091,#2092,#1685,.T.);
#2635=EDGE_CURVE('',#2092,#2093,#956,.T.);
#2636=EDGE_CURVE('',#2093,#2094,#1686,.T.);
#2637=EDGE_CURVE('',#2094,#2095,#957,.T.);
#2638=EDGE_CURVE('',#2095,#2096,#1687,.T.);
#2639=EDGE_CURVE('',#2096,#2097,#958,.T.);
#2640=EDGE_CURVE('',#2097,#2098,#1688,.T.);
#2641=EDGE_CURVE('',#2098,#2099,#959,.T.);
#2642=EDGE_CURVE('',#2099,#2100,#1689,.T.);
#2643=EDGE_CURVE('',#2100,#2101,#960,.T.);
#2644=EDGE_CURVE('',#2101,#2102,#1690,.T.);
#2645=EDGE_CURVE('',#2102,#2103,#961,.T.);
#2646=EDGE_CURVE('',#2103,#2104,#1691,.T.);
#2647=EDGE_CURVE('',#2104,#2047,#962,.T.);
#2648=EDGE_CURVE('',#2105,#2105,#1692,.T.);
#2649=EDGE_CURVE('',#2045,#2106,#1693,.T.);
#2650=EDGE_CURVE('',#2106,#2107,#963,.T.);
#2651=EDGE_CURVE('',#2107,#2108,#1694,.T.);
#2652=EDGE_CURVE('',#2108,#2042,#964,.T.);
#2653=EDGE_CURVE('',#2040,#2109,#1695,.T.);
#2654=EDGE_CURVE('',#2109,#2110,#965,.T.);
#2655=EDGE_CURVE('',#2110,#2111,#1696,.T.);
#2656=EDGE_CURVE('',#2111,#2037,#966,.T.);
#2657=EDGE_CURVE('',#2035,#2112,#1697,.T.);
#2658=EDGE_CURVE('',#2112,#2113,#967,.T.);
#2659=EDGE_CURVE('',#2113,#2114,#1698,.T.);
#2660=EDGE_CURVE('',#2114,#2032,#968,.T.);
#2661=EDGE_CURVE('',#2030,#2115,#1699,.T.);
#2662=EDGE_CURVE('',#2115,#2116,#969,.T.);
#2663=EDGE_CURVE('',#2116,#2117,#1700,.T.);
#2664=EDGE_CURVE('',#2117,#2027,#970,.T.);
#2665=EDGE_CURVE('',#2025,#2118,#1701,.T.);
#2666=EDGE_CURVE('',#2118,#2119,#971,.T.);
#2667=EDGE_CURVE('',#2119,#2120,#1702,.T.);
#2668=EDGE_CURVE('',#2120,#2022,#972,.T.);
#2669=EDGE_CURVE('',#2020,#2121,#1703,.T.);
#2670=EDGE_CURVE('',#2121,#2122,#973,.T.);
#2671=EDGE_CURVE('',#2122,#2123,#1704,.T.);
#2672=EDGE_CURVE('',#2123,#2017,#974,.T.);
#2673=EDGE_CURVE('',#2015,#2124,#1705,.T.);
#2674=EDGE_CURVE('',#2124,#2125,#975,.T.);
#2675=EDGE_CURVE('',#2125,#2126,#1706,.T.);
#2676=EDGE_CURVE('',#2126,#2012,#976,.T.);
#2677=EDGE_CURVE('',#2127,#2127,#1707,.T.);
#2678=EDGE_CURVE('',#2010,#2128,#1708,.T.);
#2679=EDGE_CURVE('',#2128,#2129,#977,.T.);
#2680=EDGE_CURVE('',#2129,#2130,#1709,.T.);
#2681=EDGE_CURVE('',#2130,#2007,#978,.T.);
#2682=EDGE_CURVE('',#2005,#2131,#1710,.T.);
#2683=EDGE_CURVE('',#2131,#2132,#979,.T.);
#2684=EDGE_CURVE('',#2132,#2133,#1711,.T.);
#2685=EDGE_CURVE('',#2133,#2002,#980,.T.);
#2686=EDGE_CURVE('',#2000,#2134,#1712,.T.);
#2687=EDGE_CURVE('',#2134,#2135,#981,.T.);
#2688=EDGE_CURVE('',#2135,#2136,#1713,.T.);
#2689=EDGE_CURVE('',#2136,#1997,#982,.T.);
#2690=EDGE_CURVE('',#1995,#2137,#1714,.T.);
#2691=EDGE_CURVE('',#2137,#2138,#983,.T.);
#2692=EDGE_CURVE('',#2138,#2139,#1715,.T.);
#2693=EDGE_CURVE('',#2139,#1992,#984,.T.);
#2694=EDGE_CURVE('',#1990,#2140,#1716,.T.);
#2695=EDGE_CURVE('',#2140,#2141,#985,.T.);
#2696=EDGE_CURVE('',#2141,#2142,#1717,.T.);
#2697=EDGE_CURVE('',#2142,#1987,#986,.T.);
#2698=EDGE_CURVE('',#2143,#2143,#1718,.T.);
#2699=EDGE_CURVE('',#1985,#2144,#1719,.T.);
#2700=EDGE_CURVE('',#2144,#2145,#987,.T.);
#2701=EDGE_CURVE('',#2145,#2146,#1720,.T.);
#2702=EDGE_CURVE('',#2146,#1982,#988,.T.);
#2703=EDGE_CURVE('',#1980,#2147,#1721,.T.);
#2704=EDGE_CURVE('',#2147,#2148,#989,.T.);
#2705=EDGE_CURVE('',#2148,#2149,#1722,.T.);
#2706=EDGE_CURVE('',#2149,#1977,#990,.T.);
#2707=EDGE_CURVE('',#1975,#2150,#1723,.T.);
#2708=EDGE_CURVE('',#2150,#2151,#991,.T.);
#2709=EDGE_CURVE('',#2151,#2152,#1724,.T.);
#2710=EDGE_CURVE('',#2152,#1972,#992,.T.);
#2711=EDGE_CURVE('',#2153,#2153,#1725,.T.);
#2712=EDGE_CURVE('',#1970,#2154,#1726,.T.);
#2713=EDGE_CURVE('',#2154,#2155,#993,.T.);
#2714=EDGE_CURVE('',#2155,#2156,#1727,.T.);
#2715=EDGE_CURVE('',#2156,#1967,#994,.T.);
#2716=EDGE_CURVE('',#1965,#2157,#1728,.T.);
#2717=EDGE_CURVE('',#2157,#2158,#995,.T.);
#2718=EDGE_CURVE('',#2158,#2159,#1729,.T.);
#2719=EDGE_CURVE('',#2159,#1962,#996,.T.);
#2720=EDGE_CURVE('',#2160,#2160,#1730,.T.);
#2721=EDGE_CURVE('',#1960,#2161,#1731,.T.);
#2722=EDGE_CURVE('',#2161,#2162,#997,.T.);
#2723=EDGE_CURVE('',#2162,#2163,#1732,.T.);
#2724=EDGE_CURVE('',#2163,#1957,#998,.T.);
#2725=EDGE_CURVE('',#1955,#2164,#1733,.T.);
#2726=EDGE_CURVE('',#2164,#2165,#999,.T.);
#2727=EDGE_CURVE('',#2165,#2166,#1734,.T.);
#2728=EDGE_CURVE('',#2166,#1952,#1000,.T.);
#2729=EDGE_CURVE('',#2100,#1769,#1001,.T.);
#2730=EDGE_CURVE('',#2099,#1770,#1002,.T.);
#2731=EDGE_CURVE('',#2096,#1773,#1003,.T.);
#2732=EDGE_CURVE('',#2095,#1774,#1004,.T.);
#2733=EDGE_CURVE('',#1771,#2098,#1005,.T.);
#2734=EDGE_CURVE('',#2094,#1775,#1006,.T.);
#2735=EDGE_CURVE('',#1772,#2097,#1007,.T.);
#2736=EDGE_CURVE('',#2101,#1768,#1008,.T.);
#2737=EDGE_CURVE('',#2104,#1765,#1009,.T.);
#2738=EDGE_CURVE('',#2103,#1766,#1010,.T.);
#2739=EDGE_CURVE('',#2102,#1767,#1011,.T.);
#2740=EDGE_CURVE('',#2093,#1776,#1012,.T.);
#2741=EDGE_CURVE('',#2092,#1777,#1013,.T.);
#2742=EDGE_CURVE('',#2091,#1778,#1014,.T.);
#2743=EDGE_CURVE('',#2090,#1779,#1015,.T.);
#2744=EDGE_CURVE('',#2089,#1780,#1016,.T.);
#2745=EDGE_CURVE('',#2088,#1781,#1017,.T.);
#2746=EDGE_CURVE('',#2087,#1782,#1018,.T.);
#2747=EDGE_CURVE('',#2086,#1783,#1019,.T.);
#2748=EDGE_CURVE('',#2085,#1784,#1020,.T.);
#2749=EDGE_CURVE('',#2084,#1785,#1021,.T.);
#2750=EDGE_CURVE('',#2083,#1786,#1022,.T.);
#2751=EDGE_CURVE('',#2082,#1787,#1023,.T.);
#2752=EDGE_CURVE('',#2081,#1788,#1024,.T.);
#2753=EDGE_CURVE('',#2164,#1944,#1025,.T.);
#2754=EDGE_CURVE('',#2165,#1950,#1026,.T.);
#2755=EDGE_CURVE('',#2166,#1949,#1027,.T.);
#2756=EDGE_CURVE('',#2161,#1936,#1028,.T.);
#2757=EDGE_CURVE('',#2162,#1942,#1029,.T.);
#2758=EDGE_CURVE('',#2163,#1941,#1030,.T.);
#2759=EDGE_CURVE('',#1934,#2160,#1031,.T.);
#2760=EDGE_CURVE('',#2157,#1927,#1032,.T.);
#2761=EDGE_CURVE('',#2158,#1933,#1033,.T.);
#2762=EDGE_CURVE('',#2159,#1932,#1034,.T.);
#2763=EDGE_CURVE('',#2154,#1919,#1035,.T.);
#2764=EDGE_CURVE('',#2155,#1925,#1036,.T.);
#2765=EDGE_CURVE('',#2156,#1924,#1037,.T.);
#2766=EDGE_CURVE('',#1917,#2153,#1038,.T.);
#2767=EDGE_CURVE('',#2150,#1910,#1039,.T.);
#2768=EDGE_CURVE('',#2151,#1916,#1040,.T.);
#2769=EDGE_CURVE('',#2152,#1915,#1041,.T.);
#2770=EDGE_CURVE('',#2147,#1902,#1042,.T.);
#2771=EDGE_CURVE('',#2148,#1908,#1043,.T.);
#2772=EDGE_CURVE('',#2149,#1907,#1044,.T.);
#2773=EDGE_CURVE('',#2144,#1894,#1045,.T.);
#2774=EDGE_CURVE('',#2145,#1900,#1046,.T.);
#2775=EDGE_CURVE('',#2146,#1899,#1047,.T.);
#2776=EDGE_CURVE('',#1892,#2143,#1048,.T.);
#2777=EDGE_CURVE('',#2140,#1885,#1049,.T.);
#2778=EDGE_CURVE('',#2141,#1891,#1050,.T.);
#2779=EDGE_CURVE('',#2142,#1890,#1051,.T.);
#2780=EDGE_CURVE('',#2137,#1877,#1052,.T.);
#2781=EDGE_CURVE('',#2138,#1883,#1053,.T.);
#2782=EDGE_CURVE('',#2139,#1882,#1054,.T.);
#2783=EDGE_CURVE('',#2134,#1869,#1055,.T.);
#2784=EDGE_CURVE('',#2135,#1875,#1056,.T.);
#2785=EDGE_CURVE('',#2136,#1874,#1057,.T.);
#2786=EDGE_CURVE('',#2131,#1861,#1058,.T.);
#2787=EDGE_CURVE('',#2132,#1867,#1059,.T.);
#2788=EDGE_CURVE('',#2133,#1866,#1060,.T.);
#2789=EDGE_CURVE('',#2128,#1853,#1061,.T.);
#2790=EDGE_CURVE('',#2129,#1859,#1062,.T.);
#2791=EDGE_CURVE('',#2130,#1858,#1063,.T.);
#2792=EDGE_CURVE('',#1851,#2127,#1064,.T.);
#2793=EDGE_CURVE('',#2124,#1844,#1065,.T.);
#2794=EDGE_CURVE('',#2125,#1850,#1066,.T.);
#2795=EDGE_CURVE('',#2126,#1849,#1067,.T.);
#2796=EDGE_CURVE('',#2121,#1836,#1068,.T.);
#2797=EDGE_CURVE('',#2122,#1842,#1069,.T.);
#2798=EDGE_CURVE('',#2123,#1841,#1070,.T.);
#2799=EDGE_CURVE('',#2118,#1828,#1071,.T.);
#2800=EDGE_CURVE('',#2119,#1834,#1072,.T.);
#2801=EDGE_CURVE('',#2120,#1833,#1073,.T.);
#2802=EDGE_CURVE('',#2115,#1820,#1074,.T.);
#2803=EDGE_CURVE('',#2116,#1826,#1075,.T.);
#2804=EDGE_CURVE('',#2117,#1825,#1076,.T.);
#2805=EDGE_CURVE('',#2112,#1812,#1077,.T.);
#2806=EDGE_CURVE('',#2113,#1818,#1078,.T.);
#2807=EDGE_CURVE('',#2114,#1817,#1079,.T.);
#2808=EDGE_CURVE('',#2109,#1804,#1080,.T.);
#2809=EDGE_CURVE('',#2110,#1810,#1081,.T.);
#2810=EDGE_CURVE('',#2111,#1809,#1082,.T.);
#2811=EDGE_CURVE('',#2106,#1796,#1083,.T.);
#2812=EDGE_CURVE('',#2107,#1802,#1084,.T.);
#2813=EDGE_CURVE('',#2108,#1801,#1085,.T.);
#2814=EDGE_CURVE('',#1794,#2105,#1086,.T.);
#2815=ORIENTED_EDGE('',*,*,#2167,.F.);
#2816=ORIENTED_EDGE('',*,*,#2168,.F.);
#2817=ORIENTED_EDGE('',*,*,#2169,.F.);
#2818=ORIENTED_EDGE('',*,*,#2170,.F.);
#2819=ORIENTED_EDGE('',*,*,#2171,.F.);
#2820=ORIENTED_EDGE('',*,*,#2172,.F.);
#2821=ORIENTED_EDGE('',*,*,#2173,.F.);
#2822=ORIENTED_EDGE('',*,*,#2174,.F.);
#2823=ORIENTED_EDGE('',*,*,#2175,.F.);
#2824=ORIENTED_EDGE('',*,*,#2176,.F.);
#2825=ORIENTED_EDGE('',*,*,#2177,.F.);
#2826=ORIENTED_EDGE('',*,*,#2178,.F.);
#2827=ORIENTED_EDGE('',*,*,#2179,.F.);
#2828=ORIENTED_EDGE('',*,*,#2180,.F.);
#2829=ORIENTED_EDGE('',*,*,#2181,.F.);
#2830=ORIENTED_EDGE('',*,*,#2182,.F.);
#2831=ORIENTED_EDGE('',*,*,#2183,.F.);
#2832=ORIENTED_EDGE('',*,*,#2184,.F.);
#2833=ORIENTED_EDGE('',*,*,#2185,.F.);
#2834=ORIENTED_EDGE('',*,*,#2186,.F.);
#2835=ORIENTED_EDGE('',*,*,#2187,.F.);
#2836=ORIENTED_EDGE('',*,*,#2188,.F.);
#2837=ORIENTED_EDGE('',*,*,#2189,.F.);
#2838=ORIENTED_EDGE('',*,*,#2190,.F.);
#2839=ORIENTED_EDGE('',*,*,#2191,.F.);
#2840=ORIENTED_EDGE('',*,*,#2192,.F.);
#2841=ORIENTED_EDGE('',*,*,#2193,.F.);
#2842=ORIENTED_EDGE('',*,*,#2194,.F.);
#2843=ORIENTED_EDGE('',*,*,#2195,.F.);
#2844=ORIENTED_EDGE('',*,*,#2196,.F.);
#2845=ORIENTED_EDGE('',*,*,#2197,.F.);
#2846=ORIENTED_EDGE('',*,*,#2198,.F.);
#2847=ORIENTED_EDGE('',*,*,#2199,.F.);
#2848=ORIENTED_EDGE('',*,*,#2200,.F.);
#2849=ORIENTED_EDGE('',*,*,#2201,.F.);
#2850=ORIENTED_EDGE('',*,*,#2202,.F.);
#2851=ORIENTED_EDGE('',*,*,#2203,.F.);
#2852=ORIENTED_EDGE('',*,*,#2204,.F.);
#2853=ORIENTED_EDGE('',*,*,#2205,.F.);
#2854=ORIENTED_EDGE('',*,*,#2206,.F.);
#2855=ORIENTED_EDGE('',*,*,#2207,.F.);
#2856=ORIENTED_EDGE('',*,*,#2208,.F.);
#2857=ORIENTED_EDGE('',*,*,#2209,.F.);
#2858=ORIENTED_EDGE('',*,*,#2210,.F.);
#2859=ORIENTED_EDGE('',*,*,#2211,.F.);
#2860=ORIENTED_EDGE('',*,*,#2212,.F.);
#2861=ORIENTED_EDGE('',*,*,#2213,.F.);
#2862=ORIENTED_EDGE('',*,*,#2214,.F.);
#2863=ORIENTED_EDGE('',*,*,#2215,.F.);
#2864=ORIENTED_EDGE('',*,*,#2216,.F.);
#2865=ORIENTED_EDGE('',*,*,#2217,.F.);
#2866=ORIENTED_EDGE('',*,*,#2218,.F.);
#2867=ORIENTED_EDGE('',*,*,#2219,.F.);
#2868=ORIENTED_EDGE('',*,*,#2220,.F.);
#2869=ORIENTED_EDGE('',*,*,#2221,.F.);
#2870=ORIENTED_EDGE('',*,*,#2222,.F.);
#2871=ORIENTED_EDGE('',*,*,#2223,.F.);
#2872=ORIENTED_EDGE('',*,*,#2224,.F.);
#2873=ORIENTED_EDGE('',*,*,#2225,.F.);
#2874=ORIENTED_EDGE('',*,*,#2226,.F.);
#2875=ORIENTED_EDGE('',*,*,#2227,.F.);
#2876=ORIENTED_EDGE('',*,*,#2228,.F.);
#2877=ORIENTED_EDGE('',*,*,#2229,.F.);
#2878=ORIENTED_EDGE('',*,*,#2230,.F.);
#2879=ORIENTED_EDGE('',*,*,#2231,.F.);
#2880=ORIENTED_EDGE('',*,*,#2232,.F.);
#2881=ORIENTED_EDGE('',*,*,#2233,.F.);
#2882=ORIENTED_EDGE('',*,*,#2234,.F.);
#2883=ORIENTED_EDGE('',*,*,#2235,.F.);
#2884=ORIENTED_EDGE('',*,*,#2236,.F.);
#2885=ORIENTED_EDGE('',*,*,#2237,.F.);
#2886=ORIENTED_EDGE('',*,*,#2238,.F.);
#2887=ORIENTED_EDGE('',*,*,#2239,.F.);
#2888=ORIENTED_EDGE('',*,*,#2240,.F.);
#2889=ORIENTED_EDGE('',*,*,#2241,.F.);
#2890=ORIENTED_EDGE('',*,*,#2242,.F.);
#2891=ORIENTED_EDGE('',*,*,#2243,.F.);
#2892=ORIENTED_EDGE('',*,*,#2244,.F.);
#2893=ORIENTED_EDGE('',*,*,#2245,.F.);
#2894=ORIENTED_EDGE('',*,*,#2246,.F.);
#2895=ORIENTED_EDGE('',*,*,#2247,.F.);
#2896=ORIENTED_EDGE('',*,*,#2248,.F.);
#2897=ORIENTED_EDGE('',*,*,#2249,.F.);
#2898=ORIENTED_EDGE('',*,*,#2250,.F.);
#2899=ORIENTED_EDGE('',*,*,#2251,.F.);
#2900=ORIENTED_EDGE('',*,*,#2252,.F.);
#2901=ORIENTED_EDGE('',*,*,#2253,.F.);
#2902=ORIENTED_EDGE('',*,*,#2254,.F.);
#2903=ORIENTED_EDGE('',*,*,#2255,.F.);
#2904=ORIENTED_EDGE('',*,*,#2256,.F.);
#2905=ORIENTED_EDGE('',*,*,#2257,.F.);
#2906=ORIENTED_EDGE('',*,*,#2258,.F.);
#2907=ORIENTED_EDGE('',*,*,#2259,.F.);
#2908=ORIENTED_EDGE('',*,*,#2260,.F.);
#2909=ORIENTED_EDGE('',*,*,#2261,.F.);
#2910=ORIENTED_EDGE('',*,*,#2262,.F.);
#2911=ORIENTED_EDGE('',*,*,#2263,.F.);
#2912=ORIENTED_EDGE('',*,*,#2264,.F.);
#2913=ORIENTED_EDGE('',*,*,#2265,.F.);
#2914=ORIENTED_EDGE('',*,*,#2266,.F.);
#2915=ORIENTED_EDGE('',*,*,#2267,.F.);
#2916=ORIENTED_EDGE('',*,*,#2268,.F.);
#2917=ORIENTED_EDGE('',*,*,#2269,.F.);
#2918=ORIENTED_EDGE('',*,*,#2270,.F.);
#2919=ORIENTED_EDGE('',*,*,#2271,.F.);
#2920=ORIENTED_EDGE('',*,*,#2272,.F.);
#2921=ORIENTED_EDGE('',*,*,#2273,.F.);
#2922=ORIENTED_EDGE('',*,*,#2274,.F.);
#2923=ORIENTED_EDGE('',*,*,#2275,.F.);
#2924=ORIENTED_EDGE('',*,*,#2276,.F.);
#2925=ORIENTED_EDGE('',*,*,#2277,.F.);
#2926=ORIENTED_EDGE('',*,*,#2278,.F.);
#2927=ORIENTED_EDGE('',*,*,#2279,.F.);
#2928=ORIENTED_EDGE('',*,*,#2280,.F.);
#2929=ORIENTED_EDGE('',*,*,#2281,.F.);
#2930=ORIENTED_EDGE('',*,*,#2282,.F.);
#2931=ORIENTED_EDGE('',*,*,#2283,.F.);
#2932=ORIENTED_EDGE('',*,*,#2284,.F.);
#2933=ORIENTED_EDGE('',*,*,#2285,.F.);
#2934=ORIENTED_EDGE('',*,*,#2286,.F.);
#2935=ORIENTED_EDGE('',*,*,#2287,.F.);
#2936=ORIENTED_EDGE('',*,*,#2288,.F.);
#2937=ORIENTED_EDGE('',*,*,#2289,.F.);
#2938=ORIENTED_EDGE('',*,*,#2290,.F.);
#2939=ORIENTED_EDGE('',*,*,#2291,.F.);
#2940=ORIENTED_EDGE('',*,*,#2292,.F.);
#2941=ORIENTED_EDGE('',*,*,#2293,.F.);
#2942=ORIENTED_EDGE('',*,*,#2294,.F.);
#2943=ORIENTED_EDGE('',*,*,#2295,.F.);
#2944=ORIENTED_EDGE('',*,*,#2296,.F.);
#2945=ORIENTED_EDGE('',*,*,#2297,.F.);
#2946=ORIENTED_EDGE('',*,*,#2298,.F.);
#2947=ORIENTED_EDGE('',*,*,#2299,.F.);
#2948=ORIENTED_EDGE('',*,*,#2300,.F.);
#2949=ORIENTED_EDGE('',*,*,#2301,.F.);
#2950=ORIENTED_EDGE('',*,*,#2302,.F.);
#2951=ORIENTED_EDGE('',*,*,#2303,.F.);
#2952=ORIENTED_EDGE('',*,*,#2304,.F.);
#2953=ORIENTED_EDGE('',*,*,#2305,.F.);
#2954=ORIENTED_EDGE('',*,*,#2306,.F.);
#2955=ORIENTED_EDGE('',*,*,#2307,.F.);
#2956=ORIENTED_EDGE('',*,*,#2308,.F.);
#2957=ORIENTED_EDGE('',*,*,#2309,.F.);
#2958=ORIENTED_EDGE('',*,*,#2310,.F.);
#2959=ORIENTED_EDGE('',*,*,#2311,.F.);
#2960=ORIENTED_EDGE('',*,*,#2312,.F.);
#2961=ORIENTED_EDGE('',*,*,#2313,.F.);
#2962=ORIENTED_EDGE('',*,*,#2314,.F.);
#2963=ORIENTED_EDGE('',*,*,#2315,.F.);
#2964=ORIENTED_EDGE('',*,*,#2316,.F.);
#2965=ORIENTED_EDGE('',*,*,#2317,.F.);
#2966=ORIENTED_EDGE('',*,*,#2318,.F.);
#2967=ORIENTED_EDGE('',*,*,#2319,.F.);
#2968=ORIENTED_EDGE('',*,*,#2320,.F.);
#2969=ORIENTED_EDGE('',*,*,#2321,.F.);
#2970=ORIENTED_EDGE('',*,*,#2322,.F.);
#2971=ORIENTED_EDGE('',*,*,#2323,.F.);
#2972=ORIENTED_EDGE('',*,*,#2324,.F.);
#2973=ORIENTED_EDGE('',*,*,#2325,.F.);
#2974=ORIENTED_EDGE('',*,*,#2326,.F.);
#2975=ORIENTED_EDGE('',*,*,#2327,.F.);
#2976=ORIENTED_EDGE('',*,*,#2328,.F.);
#2977=ORIENTED_EDGE('',*,*,#2329,.F.);
#2978=ORIENTED_EDGE('',*,*,#2330,.F.);
#2979=ORIENTED_EDGE('',*,*,#2331,.F.);
#2980=ORIENTED_EDGE('',*,*,#2332,.F.);
#2981=ORIENTED_EDGE('',*,*,#2333,.F.);
#2982=ORIENTED_EDGE('',*,*,#2334,.F.);
#2983=ORIENTED_EDGE('',*,*,#2335,.F.);
#2984=ORIENTED_EDGE('',*,*,#2336,.F.);
#2985=ORIENTED_EDGE('',*,*,#2337,.F.);
#2986=ORIENTED_EDGE('',*,*,#2338,.F.);
#2987=ORIENTED_EDGE('',*,*,#2339,.F.);
#2988=ORIENTED_EDGE('',*,*,#2340,.F.);
#2989=ORIENTED_EDGE('',*,*,#2341,.F.);
#2990=ORIENTED_EDGE('',*,*,#2342,.F.);
#2991=ORIENTED_EDGE('',*,*,#2343,.F.);
#2992=ORIENTED_EDGE('',*,*,#2344,.F.);
#2993=ORIENTED_EDGE('',*,*,#2345,.F.);
#2994=ORIENTED_EDGE('',*,*,#2346,.F.);
#2995=ORIENTED_EDGE('',*,*,#2347,.F.);
#2996=ORIENTED_EDGE('',*,*,#2348,.F.);
#2997=ORIENTED_EDGE('',*,*,#2349,.F.);
#2998=ORIENTED_EDGE('',*,*,#2350,.F.);
#2999=ORIENTED_EDGE('',*,*,#2351,.F.);
#3000=ORIENTED_EDGE('',*,*,#2352,.F.);
#3001=ORIENTED_EDGE('',*,*,#2353,.F.);
#3002=ORIENTED_EDGE('',*,*,#2354,.F.);
#3003=ORIENTED_EDGE('',*,*,#2355,.F.);
#3004=ORIENTED_EDGE('',*,*,#2356,.F.);
#3005=ORIENTED_EDGE('',*,*,#2357,.F.);
#3006=ORIENTED_EDGE('',*,*,#2358,.F.);
#3007=ORIENTED_EDGE('',*,*,#2359,.F.);
#3008=ORIENTED_EDGE('',*,*,#2360,.F.);
#3009=ORIENTED_EDGE('',*,*,#2361,.F.);
#3010=ORIENTED_EDGE('',*,*,#2362,.F.);
#3011=ORIENTED_EDGE('',*,*,#2363,.F.);
#3012=ORIENTED_EDGE('',*,*,#2364,.F.);
#3013=ORIENTED_EDGE('',*,*,#2365,.F.);
#3014=ORIENTED_EDGE('',*,*,#2366,.F.);
#3015=ORIENTED_EDGE('',*,*,#2367,.F.);
#3016=ORIENTED_EDGE('',*,*,#2368,.F.);
#3017=ORIENTED_EDGE('',*,*,#2369,.F.);
#3018=ORIENTED_EDGE('',*,*,#2370,.F.);
#3019=ORIENTED_EDGE('',*,*,#2371,.F.);
#3020=ORIENTED_EDGE('',*,*,#2372,.F.);
#3021=ORIENTED_EDGE('',*,*,#2373,.F.);
#3022=ORIENTED_EDGE('',*,*,#2374,.F.);
#3023=ORIENTED_EDGE('',*,*,#2375,.F.);
#3024=ORIENTED_EDGE('',*,*,#2376,.F.);
#3025=ORIENTED_EDGE('',*,*,#2377,.F.);
#3026=ORIENTED_EDGE('',*,*,#2378,.F.);
#3027=ORIENTED_EDGE('',*,*,#2379,.F.);
#3028=ORIENTED_EDGE('',*,*,#2380,.F.);
#3029=ORIENTED_EDGE('',*,*,#2381,.F.);
#3030=ORIENTED_EDGE('',*,*,#2382,.F.);
#3031=ORIENTED_EDGE('',*,*,#2379,.T.);
#3032=ORIENTED_EDGE('',*,*,#2383,.F.);
#3033=ORIENTED_EDGE('',*,*,#2384,.F.);
#3034=ORIENTED_EDGE('',*,*,#2385,.T.);
#3035=ORIENTED_EDGE('',*,*,#2378,.T.);
#3036=ORIENTED_EDGE('',*,*,#2386,.F.);
#3037=ORIENTED_EDGE('',*,*,#2387,.F.);
#3038=ORIENTED_EDGE('',*,*,#2383,.T.);
#3039=ORIENTED_EDGE('',*,*,#2377,.T.);
#3040=ORIENTED_EDGE('',*,*,#2388,.F.);
#3041=ORIENTED_EDGE('',*,*,#2389,.F.);
#3042=ORIENTED_EDGE('',*,*,#2386,.T.);
#3043=ORIENTED_EDGE('',*,*,#2376,.T.);
#3044=ORIENTED_EDGE('',*,*,#2390,.F.);
#3045=ORIENTED_EDGE('',*,*,#2391,.F.);
#3046=ORIENTED_EDGE('',*,*,#2388,.T.);
#3047=ORIENTED_EDGE('',*,*,#2371,.T.);
#3048=ORIENTED_EDGE('',*,*,#2392,.F.);
#3049=ORIENTED_EDGE('',*,*,#2393,.F.);
#3050=ORIENTED_EDGE('',*,*,#2394,.T.);
#3051=ORIENTED_EDGE('',*,*,#2370,.T.);
#3052=ORIENTED_EDGE('',*,*,#2395,.F.);
#3053=ORIENTED_EDGE('',*,*,#2396,.F.);
#3054=ORIENTED_EDGE('',*,*,#2392,.T.);
#3055=ORIENTED_EDGE('',*,*,#2369,.T.);
#3056=ORIENTED_EDGE('',*,*,#2397,.F.);
#3057=ORIENTED_EDGE('',*,*,#2398,.F.);
#3058=ORIENTED_EDGE('',*,*,#2395,.T.);
#3059=ORIENTED_EDGE('',*,*,#2368,.T.);
#3060=ORIENTED_EDGE('',*,*,#2399,.F.);
#3061=ORIENTED_EDGE('',*,*,#2400,.F.);
#3062=ORIENTED_EDGE('',*,*,#2397,.T.);
#3063=ORIENTED_EDGE('',*,*,#2362,.T.);
#3064=ORIENTED_EDGE('',*,*,#2401,.F.);
#3065=ORIENTED_EDGE('',*,*,#2402,.F.);
#3066=ORIENTED_EDGE('',*,*,#2403,.T.);
#3067=ORIENTED_EDGE('',*,*,#2361,.T.);
#3068=ORIENTED_EDGE('',*,*,#2404,.F.);
#3069=ORIENTED_EDGE('',*,*,#2405,.F.);
#3070=ORIENTED_EDGE('',*,*,#2401,.T.);
#3071=ORIENTED_EDGE('',*,*,#2360,.T.);
#3072=ORIENTED_EDGE('',*,*,#2406,.F.);
#3073=ORIENTED_EDGE('',*,*,#2407,.F.);
#3074=ORIENTED_EDGE('',*,*,#2404,.T.);
#3075=ORIENTED_EDGE('',*,*,#2359,.T.);
#3076=ORIENTED_EDGE('',*,*,#2408,.F.);
#3077=ORIENTED_EDGE('',*,*,#2409,.F.);
#3078=ORIENTED_EDGE('',*,*,#2406,.T.);
#3079=ORIENTED_EDGE('',*,*,#2354,.T.);
#3080=ORIENTED_EDGE('',*,*,#2410,.F.);
#3081=ORIENTED_EDGE('',*,*,#2411,.F.);
#3082=ORIENTED_EDGE('',*,*,#2412,.T.);
#3083=ORIENTED_EDGE('',*,*,#2353,.T.);
#3084=ORIENTED_EDGE('',*,*,#2413,.F.);
#3085=ORIENTED_EDGE('',*,*,#2414,.F.);
#3086=ORIENTED_EDGE('',*,*,#2410,.T.);
#3087=ORIENTED_EDGE('',*,*,#2352,.T.);
#3088=ORIENTED_EDGE('',*,*,#2415,.F.);
#3089=ORIENTED_EDGE('',*,*,#2416,.F.);
#3090=ORIENTED_EDGE('',*,*,#2413,.T.);
#3091=ORIENTED_EDGE('',*,*,#2351,.T.);
#3092=ORIENTED_EDGE('',*,*,#2417,.F.);
#3093=ORIENTED_EDGE('',*,*,#2418,.F.);
#3094=ORIENTED_EDGE('',*,*,#2415,.T.);
#3095=ORIENTED_EDGE('',*,*,#2345,.T.);
#3096=ORIENTED_EDGE('',*,*,#2419,.F.);
#3097=ORIENTED_EDGE('',*,*,#2420,.F.);
#3098=ORIENTED_EDGE('',*,*,#2421,.T.);
#3099=ORIENTED_EDGE('',*,*,#2344,.T.);
#3100=ORIENTED_EDGE('',*,*,#2422,.F.);
#3101=ORIENTED_EDGE('',*,*,#2423,.F.);
#3102=ORIENTED_EDGE('',*,*,#2419,.T.);
#3103=ORIENTED_EDGE('',*,*,#2343,.T.);
#3104=ORIENTED_EDGE('',*,*,#2424,.F.);
#3105=ORIENTED_EDGE('',*,*,#2425,.F.);
#3106=ORIENTED_EDGE('',*,*,#2422,.T.);
#3107=ORIENTED_EDGE('',*,*,#2342,.T.);
#3108=ORIENTED_EDGE('',*,*,#2426,.F.);
#3109=ORIENTED_EDGE('',*,*,#2427,.F.);
#3110=ORIENTED_EDGE('',*,*,#2424,.T.);
#3111=ORIENTED_EDGE('',*,*,#2337,.T.);
#3112=ORIENTED_EDGE('',*,*,#2428,.F.);
#3113=ORIENTED_EDGE('',*,*,#2429,.F.);
#3114=ORIENTED_EDGE('',*,*,#2430,.T.);
#3115=ORIENTED_EDGE('',*,*,#2336,.T.);
#3116=ORIENTED_EDGE('',*,*,#2431,.F.);
#3117=ORIENTED_EDGE('',*,*,#2432,.F.);
#3118=ORIENTED_EDGE('',*,*,#2428,.T.);
#3119=ORIENTED_EDGE('',*,*,#2335,.T.);
#3120=ORIENTED_EDGE('',*,*,#2433,.F.);
#3121=ORIENTED_EDGE('',*,*,#2434,.F.);
#3122=ORIENTED_EDGE('',*,*,#2431,.T.);
#3123=ORIENTED_EDGE('',*,*,#2334,.T.);
#3124=ORIENTED_EDGE('',*,*,#2435,.F.);
#3125=ORIENTED_EDGE('',*,*,#2436,.F.);
#3126=ORIENTED_EDGE('',*,*,#2433,.T.);
#3127=ORIENTED_EDGE('',*,*,#2329,.T.);
#3128=ORIENTED_EDGE('',*,*,#2437,.F.);
#3129=ORIENTED_EDGE('',*,*,#2438,.F.);
#3130=ORIENTED_EDGE('',*,*,#2439,.T.);
#3131=ORIENTED_EDGE('',*,*,#2328,.T.);
#3132=ORIENTED_EDGE('',*,*,#2440,.F.);
#3133=ORIENTED_EDGE('',*,*,#2441,.F.);
#3134=ORIENTED_EDGE('',*,*,#2437,.T.);
#3135=ORIENTED_EDGE('',*,*,#2327,.T.);
#3136=ORIENTED_EDGE('',*,*,#2442,.F.);
#3137=ORIENTED_EDGE('',*,*,#2443,.F.);
#3138=ORIENTED_EDGE('',*,*,#2440,.T.);
#3139=ORIENTED_EDGE('',*,*,#2326,.T.);
#3140=ORIENTED_EDGE('',*,*,#2444,.F.);
#3141=ORIENTED_EDGE('',*,*,#2445,.F.);
#3142=ORIENTED_EDGE('',*,*,#2442,.T.);
#3143=ORIENTED_EDGE('',*,*,#2320,.T.);
#3144=ORIENTED_EDGE('',*,*,#2446,.F.);
#3145=ORIENTED_EDGE('',*,*,#2447,.F.);
#3146=ORIENTED_EDGE('',*,*,#2448,.T.);
#3147=ORIENTED_EDGE('',*,*,#2319,.T.);
#3148=ORIENTED_EDGE('',*,*,#2449,.F.);
#3149=ORIENTED_EDGE('',*,*,#2450,.F.);
#3150=ORIENTED_EDGE('',*,*,#2446,.T.);
#3151=ORIENTED_EDGE('',*,*,#2318,.T.);
#3152=ORIENTED_EDGE('',*,*,#2451,.F.);
#3153=ORIENTED_EDGE('',*,*,#2452,.F.);
#3154=ORIENTED_EDGE('',*,*,#2449,.T.);
#3155=ORIENTED_EDGE('',*,*,#2317,.T.);
#3156=ORIENTED_EDGE('',*,*,#2453,.F.);
#3157=ORIENTED_EDGE('',*,*,#2454,.F.);
#3158=ORIENTED_EDGE('',*,*,#2451,.T.);
#3159=ORIENTED_EDGE('',*,*,#2312,.T.);
#3160=ORIENTED_EDGE('',*,*,#2455,.F.);
#3161=ORIENTED_EDGE('',*,*,#2456,.F.);
#3162=ORIENTED_EDGE('',*,*,#2457,.T.);
#3163=ORIENTED_EDGE('',*,*,#2311,.T.);
#3164=ORIENTED_EDGE('',*,*,#2458,.F.);
#3165=ORIENTED_EDGE('',*,*,#2459,.F.);
#3166=ORIENTED_EDGE('',*,*,#2455,.T.);
#3167=ORIENTED_EDGE('',*,*,#2310,.T.);
#3168=ORIENTED_EDGE('',*,*,#2460,.F.);
#3169=ORIENTED_EDGE('',*,*,#2461,.F.);
#3170=ORIENTED_EDGE('',*,*,#2458,.T.);
#3171=ORIENTED_EDGE('',*,*,#2309,.T.);
#3172=ORIENTED_EDGE('',*,*,#2462,.F.);
#3173=ORIENTED_EDGE('',*,*,#2463,.F.);
#3174=ORIENTED_EDGE('',*,*,#2460,.T.);
#3175=ORIENTED_EDGE('',*,*,#2304,.T.);
#3176=ORIENTED_EDGE('',*,*,#2464,.F.);
#3177=ORIENTED_EDGE('',*,*,#2465,.F.);
#3178=ORIENTED_EDGE('',*,*,#2466,.T.);
#3179=ORIENTED_EDGE('',*,*,#2303,.T.);
#3180=ORIENTED_EDGE('',*,*,#2467,.F.);
#3181=ORIENTED_EDGE('',*,*,#2468,.F.);
#3182=ORIENTED_EDGE('',*,*,#2464,.T.);
#3183=ORIENTED_EDGE('',*,*,#2302,.T.);
#3184=ORIENTED_EDGE('',*,*,#2469,.F.);
#3185=ORIENTED_EDGE('',*,*,#2470,.F.);
#3186=ORIENTED_EDGE('',*,*,#2467,.T.);
#3187=ORIENTED_EDGE('',*,*,#2301,.T.);
#3188=ORIENTED_EDGE('',*,*,#2471,.F.);
#3189=ORIENTED_EDGE('',*,*,#2472,.F.);
#3190=ORIENTED_EDGE('',*,*,#2469,.T.);
#3191=ORIENTED_EDGE('',*,*,#2296,.T.);
#3192=ORIENTED_EDGE('',*,*,#2473,.F.);
#3193=ORIENTED_EDGE('',*,*,#2474,.F.);
#3194=ORIENTED_EDGE('',*,*,#2475,.T.);
#3195=ORIENTED_EDGE('',*,*,#2295,.T.);
#3196=ORIENTED_EDGE('',*,*,#2476,.F.);
#3197=ORIENTED_EDGE('',*,*,#2477,.F.);
#3198=ORIENTED_EDGE('',*,*,#2473,.T.);
#3199=ORIENTED_EDGE('',*,*,#2294,.T.);
#3200=ORIENTED_EDGE('',*,*,#2478,.F.);
#3201=ORIENTED_EDGE('',*,*,#2479,.F.);
#3202=ORIENTED_EDGE('',*,*,#2476,.T.);
#3203=ORIENTED_EDGE('',*,*,#2293,.T.);
#3204=ORIENTED_EDGE('',*,*,#2480,.F.);
#3205=ORIENTED_EDGE('',*,*,#2481,.F.);
#3206=ORIENTED_EDGE('',*,*,#2478,.T.);
#3207=ORIENTED_EDGE('',*,*,#2288,.T.);
#3208=ORIENTED_EDGE('',*,*,#2482,.F.);
#3209=ORIENTED_EDGE('',*,*,#2483,.F.);
#3210=ORIENTED_EDGE('',*,*,#2484,.T.);
#3211=ORIENTED_EDGE('',*,*,#2287,.T.);
#3212=ORIENTED_EDGE('',*,*,#2485,.F.);
#3213=ORIENTED_EDGE('',*,*,#2486,.F.);
#3214=ORIENTED_EDGE('',*,*,#2482,.T.);
#3215=ORIENTED_EDGE('',*,*,#2286,.T.);
#3216=ORIENTED_EDGE('',*,*,#2487,.F.);
#3217=ORIENTED_EDGE('',*,*,#2488,.F.);
#3218=ORIENTED_EDGE('',*,*,#2485,.T.);
#3219=ORIENTED_EDGE('',*,*,#2285,.T.);
#3220=ORIENTED_EDGE('',*,*,#2489,.F.);
#3221=ORIENTED_EDGE('',*,*,#2490,.F.);
#3222=ORIENTED_EDGE('',*,*,#2487,.T.);
#3223=ORIENTED_EDGE('',*,*,#2279,.T.);
#3224=ORIENTED_EDGE('',*,*,#2491,.F.);
#3225=ORIENTED_EDGE('',*,*,#2492,.F.);
#3226=ORIENTED_EDGE('',*,*,#2493,.T.);
#3227=ORIENTED_EDGE('',*,*,#2278,.T.);
#3228=ORIENTED_EDGE('',*,*,#2494,.F.);
#3229=ORIENTED_EDGE('',*,*,#2495,.F.);
#3230=ORIENTED_EDGE('',*,*,#2491,.T.);
#3231=ORIENTED_EDGE('',*,*,#2277,.T.);
#3232=ORIENTED_EDGE('',*,*,#2496,.F.);
#3233=ORIENTED_EDGE('',*,*,#2497,.F.);
#3234=ORIENTED_EDGE('',*,*,#2494,.T.);
#3235=ORIENTED_EDGE('',*,*,#2276,.T.);
#3236=ORIENTED_EDGE('',*,*,#2498,.F.);
#3237=ORIENTED_EDGE('',*,*,#2499,.F.);
#3238=ORIENTED_EDGE('',*,*,#2496,.T.);
#3239=ORIENTED_EDGE('',*,*,#2271,.T.);
#3240=ORIENTED_EDGE('',*,*,#2500,.F.);
#3241=ORIENTED_EDGE('',*,*,#2501,.F.);
#3242=ORIENTED_EDGE('',*,*,#2502,.T.);
#3243=ORIENTED_EDGE('',*,*,#2270,.T.);
#3244=ORIENTED_EDGE('',*,*,#2503,.F.);
#3245=ORIENTED_EDGE('',*,*,#2504,.F.);
#3246=ORIENTED_EDGE('',*,*,#2500,.T.);
#3247=ORIENTED_EDGE('',*,*,#2269,.T.);
#3248=ORIENTED_EDGE('',*,*,#2505,.F.);
#3249=ORIENTED_EDGE('',*,*,#2506,.F.);
#3250=ORIENTED_EDGE('',*,*,#2503,.T.);
#3251=ORIENTED_EDGE('',*,*,#2268,.T.);
#3252=ORIENTED_EDGE('',*,*,#2507,.F.);
#3253=ORIENTED_EDGE('',*,*,#2508,.F.);
#3254=ORIENTED_EDGE('',*,*,#2505,.T.);
#3255=ORIENTED_EDGE('',*,*,#2263,.T.);
#3256=ORIENTED_EDGE('',*,*,#2509,.F.);
#3257=ORIENTED_EDGE('',*,*,#2510,.F.);
#3258=ORIENTED_EDGE('',*,*,#2511,.T.);
#3259=ORIENTED_EDGE('',*,*,#2262,.T.);
#3260=ORIENTED_EDGE('',*,*,#2512,.F.);
#3261=ORIENTED_EDGE('',*,*,#2513,.F.);
#3262=ORIENTED_EDGE('',*,*,#2509,.T.);
#3263=ORIENTED_EDGE('',*,*,#2261,.T.);
#3264=ORIENTED_EDGE('',*,*,#2514,.F.);
#3265=ORIENTED_EDGE('',*,*,#2515,.F.);
#3266=ORIENTED_EDGE('',*,*,#2512,.T.);
#3267=ORIENTED_EDGE('',*,*,#2260,.T.);
#3268=ORIENTED_EDGE('',*,*,#2516,.F.);
#3269=ORIENTED_EDGE('',*,*,#2517,.F.);
#3270=ORIENTED_EDGE('',*,*,#2514,.T.);
#3271=ORIENTED_EDGE('',*,*,#2255,.T.);
#3272=ORIENTED_EDGE('',*,*,#2518,.F.);
#3273=ORIENTED_EDGE('',*,*,#2519,.F.);
#3274=ORIENTED_EDGE('',*,*,#2520,.T.);
#3275=ORIENTED_EDGE('',*,*,#2254,.T.);
#3276=ORIENTED_EDGE('',*,*,#2521,.F.);
#3277=ORIENTED_EDGE('',*,*,#2522,.F.);
#3278=ORIENTED_EDGE('',*,*,#2518,.T.);
#3279=ORIENTED_EDGE('',*,*,#2253,.T.);
#3280=ORIENTED_EDGE('',*,*,#2523,.F.);
#3281=ORIENTED_EDGE('',*,*,#2524,.F.);
#3282=ORIENTED_EDGE('',*,*,#2521,.T.);
#3283=ORIENTED_EDGE('',*,*,#2252,.T.);
#3284=ORIENTED_EDGE('',*,*,#2525,.F.);
#3285=ORIENTED_EDGE('',*,*,#2526,.F.);
#3286=ORIENTED_EDGE('',*,*,#2523,.T.);
#3287=ORIENTED_EDGE('',*,*,#2247,.T.);
#3288=ORIENTED_EDGE('',*,*,#2527,.F.);
#3289=ORIENTED_EDGE('',*,*,#2528,.F.);
#3290=ORIENTED_EDGE('',*,*,#2529,.T.);
#3291=ORIENTED_EDGE('',*,*,#2246,.T.);
#3292=ORIENTED_EDGE('',*,*,#2530,.F.);
#3293=ORIENTED_EDGE('',*,*,#2531,.F.);
#3294=ORIENTED_EDGE('',*,*,#2527,.T.);
#3295=ORIENTED_EDGE('',*,*,#2245,.T.);
#3296=ORIENTED_EDGE('',*,*,#2532,.F.);
#3297=ORIENTED_EDGE('',*,*,#2533,.F.);
#3298=ORIENTED_EDGE('',*,*,#2530,.T.);
#3299=ORIENTED_EDGE('',*,*,#2244,.T.);
#3300=ORIENTED_EDGE('',*,*,#2534,.F.);
#3301=ORIENTED_EDGE('',*,*,#2535,.F.);
#3302=ORIENTED_EDGE('',*,*,#2532,.T.);
#3303=ORIENTED_EDGE('',*,*,#2239,.T.);
#3304=ORIENTED_EDGE('',*,*,#2536,.F.);
#3305=ORIENTED_EDGE('',*,*,#2537,.F.);
#3306=ORIENTED_EDGE('',*,*,#2538,.T.);
#3307=ORIENTED_EDGE('',*,*,#2238,.T.);
#3308=ORIENTED_EDGE('',*,*,#2539,.F.);
#3309=ORIENTED_EDGE('',*,*,#2540,.F.);
#3310=ORIENTED_EDGE('',*,*,#2536,.T.);
#3311=ORIENTED_EDGE('',*,*,#2237,.T.);
#3312=ORIENTED_EDGE('',*,*,#2541,.F.);
#3313=ORIENTED_EDGE('',*,*,#2542,.F.);
#3314=ORIENTED_EDGE('',*,*,#2539,.T.);
#3315=ORIENTED_EDGE('',*,*,#2236,.T.);
#3316=ORIENTED_EDGE('',*,*,#2543,.F.);
#3317=ORIENTED_EDGE('',*,*,#2544,.F.);
#3318=ORIENTED_EDGE('',*,*,#2541,.T.);
#3319=ORIENTED_EDGE('',*,*,#2231,.T.);
#3320=ORIENTED_EDGE('',*,*,#2545,.F.);
#3321=ORIENTED_EDGE('',*,*,#2546,.F.);
#3322=ORIENTED_EDGE('',*,*,#2547,.T.);
#3323=ORIENTED_EDGE('',*,*,#2230,.T.);
#3324=ORIENTED_EDGE('',*,*,#2548,.F.);
#3325=ORIENTED_EDGE('',*,*,#2549,.F.);
#3326=ORIENTED_EDGE('',*,*,#2545,.T.);
#3327=ORIENTED_EDGE('',*,*,#2229,.T.);
#3328=ORIENTED_EDGE('',*,*,#2550,.F.);
#3329=ORIENTED_EDGE('',*,*,#2551,.F.);
#3330=ORIENTED_EDGE('',*,*,#2548,.T.);
#3331=ORIENTED_EDGE('',*,*,#2228,.T.);
#3332=ORIENTED_EDGE('',*,*,#2552,.F.);
#3333=ORIENTED_EDGE('',*,*,#2553,.F.);
#3334=ORIENTED_EDGE('',*,*,#2550,.T.);
#3335=ORIENTED_EDGE('',*,*,#2195,.T.);
#3336=ORIENTED_EDGE('',*,*,#2554,.F.);
#3337=ORIENTED_EDGE('',*,*,#2555,.F.);
#3338=ORIENTED_EDGE('',*,*,#2556,.T.);
#3339=ORIENTED_EDGE('',*,*,#2194,.T.);
#3340=ORIENTED_EDGE('',*,*,#2557,.F.);
#3341=ORIENTED_EDGE('',*,*,#2558,.F.);
#3342=ORIENTED_EDGE('',*,*,#2554,.T.);
#3343=ORIENTED_EDGE('',*,*,#2193,.T.);
#3344=ORIENTED_EDGE('',*,*,#2559,.F.);
#3345=ORIENTED_EDGE('',*,*,#2560,.F.);
#3346=ORIENTED_EDGE('',*,*,#2557,.T.);
#3347=ORIENTED_EDGE('',*,*,#2192,.T.);
#3348=ORIENTED_EDGE('',*,*,#2561,.F.);
#3349=ORIENTED_EDGE('',*,*,#2562,.F.);
#3350=ORIENTED_EDGE('',*,*,#2559,.T.);
#3351=ORIENTED_EDGE('',*,*,#2191,.T.);
#3352=ORIENTED_EDGE('',*,*,#2563,.F.);
#3353=ORIENTED_EDGE('',*,*,#2564,.F.);
#3354=ORIENTED_EDGE('',*,*,#2561,.T.);
#3355=ORIENTED_EDGE('',*,*,#2190,.T.);
#3356=ORIENTED_EDGE('',*,*,#2565,.F.);
#3357=ORIENTED_EDGE('',*,*,#2566,.F.);
#3358=ORIENTED_EDGE('',*,*,#2563,.T.);
#3359=ORIENTED_EDGE('',*,*,#2189,.T.);
#3360=ORIENTED_EDGE('',*,*,#2567,.F.);
#3361=ORIENTED_EDGE('',*,*,#2568,.F.);
#3362=ORIENTED_EDGE('',*,*,#2565,.T.);
#3363=ORIENTED_EDGE('',*,*,#2188,.T.);
#3364=ORIENTED_EDGE('',*,*,#2569,.F.);
#3365=ORIENTED_EDGE('',*,*,#2570,.F.);
#3366=ORIENTED_EDGE('',*,*,#2567,.T.);
#3367=ORIENTED_EDGE('',*,*,#2187,.T.);
#3368=ORIENTED_EDGE('',*,*,#2571,.F.);
#3369=ORIENTED_EDGE('',*,*,#2572,.F.);
#3370=ORIENTED_EDGE('',*,*,#2569,.T.);
#3371=ORIENTED_EDGE('',*,*,#2186,.T.);
#3372=ORIENTED_EDGE('',*,*,#2573,.F.);
#3373=ORIENTED_EDGE('',*,*,#2574,.F.);
#3374=ORIENTED_EDGE('',*,*,#2571,.T.);
#3375=ORIENTED_EDGE('',*,*,#2185,.T.);
#3376=ORIENTED_EDGE('',*,*,#2575,.F.);
#3377=ORIENTED_EDGE('',*,*,#2576,.F.);
#3378=ORIENTED_EDGE('',*,*,#2573,.T.);
#3379=ORIENTED_EDGE('',*,*,#2184,.T.);
#3380=ORIENTED_EDGE('',*,*,#2577,.F.);
#3381=ORIENTED_EDGE('',*,*,#2578,.F.);
#3382=ORIENTED_EDGE('',*,*,#2575,.T.);
#3383=ORIENTED_EDGE('',*,*,#2183,.T.);
#3384=ORIENTED_EDGE('',*,*,#2579,.F.);
#3385=ORIENTED_EDGE('',*,*,#2580,.F.);
#3386=ORIENTED_EDGE('',*,*,#2577,.T.);
#3387=ORIENTED_EDGE('',*,*,#2182,.T.);
#3388=ORIENTED_EDGE('',*,*,#2581,.F.);
#3389=ORIENTED_EDGE('',*,*,#2582,.F.);
#3390=ORIENTED_EDGE('',*,*,#2579,.T.);
#3391=ORIENTED_EDGE('',*,*,#2181,.T.);
#3392=ORIENTED_EDGE('',*,*,#2583,.F.);
#3393=ORIENTED_EDGE('',*,*,#2584,.F.);
#3394=ORIENTED_EDGE('',*,*,#2581,.T.);
#3395=ORIENTED_EDGE('',*,*,#2180,.T.);
#3396=ORIENTED_EDGE('',*,*,#2585,.F.);
#3397=ORIENTED_EDGE('',*,*,#2586,.F.);
#3398=ORIENTED_EDGE('',*,*,#2583,.T.);
#3399=ORIENTED_EDGE('',*,*,#2179,.T.);
#3400=ORIENTED_EDGE('',*,*,#2587,.F.);
#3401=ORIENTED_EDGE('',*,*,#2588,.F.);
#3402=ORIENTED_EDGE('',*,*,#2585,.T.);
#3403=ORIENTED_EDGE('',*,*,#2178,.T.);
#3404=ORIENTED_EDGE('',*,*,#2589,.F.);
#3405=ORIENTED_EDGE('',*,*,#2590,.F.);
#3406=ORIENTED_EDGE('',*,*,#2587,.T.);
#3407=ORIENTED_EDGE('',*,*,#2177,.T.);
#3408=ORIENTED_EDGE('',*,*,#2591,.F.);
#3409=ORIENTED_EDGE('',*,*,#2592,.F.);
#3410=ORIENTED_EDGE('',*,*,#2589,.T.);
#3411=ORIENTED_EDGE('',*,*,#2176,.T.);
#3412=ORIENTED_EDGE('',*,*,#2593,.F.);
#3413=ORIENTED_EDGE('',*,*,#2594,.F.);
#3414=ORIENTED_EDGE('',*,*,#2591,.T.);
#3415=ORIENTED_EDGE('',*,*,#2175,.T.);
#3416=ORIENTED_EDGE('',*,*,#2595,.F.);
#3417=ORIENTED_EDGE('',*,*,#2596,.F.);
#3418=ORIENTED_EDGE('',*,*,#2593,.T.);
#3419=ORIENTED_EDGE('',*,*,#2174,.T.);
#3420=ORIENTED_EDGE('',*,*,#2597,.F.);
#3421=ORIENTED_EDGE('',*,*,#2598,.F.);
#3422=ORIENTED_EDGE('',*,*,#2595,.T.);
#3423=ORIENTED_EDGE('',*,*,#2173,.T.);
#3424=ORIENTED_EDGE('',*,*,#2599,.F.);
#3425=ORIENTED_EDGE('',*,*,#2600,.F.);
#3426=ORIENTED_EDGE('',*,*,#2597,.T.);
#3427=ORIENTED_EDGE('',*,*,#2172,.T.);
#3428=ORIENTED_EDGE('',*,*,#2601,.F.);
#3429=ORIENTED_EDGE('',*,*,#2602,.F.);
#3430=ORIENTED_EDGE('',*,*,#2599,.T.);
#3431=ORIENTED_EDGE('',*,*,#2171,.T.);
#3432=ORIENTED_EDGE('',*,*,#2603,.F.);
#3433=ORIENTED_EDGE('',*,*,#2604,.F.);
#3434=ORIENTED_EDGE('',*,*,#2601,.T.);
#3435=ORIENTED_EDGE('',*,*,#2170,.T.);
#3436=ORIENTED_EDGE('',*,*,#2605,.F.);
#3437=ORIENTED_EDGE('',*,*,#2606,.F.);
#3438=ORIENTED_EDGE('',*,*,#2603,.T.);
#3439=ORIENTED_EDGE('',*,*,#2169,.T.);
#3440=ORIENTED_EDGE('',*,*,#2607,.F.);
#3441=ORIENTED_EDGE('',*,*,#2608,.F.);
#3442=ORIENTED_EDGE('',*,*,#2605,.T.);
#3443=ORIENTED_EDGE('',*,*,#2168,.T.);
#3444=ORIENTED_EDGE('',*,*,#2609,.F.);
#3445=ORIENTED_EDGE('',*,*,#2610,.F.);
#3446=ORIENTED_EDGE('',*,*,#2607,.T.);
#3447=ORIENTED_EDGE('',*,*,#2167,.T.);
#3448=ORIENTED_EDGE('',*,*,#2611,.T.);
#3449=ORIENTED_EDGE('',*,*,#2612,.F.);
#3450=ORIENTED_EDGE('',*,*,#2609,.T.);
#3451=ORIENTED_EDGE('',*,*,#2225,.T.);
#3452=ORIENTED_EDGE('',*,*,#2613,.T.);
#3453=ORIENTED_EDGE('',*,*,#2614,.F.);
#3454=ORIENTED_EDGE('',*,*,#2611,.F.);
#3455=ORIENTED_EDGE('',*,*,#2224,.T.);
#3456=ORIENTED_EDGE('',*,*,#2615,.T.);
#3457=ORIENTED_EDGE('',*,*,#2616,.F.);
#3458=ORIENTED_EDGE('',*,*,#2613,.F.);
#3459=ORIENTED_EDGE('',*,*,#2223,.T.);
#3460=ORIENTED_EDGE('',*,*,#2617,.T.);
#3461=ORIENTED_EDGE('',*,*,#2618,.F.);
#3462=ORIENTED_EDGE('',*,*,#2615,.F.);
#3463=ORIENTED_EDGE('',*,*,#2222,.T.);
#3464=ORIENTED_EDGE('',*,*,#2619,.T.);
#3465=ORIENTED_EDGE('',*,*,#2620,.F.);
#3466=ORIENTED_EDGE('',*,*,#2617,.F.);
#3467=ORIENTED_EDGE('',*,*,#2221,.T.);
#3468=ORIENTED_EDGE('',*,*,#2621,.F.);
#3469=ORIENTED_EDGE('',*,*,#2622,.F.);
#3470=ORIENTED_EDGE('',*,*,#2619,.F.);
#3471=ORIENTED_EDGE('',*,*,#2612,.T.);
#3472=ORIENTED_EDGE('',*,*,#2614,.T.);
#3473=ORIENTED_EDGE('',*,*,#2616,.T.);
#3474=ORIENTED_EDGE('',*,*,#2618,.T.);
#3475=ORIENTED_EDGE('',*,*,#2620,.T.);
#3476=ORIENTED_EDGE('',*,*,#2622,.T.);
#3477=ORIENTED_EDGE('',*,*,#2623,.T.);
#3478=ORIENTED_EDGE('',*,*,#2624,.T.);
#3479=ORIENTED_EDGE('',*,*,#2625,.T.);
#3480=ORIENTED_EDGE('',*,*,#2626,.T.);
#3481=ORIENTED_EDGE('',*,*,#2627,.T.);
#3482=ORIENTED_EDGE('',*,*,#2628,.T.);
#3483=ORIENTED_EDGE('',*,*,#2629,.T.);
#3484=ORIENTED_EDGE('',*,*,#2630,.T.);
#3485=ORIENTED_EDGE('',*,*,#2631,.T.);
#3486=ORIENTED_EDGE('',*,*,#2632,.T.);
#3487=ORIENTED_EDGE('',*,*,#2633,.T.);
#3488=ORIENTED_EDGE('',*,*,#2634,.T.);
#3489=ORIENTED_EDGE('',*,*,#2635,.T.);
#3490=ORIENTED_EDGE('',*,*,#2636,.T.);
#3491=ORIENTED_EDGE('',*,*,#2637,.T.);
#3492=ORIENTED_EDGE('',*,*,#2638,.T.);
#3493=ORIENTED_EDGE('',*,*,#2639,.T.);
#3494=ORIENTED_EDGE('',*,*,#2640,.T.);
#3495=ORIENTED_EDGE('',*,*,#2641,.T.);
#3496=ORIENTED_EDGE('',*,*,#2642,.T.);
#3497=ORIENTED_EDGE('',*,*,#2643,.T.);
#3498=ORIENTED_EDGE('',*,*,#2644,.T.);
#3499=ORIENTED_EDGE('',*,*,#2645,.T.);
#3500=ORIENTED_EDGE('',*,*,#2646,.T.);
#3501=ORIENTED_EDGE('',*,*,#2647,.T.);
#3502=ORIENTED_EDGE('',*,*,#2555,.T.);
#3503=ORIENTED_EDGE('',*,*,#2558,.T.);
#3504=ORIENTED_EDGE('',*,*,#2560,.T.);
#3505=ORIENTED_EDGE('',*,*,#2562,.T.);
#3506=ORIENTED_EDGE('',*,*,#2564,.T.);
#3507=ORIENTED_EDGE('',*,*,#2566,.T.);
#3508=ORIENTED_EDGE('',*,*,#2568,.T.);
#3509=ORIENTED_EDGE('',*,*,#2570,.T.);
#3510=ORIENTED_EDGE('',*,*,#2572,.T.);
#3511=ORIENTED_EDGE('',*,*,#2574,.T.);
#3512=ORIENTED_EDGE('',*,*,#2576,.T.);
#3513=ORIENTED_EDGE('',*,*,#2578,.T.);
#3514=ORIENTED_EDGE('',*,*,#2580,.T.);
#3515=ORIENTED_EDGE('',*,*,#2582,.T.);
#3516=ORIENTED_EDGE('',*,*,#2584,.T.);
#3517=ORIENTED_EDGE('',*,*,#2586,.T.);
#3518=ORIENTED_EDGE('',*,*,#2588,.T.);
#3519=ORIENTED_EDGE('',*,*,#2590,.T.);
#3520=ORIENTED_EDGE('',*,*,#2592,.T.);
#3521=ORIENTED_EDGE('',*,*,#2594,.T.);
#3522=ORIENTED_EDGE('',*,*,#2596,.T.);
#3523=ORIENTED_EDGE('',*,*,#2598,.T.);
#3524=ORIENTED_EDGE('',*,*,#2600,.T.);
#3525=ORIENTED_EDGE('',*,*,#2602,.T.);
#3526=ORIENTED_EDGE('',*,*,#2604,.T.);
#3527=ORIENTED_EDGE('',*,*,#2606,.T.);
#3528=ORIENTED_EDGE('',*,*,#2608,.T.);
#3529=ORIENTED_EDGE('',*,*,#2610,.T.);
#3530=ORIENTED_EDGE('',*,*,#2648,.F.);
#3531=ORIENTED_EDGE('',*,*,#2649,.T.);
#3532=ORIENTED_EDGE('',*,*,#2650,.T.);
#3533=ORIENTED_EDGE('',*,*,#2651,.T.);
#3534=ORIENTED_EDGE('',*,*,#2652,.T.);
#3535=ORIENTED_EDGE('',*,*,#2546,.T.);
#3536=ORIENTED_EDGE('',*,*,#2549,.T.);
#3537=ORIENTED_EDGE('',*,*,#2551,.T.);
#3538=ORIENTED_EDGE('',*,*,#2553,.T.);
#3539=ORIENTED_EDGE('',*,*,#2653,.T.);
#3540=ORIENTED_EDGE('',*,*,#2654,.T.);
#3541=ORIENTED_EDGE('',*,*,#2655,.T.);
#3542=ORIENTED_EDGE('',*,*,#2656,.T.);
#3543=ORIENTED_EDGE('',*,*,#2537,.T.);
#3544=ORIENTED_EDGE('',*,*,#2540,.T.);
#3545=ORIENTED_EDGE('',*,*,#2542,.T.);
#3546=ORIENTED_EDGE('',*,*,#2544,.T.);
#3547=ORIENTED_EDGE('',*,*,#2657,.T.);
#3548=ORIENTED_EDGE('',*,*,#2658,.T.);
#3549=ORIENTED_EDGE('',*,*,#2659,.T.);
#3550=ORIENTED_EDGE('',*,*,#2660,.T.);
#3551=ORIENTED_EDGE('',*,*,#2528,.T.);
#3552=ORIENTED_EDGE('',*,*,#2531,.T.);
#3553=ORIENTED_EDGE('',*,*,#2533,.T.);
#3554=ORIENTED_EDGE('',*,*,#2535,.T.);
#3555=ORIENTED_EDGE('',*,*,#2661,.T.);
#3556=ORIENTED_EDGE('',*,*,#2662,.T.);
#3557=ORIENTED_EDGE('',*,*,#2663,.T.);
#3558=ORIENTED_EDGE('',*,*,#2664,.T.);
#3559=ORIENTED_EDGE('',*,*,#2519,.T.);
#3560=ORIENTED_EDGE('',*,*,#2522,.T.);
#3561=ORIENTED_EDGE('',*,*,#2524,.T.);
#3562=ORIENTED_EDGE('',*,*,#2526,.T.);
#3563=ORIENTED_EDGE('',*,*,#2665,.T.);
#3564=ORIENTED_EDGE('',*,*,#2666,.T.);
#3565=ORIENTED_EDGE('',*,*,#2667,.T.);
#3566=ORIENTED_EDGE('',*,*,#2668,.T.);
#3567=ORIENTED_EDGE('',*,*,#2510,.T.);
#3568=ORIENTED_EDGE('',*,*,#2513,.T.);
#3569=ORIENTED_EDGE('',*,*,#2515,.T.);
#3570=ORIENTED_EDGE('',*,*,#2517,.T.);
#3571=ORIENTED_EDGE('',*,*,#2669,.T.);
#3572=ORIENTED_EDGE('',*,*,#2670,.T.);
#3573=ORIENTED_EDGE('',*,*,#2671,.T.);
#3574=ORIENTED_EDGE('',*,*,#2672,.T.);
#3575=ORIENTED_EDGE('',*,*,#2501,.T.);
#3576=ORIENTED_EDGE('',*,*,#2504,.T.);
#3577=ORIENTED_EDGE('',*,*,#2506,.T.);
#3578=ORIENTED_EDGE('',*,*,#2508,.T.);
#3579=ORIENTED_EDGE('',*,*,#2673,.T.);
#3580=ORIENTED_EDGE('',*,*,#2674,.T.);
#3581=ORIENTED_EDGE('',*,*,#2675,.T.);
#3582=ORIENTED_EDGE('',*,*,#2676,.T.);
#3583=ORIENTED_EDGE('',*,*,#2492,.T.);
#3584=ORIENTED_EDGE('',*,*,#2495,.T.);
#3585=ORIENTED_EDGE('',*,*,#2497,.T.);
#3586=ORIENTED_EDGE('',*,*,#2499,.T.);
#3587=ORIENTED_EDGE('',*,*,#2677,.F.);
#3588=ORIENTED_EDGE('',*,*,#2678,.T.);
#3589=ORIENTED_EDGE('',*,*,#2679,.T.);
#3590=ORIENTED_EDGE('',*,*,#2680,.T.);
#3591=ORIENTED_EDGE('',*,*,#2681,.T.);
#3592=ORIENTED_EDGE('',*,*,#2483,.T.);
#3593=ORIENTED_EDGE('',*,*,#2486,.T.);
#3594=ORIENTED_EDGE('',*,*,#2488,.T.);
#3595=ORIENTED_EDGE('',*,*,#2490,.T.);
#3596=ORIENTED_EDGE('',*,*,#2682,.T.);
#3597=ORIENTED_EDGE('',*,*,#2683,.T.);
#3598=ORIENTED_EDGE('',*,*,#2684,.T.);
#3599=ORIENTED_EDGE('',*,*,#2685,.T.);
#3600=ORIENTED_EDGE('',*,*,#2474,.T.);
#3601=ORIENTED_EDGE('',*,*,#2477,.T.);
#3602=ORIENTED_EDGE('',*,*,#2479,.T.);
#3603=ORIENTED_EDGE('',*,*,#2481,.T.);
#3604=ORIENTED_EDGE('',*,*,#2686,.T.);
#3605=ORIENTED_EDGE('',*,*,#2687,.T.);
#3606=ORIENTED_EDGE('',*,*,#2688,.T.);
#3607=ORIENTED_EDGE('',*,*,#2689,.T.);
#3608=ORIENTED_EDGE('',*,*,#2465,.T.);
#3609=ORIENTED_EDGE('',*,*,#2468,.T.);
#3610=ORIENTED_EDGE('',*,*,#2470,.T.);
#3611=ORIENTED_EDGE('',*,*,#2472,.T.);
#3612=ORIENTED_EDGE('',*,*,#2690,.T.);
#3613=ORIENTED_EDGE('',*,*,#2691,.T.);
#3614=ORIENTED_EDGE('',*,*,#2692,.T.);
#3615=ORIENTED_EDGE('',*,*,#2693,.T.);
#3616=ORIENTED_EDGE('',*,*,#2456,.T.);
#3617=ORIENTED_EDGE('',*,*,#2459,.T.);
#3618=ORIENTED_EDGE('',*,*,#2461,.T.);
#3619=ORIENTED_EDGE('',*,*,#2463,.T.);
#3620=ORIENTED_EDGE('',*,*,#2694,.T.);
#3621=ORIENTED_EDGE('',*,*,#2695,.T.);
#3622=ORIENTED_EDGE('',*,*,#2696,.T.);
#3623=ORIENTED_EDGE('',*,*,#2697,.T.);
#3624=ORIENTED_EDGE('',*,*,#2447,.T.);
#3625=ORIENTED_EDGE('',*,*,#2450,.T.);
#3626=ORIENTED_EDGE('',*,*,#2452,.T.);
#3627=ORIENTED_EDGE('',*,*,#2454,.T.);
#3628=ORIENTED_EDGE('',*,*,#2698,.F.);
#3629=ORIENTED_EDGE('',*,*,#2699,.T.);
#3630=ORIENTED_EDGE('',*,*,#2700,.T.);
#3631=ORIENTED_EDGE('',*,*,#2701,.T.);
#3632=ORIENTED_EDGE('',*,*,#2702,.T.);
#3633=ORIENTED_EDGE('',*,*,#2438,.T.);
#3634=ORIENTED_EDGE('',*,*,#2441,.T.);
#3635=ORIENTED_EDGE('',*,*,#2443,.T.);
#3636=ORIENTED_EDGE('',*,*,#2445,.T.);
#3637=ORIENTED_EDGE('',*,*,#2703,.T.);
#3638=ORIENTED_EDGE('',*,*,#2704,.T.);
#3639=ORIENTED_EDGE('',*,*,#2705,.T.);
#3640=ORIENTED_EDGE('',*,*,#2706,.T.);
#3641=ORIENTED_EDGE('',*,*,#2429,.T.);
#3642=ORIENTED_EDGE('',*,*,#2432,.T.);
#3643=ORIENTED_EDGE('',*,*,#2434,.T.);
#3644=ORIENTED_EDGE('',*,*,#2436,.T.);
#3645=ORIENTED_EDGE('',*,*,#2707,.T.);
#3646=ORIENTED_EDGE('',*,*,#2708,.T.);
#3647=ORIENTED_EDGE('',*,*,#2709,.T.);
#3648=ORIENTED_EDGE('',*,*,#2710,.T.);
#3649=ORIENTED_EDGE('',*,*,#2420,.T.);
#3650=ORIENTED_EDGE('',*,*,#2423,.T.);
#3651=ORIENTED_EDGE('',*,*,#2425,.T.);
#3652=ORIENTED_EDGE('',*,*,#2427,.T.);
#3653=ORIENTED_EDGE('',*,*,#2711,.F.);
#3654=ORIENTED_EDGE('',*,*,#2712,.T.);
#3655=ORIENTED_EDGE('',*,*,#2713,.T.);
#3656=ORIENTED_EDGE('',*,*,#2714,.T.);
#3657=ORIENTED_EDGE('',*,*,#2715,.T.);
#3658=ORIENTED_EDGE('',*,*,#2411,.T.);
#3659=ORIENTED_EDGE('',*,*,#2414,.T.);
#3660=ORIENTED_EDGE('',*,*,#2416,.T.);
#3661=ORIENTED_EDGE('',*,*,#2418,.T.);
#3662=ORIENTED_EDGE('',*,*,#2716,.T.);
#3663=ORIENTED_EDGE('',*,*,#2717,.T.);
#3664=ORIENTED_EDGE('',*,*,#2718,.T.);
#3665=ORIENTED_EDGE('',*,*,#2719,.T.);
#3666=ORIENTED_EDGE('',*,*,#2402,.T.);
#3667=ORIENTED_EDGE('',*,*,#2405,.T.);
#3668=ORIENTED_EDGE('',*,*,#2407,.T.);
#3669=ORIENTED_EDGE('',*,*,#2409,.T.);
#3670=ORIENTED_EDGE('',*,*,#2720,.F.);
#3671=ORIENTED_EDGE('',*,*,#2721,.T.);
#3672=ORIENTED_EDGE('',*,*,#2722,.T.);
#3673=ORIENTED_EDGE('',*,*,#2723,.T.);
#3674=ORIENTED_EDGE('',*,*,#2724,.T.);
#3675=ORIENTED_EDGE('',*,*,#2393,.T.);
#3676=ORIENTED_EDGE('',*,*,#2396,.T.);
#3677=ORIENTED_EDGE('',*,*,#2398,.T.);
#3678=ORIENTED_EDGE('',*,*,#2400,.T.);
#3679=ORIENTED_EDGE('',*,*,#2725,.T.);
#3680=ORIENTED_EDGE('',*,*,#2726,.T.);
#3681=ORIENTED_EDGE('',*,*,#2727,.T.);
#3682=ORIENTED_EDGE('',*,*,#2728,.T.);
#3683=ORIENTED_EDGE('',*,*,#2384,.T.);
#3684=ORIENTED_EDGE('',*,*,#2387,.T.);
#3685=ORIENTED_EDGE('',*,*,#2389,.T.);
#3686=ORIENTED_EDGE('',*,*,#2391,.T.);
#3687=ORIENTED_EDGE('',*,*,#2201,.T.);
#3688=ORIENTED_EDGE('',*,*,#2729,.F.);
#3689=ORIENTED_EDGE('',*,*,#2642,.F.);
#3690=ORIENTED_EDGE('',*,*,#2730,.T.);
#3691=ORIENTED_EDGE('',*,*,#2205,.T.);
#3692=ORIENTED_EDGE('',*,*,#2731,.F.);
#3693=ORIENTED_EDGE('',*,*,#2638,.F.);
#3694=ORIENTED_EDGE('',*,*,#2732,.T.);
#3695=ORIENTED_EDGE('',*,*,#2202,.T.);
#3696=ORIENTED_EDGE('',*,*,#2730,.F.);
#3697=ORIENTED_EDGE('',*,*,#2641,.F.);
#3698=ORIENTED_EDGE('',*,*,#2733,.F.);
#3699=ORIENTED_EDGE('',*,*,#2206,.T.);
#3700=ORIENTED_EDGE('',*,*,#2732,.F.);
#3701=ORIENTED_EDGE('',*,*,#2637,.F.);
#3702=ORIENTED_EDGE('',*,*,#2734,.T.);
#3703=ORIENTED_EDGE('',*,*,#2203,.T.);
#3704=ORIENTED_EDGE('',*,*,#2733,.T.);
#3705=ORIENTED_EDGE('',*,*,#2640,.F.);
#3706=ORIENTED_EDGE('',*,*,#2735,.F.);
#3707=ORIENTED_EDGE('',*,*,#2204,.T.);
#3708=ORIENTED_EDGE('',*,*,#2735,.T.);
#3709=ORIENTED_EDGE('',*,*,#2639,.F.);
#3710=ORIENTED_EDGE('',*,*,#2731,.T.);
#3711=ORIENTED_EDGE('',*,*,#2200,.T.);
#3712=ORIENTED_EDGE('',*,*,#2736,.F.);
#3713=ORIENTED_EDGE('',*,*,#2643,.F.);
#3714=ORIENTED_EDGE('',*,*,#2729,.T.);
#3715=ORIENTED_EDGE('',*,*,#2196,.T.);
#3716=ORIENTED_EDGE('',*,*,#2556,.F.);
#3717=ORIENTED_EDGE('',*,*,#2647,.F.);
#3718=ORIENTED_EDGE('',*,*,#2737,.T.);
#3719=ORIENTED_EDGE('',*,*,#2197,.T.);
#3720=ORIENTED_EDGE('',*,*,#2737,.F.);
#3721=ORIENTED_EDGE('',*,*,#2646,.F.);
#3722=ORIENTED_EDGE('',*,*,#2738,.T.);
#3723=ORIENTED_EDGE('',*,*,#2198,.T.);
#3724=ORIENTED_EDGE('',*,*,#2738,.F.);
#3725=ORIENTED_EDGE('',*,*,#2645,.F.);
#3726=ORIENTED_EDGE('',*,*,#2739,.T.);
#3727=ORIENTED_EDGE('',*,*,#2199,.T.);
#3728=ORIENTED_EDGE('',*,*,#2739,.F.);
#3729=ORIENTED_EDGE('',*,*,#2644,.F.);
#3730=ORIENTED_EDGE('',*,*,#2736,.T.);
#3731=ORIENTED_EDGE('',*,*,#2207,.T.);
#3732=ORIENTED_EDGE('',*,*,#2734,.F.);
#3733=ORIENTED_EDGE('',*,*,#2636,.F.);
#3734=ORIENTED_EDGE('',*,*,#2740,.T.);
#3735=ORIENTED_EDGE('',*,*,#2208,.T.);
#3736=ORIENTED_EDGE('',*,*,#2740,.F.);
#3737=ORIENTED_EDGE('',*,*,#2635,.F.);
#3738=ORIENTED_EDGE('',*,*,#2741,.T.);
#3739=ORIENTED_EDGE('',*,*,#2209,.T.);
#3740=ORIENTED_EDGE('',*,*,#2741,.F.);
#3741=ORIENTED_EDGE('',*,*,#2634,.F.);
#3742=ORIENTED_EDGE('',*,*,#2742,.T.);
#3743=ORIENTED_EDGE('',*,*,#2210,.T.);
#3744=ORIENTED_EDGE('',*,*,#2742,.F.);
#3745=ORIENTED_EDGE('',*,*,#2633,.F.);
#3746=ORIENTED_EDGE('',*,*,#2743,.T.);
#3747=ORIENTED_EDGE('',*,*,#2211,.T.);
#3748=ORIENTED_EDGE('',*,*,#2743,.F.);
#3749=ORIENTED_EDGE('',*,*,#2632,.F.);
#3750=ORIENTED_EDGE('',*,*,#2744,.T.);
#3751=ORIENTED_EDGE('',*,*,#2212,.T.);
#3752=ORIENTED_EDGE('',*,*,#2744,.F.);
#3753=ORIENTED_EDGE('',*,*,#2631,.F.);
#3754=ORIENTED_EDGE('',*,*,#2745,.T.);
#3755=ORIENTED_EDGE('',*,*,#2213,.T.);
#3756=ORIENTED_EDGE('',*,*,#2745,.F.);
#3757=ORIENTED_EDGE('',*,*,#2630,.F.);
#3758=ORIENTED_EDGE('',*,*,#2746,.T.);
#3759=ORIENTED_EDGE('',*,*,#2214,.T.);
#3760=ORIENTED_EDGE('',*,*,#2746,.F.);
#3761=ORIENTED_EDGE('',*,*,#2629,.F.);
#3762=ORIENTED_EDGE('',*,*,#2747,.T.);
#3763=ORIENTED_EDGE('',*,*,#2215,.T.);
#3764=ORIENTED_EDGE('',*,*,#2747,.F.);
#3765=ORIENTED_EDGE('',*,*,#2628,.F.);
#3766=ORIENTED_EDGE('',*,*,#2748,.T.);
#3767=ORIENTED_EDGE('',*,*,#2216,.T.);
#3768=ORIENTED_EDGE('',*,*,#2748,.F.);
#3769=ORIENTED_EDGE('',*,*,#2627,.F.);
#3770=ORIENTED_EDGE('',*,*,#2749,.T.);
#3771=ORIENTED_EDGE('',*,*,#2217,.T.);
#3772=ORIENTED_EDGE('',*,*,#2749,.F.);
#3773=ORIENTED_EDGE('',*,*,#2626,.F.);
#3774=ORIENTED_EDGE('',*,*,#2750,.T.);
#3775=ORIENTED_EDGE('',*,*,#2218,.T.);
#3776=ORIENTED_EDGE('',*,*,#2750,.F.);
#3777=ORIENTED_EDGE('',*,*,#2625,.F.);
#3778=ORIENTED_EDGE('',*,*,#2751,.T.);
#3779=ORIENTED_EDGE('',*,*,#2219,.T.);
#3780=ORIENTED_EDGE('',*,*,#2751,.F.);
#3781=ORIENTED_EDGE('',*,*,#2624,.F.);
#3782=ORIENTED_EDGE('',*,*,#2752,.T.);
#3783=ORIENTED_EDGE('',*,*,#2220,.T.);
#3784=ORIENTED_EDGE('',*,*,#2752,.F.);
#3785=ORIENTED_EDGE('',*,*,#2623,.F.);
#3786=ORIENTED_EDGE('',*,*,#2621,.T.);
#3787=ORIENTED_EDGE('',*,*,#2375,.T.);
#3788=ORIENTED_EDGE('',*,*,#2753,.F.);
#3789=ORIENTED_EDGE('',*,*,#2725,.F.);
#3790=ORIENTED_EDGE('',*,*,#2390,.T.);
#3791=ORIENTED_EDGE('',*,*,#2382,.T.);
#3792=ORIENTED_EDGE('',*,*,#2754,.F.);
#3793=ORIENTED_EDGE('',*,*,#2726,.F.);
#3794=ORIENTED_EDGE('',*,*,#2753,.T.);
#3795=ORIENTED_EDGE('',*,*,#2381,.T.);
#3796=ORIENTED_EDGE('',*,*,#2755,.F.);
#3797=ORIENTED_EDGE('',*,*,#2727,.F.);
#3798=ORIENTED_EDGE('',*,*,#2754,.T.);
#3799=ORIENTED_EDGE('',*,*,#2380,.T.);
#3800=ORIENTED_EDGE('',*,*,#2385,.F.);
#3801=ORIENTED_EDGE('',*,*,#2728,.F.);
#3802=ORIENTED_EDGE('',*,*,#2755,.T.);
#3803=ORIENTED_EDGE('',*,*,#2367,.T.);
#3804=ORIENTED_EDGE('',*,*,#2756,.F.);
#3805=ORIENTED_EDGE('',*,*,#2721,.F.);
#3806=ORIENTED_EDGE('',*,*,#2399,.T.);
#3807=ORIENTED_EDGE('',*,*,#2374,.T.);
#3808=ORIENTED_EDGE('',*,*,#2757,.F.);
#3809=ORIENTED_EDGE('',*,*,#2722,.F.);
#3810=ORIENTED_EDGE('',*,*,#2756,.T.);
#3811=ORIENTED_EDGE('',*,*,#2373,.T.);
#3812=ORIENTED_EDGE('',*,*,#2758,.F.);
#3813=ORIENTED_EDGE('',*,*,#2723,.F.);
#3814=ORIENTED_EDGE('',*,*,#2757,.T.);
#3815=ORIENTED_EDGE('',*,*,#2372,.T.);
#3816=ORIENTED_EDGE('',*,*,#2394,.F.);
#3817=ORIENTED_EDGE('',*,*,#2724,.F.);
#3818=ORIENTED_EDGE('',*,*,#2758,.T.);
#3819=ORIENTED_EDGE('',*,*,#2366,.T.);
#3820=ORIENTED_EDGE('',*,*,#2759,.T.);
#3821=ORIENTED_EDGE('',*,*,#2720,.T.);
#3822=ORIENTED_EDGE('',*,*,#2759,.F.);
#3823=ORIENTED_EDGE('',*,*,#2358,.T.);
#3824=ORIENTED_EDGE('',*,*,#2760,.F.);
#3825=ORIENTED_EDGE('',*,*,#2716,.F.);
#3826=ORIENTED_EDGE('',*,*,#2408,.T.);
#3827=ORIENTED_EDGE('',*,*,#2365,.T.);
#3828=ORIENTED_EDGE('',*,*,#2761,.F.);
#3829=ORIENTED_EDGE('',*,*,#2717,.F.);
#3830=ORIENTED_EDGE('',*,*,#2760,.T.);
#3831=ORIENTED_EDGE('',*,*,#2364,.T.);
#3832=ORIENTED_EDGE('',*,*,#2762,.F.);
#3833=ORIENTED_EDGE('',*,*,#2718,.F.);
#3834=ORIENTED_EDGE('',*,*,#2761,.T.);
#3835=ORIENTED_EDGE('',*,*,#2363,.T.);
#3836=ORIENTED_EDGE('',*,*,#2403,.F.);
#3837=ORIENTED_EDGE('',*,*,#2719,.F.);
#3838=ORIENTED_EDGE('',*,*,#2762,.T.);
#3839=ORIENTED_EDGE('',*,*,#2350,.T.);
#3840=ORIENTED_EDGE('',*,*,#2763,.F.);
#3841=ORIENTED_EDGE('',*,*,#2712,.F.);
#3842=ORIENTED_EDGE('',*,*,#2417,.T.);
#3843=ORIENTED_EDGE('',*,*,#2357,.T.);
#3844=ORIENTED_EDGE('',*,*,#2764,.F.);
#3845=ORIENTED_EDGE('',*,*,#2713,.F.);
#3846=ORIENTED_EDGE('',*,*,#2763,.T.);
#3847=ORIENTED_EDGE('',*,*,#2356,.T.);
#3848=ORIENTED_EDGE('',*,*,#2765,.F.);
#3849=ORIENTED_EDGE('',*,*,#2714,.F.);
#3850=ORIENTED_EDGE('',*,*,#2764,.T.);
#3851=ORIENTED_EDGE('',*,*,#2355,.T.);
#3852=ORIENTED_EDGE('',*,*,#2412,.F.);
#3853=ORIENTED_EDGE('',*,*,#2715,.F.);
#3854=ORIENTED_EDGE('',*,*,#2765,.T.);
#3855=ORIENTED_EDGE('',*,*,#2349,.T.);
#3856=ORIENTED_EDGE('',*,*,#2766,.T.);
#3857=ORIENTED_EDGE('',*,*,#2711,.T.);
#3858=ORIENTED_EDGE('',*,*,#2766,.F.);
#3859=ORIENTED_EDGE('',*,*,#2341,.T.);
#3860=ORIENTED_EDGE('',*,*,#2767,.F.);
#3861=ORIENTED_EDGE('',*,*,#2707,.F.);
#3862=ORIENTED_EDGE('',*,*,#2426,.T.);
#3863=ORIENTED_EDGE('',*,*,#2348,.T.);
#3864=ORIENTED_EDGE('',*,*,#2768,.F.);
#3865=ORIENTED_EDGE('',*,*,#2708,.F.);
#3866=ORIENTED_EDGE('',*,*,#2767,.T.);
#3867=ORIENTED_EDGE('',*,*,#2347,.T.);
#3868=ORIENTED_EDGE('',*,*,#2769,.F.);
#3869=ORIENTED_EDGE('',*,*,#2709,.F.);
#3870=ORIENTED_EDGE('',*,*,#2768,.T.);
#3871=ORIENTED_EDGE('',*,*,#2346,.T.);
#3872=ORIENTED_EDGE('',*,*,#2421,.F.);
#3873=ORIENTED_EDGE('',*,*,#2710,.F.);
#3874=ORIENTED_EDGE('',*,*,#2769,.T.);
#3875=ORIENTED_EDGE('',*,*,#2333,.T.);
#3876=ORIENTED_EDGE('',*,*,#2770,.F.);
#3877=ORIENTED_EDGE('',*,*,#2703,.F.);
#3878=ORIENTED_EDGE('',*,*,#2435,.T.);
#3879=ORIENTED_EDGE('',*,*,#2340,.T.);
#3880=ORIENTED_EDGE('',*,*,#2771,.F.);
#3881=ORIENTED_EDGE('',*,*,#2704,.F.);
#3882=ORIENTED_EDGE('',*,*,#2770,.T.);
#3883=ORIENTED_EDGE('',*,*,#2339,.T.);
#3884=ORIENTED_EDGE('',*,*,#2772,.F.);
#3885=ORIENTED_EDGE('',*,*,#2705,.F.);
#3886=ORIENTED_EDGE('',*,*,#2771,.T.);
#3887=ORIENTED_EDGE('',*,*,#2338,.T.);
#3888=ORIENTED_EDGE('',*,*,#2430,.F.);
#3889=ORIENTED_EDGE('',*,*,#2706,.F.);
#3890=ORIENTED_EDGE('',*,*,#2772,.T.);
#3891=ORIENTED_EDGE('',*,*,#2325,.T.);
#3892=ORIENTED_EDGE('',*,*,#2773,.F.);
#3893=ORIENTED_EDGE('',*,*,#2699,.F.);
#3894=ORIENTED_EDGE('',*,*,#2444,.T.);
#3895=ORIENTED_EDGE('',*,*,#2332,.T.);
#3896=ORIENTED_EDGE('',*,*,#2774,.F.);
#3897=ORIENTED_EDGE('',*,*,#2700,.F.);
#3898=ORIENTED_EDGE('',*,*,#2773,.T.);
#3899=ORIENTED_EDGE('',*,*,#2331,.T.);
#3900=ORIENTED_EDGE('',*,*,#2775,.F.);
#3901=ORIENTED_EDGE('',*,*,#2701,.F.);
#3902=ORIENTED_EDGE('',*,*,#2774,.T.);
#3903=ORIENTED_EDGE('',*,*,#2330,.T.);
#3904=ORIENTED_EDGE('',*,*,#2439,.F.);
#3905=ORIENTED_EDGE('',*,*,#2702,.F.);
#3906=ORIENTED_EDGE('',*,*,#2775,.T.);
#3907=ORIENTED_EDGE('',*,*,#2324,.T.);
#3908=ORIENTED_EDGE('',*,*,#2776,.T.);
#3909=ORIENTED_EDGE('',*,*,#2698,.T.);
#3910=ORIENTED_EDGE('',*,*,#2776,.F.);
#3911=ORIENTED_EDGE('',*,*,#2316,.T.);
#3912=ORIENTED_EDGE('',*,*,#2777,.F.);
#3913=ORIENTED_EDGE('',*,*,#2694,.F.);
#3914=ORIENTED_EDGE('',*,*,#2453,.T.);
#3915=ORIENTED_EDGE('',*,*,#2323,.T.);
#3916=ORIENTED_EDGE('',*,*,#2778,.F.);
#3917=ORIENTED_EDGE('',*,*,#2695,.F.);
#3918=ORIENTED_EDGE('',*,*,#2777,.T.);
#3919=ORIENTED_EDGE('',*,*,#2322,.T.);
#3920=ORIENTED_EDGE('',*,*,#2779,.F.);
#3921=ORIENTED_EDGE('',*,*,#2696,.F.);
#3922=ORIENTED_EDGE('',*,*,#2778,.T.);
#3923=ORIENTED_EDGE('',*,*,#2321,.T.);
#3924=ORIENTED_EDGE('',*,*,#2448,.F.);
#3925=ORIENTED_EDGE('',*,*,#2697,.F.);
#3926=ORIENTED_EDGE('',*,*,#2779,.T.);
#3927=ORIENTED_EDGE('',*,*,#2308,.T.);
#3928=ORIENTED_EDGE('',*,*,#2780,.F.);
#3929=ORIENTED_EDGE('',*,*,#2690,.F.);
#3930=ORIENTED_EDGE('',*,*,#2462,.T.);
#3931=ORIENTED_EDGE('',*,*,#2315,.T.);
#3932=ORIENTED_EDGE('',*,*,#2781,.F.);
#3933=ORIENTED_EDGE('',*,*,#2691,.F.);
#3934=ORIENTED_EDGE('',*,*,#2780,.T.);
#3935=ORIENTED_EDGE('',*,*,#2314,.T.);
#3936=ORIENTED_EDGE('',*,*,#2782,.F.);
#3937=ORIENTED_EDGE('',*,*,#2692,.F.);
#3938=ORIENTED_EDGE('',*,*,#2781,.T.);
#3939=ORIENTED_EDGE('',*,*,#2313,.T.);
#3940=ORIENTED_EDGE('',*,*,#2457,.F.);
#3941=ORIENTED_EDGE('',*,*,#2693,.F.);
#3942=ORIENTED_EDGE('',*,*,#2782,.T.);
#3943=ORIENTED_EDGE('',*,*,#2300,.T.);
#3944=ORIENTED_EDGE('',*,*,#2783,.F.);
#3945=ORIENTED_EDGE('',*,*,#2686,.F.);
#3946=ORIENTED_EDGE('',*,*,#2471,.T.);
#3947=ORIENTED_EDGE('',*,*,#2307,.T.);
#3948=ORIENTED_EDGE('',*,*,#2784,.F.);
#3949=ORIENTED_EDGE('',*,*,#2687,.F.);
#3950=ORIENTED_EDGE('',*,*,#2783,.T.);
#3951=ORIENTED_EDGE('',*,*,#2306,.T.);
#3952=ORIENTED_EDGE('',*,*,#2785,.F.);
#3953=ORIENTED_EDGE('',*,*,#2688,.F.);
#3954=ORIENTED_EDGE('',*,*,#2784,.T.);
#3955=ORIENTED_EDGE('',*,*,#2305,.T.);
#3956=ORIENTED_EDGE('',*,*,#2466,.F.);
#3957=ORIENTED_EDGE('',*,*,#2689,.F.);
#3958=ORIENTED_EDGE('',*,*,#2785,.T.);
#3959=ORIENTED_EDGE('',*,*,#2292,.T.);
#3960=ORIENTED_EDGE('',*,*,#2786,.F.);
#3961=ORIENTED_EDGE('',*,*,#2682,.F.);
#3962=ORIENTED_EDGE('',*,*,#2480,.T.);
#3963=ORIENTED_EDGE('',*,*,#2299,.T.);
#3964=ORIENTED_EDGE('',*,*,#2787,.F.);
#3965=ORIENTED_EDGE('',*,*,#2683,.F.);
#3966=ORIENTED_EDGE('',*,*,#2786,.T.);
#3967=ORIENTED_EDGE('',*,*,#2298,.T.);
#3968=ORIENTED_EDGE('',*,*,#2788,.F.);
#3969=ORIENTED_EDGE('',*,*,#2684,.F.);
#3970=ORIENTED_EDGE('',*,*,#2787,.T.);
#3971=ORIENTED_EDGE('',*,*,#2297,.T.);
#3972=ORIENTED_EDGE('',*,*,#2475,.F.);
#3973=ORIENTED_EDGE('',*,*,#2685,.F.);
#3974=ORIENTED_EDGE('',*,*,#2788,.T.);
#3975=ORIENTED_EDGE('',*,*,#2284,.T.);
#3976=ORIENTED_EDGE('',*,*,#2789,.F.);
#3977=ORIENTED_EDGE('',*,*,#2678,.F.);
#3978=ORIENTED_EDGE('',*,*,#2489,.T.);
#3979=ORIENTED_EDGE('',*,*,#2291,.T.);
#3980=ORIENTED_EDGE('',*,*,#2790,.F.);
#3981=ORIENTED_EDGE('',*,*,#2679,.F.);
#3982=ORIENTED_EDGE('',*,*,#2789,.T.);
#3983=ORIENTED_EDGE('',*,*,#2290,.T.);
#3984=ORIENTED_EDGE('',*,*,#2791,.F.);
#3985=ORIENTED_EDGE('',*,*,#2680,.F.);
#3986=ORIENTED_EDGE('',*,*,#2790,.T.);
#3987=ORIENTED_EDGE('',*,*,#2289,.T.);
#3988=ORIENTED_EDGE('',*,*,#2484,.F.);
#3989=ORIENTED_EDGE('',*,*,#2681,.F.);
#3990=ORIENTED_EDGE('',*,*,#2791,.T.);
#3991=ORIENTED_EDGE('',*,*,#2283,.T.);
#3992=ORIENTED_EDGE('',*,*,#2792,.T.);
#3993=ORIENTED_EDGE('',*,*,#2677,.T.);
#3994=ORIENTED_EDGE('',*,*,#2792,.F.);
#3995=ORIENTED_EDGE('',*,*,#2275,.T.);
#3996=ORIENTED_EDGE('',*,*,#2793,.F.);
#3997=ORIENTED_EDGE('',*,*,#2673,.F.);
#3998=ORIENTED_EDGE('',*,*,#2498,.T.);
#3999=ORIENTED_EDGE('',*,*,#2282,.T.);
#4000=ORIENTED_EDGE('',*,*,#2794,.F.);
#4001=ORIENTED_EDGE('',*,*,#2674,.F.);
#4002=ORIENTED_EDGE('',*,*,#2793,.T.);
#4003=ORIENTED_EDGE('',*,*,#2281,.T.);
#4004=ORIENTED_EDGE('',*,*,#2795,.F.);
#4005=ORIENTED_EDGE('',*,*,#2675,.F.);
#4006=ORIENTED_EDGE('',*,*,#2794,.T.);
#4007=ORIENTED_EDGE('',*,*,#2280,.T.);
#4008=ORIENTED_EDGE('',*,*,#2493,.F.);
#4009=ORIENTED_EDGE('',*,*,#2676,.F.);
#4010=ORIENTED_EDGE('',*,*,#2795,.T.);
#4011=ORIENTED_EDGE('',*,*,#2267,.T.);
#4012=ORIENTED_EDGE('',*,*,#2796,.F.);
#4013=ORIENTED_EDGE('',*,*,#2669,.F.);
#4014=ORIENTED_EDGE('',*,*,#2507,.T.);
#4015=ORIENTED_EDGE('',*,*,#2274,.T.);
#4016=ORIENTED_EDGE('',*,*,#2797,.F.);
#4017=ORIENTED_EDGE('',*,*,#2670,.F.);
#4018=ORIENTED_EDGE('',*,*,#2796,.T.);
#4019=ORIENTED_EDGE('',*,*,#2273,.T.);
#4020=ORIENTED_EDGE('',*,*,#2798,.F.);
#4021=ORIENTED_EDGE('',*,*,#2671,.F.);
#4022=ORIENTED_EDGE('',*,*,#2797,.T.);
#4023=ORIENTED_EDGE('',*,*,#2272,.T.);
#4024=ORIENTED_EDGE('',*,*,#2502,.F.);
#4025=ORIENTED_EDGE('',*,*,#2672,.F.);
#4026=ORIENTED_EDGE('',*,*,#2798,.T.);
#4027=ORIENTED_EDGE('',*,*,#2259,.T.);
#4028=ORIENTED_EDGE('',*,*,#2799,.F.);
#4029=ORIENTED_EDGE('',*,*,#2665,.F.);
#4030=ORIENTED_EDGE('',*,*,#2516,.T.);
#4031=ORIENTED_EDGE('',*,*,#2266,.T.);
#4032=ORIENTED_EDGE('',*,*,#2800,.F.);
#4033=ORIENTED_EDGE('',*,*,#2666,.F.);
#4034=ORIENTED_EDGE('',*,*,#2799,.T.);
#4035=ORIENTED_EDGE('',*,*,#2265,.T.);
#4036=ORIENTED_EDGE('',*,*,#2801,.F.);
#4037=ORIENTED_EDGE('',*,*,#2667,.F.);
#4038=ORIENTED_EDGE('',*,*,#2800,.T.);
#4039=ORIENTED_EDGE('',*,*,#2264,.T.);
#4040=ORIENTED_EDGE('',*,*,#2511,.F.);
#4041=ORIENTED_EDGE('',*,*,#2668,.F.);
#4042=ORIENTED_EDGE('',*,*,#2801,.T.);
#4043=ORIENTED_EDGE('',*,*,#2251,.T.);
#4044=ORIENTED_EDGE('',*,*,#2802,.F.);
#4045=ORIENTED_EDGE('',*,*,#2661,.F.);
#4046=ORIENTED_EDGE('',*,*,#2525,.T.);
#4047=ORIENTED_EDGE('',*,*,#2258,.T.);
#4048=ORIENTED_EDGE('',*,*,#2803,.F.);
#4049=ORIENTED_EDGE('',*,*,#2662,.F.);
#4050=ORIENTED_EDGE('',*,*,#2802,.T.);
#4051=ORIENTED_EDGE('',*,*,#2257,.T.);
#4052=ORIENTED_EDGE('',*,*,#2804,.F.);
#4053=ORIENTED_EDGE('',*,*,#2663,.F.);
#4054=ORIENTED_EDGE('',*,*,#2803,.T.);
#4055=ORIENTED_EDGE('',*,*,#2256,.T.);
#4056=ORIENTED_EDGE('',*,*,#2520,.F.);
#4057=ORIENTED_EDGE('',*,*,#2664,.F.);
#4058=ORIENTED_EDGE('',*,*,#2804,.T.);
#4059=ORIENTED_EDGE('',*,*,#2243,.T.);
#4060=ORIENTED_EDGE('',*,*,#2805,.F.);
#4061=ORIENTED_EDGE('',*,*,#2657,.F.);
#4062=ORIENTED_EDGE('',*,*,#2534,.T.);
#4063=ORIENTED_EDGE('',*,*,#2250,.T.);
#4064=ORIENTED_EDGE('',*,*,#2806,.F.);
#4065=ORIENTED_EDGE('',*,*,#2658,.F.);
#4066=ORIENTED_EDGE('',*,*,#2805,.T.);
#4067=ORIENTED_EDGE('',*,*,#2249,.T.);
#4068=ORIENTED_EDGE('',*,*,#2807,.F.);
#4069=ORIENTED_EDGE('',*,*,#2659,.F.);
#4070=ORIENTED_EDGE('',*,*,#2806,.T.);
#4071=ORIENTED_EDGE('',*,*,#2248,.T.);
#4072=ORIENTED_EDGE('',*,*,#2529,.F.);
#4073=ORIENTED_EDGE('',*,*,#2660,.F.);
#4074=ORIENTED_EDGE('',*,*,#2807,.T.);
#4075=ORIENTED_EDGE('',*,*,#2235,.T.);
#4076=ORIENTED_EDGE('',*,*,#2808,.F.);
#4077=ORIENTED_EDGE('',*,*,#2653,.F.);
#4078=ORIENTED_EDGE('',*,*,#2543,.T.);
#4079=ORIENTED_EDGE('',*,*,#2242,.T.);
#4080=ORIENTED_EDGE('',*,*,#2809,.F.);
#4081=ORIENTED_EDGE('',*,*,#2654,.F.);
#4082=ORIENTED_EDGE('',*,*,#2808,.T.);
#4083=ORIENTED_EDGE('',*,*,#2241,.T.);
#4084=ORIENTED_EDGE('',*,*,#2810,.F.);
#4085=ORIENTED_EDGE('',*,*,#2655,.F.);
#4086=ORIENTED_EDGE('',*,*,#2809,.T.);
#4087=ORIENTED_EDGE('',*,*,#2240,.T.);
#4088=ORIENTED_EDGE('',*,*,#2538,.F.);
#4089=ORIENTED_EDGE('',*,*,#2656,.F.);
#4090=ORIENTED_EDGE('',*,*,#2810,.T.);
#4091=ORIENTED_EDGE('',*,*,#2227,.T.);
#4092=ORIENTED_EDGE('',*,*,#2811,.F.);
#4093=ORIENTED_EDGE('',*,*,#2649,.F.);
#4094=ORIENTED_EDGE('',*,*,#2552,.T.);
#4095=ORIENTED_EDGE('',*,*,#2234,.T.);
#4096=ORIENTED_EDGE('',*,*,#2812,.F.);
#4097=ORIENTED_EDGE('',*,*,#2650,.F.);
#4098=ORIENTED_EDGE('',*,*,#2811,.T.);
#4099=ORIENTED_EDGE('',*,*,#2233,.T.);
#4100=ORIENTED_EDGE('',*,*,#2813,.F.);
#4101=ORIENTED_EDGE('',*,*,#2651,.F.);
#4102=ORIENTED_EDGE('',*,*,#2812,.T.);
#4103=ORIENTED_EDGE('',*,*,#2232,.T.);
#4104=ORIENTED_EDGE('',*,*,#2547,.F.);
#4105=ORIENTED_EDGE('',*,*,#2652,.F.);
#4106=ORIENTED_EDGE('',*,*,#2813,.T.);
#4107=ORIENTED_EDGE('',*,*,#2226,.T.);
#4108=ORIENTED_EDGE('',*,*,#2814,.T.);
#4109=ORIENTED_EDGE('',*,*,#2648,.T.);
#4110=ORIENTED_EDGE('',*,*,#2814,.F.);
#4111=PLANE('',#4450);
#4112=PLANE('',#4565);
#4113=PLANE('',#4568);
#4114=PLANE('',#4571);
#4115=PLANE('',#4574);
#4116=PLANE('',#4577);
#4117=PLANE('',#4580);
#4118=PLANE('',#4583);
#4119=PLANE('',#4586);
#4120=PLANE('',#4589);
#4121=PLANE('',#4592);
#4122=PLANE('',#4595);
#4123=PLANE('',#4598);
#4124=PLANE('',#4601);
#4125=PLANE('',#4604);
#4126=PLANE('',#4607);
#4127=PLANE('',#4610);
#4128=PLANE('',#4613);
#4129=PLANE('',#4616);
#4130=PLANE('',#4619);
#4131=PLANE('',#4622);
#4132=PLANE('',#4625);
#4133=PLANE('',#4628);
#4134=PLANE('',#4631);
#4135=PLANE('',#4634);
#4136=PLANE('',#4637);
#4137=PLANE('',#4640);
#4138=PLANE('',#4643);
#4139=PLANE('',#4646);
#4140=PLANE('',#4649);
#4141=PLANE('',#4652);
#4142=PLANE('',#4655);
#4143=PLANE('',#4658);
#4144=PLANE('',#4661);
#4145=PLANE('',#4664);
#4146=PLANE('',#4667);
#4147=PLANE('',#4670);
#4148=PLANE('',#4673);
#4149=PLANE('',#4676);
#4150=PLANE('',#4679);
#4151=PLANE('',#4682);
#4152=PLANE('',#4687);
#4153=PLANE('',#4690);
#4154=PLANE('',#4693);
#4155=PLANE('',#4696);
#4156=PLANE('',#4699);
#4157=PLANE('',#4702);
#4158=PLANE('',#4705);
#4159=PLANE('',#4708);
#4160=PLANE('',#4711);
#4161=PLANE('',#4712);
#4162=PLANE('',#4715);
#4163=PLANE('',#4718);
#4164=PLANE('',#4723);
#4165=PLANE('',#4728);
#4166=PLANE('',#4729);
#4167=PLANE('',#4788);
#4168=PLANE('',#4789);
#4169=PLANE('',#4791);
#4170=PLANE('',#4792);
#4171=PLANE('',#4793);
#4172=PLANE('',#4795);
#4173=PLANE('',#4798);
#4174=PLANE('',#4800);
#4175=PLANE('',#4802);
#4176=PLANE('',#4804);
#4177=PLANE('',#4806);
#4178=PLANE('',#4809);
#4179=PLANE('',#4812);
#4180=PLANE('',#4814);
#4181=PLANE('',#4816);
#4182=PLANE('',#4818);
#4183=PLANE('',#4821);
#4184=PLANE('',#4823);
#4185=PLANE('',#4825);
#4186=PLANE('',#4827);
#4187=PLANE('',#4830);
#4188=PLANE('',#4832);
#4189=PLANE('',#4834);
#4190=PLANE('',#4836);
#4191=PLANE('',#4838);
#4192=PLANE('',#4840);
#4193=PLANE('',#4843);
#4194=PLANE('',#4845);
#4195=PLANE('',#4847);
#4196=PLANE('',#4849);
#4197=PLANE('',#4851);
#4198=PLANE('',#4853);
#4199=PLANE('',#4855);
#4200=PLANE('',#4857);
#4201=PLANE('',#4859);
#4202=PLANE('',#4861);
#4203=PLANE('',#4864);
#4204=PLANE('',#4866);
#4205=PLANE('',#4868);
#4206=PLANE('',#4870);
#4207=PLANE('',#4872);
#4208=PLANE('',#4874);
#4209=PLANE('',#4876);
#4210=PLANE('',#4878);
#4211=PLANE('',#4880);
#4212=PLANE('',#4882);
#4213=PLANE('',#4884);
#4214=PLANE('',#4886);
#4215=PLANE('',#4888);
#4216=PLANE('',#4890);
#4217=ADVANCED_FACE('',(#179,#131,#132,#133,#134,#135,#136,#137,#138,#139,
#140,#141,#142,#143,#144,#145,#146,#147,#148,#149,#150,#151,#152,#153,#154),
#4111,.T.);
#4218=ADVANCED_FACE('',(#180),#19,.F.);
#4219=ADVANCED_FACE('',(#181),#4112,.T.);
#4220=ADVANCED_FACE('',(#182),#20,.F.);
#4221=ADVANCED_FACE('',(#183),#4113,.T.);
#4222=ADVANCED_FACE('',(#184),#21,.F.);
#4223=ADVANCED_FACE('',(#185),#4114,.T.);
#4224=ADVANCED_FACE('',(#186),#22,.F.);
#4225=ADVANCED_FACE('',(#187),#4115,.T.);
#4226=ADVANCED_FACE('',(#188),#23,.F.);
#4227=ADVANCED_FACE('',(#189),#4116,.T.);
#4228=ADVANCED_FACE('',(#190),#24,.F.);
#4229=ADVANCED_FACE('',(#191),#4117,.T.);
#4230=ADVANCED_FACE('',(#192),#25,.F.);
#4231=ADVANCED_FACE('',(#193),#4118,.T.);
#4232=ADVANCED_FACE('',(#194),#26,.F.);
#4233=ADVANCED_FACE('',(#195),#4119,.T.);
#4234=ADVANCED_FACE('',(#196),#27,.F.);
#4235=ADVANCED_FACE('',(#197),#4120,.T.);
#4236=ADVANCED_FACE('',(#198),#28,.F.);
#4237=ADVANCED_FACE('',(#199),#4121,.T.);
#4238=ADVANCED_FACE('',(#200),#29,.F.);
#4239=ADVANCED_FACE('',(#201),#4122,.T.);
#4240=ADVANCED_FACE('',(#202),#30,.F.);
#4241=ADVANCED_FACE('',(#203),#4123,.T.);
#4242=ADVANCED_FACE('',(#204),#31,.F.);
#4243=ADVANCED_FACE('',(#205),#4124,.T.);
#4244=ADVANCED_FACE('',(#206),#32,.F.);
#4245=ADVANCED_FACE('',(#207),#4125,.T.);
#4246=ADVANCED_FACE('',(#208),#33,.F.);
#4247=ADVANCED_FACE('',(#209),#4126,.T.);
#4248=ADVANCED_FACE('',(#210),#34,.F.);
#4249=ADVANCED_FACE('',(#211),#4127,.T.);
#4250=ADVANCED_FACE('',(#212),#35,.F.);
#4251=ADVANCED_FACE('',(#213),#4128,.T.);
#4252=ADVANCED_FACE('',(#214),#36,.F.);
#4253=ADVANCED_FACE('',(#215),#4129,.T.);
#4254=ADVANCED_FACE('',(#216),#37,.F.);
#4255=ADVANCED_FACE('',(#217),#4130,.T.);
#4256=ADVANCED_FACE('',(#218),#38,.F.);
#4257=ADVANCED_FACE('',(#219),#4131,.T.);
#4258=ADVANCED_FACE('',(#220),#39,.F.);
#4259=ADVANCED_FACE('',(#221),#4132,.T.);
#4260=ADVANCED_FACE('',(#222),#40,.F.);
#4261=ADVANCED_FACE('',(#223),#4133,.T.);
#4262=ADVANCED_FACE('',(#224),#41,.F.);
#4263=ADVANCED_FACE('',(#225),#4134,.T.);
#4264=ADVANCED_FACE('',(#226),#42,.F.);
#4265=ADVANCED_FACE('',(#227),#4135,.T.);
#4266=ADVANCED_FACE('',(#228),#43,.F.);
#4267=ADVANCED_FACE('',(#229),#4136,.T.);
#4268=ADVANCED_FACE('',(#230),#44,.F.);
#4269=ADVANCED_FACE('',(#231),#4137,.T.);
#4270=ADVANCED_FACE('',(#232),#45,.F.);
#4271=ADVANCED_FACE('',(#233),#4138,.T.);
#4272=ADVANCED_FACE('',(#234),#46,.F.);
#4273=ADVANCED_FACE('',(#235),#4139,.T.);
#4274=ADVANCED_FACE('',(#236),#47,.F.);
#4275=ADVANCED_FACE('',(#237),#4140,.T.);
#4276=ADVANCED_FACE('',(#238),#48,.F.);
#4277=ADVANCED_FACE('',(#239),#4141,.T.);
#4278=ADVANCED_FACE('',(#240),#49,.F.);
#4279=ADVANCED_FACE('',(#241),#4142,.T.);
#4280=ADVANCED_FACE('',(#242),#50,.F.);
#4281=ADVANCED_FACE('',(#243),#4143,.T.);
#4282=ADVANCED_FACE('',(#244),#51,.F.);
#4283=ADVANCED_FACE('',(#245),#4144,.T.);
#4284=ADVANCED_FACE('',(#246),#52,.F.);
#4285=ADVANCED_FACE('',(#247),#4145,.T.);
#4286=ADVANCED_FACE('',(#248),#53,.F.);
#4287=ADVANCED_FACE('',(#249),#4146,.T.);
#4288=ADVANCED_FACE('',(#250),#54,.F.);
#4289=ADVANCED_FACE('',(#251),#4147,.T.);
#4290=ADVANCED_FACE('',(#252),#55,.F.);
#4291=ADVANCED_FACE('',(#253),#4148,.T.);
#4292=ADVANCED_FACE('',(#254),#56,.F.);
#4293=ADVANCED_FACE('',(#255),#4149,.T.);
#4294=ADVANCED_FACE('',(#256),#57,.F.);
#4295=ADVANCED_FACE('',(#257),#4150,.T.);
#4296=ADVANCED_FACE('',(#258),#58,.T.);
#4297=ADVANCED_FACE('',(#259),#4151,.T.);
#4298=ADVANCED_FACE('',(#260),#59,.T.);
#4299=ADVANCED_FACE('',(#261),#60,.F.);
#4300=ADVANCED_FACE('',(#262),#4152,.T.);
#4301=ADVANCED_FACE('',(#263),#61,.T.);
#4302=ADVANCED_FACE('',(#264),#4153,.T.);
#4303=ADVANCED_FACE('',(#265),#62,.F.);
#4304=ADVANCED_FACE('',(#266),#4154,.T.);
#4305=ADVANCED_FACE('',(#267),#63,.T.);
#4306=ADVANCED_FACE('',(#268),#4155,.T.);
#4307=ADVANCED_FACE('',(#269),#64,.F.);
#4308=ADVANCED_FACE('',(#270),#4156,.T.);
#4309=ADVANCED_FACE('',(#271),#65,.T.);
#4310=ADVANCED_FACE('',(#272),#4157,.T.);
#4311=ADVANCED_FACE('',(#273),#66,.T.);
#4312=ADVANCED_FACE('',(#274),#4158,.T.);
#4313=ADVANCED_FACE('',(#275),#67,.F.);
#4314=ADVANCED_FACE('',(#276),#4159,.T.);
#4315=ADVANCED_FACE('',(#277),#68,.T.);
#4316=ADVANCED_FACE('',(#278),#4160,.T.);
#4317=ADVANCED_FACE('',(#279),#4161,.T.);
#4318=ADVANCED_FACE('',(#280),#69,.T.);
#4319=ADVANCED_FACE('',(#281),#4162,.T.);
#4320=ADVANCED_FACE('',(#282),#70,.T.);
#4321=ADVANCED_FACE('',(#283),#4163,.T.);
#4322=ADVANCED_FACE('',(#284),#71,.T.);
#4323=ADVANCED_FACE('',(#285),#72,.F.);
#4324=ADVANCED_FACE('',(#286),#4164,.F.);
#4325=ADVANCED_FACE('',(#287),#73,.F.);
#4326=ADVANCED_FACE('',(#288),#74,.T.);
#4327=ADVANCED_FACE('',(#289),#4165,.T.);
#4328=ADVANCED_FACE('',(#290,#155,#156,#157,#158,#159,#160,#161,#162,#163,
#164,#165,#166,#167,#168,#169,#170,#171,#172,#173,#174,#175,#176,#177,#178),
#4166,.F.);
#4329=ADVANCED_FACE('',(#291),#75,.T.);
#4330=ADVANCED_FACE('',(#292),#76,.T.);
#4331=ADVANCED_FACE('',(#293),#4167,.F.);
#4332=ADVANCED_FACE('',(#294),#4168,.T.);
#4333=ADVANCED_FACE('',(#295),#77,.F.);
#4334=ADVANCED_FACE('',(#296),#4169,.F.);
#4335=ADVANCED_FACE('',(#297),#4170,.T.);
#4336=ADVANCED_FACE('',(#298),#4171,.T.);
#4337=ADVANCED_FACE('',(#299),#78,.T.);
#4338=ADVANCED_FACE('',(#300),#4172,.T.);
#4339=ADVANCED_FACE('',(#301),#79,.F.);
#4340=ADVANCED_FACE('',(#302),#80,.F.);
#4341=ADVANCED_FACE('',(#303),#4173,.T.);
#4342=ADVANCED_FACE('',(#304),#81,.T.);
#4343=ADVANCED_FACE('',(#305),#4174,.T.);
#4344=ADVANCED_FACE('',(#306),#82,.T.);
#4345=ADVANCED_FACE('',(#307),#4175,.T.);
#4346=ADVANCED_FACE('',(#308),#83,.T.);
#4347=ADVANCED_FACE('',(#309),#4176,.T.);
#4348=ADVANCED_FACE('',(#310),#84,.F.);
#4349=ADVANCED_FACE('',(#311),#4177,.T.);
#4350=ADVANCED_FACE('',(#312),#85,.T.);
#4351=ADVANCED_FACE('',(#313),#86,.F.);
#4352=ADVANCED_FACE('',(#314),#4178,.T.);
#4353=ADVANCED_FACE('',(#315),#87,.F.);
#4354=ADVANCED_FACE('',(#316),#88,.F.);
#4355=ADVANCED_FACE('',(#317),#4179,.T.);
#4356=ADVANCED_FACE('',(#318),#89,.F.);
#4357=ADVANCED_FACE('',(#319),#4180,.T.);
#4358=ADVANCED_FACE('',(#320),#90,.F.);
#4359=ADVANCED_FACE('',(#321),#4181,.T.);
#4360=ADVANCED_FACE('',(#322),#91,.F.);
#4361=ADVANCED_FACE('',(#323),#4182,.T.);
#4362=ADVANCED_FACE('',(#324),#92,.F.);
#4363=ADVANCED_FACE('',(#325),#93,.F.);
#4364=ADVANCED_FACE('',(#326),#4183,.T.);
#4365=ADVANCED_FACE('',(#327),#94,.F.);
#4366=ADVANCED_FACE('',(#328),#4184,.T.);
#4367=ADVANCED_FACE('',(#329),#95,.F.);
#4368=ADVANCED_FACE('',(#330),#4185,.T.);
#4369=ADVANCED_FACE('',(#331),#96,.F.);
#4370=ADVANCED_FACE('',(#332),#4186,.T.);
#4371=ADVANCED_FACE('',(#333),#97,.F.);
#4372=ADVANCED_FACE('',(#334),#98,.F.);
#4373=ADVANCED_FACE('',(#335),#4187,.T.);
#4374=ADVANCED_FACE('',(#336),#99,.F.);
#4375=ADVANCED_FACE('',(#337),#4188,.T.);
#4376=ADVANCED_FACE('',(#338),#100,.F.);
#4377=ADVANCED_FACE('',(#339),#4189,.T.);
#4378=ADVANCED_FACE('',(#340),#101,.F.);
#4379=ADVANCED_FACE('',(#341),#4190,.T.);
#4380=ADVANCED_FACE('',(#342),#102,.F.);
#4381=ADVANCED_FACE('',(#343),#4191,.T.);
#4382=ADVANCED_FACE('',(#344),#103,.F.);
#4383=ADVANCED_FACE('',(#345),#4192,.T.);
#4384=ADVANCED_FACE('',(#346),#104,.F.);
#4385=ADVANCED_FACE('',(#347),#105,.F.);
#4386=ADVANCED_FACE('',(#348),#4193,.T.);
#4387=ADVANCED_FACE('',(#349),#106,.F.);
#4388=ADVANCED_FACE('',(#350),#4194,.T.);
#4389=ADVANCED_FACE('',(#351),#107,.F.);
#4390=ADVANCED_FACE('',(#352),#4195,.T.);
#4391=ADVANCED_FACE('',(#353),#108,.F.);
#4392=ADVANCED_FACE('',(#354),#4196,.T.);
#4393=ADVANCED_FACE('',(#355),#109,.F.);
#4394=ADVANCED_FACE('',(#356),#4197,.T.);
#4395=ADVANCED_FACE('',(#357),#110,.F.);
#4396=ADVANCED_FACE('',(#358),#4198,.T.);
#4397=ADVANCED_FACE('',(#359),#111,.F.);
#4398=ADVANCED_FACE('',(#360),#4199,.T.);
#4399=ADVANCED_FACE('',(#361),#112,.F.);
#4400=ADVANCED_FACE('',(#362),#4200,.T.);
#4401=ADVANCED_FACE('',(#363),#113,.F.);
#4402=ADVANCED_FACE('',(#364),#4201,.T.);
#4403=ADVANCED_FACE('',(#365),#114,.F.);
#4404=ADVANCED_FACE('',(#366),#4202,.T.);
#4405=ADVANCED_FACE('',(#367),#115,.F.);
#4406=ADVANCED_FACE('',(#368),#116,.F.);
#4407=ADVANCED_FACE('',(#369),#4203,.T.);
#4408=ADVANCED_FACE('',(#370),#117,.F.);
#4409=ADVANCED_FACE('',(#371),#4204,.T.);
#4410=ADVANCED_FACE('',(#372),#118,.F.);
#4411=ADVANCED_FACE('',(#373),#4205,.T.);
#4412=ADVANCED_FACE('',(#374),#119,.F.);
#4413=ADVANCED_FACE('',(#375),#4206,.T.);
#4414=ADVANCED_FACE('',(#376),#120,.F.);
#4415=ADVANCED_FACE('',(#377),#4207,.T.);
#4416=ADVANCED_FACE('',(#378),#121,.F.);
#4417=ADVANCED_FACE('',(#379),#4208,.T.);
#4418=ADVANCED_FACE('',(#380),#122,.F.);
#4419=ADVANCED_FACE('',(#381),#4209,.T.);
#4420=ADVANCED_FACE('',(#382),#123,.F.);
#4421=ADVANCED_FACE('',(#383),#4210,.T.);
#4422=ADVANCED_FACE('',(#384),#124,.F.);
#4423=ADVANCED_FACE('',(#385),#4211,.T.);
#4424=ADVANCED_FACE('',(#386),#125,.F.);
#4425=ADVANCED_FACE('',(#387),#4212,.T.);
#4426=ADVANCED_FACE('',(#388),#126,.F.);
#4427=ADVANCED_FACE('',(#389),#4213,.T.);
#4428=ADVANCED_FACE('',(#390),#127,.F.);
#4429=ADVANCED_FACE('',(#391),#4214,.T.);
#4430=ADVANCED_FACE('',(#392),#128,.F.);
#4431=ADVANCED_FACE('',(#393),#4215,.T.);
#4432=ADVANCED_FACE('',(#394),#129,.F.);
#4433=ADVANCED_FACE('',(#395),#4216,.T.);
#4434=ADVANCED_FACE('',(#396),#130,.F.);
#4435=CLOSED_SHELL('',(#4217,#4218,#4219,#4220,#4221,#4222,#4223,#4224,
#4225,#4226,#4227,#4228,#4229,#4230,#4231,#4232,#4233,#4234,#4235,#4236,
#4237,#4238,#4239,#4240,#4241,#4242,#4243,#4244,#4245,#4246,#4247,#4248,
#4249,#4250,#4251,#4252,#4253,#4254,#4255,#4256,#4257,#4258,#4259,#4260,
#4261,#4262,#4263,#4264,#4265,#4266,#4267,#4268,#4269,#4270,#4271,#4272,
#4273,#4274,#4275,#4276,#4277,#4278,#4279,#4280,#4281,#4282,#4283,#4284,
#4285,#4286,#4287,#4288,#4289,#4290,#4291,#4292,#4293,#4294,#4295,#4296,
#4297,#4298,#4299,#4300,#4301,#4302,#4303,#4304,#4305,#4306,#4307,#4308,
#4309,#4310,#4311,#4312,#4313,#4314,#4315,#4316,#4317,#4318,#4319,#4320,
#4321,#4322,#4323,#4324,#4325,#4326,#4327,#4328,#4329,#4330,#4331,#4332,
#4333,#4334,#4335,#4336,#4337,#4338,#4339,#4340,#4341,#4342,#4343,#4344,
#4345,#4346,#4347,#4348,#4349,#4350,#4351,#4352,#4353,#4354,#4355,#4356,
#4357,#4358,#4359,#4360,#4361,#4362,#4363,#4364,#4365,#4366,#4367,#4368,
#4369,#4370,#4371,#4372,#4373,#4374,#4375,#4376,#4377,#4378,#4379,#4380,
#4381,#4382,#4383,#4384,#4385,#4386,#4387,#4388,#4389,#4390,#4391,#4392,
#4393,#4394,#4395,#4396,#4397,#4398,#4399,#4400,#4401,#4402,#4403,#4404,
#4405,#4406,#4407,#4408,#4409,#4410,#4411,#4412,#4413,#4414,#4415,#4416,
#4417,#4418,#4419,#4420,#4421,#4422,#4423,#4424,#4425,#4426,#4427,#4428,
#4429,#4430,#4431,#4432,#4433,#4434));
#4436=DERIVED_UNIT_ELEMENT(#4438,1.);
#4437=DERIVED_UNIT_ELEMENT(#7515,-3.);
#4438=(
MASS_UNIT()
NAMED_UNIT(*)
SI_UNIT(.KILO.,.GRAM.)
);
#4439=DERIVED_UNIT((#4436,#4437));
#4440=MEASURE_REPRESENTATION_ITEM('density measure',
POSITIVE_RATIO_MEASURE(7850.),#4439);
#4441=PROPERTY_DEFINITION_REPRESENTATION(#4446,#4443);
#4442=PROPERTY_DEFINITION_REPRESENTATION(#4447,#4444);
#4443=REPRESENTATION('material name',(#4445),#7512);
#4444=REPRESENTATION('density',(#4440),#7512);
#4445=DESCRIPTIVE_REPRESENTATION_ITEM('\X2\92FC\X0\','\X2\92FC\X0\');
#4446=PROPERTY_DEFINITION('material property','material name',#7527);
#4447=PROPERTY_DEFINITION('material property','density of part',#7527);
#4448=AXIS2_PLACEMENT_3D('',#6207,#4893,#4894);
#4449=AXIS2_PLACEMENT_3D('',#6208,#4895,#4896);
#4450=AXIS2_PLACEMENT_3D('',#6209,#4897,#4898);
#4451=AXIS2_PLACEMENT_3D('',#6212,#4899,#4900);
#4452=AXIS2_PLACEMENT_3D('',#6216,#4902,#4903);
#4453=AXIS2_PLACEMENT_3D('',#6220,#4905,#4906);
#4454=AXIS2_PLACEMENT_3D('',#6226,#4909,#4910);
#4455=AXIS2_PLACEMENT_3D('',#6230,#4912,#4913);
#4456=AXIS2_PLACEMENT_3D('',#6234,#4915,#4916);
#4457=AXIS2_PLACEMENT_3D('',#6238,#4918,#4919);
#4458=AXIS2_PLACEMENT_3D('',#6242,#4921,#4922);
#4459=AXIS2_PLACEMENT_3D('',#6246,#4924,#4925);
#4460=AXIS2_PLACEMENT_3D('',#6250,#4927,#4928);
#4461=AXIS2_PLACEMENT_3D('',#6254,#4930,#4931);
#4462=AXIS2_PLACEMENT_3D('',#6258,#4933,#4934);
#4463=AXIS2_PLACEMENT_3D('',#6260,#4935,#4936);
#4464=AXIS2_PLACEMENT_3D('',#6264,#4938,#4939);
#4465=AXIS2_PLACEMENT_3D('',#6268,#4941,#4942);
#4466=AXIS2_PLACEMENT_3D('',#6272,#4944,#4945);
#4467=AXIS2_PLACEMENT_3D('',#6276,#4947,#4948);
#4468=AXIS2_PLACEMENT_3D('',#6280,#4950,#4951);
#4469=AXIS2_PLACEMENT_3D('',#6284,#4953,#4954);
#4470=AXIS2_PLACEMENT_3D('',#6288,#4956,#4957);
#4471=AXIS2_PLACEMENT_3D('',#6292,#4959,#4960);
#4472=AXIS2_PLACEMENT_3D('',#6296,#4962,#4963);
#4473=AXIS2_PLACEMENT_3D('',#6300,#4965,#4966);
#4474=AXIS2_PLACEMENT_3D('',#6304,#4968,#4969);
#4475=AXIS2_PLACEMENT_3D('',#6308,#4971,#4972);
#4476=AXIS2_PLACEMENT_3D('',#6312,#4974,#4975);
#4477=AXIS2_PLACEMENT_3D('',#6314,#4976,#4977);
#4478=AXIS2_PLACEMENT_3D('',#6318,#4979,#4980);
#4479=AXIS2_PLACEMENT_3D('',#6322,#4982,#4983);
#4480=AXIS2_PLACEMENT_3D('',#6324,#4984,#4985);
#4481=AXIS2_PLACEMENT_3D('',#6327,#4987,#4988);
#4482=AXIS2_PLACEMENT_3D('',#6329,#4989,#4990);
#4483=AXIS2_PLACEMENT_3D('',#6332,#4991,#4992);
#4484=AXIS2_PLACEMENT_3D('',#6336,#4994,#4995);
#4485=AXIS2_PLACEMENT_3D('',#6340,#4997,#4998);
#4486=AXIS2_PLACEMENT_3D('',#6344,#5000,#5001);
#4487=AXIS2_PLACEMENT_3D('',#6348,#5003,#5004);
#4488=AXIS2_PLACEMENT_3D('',#6352,#5006,#5007);
#4489=AXIS2_PLACEMENT_3D('',#6356,#5009,#5010);
#4490=AXIS2_PLACEMENT_3D('',#6360,#5012,#5013);
#4491=AXIS2_PLACEMENT_3D('',#6364,#5015,#5016);
#4492=AXIS2_PLACEMENT_3D('',#6368,#5018,#5019);
#4493=AXIS2_PLACEMENT_3D('',#6372,#5021,#5022);
#4494=AXIS2_PLACEMENT_3D('',#6376,#5024,#5025);
#4495=AXIS2_PLACEMENT_3D('',#6380,#5027,#5028);
#4496=AXIS2_PLACEMENT_3D('',#6384,#5030,#5031);
#4497=AXIS2_PLACEMENT_3D('',#6388,#5033,#5034);
#4498=AXIS2_PLACEMENT_3D('',#6392,#5036,#5037);
#4499=AXIS2_PLACEMENT_3D('',#6396,#5039,#5040);
#4500=AXIS2_PLACEMENT_3D('',#6400,#5042,#5043);
#4501=AXIS2_PLACEMENT_3D('',#6404,#5045,#5046);
#4502=AXIS2_PLACEMENT_3D('',#6408,#5048,#5049);
#4503=AXIS2_PLACEMENT_3D('',#6412,#5051,#5052);
#4504=AXIS2_PLACEMENT_3D('',#6416,#5054,#5055);
#4505=AXIS2_PLACEMENT_3D('',#6420,#5057,#5058);
#4506=AXIS2_PLACEMENT_3D('',#6424,#5060,#5061);
#4507=AXIS2_PLACEMENT_3D('',#6428,#5063,#5064);
#4508=AXIS2_PLACEMENT_3D('',#6432,#5066,#5067);
#4509=AXIS2_PLACEMENT_3D('',#6436,#5069,#5070);
#4510=AXIS2_PLACEMENT_3D('',#6440,#5072,#5073);
#4511=AXIS2_PLACEMENT_3D('',#6443,#5075,#5076);
#4512=AXIS2_PLACEMENT_3D('',#6446,#5077,#5078);
#4513=AXIS2_PLACEMENT_3D('',#6450,#5080,#5081);
#4514=AXIS2_PLACEMENT_3D('',#6454,#5083,#5084);
#4515=AXIS2_PLACEMENT_3D('',#6458,#5086,#5087);
#4516=AXIS2_PLACEMENT_3D('',#6462,#5089,#5090);
#4517=AXIS2_PLACEMENT_3D('',#6466,#5092,#5093);
#4518=AXIS2_PLACEMENT_3D('',#6470,#5095,#5096);
#4519=AXIS2_PLACEMENT_3D('',#6474,#5098,#5099);
#4520=AXIS2_PLACEMENT_3D('',#6478,#5101,#5102);
#4521=AXIS2_PLACEMENT_3D('',#6482,#5104,#5105);
#4522=AXIS2_PLACEMENT_3D('',#6486,#5107,#5108);
#4523=AXIS2_PLACEMENT_3D('',#6490,#5110,#5111);
#4524=AXIS2_PLACEMENT_3D('',#6494,#5113,#5114);
#4525=AXIS2_PLACEMENT_3D('',#6498,#5116,#5117);
#4526=AXIS2_PLACEMENT_3D('',#6502,#5119,#5120);
#4527=AXIS2_PLACEMENT_3D('',#6506,#5122,#5123);
#4528=AXIS2_PLACEMENT_3D('',#6510,#5125,#5126);
#4529=AXIS2_PLACEMENT_3D('',#6514,#5128,#5129);
#4530=AXIS2_PLACEMENT_3D('',#6518,#5131,#5132);
#4531=AXIS2_PLACEMENT_3D('',#6522,#5134,#5135);
#4532=AXIS2_PLACEMENT_3D('',#6525,#5137,#5138);
#4533=AXIS2_PLACEMENT_3D('',#6528,#5139,#5140);
#4534=AXIS2_PLACEMENT_3D('',#6532,#5142,#5143);
#4535=AXIS2_PLACEMENT_3D('',#6536,#5145,#5146);
#4536=AXIS2_PLACEMENT_3D('',#6540,#5148,#5149);
#4537=AXIS2_PLACEMENT_3D('',#6544,#5151,#5152);
#4538=AXIS2_PLACEMENT_3D('',#6548,#5154,#5155);
#4539=AXIS2_PLACEMENT_3D('',#6552,#5157,#5158);
#4540=AXIS2_PLACEMENT_3D('',#6556,#5160,#5161);
#4541=AXIS2_PLACEMENT_3D('',#6560,#5163,#5164);
#4542=AXIS2_PLACEMENT_3D('',#6564,#5166,#5167);
#4543=AXIS2_PLACEMENT_3D('',#6568,#5169,#5170);
#4544=AXIS2_PLACEMENT_3D('',#6572,#5172,#5173);
#4545=AXIS2_PLACEMENT_3D('',#6575,#5175,#5176);
#4546=AXIS2_PLACEMENT_3D('',#6578,#5177,#5178);
#4547=AXIS2_PLACEMENT_3D('',#6582,#5180,#5181);
#4548=AXIS2_PLACEMENT_3D('',#6586,#5183,#5184);
#4549=AXIS2_PLACEMENT_3D('',#6590,#5186,#5187);
#4550=AXIS2_PLACEMENT_3D('',#6594,#5189,#5190);
#4551=AXIS2_PLACEMENT_3D('',#6598,#5192,#5193);
#4552=AXIS2_PLACEMENT_3D('',#6602,#5195,#5196);
#4553=AXIS2_PLACEMENT_3D('',#6606,#5198,#5199);
#4554=AXIS2_PLACEMENT_3D('',#6609,#5201,#5202);
#4555=AXIS2_PLACEMENT_3D('',#6612,#5203,#5204);
#4556=AXIS2_PLACEMENT_3D('',#6616,#5206,#5207);
#4557=AXIS2_PLACEMENT_3D('',#6620,#5209,#5210);
#4558=AXIS2_PLACEMENT_3D('',#6624,#5212,#5213);
#4559=AXIS2_PLACEMENT_3D('',#6628,#5215,#5216);
#4560=AXIS2_PLACEMENT_3D('',#6632,#5218,#5219);
#4561=AXIS2_PLACEMENT_3D('',#6636,#5221,#5222);
#4562=AXIS2_PLACEMENT_3D('',#6640,#5224,#5225);
#4563=AXIS2_PLACEMENT_3D('',#6642,#5227,#5228);
#4564=AXIS2_PLACEMENT_3D('',#6646,#5230,#5231);
#4565=AXIS2_PLACEMENT_3D('',#6648,#5233,#5234);
#4566=AXIS2_PLACEMENT_3D('',#6652,#5237,#5238);
#4567=AXIS2_PLACEMENT_3D('',#6655,#5240,#5241);
#4568=AXIS2_PLACEMENT_3D('',#6656,#5242,#5243);
#4569=AXIS2_PLACEMENT_3D('',#6660,#5246,#5247);
#4570=AXIS2_PLACEMENT_3D('',#6664,#5249,#5250);
#4571=AXIS2_PLACEMENT_3D('',#6666,#5252,#5253);
#4572=AXIS2_PLACEMENT_3D('',#6670,#5256,#5257);
#4573=AXIS2_PLACEMENT_3D('',#6673,#5259,#5260);
#4574=AXIS2_PLACEMENT_3D('',#6674,#5261,#5262);
#4575=AXIS2_PLACEMENT_3D('',#6678,#5265,#5266);
#4576=AXIS2_PLACEMENT_3D('',#6682,#5268,#5269);
#4577=AXIS2_PLACEMENT_3D('',#6684,#5271,#5272);
#4578=AXIS2_PLACEMENT_3D('',#6688,#5275,#5276);
#4579=AXIS2_PLACEMENT_3D('',#6691,#5278,#5279);
#4580=AXIS2_PLACEMENT_3D('',#6692,#5280,#5281);
#4581=AXIS2_PLACEMENT_3D('',#6696,#5284,#5285);
#4582=AXIS2_PLACEMENT_3D('',#6700,#5287,#5288);
#4583=AXIS2_PLACEMENT_3D('',#6702,#5290,#5291);
#4584=AXIS2_PLACEMENT_3D('',#6706,#5294,#5295);
#4585=AXIS2_PLACEMENT_3D('',#6709,#5297,#5298);
#4586=AXIS2_PLACEMENT_3D('',#6710,#5299,#5300);
#4587=AXIS2_PLACEMENT_3D('',#6714,#5303,#5304);
#4588=AXIS2_PLACEMENT_3D('',#6718,#5306,#5307);
#4589=AXIS2_PLACEMENT_3D('',#6720,#5309,#5310);
#4590=AXIS2_PLACEMENT_3D('',#6724,#5313,#5314);
#4591=AXIS2_PLACEMENT_3D('',#6727,#5316,#5317);
#4592=AXIS2_PLACEMENT_3D('',#6728,#5318,#5319);
#4593=AXIS2_PLACEMENT_3D('',#6732,#5322,#5323);
#4594=AXIS2_PLACEMENT_3D('',#6736,#5325,#5326);
#4595=AXIS2_PLACEMENT_3D('',#6738,#5328,#5329);
#4596=AXIS2_PLACEMENT_3D('',#6742,#5332,#5333);
#4597=AXIS2_PLACEMENT_3D('',#6745,#5335,#5336);
#4598=AXIS2_PLACEMENT_3D('',#6746,#5337,#5338);
#4599=AXIS2_PLACEMENT_3D('',#6750,#5341,#5342);
#4600=AXIS2_PLACEMENT_3D('',#6754,#5344,#5345);
#4601=AXIS2_PLACEMENT_3D('',#6756,#5347,#5348);
#4602=AXIS2_PLACEMENT_3D('',#6760,#5351,#5352);
#4603=AXIS2_PLACEMENT_3D('',#6763,#5354,#5355);
#4604=AXIS2_PLACEMENT_3D('',#6764,#5356,#5357);
#4605=AXIS2_PLACEMENT_3D('',#6768,#5360,#5361);
#4606=AXIS2_PLACEMENT_3D('',#6772,#5363,#5364);
#4607=AXIS2_PLACEMENT_3D('',#6774,#5366,#5367);
#4608=AXIS2_PLACEMENT_3D('',#6778,#5370,#5371);
#4609=AXIS2_PLACEMENT_3D('',#6781,#5373,#5374);
#4610=AXIS2_PLACEMENT_3D('',#6782,#5375,#5376);
#4611=AXIS2_PLACEMENT_3D('',#6786,#5379,#5380);
#4612=AXIS2_PLACEMENT_3D('',#6790,#5382,#5383);
#4613=AXIS2_PLACEMENT_3D('',#6792,#5385,#5386);
#4614=AXIS2_PLACEMENT_3D('',#6796,#5389,#5390);
#4615=AXIS2_PLACEMENT_3D('',#6799,#5392,#5393);
#4616=AXIS2_PLACEMENT_3D('',#6800,#5394,#5395);
#4617=AXIS2_PLACEMENT_3D('',#6804,#5398,#5399);
#4618=AXIS2_PLACEMENT_3D('',#6808,#5401,#5402);
#4619=AXIS2_PLACEMENT_3D('',#6810,#5404,#5405);
#4620=AXIS2_PLACEMENT_3D('',#6814,#5408,#5409);
#4621=AXIS2_PLACEMENT_3D('',#6817,#5411,#5412);
#4622=AXIS2_PLACEMENT_3D('',#6818,#5413,#5414);
#4623=AXIS2_PLACEMENT_3D('',#6822,#5417,#5418);
#4624=AXIS2_PLACEMENT_3D('',#6826,#5420,#5421);
#4625=AXIS2_PLACEMENT_3D('',#6828,#5423,#5424);
#4626=AXIS2_PLACEMENT_3D('',#6832,#5427,#5428);
#4627=AXIS2_PLACEMENT_3D('',#6835,#5430,#5431);
#4628=AXIS2_PLACEMENT_3D('',#6836,#5432,#5433);
#4629=AXIS2_PLACEMENT_3D('',#6840,#5436,#5437);
#4630=AXIS2_PLACEMENT_3D('',#6844,#5439,#5440);
#4631=AXIS2_PLACEMENT_3D('',#6846,#5442,#5443);
#4632=AXIS2_PLACEMENT_3D('',#6850,#5446,#5447);
#4633=AXIS2_PLACEMENT_3D('',#6853,#5449,#5450);
#4634=AXIS2_PLACEMENT_3D('',#6854,#5451,#5452);
#4635=AXIS2_PLACEMENT_3D('',#6858,#5455,#5456);
#4636=AXIS2_PLACEMENT_3D('',#6862,#5458,#5459);
#4637=AXIS2_PLACEMENT_3D('',#6864,#5461,#5462);
#4638=AXIS2_PLACEMENT_3D('',#6868,#5465,#5466);
#4639=AXIS2_PLACEMENT_3D('',#6871,#5468,#5469);
#4640=AXIS2_PLACEMENT_3D('',#6872,#5470,#5471);
#4641=AXIS2_PLACEMENT_3D('',#6876,#5474,#5475);
#4642=AXIS2_PLACEMENT_3D('',#6880,#5477,#5478);
#4643=AXIS2_PLACEMENT_3D('',#6882,#5480,#5481);
#4644=AXIS2_PLACEMENT_3D('',#6886,#5484,#5485);
#4645=AXIS2_PLACEMENT_3D('',#6889,#5487,#5488);
#4646=AXIS2_PLACEMENT_3D('',#6890,#5489,#5490);
#4647=AXIS2_PLACEMENT_3D('',#6894,#5493,#5494);
#4648=AXIS2_PLACEMENT_3D('',#6898,#5496,#5497);
#4649=AXIS2_PLACEMENT_3D('',#6900,#5499,#5500);
#4650=AXIS2_PLACEMENT_3D('',#6904,#5503,#5504);
#4651=AXIS2_PLACEMENT_3D('',#6907,#5506,#5507);
#4652=AXIS2_PLACEMENT_3D('',#6908,#5508,#5509);
#4653=AXIS2_PLACEMENT_3D('',#6912,#5512,#5513);
#4654=AXIS2_PLACEMENT_3D('',#6916,#5515,#5516);
#4655=AXIS2_PLACEMENT_3D('',#6918,#5518,#5519);
#4656=AXIS2_PLACEMENT_3D('',#6922,#5522,#5523);
#4657=AXIS2_PLACEMENT_3D('',#6925,#5525,#5526);
#4658=AXIS2_PLACEMENT_3D('',#6926,#5527,#5528);
#4659=AXIS2_PLACEMENT_3D('',#6930,#5531,#5532);
#4660=AXIS2_PLACEMENT_3D('',#6934,#5534,#5535);
#4661=AXIS2_PLACEMENT_3D('',#6936,#5537,#5538);
#4662=AXIS2_PLACEMENT_3D('',#6940,#5541,#5542);
#4663=AXIS2_PLACEMENT_3D('',#6943,#5544,#5545);
#4664=AXIS2_PLACEMENT_3D('',#6944,#5546,#5547);
#4665=AXIS2_PLACEMENT_3D('',#6948,#5550,#5551);
#4666=AXIS2_PLACEMENT_3D('',#6952,#5553,#5554);
#4667=AXIS2_PLACEMENT_3D('',#6954,#5556,#5557);
#4668=AXIS2_PLACEMENT_3D('',#6958,#5560,#5561);
#4669=AXIS2_PLACEMENT_3D('',#6961,#5563,#5564);
#4670=AXIS2_PLACEMENT_3D('',#6962,#5565,#5566);
#4671=AXIS2_PLACEMENT_3D('',#6966,#5569,#5570);
#4672=AXIS2_PLACEMENT_3D('',#6970,#5572,#5573);
#4673=AXIS2_PLACEMENT_3D('',#6972,#5575,#5576);
#4674=AXIS2_PLACEMENT_3D('',#6976,#5579,#5580);
#4675=AXIS2_PLACEMENT_3D('',#6979,#5582,#5583);
#4676=AXIS2_PLACEMENT_3D('',#6980,#5584,#5585);
#4677=AXIS2_PLACEMENT_3D('',#6984,#5588,#5589);
#4678=AXIS2_PLACEMENT_3D('',#6988,#5591,#5592);
#4679=AXIS2_PLACEMENT_3D('',#6990,#5594,#5595);
#4680=AXIS2_PLACEMENT_3D('',#6994,#5598,#5599);
#4681=AXIS2_PLACEMENT_3D('',#6997,#5601,#5602);
#4682=AXIS2_PLACEMENT_3D('',#6998,#5603,#5604);
#4683=AXIS2_PLACEMENT_3D('',#7002,#5607,#5608);
#4684=AXIS2_PLACEMENT_3D('',#7005,#5610,#5611);
#4685=AXIS2_PLACEMENT_3D('',#7006,#5612,#5613);
#4686=AXIS2_PLACEMENT_3D('',#7009,#5615,#5616);
#4687=AXIS2_PLACEMENT_3D('',#7010,#5617,#5618);
#4688=AXIS2_PLACEMENT_3D('',#7014,#5621,#5622);
#4689=AXIS2_PLACEMENT_3D('',#7017,#5624,#5625);
#4690=AXIS2_PLACEMENT_3D('',#7018,#5626,#5627);
#4691=AXIS2_PLACEMENT_3D('',#7022,#5630,#5631);
#4692=AXIS2_PLACEMENT_3D('',#7025,#5633,#5634);
#4693=AXIS2_PLACEMENT_3D('',#7026,#5635,#5636);
#4694=AXIS2_PLACEMENT_3D('',#7030,#5639,#5640);
#4695=AXIS2_PLACEMENT_3D('',#7033,#5642,#5643);
#4696=AXIS2_PLACEMENT_3D('',#7034,#5644,#5645);
#4697=AXIS2_PLACEMENT_3D('',#7038,#5648,#5649);
#4698=AXIS2_PLACEMENT_3D('',#7041,#5651,#5652);
#4699=AXIS2_PLACEMENT_3D('',#7042,#5653,#5654);
#4700=AXIS2_PLACEMENT_3D('',#7046,#5657,#5658);
#4701=AXIS2_PLACEMENT_3D('',#7049,#5660,#5661);
#4702=AXIS2_PLACEMENT_3D('',#7050,#5662,#5663);
#4703=AXIS2_PLACEMENT_3D('',#7054,#5666,#5667);
#4704=AXIS2_PLACEMENT_3D('',#7057,#5669,#5670);
#4705=AXIS2_PLACEMENT_3D('',#7058,#5671,#5672);
#4706=AXIS2_PLACEMENT_3D('',#7062,#5675,#5676);
#4707=AXIS2_PLACEMENT_3D('',#7065,#5678,#5679);
#4708=AXIS2_PLACEMENT_3D('',#7066,#5680,#5681);
#4709=AXIS2_PLACEMENT_3D('',#7070,#5684,#5685);
#4710=AXIS2_PLACEMENT_3D('',#7073,#5687,#5688);
#4711=AXIS2_PLACEMENT_3D('',#7074,#5689,#5690);
#4712=AXIS2_PLACEMENT_3D('',#7078,#5693,#5694);
#4713=AXIS2_PLACEMENT_3D('',#7082,#5697,#5698);
#4714=AXIS2_PLACEMENT_3D('',#7085,#5700,#5701);
#4715=AXIS2_PLACEMENT_3D('',#7086,#5702,#5703);
#4716=AXIS2_PLACEMENT_3D('',#7090,#5706,#5707);
#4717=AXIS2_PLACEMENT_3D('',#7093,#5709,#5710);
#4718=AXIS2_PLACEMENT_3D('',#7094,#5711,#5712);
#4719=AXIS2_PLACEMENT_3D('',#7098,#5715,#5716);
#4720=AXIS2_PLACEMENT_3D('',#7101,#5718,#5719);
#4721=AXIS2_PLACEMENT_3D('',#7102,#5720,#5721);
#4722=AXIS2_PLACEMENT_3D('',#7105,#5723,#5724);
#4723=AXIS2_PLACEMENT_3D('',#7106,#5725,#5726);
#4724=AXIS2_PLACEMENT_3D('',#7110,#5729,#5730);
#4725=AXIS2_PLACEMENT_3D('',#7113,#5732,#5733);
#4726=AXIS2_PLACEMENT_3D('',#7114,#5734,#5735);
#4727=AXIS2_PLACEMENT_3D('',#7117,#5737,#5738);
#4728=AXIS2_PLACEMENT_3D('',#7118,#5739,#5740);
#4729=AXIS2_PLACEMENT_3D('',#7122,#5743,#5744);
#4730=AXIS2_PLACEMENT_3D('',#7124,#5745,#5746);
#4731=AXIS2_PLACEMENT_3D('',#7128,#5748,#5749);
#4732=AXIS2_PLACEMENT_3D('',#7130,#5750,#5751);
#4733=AXIS2_PLACEMENT_3D('',#7134,#5753,#5754);
#4734=AXIS2_PLACEMENT_3D('',#7138,#5756,#5757);
#4735=AXIS2_PLACEMENT_3D('',#7142,#5759,#5760);
#4736=AXIS2_PLACEMENT_3D('',#7146,#5762,#5763);
#4737=AXIS2_PLACEMENT_3D('',#7150,#5765,#5766);
#4738=AXIS2_PLACEMENT_3D('',#7154,#5768,#5769);
#4739=AXIS2_PLACEMENT_3D('',#7158,#5771,#5772);
#4740=AXIS2_PLACEMENT_3D('',#7162,#5774,#5775);
#4741=AXIS2_PLACEMENT_3D('',#7166,#5777,#5778);
#4742=AXIS2_PLACEMENT_3D('',#7170,#5780,#5781);
#4743=AXIS2_PLACEMENT_3D('',#7173,#5783,#5784);
#4744=AXIS2_PLACEMENT_3D('',#7175,#5785,#5786);
#4745=AXIS2_PLACEMENT_3D('',#7179,#5788,#5789);
#4746=AXIS2_PLACEMENT_3D('',#7182,#5791,#5792);
#4747=AXIS2_PLACEMENT_3D('',#7186,#5794,#5795);
#4748=AXIS2_PLACEMENT_3D('',#7189,#5797,#5798);
#4749=AXIS2_PLACEMENT_3D('',#7193,#5800,#5801);
#4750=AXIS2_PLACEMENT_3D('',#7196,#5803,#5804);
#4751=AXIS2_PLACEMENT_3D('',#7200,#5806,#5807);
#4752=AXIS2_PLACEMENT_3D('',#7203,#5809,#5810);
#4753=AXIS2_PLACEMENT_3D('',#7207,#5812,#5813);
#4754=AXIS2_PLACEMENT_3D('',#7210,#5815,#5816);
#4755=AXIS2_PLACEMENT_3D('',#7214,#5818,#5819);
#4756=AXIS2_PLACEMENT_3D('',#7217,#5821,#5822);
#4757=AXIS2_PLACEMENT_3D('',#7221,#5824,#5825);
#4758=AXIS2_PLACEMENT_3D('',#7224,#5827,#5828);
#4759=AXIS2_PLACEMENT_3D('',#7226,#5829,#5830);
#4760=AXIS2_PLACEMENT_3D('',#7230,#5832,#5833);
#4761=AXIS2_PLACEMENT_3D('',#7233,#5835,#5836);
#4762=AXIS2_PLACEMENT_3D('',#7237,#5838,#5839);
#4763=AXIS2_PLACEMENT_3D('',#7240,#5841,#5842);
#4764=AXIS2_PLACEMENT_3D('',#7244,#5844,#5845);
#4765=AXIS2_PLACEMENT_3D('',#7247,#5847,#5848);
#4766=AXIS2_PLACEMENT_3D('',#7251,#5850,#5851);
#4767=AXIS2_PLACEMENT_3D('',#7254,#5853,#5854);
#4768=AXIS2_PLACEMENT_3D('',#7258,#5856,#5857);
#4769=AXIS2_PLACEMENT_3D('',#7261,#5859,#5860);
#4770=AXIS2_PLACEMENT_3D('',#7263,#5861,#5862);
#4771=AXIS2_PLACEMENT_3D('',#7267,#5864,#5865);
#4772=AXIS2_PLACEMENT_3D('',#7270,#5867,#5868);
#4773=AXIS2_PLACEMENT_3D('',#7274,#5870,#5871);
#4774=AXIS2_PLACEMENT_3D('',#7277,#5873,#5874);
#4775=AXIS2_PLACEMENT_3D('',#7281,#5876,#5877);
#4776=AXIS2_PLACEMENT_3D('',#7284,#5879,#5880);
#4777=AXIS2_PLACEMENT_3D('',#7286,#5881,#5882);
#4778=AXIS2_PLACEMENT_3D('',#7290,#5884,#5885);
#4779=AXIS2_PLACEMENT_3D('',#7293,#5887,#5888);
#4780=AXIS2_PLACEMENT_3D('',#7297,#5890,#5891);
#4781=AXIS2_PLACEMENT_3D('',#7300,#5893,#5894);
#4782=AXIS2_PLACEMENT_3D('',#7302,#5895,#5896);
#4783=AXIS2_PLACEMENT_3D('',#7306,#5898,#5899);
#4784=AXIS2_PLACEMENT_3D('',#7309,#5901,#5902);
#4785=AXIS2_PLACEMENT_3D('',#7313,#5904,#5905);
#4786=AXIS2_PLACEMENT_3D('',#7315,#5907,#5908);
#4787=AXIS2_PLACEMENT_3D('',#7318,#5911,#5912);
#4788=AXIS2_PLACEMENT_3D('',#7321,#5915,#5916);
#4789=AXIS2_PLACEMENT_3D('',#7323,#5918,#5919);
#4790=AXIS2_PLACEMENT_3D('',#7325,#5921,#5922);
#4791=AXIS2_PLACEMENT_3D('',#7327,#5924,#5925);
#4792=AXIS2_PLACEMENT_3D('',#7328,#5926,#5927);
#4793=AXIS2_PLACEMENT_3D('',#7330,#5929,#5930);
#4794=AXIS2_PLACEMENT_3D('',#7332,#5932,#5933);
#4795=AXIS2_PLACEMENT_3D('',#7334,#5935,#5936);
#4796=AXIS2_PLACEMENT_3D('',#7336,#5938,#5939);
#4797=AXIS2_PLACEMENT_3D('',#7337,#5940,#5941);
#4798=AXIS2_PLACEMENT_3D('',#7339,#5943,#5944);
#4799=AXIS2_PLACEMENT_3D('',#7341,#5946,#5947);
#4800=AXIS2_PLACEMENT_3D('',#7343,#5949,#5950);
#4801=AXIS2_PLACEMENT_3D('',#7345,#5952,#5953);
#4802=AXIS2_PLACEMENT_3D('',#7347,#5955,#5956);
#4803=AXIS2_PLACEMENT_3D('',#7349,#5958,#5959);
#4804=AXIS2_PLACEMENT_3D('',#7351,#5961,#5962);
#4805=AXIS2_PLACEMENT_3D('',#7353,#5964,#5965);
#4806=AXIS2_PLACEMENT_3D('',#7355,#5967,#5968);
#4807=AXIS2_PLACEMENT_3D('',#7357,#5970,#5971);
#4808=AXIS2_PLACEMENT_3D('',#7359,#5973,#5974);
#4809=AXIS2_PLACEMENT_3D('',#7361,#5976,#5977);
#4810=AXIS2_PLACEMENT_3D('',#7363,#5979,#5980);
#4811=AXIS2_PLACEMENT_3D('',#7364,#5981,#5982);
#4812=AXIS2_PLACEMENT_3D('',#7366,#5984,#5985);
#4813=AXIS2_PLACEMENT_3D('',#7368,#5987,#5988);
#4814=AXIS2_PLACEMENT_3D('',#7370,#5990,#5991);
#4815=AXIS2_PLACEMENT_3D('',#7371,#5992,#5993);
#4816=AXIS2_PLACEMENT_3D('',#7373,#5995,#5996);
#4817=AXIS2_PLACEMENT_3D('',#7375,#5998,#5999);
#4818=AXIS2_PLACEMENT_3D('',#7377,#6001,#6002);
#4819=AXIS2_PLACEMENT_3D('',#7378,#6003,#6004);
#4820=AXIS2_PLACEMENT_3D('',#7380,#6006,#6007);
#4821=AXIS2_PLACEMENT_3D('',#7382,#6009,#6010);
#4822=AXIS2_PLACEMENT_3D('',#7384,#6012,#6013);
#4823=AXIS2_PLACEMENT_3D('',#7386,#6015,#6016);
#4824=AXIS2_PLACEMENT_3D('',#7387,#6017,#6018);
#4825=AXIS2_PLACEMENT_3D('',#7389,#6020,#6021);
#4826=AXIS2_PLACEMENT_3D('',#7391,#6023,#6024);
#4827=AXIS2_PLACEMENT_3D('',#7393,#6026,#6027);
#4828=AXIS2_PLACEMENT_3D('',#7394,#6028,#6029);
#4829=AXIS2_PLACEMENT_3D('',#7396,#6031,#6032);
#4830=AXIS2_PLACEMENT_3D('',#7398,#6034,#6035);
#4831=AXIS2_PLACEMENT_3D('',#7400,#6037,#6038);
#4832=AXIS2_PLACEMENT_3D('',#7402,#6040,#6041);
#4833=AXIS2_PLACEMENT_3D('',#7403,#6042,#6043);
#4834=AXIS2_PLACEMENT_3D('',#7405,#6045,#6046);
#4835=AXIS2_PLACEMENT_3D('',#7407,#6048,#6049);
#4836=AXIS2_PLACEMENT_3D('',#7409,#6051,#6052);
#4837=AXIS2_PLACEMENT_3D('',#7410,#6053,#6054);
#4838=AXIS2_PLACEMENT_3D('',#7412,#6056,#6057);
#4839=AXIS2_PLACEMENT_3D('',#7414,#6059,#6060);
#4840=AXIS2_PLACEMENT_3D('',#7416,#6062,#6063);
#4841=AXIS2_PLACEMENT_3D('',#7417,#6064,#6065);
#4842=AXIS2_PLACEMENT_3D('',#7419,#6067,#6068);
#4843=AXIS2_PLACEMENT_3D('',#7421,#6070,#6071);
#4844=AXIS2_PLACEMENT_3D('',#7423,#6073,#6074);
#4845=AXIS2_PLACEMENT_3D('',#7425,#6076,#6077);
#4846=AXIS2_PLACEMENT_3D('',#7426,#6078,#6079);
#4847=AXIS2_PLACEMENT_3D('',#7428,#6081,#6082);
#4848=AXIS2_PLACEMENT_3D('',#7430,#6084,#6085);
#4849=AXIS2_PLACEMENT_3D('',#7432,#6087,#6088);
#4850=AXIS2_PLACEMENT_3D('',#7433,#6089,#6090);
#4851=AXIS2_PLACEMENT_3D('',#7435,#6092,#6093);
#4852=AXIS2_PLACEMENT_3D('',#7437,#6095,#6096);
#4853=AXIS2_PLACEMENT_3D('',#7439,#6098,#6099);
#4854=AXIS2_PLACEMENT_3D('',#7440,#6100,#6101);
#4855=AXIS2_PLACEMENT_3D('',#7442,#6103,#6104);
#4856=AXIS2_PLACEMENT_3D('',#7444,#6106,#6107);
#4857=AXIS2_PLACEMENT_3D('',#7446,#6109,#6110);
#4858=AXIS2_PLACEMENT_3D('',#7447,#6111,#6112);
#4859=AXIS2_PLACEMENT_3D('',#7449,#6114,#6115);
#4860=AXIS2_PLACEMENT_3D('',#7451,#6117,#6118);
#4861=AXIS2_PLACEMENT_3D('',#7453,#6120,#6121);
#4862=AXIS2_PLACEMENT_3D('',#7454,#6122,#6123);
#4863=AXIS2_PLACEMENT_3D('',#7456,#6125,#6126);
#4864=AXIS2_PLACEMENT_3D('',#7458,#6128,#6129);
#4865=AXIS2_PLACEMENT_3D('',#7460,#6131,#6132);
#4866=AXIS2_PLACEMENT_3D('',#7462,#6134,#6135);
#4867=AXIS2_PLACEMENT_3D('',#7463,#6136,#6137);
#4868=AXIS2_PLACEMENT_3D('',#7465,#6139,#6140);
#4869=AXIS2_PLACEMENT_3D('',#7467,#6142,#6143);
#4870=AXIS2_PLACEMENT_3D('',#7469,#6145,#6146);
#4871=AXIS2_PLACEMENT_3D('',#7470,#6147,#6148);
#4872=AXIS2_PLACEMENT_3D('',#7472,#6150,#6151);
#4873=AXIS2_PLACEMENT_3D('',#7474,#6153,#6154);
#4874=AXIS2_PLACEMENT_3D('',#7476,#6156,#6157);
#4875=AXIS2_PLACEMENT_3D('',#7477,#6158,#6159);
#4876=AXIS2_PLACEMENT_3D('',#7479,#6161,#6162);
#4877=AXIS2_PLACEMENT_3D('',#7481,#6164,#6165);
#4878=AXIS2_PLACEMENT_3D('',#7483,#6167,#6168);
#4879=AXIS2_PLACEMENT_3D('',#7484,#6169,#6170);
#4880=AXIS2_PLACEMENT_3D('',#7486,#6172,#6173);
#4881=AXIS2_PLACEMENT_3D('',#7488,#6175,#6176);
#4882=AXIS2_PLACEMENT_3D('',#7490,#6178,#6179);
#4883=AXIS2_PLACEMENT_3D('',#7491,#6180,#6181);
#4884=AXIS2_PLACEMENT_3D('',#7493,#6183,#6184);
#4885=AXIS2_PLACEMENT_3D('',#7495,#6186,#6187);
#4886=AXIS2_PLACEMENT_3D('',#7497,#6189,#6190);
#4887=AXIS2_PLACEMENT_3D('',#7498,#6191,#6192);
#4888=AXIS2_PLACEMENT_3D('',#7500,#6194,#6195);
#4889=AXIS2_PLACEMENT_3D('',#7502,#6197,#6198);
#4890=AXIS2_PLACEMENT_3D('',#7504,#6200,#6201);
#4891=AXIS2_PLACEMENT_3D('',#7505,#6202,#6203);
#4892=AXIS2_PLACEMENT_3D('',#7507,#6205,#6206);
#4893=DIRECTION('axis',(0.,0.,1.));
#4894=DIRECTION('refdir',(1.,0.,0.));
#4895=DIRECTION('axis',(0.,0.,1.));
#4896=DIRECTION('refdir',(1.,0.,0.));
#4897=DIRECTION('center_axis',(0.,0.,1.));
#4898=DIRECTION('ref_axis',(1.,0.,0.));
#4899=DIRECTION('center_axis',(0.,0.,-1.));
#4900=DIRECTION('ref_axis',(1.,0.,0.));
#4901=DIRECTION('',(0.,1.,0.));
#4902=DIRECTION('center_axis',(0.,0.,-1.));
#4903=DIRECTION('ref_axis',(7.47075720742792E-7,-0.999999999999721,0.));
#4904=DIRECTION('',(-1.,0.,0.));
#4905=DIRECTION('center_axis',(0.,0.,-1.));
#4906=DIRECTION('ref_axis',(0.999999999999721,7.47075749164592E-7,0.));
#4907=DIRECTION('',(0.,-1.,0.));
#4908=DIRECTION('',(-1.,0.,0.));
#4909=DIRECTION('center_axis',(0.,0.,-1.));
#4910=DIRECTION('ref_axis',(0.999999999999721,7.47075749164592E-7,0.));
#4911=DIRECTION('',(0.,-1.,0.));
#4912=DIRECTION('center_axis',(0.,0.,1.));
#4913=DIRECTION('ref_axis',(7.47075734953692E-7,0.999999999999721,0.));
#4914=DIRECTION('',(-1.,0.,0.));
#4915=DIRECTION('center_axis',(0.,0.,-1.));
#4916=DIRECTION('ref_axis',(0.999999999999721,7.47075749164592E-7,0.));
#4917=DIRECTION('',(0.,-1.,0.));
#4918=DIRECTION('center_axis',(0.,0.,-1.));
#4919=DIRECTION('ref_axis',(-7.47075734953692E-7,0.999999999999721,0.));
#4920=DIRECTION('',(1.,0.,0.));
#4921=DIRECTION('center_axis',(0.,0.,1.));
#4922=DIRECTION('ref_axis',(-0.999999999999721,7.47075749164592E-7,0.));
#4923=DIRECTION('',(0.,-1.,0.));
#4924=DIRECTION('center_axis',(0.,0.,-1.));
#4925=DIRECTION('ref_axis',(-7.47075763375392E-7,0.999999999999721,0.));
#4926=DIRECTION('',(1.,0.,0.));
#4927=DIRECTION('center_axis',(0.,0.,1.));
#4928=DIRECTION('ref_axis',(-0.999999999999721,7.47075756269992E-7,0.));
#4929=DIRECTION('',(0.,-1.,0.));
#4930=DIRECTION('center_axis',(0.,0.,-1.));
#4931=DIRECTION('ref_axis',(-7.47075763375392E-7,0.999999999999721,0.));
#4932=DIRECTION('',(1.,0.,0.));
#4933=DIRECTION('center_axis',(0.,0.,1.));
#4934=DIRECTION('ref_axis',(-0.999999999996443,-2.66713916262218E-6,0.));
#4935=DIRECTION('center_axis',(0.,0.,-1.));
#4936=DIRECTION('ref_axis',(2.66713916262218E-6,0.999999999996443,0.));
#4937=DIRECTION('',(1.,0.,0.));
#4938=DIRECTION('center_axis',(0.,0.,-1.));
#4939=DIRECTION('ref_axis',(-0.999999999999721,-7.47075734953692E-7,0.));
#4940=DIRECTION('',(0.,1.,0.));
#4941=DIRECTION('center_axis',(0.,0.,1.));
#4942=DIRECTION('ref_axis',(-7.47075734953692E-7,-0.999999999999721,0.));
#4943=DIRECTION('',(1.,0.,0.));
#4944=DIRECTION('center_axis',(0.,0.,-1.));
#4945=DIRECTION('ref_axis',(-0.999999999999721,-7.47075734953692E-7,0.));
#4946=DIRECTION('',(0.,1.,0.));
#4947=DIRECTION('center_axis',(0.,0.,1.));
#4948=DIRECTION('ref_axis',(-7.47075734953692E-7,-0.999999999999721,0.));
#4949=DIRECTION('',(1.,0.,0.));
#4950=DIRECTION('center_axis',(0.,0.,-1.));
#4951=DIRECTION('ref_axis',(1.,0.,0.));
#4952=DIRECTION('',(0.,1.,0.));
#4953=DIRECTION('center_axis',(0.,0.,1.));
#4954=DIRECTION('ref_axis',(0.,-1.,0.));
#4955=DIRECTION('',(1.,0.,0.));
#4956=DIRECTION('center_axis',(0.,0.,-1.));
#4957=DIRECTION('ref_axis',(1.,0.,0.));
#4958=DIRECTION('',(0.,1.,0.));
#4959=DIRECTION('center_axis',(0.,0.,1.));
#4960=DIRECTION('ref_axis',(0.50000586235489,-0.866022019125809,0.));
#4961=DIRECTION('',(0.866025405764812,0.499999996569892,0.));
#4962=DIRECTION('center_axis',(0.,0.,-1.));
#4963=DIRECTION('ref_axis',(-0.866067937090156,-0.49992632291609,0.));
#4964=DIRECTION('',(-0.499999997967083,0.866025404958144,0.));
#4965=DIRECTION('center_axis',(0.,0.,-1.));
#4966=DIRECTION('ref_axis',(0.258888085704953,-0.965907324270825,0.));
#4967=DIRECTION('',(-0.965925822403948,-0.258819059601986,0.));
#4968=DIRECTION('center_axis',(0.,0.,-1.));
#4969=DIRECTION('ref_axis',(0.965951477536805,0.258723294359948,0.));
#4970=DIRECTION('',(0.258818982664104,-0.965925843019389,0.));
#4971=DIRECTION('center_axis',(0.,0.,1.));
#4972=DIRECTION('ref_axis',(-2.38144085517393E-7,0.999999999999972,0.));
#4973=DIRECTION('',(-1.,0.,0.));
#4974=DIRECTION('center_axis',(0.,0.,-1.));
#4975=DIRECTION('ref_axis',(0.999999999999721,7.47075720742792E-7,0.));
#4976=DIRECTION('center_axis',(0.,0.,1.));
#4977=DIRECTION('ref_axis',(7.47075720742792E-7,0.999999999999721,0.));
#4978=DIRECTION('',(-1.,0.,0.));
#4979=DIRECTION('center_axis',(0.,0.,1.));
#4980=DIRECTION('ref_axis',(0.999999999999721,-7.47075720742792E-7,0.));
#4981=DIRECTION('',(0.,1.,0.));
#4982=DIRECTION('center_axis',(0.,0.,-1.));
#4983=DIRECTION('ref_axis',(1.,0.,0.));
#4984=DIRECTION('center_axis',(0.,0.,1.));
#4985=DIRECTION('ref_axis',(1.,0.,0.));
#4986=DIRECTION('',(0.,1.,0.));
#4987=DIRECTION('center_axis',(0.,0.,1.));
#4988=DIRECTION('ref_axis',(1.,0.,0.));
#4989=DIRECTION('center_axis',(0.,0.,1.));
#4990=DIRECTION('ref_axis',(0.,-1.,0.));
#4991=DIRECTION('center_axis',(0.,0.,1.));
#4992=DIRECTION('ref_axis',(-4.18456958585502E-6,0.999999999991245,0.));
#4993=DIRECTION('',(-1.,0.,0.));
#4994=DIRECTION('center_axis',(0.,0.,1.));
#4995=DIRECTION('ref_axis',(0.999999999991245,4.18456962533003E-6,0.));
#4996=DIRECTION('',(0.,1.,0.));
#4997=DIRECTION('center_axis',(0.,0.,1.));
#4998=DIRECTION('ref_axis',(4.18456966480402E-6,-0.999999999991245,0.));
#4999=DIRECTION('',(1.,0.,0.));
#5000=DIRECTION('center_axis',(0.,0.,1.));
#5001=DIRECTION('ref_axis',(-0.999999999991245,-4.18456962532902E-6,0.));
#5002=DIRECTION('',(0.,-1.,0.));
#5003=DIRECTION('center_axis',(0.,0.,1.));
#5004=DIRECTION('ref_axis',(-4.18456954638102E-6,0.999999999991245,0.));
#5005=DIRECTION('',(-1.,0.,0.));
#5006=DIRECTION('center_axis',(0.,0.,1.));
#5007=DIRECTION('ref_axis',(0.999999999991245,4.18456962533003E-6,0.));
#5008=DIRECTION('',(0.,1.,0.));
#5009=DIRECTION('center_axis',(0.,0.,1.));
#5010=DIRECTION('ref_axis',(4.18456958585502E-6,-0.999999999991245,0.));
#5011=DIRECTION('',(1.,0.,0.));
#5012=DIRECTION('center_axis',(0.,0.,1.));
#5013=DIRECTION('ref_axis',(-0.999999999991245,-4.18456956611802E-6,0.));
#5014=DIRECTION('',(0.,-1.,0.));
#5015=DIRECTION('center_axis',(0.,0.,1.));
#5016=DIRECTION('ref_axis',(-4.18456954638102E-6,0.999999999991245,0.));
#5017=DIRECTION('',(-1.,0.,0.));
#5018=DIRECTION('center_axis',(0.,0.,1.));
#5019=DIRECTION('ref_axis',(0.999999999991245,4.18456956611802E-6,0.));
#5020=DIRECTION('',(0.,1.,0.));
#5021=DIRECTION('center_axis',(0.,0.,1.));
#5022=DIRECTION('ref_axis',(4.18456954638102E-6,-0.999999999991245,0.));
#5023=DIRECTION('',(1.,0.,0.));
#5024=DIRECTION('center_axis',(0.,0.,1.));
#5025=DIRECTION('ref_axis',(-0.999999999991245,-4.18456956611802E-6,0.));
#5026=DIRECTION('',(0.,-1.,0.));
#5027=DIRECTION('center_axis',(0.,0.,1.));
#5028=DIRECTION('ref_axis',(-4.18456966480402E-6,0.999999999991245,0.));
#5029=DIRECTION('',(-1.,0.,0.));
#5030=DIRECTION('center_axis',(0.,0.,1.));
#5031=DIRECTION('ref_axis',(0.999999999991245,4.18456962532902E-6,0.));
#5032=DIRECTION('',(0.,1.,0.));
#5033=DIRECTION('center_axis',(0.,0.,1.));
#5034=DIRECTION('ref_axis',(4.18456966480402E-6,-0.999999999991245,0.));
#5035=DIRECTION('',(1.,0.,0.));
#5036=DIRECTION('center_axis',(0.,0.,1.));
#5037=DIRECTION('ref_axis',(-0.999999999991245,-4.18456962532902E-6,0.));
#5038=DIRECTION('',(0.,-1.,0.));
#5039=DIRECTION('center_axis',(0.,0.,1.));
#5040=DIRECTION('ref_axis',(-4.18456966480402E-6,0.999999999991245,0.));
#5041=DIRECTION('',(-1.,0.,0.));
#5042=DIRECTION('center_axis',(0.,0.,1.));
#5043=DIRECTION('ref_axis',(0.999999999991245,4.18456962532902E-6,0.));
#5044=DIRECTION('',(0.,1.,0.));
#5045=DIRECTION('center_axis',(0.,0.,1.));
#5046=DIRECTION('ref_axis',(4.18456966480402E-6,-0.999999999991245,0.));
#5047=DIRECTION('',(1.,0.,0.));
#5048=DIRECTION('center_axis',(0.,0.,1.));
#5049=DIRECTION('ref_axis',(-0.999999999991245,-4.18456962532902E-6,0.));
#5050=DIRECTION('',(0.,-1.,0.));
#5051=DIRECTION('center_axis',(0.,0.,1.));
#5052=DIRECTION('ref_axis',(-4.18456954638102E-6,0.999999999991245,0.));
#5053=DIRECTION('',(-1.,0.,0.));
#5054=DIRECTION('center_axis',(0.,0.,1.));
#5055=DIRECTION('ref_axis',(0.999999999991245,4.18456962532902E-6,0.));
#5056=DIRECTION('',(0.,1.,0.));
#5057=DIRECTION('center_axis',(0.,0.,1.));
#5058=DIRECTION('ref_axis',(4.18456966480402E-6,-0.999999999991245,0.));
#5059=DIRECTION('',(1.,0.,0.));
#5060=DIRECTION('center_axis',(0.,0.,1.));
#5061=DIRECTION('ref_axis',(-0.999999999991245,-4.18456954638102E-6,0.));
#5062=DIRECTION('',(0.,-1.,0.));
#5063=DIRECTION('center_axis',(0.,0.,1.));
#5064=DIRECTION('ref_axis',(-4.18456954638102E-6,0.999999999991245,0.));
#5065=DIRECTION('',(-1.,0.,0.));
#5066=DIRECTION('center_axis',(0.,0.,1.));
#5067=DIRECTION('ref_axis',(0.999999999991245,4.18456954638102E-6,0.));
#5068=DIRECTION('',(0.,1.,0.));
#5069=DIRECTION('center_axis',(0.,0.,1.));
#5070=DIRECTION('ref_axis',(4.18456954638102E-6,-0.999999999991245,0.));
#5071=DIRECTION('',(1.,0.,0.));
#5072=DIRECTION('center_axis',(0.,0.,1.));
#5073=DIRECTION('ref_axis',(-0.999999999991245,-4.18456954638102E-6,0.));
#5074=DIRECTION('',(0.,-1.,0.));
#5075=DIRECTION('center_axis',(0.,0.,1.));
#5076=DIRECTION('ref_axis',(0.,-1.,0.));
#5077=DIRECTION('center_axis',(0.,0.,1.));
#5078=DIRECTION('ref_axis',(-4.18456954638102E-6,0.999999999991245,0.));
#5079=DIRECTION('',(-1.,0.,0.));
#5080=DIRECTION('center_axis',(0.,0.,1.));
#5081=DIRECTION('ref_axis',(0.999999999991245,4.18456956611802E-6,0.));
#5082=DIRECTION('',(0.,1.,0.));
#5083=DIRECTION('center_axis',(0.,0.,1.));
#5084=DIRECTION('ref_axis',(4.18456954638102E-6,-0.999999999991245,0.));
#5085=DIRECTION('',(1.,0.,0.));
#5086=DIRECTION('center_axis',(0.,0.,1.));
#5087=DIRECTION('ref_axis',(-0.999999999991245,-4.18456954638102E-6,0.));
#5088=DIRECTION('',(0.,-1.,0.));
#5089=DIRECTION('center_axis',(0.,0.,1.));
#5090=DIRECTION('ref_axis',(-4.18456954638102E-6,0.999999999991245,0.));
#5091=DIRECTION('',(-1.,0.,0.));
#5092=DIRECTION('center_axis',(0.,0.,1.));
#5093=DIRECTION('ref_axis',(0.999999999991245,4.18456956611802E-6,0.));
#5094=DIRECTION('',(0.,1.,0.));
#5095=DIRECTION('center_axis',(0.,0.,1.));
#5096=DIRECTION('ref_axis',(4.18456954638102E-6,-0.999999999991245,0.));
#5097=DIRECTION('',(1.,0.,0.));
#5098=DIRECTION('center_axis',(0.,0.,1.));
#5099=DIRECTION('ref_axis',(-0.999999999991245,-4.18456954638102E-6,0.));
#5100=DIRECTION('',(0.,-1.,0.));
#5101=DIRECTION('center_axis',(0.,0.,1.));
#5102=DIRECTION('ref_axis',(-4.18456954638102E-6,0.999999999991245,0.));
#5103=DIRECTION('',(-1.,0.,0.));
#5104=DIRECTION('center_axis',(0.,0.,1.));
#5105=DIRECTION('ref_axis',(0.999999999991245,4.18456954638102E-6,0.));
#5106=DIRECTION('',(0.,1.,0.));
#5107=DIRECTION('center_axis',(0.,0.,1.));
#5108=DIRECTION('ref_axis',(4.18456954638102E-6,-0.999999999991245,0.));
#5109=DIRECTION('',(1.,0.,0.));
#5110=DIRECTION('center_axis',(0.,0.,1.));
#5111=DIRECTION('ref_axis',(-0.999999999991245,-4.18456954638102E-6,0.));
#5112=DIRECTION('',(0.,-1.,0.));
#5113=DIRECTION('center_axis',(0.,0.,1.));
#5114=DIRECTION('ref_axis',(-4.18456954638102E-6,0.999999999991245,0.));
#5115=DIRECTION('',(-1.,0.,0.));
#5116=DIRECTION('center_axis',(0.,0.,1.));
#5117=DIRECTION('ref_axis',(0.999999999991245,4.18456954638102E-6,0.));
#5118=DIRECTION('',(0.,1.,0.));
#5119=DIRECTION('center_axis',(0.,0.,1.));
#5120=DIRECTION('ref_axis',(4.18456954638102E-6,-0.999999999991245,0.));
#5121=DIRECTION('',(1.,0.,0.));
#5122=DIRECTION('center_axis',(0.,0.,1.));
#5123=DIRECTION('ref_axis',(-0.999999999991245,-4.18456954638102E-6,0.));
#5124=DIRECTION('',(0.,-1.,0.));
#5125=DIRECTION('center_axis',(0.,0.,1.));
#5126=DIRECTION('ref_axis',(-4.18456966480402E-6,0.999999999991245,0.));
#5127=DIRECTION('',(-1.,0.,0.));
#5128=DIRECTION('center_axis',(0.,0.,1.));
#5129=DIRECTION('ref_axis',(0.999999999991245,4.18456962532902E-6,0.));
#5130=DIRECTION('',(0.,1.,0.));
#5131=DIRECTION('center_axis',(0.,0.,1.));
#5132=DIRECTION('ref_axis',(4.18456966480402E-6,-0.999999999991245,0.));
#5133=DIRECTION('',(1.,0.,0.));
#5134=DIRECTION('center_axis',(0.,0.,1.));
#5135=DIRECTION('ref_axis',(-0.999999999991245,-4.18456962532902E-6,0.));
#5136=DIRECTION('',(0.,-1.,0.));
#5137=DIRECTION('center_axis',(0.,0.,1.));
#5138=DIRECTION('ref_axis',(0.,-1.,0.));
#5139=DIRECTION('center_axis',(0.,0.,1.));
#5140=DIRECTION('ref_axis',(-4.18456966480402E-6,0.999999999991245,0.));
#5141=DIRECTION('',(-1.,0.,0.));
#5142=DIRECTION('center_axis',(0.,0.,1.));
#5143=DIRECTION('ref_axis',(0.999999999991245,4.18456962532902E-6,0.));
#5144=DIRECTION('',(0.,1.,0.));
#5145=DIRECTION('center_axis',(0.,0.,1.));
#5146=DIRECTION('ref_axis',(4.18456966480402E-6,-0.999999999991245,0.));
#5147=DIRECTION('',(1.,0.,0.));
#5148=DIRECTION('center_axis',(0.,0.,1.));
#5149=DIRECTION('ref_axis',(-0.999999999991245,-4.18456962532902E-6,0.));
#5150=DIRECTION('',(0.,-1.,0.));
#5151=DIRECTION('center_axis',(0.,0.,1.));
#5152=DIRECTION('ref_axis',(-4.18456954638102E-6,0.999999999991245,0.));
#5153=DIRECTION('',(-1.,0.,0.));
#5154=DIRECTION('center_axis',(0.,0.,1.));
#5155=DIRECTION('ref_axis',(0.999999999991245,4.18456962532902E-6,0.));
#5156=DIRECTION('',(0.,1.,0.));
#5157=DIRECTION('center_axis',(0.,0.,1.));
#5158=DIRECTION('ref_axis',(4.18456966480402E-6,-0.999999999991245,0.));
#5159=DIRECTION('',(1.,0.,0.));
#5160=DIRECTION('center_axis',(0.,0.,1.));
#5161=DIRECTION('ref_axis',(-0.999999999991245,-4.18456954638102E-6,0.));
#5162=DIRECTION('',(0.,-1.,0.));
#5163=DIRECTION('center_axis',(0.,0.,1.));
#5164=DIRECTION('ref_axis',(-4.18456954638102E-6,0.999999999991245,0.));
#5165=DIRECTION('',(-1.,0.,0.));
#5166=DIRECTION('center_axis',(0.,0.,1.));
#5167=DIRECTION('ref_axis',(0.999999999991245,4.18456954638102E-6,0.));
#5168=DIRECTION('',(0.,1.,0.));
#5169=DIRECTION('center_axis',(0.,0.,1.));
#5170=DIRECTION('ref_axis',(4.18456954638102E-6,-0.999999999991245,0.));
#5171=DIRECTION('',(1.,0.,0.));
#5172=DIRECTION('center_axis',(0.,0.,1.));
#5173=DIRECTION('ref_axis',(-0.999999999991245,-4.18456954638102E-6,0.));
#5174=DIRECTION('',(0.,-1.,0.));
#5175=DIRECTION('center_axis',(0.,0.,1.));
#5176=DIRECTION('ref_axis',(0.,-1.,0.));
#5177=DIRECTION('center_axis',(0.,0.,1.));
#5178=DIRECTION('ref_axis',(-4.18456954638102E-6,0.999999999991245,0.));
#5179=DIRECTION('',(-1.,0.,0.));
#5180=DIRECTION('center_axis',(0.,0.,1.));
#5181=DIRECTION('ref_axis',(0.999999999991245,4.18456954638102E-6,0.));
#5182=DIRECTION('',(0.,1.,0.));
#5183=DIRECTION('center_axis',(0.,0.,1.));
#5184=DIRECTION('ref_axis',(4.18456954638102E-6,-0.999999999991245,0.));
#5185=DIRECTION('',(1.,0.,0.));
#5186=DIRECTION('center_axis',(0.,0.,1.));
#5187=DIRECTION('ref_axis',(-0.999999999991245,-4.18456954638102E-6,0.));
#5188=DIRECTION('',(0.,-1.,0.));
#5189=DIRECTION('center_axis',(0.,0.,1.));
#5190=DIRECTION('ref_axis',(-4.18456954638102E-6,0.999999999991245,0.));
#5191=DIRECTION('',(-1.,0.,0.));
#5192=DIRECTION('center_axis',(0.,0.,1.));
#5193=DIRECTION('ref_axis',(0.999999999991245,4.18456954638102E-6,0.));
#5194=DIRECTION('',(0.,1.,0.));
#5195=DIRECTION('center_axis',(0.,0.,1.));
#5196=DIRECTION('ref_axis',(4.18456954638102E-6,-0.999999999991245,0.));
#5197=DIRECTION('',(1.,0.,0.));
#5198=DIRECTION('center_axis',(0.,0.,1.));
#5199=DIRECTION('ref_axis',(-0.999999999991245,-4.18456954638102E-6,0.));
#5200=DIRECTION('',(0.,-1.,0.));
#5201=DIRECTION('center_axis',(0.,0.,1.));
#5202=DIRECTION('ref_axis',(0.,-1.,0.));
#5203=DIRECTION('center_axis',(0.,0.,1.));
#5204=DIRECTION('ref_axis',(0.965925886729697,0.258818819534919,0.));
#5205=DIRECTION('',(-0.258819050290022,0.965925824899082,0.));
#5206=DIRECTION('center_axis',(0.,0.,1.));
#5207=DIRECTION('ref_axis',(0.258818819534919,-0.965925886729697,0.));
#5208=DIRECTION('',(0.965925824899082,0.258819050290022,0.));
#5209=DIRECTION('center_axis',(0.,0.,1.));
#5210=DIRECTION('ref_axis',(-0.965925886729697,-0.258818819534919,0.));
#5211=DIRECTION('',(0.258819050290022,-0.965925824899082,0.));
#5212=DIRECTION('center_axis',(0.,0.,1.));
#5213=DIRECTION('ref_axis',(-0.258818819534919,0.965925886729697,0.));
#5214=DIRECTION('',(-0.965925824899082,-0.258819050290022,0.));
#5215=DIRECTION('center_axis',(0.,0.,1.));
#5216=DIRECTION('ref_axis',(0.866020779572154,0.500008009285089,0.));
#5217=DIRECTION('',(-0.499999979205939,0.866025415789895,0.));
#5218=DIRECTION('center_axis',(0.,0.,1.));
#5219=DIRECTION('ref_axis',(0.500008009285089,-0.866020779572154,0.));
#5220=DIRECTION('',(0.866025415789895,0.499999979205939,0.));
#5221=DIRECTION('center_axis',(0.,0.,1.));
#5222=DIRECTION('ref_axis',(-0.866020779572154,-0.500008009285089,0.));
#5223=DIRECTION('',(0.499999979205939,-0.866025415789895,0.));
#5224=DIRECTION('center_axis',(0.,0.,1.));
#5225=DIRECTION('ref_axis',(-0.500008009285089,0.866020779572154,0.));
#5226=DIRECTION('',(-0.866025415789895,-0.499999979205939,0.));
#5227=DIRECTION('center_axis',(0.,0.,-1.));
#5228=DIRECTION('ref_axis',(-0.866020779572154,-0.500008009285089,0.));
#5229=DIRECTION('',(0.,0.,1.));
#5230=DIRECTION('center_axis',(0.,0.,1.));
#5231=DIRECTION('ref_axis',(-0.866020779572154,-0.500008009285089,0.));
#5232=DIRECTION('',(0.,0.,1.));
#5233=DIRECTION('center_axis',(-0.499999979205939,0.866025415789895,0.));
#5234=DIRECTION('ref_axis',(0.866025415789895,0.499999979205939,0.));
#5235=DIRECTION('',(0.,0.,1.));
#5236=DIRECTION('',(0.866025415789895,0.499999979205939,0.));
#5237=DIRECTION('center_axis',(0.,0.,-1.));
#5238=DIRECTION('ref_axis',(0.500008009285089,-0.866020779572154,0.));
#5239=DIRECTION('',(0.,0.,1.));
#5240=DIRECTION('center_axis',(0.,0.,1.));
#5241=DIRECTION('ref_axis',(0.500008009285089,-0.866020779572154,0.));
#5242=DIRECTION('center_axis',(-0.866025415789895,-0.499999979205939,0.));
#5243=DIRECTION('ref_axis',(-0.499999979205939,0.866025415789895,0.));
#5244=DIRECTION('',(0.,0.,1.));
#5245=DIRECTION('',(-0.499999979205939,0.866025415789895,0.));
#5246=DIRECTION('center_axis',(0.,0.,-1.));
#5247=DIRECTION('ref_axis',(-0.965925886729697,-0.258818819534919,0.));
#5248=DIRECTION('',(0.,0.,1.));
#5249=DIRECTION('center_axis',(0.,0.,1.));
#5250=DIRECTION('ref_axis',(-0.965925886729697,-0.258818819534919,0.));
#5251=DIRECTION('',(0.,0.,1.));
#5252=DIRECTION('center_axis',(-0.258819050290022,0.965925824899082,0.));
#5253=DIRECTION('ref_axis',(0.965925824899082,0.258819050290022,0.));
#5254=DIRECTION('',(0.,0.,1.));
#5255=DIRECTION('',(0.965925824899082,0.258819050290022,0.));
#5256=DIRECTION('center_axis',(0.,0.,-1.));
#5257=DIRECTION('ref_axis',(0.258818819534919,-0.965925886729697,0.));
#5258=DIRECTION('',(0.,0.,1.));
#5259=DIRECTION('center_axis',(0.,0.,1.));
#5260=DIRECTION('ref_axis',(0.258818819534919,-0.965925886729697,0.));
#5261=DIRECTION('center_axis',(-0.965925824899082,-0.258819050290022,0.));
#5262=DIRECTION('ref_axis',(-0.258819050290022,0.965925824899082,0.));
#5263=DIRECTION('',(0.,0.,1.));
#5264=DIRECTION('',(-0.258819050290022,0.965925824899082,0.));
#5265=DIRECTION('center_axis',(0.,0.,-1.));
#5266=DIRECTION('ref_axis',(4.18456954638102E-6,-0.999999999991245,0.));
#5267=DIRECTION('',(0.,0.,1.));
#5268=DIRECTION('center_axis',(0.,0.,1.));
#5269=DIRECTION('ref_axis',(4.18456954638102E-6,-0.999999999991245,0.));
#5270=DIRECTION('',(0.,0.,1.));
#5271=DIRECTION('center_axis',(-1.,0.,0.));
#5272=DIRECTION('ref_axis',(0.,1.,0.));
#5273=DIRECTION('',(0.,0.,1.));
#5274=DIRECTION('',(0.,1.,0.));
#5275=DIRECTION('center_axis',(0.,0.,-1.));
#5276=DIRECTION('ref_axis',(0.999999999991245,4.18456954638102E-6,0.));
#5277=DIRECTION('',(0.,0.,1.));
#5278=DIRECTION('center_axis',(0.,0.,1.));
#5279=DIRECTION('ref_axis',(0.999999999991245,4.18456954638102E-6,0.));
#5280=DIRECTION('center_axis',(0.,-1.,0.));
#5281=DIRECTION('ref_axis',(-1.,0.,0.));
#5282=DIRECTION('',(0.,0.,1.));
#5283=DIRECTION('',(-1.,0.,0.));
#5284=DIRECTION('center_axis',(0.,0.,-1.));
#5285=DIRECTION('ref_axis',(4.18456954638102E-6,-0.999999999991245,0.));
#5286=DIRECTION('',(0.,0.,1.));
#5287=DIRECTION('center_axis',(0.,0.,1.));
#5288=DIRECTION('ref_axis',(4.18456954638102E-6,-0.999999999991245,0.));
#5289=DIRECTION('',(0.,0.,1.));
#5290=DIRECTION('center_axis',(-1.,0.,0.));
#5291=DIRECTION('ref_axis',(0.,1.,0.));
#5292=DIRECTION('',(0.,0.,1.));
#5293=DIRECTION('',(0.,1.,0.));
#5294=DIRECTION('center_axis',(0.,0.,-1.));
#5295=DIRECTION('ref_axis',(0.999999999991245,4.18456954638102E-6,0.));
#5296=DIRECTION('',(0.,0.,1.));
#5297=DIRECTION('center_axis',(0.,0.,1.));
#5298=DIRECTION('ref_axis',(0.999999999991245,4.18456954638102E-6,0.));
#5299=DIRECTION('center_axis',(0.,-1.,0.));
#5300=DIRECTION('ref_axis',(-1.,0.,0.));
#5301=DIRECTION('',(0.,0.,1.));
#5302=DIRECTION('',(-1.,0.,0.));
#5303=DIRECTION('center_axis',(0.,0.,-1.));
#5304=DIRECTION('ref_axis',(4.18456954638102E-6,-0.999999999991245,0.));
#5305=DIRECTION('',(0.,0.,1.));
#5306=DIRECTION('center_axis',(0.,0.,1.));
#5307=DIRECTION('ref_axis',(4.18456954638102E-6,-0.999999999991245,0.));
#5308=DIRECTION('',(0.,0.,1.));
#5309=DIRECTION('center_axis',(-1.,0.,0.));
#5310=DIRECTION('ref_axis',(0.,1.,0.));
#5311=DIRECTION('',(0.,0.,1.));
#5312=DIRECTION('',(0.,1.,0.));
#5313=DIRECTION('center_axis',(0.,0.,-1.));
#5314=DIRECTION('ref_axis',(0.999999999991245,4.18456954638102E-6,0.));
#5315=DIRECTION('',(0.,0.,1.));
#5316=DIRECTION('center_axis',(0.,0.,1.));
#5317=DIRECTION('ref_axis',(0.999999999991245,4.18456954638102E-6,0.));
#5318=DIRECTION('center_axis',(0.,-1.,0.));
#5319=DIRECTION('ref_axis',(-1.,0.,0.));
#5320=DIRECTION('',(0.,0.,1.));
#5321=DIRECTION('',(-1.,0.,0.));
#5322=DIRECTION('center_axis',(0.,0.,-1.));
#5323=DIRECTION('ref_axis',(4.18456966480402E-6,-0.999999999991245,0.));
#5324=DIRECTION('',(0.,0.,1.));
#5325=DIRECTION('center_axis',(0.,0.,1.));
#5326=DIRECTION('ref_axis',(4.18456966480402E-6,-0.999999999991245,0.));
#5327=DIRECTION('',(0.,0.,1.));
#5328=DIRECTION('center_axis',(-1.,0.,0.));
#5329=DIRECTION('ref_axis',(0.,1.,0.));
#5330=DIRECTION('',(0.,0.,1.));
#5331=DIRECTION('',(0.,1.,0.));
#5332=DIRECTION('center_axis',(0.,0.,-1.));
#5333=DIRECTION('ref_axis',(0.999999999991245,4.18456962532902E-6,0.));
#5334=DIRECTION('',(0.,0.,1.));
#5335=DIRECTION('center_axis',(0.,0.,1.));
#5336=DIRECTION('ref_axis',(0.999999999991245,4.18456962532902E-6,0.));
#5337=DIRECTION('center_axis',(0.,-1.,0.));
#5338=DIRECTION('ref_axis',(-1.,0.,0.));
#5339=DIRECTION('',(0.,0.,1.));
#5340=DIRECTION('',(-1.,0.,0.));
#5341=DIRECTION('center_axis',(0.,0.,-1.));
#5342=DIRECTION('ref_axis',(4.18456966480402E-6,-0.999999999991245,0.));
#5343=DIRECTION('',(0.,0.,1.));
#5344=DIRECTION('center_axis',(0.,0.,1.));
#5345=DIRECTION('ref_axis',(4.18456966480402E-6,-0.999999999991245,0.));
#5346=DIRECTION('',(0.,0.,1.));
#5347=DIRECTION('center_axis',(-1.,0.,0.));
#5348=DIRECTION('ref_axis',(0.,1.,0.));
#5349=DIRECTION('',(0.,0.,1.));
#5350=DIRECTION('',(0.,1.,0.));
#5351=DIRECTION('center_axis',(0.,0.,-1.));
#5352=DIRECTION('ref_axis',(0.999999999991245,4.18456962532902E-6,0.));
#5353=DIRECTION('',(0.,0.,1.));
#5354=DIRECTION('center_axis',(0.,0.,1.));
#5355=DIRECTION('ref_axis',(0.999999999991245,4.18456962532902E-6,0.));
#5356=DIRECTION('center_axis',(0.,-1.,0.));
#5357=DIRECTION('ref_axis',(-1.,0.,0.));
#5358=DIRECTION('',(0.,0.,1.));
#5359=DIRECTION('',(-1.,0.,0.));
#5360=DIRECTION('center_axis',(0.,0.,-1.));
#5361=DIRECTION('ref_axis',(4.18456966480402E-6,-0.999999999991245,0.));
#5362=DIRECTION('',(0.,0.,1.));
#5363=DIRECTION('center_axis',(0.,0.,1.));
#5364=DIRECTION('ref_axis',(4.18456966480402E-6,-0.999999999991245,0.));
#5365=DIRECTION('',(0.,0.,1.));
#5366=DIRECTION('center_axis',(-1.,0.,0.));
#5367=DIRECTION('ref_axis',(0.,1.,0.));
#5368=DIRECTION('',(0.,0.,1.));
#5369=DIRECTION('',(0.,1.,0.));
#5370=DIRECTION('center_axis',(0.,0.,-1.));
#5371=DIRECTION('ref_axis',(0.999999999991245,4.18456962532902E-6,0.));
#5372=DIRECTION('',(0.,0.,1.));
#5373=DIRECTION('center_axis',(0.,0.,1.));
#5374=DIRECTION('ref_axis',(0.999999999991245,4.18456962532902E-6,0.));
#5375=DIRECTION('center_axis',(0.,-1.,0.));
#5376=DIRECTION('ref_axis',(-1.,0.,0.));
#5377=DIRECTION('',(0.,0.,1.));
#5378=DIRECTION('',(-1.,0.,0.));
#5379=DIRECTION('center_axis',(0.,0.,-1.));
#5380=DIRECTION('ref_axis',(4.18456954638102E-6,-0.999999999991245,0.));
#5381=DIRECTION('',(0.,0.,1.));
#5382=DIRECTION('center_axis',(0.,0.,1.));
#5383=DIRECTION('ref_axis',(4.18456954638102E-6,-0.999999999991245,0.));
#5384=DIRECTION('',(0.,0.,1.));
#5385=DIRECTION('center_axis',(-1.,0.,0.));
#5386=DIRECTION('ref_axis',(0.,1.,0.));
#5387=DIRECTION('',(0.,0.,1.));
#5388=DIRECTION('',(0.,1.,0.));
#5389=DIRECTION('center_axis',(0.,0.,-1.));
#5390=DIRECTION('ref_axis',(0.999999999991245,4.18456954638102E-6,0.));
#5391=DIRECTION('',(0.,0.,1.));
#5392=DIRECTION('center_axis',(0.,0.,1.));
#5393=DIRECTION('ref_axis',(0.999999999991245,4.18456954638102E-6,0.));
#5394=DIRECTION('center_axis',(0.,-1.,0.));
#5395=DIRECTION('ref_axis',(-1.,0.,0.));
#5396=DIRECTION('',(0.,0.,1.));
#5397=DIRECTION('',(-1.,0.,0.));
#5398=DIRECTION('center_axis',(0.,0.,-1.));
#5399=DIRECTION('ref_axis',(4.18456954638102E-6,-0.999999999991245,0.));
#5400=DIRECTION('',(0.,0.,1.));
#5401=DIRECTION('center_axis',(0.,0.,1.));
#5402=DIRECTION('ref_axis',(4.18456954638102E-6,-0.999999999991245,0.));
#5403=DIRECTION('',(0.,0.,1.));
#5404=DIRECTION('center_axis',(-1.,0.,0.));
#5405=DIRECTION('ref_axis',(0.,1.,0.));
#5406=DIRECTION('',(0.,0.,1.));
#5407=DIRECTION('',(0.,1.,0.));
#5408=DIRECTION('center_axis',(0.,0.,-1.));
#5409=DIRECTION('ref_axis',(0.999999999991245,4.18456954638102E-6,0.));
#5410=DIRECTION('',(0.,0.,1.));
#5411=DIRECTION('center_axis',(0.,0.,1.));
#5412=DIRECTION('ref_axis',(0.999999999991245,4.18456954638102E-6,0.));
#5413=DIRECTION('center_axis',(0.,-1.,0.));
#5414=DIRECTION('ref_axis',(-1.,0.,0.));
#5415=DIRECTION('',(0.,0.,1.));
#5416=DIRECTION('',(-1.,0.,0.));
#5417=DIRECTION('center_axis',(0.,0.,-1.));
#5418=DIRECTION('ref_axis',(4.18456954638102E-6,-0.999999999991245,0.));
#5419=DIRECTION('',(0.,0.,1.));
#5420=DIRECTION('center_axis',(0.,0.,1.));
#5421=DIRECTION('ref_axis',(4.18456954638102E-6,-0.999999999991245,0.));
#5422=DIRECTION('',(0.,0.,1.));
#5423=DIRECTION('center_axis',(-1.,0.,0.));
#5424=DIRECTION('ref_axis',(0.,1.,0.));
#5425=DIRECTION('',(0.,0.,1.));
#5426=DIRECTION('',(0.,1.,0.));
#5427=DIRECTION('center_axis',(0.,0.,-1.));
#5428=DIRECTION('ref_axis',(0.999999999991245,4.18456956611802E-6,0.));
#5429=DIRECTION('',(0.,0.,1.));
#5430=DIRECTION('center_axis',(0.,0.,1.));
#5431=DIRECTION('ref_axis',(0.999999999991245,4.18456956611802E-6,0.));
#5432=DIRECTION('center_axis',(0.,-1.,0.));
#5433=DIRECTION('ref_axis',(-1.,0.,0.));
#5434=DIRECTION('',(0.,0.,1.));
#5435=DIRECTION('',(-1.,0.,0.));
#5436=DIRECTION('center_axis',(0.,0.,-1.));
#5437=DIRECTION('ref_axis',(4.18456954638102E-6,-0.999999999991245,0.));
#5438=DIRECTION('',(0.,0.,1.));
#5439=DIRECTION('center_axis',(0.,0.,1.));
#5440=DIRECTION('ref_axis',(4.18456954638102E-6,-0.999999999991245,0.));
#5441=DIRECTION('',(0.,0.,1.));
#5442=DIRECTION('center_axis',(-1.,0.,0.));
#5443=DIRECTION('ref_axis',(0.,1.,0.));
#5444=DIRECTION('',(0.,0.,1.));
#5445=DIRECTION('',(0.,1.,0.));
#5446=DIRECTION('center_axis',(0.,0.,-1.));
#5447=DIRECTION('ref_axis',(0.999999999991245,4.18456956611802E-6,0.));
#5448=DIRECTION('',(0.,0.,1.));
#5449=DIRECTION('center_axis',(0.,0.,1.));
#5450=DIRECTION('ref_axis',(0.999999999991245,4.18456956611802E-6,0.));
#5451=DIRECTION('center_axis',(0.,-1.,0.));
#5452=DIRECTION('ref_axis',(-1.,0.,0.));
#5453=DIRECTION('',(0.,0.,1.));
#5454=DIRECTION('',(-1.,0.,0.));
#5455=DIRECTION('center_axis',(0.,0.,-1.));
#5456=DIRECTION('ref_axis',(4.18456954638102E-6,-0.999999999991245,0.));
#5457=DIRECTION('',(0.,0.,1.));
#5458=DIRECTION('center_axis',(0.,0.,1.));
#5459=DIRECTION('ref_axis',(4.18456954638102E-6,-0.999999999991245,0.));
#5460=DIRECTION('',(0.,0.,1.));
#5461=DIRECTION('center_axis',(-1.,0.,0.));
#5462=DIRECTION('ref_axis',(0.,1.,0.));
#5463=DIRECTION('',(0.,0.,1.));
#5464=DIRECTION('',(0.,1.,0.));
#5465=DIRECTION('center_axis',(0.,0.,-1.));
#5466=DIRECTION('ref_axis',(0.999999999991245,4.18456954638102E-6,0.));
#5467=DIRECTION('',(0.,0.,1.));
#5468=DIRECTION('center_axis',(0.,0.,1.));
#5469=DIRECTION('ref_axis',(0.999999999991245,4.18456954638102E-6,0.));
#5470=DIRECTION('center_axis',(0.,-1.,0.));
#5471=DIRECTION('ref_axis',(-1.,0.,0.));
#5472=DIRECTION('',(0.,0.,1.));
#5473=DIRECTION('',(-1.,0.,0.));
#5474=DIRECTION('center_axis',(0.,0.,-1.));
#5475=DIRECTION('ref_axis',(4.18456966480402E-6,-0.999999999991245,0.));
#5476=DIRECTION('',(0.,0.,1.));
#5477=DIRECTION('center_axis',(0.,0.,1.));
#5478=DIRECTION('ref_axis',(4.18456966480402E-6,-0.999999999991245,0.));
#5479=DIRECTION('',(0.,0.,1.));
#5480=DIRECTION('center_axis',(-1.,0.,0.));
#5481=DIRECTION('ref_axis',(0.,1.,0.));
#5482=DIRECTION('',(0.,0.,1.));
#5483=DIRECTION('',(0.,1.,0.));
#5484=DIRECTION('center_axis',(0.,0.,-1.));
#5485=DIRECTION('ref_axis',(0.999999999991245,4.18456962532902E-6,0.));
#5486=DIRECTION('',(0.,0.,1.));
#5487=DIRECTION('center_axis',(0.,0.,1.));
#5488=DIRECTION('ref_axis',(0.999999999991245,4.18456962532902E-6,0.));
#5489=DIRECTION('center_axis',(0.,-1.,0.));
#5490=DIRECTION('ref_axis',(-1.,0.,0.));
#5491=DIRECTION('',(0.,0.,1.));
#5492=DIRECTION('',(-1.,0.,0.));
#5493=DIRECTION('center_axis',(0.,0.,-1.));
#5494=DIRECTION('ref_axis',(4.18456966480402E-6,-0.999999999991245,0.));
#5495=DIRECTION('',(0.,0.,1.));
#5496=DIRECTION('center_axis',(0.,0.,1.));
#5497=DIRECTION('ref_axis',(4.18456966480402E-6,-0.999999999991245,0.));
#5498=DIRECTION('',(0.,0.,1.));
#5499=DIRECTION('center_axis',(-1.,0.,0.));
#5500=DIRECTION('ref_axis',(0.,1.,0.));
#5501=DIRECTION('',(0.,0.,1.));
#5502=DIRECTION('',(0.,1.,0.));
#5503=DIRECTION('center_axis',(0.,0.,-1.));
#5504=DIRECTION('ref_axis',(0.999999999991245,4.18456962532902E-6,0.));
#5505=DIRECTION('',(0.,0.,1.));
#5506=DIRECTION('center_axis',(0.,0.,1.));
#5507=DIRECTION('ref_axis',(0.999999999991245,4.18456962532902E-6,0.));
#5508=DIRECTION('center_axis',(0.,-1.,0.));
#5509=DIRECTION('ref_axis',(-1.,0.,0.));
#5510=DIRECTION('',(0.,0.,1.));
#5511=DIRECTION('',(-1.,0.,0.));
#5512=DIRECTION('center_axis',(0.,0.,-1.));
#5513=DIRECTION('ref_axis',(4.18456966480402E-6,-0.999999999991245,0.));
#5514=DIRECTION('',(0.,0.,1.));
#5515=DIRECTION('center_axis',(0.,0.,1.));
#5516=DIRECTION('ref_axis',(4.18456966480402E-6,-0.999999999991245,0.));
#5517=DIRECTION('',(0.,0.,1.));
#5518=DIRECTION('center_axis',(-1.,0.,0.));
#5519=DIRECTION('ref_axis',(0.,1.,0.));
#5520=DIRECTION('',(0.,0.,1.));
#5521=DIRECTION('',(0.,1.,0.));
#5522=DIRECTION('center_axis',(0.,0.,-1.));
#5523=DIRECTION('ref_axis',(0.999999999991245,4.18456962532902E-6,0.));
#5524=DIRECTION('',(0.,0.,1.));
#5525=DIRECTION('center_axis',(0.,0.,1.));
#5526=DIRECTION('ref_axis',(0.999999999991245,4.18456962532902E-6,0.));
#5527=DIRECTION('center_axis',(0.,-1.,0.));
#5528=DIRECTION('ref_axis',(-1.,0.,0.));
#5529=DIRECTION('',(0.,0.,1.));
#5530=DIRECTION('',(-1.,0.,0.));
#5531=DIRECTION('center_axis',(0.,0.,-1.));
#5532=DIRECTION('ref_axis',(4.18456954638102E-6,-0.999999999991245,0.));
#5533=DIRECTION('',(0.,0.,1.));
#5534=DIRECTION('center_axis',(0.,0.,1.));
#5535=DIRECTION('ref_axis',(4.18456954638102E-6,-0.999999999991245,0.));
#5536=DIRECTION('',(0.,0.,1.));
#5537=DIRECTION('center_axis',(-1.,0.,0.));
#5538=DIRECTION('ref_axis',(0.,1.,0.));
#5539=DIRECTION('',(0.,0.,1.));
#5540=DIRECTION('',(0.,1.,0.));
#5541=DIRECTION('center_axis',(0.,0.,-1.));
#5542=DIRECTION('ref_axis',(0.999999999991245,4.18456956611802E-6,0.));
#5543=DIRECTION('',(0.,0.,1.));
#5544=DIRECTION('center_axis',(0.,0.,1.));
#5545=DIRECTION('ref_axis',(0.999999999991245,4.18456956611802E-6,0.));
#5546=DIRECTION('center_axis',(0.,-1.,0.));
#5547=DIRECTION('ref_axis',(-1.,0.,0.));
#5548=DIRECTION('',(0.,0.,1.));
#5549=DIRECTION('',(-1.,0.,0.));
#5550=DIRECTION('center_axis',(0.,0.,-1.));
#5551=DIRECTION('ref_axis',(4.18456958585502E-6,-0.999999999991245,0.));
#5552=DIRECTION('',(0.,0.,1.));
#5553=DIRECTION('center_axis',(0.,0.,1.));
#5554=DIRECTION('ref_axis',(4.18456958585502E-6,-0.999999999991245,0.));
#5555=DIRECTION('',(0.,0.,1.));
#5556=DIRECTION('center_axis',(-1.,0.,0.));
#5557=DIRECTION('ref_axis',(0.,1.,0.));
#5558=DIRECTION('',(0.,0.,1.));
#5559=DIRECTION('',(0.,1.,0.));
#5560=DIRECTION('center_axis',(0.,0.,-1.));
#5561=DIRECTION('ref_axis',(0.999999999991245,4.18456962533003E-6,0.));
#5562=DIRECTION('',(0.,0.,1.));
#5563=DIRECTION('center_axis',(0.,0.,1.));
#5564=DIRECTION('ref_axis',(0.999999999991245,4.18456962533003E-6,0.));
#5565=DIRECTION('center_axis',(0.,-1.,0.));
#5566=DIRECTION('ref_axis',(-1.,0.,0.));
#5567=DIRECTION('',(0.,0.,1.));
#5568=DIRECTION('',(-1.,0.,0.));
#5569=DIRECTION('center_axis',(0.,0.,-1.));
#5570=DIRECTION('ref_axis',(4.18456966480402E-6,-0.999999999991245,0.));
#5571=DIRECTION('',(0.,0.,1.));
#5572=DIRECTION('center_axis',(0.,0.,1.));
#5573=DIRECTION('ref_axis',(4.18456966480402E-6,-0.999999999991245,0.));
#5574=DIRECTION('',(0.,0.,1.));
#5575=DIRECTION('center_axis',(-1.,0.,0.));
#5576=DIRECTION('ref_axis',(0.,1.,0.));
#5577=DIRECTION('',(0.,0.,1.));
#5578=DIRECTION('',(0.,1.,0.));
#5579=DIRECTION('center_axis',(0.,0.,-1.));
#5580=DIRECTION('ref_axis',(0.999999999991245,4.18456962533003E-6,0.));
#5581=DIRECTION('',(0.,0.,1.));
#5582=DIRECTION('center_axis',(0.,0.,1.));
#5583=DIRECTION('ref_axis',(0.999999999991245,4.18456962533003E-6,0.));
#5584=DIRECTION('center_axis',(0.,-1.,0.));
#5585=DIRECTION('ref_axis',(-1.,0.,0.));
#5586=DIRECTION('',(0.,0.,1.));
#5587=DIRECTION('',(-1.,0.,0.));
#5588=DIRECTION('center_axis',(0.,0.,-1.));
#5589=DIRECTION('ref_axis',(-7.47075734953692E-7,-0.999999999999721,0.));
#5590=DIRECTION('',(0.,0.,1.));
#5591=DIRECTION('center_axis',(0.,0.,1.));
#5592=DIRECTION('ref_axis',(-7.47075734953692E-7,-0.999999999999721,0.));
#5593=DIRECTION('',(0.,0.,1.));
#5594=DIRECTION('center_axis',(-1.,0.,0.));
#5595=DIRECTION('ref_axis',(0.,1.,0.));
#5596=DIRECTION('',(0.,0.,1.));
#5597=DIRECTION('',(0.,1.,0.));
#5598=DIRECTION('center_axis',(0.,0.,-1.));
#5599=DIRECTION('ref_axis',(-0.999999999999721,-7.47075734953692E-7,0.));
#5600=DIRECTION('',(0.,0.,1.));
#5601=DIRECTION('center_axis',(0.,0.,-1.));
#5602=DIRECTION('ref_axis',(-0.999999999999721,-7.47075734953692E-7,0.));
#5603=DIRECTION('center_axis',(0.,1.,0.));
#5604=DIRECTION('ref_axis',(1.,0.,0.));
#5605=DIRECTION('',(0.,0.,1.));
#5606=DIRECTION('',(1.,0.,0.));
#5607=DIRECTION('center_axis',(0.,0.,-1.));
#5608=DIRECTION('ref_axis',(2.66713916262218E-6,0.999999999996443,0.));
#5609=DIRECTION('',(0.,0.,1.));
#5610=DIRECTION('center_axis',(0.,0.,-1.));
#5611=DIRECTION('ref_axis',(2.66713916262218E-6,0.999999999996443,0.));
#5612=DIRECTION('center_axis',(0.,0.,-1.));
#5613=DIRECTION('ref_axis',(-0.999999999996443,-2.66713916262218E-6,0.));
#5614=DIRECTION('',(0.,0.,1.));
#5615=DIRECTION('center_axis',(0.,0.,1.));
#5616=DIRECTION('ref_axis',(-0.999999999996443,-2.66713916262218E-6,0.));
#5617=DIRECTION('center_axis',(0.,1.,0.));
#5618=DIRECTION('ref_axis',(1.,0.,0.));
#5619=DIRECTION('',(0.,0.,1.));
#5620=DIRECTION('',(1.,0.,0.));
#5621=DIRECTION('center_axis',(0.,0.,-1.));
#5622=DIRECTION('ref_axis',(-7.47075763375392E-7,0.999999999999721,0.));
#5623=DIRECTION('',(0.,0.,1.));
#5624=DIRECTION('center_axis',(0.,0.,-1.));
#5625=DIRECTION('ref_axis',(-7.47075763375392E-7,0.999999999999721,0.));
#5626=DIRECTION('center_axis',(1.,0.,0.));
#5627=DIRECTION('ref_axis',(0.,-1.,0.));
#5628=DIRECTION('',(0.,0.,1.));
#5629=DIRECTION('',(0.,-1.,0.));
#5630=DIRECTION('center_axis',(0.,0.,-1.));
#5631=DIRECTION('ref_axis',(-0.999999999999721,7.47075756269992E-7,0.));
#5632=DIRECTION('',(0.,0.,1.));
#5633=DIRECTION('center_axis',(0.,0.,1.));
#5634=DIRECTION('ref_axis',(-0.999999999999721,7.47075756269992E-7,0.));
#5635=DIRECTION('center_axis',(0.,1.,0.));
#5636=DIRECTION('ref_axis',(1.,0.,0.));
#5637=DIRECTION('',(0.,0.,1.));
#5638=DIRECTION('',(1.,0.,0.));
#5639=DIRECTION('center_axis',(0.,0.,-1.));
#5640=DIRECTION('ref_axis',(-7.47075763375392E-7,0.999999999999721,0.));
#5641=DIRECTION('',(0.,0.,1.));
#5642=DIRECTION('center_axis',(0.,0.,-1.));
#5643=DIRECTION('ref_axis',(-7.47075763375392E-7,0.999999999999721,0.));
#5644=DIRECTION('center_axis',(1.,0.,0.));
#5645=DIRECTION('ref_axis',(0.,-1.,0.));
#5646=DIRECTION('',(0.,0.,1.));
#5647=DIRECTION('',(0.,-1.,0.));
#5648=DIRECTION('center_axis',(0.,0.,-1.));
#5649=DIRECTION('ref_axis',(-0.999999999999721,7.47075749164592E-7,0.));
#5650=DIRECTION('',(0.,0.,1.));
#5651=DIRECTION('center_axis',(0.,0.,1.));
#5652=DIRECTION('ref_axis',(-0.999999999999721,7.47075749164592E-7,0.));
#5653=DIRECTION('center_axis',(0.,1.,0.));
#5654=DIRECTION('ref_axis',(1.,0.,0.));
#5655=DIRECTION('',(0.,0.,1.));
#5656=DIRECTION('',(1.,0.,0.));
#5657=DIRECTION('center_axis',(0.,0.,-1.));
#5658=DIRECTION('ref_axis',(-7.47075734953692E-7,0.999999999999721,0.));
#5659=DIRECTION('',(0.,0.,1.));
#5660=DIRECTION('center_axis',(0.,0.,-1.));
#5661=DIRECTION('ref_axis',(-7.47075734953692E-7,0.999999999999721,0.));
#5662=DIRECTION('center_axis',(1.,0.,0.));
#5663=DIRECTION('ref_axis',(0.,-1.,0.));
#5664=DIRECTION('',(0.,0.,1.));
#5665=DIRECTION('',(0.,-1.,0.));
#5666=DIRECTION('center_axis',(0.,0.,-1.));
#5667=DIRECTION('ref_axis',(0.999999999999721,7.47075749164592E-7,0.));
#5668=DIRECTION('',(0.,0.,1.));
#5669=DIRECTION('center_axis',(0.,0.,-1.));
#5670=DIRECTION('ref_axis',(0.999999999999721,7.47075749164592E-7,0.));
#5671=DIRECTION('center_axis',(0.,-1.,0.));
#5672=DIRECTION('ref_axis',(-1.,0.,0.));
#5673=DIRECTION('',(0.,0.,1.));
#5674=DIRECTION('',(-1.,0.,0.));
#5675=DIRECTION('center_axis',(0.,0.,-1.));
#5676=DIRECTION('ref_axis',(7.47075734953692E-7,0.999999999999721,0.));
#5677=DIRECTION('',(0.,0.,1.));
#5678=DIRECTION('center_axis',(0.,0.,1.));
#5679=DIRECTION('ref_axis',(7.47075734953692E-7,0.999999999999721,0.));
#5680=DIRECTION('center_axis',(1.,0.,0.));
#5681=DIRECTION('ref_axis',(0.,-1.,0.));
#5682=DIRECTION('',(0.,0.,1.));
#5683=DIRECTION('',(0.,-1.,0.));
#5684=DIRECTION('center_axis',(0.,0.,-1.));
#5685=DIRECTION('ref_axis',(0.999999999999721,7.47075749164592E-7,0.));
#5686=DIRECTION('',(0.,0.,1.));
#5687=DIRECTION('center_axis',(0.,0.,-1.));
#5688=DIRECTION('ref_axis',(0.999999999999721,7.47075749164592E-7,0.));
#5689=DIRECTION('center_axis',(0.,-1.,0.));
#5690=DIRECTION('ref_axis',(-1.,0.,0.));
#5691=DIRECTION('',(0.,0.,1.));
#5692=DIRECTION('',(-1.,0.,0.));
#5693=DIRECTION('center_axis',(1.,0.,0.));
#5694=DIRECTION('ref_axis',(0.,-1.,0.));
#5695=DIRECTION('',(0.,0.,1.));
#5696=DIRECTION('',(0.,-1.,0.));
#5697=DIRECTION('center_axis',(0.,0.,-1.));
#5698=DIRECTION('ref_axis',(0.999999999999721,7.47075749164592E-7,0.));
#5699=DIRECTION('',(0.,0.,1.));
#5700=DIRECTION('center_axis',(0.,0.,-1.));
#5701=DIRECTION('ref_axis',(0.999999999999721,7.47075749164592E-7,0.));
#5702=DIRECTION('center_axis',(0.,-1.,0.));
#5703=DIRECTION('ref_axis',(-1.,0.,0.));
#5704=DIRECTION('',(0.,0.,1.));
#5705=DIRECTION('',(-1.,0.,0.));
#5706=DIRECTION('center_axis',(0.,0.,-1.));
#5707=DIRECTION('ref_axis',(7.47075720742792E-7,-0.999999999999721,0.));
#5708=DIRECTION('',(0.,0.,1.));
#5709=DIRECTION('center_axis',(0.,0.,-1.));
#5710=DIRECTION('ref_axis',(7.47075720742792E-7,-0.999999999999721,0.));
#5711=DIRECTION('center_axis',(-1.,0.,0.));
#5712=DIRECTION('ref_axis',(0.,1.,0.));
#5713=DIRECTION('',(0.,0.,1.));
#5714=DIRECTION('',(0.,1.,0.));
#5715=DIRECTION('center_axis',(0.,0.,-1.));
#5716=DIRECTION('ref_axis',(1.,0.,0.));
#5717=DIRECTION('',(0.,0.,-1.));
#5718=DIRECTION('center_axis',(0.,0.,-1.));
#5719=DIRECTION('ref_axis',(1.,0.,0.));
#5720=DIRECTION('center_axis',(0.,0.,-1.));
#5721=DIRECTION('ref_axis',(1.,0.,0.));
#5722=DIRECTION('',(0.,0.,-1.));
#5723=DIRECTION('center_axis',(0.,0.,1.));
#5724=DIRECTION('ref_axis',(1.,0.,0.));
#5725=DIRECTION('center_axis',(1.,0.,0.));
#5726=DIRECTION('ref_axis',(0.,-1.,0.));
#5727=DIRECTION('',(0.,0.,-1.));
#5728=DIRECTION('',(0.,1.,0.));
#5729=DIRECTION('center_axis',(0.,0.,-1.));
#5730=DIRECTION('ref_axis',(1.,0.,0.));
#5731=DIRECTION('',(0.,0.,-1.));
#5732=DIRECTION('center_axis',(0.,0.,1.));
#5733=DIRECTION('ref_axis',(1.,0.,0.));
#5734=DIRECTION('center_axis',(0.,0.,-1.));
#5735=DIRECTION('ref_axis',(-0.708035716378035,-0.706176624034698,0.));
#5736=DIRECTION('',(0.,0.,-1.));
#5737=DIRECTION('center_axis',(0.,0.,-1.));
#5738=DIRECTION('ref_axis',(1.,0.,0.));
#5739=DIRECTION('center_axis',(-1.,0.,0.));
#5740=DIRECTION('ref_axis',(0.,1.,0.));
#5741=DIRECTION('',(0.,0.,1.));
#5742=DIRECTION('',(0.,1.,0.));
#5743=DIRECTION('center_axis',(0.,0.,1.));
#5744=DIRECTION('ref_axis',(1.,0.,0.));
#5745=DIRECTION('center_axis',(0.,0.,1.));
#5746=DIRECTION('ref_axis',(0.999999999999721,-7.47075720742792E-7,0.));
#5747=DIRECTION('',(-1.,0.,0.));
#5748=DIRECTION('center_axis',(0.,0.,1.));
#5749=DIRECTION('ref_axis',(7.47075720742792E-7,0.999999999999721,0.));
#5750=DIRECTION('center_axis',(0.,0.,-1.));
#5751=DIRECTION('ref_axis',(0.999999999999721,7.47075720742792E-7,0.));
#5752=DIRECTION('',(-1.,0.,0.));
#5753=DIRECTION('center_axis',(0.,0.,1.));
#5754=DIRECTION('ref_axis',(-2.38144085517393E-7,0.999999999999972,0.));
#5755=DIRECTION('',(0.258818982664104,-0.965925843019389,0.));
#5756=DIRECTION('center_axis',(0.,0.,-1.));
#5757=DIRECTION('ref_axis',(0.965951477536805,0.258723294359948,0.));
#5758=DIRECTION('',(-0.965925822403948,-0.258819059601986,0.));
#5759=DIRECTION('center_axis',(0.,0.,-1.));
#5760=DIRECTION('ref_axis',(0.258888085704953,-0.965907324270825,0.));
#5761=DIRECTION('',(-0.499999997967083,0.866025404958144,0.));
#5762=DIRECTION('center_axis',(0.,0.,-1.));
#5763=DIRECTION('ref_axis',(-0.866067937090156,-0.49992632291609,0.));
#5764=DIRECTION('',(0.866025405764813,0.499999996569892,0.));
#5765=DIRECTION('center_axis',(0.,0.,1.));
#5766=DIRECTION('ref_axis',(0.50000586235489,-0.866022019125809,0.));
#5767=DIRECTION('',(0.,1.,0.));
#5768=DIRECTION('center_axis',(0.,0.,-1.));
#5769=DIRECTION('ref_axis',(1.,0.,0.));
#5770=DIRECTION('',(1.,0.,0.));
#5771=DIRECTION('center_axis',(0.,0.,1.));
#5772=DIRECTION('ref_axis',(0.,-1.,0.));
#5773=DIRECTION('',(0.,1.,0.));
#5774=DIRECTION('center_axis',(0.,0.,-1.));
#5775=DIRECTION('ref_axis',(1.,0.,0.));
#5776=DIRECTION('',(1.,0.,0.));
#5777=DIRECTION('center_axis',(0.,0.,1.));
#5778=DIRECTION('ref_axis',(-7.47075734953692E-7,-0.999999999999721,0.));
#5779=DIRECTION('',(0.,1.,0.));
#5780=DIRECTION('center_axis',(0.,0.,-1.));
#5781=DIRECTION('ref_axis',(-0.999999999999721,-7.47075734953692E-7,0.));
#5782=DIRECTION('',(1.,0.,0.));
#5783=DIRECTION('center_axis',(0.,0.,-1.));
#5784=DIRECTION('ref_axis',(0.,-1.,0.));
#5785=DIRECTION('center_axis',(0.,0.,1.));
#5786=DIRECTION('ref_axis',(-4.18456958585502E-6,0.999999999991245,0.));
#5787=DIRECTION('',(0.,-1.,0.));
#5788=DIRECTION('center_axis',(0.,0.,1.));
#5789=DIRECTION('ref_axis',(-0.999999999991245,-4.18456962532902E-6,0.));
#5790=DIRECTION('',(1.,0.,0.));
#5791=DIRECTION('center_axis',(0.,0.,1.));
#5792=DIRECTION('ref_axis',(-4.18456954638102E-6,0.999999999991245,0.));
#5793=DIRECTION('',(0.,-1.,0.));
#5794=DIRECTION('center_axis',(0.,0.,1.));
#5795=DIRECTION('ref_axis',(-0.999999999991245,-4.18456956611802E-6,0.));
#5796=DIRECTION('',(1.,0.,0.));
#5797=DIRECTION('center_axis',(0.,0.,1.));
#5798=DIRECTION('ref_axis',(-4.18456954638102E-6,0.999999999991245,0.));
#5799=DIRECTION('',(0.,-1.,0.));
#5800=DIRECTION('center_axis',(0.,0.,1.));
#5801=DIRECTION('ref_axis',(-0.999999999991245,-4.18456956611802E-6,0.));
#5802=DIRECTION('',(1.,0.,0.));
#5803=DIRECTION('center_axis',(0.,0.,1.));
#5804=DIRECTION('ref_axis',(-4.18456966480402E-6,0.999999999991245,0.));
#5805=DIRECTION('',(0.,-1.,0.));
#5806=DIRECTION('center_axis',(0.,0.,1.));
#5807=DIRECTION('ref_axis',(-0.999999999991245,-4.18456962532902E-6,0.));
#5808=DIRECTION('',(1.,0.,0.));
#5809=DIRECTION('center_axis',(0.,0.,1.));
#5810=DIRECTION('ref_axis',(-4.18456966480402E-6,0.999999999991245,0.));
#5811=DIRECTION('',(0.,-1.,0.));
#5812=DIRECTION('center_axis',(0.,0.,1.));
#5813=DIRECTION('ref_axis',(-0.999999999991245,-4.18456962532902E-6,0.));
#5814=DIRECTION('',(1.,0.,0.));
#5815=DIRECTION('center_axis',(0.,0.,1.));
#5816=DIRECTION('ref_axis',(-4.18456954638102E-6,0.999999999991245,0.));
#5817=DIRECTION('',(0.,-1.,0.));
#5818=DIRECTION('center_axis',(0.,0.,1.));
#5819=DIRECTION('ref_axis',(-0.999999999991245,-4.18456954638102E-6,0.));
#5820=DIRECTION('',(1.,0.,0.));
#5821=DIRECTION('center_axis',(0.,0.,1.));
#5822=DIRECTION('ref_axis',(-4.18456954638102E-6,0.999999999991245,0.));
#5823=DIRECTION('',(0.,-1.,0.));
#5824=DIRECTION('center_axis',(0.,0.,1.));
#5825=DIRECTION('ref_axis',(-0.999999999991245,-4.18456954638102E-6,0.));
#5826=DIRECTION('',(1.,0.,0.));
#5827=DIRECTION('center_axis',(0.,0.,-1.));
#5828=DIRECTION('ref_axis',(0.,-1.,0.));
#5829=DIRECTION('center_axis',(0.,0.,1.));
#5830=DIRECTION('ref_axis',(-4.18456954638102E-6,0.999999999991245,0.));
#5831=DIRECTION('',(0.,-1.,0.));
#5832=DIRECTION('center_axis',(0.,0.,1.));
#5833=DIRECTION('ref_axis',(-0.999999999991245,-4.18456954638102E-6,0.));
#5834=DIRECTION('',(1.,0.,0.));
#5835=DIRECTION('center_axis',(0.,0.,1.));
#5836=DIRECTION('ref_axis',(-4.18456954638102E-6,0.999999999991245,0.));
#5837=DIRECTION('',(0.,-1.,0.));
#5838=DIRECTION('center_axis',(0.,0.,1.));
#5839=DIRECTION('ref_axis',(-0.999999999991245,-4.18456954638102E-6,0.));
#5840=DIRECTION('',(1.,0.,0.));
#5841=DIRECTION('center_axis',(0.,0.,1.));
#5842=DIRECTION('ref_axis',(-4.18456954638102E-6,0.999999999991245,0.));
#5843=DIRECTION('',(0.,-1.,0.));
#5844=DIRECTION('center_axis',(0.,0.,1.));
#5845=DIRECTION('ref_axis',(-0.999999999991245,-4.18456954638102E-6,0.));
#5846=DIRECTION('',(1.,0.,0.));
#5847=DIRECTION('center_axis',(0.,0.,1.));
#5848=DIRECTION('ref_axis',(-4.18456954638102E-6,0.999999999991245,0.));
#5849=DIRECTION('',(0.,-1.,0.));
#5850=DIRECTION('center_axis',(0.,0.,1.));
#5851=DIRECTION('ref_axis',(-0.999999999991245,-4.18456954638102E-6,0.));
#5852=DIRECTION('',(1.,0.,0.));
#5853=DIRECTION('center_axis',(0.,0.,1.));
#5854=DIRECTION('ref_axis',(-4.18456966480402E-6,0.999999999991245,0.));
#5855=DIRECTION('',(0.,-1.,0.));
#5856=DIRECTION('center_axis',(0.,0.,1.));
#5857=DIRECTION('ref_axis',(-0.999999999991245,-4.18456962532902E-6,0.));
#5858=DIRECTION('',(1.,0.,0.));
#5859=DIRECTION('center_axis',(0.,0.,-1.));
#5860=DIRECTION('ref_axis',(0.,-1.,0.));
#5861=DIRECTION('center_axis',(0.,0.,1.));
#5862=DIRECTION('ref_axis',(-4.18456966480402E-6,0.999999999991245,0.));
#5863=DIRECTION('',(0.,-1.,0.));
#5864=DIRECTION('center_axis',(0.,0.,1.));
#5865=DIRECTION('ref_axis',(-0.999999999991245,-4.18456962532902E-6,0.));
#5866=DIRECTION('',(1.,0.,0.));
#5867=DIRECTION('center_axis',(0.,0.,1.));
#5868=DIRECTION('ref_axis',(-4.18456954638102E-6,0.999999999991245,0.));
#5869=DIRECTION('',(0.,-1.,0.));
#5870=DIRECTION('center_axis',(0.,0.,1.));
#5871=DIRECTION('ref_axis',(-0.999999999991245,-4.18456954638102E-6,0.));
#5872=DIRECTION('',(1.,0.,0.));
#5873=DIRECTION('center_axis',(0.,0.,1.));
#5874=DIRECTION('ref_axis',(-4.18456954638102E-6,0.999999999991245,0.));
#5875=DIRECTION('',(0.,-1.,0.));
#5876=DIRECTION('center_axis',(0.,0.,1.));
#5877=DIRECTION('ref_axis',(-0.999999999991245,-4.18456954638102E-6,0.));
#5878=DIRECTION('',(1.,0.,0.));
#5879=DIRECTION('center_axis',(0.,0.,-1.));
#5880=DIRECTION('ref_axis',(0.,-1.,0.));
#5881=DIRECTION('center_axis',(0.,0.,1.));
#5882=DIRECTION('ref_axis',(-4.18456954638102E-6,0.999999999991245,0.));
#5883=DIRECTION('',(0.,-1.,0.));
#5884=DIRECTION('center_axis',(0.,0.,1.));
#5885=DIRECTION('ref_axis',(-0.999999999991245,-4.18456954638102E-6,0.));
#5886=DIRECTION('',(1.,0.,0.));
#5887=DIRECTION('center_axis',(0.,0.,1.));
#5888=DIRECTION('ref_axis',(-4.18456954638102E-6,0.999999999991245,0.));
#5889=DIRECTION('',(0.,-1.,0.));
#5890=DIRECTION('center_axis',(0.,0.,1.));
#5891=DIRECTION('ref_axis',(-0.999999999991245,-4.18456954638102E-6,0.));
#5892=DIRECTION('',(1.,0.,0.));
#5893=DIRECTION('center_axis',(0.,0.,-1.));
#5894=DIRECTION('ref_axis',(0.,-1.,0.));
#5895=DIRECTION('center_axis',(0.,0.,1.));
#5896=DIRECTION('ref_axis',(0.965925886729697,0.258818819534919,0.));
#5897=DIRECTION('',(-0.965925824899082,-0.258819050290022,0.));
#5898=DIRECTION('center_axis',(0.,0.,1.));
#5899=DIRECTION('ref_axis',(-0.258818819534919,0.965925886729697,0.));
#5900=DIRECTION('',(0.258819050290022,-0.965925824899082,0.));
#5901=DIRECTION('center_axis',(0.,0.,1.));
#5902=DIRECTION('ref_axis',(0.866020779572154,0.500008009285089,0.));
#5903=DIRECTION('',(-0.866025415789895,-0.499999979205939,0.));
#5904=DIRECTION('center_axis',(0.,0.,1.));
#5905=DIRECTION('ref_axis',(-0.500008009285089,0.866020779572154,0.));
#5906=DIRECTION('',(0.499999979205939,-0.866025415789895,0.));
#5907=DIRECTION('center_axis',(0.,0.,-1.));
#5908=DIRECTION('ref_axis',(1.,0.,0.));
#5909=DIRECTION('',(0.,0.,1.));
#5910=DIRECTION('',(0.,0.,1.));
#5911=DIRECTION('center_axis',(0.,0.,-1.));
#5912=DIRECTION('ref_axis',(-0.707358390603109,0.706855082208072,0.));
#5913=DIRECTION('',(0.,0.,1.));
#5914=DIRECTION('',(0.,0.,1.));
#5915=DIRECTION('center_axis',(1.,0.,0.));
#5916=DIRECTION('ref_axis',(0.,-1.,0.));
#5917=DIRECTION('',(0.,0.,-1.));
#5918=DIRECTION('center_axis',(-1.,0.,0.));
#5919=DIRECTION('ref_axis',(0.,1.,0.));
#5920=DIRECTION('',(0.,0.,1.));
#5921=DIRECTION('center_axis',(0.,0.,-1.));
#5922=DIRECTION('ref_axis',(0.,-1.,0.));
#5923=DIRECTION('',(0.,0.,-1.));
#5924=DIRECTION('center_axis',(0.,-1.,0.));
#5925=DIRECTION('ref_axis',(-1.,0.,0.));
#5926=DIRECTION('center_axis',(0.,1.,0.));
#5927=DIRECTION('ref_axis',(1.,0.,0.));
#5928=DIRECTION('',(0.,0.,1.));
#5929=DIRECTION('center_axis',(0.,1.,0.));
#5930=DIRECTION('ref_axis',(1.,0.,0.));
#5931=DIRECTION('',(0.,0.,1.));
#5932=DIRECTION('center_axis',(0.,0.,-1.));
#5933=DIRECTION('ref_axis',(-0.999999999999721,-7.47075734953692E-7,0.));
#5934=DIRECTION('',(0.,0.,1.));
#5935=DIRECTION('center_axis',(-1.,0.,0.));
#5936=DIRECTION('ref_axis',(0.,1.,0.));
#5937=DIRECTION('',(0.,0.,1.));
#5938=DIRECTION('center_axis',(0.,0.,-1.));
#5939=DIRECTION('ref_axis',(-7.47075734953692E-7,-0.999999999999721,0.));
#5940=DIRECTION('center_axis',(0.,0.,-1.));
#5941=DIRECTION('ref_axis',(0.50000586235489,-0.866022019125809,0.));
#5942=DIRECTION('',(0.,0.,1.));
#5943=DIRECTION('center_axis',(-0.499999996569892,0.866025405764813,0.));
#5944=DIRECTION('ref_axis',(0.866025405764813,0.499999996569892,0.));
#5945=DIRECTION('',(0.,0.,1.));
#5946=DIRECTION('center_axis',(0.,0.,-1.));
#5947=DIRECTION('ref_axis',(-0.866067937090156,-0.49992632291609,0.));
#5948=DIRECTION('',(0.,0.,1.));
#5949=DIRECTION('center_axis',(-0.866025404958144,-0.499999997967083,0.));
#5950=DIRECTION('ref_axis',(-0.499999997967083,0.866025404958144,0.));
#5951=DIRECTION('',(0.,0.,1.));
#5952=DIRECTION('center_axis',(0.,0.,-1.));
#5953=DIRECTION('ref_axis',(0.258888085704953,-0.965907324270825,0.));
#5954=DIRECTION('',(0.,0.,1.));
#5955=DIRECTION('center_axis',(0.258819059601986,-0.965925822403948,0.));
#5956=DIRECTION('ref_axis',(-0.965925822403948,-0.258819059601986,0.));
#5957=DIRECTION('',(0.,0.,1.));
#5958=DIRECTION('center_axis',(0.,0.,-1.));
#5959=DIRECTION('ref_axis',(0.965951477536805,0.258723294359948,0.));
#5960=DIRECTION('',(0.,0.,1.));
#5961=DIRECTION('center_axis',(0.965925843019389,0.258818982664104,0.));
#5962=DIRECTION('ref_axis',(0.258818982664104,-0.96592584301939,0.));
#5963=DIRECTION('',(0.,0.,1.));
#5964=DIRECTION('center_axis',(0.,0.,-1.));
#5965=DIRECTION('ref_axis',(-2.38144085517393E-7,0.999999999999972,0.));
#5966=DIRECTION('',(0.,0.,1.));
#5967=DIRECTION('center_axis',(0.,-1.,0.));
#5968=DIRECTION('ref_axis',(-1.,0.,0.));
#5969=DIRECTION('',(0.,0.,1.));
#5970=DIRECTION('center_axis',(0.,0.,-1.));
#5971=DIRECTION('ref_axis',(0.999999999999721,7.47075720742792E-7,0.));
#5972=DIRECTION('',(0.,0.,1.));
#5973=DIRECTION('center_axis',(0.,0.,-1.));
#5974=DIRECTION('ref_axis',(7.47075720742792E-7,0.999999999999721,0.));
#5975=DIRECTION('',(0.,0.,1.));
#5976=DIRECTION('center_axis',(0.,-1.,0.));
#5977=DIRECTION('ref_axis',(-1.,0.,0.));
#5978=DIRECTION('',(0.,0.,1.));
#5979=DIRECTION('center_axis',(0.,0.,-1.));
#5980=DIRECTION('ref_axis',(0.999999999999721,-7.47075720742792E-7,0.));
#5981=DIRECTION('center_axis',(0.,0.,-1.));
#5982=DIRECTION('ref_axis',(0.866020779572154,0.500008009285089,0.));
#5983=DIRECTION('',(0.,0.,1.));
#5984=DIRECTION('center_axis',(0.499999979205939,-0.866025415789895,0.));
#5985=DIRECTION('ref_axis',(-0.866025415789895,-0.499999979205939,0.));
#5986=DIRECTION('',(0.,0.,1.));
#5987=DIRECTION('center_axis',(0.,0.,-1.));
#5988=DIRECTION('ref_axis',(-0.500008009285089,0.866020779572154,0.));
#5989=DIRECTION('',(0.,0.,1.));
#5990=DIRECTION('center_axis',(0.866025415789895,0.499999979205939,0.));
#5991=DIRECTION('ref_axis',(0.499999979205939,-0.866025415789895,0.));
#5992=DIRECTION('center_axis',(0.,0.,-1.));
#5993=DIRECTION('ref_axis',(0.965925886729697,0.258818819534919,0.));
#5994=DIRECTION('',(0.,0.,1.));
#5995=DIRECTION('center_axis',(0.258819050290022,-0.965925824899082,0.));
#5996=DIRECTION('ref_axis',(-0.965925824899082,-0.258819050290022,0.));
#5997=DIRECTION('',(0.,0.,1.));
#5998=DIRECTION('center_axis',(0.,0.,-1.));
#5999=DIRECTION('ref_axis',(-0.258818819534919,0.965925886729697,0.));
#6000=DIRECTION('',(0.,0.,1.));
#6001=DIRECTION('center_axis',(0.965925824899082,0.258819050290022,0.));
#6002=DIRECTION('ref_axis',(0.258819050290022,-0.965925824899082,0.));
#6003=DIRECTION('center_axis',(0.,0.,-1.));
#6004=DIRECTION('ref_axis',(0.,-1.,0.));
#6005=DIRECTION('',(0.,0.,-1.));
#6006=DIRECTION('center_axis',(0.,0.,-1.));
#6007=DIRECTION('ref_axis',(-4.18456954638102E-6,0.999999999991245,0.));
#6008=DIRECTION('',(0.,0.,1.));
#6009=DIRECTION('center_axis',(1.,0.,0.));
#6010=DIRECTION('ref_axis',(0.,-1.,0.));
#6011=DIRECTION('',(0.,0.,1.));
#6012=DIRECTION('center_axis',(0.,0.,-1.));
#6013=DIRECTION('ref_axis',(-0.999999999991245,-4.18456954638102E-6,0.));
#6014=DIRECTION('',(0.,0.,1.));
#6015=DIRECTION('center_axis',(0.,1.,0.));
#6016=DIRECTION('ref_axis',(1.,0.,0.));
#6017=DIRECTION('center_axis',(0.,0.,-1.));
#6018=DIRECTION('ref_axis',(-4.18456954638102E-6,0.999999999991245,0.));
#6019=DIRECTION('',(0.,0.,1.));
#6020=DIRECTION('center_axis',(1.,0.,0.));
#6021=DIRECTION('ref_axis',(0.,-1.,0.));
#6022=DIRECTION('',(0.,0.,1.));
#6023=DIRECTION('center_axis',(0.,0.,-1.));
#6024=DIRECTION('ref_axis',(-0.999999999991245,-4.18456954638102E-6,0.));
#6025=DIRECTION('',(0.,0.,1.));
#6026=DIRECTION('center_axis',(0.,1.,0.));
#6027=DIRECTION('ref_axis',(1.,0.,0.));
#6028=DIRECTION('center_axis',(0.,0.,-1.));
#6029=DIRECTION('ref_axis',(0.,-1.,0.));
#6030=DIRECTION('',(0.,0.,-1.));
#6031=DIRECTION('center_axis',(0.,0.,-1.));
#6032=DIRECTION('ref_axis',(-4.18456954638102E-6,0.999999999991245,0.));
#6033=DIRECTION('',(0.,0.,1.));
#6034=DIRECTION('center_axis',(1.,0.,0.));
#6035=DIRECTION('ref_axis',(0.,-1.,0.));
#6036=DIRECTION('',(0.,0.,1.));
#6037=DIRECTION('center_axis',(0.,0.,-1.));
#6038=DIRECTION('ref_axis',(-0.999999999991245,-4.18456954638102E-6,0.));
#6039=DIRECTION('',(0.,0.,1.));
#6040=DIRECTION('center_axis',(0.,1.,0.));
#6041=DIRECTION('ref_axis',(1.,0.,0.));
#6042=DIRECTION('center_axis',(0.,0.,-1.));
#6043=DIRECTION('ref_axis',(-4.18456954638102E-6,0.999999999991245,0.));
#6044=DIRECTION('',(0.,0.,1.));
#6045=DIRECTION('center_axis',(1.,0.,0.));
#6046=DIRECTION('ref_axis',(0.,-1.,0.));
#6047=DIRECTION('',(0.,0.,1.));
#6048=DIRECTION('center_axis',(0.,0.,-1.));
#6049=DIRECTION('ref_axis',(-0.999999999991245,-4.18456954638102E-6,0.));
#6050=DIRECTION('',(0.,0.,1.));
#6051=DIRECTION('center_axis',(0.,1.,0.));
#6052=DIRECTION('ref_axis',(1.,0.,0.));
#6053=DIRECTION('center_axis',(0.,0.,-1.));
#6054=DIRECTION('ref_axis',(-4.18456966480402E-6,0.999999999991245,0.));
#6055=DIRECTION('',(0.,0.,1.));
#6056=DIRECTION('center_axis',(1.,0.,0.));
#6057=DIRECTION('ref_axis',(0.,-1.,0.));
#6058=DIRECTION('',(0.,0.,1.));
#6059=DIRECTION('center_axis',(0.,0.,-1.));
#6060=DIRECTION('ref_axis',(-0.999999999991245,-4.18456962532902E-6,0.));
#6061=DIRECTION('',(0.,0.,1.));
#6062=DIRECTION('center_axis',(0.,1.,0.));
#6063=DIRECTION('ref_axis',(1.,0.,0.));
#6064=DIRECTION('center_axis',(0.,0.,-1.));
#6065=DIRECTION('ref_axis',(0.,-1.,0.));
#6066=DIRECTION('',(0.,0.,-1.));
#6067=DIRECTION('center_axis',(0.,0.,-1.));
#6068=DIRECTION('ref_axis',(-4.18456966480402E-6,0.999999999991245,0.));
#6069=DIRECTION('',(0.,0.,1.));
#6070=DIRECTION('center_axis',(1.,0.,0.));
#6071=DIRECTION('ref_axis',(0.,-1.,0.));
#6072=DIRECTION('',(0.,0.,1.));
#6073=DIRECTION('center_axis',(0.,0.,-1.));
#6074=DIRECTION('ref_axis',(-0.999999999991245,-4.18456962532902E-6,0.));
#6075=DIRECTION('',(0.,0.,1.));
#6076=DIRECTION('center_axis',(0.,1.,0.));
#6077=DIRECTION('ref_axis',(1.,0.,0.));
#6078=DIRECTION('center_axis',(0.,0.,-1.));
#6079=DIRECTION('ref_axis',(-4.18456954638102E-6,0.999999999991245,0.));
#6080=DIRECTION('',(0.,0.,1.));
#6081=DIRECTION('center_axis',(1.,0.,0.));
#6082=DIRECTION('ref_axis',(0.,-1.,0.));
#6083=DIRECTION('',(0.,0.,1.));
#6084=DIRECTION('center_axis',(0.,0.,-1.));
#6085=DIRECTION('ref_axis',(-0.999999999991245,-4.18456954638102E-6,0.));
#6086=DIRECTION('',(0.,0.,1.));
#6087=DIRECTION('center_axis',(0.,1.,0.));
#6088=DIRECTION('ref_axis',(1.,0.,0.));
#6089=DIRECTION('center_axis',(0.,0.,-1.));
#6090=DIRECTION('ref_axis',(-4.18456954638102E-6,0.999999999991245,0.));
#6091=DIRECTION('',(0.,0.,1.));
#6092=DIRECTION('center_axis',(1.,0.,0.));
#6093=DIRECTION('ref_axis',(0.,-1.,0.));
#6094=DIRECTION('',(0.,0.,1.));
#6095=DIRECTION('center_axis',(0.,0.,-1.));
#6096=DIRECTION('ref_axis',(-0.999999999991245,-4.18456954638102E-6,0.));
#6097=DIRECTION('',(0.,0.,1.));
#6098=DIRECTION('center_axis',(0.,1.,0.));
#6099=DIRECTION('ref_axis',(1.,0.,0.));
#6100=DIRECTION('center_axis',(0.,0.,-1.));
#6101=DIRECTION('ref_axis',(-4.18456954638102E-6,0.999999999991245,0.));
#6102=DIRECTION('',(0.,0.,1.));
#6103=DIRECTION('center_axis',(1.,0.,0.));
#6104=DIRECTION('ref_axis',(0.,-1.,0.));
#6105=DIRECTION('',(0.,0.,1.));
#6106=DIRECTION('center_axis',(0.,0.,-1.));
#6107=DIRECTION('ref_axis',(-0.999999999991245,-4.18456954638102E-6,0.));
#6108=DIRECTION('',(0.,0.,1.));
#6109=DIRECTION('center_axis',(0.,1.,0.));
#6110=DIRECTION('ref_axis',(1.,0.,0.));
#6111=DIRECTION('center_axis',(0.,0.,-1.));
#6112=DIRECTION('ref_axis',(-4.18456954638102E-6,0.999999999991245,0.));
#6113=DIRECTION('',(0.,0.,1.));
#6114=DIRECTION('center_axis',(1.,0.,0.));
#6115=DIRECTION('ref_axis',(0.,-1.,0.));
#6116=DIRECTION('',(0.,0.,1.));
#6117=DIRECTION('center_axis',(0.,0.,-1.));
#6118=DIRECTION('ref_axis',(-0.999999999991245,-4.18456954638102E-6,0.));
#6119=DIRECTION('',(0.,0.,1.));
#6120=DIRECTION('center_axis',(0.,1.,0.));
#6121=DIRECTION('ref_axis',(1.,0.,0.));
#6122=DIRECTION('center_axis',(0.,0.,-1.));
#6123=DIRECTION('ref_axis',(0.,-1.,0.));
#6124=DIRECTION('',(0.,0.,-1.));
#6125=DIRECTION('center_axis',(0.,0.,-1.));
#6126=DIRECTION('ref_axis',(-4.18456954638102E-6,0.999999999991245,0.));
#6127=DIRECTION('',(0.,0.,1.));
#6128=DIRECTION('center_axis',(1.,0.,0.));
#6129=DIRECTION('ref_axis',(0.,-1.,0.));
#6130=DIRECTION('',(0.,0.,1.));
#6131=DIRECTION('center_axis',(0.,0.,-1.));
#6132=DIRECTION('ref_axis',(-0.999999999991245,-4.18456954638102E-6,0.));
#6133=DIRECTION('',(0.,0.,1.));
#6134=DIRECTION('center_axis',(0.,1.,0.));
#6135=DIRECTION('ref_axis',(1.,0.,0.));
#6136=DIRECTION('center_axis',(0.,0.,-1.));
#6137=DIRECTION('ref_axis',(-4.18456954638102E-6,0.999999999991245,0.));
#6138=DIRECTION('',(0.,0.,1.));
#6139=DIRECTION('center_axis',(1.,0.,0.));
#6140=DIRECTION('ref_axis',(0.,-1.,0.));
#6141=DIRECTION('',(0.,0.,1.));
#6142=DIRECTION('center_axis',(0.,0.,-1.));
#6143=DIRECTION('ref_axis',(-0.999999999991245,-4.18456954638102E-6,0.));
#6144=DIRECTION('',(0.,0.,1.));
#6145=DIRECTION('center_axis',(0.,1.,0.));
#6146=DIRECTION('ref_axis',(1.,0.,0.));
#6147=DIRECTION('center_axis',(0.,0.,-1.));
#6148=DIRECTION('ref_axis',(-4.18456966480402E-6,0.999999999991245,0.));
#6149=DIRECTION('',(0.,0.,1.));
#6150=DIRECTION('center_axis',(1.,0.,0.));
#6151=DIRECTION('ref_axis',(0.,-1.,0.));
#6152=DIRECTION('',(0.,0.,1.));
#6153=DIRECTION('center_axis',(0.,0.,-1.));
#6154=DIRECTION('ref_axis',(-0.999999999991245,-4.18456962532902E-6,0.));
#6155=DIRECTION('',(0.,0.,1.));
#6156=DIRECTION('center_axis',(0.,1.,0.));
#6157=DIRECTION('ref_axis',(1.,0.,0.));
#6158=DIRECTION('center_axis',(0.,0.,-1.));
#6159=DIRECTION('ref_axis',(-4.18456966480402E-6,0.999999999991245,0.));
#6160=DIRECTION('',(0.,0.,1.));
#6161=DIRECTION('center_axis',(1.,0.,0.));
#6162=DIRECTION('ref_axis',(0.,-1.,0.));
#6163=DIRECTION('',(0.,0.,1.));
#6164=DIRECTION('center_axis',(0.,0.,-1.));
#6165=DIRECTION('ref_axis',(-0.999999999991245,-4.18456962532902E-6,0.));
#6166=DIRECTION('',(0.,0.,1.));
#6167=DIRECTION('center_axis',(0.,1.,0.));
#6168=DIRECTION('ref_axis',(1.,0.,0.));
#6169=DIRECTION('center_axis',(0.,0.,-1.));
#6170=DIRECTION('ref_axis',(-4.18456954638102E-6,0.999999999991245,0.));
#6171=DIRECTION('',(0.,0.,1.));
#6172=DIRECTION('center_axis',(1.,0.,0.));
#6173=DIRECTION('ref_axis',(0.,-1.,0.));
#6174=DIRECTION('',(0.,0.,1.));
#6175=DIRECTION('center_axis',(0.,0.,-1.));
#6176=DIRECTION('ref_axis',(-0.999999999991245,-4.18456956611802E-6,0.));
#6177=DIRECTION('',(0.,0.,1.));
#6178=DIRECTION('center_axis',(0.,1.,0.));
#6179=DIRECTION('ref_axis',(1.,0.,0.));
#6180=DIRECTION('center_axis',(0.,0.,-1.));
#6181=DIRECTION('ref_axis',(-4.18456954638102E-6,0.999999999991245,0.));
#6182=DIRECTION('',(0.,0.,1.));
#6183=DIRECTION('center_axis',(1.,0.,0.));
#6184=DIRECTION('ref_axis',(0.,-1.,0.));
#6185=DIRECTION('',(0.,0.,1.));
#6186=DIRECTION('center_axis',(0.,0.,-1.));
#6187=DIRECTION('ref_axis',(-0.999999999991245,-4.18456956611802E-6,0.));
#6188=DIRECTION('',(0.,0.,1.));
#6189=DIRECTION('center_axis',(0.,1.,0.));
#6190=DIRECTION('ref_axis',(1.,0.,0.));
#6191=DIRECTION('center_axis',(0.,0.,-1.));
#6192=DIRECTION('ref_axis',(-4.18456958585502E-6,0.999999999991245,0.));
#6193=DIRECTION('',(0.,0.,1.));
#6194=DIRECTION('center_axis',(1.,0.,0.));
#6195=DIRECTION('ref_axis',(0.,-1.,0.));
#6196=DIRECTION('',(0.,0.,1.));
#6197=DIRECTION('center_axis',(0.,0.,-1.));
#6198=DIRECTION('ref_axis',(-0.999999999991245,-4.18456962532902E-6,0.));
#6199=DIRECTION('',(0.,0.,1.));
#6200=DIRECTION('center_axis',(0.,1.,0.));
#6201=DIRECTION('ref_axis',(1.,0.,0.));
#6202=DIRECTION('center_axis',(0.,0.,-1.));
#6203=DIRECTION('ref_axis',(0.,-1.,0.));
#6204=DIRECTION('',(0.,0.,-1.));
#6205=DIRECTION('',(0.,0.,1.));
#6206=DIRECTION('',(1.,0.,0.));
#6207=CARTESIAN_POINT('',(0.,0.,0.));
#6208=CARTESIAN_POINT('',(0.,0.,0.));
#6209=CARTESIAN_POINT('Origin',(0.,0.,1.5));
#6210=CARTESIAN_POINT('',(126.,-124.99999999991,1.5));
#6211=CARTESIAN_POINT('',(126.499999999999,-124.49999999991,1.5));
#6212=CARTESIAN_POINT('Origin',(126.5,-124.99999999991,1.5));
#6213=CARTESIAN_POINT('',(126.,-126.,1.5));
#6214=CARTESIAN_POINT('',(126.,-63.,1.5));
#6215=CARTESIAN_POINT('',(127.,-127.,1.5));
#6216=CARTESIAN_POINT('Origin',(126.99999925292,-126.000000747,1.5));
#6217=CARTESIAN_POINT('',(132.,-127.,1.5));
#6218=CARTESIAN_POINT('',(66.,-127.,1.5));
#6219=CARTESIAN_POINT('',(133.,-126.,1.5));
#6220=CARTESIAN_POINT('Origin',(132.00000074707,-126.000000747,1.5));
#6221=CARTESIAN_POINT('',(133.,-110.5,1.5));
#6222=CARTESIAN_POINT('',(133.,-55.25,1.5));
#6223=CARTESIAN_POINT('',(165.5,-110.5,1.5));
#6224=CARTESIAN_POINT('',(82.75,-110.5,1.5));
#6225=CARTESIAN_POINT('',(166.5,-109.5,1.5));
#6226=CARTESIAN_POINT('Origin',(165.50000074707,-109.500000747,1.5));
#6227=CARTESIAN_POINT('',(166.5,-107.5,1.5));
#6228=CARTESIAN_POINT('',(166.5,-53.75,1.5));
#6229=CARTESIAN_POINT('',(167.5,-106.5,1.5));
#6230=CARTESIAN_POINT('Origin',(167.49999925292,-107.4999992529,1.5));
#6231=CARTESIAN_POINT('',(179.5,-106.5,1.5));
#6232=CARTESIAN_POINT('',(89.75,-106.5,1.5));
#6233=CARTESIAN_POINT('',(180.5,-105.5,1.5));
#6234=CARTESIAN_POINT('Origin',(179.50000074707,-105.500000747,1.5));
#6235=CARTESIAN_POINT('',(180.5,-70.5,1.5));
#6236=CARTESIAN_POINT('',(180.5,-35.25,1.5));
#6237=CARTESIAN_POINT('',(179.5,-69.5,1.5));
#6238=CARTESIAN_POINT('Origin',(179.50000074707,-70.49999925292,1.5));
#6239=CARTESIAN_POINT('',(163.5,-69.5,1.5));
#6240=CARTESIAN_POINT('',(81.75,-69.5,1.5));
#6241=CARTESIAN_POINT('',(162.5,-68.5,1.5));
#6242=CARTESIAN_POINT('Origin',(163.49999925292,-68.50000074707,1.5));
#6243=CARTESIAN_POINT('',(162.5,-57.5,1.5));
#6244=CARTESIAN_POINT('',(162.5,-28.75,1.5));
#6245=CARTESIAN_POINT('',(161.5,-56.5,1.5));
#6246=CARTESIAN_POINT('Origin',(161.50000074707,-57.49999925292,1.5));
#6247=CARTESIAN_POINT('',(149.5,-56.5,1.5));
#6248=CARTESIAN_POINT('',(74.75,-56.5,1.5));
#6249=CARTESIAN_POINT('',(148.5,-55.5,1.5));
#6250=CARTESIAN_POINT('Origin',(149.49999925292,-55.50000074707,1.5));
#6251=CARTESIAN_POINT('',(148.5,-47.5,1.5));
#6252=CARTESIAN_POINT('',(148.5,-23.75,1.5));
#6253=CARTESIAN_POINT('',(147.5,-46.5,1.5));
#6254=CARTESIAN_POINT('Origin',(147.50000074707,-47.49999925292,1.5));
#6255=CARTESIAN_POINT('',(127.,-46.5,1.5));
#6256=CARTESIAN_POINT('',(63.5,-46.5,1.5));
#6257=CARTESIAN_POINT('',(126.5,-46.,1.5));
#6258=CARTESIAN_POINT('Origin',(127.00000133357,-45.99999866642,1.5));
#6259=CARTESIAN_POINT('',(126.,-45.5,1.5));
#6260=CARTESIAN_POINT('Origin',(125.99999866642,-46.00000133357,1.5));
#6261=CARTESIAN_POINT('',(106.5,-45.5,1.5));
#6262=CARTESIAN_POINT('',(53.25,-45.5,1.5));
#6263=CARTESIAN_POINT('',(105.5,-46.5,1.5));
#6264=CARTESIAN_POINT('Origin',(106.49999925292,-46.49999925292,1.5));
#6265=CARTESIAN_POINT('',(105.5,-47.,1.5));
#6266=CARTESIAN_POINT('',(105.5,-23.5,1.5));
#6267=CARTESIAN_POINT('',(104.5,-48.,1.5));
#6268=CARTESIAN_POINT('Origin',(104.50000074707,-47.00000074707,1.5));
#6269=CARTESIAN_POINT('',(86.25,-48.,1.5));
#6270=CARTESIAN_POINT('',(43.125,-48.,1.5));
#6271=CARTESIAN_POINT('',(85.25,-49.,1.5));
#6272=CARTESIAN_POINT('Origin',(86.249999252925,-48.99999925292,1.5));
#6273=CARTESIAN_POINT('',(85.25,-49.5,1.5));
#6274=CARTESIAN_POINT('',(85.25,-24.75,1.5));
#6275=CARTESIAN_POINT('',(84.25,-50.5,1.5));
#6276=CARTESIAN_POINT('Origin',(84.250000747075,-49.50000074707,1.5));
#6277=CARTESIAN_POINT('',(72.0000000000002,-50.4999999999966,1.5));
#6278=CARTESIAN_POINT('',(25.25,-50.5,1.5));
#6279=CARTESIAN_POINT('',(71.0000000000002,-51.4999999999966,1.5));
#6280=CARTESIAN_POINT('Origin',(72.0000000000002,-51.4999999999966,1.5));
#6281=CARTESIAN_POINT('',(71.0000000000002,-99.5,1.5));
#6282=CARTESIAN_POINT('',(71.0000000000002,-25.2499999999984,1.5));
#6283=CARTESIAN_POINT('',(70.0000000000002,-100.5,1.5));
#6284=CARTESIAN_POINT('Origin',(70.0000000000002,-99.5,1.5));
#6285=CARTESIAN_POINT('',(50.5000007525086,-100.5,1.5));
#6286=CARTESIAN_POINT('',(35.0000000000001,-100.5,1.5));
#6287=CARTESIAN_POINT('',(49.4999994933605,-101.500713299058,1.5));
#6288=CARTESIAN_POINT('Origin',(50.5000007525086,-101.500001512468,1.5));
#6289=CARTESIAN_POINT('',(49.5,-104.854918,1.5));
#6290=CARTESIAN_POINT('',(49.5,-52.427459,1.5));
#6291=CARTESIAN_POINT('',(47.,-109.185045,1.5));
#6292=CARTESIAN_POINT('Origin',(44.499941375652,-104.8548841342,1.5));
#6293=CARTESIAN_POINT('',(37.955771,-114.406733,1.5));
#6294=CARTESIAN_POINT('',(48.4921409821156,-108.323557010187,1.5));
#6295=CARTESIAN_POINT('',(37.589746,-115.772758,1.5));
#6296=CARTESIAN_POINT('Origin',(38.455887497404,-115.2727892153,1.5));
#6297=CARTESIAN_POINT('',(46.722209,-131.590648,1.5));
#6298=CARTESIAN_POINT('',(12.3917219826015,-72.1284999149311,1.5));
#6299=CARTESIAN_POINT('',(47.847054,-132.056574,1.5));
#6300=CARTESIAN_POINT('Origin',(47.588189890547,-131.0907561307,1.5));
#6301=CARTESIAN_POINT('',(82.764485,-122.700476,1.5));
#6302=CARTESIAN_POINT('',(59.4918877228542,-128.936350020612,1.5));
#6303=CARTESIAN_POINT('',(83.471592,-121.475731,1.5));
#6304=CARTESIAN_POINT('Origin',(82.505544690929,-121.7344799621,1.5));
#6305=CARTESIAN_POINT('',(80.609457,-110.794095,1.5));
#6306=CARTESIAN_POINT('',(64.0602946656548,-49.0317643760023,1.5));
#6307=CARTESIAN_POINT('',(85.439086,-104.5,1.5));
#6308=CARTESIAN_POINT('Origin',(85.439087190721,-109.5000007664,1.5));
#6309=CARTESIAN_POINT('',(89.5,-104.5,1.5));
#6310=CARTESIAN_POINT('',(44.75,-104.5,1.5));
#6311=CARTESIAN_POINT('',(90.5,-103.5,1.5));
#6312=CARTESIAN_POINT('Origin',(89.500000747075,-103.500000747,1.5));
#6313=CARTESIAN_POINT('',(91.5,-102.5,1.5));
#6314=CARTESIAN_POINT('Origin',(91.499999252925,-103.4999992529,1.5));
#6315=CARTESIAN_POINT('',(125.,-102.5,1.5));
#6316=CARTESIAN_POINT('',(62.5,-102.5,1.5));
#6317=CARTESIAN_POINT('',(126.,-103.5,1.5));
#6318=CARTESIAN_POINT('Origin',(125.00000074707,-103.4999992529,1.5));
#6319=CARTESIAN_POINT('',(125.999996535532,-105.998681487109,1.5));
#6320=CARTESIAN_POINT('',(126.,-63.,1.5));
#6321=CARTESIAN_POINT('',(126.49999874334,-106.499999999915,1.5));
#6322=CARTESIAN_POINT('Origin',(126.499997172505,-105.999997630715,1.5));
#6323=CARTESIAN_POINT('',(127.500001256664,-107.501121010862,1.5));
#6324=CARTESIAN_POINT('Origin',(126.500001884997,-107.49999999991,1.5));
#6325=CARTESIAN_POINT('',(127.499999999998,-123.49999999991,1.5));
#6326=CARTESIAN_POINT('',(127.499999999998,-53.7505605054311,1.5));
#6327=CARTESIAN_POINT('Origin',(126.499999999998,-123.49999999991,1.5));
#6328=CARTESIAN_POINT('',(145.5,-49.4,1.5));
#6329=CARTESIAN_POINT('Origin',(145.5,-50.5,1.5));
#6330=CARTESIAN_POINT('',(145.36,-59.5,1.5));
#6331=CARTESIAN_POINT('',(145.,-59.86,1.5));
#6332=CARTESIAN_POINT('Origin',(145.36000150645,-59.86000150645,1.5));
#6333=CARTESIAN_POINT('',(158.64,-59.5,1.5));
#6334=CARTESIAN_POINT('',(79.32,-59.5,1.5));
#6335=CARTESIAN_POINT('',(159.,-59.86,1.5));
#6336=CARTESIAN_POINT('Origin',(158.63999849354,-59.86000150645,1.5));
#6337=CARTESIAN_POINT('',(159.,-73.14,1.5));
#6338=CARTESIAN_POINT('',(159.,-36.57,1.5));
#6339=CARTESIAN_POINT('',(158.64,-73.5,1.5));
#6340=CARTESIAN_POINT('Origin',(158.63999849354,-73.13999849354,1.5));
#6341=CARTESIAN_POINT('',(145.36,-73.5,1.5));
#6342=CARTESIAN_POINT('',(72.68,-73.5,1.5));
#6343=CARTESIAN_POINT('',(145.,-73.14,1.5));
#6344=CARTESIAN_POINT('Origin',(145.36000150645,-73.13999849354,1.5));
#6345=CARTESIAN_POINT('',(145.,-29.93,1.5));
#6346=CARTESIAN_POINT('',(127.36,-49.5,1.5));
#6347=CARTESIAN_POINT('',(127.,-49.86,1.5));
#6348=CARTESIAN_POINT('Origin',(127.36000150645,-49.86000150645,1.5));
#6349=CARTESIAN_POINT('',(140.64,-49.5,1.5));
#6350=CARTESIAN_POINT('',(70.32,-49.5,1.5));
#6351=CARTESIAN_POINT('',(141.,-49.86,1.5));
#6352=CARTESIAN_POINT('Origin',(140.63999849354,-49.86000150645,1.5));
#6353=CARTESIAN_POINT('',(141.,-63.14,1.5));
#6354=CARTESIAN_POINT('',(141.,-31.57,1.5));
#6355=CARTESIAN_POINT('',(140.64,-63.5,1.5));
#6356=CARTESIAN_POINT('Origin',(140.63999849354,-63.13999849354,1.5));
#6357=CARTESIAN_POINT('',(127.36,-63.5,1.5));
#6358=CARTESIAN_POINT('',(63.68,-63.5,1.5));
#6359=CARTESIAN_POINT('',(127.,-63.14,1.5));
#6360=CARTESIAN_POINT('Origin',(127.36000150645,-63.13999849354,1.5));
#6361=CARTESIAN_POINT('',(127.,-24.93,1.5));
#6362=CARTESIAN_POINT('',(109.36,-48.5,1.5));
#6363=CARTESIAN_POINT('',(109.,-48.86,1.5));
#6364=CARTESIAN_POINT('Origin',(109.36000150645,-48.86000150645,1.5));
#6365=CARTESIAN_POINT('',(122.64,-48.5,1.5));
#6366=CARTESIAN_POINT('',(61.32,-48.5,1.5));
#6367=CARTESIAN_POINT('',(123.,-48.86,1.5));
#6368=CARTESIAN_POINT('Origin',(122.63999849354,-48.86000150645,1.5));
#6369=CARTESIAN_POINT('',(123.,-62.14,1.5));
#6370=CARTESIAN_POINT('',(123.,-31.07,1.5));
#6371=CARTESIAN_POINT('',(122.64,-62.5,1.5));
#6372=CARTESIAN_POINT('Origin',(122.63999849354,-62.13999849354,1.5));
#6373=CARTESIAN_POINT('',(109.36,-62.5,1.5));
#6374=CARTESIAN_POINT('',(54.68,-62.5,1.5));
#6375=CARTESIAN_POINT('',(109.,-62.14,1.5));
#6376=CARTESIAN_POINT('Origin',(109.36000150645,-62.13999849354,1.5));
#6377=CARTESIAN_POINT('',(109.,-24.43,1.5));
#6378=CARTESIAN_POINT('',(163.36,-72.5,1.5));
#6379=CARTESIAN_POINT('',(163.,-72.86,1.5));
#6380=CARTESIAN_POINT('Origin',(163.36000150645,-72.86000150645,1.5));
#6381=CARTESIAN_POINT('',(176.64,-72.5,1.5));
#6382=CARTESIAN_POINT('',(88.32,-72.5,1.5));
#6383=CARTESIAN_POINT('',(177.,-72.86,1.5));
#6384=CARTESIAN_POINT('Origin',(176.63999849354,-72.86000150645,1.5));
#6385=CARTESIAN_POINT('',(177.,-86.14,1.5));
#6386=CARTESIAN_POINT('',(177.,-43.07,1.5));
#6387=CARTESIAN_POINT('',(176.64,-86.5,1.5));
#6388=CARTESIAN_POINT('Origin',(176.63999849354,-86.13999849354,1.5));
#6389=CARTESIAN_POINT('',(163.36,-86.5,1.5));
#6390=CARTESIAN_POINT('',(81.68,-86.5,1.5));
#6391=CARTESIAN_POINT('',(163.,-86.14,1.5));
#6392=CARTESIAN_POINT('Origin',(163.36000150645,-86.13999849354,1.5));
#6393=CARTESIAN_POINT('',(163.,-36.43,1.5));
#6394=CARTESIAN_POINT('',(145.36,-76.5,1.5));
#6395=CARTESIAN_POINT('',(145.,-76.86,1.5));
#6396=CARTESIAN_POINT('Origin',(145.36000150645,-76.86000150645,1.5));
#6397=CARTESIAN_POINT('',(158.64,-76.5,1.5));
#6398=CARTESIAN_POINT('',(79.32,-76.5,1.5));
#6399=CARTESIAN_POINT('',(159.,-76.86,1.5));
#6400=CARTESIAN_POINT('Origin',(158.63999849354,-76.86000150645,1.5));
#6401=CARTESIAN_POINT('',(159.,-90.14,1.5));
#6402=CARTESIAN_POINT('',(159.,-45.07,1.5));
#6403=CARTESIAN_POINT('',(158.64,-90.5,1.5));
#6404=CARTESIAN_POINT('Origin',(158.63999849354,-90.13999849354,1.5));
#6405=CARTESIAN_POINT('',(145.36,-90.5,1.5));
#6406=CARTESIAN_POINT('',(72.68,-90.5,1.5));
#6407=CARTESIAN_POINT('',(145.,-90.14,1.5));
#6408=CARTESIAN_POINT('Origin',(145.36000150645,-90.13999849354,1.5));
#6409=CARTESIAN_POINT('',(145.,-38.43,1.5));
#6410=CARTESIAN_POINT('',(127.36,-66.5,1.5));
#6411=CARTESIAN_POINT('',(127.,-66.86,1.5));
#6412=CARTESIAN_POINT('Origin',(127.36000150645,-66.86000150645,1.5));
#6413=CARTESIAN_POINT('',(140.64,-66.5,1.5));
#6414=CARTESIAN_POINT('',(70.32,-66.5,1.5));
#6415=CARTESIAN_POINT('',(141.,-66.86,1.5));
#6416=CARTESIAN_POINT('Origin',(140.63999849354,-66.86000150645,1.5));
#6417=CARTESIAN_POINT('',(141.,-80.14,1.5));
#6418=CARTESIAN_POINT('',(141.,-40.07,1.5));
#6419=CARTESIAN_POINT('',(140.64,-80.5,1.5));
#6420=CARTESIAN_POINT('Origin',(140.63999849354,-80.13999849354,1.5));
#6421=CARTESIAN_POINT('',(127.36,-80.5,1.5));
#6422=CARTESIAN_POINT('',(63.68,-80.5,1.5));
#6423=CARTESIAN_POINT('',(127.,-80.14,1.5));
#6424=CARTESIAN_POINT('Origin',(127.36000150645,-80.13999849354,1.5));
#6425=CARTESIAN_POINT('',(127.,-33.43,1.5));
#6426=CARTESIAN_POINT('',(109.36,-65.5,1.5));
#6427=CARTESIAN_POINT('',(109.,-65.86,1.5));
#6428=CARTESIAN_POINT('Origin',(109.36000150645,-65.86000150645,1.5));
#6429=CARTESIAN_POINT('',(122.64,-65.5,1.5));
#6430=CARTESIAN_POINT('',(61.32,-65.5,1.5));
#6431=CARTESIAN_POINT('',(123.,-65.86,1.5));
#6432=CARTESIAN_POINT('Origin',(122.63999849354,-65.86000150645,1.5));
#6433=CARTESIAN_POINT('',(123.,-79.14,1.5));
#6434=CARTESIAN_POINT('',(123.,-39.57,1.5));
#6435=CARTESIAN_POINT('',(122.64,-79.5,1.5));
#6436=CARTESIAN_POINT('Origin',(122.63999849354,-79.13999849354,1.5));
#6437=CARTESIAN_POINT('',(109.36,-79.5,1.5));
#6438=CARTESIAN_POINT('',(54.68,-79.5,1.5));
#6439=CARTESIAN_POINT('',(109.,-79.14,1.5));
#6440=CARTESIAN_POINT('Origin',(109.36000150645,-79.13999849354,1.5));
#6441=CARTESIAN_POINT('',(109.,-32.93,1.5));
#6442=CARTESIAN_POINT('',(88.,-49.65,1.5));
#6443=CARTESIAN_POINT('Origin',(88.,-50.75,1.5));
#6444=CARTESIAN_POINT('',(91.36,-51.5,1.5));
#6445=CARTESIAN_POINT('',(91.,-51.86,1.5));
#6446=CARTESIAN_POINT('Origin',(91.360001506451,-51.86000150645,1.5));
#6447=CARTESIAN_POINT('',(104.64,-51.5,1.5));
#6448=CARTESIAN_POINT('',(52.32,-51.5,1.5));
#6449=CARTESIAN_POINT('',(105.,-51.86,1.5));
#6450=CARTESIAN_POINT('Origin',(104.63999849354,-51.86000150645,1.5));
#6451=CARTESIAN_POINT('',(105.,-65.14,1.5));
#6452=CARTESIAN_POINT('',(105.,-32.57,1.5));
#6453=CARTESIAN_POINT('',(104.64,-65.5,1.5));
#6454=CARTESIAN_POINT('Origin',(104.63999849354,-65.13999849354,1.5));
#6455=CARTESIAN_POINT('',(91.36,-65.5,1.5));
#6456=CARTESIAN_POINT('',(45.68,-65.5,1.5));
#6457=CARTESIAN_POINT('',(91.,-65.14,1.5));
#6458=CARTESIAN_POINT('Origin',(91.360001506451,-65.13999849354,1.5));
#6459=CARTESIAN_POINT('',(91.,-25.93,1.5));
#6460=CARTESIAN_POINT('',(73.36,-53.5,1.5));
#6461=CARTESIAN_POINT('',(73.,-53.86,1.5));
#6462=CARTESIAN_POINT('Origin',(73.360001506451,-53.86000150645,1.5));
#6463=CARTESIAN_POINT('',(86.64,-53.5,1.5));
#6464=CARTESIAN_POINT('',(43.32,-53.5,1.5));
#6465=CARTESIAN_POINT('',(87.,-53.86,1.5));
#6466=CARTESIAN_POINT('Origin',(86.639998493549,-53.86000150645,1.5));
#6467=CARTESIAN_POINT('',(87.,-67.14,1.5));
#6468=CARTESIAN_POINT('',(87.,-33.57,1.5));
#6469=CARTESIAN_POINT('',(86.64,-67.5,1.5));
#6470=CARTESIAN_POINT('Origin',(86.639998493549,-67.13999849354,1.5));
#6471=CARTESIAN_POINT('',(73.36,-67.5,1.5));
#6472=CARTESIAN_POINT('',(36.68,-67.5,1.5));
#6473=CARTESIAN_POINT('',(73.,-67.14,1.5));
#6474=CARTESIAN_POINT('Origin',(73.360001506451,-67.13999849354,1.5));
#6475=CARTESIAN_POINT('',(73.,-26.93,1.5));
#6476=CARTESIAN_POINT('',(91.36,-68.5,1.5));
#6477=CARTESIAN_POINT('',(91.,-68.86,1.5));
#6478=CARTESIAN_POINT('Origin',(91.360001506451,-68.86000150645,1.5));
#6479=CARTESIAN_POINT('',(104.64,-68.5,1.5));
#6480=CARTESIAN_POINT('',(52.32,-68.5,1.5));
#6481=CARTESIAN_POINT('',(105.,-68.86,1.5));
#6482=CARTESIAN_POINT('Origin',(104.63999849354,-68.86000150645,1.5));
#6483=CARTESIAN_POINT('',(105.,-82.14,1.5));
#6484=CARTESIAN_POINT('',(105.,-41.07,1.5));
#6485=CARTESIAN_POINT('',(104.64,-82.5,1.5));
#6486=CARTESIAN_POINT('Origin',(104.63999849354,-82.13999849354,1.5));
#6487=CARTESIAN_POINT('',(91.36,-82.5,1.5));
#6488=CARTESIAN_POINT('',(45.68,-82.5,1.5));
#6489=CARTESIAN_POINT('',(91.,-82.14,1.5));
#6490=CARTESIAN_POINT('Origin',(91.360001506451,-82.13999849354,1.5));
#6491=CARTESIAN_POINT('',(91.,-34.43,1.5));
#6492=CARTESIAN_POINT('',(73.36,-70.5,1.5));
#6493=CARTESIAN_POINT('',(73.,-70.86,1.5));
#6494=CARTESIAN_POINT('Origin',(73.360001506451,-70.86000150645,1.5));
#6495=CARTESIAN_POINT('',(86.64,-70.5,1.5));
#6496=CARTESIAN_POINT('',(43.32,-70.5,1.5));
#6497=CARTESIAN_POINT('',(87.,-70.86,1.5));
#6498=CARTESIAN_POINT('Origin',(86.639998493549,-70.86000150645,1.5));
#6499=CARTESIAN_POINT('',(87.,-84.14,1.5));
#6500=CARTESIAN_POINT('',(87.,-42.07,1.5));
#6501=CARTESIAN_POINT('',(86.64,-84.5,1.5));
#6502=CARTESIAN_POINT('Origin',(86.639998493549,-84.13999849354,1.5));
#6503=CARTESIAN_POINT('',(73.36,-84.5,1.5));
#6504=CARTESIAN_POINT('',(36.68,-84.5,1.5));
#6505=CARTESIAN_POINT('',(73.,-84.14,1.5));
#6506=CARTESIAN_POINT('Origin',(73.360001506451,-84.13999849354,1.5));
#6507=CARTESIAN_POINT('',(73.,-35.43,1.5));
#6508=CARTESIAN_POINT('',(163.36,-89.5,1.5));
#6509=CARTESIAN_POINT('',(163.,-89.86,1.5));
#6510=CARTESIAN_POINT('Origin',(163.36000150645,-89.86000150645,1.5));
#6511=CARTESIAN_POINT('',(176.64,-89.5,1.5));
#6512=CARTESIAN_POINT('',(88.32,-89.5,1.5));
#6513=CARTESIAN_POINT('',(177.,-89.86,1.5));
#6514=CARTESIAN_POINT('Origin',(176.63999849354,-89.86000150645,1.5));
#6515=CARTESIAN_POINT('',(177.,-103.14,1.5));
#6516=CARTESIAN_POINT('',(177.,-51.57,1.5));
#6517=CARTESIAN_POINT('',(176.64,-103.5,1.5));
#6518=CARTESIAN_POINT('Origin',(176.63999849354,-103.1399984935,1.5));
#6519=CARTESIAN_POINT('',(163.36,-103.5,1.5));
#6520=CARTESIAN_POINT('',(81.68,-103.5,1.5));
#6521=CARTESIAN_POINT('',(163.,-103.14,1.5));
#6522=CARTESIAN_POINT('Origin',(163.36000150645,-103.1399984935,1.5));
#6523=CARTESIAN_POINT('',(163.,-44.93,1.5));
#6524=CARTESIAN_POINT('',(163.5,-106.4,1.5));
#6525=CARTESIAN_POINT('Origin',(163.5,-107.5,1.5));
#6526=CARTESIAN_POINT('',(145.36,-93.5,1.5));
#6527=CARTESIAN_POINT('',(145.,-93.86,1.5));
#6528=CARTESIAN_POINT('Origin',(145.36000150645,-93.86000150645,1.5));
#6529=CARTESIAN_POINT('',(158.64,-93.5,1.5));
#6530=CARTESIAN_POINT('',(79.32,-93.5,1.5));
#6531=CARTESIAN_POINT('',(159.,-93.86,1.5));
#6532=CARTESIAN_POINT('Origin',(158.63999849354,-93.86000150645,1.5));
#6533=CARTESIAN_POINT('',(159.,-107.14,1.5));
#6534=CARTESIAN_POINT('',(159.,-53.57,1.5));
#6535=CARTESIAN_POINT('',(158.64,-107.5,1.5));
#6536=CARTESIAN_POINT('Origin',(158.63999849354,-107.1399984935,1.5));
#6537=CARTESIAN_POINT('',(145.36,-107.5,1.5));
#6538=CARTESIAN_POINT('',(72.68,-107.5,1.5));
#6539=CARTESIAN_POINT('',(145.,-107.14,1.5));
#6540=CARTESIAN_POINT('Origin',(145.36000150645,-107.1399984935,1.5));
#6541=CARTESIAN_POINT('',(145.,-46.93,1.5));
#6542=CARTESIAN_POINT('',(127.36,-83.5,1.5));
#6543=CARTESIAN_POINT('',(127.,-83.86,1.5));
#6544=CARTESIAN_POINT('Origin',(127.36000150645,-83.86000150645,1.5));
#6545=CARTESIAN_POINT('',(140.64,-83.5,1.5));
#6546=CARTESIAN_POINT('',(70.32,-83.5,1.5));
#6547=CARTESIAN_POINT('',(141.,-83.86,1.5));
#6548=CARTESIAN_POINT('Origin',(140.63999849354,-83.86000150645,1.5));
#6549=CARTESIAN_POINT('',(141.,-97.14,1.5));
#6550=CARTESIAN_POINT('',(141.,-48.57,1.5));
#6551=CARTESIAN_POINT('',(140.64,-97.5,1.5));
#6552=CARTESIAN_POINT('Origin',(140.63999849354,-97.13999849354,1.5));
#6553=CARTESIAN_POINT('',(127.36,-97.5,1.5));
#6554=CARTESIAN_POINT('',(63.68,-97.5,1.5));
#6555=CARTESIAN_POINT('',(127.,-97.14,1.5));
#6556=CARTESIAN_POINT('Origin',(127.36000150645,-97.13999849354,1.5));
#6557=CARTESIAN_POINT('',(127.,-41.93,1.5));
#6558=CARTESIAN_POINT('',(109.36,-82.5,1.5));
#6559=CARTESIAN_POINT('',(109.,-82.86,1.5));
#6560=CARTESIAN_POINT('Origin',(109.36000150645,-82.86000150645,1.5));
#6561=CARTESIAN_POINT('',(122.64,-82.5,1.5));
#6562=CARTESIAN_POINT('',(61.32,-82.5,1.5));
#6563=CARTESIAN_POINT('',(123.,-82.86,1.5));
#6564=CARTESIAN_POINT('Origin',(122.63999849354,-82.86000150645,1.5));
#6565=CARTESIAN_POINT('',(123.,-96.14,1.5));
#6566=CARTESIAN_POINT('',(123.,-48.07,1.5));
#6567=CARTESIAN_POINT('',(122.64,-96.5,1.5));
#6568=CARTESIAN_POINT('Origin',(122.63999849354,-96.13999849354,1.5));
#6569=CARTESIAN_POINT('',(109.36,-96.5,1.5));
#6570=CARTESIAN_POINT('',(54.68,-96.5,1.5));
#6571=CARTESIAN_POINT('',(109.,-96.14,1.5));
#6572=CARTESIAN_POINT('Origin',(109.36000150645,-96.13999849354,1.5));
#6573=CARTESIAN_POINT('',(109.,-41.43,1.5));
#6574=CARTESIAN_POINT('',(137.5,-106.4,1.5));
#6575=CARTESIAN_POINT('Origin',(137.5,-107.5,1.5));
#6576=CARTESIAN_POINT('',(91.36,-85.5,1.5));
#6577=CARTESIAN_POINT('',(91.,-85.86,1.5));
#6578=CARTESIAN_POINT('Origin',(91.360001506451,-85.86000150645,1.5));
#6579=CARTESIAN_POINT('',(104.64,-85.5,1.5));
#6580=CARTESIAN_POINT('',(52.32,-85.5,1.5));
#6581=CARTESIAN_POINT('',(105.,-85.86,1.5));
#6582=CARTESIAN_POINT('Origin',(104.63999849354,-85.86000150645,1.5));
#6583=CARTESIAN_POINT('',(105.,-99.14,1.5));
#6584=CARTESIAN_POINT('',(105.,-49.57,1.5));
#6585=CARTESIAN_POINT('',(104.64,-99.5,1.5));
#6586=CARTESIAN_POINT('Origin',(104.63999849354,-99.13999849354,1.5));
#6587=CARTESIAN_POINT('',(91.36,-99.5,1.5));
#6588=CARTESIAN_POINT('',(45.68,-99.5,1.5));
#6589=CARTESIAN_POINT('',(91.,-99.14,1.5));
#6590=CARTESIAN_POINT('Origin',(91.360001506451,-99.13999849354,1.5));
#6591=CARTESIAN_POINT('',(91.,-42.93,1.5));
#6592=CARTESIAN_POINT('',(73.36,-87.5,1.5));
#6593=CARTESIAN_POINT('',(73.,-87.86,1.5));
#6594=CARTESIAN_POINT('Origin',(73.360001506451,-87.86000150645,1.5));
#6595=CARTESIAN_POINT('',(86.64,-87.5,1.5));
#6596=CARTESIAN_POINT('',(43.32,-87.5,1.5));
#6597=CARTESIAN_POINT('',(87.,-87.86,1.5));
#6598=CARTESIAN_POINT('Origin',(86.639998493549,-87.86000150645,1.5));
#6599=CARTESIAN_POINT('',(87.,-101.14,1.5));
#6600=CARTESIAN_POINT('',(87.,-50.57,1.5));
#6601=CARTESIAN_POINT('',(86.64,-101.5,1.5));
#6602=CARTESIAN_POINT('Origin',(86.639998493549,-101.1399984935,1.5));
#6603=CARTESIAN_POINT('',(73.36,-101.5,1.5));
#6604=CARTESIAN_POINT('',(36.68,-101.5,1.5));
#6605=CARTESIAN_POINT('',(73.,-101.14,1.5));
#6606=CARTESIAN_POINT('Origin',(73.360001506451,-101.1399984935,1.5));
#6607=CARTESIAN_POINT('',(73.,-43.93,1.5));
#6608=CARTESIAN_POINT('',(58.,-106.4,1.5));
#6609=CARTESIAN_POINT('Origin',(58.,-107.5,1.5));
#6610=CARTESIAN_POINT('',(76.042922,-107.274519,1.5));
#6611=CARTESIAN_POINT('',(75.602014,-107.019961,1.5));
#6612=CARTESIAN_POINT('Origin',(75.695189212077,-107.3676936326,1.5));
#6613=CARTESIAN_POINT('',(79.480039,-120.102014,1.5));
#6614=CARTESIAN_POINT('',(61.8052103309363,-54.138656809003,1.5));
#6615=CARTESIAN_POINT('',(79.225481,-120.542922,1.5));
#6616=CARTESIAN_POINT('Origin',(79.132306367328,-120.195189212,1.5));
#6617=CARTESIAN_POINT('',(66.397986,-123.980039,1.5));
#6618=CARTESIAN_POINT('',(50.9204090934314,-128.127243321996,1.5));
#6619=CARTESIAN_POINT('',(65.957078,-123.725481,1.5));
#6620=CARTESIAN_POINT('Origin',(66.304810787923,-123.6323063673,1.5));
#6621=CARTESIAN_POINT('',(62.519961,-110.897986,1.5));
#6622=CARTESIAN_POINT('',(46.5636907755698,-51.3483761023718,1.5));
#6623=CARTESIAN_POINT('',(62.774519,-110.457078,1.5));
#6624=CARTESIAN_POINT('Origin',(62.867693632672,-110.8048107879,1.5));
#6625=CARTESIAN_POINT('',(53.7106898000626,-112.885723766629,1.5));
#6626=CARTESIAN_POINT('',(53.742178,-109.749591,1.5));
#6627=CARTESIAN_POINT('',(53.250409,-109.617822,1.5));
#6628=CARTESIAN_POINT('Origin',(53.430407807947,-109.9295954488,1.5));
#6629=CARTESIAN_POINT('',(60.382178,-121.250409,1.5));
#6630=CARTESIAN_POINT('',(26.5829235023153,-62.7083797058552,1.5));
#6631=CARTESIAN_POINT('',(60.250409,-121.742178,1.5));
#6632=CARTESIAN_POINT('Origin',(60.070404551192,-121.4304078079,1.5));
#6633=CARTESIAN_POINT('',(48.749591,-128.382178,1.5));
#6634=CARTESIAN_POINT('',(58.2640499827996,-122.889002849688,1.5));
#6635=CARTESIAN_POINT('',(48.257822,-128.250409,1.5));
#6636=CARTESIAN_POINT('Origin',(48.569592192054,-128.0704045511,1.5));
#6637=CARTESIAN_POINT('',(41.617822,-116.749591,1.5));
#6638=CARTESIAN_POINT('',(11.1385674616571,-63.9579706354267,1.5));
#6639=CARTESIAN_POINT('',(41.749591,-116.257822,1.5));
#6640=CARTESIAN_POINT('Origin',(41.929595448808,-116.569592192,1.5));
#6641=CARTESIAN_POINT('',(57.0144590532281,-107.44464680903,1.5));
#6642=CARTESIAN_POINT('Origin',(48.569592192054,-128.0704045511,0.));
#6643=CARTESIAN_POINT('',(48.749591,-128.382178,0.));
#6644=CARTESIAN_POINT('',(48.749591,-128.382178,0.));
#6645=CARTESIAN_POINT('',(48.257822,-128.250409,0.));
#6646=CARTESIAN_POINT('Origin',(48.569592192054,-128.0704045511,0.));
#6647=CARTESIAN_POINT('',(48.257822,-128.250409,0.));
#6648=CARTESIAN_POINT('Origin',(48.749591,-128.382178,0.));
#6649=CARTESIAN_POINT('',(60.250409,-121.742178,0.));
#6650=CARTESIAN_POINT('',(60.250409,-121.742178,0.));
#6651=CARTESIAN_POINT('',(48.749591,-128.382178,0.));
#6652=CARTESIAN_POINT('Origin',(60.070404551192,-121.4304078079,0.));
#6653=CARTESIAN_POINT('',(60.382178,-121.250409,0.));
#6654=CARTESIAN_POINT('',(60.382178,-121.250409,0.));
#6655=CARTESIAN_POINT('Origin',(60.070404551192,-121.4304078079,0.));
#6656=CARTESIAN_POINT('Origin',(60.382178,-121.250409,0.));
#6657=CARTESIAN_POINT('',(53.742178,-109.749591,0.));
#6658=CARTESIAN_POINT('',(53.742178,-109.749591,0.));
#6659=CARTESIAN_POINT('',(60.382178,-121.250409,0.));
#6660=CARTESIAN_POINT('Origin',(66.304810787923,-123.6323063673,0.));
#6661=CARTESIAN_POINT('',(66.397986,-123.980039,0.));
#6662=CARTESIAN_POINT('',(66.397986,-123.980039,0.));
#6663=CARTESIAN_POINT('',(65.957078,-123.725481,0.));
#6664=CARTESIAN_POINT('Origin',(66.304810787923,-123.6323063673,0.));
#6665=CARTESIAN_POINT('',(65.957078,-123.725481,0.));
#6666=CARTESIAN_POINT('Origin',(66.397986,-123.980039,0.));
#6667=CARTESIAN_POINT('',(79.225481,-120.542922,0.));
#6668=CARTESIAN_POINT('',(79.225481,-120.542922,0.));
#6669=CARTESIAN_POINT('',(66.397986,-123.980039,0.));
#6670=CARTESIAN_POINT('Origin',(79.132306367328,-120.195189212,0.));
#6671=CARTESIAN_POINT('',(79.480039,-120.102014,0.));
#6672=CARTESIAN_POINT('',(79.480039,-120.102014,0.));
#6673=CARTESIAN_POINT('Origin',(79.132306367328,-120.195189212,0.));
#6674=CARTESIAN_POINT('Origin',(79.480039,-120.102014,0.));
#6675=CARTESIAN_POINT('',(76.042922,-107.274519,0.));
#6676=CARTESIAN_POINT('',(76.042922,-107.274519,0.));
#6677=CARTESIAN_POINT('',(79.480039,-120.102014,0.));
#6678=CARTESIAN_POINT('Origin',(86.639998493549,-101.1399984935,0.));
#6679=CARTESIAN_POINT('',(87.,-101.14,0.));
#6680=CARTESIAN_POINT('',(87.,-101.14,0.));
#6681=CARTESIAN_POINT('',(86.64,-101.5,0.));
#6682=CARTESIAN_POINT('Origin',(86.639998493549,-101.1399984935,0.));
#6683=CARTESIAN_POINT('',(86.64,-101.5,0.));
#6684=CARTESIAN_POINT('Origin',(87.,-101.14,0.));
#6685=CARTESIAN_POINT('',(87.,-87.86,0.));
#6686=CARTESIAN_POINT('',(87.,-87.86,0.));
#6687=CARTESIAN_POINT('',(87.,-101.14,0.));
#6688=CARTESIAN_POINT('Origin',(86.639998493549,-87.86000150645,0.));
#6689=CARTESIAN_POINT('',(86.64,-87.5,0.));
#6690=CARTESIAN_POINT('',(86.64,-87.5,0.));
#6691=CARTESIAN_POINT('Origin',(86.639998493549,-87.86000150645,0.));
#6692=CARTESIAN_POINT('Origin',(86.64,-87.5,0.));
#6693=CARTESIAN_POINT('',(73.36,-87.5,0.));
#6694=CARTESIAN_POINT('',(73.36,-87.5,0.));
#6695=CARTESIAN_POINT('',(86.64,-87.5,0.));
#6696=CARTESIAN_POINT('Origin',(104.63999849354,-99.13999849354,0.));
#6697=CARTESIAN_POINT('',(105.,-99.14,0.));
#6698=CARTESIAN_POINT('',(105.,-99.14,0.));
#6699=CARTESIAN_POINT('',(104.64,-99.5,0.));
#6700=CARTESIAN_POINT('Origin',(104.63999849354,-99.13999849354,0.));
#6701=CARTESIAN_POINT('',(104.64,-99.5,0.));
#6702=CARTESIAN_POINT('Origin',(105.,-99.14,0.));
#6703=CARTESIAN_POINT('',(105.,-85.86,0.));
#6704=CARTESIAN_POINT('',(105.,-85.86,0.));
#6705=CARTESIAN_POINT('',(105.,-99.14,0.));
#6706=CARTESIAN_POINT('Origin',(104.63999849354,-85.86000150645,0.));
#6707=CARTESIAN_POINT('',(104.64,-85.5,0.));
#6708=CARTESIAN_POINT('',(104.64,-85.5,0.));
#6709=CARTESIAN_POINT('Origin',(104.63999849354,-85.86000150645,0.));
#6710=CARTESIAN_POINT('Origin',(104.64,-85.5,0.));
#6711=CARTESIAN_POINT('',(91.36,-85.5,0.));
#6712=CARTESIAN_POINT('',(91.36,-85.5,0.));
#6713=CARTESIAN_POINT('',(104.64,-85.5,0.));
#6714=CARTESIAN_POINT('Origin',(122.63999849354,-96.13999849354,0.));
#6715=CARTESIAN_POINT('',(123.,-96.14,0.));
#6716=CARTESIAN_POINT('',(123.,-96.14,0.));
#6717=CARTESIAN_POINT('',(122.64,-96.5,0.));
#6718=CARTESIAN_POINT('Origin',(122.63999849354,-96.13999849354,0.));
#6719=CARTESIAN_POINT('',(122.64,-96.5,0.));
#6720=CARTESIAN_POINT('Origin',(123.,-96.14,0.));
#6721=CARTESIAN_POINT('',(123.,-82.86,0.));
#6722=CARTESIAN_POINT('',(123.,-82.86,0.));
#6723=CARTESIAN_POINT('',(123.,-96.14,0.));
#6724=CARTESIAN_POINT('Origin',(122.63999849354,-82.86000150645,0.));
#6725=CARTESIAN_POINT('',(122.64,-82.5,0.));
#6726=CARTESIAN_POINT('',(122.64,-82.5,0.));
#6727=CARTESIAN_POINT('Origin',(122.63999849354,-82.86000150645,0.));
#6728=CARTESIAN_POINT('Origin',(122.64,-82.5,0.));
#6729=CARTESIAN_POINT('',(109.36,-82.5,0.));
#6730=CARTESIAN_POINT('',(109.36,-82.5,0.));
#6731=CARTESIAN_POINT('',(122.64,-82.5,0.));
#6732=CARTESIAN_POINT('Origin',(140.63999849354,-97.13999849354,0.));
#6733=CARTESIAN_POINT('',(141.,-97.14,0.));
#6734=CARTESIAN_POINT('',(141.,-97.14,0.));
#6735=CARTESIAN_POINT('',(140.64,-97.5,0.));
#6736=CARTESIAN_POINT('Origin',(140.63999849354,-97.13999849354,0.));
#6737=CARTESIAN_POINT('',(140.64,-97.5,0.));
#6738=CARTESIAN_POINT('Origin',(141.,-97.14,0.));
#6739=CARTESIAN_POINT('',(141.,-83.86,0.));
#6740=CARTESIAN_POINT('',(141.,-83.86,0.));
#6741=CARTESIAN_POINT('',(141.,-97.14,0.));
#6742=CARTESIAN_POINT('Origin',(140.63999849354,-83.86000150645,0.));
#6743=CARTESIAN_POINT('',(140.64,-83.5,0.));
#6744=CARTESIAN_POINT('',(140.64,-83.5,0.));
#6745=CARTESIAN_POINT('Origin',(140.63999849354,-83.86000150645,0.));
#6746=CARTESIAN_POINT('Origin',(140.64,-83.5,0.));
#6747=CARTESIAN_POINT('',(127.36,-83.5,0.));
#6748=CARTESIAN_POINT('',(127.36,-83.5,0.));
#6749=CARTESIAN_POINT('',(140.64,-83.5,0.));
#6750=CARTESIAN_POINT('Origin',(158.63999849354,-107.1399984935,0.));
#6751=CARTESIAN_POINT('',(159.,-107.14,0.));
#6752=CARTESIAN_POINT('',(159.,-107.14,0.));
#6753=CARTESIAN_POINT('',(158.64,-107.5,0.));
#6754=CARTESIAN_POINT('Origin',(158.63999849354,-107.1399984935,0.));
#6755=CARTESIAN_POINT('',(158.64,-107.5,0.));
#6756=CARTESIAN_POINT('Origin',(159.,-107.14,0.));
#6757=CARTESIAN_POINT('',(159.,-93.86,0.));
#6758=CARTESIAN_POINT('',(159.,-93.86,0.));
#6759=CARTESIAN_POINT('',(159.,-107.14,0.));
#6760=CARTESIAN_POINT('Origin',(158.63999849354,-93.86000150645,0.));
#6761=CARTESIAN_POINT('',(158.64,-93.5,0.));
#6762=CARTESIAN_POINT('',(158.64,-93.5,0.));
#6763=CARTESIAN_POINT('Origin',(158.63999849354,-93.86000150645,0.));
#6764=CARTESIAN_POINT('Origin',(158.64,-93.5,0.));
#6765=CARTESIAN_POINT('',(145.36,-93.5,0.));
#6766=CARTESIAN_POINT('',(145.36,-93.5,0.));
#6767=CARTESIAN_POINT('',(158.64,-93.5,0.));
#6768=CARTESIAN_POINT('Origin',(176.63999849354,-103.1399984935,0.));
#6769=CARTESIAN_POINT('',(177.,-103.14,0.));
#6770=CARTESIAN_POINT('',(177.,-103.14,0.));
#6771=CARTESIAN_POINT('',(176.64,-103.5,0.));
#6772=CARTESIAN_POINT('Origin',(176.63999849354,-103.1399984935,0.));
#6773=CARTESIAN_POINT('',(176.64,-103.5,0.));
#6774=CARTESIAN_POINT('Origin',(177.,-103.14,0.));
#6775=CARTESIAN_POINT('',(177.,-89.86,0.));
#6776=CARTESIAN_POINT('',(177.,-89.86,0.));
#6777=CARTESIAN_POINT('',(177.,-103.14,0.));
#6778=CARTESIAN_POINT('Origin',(176.63999849354,-89.86000150645,0.));
#6779=CARTESIAN_POINT('',(176.64,-89.5,0.));
#6780=CARTESIAN_POINT('',(176.64,-89.5,0.));
#6781=CARTESIAN_POINT('Origin',(176.63999849354,-89.86000150645,0.));
#6782=CARTESIAN_POINT('Origin',(176.64,-89.5,0.));
#6783=CARTESIAN_POINT('',(163.36,-89.5,0.));
#6784=CARTESIAN_POINT('',(163.36,-89.5,0.));
#6785=CARTESIAN_POINT('',(176.64,-89.5,0.));
#6786=CARTESIAN_POINT('Origin',(86.639998493549,-84.13999849354,0.));
#6787=CARTESIAN_POINT('',(87.,-84.14,0.));
#6788=CARTESIAN_POINT('',(87.,-84.14,0.));
#6789=CARTESIAN_POINT('',(86.64,-84.5,0.));
#6790=CARTESIAN_POINT('Origin',(86.639998493549,-84.13999849354,0.));
#6791=CARTESIAN_POINT('',(86.64,-84.5,0.));
#6792=CARTESIAN_POINT('Origin',(87.,-84.14,0.));
#6793=CARTESIAN_POINT('',(87.,-70.86,0.));
#6794=CARTESIAN_POINT('',(87.,-70.86,0.));
#6795=CARTESIAN_POINT('',(87.,-84.14,0.));
#6796=CARTESIAN_POINT('Origin',(86.639998493549,-70.86000150645,0.));
#6797=CARTESIAN_POINT('',(86.64,-70.5,0.));
#6798=CARTESIAN_POINT('',(86.64,-70.5,0.));
#6799=CARTESIAN_POINT('Origin',(86.639998493549,-70.86000150645,0.));
#6800=CARTESIAN_POINT('Origin',(86.64,-70.5,0.));
#6801=CARTESIAN_POINT('',(73.36,-70.5,0.));
#6802=CARTESIAN_POINT('',(73.36,-70.5,0.));
#6803=CARTESIAN_POINT('',(86.64,-70.5,0.));
#6804=CARTESIAN_POINT('Origin',(104.63999849354,-82.13999849354,0.));
#6805=CARTESIAN_POINT('',(105.,-82.14,0.));
#6806=CARTESIAN_POINT('',(105.,-82.14,0.));
#6807=CARTESIAN_POINT('',(104.64,-82.5,0.));
#6808=CARTESIAN_POINT('Origin',(104.63999849354,-82.13999849354,0.));
#6809=CARTESIAN_POINT('',(104.64,-82.5,0.));
#6810=CARTESIAN_POINT('Origin',(105.,-82.14,0.));
#6811=CARTESIAN_POINT('',(105.,-68.86,0.));
#6812=CARTESIAN_POINT('',(105.,-68.86,0.));
#6813=CARTESIAN_POINT('',(105.,-82.14,0.));
#6814=CARTESIAN_POINT('Origin',(104.63999849354,-68.86000150645,0.));
#6815=CARTESIAN_POINT('',(104.64,-68.5,0.));
#6816=CARTESIAN_POINT('',(104.64,-68.5,0.));
#6817=CARTESIAN_POINT('Origin',(104.63999849354,-68.86000150645,0.));
#6818=CARTESIAN_POINT('Origin',(104.64,-68.5,0.));
#6819=CARTESIAN_POINT('',(91.36,-68.5,0.));
#6820=CARTESIAN_POINT('',(91.36,-68.5,0.));
#6821=CARTESIAN_POINT('',(104.64,-68.5,0.));
#6822=CARTESIAN_POINT('Origin',(86.639998493549,-67.13999849354,0.));
#6823=CARTESIAN_POINT('',(87.,-67.14,0.));
#6824=CARTESIAN_POINT('',(87.,-67.14,0.));
#6825=CARTESIAN_POINT('',(86.64,-67.5,0.));
#6826=CARTESIAN_POINT('Origin',(86.639998493549,-67.13999849354,0.));
#6827=CARTESIAN_POINT('',(86.64,-67.5,0.));
#6828=CARTESIAN_POINT('Origin',(87.,-67.14,0.));
#6829=CARTESIAN_POINT('',(87.,-53.86,0.));
#6830=CARTESIAN_POINT('',(87.,-53.86,0.));
#6831=CARTESIAN_POINT('',(87.,-67.14,0.));
#6832=CARTESIAN_POINT('Origin',(86.639998493549,-53.86000150645,0.));
#6833=CARTESIAN_POINT('',(86.64,-53.5,0.));
#6834=CARTESIAN_POINT('',(86.64,-53.5,0.));
#6835=CARTESIAN_POINT('Origin',(86.639998493549,-53.86000150645,0.));
#6836=CARTESIAN_POINT('Origin',(86.64,-53.5,0.));
#6837=CARTESIAN_POINT('',(73.36,-53.5,0.));
#6838=CARTESIAN_POINT('',(73.36,-53.5,0.));
#6839=CARTESIAN_POINT('',(86.64,-53.5,0.));
#6840=CARTESIAN_POINT('Origin',(104.63999849354,-65.13999849354,0.));
#6841=CARTESIAN_POINT('',(105.,-65.14,0.));
#6842=CARTESIAN_POINT('',(105.,-65.14,0.));
#6843=CARTESIAN_POINT('',(104.64,-65.5,0.));
#6844=CARTESIAN_POINT('Origin',(104.63999849354,-65.13999849354,0.));
#6845=CARTESIAN_POINT('',(104.64,-65.5,0.));
#6846=CARTESIAN_POINT('Origin',(105.,-65.14,0.));
#6847=CARTESIAN_POINT('',(105.,-51.86,0.));
#6848=CARTESIAN_POINT('',(105.,-51.86,0.));
#6849=CARTESIAN_POINT('',(105.,-65.14,0.));
#6850=CARTESIAN_POINT('Origin',(104.63999849354,-51.86000150645,0.));
#6851=CARTESIAN_POINT('',(104.64,-51.5,0.));
#6852=CARTESIAN_POINT('',(104.64,-51.5,0.));
#6853=CARTESIAN_POINT('Origin',(104.63999849354,-51.86000150645,0.));
#6854=CARTESIAN_POINT('Origin',(104.64,-51.5,0.));
#6855=CARTESIAN_POINT('',(91.36,-51.5,0.));
#6856=CARTESIAN_POINT('',(91.36,-51.5,0.));
#6857=CARTESIAN_POINT('',(104.64,-51.5,0.));
#6858=CARTESIAN_POINT('Origin',(122.63999849354,-79.13999849354,0.));
#6859=CARTESIAN_POINT('',(123.,-79.14,0.));
#6860=CARTESIAN_POINT('',(123.,-79.14,0.));
#6861=CARTESIAN_POINT('',(122.64,-79.5,0.));
#6862=CARTESIAN_POINT('Origin',(122.63999849354,-79.13999849354,0.));
#6863=CARTESIAN_POINT('',(122.64,-79.5,0.));
#6864=CARTESIAN_POINT('Origin',(123.,-79.14,0.));
#6865=CARTESIAN_POINT('',(123.,-65.86,0.));
#6866=CARTESIAN_POINT('',(123.,-65.86,0.));
#6867=CARTESIAN_POINT('',(123.,-79.14,0.));
#6868=CARTESIAN_POINT('Origin',(122.63999849354,-65.86000150645,0.));
#6869=CARTESIAN_POINT('',(122.64,-65.5,0.));
#6870=CARTESIAN_POINT('',(122.64,-65.5,0.));
#6871=CARTESIAN_POINT('Origin',(122.63999849354,-65.86000150645,0.));
#6872=CARTESIAN_POINT('Origin',(122.64,-65.5,0.));
#6873=CARTESIAN_POINT('',(109.36,-65.5,0.));
#6874=CARTESIAN_POINT('',(109.36,-65.5,0.));
#6875=CARTESIAN_POINT('',(122.64,-65.5,0.));
#6876=CARTESIAN_POINT('Origin',(140.63999849354,-80.13999849354,0.));
#6877=CARTESIAN_POINT('',(141.,-80.14,0.));
#6878=CARTESIAN_POINT('',(141.,-80.14,0.));
#6879=CARTESIAN_POINT('',(140.64,-80.5,0.));
#6880=CARTESIAN_POINT('Origin',(140.63999849354,-80.13999849354,0.));
#6881=CARTESIAN_POINT('',(140.64,-80.5,0.));
#6882=CARTESIAN_POINT('Origin',(141.,-80.14,0.));
#6883=CARTESIAN_POINT('',(141.,-66.86,0.));
#6884=CARTESIAN_POINT('',(141.,-66.86,0.));
#6885=CARTESIAN_POINT('',(141.,-80.14,0.));
#6886=CARTESIAN_POINT('Origin',(140.63999849354,-66.86000150645,0.));
#6887=CARTESIAN_POINT('',(140.64,-66.5,0.));
#6888=CARTESIAN_POINT('',(140.64,-66.5,0.));
#6889=CARTESIAN_POINT('Origin',(140.63999849354,-66.86000150645,0.));
#6890=CARTESIAN_POINT('Origin',(140.64,-66.5,0.));
#6891=CARTESIAN_POINT('',(127.36,-66.5,0.));
#6892=CARTESIAN_POINT('',(127.36,-66.5,0.));
#6893=CARTESIAN_POINT('',(140.64,-66.5,0.));
#6894=CARTESIAN_POINT('Origin',(158.63999849354,-90.13999849354,0.));
#6895=CARTESIAN_POINT('',(159.,-90.14,0.));
#6896=CARTESIAN_POINT('',(159.,-90.14,0.));
#6897=CARTESIAN_POINT('',(158.64,-90.5,0.));
#6898=CARTESIAN_POINT('Origin',(158.63999849354,-90.13999849354,0.));
#6899=CARTESIAN_POINT('',(158.64,-90.5,0.));
#6900=CARTESIAN_POINT('Origin',(159.,-90.14,0.));
#6901=CARTESIAN_POINT('',(159.,-76.86,0.));
#6902=CARTESIAN_POINT('',(159.,-76.86,0.));
#6903=CARTESIAN_POINT('',(159.,-90.14,0.));
#6904=CARTESIAN_POINT('Origin',(158.63999849354,-76.86000150645,0.));
#6905=CARTESIAN_POINT('',(158.64,-76.5,0.));
#6906=CARTESIAN_POINT('',(158.64,-76.5,0.));
#6907=CARTESIAN_POINT('Origin',(158.63999849354,-76.86000150645,0.));
#6908=CARTESIAN_POINT('Origin',(158.64,-76.5,0.));
#6909=CARTESIAN_POINT('',(145.36,-76.5,0.));
#6910=CARTESIAN_POINT('',(145.36,-76.5,0.));
#6911=CARTESIAN_POINT('',(158.64,-76.5,0.));
#6912=CARTESIAN_POINT('Origin',(176.63999849354,-86.13999849354,0.));
#6913=CARTESIAN_POINT('',(177.,-86.14,0.));
#6914=CARTESIAN_POINT('',(177.,-86.14,0.));
#6915=CARTESIAN_POINT('',(176.64,-86.5,0.));
#6916=CARTESIAN_POINT('Origin',(176.63999849354,-86.13999849354,0.));
#6917=CARTESIAN_POINT('',(176.64,-86.5,0.));
#6918=CARTESIAN_POINT('Origin',(177.,-86.14,0.));
#6919=CARTESIAN_POINT('',(177.,-72.86,0.));
#6920=CARTESIAN_POINT('',(177.,-72.86,0.));
#6921=CARTESIAN_POINT('',(177.,-86.14,0.));
#6922=CARTESIAN_POINT('Origin',(176.63999849354,-72.86000150645,0.));
#6923=CARTESIAN_POINT('',(176.64,-72.5,0.));
#6924=CARTESIAN_POINT('',(176.64,-72.5,0.));
#6925=CARTESIAN_POINT('Origin',(176.63999849354,-72.86000150645,0.));
#6926=CARTESIAN_POINT('Origin',(176.64,-72.5,0.));
#6927=CARTESIAN_POINT('',(163.36,-72.5,0.));
#6928=CARTESIAN_POINT('',(163.36,-72.5,0.));
#6929=CARTESIAN_POINT('',(176.64,-72.5,0.));
#6930=CARTESIAN_POINT('Origin',(122.63999849354,-62.13999849354,0.));
#6931=CARTESIAN_POINT('',(123.,-62.14,0.));
#6932=CARTESIAN_POINT('',(123.,-62.14,0.));
#6933=CARTESIAN_POINT('',(122.64,-62.5,0.));
#6934=CARTESIAN_POINT('Origin',(122.63999849354,-62.13999849354,0.));
#6935=CARTESIAN_POINT('',(122.64,-62.5,0.));
#6936=CARTESIAN_POINT('Origin',(123.,-62.14,0.));
#6937=CARTESIAN_POINT('',(123.,-48.86,0.));
#6938=CARTESIAN_POINT('',(123.,-48.86,0.));
#6939=CARTESIAN_POINT('',(123.,-62.14,0.));
#6940=CARTESIAN_POINT('Origin',(122.63999849354,-48.86000150645,0.));
#6941=CARTESIAN_POINT('',(122.64,-48.5,0.));
#6942=CARTESIAN_POINT('',(122.64,-48.5,0.));
#6943=CARTESIAN_POINT('Origin',(122.63999849354,-48.86000150645,0.));
#6944=CARTESIAN_POINT('Origin',(122.64,-48.5,0.));
#6945=CARTESIAN_POINT('',(109.36,-48.5,0.));
#6946=CARTESIAN_POINT('',(109.36,-48.5,0.));
#6947=CARTESIAN_POINT('',(122.64,-48.5,0.));
#6948=CARTESIAN_POINT('Origin',(140.63999849354,-63.13999849354,0.));
#6949=CARTESIAN_POINT('',(141.,-63.14,0.));
#6950=CARTESIAN_POINT('',(141.,-63.14,0.));
#6951=CARTESIAN_POINT('',(140.64,-63.5,0.));
#6952=CARTESIAN_POINT('Origin',(140.63999849354,-63.13999849354,0.));
#6953=CARTESIAN_POINT('',(140.64,-63.5,0.));
#6954=CARTESIAN_POINT('Origin',(141.,-63.14,0.));
#6955=CARTESIAN_POINT('',(141.,-49.86,0.));
#6956=CARTESIAN_POINT('',(141.,-49.86,0.));
#6957=CARTESIAN_POINT('',(141.,-63.14,0.));
#6958=CARTESIAN_POINT('Origin',(140.63999849354,-49.86000150645,0.));
#6959=CARTESIAN_POINT('',(140.64,-49.5,0.));
#6960=CARTESIAN_POINT('',(140.64,-49.5,0.));
#6961=CARTESIAN_POINT('Origin',(140.63999849354,-49.86000150645,0.));
#6962=CARTESIAN_POINT('Origin',(140.64,-49.5,0.));
#6963=CARTESIAN_POINT('',(127.36,-49.5,0.));
#6964=CARTESIAN_POINT('',(127.36,-49.5,0.));
#6965=CARTESIAN_POINT('',(140.64,-49.5,0.));
#6966=CARTESIAN_POINT('Origin',(158.63999849354,-73.13999849354,0.));
#6967=CARTESIAN_POINT('',(159.,-73.14,0.));
#6968=CARTESIAN_POINT('',(159.,-73.14,0.));
#6969=CARTESIAN_POINT('',(158.64,-73.5,0.));
#6970=CARTESIAN_POINT('Origin',(158.63999849354,-73.13999849354,0.));
#6971=CARTESIAN_POINT('',(158.64,-73.5,0.));
#6972=CARTESIAN_POINT('Origin',(159.,-73.14,0.));
#6973=CARTESIAN_POINT('',(159.,-59.86,0.));
#6974=CARTESIAN_POINT('',(159.,-59.86,0.));
#6975=CARTESIAN_POINT('',(159.,-73.14,0.));
#6976=CARTESIAN_POINT('Origin',(158.63999849354,-59.86000150645,0.));
#6977=CARTESIAN_POINT('',(158.64,-59.5,0.));
#6978=CARTESIAN_POINT('',(158.64,-59.5,0.));
#6979=CARTESIAN_POINT('Origin',(158.63999849354,-59.86000150645,0.));
#6980=CARTESIAN_POINT('Origin',(158.64,-59.5,0.));
#6981=CARTESIAN_POINT('',(145.36,-59.5,0.));
#6982=CARTESIAN_POINT('',(145.36,-59.5,0.));
#6983=CARTESIAN_POINT('',(158.64,-59.5,0.));
#6984=CARTESIAN_POINT('Origin',(104.50000074707,-47.00000074707,0.));
#6985=CARTESIAN_POINT('',(105.5,-47.,0.));
#6986=CARTESIAN_POINT('',(105.5,-47.,0.));
#6987=CARTESIAN_POINT('',(104.5,-48.,0.));
#6988=CARTESIAN_POINT('Origin',(104.50000074707,-47.00000074707,0.));
#6989=CARTESIAN_POINT('',(104.5,-48.,0.));
#6990=CARTESIAN_POINT('Origin',(105.5,-47.,0.));
#6991=CARTESIAN_POINT('',(105.5,-46.5,0.));
#6992=CARTESIAN_POINT('',(105.5,-46.5,0.));
#6993=CARTESIAN_POINT('',(105.5,-47.,0.));
#6994=CARTESIAN_POINT('Origin',(106.49999925292,-46.49999925292,0.));
#6995=CARTESIAN_POINT('',(106.5,-45.5,0.));
#6996=CARTESIAN_POINT('',(106.5,-45.5,0.));
#6997=CARTESIAN_POINT('Origin',(106.49999925292,-46.49999925292,0.));
#6998=CARTESIAN_POINT('Origin',(106.5,-45.5,0.));
#6999=CARTESIAN_POINT('',(126.,-45.5,0.));
#7000=CARTESIAN_POINT('',(126.,-45.5,0.));
#7001=CARTESIAN_POINT('',(106.5,-45.5,0.));
#7002=CARTESIAN_POINT('Origin',(125.99999866642,-46.00000133357,0.));
#7003=CARTESIAN_POINT('',(126.5,-46.,0.));
#7004=CARTESIAN_POINT('',(126.5,-46.,0.));
#7005=CARTESIAN_POINT('Origin',(125.99999866642,-46.00000133357,0.));
#7006=CARTESIAN_POINT('Origin',(127.00000133357,-45.99999866642,0.));
#7007=CARTESIAN_POINT('',(127.,-46.5,0.));
#7008=CARTESIAN_POINT('',(127.,-46.5,0.));
#7009=CARTESIAN_POINT('Origin',(127.00000133357,-45.99999866642,0.));
#7010=CARTESIAN_POINT('Origin',(127.,-46.5,0.));
#7011=CARTESIAN_POINT('',(147.5,-46.5,0.));
#7012=CARTESIAN_POINT('',(147.5,-46.5,0.));
#7013=CARTESIAN_POINT('',(127.,-46.5,0.));
#7014=CARTESIAN_POINT('Origin',(147.50000074707,-47.49999925292,0.));
#7015=CARTESIAN_POINT('',(148.5,-47.5,0.));
#7016=CARTESIAN_POINT('',(148.5,-47.5,0.));
#7017=CARTESIAN_POINT('Origin',(147.50000074707,-47.49999925292,0.));
#7018=CARTESIAN_POINT('Origin',(148.5,-47.5,0.));
#7019=CARTESIAN_POINT('',(148.5,-55.5,0.));
#7020=CARTESIAN_POINT('',(148.5,-55.5,0.));
#7021=CARTESIAN_POINT('',(148.5,-47.5,0.));
#7022=CARTESIAN_POINT('Origin',(149.49999925292,-55.50000074707,0.));
#7023=CARTESIAN_POINT('',(149.5,-56.5,0.));
#7024=CARTESIAN_POINT('',(149.5,-56.5,0.));
#7025=CARTESIAN_POINT('Origin',(149.49999925292,-55.50000074707,0.));
#7026=CARTESIAN_POINT('Origin',(149.5,-56.5,0.));
#7027=CARTESIAN_POINT('',(161.5,-56.5,0.));
#7028=CARTESIAN_POINT('',(161.5,-56.5,0.));
#7029=CARTESIAN_POINT('',(149.5,-56.5,0.));
#7030=CARTESIAN_POINT('Origin',(161.50000074707,-57.49999925292,0.));
#7031=CARTESIAN_POINT('',(162.5,-57.5,0.));
#7032=CARTESIAN_POINT('',(162.5,-57.5,0.));
#7033=CARTESIAN_POINT('Origin',(161.50000074707,-57.49999925292,0.));
#7034=CARTESIAN_POINT('Origin',(162.5,-57.5,0.));
#7035=CARTESIAN_POINT('',(162.5,-68.5,0.));
#7036=CARTESIAN_POINT('',(162.5,-68.5,0.));
#7037=CARTESIAN_POINT('',(162.5,-57.5,0.));
#7038=CARTESIAN_POINT('Origin',(163.49999925292,-68.50000074707,0.));
#7039=CARTESIAN_POINT('',(163.5,-69.5,0.));
#7040=CARTESIAN_POINT('',(163.5,-69.5,0.));
#7041=CARTESIAN_POINT('Origin',(163.49999925292,-68.50000074707,0.));
#7042=CARTESIAN_POINT('Origin',(163.5,-69.5,0.));
#7043=CARTESIAN_POINT('',(179.5,-69.5,0.));
#7044=CARTESIAN_POINT('',(179.5,-69.5,0.));
#7045=CARTESIAN_POINT('',(163.5,-69.5,0.));
#7046=CARTESIAN_POINT('Origin',(179.50000074707,-70.49999925292,0.));
#7047=CARTESIAN_POINT('',(180.5,-70.5,0.));
#7048=CARTESIAN_POINT('',(180.5,-70.5,0.));
#7049=CARTESIAN_POINT('Origin',(179.50000074707,-70.49999925292,0.));
#7050=CARTESIAN_POINT('Origin',(180.5,-70.5,0.));
#7051=CARTESIAN_POINT('',(180.5,-105.5,0.));
#7052=CARTESIAN_POINT('',(180.5,-105.5,0.));
#7053=CARTESIAN_POINT('',(180.5,-70.5,0.));
#7054=CARTESIAN_POINT('Origin',(179.50000074707,-105.500000747,0.));
#7055=CARTESIAN_POINT('',(179.5,-106.5,0.));
#7056=CARTESIAN_POINT('',(179.5,-106.5,0.));
#7057=CARTESIAN_POINT('Origin',(179.50000074707,-105.500000747,0.));
#7058=CARTESIAN_POINT('Origin',(179.5,-106.5,0.));
#7059=CARTESIAN_POINT('',(167.5,-106.5,0.));
#7060=CARTESIAN_POINT('',(167.5,-106.5,0.));
#7061=CARTESIAN_POINT('',(179.5,-106.5,0.));
#7062=CARTESIAN_POINT('Origin',(167.49999925292,-107.4999992529,0.));
#7063=CARTESIAN_POINT('',(166.5,-107.5,0.));
#7064=CARTESIAN_POINT('',(166.5,-107.5,0.));
#7065=CARTESIAN_POINT('Origin',(167.49999925292,-107.4999992529,0.));
#7066=CARTESIAN_POINT('Origin',(166.5,-107.5,0.));
#7067=CARTESIAN_POINT('',(166.5,-109.5,0.));
#7068=CARTESIAN_POINT('',(166.5,-109.5,0.));
#7069=CARTESIAN_POINT('',(166.5,-107.5,0.));
#7070=CARTESIAN_POINT('Origin',(165.50000074707,-109.500000747,0.));
#7071=CARTESIAN_POINT('',(165.5,-110.5,0.));
#7072=CARTESIAN_POINT('',(165.5,-110.5,0.));
#7073=CARTESIAN_POINT('Origin',(165.50000074707,-109.500000747,0.));
#7074=CARTESIAN_POINT('Origin',(165.5,-110.5,0.));
#7075=CARTESIAN_POINT('',(133.,-110.5,0.));
#7076=CARTESIAN_POINT('',(133.,-110.5,0.));
#7077=CARTESIAN_POINT('',(165.5,-110.5,0.));
#7078=CARTESIAN_POINT('Origin',(133.,-110.5,0.));
#7079=CARTESIAN_POINT('',(133.,-126.,0.));
#7080=CARTESIAN_POINT('',(133.,-126.,0.));
#7081=CARTESIAN_POINT('',(133.,-110.5,0.));
#7082=CARTESIAN_POINT('Origin',(132.00000074707,-126.000000747,0.));
#7083=CARTESIAN_POINT('',(132.,-127.,0.));
#7084=CARTESIAN_POINT('',(132.,-127.,0.));
#7085=CARTESIAN_POINT('Origin',(132.00000074707,-126.000000747,0.));
#7086=CARTESIAN_POINT('Origin',(132.,-127.,0.));
#7087=CARTESIAN_POINT('',(127.,-127.,0.));
#7088=CARTESIAN_POINT('',(127.,-127.,0.));
#7089=CARTESIAN_POINT('',(132.,-127.,0.));
#7090=CARTESIAN_POINT('Origin',(126.99999925292,-126.000000747,0.));
#7091=CARTESIAN_POINT('',(126.,-126.,0.));
#7092=CARTESIAN_POINT('',(126.,-126.,0.));
#7093=CARTESIAN_POINT('Origin',(126.99999925292,-126.000000747,0.));
#7094=CARTESIAN_POINT('Origin',(126.,-126.,0.));
#7095=CARTESIAN_POINT('',(126.,-124.99999999991,0.));
#7096=CARTESIAN_POINT('',(126.,-124.99999999991,1.6));
#7097=CARTESIAN_POINT('',(126.,-126.,0.));
#7098=CARTESIAN_POINT('Origin',(126.5,-124.99999999991,1.6));
#7099=CARTESIAN_POINT('',(126.499999999999,-124.49999999991,0.));
#7100=CARTESIAN_POINT('',(126.499999999999,-124.49999999991,1.6));
#7101=CARTESIAN_POINT('Origin',(126.5,-124.99999999991,0.));
#7102=CARTESIAN_POINT('Origin',(126.499999999998,-123.49999999991,1.6));
#7103=CARTESIAN_POINT('',(127.499999999998,-123.49999999991,0.));
#7104=CARTESIAN_POINT('',(127.499999999998,-123.49999999991,1.6));
#7105=CARTESIAN_POINT('Origin',(126.499999999998,-123.49999999991,0.));
#7106=CARTESIAN_POINT('Origin',(127.499999999998,-107.501121010862,1.6));
#7107=CARTESIAN_POINT('',(127.500001256664,-107.501121010862,0.));
#7108=CARTESIAN_POINT('',(127.500001256664,-107.501121010862,1.6));
#7109=CARTESIAN_POINT('',(127.499999999998,-53.7505605054311,0.));
#7110=CARTESIAN_POINT('Origin',(126.500001884997,-107.49999999991,1.6));
#7111=CARTESIAN_POINT('',(126.49999874334,-106.499999999915,0.));
#7112=CARTESIAN_POINT('',(126.49999874334,-106.499999999915,1.6));
#7113=CARTESIAN_POINT('Origin',(126.500001884997,-107.49999999991,0.));
#7114=CARTESIAN_POINT('Origin',(126.499997172505,-105.999997630715,1.6));
#7115=CARTESIAN_POINT('',(126.,-105.998681487109,0.));
#7116=CARTESIAN_POINT('',(125.999996535532,-105.998681487109,1.6));
#7117=CARTESIAN_POINT('Origin',(126.499997172505,-105.999997630715,0.));
#7118=CARTESIAN_POINT('Origin',(126.,-126.,0.));
#7119=CARTESIAN_POINT('',(126.,-103.5,0.));
#7120=CARTESIAN_POINT('',(126.,-103.5,0.));
#7121=CARTESIAN_POINT('',(126.,-126.,0.));
#7122=CARTESIAN_POINT('Origin',(0.,0.,0.));
#7123=CARTESIAN_POINT('',(125.,-102.5,0.));
#7124=CARTESIAN_POINT('Origin',(125.00000074707,-103.4999992529,0.));
#7125=CARTESIAN_POINT('',(91.5,-102.5,0.));
#7126=CARTESIAN_POINT('',(125.,-102.5,0.));
#7127=CARTESIAN_POINT('',(90.5,-103.5,0.));
#7128=CARTESIAN_POINT('Origin',(91.499999252925,-103.4999992529,0.));
#7129=CARTESIAN_POINT('',(89.5,-104.5,0.));
#7130=CARTESIAN_POINT('Origin',(89.500000747075,-103.500000747,0.));
#7131=CARTESIAN_POINT('',(85.439086,-104.5,0.));
#7132=CARTESIAN_POINT('',(89.5,-104.5,0.));
#7133=CARTESIAN_POINT('',(80.609457,-110.794095,0.));
#7134=CARTESIAN_POINT('Origin',(85.439087190721,-109.5000007664,0.));
#7135=CARTESIAN_POINT('',(83.471592,-121.475731,0.));
#7136=CARTESIAN_POINT('',(80.609457,-110.794095,0.));
#7137=CARTESIAN_POINT('',(82.764485,-122.700476,0.));
#7138=CARTESIAN_POINT('Origin',(82.505544690929,-121.7344799621,0.));
#7139=CARTESIAN_POINT('',(47.847054,-132.056574,0.));
#7140=CARTESIAN_POINT('',(82.764485,-122.700476,0.));
#7141=CARTESIAN_POINT('',(46.722209,-131.590648,0.));
#7142=CARTESIAN_POINT('Origin',(47.588189890547,-131.0907561307,0.));
#7143=CARTESIAN_POINT('',(37.589746,-115.772758,0.));
#7144=CARTESIAN_POINT('',(46.722209,-131.590648,0.));
#7145=CARTESIAN_POINT('',(37.955771,-114.406733,0.));
#7146=CARTESIAN_POINT('Origin',(38.455887497404,-115.2727892153,0.));
#7147=CARTESIAN_POINT('',(47.,-109.185045,0.));
#7148=CARTESIAN_POINT('',(37.955771,-114.406733,0.));
#7149=CARTESIAN_POINT('',(49.5,-104.854918,0.));
#7150=CARTESIAN_POINT('Origin',(44.499941375652,-104.8548841342,0.));
#7151=CARTESIAN_POINT('',(49.4999994933605,-101.500713299058,0.));
#7152=CARTESIAN_POINT('',(49.5,-104.854918,0.));
#7153=CARTESIAN_POINT('',(50.5000007525086,-100.5,0.));
#7154=CARTESIAN_POINT('Origin',(50.5000007525086,-101.500001512468,0.));
#7155=CARTESIAN_POINT('',(70.0000000000002,-100.5,0.));
#7156=CARTESIAN_POINT('',(35.0000000000001,-100.5,0.));
#7157=CARTESIAN_POINT('',(71.0000000000002,-99.5,0.));
#7158=CARTESIAN_POINT('Origin',(70.0000000000002,-99.5,0.));
#7159=CARTESIAN_POINT('',(71.0000000000002,-51.4999999999966,0.));
#7160=CARTESIAN_POINT('',(71.0000000000002,-25.2499999999984,0.));
#7161=CARTESIAN_POINT('',(72.0000000000002,-50.4999999999966,0.));
#7162=CARTESIAN_POINT('Origin',(72.0000000000002,-51.4999999999966,0.));
#7163=CARTESIAN_POINT('',(84.25,-50.5,0.));
#7164=CARTESIAN_POINT('',(50.5,-50.5,0.));
#7165=CARTESIAN_POINT('',(85.25,-49.5,0.));
#7166=CARTESIAN_POINT('Origin',(84.250000747075,-49.50000074707,0.));
#7167=CARTESIAN_POINT('',(85.25,-49.,0.));
#7168=CARTESIAN_POINT('',(85.25,-49.5,0.));
#7169=CARTESIAN_POINT('',(86.25,-48.,0.));
#7170=CARTESIAN_POINT('Origin',(86.249999252925,-48.99999925292,0.));
#7171=CARTESIAN_POINT('',(86.25,-48.,0.));
#7172=CARTESIAN_POINT('',(145.5,-49.4,0.));
#7173=CARTESIAN_POINT('Origin',(145.5,-50.5,0.));
#7174=CARTESIAN_POINT('',(145.,-59.86,0.));
#7175=CARTESIAN_POINT('Origin',(145.36000150645,-59.86000150645,0.));
#7176=CARTESIAN_POINT('',(145.,-73.14,0.));
#7177=CARTESIAN_POINT('',(145.,-59.86,0.));
#7178=CARTESIAN_POINT('',(145.36,-73.5,0.));
#7179=CARTESIAN_POINT('Origin',(145.36000150645,-73.13999849354,0.));
#7180=CARTESIAN_POINT('',(145.36,-73.5,0.));
#7181=CARTESIAN_POINT('',(127.,-49.86,0.));
#7182=CARTESIAN_POINT('Origin',(127.36000150645,-49.86000150645,0.));
#7183=CARTESIAN_POINT('',(127.,-63.14,0.));
#7184=CARTESIAN_POINT('',(127.,-49.86,0.));
#7185=CARTESIAN_POINT('',(127.36,-63.5,0.));
#7186=CARTESIAN_POINT('Origin',(127.36000150645,-63.13999849354,0.));
#7187=CARTESIAN_POINT('',(127.36,-63.5,0.));
#7188=CARTESIAN_POINT('',(109.,-48.86,0.));
#7189=CARTESIAN_POINT('Origin',(109.36000150645,-48.86000150645,0.));
#7190=CARTESIAN_POINT('',(109.,-62.14,0.));
#7191=CARTESIAN_POINT('',(109.,-48.86,0.));
#7192=CARTESIAN_POINT('',(109.36,-62.5,0.));
#7193=CARTESIAN_POINT('Origin',(109.36000150645,-62.13999849354,0.));
#7194=CARTESIAN_POINT('',(109.36,-62.5,0.));
#7195=CARTESIAN_POINT('',(163.,-72.86,0.));
#7196=CARTESIAN_POINT('Origin',(163.36000150645,-72.86000150645,0.));
#7197=CARTESIAN_POINT('',(163.,-86.14,0.));
#7198=CARTESIAN_POINT('',(163.,-72.86,0.));
#7199=CARTESIAN_POINT('',(163.36,-86.5,0.));
#7200=CARTESIAN_POINT('Origin',(163.36000150645,-86.13999849354,0.));
#7201=CARTESIAN_POINT('',(163.36,-86.5,0.));
#7202=CARTESIAN_POINT('',(145.,-76.86,0.));
#7203=CARTESIAN_POINT('Origin',(145.36000150645,-76.86000150645,0.));
#7204=CARTESIAN_POINT('',(145.,-90.14,0.));
#7205=CARTESIAN_POINT('',(145.,-76.86,0.));
#7206=CARTESIAN_POINT('',(145.36,-90.5,0.));
#7207=CARTESIAN_POINT('Origin',(145.36000150645,-90.13999849354,0.));
#7208=CARTESIAN_POINT('',(145.36,-90.5,0.));
#7209=CARTESIAN_POINT('',(127.,-66.86,0.));
#7210=CARTESIAN_POINT('Origin',(127.36000150645,-66.86000150645,0.));
#7211=CARTESIAN_POINT('',(127.,-80.14,0.));
#7212=CARTESIAN_POINT('',(127.,-66.86,0.));
#7213=CARTESIAN_POINT('',(127.36,-80.5,0.));
#7214=CARTESIAN_POINT('Origin',(127.36000150645,-80.13999849354,0.));
#7215=CARTESIAN_POINT('',(127.36,-80.5,0.));
#7216=CARTESIAN_POINT('',(109.,-65.86,0.));
#7217=CARTESIAN_POINT('Origin',(109.36000150645,-65.86000150645,0.));
#7218=CARTESIAN_POINT('',(109.,-79.14,0.));
#7219=CARTESIAN_POINT('',(109.,-65.86,0.));
#7220=CARTESIAN_POINT('',(109.36,-79.5,0.));
#7221=CARTESIAN_POINT('Origin',(109.36000150645,-79.13999849354,0.));
#7222=CARTESIAN_POINT('',(109.36,-79.5,0.));
#7223=CARTESIAN_POINT('',(88.,-49.65,0.));
#7224=CARTESIAN_POINT('Origin',(88.,-50.75,0.));
#7225=CARTESIAN_POINT('',(91.,-51.86,0.));
#7226=CARTESIAN_POINT('Origin',(91.360001506451,-51.86000150645,0.));
#7227=CARTESIAN_POINT('',(91.,-65.14,0.));
#7228=CARTESIAN_POINT('',(91.,-51.86,0.));
#7229=CARTESIAN_POINT('',(91.36,-65.5,0.));
#7230=CARTESIAN_POINT('Origin',(91.360001506451,-65.13999849354,0.));
#7231=CARTESIAN_POINT('',(91.36,-65.5,0.));
#7232=CARTESIAN_POINT('',(73.,-53.86,0.));
#7233=CARTESIAN_POINT('Origin',(73.360001506451,-53.86000150645,0.));
#7234=CARTESIAN_POINT('',(73.,-67.14,0.));
#7235=CARTESIAN_POINT('',(73.,-53.86,0.));
#7236=CARTESIAN_POINT('',(73.36,-67.5,0.));
#7237=CARTESIAN_POINT('Origin',(73.360001506451,-67.13999849354,0.));
#7238=CARTESIAN_POINT('',(73.36,-67.5,0.));
#7239=CARTESIAN_POINT('',(91.,-68.86,0.));
#7240=CARTESIAN_POINT('Origin',(91.360001506451,-68.86000150645,0.));
#7241=CARTESIAN_POINT('',(91.,-82.14,0.));
#7242=CARTESIAN_POINT('',(91.,-68.86,0.));
#7243=CARTESIAN_POINT('',(91.36,-82.5,0.));
#7244=CARTESIAN_POINT('Origin',(91.360001506451,-82.13999849354,0.));
#7245=CARTESIAN_POINT('',(91.36,-82.5,0.));
#7246=CARTESIAN_POINT('',(73.,-70.86,0.));
#7247=CARTESIAN_POINT('Origin',(73.360001506451,-70.86000150645,0.));
#7248=CARTESIAN_POINT('',(73.,-84.14,0.));
#7249=CARTESIAN_POINT('',(73.,-70.86,0.));
#7250=CARTESIAN_POINT('',(73.36,-84.5,0.));
#7251=CARTESIAN_POINT('Origin',(73.360001506451,-84.13999849354,0.));
#7252=CARTESIAN_POINT('',(73.36,-84.5,0.));
#7253=CARTESIAN_POINT('',(163.,-89.86,0.));
#7254=CARTESIAN_POINT('Origin',(163.36000150645,-89.86000150645,0.));
#7255=CARTESIAN_POINT('',(163.,-103.14,0.));
#7256=CARTESIAN_POINT('',(163.,-89.86,0.));
#7257=CARTESIAN_POINT('',(163.36,-103.5,0.));
#7258=CARTESIAN_POINT('Origin',(163.36000150645,-103.1399984935,0.));
#7259=CARTESIAN_POINT('',(163.36,-103.5,0.));
#7260=CARTESIAN_POINT('',(163.5,-106.4,0.));
#7261=CARTESIAN_POINT('Origin',(163.5,-107.5,0.));
#7262=CARTESIAN_POINT('',(145.,-93.86,0.));
#7263=CARTESIAN_POINT('Origin',(145.36000150645,-93.86000150645,0.));
#7264=CARTESIAN_POINT('',(145.,-107.14,0.));
#7265=CARTESIAN_POINT('',(145.,-93.86,0.));
#7266=CARTESIAN_POINT('',(145.36,-107.5,0.));
#7267=CARTESIAN_POINT('Origin',(145.36000150645,-107.1399984935,0.));
#7268=CARTESIAN_POINT('',(145.36,-107.5,0.));
#7269=CARTESIAN_POINT('',(127.,-83.86,0.));
#7270=CARTESIAN_POINT('Origin',(127.36000150645,-83.86000150645,0.));
#7271=CARTESIAN_POINT('',(127.,-97.14,0.));
#7272=CARTESIAN_POINT('',(127.,-83.86,0.));
#7273=CARTESIAN_POINT('',(127.36,-97.5,0.));
#7274=CARTESIAN_POINT('Origin',(127.36000150645,-97.13999849354,0.));
#7275=CARTESIAN_POINT('',(127.36,-97.5,0.));
#7276=CARTESIAN_POINT('',(109.,-82.86,0.));
#7277=CARTESIAN_POINT('Origin',(109.36000150645,-82.86000150645,0.));
#7278=CARTESIAN_POINT('',(109.,-96.14,0.));
#7279=CARTESIAN_POINT('',(109.,-82.86,0.));
#7280=CARTESIAN_POINT('',(109.36,-96.5,0.));
#7281=CARTESIAN_POINT('Origin',(109.36000150645,-96.13999849354,0.));
#7282=CARTESIAN_POINT('',(109.36,-96.5,0.));
#7283=CARTESIAN_POINT('',(137.5,-106.4,0.));
#7284=CARTESIAN_POINT('Origin',(137.5,-107.5,0.));
#7285=CARTESIAN_POINT('',(91.,-85.86,0.));
#7286=CARTESIAN_POINT('Origin',(91.360001506451,-85.86000150645,0.));
#7287=CARTESIAN_POINT('',(91.,-99.14,0.));
#7288=CARTESIAN_POINT('',(91.,-85.86,0.));
#7289=CARTESIAN_POINT('',(91.36,-99.5,0.));
#7290=CARTESIAN_POINT('Origin',(91.360001506451,-99.13999849354,0.));
#7291=CARTESIAN_POINT('',(91.36,-99.5,0.));
#7292=CARTESIAN_POINT('',(73.,-87.86,0.));
#7293=CARTESIAN_POINT('Origin',(73.360001506451,-87.86000150645,0.));
#7294=CARTESIAN_POINT('',(73.,-101.14,0.));
#7295=CARTESIAN_POINT('',(73.,-87.86,0.));
#7296=CARTESIAN_POINT('',(73.36,-101.5,0.));
#7297=CARTESIAN_POINT('Origin',(73.360001506451,-101.1399984935,0.));
#7298=CARTESIAN_POINT('',(73.36,-101.5,0.));
#7299=CARTESIAN_POINT('',(58.,-106.4,0.));
#7300=CARTESIAN_POINT('Origin',(58.,-107.5,0.));
#7301=CARTESIAN_POINT('',(75.602014,-107.019961,0.));
#7302=CARTESIAN_POINT('Origin',(75.695189212077,-107.3676936326,0.));
#7303=CARTESIAN_POINT('',(62.774519,-110.457078,0.));
#7304=CARTESIAN_POINT('',(75.602014,-107.019961,0.));
#7305=CARTESIAN_POINT('',(62.519961,-110.897986,0.));
#7306=CARTESIAN_POINT('Origin',(62.867693632672,-110.8048107879,0.));
#7307=CARTESIAN_POINT('',(62.519961,-110.897986,0.));
#7308=CARTESIAN_POINT('',(53.250409,-109.617822,0.));
#7309=CARTESIAN_POINT('Origin',(53.430407807947,-109.9295954488,0.));
#7310=CARTESIAN_POINT('',(41.749591,-116.257822,0.));
#7311=CARTESIAN_POINT('',(53.250409,-109.617822,0.));
#7312=CARTESIAN_POINT('',(41.617822,-116.749591,0.));
#7313=CARTESIAN_POINT('Origin',(41.929595448808,-116.569592192,0.));
#7314=CARTESIAN_POINT('',(41.617822,-116.749591,0.));
#7315=CARTESIAN_POINT('Origin',(72.0000000000002,-51.4999999999966,1.6));
#7316=CARTESIAN_POINT('',(72.0000000000002,-50.5,1.6));
#7317=CARTESIAN_POINT('',(71.0000000000002,-51.4999999999966,1.6));
#7318=CARTESIAN_POINT('Origin',(50.5000007525086,-101.500001512468,1.6));
#7319=CARTESIAN_POINT('',(50.5000007525086,-100.5,1.6));
#7320=CARTESIAN_POINT('',(49.5,-101.500001512468,1.6));
#7321=CARTESIAN_POINT('Origin',(71.0000000000002,-50.4999999999968,1.6));
#7322=CARTESIAN_POINT('',(71.0000000000002,-99.5,1.6));
#7323=CARTESIAN_POINT('Origin',(49.5,-104.854918,0.));
#7324=CARTESIAN_POINT('',(49.5,-104.854918,0.));
#7325=CARTESIAN_POINT('Origin',(70.0000000000002,-99.5,1.6));
#7326=CARTESIAN_POINT('',(70.0000000000002,-100.5,1.6));
#7327=CARTESIAN_POINT('Origin',(70.0000000000002,-100.5,1.6));
#7328=CARTESIAN_POINT('Origin',(50.5,-50.5,0.));
#7329=CARTESIAN_POINT('',(84.25,-50.5,0.));
#7330=CARTESIAN_POINT('Origin',(86.25,-48.,0.));
#7331=CARTESIAN_POINT('',(86.25,-48.,0.));
#7332=CARTESIAN_POINT('Origin',(86.249999252925,-48.99999925292,0.));
#7333=CARTESIAN_POINT('',(85.25,-49.,0.));
#7334=CARTESIAN_POINT('Origin',(85.25,-49.5,0.));
#7335=CARTESIAN_POINT('',(85.25,-49.5,0.));
#7336=CARTESIAN_POINT('Origin',(84.250000747075,-49.50000074707,0.));
#7337=CARTESIAN_POINT('Origin',(44.499941375652,-104.8548841342,0.));
#7338=CARTESIAN_POINT('',(47.,-109.185045,0.));
#7339=CARTESIAN_POINT('Origin',(37.955771,-114.406733,0.));
#7340=CARTESIAN_POINT('',(37.955771,-114.406733,0.));
#7341=CARTESIAN_POINT('Origin',(38.455887497404,-115.2727892153,0.));
#7342=CARTESIAN_POINT('',(37.589746,-115.772758,0.));
#7343=CARTESIAN_POINT('Origin',(46.722209,-131.590648,0.));
#7344=CARTESIAN_POINT('',(46.722209,-131.590648,0.));
#7345=CARTESIAN_POINT('Origin',(47.588189890547,-131.0907561307,0.));
#7346=CARTESIAN_POINT('',(47.847054,-132.056574,0.));
#7347=CARTESIAN_POINT('Origin',(82.764485,-122.700476,0.));
#7348=CARTESIAN_POINT('',(82.764485,-122.700476,0.));
#7349=CARTESIAN_POINT('Origin',(82.505544690929,-121.7344799621,0.));
#7350=CARTESIAN_POINT('',(83.471592,-121.475731,0.));
#7351=CARTESIAN_POINT('Origin',(80.609457,-110.794095,0.));
#7352=CARTESIAN_POINT('',(80.609457,-110.794095,0.));
#7353=CARTESIAN_POINT('Origin',(85.439087190721,-109.5000007664,0.));
#7354=CARTESIAN_POINT('',(85.439086,-104.5,0.));
#7355=CARTESIAN_POINT('Origin',(89.5,-104.5,0.));
#7356=CARTESIAN_POINT('',(89.5,-104.5,0.));
#7357=CARTESIAN_POINT('Origin',(89.500000747075,-103.500000747,0.));
#7358=CARTESIAN_POINT('',(90.5,-103.5,0.));
#7359=CARTESIAN_POINT('Origin',(91.499999252925,-103.4999992529,0.));
#7360=CARTESIAN_POINT('',(91.5,-102.5,0.));
#7361=CARTESIAN_POINT('Origin',(125.,-102.5,0.));
#7362=CARTESIAN_POINT('',(125.,-102.5,0.));
#7363=CARTESIAN_POINT('Origin',(125.00000074707,-103.4999992529,0.));
#7364=CARTESIAN_POINT('Origin',(53.430407807947,-109.9295954488,0.));
#7365=CARTESIAN_POINT('',(53.250409,-109.617822,0.));
#7366=CARTESIAN_POINT('Origin',(53.250409,-109.617822,0.));
#7367=CARTESIAN_POINT('',(41.749591,-116.257822,0.));
#7368=CARTESIAN_POINT('Origin',(41.929595448808,-116.569592192,0.));
#7369=CARTESIAN_POINT('',(41.617822,-116.749591,0.));
#7370=CARTESIAN_POINT('Origin',(41.617822,-116.749591,0.));
#7371=CARTESIAN_POINT('Origin',(75.695189212077,-107.3676936326,0.));
#7372=CARTESIAN_POINT('',(75.602014,-107.019961,0.));
#7373=CARTESIAN_POINT('Origin',(75.602014,-107.019961,0.));
#7374=CARTESIAN_POINT('',(62.774519,-110.457078,0.));
#7375=CARTESIAN_POINT('Origin',(62.867693632672,-110.8048107879,0.));
#7376=CARTESIAN_POINT('',(62.519961,-110.897986,0.));
#7377=CARTESIAN_POINT('Origin',(62.519961,-110.897986,0.));
#7378=CARTESIAN_POINT('Origin',(58.,-107.5,-0.046));
#7379=CARTESIAN_POINT('',(58.,-106.4,-0.046));
#7380=CARTESIAN_POINT('Origin',(73.360001506451,-87.86000150645,0.));
#7381=CARTESIAN_POINT('',(73.,-87.86,0.));
#7382=CARTESIAN_POINT('Origin',(73.,-87.86,0.));
#7383=CARTESIAN_POINT('',(73.,-101.14,0.));
#7384=CARTESIAN_POINT('Origin',(73.360001506451,-101.1399984935,0.));
#7385=CARTESIAN_POINT('',(73.36,-101.5,0.));
#7386=CARTESIAN_POINT('Origin',(73.36,-101.5,0.));
#7387=CARTESIAN_POINT('Origin',(91.360001506451,-85.86000150645,0.));
#7388=CARTESIAN_POINT('',(91.,-85.86,0.));
#7389=CARTESIAN_POINT('Origin',(91.,-85.86,0.));
#7390=CARTESIAN_POINT('',(91.,-99.14,0.));
#7391=CARTESIAN_POINT('Origin',(91.360001506451,-99.13999849354,0.));
#7392=CARTESIAN_POINT('',(91.36,-99.5,0.));
#7393=CARTESIAN_POINT('Origin',(91.36,-99.5,0.));
#7394=CARTESIAN_POINT('Origin',(137.5,-107.5,-0.046));
#7395=CARTESIAN_POINT('',(137.5,-106.4,-0.046));
#7396=CARTESIAN_POINT('Origin',(109.36000150645,-82.86000150645,0.));
#7397=CARTESIAN_POINT('',(109.,-82.86,0.));
#7398=CARTESIAN_POINT('Origin',(109.,-82.86,0.));
#7399=CARTESIAN_POINT('',(109.,-96.14,0.));
#7400=CARTESIAN_POINT('Origin',(109.36000150645,-96.13999849354,0.));
#7401=CARTESIAN_POINT('',(109.36,-96.5,0.));
#7402=CARTESIAN_POINT('Origin',(109.36,-96.5,0.));
#7403=CARTESIAN_POINT('Origin',(127.36000150645,-83.86000150645,0.));
#7404=CARTESIAN_POINT('',(127.,-83.86,0.));
#7405=CARTESIAN_POINT('Origin',(127.,-83.86,0.));
#7406=CARTESIAN_POINT('',(127.,-97.14,0.));
#7407=CARTESIAN_POINT('Origin',(127.36000150645,-97.13999849354,0.));
#7408=CARTESIAN_POINT('',(127.36,-97.5,0.));
#7409=CARTESIAN_POINT('Origin',(127.36,-97.5,0.));
#7410=CARTESIAN_POINT('Origin',(145.36000150645,-93.86000150645,0.));
#7411=CARTESIAN_POINT('',(145.,-93.86,0.));
#7412=CARTESIAN_POINT('Origin',(145.,-93.86,0.));
#7413=CARTESIAN_POINT('',(145.,-107.14,0.));
#7414=CARTESIAN_POINT('Origin',(145.36000150645,-107.1399984935,0.));
#7415=CARTESIAN_POINT('',(145.36,-107.5,0.));
#7416=CARTESIAN_POINT('Origin',(145.36,-107.5,0.));
#7417=CARTESIAN_POINT('Origin',(163.5,-107.5,-0.046));
#7418=CARTESIAN_POINT('',(163.5,-106.4,-0.046));
#7419=CARTESIAN_POINT('Origin',(163.36000150645,-89.86000150645,0.));
#7420=CARTESIAN_POINT('',(163.,-89.86,0.));
#7421=CARTESIAN_POINT('Origin',(163.,-89.86,0.));
#7422=CARTESIAN_POINT('',(163.,-103.14,0.));
#7423=CARTESIAN_POINT('Origin',(163.36000150645,-103.1399984935,0.));
#7424=CARTESIAN_POINT('',(163.36,-103.5,0.));
#7425=CARTESIAN_POINT('Origin',(163.36,-103.5,0.));
#7426=CARTESIAN_POINT('Origin',(73.360001506451,-70.86000150645,0.));
#7427=CARTESIAN_POINT('',(73.,-70.86,0.));
#7428=CARTESIAN_POINT('Origin',(73.,-70.86,0.));
#7429=CARTESIAN_POINT('',(73.,-84.14,0.));
#7430=CARTESIAN_POINT('Origin',(73.360001506451,-84.13999849354,0.));
#7431=CARTESIAN_POINT('',(73.36,-84.5,0.));
#7432=CARTESIAN_POINT('Origin',(73.36,-84.5,0.));
#7433=CARTESIAN_POINT('Origin',(91.360001506451,-68.86000150645,0.));
#7434=CARTESIAN_POINT('',(91.,-68.86,0.));
#7435=CARTESIAN_POINT('Origin',(91.,-68.86,0.));
#7436=CARTESIAN_POINT('',(91.,-82.14,0.));
#7437=CARTESIAN_POINT('Origin',(91.360001506451,-82.13999849354,0.));
#7438=CARTESIAN_POINT('',(91.36,-82.5,0.));
#7439=CARTESIAN_POINT('Origin',(91.36,-82.5,0.));
#7440=CARTESIAN_POINT('Origin',(73.360001506451,-53.86000150645,0.));
#7441=CARTESIAN_POINT('',(73.,-53.86,0.));
#7442=CARTESIAN_POINT('Origin',(73.,-53.86,0.));
#7443=CARTESIAN_POINT('',(73.,-67.14,0.));
#7444=CARTESIAN_POINT('Origin',(73.360001506451,-67.13999849354,0.));
#7445=CARTESIAN_POINT('',(73.36,-67.5,0.));
#7446=CARTESIAN_POINT('Origin',(73.36,-67.5,0.));
#7447=CARTESIAN_POINT('Origin',(91.360001506451,-51.86000150645,0.));
#7448=CARTESIAN_POINT('',(91.,-51.86,0.));
#7449=CARTESIAN_POINT('Origin',(91.,-51.86,0.));
#7450=CARTESIAN_POINT('',(91.,-65.14,0.));
#7451=CARTESIAN_POINT('Origin',(91.360001506451,-65.13999849354,0.));
#7452=CARTESIAN_POINT('',(91.36,-65.5,0.));
#7453=CARTESIAN_POINT('Origin',(91.36,-65.5,0.));
#7454=CARTESIAN_POINT('Origin',(88.,-50.75,-0.046));
#7455=CARTESIAN_POINT('',(88.,-49.65,-0.046));
#7456=CARTESIAN_POINT('Origin',(109.36000150645,-65.86000150645,0.));
#7457=CARTESIAN_POINT('',(109.,-65.86,0.));
#7458=CARTESIAN_POINT('Origin',(109.,-65.86,0.));
#7459=CARTESIAN_POINT('',(109.,-79.14,0.));
#7460=CARTESIAN_POINT('Origin',(109.36000150645,-79.13999849354,0.));
#7461=CARTESIAN_POINT('',(109.36,-79.5,0.));
#7462=CARTESIAN_POINT('Origin',(109.36,-79.5,0.));
#7463=CARTESIAN_POINT('Origin',(127.36000150645,-66.86000150645,0.));
#7464=CARTESIAN_POINT('',(127.,-66.86,0.));
#7465=CARTESIAN_POINT('Origin',(127.,-66.86,0.));
#7466=CARTESIAN_POINT('',(127.,-80.14,0.));
#7467=CARTESIAN_POINT('Origin',(127.36000150645,-80.13999849354,0.));
#7468=CARTESIAN_POINT('',(127.36,-80.5,0.));
#7469=CARTESIAN_POINT('Origin',(127.36,-80.5,0.));
#7470=CARTESIAN_POINT('Origin',(145.36000150645,-76.86000150645,0.));
#7471=CARTESIAN_POINT('',(145.,-76.86,0.));
#7472=CARTESIAN_POINT('Origin',(145.,-76.86,0.));
#7473=CARTESIAN_POINT('',(145.,-90.14,0.));
#7474=CARTESIAN_POINT('Origin',(145.36000150645,-90.13999849354,0.));
#7475=CARTESIAN_POINT('',(145.36,-90.5,0.));
#7476=CARTESIAN_POINT('Origin',(145.36,-90.5,0.));
#7477=CARTESIAN_POINT('Origin',(163.36000150645,-72.86000150645,0.));
#7478=CARTESIAN_POINT('',(163.,-72.86,0.));
#7479=CARTESIAN_POINT('Origin',(163.,-72.86,0.));
#7480=CARTESIAN_POINT('',(163.,-86.14,0.));
#7481=CARTESIAN_POINT('Origin',(163.36000150645,-86.13999849354,0.));
#7482=CARTESIAN_POINT('',(163.36,-86.5,0.));
#7483=CARTESIAN_POINT('Origin',(163.36,-86.5,0.));
#7484=CARTESIAN_POINT('Origin',(109.36000150645,-48.86000150645,0.));
#7485=CARTESIAN_POINT('',(109.,-48.86,0.));
#7486=CARTESIAN_POINT('Origin',(109.,-48.86,0.));
#7487=CARTESIAN_POINT('',(109.,-62.14,0.));
#7488=CARTESIAN_POINT('Origin',(109.36000150645,-62.13999849354,0.));
#7489=CARTESIAN_POINT('',(109.36,-62.5,0.));
#7490=CARTESIAN_POINT('Origin',(109.36,-62.5,0.));
#7491=CARTESIAN_POINT('Origin',(127.36000150645,-49.86000150645,0.));
#7492=CARTESIAN_POINT('',(127.,-49.86,0.));
#7493=CARTESIAN_POINT('Origin',(127.,-49.86,0.));
#7494=CARTESIAN_POINT('',(127.,-63.14,0.));
#7495=CARTESIAN_POINT('Origin',(127.36000150645,-63.13999849354,0.));
#7496=CARTESIAN_POINT('',(127.36,-63.5,0.));
#7497=CARTESIAN_POINT('Origin',(127.36,-63.5,0.));
#7498=CARTESIAN_POINT('Origin',(145.36000150645,-59.86000150645,0.));
#7499=CARTESIAN_POINT('',(145.,-59.86,0.));
#7500=CARTESIAN_POINT('Origin',(145.,-59.86,0.));
#7501=CARTESIAN_POINT('',(145.,-73.14,0.));
#7502=CARTESIAN_POINT('Origin',(145.36000150645,-73.13999849354,0.));
#7503=CARTESIAN_POINT('',(145.36,-73.5,0.));
#7504=CARTESIAN_POINT('Origin',(145.36,-73.5,0.));
#7505=CARTESIAN_POINT('Origin',(145.5,-50.5,-0.046));
#7506=CARTESIAN_POINT('',(145.5,-49.4,-0.046));
#7507=CARTESIAN_POINT('',(0.,0.,0.));
#7508=UNCERTAINTY_MEASURE_WITH_UNIT(LENGTH_MEASURE(0.01),#7514,
'DISTANCE_ACCURACY_VALUE',
'Maximum model space distance between geometric entities at asserted c
onnectivities');
#7509=UNCERTAINTY_MEASURE_WITH_UNIT(LENGTH_MEASURE(0.01),#7514,
'DISTANCE_ACCURACY_VALUE',
'Maximum model space distance between geometric entities at asserted c
onnectivities');
#7510=UNCERTAINTY_MEASURE_WITH_UNIT(LENGTH_MEASURE(0.01),#7514,
'DISTANCE_ACCURACY_VALUE',
'Maximum model space distance between geometric entities at asserted c
onnectivities');
#7511=(
GEOMETRIC_REPRESENTATION_CONTEXT(3)
GLOBAL_UNCERTAINTY_ASSIGNED_CONTEXT((#7508))
GLOBAL_UNIT_ASSIGNED_CONTEXT((#7514,#7516,#7517))
REPRESENTATION_CONTEXT('','3D')
);
#7512=(
GEOMETRIC_REPRESENTATION_CONTEXT(3)
GLOBAL_UNCERTAINTY_ASSIGNED_CONTEXT((#7509))
GLOBAL_UNIT_ASSIGNED_CONTEXT((#7514,#7516,#7517))
REPRESENTATION_CONTEXT('','3D')
);
#7513=(
GEOMETRIC_REPRESENTATION_CONTEXT(3)
GLOBAL_UNCERTAINTY_ASSIGNED_CONTEXT((#7510))
GLOBAL_UNIT_ASSIGNED_CONTEXT((#7514,#7516,#7517))
REPRESENTATION_CONTEXT('','3D')
);
#7514=(
LENGTH_UNIT()
NAMED_UNIT(*)
SI_UNIT(.MILLI.,.METRE.)
);
#7515=(
LENGTH_UNIT()
NAMED_UNIT(*)
SI_UNIT($,.METRE.)
);
#7516=(
NAMED_UNIT(*)
PLANE_ANGLE_UNIT()
SI_UNIT($,.RADIAN.)
);
#7517=(
NAMED_UNIT(*)
SI_UNIT($,.STERADIAN.)
SOLID_ANGLE_UNIT()
);
#7518=SHAPE_DEFINITION_REPRESENTATION(#7520,#7523);
#7519=SHAPE_DEFINITION_REPRESENTATION(#7521,#7524);
#7520=PRODUCT_DEFINITION_SHAPE('',$,#7526);
#7521=PRODUCT_DEFINITION_SHAPE('',$,#7527);
#7522=PRODUCT_DEFINITION_SHAPE($,$,#14);
#7523=SHAPE_REPRESENTATION('',(#4448,#4892),#7511);
#7524=SHAPE_REPRESENTATION('',(#4449),#7512);
#7525=PRODUCT_DEFINITION_CONTEXT('part definition',#7533,'design');
#7526=PRODUCT_DEFINITION('reel_right_top 1','reel_right_top',#7528,#7525);
#7527=PRODUCT_DEFINITION('reel-right-top_PCB','reel-right-top_PCB',#7529,
#7525);
#7528=PRODUCT_DEFINITION_FORMATION('',$,#7535);
#7529=PRODUCT_DEFINITION_FORMATION('',$,#7536);
#7530=PRODUCT_RELATED_PRODUCT_CATEGORY('reel_right_top',
'reel_right_top',(#7535));
#7531=PRODUCT_RELATED_PRODUCT_CATEGORY('reel-right-top_PCB',
'reel-right-top_PCB',(#7536));
#7532=APPLICATION_PROTOCOL_DEFINITION('international standard',
'automotive_design',2009,#7533);
#7533=APPLICATION_CONTEXT(
'Core Data for Automotive Mechanical Design Process');
#7534=PRODUCT_CONTEXT('part definition',#7533,'mechanical');
#7535=PRODUCT('reel_right_top 1','reel_right_top',
'KiCad electronic assembly',(#7534));
#7536=PRODUCT('reel-right-top_PCB','reel-right-top_PCB',$,(#7534));
#7537=PRESENTATION_STYLE_ASSIGNMENT((#7539));
#7538=PRESENTATION_STYLE_ASSIGNMENT((#7540));
#7539=SURFACE_STYLE_USAGE(.BOTH.,#7541);
#7540=SURFACE_STYLE_USAGE(.BOTH.,#7542);
#7541=SURFACE_SIDE_STYLE('',(#7543));
#7542=SURFACE_SIDE_STYLE('',(#7544));
#7543=SURFACE_STYLE_FILL_AREA(#7545);
#7544=SURFACE_STYLE_FILL_AREA(#7546);
#7545=FILL_AREA_STYLE('\X2\92FC\X0\ - \X2\30B530C630F3\X0\',(#7547));
#7546=FILL_AREA_STYLE('Opaque(80,124,105)',(#7548));
#7547=FILL_AREA_STYLE_COLOUR('\X2\92FC\X0\ - \X2\30B530C630F3\X0\',#7549);
#7548=FILL_AREA_STYLE_COLOUR('Opaque(80,124,105)',#7550);
#7549=COLOUR_RGB('\X2\92FC\X0\ - \X2\30B530C630F3\X0\',0.627450980392157,
0.627450980392157,0.627450980392157);
#7550=COLOUR_RGB('Opaque(80,124,105)',0.313725490196078,0.486274509803922,
0.411764705882353);
ENDSEC;
END-ISO-10303-21;
